
# Elliptic curves downloaded from the LMFDB on 09 December 2025.
# Search link: https://www.lmfdb.org/EllipticCurve/Q/?rank=3&showcol=mwgens&hidecol=lmfdb_iso.rank.torsion_structure.cm_discriminant
# Query "{'rank': 3}" was limited to 10000/37334 curves, sorted by conductor.

# Each entry in the following data list has the form:
#    [Label, Conductor, Weierstrass equation, MW-generators]
# For more details, see the definitions at the bottom of the file.



"5077.a1"	5077	[0, 0, 1, -7, 6]	[[1, 0], [2, 0], [0, 2]]
"11197.a1"	11197	[1, -1, 1, -6, 0]	[[0, 0], [-1, 2], [-2, 1]]
"11642.a1"	11642	[1, -1, 0, -16, 28]	[[2, 0], [3, -1], [4, 2]]
"12279.a1"	12279	[0, -1, 1, -10, 12]	[[1, 1], [4, 4], [-2, 4]]
"13766.a1"	13766	[1, 0, 1, -23, 42]	[[3, 0], [-1, 8], [2, 1]]
"16811.a1"	16811	[0, 0, 1, -1, 6]	[[0, 2], [1, 2], [-2, 0]]
"18097.a1"	18097	[1, 1, 1, -10, 6]	[[2, -1], [0, 2], [3, 2]]
"18562.a1"	18562	[1, 0, 1, -20, 30]	[[3, -3], [2, -2], [-1, 7]]
"18745.a1"	18745	[0, 1, 1, -146, 636]	[[9, 11], [7, 2], [58/3, 44/3]]
"20888.a1"	20888	[0, 0, 0, -52, 100]	[[-6, 14], [8, 14], [1, 7]]
"21443.a1"	21443	[1, 1, 1, -5, 6]	[[1, 1], [0, 2], [-3, 3]]
"21858.a1"	21858	[1, 1, 0, -32, 60]	[[2, 2], [4, 2], [3, 0]]
"22481.b1"	22481	[1, -1, 1, 6, 2]	[[0, 1], [1, 2], [9, 22]]
"22696.a1"	22696	[0, 1, 0, -105, 379]	[[5, 2], [7, 6], [6, 1]]
"24301.a1"	24301	[1, 0, 0, -44, 109]	[[4, -3], [3, 1], [7, 9]]
"24546.a1"	24546	[1, 1, 0, -39, 81]	[[3, 0], [0, 9], [4, 1]]
"24646.a1"	24646	[1, 0, 1, -13, 12]	[[1, 0], [3, 0], [0, 3]]
"25071.a1"	25071	[0, -1, 1, -24, -16]	[[-3, 4], [6, 4], [-4, 0]]
"25383.a1"	25383	[0, -1, 1, -32, 80]	[[2, 4], [5, 4], [4, 0]]
"25451.c1"	25451	[1, 1, 1, -54, 136]	[[-2, 16], [4, 0], [2, 5]]
"25751.a1"	25751	[1, 0, 0, -39, 94]	[[5, 3], [-6, 14], [-1, 12]]
"26171.a1"	26171	[0, 0, 1, -49, 132]	[[4, 0], [3, 3], [5, 3]]
"26198.a1"	26198	[1, -1, 0, -16, 16]	[[0, 4], [4, 0], [-4, 4]]
"26284.a1"	26284	[0, 1, 0, -9, 16]	[[1, 3], [-1, 5], [3, 5]]
"26743.a1"	26743	[1, 0, 0, 6, -5]	[[1, 1], [2, 3], [5, 10]]
"27262.a1"	27262	[1, -1, 1, -237, 1365]	[[15, 24], [7, 0], [-17, -8]]
"27382.a1"	27382	[1, 0, 1, -10, 0]	[[-1, 3], [3, -1], [0, 0]]
"27448.a1"	27448	[0, 0, 0, -79, 274]	[[5, 2], [3, 8], [7, 8]]
"27584.a1"	27584	[0, 0, 0, -4, 64]	[[2, 8], [-2, 8], [6, 16]]
"27746.a1"	27746	[1, 0, 1, -12, 26]	[[1, 3], [-3, 7], [5, 7]]
"27747.a1"	27747	[0, 0, 1, -327, 2286]	[[8, 13], [11, 4], [41/2, 23/2]]
"27773.a1"	27773	[1, -1, 1, -21, 42]	[[3, -1], [2, 1], [4, 1]]
"27808.a1"	27808	[0, 0, 0, -364, 2656]	[[2, 44], [10, 4], [18, 44]]
"28042.a1"	28042	[1, -1, 0, -19, 49]	[[3, 2], [-4, 9], [10, 23]]
"28498.a1"	28498	[1, -1, 0, -13, 25]	[[2, 1], [0, 5], [4, 3]]
"28571.a1"	28571	[0, -1, 1, -4, 10]	[[1, 2], [2, 2], [-1, 3]]
"29157.a1"	29157	[0, 1, 1, -240, 1190]	[[12, 13], [-15, 40], [-6, 49]]
"30064.a1"	30064	[0, 1, 0, -152, 676]	[[6, 4], [8, 6], [7, 2]]
"30148.a1"	30148	[0, 0, 0, -37, 85]	[[3, 1], [5, 5], [4, 1]]
"30376.a1"	30376	[0, 1, 0, -25, -21]	[[-1, 2], [-5, 2], [-3, 6]]
"30446.c1"	30446	[1, 1, 0, -39, -59]	[[-3, 8], [10, 21], [-5, 9]]
"30487.b1"	30487	[0, 0, 1, -28, -15]	[[9, 21], [-7/2, 39/2], [-3, 6]]
"30767.a1"	30767	[0, 0, 1, -31, 60]	[[5, 5], [-6, 5], [4, 0]]
"30815.a1"	30815	[0, 1, 1, -16, 26]	[[2, 2], [-3, 7], [7, 17]]
"31478.a1"	31478	[1, 0, 1, -5, 12]	[[1, 2], [-1, 4], [-3, 2]]
"31737.a1"	31737	[0, -1, 1, -34, 90]	[[4, 1], [1, 7], [3, 2]]
"31814.a1"	31814	[1, 0, 1, 2, 12]	[[-1, 3], [1, 3], [3, 5]]
"32192.a1"	32192	[0, 0, 0, -52, 160]	[[2, 8], [6, 8], [4, 4]]
"32244.a1"	32244	[0, -1, 0, -30, 81]	[[0, 9], [6, 9], [3, 3]]
"32276.a1"	32276	[0, 1, 0, -17, 16]	[[1, 1], [3, 1], [-3, 7]]
"32336.a1"	32336	[0, 1, 0, -32, 4]	[[-2, 8], [0, 2], [-6, 4]]
"33424.b1"	33424	[0, -1, 0, -312, 2224]	[[12, 8], [10, 2], [9, 8]]
"33428.a1"	33428	[0, 1, 0, -45, 79]	[[1, 6], [5, 2], [9, 22]]
"33509.a1"	33509	[0, 1, 1, -22, 32]	[[2, 0], [3, 1], [1, 3]]
"33609.a1"	33609	[1, 1, 1, -232, 1262]	[[10, 3], [8, -3], [44, 258]]
"33709.a1"	33709	[1, -1, 1, -48, -42]	[[-2, 7], [24, 98], [-4, 10]]
"33914.a1"	33914	[1, 0, 1, -28, 282]	[[25, 111], [-6, 18], [9, 23]]
"34415.a1"	34415	[1, 0, 0, 9, 100]	[[3, 11], [-13/2, 63/2], [28, 136]]
"34862.a1"	34862	[1, -1, 1, -57, 345]	[[7, 12], [-1, 20], [-9, 12]]
"35003.a1"	35003	[0, 1, 1, 18, -18]	[[3, 8], [1, 1], [6, 18]]
"35083.a1"	35083	[0, 1, 1, -4, 8]	[[1, 2], [-1, 3], [2, 3]]
"35234.b1"	35234	[1, 1, 0, -181, 749]	[[-5, 42], [74, 595], [34/3, 265/3]]
"35243.a1"	35243	[1, 0, 0, -22, 21]	[[-1, 7], [12, 33], [5, 4]]
"35882.a1"	35882	[1, -1, 0, -64, 244]	[[13, 32], [2, 10], [-1, 18]]
"36094.b1"	36094	[1, -1, 1, -162, 1185]	[[1, 31], [9, 15], [17, 47]]
"36739.a1"	36739	[1, 1, 1, -14, -24]	[[-2, 1], [-3, 2], [-9/2, 15/2]]
"37229.a1"	37229	[1, 0, 0, -9, 4]	[[0, 2], [-1, 4], [-3, 4]]
"37544.a1"	37544	[0, 1, 0, -177, 1171]	[[11, 26], [63, 494], [-13, 38]]
"38439.a1"	38439	[0, 0, 1, -57, 76]	[[1, 4], [-2, 13], [-8, 4]]
"38600.a1"	38600	[0, 0, 0, -175, 850]	[[5, 10], [-5, 40], [10, 10]]
"38601.a1"	38601	[0, 0, 1, 3, 16]	[[-2, 1], [1, 4], [-1, 3]]
"39023.a1"	39023	[1, -1, 1, -6, 12]	[[2, 1], [0, 3], [3, 2]]
"39077.a1"	39077	[0, 1, 1, -90, 300]	[[5, 0], [6, 3], [2, 11]]
"39289.a1"	39289	[0, 1, 1, -257, 1500]	[[-14, 50], [45/2, 97/2], [76/3, 37/3]]
"39883.a1"	39883	[0, 1, 1, -14, 18]	[[2, 1], [1, 2], [3, 3]]
"40331.a1"	40331	[0, -1, 1, 8, -8]	[[1, 0], [2, 3], [4, 8]]
"40929.a1"	40929	[0, -1, 1, -42, 110]	[[0, 10], [3, 1], [-7, 3]]
"41001.a1"	41001	[0, -1, 1, -134, 644]	[[7, 0], [8, 4], [6, 4]]
"41107.a1"	41107	[0, 1, 1, -82, 182]	[[-2, 18], [35, 203], [13, 38]]
"41406.a1"	41406	[1, 1, 0, -69, 189]	[[6, 3], [3, 3], [5, -3]]
"41775.a1"	41775	[0, -1, 1, -58, 168]	[[7, 7], [2, 7], [-3, 17]]
"41785.a1"	41785	[0, 1, 1, -286, 1766]	[[7, 12], [9, 1], [-18, 37]]
"41933.a1"	41933	[1, 0, 0, -95, 346]	[[3, 8], [5, -4], [46/3, -50/3]]
"42093.a1"	42093	[0, 0, 1, -21, 22]	[[1, 1], [4, 1], [-2, 7]]
"42153.a1"	42153	[0, -1, 1, -6, 20]	[[0, 4], [3, 4], [-3, 1]]
"42190.a1"	42190	[1, 0, 1, -19, 42]	[[1, 4], [-4, 9], [6, 9]]
"42264.a1"	42264	[0, 0, 0, -252, 1620]	[[6, 18], [12, 18], [-6, 54]]
"42384.a1"	42384	[0, -1, 0, -80, 336]	[[8, 12], [-4, 24], [4, 8]]
"42526.a1"	42526	[1, 0, 1, -78, 272]	[[4, 3], [-7, 25], [1, 13]]
"42528.a1"	42528	[0, -1, 0, -65, 81]	[[-7, 12], [1, 4], [-1, 12]]
"42584.a1"	42584	[0, 1, 0, -44, 112]	[[2, 6], [4, 4], [6, 10]]
"43556.a1"	43556	[0, 1, 0, -14, 1]	[[0, 1], [-2, 5], [-4, 3]]
"43669.a1"	43669	[0, 0, 1, -19, 30]	[[2, 0], [3, 0], [1, 3]]
"43730.a1"	43730	[1, -1, 0, -184, 940]	[[11, 7], [6, 2], [1, 27]]
"43976.a1"	43976	[0, 0, 0, -31, 34]	[[1, 2], [5, 2], [-3, 10]]
"44012.a1"	44012	[0, -1, 0, -65, 226]	[[5, 1], [3, 7], [6, 4]]
"44233.a1"	44233	[1, 1, 1, -137, 600]	[[-8, 39], [63, 465], [7, 3]]
"44409.a1"	44409	[1, 1, 1, -45, 96]	[[4, -1], [3, -3], [2, 3]]
"44755.a1"	44755	[0, 1, 1, -410, 3306]	[[5, 37], [-20, 62], [45/2, 121/2]]
"44755.b1"	44755	[0, 1, 1, 9, 0]	[[0, 0], [2, 5], [10, 34]]
"44794.b1"	44794	[1, 0, 0, -155, 721]	[[6, 1], [10, 9], [8, -7]]
"44860.a1"	44860	[0, 0, 0, -28, 73]	[[4, 5], [-6, 5], [-1, 10]]
"44869.a1"	44869	[1, 1, 1, -222, -410]	[[20, 50], [-2, 6], [-43/4, 901/4]]
"45123.a1"	45123	[0, -1, 1, -30, 2]	[[9, 19], [-4, 6], [-3/2, 35/2]]
"45352.a1"	45352	[0, 1, 0, -137, 571]	[[7, 2], [5, 6], [6, 1]]
"45985.a1"	45985	[0, 1, 1, -76, 230]	[[4, 2], [5, 0], [2, 9]]
"46024.a1"	46024	[0, 1, 0, -65, 259]	[[-5, 22], [6, 11], [17, 66]]
"46222.a1"	46222	[1, -1, 0, -61, 193]	[[3, 4], [-8, -7], [14, 37]]
"46307.a1"	46307	[1, 0, 0, -9, -2]	[[-1, 3], [-2, 4], [-3, 2]]
"46462.a1"	46462	[1, 0, 1, -53, 132]	[[6, 3], [-7, 16], [5, -2]]
"46672.a1"	46672	[0, 0, 0, -67, 130]	[[1, 8], [9, 16], [-7, 16]]
"46896.a1"	46896	[0, -1, 0, -72, 144]	[[0, 12], [8, 4], [-8, 12]]
"47087.a1"	47087	[1, -1, 1, -31, 72]	[[3, -3], [4, -1], [-5, 11]]
"47440.a1"	47440	[0, 1, 0, -576, 5140]	[[12, 10], [14, 4], [6, 44]]
"47453.a1"	47453	[0, 0, 1, -19, 42]	[[2, 3], [-5, 3], [9, 24]]
"47696.a1"	47696	[0, 1, 0, -472, 3684]	[[8, 22], [30, 132], [74, 616]]
"47976.a1"	47976	[0, -1, 0, -52, 196]	[[4, 6], [-8, 6], [10, 24]]
"48272.a1"	48272	[0, 0, 0, -19, 226]	[[9, 28], [-5, 14], [2, 14]]
"48434.a1"	48434	[1, 0, 1, -227, 1374]	[[2, 29], [63, 456], [79/3, 112/3]]
"48444.a1"	48444	[0, -1, 0, -170, 921]	[[10, 11], [8, 3], [29/2, 33/2]]
"48734.a1"	48734	[1, 0, 1, -1135, 14742]	[[31, 82], [17, 12], [10, 61]]
"48734.a2"	48734	[1, 0, 1, 45, 110]	[[7, 24], [-1, 8], [63, 472]]
"48746.a1"	48746	[1, 0, 0, -15, 121]	[[-2, 13], [6, 13], [2, 9]]
"48856.a1"	48856	[0, 1, 0, -1465, 21099]	[[29, 62], [23, 10], [21, 6]]
"49183.a1"	49183	[1, 0, 0, -1611, 24754]	[[38, 118], [205/3, -239/3], [22, -2]]
"49259.a1"	49259	[1, -1, 1, 159, -450]	[[4, 13], [66, 509], [24, 117]]
"49411.a1"	49411	[0, 1, 1, -9, 12]	[[2, 2], [0, 3], [4, 7]]
"49626.a1"	49626	[1, -1, 0, -9, 49]	[[2, 5], [-4, 5], [-1, 8]]
"49648.a1"	49648	[0, 0, 0, -2011, 34714]	[[19, 58], [25, 8], [27, 10]]
"49831.a1"	49831	[1, 0, 0, -79, 264]	[[5, -3], [4, 2], [-1, 19]]
"50029.a1"	50029	[0, 1, 1, -30, 60]	[[2, 3], [-5, 10], [9, 24]]
"50121.a1"	50121	[0, 0, 1, -147, 706]	[[7, 4], [4, 13], [16, 49]]
"50360.a1"	50360	[0, 0, 0, -28, 148]	[[4, 10], [-6, 10], [14, 50]]
"50382.b1"	50382	[1, -1, 0, -51, 161]	[[4, 1], [1, 10], [7, 7]]
"50744.a1"	50744	[0, 1, 0, -20, 64]	[[2, 6], [-2, 10], [4, 8]]
"50862.a1"	50862	[1, 1, 0, -172, 820]	[[6, 4], [-8, 46], [34, 172]]
"51034.a1"	51034	[1, -1, 0, -91, -167]	[[31, 146], [-3, -7], [12, 13]]
"51052.a1"	51052	[0, 1, 0, -169, 792]	[[7, 1], [9, 9], [13, 31]]
"51065.a1"	51065	[0, 1, 1, -56, 156]	[[-3, 17], [4, 3], [11, 31]]
"51094.a1"	51094	[1, -1, 0, -1169, 15709]	[[66, 439], [18, 7], [87/2, 31/2]]
"51317.a1"	51317	[1, -1, 1, -9, 204]	[[8, 20], [1, 13], [-17/2, 111/2]]
"51536.a1"	51536	[0, 1, 0, -72, 196]	[[6, 4], [2, 8], [10, 24]]
"51822.a1"	51822	[1, -1, 0, -279, 1849]	[[11, -1], [8, 5], [20, 53]]
"51962.a1"	51962	[1, -1, 0, -31, 73]	[[4, -1], [2, 3], [3, -2]]
"52013.a1"	52013	[1, -1, 1, -33, 90]	[[7, 9], [-6, 9], [4, 1]]
"52158.a1"	52158	[1, 1, 0, -7, 25]	[[-2, 7], [4, 7], [1, 4]]
"52277.b1"	52277	[0, 1, 1, -15, 15]	[[1, 1], [3, 2], [-3, 6]]
"52396.a1"	52396	[0, -1, 0, -532, 4904]	[[14, 2], [10, 22], [17, 22]]
"53022.a1"	53022	[1, 1, 0, -17, -15]	[[-4, 5], [-1, 2], [-2, 5]]
"53083.a1"	53083	[0, 1, 1, -20, 30]	[[2, 1], [3, 2], [1, 3]]
"53122.a1"	53122	[1, -1, 0, 47, -35]	[[2, 7], [18, 71], [34, 183]]
"53237.a1"	53237	[0, 1, 1, -10, -10]	[[-1, 0], [-2, 2], [-3, 1]]
"53238.a1"	53238	[1, 1, 0, -22, 40]	[[4, 4], [-2, -8], [1, 4]]
"53461.a1"	53461	[0, -1, 1, -16, 28]	[[2, 0], [1, 3], [4, 3]]
"53486.b1"	53486	[1, -1, 0, -344, 2544]	[[12, 0], [11, -6], [-4, 64]]
"53916.a1"	53916	[0, -1, 0, -45, 126]	[[3, 3], [5, 1], [6, 6]]
"53926.c1"	53926	[1, 0, 0, -92, 784]	[[-8, 36], [8, 20], [24, 100]]
"53957.a1"	53957	[0, 1, 1, -50, 120]	[[4, 0], [3, 2], [5, 4]]
"54489.b1"	54489	[1, 1, 1, -205, 56]	[[68, 519], [-14, 27], [14, 6]]
"54512.a1"	54512	[0, 0, 0, -91, 346]	[[5, 4], [1, 16], [9, 16]]
"55064.a1"	55064	[0, 1, 0, -19, 30]	[[3, 3], [2, 2], [-1, 7]]
"55783.b1"	55783	[1, 1, 1, -475, 3786]	[[11, 1], [18, 29], [14, 4]]
"55846.a1"	55846	[1, -1, 0, -154, 784]	[[7, 0], [0, 28], [8, 0]]
"55935.a1"	55935	[0, 0, 1, -273, 2178]	[[17, 49], [6, 27], [11, 22]]
"56052.a1"	56052	[0, 0, 0, -72, 225]	[[6, 3], [0, 15], [4, 1]]
"56441.b1"	56441	[1, 1, 1, -55, -144]	[[-4, 7], [-6, 6], [8, -1]]
"56982.a1"	56982	[1, 1, 0, -382, 2740]	[[4, 34], [12, 2], [20, 50]]
"56982.b1"	56982	[1, 1, 0, -11, 81]	[[-4, 11], [5, 11], [14, 47]]
"58397.a1"	58397	[1, 0, 0, -35, 76]	[[3, -2], [4, 0], [1, 6]]
"58739.a1"	58739	[0, 0, 1, -104, 382]	[[38, 226], [1/2, 147/2], [40/3, 62/3]]
"58774.a1"	58774	[1, -1, 0, 2, 16]	[[0, 4], [-2, 2], [2, 4]]
"58939.a1"	58939	[0, 1, 1, 9, 9]	[[-1, 0], [1, 4], [-3/2, 9/2]]
"59111.a1"	59111	[0, -1, 1, 0, 42]	[[0, 6], [13, 45], [-2, 5]]
"59450.a1"	59450	[1, 0, 1, -231, -442]	[[-7, 32], [-4, 22], [51, 322]]
"59450.a2"	59450	[1, 0, 1, -131, 558]	[[3, 12], [6, -4], [8, 2]]
"59614.a1"	59614	[1, 0, 1, -28, 42]	[[1, 3], [5, 3], [-3, 11]]
"59704.b1"	59704	[0, -1, 0, -4, 68]	[[-4, 2], [4, 10], [-2, 8]]
"59936.a1"	59936	[0, 1, 0, -145, 639]	[[7, 4], [5, 8], [-1, 28]]
"60055.b1"	60055	[0, -1, 1, -30, 3306]	[[10, 62], [135, 1562], [-5, 57]]
"60128.a1"	60128	[0, 1, 0, -2, 16]	[[0, 4], [-2, 4], [-3, 2]]
"60215.a1"	60215	[0, 1, 1, 20, 134]	[[1, 12], [-4, 2], [26, 137]]
"60296.a1"	60296	[0, -1, 0, -24, -35]	[[-2, 1], [-3, 1], [-11/2, 13/2]]
"60803.b1"	60803	[0, 1, 1, -65, 195]	[[-5, 20], [21/2, 37/2], [37/3, 89/3]]
"60892.a1"	60892	[0, 0, 0, -1039, 12886]	[[15, 26], [23, 34], [18, 4]]
"61025.a1"	61025	[0, 0, 1, -175, -594]	[[-10, 12], [-5, 12], [20, 62]]
"61075.a1"	61075	[0, 0, 1, -475, 3906]	[[25, 87], [-10, 87], [15, 12]]
"61229.a1"	61229	[0, 0, 1, 53, 1536]	[[-8, 24], [-1, 38], [6, 45]]
"61376.c1"	61376	[0, 1, 0, -145, 399]	[[11, 16], [17, 56], [10, 7]]
"61376.c2"	61376	[0, 1, 0, 415, 3199]	[[-5, 32], [11, 96], [43, 320]]
"61504.a1"	61504	[0, 0, 0, -124, 496]	[[2, 16], [10, 16], [-6, 32]]
"61598.b1"	61598	[1, 0, 1, 35, -120]	[[4, 7], [23, 102], [7, 18]]
"61651.a1"	61651	[1, 0, 0, -12, 19]	[[2, 1], [3, 2], [-1, 6]]
"61672.a1"	61672	[0, 1, 0, -92, 304]	[[6, 2], [4, 4], [8, 12]]
"61805.a1"	61805	[1, 0, 0, -71, 226]	[[6, 2], [1, 12], [3, 5]]
"61826.c1"	61826	[1, 1, 0, -161, 709]	[[9, 5], [-10, 43], [14, 31]]
"61839.a1"	61839	[1, -1, 1, -17, 20]	[[0, 4], [-3, 7], [1, 1]]
"61886.b1"	61886	[1, 1, 0, -1591, 27029]	[[46, 209], [-41, 180], [-706/5, 29837/5]]
"61995.a1"	61995	[0, -1, 1, -26, 32]	[[-4, 7], [1, 2], [6, 7]]
"62078.a1"	62078	[1, -1, 1, -69, 189]	[[7, 0], [-1, 16], [3, 0]]
"62168.b1"	62168	[0, 1, 0, -172, 816]	[[6, 6], [8, 4], [2, 22]]
"62246.a1"	62246	[1, 0, 0, -372, 2704]	[[8, 12], [12, -4], [24, 76]]
"62282.b1"	62282	[1, 0, 1, -30, -28]	[[-4, 7], [7, 7], [-5, 3]]
"62319.b1"	62319	[1, 0, 0, -187, -166]	[[-10, 32], [17, 32], [-13/2, 175/2]]
"62546.a1"	62546	[1, 1, 0, -71, 229]	[[-6, 25], [5, 3], [-10, 13]]
"62576.b1"	62576	[0, -1, 0, -104, -272]	[[-4, 8], [12, 8], [-3, 2]]
"62592.a1"	62592	[0, -1, 0, -57, 9]	[[-3, 12], [9, 12], [-7, 4]]
"62823.a1"	62823	[0, -1, 1, -22, 42]	[[4, 1], [1, 4], [2, 1]]
"63002.a1"	63002	[1, -1, 0, -394, 3124]	[[-4, 70], [13, 2], [100/3, -14/3]]
"63213.a1"	63213	[0, 1, 1, -90, 20]	[[0, 4], [-9, 13], [18, 67]]
"63298.a1"	63298	[1, -1, 1, -129, 657]	[[7, 4], [-1, 28], [-9, 36]]
"63422.f1"	63422	[1, -1, 1, -279, 1839]	[[11, -2], [3, 30], [19, 46]]
"63437.a1"	63437	[1, -1, 1, -93, 30]	[[14, 29], [-1, 11], [87, 759]]
"63447.a1"	63447	[1, 1, 1, -2, 20]	[[0, 4], [-3, 4], [-2, 5]]
"63472.b1"	63472	[0, 1, 0, 56, 372]	[[-2, 16], [14, 64], [4, 26]]
"63574.a1"	63574	[1, -1, 0, -91, 361]	[[4, 5], [6, -5], [-10, 19]]
"63789.b1"	63789	[1, 1, 1, -1934, 40592]	[[4, 179], [48, 223], [246, 3688]]
"63936.a1"	63936	[0, 0, 0, -84, 416]	[[-2, 24], [10, 24], [4, 12]]
"64018.e1"	64018	[1, 0, 0, -362, 1444]	[[-12, 70], [4, 6], [52, 326]]
"64432.a1"	64432	[0, 1, 0, -24, 100]	[[2, 8], [-2, 12], [-6, 8]]
"64522.b1"	64522	[1, 0, 0, 55, 1561]	[[-6, 35], [10, 51], [58, 419]]
"64672.a1"	64672	[0, 1, 0, -102, 364]	[[6, 2], [5, 2], [9, 16]]
"64763.a1"	64763	[0, 0, 1, -1, 12]	[[0, 3], [1, 3], [-2, 2]]
"64776.a1"	64776	[0, -1, 0, -97, 421]	[[7, 6], [1, 18], [5, 6]]
"65122.b1"	65122	[1, -1, 1, -339, 2547]	[[11, 2], [-5, 66], [27, 98]]
"65283.a1"	65283	[1, 0, 0, -370, 2711]	[[11, -4], [14, 11], [47/2, -11/2]]
"65424.a1"	65424	[0, -1, 0, -120, 576]	[[6, 6], [0, 24], [8, 8]]
"65428.a1"	65428	[0, 0, 0, -16, 1]	[[0, 1], [-2, 5], [4, 1]]
"65481.a1"	65481	[1, 1, 1, -234, 1230]	[[4, 17], [10, -1], [55/2, 175/2]]
"65481.a2"	65481	[1, 1, 1, 111, 4956]	[[3, 71], [-12, 51], [66, 519]]
"65509.a1"	65509	[0, -1, 1, -347, 2607]	[[11, 0], [9, 11], [177/4, -33/4]]
"65515.a1"	65515	[1, 0, 0, -220, 1275]	[[15, 30], [10, 5], [-10, 55]]
"65563.a1"	65563	[0, 1, 1, -85, 275]	[[5, 0], [3, 7], [21/2, 5/2]]
"65710.a1"	65710	[1, -1, 0, -40, 100]	[[0, 10], [5, 0], [10, 20]]
"66170.a1"	66170	[1, -1, 0, -100, 436]	[[18, 56], [5, 4], [-8, 30]]
"66387.a1"	66387	[1, 1, 1, -112, 410]	[[5, 0], [6, -5], [23/2, -21/2]]
"66531.a1"	66531	[1, 1, 1, -604, 5462]	[[14, -9], [20, 33], [5, 48]]
"66848.a1"	66848	[0, 0, 0, -13, 4]	[[-1, 4], [-3, 4], [0, 2]]
"66993.a1"	66993	[0, 1, 1, -202, 1042]	[[8, 1], [5, 13], [7, 4]]
"67037.a1"	67037	[1, 0, 0, -65, 196]	[[5, -4], [4, 0], [1, 11]]
"67042.a1"	67042	[1, 0, 0, 6, 100]	[[-4, 6], [0, 10], [-2, 10]]
"67064.a1"	67064	[0, -1, 0, -3004, 64388]	[[8, 202], [32, 2], [28, 38]]
"67119.a1"	67119	[0, 1, 1, -510, 4430]	[[15, 19], [12, 13], [21/2, 347/2]]
"67194.a1"	67194	[1, -1, 0, -81, 81]	[[0, 9], [-6, 21], [-9, 9]]
"67244.a1"	67244	[0, -1, 0, -669, 6889]	[[15, 2], [19, 26], [-9, 110]]
"67302.b1"	67302	[1, -1, 0, -261, 1381]	[[-10, 59], [14, 11], [26, 95]]
"67418.b1"	67418	[1, 1, 0, -124, 464]	[[8, 4], [-8, 36], [7, -3]]
"67484.a1"	67484	[0, 0, 0, -1, 25]	[[1, 5], [-1, 5], [-3, 1]]
"67520.e1"	67520	[0, 0, 0, -532, 5344]	[[18, 40], [38, 200], [-12, 100]]
"67926.a1"	67926	[1, 1, 0, -59, 141]	[[2, 5], [5, -1], [14, 41]]
"68309.a1"	68309	[0, 0, 1, -11, 6]	[[0, 2], [3, 0], [-3, 3]]
"68499.a1"	68499	[0, 0, 1, -459, 3800]	[[12, 4], [3, 49], [30, 130]]
"68594.a1"	68594	[1, 0, 1, -13, 72]	[[3, 6], [-5, 6], [11, 30]]
"68672.a1"	68672	[0, 0, 0, -988, 12016]	[[50, 296], [13, 37], [-24, 148]]
"68751.a1"	68751	[1, -1, 1, -104, -196]	[[-6, 16], [-3, 10], [21, 70]]
"68773.a1"	68773	[0, -1, 1, -296, 2058]	[[-1, 48], [88/3, 35/3], [9, 6]]
"68802.b1"	68802	[1, 0, 1, -173, 812]	[[3, 16], [9, -2], [12, 16]]
"68811.a1"	68811	[0, 1, 1, -102, 380]	[[6, 4], [3, 10], [9, 16]]
"68890.b1"	68890	[1, 0, 1, -1638, 25388]	[[29, 35], [24, -5], [4, 135]]
"68890.b2"	68890	[1, 0, 1, 22, 156]	[[5, 17], [-3, 9], [21, 89]]
"69158.a1"	69158	[1, 0, 0, -582, 5476]	[[12, 10], [-20, 106], [44, 234]]
"69232.a1"	69232	[0, 0, 0, 29, 130]	[[-3, 4], [5, 20], [-1, 10]]
"69309.a1"	69309	[0, 0, 1, -57, -54]	[[11, 25], [-6, 8], [-7/2, 47/2]]
"69321.a1"	69321	[0, -1, 1, -182, 992]	[[14, 31], [7, 3], [0, 31]]
"69359.a1"	69359	[0, 0, 1, -377, 2816]	[[21, 64], [41/2, 39/2], [12, 4]]
"69402.b1"	69402	[1, 1, 0, -71, 201]	[[5, -1], [4, -3], [8, 11]]
"69477.b1"	69477	[1, 1, 1, -7, 20]	[[2, 3], [-4, 0], [5, 9]]
"69668.a1"	69668	[0, 1, 0, -30, 49]	[[2, 1], [4, 3], [0, 7]]
"69850.a1"	69850	[1, -1, 0, -142, 616]	[[-1, 28], [10, 6], [14, 28]]
"69966.a1"	69966	[1, -1, 0, -2664, 52924]	[[62, 320], [23, 47], [27, -2]]
"69966.a2"	69966	[1, -1, 0, -324, -896]	[[23, 47], [20, 8], [32, 128]]
"70022.a1"	70022	[1, -1, 0, -517, -2603]	[[186, 2419], [29, 64], [-6, 19]]
"70363.a1"	70363	[0, 0, 1, -1459, 21450]	[[21, 8], [353/4, -49/4], [-13, 195]]
"70397.a1"	70397	[0, -1, 1, -3418, 78052]	[[35, 8], [32, 20], [298/3, 233/3]]
"70436.a1"	70436	[0, 1, 0, -22, -39]	[[-2, 1], [-4, 1], [-3, 3]]
"70449.a1"	70449	[0, -1, 1, -40, 132]	[[4, 4], [-5, 13], [13, 40]]
"70449.b1"	70449	[0, -1, 1, 82, 1472]	[[20, 103], [2, 40], [113/4, 3073/4]]
"70535.a1"	70535	[1, -1, 1, -18, 6]	[[0, 2], [5, 2], [10, 22]]
"70802.a1"	70802	[1, 1, 0, -21, 25]	[[0, 5], [4, 3], [3, -1]]
"71145.a1"	71145	[0, 0, 1, -2793, 56848]	[[1, 232], [94, 790], [32, 15]]
"71215.a1"	71215	[1, 1, 1, 10, 30]	[[-2, 3], [3, 8], [10, 30]]
"71234.a1"	71234	[1, 0, 1, -301, 1980]	[[10, -6], [9, 0], [39/2, -51/2]]
"71288.a1"	71288	[0, 0, 0, -2119, 34186]	[[-23, 266], [243, 3724], [33, 14]]
"71374.a1"	71374	[1, 1, 0, -57, 145]	[[4, -3], [3, 2], [6, 5]]
"71642.a1"	71642	[1, -1, 0, -58, -140]	[[-4, 6], [-3, 2], [-5, 5]]
"71688.a1"	71688	[0, -1, 0, -65, 261]	[[5, 6], [-1, 18], [-7, 18]]
"72091.a1"	72091	[0, 1, 1, -2, 12]	[[0, 3], [1, 3], [2, 4]]
"72098.a1"	72098	[1, 1, 0, -329, 2209]	[[0, 47], [47, 282], [21, 61]]
"72266.a1"	72266	[1, -1, 0, -13, 1]	[[0, 1], [-2, 5], [4, -1]]
"72379.a1"	72379	[0, 1, 1, -6, 12]	[[0, 3], [2, 3], [-2, 4]]
"72382.a1"	72382	[1, 1, 0, -64, 176]	[[4, 0], [8, 12], [5, 1]]
"72410.a1"	72410	[1, -1, 0, -130, 676]	[[0, 26], [13, 26], [3, 16]]
"72471.a1"	72471	[0, -1, 1, -212, 1070]	[[19, 59], [5, 10], [-2, 38]]
"72578.a1"	72578	[1, -1, 0, -286, 1936]	[[11, 0], [10, -6], [14, 16]]
"72683.a1"	72683	[1, 1, 1, 19, 42]	[[0, 6], [13, 45], [78, 656]]
"72701.a1"	72701	[1, 1, 1, -2, 12]	[[0, 3], [-2, 4], [-3, 2]]
"72751.a1"	72751	[0, 1, 1, -420, 3180]	[[-3, 66], [11, 3], [106/3, 53/3]]
"73132.a1"	73132	[0, 1, 0, -421, 3111]	[[25, 94], [-22, 47], [17, 34]]
"73136.b1"	73136	[0, 1, 0, -112, 564]	[[4, 14], [-10, 28], [-2, 28]]
"73334.b1"	73334	[1, 0, 1, -18, 32]	[[3, 1], [1, 3], [2, 1]]
"73397.a1"	73397	[0, 1, 1, -24, 36]	[[2, 0], [3, 0], [4, 4]]
"73401.a1"	73401	[0, -1, 1, -4, 24]	[[1, 4], [-2, 4], [4, 7]]
"73434.a1"	73434	[1, 1, 0, -19, 1]	[[-2, 7], [4, 1], [0, 1]]
"73931.a1"	73931	[0, -1, 1, -2042, 36222]	[[29, 23], [-18, 258], [27, 6]]
"74015.a1"	74015	[0, -1, 1, 84, 72]	[[13, 56], [4/3, 269/3], [126, 1412]]
"74174.a1"	74174	[1, 0, 1, -83, 282]	[[5, -2], [3, 6], [6, 0]]
"74179.a1"	74179	[0, 0, 1, -97, 276]	[[-4, 24], [3, 3], [-11, 3]]
"74216.a1"	74216	[0, 0, 0, -76, 244]	[[6, 2], [4, 2], [2, 10]]
"74350.a1"	74350	[1, 0, 1, -51, 98]	[[7, 6], [2, 1], [-8, 6]]
"74434.a1"	74434	[1, 1, 0, 8, 20]	[[-2, 2], [2, 6], [-1, 4]]
"74451.a1"	74451	[0, -1, 1, -92, 362]	[[4, 6], [17, 58], [29/2, 35/2]]
"74560.a1"	74560	[0, 0, 0, -508, 4432]	[[6, 40], [14, 8], [12, 8]]
"74639.a1"	74639	[1, 1, 1, -121, 462]	[[6, -3], [5, 1], [52/3, -70/3]]
"74864.a1"	74864	[0, 1, 0, -400, 2964]	[[10, 8], [12, 6], [-6, 72]]
"74921.a1"	74921	[0, -1, 1, -604, -596]	[[47, 269], [-23, 24], [26, 24]]
"74999.a1"	74999	[0, -1, 1, 15, 72]	[[6, 18], [0, 8], [10, 33]]
"75159.b1"	75159	[1, -1, 1, -149, 474]	[[-4, 33], [2, 12], [3, 5]]
"75692.a1"	75692	[0, 0, 0, 8, 25]	[[-2, 1], [0, 5], [2, 7]]
"75729.a1"	75729	[0, -1, 1, -270, 1802]	[[9, 4], [10, 1], [11, 6]]
"75765.a1"	75765	[0, -1, 1, -66, 236]	[[3, 7], [6, 4], [5, 2]]
"75772.a1"	75772	[0, 0, 0, -14872, 698020]	[[12, 722], [69, 19], [164, 1634]]
"75781.a1"	75781	[0, 0, 1, -13, 12]	[[1, 0], [3, 0], [0, 3]]
"76074.a1"	76074	[1, 0, 1, -163, 602]	[[13, 20], [4, 2], [-14, -7]]
"76119.a1"	76119	[0, -1, 1, -50, 152]	[[5, 1], [2, 7], [4, 0]]
"76136.b1"	76136	[0, -1, 0, -44, 100]	[[2, 4], [0, 10], [6, 4]]
"76338.a1"	76338	[1, -1, 0, -51, 233]	[[4, 7], [-2, 19], [-8, 13]]
"76358.c1"	76358	[1, -1, 1, -159, 519]	[[3, 6], [-13, 22], [19, 54]]
"76599.a1"	76599	[1, -1, 1, -104, 434]	[[6, -5], [3, 10], [7, 0]]
"76626.a1"	76626	[1, -1, 0, -429, 3509]	[[22, 55], [10, 7], [14, 3]]
"76644.a1"	76644	[0, 0, 0, -192, 1105]	[[8, 9], [2, 27], [-10, 45]]
"76784.a1"	76784	[0, 0, 0, -1579, 24154]	[[21, 16], [23, 2], [15, 62]]
"76784.c1"	76784	[0, -1, 0, 64, 64]	[[0, 8], [8, 32], [32, 184]]
"76962.c1"	76962	[1, 0, 1, -628, 6062]	[[16, 5], [7, 41], [13, 5]]
"77063.b1"	77063	[0, 0, 1, -104, -175]	[[17, 54], [-3, 10], [11, 3]]
"77336.a1"	77336	[0, 1, 0, -140, 784]	[[0, 28], [14, 42], [7, 14]]
"77346.a1"	77346	[1, -1, 0, 99, 1093]	[[2, 35], [26, 131], [11, 53]]
"77346.b1"	77346	[1, -1, 0, -276, 1836]	[[10, -6], [9, 0], [39/2, -45/2]]
"77496.f1"	77496	[0, 1, 0, -660, 6624]	[[6, 54], [24, 72], [15, 18]]
"77555.b1"	77555	[1, 1, 1, -100, 342]	[[2, 11], [5, -2], [6, -6]]
"77709.a1"	77709	[1, 1, 1, -20, -34]	[[-3, 4], [-2, 2], [-4, 2]]
"77725.a1"	77725	[1, 0, 0, -838, 9417]	[[7, 59], [17, 4], [-8, 129]]
"77790.a1"	77790	[1, 1, 0, -18, 72]	[[6, 12], [-4, 12], [1, 7]]
"78185.a1"	78185	[1, 0, 0, -1, 30]	[[-2, 6], [3, 6], [1, 5]]
"78242.a1"	78242	[1, -1, 0, -3016, 64516]	[[30, 4], [87, 631], [826/5, -716/5]]
"78287.a1"	78287	[1, 1, 1, -74, 210]	[[6, 2], [-5, 24], [10, 19]]
"78344.a1"	78344	[0, 1, 0, -12, 49]	[[-4, 7], [3, 7], [24, 119]]
"78361.a1"	78361	[1, -1, 1, -27, 90]	[[-2, 12], [21, 81], [15/2, 27/2]]
"78830.a1"	78830	[1, 0, 1, -274, 1716]	[[13, 13], [9, -3], [10, -8]]
"78923.a1"	78923	[0, 0, 1, -676, 7140]	[[0, 84], [26, 84], [169/2, 1855/2]]
"79077.a1"	79077	[0, 1, 1, -214, 436]	[[-7, 40], [2, 4], [-16, 4]]
"79110.a1"	79110	[1, -1, 0, -135, 625]	[[5, 5], [8, -7], [20, 65]]
"79198.a1"	79198	[1, 0, 1, -60, 110]	[[7, 3], [0, 10], [14, 38]]
"79317.a1"	79317	[0, 0, 1, -129, 1120]	[[22, 94], [1, 31], [-5, 40]]
"79555.a1"	79555	[1, 0, 0, -361, 2610]	[[11, -6], [13, 6], [10, 0]]
"79675.a1"	79675	[1, 0, 0, 12, 67]	[[-3, 4], [2, 9], [-2, 7]]
"79934.a1"	79934	[1, 1, 0, -59, 169]	[[8, 13], [-9, 13], [15/2, 19/2]]
"80212.a1"	80212	[0, -1, 0, -30, 121]	[[6, 11], [-5, 11], [28, 143]]
"80222.a1"	80222	[1, -1, 0, -16, -12]	[[-2, 4], [-1, 2], [-3, 3]]
"80256.a1"	80256	[0, -1, 0, -835, 9571]	[[18, 7], [9, 52], [26, 69]]
"80256.a2"	80256	[0, -1, 0, -825, 9801]	[[5, 76], [11, 44], [81, 684]]
"80351.a1"	80351	[1, -1, 1, 51, 204]	[[-2, 10], [36, 200], [1, 15]]
"80559.a1"	80559	[1, -1, 1, -86, 240]	[[8, 0], [-1, 18], [-10, 9]]
"80615.a1"	80615	[0, 1, 1, -2620, 50624]	[[56, 287], [109/2, 111/2], [274/3, 44/3]]
"80674.a1"	80674	[1, 1, 0, -10697, 420565]	[[95, 475], [-114, 475], [62, -9]]
"80721.a1"	80721	[1, -1, 1, -113, 618]	[[8, 9], [-1, 27], [26, 108]]
"80913.a1"	80913	[0, -1, 1, -140, 512]	[[-4, 31], [3, 10], [17, 52]]
"80965.a1"	80965	[0, 0, 1, -13, -12]	[[-1, 0], [-2, 2], [-3, 0]]
"81063.a1"	81063	[0, 0, 1, -111, 396]	[[8, 4], [-1, 22], [11, 22]]
"81162.a1"	81162	[1, -1, 0, -96, 368]	[[4, 4], [7, -2], [8, 4]]
"81234.a1"	81234	[1, -1, 0, -198, 1080]	[[12, 12], [6, 6], [-6, 48]]
"81328.b1"	81328	[0, 1, 0, -424, 1236]	[[26, 92], [20, 34], [-22, 20]]
"81328.b2"	81328	[0, 1, 0, 96, 196]	[[2, 20], [6, 32], [-1, 10]]
"81494.b1"	81494	[1, 1, 0, -254, -716]	[[36, 178], [-13, 31], [-68/3, 886/3]]
"81524.a1"	81524	[0, -1, 0, -517, 4694]	[[-7, 89], [61/2, 89/2], [115/3, 89/3]]
"81939.a1"	81939	[0, -1, 1, -280, 2172]	[[21, 71], [-5, 58], [-18, 32]]
"82093.b1"	82093	[1, 1, 1, -45, 106]	[[2, 4], [13, 37], [19/2, 21/2]]
"82146.b1"	82146	[1, 1, 0, -2169, 37989]	[[27, -9], [26, -9], [23, 19]]
"82174.c1"	82174	[1, 0, 0, -1705, 26841]	[[26, 3], [-6, 195], [34, 75]]
"82288.j1"	82288	[0, 0, 0, -419, 6306]	[[113, 1184], [17, 64], [-15, 96]]
"82296.a1"	82296	[0, 0, 0, -207, 1170]	[[9, 6], [3, 24], [7, 8]]
"82480.a1"	82480	[0, 1, 0, -136, 660]	[[2, 20], [12, 30], [7, 10]]
"82538.a1"	82538	[1, 1, 0, -18, 16]	[[0, 4], [1, 0], [-2, 8]]
"82539.b1"	82539	[1, -1, 1, -11, 46]	[[1, 5], [4, 5], [-2, 8]]
"82547.a1"	82547	[0, 0, 1, -1267, 17346]	[[14, 48], [19, 11], [42, 195]]
"82701.a1"	82701	[0, 0, 1, -1809, 29612]	[[24, 4], [15, 76], [105/2, 113/2]]
"82763.a1"	82763	[0, -1, 1, -10, 22]	[[2, 2], [1, 3], [4, 5]]
"82808.a1"	82808	[0, 1, 0, 28, 64]	[[-2, 2], [0, 8], [6, 22]]
"83016.a1"	83016	[0, 0, 0, -39, 1226]	[[-11, 18], [7, 36], [-5, 36]]
"83105.a1"	83105	[1, 0, 0, -3031, 64086]	[[26, 42], [59, 273], [15, 141]]
"83111.b1"	83111	[1, 1, 1, -42, 670]	[[2, 23], [16, 58], [100, 954]]
"83262.b1"	83262	[1, 1, 0, -21, 9]	[[0, 3], [6, 9], [-3, 9]]
"83350.a1"	83350	[1, 1, 0, -400, 2000]	[[-20, 60], [5, 10], [-5, 65]]
"83582.e1"	83582	[1, -1, 0, 430, 1992]	[[6, 66], [236, 3516], [29, 181]]
"83718.a1"	83718	[1, -1, 0, -216, 1156]	[[14, 20], [5, 11], [11, -1]]
"83798.b1"	83798	[1, -1, 1, -972, 12495]	[[13, 37], [-9, 147], [205/3, 823/3]]
"83806.a1"	83806	[1, 0, 1, -52, 114]	[[1, 7], [9, 15], [-7, 15]]
"83876.a1"	83876	[0, 1, 0, -125, 319]	[[-3, 26], [10, 13], [49, 338]]
"83928.a1"	83928	[0, -1, 0, -577, 5509]	[[25, 78], [13, 6], [7, 42]]
"84176.c1"	84176	[0, 0, 0, -59, -134]	[[-3, 4], [-5, 6], [13, 36]]
"84341.a1"	84341	[1, 1, 1, -58, 132]	[[0, 11], [23/2, 19/2], [-3, 18]]
"84470.a1"	84470	[1, 0, 1, -48, 506]	[[-5, 27], [5, 17], [-10, 7]]
"84534.a1"	84534	[1, 1, 0, -421, 85]	[[-3, 38], [-1, 23], [-15, 65]]
"84534.a2"	84534	[1, 1, 0, -301, 1885]	[[2, 35], [9, -2], [11, 2]]
"84650.a1"	84650	[1, -1, 0, -67, -59]	[[-6, 13], [-1, 3], [-2, 9]]
"84746.a1"	84746	[1, 0, 0, -1260, 17296]	[[24, 20], [16, 28], [20, 4]]
"85174.a1"	85174	[1, 0, 1, -56, 6]	[[-7, 11], [9, 11], [25, 107]]
"85222.a1"	85222	[1, 0, 1, -40, 90]	[[3, -3], [4, -2], [2, 3]]
"85295.a1"	85295	[1, 0, 0, -81, 286]	[[5, 1], [-9, 22], [-2, 22]]
"85318.c1"	85318	[1, -1, 1, -282, 345]	[[-15, 39], [1, 7], [-7, 47]]
"85863.a1"	85863	[0, -1, 1, -232, 1440]	[[10, 4], [9, 0], [37/2, -1/2]]
"85970.a1"	85970	[1, 0, 1, -164, 786]	[[8, -7], [13, 23], [5, 7]]
"86007.a1"	86007	[1, 1, 1, -82, 242]	[[8, 9], [-1, 18], [-10, 18]]
"86321.a1"	86321	[1, 0, 0, -36, 79]	[[3, -2], [2, 3], [5, 3]]
"86487.a1"	86487	[0, -1, 1, -198, 2774]	[[17, 63], [144, 1714], [-18, 13]]
"86534.a1"	86534	[1, 0, 1, -110, 480]	[[-3, 29], [5, 5], [13, 29]]
"86611.a1"	86611	[0, 0, 1, -157, 756]	[[8, 3], [7, 0], [6, 5]]
"86786.a1"	86786	[1, 0, 1, -45, 152]	[[-1, 14], [6, 7], [-8, 7]]
"86802.c1"	86802	[1, 1, 0, -1334, 19044]	[[-23, 207], [28, 54], [11, 71]]
"86895.a1"	86895	[0, 0, 1, -63, 344]	[[9, 22], [-6, 22], [3, 13]]
"86903.c1"	86903	[0, 1, 1, 115, -390]	[[6, 23], [100, 1010], [40/3, 395/3]]
"87116.a1"	87116	[0, 1, 0, -174, 841]	[[0, 29], [6, 7], [29/2, 29/2]]
"87130.a1"	87130	[1, -1, 0, -25, 25]	[[0, 5], [5, 0], [-5, 5]]
"87194.a1"	87194	[1, 0, 1, -37, 84]	[[3, 0], [1, 6], [4, 0]]
"87228.a1"	87228	[0, 0, 0, -57, 785]	[[1, 27], [19, 81], [7, 27]]
"87289.a1"	87289	[1, 1, 1, -132, -20]	[[-10, 25], [83/2, 569/2], [-4, 23]]
"87336.a1"	87336	[0, 0, 0, -399, 3314]	[[13, 18], [1, 54], [-23, 18]]
"87398.b1"	87398	[1, 0, 1, 3, 20]	[[-1, 4], [1, 4], [-2, 3]]
"87634.a1"	87634	[1, 0, 1, -4358, 110352]	[[36, 3], [-50, 476], [122, 1121]]
"87763.a1"	87763	[1, -1, 1, -588, -4872]	[[-14, 28], [158, 1877], [28, -8]]
"87837.a1"	87837	[0, -1, 1, -7172, 236912]	[[-26, 636], [-64, 655], [50, 28]]
"87855.c1"	87855	[1, 1, 1, -141, 588]	[[6, -1], [7, -7], [4, 8]]
"87866.b1"	87866	[1, -1, 0, 22, 4]	[[0, 2], [4, 10], [24, 106]]
"87914.d1"	87914	[1, 0, 0, 5, 81]	[[-2, 9], [2, 9], [-4, 3]]
"88022.a1"	88022	[1, 1, 0, -534, 4564]	[[12, 2], [13, -1], [28, 98]]
"88024.a1"	88024	[0, 0, 0, 14, 1]	[[0, 1], [1, 4], [4, 11]]
"88208.b1"	88208	[0, 1, 0, -17448, 881332]	[[78, 32], [-114, 1184], [108, 518]]
"88264.b1"	88264	[0, 0, 0, -199, 1546]	[[53, 374], [9, 22], [-15, 34]]
"88337.a1"	88337	[1, 0, 0, -15, 16]	[[1, 1], [3, -1], [0, 4]]
"88362.b1"	88362	[1, -1, 0, -108, 324]	[[0, 18], [9, 0], [3, 3]]
"88460.a1"	88460	[0, 1, 0, -310, 2025]	[[10, 5], [5, 25], [-10, 65]]
"88492.a1"	88492	[0, 1, 0, -49, 120]	[[3, 3], [5, 5], [4, 2]]
"88502.a1"	88502	[1, 0, 1, -1028, 4692]	[[0, 68], [4, 23], [72, 516]]
"88502.a2"	88502	[1, 0, 1, -838, 9252]	[[19, 7], [15, 3], [-15, 143]]
"88582.a1"	88582	[1, 1, 0, -766, 7904]	[[14, 6], [-25, -98], [43/2, 217/2]]
"88705.b1"	88705	[1, -1, 1, -597, 20946]	[[11, 119], [136, 1494], [-26/3, 4088/3]]
"88754.a1"	88754	[1, -1, 0, -10, 11412]	[[43, 277], [371/2, 6793/2], [-307/4, 4793/4]]
"88765.a1"	88765	[1, -1, 1, 18, 6]	[[1, 4], [6, 14], [4, 9]]
"88883.a1"	88883	[1, -1, 1, 0, 14]	[[-2, 2], [2, 3], [7, 14]]
"88975.a1"	88975	[0, -1, 1, -3, 33]	[[-3, 2], [7, 17], [3, 6]]
"89098.a1"	89098	[1, 1, 0, -83, 301]	[[6, 5], [-10, 21], [38, 213]]
"89294.a1"	89294	[1, -1, 1, -84, 567]	[[5, 13], [-11, 13], [-3, 29]]
"89421.a1"	89421	[1, 1, 1, -1198, 15164]	[[16, 12], [98, 873], [461/4, 3843/4]]
"89428.a1"	89428	[0, 1, 0, 47, 240]	[[17, 79], [-11/2, 79/2], [-5/3, 395/3]]
"89475.a1"	89475	[1, 1, 1, 37, 1406]	[[15, 67], [0, 37], [90, 817]]
"89574.a1"	89574	[1, 1, 0, -31, 85]	[[-2, 13], [2, 5], [10, 25]]
"89576.a1"	89576	[0, -1, 0, -15, 16]	[[1, 1], [-3, 5], [0, 4]]
"89687.b1"	89687	[1, 0, 0, -14, 13]	[[1, 0], [3, -1], [4, 3]]
"89738.a1"	89738	[1, -1, 0, -31, 61]	[[2, 1], [6, 5], [-6, 1]]
"89992.a1"	89992	[0, 0, 0, -31, 226]	[[1, 14], [15, 56], [5, 14]]
"90297.c1"	90297	[0, 0, 1, -114, 412]	[[14, 39], [-23/2, 233/2], [10, 16]]
"90312.h1"	90312	[0, 1, 0, -620, 6864]	[[34, 162], [16, 36], [-20, 108]]
"90459.a1"	90459	[0, 0, 1, -1587, 72076]	[[-23, 310], [23, 218], [31, 229]]
"90568.a1"	90568	[0, 1, 0, -36, -32]	[[-2, 6], [-6, 2], [-4, 8]]
"90644.a1"	90644	[0, 0, 0, 56, 1]	[[8, 31], [2, 11], [1/2, 31/2]]
"90704.a1"	90704	[0, 1, 0, -77, -281]	[[-5, 2], [-6, 1], [10, 7]]
"90840.a1"	90840	[0, -1, 0, -121, 445]	[[13, 30], [3, 10], [-7, 30]]
"90935.a1"	90935	[0, 1, 1, 34, 426]	[[7, 32], [20, 97], [-2/3, 539/3]]
"90953.a1"	90953	[1, -1, 1, -261, -5418]	[[23, 7], [118, 1204], [111/2, 607/2]]
"91031.a1"	91031	[0, 1, 1, -9210, 271050]	[[-13, 623], [93/2, 2113/2], [3728, 227577]]
"91055.a1"	91055	[0, 1, 1, -46, 110]	[[4, 2], [-1, 12], [9, 22]]
"91248.c1"	91248	[0, -1, 0, -112, 256]	[[-8, 24], [16, 48], [0, 16]]
"91270.c1"	91270	[1, 0, 1, -173, 1428]	[[9, 20], [-1, 40], [-11, 50]]
"91341.a1"	91341	[0, 0, 1, -129, 562]	[[7, 1], [4, 10], [10, 16]]
"91388.a1"	91388	[0, 1, 0, 54, 793]	[[14, 67], [4, 33], [-8/3, 737/3]]
"91506.b1"	91506	[1, 1, 0, -481, 3865]	[[13, -2], [12, -7], [11, 2]]
"91607.a1"	91607	[1, 0, 0, -19, -30]	[[-2, 2], [-3, 3], [6, 6]]
"91744.a1"	91744	[0, 1, 0, -1281, 17263]	[[-21, 188], [26, 47], [187/3, 188/3]]
"91775.a1"	91775	[0, 1, 1, -38, 84]	[[3, 2], [-2, 12], [4, 3]]
"91958.a1"	91958	[1, 1, 0, -69, -179]	[[-6, 11], [10, 11], [9, 1]]
"91963.a1"	91963	[0, 0, 1, -11, 20]	[[2, 2], [0, 4], [5, 9]]
"91985.a1"	91985	[0, 0, 1, -367, 2580]	[[8, 12], [-17, 62], [57/2, 121/2]]
"92096.e1"	92096	[0, -1, 0, -41, 169]	[[5, 8], [-3, 16], [3, 8]]
"92144.a1"	92144	[0, 1, 0, -1056, 12916]	[[2, 104], [18, 8], [12, 46]]
"92437.a1"	92437	[0, -1, 1, -24, -36]	[[-2, 0], [-3, 0], [-11/2, 7/2]]
"92437.b1"	92437	[0, -1, 1, -2158, 38530]	[[-35, 264], [34, 57], [-31/4, 13193/4]]
"92480.k1"	92480	[0, 1, 0, -521, 4279]	[[-6, 85], [9, 20], [15, 8]]
"92480.k2"	92480	[0, 1, 0, 159, 15295]	[[27, 200], [2, 125], [-5, 120]]
"92553.b1"	92553	[1, 1, 1, -22, -40]	[[-4, 3], [-2, 0], [-3, 4]]
"92601.a1"	92601	[0, 0, 1, 33, 216]	[[-4, 4], [5, 22], [-1, 13]]
"92651.a1"	92651	[0, -1, 1, -14, 30]	[[2, 2], [3, 2], [0, 5]]
"92869.a1"	92869	[0, -1, 1, -574, 5440]	[[10, 24], [-4, 87], [-11, 101]]
"93087.b1"	93087	[0, 0, 1, -18, -15]	[[-1, 1], [5, 4], [-7/2, 23/2]]
"93376.a1"	93376	[0, 1, 0, -129, 415]	[[3, 8], [-13, 8], [19, 72]]
"93508.a1"	93508	[0, 0, 0, -61, 181]	[[5, 1], [3, 5], [4, 1]]
"93545.b1"	93545	[0, 0, 1, -67, 132]	[[2, 2], [-8, 12], [-3, 17]]
"93783.a1"	93783	[1, 0, 0, -6002, 180009]	[[49, 40], [307, 5071], [67/2, 2255/2]]
"93814.a1"	93814	[1, 1, 0, -196, 980]	[[7, 0], [8, -2], [-7, 49]]
"93904.a1"	93904	[0, 1, 0, -104, 340]	[[2, 12], [10, 20], [4, 2]]
"94064.a1"	94064	[0, 0, 0, -187, 970]	[[9, 4], [7, 2], [1, 28]]
"94259.a1"	94259	[0, -1, 1, -46262, 3848910]	[[180, 1149], [-183, 2480], [621/2, 4957/2]]
"94281.a1"	94281	[0, -1, 1, -154, 3234]	[[-3, 60], [-14, 49], [63, 489]]
"94659.c1"	94659	[0, -1, 1, -63, 380]	[[36, 208], [5/2, 135/2], [0, 19]]
"94715.a1"	94715	[0, 0, 1, -268, -1527]	[[-9, 12], [-11, 9], [-119/4, 443/4]]
"94739.b1"	94739	[1, 0, 1, -4530, 116957]	[[155/2, -161/2], [37, 0], [349/3, -538/3]]
"95134.b1"	95134	[1, 0, 0, -4145, 105961]	[[-54, 443], [10, 251], [42, 59]]
"95227.b1"	95227	[1, 1, 1, -184, 870]	[[6, 2], [-16, 2], [-9/2, 291/2]]
"95323.b1"	95323	[1, -1, 1, -532, 4600]	[[8, 24], [10, 9], [148/3, 40/3]]
"95887.a1"	95887	[0, 1, 1, -100, 350]	[[4, 5], [5, 0], [6, 1]]
"95954.c1"	95954	[1, 1, 0, -190, 932]	[[8, -6], [7, -1], [31/2, -33/2]]
"96153.a1"	96153	[1, 1, 1, -172, 800]	[[8, 0], [7, -2], [23/2, 27/2]]
"96163.a1"	96163	[0, -1, 1, -274, 1666]	[[-7, 56], [13, 11], [163/3, 1286/3]]
"96266.c1"	96266	[1, 0, 0, -145, 681]	[[10, 11], [6, 3], [2, 19]]
"96376.a1"	96376	[0, 0, 0, -367, 2770]	[[13, 14], [-15, 70], [27, 112]]
"96466.a1"	96466	[1, 0, 1, -12, 20]	[[2, 1], [0, 4], [4, 4]]
"96544.b1"	96544	[0, -1, 0, -362, 2776]	[[6, 28], [12, 4], [11, 2]]
"96873.a1"	96873	[1, 1, 1, -1422, 20040]	[[13, 56], [20, 0], [115/2, 385/2]]
"96937.a1"	96937	[1, 1, 1, -170, 996]	[[6, 12], [-14, 36], [-8/3, 913/3]]
"97111.a1"	97111	[1, -1, 1, -541, 4982]	[[24, 61], [47/2, 47/2], [-25, 61]]
"97345.a1"	97345	[1, -1, 1, -927, 10926]	[[26, 49], [1, 99], [79/2, -33/2]]
"97389.a1"	97389	[0, 0, 1, -93, 342]	[[5, 1], [8, 10], [6, 0]]
"97408.a1"	97408	[0, 0, 0, -52, -80]	[[-2, 4], [-6, 4], [-4, 8]]
"97423.a1"	97423	[1, 0, 0, -4, 15]	[[1, 3], [2, 3], [-2, 5]]
"97506.c1"	97506	[1, -1, 0, -51, 133]	[[2, 5], [6, 1], [3, -2]]
"97543.a1"	97543	[1, 1, 1, -23, 30]	[[3, -3], [0, 5], [6, 9]]
"97668.a1"	97668	[0, 0, 0, -117, 405]	[[3, 9], [9, 9], [-9, 27]]
"97782.a1"	97782	[1, 1, 0, 2, 484]	[[-3, 23], [40, 238], [31/2, 227/2]]
"97811.a1"	97811	[1, -1, 1, -963, 11748]	[[6, 75], [18, -6], [464/5, -673/5]]
"97834.a1"	97834	[1, 1, 0, -4912, 130880]	[[32, 72], [-56, 512], [40, 0]]
"97877.a1"	97877	[1, -1, 1, -54, 174]	[[6, 3], [-7, 16], [11/2, 37/2]]
"98081.a1"	98081	[1, -1, 1, -129, 594]	[[7, -5], [6, 0], [4, 9]]
"98231.a1"	98231	[1, -1, 1, 1080, 420]	[[12, 116], [110, 1145], [5, 74]]
"98597.a1"	98597	[0, 1, 1, -255, 1485]	[[9, 0], [11, 11], [3, 27]]
"98730.a1"	98730	[1, -1, 0, -240, 1556]	[[-2, 46], [13, 16], [8, 6]]
"98841.a1"	98841	[0, 1, 1, -114, 488]	[[3, 13], [12, 31], [6, 7]]
"98891.a1"	98891	[1, -1, 1, 6, 12]	[[-1, 2], [0, 3], [2, 4]]
"99153.a1"	99153	[1, -1, 1, 67, -120]	[[5, 15], [2, 3], [20, 84]]
"99248.d1"	99248	[0, 0, 0, 8, 60]	[[-2, 6], [6, 18], [-3, 3]]
"99326.a1"	99326	[1, -1, 1, -174, 957]	[[9, 3], [1, 27], [5, 11]]
"99378.a1"	99378	[1, -1, 0, -153, 841]	[[8, 5], [5, 11], [14, 29]]
"99572.b1"	99572	[0, 1, 0, -2606, 50353]	[[28, 11], [94, 803], [744/5, 803/5]]
"99776.f1"	99776	[0, -1, 0, -121, 569]	[[5, 8], [7, 4], [13, 32]]
"99966.a1"	99966	[1, 1, 0, -186, 900]	[[8, -2], [12, 18], [0, 30]]
"99968.a1"	99968	[0, 0, 0, -196, 976]	[[-6, 44], [16, 44], [5, 11]]
"100134.a1"	100134	[1, -1, 0, -21, 1]	[[-4, 5], [-1, 5], [0, 1]]
"100143.a1"	100143	[1, -1, 1, -110, 190]	[[1, 8], [10, -1], [-5/2, 145/2]]
"100209.a1"	100209	[0, 1, 1, -520, 4450]	[[11, 13], [20, 49], [14, 10]]
"100269.a1"	100269	[0, 0, 1, -69, 240]	[[6, 6], [-7, 19], [32, 175]]
"100336.a1"	100336	[0, -1, 0, -184, 1040]	[[8, 4], [10, 10], [16, 44]]
"100480.a1"	100480	[0, 1, 0, -91, 309]	[[4, 5], [5, 2], [7, 8]]
"100494.a1"	100494	[1, -1, 0, -234, 1444]	[[8, 2], [11, 5], [-4, 50]]
"100496.a1"	100496	[0, 0, 0, -67, 610]	[[13, 44], [-9, 22], [2, 22]]
"100528.a1"	100528	[0, 1, 0, 0, 244]	[[2, 16], [-6, 8], [-4, 14]]
"100720.a1"	100720	[0, -1, 0, -4741, 127241]	[[41, 10], [361/3, 10/3], [25, 154]]
"100794.b1"	100794	[1, 1, 0, -6, 84]	[[-4, 10], [4, 10], [-5, 7]]
"100794.h1"	100794	[1, 0, 1, -1343, 18902]	[[21, -2], [39, 142], [-15, 196]]
"100886.a1"	100886	[1, -1, 0, -58, 184]	[[4, 0], [5, -2], [6, 2]]
"100910.a1"	100910	[1, -1, 0, -10, 100]	[[0, 10], [5, 10], [-5, 5]]
"100912.b1"	100912	[0, 1, 0, -4800, 125044]	[[50, 112], [-6, 392], [60, 238]]
"100912.b2"	100912	[0, 1, 0, -560, -2156]	[[-14, 56], [42, 224], [-6, 32]]
"100915.a1"	100915	[1, 1, 1, -51, 118]	[[4, -2], [2, 4], [7, 9]]
"100955.a1"	100955	[0, 0, 1, -247, 1542]	[[7, 12], [12, 17], [32, 162]]
"100972.a1"	100972	[0, 1, 0, -29, 127]	[[1, 10], [-3, 14], [-7, 6]]
"100990.a1"	100990	[1, 1, 0, -138, 568]	[[4, 8], [6, -2], [7, -1]]
"100990.e1"	100990	[1, -1, 1, -948, 11031]	[[5, 77], [25, 37], [37, 141]]
"101066.d1"	101066	[1, 0, 0, -322, 2244]	[[8, 10], [12, 6], [-6, 66]]
"101106.a1"	101106	[1, -1, 0, -1101, 14373]	[[27, 48], [18, 3], [21, 3]]
"101144.a1"	101144	[0, 1, 0, 31, 67]	[[-1, 6], [3, 14], [7, 26]]
"101235.a1"	101235	[0, -1, 1, -786, 8192]	[[3, 76], [-14, 127], [71, 552]]
"101403.a1"	101403	[0, 0, 1, -117, 506]	[[6, 4], [3, 13], [9, 13]]
"101482.a1"	101482	[1, 1, 0, -16, 14]	[[1, 0], [-1, 6], [-5, 3]]
"101507.a1"	101507	[0, 1, 1, -22, -10]	[[-1, 3], [6, 10], [13, 45]]
"101536.a1"	101536	[0, 1, 0, -670, 6444]	[[20, 38], [1, 76], [142/3, 190/3]]
"101540.a1"	101540	[0, -1, 0, -261, 961]	[[-9, 50], [16, 25], [15, 14]]
"101559.a1"	101559	[0, 1, 1, -224, 1196]	[[7, 4], [-2, 40], [4, 19]]
"101646.f1"	101646	[1, -1, 1, -1427, 19635]	[[11, 66], [-37, 162], [27, 2]]
"101655.a1"	101655	[0, 0, 1, -63, 218]	[[6, 7], [-9, 7], [1, 12]]
"101682.a1"	101682	[1, -1, 0, -684, 7164]	[[15, 3], [22, 38], [39/2, 255/2]]
"101726.a1"	101726	[1, -1, 0, -73, -131]	[[-5, 12], [14, 31], [10, 3]]
"102104.a1"	102104	[0, 1, 0, 1, 22]	[[1, 5], [-3, 1], [-2, 4]]
"102126.a1"	102126	[1, 1, 0, 16, 36]	[[2, 8], [-1, 5], [-2, 2]]
"102272.a1"	102272	[0, 1, 0, -3145, 66759]	[[51, 204], [34, 17], [17, 136]]
"102272.a2"	102272	[0, 1, 0, -255, 289]	[[0, 17], [119, 1292], [85/2, 561/2]]
"102289.a1"	102289	[0, 1, 1, -550, 4790]	[[14, 5], [-8, 93], [115/3, 80/3]]
"102307.a1"	102307	[0, 0, 1, -83, -150]	[[27, 131], [-20/3, 118/3], [-8, 1]]
"102311.a1"	102311	[0, -1, 1, -219, 1395]	[[15, 35], [3, 27], [157, 1952]]
"102385.a1"	102385	[0, 1, 1, -26, 30]	[[4, 2], [-1, 7], [-6, 2]]
"102454.a1"	102454	[1, 0, 1, -147, 674]	[[8, 1], [-3, 34], [6, 1]]
"102512.a1"	102512	[0, 1, 0, -2240, 40084]	[[36, 86], [-50, 172], [238/3, 172/3]]
"102743.a1"	102743	[1, -1, 1, -15, 30]	[[2, 1], [1, 3], [5, 5]]
"102914.a1"	102914	[1, 0, 1, -25, 72]	[[1, 6], [-6, 6], [15, 48]]
"102926.c1"	102926	[1, 0, 0, -157, 561]	[[2, 15], [10, -1], [-14, 15]]
"102948.a1"	102948	[0, -1, 0, -17, 66]	[[-1, 9], [5, 9], [2, 6]]
"102969.b1"	102969	[0, 0, 1, -3864, 92497]	[[43, 76], [37, 13], [-17, 391]]
"103156.b1"	103156	[0, -1, 0, -7770, 231361]	[[148, 1517], [-57, 697], [640, 16031]]
"103370.a1"	103370	[1, -1, 0, -79, 385]	[[-4, 27], [6, 7], [16, 47]]
"103525.a1"	103525	[1, 0, 0, -458, 3007]	[[1, 50], [-14, 89], [67/2, 15/2]]
"103525.a2"	103525	[1, 0, 0, -433, 3432]	[[11, 0], [13, 0], [3, 45]]
"103779.a1"	103779	[0, 0, 1, -129, 702]	[[5, 13], [14, 40], [8, 13]]
"103794.a1"	103794	[1, 1, 0, -38, 36]	[[-4, 14], [8, 14], [0, 6]]
"103844.a1"	103844	[0, 1, 0, -122, 289]	[[14, 39], [1, 13], [40, 247]]
"103865.a1"	103865	[1, 0, 0, -6050, 180625]	[[45, -25], [25, 200], [175/2, -75/2]]
"104014.a1"	104014	[1, 0, 1, 8, 30]	[[-2, 3], [0, 5], [2, 6]]
"104014.b1"	104014	[1, 0, 0, -2819, 57409]	[[30, -7], [46, 137], [32, -1]]
"104019.a1"	104019	[0, 1, 1, -64, 442]	[[-10, 13], [-1, 22], [8, 22]]
"104081.a1"	104081	[0, -1, 1, -3074, 59136]	[[78, 536], [184/3, 1781/3], [2321/4, 104049/4]]
"104216.a1"	104216	[0, 0, 0, -964, -1724]	[[-16, 98], [82, 686], [40, 154]]
"104219.b1"	104219	[1, 1, 0, -1808, 28849]	[[24, -11], [75/2, 281/2], [389/4, -689/4]]
"104384.b1"	104384	[0, 1, 0, -609, -2369]	[[-5, 24], [-21, 40], [27, 40]]
"104384.b2"	104384	[0, 1, 0, -329, 2167]	[[7, 16], [9, 4], [13, 16]]
"104386.a1"	104386	[1, -1, 0, -988, 12204]	[[10, 52], [18, -6], [166/3, -230/3]]
"104434.a1"	104434	[1, 0, 1, -8158, 407892]	[[135, 1263], [-96, 603], [14, 537]]
"104484.a1"	104484	[0, 1, 0, -65, 504]	[[-5, 27], [13, 45], [4, 18]]
"104491.a1"	104491	[1, -1, 1, -724, 7674]	[[16, -7], [63/2, -65/2], [142/3, -223/3]]
"104646.c1"	104646	[1, 1, 0, 80, 256]	[[0, 16], [32, 176], [15, 64]]
"104646.d1"	104646	[1, 0, 1, -218, 1352]	[[3, 25], [12, 16], [9, 7]]
"104684.a1"	104684	[0, -1, 0, 43, 49]	[[-1, 2], [3, 14], [0, 7]]
"104734.c1"	104734	[1, -1, 1, -4062, 98925]	[[57, 195], [-55, 419], [41, -13]]
"104865.a1"	104865	[0, -1, 1, -360, 2756]	[[15, 22], [10, 7], [0, 52]]
"104890.a1"	104890	[1, -1, 0, -8305, 293725]	[[58, 39], [75, 260], [250/3, 7445/3]]
"104907.a1"	104907	[0, -1, 1, -62, 230]	[[4, 5], [-7, 16], [2, 10]]
"105136.a1"	105136	[0, 1, 0, -364, 2556]	[[10, 4], [11, 2], [7, 20]]
"105184.b1"	105184	[0, 1, 0, -65, 79]	[[-1, 12], [7, 4], [-9, 4]]
"105190.a1"	105190	[1, 0, 1, 156, 1442]	[[-2, 34], [1, 39], [65, 503]]
"105314.d1"	105314	[1, 0, 0, 153, 6601]	[[6, 85], [22, 133], [54, 389]]
"105376.b1"	105376	[0, -1, 0, -97, 1169]	[[29, 148], [-8, 37], [13, 44]]
"105536.c1"	105536	[0, 1, 0, -2369, 33055]	[[-21, 272], [13, 68], [-53, 112]]
"105536.c2"	105536	[0, 1, 0, -2209, 39231]	[[25, 16], [29, 20], [18, 75]]
"105558.c1"	105558	[1, 0, 1, -313, 1832]	[[16, 23], [-2, 50], [13, -4]]
"105558.c2"	105558	[1, 0, 1, 497, 9932]	[[4, 107], [235/2, 3703/2], [16, 140]]
"105643.a1"	105643	[0, 0, 1, -41, 102]	[[4, 1], [3, 2], [6, 8]]
"105883.a1"	105883	[0, 1, 1, -539, 4641]	[[13, 0], [15, 12], [-27, 15]]
"105915.a1"	105915	[1, 1, 1, -911, 10208]	[[12, 28], [21, 19], [16, -1]]
"105965.a1"	105965	[0, 1, 1, -190, 944]	[[6, 7], [11, 17], [1, 27]]
"106037.b1"	106037	[0, 1, 1, -98, 342]	[[5, 1], [6, 2], [0, 18]]
"106110.a1"	106110	[1, -1, 0, -60, 116]	[[-2, 16], [8, 6], [13, 31]]
"106164.a1"	106164	[0, 0, 0, -84, 281]	[[4, 3], [10, 21], [-2, 21]]
"106244.a1"	106244	[0, -1, 0, -44, 184]	[[2, 10], [6, 10], [-6, 14]]
"106276.a1"	106276	[0, -1, 0, -54, 169]	[[4, 1], [6, 5], [3, 5]]
"106309.a1"	106309	[0, 0, 1, -19, -28]	[[-2, 1], [-3, 1], [7, 13]]
"106361.a1"	106361	[1, 1, 1, -47, 132]	[[-6, 18], [7/2, 51/2], [25, 111]]
"106449.a1"	106449	[1, 1, 1, -21, 72]	[[3, 5], [10, 26], [-4, -9]]
"106497.a1"	106497	[1, -1, 1, -29, 72]	[[2, 3], [5, 3], [-4, 12]]
"106509.a1"	106509	[0, -1, 1, 168, -340]	[[30, 175], [3, 13], [2, 0]]
"106749.a1"	106749	[0, 0, 1, -27, 156]	[[-3, 14], [26, 130], [17/2, 83/2]]
"106757.a1"	106757	[0, 1, 1, -680, -7038]	[[69, 528], [-15, 3], [-389/5, 466/5]]
"106894.e1"	106894	[1, 0, 0, -6400, 197376]	[[44, 16], [-70, 586], [6, 396]]
"107080.a1"	107080	[0, 0, 0, -247, 1114]	[[-7, 50], [13, 10], [-17, 20]]
"107199.a1"	107199	[1, -1, 1, -2516, 37442]	[[0, 193], [258, 3934], [-12, 262]]
"107349.a1"	107349	[1, 1, 1, -90, 96]	[[-2, 17], [20, 72], [3/2, 37/2]]
"107350.a1"	107350	[1, -1, 0, -592, 5716]	[[-6, 98], [14, -2], [136/3, -14/3]]
"107521.a1"	107521	[1, 0, 0, -122, 589]	[[7, 6], [45, 272], [-29/2, 295/2]]
"107732.a1"	107732	[0, -1, 0, -212, 1096]	[[-6, 46], [17, 46], [2, 26]]
"107776.a1"	107776	[0, 1, 0, -15, -11]	[[-1, 2], [-3, 4], [5, 8]]
"107776.b1"	107776	[0, 1, 0, -219, 1177]	[[8, 1], [9, 4], [16, 45]]
"107854.b1"	107854	[1, 0, 1, -81, -220]	[[-5, 10], [11, 10], [-29/3, -50/3]]
"108071.a1"	108071	[0, 1, 1, -54, -102]	[[12, 33], [-19/2, 63/2], [-3, 6]]
"108258.f1"	108258	[1, 1, 1, -302, 875]	[[-15, 55], [17, 23], [1, 23]]
"108302.a1"	108302	[1, -1, 0, -88, 340]	[[6, -4], [5, 0], [8, 6]]
"108320.b1"	108320	[0, -1, 0, -1, 401]	[[1, 20], [11, 40], [41, 260]]
"108341.a1"	108341	[0, 0, 1, -31, 12]	[[-4, 8], [13, 42], [1/2, 13/2]]
"108343.a1"	108343	[1, 0, 0, -5, 16]	[[1, 3], [0, 4], [3, 4]]
"108546.e1"	108546	[1, 1, 1, -335, 2261]	[[11, 2], [3, 34], [9, 4]]
"108694.a1"	108694	[1, 0, 1, -618, 5852]	[[13, 1], [14, -7], [-19, 113]]
"108701.a1"	108701	[0, 1, 1, -30, 138]	[[11, 35], [-27/2, 67/2], [28/3, 235/3]]
"108708.a1"	108708	[0, -1, 0, 3, 54]	[[-3, 3], [3, 9], [-1, 7]]
"108737.b1"	108737	[0, -1, 1, 11, 64]	[[2, 9], [-11/2, 15/2], [13/2, 85/2]]
"108762.a1"	108762	[1, 1, 0, 34, 36]	[[0, 6], [-1, 2], [8, 26]]
"108779.c1"	108779	[0, 0, 1, -3146, 67911]	[[33, 5], [37, 46], [121/2, 161/2]]
"108813.a1"	108813	[0, -1, 1, 1518, 1190]	[[23, 218], [92, 954], [9, 124]]
"108914.a1"	108914	[1, -1, 0, -2446, 48016]	[[102, 872], [24, 40], [11, 144]]
"108977.a1"	108977	[1, -1, 1, -27, 0]	[[-4, 7], [7, 7], [-1, 5]]
"109024.a1"	109024	[0, -1, 0, 10, 16]	[[0, 4], [-1, 2], [3, 8]]
"109115.b1"	109115	[0, -1, 1, -41, 117]	[[3, 3], [5, 3], [-1, 12]]
"109172.c1"	109172	[0, -1, 0, -37, 134]	[[5, 7], [-2, 14], [19, 77]]
"109304.a1"	109304	[0, 1, 0, -81, 403]	[[-7, 26], [19, 78], [6, 13]]
"109330.c1"	109330	[1, 0, 1, -5528, 100098]	[[-1, 325], [-51, 525], [199, 2525]]
"109330.c2"	109330	[1, 0, 1, -4948, 133506]	[[45, 27], [40, -23], [37, 19]]
"109366.a1"	109366	[1, -1, 1, -597, 5805]	[[15, 0], [-1, 80], [31, 112]]
"109439.a1"	109439	[1, 0, 0, -12, 1]	[[0, 1], [-1, 4], [-3, 5]]
"109470.d1"	109470	[1, 1, 0, -2017, -25181]	[[-27, 116], [-15, 52], [207/2, 683/2]]
"109470.d2"	109470	[1, 1, 0, -767, 7569]	[[8, 41], [23, 41], [-22, 131]]
"109495.c1"	109495	[1, -1, 1, -4842, 130866]	[[46, 39], [159/2, -213/2], [40, -18]]
"109528.a1"	109528	[0, 0, 0, -196, 1060]	[[8, 2], [6, 10], [10, 10]]
"109542.b1"	109542	[1, 0, 1, -103, 182]	[[1, 8], [10, 8], [-8, 26]]
"109600.a1"	109600	[0, 1, 0, -1073, 13183]	[[19, 4], [18, 5], [13, 40]]
"109600.c1"	109600	[0, 1, 0, -33, 10063]	[[3, 100], [43, 300], [18, 125]]
"109612.a1"	109612	[0, 1, 0, -65, 184]	[[5, 3], [3, 5], [4, 2]]
"109687.a1"	109687	[1, 0, 0, 930, 35161]	[[48, 413], [-5/3, 5033/3], [71, 643]]
"109840.a1"	109840	[0, 1, 0, -296, 1780]	[[12, 10], [22, 80], [6, 16]]
"109926.b1"	109926	[1, -1, 0, -483, 4229]	[[10, 13], [13, -2], [14, 1]]
"109968.c1"	109968	[0, -1, 0, 24, 432]	[[12, 48], [-4, 16], [4, 24]]
"109975.a1"	109975	[0, 1, 1, -118, 434]	[[14, 41], [43/3, 28/3], [-27/2, 245/2]]
"110085.a1"	110085	[0, -1, 1, -16, 72]	[[1, 7], [-4, 7], [6, 12]]
"110095.a1"	110095	[0, 0, 1, -43, 114]	[[4, 2], [-1, 12], [3, 3]]
"110104.a1"	110104	[0, 0, 0, -316, 2164]	[[10, 2], [12, 10], [6, 22]]
"110118.b1"	110118	[1, 0, 1, -53, 272]	[[3, 10], [15, 46], [-9, 10]]
"110120.a1"	110120	[0, 0, 0, -487, 3466]	[[27, 100], [-23, 50], [17, 10]]
"110121.d1"	110121	[0, -1, 1, -10521, 391610]	[[-112, 390], [333/2, 2339/2], [-90, 775]]
"110162.a1"	110162	[1, -1, 0, -1438, -9644]	[[-20, 114], [45, 101], [84, 634]]
"110210.a1"	110210	[1, -1, 0, 755, -2075]	[[35, 240], [10, 75], [42, 299]]
"110228.a1"	110228	[0, 1, 0, -116, 676]	[[12, 34], [-5, 34], [-12, 22]]
"110318.a1"	110318	[1, 0, 1, 32, 42]	[[0, 6], [13, 45], [3, 11]]
"110343.b1"	110343	[1, 0, 0, -45, 1296]	[[9, 36], [0, 36], [36, 198]]
"110383.a1"	110383	[0, -1, 1, -2730, 55812]	[[31, 3], [52, 227], [117/2, 87/2]]
"110482.a1"	110482	[1, -1, 0, -25, 109]	[[2, 7], [-6, 7], [10, 23]]
"110499.a1"	110499	[0, 1, 1, -112, 592]	[[5, 13], [-4, 31], [-13, 4]]
"110517.a1"	110517	[0, -1, 1, -110, 272]	[[44, 280], [-7, 25], [11, 16]]
"110528.a1"	110528	[0, 0, 0, -11452, 472720]	[[53, 121], [174, 1936], [86, 352]]
"110528.j1"	110528	[0, -1, 0, -49, 305]	[[1, 16], [-7, 16], [17, 64]]
"110606.a1"	110606	[1, 0, 1, -122, 444]	[[17, 49], [-12, 20], [9, 5]]
"110666.b1"	110666	[1, 0, 0, -109, 465]	[[2, 15], [6, 3], [10, 15]]
"110725.a1"	110725	[0, -1, 1, -108, -132]	[[-3, 12], [-8, 12], [22, 87]]
"110976.c1"	110976	[0, -1, 0, -1609, 25369]	[[25, 12], [21, 20], [7, 120]]
"110976.c2"	110976	[0, -1, 0, -79, 583]	[[6, 17], [-2, 27], [-9, 22]]
"110988.a1"	110988	[0, 0, 0, -336, 4196]	[[16, 54], [-20, 54], [-11, 81]]
"111201.a1"	111201	[1, 1, 1, -10, 26]	[[2, 3], [-1, 6], [-4, 6]]
"111226.a1"	111226	[1, 0, 1, -232, 1266]	[[2, 27], [21, 65], [27/2, 7/2]]
"111272.a1"	111272	[0, 1, 0, -705, 6979]	[[17, 14], [15, 2], [11, 26]]
"111433.a1"	111433	[1, 0, 0, -182, 931]	[[7, 0], [9, 2], [21, 70]]
"111472.a1"	111472	[0, 1, 0, -120, 484]	[[6, 4], [2, 16], [8, 10]]
"111488.c1"	111488	[0, -1, 0, -2137, 41129]	[[233, 3484], [25, 52], [-35, 268]]
"111566.a1"	111566	[1, -1, 0, -1783, -851]	[[50, 157], [-6, -95], [43, 3]]
"111708.b1"	111708	[0, 0, 0, -2109, 37181]	[[-35, 261], [23, 29], [52, 261]]
"111715.a1"	111715	[1, 0, 0, -110, 397]	[[9, 8], [4, 3], [19, 63]]
"111879.a1"	111879	[0, 0, 1, -27, 46]	[[4, 1], [1, 4], [2, 0]]
"111879.b1"	111879	[0, 0, 1, -1326, -16880]	[[46, 139], [-16, 15], [-524/5, 5099/5]]
"111941.a1"	111941	[0, 1, 1, -16, 14]	[[1, 0], [3, 1], [-1, 5]]
"111941.b1"	111941	[0, 0, 1, -15809, 677310]	[[-107, 1069], [-138, 480], [2316/5, 10989/5]]
"111989.a1"	111989	[0, 1, 1, -12, 0]	[[0, 0], [-1, 3], [-2, 4]]
"112028.a1"	112028	[0, 1, 0, -42, 49]	[[0, 7], [14, 49], [-7, 7]]
"112405.a1"	112405	[1, -1, 1, -24543, 1486032]	[[83, 83], [91, -51], [90, -57]]
"112576.b1"	112576	[0, 1, 0, -41, 151]	[[3, 8], [7, 16], [-5, 16]]
"112607.a1"	112607	[0, 1, 1, 166, 546]	[[21/2, 315/2], [-2, 14], [-3, 5]]
"112654.b1"	112654	[1, 1, 0, -149, 289]	[[80, 673], [-12, 29], [18, 53]]
"112771.a1"	112771	[1, -1, 1, -33, 78]	[[3, -3], [4, -2], [6, 5]]
"112776.b1"	112776	[0, -1, 0, -412, 3364]	[[12, 2], [10, 12], [13, 6]]
"112966.a1"	112966	[1, 0, 1, -484, 4050]	[[12, -3], [13, -9], [10, 10]]
"113032.a1"	113032	[0, 1, 0, -52, 96]	[[2, 2], [6, 6], [-2, 14]]
"113072.e1"	113072	[0, 0, 0, -659, 6514]	[[13, 12], [15, 2], [18, 22]]
"113106.a1"	113106	[1, 1, 0, -129, 441]	[[9, 6], [2, 13], [-5, 34]]
"113114.a1"	113114	[1, 0, 1, -285, 1820]	[[5, 20], [9, -8], [-18, 43]]
"113131.a1"	113131	[0, 0, 1, -29, 62]	[[3, 1], [2, 3], [5, 6]]
"113386.a1"	113386	[1, -1, 0, -3586, 83656]	[[30, 34], [86, 594], [37, 6]]
"113592.a1"	113592	[0, 1, 0, -345, 1899]	[[15, 18], [-3, 54], [-21, 18]]
"113594.d1"	113594	[1, 0, 0, -1270, 13476]	[[-4, 138], [30, 36], [44, 186]]
"113594.d2"	113594	[1, 0, 0, 2890, 84196]	[[48, 554], [-20, 146], [184, 2526]]
"113631.a1"	113631	[0, -1, 1, -72, 272]	[[5, 3], [12, 31], [-9, 10]]
"113632.a1"	113632	[0, -1, 0, 911, 78593]	[[-23, 212], [-7, 268], [136, 1643]]
"113706.g1"	113706	[1, -1, 1, -902, 12565]	[[25, 59], [-23, 155], [13, 47]]
"113749.a1"	113749	[0, -1, 1, -12, 0]	[[0, 0], [-2, 3], [-3, 0]]
"113839.a1"	113839	[0, 0, 1, -11911, 500346]	[[28, 434], [61, 27], [63, 0]]
"113946.a1"	113946	[1, 1, 0, -42, 0]	[[6, 0], [7, 7], [-3, -9]]
"113946.a2"	113946	[1, 1, 0, 168, 210]	[[-1, 7], [1, 19], [11, 54]]
"114235.a1"	114235	[0, 0, 1, -313, 1668]	[[-8, 60], [-19, 27], [14, 5]]
"114236.a1"	114236	[0, 0, 0, -71, 190]	[[3, 2], [7, 6], [15, 50]]
"114336.a1"	114336	[0, 0, 0, -444, 2176]	[[2, 36], [20, 36], [-16, 72]]
"114368.b1"	114368	[0, 1, 0, -593, 5359]	[[15, 8], [13, 4], [-17, 104]]
"114399.a1"	114399	[0, 0, 1, -129, 522]	[[-10, 28], [9, 9], [17/2, 53/2]]
"114433.a1"	114433	[0, -1, 1, 22, 30]	[[0, 5], [11, 38], [-11/3, -8/3]]
"114477.a1"	114477	[1, 1, 1, -67, 1022]	[[-1, 33], [32, 165], [98, 924]]
"114501.a1"	114501	[1, 1, 1, -60, 156]	[[4, -1], [7, 8], [3, 2]]
"114537.a1"	114537	[0, -1, 1, -62, 212]	[[5, 1], [4, 3], [6, 4]]
"114560.a1"	114560	[0, 1, 0, -41, 295]	[[7, 20], [-3, 20], [2, 15]]
"114801.a1"	114801	[0, -1, 1, -426, 3548]	[[-6, 76], [11, 8], [-23, 25]]
"114829.e1"	114829	[0, -1, 1, 213, -1233]	[[15, 71], [9, 36], [37, 236]]
"114865.a1"	114865	[0, 0, 1, -23, -22]	[[-4, 2], [6, 7], [-3, 4]]
"114928.a1"	114928	[0, 1, 0, -1336, 18516]	[[-10, 176], [22, 16], [20, 14]]
"114950.e1"	114950	[1, 0, 1, -5976, 177098]	[[32, 121], [47, 1], [43, -33]]
"114950.e2"	114950	[1, 0, 1, -476, 1098]	[[-3, 51], [2, 11], [22, 26]]
"115021.a1"	115021	[1, 0, 0, -52, 141]	[[4, -3], [5, 1], [1, 9]]
"115082.a1"	115082	[1, -1, 0, -208, 1180]	[[7, 2], [-4, 46], [-15, 35]]
"115134.a1"	115134	[1, 1, 0, -26, 120]	[[2, 8], [-7, 8], [20, 80]]
"115184.c1"	115184	[0, -1, 0, 48, 16]	[[0, 4], [4, 16], [16, 68]]
"115370.e1"	115370	[1, 0, 0, -166, 996]	[[-4, 42], [6, 12], [16, 42]]
"115461.a1"	115461	[0, 0, 1, -174, 765]	[[11, 13], [5, 4], [17/2, 77/2]]
"115497.c1"	115497	[1, -1, 1, 40, 420]	[[-4, 15], [5, 24], [0, 20]]
"115497.d1"	115497	[0, 0, 1, 294, -1224]	[[8, 40], [113/2, 1373/2], [170, 2227]]
"115640.a1"	115640	[0, 0, 0, -343, 2842]	[[21, 70], [-7, 70], [1, 50]]
"115702.a1"	115702	[1, 0, 1, -192, -550]	[[-5, 19], [29, 121], [-11, 21]]
"115702.a2"	115702	[1, 0, 1, 638, -3870]	[[10, 54], [16, 94], [214, 3046]]
"115729.b1"	115729	[0, 1, 1, 3, 72]	[[2, 9], [-11/2, 53/2], [6, 18]]
"115736.a1"	115736	[0, 0, 0, -292, 580]	[[-6, 46], [86, 782], [18, 34]]
"115774.a1"	115774	[1, 0, 1, -38, 72]	[[1, 5], [5, 1], [2, 1]]
"115775.a1"	115775	[1, 0, 0, -2563, -27258]	[[-13, 69], [-38, 144], [-43, 84]]
"115775.a2"	115775	[1, 0, 0, -1188, 15367]	[[17, 4], [42, 179], [67, 454]]
"115908.a1"	115908	[0, -1, 0, 10, 201]	[[-2, 13], [11, 39], [2, 15]]
"115958.a1"	115958	[1, -1, 0, -139, -251]	[[30, 133], [-7, 22], [-26/3, 335/3]]
"116053.a1"	116053	[0, 0, 1, -76, -228]	[[-4, 3], [10, 3], [38, 227]]
"116098.a1"	116098	[1, 0, 1, -63, -190]	[[-5, 4], [-4, 2], [10, 9]]
"116121.a1"	116121	[0, 1, 1, -80, 350]	[[7, 13], [-2, 22], [4, 10]]
"116197.a1"	116197	[0, -1, 1, -30, 72]	[[3, 0], [4, 0], [1, 6]]
"116206.d1"	116206	[1, -1, 1, -534, 4389]	[[9, 11], [-23, 75], [41, 203]]
"116210.a1"	116210	[1, 0, 1, -673, 6756]	[[15, 2], [-5, 102], [-25, 102]]
"116217.a1"	116217	[0, 0, 1, -9, 30]	[[2, 4], [-4, 1], [5, 10]]
"116217.d1"	116217	[0, 0, 1, 2106, -11348]	[[334, 6160], [38, 351], [268/3, 7516/3]]
"116332.c1"	116332	[0, -1, 0, -101, -98]	[[27, 127], [-19/2, 127/2], [-11/3, 127/3]]
"116406.c1"	116406	[1, -1, 0, -276, 1888]	[[17, 35], [-12, 64], [12, 8]]
"116529.a1"	116529	[0, -1, 1, -602, 6602]	[[-11, 108], [20, 46], [-25, 73]]
"116628.a1"	116628	[0, -1, 0, -309, 2193]	[[11, 2], [7, 18], [23, 82]]
"116697.c1"	116697	[0, -1, 1, -2219, 40976]	[[26, 13], [28, 3], [80, 607]]
"116794.b1"	116794	[1, 0, 0, -254, 1348]	[[12, 2], [-4, 50], [28, 114]]
"116973.a1"	116973	[0, 0, 1, -111, 72]	[[-1, 13], [-10, 13], [-7, 22]]
"116984.a1"	116984	[0, 0, 0, -559, 4786]	[[17, 14], [-11, 98], [45, 266]]
"117051.b1"	117051	[0, -1, 1, -1545, 23897]	[[21, 16], [25, 16], [93/2, 11/2]]
"117158.a1"	117158	[1, -1, 0, -25, 49]	[[2, 1], [4, -1], [0, 7]]
"117242.a1"	117242	[1, -1, 0, -1141, -13439]	[[101, 895], [-23, 27], [40, 41]]
"117438.a1"	117438	[1, 1, 0, -804, 18756]	[[59, 396], [-33, 120], [-10, 166]]
"117516.a1"	117516	[0, -1, 0, -1062, 13689]	[[18, 9], [20, 7], [0, 117]]
"117616.a1"	117616	[0, 1, 0, -776, 8068]	[[16, 2], [14, 12], [24, 62]]
"117648.a1"	117648	[0, 0, 0, -2307, 42050]	[[7, 162], [31, 18], [34, 54]]
"117648.a2"	117648	[0, 0, 0, -147, 117650]	[[7, 342], [-7, 344], [-31, 304]]
"117818.b1"	117818	[1, 0, 0, -144, 640]	[[8, 0], [6, -4], [12, 20]]
"117848.a1"	117848	[0, 1, 0, -9, 91]	[[-1, 10], [3, 10], [-5, 6]]
"118023.a1"	118023	[0, 1, 1, -82, 100]	[[-1, 13], [8, 4], [-10, 4]]
"118158.e1"	118158	[1, 1, 1, -332, 4205]	[[-3, 73], [13, 41], [-19, 73]]
"118197.b1"	118197	[1, -1, 1, -842, 9690]	[[-28, 117], [18, 2], [41, 186]]
"118336.g1"	118336	[0, -1, 0, -57, 121]	[[1, 8], [-3, 16], [9, 16]]
"118439.a1"	118439	[1, -1, 1, -7, 70]	[[-2, 9], [1, 7], [-4, 6]]
"118502.a1"	118502	[1, 0, 1, -15, 50]	[[3, 4], [-1, 8], [-5, 4]]
"118547.a1"	118547	[1, 0, 0, -2444, 34645]	[[13, 65], [-455/3, 5330/3], [403/3, 2756/3]]
"118622.a1"	118622	[1, -1, 0, -1426, 18196]	[[1, 129], [-20, 206], [36, 94]]
"118728.c1"	118728	[0, 0, 0, -3684, 86276]	[[-2, 306], [34, 18], [145/2, 153/2]]
"118761.a1"	118761	[0, -1, 1, -70, 252]	[[4, 4], [7, 7], [5, 1]]
"118764.b1"	118764	[0, 0, 0, -144, 729]	[[6, 9], [0, 27], [12, 27]]
"118848.b1"	118848	[0, -1, 0, -449, 3873]	[[13, 8], [11, 12], [29, 120]]
"118866.i1"	118866	[1, 1, 1, -435, 1521]	[[67, 494], [1, 32], [-21, 54]]
"119252.a1"	119252	[0, 1, 0, -1629, 22060]	[[57, 343], [8, 98], [-27, 217]]
"119416.a1"	119416	[0, -1, 0, -3052, 193316]	[[64, 506], [196, 2662], [86, 748]]
"119481.a1"	119481	[0, 1, 1, -270, 1640]	[[9, 4], [0, 40], [12, 16]]
"119555.b1"	119555	[1, 1, 1, -26, 24]	[[4, 0], [-6, 5], [9, 20]]
"119689.a1"	119689	[1, 1, 1, -27, 40]	[[2, -1], [1, 3], [5, 5]]
"119740.a1"	119740	[0, 0, 0, -148, 697]	[[6, 5], [8, 5], [-4, 35]]
"119744.a1"	119744	[0, 1, 0, 95, 159]	[[-1, 8], [15, 72], [5, 28]]
"119744.b1"	119744	[0, 1, 0, -7489, 246975]	[[47, 32], [50, 5], [37, 148]]
"119822.a1"	119822	[1, 0, 1, -144, 650]	[[7, -3], [5, 5], [10, 10]]
"119859.a1"	119859	[0, 1, 1, -212, 1202]	[[10, 13], [1, 31], [7, 10]]
"119888.a1"	119888	[0, 0, 0, -8699, 252426]	[[23, 254], [473/2, 7493/2], [-103, 236]]
"120038.a1"	120038	[1, 1, 0, -118, 434]	[[-1, 24], [5, -3], [-5, 33]]
"120058.a1"	120058	[1, -1, 0, -1291, 18181]	[[22, -3], [21, -10], [19, 6]]
"120058.b1"	120058	[1, 1, 0, 16, 4]	[[0, 2], [2, 6], [6, 16]]
"120249.a1"	120249	[0, 0, 1, -921, 10660]	[[-11, 139], [20, 15], [49/2, 275/2]]
"120321.d1"	120321	[1, -1, 1, -1388, 20260]	[[20, 4], [49, 236], [-38, 149]]
"120481.a1"	120481	[0, 0, 1, -86, 391]	[[47, 316], [-23/2, 207/2], [1/3, 514/3]]
"120642.a1"	120642	[1, 1, 0, -81, 261]	[[6, 3], [3, 6], [-6, 27]]
"120774.a1"	120774	[1, 1, 0, -1924, 31696]	[[24, -4], [25, -11], [19, 40]]
"121040.a1"	121040	[0, 1, 0, -3656, 83860]	[[34, 4], [36, 14], [26, 84]]
"121040.a2"	121040	[0, 1, 0, -256, 900]	[[2, 20], [22, 80], [-8, 50]]
"121137.a1"	121137	[1, 1, 1, 3, 30]	[[-2, 5], [1, 5], [-3, 3]]
"121168.a1"	121168	[0, 0, 0, -331, 2314]	[[9, 8], [11, 2], [17, 40]]
"121383.c1"	121383	[0, 0, 1, -84, -140]	[[-8, 4], [-2, 4], [28, 139]]
"121504.a1"	121504	[0, 1, 0, -589, 5307]	[[13, 4], [14, 1], [29, 116]]
"121569.d1"	121569	[0, 1, 1, -632, 5870]	[[16, 10], [-5, 94], [58, 409]]
"121580.a1"	121580	[0, 1, 0, -86, 289]	[[4, 5], [6, 5], [-6, 25]]
"121666.a1"	121666	[1, 1, 0, -230, 1252]	[[8, -2], [9, -8], [76/3, -86/3]]
"121733.a1"	121733	[0, 1, 1, -514, 4406]	[[127, 1415], [13, 9], [-22, 74]]
"121763.a1"	121763	[0, -1, 1, -179, 984]	[[8, 0], [6, 9], [-12, 35]]
"121808.b1"	121808	[0, 1, 0, -1436, 20476]	[[22, 4], [27, 46], [85/2, 23/2]]
"121902.d1"	121902	[1, 0, 1, -1183, 10982]	[[64, 413], [-35, 116], [10, 8]]
"121907.a1"	121907	[0, -1, 1, -55, -53]	[[13, 35], [-19/2, 67/2], [137/4, 323/4]]
"121958.b1"	121958	[1, -1, 0, -20, 64]	[[4, 4], [0, 8], [12, 32]]
"121982.d1"	121982	[1, -1, 1, -4842, 127785]	[[33, 39], [47, 25], [61, 207]]
"122138.a1"	122138	[1, -1, 0, -536, 4928]	[[16, 8], [-16, 104], [112/3, 56/3]]
"122178.a1"	122178	[1, 1, 0, -542, 5040]	[[23, 62], [2, 62], [-19, 104]]
"122383.a1"	122383	[1, -1, 1, -9, 72]	[[0, 8], [17, 59], [-3, 9]]
"122446.a1"	122446	[1, -1, 0, -109, 469]	[[6, -5], [2, 15], [7, 0]]
"122491.a1"	122491	[0, 0, 1, -149, 700]	[[7, 0], [8, 4], [25/2, 25/2]]
"122518.b1"	122518	[1, 0, 0, -2492, 46096]	[[-8, 260], [24, 4], [120, 1156]]
"122549.i1"	122549	[0, 0, 1, -151508, 7289350]	[[574, 10461], [-3584/5, 638089/5], [1064, 32413]]
"122577.a1"	122577	[0, -1, 1, -120, 542]	[[9, 10], [6, 1], [-12, 10]]
"123098.a1"	123098	[1, 0, 1, -90, 332]	[[5, 1], [-3, 25], [6, 1]]
"123274.a1"	123274	[1, -1, 1, -489, 4137]	[[7, 28], [15, -4], [11, -8]]
"123405.a1"	123405	[0, 1, 1, -2566, 63226]	[[-1, 256], [512, 11542], [107, 1012]]
"123594.b1"	123594	[1, 0, 1, -425, 3512]	[[12, 7], [-15, 88], [21, 52]]
"123718.a1"	123718	[1, -1, 0, -124, 724]	[[1, 24], [8, 10], [15, 38]]
"123744.a1"	123744	[0, -1, 0, -97, 529]	[[13, 36], [7, 12], [5, 12]]
"123772.a1"	123772	[0, 0, 0, -31, 454]	[[-5, 22], [6, 22], [39, 242]]
"123814.a1"	123814	[1, 1, 0, 3, 25]	[[0, 5], [-2, 5], [-3, 2]]
"123920.a1"	123920	[0, 0, 0, -43, 442]	[[1, 20], [-9, 10], [-7, 20]]
"123952.a1"	123952	[0, 1, 0, -1032, 4084]	[[158, 1952], [36, 122], [-34, 32]]
"124026.f1"	124026	[1, 0, 1, -318, 3652]	[[-1, 63], [-19, 63], [35, 171]]
"124047.a1"	124047	[0, 0, 1, -2379, 44842]	[[10, 148], [32, 38], [109, 1039]]
"124066.b1"	124066	[1, 0, 0, -1975, -1239]	[[-22, 189], [-34, 181], [48, 99]]
"124066.b2"	124066	[1, 0, 0, -1335, 18601]	[[14, 45], [18, 13], [30, 61]]
"124076.a1"	124076	[0, 1, 0, -52, 36]	[[0, 6], [-4, 14], [8, 14]]
"124091.a1"	124091	[0, 1, 1, -462, 3660]	[[33, 159], [11, 5], [0, 60]]
"124232.b1"	124232	[0, 0, 0, -19, -21]	[[-3, 3], [-2, 3], [6, 9]]
"124372.a1"	124372	[0, -1, 0, 103, 634]	[[3, 31], [65, 527], [9, 47]]
"124432.a1"	124432	[0, 0, 0, -3547, 84250]	[[19, 154], [173, 2156], [75, 490]]
"124494.d1"	124494	[1, 1, 1, -610, 5231]	[[-7, 99], [17, 3], [25, 67]]
"124594.a1"	124594	[1, -1, 1, -36, 135]	[[5, 5], [1, 9], [3, 5]]
"124638.a1"	124638	[1, 1, 0, -29, -51]	[[-2, 3], [6, 3], [-3, 6]]
"124675.a1"	124675	[1, -1, 1, -45, 132]	[[4, 0], [9, 15], [5, 1]]
"124721.a1"	124721	[1, 1, 1, -9, 16]	[[2, 2], [-1, 5], [-4, 4]]
"124782.a1"	124782	[1, 1, 0, -119, 441]	[[14, 35], [7, 0], [0, 21]]
"124864.a1"	124864	[0, 1, 0, -297, 1879]	[[11, 8], [9, 4], [3, 32]]
"125002.d1"	125002	[1, 0, 0, -117, 289]	[[2, 7], [10, 7], [18, 55]]
"125152.a1"	125152	[0, -1, 0, -200, 1156]	[[8, 2], [9, 2], [5, 16]]
"125184.a1"	125184	[0, -1, 0, -247, 1579]	[[10, 3], [9, 2], [37/2, 3/2]]
"125200.a1"	125200	[0, 0, 0, -475, 6250]	[[25, 100], [-15, 100], [-25, 50]]
"125206.b1"	125206	[1, -1, 1, 18, 765]	[[-7, 19], [9, 35], [25, 115]]
"125512.a1"	125512	[0, 1, 0, -292, 1824]	[[10, 2], [8, 8], [14, 26]]
"125526.b1"	125526	[1, 0, 1, -238, 1532]	[[10, 8], [1, 35], [-17, 35]]
"125780.b1"	125780	[0, -1, 0, -46, -79]	[[-4, 5], [-2, 1], [-5, 1]]
"125840.a1"	125840	[0, 0, 0, -5203, 137698]	[[209, 2860], [-77, 286], [121/2, 715/2]]
"125913.d1"	125913	[0, 1, 1, -1582, 23260]	[[11, 85], [125, 1339], [31, 70]]
"125937.b1"	125937	[0, 0, 1, -321, 2212]	[[11, 3], [10, 1], [8, 12]]
"126078.a1"	126078	[1, 0, 1, -1505, 25220]	[[39, 142], [3, 142], [-33, 214]]
"126158.c1"	126158	[1, 0, 0, -507, 4369]	[[14, 1], [10, 13], [12, 1]]
"126186.b1"	126186	[1, 0, 1, -720, 7282]	[[11, 21], [17, -3], [14, -9]]
"126288.a1"	126288	[0, 0, 0, 21, 234]	[[-3, 12], [3, 18], [-5, 2]]
"126458.b1"	126458	[1, -1, 1, -1599, 24807]	[[19, 22], [27, 14], [-13, 214]]
"126529.a1"	126529	[1, -1, 1, -384, 42]	[[26, 71], [0, 6], [52, 318]]
"126558.b1"	126558	[1, -1, 0, -18, 56]	[[4, 4], [-2, 10], [2, 4]]
"126592.e1"	126592	[0, 1, 0, -185, 919]	[[7, 4], [3, 20], [9, 8]]
"126944.a1"	126944	[0, 1, 0, -10, 24]	[[2, 4], [4, 8], [1, 4]]
"126966.a1"	126966	[1, 1, 0, -72, 180]	[[-6, 24], [8, 10], [6, 0]]
"127168.c1"	127168	[0, -1, 0, -129, -95]	[[-3, 16], [13, 16], [61, 464]]
"127293.a1"	127293	[1, 1, 1, -34, 56]	[[2, 0], [4, 0], [1, 4]]
"127300.a1"	127300	[0, 0, 0, 35, 325]	[[1, 19], [20, 95], [5, 25]]
"127592.a1"	127592	[0, -1, 0, -97, 389]	[[5, 2], [7, 2], [-1, 22]]
"127903.a1"	127903	[1, -1, 1, -51, 702]	[[10, 28], [-44/3, 823/3], [-10, 16]]
"127928.a1"	127928	[0, 1, 0, -4, 96]	[[-2, 10], [2, 10], [-4, 8]]
"127936.d1"	127936	[0, 1, 0, 39, -89]	[[3, 8], [7, 24], [15, 64]]
"128089.a1"	128089	[1, 0, 0, 12, -59]	[[7, 16], [3, 1], [15/2, 37/2]]
"128192.a1"	128192	[0, 1, 0, -1377, 19231]	[[23, 16], [21, 4], [87, 752]]
"128234.a1"	128234	[1, 0, 1, -2, 24]	[[-1, 5], [-3, 3], [3, 5]]
"128357.a1"	128357	[1, -1, 1, -22, 40]	[[2, 0], [4, 0], [-2, 9]]
"128481.a1"	128481	[1, 1, 1, -58763, 5458340]	[[105, 625], [218, 1642], [141, -41]]
"128847.b1"	128847	[0, 1, 1, -792, 8282]	[[18, 13], [15, 1], [12, 25]]
"128891.a1"	128891	[0, 0, 1, -13, 122]	[[3, 10], [-4, 10], [5, 13]]
"129164.a1"	129164	[0, 1, 0, -212, -764]	[[-12, 14], [16, 14], [-8, 22]]
"129267.a1"	129267	[0, 0, 1, -3927, 94536]	[[92, 715], [38, 13], [-67, 238]]
"129298.b1"	129298	[1, 1, 0, -32, 100]	[[6, 10], [-7, 10], [3, 5]]
"129310.c1"	129310	[1, 0, 0, -2906, 59236]	[[36, 22], [-44, 342], [-12, 310]]
"129399.a1"	129399	[0, -1, 1, -80, 302]	[[5, 1], [6, 1], [8, 10]]
"129400.a1"	129400	[0, 1, 0, -1033, 13563]	[[13, 50], [23, 50], [-27, 150]]
"129855.a1"	129855	[0, -1, 1, -126, 632]	[[21, 82], [6, 7], [-12, 16]]
"130046.e1"	130046	[1, -1, 1, -867, 8355]	[[-5, 114], [51, 282], [9, 30]]
"130225.a1"	130225	[0, 1, 1, -258, -1356]	[[-7, 12], [-12, 12], [-6, 3]]
"130243.a1"	130243	[1, 1, 1, -78, 232]	[[5, -4], [4, 0], [-10, 16]]
"130318.b1"	130318	[1, 0, 0, -385, 3081]	[[10, 11], [-6, 75], [-22, 43]]
"130376.a1"	130376	[0, 1, 0, -1212, 15856]	[[30, 86], [18, 14], [22, 18]]
"130422.a1"	130422	[1, 1, 0, -82, 100]	[[-8, 22], [1, 4], [0, 10]]
"130543.a1"	130543	[1, 0, 0, -420, 3871]	[[-21, 70], [13, 19], [30, 121]]
"130948.b1"	130948	[0, 0, 0, -445, 3613]	[[13, 5], [12, 1], [7, 29]]
"130985.b1"	130985	[0, -1, 1, -1836, 62496]	[[34, 195], [697/3, 16604/3], [816, 23264]]
"131030.a1"	131030	[1, -1, 0, 25, -19]	[[2, 5], [1, 2], [7, 18]]
"131202.f1"	131202	[1, -1, 1, -2957, 57525]	[[47, 120], [23, 24], [95, 744]]
"131248.a1"	131248	[0, 1, 0, -8424, 349492]	[[78, 416], [494, 10816], [-962/3, 5408/3]]
"131800.a1"	131800	[0, 0, 0, -100, 2500]	[[10, 50], [-10, 50], [40, 250]]
"131886.a1"	131886	[1, -1, 0, -414, 4644]	[[48, 282], [-3, 78], [-20, 78]]
"132346.a1"	132346	[1, 1, 0, -42, 100]	[[4, 2], [0, 10], [3, 2]]
"132458.a1"	132458	[1, 0, 1, -361, 2652]	[[0, 51], [103/3, 38/3], [103, 978]]
"132544.a1"	132544	[0, 1, 0, -57, 199]	[[3, 8], [-1, 16], [5, 8]]
"132561.b1"	132561	[1, -1, 1, -41252, 3161720]	[[12, 1627], [78, 604], [309, 4300]]
"132561.b2"	132561	[1, -1, 1, 463, 158240]	[[52, 540], [-3, 397], [1185, 40195]]
"132688.a1"	132688	[0, 1, 0, -192, -716]	[[-6, 16], [26, 112], [-4, 2]]
"132805.b1"	132805	[1, -1, 1, -423, 3456]	[[10, 7], [12, -9], [16, 16]]
"132845.a1"	132845	[0, 1, 1, 109, -210]	[[54, 407], [4, 17], [49/4, 783/4]]
"132866.b1"	132866	[1, -1, 1, -921, -5895]	[[-21, 72], [103, 940], [39, 108]]
"132957.a1"	132957	[0, 0, 1, -9849, 335812]	[[-62, 841], [313/2, 1679/2], [-95, 643]]
"132983.a1"	132983	[1, -1, 0, -6209, 189874]	[[46, -20], [195/2, 89/2], [183/2, -181/2]]
"133005.a1"	133005	[1, 1, 1, -26, 74]	[[-6, 10], [4, 5], [-1, 10]]
"133062.a1"	133062	[1, 1, 0, 23, 85]	[[-2, 7], [2, 11], [6, 19]]
"133076.b1"	133076	[0, -1, 0, -765, -7514]	[[-17, 17], [-119/3, 289/3], [153, 1853]]
"133088.a1"	133088	[0, 0, 0, -76, 160]	[[2, 4], [10, 20], [-6, 20]]
"133163.a1"	133163	[0, 0, 1, -16, 30]	[[2, 2], [0, 5], [4, 5]]
"133186.a1"	133186	[1, 0, 0, -304, 2304]	[[0, 48], [16, 32], [8, 16]]
"133264.a1"	133264	[0, 0, 0, -67, 450]	[[9, 24], [-7, 24], [25, 120]]
"133335.a1"	133335	[0, 0, 1, -387, 3422]	[[12, 22], [27, 112], [-18, 67]]
"133551.a1"	133551	[0, 0, 1, -819, 4880]	[[-8, 104], [3, 49], [36, 148]]
"133637.a1"	133637	[0, -1, 1, -754, 7390]	[[25, 59], [-19/2, 829/2], [4, 66]]
"133696.a1"	133696	[0, 0, 0, -484, 4096]	[[14, 8], [12, 4], [13, 1]]
"133696.g1"	133696	[0, -1, 0, -137, 649]	[[5, 8], [9, 8], [-3, 32]]
"133824.a1"	133824	[0, -1, 0, -905, 10761]	[[21, 24], [19, 8], [13, 32]]
"133824.a2"	133824	[0, -1, 0, -545, 19041]	[[1, 136], [8, 123], [17, 120]]
"133956.a1"	133956	[0, 0, 0, -549, 4941]	[[15, 9], [9, 27], [13, 1]]
"134036.a1"	134036	[0, 1, 0, -757, 3831]	[[-23, 98], [5, 14], [173, 2254]]
"134050.a1"	134050	[1, 0, 1, -186, 968]	[[7, 1], [8, -1], [1, 27]]
"134058.a1"	134058	[1, 1, 0, -37, -35]	[[-2, 7], [-6, 7], [-5, -5]]
"134272.a1"	134272	[0, 1, 0, -345, 2359]	[[11, 4], [9, 8], [10, 3]]
"134301.a1"	134301	[0, 1, 1, -32, -58]	[[-2, 1], [-5, 1], [-3, 4]]
"134336.a1"	134336	[0, 1, 0, -81, -17]	[[-1, 8], [-9, 8], [-7, 16]]
"134373.b1"	134373	[1, 0, 0, -215, 1206]	[[10, 4], [7, 4], [1, 31]]
"134433.a1"	134433	[1, -1, 1, -59, 272]	[[-6, 22], [7, 9], [15/2, 59/2]]
"134458.c1"	134458	[1, -1, 1, -27738, 1784985]	[[105, 95], [-43, 1723], [89, 79]]
"134485.a1"	134485	[0, 1, 1, -66, -174]	[[-4, 6], [-3, 2], [9, 6]]
"134568.a1"	134568	[0, 0, 0, -327, 2410]	[[9, 14], [23, 84], [-19, 42]]
"134604.a1"	134604	[0, 0, 0, -1119, 13894]	[[11, 54], [23, 18], [-13, 162]]
"134751.a1"	134751	[1, 0, 0, 33, 144]	[[-3, 6], [0, 12], [3, 15]]
"134832.b1"	134832	[0, -1, 0, -2632, 53104]	[[124, 1272], [18, 106], [268/3, 424/3]]
"134832.b2"	134832	[0, -1, 0, 18568, -1317264]	[[380, 7776], [124, 1696], [137, 1944]]
"134878.a1"	134878	[1, 0, 1, -137, 636]	[[8, 4], [-9, 38], [6, 3]]
"134886.a1"	134886	[1, 1, 0, -279, 1701]	[[9, 0], [18, 45], [10, 1]]
"134950.k1"	134950	[1, -1, 1, -1155, 25347]	[[19, 90], [-21, 210], [-41, 70]]
"134972.a1"	134972	[0, -1, 0, -10, 41]	[[2, 5], [4, 7], [-2, 7]]
"134980.b1"	134980	[0, 1, 0, -101, 199]	[[9, 10], [-11, 10], [-3, 22]]
"135033.a1"	135033	[0, -1, 1, 133, 1325]	[[-1, 34], [37/3, 1171/3], [27, 154]]
"135093.c1"	135093	[1, 1, 1, 391, 2792]	[[6, 70], [48, 343], [-44/3, 812/3]]
"135282.a1"	135282	[1, 1, 0, -49, 49]	[[0, 7], [7, 7], [1, 1]]
"135326.b1"	135326	[1, 0, 0, -794, 8548]	[[16, -6], [12, 22], [18, 4]]
"135419.a1"	135419	[0, -1, 1, -1102, 14452]	[[31, 95], [19, 3], [17, 18]]
"135441.b1"	135441	[1, -1, 1, -167, 20]	[[-12, -8], [15, 19], [-9, 31]]
"135453.a1"	135453	[1, 1, 1, 42, -360]	[[18, 72], [181, 2354], [13, 44]]
"135454.a1"	135454	[1, 0, 1, 1888, 42396]	[[1046, 33340], [-2, 197], [885/4, 34223/4]]
"135455.a1"	135455	[1, 1, 1, -36, 58]	[[1, 4], [-4, 14], [2, -1]]
"135489.a1"	135489	[0, -1, 1, -19, 90]	[[0, 9], [-19/2, 53/2], [-38/3, 224/3]]
"135539.a1"	135539	[1, 0, 0, 27, 716]	[[7, 32], [13, 51], [-17/2, 201/2]]
"135603.b1"	135603	[1, -1, 1, -11822, 497670]	[[65, -6], [62, -18], [44, 225]]
"135603.b2"	135603	[1, -1, 1, -707, 8610]	[[8, 54], [17, 27], [21, 41]]
"135687.a1"	135687	[0, -1, 1, -394, 3150]	[[19, 46], [13, 7], [10, 10]]
"135751.a1"	135751	[0, 0, 1, -157, 1326]	[[-1, 38], [73/2, 535/2], [-8, 45]]
"135838.b1"	135838	[1, 1, 1, -4222, 201915]	[[17, 359], [889/3, 22205/3], [1161/5, 38251/5]]
"135877.d1"	135877	[0, 0, 1, -196, 600]	[[0, 24], [14, 24], [49/2, 45/2]]
"136026.b1"	136026	[1, -1, 0, -18, 256]	[[5, 14], [-6, -8], [38, 212]]
"136187.a1"	136187	[0, 0, 1, -143, 662]	[[5, 8], [-12, 25], [15, 43]]
"136277.a1"	136277	[0, 1, 1, -14, 6]	[[0, 2], [3, 0], [-1, 4]]
"136310.b1"	136310	[1, 1, 0, -93, 247]	[[1, 12], [3, 1], [7, -4]]
"136653.a1"	136653	[0, 1, 1, -2832, -24568]	[[-33, 184], [-42, 148], [-15, 121]]
"136816.a1"	136816	[0, -1, 0, -280, 3056]	[[44, 272], [10, 34], [-20, 16]]
"136952.a1"	136952	[0, 1, 0, -23120, -1339376]	[[-80, 68], [-96, 68], [736, 19516]]
"136952.a2"	136952	[0, 1, 0, -2980, 30144]	[[86, 646], [10, 38], [-50, 238]]
"137114.a1"	137114	[1, 1, 0, -26, 4]	[[0, 2], [-4, 10], [-1, 6]]
"137120.a1"	137120	[0, 1, 0, 95, 975]	[[-5, 20], [5, 40], [10, 55]]
"137311.a1"	137311	[0, 1, 1, -115, 458]	[[-8, 30], [29/2, 57/2], [-4, 29]]
"137317.a1"	137317	[0, 1, 1, -156, -726]	[[33, 176], [-56/3, 163/3], [-7, 8]]
"137390.a1"	137390	[1, -1, 0, -40, 256]	[[8, 16], [0, 16], [3, 11]]
"137392.a1"	137392	[0, 1, 0, -120, 724]	[[6, 16], [-10, 32], [22, 96]]
"137502.a1"	137502	[1, -1, 0, -1071, 13693]	[[26, 41], [17, 5], [18, -7]]
"137529.a1"	137529	[1, -1, 1, -6647, 207380]	[[28, 192], [15, 325], [52, -8]]
"137529.a2"	137529	[1, -1, 1, -32, 8930]	[[0, 94], [63, 472], [15, 100]]
"137640.a1"	137640	[0, -1, 0, -156, 900]	[[8, 10], [-12, 30], [18, 60]]
"137784.a1"	137784	[0, -1, 0, -92, 324]	[[8, 6], [2, 12], [4, 2]]
"137801.a1"	137801	[1, 0, 0, -7, 114]	[[7, 17], [-13/2, 95/2], [-5, 8]]
"137814.c1"	137814	[1, 0, 1, -1168, 14702]	[[-11, 167], [25, 23], [13, 35]]
"137836.c1"	137836	[0, -1, 0, -125, 841]	[[-9, 34], [8, 17], [59, 442]]
"137847.a1"	137847	[1, 0, 0, -6715, -176974]	[[131, 1028], [-31, 56], [374, 6860]]
"137943.a1"	137943	[1, -1, 1, -569, 5644]	[[4, 56], [17, 17], [-22, 95]]
"138412.a1"	138412	[0, 1, 0, -13, 36]	[[1, 5], [-1, 7], [5, 11]]
"138425.f1"	138425	[1, 1, 1, -43, 6]	[[-1, 7], [0, 2], [6, 0]]
"138438.a1"	138438	[1, -1, 0, -693, 7209]	[[15, -3], [18, 9], [9, 36]]
"138519.a1"	138519	[0, 0, 1, -21, 20]	[[0, 4], [-3, 7], [6, 10]]
"138602.a1"	138602	[1, 0, 1, -56, 342]	[[0, 18], [37, 203], [-3, 23]]
"138693.a1"	138693	[1, 0, 0, -2740, 56501]	[[29, 26], [35/2, 1423/2], [20, 89]]
"138744.b1"	138744	[0, 0, 0, -3204, 69796]	[[24, 82], [32, 6], [-58, 246]]
"138766.a1"	138766	[1, 0, 1, -162, 776]	[[7, -3], [8, -8], [11, 13]]
"138842.a1"	138842	[1, 0, 1, -40, 42]	[[-5, -9], [6, 2], [17, 57]]
"138877.a1"	138877	[1, 0, 0, -141, 604]	[[17, 48], [40/3, 166/3], [-45/2, 271/2]]
"138914.a1"	138914	[1, 0, 0, -484, 4368]	[[8, 28], [16, 20], [-8, 92]]
"138954.b1"	138954	[1, 1, 0, -144374, 21054804]	[[476, 7538], [220, -78], [156, 1458]]
"139073.a1"	139073	[0, 1, 1, -34, 86]	[[4, 5], [-7, 5], [5/2, 51/2]]
"139139.a1"	139139	[1, 0, 0, -20, 1501]	[[9, 41], [100, 951], [-101/3, 652/3]]
"139181.a1"	139181	[1, 0, 0, -25, 6]	[[-2, 8], [5, 1], [-5, 6]]
"139323.a1"	139323	[0, 1, 1, 146, 1336]	[[2, 40], [-7, 4], [-19/2, 185/2]]
"139325.b1"	139325	[0, 1, 1, -583, -5131]	[[-17, 12], [33, 112], [-11, 8]]
"139634.a1"	139634	[1, 0, 1, -3633, 83972]	[[43, 66], [32, 11], [131, 1298]]
"139641.c1"	139641	[1, 0, 0, -597, 5544]	[[15, -3], [12, 6], [24, 60]]
"139669.a1"	139669	[1, 0, 0, -12, 79]	[[-1, -9], [18, 67], [15/2, 61/2]]
"139811.a1"	139811	[0, 1, 1, -40, -100]	[[-4, 3], [-3, 1], [-5, 0]]
"139841.b1"	139841	[0, 0, 1, 2105, 140730]	[[185, 2619], [991, 31232], [-32, 201]]
"139971.b1"	139971	[1, 0, 0, -729, 0]	[[27, 0], [-9, 81], [36, 126]]
"139971.b2"	139971	[1, 0, 0, 2916, 729]	[[9, 162], [24, 279], [0, 27]]
"140024.b1"	140024	[0, 1, 0, -132, 529]	[[11, 23], [-12, 23], [21/2, 23/2]]
"140050.a1"	140050	[1, -1, 0, -217, 1441]	[[4, 23], [9, 8], [-16, 33]]
"140056.b1"	140056	[0, 1, 0, -217, 1131]	[[11, 14], [-3, 42], [-17, 14]]
"140211.a1"	140211	[0, 0, 1, 27, 2]	[[0, 1], [3, 10], [1, 5]]
"140234.a1"	140234	[1, 0, 1, -1462, 21384]	[[21, -3], [22, -11], [91/2, -45/2]]
"140234.b1"	140234	[1, -1, 0, 16, 4]	[[0, 2], [1, 4], [3, 7]]
"140267.a1"	140267	[1, 1, 1, -149, 702]	[[6, 5], [40, 226], [-14/3, 832/3]]
"140434.a1"	140434	[1, -1, 0, -16, 76]	[[2, 6], [-5, 6], [9, 20]]
"140487.a1"	140487	[0, 1, 1, -39, 2]	[[0, 1], [6, 4], [12, 37]]
"140523.a1"	140523	[0, 1, 1, -380, 3080]	[[4, 40], [13, 22], [-23, 13]]
"140767.a1"	140767	[1, -1, 1, -222, 1310]	[[12, 10], [1, 32], [10, -1]]
"140787.a1"	140787	[1, -1, 1, -227, 1360]	[[10, -1], [7, 5], [16, 32]]
"140824.a1"	140824	[0, -1, 0, -225, 1381]	[[9, 2], [7, 10], [13, 22]]
"140872.a1"	140872	[0, 0, 0, -119, 499]	[[7, 3], [6, 1], [-2, 27]]
"140886.a1"	140886	[1, -1, 0, -54, 4]	[[-4, 14], [8, 2], [0, 2]]
"140986.a1"	140986	[1, -1, 0, 7, 15]	[[-1, 3], [3, 6], [11, 31]]
"140987.a1"	140987	[1, -1, 1, -334, -56]	[[-2, 25], [-16, 39], [-1/2, 39/2]]
"141174.a1"	141174	[1, -1, 0, -17334, 879984]	[[81, 9], [90, 162], [21, 714]]
"141174.a2"	141174	[1, -1, 0, -594, 26244]	[[-5, 173], [-27, 162], [0, 162]]
"141246.a1"	141246	[1, -1, 0, -25569, 1580089]	[[92, -55], [95, -7], [93, -40]]
"141246.a2"	141246	[1, -1, 0, -1629, 23989]	[[11, 80], [17, 23], [-25, 233]]
"141279.a1"	141279	[1, 1, 1, -39, 72]	[[4, -1], [1, 5], [5, 3]]
"141319.a1"	141319	[1, -1, 1, -13, 28]	[[1, 3], [4, 3], [-2, 7]]
"141410.d1"	141410	[1, 0, 0, -1371, 18001]	[[-34, 177], [30, 49], [14, 33]]
"141474.l1"	141474	[1, 1, 1, -3145, 43511]	[[79, 504], [11, 96], [47, 24]]
"141474.l2"	141474	[1, 1, 1, 9015, 311031]	[[7, 608], [-13, 444], [-29, 176]]
"141487.a1"	141487	[1, 1, 1, -28, -66]	[[-3, 0], [-4, 1], [-26/3, 29/3]]
"141507.a1"	141507	[0, 0, 1, -2781, 56450]	[[30, 4], [39, 85], [66, 400]]
"141552.b1"	141552	[0, 0, 0, -14547, 675250]	[[77, 108], [69, 4], [-139, 108]]
"141552.d1"	141552	[0, 0, 0, -651, -326]	[[-19, 72], [29, 72], [-3, 40]]
"141553.a1"	141553	[1, 0, 0, -10, 21]	[[1, 3], [3, 3], [-1, 6]]
"141870.a1"	141870	[1, 1, 0, -88, 268]	[[7, 4], [6, -2], [9, 13]]
"141870.a2"	141870	[1, 1, 0, 62, 1258]	[[-3, 34], [-9, 13], [3, 37]]
"141954.a1"	141954	[1, 1, 0, -64, 64]	[[-8, -8], [0, 8], [8, 8]]
"141958.a1"	141958	[1, 1, 0, -11, 25]	[[2, 3], [0, 5], [-4, 7]]
"141966.a1"	141966	[1, -1, 0, -279, -531]	[[-3, 18], [30, 117], [19, 18]]
"142074.a1"	142074	[1, -1, 0, -159, 809]	[[7, -5], [10, 7], [8, -5]]
"142076.a1"	142076	[0, -1, 0, -49, 74]	[[-1, 11], [10, 22], [-5, 13]]
"142148.a1"	142148	[0, 1, 0, -34, 57]	[[2, 1], [4, 1], [-2, 11]]
"142148.b1"	142148	[0, 0, 0, -101, 389]	[[5, 3], [7, 5], [1, 17]]
"142156.b1"	142156	[0, -1, 0, -1309, 18473]	[[7, 98], [19, 10], [77/2, 49/2]]
"142161.a1"	142161	[1, 1, 1, -1220, 15896]	[[18, 4], [20, -8], [23, 14]]
"142241.a1"	142241	[0, 1, 1, -52, 140]	[[5, 5], [-6, 16], [16, 60]]
"142320.a1"	142320	[0, -1, 0, 104, 4720]	[[4, 72], [-12, 40], [-14, 18]]
"142322.b1"	142322	[1, 1, 0, -134, 544]	[[6, -2], [8, 4], [2, 16]]
"142376.a1"	142376	[0, -1, 0, -345, -899]	[[25, 74], [99, 962], [-5, 26]]
"142411.a1"	142411	[0, 1, 1, -37, 77]	[[3, 1], [1, 6], [5, 6]]
"142430.a1"	142430	[1, -1, 0, -2284, 42688]	[[27, -1], [52, 224], [-48, 224]]
"142448.a1"	142448	[0, 1, 0, -520, 5364]	[[4, 58], [62, 464], [-2, 80]]
"142460.a1"	142460	[0, 0, 0, -4732, 125569]	[[38, 25], [-62, 425], [23, 170]]
"142586.a1"	142586	[1, 1, 0, -16, -4]	[[-2, 6], [-4, 6], [4, 2]]
"142760.b1"	142760	[0, -1, 0, -1036, 15236]	[[8, 86], [16, 50], [244/3, 2150/3]]
"142786.p1"	142786	[1, 0, 0, -135290, 19134436]	[[270, 1384], [204, 86], [228, 278]]
"142786.p2"	142786	[1, 0, 0, -9850, 192996]	[[4, 390], [20, 54], [18, 138]]
"142792.a1"	142792	[0, 1, 0, -380, 2704]	[[6, 26], [10, 2], [-20, 52]]
"142795.b1"	142795	[1, 0, 0, -51, 130]	[[3, 1], [-2, 16], [-7, -9]]
"142901.a1"	142901	[1, -1, 1, -111, 476]	[[6, -2], [7, -7], [15, 37]]
"142959.a1"	142959	[1, 0, 0, -444, 3249]	[[24, 69], [-3, 69], [15, -3]]
"143050.b1"	143050	[1, 1, 0, 75, 625]	[[0, 25], [-5, 15], [25, 125]]
"143392.a1"	143392	[0, 1, 0, -22, 24]	[[4, 4], [1, 2], [-4, 8]]
"143496.a1"	143496	[0, 0, 0, -471, 4250]	[[13, 18], [7, 36], [25, 90]]
"143531.a1"	143531	[0, 0, 1, -911, 10660]	[[14, 25], [-20, 144], [209/2, 2597/2]]
"143568.d1"	143568	[0, 0, 0, -939, 11306]	[[13, 36], [19, 18], [-5, 126]]
"143600.b1"	143600	[0, 1, 0, -248, 1108]	[[-2, 40], [14, 24], [-18, 8]]
"143605.a1"	143605	[0, 0, 1, -1417, 18480]	[[8, 87], [-27, 192], [57/2, 271/2]]
"143618.a1"	143618	[1, 1, 1, -379, 2697]	[[11, -2], [3, 38], [9, 6]]
"143658.b1"	143658	[1, -1, 0, -5796, 171396]	[[69, 276], [42, 6], [54, 90]]
"143710.b1"	143710	[1, 0, 1, -393, 3056]	[[5, 32], [12, 4], [-15, 82]]
"143722.a1"	143722	[1, 0, 1, -17, 0]	[[-1, 4], [-3, 6], [0, 0]]
"143884.a1"	143884	[0, 1, 0, -94, 345]	[[2, 13], [-11, 13], [28, 143]]
"143931.c1"	143931	[0, -1, 1, 3, 17]	[[-1, 3], [1, 4], [5, 11]]
"144044.a1"	144044	[0, -1, 0, -69, 289]	[[3, 10], [7, 10], [-5, 22]]
"144046.b1"	144046	[1, 1, 0, -1262, 18880]	[[18, 40], [11, 75], [-3, 152]]
"144182.a1"	144182	[1, 1, 1, -249, 1351]	[[7, 0], [-1, 40], [11, 4]]
"144256.a1"	144256	[0, 1, 0, -2025, 6439]	[[-33, 196], [-1, 92], [79, 588]]
"144256.a2"	144256	[0, 1, 0, -1535, 22609]	[[9, 98], [-33, 196], [-40, 147]]
"144376.a1"	144376	[0, -1, 0, -24, 220]	[[-2, 16], [6, 16], [1, 14]]
"144410.a1"	144410	[1, -1, 0, -460, 4000]	[[15, 10], [8, 24], [36, 164]]
"144546.e1"	144546	[1, 0, 1, -285, 1372]	[[5, 6], [14, 6], [41, 222]]
"144576.m1"	144576	[0, 0, 0, -156, 4624]	[[14, 72], [-10, 72], [86, 792]]
"144638.f1"	144638	[1, 0, 0, -4577, 118729]	[[34, 35], [138, 1387], [-18, 451]]
"144776.a1"	144776	[0, 0, 0, -271, 1714]	[[9, 2], [11, 8], [10, 2]]
"144832.e1"	144832	[0, -1, 0, -145, -559]	[[-7, 8], [-5, 4], [25, 104]]
"144872.c1"	144872	[0, 1, 0, 2151, 26635]	[[3, 182], [285/2, 5915/2], [-289/5, 2366/5]]
"144907.a1"	144907	[1, 1, 1, -130, 516]	[[6, -3], [5, 2], [12, 23]]
"144921.b1"	144921	[1, 1, 1, -587, 1172]	[[78, 622], [-20, 83], [29, 83]]
"145146.f1"	145146	[1, 0, 1, -14475, 557062]	[[-109, 972], [44, 54], [1727, 70740]]
"145182.c1"	145182	[1, 0, 1, -30, 700]	[[-1, 27], [8, 27], [-10, 0]]
"145197.a1"	145197	[0, 0, 1, -381, 3042]	[[20, 58], [-19, 58], [41/2, 113/2]]
"145206.a1"	145206	[1, -1, 0, -63, -99]	[[-6, 9], [-2, 5], [-3, 9]]
"145238.c1"	145238	[1, 0, 0, -134, 100]	[[-4, 26], [12, 10], [-12, 2]]
"145262.b1"	145262	[1, -1, 1, -1851, 31275]	[[103, 910], [29, 22], [-45, 170]]
"145272.a1"	145272	[0, -1, 0, -60, 36]	[[0, 6], [-6, 12], [12, 30]]
"145296.a1"	145296	[0, 0, 0, -2667, 53210]	[[37, 72], [13, 144], [29, 16]]
"145776.a1"	145776	[0, -1, 0, -184, 1264]	[[4, 24], [10, 18], [20, 72]]
"145806.a1"	145806	[1, 1, 0, -666, 8100]	[[-27, 99], [-8, 118], [11, 42]]
"145959.a1"	145959	[1, 0, 0, -2717, 4356]	[[55, 121], [-11, 187], [319/2, 4037/2]]
"145983.a1"	145983	[1, 1, 1, -17, 92]	[[3, 7], [-6, 7], [-5, 11]]
"145986.d1"	145986	[1, 0, 1, -4220, 104330]	[[24, 118], [33, 19], [-63, 379]]
"146058.a1"	146058	[1, 0, 1, -580, 4790]	[[7, 29], [19, 17], [73, 557]]
"146261.a1"	146261	[0, -1, 1, -208, 34]	[[-8, 33], [-11, 29], [-334/5, 1914/5]]
"146535.a1"	146535	[1, 1, 1, -361, 2474]	[[8, 9], [-19, 63], [62, 441]]
"146568.a1"	146568	[0, -1, 0, -44, 228]	[[2, 12], [8, 18], [-4, 18]]
"146586.a1"	146586	[1, 1, 0, -99, 369]	[[12, 27], [1, 16], [-10, 27]]
"146687.a1"	146687	[1, 0, 0, -15, -14]	[[-1, 1], [-2, 4], [-3, 4]]
"146708.a1"	146708	[0, 1, 0, -25, 24]	[[1, 1], [-1, 7], [5, 7]]
"146783.a1"	146783	[0, 0, 1, -251, -910]	[[-10, 24], [-6, 19], [-41/3, 305/3]]
"147033.a1"	147033	[0, 0, 1, -651, 6502]	[[25, 76], [-26, 76], [49/2, 149/2]]
"147050.a1"	147050	[1, -1, 0, -142, 16]	[[-6, 28], [-1, 13], [-11, -7]]
"147084.a1"	147084	[0, -1, 0, -82, 361]	[[6, 7], [-8, 21], [10, 21]]
"147365.c1"	147365	[0, 0, 1, -38, 88]	[[4, 0], [2, 4], [17/2, 11/2]]
"147486.b1"	147486	[1, 1, 0, -49, 121]	[[4, 1], [2, 5], [7, 10]]
"147686.b1"	147686	[1, 0, 1, -63383, 6136512]	[[180, 663], [144, -97], [102, 806]]
"147686.b2"	147686	[1, 0, 1, -4093, 88932]	[[4, 267], [53, 120], [26, 3]]
"147788.a1"	147788	[0, 1, 0, -100, 324]	[[4, 2], [8, 10], [0, 18]]
"147792.a1"	147792	[0, -1, 0, -280, 1936]	[[10, 6], [16, 36], [8, 12]]
"147908.a1"	147908	[0, 0, 0, -1463, 21486]	[[-25, 206], [187/3, 206/3], [78, 618]]
"148278.h1"	148278	[1, 1, 1, -2542, 47147]	[[49, 183], [17, 87], [-3, 235]]
"148352.a1"	148352	[0, 0, 0, -52, 22000]	[[278, 4636], [-26, 76], [34, 244]]
"148510.b1"	148510	[1, 0, 1, -563, 3906]	[[0, 62], [25, 62], [125, 1312]]
"148863.b1"	148863	[1, 1, 1, -152, 650]	[[8, 1], [-3, 34], [-14, 23]]
"148872.a1"	148872	[0, -1, 0, -489, 4365]	[[21, 54], [3, 54], [12, 9]]
"148884.b1"	148884	[0, -1, 0, -114, 513]	[[6, 3], [8, 7], [7, 3]]
"148899.a1"	148899	[1, 0, 0, -62, 81]	[[1, 4], [-8, -5], [-5, 19]]
"148959.a1"	148959	[1, -1, 1, 106, 244]	[[-2, 5], [7, 32], [43, 266]]
"148969.a1"	148969	[1, -1, 1, -21, 36]	[[2, -1], [1, 3], [4, 0]]
"148985.a1"	148985	[0, 0, 1, -127, 510]	[[3, 12], [8, 2], [13, 32]]
"149043.c1"	149043	[1, 0, 0, -2022, 34731]	[[21, 30], [-6, 219], [111/2, -3/2]]
"149074.a1"	149074	[1, 1, 1, -15472, 733137]	[[77, 37], [-75, 1253], [39, 417]]
"149120.a1"	149120	[0, -1, 0, 9, 55]	[[3, 10], [-2, 5], [6, 17]]
"149147.a1"	149147	[0, 0, 1, -211, 0]	[[21, 69], [160, 2015], [-14, 14]]
"149253.b1"	149253	[0, -1, 1, -2319, 24761]	[[-33, 253], [97, 838], [45, 97]]
"149324.a1"	149324	[0, 1, 0, -89, 280]	[[3, 7], [-11, 7], [17, 63]]
"149344.b1"	149344	[0, 1, 0, -801, 8431]	[[23, 52], [15, 4], [127, 1404]]
"149397.a1"	149397	[0, -1, 1, -14, 14]	[[1, 0], [4, 2], [-2, 5]]
"149408.a1"	149408	[0, 1, 0, -9024, 326920]	[[59, 58], [30, 290], [262, 4002]]
"149408.a2"	149408	[0, 1, 0, -614, 3976]	[[1, 58], [204, 2900], [149/2, 1479/2]]
"149482.a1"	149482	[1, -1, 0, -31, 93]	[[2, 5], [-2, 13], [-6, 9]]
"149505.a1"	149505	[0, 1, 1, -2326, 42280]	[[32, 40], [14, 112], [29, 7]]
"149656.a1"	149656	[0, 0, 0, -79, 466]	[[-3, 26], [23, 104], [10, 26]]
"149727.a1"	149727	[1, 1, 1, -29, 56]	[[3, 1], [0, 7], [2, 2]]
"149838.b1"	149838	[1, 1, 0, -351, 2385]	[[12, 3], [9, 3], [11, -3]]
"149838.b2"	149838	[1, 1, 0, -221, 4335]	[[7, 53], [-17, 68], [35, 185]]
"149848.a1"	149848	[0, -1, 0, -9, 109]	[[1, 10], [-3, 10], [-5, 2]]
"149894.a1"	149894	[1, 0, 1, -413, 3192]	[[11, -2], [12, -9], [14, 7]]
"149902.c1"	149902	[1, 0, 0, -197, 961]	[[10, -9], [2, 23], [6, -5]]
"149905.a1"	149905	[1, 1, 1, 14, 114]	[[-4, 5], [3, 12], [-1, 10]]
"149959.a1"	149959	[0, -1, 1, 18, 90]	[[4, 14], [33, 188], [-2, 6]]
"150011.a1"	150011	[0, 0, 1, 11, 12]	[[-1, 0], [0, 3], [2, 6]]
"150128.b1"	150128	[0, 1, 0, 208, 4564]	[[10, 88], [-1, 66], [-86/3, 1144/3]]
"150128.c1"	150128	[0, 1, 0, -296, 1876]	[[10, 4], [2, 36], [18, 52]]
"150147.a1"	150147	[0, 0, 1, -27, 506]	[[0, 22], [-9, 4], [9, 31]]
"150249.d1"	150249	[1, 1, 1, -1310, 18776]	[[-34, 176], [21, 22], [-12, 187]]
"150274.c1"	150274	[1, 1, 1, -1039, 11541]	[[27, 50], [11, 34], [59, 370]]
"150425.a1"	150425	[1, 1, 1, -1263, 30406]	[[-40, 157], [115/2, 981/2], [35, 157]]
"150464.a1"	150464	[0, 0, 0, -28, 304]	[[2, 16], [-6, 16], [10, 32]]
"150506.a1"	150506	[1, -1, 0, -226, 1366]	[[9, -4], [7, 6], [35/2, -27/2]]
"150506.b1"	150506	[1, 1, 1, -67, 1185]	[[3, 30], [-13, -2], [35, 190]]
"150518.b1"	150518	[1, -1, 0, -893, -9779]	[[39, 97], [-17, -8], [37, 64]]
"150518.b2"	150518	[1, -1, 0, -133, 405]	[[2, 11], [18, 51], [11, 8]]
"150686.c1"	150686	[1, 1, 1, -20092, 1087197]	[[89, 73], [77, 25], [1989/5, -3147/5]]
"150720.b1"	150720	[0, -1, 0, -401, 4785]	[[53, 360], [13, 40], [-19, 72]]
"150748.c1"	150748	[0, 0, 0, -104, 676]	[[0, 26], [13, 39], [52/3, 442/3]]
"150768.b1"	150768	[0, 0, 0, -9531, 358506]	[[45, 144], [63, 90], [189, 2304]]
"150912.a1"	150912	[0, 0, 0, -84, -144]	[[-6, 12], [-2, 4], [10, 4]]
"150974.a1"	150974	[1, 1, 0, -38, 1336]	[[26, 124], [-4, 40], [300, 5056]]
"151003.a1"	151003	[0, 1, 1, -34, 68]	[[3, 1], [2, 3], [4, 3]]
"151003.b1"	151003	[0, 0, 1, -302, 22321]	[[259, 4161], [-47/3, 4148/3], [-31, 43]]
"151038.a1"	151038	[1, -1, 0, -36, 36]	[[0, 6], [6, 0], [-6, 0]]
"151098.d1"	151098	[1, 1, 1, -192, 1377]	[[-11, 53], [13, 29], [5, 21]]
"151145.a1"	151145	[0, 1, 1, -4256, 105606]	[[12, 237], [36, 18], [-38, 462]]
"151194.d1"	151194	[1, 1, 1, -402, 2847]	[[9, 3], [13, -1], [25, 83]]
"151210.a1"	151210	[1, 0, 1, -93, 308]	[[4, 0], [9, 10], [-11, 0]]
"151361.a1"	151361	[1, 0, 0, -344, -407]	[[-17, 33], [-3, 26], [81, 670]]
"151383.a1"	151383	[0, 1, 1, -192, 920]	[[6, 4], [15, 40], [9, 1]]
"151384.b1"	151384	[0, -1, 0, -139, 680]	[[7, 1], [8, 4], [29/2, 7/2]]
"151437.a1"	151437	[0, -1, 1, -330, 5222]	[[6, 58], [141/2, 1517/2], [-12, 85]]
"151449.b1"	151449	[0, 1, 1, -6792, 213302]	[[45, 28], [102, 769], [-12, 541]]
"151751.a1"	151751	[1, 1, 1, 13, 0]	[[0, 0], [1, 3], [6, 15]]
"151754.a1"	151754	[1, 1, 0, -8, 124]	[[-3, 13], [20, 82], [11/2, 81/2]]
"151848.b1"	151848	[0, 0, 0, -1839, 30386]	[[29, 38], [25, 6], [-47, 114]]
"151872.b1"	151872	[0, -1, 0, -1225, 16201]	[[31, 84], [3, 112], [13, 48]]
"151872.b2"	151872	[0, -1, 0, 735, 61281]	[[3, 252], [129, 1512], [-15, 216]]
"152259.b1"	152259	[1, 1, 1, -2519, 47612]	[[30, -2], [26, 10], [84, 619]]
"152280.a1"	152280	[0, 0, 0, -63, 738]	[[9, 30], [-3, 30], [3, 24]]
"152282.a1"	152282	[1, 0, 1, -286, 1872]	[[-3, 53], [10, 1], [27/2, 99/2]]
"152302.b1"	152302	[1, 0, 0, 101, 465]	[[-2, 17], [6, 33], [10, 45]]
"152304.a1"	152304	[0, -1, 0, -160, 16]	[[-2, 18], [16, 36], [0, 4]]
"152341.a1"	152341	[0, 0, 1, -49, 12]	[[0, 3], [7, 3], [14, 45]]
"152367.a1"	152367	[0, 1, 1, -772, -2660]	[[-25, 40], [56, 364], [29, 13]]
"152433.a1"	152433	[1, -1, 1, -11, 172]	[[-2, 14], [4, 11], [-5, 11]]
"152438.b1"	152438	[1, 0, 1, -10820, 432642]	[[105, 623], [66, 51], [40, 233]]
"152438.b2"	152438	[1, 0, 1, 12840, 1946882]	[[1795, 75321], [196, 3366], [-9, 1357]]
"152464.a1"	152464	[0, 0, 0, -211, 466]	[[25, 104], [-1, 26], [-7, 40]]
"152510.a1"	152510	[1, 0, 1, -224, 1266]	[[8, -7], [9, -7], [11, 7]]
"152510.b1"	152510	[1, 0, 1, -728, 7398]	[[9, 35], [49, 275], [17, -5]]
"152510.d1"	152510	[1, -1, 0, -95, -175]	[[-5, 15], [20, 65], [-7, -7]]
"152650.a1"	152650	[1, 0, 1, -11651, 483198]	[[47, 176], [72, 101], [583/3, 112/3]]
"152912.a1"	152912	[0, 0, 0, -91, 1354]	[[29, 152], [-9, 38], [10, 38]]
"153018.a1"	153018	[1, -1, 0, -234, -536]	[[-10, 32], [17, 5], [44, 248]]
"153026.b1"	153026	[1, 0, 0, -985, 11961]	[[16, 11], [-22, 163], [10, 51]]
"153045.e1"	153045	[1, -1, 1, -698, 11306]	[[120, 1222], [6, 82], [25, 82]]
"153127.a1"	153127	[0, 1, 1, -72, 222]	[[3, 6], [-10, 6], [16, 58]]
"153207.a1"	153207	[0, 0, 1, 99, 830]	[[24, 130], [-5, 14], [9/2, 257/2]]
"153356.a1"	153356	[0, 1, 0, -225, 1024]	[[5, 7], [-9, 49], [33, 175]]
"153458.a1"	153458	[1, -1, 0, -121, 541]	[[6, -1], [7, -3], [10, 11]]
"153462.c1"	153462	[1, 1, 1, -582, 5187]	[[13, -1], [17, 15], [9, 23]]
"153522.a1"	153522	[1, -1, 0, -63, 225]	[[6, 3], [0, 15], [3, 6]]
"153523.a1"	153523	[0, 0, 1, -20, 39]	[[3, 2], [1, 4], [9/2, 15/2]]
"153560.a1"	153560	[0, 0, 0, -268, 1492]	[[26, 110], [4, 22], [-18, 22]]
"153568.a1"	153568	[0, -1, 0, -22, 56]	[[2, 4], [4, 4], [-4, 8]]
"153669.a1"	153669	[0, -1, 1, -24, 50]	[[2, 2], [4, 1], [5, 5]]
"153749.a1"	153749	[0, 1, 1, -42, 90]	[[3, 0], [4, 1], [5, 5]]
"153756.a1"	153756	[0, 0, 0, -1296, 17956]	[[20, 6], [21, 1], [29, 69]]
"153811.a1"	153811	[1, 0, 0, -1, 132]	[[-3, 12], [4, 12], [1, 11]]
"153853.a1"	153853	[0, 0, 1, -409, -2520]	[[85, 759], [-13, 24], [23, 15]]
"153853.b1"	153853	[0, -1, 1, -616, 6088]	[[17, 15], [-14, 108], [79, 666]]
"153872.d1"	153872	[0, -1, 0, 264, -1088]	[[46, 326], [88/3, 1304/3], [21/2, 163/2]]
"153909.c1"	153909	[1, -1, 1, -671, 2720]	[[30, 79], [-12, 100], [-24, 79]]
"153936.f1"	153936	[0, 0, 0, -171, 2106]	[[9, 36], [-15, 36], [-9, 54]]
"154037.b1"	154037	[0, 1, 1, -538, 3416]	[[-19, 84], [7, 6], [-11/2, 555/2]]
"154095.a1"	154095	[1, 0, 0, -1, 380]	[[-7, -4], [8, 26], [-4, 20]]
"154122.a1"	154122	[1, 0, 1, 22, 992]	[[-6, 28], [45, 283], [11, 45]]
"154334.a1"	154334	[1, 1, 1, -22, 147]	[[-7, 7], [-3, 15], [5, 11]]
"154395.a1"	154395	[0, 0, 1, -183, 688]	[[1, 22], [-14, 22], [4, 4]]
"154395.h1"	154395	[0, 0, 1, -144768, 21199198]	[[526, 9517], [202, 445], [5536/5, 1841/5]]
"154403.a1"	154403	[1, -1, 1, -120, 534]	[[7, -6], [6, -1], [3, 12]]
"154404.a1"	154404	[0, 0, 0, -1416, 20644]	[[20, 18], [32, 90], [56, 342]]
"154437.a1"	154437	[1, 0, 0, -4989, -55260]	[[123, 1032], [-39, 303], [-219/4, 6999/4]]
"154707.b1"	154707	[0, 1, 1, -652, 4750]	[[-22, 94], [5, 40], [-1, 73]]
"154788.a1"	154788	[0, -1, 0, -37, 289]	[[7, 18], [-5, 18], [3, 14]]
"154905.b1"	154905	[0, 1, 1, -346, 2086]	[[-13, 67], [14, 13], [5, 22]]
"154926.c1"	154926	[1, -1, 0, -1068, 13724]	[[19, -5], [10, 58], [1, 112]]
"154952.a1"	154952	[0, 1, 0, 20, 69]	[[-1, 7], [6, 21], [2, 11]]
"154995.a1"	154995	[0, -1, 1, -100, 156]	[[0, 12], [-5, 22], [25, 112]]
"155034.a1"	155034	[1, -1, 0, -5199, 145709]	[[70, 313], [-17, 487], [41, -6]]
"155170.d1"	155170	[1, -1, 1, -1053, 12837]	[[23, 8], [-17, 168], [63, 408]]
"155175.a1"	155175	[0, -1, 1, -308, 2018]	[[2, 37], [17, 37], [-8, 62]]
"155179.a1"	155179	[1, 1, 1, -17, 12]	[[0, 3], [3, -1], [4, 3]]
"155382.b1"	155382	[1, 1, 0, 4, 204]	[[14, 50], [-5, -7], [-1/2, 115/2]]
"155447.a1"	155447	[1, 0, 0, -5271, 39754]	[[-18, 368], [4595/2, 306299/2], [17427/7, 2192987/7]]
"155474.c1"	155474	[1, 1, 0, -333, 1369]	[[37, 185], [0, 37], [444, 9139]]
"155522.a1"	155522	[1, -1, 0, -95, 397]	[[6, 1], [-2, 25], [-9, 26]]
"155749.a1"	155749	[1, -1, 1, -1429, 21142]	[[20, 6], [22, -12], [64, 402]]
"155835.a1"	155835	[0, 0, 1, -213, 1194]	[[9, 2], [8, 1], [11, 13]]
"155890.b1"	155890	[1, 0, 1, -13149, 581372]	[[163, 1584], [44, 275], [61, 54]]
"155917.a1"	155917	[1, -1, 1, -51, 150]	[[4, -2], [5, -1], [1, 9]]
"155963.b1"	155963	[0, 0, 1, -2416, 46800]	[[-10, 264], [82, 632], [32, 47]]
"155968.a1"	155968	[0, 1, 0, -209, 1135]	[[7, 8], [15, 40], [9, 8]]
"156165.b1"	156165	[1, 0, 0, -16941, 863550]	[[-111, 1230], [63, 186], [51, 339]]
"156182.b1"	156182	[1, 0, 1, -59, 198]	[[7, 8], [-1, 16], [-9, 0]]
"156308.a1"	156308	[0, 1, 0, -69, -185]	[[-3, 2], [-7, 2], [-6, 7]]
"156561.a1"	156561	[0, -1, 1, -672, 6932]	[[17, 11], [15, 1], [14, 8]]
"156795.a1"	156795	[1, 1, 1, 59, -112]	[[11, 39], [2, 3], [56, 399]]
"156845.a1"	156845	[1, 0, 0, 279, 2326]	[[71, 582], [-5, 31], [-1/2, 381/2]]
"156882.a1"	156882	[1, 1, 0, -3921, -96105]	[[-37, 24], [73, 79], [95, 585]]
"156882.a2"	156882	[1, 1, 0, -291, -999]	[[-4, -9], [40, 211], [29, 112]]
"157006.a1"	157006	[1, 1, 1, -288534, 59553811]	[[253, 1555], [-95, 9327], [311, -11]]
"157059.a1"	157059	[0, 0, 1, 9, 56]	[[-3, 1], [0, 7], [3, 10]]
"157068.c1"	157068	[0, 0, 0, -309, -1091]	[[-7, 27], [-13, 27], [47, 297]]
"157126.a1"	157126	[1, 0, 1, -462, 3776]	[[13, -3], [12, -8], [109/3, -185/3]]
"157168.a1"	157168	[0, 0, 0, -65107, 6394930]	[[127, 418], [-139, 3572], [165, 380]]
"157194.a1"	157194	[1, -1, 0, -54, 144]	[[6, 0], [0, 12], [3, 0]]
"157353.a1"	157353	[0, -1, 1, -512, 4640]	[[8, 31], [15, 10], [53/2, 17/2]]
"157376.e1"	157376	[0, 0, 0, -188, 944]	[[10, 8], [2, 24], [34, 184]]
"157394.b1"	157394	[1, 0, 0, -139, 753]	[[6, 9], [-2, 33], [14, 33]]
"157609.a1"	157609	[1, -1, 1, -174, 924]	[[8, -4], [7, 0], [11, 10]]
"157643.a1"	157643	[0, 0, 1, -886, 10157]	[[21, 28], [65/2, 53/2], [241/4, 937/4]]
"157649.a1"	157649	[1, 0, 0, -19, 24]	[[1, 2], [4, 2], [-1, 7]]
"157660.a1"	157660	[0, 1, 0, -116, -380]	[[-8, 10], [12, 10], [16, 46]]
"158043.a1"	158043	[0, -1, 1, -174, 944]	[[8, 0], [7, 4], [14, 32]]
"158058.a1"	158058	[1, -1, 0, 12, 5840]	[[-8, 76], [1, 76], [-17, 31]]
"158179.a1"	158179	[1, 0, 0, -60, 181]	[[5, 1], [4, 1], [12, 29]]
"158191.a1"	158191	[1, 0, 0, -2, 19]	[[-1, 5], [-2, 5], [-3, 2]]
"158198.a1"	158198	[1, -1, 0, -271, 1773]	[[14, 17], [-2, 49], [-18, 33]]
"158255.a1"	158255	[0, 1, 1, -280, 2006]	[[15, 37], [-10, 62], [5, 27]]
"158291.a1"	158291	[0, 1, 1, -35, -75]	[[-3, 3], [-5, 0], [-19/2, 17/2]]
"158330.b1"	158330	[1, 1, 0, -4403, -106643]	[[111, 832], [86, 357], [-31, 51]]
"158352.a1"	158352	[0, -1, 0, -472, 4144]	[[12, 8], [4, 48], [20, 48]]
"158442.b1"	158442	[1, 1, 1, -1375, 18821]	[[11, 66], [27, 34], [23, -6]]
"158572.b1"	158572	[0, 1, 0, -269, 1612]	[[9, 1], [7, 11], [3, 29]]
"158590.c1"	158590	[1, -1, 1, -228, 1287]	[[13, 13], [5, 13], [-7, 53]]
"158721.a1"	158721	[1, 1, 1, -2559, 48762]	[[-14, 293], [256/3, -302/3], [28, -7]]
"158753.a1"	158753	[1, 0, 0, -109, 408]	[[3, 9], [-4, 30], [-11, 23]]
"158859.b1"	158859	[0, 0, 1, -14169, 649242]	[[50, 256], [68, 13], [12, 693]]
"158859.d1"	158859	[0, 0, 1, -183, 1822]	[[13, 40], [-14, 40], [25/2, 239/2]]
"158946.a1"	158946	[1, 1, 0, -97, -395]	[[-6, 7], [-7, 2], [-62/3, 29/3]]
"158946.h1"	158946	[1, 0, 1, -397, 2996]	[[13, 2], [10, 2], [1, 50]]
"158962.a1"	158962	[1, 0, 1, -65, 192]	[[5, -4], [4, -1], [6, 2]]
"159011.a1"	159011	[1, -1, 1, -24, 54]	[[3, 0], [2, 2], [4, 1]]
"159093.a1"	159093	[0, 0, 1, -309, 1840]	[[-2, 49], [7, 4], [16, 31]]
"159110.a1"	159110	[1, 0, 1, -199, -678]	[[-5, 16], [16, 9], [51, 324]]
"159277.b1"	159277	[1, 1, 1, -3189, 57382]	[[295/2, 3539/2], [184/3, 670/3], [50, 136]]
"159402.a1"	159402	[1, 1, 0, -152, 660]	[[8, 2], [6, 0], [7, -3]]
"159534.a1"	159534	[1, -1, 0, -189, 729]	[[0, 27], [18, 45], [12, 3]]
"159537.a1"	159537	[0, -1, 1, 86, 600]	[[4, 31], [-5, 4], [22, 112]]
"159594.a1"	159594	[1, 1, 0, 200, 484]	[[3, 32], [70, 568], [0, 22]]
"159605.a1"	159605	[0, 1, 1, -860, 9414]	[[16, 2], [11, 37], [69/2, 21/2]]
"159650.b1"	159650	[1, 0, 1, -2126, 37548]	[[23, 19], [27, -9], [238/3, -293/3]]
"159654.l1"	159654	[1, 1, 1, -442, 2375]	[[25, 75], [-19, 75], [17, 3]]
"159669.a1"	159669	[1, -1, 1, -20, 0]	[[-4, 3], [5, 0], [-3, 6]]
"159686.a1"	159686	[1, 0, 1, 8, 54]	[[-3, 3], [1, 7], [-2, 6]]
"159732.a1"	159732	[0, 0, 0, -504, 4329]	[[10, 17], [12, 3], [-24, 51]]
"159898.a1"	159898	[1, -1, 1, -1581, 46101]	[[-33, 264], [15, 152], [-49, 88]]
"159935.a1"	159935	[0, 1, 1, 1010, 4244]	[[1, 72], [146, 1812], [71, 662]]
"159990.a1"	159990	[1, 1, 0, -58, 112]	[[1, 7], [6, 2], [16, 52]]
"160016.b1"	160016	[0, 0, 0, -251, 1546]	[[9, 4], [1, 36], [10, 6]]
"160210.a1"	160210	[1, 0, 1, -803, 9198]	[[-1, 100], [24, 50], [14, 20]]
"160503.a1"	160503	[1, 1, 1, -125, 416]	[[-6, 34], [3, 7], [39/2, 83/2]]
"160523.b1"	160523	[1, -1, 1, -307, 2260]	[[8, 12], [-14, 67], [107, 1035]]
"160640.d1"	160640	[0, 1, 0, -1785, 28183]	[[11, 100], [31, 60], [41, 160]]
"160744.d1"	160744	[0, 0, 0, -206, 1161]	[[20, 71], [8, 5], [5, 16]]
"160758.b1"	160758	[1, -1, 0, -126, 468]	[[12, 18], [-12, -6], [4, 2]]
"160806.c1"	160806	[1, 1, 1, -225, 1311]	[[7, 8], [-17, 32], [15, 32]]
"160960.d1"	160960	[0, 0, 0, -1732, 29056]	[[12, 100], [22, 40], [62, 400]]
"160960.j1"	160960	[0, -1, 0, -681, 7081]	[[21, 40], [16, 5], [15, 4]]
"160966.d1"	160966	[1, -1, 1, -7836, 530655]	[[-75, 869], [309, 5093], [53, 485]]
"160992.a1"	160992	[0, 0, 0, -18732, 986560]	[[86, 108], [77, 27], [78, 4]]
"160992.a2"	160992	[0, 0, 0, -1317, 11320]	[[89, 774], [3, 86], [68, 486]]
"160992.c1"	160992	[0, 0, 0, -1596, -12256]	[[70, 468], [-34, 52], [44, 52]]
"160992.c2"	160992	[0, 0, 0, 339, -1420]	[[7, 36], [13, 72], [5, 20]]
"161018.a1"	161018	[1, -1, 0, -229, 3889]	[[-7, 75], [136, 1505], [-20, 23]]
"161062.a1"	161062	[1, 0, 1, -105, 272]	[[11, 16], [0, 16], [22, 82]]
"161131.a1"	161131	[0, 1, 1, -160, 728]	[[7, 0], [6, 4], [29/2, 7/2]]
"161135.f1"	161135	[0, 0, 1, -3358, 58188]	[[16, 92], [-58, 240], [72, 435]]
"161324.a1"	161324	[0, 0, 0, -424, 3364]	[[12, 2], [8, 22], [13, 7]]
"161348.a1"	161348	[0, 0, 0, -1951, -31706]	[[-25, 38], [-29, 22], [127, 1330]]
"161376.u1"	161376	[0, 1, 0, -1585, 23039]	[[35, 108], [17, 36], [-19, 216]]
"161442.b1"	161442	[1, -1, 0, 414, 2916]	[[24, 150], [-3, 42], [9, 81]]
"161454.a1"	161454	[1, 1, 0, -11254, 455764]	[[76, 178], [12, 562], [83, 278]]
"161512.a1"	161512	[0, 1, 0, -44, 16]	[[-2, 10], [0, 4], [6, 2]]
"161664.a1"	161664	[0, -1, 0, -329, 2265]	[[17, 36], [-19, 36], [8, 9]]
"161685.b1"	161685	[0, 0, 1, -417, 1980]	[[-7, 67], [38, 202], [23, 67]]
"161712.b1"	161712	[0, 0, 0, -819, 9234]	[[21, 36], [15, 18], [-3, 108]]
"161736.a1"	161736	[0, -1, 0, -19, 64]	[[4, 6], [-5, 3], [7, 15]]
"161747.a1"	161747	[1, -1, 1, 0, 84]	[[2, 8], [21, 84], [-4, 4]]
"161782.c1"	161782	[1, 1, 1, -1739, 26745]	[[19, 22], [-45, 150], [-29, 246]]
"161871.a1"	161871	[0, -1, 1, -893, 6815]	[[-9, 118], [149, 1777], [881/5, 16646/5]]
"161915.a1"	161915	[1, 0, 0, -1, 156]	[[-5, 9], [21, 87], [8, 22]]
"161961.a1"	161961	[0, -1, 1, -14, 44]	[[2, 4], [-1, 7], [-4, 4]]
"161978.a1"	161978	[1, 1, 0, -43, 89]	[[4, -3], [2, 3], [5, 3]]
"162029.a1"	162029	[1, -1, 1, 696, 4422]	[[154, 1858], [7, 94], [63/2, 1039/2]]
"162039.c1"	162039	[0, -1, 1, -23, 35]	[[5, 4], [-1, 7], [11, 31]]
"162139.a1"	162139	[1, 1, 1, -82, 270]	[[8, 10], [3/2, 109/2], [43/3, 38/3]]
"162144.a1"	162144	[0, 0, 0, -204, 1184]	[[10, 12], [2, 28], [-14, 36]]
"162173.a1"	162173	[0, 1, 1, -1726, 29234]	[[8, 126], [41, 170], [-47, 93]]
"162211.a1"	162211	[0, 0, 1, -31, 42]	[[1, 3], [-6, 3], [8, 17]]
"162270.a1"	162270	[1, -1, 0, -90, 400]	[[5, 5], [-10, 20], [2, 14]]
"162418.b1"	162418	[1, -1, 0, -88, -276]	[[-6, 6], [-5, 7], [-25/2, 31/2]]
"162418.b2"	162418	[1, -1, 0, 82, -1330]	[[13, 36], [11, 23], [115, 1175]]
"162423.a1"	162423	[0, 0, 1, -219, 1210]	[[10, 4], [7, 4], [1, 31]]
"162468.a1"	162468	[0, 0, 0, -24, 81]	[[0, 9], [-6, 3], [3, 6]]
"162510.b1"	162510	[1, 1, 0, -107, 1101]	[[2, 29], [22, 89], [7, 24]]
"162541.a1"	162541	[0, 0, 1, -4222, -94269]	[[1877, 81270], [-33, 95], [441/2, 7063/2]]
"162626.b1"	162626	[1, 0, 1, -20024, 1193478]	[[57, 459], [-126, 1374], [2096/5, 35354/5]]
"162638.a1"	162638	[1, 0, 1, -232, 1890]	[[10, 19], [3, 33], [-4, 54]]
"162688.a1"	162688	[0, 1, 0, -16649, 803335]	[[623, 15252], [3, 868], [34, 527]]
"162688.a2"	162688	[0, 1, 0, 161, 40161]	[[295, 5084], [8, 205], [157/2, 2635/2]]
"162712.a1"	162712	[0, 0, 0, -559, 5074]	[[17, 22], [13, 2], [11, 16]]
"162753.a1"	162753	[1, 0, 0, -47, 156]	[[4, 4], [7, 10], [1, 10]]
"162768.a1"	162768	[0, -1, 0, -160, 736]	[[4, 12], [10, 6], [12, 20]]
"162827.c1"	162827	[0, 0, 1, -5782, 169356]	[[28, 171], [42, 24], [448/3, 1873/3]]
"162828.c1"	162828	[0, 0, 0, -156, 1289]	[[4, 27], [-14, 27], [-8, 45]]
"162918.a1"	162918	[1, -1, 0, -189, 949]	[[-10, 47], [11, 5], [14, 23]]
"163048.a1"	163048	[0, 0, 0, -394, -2999]	[[28, 89], [-104/3, 89/3], [-12, 1]]
"163060.b1"	163060	[0, -1, 0, -65, -38]	[[-1, 5], [9, 5], [-3, 11]]
"163143.b1"	163143	[1, -1, 1, -401, 3192]	[[14, 6], [5, 33], [47/2, -69/2]]
"163157.a1"	163157	[0, 1, 1, -64, 176]	[[4, 0], [5, 2], [3, 4]]
"163174.a1"	163174	[1, 0, 1, -413, 5112]	[[11, 38], [99, 918], [44, 247]]
"163368.a1"	163368	[0, 0, 0, -444, 2036]	[[-2, 54], [-20, 54], [34, 162]]
"163467.b1"	163467	[1, -1, 1, -1118963, 455866948]	[[598, 254], [9773/4, -20029/4], [614, -437]]
"163531.a1"	163531	[0, 1, 1, 8, 20]	[[-2, 0], [-1, 3], [0, 4]]
"163641.a1"	163641	[0, -1, 1, -90, 362]	[[6, 1], [3, 10], [5, 3]]
"163737.a1"	163737	[0, 0, 1, -1209, 16632]	[[32, 103], [23, 31], [-37, 103]]
"164003.a1"	164003	[1, -1, 1, -69, 242]	[[2, 9], [-5, 23], [4, 2]]
"164004.a1"	164004	[0, -1, 0, 75, 81]	[[3, 18], [-1, 2], [7, 30]]
"164238.c1"	164238	[1, 1, 1, -155, 1001]	[[3, 22], [11, 22], [-9, 46]]
"164310.a1"	164310	[1, 1, 0, -582, 4464]	[[-2, 76], [18, 6], [23, 51]]
"164448.b1"	164448	[0, 0, 0, -1596, 26624]	[[10, 108], [34, 108], [64, 432]]
"164686.a1"	164686	[1, -1, 0, -3116, 67728]	[[29, 19], [32, -12], [131/2, -123/2]]
"164720.d1"	164720	[0, -1, 0, -616, -2320]	[[44, 232], [-14, 58], [28, 40]]
"164800.m1"	164800	[0, 1, 0, -433, 3663]	[[23, 80], [13, 20], [-17, 80]]
"164937.a1"	164937	[0, -1, 1, 8, 30]	[[-2, 1], [4, 10], [-1, 4]]
"164944.f1"	164944	[0, -1, 0, -58192, 5399744]	[[88, 976], [152, 208], [698, 17446]]
"164944.f2"	164944	[0, -1, 0, -4112, -94784]	[[152, 1664], [-30, 26], [-296/3, 1664/3]]
"164952.a1"	164952	[0, 0, 0, -39, 2986]	[[-7, 54], [29, 162], [5, 54]]
"164990.b1"	164990	[1, -1, 1, -933, 12381]	[[15, 32], [31, 96], [3, 96]]
"165015.a1"	165015	[0, 0, 1, -903, 10858]	[[61, 427], [16, 22], [73/2, 167/2]]
"165078.a1"	165078	[1, -1, 0, -13488, 606320]	[[67, -29], [76, 88], [259/2, 29/2]]
"165192.a1"	165192	[0, -1, 0, 25, -144]	[[5, 9], [4, 2], [9, 27]]
"165192.b1"	165192	[0, -1, 0, -1364, 19860]	[[26, 36], [22, 4], [-10, 180]]
"165207.a1"	165207	[0, -1, 1, -154, 750]	[[10, 10], [3, 17], [31, 157]]
"165215.a1"	165215	[1, 0, 0, -36, 91]	[[1, 7], [6, 7], [3, 2]]
"165392.a1"	165392	[0, 1, 0, -64, 276]	[[6, 12], [-2, 20], [4, 10]]
"165460.a1"	165460	[0, 1, 0, -420, 3268]	[[16, 30], [-4, 70], [11, 10]]
"165464.a1"	165464	[0, 0, 0, -22036, 9124]	[[-120, 962], [-94, 1118], [842, 24050]]
"165489.a1"	165489	[0, 1, 1, -30, 110]	[[-3, 13], [6, 13], [3, 7]]
"165518.b1"	165518	[1, 0, 0, -549, 4225]	[[18, 7], [-14, 103], [50, 295]]
"165609.a1"	165609	[1, -1, 1, -419, 3444]	[[14, 6], [11, 3], [-13, 87]]
"165618.b1"	165618	[1, -1, 1, -1742, 29405]	[[25, 19], [9, 115], [-39, 211]]
"165624.a1"	165624	[0, -1, 0, -27, 36]	[[-3, 9], [0, 6], [1, 3]]
"165624.e1"	165624	[0, -1, 0, -4756, -123116]	[[90, 412], [-155/2, 309/2], [193, 2472]]
"165650.a1"	165650	[1, 0, 1, -126, 548]	[[7, 1], [-3, 31], [-13, 1]]
"165680.c1"	165680	[0, 0, 0, -1747, 14386]	[[157, 1900], [-33, 190], [5, 76]]
"165693.a1"	165693	[0, -1, 1, -1127, 9767]	[[-13, 148], [245/2, 3263/2], [97, 896]]
"165729.a1"	165729	[0, 1, 1, -44, 908]	[[-11, 13], [16, 67], [7, 31]]
"165810.c1"	165810	[1, 1, 0, -207, 1089]	[[8, 1], [3, 21], [-12, 51]]
"166146.c1"	166146	[1, 1, 1, -80, -79]	[[-3, 13], [9, 1], [-9, 1]]
"166180.a1"	166180	[0, 0, 0, -208, 1993]	[[-16, 35], [-2, 49], [12, 35]]
"166198.a1"	166198	[1, -1, 0, 14, 16]	[[0, 4], [2, 6], [-1, 0]]
"166210.a1"	166210	[1, 0, 1, -19, 126]	[[3, 8], [-2, 13], [-5, -8]]
"166222.a1"	166222	[1, -1, 0, -166, 868]	[[8, -2], [4, 14], [7, 0]]
"166276.b1"	166276	[0, -1, 0, -21, 529]	[[3, 22], [-8, 11], [0, 23]]
"166299.a1"	166299	[0, 1, 1, -530, 4310]	[[-11, 94], [10, 10], [7, 31]]
"166318.c1"	166318	[1, 1, 1, -264, 1417]	[[5, 13], [13, 13], [-11, 61]]
"166476.a1"	166476	[0, -1, 0, -380, 3096]	[[14, 18], [-22, 18], [5, 36]]
"166498.a1"	166498	[1, -1, 0, 875, 14449]	[[75, 668], [-8, 87], [109, 1127]]
"166543.a1"	166543	[0, 1, 1, -182, 1260]	[[21, 84], [8, 19], [45/2, 217/2]]
"166634.a1"	166634	[1, 0, 1, -2253, 40952]	[[31, 18], [23, 26], [-37, 290]]
"166634.a2"	166634	[1, 0, 1, -1993, 50832]	[[1, 220], [11, 168], [-16, 288]]
"166700.a1"	166700	[0, 0, 0, -535, 4750]	[[15, 10], [11, 14], [35, 170]]
"166723.a1"	166723	[1, 0, 0, -3, -20]	[[3, -1], [4, 4], [8, 18]]
"166870.b1"	166870	[1, 0, 1, -1808, 1806]	[[-10, 142], [45, 87], [65, 367]]
"166870.b2"	166870	[1, 0, 1, 7212, 16238]	[[29, 485], [44, 625], [4, 210]]
"166897.a1"	166897	[1, -1, 1, -177, 1470]	[[2, 32], [136, 1506], [42, 237]]
"166949.a1"	166949	[0, 0, 1, -104, -408]	[[-6, 0], [-23/2, -1/2], [82, 736]]
"166953.a1"	166953	[0, -1, 1, 128, -1800]	[[28, 151], [13, 43], [42, 275]]
"167026.c1"	167026	[1, -1, 0, -38, 96]	[[2, 4], [3, 0], [5, 1]]
"167072.a1"	167072	[0, 1, 0, -177, -117761]	[[51, 92], [74, 529], [189, 2576]]
"167072.b1"	167072	[0, 1, 0, -97, 399]	[[3, 12], [11, 28], [5, 8]]
"167109.a1"	167109	[0, 1, 1, -312, -1510]	[[-6, 13], [21, 40], [-9, 25]]
"167175.b1"	167175	[1, -1, 1, -230, 4522]	[[34, 170], [-16, 70], [14, 55]]
"167243.d1"	167243	[0, 1, 1, -59, -39]	[[13, 39], [-27/2, 75/2], [17, 64]]
"167282.b1"	167282	[1, 0, 0, -235, 561]	[[-2, 33], [14, 1], [30, 129]]
"167523.a1"	167523	[1, 1, 1, 19, 20]	[[0, 4], [-1, 1], [2, 7]]
"167653.a1"	167653	[1, 0, 0, -146, 517]	[[39, 214], [-116/3, 641/3], [157/4, 153/4]]
"167690.g1"	167690	[1, 0, 0, -2056, -33024]	[[70, 374], [60, 216], [-20, 24]]
"167690.g2"	167690	[1, 0, 0, -456, 3136]	[[8, 0], [0, 56], [6, 22]]
"167736.c1"	167736	[0, -1, 0, -16784, -831300]	[[-74, 4], [150, 60], [5350/3, 380780/3]]
"167736.c2"	167736	[0, -1, 0, -1124, -10716]	[[-20, 58], [92, 810], [-12, 30]]
"167790.a1"	167790	[1, 1, 0, -3783, 87987]	[[41, 42], [37, 1], [91, 667]]
"167790.a2"	167790	[1, 1, 0, -213, 1593]	[[-1, 43], [3, 30], [84, 723]]
"167844.a1"	167844	[0, -1, 0, 31, -30]	[[5, 15], [1, 1], [2, 6]]
"167866.a1"	167866	[1, 0, 0, -54, 100]	[[0, 10], [-4, 18], [2, 0]]
"168283.a1"	168283	[0, 0, 1, -79, 282]	[[7, 8], [-10, 8], [5, 3]]
"168283.b1"	168283	[0, -1, 1, 11794, -83880]	[[122, 1776], [768, 21479], [775/3, 33740/3]]
"168322.a1"	168322	[1, -1, 0, -1093, 14209]	[[19, -4], [20, -3], [41, 172]]
"168351.a1"	168351	[0, 1, 1, -492, 1622]	[[-15, 76], [3, 13], [-24, 13]]
"168352.a1"	168352	[0, 1, 0, -30, -68]	[[-4, 2], [-3, 2], [12, 38]]
"168384.u1"	168384	[0, 1, 0, -1017, 12231]	[[15, 24], [27, 72], [18, 9]]
"168568.a1"	168568	[0, 0, 0, -31, 130]	[[1, 10], [5, 10], [3, 8]]
"168568.c1"	168568	[0, -1, 0, -724, 766724]	[[232, 3610], [-155/2, 6859/2], [1676, 68590]]
"168620.a1"	168620	[0, 0, 0, -232, 1681]	[[12, 25], [2, 35], [7, 20]]
"168626.a1"	168626	[1, 0, 0, -295, 2121]	[[6, 21], [-10, 69], [22, 69]]
"168642.e1"	168642	[1, -1, 1, -272, 2035]	[[13, 17], [1, 41], [7, 17]]
"168649.a1"	168649	[0, 0, 1, -127, 546]	[[8, 6], [-5, 32], [7, 0]]
"168725.a1"	168725	[0, 1, 1, -358, 2444]	[[8, 12], [13, 12], [-17, 62]]
"168725.b1"	168725	[0, 1, 1, -8813008, 10067175644]	[[1663, 3612], [218, 90312], [1713, 37]]
"168725.e1"	168725	[0, 1, 1, -1283, 17094]	[[28, 62], [18, 12], [-32, 162]]
"168790.a1"	168790	[1, 0, 1, -124, 516]	[[8, 3], [6, -3], [4, 7]]
"168911.a1"	168911	[1, -1, 1, -9, 24]	[[2, 2], [1, 3], [4, 4]]
"168914.a1"	168914	[1, 0, 0, -105, 601]	[[10, 19], [2, 19], [-6, 35]]
"168965.b1"	168965	[0, 1, 1, -2910, 59556]	[[80, 587], [30, 12], [5, 212]]
"168987.a1"	168987	[0, -1, 1, -112, 600]	[[28, 136], [7, 10], [-11, 19]]
"169035.c1"	169035	[1, 1, 1, -315, 2022]	[[7, 11], [10, -4], [16, 29]]
"169134.b1"	169134	[1, 1, 0, -16, 124]	[[1, 10], [-6, 10], [22, 94]]
"169220.a1"	169220	[0, 1, 0, -26, 25]	[[0, 5], [4, 1], [1, 1]]
"169314.b1"	169314	[1, 0, 1, -265, 1640]	[[10, -1], [7, 8], [9, -2]]
"169364.b1"	169364	[0, 1, 0, -2061, 34708]	[[3, 169], [-49, 143], [77/2, 403/2]]
"169392.h1"	169392	[0, 1, 0, -1160, 10644]	[[34, 108], [-20, 162], [-38, 36]]
"169536.a1"	169536	[0, -1, 0, 11, 133]	[[1, 12], [-3, 8], [13, 48]]
"169570.a1"	169570	[1, -1, 0, -8735, 316425]	[[53, -11], [-40, 795], [215/2, -265/2]]
"169582.b1"	169582	[1, -1, 1, -2469, 47709]	[[-1, 224], [27, 0], [23, 40]]
"169610.a1"	169610	[1, -1, 0, -3004, 54028]	[[47, 99], [-58, 204], [292, 4754]]
"169610.b1"	169610	[1, 1, 0, -63, 133]	[[6, 1], [-2, 17], [22, 89]]
"169664.f1"	169664	[0, 1, 0, -561, 12463]	[[11, 88], [99, 968], [66, 517]]
"169670.a1"	169670	[1, 0, 1, -84, 146]	[[-7, 23], [1, 7], [9, 7]]
"169694.k1"	169694	[1, 0, 0, -9155, 281281]	[[6, 473], [90, 389], [30, 169]]
"169694.k2"	169694	[1, 0, 0, 1085, 25281]	[[14, 201], [-2, 153], [-10, 121]]
"169716.a1"	169716	[0, 1, 0, -450, 3969]	[[9, 27], [-18, 81], [18, 45]]
"169778.a1"	169778	[1, -1, 0, 167, 181]	[[5, 31], [-1, 4], [139, 1572]]
"169794.a1"	169794	[1, -1, 0, -30, 212]	[[4, 10], [-4, 18], [28, 130]]
"169848.a1"	169848	[0, 0, 0, -927, 10530]	[[21, 18], [9, 54], [27, 72]]
"169848.a2"	169848	[0, 0, 0, 333, 36990]	[[-21, 144], [51, 432], [6, 198]]
"169870.b1"	169870	[1, -1, 1, -5502, 156429]	[[37, 31], [57, 131], [-23, 531]]
"169923.a1"	169923	[1, 1, 1, -84, 1602]	[[1, 38], [40, 233], [133/4, 2237/4]]
"169970.a1"	169970	[1, 0, 1, -3508, -34782]	[[69, 195], [-46, 195], [-299/3, 6185/3]]
"169982.a1"	169982	[1, 0, 0, -257, 1801]	[[10, 11], [-6, 59], [6, 19]]
"170015.a1"	170015	[1, -1, 1, -2007, 35106]	[[24, 6], [26, -11], [421/4, -689/4]]
"170025.a1"	170025	[0, -1, 1, -8, 518]	[[2, 22], [-7, 13], [-8, 2]]
"170025.d1"	170025	[0, -1, 1, -123, 578]	[[6, 4], [-12, 13], [-3/2, 203/2]]
"170134.a1"	170134	[1, 0, 0, -36, 112]	[[4, 4], [2, 6], [-4, 16]]
"170135.a1"	170135	[1, 0, 0, -95, 412]	[[4, 8], [9, 13], [-1, 23]]
"170202.h1"	170202	[1, 1, 1, -4447, 112517]	[[-1, 342], [35, 18], [39, -2]]
"170287.b1"	170287	[1, 0, 0, -282, -1591]	[[25, 72], [-113/3, 85/3], [-11, -9]]
"170348.a1"	170348	[0, 1, 0, -244, 1380]	[[8, 2], [12, 18], [7, 8]]
"170364.a1"	170364	[0, -1, 0, -85, -194]	[[-5, 9], [13, 27], [-7, 3]]
"170364.d1"	170364	[0, -1, 0, -449, 3810]	[[11, 9], [13, 1], [7, 31]]
"170469.b1"	170469	[0, 0, 1, -168, -475]	[[-5, 15], [15, 19], [-11, 6]]
"170584.a1"	170584	[0, 0, 0, 44, 4]	[[2, 10], [0, 2], [6, 22]]
"170595.b1"	170595	[0, 0, 1, -3627, 124760]	[[28, 212], [78, 562], [453, 9562]]
"170603.a1"	170603	[0, 0, 1, -55, 158]	[[4, 1], [3, 4], [-6, 16]]
"170631.a1"	170631	[1, -1, 1, -176, 992]	[[9, 4], [0, 31], [18, 49]]
"170714.b1"	170714	[1, -1, 1, -6639, 211959]	[[43, 46], [51, 38], [-77, 550]]
"170764.a1"	170764	[0, 1, 0, -77, 484]	[[11, 33], [-11, 11], [33, 187]]
"170835.a1"	170835	[0, -1, 1, 44, 156]	[[13, 52], [-2, 7], [3, 17]]
"170841.a1"	170841	[1, 1, 1, -93359, 11178362]	[[240, 1513], [6774, 553636], [-525/2, 37349/2]]
"171116.a1"	171116	[0, 0, 0, -49, 1]	[[-3, 11], [8, 11], [19, 77]]
"171163.a1"	171163	[0, 1, 1, -10, 20]	[[1, 3], [2, 3], [0, 4]]
"171178.c1"	171178	[1, 0, 0, -370, 2436]	[[20, 46], [4, 30], [-8, 74]]
"171192.a1"	171192	[0, -1, 0, -4425, 114381]	[[29, 98], [57, 210], [-27, 462]]
"171244.a1"	171244	[0, 1, 0, -37, 84]	[[3, 3], [1, 7], [5, 7]]
"171261.a1"	171261	[0, 0, 1, -39, 72]	[[2, 1], [5, 1], [-1, 10]]
"171273.b1"	171273	[0, 1, 1, -3904, 92542]	[[41, 55], [29, 67], [35, 1]]
"171299.a1"	171299	[1, 0, 0, -85, 294]	[[5, -3], [6, 0], [19/2, -5/2]]
"171320.a1"	171320	[0, 0, 0, -343, 2458]	[[9, 10], [11, 4], [13, 14]]
"171479.a1"	171479	[0, 0, 1, -2203, 466872]	[[-54, 654], [56, 720], [-75, 458]]
"171544.a1"	171544	[0, 0, 0, -106, 421]	[[6, 1], [5, 4], [10, 19]]
"171544.c1"	171544	[0, -1, 0, 17, -16]	[[1, 1], [5, 13], [5/2, 19/2]]
"171630.b1"	171630	[1, -1, 0, -480, 4176]	[[12, 0], [13, -4], [3, 51]]
"171648.a1"	171648	[0, 0, 0, -804, 4624]	[[-22, 108], [32, 108], [5, 27]]
"171687.c1"	171687	[1, 1, 0, -6604, 203839]	[[46, -29], [18, 293], [741/4, -1331/4]]
"171735.b1"	171735	[1, 1, 1, -185, 362]	[[-3, 31], [12, 1], [17, 41]]
"171860.b1"	171860	[0, 1, 0, -450, 625]	[[50, 325], [0, 25], [-10, 65]]
"171922.a1"	171922	[1, -1, 1, -66, 321]	[[1, 15], [5, 7], [9, 15]]
"171931.a1"	171931	[0, 1, 1, -24, 42]	[[2, 2], [3, 2], [1, 4]]
"172014.a1"	172014	[1, 1, 0, -919, -11051]	[[-18, 1], [-17, 4], [-19, 8]]
"172014.c1"	172014	[1, 0, 1, -540, 2710]	[[2, 39], [29, 93], [83, 687]]
"172014.f1"	172014	[1, 1, 1, -1037, 12035]	[[23, 20], [15, 4], [7, 68]]
"172144.a1"	172144	[0, 1, 0, -65464, 6425076]	[[98, 980], [140, 154], [148, 10]]
"172144.a2"	172144	[0, 1, 0, -3984, 104932]	[[-16, 406], [42, 116], [26, 140]]
"172208.a1"	172208	[0, 0, 0, -619, 3994]	[[-9, 94], [85, 752], [21, 16]]
"172218.g1"	172218	[1, 1, 1, -1050, 12711]	[[19, -1], [1, 107], [17, 3]]
"172218.h1"	172218	[1, 1, 1, 41, 18797]	[[11, 138], [43, 298], [-5, 138]]
"172246.a1"	172246	[1, 0, 1, -299, 1960]	[[10, -5], [43/2, -9/2], [-2, 51]]
"172246.c1"	172246	[1, -1, 1, -144, -141]	[[-3, 17], [13, 1], [-11, 1]]
"172254.a1"	172254	[1, 0, 1, -5007, 139174]	[[98, 720], [17, 234], [53, 126]]
"172295.a1"	172295	[0, 0, 1, -3718, 87264]	[[34, 12], [36, 8], [569/4, 243/4]]
"172362.e1"	172362	[1, 0, 1, -775, 7910]	[[22, 29], [13, 2], [49, 272]]
"172366.a1"	172366	[1, 0, 1, -21, 20]	[[1, 0], [5, 4], [0, 4]]
"172432.a1"	172432	[0, 0, 0, -9179, 145546]	[[-3, 416], [805/3, 5408/3], [10, 234]]
"172466.b1"	172466	[1, 0, 1, -94, 348]	[[6, 0], [-1, 21], [-8, 28]]
"172579.a1"	172579	[1, -1, 1, 27, 30]	[[0, 5], [-1, 1], [2, 8]]
"172662.c1"	172662	[1, 0, 1, -3683, 74522]	[[129, 1258], [3, 250], [21, 70]]
"172712.a1"	172712	[0, -1, 0, -44, 4]	[[0, 2], [-4, 10], [8, 10]]
"172722.a1"	172722	[1, 1, 0, -106, 376]	[[4, 4], [6, -2], [10, 16]]
"172842.c1"	172842	[1, 1, 1, -337, 1967]	[[-1, 48], [15, 16], [7, 0]]
"173197.a1"	173197	[0, 0, 1, -367, -2334]	[[-9, 15], [177, 2340], [26, 75]]
"173385.a1"	173385	[0, 0, 1, -723, 7384]	[[4, 67], [19, 22], [14, 2]]
"173495.a1"	173495	[0, 1, 1, -3130, 67256]	[[40, 87], [-30, 367], [215, 3062]]
"173520.b1"	173520	[0, 0, 0, -603, 4698]	[[21, 36], [3, 54], [-6, 90]]
"173520.b2"	173520	[0, 0, 0, 1197, 27378]	[[-9, 126], [63, 594], [18, 234]]
"173562.b1"	173562	[1, 1, 1, -292, 1445]	[[5, 9], [13, 1], [-3, 49]]
"173592.a1"	173592	[0, 0, 0, -84, 3076]	[[-10, 54], [8, 54], [-16, 18]]
"173701.b1"	173701	[0, -1, 1, -126, 588]	[[7, 0], [6, 3], [1, 21]]
"173701.c1"	173701	[0, -1, 1, -2421, 38100]	[[40, 60], [18, 5], [765/2, 20445/2]]
"173727.a1"	173727	[1, -1, 1, -239, -1006]	[[-6, 16], [21, 43], [48, 286]]
"173746.b1"	173746	[1, 1, 1, 41, 1197]	[[21, 98], [-29/3, 902/3], [-25/2, 239/2]]
"173775.a1"	173775	[0, -1, 1, -3458, 78968]	[[17, 157], [31, 24], [-18, 367]]
"173806.b1"	173806	[1, 0, 1, -18314, 952380]	[[77, -23], [68, 116], [78, -39]]
"173808.e1"	173808	[0, 0, 0, -819, 9586]	[[33, 136], [-1, 102], [23, 54]]
"173896.a1"	173896	[0, 1, 0, -124, 480]	[[4, 8], [8, 8], [7, 2]]
"174095.a1"	174095	[1, -1, 1, -738, 7896]	[[16, -8], [18, 5], [6, 57]]
"174235.a1"	174235	[1, 1, 1, -56, 144]	[[4, 0], [3, 2], [6, 5]]
"174249.b1"	174249	[1, -1, 1, -146, 182]	[[-6, 31], [-5/2, 153/2], [-2, 22]]
"174339.a1"	174339	[1, -1, 1, -299, 2134]	[[13, 11], [4, 29], [22, 65]]
"174344.b1"	174344	[0, -1, 0, -385, 1061]	[[-11, 62], [113, 1178], [37, 190]]
"174410.a1"	174410	[1, -1, 0, 1445, -80475]	[[43, 223], [550/3, 12215/3], [695, 17990]]
"174456.d1"	174456	[0, 0, 0, -291, 2059]	[[5, 27], [14, 27], [41, 243]]
"174518.b1"	174518	[1, 0, 0, -652, 6336]	[[2, 70], [14, -6], [10, 24]]
"174528.a1"	174528	[0, 0, 0, 108, 4320]	[[6, 72], [-12, 36], [24, 144]]
"174537.a1"	174537	[0, 0, 1, -147, 1926]	[[29, 148], [-4, 49], [2, 40]]
"174578.a1"	174578	[1, -1, 0, -5926, 177076]	[[44, -14], [12, 322], [49, 26]]
"174578.b1"	174578	[1, -1, 0, -55, 169]	[[4, -3], [5, -3], [2, 7]]
"174578.g1"	174578	[1, 1, 1, -597, 4027]	[[7, 12], [-25, 76], [-1, 68]]
"174602.d1"	174602	[1, -1, 1, -222, 2925]	[[-7, 67], [9, 35], [25, 99]]
"174608.a1"	174608	[0, 0, 0, -619, 6634]	[[13, 28], [27, 98], [-29, 14]]
"174676.a1"	174676	[0, -1, 0, -237, -1319]	[[-9, 2], [-8, 1], [31, 142]]
"174774.a1"	174774	[1, 1, 1, -220, 4541]	[[-19, 57], [13, 57], [-3, 73]]
"174839.a1"	174839	[1, 1, 1, -1154, 14832]	[[25, 36], [-24, 183], [247/2, 3179/2]]
"174845.b1"	174845	[0, 1, 1, -436, 3416]	[[7, 27], [62, 467], [61/2, 183/2]]
"174915.b1"	174915	[1, -1, 1, -625163, 189962192]	[[400, 1743], [78, 11863], [423, 823]]
"174915.b2"	174915	[1, -1, 1, -579533, -169018144]	[[-432, 976], [-419, 547], [-458, 651]]
"174915.b3"	174915	[1, -1, 1, -54788, 369542]	[[-68, 1977], [270, 2146], [387, 5890]]
"174915.b4"	174915	[1, -1, 1, 13657, 41006]	[[36, 742], [10, 417], [205, 3277]]
"175054.b1"	175054	[1, 0, 1, -227, 1134]	[[3, 20], [-8, 53], [23/2, 17/2]]
"175138.a1"	175138	[1, -1, 0, -103, 445]	[[6, 1], [14, 33], [-10, 25]]
"175147.a1"	175147	[0, 1, 1, -574, 5108]	[[14, 3], [21, 52], [17, 23]]
"175182.b1"	175182	[1, 1, 0, -136, 4816]	[[-5, 76], [16, 76], [-19, 41]]
"175248.a1"	175248	[0, 0, 0, -219, 1674]	[[-3, 48], [13, 32], [45, 288]]
"175589.c1"	175589	[0, 0, 1, -14, 0]	[[0, 0], [-2, 4], [12, 39]]
"175591.c1"	175591	[1, -1, 0, -25, -38]	[[-2, 2], [6, -2], [-9/2, -5/2]]
"175627.a1"	175627	[0, 1, 1, -18, 30]	[[2, 2], [3, 3], [0, 5]]
"175732.a1"	175732	[0, 1, 0, -164, 772]	[[8, 6], [4, 14], [7, 4]]
"175737.a1"	175737	[0, -1, 1, 16, 20]	[[-1, 1], [2, 7], [0, 4]]
"175743.b1"	175743	[1, -1, 1, -14, 294]	[[17, 60], [-6, -9], [-1/2, 135/2]]
"175802.b1"	175802	[1, -1, 0, -53, 1069]	[[3, 29], [-9, 32], [13, 43]]
"175822.a1"	175822	[1, 0, 0, -689, 6889]	[[10, 27], [18, 11], [16, -3]]
"175832.d1"	175832	[0, -1, 0, -177, 709]	[[19, 62], [-12, 31], [45/2, 31/2]]
"175836.b1"	175836	[0, -1, 0, -49, 130]	[[1, 9], [7, 9], [3, 1]]
"175842.a1"	175842	[1, -1, 0, -198, 1444]	[[8, 14], [20, 62], [-16, 26]]
"175931.a1"	175931	[0, -1, 1, -12, 30]	[[3, 3], [0, 5], [4, 5]]
"175931.b1"	175931	[0, -1, 1, -30066, 2036628]	[[99, 143], [2326/3, 91396/3], [-999/4, 122517/4]]
"176018.a1"	176018	[1, -1, 1, -2892, 252495]	[[-43, 565], [-9, 531], [501, 10901]]
"176044.a1"	176044	[0, 0, 0, 41, 526]	[[-1, 22], [-5, 14], [43, 286]]
"176046.b1"	176046	[1, 0, 1, -7623, 253882]	[[56, 30], [95, 576], [43, 56]]
"176046.b2"	176046	[1, 0, 1, -2763, 574642]	[[26, 708], [-79, 588], [137, 1596]]
"176080.c1"	176080	[0, 1, 0, -27400, 1732500]	[[130, 620], [90, 60], [50, 700]]
"176080.c2"	176080	[0, 1, 0, -2400, 2500]	[[0, 50], [75, 500], [-30, 220]]
"176124.d1"	176124	[0, 1, 0, -702, 6561]	[[-18, 117], [21, 39], [18, 9]]
"176358.a1"	176358	[1, 1, 0, -42997, 3383545]	[[227, 2207], [91, 439], [6, 1765]]
"176358.a2"	176358	[1, 1, 0, -10887, 8360595]	[[123, 2922], [429, 8889], [271/2, 22271/2]]
"176439.a1"	176439	[0, -1, 1, -20, 2]	[[-1, 4], [-4, 1], [5, 1]]
"176446.a1"	176446	[1, 0, 1, 0, 20]	[[0, 4], [-2, 4], [4, 7]]
"176446.e1"	176446	[1, 1, 1, -664, 7257]	[[5, 61], [21, 45], [69, 509]]
"176571.a1"	176571	[0, 0, 1, -9, 182]	[[0, 13], [3, 13], [-6, 4]]
"176649.a1"	176649	[0, 1, 1, -24562, 1473310]	[[95, 79], [413, 7870], [89, 13]]
"176653.a1"	176653	[0, 0, 1, -40, 95]	[[3, 1], [5, 4], [23, 106]]
"176678.c1"	176678	[1, 0, 0, -150, 676]	[[8, -2], [4, 10], [6, -2]]
"176701.a1"	176701	[0, 1, 1, -99, 501]	[[-1, 24], [45/2, 241/2], [3, 15]]
"176770.a1"	176770	[1, -1, 0, -1459, 22465]	[[16, 47], [36, 107], [-14, 207]]
"176817.a1"	176817	[0, -1, 1, -562, 5622]	[[-23, 76], [11, 25], [-6, 93]]
"176957.a1"	176957	[1, 1, 1, -45, 76]	[[-1, 11], [10, 22], [7/2, 11/2]]
"177005.a1"	177005	[1, -1, 1, -33, -48]	[[-2, 3], [8, 8], [-4, 4]]
"177024.a1"	177024	[0, -1, 0, -345, 2601]	[[9, 12], [13, 12], [11, 4]]
"177040.a1"	177040	[0, 1, 0, -96, 4]	[[-6, 20], [14, 40], [-1, 10]]
"177086.a1"	177086	[1, 0, 1, 2228, -98934]	[[81, 743], [46, 295], [33, 87]]
"177137.a1"	177137	[1, -1, 1, -40, 48]	[[9, 14], [1, 2], [28, 128]]
"177198.c1"	177198	[1, 0, 1, -578, 5672]	[[-6, 97], [15, 13], [12, 16]]
"177291.a1"	177291	[1, -1, 1, -137, 650]	[[6, 1], [7, -3], [4, 10]]
"177410.b1"	177410	[1, 1, 0, -67, 221]	[[2, 9], [7, 9], [22, 89]]
"177639.c1"	177639	[0, 1, 1, -770, 16340]	[[-8, 148], [25, 115], [-35, 40]]
"177729.a1"	177729	[0, -1, 1, -64, 246]	[[1, 13], [10, 22], [-8, 13]]
"177738.a1"	177738	[1, 1, 0, -137, 585]	[[-4, 35], [7, 2], [18, 57]]
"177790.g1"	177790	[1, -1, 1, -1683, 26931]	[[21, 12], [-25, 242], [235/3, 94/3]]
"177802.b1"	177802	[1, 0, 0, -6594, 206788]	[[-28, 622], [48, 14], [276, 4270]]
"177856.d1"	177856	[0, -1, 0, 63, 2401]	[[21, 112], [-11, 16], [-35/3, 1232/3]]
"177910.d1"	177910	[1, -1, 1, -258, 1281]	[[5, 7], [-15, 47], [1, 31]]
"177959.a1"	177959	[0, -1, 1, -34232, -2425080]	[[1010, 31500], [-950/3, 865/3], [257, 2384]]
"178032.k1"	178032	[0, 1, 0, -160, 1604]	[[2, 36], [14, 48], [-10, 48]]
"178136.a1"	178136	[0, 0, 0, -124, 436]	[[2, 14], [-12, 14], [9, 7]]
"178171.b1"	178171	[0, 1, 1, -29, 987]	[[-9, 24], [5, 31], [61, 479]]
"178196.a1"	178196	[0, -1, 0, 44, 104]	[[-2, 2], [2, 14], [22, 106]]
"178198.e1"	178198	[1, 1, 1, -145, 111]	[[-1, 16], [15, 32], [-9, 32]]
"178264.a1"	178264	[0, -1, 0, -329, 2413]	[[11, 2], [9, 10], [12, 7]]
"178362.a1"	178362	[1, -1, 0, -663, 6785]	[[16, 1], [7, 46], [14, 3]]
"178368.a1"	178368	[0, -1, 0, 63, 1089]	[[9, 48], [-7, 16], [57, 432]]
"178438.b1"	178438	[1, -1, 1, -231, -609]	[[-9, 30], [43, 238], [17, 4]]
"178466.a1"	178466	[1, -1, 0, -778, -704]	[[50, 264], [-18, 94], [118, 1182]]
"178466.b1"	178466	[1, 1, 0, -102, 340]	[[4, 2], [12, 26], [-12, 2]]
"178540.b1"	178540	[0, 0, 0, -188, 993]	[[8, 1], [6, 9], [-4, 41]]
"178637.a1"	178637	[0, -1, 1, -74, 234]	[[-3, 20], [29/2, 37/2], [38, 225]]
"178723.a1"	178723	[1, -1, 1, -30, 66]	[[4, -3], [2, 2], [5, 2]]
"178792.a1"	178792	[0, 1, 0, -49, 51]	[[-1, 10], [1, 2], [7, 10]]
"178810.c1"	178810	[1, 0, 0, -3701, 86305]	[[18, 151], [34, -9], [322/3, -403/3]]
"178824.a1"	178824	[0, -1, 0, -2457, 47709]	[[27, 18], [29, 2], [37, 78]]
"178824.b1"	178824	[0, -1, 0, 23, 589]	[[-5, 18], [13, 54], [4, 27]]
"178834.a1"	178834	[1, 0, 1, -121, -228]	[[-5, 18], [27, 114], [-8, 19]]
"178850.e1"	178850	[1, 0, 1, -1251, 21998]	[[67, 456], [32, 106], [-38, 141]]
"178882.a1"	178882	[1, -1, 0, -1322834, 585941624]	[[571, 3780], [1090, 20388], [430, 9608]]
"178912.a1"	178912	[0, -1, 0, -66, 232]	[[4, 4], [6, 4], [12, 32]]
"178955.a1"	178955	[0, 1, 1, -750, 3906]	[[0, 62], [5, 17], [25, 37]]
"178998.a1"	178998	[1, 1, 0, -102, 360]	[[6, 0], [4, 4], [5, 0]]
"179018.a1"	179018	[1, 0, 0, -595, 21921]	[[46, 281], [8, 129], [22, 129]]
"179034.k1"	179034	[1, 0, 0, -7540, 246416]	[[8, 428], [44, -4], [62, 104]]
"179062.a1"	179062	[1, 0, 1, -53, -108]	[[-4, 8], [9, 8], [22, 86]]
"179148.a1"	179148	[0, -1, 0, 196, -2376]	[[14, 54], [10, 22], [122, 1350]]
"179193.a1"	179193	[0, -1, 1, -5896, 265278]	[[-44, 661], [-9, 563], [152, 1690]]
"179213.a1"	179213	[1, 0, 0, -28, 51]	[[2, 1], [5, 4], [-2, -9]]
"179256.a1"	179256	[0, -1, 0, -1540, 23716]	[[28, 42], [16, 54], [24, 2]]
"179256.a2"	179256	[0, -1, 0, -880, 43516]	[[6, 196], [38, 252], [-42, 68]]
"179346.d1"	179346	[1, 1, 1, 68, 797]	[[5, 33], [-3, 25], [-7, 9]]
"179422.a1"	179422	[1, -1, 0, -56, 128]	[[8, 8], [-8, 0], [16, 48]]
"179558.a1"	179558	[1, 0, 0, -72, 256]	[[4, 4], [0, 16], [6, 4]]
"179686.c1"	179686	[1, 0, 0, -7590, 249316]	[[108, 778], [4, 466], [60, 74]]
"179726.a1"	179726	[1, 0, 1, -21, 44]	[[1, 4], [-1, 8], [-3, 10]]
"179735.a1"	179735	[0, 0, 1, -148, -516]	[[18, 51], [-44/3, 244/3], [-31/2, 99/2]]
"179749.a1"	179749	[0, -1, 1, -14, 0]	[[0, 0], [-1, 3], [-3, 2]]
"179822.b1"	179822	[1, 1, 0, -792, -75200]	[[64, 344], [48, -8], [256, 3944]]
"179866.a1"	179866	[1, 0, 0, -2551, 49449]	[[22, 53], [30, -3], [-42, 309]]
"179870.e1"	179870	[1, -1, 1, -1917, 31941]	[[31, 24], [21, 14], [11, 104]]
"179957.a1"	179957	[0, 1, 1, -28, -64]	[[-3, 1], [-4, 0], [6, 4]]
"179968.d1"	179968	[0, 0, 0, -490, 5344]	[[10, 38], [97/2, 703/2], [200, 2812]]
"180011.a1"	180011	[0, -1, 1, -222, 1350]	[[9, 0], [10, 5], [3, 26]]
"180011.b1"	180011	[0, -1, 1, -267, 3927]	[[21, 84], [45/2, 373/2], [253/2, 3883/2]]
"180055.a1"	180055	[0, 0, 1, -943, 11148]	[[16, 12], [18, 2], [19, 9]]
"180055.c1"	180055	[0, 0, 1, 2, 228]	[[-4, 12], [9/2, 121/2], [46, 312]]
"180184.c1"	180184	[0, -1, 0, -840, -8804]	[[-158/3, 404/3], [-14, 4], [-59/2, 101/2]]
"180336.a1"	180336	[0, -1, 0, -9480, 358416]	[[40, 204], [56, 4], [58, 18]]
"180336.a2"	180336	[0, -1, 0, -640, 4816]	[[-2, 78], [6, 34], [76, 624]]
"180376.d1"	180376	[0, 1, 0, -316, -432]	[[-2, 14], [26, 98], [54, 378]]
"180414.a1"	180414	[1, -1, 0, -81, 441]	[[4, 11], [-9, 24], [30, 141]]
"180687.a1"	180687	[0, 1, 1, -1022, 39920]	[[10, 175], [88, 799], [-191/4, 14359/4]]
"180710.a1"	180710	[1, 0, 1, -39, 62]	[[1, 4], [6, 4], [-4, 14]]
"180803.a1"	180803	[0, 0, 1, -2341, 43596]	[[28, 0], [34, 57], [27, 8]]
"180864.a1"	180864	[0, 0, 0, -372, 3760]	[[14, 36], [-22, 36], [-4, 72]]
"181068.b1"	181068	[0, 1, 0, -1282, -4351]	[[50, 243], [-4, 27], [-43/2, 729/2]]
"181118.a1"	181118	[1, 0, 1, -732, 4814]	[[91, 787], [-28, 73], [7, 3]]
"181136.c1"	181136	[0, -1, 0, -168, -752]	[[-8, 4], [-6, 2], [-56/3, 100/3]]
"181167.a1"	181167	[0, -1, 1, -1772, 28832]	[[29, 31], [-34, 220], [20, 31]]
"181205.a1"	181205	[1, 1, 1, 115, 240]	[[3, 23], [-2, 3], [0, 15]]
"181209.a1"	181209	[0, 1, 1, -1902, 25922]	[[15, 31], [-48, 94], [-3/2, 1319/2]]
"181247.a1"	181247	[0, 0, 1, -37, -54]	[[-4, 5], [7, 5], [18, 71]]
"181376.a1"	181376	[0, 1, 0, -27, 109]	[[9, 26], [-4, 13], [-7, 2]]
"181376.g1"	181376	[0, 0, 0, -134, 11404]	[[-9, 109], [28/3, 2834/3], [1735, 72267]]
"181400.b1"	181400	[0, 1, 0, -108, 688]	[[-2, 30], [8, 20], [-12, 20]]
"181408.a1"	181408	[0, 0, 0, -104, -336]	[[-4, 4], [12, 12], [17, 53]]
"181730.a1"	181730	[1, -1, 0, -2839, 59245]	[[51, 187], [26, 37], [119/2, 51/2]]
"181731.a1"	181731	[0, 1, 1, -2474, 46592]	[[19, 82], [52, 247], [109/2, 95/2]]
"181731.b1"	181731	[0, -1, 1, 1, 20]	[[0, 4], [-2, 2], [10, 30]]
"181736.a1"	181736	[0, -1, 0, -140, 676]	[[8, 2], [6, 4], [0, 26]]
"181784.a1"	181784	[0, 0, 0, 4, 116]	[[-2, 10], [-4, 6], [4, 14]]
"181817.b1"	181817	[1, -1, 1, -292, 1990]	[[10, -5], [7, 12], [43/2, -19/2]]
"181869.a1"	181869	[1, 0, 0, -114, 333]	[[3, 3], [12, 21], [9, 3]]
"181882.a1"	181882	[1, 0, 1, -20, -18]	[[-1, 1], [-3, 5], [-4, 2]]
"181906.a1"	181906	[1, 1, 0, -82, 260]	[[4, 2], [8, 10], [5, 0]]
"182074.a1"	182074	[1, -1, 0, -2500, 48744]	[[19, 79], [29, -16], [27, 6]]
"182128.b1"	182128	[0, 0, 0, -163, 834]	[[5, 12], [7, 6], [-11, 36]]
"182151.b1"	182151	[0, 0, 1, -120, -1233]	[[15, 18], [89, 832], [35, 193]]
"182208.a1"	182208	[0, -1, 0, -3697, 88081]	[[45, 104], [19, 156], [-33, 416]]
"182232.a1"	182232	[0, 0, 0, -1164, 15604]	[[26, 54], [20, 18], [17, 27]]
"182251.a1"	182251	[0, 1, 1, 13, 15]	[[-1, 1], [1, 5], [13, 50]]
"182263.a1"	182263	[1, -1, 1, -34, 224]	[[14, 41], [-1, 16], [8, 16]]
"182358.a1"	182358	[1, -1, 0, -2661, 53441]	[[40, 79], [22, 61], [139, 1465]]
"182362.c1"	182362	[1, -1, 1, 1287, 7065]	[[-1, 76], [227, 3344], [189, 2546]]
"182365.a1"	182365	[1, 0, 0, -251, 1510]	[[9, -4], [10, 0], [-11, 60]]
"182502.c1"	182502	[1, -1, 1, -1562, 63065]	[[-15, 295], [57, 367], [177, 2215]]
"182504.a1"	182504	[0, 1, 0, -57, 331]	[[5, 14], [-9, 14], [-2, 21]]
"182511.a1"	182511	[0, 0, 1, -201, 1386]	[[2, 31], [23, 94], [9, 17]]
"182712.a1"	182712	[0, -1, 0, -5107, 143176]	[[47, 69], [139, 1449], [-45, 529]]
"182823.a1"	182823	[0, 1, 1, -862, 9022]	[[20, 13], [-7, 121], [53/2, 77/2]]
"182826.a1"	182826	[1, -1, 0, -294, 2744]	[[7, 28], [-14, 70], [14, 28]]
"182850.b1"	182850	[1, 1, 0, -7975, 212725]	[[-21, 620], [25, 160], [-90, 505]]
"182869.a1"	182869	[0, 0, 1, -277, 1836]	[[43, 263], [12, 15], [-19, 15]]
"182870.a1"	182870	[1, 0, 1, -739, 7662]	[[16, -6], [11, 24], [139/3, -232/3]]
"182870.b1"	182870	[1, 0, 0, -1076, 13456]	[[16, 12], [20, -4], [56, 332]]
"182934.a1"	182934	[1, -1, 0, -585, 6237]	[[6, 51], [18, 27], [114, 1131]]
"183205.a1"	183205	[0, 1, 1, -30, 756]	[[5, 27], [0, 27], [15, 62]]
"183214.a1"	183214	[1, -1, 0, -662, 6724]	[[16, -2], [15, -7], [-20, -98]]
"183236.a1"	183236	[0, 1, 0, -294, 1681]	[[5, 19], [24, 95], [62, 475]]
"183312.h1"	183312	[0, 0, 0, -4971, 37370]	[[-17, 342], [-7, 268], [-55, 380]]
"183312.h2"	183312	[0, 0, 0, -3891, 93314]	[[19, 162], [34, 18], [61, 288]]
"183333.a1"	183333	[0, 1, 1, -142, 670]	[[-10, 34], [13, 34], [29/2, 65/2]]
"183414.a1"	183414	[1, 1, 0, -1732, 25060]	[[-26, 244], [127/2, 335/2], [7, 112]]
"183562.a1"	183562	[1, 0, 1, -44, 90]	[[5, -1], [-3, 15], [2, 2]]
"183565.a1"	183565	[0, -1, 1, -100, 406]	[[5, 2], [10, 17], [-10, 17]]
"183565.c1"	183565	[0, -1, 1, -6705, -199047]	[[99, 312], [-51, 87], [-41, 72]]
"183642.a1"	183642	[1, 1, 0, -863, 9669]	[[7, 60], [134, 1457], [190/3, 731/3]]
"183744.c1"	183744	[0, 0, 0, -59052, 2222480]	[[466, 8712], [829, 22869], [268, 2376]]
"183744.c2"	183744	[0, 0, 0, -48612, 4122560]	[[166, 792], [133, 99], [34, 1584]]
"183832.a1"	183832	[0, -1, 0, -132, 484]	[[0, 22], [22, 88], [-11, 22]]
"183845.a1"	183845	[0, -1, 1, -20045, 1130181]	[[65, 312], [75, 207], [885/2, 21871/2]]
"183851.a1"	183851	[0, 0, 1, -994, 12062]	[[18, 1], [20, 13], [166/3, 35/3]]
"183916.a1"	183916	[0, 0, 0, -79, 214]	[[3, 2], [7, 2], [-5, 22]]
"183950.m1"	183950	[1, -1, 1, -19830, 1105797]	[[-31, 1315], [89, 155], [73, 171]]
"184066.a1"	184066	[1, 1, 0, -21, 61]	[[-2, -9], [6, 11], [-6, 7]]
"184112.b1"	184112	[0, 1, 0, -2480, 46804]	[[36, 74], [-38, 296], [250/3, 296/3]]
"184219.a1"	184219	[0, 1, 1, 51, 57]	[[1, 10], [15, 66], [-3/2, 31/2]]
"184245.a1"	184245	[0, -1, 1, -1046, 13376]	[[18, 7], [19, 0], [20, 7]]
"184254.b1"	184254	[1, 1, 0, -231, 1305]	[[12, 15], [-2, 43], [-16, 43]]
"184278.c1"	184278	[1, 1, 1, -509, 5267]	[[-9, 100], [15, 28], [39, 196]]
"184414.a1"	184414	[1, 0, 1, -453, 3632]	[[-5, 78], [14, 2], [-24, 40]]
"184414.b1"	184414	[1, 0, 1, -3252, -23794]	[[83, 487], [175, 2097], [-9, 73]]
"184455.b1"	184455	[0, 0, 1, -3477, 78502]	[[22, 112], [67, 382], [47, 137]]
"184529.a1"	184529	[1, 0, 0, -17, 16]	[[1, 0], [0, 4], [4, 2]]
"184536.a1"	184536	[0, 0, 0, -2964, 62404]	[[8, 198], [41, 99], [30, 22]]
"184650.g1"	184650	[1, 0, 1, -901, 9548]	[[22, 11], [-23, 146], [31, 92]]
"184674.a1"	184674	[1, 1, 0, -37, 145]	[[1, 10], [-6, 17], [8, 17]]
"184705.a1"	184705	[0, 0, 1, -193, 1014]	[[6, 8], [-11, 42], [41/2, 81/2]]
"184761.a1"	184761	[1, -1, 1, -164, 622]	[[4, 2], [-5, 38], [-14, 2]]
"184775.b1"	184775	[1, -1, 1, -855, -7978]	[[-16, 45], [34, 20], [-20, 38]]
"184775.b2"	184775	[1, -1, 1, 1520, -45978]	[[54, 410], [79, 710], [174, 2250]]
"184794.a1"	184794	[1, 1, 0, -18844, 987856]	[[88, 100], [-56, 1396], [79, -44]]
"184854.b1"	184854	[1, 0, 1, -90, 352]	[[5, 3], [11, 21], [2, 12]]
"184946.a1"	184946	[1, -1, 0, -4913, 144349]	[[-75, 332], [58, 199], [210, 2783]]
"184947.a1"	184947	[1, 0, 0, -289197, 59804244]	[[324, 216], [1269, 41040], [1107/2, 6831/2]]
"185073.a1"	185073	[0, 1, 1, -9032, 330782]	[[37, 220], [100, 661], [51, 73]]
"185154.a1"	185154	[1, 1, 0, -44, 84]	[[2, 2], [5, 2], [8, 14]]
"185154.b1"	185154	[1, 1, 0, -72989, -6348291]	[[-134, 1091], [3962, 246851], [317, 1421]]
"185216.a1"	185216	[0, 1, 0, -57, -41]	[[-1, 4], [-5, 12], [-7, 8]]
"185228.a1"	185228	[0, 0, 0, -1487, 22070]	[[23, 6], [19, 26], [43, 194]]
"185324.a1"	185324	[0, 1, 0, -108, 1732]	[[36, 214], [37/2, 321/2], [-104/3, 1070/3]]
"185497.a1"	185497	[0, 1, 1, 0, 90]	[[0, 9], [19, 85], [-19/2, 15/2]]
"185555.a1"	185555	[0, 0, 1, -455977, 118508502]	[[222, 5312], [847, 18437], [392, 42]]
"185555.c1"	185555	[0, 0, 1, 73, -148]	[[5, 18], [42, 277], [227, 3422]]
"185555.e1"	185555	[0, 1, 1, -26575, 3419129]	[[191, 2312], [-179, 1572], [281/4, 110043/4]]
"185562.d1"	185562	[1, -1, 0, -1979613, 1072553665]	[[816, -577], [806, -79], [812, -433]]
"185562.d2"	185562	[1, -1, 0, -215253, -11091911]	[[-237, 5273], [-172, 4649], [-406, 3245]]
"185562.d3"	185562	[1, -1, 0, -123993, 16705885]	[[62, 3011], [270, 1555], [231, 476]]
"185562.d4"	185562	[1, -1, 0, -2313, 619789]	[[-55, 788], [23, 749], [50, 767]]
"185568.a1"	185568	[0, -1, 0, -145, 1441]	[[1, 36], [19, 72], [9, 28]]
"185808.a1"	185808	[0, -1, 0, -1080, -12144]	[[56, 316], [40, 84], [-14, 6]]
"185808.a2"	185808	[0, -1, 0, -240, 1296]	[[0, 36], [6, 6], [5, 14]]
"185950.a1"	185950	[1, 0, 1, -176, 498]	[[2, 11], [-13, 31], [12, 6]]
"185952.a1"	185952	[0, -1, 0, -625, 6241]	[[13, 12], [15, 4], [21, 44]]
"186085.a1"	186085	[1, 1, 1, -365, 2772]	[[7, 21], [-18, 71], [-8, 76]]
"186114.a1"	186114	[1, 1, 0, -389, 2781]	[[14, 11], [10, -1], [-22, 47]]
"186234.b1"	186234	[1, 0, 1, -538, 572]	[[25, 41], [-2, 41], [1, 5]]
"186303.a1"	186303	[0, -1, 1, -3302, -13630]	[[-8, 110], [-25, 229], [977/4, 5935/4]]
"186303.f1"	186303	[0, -1, 1, -57, 182]	[[6, 4], [4, 1], [2, 8]]
"186310.i1"	186310	[1, -1, 1, -558, 5181]	[[15, -3], [25, 67], [5, 47]]
"186348.a1"	186348	[0, -1, 0, -102, 369]	[[12, 27], [3, 9], [-6, 27]]
"186393.a1"	186393	[1, 0, 0, -75, 306]	[[6, 6], [-3, 24], [3, 9]]
"186414.b1"	186414	[1, 0, 1, -195, 922]	[[5, 6], [-4, 42], [14, 24]]
"186439.a1"	186439	[0, 0, 1, -130, -495]	[[-7, 8], [-5, 5], [-31/2, 51/2]]
"186519.a1"	186519	[0, 1, 1, -594, 4556]	[[0, 67], [-27, 40], [9, 4]]
"186528.h1"	186528	[0, 1, 0, -1297, 103679]	[[215, 3132], [-1, 324], [-17, 348]]
"186578.a1"	186578	[1, 1, 0, 14, 14]	[[-1, 1], [1, 5], [-1/2, 27/2]]
"186578.b1"	186578	[1, -1, 1, -1152, 16035]	[[21, 17], [-7, 157], [77, 577]]
"186598.a1"	186598	[1, -1, 0, 1, -21]	[[3, 0], [5, 7], [17, 60]]
"186630.f1"	186630	[1, 1, 0, -382, 2776]	[[22, 64], [12, 4], [2, 44]]
"186678.l1"	186678	[1, -1, 1, -482, 4065]	[[17, 15], [5, 39], [11, -3]]
"186688.d1"	186688	[0, -1, 0, -53, -107]	[[-3, 4], [-4, 5], [12, 29]]
"186762.a1"	186762	[1, 1, 0, -26, -24]	[[-4, 8], [-1, 2], [-2, 6]]
"186778.b1"	186778	[1, 1, 1, -2620, -99]	[[-43, 209], [333, 5849], [-11/3, 1507/3]]
"186789.a1"	186789	[0, -1, 1, -18391, 967983]	[[79, 43], [81, 56], [229/2, 2519/2]]
"186846.a1"	186846	[1, 1, 0, -10984, 436864]	[[67, 52], [48, 128], [200, 2408]]
"186908.a1"	186908	[0, -1, 0, -398, 3193]	[[12, 1], [14, 13], [106/3, 19/3]]
"186926.a1"	186926	[1, 0, 1, 5, -20]	[[2, -1], [8, 19], [11/2, 19/2]]
"186926.b1"	186926	[1, -1, 1, -1644, 26607]	[[21, 21], [-43, 149], [5, 133]]
"186933.a1"	186933	[1, 0, 0, -54, 135]	[[3, 0], [6, 3], [2, 5]]
"187008.a1"	187008	[0, -1, 0, -137, 729]	[[5, 12], [9, 12], [-7, 36]]
"187016.a1"	187016	[0, -1, 0, -44, -95]	[[-4, 1], [-3, 1], [-32/3, 53/3]]
"187054.b1"	187054	[1, 1, 0, -304, 1964]	[[38, 198], [7, 12], [17, 37]]
"187079.a1"	187079	[0, 0, 1, 31, 90]	[[3, 14], [0, 9], [7, 25]]
"187195.a1"	187195	[0, 0, 1, -32, 125]	[[3, 7], [-7, 2], [-1, 12]]
"187198.b1"	187198	[1, 1, 0, -95, 319]	[[5, -2], [3, 7], [-7, 30]]
"187198.e1"	187198	[1, -1, 1, -9462, 336645]	[[-87, 747], [89, 395], [45, -1]]
"187328.d1"	187328	[0, 0, 0, -428, 3536]	[[10, 16], [-22, 48], [106, 1072]]
"187341.a1"	187341	[0, -1, 1, 28, 302]	[[10, 38], [-1, 16], [32, 181]]
"187374.i1"	187374	[1, 0, 1, -2630, 37100]	[[147, 1609], [-6, 232], [-18, 289]]
"187426.a1"	187426	[1, 0, 1, -27, -46]	[[-3, 4], [-2, 1], [-4, 1]]
"187546.a1"	187546	[1, 1, 0, -117, 445]	[[6, -1], [10, 15], [7, 2]]
"187600.g1"	187600	[0, 1, 0, -1608, 24388]	[[38, 140], [18, 40], [3, 140]]
"187616.d1"	187616	[0, 1, 0, -302, 2236]	[[12, 22], [45, 286], [37/2, 143/2]]
"187626.a1"	187626	[1, 1, 0, 89, 91]	[[1, 13], [-1, 2], [21, 98]]
"187626.g1"	187626	[1, 1, 1, -530, 4511]	[[9, 19], [13, -1], [17, 19]]
"187640.a1"	187640	[0, 0, 0, -772, 10564]	[[18, 50], [-7, 125], [8, 70]]
"187677.a1"	187677	[0, 0, 1, -117, -214]	[[-9, 10], [12, 10], [33, 178]]
"187704.a1"	187704	[0, 0, 0, -372, 2500]	[[6, 22], [-16, 66], [17, 33]]
"187782.b1"	187782	[1, 1, 0, -289, -251]	[[46, 271], [-10, 47], [-3, 26]]
"187882.b1"	187882	[1, 0, 0, -55, 681]	[[6, 21], [-10, 21], [-2, 29]]
"187932.b1"	187932	[0, 1, 0, -177, 576]	[[3, 9], [21, 81], [-15, 9]]
"187959.a1"	187959	[1, 1, 1, -155, 686]	[[6, 1], [15, 37], [7, -1]]
"188030.a1"	188030	[1, -1, 0, -64, 148]	[[2, 4], [7, -6], [-3, 19]]
"188030.b1"	188030	[1, 1, 0, -14782, -591436]	[[-77, 351], [-52, 226], [-47, 71]]
"188073.b1"	188073	[1, -1, 1, -563, 5278]	[[14, -7], [13, -1], [124/3, -230/3]]
"188078.b1"	188078	[1, 0, 0, -695, 7081]	[[18, 13], [-26, 101], [-4, -97]]
"188094.a1"	188094	[1, 1, 0, -43362, 3457050]	[[113, 70], [-25, 2140], [1309, 46162]]
"188094.a2"	188094	[1, 1, 0, -2472, 63180]	[[-31, 349], [15, 165], [-54, 234]]
"188201.a1"	188201	[0, -1, 1, -380, 3012]	[[9, 15], [11, 6], [112/3, 188/3]]
"188479.a1"	188479	[1, -1, 1, 2, 20]	[[0, 4], [-1, 4], [14, 44]]
"188609.a1"	188609	[1, 1, 1, 14, 0]	[[0, 0], [2, 5], [14, 49]]
"188806.a1"	188806	[1, -1, 0, 185, -3]	[[19, 91], [86, 761], [14, 65]]
"188830.b1"	188830	[1, 0, 1, -6318, 193556]	[[50, 32], [35, 107], [685/4, 1473/4]]
"189008.a1"	189008	[0, -1, 0, -72, 16]	[[0, 4], [-8, 4], [-6, 14]]
"189117.a1"	189117	[1, -1, 1, -1004, 12494]	[[18, -5], [19, -6], [16, 10]]
"189136.a1"	189136	[0, -1, 0, -112, 464]	[[8, 4], [4, 8], [-8, 28]]
"189157.a1"	189157	[1, -1, 1, -666, 6852]	[[18, 12], [76/3, 1012/3], [32, 116]]
"189276.a1"	189276	[0, -1, 0, -849, 9810]	[[17, 1], [15, 15], [69/2, 3/2]]
"189447.b1"	189447	[0, -1, 1, -3181, 70125]	[[133/2, 23/2], [33, 0], [13, 175]]
"189478.a1"	189478	[1, -1, 0, -41, 93]	[[2, 3], [6, 3], [14, 39]]
"189546.f1"	189546	[1, 0, 1, -673, 7592]	[[-2, 95], [25, 68], [61, 410]]
"189568.a1"	189568	[0, 0, 0, -532, 4720]	[[14, 4], [12, 8], [13, 1]]
"189686.a1"	189686	[1, 1, 0, -276, 1684]	[[6, 14], [-11, 65], [40, 218]]
"189717.a1"	189717	[0, -1, 1, -56, 128]	[[-4, 16], [7, 5], [29, 148]]
"189768.a1"	189768	[0, -1, 0, 20, 196]	[[4, 18], [-2, 12], [-4, 6]]
"189813.a1"	189813	[0, -1, 1, -1664, 26744]	[[26, 19], [52, 279], [377/4, 475/4]]
"189834.e1"	189834	[1, 0, 1, -340, 2750]	[[7, 23], [-20, 50], [-11, 77]]
"189850.a1"	189850	[1, 0, 1, -76, 198]	[[7, 1], [2, 6], [12, 26]]
"189926.a1"	189926	[1, 0, 1, -173, 852]	[[9, 2], [8, -5], [5, 8]]
"189926.a2"	189926	[1, 0, 1, -63, 1952]	[[8, 40], [-2, 46], [186, 2443]]
"189936.h1"	189936	[0, 0, 0, -651, 5834]	[[1, 72], [19, 18], [25, 72]]
"190239.a1"	190239	[1, 1, 1, -321, 2082]	[[10, -7], [8, 6], [13, 11]]
"190317.a1"	190317	[1, 0, 0, -1051, 13064]	[[17, 5], [20, 2], [23, 23]]
"190410.a1"	190410	[1, 1, 0, -278, 1632]	[[11, 2], [6, 12], [16, 32]]
"190410.a2"	190410	[1, 1, 0, 52, 5658]	[[-11, 68], [39, 243], [31/2, 619/2]]
"190418.f1"	190418	[1, 0, 0, -49, 489]	[[-6, 27], [10, 27], [2, 19]]
"190454.a1"	190454	[1, -1, 0, -94, -236]	[[-4, -6], [12, 10], [-3, 5]]
"190562.d1"	190562	[1, -1, 1, -861, 9957]	[[15, 8], [19, 4], [17, -4]]
"190578.a1"	190578	[1, 1, 0, -149, -231]	[[-8, 27], [61, 441], [-5, 23]]
"190578.d1"	190578	[1, 0, 1, -2240, 39962]	[[51, 217], [24, 1], [-30, 298]]
"190776.a1"	190776	[0, 1, 0, -737, 5091]	[[7, 18], [25, 54], [-2, 81]]
"190784.a1"	190784	[0, 1, 0, -357, -2549]	[[-10, 11], [23, 44], [-9, 4]]
"190854.a1"	190854	[1, -1, 0, 84, 2528]	[[19, 94], [-4, 48], [88, 784]]
"191092.a1"	191092	[0, 1, 0, -517, -2841]	[[29, 86], [-19, 22], [-14, 43]]
"191214.d1"	191214	[1, -1, 1, -374, 4997]	[[9, 43], [-23, 43], [-3, 79]]
"191260.b1"	191260	[0, -1, 0, -901, 11201]	[[-17, 146], [56, 365], [139/3, 730/3]]
"191274.a1"	191274	[1, 1, 0, -144, 576]	[[0, 24], [8, 0], [24, 96]]
"191277.b1"	191277	[1, -1, 1, -338, 2450]	[[9, 4], [12, -2], [10, -5]]
"191300.b1"	191300	[0, 0, 0, -40, 25]	[[0, 5], [10, 25], [-5, 10]]
"191350.a1"	191350	[1, 0, 1, -401, 3048]	[[12, -4], [17, 26], [11, -4]]
"191424.bo1"	191424	[0, 1, 0, -5737, 165911]	[[23, 216], [41, 36], [50, 81]]
"191583.b1"	191583	[0, 0, 1, -741, 7812]	[[11, 31], [20, 31], [65/2, 59/2]]
"191597.a1"	191597	[0, 0, 1, -194, 490]	[[-38/3, 935/3], [56, 406], [-47/2, 267/2]]
"191619.a1"	191619	[0, 0, 1, -3672, 85556]	[[54, 211], [0, 292], [441/4, 4621/4]]
"191658.a1"	191658	[1, 0, 1, -2987, 19334]	[[-48, 253], [3, 100], [411, 8056]]
"191722.a1"	191722	[1, -1, 0, -41, -87]	[[-4, 3], [-3, 3], [11, 21]]
"191798.a1"	191798	[1, -1, 0, -493, 4339]	[[13, -6], [11, 7], [55/2, -21/2]]
"191798.b1"	191798	[1, 1, 1, -785, 9711]	[[31, 112], [15, 32], [-33, 48]]
"191890.a1"	191890	[1, 0, 1, -34, 1332]	[[21, 89], [-4, 39], [5, 33]]
"191890.b1"	191890	[1, 0, 1, -3824, 91266]	[[-52, 413], [41, 41], [10, 227]]
"191925.a1"	191925	[0, 0, 1, -2325, 43056]	[[35, 67], [20, 67], [29, 4]]
"191942.a1"	191942	[1, 0, 1, -2, -60]	[[5, 5], [9, 21], [4, -4]]
"191969.b1"	191969	[1, -1, 0, -71, 248]	[[4, 2], [8, 8], [23/2, -5/2]]
"191984.l1"	191984	[0, 0, 0, -91, 234]	[[1, 12], [9, 12], [17, 60]]
"192082.b1"	192082	[1, 1, 0, -1789, 28349]	[[26, 3], [58, 323], [23, -6]]
"192115.b1"	192115	[0, 0, 1, -7297, 144420]	[[-57, 612], [293, 4812], [18, 137]]
"192128.a1"	192128	[0, 0, 0, -154, 724]	[[11, 19], [-8, 38], [8, 2]]
"192142.a1"	192142	[1, -1, 0, -223, 3085]	[[22, 81], [45, 265], [19/2, 349/2]]
"192187.a1"	192187	[1, 1, 1, -15, -14]	[[-1, 1], [-2, 4], [-4, 2]]
"192230.a1"	192230	[1, -1, 0, -409, 10813]	[[-13, 124], [2, 99], [34, 171]]
"192231.a1"	192231	[0, 0, 1, -34347, 2469546]	[[62, 760], [-172, 1813], [296, 4270]]
"192285.c1"	192285	[1, -1, 1, -1562, 28086]	[[56, 309], [-19, 234], [26, 54]]
"192306.a1"	192306	[1, 1, 0, -54, 324]	[[0, 18], [-9, -9], [36, 198]]
"192450.f1"	192450	[1, 0, 1, -3176, 71498]	[[42, 91], [87, 631], [-48, 361]]
"192681.a1"	192681	[0, 0, 1, -465, -3846]	[[32, 118], [-13, 1], [-12, 2]]
"192775.a1"	192775	[0, 1, 1, -10158, 390594]	[[68, 137], [53, 62], [178, 2062]]
"192775.d1"	192775	[0, 0, 1, -950, -7094]	[[-20, 62], [40, 137], [-10, 37]]
"192812.a1"	192812	[0, 1, 0, -693, 8791]	[[29, 118], [25/3, 2242/3], [45, 266]]
"192815.a1"	192815	[0, 1, 1, -16, 326]	[[2, 17], [9, 31], [16, 66]]
"192822.a1"	192822	[1, 1, 0, -42, 360]	[[12, 36], [-9, 15], [5, 15]]
"192833.a1"	192833	[1, 1, 1, -84, 262]	[[5, -2], [4, 1], [19/2, -15/2]]
"192910.b1"	192910	[1, 0, 1, -104, 402]	[[6, -6], [11, 19], [5, 1]]
"193005.b1"	193005	[0, 0, 1, -948, 15759]	[[29, 112], [41/2, 671/2], [17, 67]]
"193044.a1"	193044	[0, -1, 0, -154, 793]	[[7, 3], [4, 15], [8, 3]]
"193051.a1"	193051	[0, 1, 1, 11, -13]	[[1, 0], [3, 7], [5/2, 13/2]]
"193088.h1"	193088	[0, -1, 0, -617, 6889]	[[15, 28], [29, 112], [8, 49]]
"193142.a1"	193142	[1, 0, 1, -930, 10100]	[[34, 117], [37/3, 2083/3], [29, 73]]
"193177.a1"	193177	[0, 0, 1, -8725, 308550]	[[270, 4199], [-100, 425], [43, 113]]
"193256.a1"	193256	[0, 0, 0, -532, 4900]	[[42, 238], [8, 34], [-26, 34]]
"193302.a1"	193302	[1, -1, 0, 27, 5589]	[[18, 99], [-6, 75], [66, 507]]
"193342.a1"	193342	[1, 1, 0, -374, 2644]	[[12, 2], [-4, 66], [17, 31]]
"193365.a1"	193365	[0, 0, 1, -93, 814]	[[4, 22], [-11, 22], [-2, 31]]
"193365.b1"	193365	[0, 0, 1, -78978, 8557429]	[[649, 15187], [163, 121], [-101, 3937]]
"193378.a1"	193378	[1, -1, 0, -46, 136]	[[4, 0], [2, 6], [6, 4]]
"193385.a1"	193385	[0, -1, 1, -31, -38]	[[-4, 2], [-2, 3], [-11/2, 31/2]]
"193466.a1"	193466	[1, -1, 0, -211, 961]	[[-9, 50], [4, 11], [5, 1]]
"193556.a1"	193556	[0, 1, 0, -797, 6724]	[[-21, 121], [23, 33], [-32, 22]]
"193566.b1"	193566	[1, 1, 1, -2619, 50505]	[[31, 2], [29, -12], [39, 78]]
"193626.a1"	193626	[1, -1, 0, 189, 533]	[[7, 43], [38, 229], [14, 69]]
"193772.a1"	193772	[0, 0, 0, -16, 49]	[[2, 5], [0, 7], [4, 7]]
"193920.d1"	193920	[0, -1, 0, -281, 2025]	[[-7, 60], [13, 20], [8, 15]]
"194023.c1"	194023	[1, 0, 1, 4, 21]	[[-1, 4], [3, 6], [-9/2, 13/2]]
"194173.a1"	194173	[0, 1, 1, 28, 12]	[[0, 3], [7, 24], [3, 11]]
"194189.a1"	194189	[0, 1, 1, -2103, 36501]	[[27, 11], [289/3, 1493/3], [269/2, 3607/2]]
"194192.g1"	194192	[0, -1, 0, -1392, -2624]	[[42, 106], [-24, 128], [360, 6784]]
"194285.a1"	194285	[1, -1, 1, -153, 606]	[[16, 37], [-10, 37], [3, 11]]
"194360.a1"	194360	[0, 1, 0, -3620, 83968]	[[6, 250], [31, 50], [46, 130]]
"194424.d1"	194424	[0, 1, 0, -1540, 24704]	[[26, 54], [-1, 162], [80, 648]]
"194430.d1"	194430	[1, 1, 0, -202, 1624]	[[13, 31], [-2, 46], [-17, 31]]
"194442.b1"	194442	[1, 0, 1, -3665, 86132]	[[-33, 430], [39, 34], [174, 2086]]
"194490.b1"	194490	[1, -1, 0, -375, 2825]	[[16, 19], [13, -2], [7, 19]]
"194490.b2"	194490	[1, -1, 0, 75, 8855]	[[1, 94], [-17, 58], [37, 229]]
"194644.b1"	194644	[0, 1, 0, -452, 3556]	[[12, 2], [16, 26], [11, 6]]
"194654.a1"	194654	[1, 0, 1, -35, 72]	[[4, -4], [2, 2], [6, 6]]
"194763.a1"	194763	[0, 1, 1, -300, 2540]	[[15, 40], [-12, 67], [6, 31]]
"194814.a1"	194814	[1, -1, 0, -4230, 227124]	[[60, 402], [124, 1202], [45, 333]]
"194816.b1"	194816	[0, -1, 0, -83, 319]	[[5, 2], [6, 1], [21/2, 5/2]]
"194879.a1"	194879	[1, -1, 1, -219, 1134]	[[58, 396], [12, 5], [-16, 26]]
"194924.a1"	194924	[0, -1, 0, 3, 169]	[[3, 14], [-5, 2], [15, 58]]
"194943.a1"	194943	[0, -1, 1, -1604, 25724]	[[22, 24], [71, 514], [36, 115]]
"194971.a1"	194971	[0, -1, 1, -422, 3492]	[[14, 11], [-9, 80], [152, 1851]]
"195012.a1"	195012	[0, 0, 0, -399, -1546]	[[-5, 18], [-17, 18], [-14, 36]]
"195099.a1"	195099	[1, 1, 1, -35, 56]	[[0, 7], [6, 7], [2, -1]]
"195129.c1"	195129	[1, -1, 1, -164, 874]	[[8, 1], [19, 56], [-14, 23]]
"195201.b1"	195201	[0, 0, 1, 69, 2110]	[[31, 184], [1/2, 365/2], [-10, 20]]
"195308.a1"	195308	[0, 0, 0, -40, 196]	[[4, 10], [0, 14], [-8, 2]]
"195342.c1"	195342	[1, 0, 1, -1005, 4972]	[[50, 258], [-13, 132], [-4, 96]]
"195350.d1"	195350	[1, 0, 0, 937, 608617]	[[22, 789], [342, 6229], [86, 1109]]
"195361.a1"	195361	[1, -1, 1, -75, 486]	[[32, 157], [-59/3, 769/3], [4, 13]]
"195376.a1"	195376	[0, 0, 0, -547, 4930]	[[13, 4], [15, 10], [14, 4]]
"195381.a1"	195381	[0, 0, 1, -63, 20]	[[0, 4], [-3, 13], [-6, 13]]
"195504.e1"	195504	[0, 1, 0, -880, 9524]	[[14, 12], [20, 18], [38, 180]]
"195651.a1"	195651	[1, -1, 1, 85, -156]	[[2, 3], [11, 39], [3, 9]]
"195893.a1"	195893	[1, 1, 1, -5, -24]	[[3, -3], [4, 4], [6, 11]]
"195938.a1"	195938	[1, 0, 1, -7, 30]	[[1, 4], [-1, 6], [-3, 6]]
"195968.a1"	195968	[0, 1, 0, -89, 247]	[[3, 4], [7, 4], [9, 16]]
"195994.a1"	195994	[1, 0, 1, -82, -156]	[[-3, 9], [13, 25], [-2, 0]]
"196142.a1"	196142	[1, 0, 1, 1, 30]	[[-3, 2], [3, 6], [0, 5]]
"196174.a1"	196174	[1, 0, 1, -415, 3270]	[[57, 378], [13, 4], [-17, 82]]
"196176.h1"	196176	[0, -1, 0, -269, 2145]	[[53, 366], [-8, 61], [29/2, 183/2]]
"196227.a1"	196227	[1, -1, 1, -167, 1050]	[[8, 9], [17, 45], [-10, 45]]
"196391.a1"	196391	[1, 1, 1, -104, 372]	[[4, 4], [-9, 30], [19/2, 9/2]]
"196458.c1"	196458	[1, 1, 1, -75, 3321]	[[19, 86], [-5, 62], [3, 54]]
"196462.a1"	196462	[1, 1, 0, -2597, 49885]	[[26, 15], [33, 22], [54, 239]]
"196464.p1"	196464	[0, 1, 0, -3392, 76164]	[[34, 36], [16, 162], [43, 108]]
"196531.a1"	196531	[0, 1, 1, -7, 20]	[[0, 4], [-2, 5], [-4, 0]]
"196622.c1"	196622	[1, -1, 1, -234414, 43742397]	[[279, -157], [2545/3, -1519/3], [347, 1849]]
"196622.e1"	196622	[1, 1, 1, -1172, 12885]	[[-3, 129], [13, 1], [-35, -95]]
"196728.a1"	196728	[0, -1, 0, -169, 1069]	[[9, 14], [-5, 42], [37, 210]]
"196734.b1"	196734	[1, 0, 1, -147, 1150]	[[-1, 36], [11, 24], [8, 18]]
"196736.a1"	196736	[0, 0, 0, -548, 48976]	[[18, 212], [336, 6148], [-368/3, 1484/3]]
"196794.b1"	196794	[1, -1, 0, -3681, 90301]	[[74, 431], [-43, 431], [386, 7295]]
"196794.b2"	196794	[1, -1, 0, 234, 256]	[[2, 26], [-1, 5], [29, 161]]
"196855.a1"	196855	[1, -1, 1, -132, 264]	[[-3, 26], [2, 1], [12, 11]]
"196914.b1"	196914	[1, 0, 1, 7, 272]	[[3, 16], [-6, 7], [-3, 16]]
"197030.b1"	197030	[1, 0, 1, -45428, 3721506]	[[-50, 2447], [45, 1307], [125, -53]]
"197030.b2"	197030	[1, 0, 1, -38208, 4946018]	[[-221, 1725], [139, 1455], [17, 2065]]
"197036.a1"	197036	[0, -1, 0, -180, 1096]	[[6, 14], [10, 14], [13, 28]]
"197098.b1"	197098	[1, 1, 0, -7953, 283729]	[[-101, 314], [85, 438], [54, 97]]
"197165.a1"	197165	[0, 1, 1, -80, 756]	[[3, 23], [50, 352], [-35/2, 231/2]]
"197320.a1"	197320	[0, 0, 0, -103, 298]	[[9, 10], [-1, 20], [-11, 10]]
"197345.b1"	197345	[0, 0, 1, -37, 72]	[[2, 2], [7, 12], [-3, 12]]
"197372.g1"	197372	[0, -1, 0, -114, 2185]	[[-2, 49], [12, 49], [96, 931]]
"197391.a1"	197391	[1, 1, 1, 60, 306]	[[-2, 14], [25, 122], [19/2, 193/2]]
"197577.a1"	197577	[0, 0, 1, -79275, 8552754]	[[-253, 3523], [182, 391], [-79, 3784]]
"197657.a1"	197657	[0, 0, 1, -151, 720]	[[5, 9], [7, 2], [-14, 9]]
"197727.a1"	197727	[1, 1, 1, -62, 140]	[[10, 20], [-7, 20], [23/2, 7/2]]
"197782.a1"	197782	[1, 1, 0, -519, 10981]	[[9, 80], [22, 93], [75/2, 653/2]]
"197791.a1"	197791	[1, 1, 1, -22, 72]	[[5, 8], [-6, 8], [-3, 12]]
"197818.a1"	197818	[1, 0, 0, -190, 996]	[[8, -2], [6, 6], [10, 6]]
"197818.b1"	197818	[1, 0, 0, 1316, 12048]	[[-8, 36], [56, 484], [-8/3, 2828/3]]
"197843.a1"	197843	[0, 1, 1, -444, 3738]	[[2, 53], [14, 21], [264/5, 2238/5]]
"198006.j1"	198006	[1, 0, 0, -2360, 54336]	[[16, 136], [-56, 136], [160, 1864]]
"198080.f1"	198080	[0, -1, 0, 79, -239]	[[5, 16], [3, 4], [15, 64]]
"198080.n1"	198080	[0, -1, 0, -3345, 87025]	[[-35, 400], [15, 200], [40, 125]]
"198087.a1"	198087	[1, 0, 0, -929, 12000]	[[-29, 136], [25, 55], [52, 298]]
"198208.a1"	198208	[0, 1, 0, -3137, 66559]	[[15, 152], [31, 8], [117/2, 209/2]]
"198208.b1"	198208	[0, 1, 0, -1601, -18497]	[[-17, 64], [-27, 76], [-281/3, 1216/3]]
"198306.a1"	198306	[1, -1, 0, -29151, 1923133]	[[122, 353], [53, 698], [329, 5114]]
"198336.b1"	198336	[0, -1, 0, -49, 625]	[[1, 24], [-7, 24], [25, 120]]
"198368.a1"	198368	[0, 1, 0, 18, 16]	[[0, 4], [2, 8], [5, 16]]
"198405.b1"	198405	[0, 0, 1, -273, -32]	[[-8, 40], [19, 40], [73, 607]]
"198405.c1"	198405	[0, 0, 1, -5187, 124272]	[[152, 1687], [-73, 337], [17, 202]]
"198467.a1"	198467	[1, 0, 1, -357, 2561]	[[11, -7], [43/2, -45/2], [39/2, 5/2]]
"198592.c1"	198592	[0, -1, 0, -85, 581]	[[25, 116], [-4, 29], [-7, 28]]
"198830.b1"	198830	[1, 0, 1, -133, 468]	[[9, 0], [-11, 30], [14, 30]]
"198869.a1"	198869	[0, 0, 1, -443, 3460]	[[25, 89], [46/3, 971/3], [32, 148]]
"199002.e1"	199002	[1, 0, 1, -5, 5852]	[[36, 211], [-15, 58], [-18, 22]]
"199082.t1"	199082	[1, -1, 1, -279, 60207]	[[111, 1122], [-13, 254], [-3, 248]]
"199099.a1"	199099	[0, 0, 1, 7, 20]	[[-1, 3], [0, 4], [9, 28]]
"199190.c1"	199190	[1, 1, 0, -23, 133]	[[-6, -7], [-1, 13], [2, 9]]
"199199.d1"	199199	[0, -1, 1, -287, 3540]	[[24, 99], [14, 45], [185/4, 2555/4]]
"199237.a1"	199237	[0, 0, 1, -181, -660]	[[-9, 15], [84, 759], [-6, 14]]
"199336.a1"	199336	[0, 0, 0, -26, 41]	[[4, 1], [1, 4], [5, 6]]
"199366.b1"	199366	[1, -1, 0, -113, -419]	[[-6, 7], [-5, 4], [90, 799]]
"199464.a1"	199464	[0, 1, 0, -545, 3459]	[[1, 54], [19, 18], [7, 6]]
"199470.b1"	199470	[1, 1, 0, -118, 388]	[[8, 2], [9, 8], [-1, 23]]
"199470.b2"	199470	[1, 1, 0, 182, 2368]	[[6, 58], [128, 1400], [11, 71]]
"199659.a1"	199659	[1, 1, 1, -93, 324]	[[7, 5], [-2, 23], [19/2, 13/2]]
"199693.a1"	199693	[1, 0, 0, -128, 613]	[[4, 11], [-9, 37], [12, 23]]
"199728.b1"	199728	[0, 0, 0, -65811, -6074606]	[[-121, 342], [-159, 608], [297, 760]]
"199728.b2"	199728	[0, 0, 0, -13251, 474370]	[[113, 648], [98, 342], [17, 504]]
"199728.b3"	199728	[0, 0, 0, -12531, 539890]	[[71, 90], [62, 36], [57, 104]]
"199728.b4"	199728	[0, 0, 0, 27789, 2830066]	[[-9, 1606], [210, 4234], [5831, 445446]]
"199764.a1"	199764	[0, 0, 0, -6624, 207684]	[[52, 62], [48, 18], [-72, 558]]
"199771.a1"	199771	[0, 1, 1, 9398, 4032]	[[51, 786], [2032/3, 99872/3], [1905/4, 107537/4]]
"199810.c1"	199810	[1, 0, 1, -978, -7744]	[[40, 112], [55, 297], [-20, 72]]
"199810.c2"	199810	[1, 0, 1, -398, 2928]	[[9, 5], [14, 5], [4, 35]]
"199851.a1"	199851	[0, -1, 1, -42, 122]	[[4, 1], [5, 3], [2, 6]]
"199936.c1"	199936	[0, -1, 0, -3855, 92611]	[[9, 242], [31, 44], [202/3, 3509/3]]
"200061.a1"	200061	[1, -1, 1, 85, 938]	[[-6, 16], [21, 97], [48, 313]]
"200076.c1"	200076	[0, -1, 0, -54, 153]	[[6, 3], [3, 3], [2, 7]]
"200077.a1"	200077	[0, 0, 1, 11, 102]	[[2, 11], [25, 126], [-15/2, 19/2]]
"200102.a1"	200102	[1, 0, 1, -4, 30]	[[-3, 5], [3, 5], [5, 9]]
"200165.a1"	200165	[0, 1, 1, -4426, 119396]	[[-11, 408], [-68, 332], [65, 332]]
"200287.a1"	200287	[0, -1, 1, -102, 462]	[[-8, 26], [21/2, 49/2], [45, 291]]
"200357.a1"	200357	[0, 0, 1, -17, 16]	[[1, 0], [4, 3], [-2, 6]]
"200408.a1"	200408	[0, 1, 0, 36, 85]	[[2, 13], [-2, 3], [54, 403]]
"200529.a1"	200529	[1, -1, 1, -191, 1216]	[[4, 20], [-5, 47], [-14, 38]]
"200576.c1"	200576	[0, -1, 0, -39, 103]	[[3, 2], [1, 8], [9, 20]]
"200616.a1"	200616	[0, -1, 0, -1100, 14436]	[[16, 26], [20, 6], [8, 78]]
"200624.a1"	200624	[0, -1, 0, 16, -176]	[[8, 20], [6, 10], [20, 88]]
"200730.j1"	200730	[1, 1, 1, -36, 933]	[[1, 29], [-11, 17], [-9, 29]]
"200751.b1"	200751	[1, 1, 1, -548, 4718]	[[8, 26], [12, 1], [14, -1]]
"200757.a1"	200757	[0, 1, 1, -390, 2270]	[[6, 13], [-21, 40], [-3, 58]]
"200795.a1"	200795	[0, 1, 1, -110, 306]	[[10, 17], [3, 3], [0, 17]]
"200817.a1"	200817	[1, -1, 1, -38, 90]	[[2, 3], [5, 0], [-3, 14]]
"200827.a1"	200827	[1, 0, 0, -365, 2536]	[[13, -1], [35, 164], [-9, 76]]
"200841.a1"	200841	[0, -1, 1, 10, 32]	[[-1, 4], [2, 7], [5, 13]]
"200902.a1"	200902	[1, 0, 0, -67502, 4202884]	[[-68, 2946], [-276, 1490], [220/3, 42934/3]]
"200902.b1"	200902	[1, 0, 0, -1387, 19761]	[[22, -7], [14, 49], [26, 25]]
"201023.a1"	201023	[1, 1, 1, -24, 40]	[[2, 1], [4, 3], [-1, 8]]
"201042.a1"	201042	[1, -1, 0, -8871, -211267]	[[109, 274], [766, 20641], [-221/2, 2849/2]]
"201042.a2"	201042	[1, -1, 0, -3516, 81116]	[[34, -14], [31, 19], [35, -21]]
"201056.b1"	201056	[0, 0, 0, -65, 204]	[[5, 2], [3, 6], [17/2, 17/2]]
"201060.a1"	201060	[0, 0, 0, -273, 2297]	[[1, 45], [16, 45], [11, 25]]
"201081.a1"	201081	[1, 1, 1, 2, 38]	[[-1, 6], [2, 6], [8, 21]]
"201126.d1"	201126	[1, 1, 1, -18430, 955451]	[[113, 519], [77, -57], [73, 39]]
"201130.a1"	201130	[1, 0, 1, -44, 126]	[[3, 3], [-7, 13], [8, 13]]
"201152.d1"	201152	[0, 1, 0, -2689, -47073]	[[-37, 56], [-23, 56], [-21, 24]]
"201152.d2"	201152	[0, 1, 0, -729, 6631]	[[5, 56], [33, 140], [26, 77]]
"201306.d1"	201306	[1, 0, 1, -550, 2312]	[[1, 41], [22, 20], [85, 713]]
"201312.c1"	201312	[0, 0, 0, -156, -160]	[[-2, 12], [-8, 24], [22, 84]]
"201342.a1"	201342	[1, 1, 0, -54351, 4854501]	[[129, 39], [198, 1281], [539/2, -447/2]]
"201444.a1"	201444	[0, -1, 0, 11, 70]	[[1, 9], [7, 21], [-2, 6]]
"201535.a1"	201535	[1, -1, 1, 12, 42]	[[-2, 3], [3, 8], [0, 6]]
"201550.b1"	201550	[1, -1, 0, -67, 3841]	[[-1, 63], [24, 113], [9, 58]]
"201550.e1"	201550	[1, 1, 0, -11400, 640000]	[[165, 1730], [40, 480], [760/3, 13360/3]]
"201550.e2"	201550	[1, 1, 0, 90100, -8190500]	[[170, 3390], [5730, 431510], [726, 20626]]
"201616.a1"	201616	[0, -1, 0, 32, 224]	[[-4, 4], [4, 20], [20, 92]]
"201685.a1"	201685	[1, -1, 1, -318, 2106]	[[30, 122], [5, 22], [-3, 56]]
"201692.a1"	201692	[0, -1, 0, -350, 2641]	[[12, 5], [11, 1], [8, 17]]
"201733.a1"	201733	[0, 0, 1, -637, 6186]	[[14, 3], [7, 45], [16, 9]]
"201733.c1"	201733	[0, -1, 1, -184, -764]	[[-7, 11], [62, 471], [-244/5, 271/5]]
"201830.a1"	201830	[1, -1, 0, -3214, 59620]	[[76, 462], [-49, 337], [51, 137]]
"201916.b1"	201916	[0, 1, 0, -101509, 12452967]	[[241, 1430], [-331, 3146], [197, 374]]
"201935.a1"	201935	[1, 1, 1, -21, 34]	[[2, 1], [1, 3], [-4, 10]]
"201980.a1"	201980	[0, 0, 0, -223, 1222]	[[11, 10], [7, 2], [6, 10]]
"202026.a1"	202026	[1, 1, 0, -36, 180]	[[-3, 18], [8, 18], [30, 150]]
"202046.a1"	202046	[1, 0, 1, -17310, 1354880]	[[-63, 1513], [89, 677], [1172, 39304]]
"202059.a1"	202059	[1, -1, 1, -8582, 294360]	[[92, 480], [27, 272], [71, 162]]
"202059.a2"	202059	[1, -1, 1, -1517, -16500]	[[-28, 72], [50, 150], [-15, 59]]
"202143.b1"	202143	[1, 0, 0, -54, 243]	[[9, 18], [3, 9], [-9, 9]]
"202176.c1"	202176	[0, 0, 0, -324, 2304]	[[6, 24], [12, 12], [10, 8]]
"202179.a1"	202179	[0, -1, 1, -104, 476]	[[-7, 28], [12, 28], [29/2, 53/2]]
"202186.a1"	202186	[1, -1, 0, -58, 196]	[[4, 2], [0, 14], [8, 10]]
"202265.a1"	202265	[0, 0, 1, 37, 94]	[[-2, 3], [-1, 7], [4, 17]]
"202266.a1"	202266	[1, -1, 0, -159, 989]	[[10, 13], [-2, 37], [-14, 25]]
"202288.b1"	202288	[0, 0, 0, -512, 4460]	[[14, 6], [13, 1], [5, 45]]
"202354.a1"	202354	[1, -1, 0, 221, 1669]	[[18, 97], [2, 45], [25, 137]]
"202437.b1"	202437	[0, 0, 1, -651, 6390]	[[14, 4], [15, 0], [12, 17]]
"202437.c1"	202437	[0, 0, 1, -581151, -169265250]	[[-439, 1120], [-6775/4, 60475/4], [-469, 364]]
"202454.e1"	202454	[1, 0, 0, -242, 1924]	[[12, 22], [4, 30], [-2, 50]]
"202598.a1"	202598	[1, 0, 1, -290, 1872]	[[9, -1], [10, -7], [15, 23]]
"202688.a1"	202688	[0, 0, 0, -268, -1616]	[[-10, 8], [-8, 4], [-11, 1]]
"202688.d1"	202688	[0, -1, 0, -3041, 65569]	[[33, 8], [32, 1], [-63, 56]]
"202795.b1"	202795	[1, -1, 1, -492, 4284]	[[17, 16], [12, -9], [42, 216]]
"202822.a1"	202822	[1, 0, 1, -55, 90]	[[-1, 12], [7, 4], [15, 44]]
"202890.b1"	202890	[1, 0, 1, -1399, 27722]	[[91, 764], [10, 116], [-17, 224]]
"202958.b1"	202958	[1, 0, 1, -45155, 3715422]	[[-94, 2717], [151, 512], [102, 365]]
"202968.b1"	202968	[0, 0, 0, -279, 2106]	[[9, 18], [3, 36], [15, 36]]
"202975.a1"	202975	[0, 0, 1, -1300, 19031]	[[-15, 187], [65/2, 371/2], [5, 112]]
"203016.a1"	203016	[0, -1, 0, -1372, 20164]	[[24, 22], [-20, 198], [112, 1122]]
"203028.c1"	203028	[0, -1, 0, -1282, 18481]	[[22, 21], [15, 49], [-6, 161]]
"203064.a1"	203064	[0, -1, 0, -297, 2061]	[[9, 6], [11, 2], [12, 9]]
"203072.j1"	203072	[0, 0, 0, -56, 136]	[[6, 4], [10, 24], [-6, 16]]
"203078.a1"	203078	[1, -1, 0, -112, 454]	[[-5, 32], [39/2, 79/2], [73/3, 38/3]]
"203236.b1"	203236	[0, 0, 0, 211, 1301]	[[25, 149], [-5, 11], [17, 99]]
"203272.a1"	203272	[0, 1, 0, -52, -96]	[[-2, 2], [-6, 6], [-4, 8]]
"203462.b1"	203462	[1, 0, 0, -137, 3481]	[[10, 51], [-4, 65], [24, 107]]
"203644.a1"	203644	[0, 0, 0, -217, 1225]	[[7, 7], [9, 1], [21, 77]]
"203796.a1"	203796	[0, 0, 0, -6669, 207549]	[[15, 333], [60, 153], [393/2, 5661/2]]
"203825.a1"	203825	[0, 1, 1, -68, 324]	[[7, 15], [38, 232], [-3/2, 151/2]]
"203826.a1"	203826	[1, 1, 0, -744, 8496]	[[-3, 105], [20, 36], [15, 24]]
"203949.a1"	203949	[1, -1, 1, 37381, 9975084]	[[-94, 2418], [3254, 184326], [1019/2, 46965/2]]
"204017.a1"	204017	[1, -1, 1, -604, 5852]	[[17, 8], [9, 28], [20, 28]]
"204096.a1"	204096	[0, -1, 0, -97, 961]	[[-11, 24], [5, 24], [-5, 36]]
"204096.e1"	204096	[0, -1, 0, -14401, 670177]	[[37, 432], [69, 16], [1789/5, 3888/5]]
"204108.b1"	204108	[0, -1, 0, -252, 1656]	[[6, 18], [10, 6], [9, 6]]
"204113.a1"	204113	[0, -1, 1, 1490, -27668]	[[19, 84], [58, 500], [32, 227]]
"204182.a1"	204182	[1, 0, 1, -205, 1032]	[[-5, 46], [6, 2], [-16, 24]]
"204239.a1"	204239	[1, 0, 0, -1579907, -763724486]	[[8575, 780717], [-733, -439], [7987/2, 500731/2]]
"204239.b1"	204239	[1, 0, 0, -56, 49]	[[0, 7], [7, 0], [-8, 3]]
"204291.a1"	204291	[1, -1, 1, -617, 5960]	[[12, 7], [-15, 115], [6, 46]]
"204317.a1"	204317	[1, -1, 1, -25, -36]	[[-2, 2], [-3, 3], [-23/3, 83/3]]
"204335.a1"	204335	[0, 0, 1, 853, 28842]	[[7, 187], [132, 1562], [42, 372]]
"204335.c1"	204335	[0, 1, 1, -75, 231]	[[5, 2], [-5, 22], [-1, 17]]
"204350.m1"	204350	[1, -1, 1, -1305, 18297]	[[19, 0], [39, 140], [23, -4]]
"204379.a1"	204379	[0, 1, 1, -506, 4344]	[[9, 24], [16, 24], [58, 416]]
"204483.a1"	204483	[1, 0, 0, -327, 2466]	[[6, 24], [15, 24], [-3, 60]]
"204560.a1"	204560	[0, 0, 0, -307, 706]	[[-3, 40], [17, 20], [37, 200]]
"204824.a1"	204824	[0, 1, 0, 36, -80]	[[2, 2], [4, 12], [8, 28]]
"204864.ck1"	204864	[0, 1, 0, -38145, 2854719]	[[111, 24], [117, 84], [114, 27]]
"204864.ck2"	204864	[0, 1, 0, -2505, 39159]	[[9, 132], [15, 72], [-21, 288]]
"205105.a1"	205105	[0, 0, 1, -97, 1992]	[[2, 42], [-8, 47], [-223/4, 1583/4]]
"205128.a1"	205128	[0, 0, 0, -2007, 33210]	[[9, 126], [63, 396], [19, 44]]
"205128.a2"	205128	[0, 0, 0, -342, -1755]	[[-6, 9], [21, 18], [-11, 26]]
"205172.b1"	205172	[0, 0, 0, 19, 141]	[[-1, 11], [21, 99], [11, 41]]
"205183.a1"	205183	[0, 1, 1, -786, 9042]	[[-10, 126], [12, 38], [-33, 11]]
"205239.a1"	205239	[0, -1, 1, -1390, 20922]	[[40, 166], [-14, 193], [373, 7159]]
"205282.a1"	205282	[1, -1, 0, -16654, 2820904]	[[292, 4628], [-93, 1933], [-170, 932]]
"205366.a1"	205366	[1, -1, 0, -421, 3481]	[[12, 1], [26, 85], [-16, 85]]
"205394.b1"	205394	[1, 1, 0, -1759, 27641]	[[8, 115], [-26, 251], [310/3, 2153/3]]
"205490.a1"	205490	[1, 0, 1, -54, 56]	[[-7, -7], [13, 33], [1, 1]]
"205569.a1"	205569	[1, -1, 1, -1472, 22090]	[[22, -13], [23, -8], [16, 41]]
"205569.a2"	205569	[1, -1, 1, -107, 250]	[[2, 5], [-4, 26], [17, 47]]
"205587.a1"	205587	[1, -1, 1, 58, -230]	[[8, 22], [61, 446], [13, 44]]
"205605.a1"	205605	[0, 0, 1, -777, 1602]	[[-3, 62], [-28, 37], [2, 7]]
"205623.a1"	205623	[1, -1, 1, -99752, 12151230]	[[203, 384], [182, -78], [164, 345]]
"205623.a2"	205623	[1, -1, 1, -6287, 187710]	[[2, 417], [56, 66], [-24, 581]]
"205709.a1"	205709	[0, 0, 1, -61, 192]	[[5, 3], [-2, 17], [4, 3]]
"205736.a1"	205736	[0, 0, 0, -22, 25]	[[0, 5], [4, 1], [1, 2]]
"205785.a1"	205785	[0, 0, 1, -2613, 51394]	[[31, 13], [49, 202], [4, 202]]
"205785.k1"	205785	[0, 0, 1, -588, -3807]	[[-13, 40], [41, 202], [-9, 27]]
"205850.m1"	205850	[1, -1, 1, -7980, 73647]	[[-41, 595], [189, 2205], [-11, 405]]
"205942.a1"	205942	[1, 0, 1, -300, 2000]	[[8, 7], [10, 0], [32, 143]]
"206051.a1"	206051	[1, 1, 1, -44, 96]	[[3, 0], [4, 0], [7, 10]]
"206126.a1"	206126	[1, 0, 1, -85, -48]	[[15, 38], [-8, 15], [-9, 6]]
"206144.a1"	206144	[0, 1, 0, -37, -21]	[[-1, 4], [-5, 8], [-2, 7]]
"206184.a1"	206184	[0, -1, 0, -337, 2389]	[[15, 22], [4, 33], [37, 198]]
"206252.a1"	206252	[0, -1, 0, 11, 38]	[[-1, 5], [1, 7], [-2, 2]]
"206254.b1"	206254	[1, 0, 1, -231, 1322]	[[7, 4], [15, 28], [10, 1]]
"206272.l1"	206272	[0, -1, 0, 671, -6655]	[[77, 704], [13, 64], [781, 21824]]
"206312.a1"	206312	[0, 0, 0, -175, 871]	[[-3, 37], [25/2, 37/2], [34, 185]]
"206328.a1"	206328	[0, -1, 0, -220, 1156]	[[4, 18], [-14, 36], [13, 18]]
"206350.d1"	206350	[1, -1, 1, -330, 2697]	[[9, 15], [29, 115], [-1, 55]]
"206357.a1"	206357	[1, -1, 1, 51, -36]	[[6, 18], [2, 7], [92, 835]]
"206610.a1"	206610	[1, 1, 0, -39808, -2981888]	[[384, 6016], [-101, 196], [481, 9217]]
"206610.b1"	206610	[1, 1, 0, -183, 873]	[[9, 3], [6, 3], [8, -5]]
"206612.a1"	206612	[0, 1, 0, -3157, 68796]	[[-49, 329], [35, 49], [45, 141]]
"206721.b1"	206721	[1, -1, 1, -3965, -88446]	[[-42, 72], [347/2, 3357/2], [782, 21393]]
"206772.a1"	206772	[0, -1, 0, -122, 609]	[[8, 9], [-10, 27], [-1, 27]]
"206782.c1"	206782	[1, 0, 0, -246, 1444]	[[8, -2], [12, 10], [10, -2]]
"206825.a1"	206825	[1, 0, 0, 187, 742]	[[-3, 14], [22, 114], [47, 314]]
"206836.a1"	206836	[0, 0, 0, 137, 4174]	[[27, 166], [-89/3, 1162/3], [-13, 14]]
"206843.a1"	206843	[1, 1, 1, -319, 2070]	[[0, 45], [14, 17], [91/3, -59/3]]
"206960.d1"	206960	[0, 1, 0, -13800, 619348]	[[66, 20], [68, 2], [58, 132]]
"206960.d2"	206960	[0, 1, 0, -800, 10948]	[[18, 52], [6, 80], [66, 500]]
"207086.b1"	207086	[1, 0, 0, -1815, 13801]	[[86, 661], [-2, 133], [-10, 181]]
"207165.a1"	207165	[0, 1, 1, -316, 676]	[[-1, 31], [62, 472], [17, 22]]
"207173.a1"	207173	[0, 0, 1, 14, 120]	[[4, 15], [-15/2, 27/2], [-26/3, 188/3]]
"207221.a1"	207221	[0, 1, 1, -212, 1110]	[[9, 3], [16, 45], [-5, 45]]
"207224.a1"	207224	[0, 1, 0, 16, 25]	[[0, 5], [-1, 3], [8, 27]]
"207406.a1"	207406	[1, 1, 0, -133, -649]	[[-7, 3], [13, -1], [-65/3, 92/3]]
"207406.c1"	207406	[1, -1, 1, -189, 1029]	[[7, 0], [11, 8], [9, -4]]
"207417.e1"	207417	[0, 1, 1, -3740, 87350]	[[37, 31], [34, 25], [85/2, 1067/2]]
"207423.c1"	207423	[1, -1, 1, -209, 1224]	[[2, 27], [8, 0], [12, 12]]
"207451.a1"	207451	[0, 0, 1, 5, 90]	[[-2, 8], [15, 59], [0, 9]]
"207545.b1"	207545	[0, 0, 1, 152, -351]	[[11, 51], [7, 32], [353/2, 6691/2]]
"207622.a1"	207622	[1, 0, 0, -106, -348]	[[-4, 6], [-8, 6], [-6, 12]]
"207688.b1"	207688	[0, 1, 0, -196, 993]	[[8, 1], [4, 17], [11, 17]]
"207781.a1"	207781	[1, 1, 1, -48, 94]	[[1, 6], [8, 13], [22, 90]]
"207810.a1"	207810	[1, -1, 0, -495, 4225]	[[20, 35], [-10, 95], [8, 23]]
"207885.b1"	207885	[0, 1, 1, 894, 18200]	[[-15, 40], [39, 337], [-6, 112]]
"207894.a1"	207894	[1, 1, 1, -137, 695]	[[3, 16], [15, 40], [7, 8]]
"208022.d1"	208022	[1, 0, 0, -240, 256]	[[0, 16], [16, 16], [32, 144]]
"208075.g1"	208075	[1, 0, 0, -2688, 48367]	[[17, 79], [42, 79], [67, 379]]
"208075.g2"	208075	[1, 0, 0, 3437, 238242]	[[7, 509], [-13, 444], [-34, 304]]
"208157.a1"	208157	[0, -1, 1, -79, 259]	[[-7, 20], [13/2, 37/2], [19/3, 253/3]]
"208198.a1"	208198	[1, 1, 1, -882, 9727]	[[17, -5], [25, 51], [19, 7]]
"208326.a1"	208326	[1, 0, 1, -1800, 27910]	[[29, 3], [38, 102], [-43, 183]]
"208373.a1"	208373	[0, 0, 1, -1171, 15420]	[[21, 9], [19, 5], [20, 0]]
"208373.c1"	208373	[0, -1, 1, -3099, -1641]	[[-53, 104], [-3/2, 205/2], [-9, 159]]
"208470.c1"	208470	[1, 1, 1, -806, 10019]	[[9, 55], [33, 127], [17, 31]]
"208512.b1"	208512	[0, 0, 0, -804, 8336]	[[22, 36], [10, 36], [13, 9]]
"208582.a1"	208582	[1, -1, 0, 92, 400]	[[16, 68], [-3, -8], [7/2, 183/2]]
"208635.a1"	208635	[0, -1, 1, -166, 1122]	[[13, 31], [6, 17], [-11/2, 311/2]]
"208662.a1"	208662	[1, 1, 0, -52, 160]	[[4, 4], [-8, -8], [1, 10]]
"208760.a1"	208760	[0, 1, 0, -1241, 16459]	[[39, 170], [19, 10], [181/3, 170/3]]
"208893.b1"	208893	[1, 0, 0, -147, 1224]	[[-3, 42], [24, 96], [15, 42]]
"208893.e1"	208893	[0, 1, 1, -22025, 1250795]	[[85, 4], [67, 283], [91, 91]]
"208912.b1"	208912	[0, -1, 0, -1200, 16576]	[[40, 176], [18, 22], [184/3, 352/3]]
"208945.a1"	208945	[0, 0, 1, -27307, 2115450]	[[113, 687], [177/2, 7971/2], [2038, 91712]]
"208982.a1"	208982	[1, 0, 1, 0, 62]	[[1, 7], [-3, 7], [5, 11]]
"209026.a1"	209026	[1, 1, 1, -166, 675]	[[9, -1], [5, -5], [17, 47]]
"209060.a1"	209060	[0, 1, 0, -356, 2500]	[[12, 10], [-8, 70], [7, 20]]
"209216.e1"	209216	[0, -1, 0, -897, 10561]	[[9, 56], [25, 56], [15, 16]]
"209280.h1"	209280	[0, -1, 0, -9305, 350697]	[[49, 100], [149, 1500], [69, 180]]
"209402.a1"	209402	[1, 0, 0, -32, 256]	[[0, 16], [-8, 0], [4, 12]]
"209472.o1"	209472	[0, 1, 0, -28977, 1883151]	[[111, 216], [-105, 1944], [183, 1656]]
"209797.a1"	209797	[1, -1, 1, 696, -14586]	[[316/3, 5683/3], [16, 13], [231, 3410]]
"209894.a1"	209894	[1, -1, 1, -297, 2025]	[[7, 12], [11, -4], [15, 20]]
"210036.a1"	210036	[0, -1, 0, -346, 2569]	[[-8, 69], [15, 23], [37/2, 69/2]]
"210050.a1"	210050	[1, -1, 0, -37, 121]	[[4, 3], [-6, 13], [-1, 13]]
"210064.a1"	210064	[0, 1, 0, -149, 751]	[[-9, 38], [10, 19], [15, 46]]
"210157.a1"	210157	[0, -1, 1, -25, 52]	[[4, 0], [2, 2], [-2, 9]]
"210326.b1"	210326	[1, 1, 1, 46, 351]	[[1, 19], [9, 35], [-3, 15]]
"210620.a1"	210620	[0, 1, 0, 19, 100]	[[-3, 5], [7, 25], [1, 11]]
"210678.i1"	210678	[1, 0, 1, -1308, -4898]	[[86, 678], [-25, 123], [47, 171]]
"210678.i2"	210678	[1, 0, 1, -768, 8062]	[[5, 63], [14, 3], [29, 87]]
"210688.a1"	210688	[0, 1, 0, -51, 121]	[[3, 2], [5, 4], [-3, 16]]
"210726.k1"	210726	[1, -1, 1, -4244, -11401]	[[-11, 189], [357, 6445], [81, 373]]
"210766.a1"	210766	[1, 0, 1, -59, 210]	[[-7, 20], [10, 20], [27, 122]]
"210778.a1"	210778	[1, 1, 0, -184, 896]	[[8, 0], [7, 0], [-8, 48]]
"210825.a1"	210825	[0, 0, 1, -2325, 136156]	[[145, 1687], [10, 337], [-95/2, 3371/2]]
"210894.c1"	210894	[1, 1, 1, -560, 4241]	[[21, 37], [5, 37], [9, 1]]
"210972.a1"	210972	[0, -1, 0, -97, 394]	[[7, 3], [5, 3], [3, 11]]
"211022.a1"	211022	[1, -1, 0, -721, -4067]	[[42, 175], [-14, 63], [-6, 7]]
"211022.b1"	211022	[1, 1, 0, -49, -151]	[[-4, 3], [-5, 3], [16, 51]]
"211055.c1"	211055	[1, -1, 1, -328, 1986]	[[16, 17], [-18, 51], [6, 11]]
"211055.c2"	211055	[1, -1, 1, 627, 10772]	[[8, 123], [25, 191], [-2, 98]]
"211117.a1"	211117	[1, 0, 0, -23, 46]	[[3, 1], [2, 2], [-3, 11]]
"211162.b1"	211162	[1, 0, 0, -77, 529]	[[-6, 31], [8, 17], [22, 87]]
"211394.b1"	211394	[1, 0, 0, -467, -2399]	[[-14, 45], [62, 425], [24, 7]]
"211494.b1"	211494	[1, 1, 0, -63, 81]	[[0, 9], [-9, 0], [18, 63]]
"211498.a1"	211498	[1, -1, 0, -217, 1453]	[[18, 47], [2, 31], [-14, 47]]
"211662.l1"	211662	[1, -1, 1, -5627, 184555]	[[11, 346], [43, 122], [55, 170]]
"211872.c1"	211872	[0, 1, 0, -225, -81]	[[-9, 36], [15, 12], [-1, 12]]
"211904.f1"	211904	[0, 1, 0, -39905, 3053599]	[[15, 1568], [239, 2688], [111, 64]]
"211904.f2"	211904	[0, 1, 0, -2065, 64239]	[[-14, 301], [-35, 308], [7, 224]]
"212077.a1"	212077	[0, 1, 1, -87, 357]	[[15, 51], [-43/2, 99/2], [3, 11]]
"212134.d1"	212134	[1, 0, 0, -1319, 18505]	[[18, 17], [22, 5], [-8, 173]]
"212199.a1"	212199	[1, 1, 1, 20, 506]	[[-4, 21], [22, 99], [74, 606]]
"212222.b1"	212222	[1, -1, 1, 8, 475]	[[7, 25], [1, 21], [-5, 19]]
"212256.a1"	212256	[0, 0, 0, -3612, 80480]	[[22, 108], [46, 108], [94, 756]]
"212256.a2"	212256	[0, 0, 0, -597, -3940]	[[-17, 36], [-11, 36], [-8, 18]]
"212318.a1"	212318	[1, -1, 0, -3562, 82804]	[[100, 798], [36, -2], [804/5, 1382/5]]
"212430.e1"	212430	[1, 1, 1, -5736, -12567]	[[-51, 413], [-19, 309], [89, 393]]
"212430.e2"	212430	[1, 1, 1, -3816, 88809]	[[29, 45], [69, 365], [21, 125]]
"212446.g1"	212446	[1, 0, 0, -170, 676]	[[4, 6], [12, 14], [-12, 38]]
"212484.c1"	212484	[0, 1, 0, -382, 2489]	[[14, 9], [5, 27], [-22, 27]]
"212572.b1"	212572	[0, 0, 0, -160, -92]	[[16, 38], [-3, 19], [-8, 26]]
"212617.a1"	212617	[1, -1, 0, -3596, 66791]	[[-50, 371], [757/4, 389/4], [1703/2, 67843/2]]
"212640.b1"	212640	[0, -1, 0, -7441, 249505]	[[73, 300], [49, 12], [55, 60]]
"212644.a1"	212644	[0, 1, 0, -44, 196]	[[4, 10], [0, 14], [-8, 10]]
"212716.a1"	212716	[0, 1, 0, -1989, 33511]	[[33, 70], [26, 7], [5, 154]]
"212735.a1"	212735	[0, 1, 1, 24, 30]	[[-1, 2], [0, 5], [1, 7]]
"212807.a1"	212807	[0, 0, 1, -3038, 64055]	[[35, 24], [-7/2, 2103/2], [511/3, 7361/3]]
"212871.a1"	212871	[0, -1, 1, -43, 117]	[[7, 10], [3, 2], [5, 1]]
"213057.a1"	213057	[1, -1, 1, 778, 7350]	[[32, 237], [110, 1134], [5/4, 5535/4]]
"213094.a1"	213094	[1, 0, 1, -31, 54]	[[1, 4], [2, 0], [4, -2]]
"213164.b1"	213164	[0, 1, 0, -1121, 14608]	[[13, 49], [111, 1127], [-27, 161]]
"213219.a1"	213219	[0, 0, 1, -21, 76]	[[1, 7], [4, 7], [-2, 10]]
"213328.b1"	213328	[0, 0, 0, -355, 2146]	[[17, 32], [-15, 64], [49, 320]]
"213335.a1"	213335	[1, 0, 0, -45, -38]	[[-1, 3], [-6, 8], [-3, 10]]
"213390.g1"	213390	[1, -1, 0, -2484, 55588]	[[2, 224], [77, 524], [47, 179]]
"213408.a1"	213408	[0, 0, 0, -12, 2720]	[[2, 52], [28, 156], [-11, 39]]
"213470.a1"	213470	[1, 0, 1, -334, -2304]	[[-11, 13], [-12, 8], [21, -3]]
"213526.a1"	213526	[1, -1, 0, -4, 64]	[[0, 8], [-4, 0], [4, 8]]
"213534.a1"	213534	[1, -1, 1, -932, 15815]	[[21, 61], [-27, 157], [45, 229]]
"213550.e1"	213550	[1, -1, 1, -90, 537]	[[9, 15], [-11, 15], [-1, 25]]
"213608.a1"	213608	[0, 0, 0, -268, 1684]	[[10, 2], [12, 14], [9, 1]]
"213610.a1"	213610	[1, 0, 1, -17913, 920156]	[[70, 67], [75/2, 6071/2], [50, 362]]
"213610.a2"	213610	[1, 0, 1, -12913, 1446156]	[[-20, 1312], [-140, 787], [106, 1074]]
"213834.f1"	213834	[1, 0, 1, -230, 1640]	[[9, 13], [0, 40], [18, 49]]
"213846.c1"	213846	[1, 1, 1, -742, -3613]	[[-11, 63], [47, 237], [29, 3]]
"213927.f1"	213927	[0, -1, 1, -155, 857]	[[23, 94], [5, 13], [29/2, 59/2]]
"213993.a1"	213993	[0, 0, 1, -3189, -67100]	[[127, 1255], [-35, 40], [-479/4, 2479/4]]
"214049.a1"	214049	[0, 1, 1, -524, 4032]	[[51, 335], [7, 27], [-15, 93]]
"214061.a1"	214061	[0, 1, 1, -24, 108]	[[-1, 11], [22, 103], [-27/2, 19/2]]
"214098.a1"	214098	[1, 1, 0, -174, 504]	[[30, 138], [-4, 36], [12, 12]]
"214192.b1"	214192	[0, 1, 0, -1248, 16564]	[[18, 16], [20, 2], [28, 66]]
"214222.a1"	214222	[1, 0, 1, 34, 132]	[[0, 11], [23, 103], [-2, 8]]
"214338.b1"	214338	[1, 0, 1, -143, 2]	[[15, 28], [-9, 28], [-1, 12]]
"214356.a1"	214356	[0, -1, 0, -257, 1674]	[[9, 3], [10, 2], [13, 19]]
"214357.a1"	214357	[0, -1, 1, -5629, 164470]	[[46, 27], [44, 6], [370/3, 773/3]]
"214398.a1"	214398	[1, -1, 0, -99, 389]	[[10, 13], [-2, 25], [7, -5]]
"214416.b1"	214416	[0, 0, 0, -1731, 28946]	[[19, 54], [25, 36], [73, 540]]
"214422.a1"	214422	[1, 1, 0, 102, 36]	[[3, 18], [0, 6], [8, 34]]
"214440.b1"	214440	[0, -1, 0, -465, 4725]	[[15, 30], [5, 50], [25, 90]]
"214490.b1"	214490	[1, 1, 0, -43, 113]	[[4, 3], [-1, 13], [14, 43]]
"214655.a1"	214655	[1, 1, 1, -375, 2560]	[[8, 8], [-7, 73], [13, 3]]
"214659.a1"	214659	[0, 0, 1, -3981, 112270]	[[50, 195], [-65, 310], [4, 310]]
"214912.a1"	214912	[0, 1, 0, -809, 8551]	[[15, 4], [19, 20], [13, 20]]
"214912.a2"	214912	[0, 1, 0, -79, -63]	[[-1, 4], [-7, 14], [9, 6]]
"215088.e1"	215088	[0, -1, 0, -576, 5184]	[[0, 72], [18, 18], [72, 576]]
"215111.a1"	215111	[0, 0, 1, -61, 200]	[[9, 19], [-4, 19], [5, 4]]
"215182.d1"	215182	[1, 0, 0, -127, -231]	[[-2, 5], [-10, 13], [-6, 21]]
"215184.a1"	215184	[0, -1, 0, -424, 3520]	[[16, 24], [12, 4], [8, 24]]
"215223.a1"	215223	[1, 1, 1, -37, 62]	[[2, 0], [5, 3], [4, -2]]
"215294.a1"	215294	[1, 0, 1, -42, 104]	[[3, 1], [1, 7], [4, 0]]
"215398.a1"	215398	[1, 0, 0, -666, 6244]	[[20, 22], [12, -2], [8, 34]]
"215574.i1"	215574	[1, 1, 1, -1597, 24467]	[[35, 96], [149, 1692], [-37, 204]]
"215676.a1"	215676	[0, 0, 0, -201, 1105]	[[5, 15], [8, 3], [11, 15]]
"215708.a1"	215708	[0, 1, 0, -60, 4]	[[0, 2], [-4, 14], [-8, 6]]
"215709.a1"	215709	[1, 1, 1, -33, 48]	[[4, -1], [-2, 11], [7, 11]]
"215710.a1"	215710	[1, 0, 1, -25373, 1553256]	[[80, 152], [95, 2], [47, 658]]
"215710.a2"	215710	[1, 0, 1, -22953, 1862048]	[[49, 900], [-151, 1450], [124, 900]]
"215764.a1"	215764	[0, 1, 0, -65, 64]	[[-5, 17], [12, 34], [29, 153]]
"215781.c1"	215781	[1, 1, 1, -4500, 114324]	[[58, 200], [151/2, -209/2], [38, -15]]
"215860.c1"	215860	[0, 1, 0, -9950, 380473]	[[66, 125], [316, 5375], [189/2, 1075/2]]
"215890.a1"	215890	[1, -1, 0, -175, 925]	[[10, 5], [6, 5], [-10, 45]]
"215893.a1"	215893	[1, -1, 1, -22, 50]	[[2, 2], [5, 4], [-3, 10]]
"215920.g1"	215920	[0, -1, 0, -256, 1856]	[[16, 40], [8, 16], [10, 14]]
"215930.b1"	215930	[1, 0, 1, -94, 576]	[[-2, 28], [9, 17], [1, 21]]
"215967.a1"	215967	[0, 1, 1, -72, 182]	[[3, 1], [0, 13], [6, 1]]
"215976.b1"	215976	[0, 1, 0, -220, 464]	[[14, 18], [-4, 36], [2, 6]]
"216008.a1"	216008	[0, 1, 0, -106665, 13379899]	[[221, 806], [1027, 31434], [8411/7, 136214/7]]
"216188.a1"	216188	[0, 1, 0, -702, -4439]	[[-12, 49], [30, 49], [37, 147]]
"216384.a1"	216384	[0, -1, 0, -6785, 217281]	[[33, 168], [49, 8], [51, 36]]
"216384.a2"	216384	[0, -1, 0, -345, 4761]	[[0, 69], [5, 56], [-9, 84]]
"216512.a1"	216512	[0, 0, 0, -844, 9424]	[[18, 8], [16, 4], [12, 32]]
"216512.c1"	216512	[0, -1, 0, -2401, 30209]	[[77, 544], [13, 32], [1165, 39712]]
"216634.a1"	216634	[1, 0, 1, -30400, 2038422]	[[124, 361], [-118, 2055], [102, -13]]
"216634.c1"	216634	[1, 0, 0, -1282, 36036]	[[36, 174], [26, 130], [20, 126]]
"216634.c2"	216634	[1, 0, 0, 11038, -759836]	[[64, 426], [3270, 185458], [2974/5, 179658/5]]
"216642.a1"	216642	[1, 1, 1, -197, 875]	[[3, 16], [21, 70], [-15, 34]]
"216642.b1"	216642	[1, 1, 1, -1947, 13545]	[[115, 1094], [-29, 230], [-13, 198]]
"216826.a1"	216826	[1, 0, 0, -377, 2809]	[[10, 3], [14, 11], [12, 1]]
"216958.a1"	216958	[1, -1, 0, -553, 5149]	[[18, 19], [14, -5], [-10, -93]]
"217024.e1"	217024	[0, -1, 0, -257, 769]	[[17, 32], [-15, 32], [15, 8]]
"217071.a1"	217071	[0, 0, 1, -192, 956]	[[-8, 44], [57/2, 263/2], [12, 19]]
"217112.b1"	217112	[0, -1, 0, -63, 196]	[[7, 7], [0, 14], [28, 140]]
"217133.a1"	217133	[1, 0, 0, -175, 774]	[[1, 24], [50, 318], [-45/2, 339/2]]
"217197.a1"	217197	[1, -1, 1, -554, 5042]	[[9, 22], [12, -2], [-18, 103]]
"217216.a1"	217216	[0, 0, 0, -244, 1456]	[[10, 4], [8, 4], [14, 28]]
"217328.a1"	217328	[0, 1, 0, -1184, 11572]	[[58, 376], [28, 34], [-38, 56]]
"217328.a2"	217328	[0, 1, 0, 176, 1236]	[[2, 40], [11, 68], [-5, 16]]
"217328.c1"	217328	[0, 0, 0, -4664171, -3876661606]	[[-1241, 578], [3094, 106352], [2711, 58338]]
"217328.c2"	217328	[0, 0, 0, -1889771, 961189146]	[[629, 4624], [965, 6016], [-774, 44274]]
"217328.c3"	217328	[0, 0, 0, -317611, -49080870]	[[-217, 3102], [2133, 94752], [-171, 480]]
"217328.c4"	217328	[0, 0, 0, 52309, -5060390]	[[391, 8670], [102, 1156], [87, 386]]
"217341.a1"	217341	[0, 0, 1, -477, 4006]	[[11, 9], [13, 1], [49, 313]]
"217370.a1"	217370	[1, 0, 1, -948, 11006]	[[20, 2], [-5, 127], [-30, -98]]
"217370.f1"	217370	[1, 0, 0, -526, -1020]	[[28, 66], [-4, 34], [-20, 50]]
"217388.a1"	217388	[0, 1, 0, -68, 100]	[[0, 10], [-4, 18], [-8, 14]]
"217408.a1"	217408	[0, 0, 0, -844, -656]	[[126, 1376], [-2, 32], [40, 172]]
"217465.a1"	217465	[0, -1, 1, -203830, 35637556]	[[415, 4727], [2515/3, 17524/3], [-500, 3507]]
"217476.a1"	217476	[0, 0, 0, -444, 3089]	[[22, 63], [-20, 63], [16, 9]]
"217719.a1"	217719	[1, -1, 1, -74, 154]	[[1, 8], [-8, 17], [2, 2]]
"217784.a1"	217784	[0, 0, 0, -223, 1279]	[[10, 7], [9, 1], [-11, 49]]
"217784.b1"	217784	[0, -1, 0, -152, -371]	[[-10, 7], [18, 49], [-6, 17]]
"217797.b1"	217797	[0, -1, 1, -537, 4970]	[[18, 28], [12, 10], [8, 33]]
"217840.a1"	217840	[0, 0, 0, -2203, 39898]	[[19, 70], [33, 56], [61, 364]]
"217917.a1"	217917	[0, 0, 1, -201, 990]	[[5, 10], [-16, 10], [-9, 45]]
"217978.a1"	217978	[1, 0, 0, 149, -303]	[[26, 133], [2, 1], [12, 51]]
"218042.r1"	218042	[1, 0, 0, -208062, 40160836]	[[384, 3922], [-364, 8410], [-100, 7794]]
"218042.r2"	218042	[1, 0, 0, 16393, -106391]	[[538, 12557], [178/3, 12559/3], [54, 941]]
"218096.a1"	218096	[0, 0, 0, -931, -254]	[[-9, 86], [-79/2, 817/2], [-1, 26]]
"218211.a1"	218211	[0, 1, 1, -460, 3610]	[[17, 31], [8, 22], [-4, 73]]
"218230.b1"	218230	[1, -1, 0, -19055, 1017201]	[[727/3, -743/3], [158, 1311], [78, -9]]
"218371.a1"	218371	[1, 0, 0, 15, 4]	[[0, 2], [1, 4], [-1/2, 5/2]]
"218430.i1"	218430	[1, -1, 0, -324, 5868]	[[-18, 84], [7, 59], [-3, 84]]
"218546.a1"	218546	[1, 0, 0, -1450, 21156]	[[20, 6], [28, 38], [22, -6]]
"218581.a1"	218581	[0, 0, 1, -179, 930]	[[16, 46], [33/2, 27/2], [-15, 15]]
"218583.a1"	218583	[1, -1, 1, -383, 2778]	[[8, 9], [14, -3], [59/2, 45/2]]
"218650.b1"	218650	[1, 0, 1, -526, 8448]	[[-3, 101], [37, 181], [72, 551]]
"218725.a1"	218725	[0, 1, 1, -1158, 14094]	[[38, 162], [-27, 162], [-37, 87]]
"218746.c1"	218746	[1, 0, 0, -9097, 329241]	[[-88, 715], [34, 227], [44, 99]]
"218966.e1"	218966	[1, 0, 0, -5479, 122313]	[[-8, 411], [-74, 389], [14, 213]]
"218979.a1"	218979	[1, -1, 1, -126869, 17205662]	[[70, 2908], [186, 37], [-561/2, 45971/2]]
"218990.b1"	218990	[1, 1, 0, -102, -284]	[[-8, 14], [12, 14], [-9, 2]]
"219088.a1"	219088	[0, 0, 0, -67, -110]	[[-3, 8], [-7, 4], [-5, 10]]
"219114.c1"	219114	[1, -1, 0, -66834, 6662344]	[[162, 178], [141, 94], [155, 17]]
"219114.c2"	219114	[1, -1, 0, -5094, 56164]	[[8, 122], [-55, 437], [-27, 430]]
"219238.a1"	219238	[1, 0, 0, 15, 361]	[[-6, -5], [2, 19], [-2, 19]]
"219274.a1"	219274	[1, 0, 1, 27, 92]	[[-2, 6], [9, 28], [1, 10]]
"219295.a1"	219295	[0, 1, 1, -920, 24174]	[[1, 152], [-19, 187], [-296/3, 3799/3]]
"219326.a1"	219326	[1, 1, 1, 54, 727]	[[-7, -5], [1, 27], [5, 31]]
"219367.a1"	219367	[0, 0, 1, -94, 387]	[[-7, 26], [25/2, 49/2], [5, 6]]
"219374.a1"	219374	[1, 0, 1, -96, 446]	[[13, 31], [-6, 31], [-11, 19]]
"219393.a1"	219393	[0, 0, 1, -417, 4216]	[[43, 256], [-14, 85], [16, 40]]
"219396.a1"	219396	[0, 1, 0, -149, 2172]	[[19, 81], [1, 45], [-8, 54]]
"219411.a1"	219411	[1, -1, 1, -41, 236]	[[6, 10], [-3, 19], [24, 100]]
"219534.c1"	219534	[1, 1, 1, -2415, 45621]	[[31, 26], [27, 18], [59, 306]]
"219646.d1"	219646	[1, -1, 1, -201, 585]	[[-1, 28], [13, 0], [3, 0]]
"219706.a1"	219706	[1, 1, 0, -704, 6904]	[[15, -7], [17, 6], [59/2, -51/2]]
"219706.b1"	219706	[1, -1, 1, -384, -93]	[[-3, 33], [-19, 1], [-11, 57]]
"219784.a1"	219784	[0, -1, 0, 36, 2308]	[[76, 662], [-27/2, 331/2], [22/3, 1324/3]]
"219850.h1"	219850	[1, 0, 0, -3538, 82692]	[[52, 174], [32, 34], [22, 114]]
"219925.c1"	219925	[1, 0, 0, 7, 22]	[[-2, 2], [1, 5], [6, 14]]
"219936.b1"	219936	[0, -1, 0, -1162, 15724]	[[12, 58], [-17, 174], [166/3, 406/3]]
"219956.a1"	219956	[0, 1, 0, 14, 153]	[[-2, 11], [9, 33], [1, 13]]
"219963.d1"	219963	[0, -1, 1, -1597, 25152]	[[22, 13], [20, 28], [24, 8]]
"219994.b1"	219994	[1, 0, 0, -7064, 244288]	[[112, 872], [16, 360], [-48, 712]]
"220034.a1"	220034	[1, 0, 0, -760, 8256]	[[16, 8], [-16, 136], [8, 48]]
"220066.a1"	220066	[1, 0, 1, -33370, 2299980]	[[157, 889], [1125, 36705], [-107, 2209]]
"220066.e1"	220066	[1, -1, 0, -1811, 30121]	[[24, -5], [223/3, -338/3], [52, 247]]
"220134.e1"	220134	[1, 0, 1, -600, 5782]	[[29, 99], [5, 51], [17, 15]]
"220191.a1"	220191	[0, -1, 1, -415, -2238]	[[28, 85], [-10, 28], [370, 7096]]
"220236.b1"	220236	[0, 1, 0, -1724, 80292]	[[64, 486], [-44, 270], [172, 2214]]
"220241.a1"	220241	[1, 0, 0, 8, 511]	[[9, 32], [-65/3, 353/3], [255/2, 3833/2]]
"220326.b1"	220326	[1, 1, 1, -164, 677]	[[9, 1], [5, 1], [3, 13]]
"220342.o1"	220342	[1, -1, 1, -187, -85]	[[-7, 32], [51, 322], [-5/3, 110/3]]
"220462.c1"	220462	[1, -1, 1, -1761, 28977]	[[25, -2], [23, 4], [47, 196]]
"220517.d1"	220517	[0, 1, 1, -129, -609]	[[-7, 0], [-27/2, -5/2], [23, 95]]
"220594.d1"	220594	[1, 1, 1, -1090, -3249]	[[57, 323], [-7, 67], [-191/3, 3089/3]]
"220622.c1"	220622	[1, 0, 0, -2827, 59889]	[[-2, 257], [30, 33], [22, 81]]
"220686.a1"	220686	[1, 1, 0, -121, 469]	[[6, -1], [5, 2], [14, 35]]
"220709.a1"	220709	[0, 1, 1, -19, 17]	[[1, 0], [-3, 7], [-5, 3]]
"220754.a1"	220754	[1, -1, 0, -61, 373]	[[14, 39], [-9, 16], [6, 11]]
"220823.a1"	220823	[1, -1, 1, -12, 30]	[[2, 2], [3, 2], [0, 5]]
"220884.e1"	220884	[0, 1, 0, -410, 6969]	[[1, 81], [28, 135], [10, 63]]
"220966.b1"	220966	[1, 1, 0, -54, -104]	[[-5, 11], [12, 28], [-3, 8]]
"221008.a1"	221008	[0, 0, 0, -259, 1954]	[[21, 76], [-17, 38], [2, 38]]
"221070.e1"	221070	[1, 0, 1, -1594, -23914]	[[-20, 2], [-26, 2], [-24, 37]]
"221070.e2"	221070	[1, 0, 1, -244, 926]	[[-2, 38], [4, 2], [3, 13]]
"221168.a1"	221168	[0, 0, 0, -211, 1234]	[[9, 8], [1, 32], [7, 10]]
"221287.b1"	221287	[0, 0, 1, -92, 331]	[[7, 5], [17/2, 29/2], [29, 148]]
"221354.a1"	221354	[1, 0, 1, 5725, 138222]	[[-4, 341], [-18, 180], [31, 572]]
"221373.a1"	221373	[0, 0, 1, -81, 272]	[[6, 1], [3, 7], [9, 16]]
"221470.d1"	221470	[1, 0, 0, 279, 18265]	[[-6, 131], [58, 451], [26, 195]]
"221682.a1"	221682	[1, 1, 0, -1261, 16669]	[[10, 67], [19, -5], [154, 1795]]
"221775.a1"	221775	[0, 1, 1, -3308, 70394]	[[28, 22], [-62, 202], [73, 472]]
"221823.a1"	221823	[0, 0, 1, -21, 110]	[[0, 10], [7, 17], [21, 94]]
"221825.b1"	221825	[1, 1, 1, -14763, 4504156]	[[-185/2, 18231/2], [1840/3, 82964/3], [44, 1963]]
"222014.a1"	222014	[1, -1, 1, -321, 2385]	[[9, 8], [-17, 60], [35, 164]]
"222056.b1"	222056	[0, -1, 0, -49, 53]	[[1, 2], [-1, 10], [-7, 2]]
"222081.a1"	222081	[1, 1, 1, -92, 302]	[[5, -4], [4, 2], [13, 32]]
"222144.c1"	222144	[0, -1, 0, 23, 169]	[[-3, 8], [-1, 12], [3, 16]]
"222144.cd1"	222144	[0, 1, 0, -28457, 1925079]	[[169, 1404], [-65, 1872], [871, 25272]]
"222206.a1"	222206	[1, -1, 0, -19, 9]	[[0, 3], [-2, 7], [-4, 5]]
"222210.f1"	222210	[1, -1, 0, -1494, 22500]	[[21, -3], [16, 42], [24, -6]]
"222283.a1"	222283	[0, 0, 1, 13, -14]	[[1, 0], [2, 4], [7, 20]]
"222352.d1"	222352	[0, -1, 0, -800, 8656]	[[8, 52], [-18, 130], [24, 52]]
"222362.a1"	222362	[1, 1, 0, -1397, 17725]	[[-22, 207], [6, 95], [174, 2167]]
"222425.a1"	222425	[1, 0, 0, -788, 1567]	[[33, 92], [47, 239], [-3, 64]]
"222425.a2"	222425	[1, 0, 0, 3087, 13192]	[[57, 584], [8, 192], [-3, 64]]
"222448.a1"	222448	[0, 1, 0, -312, -1964]	[[-10, 16], [22, 48], [-13, 8]]
"222501.a1"	222501	[0, 1, 1, -136, 532]	[[8, 4], [5, 1], [2, 16]]
"222698.a1"	222698	[1, 0, 0, -1099, 14193]	[[22, 17], [-34, -95], [8, 73]]
"222733.a1"	222733	[0, 0, 1, -7241, 236302]	[[-1, 493], [34, 171], [649/3, 8047/3]]
"222848.b1"	222848	[0, 1, 0, -73, 135]	[[7, 4], [1, 8], [11, 28]]
"222866.a1"	222866	[1, 0, 1, -2349, 72728]	[[-56, 199], [91, 738], [287, 4658]]
"222886.a1"	222886	[1, 1, 1, 75, 91]	[[-1, 4], [7, 28], [1, 12]]
"222891.a1"	222891	[0, -1, 1, -12, 32]	[[2, 3], [1, 4], [5, 8]]
"222961.a1"	222961	[0, 1, 1, -2946, 60574]	[[34, 29], [43, 123], [388, 7581]]
"222995.b1"	222995	[1, 0, 1, -564, 5711]	[[-11, 108], [13, 18], [59/2, 143/2]]
"223132.a1"	223132	[0, -1, 0, -460, -2824]	[[-14, 26], [25, 26], [-43/2, 221/2]]
"223142.d1"	223142	[1, 1, 1, -462, 3595]	[[17, 23], [13, -5], [1, 55]]
"223191.a1"	223191	[0, 0, 1, -105, 412]	[[7, 4], [4, 7], [2, 14]]
"223210.b1"	223210	[1, 0, 1, -68294, 6139476]	[[-22, 2773], [199, 563], [233, 1583]]
"223210.b2"	223210	[1, 0, 1, -66274, 6561252]	[[174, 465], [148, -81], [1058, 32952]]
"223210.f1"	223210	[1, 0, 1, -18403, -314994]	[[150, 477], [-45, 672], [-54, 749]]
"223210.f2"	223210	[1, 0, 1, -10323, 399278]	[[47, 112], [64, 10], [79, 240]]
"223283.a1"	223283	[0, -1, 1, -19, 46]	[[2, 3], [-2, 8], [-4, 6]]
"223346.b1"	223346	[1, -1, 1, -2259, 42099]	[[31, 18], [27, 2], [43, 130]]
"223374.a1"	223374	[1, 1, 0, -9481, 303925]	[[193, 2293], [-102, 523], [-43, 818]]
"223446.d1"	223446	[1, 1, 1, -359, 3485]	[[11, 26], [-21, 58], [27, 106]]
"223821.a1"	223821	[0, 0, 1, 672, 9360]	[[-10, 40], [41/2, 1049/2], [-6, 71]]
"223856.a1"	223856	[0, 1, 0, -312, -44]	[[30, 136], [-4, 34], [-2/3, 136/3]]
"223915.a1"	223915	[0, 1, 1, -206, 1050]	[[10, 9], [29, 142], [21/2, 91/2]]
"224100.a1"	224100	[0, 0, 0, -525, 3125]	[[-5, 75], [25, 75], [55, 375]]
"224112.b1"	224112	[0, -1, 0, -10760, 431376]	[[8, 588], [64, 28], [56, 36]]
"224112.b2"	224112	[0, -1, 0, -320, 13776]	[[88, 812], [8, 108], [-24, 84]]
"224208.e1"	224208	[0, 0, 0, -351, -594]	[[-15, 36], [21, 36], [30, 126]]
"224223.a1"	224223	[1, 1, 1, -3817, 89252]	[[34, -2], [-28, 432], [131/2, 81/2]]
"224380.a1"	224380	[0, 0, 0, -373, 2797]	[[9, 13], [11, 5], [49/2, 65/2]]
"224394.c1"	224394	[1, 0, 1, -227, 13610]	[[-6, 124], [21, 124], [48, 313]]
"224412.a1"	224412	[0, -1, 0, -37, -26]	[[-5, 3], [7, 3], [-2, 6]]
"224547.a1"	224547	[0, -1, 1, -802, 9012]	[[10, 43], [16, 4], [19, 16]]
"224592.a1"	224592	[0, -1, 0, 72, 1296]	[[0, 36], [18, 90], [72, 612]]
"224760.c1"	224760	[0, 1, 0, -2081, 36675]	[[31, 54], [-23, 270], [22, 45]]
"224775.a1"	224775	[1, -1, 1, -110, 442]	[[4, 5], [-11, 20], [-2, 26]]
"224799.a1"	224799	[1, 1, 1, -24, 12]	[[4, -4], [-2, 8], [-5, 8]]
"224922.a1"	224922	[1, 0, 1, -878, 22052]	[[135, 1471], [-36, -68], [21, 103]]
"225016.d1"	225016	[0, -1, 0, -1900, 32516]	[[28, 22], [20, 46], [-16, 242]]
"225063.b1"	225063	[1, -1, 1, -104, 222]	[[2, 3], [11, 12], [-1, 18]]
"225171.a1"	225171	[0, 0, 1, -1209, 6102]	[[194, 2659], [-3, 98], [185/2, 1769/2]]
"225731.a1"	225731	[0, 0, 1, 41, 230]	[[1, 16], [12, 49], [-7/2, 95/2]]
"225808.a1"	225808	[0, 1, 0, -544, 4596]	[[10, 16], [-22, 80], [42, 240]]
"225822.g1"	225822	[1, 1, 1, -340, 2261]	[[11, -9], [9, 1], [17, 33]]
"225897.a1"	225897	[1, 1, 1, -1091, 12620]	[[32, 92], [-30, 154], [249, 3781]]
"225932.a1"	225932	[0, 1, 0, -397, 2796]	[[1, 49], [15, 21], [43, 259]]
"225995.a1"	225995	[1, 0, 0, -2366, 44125]	[[36, 59], [25, 15], [247/3, -563/3]]
"226144.a1"	226144	[0, 1, 0, 24, 88]	[[-2, 6], [6, 22], [3, 14]]
"226191.a1"	226191	[0, -1, 1, -12, 110]	[[-3, 10], [4, 10], [18, 73]]
"226325.a1"	226325	[0, 0, 1, -1435, 21006]	[[25, 27], [36, 126], [345/4, 573/4]]
"226425.a1"	226425	[0, -1, 1, -108, 1118]	[[-3, 37], [12, 37], [-13, 12]]
"226434.a1"	226434	[1, 1, 0, -353, 2421]	[[10, -1], [11, -1], [26, 95]]
"226451.a1"	226451	[1, 0, 0, -36, -83]	[[-3, 2], [-4, 3], [17, 57]]
"226494.a1"	226494	[1, -1, 0, -846, 9706]	[[17, -4], [11, 35], [71/2, -17/2]]
"226494.h1"	226494	[1, -1, 1, -11399, 497279]	[[51, 190], [99, 526], [483, 10126]]
"226499.b1"	226499	[0, 1, 1, -189, -684]	[[18, 45], [-8, 19], [32, 164]]
"226637.a1"	226637	[1, -1, 1, -85, 320]	[[6, -2], [5, -5], [15/2, 35/2]]
"226708.c1"	226708	[0, -1, 0, -25, 26]	[[1, 1], [-1, 7], [5, 1]]
"226749.a1"	226749	[1, 0, 0, 34, 1857]	[[-11, 19], [16, 73], [-17/2, 341/2]]
"226762.a1"	226762	[1, 0, 0, 16, 40]	[[-2, 2], [2, 8], [10, 30]]
"226826.a1"	226826	[1, 0, 1, -338, 2472]	[[4, 32], [27, 101], [39/2, 49/2]]
"226866.h1"	226866	[1, 1, 1, -347, 1577]	[[3, 22], [19, 38], [-13, 70]]
"227006.a1"	227006	[1, 1, 0, -93, 289]	[[7, 3], [-6, 29], [15/2, 11/2]]
"227085.a1"	227085	[0, 1, 1, -6150, 182954]	[[51, 67], [-84, 337], [6, 382]]
"227255.a1"	227255	[1, -1, 1, -9237, 344136]	[[6, 534], [56, -16], [484/3, 13/3]]
"227435.a1"	227435	[1, 0, 0, -1696, 26751]	[[23, -5], [79/2, 181/2], [-29, 242]]
"227545.a1"	227545	[1, -1, 1, -228, 1362]	[[-2, 43], [8, -7], [10, -2]]
"227677.a1"	227677	[0, -1, 1, 38, 52]	[[2, 11], [25, 126], [5, 18]]
"227879.a1"	227879	[1, 0, 1, -75, -253]	[[-5, 3], [-21/2, 23/2], [-83/4, 75/4]]
"227919.b1"	227919	[1, 0, 0, -717, 7974]	[[105, 993], [3, 75], [23, 50]]
"227975.a1"	227975	[1, 0, 0, -68, 127]	[[7, -1], [-3, 19], [-7, 20]]
"227975.a2"	227975	[1, 0, 0, 207, 952]	[[-3, 19], [7, 49], [-4, -6]]
"228222.a1"	228222	[1, -1, 0, -6003, 169141]	[[30, 109], [-1, 419], [275/2, 1957/2]]
"228237.a1"	228237	[1, 1, 1, -99, -420]	[[-6, 3], [-25/2, 27/2], [14, 27]]
"228253.a1"	228253	[0, -1, 1, -4373378, -3517959744]	[[26183, 4222680], [-30184/5, 114064/5], [4094, 217208]]
"228416.a1"	228416	[0, 0, 0, 140, 1024]	[[5, 43], [48, 344], [0, 32]]
"228482.a1"	228482	[1, 0, 1, -35, 132]	[[0, 11], [23/2, 65/2], [-4, 16]]
"228498.a1"	228498	[1, 0, 1, -152, 866]	[[6, 10], [-3, 37], [15, 37]]
"228697.b1"	228697	[0, -1, 1, -1335, -17040]	[[46, 129], [-24, 24], [60, 339]]
"228736.c1"	228736	[0, 1, 0, -19, -3]	[[-1, 4], [-3, 6], [-4, 5]]
"228802.e1"	228802	[1, 0, 0, -1120, 9216]	[[64, 416], [8, 24], [32, 64]]
"228853.a1"	228853	[0, 0, 1, -25, 42]	[[2, 0], [4, 2], [0, 6]]
"228920.a1"	228920	[0, 1, 0, -14385, 219283]	[[-9, 590], [11, 250], [1099/3, 14750/3]]
"228975.b1"	228975	[1, 1, 1, -588, 8406]	[[-20, 122], [5, 72], [30, 122]]
"229096.a1"	229096	[0, 1, 0, -49, -45]	[[-1, 2], [-5, 10], [7, 2]]
"229120.a1"	229120	[0, 1, 0, -731, 7369]	[[15, 2], [9, 40], [17, 12]]
"229174.c1"	229174	[1, -1, 1, -441, 9177]	[[-25, 76], [7, 76], [23, 92]]
"229178.f1"	229178	[1, 0, 0, -1597, -22671]	[[202, 2711], [-26, 51], [50, 127]]
"229214.d1"	229214	[1, -1, 1, -381, 2757]	[[15, 8], [7, 16], [-17, 72]]
"229299.d1"	229299	[0, -1, 1, 373, 4940]	[[8, 91], [130, 1494], [-10, 10]]
"229352.a1"	229352	[0, 0, 0, -34, 69]	[[2, 3], [6, 9], [10, 27]]
"229359.a1"	229359	[0, 1, 1, -1500, 21980]	[[-6, 175], [21, 13], [93/2, 113/2]]
"229437.a1"	229437	[1, -1, 1, -17786, 496900]	[[-25, 974], [118, 116], [-116, 1052]]
"229437.a2"	229437	[1, -1, 1, -15401, 739216]	[[76, 20], [37, 449], [64, 80]]
"229450.a1"	229450	[1, -1, 0, -1192, 14716]	[[-11, 168], [54, 298], [4, 98]]
"229497.d1"	229497	[0, -1, 1, -1433, 21377]	[[-5, 168], [23, 7], [17, 40]]
"229525.a1"	229525	[1, -1, 1, 15, 42]	[[-1, 5], [4, 10], [-2, 1]]
"229744.a1"	229744	[0, 0, 0, -1723, 25834]	[[125, 1328], [-41, 166], [29, 16]]
"229770.a1"	229770	[1, -1, 0, -4335, 120941]	[[25, 154], [358, 6481], [62, 265]]
"229842.s1"	229842	[1, -1, 1, -16124, 790719]	[[53, 261], [89, 189], [149, 1221]]
"229842.s2"	229842	[1, -1, 1, -869, -8643]	[[-19, 36], [-13, 24], [-21, 8]]
"229846.a1"	229846	[1, 0, 1, -63, 182]	[[5, -2], [4, -2], [7, 6]]
"230368.a1"	230368	[0, 0, 0, -49, 136]	[[3, 4], [5, 4], [4, 2]]
"230565.a1"	230565	[0, 1, 1, -646, 6160]	[[14, 7], [29, 112], [11, 22]]
"230608.d1"	230608	[0, 1, 0, -10064, 384916]	[[66, 112], [52, 70], [60, 26]]
"230608.d2"	230608	[0, 1, 0, -784, 2580]	[[2, 32], [-1, 58], [-5, 80]]
"230622.b1"	230622	[1, 1, 0, -3601, -84185]	[[-33, 8], [-35, 40], [-37, 8]]
"230622.b2"	230622	[1, 1, 0, -371, 441]	[[56, 371], [-1, 29], [1, 8]]
"230649.a1"	230649	[1, 1, 1, -18, 42]	[[4, 5], [-5, 8], [7, 14]]
"230677.a1"	230677	[0, 1, 1, -3566, 80784]	[[-2, 296], [561/4, 561/4], [33, 11]]
"230678.a1"	230678	[1, 1, 0, -122, 340]	[[-4, 30], [3, 2], [-12, 22]]
"230686.a1"	230686	[1, 0, 1, -127, -174]	[[-9, 20], [23, 84], [55, 372]]
"230724.a1"	230724	[0, 0, 0, -5112, 73305]	[[-14, 377], [12, 117], [-66, 351]]
"230724.a2"	230724	[0, 0, 0, 17073, 539190]	[[87, 1638], [-17, 494], [1023, 32994]]
"230817.a1"	230817	[1, 1, 1, -5, 38]	[[-3, 7], [6, 13], [1, 5]]
"230994.b1"	230994	[1, -1, 0, -222993, 40586589]	[[274, -105], [273, -132], [279, 36]]
"231205.a1"	231205	[0, -1, 1, -1360, 19756]	[[20, 12], [-5, 162], [85/2, 1/2]]
"231217.a1"	231217	[0, 0, 1, -31, 336]	[[22, 101], [-7, 14], [8, 24]]
"231230.b1"	231230	[1, 0, 0, -761, 8185]	[[18, 11], [10, 35], [58, 371]]
"231255.a1"	231255	[1, -1, 1, -2612, -26864]	[[106, 884], [-19, 134], [56, -41]]
"231360.a1"	231360	[0, -1, 0, -961, -7775]	[[-9, 8], [-21, 52], [39, 112]]
"231360.a2"	231360	[0, -1, 0, -361, 2665]	[[3, 40], [9, 8], [19, 48]]
"231468.a1"	231468	[0, -1, 0, -124, 664]	[[10, 18], [-2, 30], [6, 10]]
"231499.a1"	231499	[0, 1, 1, 4, 24]	[[-1, 4], [-2, 3], [1, 5]]
"231589.a1"	231589	[1, -1, 1, -156, 786]	[[7, -6], [8, -2], [10, 7]]
"231634.a1"	231634	[1, -1, 0, 2249, 1111513]	[[-91, 429], [263, 4323], [676, 17303]]
"231646.a1"	231646	[1, 1, 0, 65, 197]	[[-2, 9], [14, 57], [19, 84]]
"231816.b1"	231816	[0, -1, 0, -3024, 65025]	[[28, 39], [32, 1], [33, 9]]
"231826.c1"	231826	[1, 0, 0, -97822, 11663556]	[[556, 11090], [164, 114], [332, 3810]]
"231828.a1"	231828	[0, -1, 0, -2, 81]	[[2, 9], [-4, 3], [-1, 9]]
"231872.a1"	231872	[0, 0, 0, -76, 784]	[[10, 32], [-6, 32], [26, 128]]
"231931.a1"	231931	[0, 1, 1, -8471, 297252]	[[52, 8], [502/3, 998/3], [188, 2320]]
"232015.b1"	232015	[1, 0, 0, -23325, 1371250]	[[95, 75], [130, 670], [275/2, 2175/2]]
"232139.b1"	232139	[1, 1, 1, -211, 1092]	[[8, -4], [6, 6], [35/2, -7/2]]
"232252.a1"	232252	[0, 1, 0, -284, 2020]	[[-12, 62], [19, 62], [12, 22]]
"232270.c1"	232270	[1, 0, 0, -1006, 12420]	[[28, 66], [8, 66], [18, 6]]
"232310.n1"	232310	[1, -1, 1, -678, 3381]	[[1, 51], [105, 987], [25, 27]]
"232319.a1"	232319	[0, 1, 1, -37, 140]	[[-2, 14], [21/2, 83/2], [-6, 13]]
"232335.c1"	232335	[1, -1, 1, 58, 1716]	[[-4, 39], [26, 129], [71, 564]]
"232420.b1"	232420	[0, 1, 0, 180, 100]	[[0, 10], [20, 110], [40, 270]]
"232425.a1"	232425	[0, 0, 1, -525, 10156]	[[25, 112], [-20, 112], [70, 562]]
"232466.a1"	232466	[1, 0, 0, -774, 7780]	[[-4, 106], [12, 10], [172/3, -50/3]]
"232661.a1"	232661	[0, 1, 1, -16, -16]	[[-1, 0], [-2, 3], [-4, 0]]
"232716.c1"	232716	[0, -1, 0, -1374, 19233]	[[126, 1353], [27, 33], [16, 33]]
"232808.a1"	232808	[0, -1, 0, -81, 277]	[[7, 2], [1, 14], [9, 14]]
"232896.t1"	232896	[0, 1, 0, -537, 6759]	[[3, 72], [39, 216], [-15, 108]]
"232915.a1"	232915	[0, -1, 1, -16, 322]	[[-2, 18], [29/2, 181/2], [1, 17]]
"232959.a1"	232959	[0, 1, 1, -522, -3868]	[[-12, 28], [45, 256], [-15, 28]]
"232959.f1"	232959	[0, -1, 1, -971, 10205]	[[25, 30], [-83/2, 1155/2], [2587, 131546]]
"233013.a1"	233013	[0, 1, 1, -184, 2086]	[[53, 379], [-16, 34], [20, 82]]
"233214.g1"	233214	[1, 1, 1, -9682, 229727]	[[-71, 787], [-103, 435], [89, 243]]
"233235.a1"	233235	[0, 0, 1, -4107, -3650]	[[88, 562], [-62, 112], [-37, 312]]
"233386.a1"	233386	[1, 1, 0, 274, 1204]	[[60, 458], [-1, 31], [-20/3, 686/3]]
"233447.b1"	233447	[1, -1, 1, -223, 1980]	[[0, 44], [15, 35], [12, 24]]
"233475.a1"	233475	[0, -1, 1, -758, 8318]	[[17, 7], [27, 82], [16, 5]]
"233600.l1"	233600	[0, -1, 0, -553, 5177]	[[17, 20], [13, 4], [1, 68]]
"233744.a1"	233744	[0, 1, 0, -232, 324]	[[-2, 28], [26, 112], [-9, 42]]
"233763.a1"	233763	[0, -1, 1, -36364, 2682024]	[[123, 234], [-78, 2244], [-212, 904]]
"233968.a1"	233968	[0, 0, 0, -139, 394]	[[-3, 28], [11, 14], [25, 112]]
"233968.b1"	233968	[0, -1, 0, -2072, 24304]	[[140, 1568], [42, 98], [12, 32]]
"234035.a1"	234035	[0, 0, 1, 2, 23]	[[-1, 4], [3, 7], [1/2, 35/2]]
"234135.b1"	234135	[0, 0, 1, -363, 58594]	[[-11, 247], [484, 10642], [97, 967]]
"234164.a1"	234164	[0, 1, 0, -148, -540]	[[-8, 14], [20, 70], [-5, 10]]
"234178.a1"	234178	[1, 0, 1, -38, 12]	[[-1, 7], [6, 0], [13, 35]]
"234384.q1"	234384	[0, 1, 0, -12032, 540996]	[[106, 684], [70, 216], [-38, 972]]
"234446.b1"	234446	[1, 1, 0, -696, 6784]	[[16, 0], [15, -7], [19, 20]]
"234446.c1"	234446	[1, 1, 1, -949, -7845]	[[-25, 44], [39, 108], [-21, 68]]
"234536.a1"	234536	[0, -1, 0, -380, -1244]	[[-12, 38], [45, 266], [140, 1634]]
"234790.f1"	234790	[1, 0, 0, -34461, 2459185]	[[98, 111], [104, 1], [-2, 1591]]
"234846.a1"	234846	[1, -1, 0, -339, -1531]	[[-14, 25], [22, 25], [58, 385]]
"234936.b1"	234936	[0, 0, 0, -1764, 28836]	[[48, 234], [22, 26], [-30, 234]]
"234950.c1"	234950	[1, 1, 0, -445, -3715]	[[34, 131], [-14, 3], [-11, 5]]
"234976.b1"	234976	[0, 1, 0, 72, -56]	[[10, 42], [3, 14], [18, 86]]
"235002.c1"	235002	[1, 0, 1, -1080, 13510]	[[17, 3], [20, -6], [65, 435]]
"235038.b1"	235038	[1, 1, 0, -103, 361]	[[6, -5], [5, -1], [3, 8]]
"235257.a1"	235257	[0, -1, 1, -142, 702]	[[7, 1], [4, 13], [10, 13]]
"235280.m1"	235280	[0, -1, 0, -616, 6080]	[[8, 40], [16, 8], [14, 2]]
"235450.l1"	235450	[1, 0, 0, -1063, 172617]	[[142, 1629], [-58, 229], [-8, 429]]
"235512.a1"	235512	[0, 0, 0, -327, 970]	[[17, 18], [-1, 36], [-19, 18]]
"235514.b1"	235514	[1, 0, 0, -4, 528]	[[-8, -4], [8, 28], [-4, 24]]
"235538.c1"	235538	[1, 0, 0, -10615, 325161]	[[406, 7733], [-90, 789], [22, 309]]
"235654.a1"	235654	[1, -1, 0, -8730547, 9944576629]	[[1735, 3323], [-730, 126573], [10406, 1017453]]
"235654.c1"	235654	[1, 1, 0, -36, 76]	[[4, 2], [3, 1], [6, 8]]
"235756.a1"	235756	[0, 1, 0, -541, 4671]	[[13, 2], [17, 26], [25, 86]]
"235944.a1"	235944	[0, 0, 0, -2919, 60714]	[[25, 58], [33, 18], [141, 1566]]
"236025.a1"	236025	[0, 0, 1, -3675, 78156]	[[-10, 337], [20, 112], [65, 337]]
"236034.e1"	236034	[1, -1, 0, -195, 3977]	[[28, 127], [169, 2101], [-17, 55]]
"236086.a1"	236086	[1, 0, 0, -307, 2529]	[[14, 25], [-2, 57], [-18, 57]]
"236094.b1"	236094	[1, 1, 0, -539, 4701]	[[-2, 77], [17, 20], [22, 53]]
"236100.a1"	236100	[0, -1, 0, -1658, 26937]	[[22, 25], [32, 75], [122, 1275]]
"236104.a1"	236104	[0, 1, 0, -18089, 930427]	[[78, 11], [67, 154], [691/3, 242/3]]
"236110.k1"	236110	[1, -1, 1, -513, 6417]	[[3, 68], [23, 68], [-17, 108]]
"236135.a1"	236135	[1, -1, 1, -88, 342]	[[3, 8], [6, -1], [7, 2]]
"236178.b1"	236178	[1, -1, 0, 279, 1921]	[[-1, 41], [26, 149], [80, 689]]
"236304.a1"	236304	[0, 0, 0, -219, 1114]	[[5, 12], [11, 6], [17, 48]]
"236306.a1"	236306	[1, 0, 1, -67, 306]	[[7, 10], [-7, 24], [21, 80]]
"236306.d1"	236306	[1, 0, 0, -3360, 50176]	[[0, 224], [448, 9184], [224, 3136]]
"236384.a1"	236384	[0, -1, 0, -2977, 63569]	[[-43, 332], [40, 83], [277/3, 332/3]]
"236547.a1"	236547	[1, -1, 1, -41, 132]	[[5, 3], [2, 6], [8, 12]]
"236553.b1"	236553	[0, -1, 1, -96, 398]	[[6, 1], [9, 13], [7, 4]]
"236555.a1"	236555	[0, 1, 1, -1099446, 443356986]	[[2537, 118277], [582, 977], [5629/3, 23642/3]]
"236600.a1"	236600	[0, 0, 0, -1300, 16900]	[[30, 70], [0, 130], [65, 455]]
"236747.a1"	236747	[1, -1, 1, -373, 1450]	[[50, 300], [-17/2, 447/2], [19, 21]]
"236803.a1"	236803	[0, -1, 1, -56, -132]	[[-4, 3], [-3, 0], [11, 21]]
"236803.c1"	236803	[0, 0, 1, -2614, -46848]	[[-36, 24], [62, 171], [297/2, 3279/2]]
"236835.a1"	236835	[0, 0, 1, -150987, 22589622]	[[-298, 6412], [177, 1187], [227, 112]]
"236892.a1"	236892	[0, -1, 0, -37, 46]	[[1, 3], [7, 9], [-5, 9]]
"236928.c1"	236928	[0, -1, 0, -89, 489]	[[5, 12], [-1, 24], [17, 60]]
"236930.a1"	236930	[1, -1, 0, -134254, 11641528]	[[-228, 5624], [874, 23256], [342, 2204]]
"236930.b1"	236930	[1, 1, 0, -2238, 39832]	[[22, 32], [28, -4], [679/5, -1977/5]]
"236934.d1"	236934	[1, -1, 1, -362, 5545]	[[1, 71], [25, 95], [13, 47]]
"236957.a1"	236957	[1, -1, 1, -61, 186]	[[6, 0], [-8, -7], [10, 17]]
"237006.c1"	237006	[1, -1, 0, -546, 9188]	[[49, 289], [-8, 118], [-17, 124]]
"237094.b1"	237094	[1, -1, 0, -8513, 304461]	[[62, 79], [54, -33], [18, 387]]
"237133.a1"	237133	[0, 0, 1, -1897, 31746]	[[37, 110], [-2, 188], [27, 14]]
"237145.a1"	237145	[0, 1, 1, 9, 156]	[[6, 21], [-19/2, 39/2], [-11/2, 83/2]]
"237146.a1"	237146	[1, 0, 1, -260, 1950]	[[-16, 53], [-3, 53], [10, 14]]
"237161.a1"	237161	[1, 1, 1, -214, 1116]	[[8, -5], [9, 0], [73/3, -106/3]]
"237232.a1"	237232	[0, 1, 0, -104, 820]	[[-2, 32], [14, 48], [30, 160]]
"237282.e1"	237282	[1, 0, 1, -662, 4556]	[[27, 67], [0, 67], [-9, -95]]
"237291.b1"	237291	[0, -1, 1, -591, 6320]	[[18, 34], [-22, 90], [93/2, 539/2]]
"237293.b1"	237293	[1, 1, 1, -13, 24]	[[2, 2], [3, 3], [6, 11]]
"237297.a1"	237297	[1, 1, 1, -26, 20]	[[0, 4], [-3, 10], [-6, 1]]
"237297.b1"	237297	[1, 1, 1, -1756, -27190]	[[-26, 54], [311/2, 4167/2], [-23, 52]]
"237366.h1"	237366	[1, -1, 1, -2009, 34489]	[[31, 20], [7, 140], [23, -4]]
"237416.a1"	237416	[0, -1, 0, -884, 10468]	[[32, 118], [69/2, 59/2], [-27, 118]]
"237456.a1"	237456	[0, 0, 0, 453, 4090]	[[11, 102], [45, 340], [-7/2, 459/2]]
"237490.a1"	237490	[1, -1, 0, -550, 6136]	[[-5, 96], [28, 96], [6, 52]]
"237536.b1"	237536	[0, -1, 0, -449, 1393]	[[-3, 52], [-16, 65], [181/3, 260/3]]
"237570.c1"	237570	[1, 0, 1, -2154, 38752]	[[26, 9], [35, 63], [8, 144]]
"237624.a1"	237624	[0, -1, 0, -137, 621]	[[5, 6], [11, 18], [9, 6]]
"237627.a1"	237627	[1, -1, 1, 133, 190]	[[1, 17], [10, 44], [37, 215]]
"237775.a1"	237775	[0, 0, 1, -3925, 94656]	[[35, 12], [10, 237], [145/2, 21/2]]
"237828.c1"	237828	[0, 1, 0, -3594, 81657]	[[42, 81], [33, 9], [141/2, 27/2]]
"237895.c1"	237895	[0, 1, 1, -51, -45]	[[9, 17], [-1, 2], [-3, 9]]
"237917.a1"	237917	[1, 1, 1, -7651594, 21431802012]	[[2004, 117956], [18141/5, 15895024/5], [-475491/17, 848882484/17]]
"238048.a1"	238048	[0, 0, 0, -499, 4246]	[[25, 86], [-18, 86], [57/2, 43/2]]
"238187.a1"	238187	[0, 1, 1, 34, 72]	[[0, 8], [17, 76], [-17/3, 46/3]]
"238199.a1"	238199	[0, -1, 1, 636, -594]	[[3, 36], [222, 3321], [13, 98]]
"238200.a1"	238200	[0, -1, 0, -633, 6237]	[[17, 10], [-3, 90], [27, 90]]
"238254.i1"	238254	[1, 1, 1, -84, 405]	[[1, 17], [-11, -7], [5, 9]]
"238262.a1"	238262	[1, 0, 1, -16, 0]	[[0, 0], [-4, 3], [6, 8]]
"238272.b1"	238272	[0, -1, 0, -28105, 1822921]	[[88, 153], [-65, 1836], [95, 36]]
"238272.b2"	238272	[0, -1, 0, -27745, 1871521]	[[113, 408], [385, 6936], [96, 289]]
"238280.e1"	238280	[0, -1, 0, -56, 1225]	[[-4, 37], [33, 185], [-7, 35]]
"238285.a1"	238285	[0, 0, 1, -457, -2350]	[[-12, 37], [38, 187], [-7, 22]]
"238291.a1"	238291	[0, 1, 1, -207, 1080]	[[8, 0], [6, 9], [14, 33]]
"238355.a1"	238355	[0, 1, 1, -3060, 88614]	[[66, 422], [-64, 162], [-251/3, 10549/3]]
"238365.c1"	238365	[1, -1, 1, -167, -84]	[[-4, 24], [-1, 9], [-10, 27]]
"238431.f1"	238431	[0, 1, 1, -6897, 218162]	[[36, 133], [50, 28], [12, 370]]
"238544.a1"	238544	[0, 1, 0, -208, 4596]	[[14, 68], [31, 170], [-146/3, 1700/3]]
"238576.b1"	238576	[0, 1, 0, -1112, 14116]	[[16, 26], [-10, 156], [10, 64]]
"238611.c1"	238611	[1, 0, 0, -764, 8073]	[[16, -5], [19, 13], [13, 13]]
"238912.a1"	238912	[0, 1, 0, -193, 1215]	[[7, 16], [-9, 48], [1, 32]]
"238924.c1"	238924	[0, 1, 0, -1045, 12564]	[[-19, 161], [27, 69], [23, 35]]
"238977.b1"	238977	[1, -1, 1, -43445, 3497878]	[[559/2, 2443/2], [98, 368], [599, 13561]]
"238996.a1"	238996	[0, -1, 0, -117, 526]	[[7, 1], [6, 2], [9, 11]]
"239007.b1"	239007	[1, 0, 0, -274, 1835]	[[11, 8], [2, 35], [38, 197]]
"239040.a1"	239040	[0, 0, 0, -4908, -19312]	[[98, 664], [-62, 216], [-32, 324]]
"239040.a2"	239040	[0, 0, 0, -3108, 66368]	[[28, 36], [46, 144], [14, 160]]
"239140.a1"	239140	[0, 1, 0, 94, 25]	[[12, 55], [2, 15], [-2/3, 55/3]]
"239170.a1"	239170	[1, -1, 0, -559, 3613]	[[2, 49], [-23, 74], [102, 949]]
"239174.a1"	239174	[1, -1, 1, 36, 159]	[[-3, 5], [1, 13], [-1, 11]]
"239174.b1"	239174	[1, 1, 1, -28197, 1810795]	[[71, 380], [95, -76], [91, 48]]
"239175.a1"	239175	[1, -1, 1, -455, 2072]	[[-6, 70], [24, 55], [-21, 55]]
"239200.a1"	239200	[0, 0, 0, -20380, 1105600]	[[50, 460], [-134, 1196], [1186/3, 22724/3]]
"239200.e1"	239200	[0, -1, 0, -1633, 21137]	[[37, 100], [7, 100], [32, 25]]
"239241.b1"	239241	[0, -1, 1, -647, 6557]	[[11, 25], [17, 13], [133/3, 46/3]]
"239328.c1"	239328	[0, 0, 0, -4428, 113184]	[[42, 36], [24, 144], [114, 1044]]
"239338.a1"	239338	[1, -1, 0, 2216, 252544]	[[80, 928], [113, 1335], [-8, 488]]
"239475.b1"	239475	[0, 1, 1, -1108, 20944]	[[8, 112], [53, 337], [-22, 187]]
"239482.a1"	239482	[1, -1, 0, -1736, 28288]	[[48, 208], [24, -8], [27, 10]]
"239618.a1"	239618	[1, 0, 1, -90, 320]	[[5, -1], [7, 3], [3, 7]]
"239698.a1"	239698	[1, 0, 0, -424, 3648]	[[16, 24], [8, 24], [-16, 88]]
"239744.a1"	239744	[0, 1, 0, 67, 187]	[[1, 16], [9, 40], [6, 29]]
"239768.e1"	239768	[0, 0, 0, -175, -174]	[[-3, 18], [-5, 24], [15, 24]]
"239768.e2"	239768	[0, 0, 0, 685, -1378]	[[19, 136], [83, 792], [427, 8840]]
"239882.a1"	239882	[1, 0, 1, 500, 1098]	[[76, 654], [353, 6471], [1, 39]]
"239885.a1"	239885	[1, -1, 1, -78, 12]	[[-2, 13], [23, 88], [-33/2, 79/2]]
"239911.a1"	239911	[1, -1, 1, -1404, 20592]	[[21, -4], [22, -11], [42, 164]]
"239964.a1"	239964	[0, -1, 0, -4, 328]	[[-2, 18], [2, 18], [-6, 10]]
"239990.a1"	239990	[1, 1, 0, -2168, 37972]	[[14, 96], [26, -8], [21, 37]]
"240198.r1"	240198	[1, 0, 1, -49663, 4136822]	[[193, 1226], [4, 1982], [151, 218]]
"240198.r2"	240198	[1, 0, 1, -7523, -161458]	[[-45, 316], [-30, 208], [-24, 85]]
"240220.b1"	240220	[0, 0, 0, -4072, 100036]	[[32, 50], [37, 5], [40, 34]]
"240229.b1"	240229	[0, 0, 1, -199, 1080]	[[8, 0], [7, 5], [5, 14]]
"240352.b1"	240352	[0, 1, 0, -1414, 19992]	[[28, 56], [22, 4], [-42, 84]]
"240352.b2"	240352	[0, 1, 0, -1169, 27391]	[[31, 148], [-14, 203], [21, 112]]
"240356.a1"	240356	[0, -1, 0, -76, 344]	[[2, 14], [-2, 22], [10, 22]]
"240412.a1"	240412	[0, 1, 0, 10, 49]	[[-2, 5], [0, 7], [4, 13]]
"240426.e1"	240426	[1, -1, 0, -199881, 34443873]	[[252, 45], [12, 5655], [-261, 8424]]
"240426.e2"	240426	[1, -1, 0, -4941, -60507]	[[81, 216], [138, 1299], [-14, 83]]
"240664.a1"	240664	[0, -1, 0, -465, 4021]	[[13, 2], [15, 14], [12, 5]]
"240685.a1"	240685	[0, 1, 1, -780, 2184]	[[-9, 92], [176, 2312], [51, 312]]
"240760.a1"	240760	[0, 0, 0, -3052, 66004]	[[18, 130], [-47, 325], [-22, 350]]
"240790.a1"	240790	[1, 0, 1, -124, 966]	[[-12, 33], [-1, 33], [10, 22]]
"240822.l1"	240822	[1, -1, 1, -4199, 199199]	[[243, 3550], [39, 286], [-29, 558]]
"240832.f1"	240832	[0, -1, 0, -865, 9281]	[[61, 424], [8, 53], [29, 88]]
"240981.a1"	240981	[0, -1, 1, -172, 2460]	[[64, 499], [10, 40], [-10, 55]]
"241023.b1"	241023	[0, -1, 1, -97, 0]	[[-2, 13], [0, 0], [-35/2, 77/2]]
"241138.a1"	241138	[1, -1, 1, -66, -63]	[[-7, 7], [-3, 11], [9, -1]]
"241187.a1"	241187	[0, 1, 1, -1870, 30560]	[[29, 39], [103/3, 2791/3], [43, 177]]
"241192.a1"	241192	[0, 0, 0, -76, 436]	[[4, 14], [-10, 14], [18, 70]]
"241240.a1"	241240	[0, -1, 0, -22881, 1332325]	[[63, 370], [1543, 60310], [-87, 1630]]
"241294.a1"	241294	[1, 0, 1, -33, -28]	[[-1, 2], [-5, 6], [7, 6]]
"241548.a1"	241548	[0, -1, 0, -92, 504]	[[2, 18], [14, 42], [-10, 18]]
"241556.a1"	241556	[0, 1, 0, -301, -1617]	[[-7, 14], [21, 42], [-6, 3]]
"241632.a1"	241632	[0, 0, 0, -876, 10816]	[[14, 36], [20, 36], [38, 180]]
"241650.b1"	241650	[1, -1, 0, -2817, 59341]	[[14, 143], [-46, 323], [54, 223]]
"241806.e1"	241806	[1, 1, 1, -2069, 28667]	[[39, 76], [-25, 268], [231, 3340]]
"241818.b1"	241818	[1, 1, 0, -61, 169]	[[4, 1], [1, 10], [6, 5]]
"241896.a1"	241896	[0, -1, 0, -212, 1284]	[[8, 6], [10, 8], [12, 18]]
"241960.a1"	241960	[0, 1, 0, 324, 14704]	[[10, 138], [102, 1058], [-2/3, 3266/3]]
"242044.a1"	242044	[0, 1, 0, -254, 1561]	[[10, 11], [32, 165], [54, 385]]
"242090.a1"	242090	[1, 0, 1, 397, 2898]	[[-1, 50], [49, 350], [9, 80]]
"242120.a1"	242120	[0, 1, 0, -8140, 277488]	[[46, 50], [-54, 750], [514/3, 1250/3]]
"242160.a1"	242160	[0, -1, 0, -296, 1920]	[[14, 18], [-2, 50], [4, 28]]
"242160.a2"	242160	[0, -1, 0, 304, 8160]	[[-6, 78], [10, 110], [34, 238]]
"242219.b1"	242219	[0, 1, 1, -61633, 6723563]	[[143, 924], [3919/5, 121047/5], [701/2, 9241/2]]
"242514.h1"	242514	[1, -1, 1, -434, 2737]	[[1, 47], [25, 71], [17, -1]]
"242529.b1"	242529	[0, 1, 1, -27622, 1757152]	[[98, 31], [91, 73], [140, 808]]
"242531.a1"	242531	[0, -1, 1, -17, 42]	[[2, 3], [0, 6], [-4, 5]]
"242575.a1"	242575	[0, 0, 1, -85, 306]	[[5, 2], [0, 17], [6, 3]]
"242581.a1"	242581	[0, -1, 1, -17, -9]	[[-1, 2], [-3, 2], [21/2, 31/2]]
"242604.a1"	242604	[0, 0, 0, -1596, 24545]	[[22, 9], [23, 2], [26, 25]]
"242619.a1"	242619	[1, 0, 0, -169, 338]	[[26, 104], [-13, 26], [-13/2, 247/2]]
"242648.a1"	242648	[0, 1, 0, -457, 7419]	[[-5, 98], [23, 98], [79, 686]]
"242680.a1"	242680	[0, 1, 0, -121, 555]	[[7, 10], [-3, 30], [-13, 10]]
"242683.a1"	242683	[0, 1, 1, 2730, -14100]	[[105, 1200], [7, 73], [259/3, 8047/3]]
"242683.b1"	242683	[0, 1, 1, -264, 1566]	[[9, 0], [8, 5], [37/2, 5/2]]
"242720.f1"	242720	[0, 0, 0, -233, 1352]	[[7, 8], [4, 22], [17, 48]]
"242720.f2"	242720	[0, 0, 0, -28, 3648]	[[-6, 60], [4, 60], [-14, 36]]
"242754.a1"	242754	[1, 0, 1, -122, 1640]	[[0, 40], [9, 31], [27, 121]]
"242800.a1"	242800	[0, 0, 0, -235, 1450]	[[5, 20], [9, 8], [-15, 40]]
"242801.a1"	242801	[0, -1, 1, -1084, 14170]	[[61/2, 243/2], [20, 9], [77, 617]]
"243088.a1"	243088	[0, -1, 0, -64, 80]	[[8, 4], [-4, 16], [-8, 4]]
"243135.a1"	243135	[1, -1, 1, -383, 2976]	[[11, -9], [12, -4], [47/2, -45/2]]
"243136.a1"	243136	[0, 0, 0, -12604, 559024]	[[50, 232], [978, 30392], [-70, 1048]]
"243208.b1"	243208	[0, 1, 0, -481, 3171]	[[-13, 86], [73, 602], [17, 14]]
"243256.a1"	243256	[0, 0, 0, -4, 484]	[[6, 26], [-7, 13], [32, 182]]
"243332.a1"	243332	[0, 0, 0, -7, 190]	[[-1, 14], [3, 14], [-5, 10]]
"243366.a1"	243366	[1, 1, 0, -399, -3099]	[[-10, 1], [70, 529], [23, 12]]
"243372.a1"	243372	[0, -1, 0, -42, 81]	[[0, 9], [6, 3], [2, 1]]
"243439.a1"	243439	[1, 0, 0, -28, 441]	[[7, 21], [0, 21], [-5, 24]]
"243462.a1"	243462	[1, 0, 1, -1482, 18940]	[[5, 105], [29, 9], [14, 24]]
"243468.a1"	243468	[0, 0, 0, -1101, 13885]	[[23, 27], [17, 9], [77, 621]]
"243648.d1"	243648	[0, 0, 0, -1332, 18720]	[[18, 24], [24, 24], [21, 3]]
"243688.a1"	243688	[0, -1, 0, 2980, -205244]	[[1548, 60922], [54, 332], [652/3, 16766/3]]
"243698.q1"	243698	[1, -1, 1, -669, 6309]	[[-3, 92], [23, 40], [39, 176]]
"243708.a1"	243708	[0, -1, 0, 71, 298]	[[3, 23], [49, 345], [-11/2, 69/2]]
"243840.bc1"	243840	[0, 1, 0, -1241, 19959]	[[19, 60], [7, 108], [34, 135]]
"243888.h1"	243888	[0, 1, 0, 200, 46244]	[[2, 216], [56, 486], [-25, 162]]
"243940.b1"	243940	[0, 1, 0, -265, 1488]	[[11, 5], [21, 75], [1, 35]]
"243984.a1"	243984	[0, -1, 0, -62680, 6034576]	[[-16, 2652], [154, 102], [205, 1326]]
"243984.a2"	243984	[0, -1, 0, -1840, 193936]	[[-42, 442], [36, 416], [-16, 468]]
"244016.a1"	244016	[0, 1, 0, -64, 36]	[[0, 6], [8, 10], [-8, 10]]
"244032.b1"	244032	[0, -1, 0, -409, -2471]	[[-11, 24], [-15, 8], [25, 48]]
"244032.b2"	244032	[0, -1, 0, 831, -15615]	[[33, 216], [17, 56], [177, 2376]]
"244086.j1"	244086	[1, 1, 1, -4285, 106451]	[[71, 372], [37, -2], [35, 12]]
"244100.a1"	244100	[0, -1, 0, -253, 1577]	[[7, 10], [11, 2], [8, 1]]
"244135.a1"	244135	[0, -1, 1, 74, 82]	[[1, 12], [26, 137], [5, 23]]
"244162.a1"	244162	[1, -1, 1, -330267, 73136715]	[[331, -198], [339, 50], [8339/5, -15022/5]]
"244162.b1"	244162	[1, 1, 1, -104, 105]	[[-3, 21], [-11, -3], [1, 1]]
"244330.b1"	244330	[1, 0, 1, -4338, 111188]	[[29, 85], [54, 160], [361/3, 695/3]]
"244330.g1"	244330	[1, -1, 1, -918, -4443]	[[-7, 43], [-23, 75], [41, 139]]
"244370.b1"	244370	[1, 0, 1, -284, 1482]	[[21, 59], [-7, 59], [0, 38]]
"244412.a1"	244412	[0, 0, 0, -2989, 61789]	[[7, 203], [123, 1247], [37, 43]]
"244488.d1"	244488	[0, -1, 0, -4676, 124644]	[[40, 2], [28, 122], [157/2, 49/2]]
"244488.i1"	244488	[0, 1, 0, -452, -864]	[[-14, 54], [22, 18], [-2, 6]]
"244571.a1"	244571	[1, 0, 1, -148, -615]	[[55, 370], [-5, 0], [-9, 6]]
"244614.a1"	244614	[1, 1, 0, -89, 309]	[[2, 11], [6, 3], [5, 2]]
"244682.a1"	244682	[1, -1, 0, -529, 4819]	[[15, 2], [11, 10], [53, 325]]
"244683.a1"	244683	[0, 0, 1, -336, 2380]	[[10, 4], [-8, 67], [49/2, 77/2]]
"244756.a1"	244756	[0, 0, 0, -136, 580]	[[8, 2], [4, 10], [12, 26]]
"244842.a1"	244842	[1, 1, 0, -5979, 186849]	[[-12, 513], [-64, 591], [27, 201]]
"244881.n1"	244881	[1, -1, 1, -10211, 399676]	[[62, 14], [58, -22], [-85, 847]]
"244881.n2"	244881	[1, -1, 1, -656, 6010]	[[10, 14], [23, 40], [-16, 118]]
"244916.a1"	244916	[0, -1, 0, -229, 1505]	[[11, 14], [-17, 14], [-13, 46]]
"244962.b1"	244962	[1, -1, 0, 72, 270]	[[3, 21], [-3, 6], [15, 60]]
"244962.m1"	244962	[1, -1, 1, -251, 10731]	[[11, 90], [-13, 114], [27, 138]]
"245021.d1"	245021	[0, 1, 1, -1757, 59292]	[[-42, 246], [60, 416], [16, 188]]
"245073.a1"	245073	[0, 1, 1, -314, 2312]	[[16, 40], [7, 22], [-11, 67]]
"245098.a1"	245098	[1, -1, 0, -8584, 287104]	[[121, 944], [72, 160], [16, 384]]
"245126.c1"	245126	[1, 0, 0, -1089, 13705]	[[26, 43], [18, -5], [-30, 155]]
"245182.a1"	245182	[1, 0, 1, -2300, 42282]	[[32, 25], [29, -1], [-51, 191]]
"245269.a1"	245269	[0, 0, 1, -16, 6]	[[0, 2], [-2, 5], [4, 2]]
"245329.b1"	245329	[0, 1, 1, -58721, 5457114]	[[148, 173], [164, 514], [21542/13, 534496/13]]
"245329.c1"	245329	[0, 1, 1, 1595, 19590]	[[6, 171], [1053/2, 34639/2], [3265/12, 449495/12]]
"245337.a1"	245337	[0, 1, 1, -18194, 858992]	[[361, 6439], [-125, 1093], [43, 397]]
"245458.b1"	245458	[1, 0, 0, -13117, 579441]	[[74, 87], [136, 1079], [66, 15]]
"245580.a1"	245580	[0, -1, 0, -3821, 92121]	[[31, 50], [35, 6], [149/2, 75/2]]
"245592.c1"	245592	[0, 0, 0, -396, 3060]	[[12, 6], [6, 30], [10, 10]]
"245634.c1"	245634	[1, 0, 1, -19, 350]	[[-5, 20], [7, 20], [3, 16]]
"245645.a1"	245645	[0, 0, 1, -473, 3954]	[[6, 36], [12, 2], [369/5, 1653/5]]
"245712.g1"	245712	[0, 1, 0, -584, 4020]	[[-2, 72], [22, 48], [-26, 48]]
"245781.a1"	245781	[1, -1, 1, -734, 7832]	[[15, -2], [16, -8], [63/2, -61/2]]
"245798.a1"	245798	[1, 0, 1, 38, 156]	[[1, 13], [-3, 5], [-2, 9]]
"245867.a1"	245867	[0, -1, 1, -23, 57]	[[3, 2], [5, 6], [15, 53]]
"245919.b1"	245919	[0, 1, 1, -489, -2644]	[[-12, 40], [42, 229], [-18, 25]]
"245994.d1"	245994	[1, 0, 1, -435, 2482]	[[26, 81], [5, 18], [17, 0]]
"246010.b1"	246010	[1, 1, 0, -138, 718]	[[13, 30], [9, 13], [-29/3, 956/3]]
"246031.a1"	246031	[1, 0, 1, -118, 8619]	[[-17, 84], [27/2, 691/2], [151/3, 2648/3]]
"246144.g1"	246144	[0, 1, 0, -697, 4631]	[[-13, 108], [23, 36], [41, 216]]
"246150.a1"	246150	[1, -1, 0, 333, 29241]	[[-21, 123], [24, 213], [204, 2823]]
"246156.d1"	246156	[0, 1, 0, -377, 2976]	[[7, 27], [25, 99], [13, 21]]
"246291.b1"	246291	[1, 0, 0, -2027, 35886]	[[-11, 244], [25, 19], [7, 145]]
"246332.a1"	246332	[0, 0, 0, -397, 3045]	[[11, 3], [13, 9], [21, 63]]
"246389.a1"	246389	[0, 1, 1, -34, 62]	[[2, 2], [4, 2], [1, 5]]
"246480.b1"	246480	[0, -1, 0, -2536, 48400]	[[16, 108], [34, 18], [24, 28]]
"246480.b2"	246480	[0, -1, 0, 64, 2640]	[[8, 60], [-4, 48], [1, 52]]
"246487.a1"	246487	[0, -1, 1, -43, 49]	[[-1, 9], [1, 2], [-47/3, 262/3]]
"246562.b1"	246562	[1, 0, 1, -1175, 15690]	[[104, 958], [18, 12], [-25, 184]]
"246594.b1"	246594	[1, 1, 0, -33, 81]	[[0, 9], [3, 3], [6, 9]]
"246648.a1"	246648	[0, -1, 0, 64, 309]	[[10, 43], [2, 21], [-3/2, 129/2]]
"246672.b1"	246672	[0, 0, 0, -291, 1730]	[[13, 12], [7, 6], [5, 20]]
"246714.a1"	246714	[1, 1, 0, -67, 445]	[[7, 16], [-6, 29], [46, 289]]
"246848.a1"	246848	[0, 0, 0, -82444, 9115024]	[[186, 464], [128, 812], [-75, 3857]]
"246903.b1"	246903	[0, -1, 1, -107, -175]	[[-7, 13], [47, 310], [-5, 14]]
"246949.a1"	246949	[0, -1, 1, -22, 40]	[[2, 0], [4, 0], [5, 5]]
"246976.d1"	246976	[0, -1, 0, -20337, -1106159]	[[205, 1816], [-315/2, 227/2], [-81, 56]]
"246976.d2"	246976	[0, -1, 0, -1297, 17201]	[[-35, 136], [-1, 136], [16, 17]]
"247006.a1"	247006	[1, -1, 1, -3696, 87507]	[[29, 49], [37, 1], [93, 689]]
"247025.a1"	247025	[1, 0, 0, -5813, 106492]	[[-33, 529], [-24, 494], [67, 104]]
"247025.a2"	247025	[1, 0, 0, -5188, 143367]	[[47, 39], [22, 189], [-58, 529]]
"247038.d1"	247038	[1, 0, 1, -10050, 551992]	[[-85, 933], [509, 11031], [155/2, 3603/2]]
"247152.a1"	247152	[0, -1, 0, -864, 10080]	[[18, 6], [12, 36], [36, 156]]
"247232.a1"	247232	[0, 0, 0, -268, 1296]	[[18, 48], [-14, 48], [50, 336]]
"247299.b1"	247299	[1, 1, 1, -2549, -50344]	[[-28, 7], [-29, -1], [808, 22535]]
"247299.b2"	247299	[1, 1, 1, -254, 146]	[[-2, 26], [32, 145], [-10, 47]]
"247318.a1"	247318	[1, 1, 1, -95, 261]	[[3, 2], [7, -2], [1, 12]]
"247319.a1"	247319	[1, 0, 0, -581, 5314]	[[10, 18], [33, 133], [205/3, 1406/3]]
"247416.u1"	247416	[0, 1, 0, -4580, 115584]	[[34, 18], [4, 312], [30, 78]]
"247416.u2"	247416	[0, 1, 0, -615, -3366]	[[-9, 39], [30, 78], [222, 3294]]
"247424.a1"	247424	[0, 1, 0, -13, 267]	[[1, 16], [-7, 8], [-2, 17]]
"247505.a1"	247505	[0, 1, 1, -3136, 66560]	[[125/2, 55/2], [32, 0], [-13, 324]]
"247528.a1"	247528	[0, 1, 0, -156, 688]	[[6, 2], [8, 4], [4, 12]]
"247563.a1"	247563	[1, -1, 1, -7439, 243672]	[[35, 141], [26, 246], [194, 2367]]
"247610.f1"	247610	[1, -1, 1, -1578, 24681]	[[21, 11], [65, 407], [-23, 231]]
"247636.a1"	247636	[0, -1, 0, -37, 86]	[[5, 1], [1, 7], [7, 11]]
"247720.a1"	247720	[0, 0, 0, -1687, 36634]	[[73, 550], [-27, 250], [33, 130]]
"247744.f1"	247744	[0, 1, 0, -164705, 25672639]	[[219, 392], [235, 8], [251, 456]]
"247744.f2"	247744	[0, 1, 0, -9865, 433719]	[[107, 784], [9, 588], [-89, 784]]
"247770.b1"	247770	[1, -1, 0, -855, 10125]	[[15, 15], [18, 9], [6, 69]]
"247791.a1"	247791	[0, -1, 1, 22, 4580]	[[10, 75], [161, 2038], [80, 715]]
"247935.a1"	247935	[0, -1, 1, -440, 1868]	[[29, 112], [-16, 67], [-21, 37]]
"247935.c1"	247935	[0, -1, 1, -171, 911]	[[9, 4], [-9, 40], [11, 15]]
"247936.a1"	247936	[0, -1, 0, -48601, 4140329]	[[125, 52], [157, 596], [73, 988]]
"247971.a1"	247971	[1, 0, 0, -50, 51]	[[1, 1], [-5, 16], [-2, 13]]
"247992.b1"	247992	[0, -1, 0, -89, -195]	[[-7, 6], [-3, 6], [-5, 10]]
"248016.n1"	248016	[0, 1, 0, -272, 36]	[[-14, 36], [-2, 24], [22, 72]]
"248079.a1"	248079	[0, 1, 1, -3440, 79310]	[[49, 175], [-155/2, 3155/2], [10, 214]]
"248124.a1"	248124	[0, -1, 0, -442, 4321]	[[22, 69], [-14, 87], [160, 2001]]
"248170.a1"	248170	[1, -1, 0, -295, 2425]	[[31, 134], [5, 30], [8, 19]]
"248174.a1"	248174	[1, -1, 1, -1014, 12677]	[[17, 3], [19, -7], [1, 107]]
"248190.a1"	248190	[1, 1, 0, -407, 9189]	[[23, 101], [-22, -79], [-27, 51]]
"248205.a1"	248205	[0, 1, 1, -7940, 276806]	[[-5, 562], [40, 157], [85, 472]]
"248209.a1"	248209	[0, 0, 1, -3493, 79422]	[[-30, 396], [31, 30], [-4, 305]]
"248216.a1"	248216	[0, 1, 0, -32737, 3007491]	[[1387, 51262], [665, 16606], [38, 1349]]
"248237.a1"	248237	[0, 1, 1, -140, -630]	[[-6, 5], [16, 38], [-8, 6]]
"248237.b1"	248237	[0, 0, 1, -236, 1395]	[[9, 0], [33/2, 21/2], [21, 75]]
"248274.a1"	248274	[1, -1, 0, -126, -104]	[[-10, 14], [-1, 5], [-4, 20]]
"248280.b1"	248280	[0, -1, 0, -2585, 49725]	[[45, 150], [20, 75], [35, 30]]
"248292.b1"	248292	[0, 0, 0, -1452, 22385]	[[22, 33], [-22, 209], [88, 759]]
"248328.a1"	248328	[0, 0, 0, -1047, 13210]	[[17, 18], [23, 36], [5, 90]]
"248346.b1"	248346	[1, -1, 0, -96, 476]	[[10, 16], [4, 10], [-4, 30]]
"248381.b1"	248381	[0, -1, 1, -58, 202]	[[5, 3], [-2, 17], [13/2, 45/2]]
"248466.a1"	248466	[1, 0, 1, -1727, 27650]	[[24, 1], [15, 64], [27, 16]]
"248560.a1"	248560	[0, 0, 0, -283, 1882]	[[11, 10], [1, 40], [9, 8]]
"248562.d1"	248562	[1, -1, 1, -392, 1995]	[[5, 9], [-19, 57], [29, 105]]
"248582.a1"	248582	[1, 1, 0, -34, 56]	[[2, 0], [4, 0], [-2, 12]]
"248733.d1"	248733	[0, 0, 1, -156, -378]	[[-4, 13], [14, 13], [-6, 18]]
"248754.a1"	248754	[1, 1, 0, -6363, 192861]	[[126, 1125], [38, 69], [46, -11]]
"248796.b1"	248796	[0, 0, 0, -36, 1]	[[-4, 9], [-1, 6], [0, 1]]
"248911.a1"	248911	[0, 0, 1, -65647, 6474006]	[[147, 20], [148, 6], [137/2, 16519/2]]
"248922.a1"	248922	[1, -1, 0, -441, 3793]	[[11, 8], [2, 53], [-16, 89]]
"249024.d1"	249024	[0, -1, 0, -129, 12033]	[[57, 432], [3, 108], [-7, 112]]
"249066.a1"	249066	[1, -1, 0, -28386, 1848528]	[[102, 30], [123, 393], [2469/5, -2082/5]]
"249096.a1"	249096	[0, -1, 0, -417, 3429]	[[9, 18], [15, 18], [12, 3]]
"249155.a1"	249155	[1, 0, 0, 24, 31]	[[1, 7], [6, 17], [3, 10]]
"249155.c1"	249155	[1, -1, 1, 8, 266]	[[-4, 14], [6, 19], [26, 119]]
"249158.a1"	249158	[1, 0, 1, -29, 648]	[[-1, 26], [12, 39], [51, 338]]
"249317.a1"	249317	[0, 1, 1, -18, 12]	[[0, 3], [-1, 5], [5, 8]]
"249326.a1"	249326	[1, 0, 1, -17, 180]	[[-1, 14], [6, 14], [27, 126]]
"249368.b1"	249368	[0, 1, 0, -364, 7056]	[[-14, 98], [14, 70], [7, 70]]
"249400.b1"	249400	[0, 1, 0, -908, 12688]	[[18, 50], [28, 100], [3, 100]]
"249522.k1"	249522	[1, 1, 1, -1385, 17111]	[[39, 136], [13, 32], [-39, -98]]
"249522.k2"	249522	[1, 1, 1, 1975, 91031]	[[11, 332], [349, 6416], [997, 31034]]
"249542.b1"	249542	[1, 0, 0, -5902, 174084]	[[44, -30], [60, 162], [412/3, -106/3]]
"249542.c1"	249542	[1, -1, 1, 26, 37]	[[1, 7], [-1, 3], [17, 63]]
"249543.a1"	249543	[0, 0, 1, -25437, 1468876]	[[59, 416], [892, 26239], [178, 1606]]
"249574.g1"	249574	[1, 1, 1, -1210, -13209]	[[-19, 67], [155, 1807], [213, 2967]]
"249674.a1"	249674	[1, 0, 1, -27, 194]	[[-2, 16], [29, 140], [1, 12]]
"249777.a1"	249777	[0, 0, 1, -5481, 157970]	[[45, 49], [67, 302], [54, 139]]
"249777.b1"	249777	[0, 0, 1, -5063661, -4371307540]	[[-32886/5, 457862/5], [2755, 50880], [6264, 457924]]
"249823.a1"	249823	[1, -1, 1, 1566, -111246]	[[73, 586], [57, 372], [1024/5, 15222/5]]
"249841.a1"	249841	[1, 0, 1, -251, -1653]	[[203, 2783], [235/2, 3223/2], [459/5, -633/5]]
"249892.a1"	249892	[0, 0, 0, -25, 1]	[[-1, 5], [-3, 7], [-5, 1]]
"249946.c1"	249946	[1, -1, 1, -1674, -21303]	[[65, 343], [-29, 61], [-167/3, 1741/3]]
"250065.a1"	250065	[0, 0, 1, -333, 2288]	[[6, 22], [21, 67], [12, 4]]
"250079.a1"	250079	[1, 1, 0, -1730, 27019]	[[18, 37], [50, 237], [726/5, 4211/5]]
"250104.b1"	250104	[0, -1, 0, -201, 909]	[[3, 18], [-15, 18], [12, 9]]
"250127.a1"	250127	[0, 1, 1, -10691, 421932]	[[82, 321], [237/2, 7/2], [52, 96]]
"250137.a1"	250137	[0, 0, 1, -51, 146]	[[3, 4], [6, 7], [4, 2]]
"250145.c1"	250145	[0, 1, 1, -18881, 1021731]	[[79, 171], [37, 612], [2137, 98612]]
"250184.a1"	250184	[0, 0, 0, -982, 11845]	[[18, 1], [21, 22], [73/2, 11/2]]
"250184.b1"	250184	[0, -1, 0, 21, 100]	[[1, 11], [12, 44], [25, 125]]
"250400.a1"	250400	[0, -1, 0, -8408, 299812]	[[72, 250], [32, 250], [57, 50]]
"250427.a1"	250427	[0, 1, 1, -68714, 6910062]	[[153, 42], [151, 0], [1360/3, 46/3]]
"250445.a1"	250445	[0, 1, 1, -26026, 1606556]	[[-169, 1098], [169, 1436], [91, 6]]
"250445.b1"	250445	[0, 1, 1, -60, 114]	[[1, 7], [6, 2], [-9, 2]]
"250518.i1"	250518	[1, 0, 0, -5755, 175121]	[[38, 89], [62, 209], [254, 3761]]
"250550.a1"	250550	[1, 0, 1, -551, 4998]	[[17, 16], [12, 6], [2, 61]]
"250562.a1"	250562	[1, -1, 0, -1963, 37189]	[[-50, -67], [-27, 278], [19, 71]]
"250590.e1"	250590	[1, 1, 0, -822, 8856]	[[12, 24], [17, 4], [22, 34]]
"250604.a1"	250604	[0, 1, 0, -96697, 3302076]	[[-40, 2666], [-164, 3844], [-17223/8, 1611597/8]]
"250604.a2"	250604	[0, 1, 0, -76017, 8041744]	[[156, 62], [159, 1], [1148, 37882]]
"250612.a1"	250612	[0, 1, 0, 12, 196]	[[0, 14], [-4, 10], [-5, 6]]
"250669.a1"	250669	[0, 1, 1, -319, 2147]	[[-11/2, 435/2], [85/3, 206/3], [107, 1097]]
"250674.a1"	250674	[1, 1, 0, -234, 1296]	[[9, 0], [0, 36], [8, 0]]
"250675.a1"	250675	[0, 1, 1, -208, 1094]	[[8, 2], [3, 22], [7, 5]]
"250747.b1"	250747	[1, -1, 1, -576, 4446]	[[36, 153], [-13, 104], [22, 34]]
"250805.a1"	250805	[1, -1, 1, 48, 576]	[[1, 24], [-4, 19], [26, 124]]
"251072.c1"	251072	[0, -1, 0, -321, -1823]	[[-11, 16], [21, 16], [181, 2416]]
"251195.c1"	251195	[1, 1, 1, -181, 864]	[[8, -1], [6, 3], [11, 13]]
"251220.a1"	251220	[0, -1, 0, -221, 1545]	[[23, 90], [3, 30], [8, 15]]
"251235.a1"	251235	[1, -1, 1, 157, -318]	[[8, 33], [2, 0], [17, 75]]
"251418.a1"	251418	[1, 0, 1, -368, 2162]	[[6, 10], [15, 1], [33, 145]]
"251459.b1"	251459	[1, 0, 0, -1105, 11496]	[[41, 168], [35, 109], [-37, 64]]
"251459.b2"	251459	[1, 0, 0, 2230, 68191]	[[70, 719], [-21, 121], [57, 589]]
"251481.a1"	251481	[0, 1, 1, -2932, 138712]	[[83, 688], [56, 391], [32, 280]]
"251560.a1"	251560	[0, 0, 0, -523, 4603]	[[14, 5], [13, 1], [17, 25]]
"251573.a1"	251573	[0, 0, 1, 8, 63]	[[-3, 3], [11, 38], [7, 21]]
"251622.b1"	251622	[1, -1, 0, -756, 8068]	[[32, 110], [11, 26], [18, -2]]
"251667.a1"	251667	[0, 0, 1, -36, 110]	[[0, 10], [6, 10], [4, 5]]
"251691.a1"	251691	[0, -1, 1, 36, -124]	[[6, 16], [3, 1], [12, 43]]
"251799.b1"	251799	[1, 0, 0, -1862, 30771]	[[25, -11], [31, 40], [397/4, -773/4]]
"251925.a1"	251925	[0, -1, 1, -258, 2918]	[[-18, 37], [12, 37], [57, 412]]
"252006.b1"	252006	[1, 1, 1, -1899, -15975]	[[69, 398], [179, 2238], [935, 28110]]
"252006.b2"	252006	[1, 1, 1, -939, 10521]	[[3, 86], [15, 2], [13, 20]]
"252039.a1"	252039	[0, -1, 1, -34, -54]	[[-2, 1], [-3, 3], [-4, 1]]
"252054.b1"	252054	[1, -1, 0, -681, 7821]	[[10, 39], [15, 21], [-23, -93]]
"252091.a1"	252091	[1, 1, 1, -140, 576]	[[3, 12], [10, 12], [7, -2]]
"252138.b1"	252138	[1, 0, 1, -318, 2032]	[[5, 21], [-19, 45], [8, 0]]
"252210.e1"	252210	[1, 1, 0, -2193, -31737]	[[-31, 103], [-17, 40], [53, 40]]
"252210.e2"	252210	[1, 1, 0, -723, 6777]	[[11, 12], [4, 61], [32, 117]]
"252358.c1"	252358	[1, 0, 0, -220, 1296]	[[8, 4], [0, 36], [16, 36]]
"252395.a1"	252395	[0, 1, 1, -936, 15066]	[[32, 137], [21, 71], [10, 82]]
"252400.c1"	252400	[0, 1, 0, -2408, 47188]	[[28, 50], [18, 100], [3, 200]]
"252414.b1"	252414	[1, -1, 0, -315, 3109]	[[14, 29], [-10, 77], [62, 437]]
"252432.c1"	252432	[0, 0, 0, -579, 10514]	[[25, 108], [-29, 54], [-2, 108]]
"252433.a1"	252433	[1, -1, 1, 8, 20]	[[0, 4], [2, 5], [5, 10]]
"252495.a1"	252495	[1, -1, 1, -3803, 91212]	[[38, 3], [8, 243], [36, -16]]
"252576.b1"	252576	[0, 0, 0, -129, 776]	[[13, 36], [-5, 36], [4, 18]]
"252762.a1"	252762	[1, 1, 0, -312346, 67060756]	[[321, -109], [836, 19358], [115, 5659]]
"253010.d1"	253010	[1, 0, 0, -221, -335]	[[18, 31], [-2, 11], [-6, 31]]
"253016.a1"	253016	[0, 1, 0, 7, 139]	[[-5, 2], [3, 14], [-3, 10]]
"253022.a1"	253022	[1, 1, 0, -1116, 15376]	[[0, 124], [31, 93], [16, 36]]
"253058.a1"	253058	[1, 1, 0, -84, 256]	[[4, 0], [0, 16], [3, 5]]
"253264.a1"	253264	[0, -1, 0, -272, 1936]	[[6, 22], [-16, 44], [17, 44]]
"253286.c1"	253286	[1, 1, 1, -127, 13797]	[[-13, 122], [45, 296], [219, 3138]]
"253328.b1"	253328	[0, -1, 0, -1264, 17648]	[[-34, 142], [37, 142], [77/2, 71/2]]
"253410.a1"	253410	[1, 1, 0, -608, 5568]	[[8, 32], [16, 8], [-8, -96]]
"253425.a1"	253425	[1, 1, 1, -868, 9356]	[[20, 12], [11, 30], [-34, 48]]
"253425.a2"	253425	[1, 1, 1, -93, 26406]	[[70, 572], [-11, 167], [0, 162]]
"253450.a1"	253450	[1, -1, 0, -892, 10516]	[[14, 18], [19, 3], [-6, 128]]
"253462.a1"	253462	[1, -1, 0, -403, 1159]	[[23, 49], [1, 27], [-35/3, 1444/3]]
"253462.b1"	253462	[1, 1, 1, -110, 171]	[[1, 7], [9, -9], [-3, 23]]
"253465.a1"	253465	[1, 0, 0, -31, 36]	[[1, 2], [-4, -8], [11, 27]]
"253515.a1"	253515	[0, -1, 1, -256, 1662]	[[10, 1], [11, 7], [1, 37]]
"253590.k1"	253590	[1, 1, 1, -4566, 117459]	[[49, 95], [-31, 495], [41, 15]]
"253600.a1"	253600	[0, 1, 0, -58, -12]	[[-2, 10], [8, 10], [13, 40]]
"253645.a1"	253645	[0, 0, 1, -1627, 24552]	[[27, 17], [-43, 122], [-8, 192]]
"253840.a1"	253840	[0, 1, 0, -2256, 1444]	[[104, 950], [-10, 152], [66, 380]]
"253936.b1"	253936	[0, 1, 0, -1077, 13231]	[[26, 59], [-33, 118], [175/3, 118/3]]
"253963.b1"	253963	[0, 0, 1, -46, 156]	[[2, 8], [25/2, 81/2], [-2, 15]]
"254016.p1"	254016	[0, 0, 0, -1764, 28224]	[[42, 168], [21, 21], [0, 168]]
"254094.a1"	254094	[1, 1, 0, -73, 181]	[[-2, 19], [10, 19], [6, -5]]
"254144.h1"	254144	[0, 1, 0, -3217, 69039]	[[23, 88], [45, 132], [55, 248]]
"254144.h2"	254144	[0, 1, 0, -177, -881]	[[-9, 8], [-7, 8], [23, 88]]
"254200.g1"	254200	[0, 0, 0, -4175, -40750]	[[-35, 250], [-55, 150], [215, 3000]]
"254200.g2"	254200	[0, 0, 0, 950, -4875]	[[10, 75], [30, 225], [410, 8325]]
"254222.a1"	254222	[1, -1, 0, -32, 74]	[[5, 2], [1, 6], [7, 9]]
"254258.a1"	254258	[1, -1, 0, -203, 1205]	[[7, 6], [26, 101], [82/3, 67/3]]
"254336.a1"	254336	[0, 0, 0, -22, -20]	[[-2, 4], [-4, 2], [-1, 1]]
"254397.a1"	254397	[1, 1, 1, -222, 1110]	[[-8, 53], [10, -1], [67/2, 325/2]]
"254400.bd1"	254400	[0, -1, 0, -12033, 95937]	[[-7, 424], [-23, 600], [112, 375]]
"254400.bd2"	254400	[0, -1, 0, -9033, 332937]	[[-3, 600], [72, 225], [-103, 400]]
"254443.b1"	254443	[1, -1, 1, -124, 564]	[[6, 0], [-8, 35], [31/2, 7/2]]
"254451.a1"	254451	[1, 0, 0, 593, 2756]	[[17, 125], [284, 4664], [335/2, 6073/2]]
"254600.d1"	254600	[0, -1, 0, -4408, 114437]	[[-38, 475], [37, 25], [62, 275]]
"254610.a1"	254610	[1, -1, 0, -23445, 1388025]	[[-27, 1428], [96, 75], [700/3, 3665/3]]
"254699.a1"	254699	[0, 0, 1, -13, 30]	[[2, 3], [0, 5], [4, 6]]
"254704.a1"	254704	[0, 1, 0, -32, 196]	[[2, 12], [-2, 16], [6, 16]]
"254706.b1"	254706	[1, 1, 1, -960, 11361]	[[21, 21], [13, 29], [-11, 149]]
"254837.a1"	254837	[0, 1, 1, -44, 96]	[[3, 0], [4, 0], [2, 4]]
"254861.a1"	254861	[1, -1, 1, -6, 26]	[[2, 3], [-3, 4], [6, 10]]
"254885.a1"	254885	[0, 1, 1, -6780, 212634]	[[48, 9], [189/2, 1/2], [-9, 522]]
"254896.d1"	254896	[0, 0, 0, -59, 426]	[[5, 16], [-3, 24], [29, 152]]
"254915.a1"	254915	[0, 1, 1, 20, 506]	[[10, 42], [-7, 8], [44, 297]]
"254955.a1"	254955	[1, 1, 1, -510, 3990]	[[28, 98], [-17, 98], [3, 48]]
"255105.a1"	255105	[1, -1, 1, -113, 992]	[[-12, 28], [18, 58], [6, 19]]
"255160.a1"	255160	[0, 1, 0, -241, 1395]	[[7, 10], [17, 50], [9, 6]]
"255164.a1"	255164	[0, 0, 0, -976, 19801]	[[-36, 91], [-10, 169], [16, 91]]
"255384.a1"	255384	[0, 0, 0, -399, 2194]	[[5, 18], [17, 18], [23, 72]]
"255471.c1"	255471	[1, 1, 1, -29034, 1893210]	[[102, 26], [439/2, 1231/2], [319, 4862]]
"255475.a1"	255475	[0, 0, 1, 175, 2906]	[[5, 62], [30, 187], [155, 1937]]
"255475.c1"	255475	[0, 1, 1, -533, 33594]	[[78, 687], [-32, 137], [34, 236]]
"255515.a1"	255515	[0, 1, 1, -146, 660]	[[-11, 32], [2, 19], [21/2, 61/2]]
"255519.a1"	255519	[0, 0, 1, -279, 1640]	[[18, 49], [-15, 49], [7, 5]]
"255576.i1"	255576	[0, 1, 0, -12057, 479691]	[[93, 414], [507, 11178], [21, 486]]
"255579.a1"	255579	[1, 0, 0, -89, 324]	[[4, 4], [7, 4], [-5, 28]]
"255633.e1"	255633	[1, 0, 0, -63799, 6114254]	[[179, 572], [167, 269], [-262, 2336]]
"255633.e2"	255633	[1, 0, 0, -344, 263703]	[[-17, 523], [-29, 514], [82, 847]]
"255687.a1"	255687	[0, -1, 1, -26, -22]	[[-1, 1], [-4, 1], [-3, 4]]
"255717.f1"	255717	[1, -1, 1, -3449, 78922]	[[40, 41], [55, 203], [34, -7]]
"255786.a1"	255786	[1, 1, 0, -10292, 398160]	[[328, 5532], [61, 14], [-56, 924]]
"255905.b1"	255905	[0, 0, 1, -4237, 3833622]	[[52, 1937], [752, 20637], [-10, 1968]]
"255934.b1"	255934	[1, 1, 0, 98, -490]	[[49, 329], [7, 21], [77/4, 553/4]]
"255942.a1"	255942	[1, -1, 0, -2241, 42493]	[[53, 239], [-6, 239], [794/5, 4387/5]]
"255953.a1"	255953	[1, 1, 1, -213, 1108]	[[8, -4], [7, 1], [28, 120]]
"255986.a1"	255986	[1, -1, 0, -145, 4909]	[[2, 67], [70, 543], [-50/3, 2081/3]]
"256006.a1"	256006	[1, -1, 0, -223, 1341]	[[10, 1], [9, -6], [18, 45]]
"256110.a1"	256110	[1, 1, 0, -367, 2869]	[[-2, 61], [18, 41], [10, 13]]
"256113.d1"	256113	[1, -1, 1, -3086, 66512]	[[39, 46], [28, 24], [30, 1]]
"256113.d2"	256113	[1, -1, 1, -101, 2036]	[[12, 43], [1, 43], [-3, 49]]
"256153.a1"	256153	[1, -1, 0, -77, 818]	[[-2, 32], [22, 86], [478/3, 9544/3]]
"256164.a1"	256164	[0, -1, 0, -25, 106]	[[1, 9], [7, 15], [-5, 9]]
"256208.a1"	256208	[0, 1, 0, -64, -60]	[[-2, 8], [-6, 12], [10, 20]]
"256242.a1"	256242	[1, 1, 0, -457, 2185]	[[4, 19], [-17, 82], [-3, 61]]
"256290.j1"	256290	[1, 1, 1, -821, 7643]	[[-9, 124], [11, 4], [21, 4]]
"256302.e1"	256302	[1, -1, 0, -180, 4]	[[-10, 32], [-1, 14], [17, 32]]
"256344.a1"	256344	[0, -1, 0, -252, 2916]	[[36, 198], [0, 54], [-8, 66]]
"256378.a1"	256378	[1, -1, 1, -2139, 38667]	[[27, -6], [11, 122], [31, 22]]
"256403.a1"	256403	[0, 1, 1, -36, 42]	[[5, 3], [-2, 10], [12, 38]]
"256562.b1"	256562	[1, 1, 1, -99, 385]	[[7, 6], [11, 22], [-1, 22]]
"256578.h1"	256578	[1, 0, 1, -1600, 24530]	[[22, -1], [43, 167], [19, 23]]
"256640.a1"	256640	[0, 1, 0, 39, 439]	[[-1, 20], [9, 40], [-6, 5]]
"256666.d1"	256666	[1, 1, 1, -281, 807]	[[15, 8], [-17, 40], [-9, 56]]
"256859.b1"	256859	[1, 0, 0, -27, 46]	[[2, 0], [1, 4], [5, 4]]
"256860.a1"	256860	[0, 0, 0, -273, 353]	[[19, 45], [-11, 45], [-17, 9]]
"256962.b1"	256962	[1, 1, 0, 44, 64]	[[4, 16], [0, 8], [16, 64]]
"257035.a1"	257035	[1, 0, 0, -61, 180]	[[4, 0], [5, 0], [-1, 16]]
"257061.a1"	257061	[0, 1, 1, -5440, 153430]	[[41, 31], [104, 850], [-85, 94]]
"257061.c1"	257061	[0, -1, 1, 27, -46]	[[2, 3], [4, 10], [46/3, 368/3]]
"257158.b1"	257158	[1, -1, 0, -3496, 82176]	[[15, 174], [136, 1384], [37, 31]]
"257319.b1"	257319	[1, -1, 1, 4, 1140]	[[-7, 30], [20, 84], [-10, 0]]
"257412.a1"	257412	[0, -1, 0, -322, 2041]	[[34, 171], [-4, 57], [16, 27]]
"257442.d1"	257442	[1, 0, 1, -71912, 7417334]	[[162, 79], [-159, 3931], [156, -38]]
"257551.a1"	257551	[1, 0, 0, -13, 66]	[[2, 6], [-5, 6], [-13/2, 83/2]]
"257682.d1"	257682	[1, 0, 1, -23, 182]	[[3, 10], [0, 13], [9, 22]]
"257728.l1"	257728	[0, 0, 0, -176, 904]	[[6, 8], [10, 12], [1, 27]]
"257744.b1"	257744	[0, 1, 0, -357, 2479]	[[11, 2], [10, 3], [19, 54]]
"257760.e1"	257760	[0, 0, 0, -2028, 36448]	[[26, 36], [44, 180], [-46, 180]]
"257885.a1"	257885	[0, 1, 1, -720, -7026]	[[-19, 12], [-51/2, 121/2], [-14, 22]]
"257970.c1"	257970	[1, 1, 0, -1082, 13176]	[[22, 14], [17, -1], [47, 239]]
"257984.a1"	257984	[0, 0, 0, 44, 160]	[[-2, 8], [2, 16], [10, 40]]
"258037.c1"	258037	[0, 0, 1, -706, 7221]	[[17, 11], [13, 15], [379/5, 133/5]]
"258062.a1"	258062	[1, 1, 0, -714, 6856]	[[19, 15], [12, 8], [27/2, 365/2]]
"258075.b1"	258075	[0, 0, 1, -12675, 561906]	[[65, 112], [90, 387], [59, 139]]
"258120.a1"	258120	[0, 0, 0, -183, 218]	[[-11, 30], [19, 60], [-1, 20]]
"258121.a1"	258121	[1, -1, 0, -176, 661]	[[124/3, 533/3], [135/2, 1303/2], [4, 1]]
"258192.j1"	258192	[0, 0, 0, -5691, -134966]	[[105, 652], [-49, 162], [-55, 108]]
"258192.j2"	258192	[0, 0, 0, -1731, 25810]	[[17, 36], [35, 90], [62, 396]]
"258262.a1"	258262	[1, 1, 0, -25, -19]	[[-1, 3], [-5, 6], [5, 1]]
"258262.d1"	258262	[1, 1, 1, -11055, 442741]	[[59, -46], [67, 58], [61, -38]]
"258284.a1"	258284	[0, 0, 0, -4, 49]	[[0, 7], [2, 7], [-4, 1]]
"258320.l1"	258320	[0, -1, 0, -320, 400]	[[0, 20], [-10, 50], [30, 130]]
"258357.a1"	258357	[0, -1, 1, -76, 240]	[[3, 5], [-8, 16], [25, 115]]
"258394.b1"	258394	[1, -1, 0, -134, 564]	[[12, 18], [-4, 34], [3, 12]]
"258626.a1"	258626	[1, -1, 0, -73, -179]	[[-6, 7], [10, -1], [-5, 9]]
"258639.a1"	258639	[1, 1, 1, -110, 416]	[[6, 1], [-3, 28], [-12, 19]]
"258715.a1"	258715	[0, -1, 1, -855, 9681]	[[85, 737], [45/2, 291/2], [175/3, 134/3]]
"258741.a1"	258741	[0, 0, 1, -111, 490]	[[4, 10], [7, 7], [11, 24]]
"258840.a1"	258840	[0, 0, 0, -588, 2612]	[[-14, 90], [4, 18], [22, 18]]
"258890.e1"	258890	[1, 1, 1, -436, -267]	[[-19, 49], [-3, 33], [29, 97]]
"258908.a1"	258908	[0, -1, 0, -1837, 30926]	[[25, 1], [22, 26], [101/2, 13/2]]
"258962.b1"	258962	[1, 1, 0, -6374, 192916]	[[39, 55], [60, 146], [188, 2290]]
"259007.b1"	259007	[1, -1, 1, 2348, -41788]	[[634/3, 17536/3], [20, 103], [2510/7, 148583/7]]
"259008.d1"	259008	[0, -1, 0, -4769, 128193]	[[37, 32], [21, 192], [-59, 448]]
"259008.d2"	259008	[0, -1, 0, -209, 3249]	[[5, 48], [0, 57], [95, 912]]
"259017.b1"	259017	[0, 1, 1, -17710, 901480]	[[74, 40], [77, 16], [110, 544]]
"259056.c1"	259056	[0, 0, 0, -579, 17026]	[[65, 504], [23, 126], [9, 112]]
"259061.a1"	259061	[1, -1, 1, -144, 3072]	[[-8, 64], [14, 53], [-65/2, 303/2]]
"259064.a1"	259064	[0, 1, 0, -15244, 719856]	[[56, 212], [610/3, 1378/3], [162, 1590]]
"259101.a1"	259101	[0, 0, 1, -219, -1058]	[[-8, 13], [-11, 4], [19, 40]]
"259104.a1"	259104	[0, -1, 0, 163, -4299]	[[47, 324], [20, 81], [31, 172]]
"259113.a1"	259113	[1, 0, 0, -442, 3719]	[[5, 38], [14, 11], [-22, 65]]
"259114.b1"	259114	[1, 0, 1, -22, 106]	[[2, 7], [8, 17], [52/3, 274/3]]
"259163.a1"	259163	[1, -1, 1, -57, 180]	[[5, -1], [4, 0], [6, 2]]
"259290.a1"	259290	[1, -1, 0, -450, 3136]	[[17, 5], [23, 56], [5, 29]]
"259290.a2"	259290	[1, -1, 0, 900, 17446]	[[35, 284], [5, 146], [455/2, 9607/2]]
"259292.a1"	259292	[0, 0, 0, -1, 49]	[[1, 7], [-1, 7], [-3, 5]]
"259302.b1"	259302	[1, 1, 0, -578, 5184]	[[10, 18], [-13, -97], [5, 47]]
"259315.a1"	259315	[0, 1, 1, -540, 10056]	[[20, 87], [195, 2712], [-22, 108]]
"259389.a1"	259389	[1, -1, 1, -68, 218]	[[6, -2], [3, 4], [4, -2]]
"259392.c1"	259392	[0, -1, 0, -31585, -2113439]	[[-111, 112], [-95, 144], [337, 5040]]
"259392.c2"	259392	[0, -1, 0, -4145, 54321]	[[8, 147], [1, 224], [71, 336]]
"259434.b1"	259434	[1, -1, 0, -7236, 278316]	[[162, 1746], [-41, 731], [-6, 570]]
"259461.a1"	259461	[0, 0, 1, -1269, -2140]	[[-14, 113], [213, 3064], [51, 256]]
"259488.a1"	259488	[0, 0, 0, -69132, 6992800]	[[122, 612], [173, 459], [3866/5, 1836/5]]
"259488.k1"	259488	[0, 0, 0, -156, 576]	[[-6, 36], [18, 60], [10, 4]]
"259522.f1"	259522	[1, 1, 1, -142, 1227]	[[17, 55], [-15, -9], [9, 23]]
"259522.f2"	259522	[1, 1, 1, 1218, -25973]	[[145, 1723], [2203/3, 101299/3], [19, 57]]
"259602.b1"	259602	[1, 1, 0, 171, 23409]	[[90, 837], [27, 207], [-22, -87]]
"259618.c1"	259618	[1, -1, 1, -216, 987]	[[13, 9], [5, 1], [-3, 41]]
"259650.a1"	259650	[1, -1, 0, -522, 4036]	[[-16, 98], [20, 26], [8, 14]]
"259694.e1"	259694	[1, -1, 1, -14475, 673883]	[[61, 92], [-21, 994], [3399/7, -12314/7]]
"259749.j1"	259749	[1, -1, 1, -251, 1586]	[[6, 13], [10, -3], [13, 13]]
"259749.j2"	259749	[1, -1, 1, -146, 2846]	[[6, 43], [-3, 58], [192, 2554]]
"259850.a1"	259850	[1, 0, 1, -26, 348]	[[-3, 21], [17, 61], [2, 16]]
"259898.b1"	259898	[1, 0, 0, -1282, -13116]	[[-16, 66], [100, 878], [42, 66]]
"259945.a1"	259945	[0, 1, 1, -1780, 28256]	[[30, 52], [85/2, 171/2], [23, 3]]
"259992.a1"	259992	[0, 0, 0, -1524, 23204]	[[16, 54], [22, 18], [25, 27]]
"260073.b1"	260073	[1, -1, 1, -1337, 3660]	[[56, 291], [77, 555], [-4, 96]]
"260073.b2"	260073	[1, -1, 1, 328, 330]	[[2, 30], [11, 66], [443, 9102]]
"260095.a1"	260095	[1, -1, 1, -87, -264]	[[-4, 4], [11, -1], [-5, 7]]
"260143.a1"	260143	[0, 0, 1, -13469, 632282]	[[-55, 1098], [23, 578], [-120, 721]]
"260200.a1"	260200	[0, 1, 0, -433, -237]	[[-17, 50], [-7, 50], [33, 150]]
"260228.a1"	260228	[0, 1, 0, -74, 217]	[[4, 1], [6, 5], [2, 9]]
"260230.g1"	260230	[1, 1, 0, -978, 11428]	[[21, 16], [-32, -90], [136/3, 326/3]]
"260244.a1"	260244	[0, 0, 0, 3, 85]	[[-1, 9], [5, 15], [-4, 3]]
"260246.i1"	260246	[1, 0, 0, -10870, 435876]	[[64, 26], [76, 186], [-52, 954]]
"260269.a1"	260269	[0, -1, 1, -87, 342]	[[6, 0], [4, 6], [21/2, 9/2]]
"260322.a1"	260322	[1, 1, 0, -2866, 58036]	[[4, 214], [31, -2], [85, 619]]
"260428.b1"	260428	[0, -1, 0, -57, -86]	[[-5, 7], [9, 7], [-6, 2]]
"260466.a1"	260466	[1, 0, 1, -212, 2450]	[[9, 31], [-15, 55], [0, 49]]
"260486.a1"	260486	[1, -1, 1, -147, 435]	[[3, 2], [11, 2], [-5, 34]]
"260544.e1"	260544	[0, -1, 0, -15073, 717313]	[[69, 32], [72, 11], [21, 640]]
"260544.e2"	260544	[0, -1, 0, -913, 12145]	[[13, 48], [83, 708], [19, 36]]
"260678.a1"	260678	[1, -1, 0, -1210, 44944]	[[-38, 206], [-5, 228], [897, 26386]]
"260739.a1"	260739	[0, 0, 1, -1701, 27110]	[[30, 55], [141, 1609], [196/3, 523/3]]
"260785.a1"	260785	[0, 1, 1, -376, 680]	[[29, 122], [-6, 52], [-13, 59]]
"260913.a1"	260913	[0, -1, 1, -167, 1475]	[[-1, 40], [77/2, 563/2], [3, 31]]
"261044.a1"	261044	[0, 1, 0, -260, 1444]	[[12, 14], [-16, 42], [0, 38]]
"261086.b1"	261086	[1, 0, 1, 13, -66]	[[3, 0], [11, 32], [4, 5]]
"261127.a1"	261127	[1, -1, 1, -165, 854]	[[8, -3], [7, -7], [79/3, 13/3]]
"261135.a1"	261135	[0, 0, 1, -327, 25452]	[[2, 157], [-28, 112], [47, 337]]
"261184.a1"	261184	[0, 0, 0, -412, 4720]	[[74, 616], [18, 56], [-14, 88]]
"261230.f1"	261230	[1, -1, 1, -288, 1731]	[[5, 17], [13, 1], [15, 17]]
"261264.b1"	261264	[0, -1, 0, -1928, 33264]	[[20, 48], [26, 6], [29, 30]]
"261276.a1"	261276	[0, -1, 0, -245, 1521]	[[11, 6], [7, 10], [8, 3]]
"261336.a1"	261336	[0, -1, 0, -324, 2349]	[[9, 9], [18, 45], [14, 19]]
"261362.a1"	261362	[1, 0, 1, -27, 44]	[[2, -1], [4, 0], [-2, -9]]
"261362.b1"	261362	[1, 0, 0, -1089, -12407]	[[-22, 43], [42, 107], [-134/3, 841/3]]
"261440.g1"	261440	[0, 1, 0, -46545, 3872143]	[[-29, 2280], [161, 760], [731, 19000]]
"261440.g2"	261440	[0, 1, 0, 1615, 28975]	[[10, 215], [139, 1720], [53, 516]]
"261447.a1"	261447	[1, 1, 1, -67, 140]	[[2, 3], [-7, 21], [20, 75]]
"261636.a1"	261636	[0, 1, 0, -105, 2304]	[[-15, 27], [3, 45], [39, 243]]
"261696.e1"	261696	[0, -1, 0, -3949, 96973]	[[28, 87], [57, 232], [397/3, 2204/3]]
"261712.a1"	261712	[0, -1, 0, -500, 4336]	[[20, 44], [9, 22], [53, 352]]
"261780.a1"	261780	[0, -1, 0, -61, 286]	[[1, 15], [6, 10], [-9, 5]]
"261783.a1"	261783	[0, 0, 1, -627447, 178048206]	[[-823, 11704], [333, 2456], [6491/7, 3382429/7]]
"261783.b1"	261783	[0, 0, 1, -1983, 37512]	[[38, 130], [96, 855], [-22, 265]]
"261783.c1"	261783	[0, 0, 1, -75, -178]	[[-5, 8], [12, 25], [-15/2, 53/2]]
"261794.a1"	261794	[1, 1, 0, -246, 1300]	[[-12, 58], [1, 32], [4, 18]]
"261812.a1"	261812	[0, 0, 0, -1120, 11812]	[[8, 58], [-32, 122], [-44/3, 3538/3]]
"261856.i1"	261856	[0, -1, 0, -114, 568]	[[12, 28], [-2, 28], [19, 70]]
"261896.a1"	261896	[0, 0, 0, -151, -269]	[[-5, 19], [71, 589], [-26/3, 323/3]]
"261896.b1"	261896	[0, -1, 0, -20, 1]	[[0, 1], [-4, 1], [-3, 5]]
"261945.a1"	261945	[1, -1, 1, -383, 3102]	[[8, 18], [17, 27], [53, 333]]
"261971.a1"	261971	[1, 0, 0, -16, -3]	[[-1, 4], [-3, 6], [-4, 1]]
"262002.a1"	262002	[1, 1, 0, -130, -332]	[[-3, 8], [-4, 14], [12, -2]]
"262015.b1"	262015	[1, 0, 0, -150, -293]	[[-6, 23], [-11, 13], [14, 13]]
"262015.b2"	262015	[1, 0, 0, 545, -2100]	[[20, 120], [11, 67], [7, 42]]
"262036.a1"	262036	[0, 0, 0, -64, 4]	[[0, 2], [-4, 14], [8, 2]]
"262075.b1"	262075	[1, 1, 1, -68, 186]	[[4, -2], [6, 3], [-6, 23]]
"262082.b1"	262082	[1, 0, 0, -300, 1936]	[[8, 4], [12, 4], [16, 28]]
"262150.d1"	262150	[1, 0, 1, -446, 3588]	[[11, 1], [12, -9], [13, -1]]
"262172.a1"	262172	[0, 0, 0, 23, 25]	[[-1, 1], [1, 7], [3, 11]]
"262182.b1"	262182	[1, 0, 1, -722, 7076]	[[21, 25], [12, 7], [18, -8]]
"262203.b1"	262203	[1, 0, 0, 48, 9]	[[3, 12], [0, 3], [15, 57]]
"262208.a1"	262208	[0, 1, 0, -6145, 116319]	[[-53, 544], [11, 224], [75, 288]]
"262208.a2"	262208	[0, 1, 0, -5505, 155359]	[[41, 16], [45, 28], [42, 1]]
"262223.a1"	262223	[0, -1, 1, -12563, 546195]	[[589/3, 136/3], [65, 0], [45, 264]]
"262240.a1"	262240	[0, 0, 0, -2908, 59968]	[[26, 44], [4, 220], [37, 55]]
"262252.b1"	262252	[0, 0, 0, 64, 4]	[[0, 2], [4, 18], [40, 258]]
"262272.m1"	262272	[0, 1, 0, -15145, 710759]	[[47, 324], [83, 180], [-61, 1188]]
"262372.a1"	262372	[0, -1, 0, -705, 7666]	[[-15, 121], [7, 55], [61/2, 121/2]]
"262383.c1"	262383	[1, 0, 0, -132, 711]	[[9, 12], [6, 9], [3/2, 195/2]]
"262390.b1"	262390	[1, 1, 0, 143, 6101]	[[82, 719], [-13, 54], [43/2, 717/2]]
"262425.a1"	262425	[0, 1, 1, -14158, 550594]	[[-37, 1012], [44, 121], [23, 487]]
"262450.a1"	262450	[1, 0, 1, -2601, 50348]	[[32, -4], [22, 51], [52, 211]]
"262450.a2"	262450	[1, 0, 1, -601, 126348]	[[-9, 366], [-18, 371], [11, 342]]
"262496.b1"	262496	[0, 0, 0, 43, 440]	[[4, 26], [17, 78], [-23/2, 13/2]]
"262574.b1"	262574	[1, -1, 1, 81, 12599]	[[-13, -90], [51, 358], [-21, 46]]
"262576.a1"	262576	[0, 1, 0, -72, 436]	[[6, 16], [-2, 24], [-10, 16]]
"262670.a1"	262670	[1, -1, 1, -2022, 21621]	[[-39, 219], [41, 59], [61, 319]]
"262691.a1"	262691	[0, -1, 1, -14802, 837462]	[[477, 10103], [-128, 786], [15, 786]]
"262701.e1"	262701	[0, 0, 1, -204, 2095]	[[-13, 50], [-17, 25], [85/3, 845/3]]
"262773.c1"	262773	[1, -1, 1, -32, 240]	[[2, 12], [-7, -6], [20, 75]]
"262786.a1"	262786	[1, -1, 0, -15076, 725008]	[[-99, 1163], [32, 508], [-48, 1180]]
"262787.a1"	262787	[0, 1, 1, -44, -108]	[[-5, 3], [9, 17], [-3, 2]]
"262840.a1"	262840	[0, 1, 0, -71, 430]	[[-3, 25], [22, 100], [1, 19]]
"262857.c1"	262857	[1, 0, 0, -1117, 14384]	[[5, 92], [23, 20], [32, 92]]
"262880.a1"	262880	[0, 0, 0, -988, 21088]	[[14, 100], [214, 3100], [-34, 124]]
"262896.c1"	262896	[0, -1, 0, -104, -192]	[[-4, 12], [-8, 8], [-2, 2]]
"262896.k1"	262896	[0, 1, 0, -1112, 34644]	[[-26, 216], [28, 162], [190, 2592]]
"262902.f1"	262902	[1, 1, 1, -5119, 175205]	[[91, 642], [59, 258], [-81, 298]]
"262904.a1"	262904	[0, 0, 0, -35, 87]	[[3, 3], [2, 5], [-6, 9]]
"262906.c1"	262906	[1, 1, 0, -317, 10813]	[[-1, 106], [-6, 115], [202/3, 3073/3]]
"262959.d1"	262959	[0, -1, 1, -6597, 350417]	[[-19, 684], [-93, 388], [-187/2, 5953/2]]
"263066.a1"	263066	[1, 0, 1, 374, 1404]	[[-3, 17], [2, 45], [29, 177]]
"263079.a1"	263079	[1, -1, 1, -26, -20]	[[-2, 5], [-1, 2], [-4, 4]]
"263085.b1"	263085	[0, -1, 1, -7930, 274728]	[[49, 37], [-101, 187], [274, 4312]]
"263097.d1"	263097	[1, -1, 1, -2348, 43540]	[[34, 29], [415/2, 7207/2], [389/4, 461/4]]
"263166.a1"	263166	[1, 1, 0, -3116, 28404]	[[-31, 326], [590, 13988], [130, 1292]]
"263238.e1"	263238	[1, 1, 1, -5010, -125409]	[[-33, 89], [113, 819], [-31, 51]]
"263238.e2"	263238	[1, 1, 1, -1170, 12831]	[[9, 51], [1, 107], [13, -1]]
"263241.c1"	263241	[1, -1, 1, 34, 110]	[[-2, 6], [9, 28], [18, 70]]
"263266.b1"	263266	[1, 1, 0, 285, -1139]	[[22, 117], [150, 1781], [70/3, 983/3]]
"263275.a1"	263275	[1, 0, 0, -213, 3292]	[[-3, 64], [12, 44], [-13, 69]]
"263315.a1"	263315	[1, -1, 1, -153, 762]	[[8, -7], [7, -3], [27/2, -11/2]]
"263385.a1"	263385	[0, 0, 1, -273, 1728]	[[11, 7], [8, 7], [-4, 52]]
"263404.a1"	263404	[0, 0, 0, 16, 196]	[[0, 14], [4, 18], [12, 46]]
"263418.b1"	263418	[1, 0, 1, -12942, 565840]	[[74, 84], [65, -51], [209, 2541]]
"263536.a1"	263536	[0, 1, 0, -1240, 17124]	[[40, 182], [14, 52], [-2, 140]]
"263552.c1"	263552	[0, -1, 0, -3545, 31081]	[[-15, 284], [411, 8236], [-24, 319]]
"263616.bf1"	263616	[0, 1, 0, -497, 5391]	[[7, 48], [31, 144], [13, 36]]
"263620.b1"	263620	[0, 0, 0, -27097, 1689961]	[[7, 1225], [77, 245], [553/2, 6125/2]]
"263665.a1"	263665	[0, 1, 1, -240, 306]	[[-5, 37], [20, 62], [-10, 42]]
"263754.b1"	263754	[1, -1, 0, -423, 3321]	[[15, 6], [24, 69], [-12, 87]]
"263772.d1"	263772	[0, 0, 0, -7791, 264694]	[[59, 102], [50, 12], [1271/5, 306/5]]
"263809.a1"	263809	[0, 1, 1, -2682, 52602]	[[27, 24], [-22, 318], [17, 110]]
"263810.a1"	263810	[1, -1, 0, 13160, 2645056]	[[928, 28056], [153, 2791], [-32, 1496]]
"263862.c1"	263862	[1, -1, 0, 135, 137]	[[11, 48], [118, 1225], [1, 16]]
"263904.a1"	263904	[0, -1, 0, -177, 1089]	[[9, 12], [3, 24], [-15, 12]]
"263928.a1"	263928	[0, -1, 0, -460, 3556]	[[4, 42], [-10, 84], [25, 84]]
"264014.a1"	264014	[1, -1, 1, -531, 1587]	[[-5, 66], [27, 66], [3, 2]]
"264058.d1"	264058	[1, 1, 1, -1945, 31911]	[[-33, 264], [29, 16], [199/3, 184/3]]
"264102.a1"	264102	[1, 1, 0, -15, 117]	[[-6, 9], [2, 9], [-2, 13]]
"264204.a1"	264204	[0, 0, 0, 936, 2916]	[[4, 82], [45, 369], [168, 2214]]
"264278.a1"	264278	[1, 0, 1, -2853, 59792]	[[14, 143], [35, 38], [651/5, 5534/5]]
"264312.a1"	264312	[0, 0, 0, -327, 650]	[[1, 18], [19, 36], [-17, 36]]
"264387.a1"	264387	[0, 1, 1, -1090, 13510]	[[17, 13], [20, 10], [44, 229]]
"264575.a1"	264575	[0, 0, 1, -800, 8281]	[[25/2, 471/2], [11, 28], [175/3, 224/3]]
"264576.k1"	264576	[0, 1, 0, -905, 21639]	[[127, 1404], [-29, 156], [19, 108]]
"264620.b1"	264620	[0, 1, 0, -130, 753]	[[6, 15], [1, 25], [16, 55]]
"264717.c1"	264717	[0, 0, 1, -1236, -16605]	[[-19, 4], [-79/2, 77/2], [41, 40]]
"264803.a1"	264803	[0, 1, 1, -40180, 3866210]	[[245/2, 10237/2], [161, 1263], [294, 4189]]
"264858.a1"	264858	[1, 1, 0, -16, 196]	[[-6, -8], [16, 58], [5, 14]]
"264933.b1"	264933	[1, -1, 1, -38, 108]	[[-1, 12], [3, 2], [8, 12]]
"265031.a1"	265031	[0, 0, 1, -1540321, 735275832]	[[794, 3581], [5524/5, 2517732/5], [10481/4, 173609/4]]
"265076.a1"	265076	[0, 1, 0, -644, 4900]	[[28, 98], [0, 70], [-21, 98]]
"265110.e1"	265110	[1, 0, 1, -4219, 104342]	[[43, 32], [16, 194], [34, 5]]
"265122.c1"	265122	[1, -1, 0, -6708, 212940]	[[39, 78], [52, 26], [57, 87]]
"265122.c2"	265122	[1, -1, 0, -528, 1584]	[[-12, 84], [1, 32], [40, 188]]
"265236.a1"	265236	[0, -1, 0, -10302, 406449]	[[114, 837], [-10, 713], [60, 27]]
"265326.a1"	265326	[1, 1, 0, -166, 760]	[[7, -2], [10, 10], [6, 2]]
"265350.b1"	265350	[1, 1, 0, -8125, 278125]	[[55, 10], [75, 275], [130, 1135]]
"265350.b2"	265350	[1, 1, 0, -5625, 455625]	[[-25, 775], [80, 685], [-36, 801]]
"265351.a1"	265351	[0, 0, 1, -11134, 424955]	[[-19, 793], [545/2, 9587/2], [73, 34]]
"265362.a1"	265362	[1, 1, 0, -393, 2841]	[[11, -5], [10, 1], [1, 49]]
"265362.c1"	265362	[1, 0, 1, 255, 8392]	[[14, 114], [-13, 60], [-4, 87]]
"265378.b1"	265378	[1, 1, 1, -75, 121]	[[7, -6], [-1, 14], [11, 22]]
"265395.a1"	265395	[0, -1, 1, -4410, 59348]	[[189, 2437], [-6, 292], [-36, 412]]
"265406.a1"	265406	[1, 0, 1, -171, 854]	[[7, 0], [-1, 32], [4, 13]]
"265548.a1"	265548	[0, -1, 0, -12, 3096]	[[-6, 54], [21, 108], [102, 1026]]
"265560.h1"	265560	[0, 1, 0, -2396, 41904]	[[4, 180], [94, 810], [34, 30]]
"265611.a1"	265611	[0, -1, 1, 988, 21062]	[[-4, 130], [14, 193], [54, 478]]
"265642.a1"	265642	[1, 0, 1, -352, -420]	[[-14, 49], [20, 15], [-5/2, 35/2]]
"265642.a2"	265642	[1, 0, 1, -222, 1244]	[[7, 3], [8, -5], [11, 7]]
"265715.a1"	265715	[0, -1, 1, -1766, 29136]	[[23, 12], [-27, 237], [232/3, 224/3]]
"265895.a1"	265895	[0, 1, 1, -8736, 325470]	[[-91, 612], [7, 514], [56, 122]]
"265895.d1"	265895	[0, 0, 1, -143, 714]	[[9, 12], [34, 187], [7, 7]]
"265944.e1"	265944	[0, 1, 0, -3372, 73584]	[[66, 378], [30, 18], [-60, 252]]
"265966.a1"	265966	[1, 0, 1, 123, -256]	[[8, 31], [79, 670], [2, -1]]
"266152.a1"	266152	[0, 0, 0, -17806, -217799]	[[-39, 646], [284, 4199], [1264/3, 6137/3]]
"266234.a1"	266234	[1, 1, 0, -47, 85]	[[2, 1], [6, 5], [-6, 17]]
"266262.g1"	266262	[1, 1, 1, -14467, 666977]	[[67, 30], [-61, 1182], [227, 2910]]
"266262.h1"	266262	[1, 1, 1, -97, 1055]	[[-13, 24], [5, 24], [23, 96]]
"266362.b1"	266362	[1, -1, 1, -459, 4059]	[[11, 10], [19, 34], [3, 50]]
"266602.a1"	266602	[1, 0, 1, -253, 1512]	[[3, 26], [10, -9], [31, 138]]
"266619.a1"	266619	[1, 1, 1, 35, 116]	[[-1, 9], [8, 27], [4, 16]]
"266640.a1"	266640	[0, -1, 0, -16, 3616]	[[76, 660], [10, 66], [-12, 44]]
"266650.d1"	266650	[1, -1, 1, -2280, 43947]	[[29, 25], [13, 121], [109, 985]]
"266727.a1"	266727	[1, 0, 0, -5477, 48084]	[[409, 7936], [7, 97], [-173/2, 3791/2]]
"266756.a1"	266756	[0, -1, 0, -1150, 15401]	[[19, 7], [20, 1], [16, 29]]
"266776.a1"	266776	[0, -1, 0, 47, 53]	[[1, 10], [-1, 2], [7, 26]]
"266926.a1"	266926	[1, 0, 1, 1328, 21294]	[[21, 231], [109, 1155], [13/3, 4081/3]]
"266978.a1"	266978	[1, 0, 0, -819, 9025]	[[-12, 137], [154/3, 31/3], [83/2, 179/2]]
"267004.a1"	267004	[0, 1, 0, -2, 49]	[[0, 7], [-2, 7], [-4, 3]]
"267034.a1"	267034	[1, -1, 0, -5329, 151069]	[[45, 7], [42, -25], [50, 63]]
"267034.c1"	267034	[1, 1, 0, -10881, 346921]	[[124, 899], [744, 19747], [-899/4, 58497/4]]
"267168.b1"	267168	[0, -1, 0, -2097, 45729]	[[213, 3036], [29, 92], [37, 132]]
"267206.d1"	267206	[1, -1, 1, -6246, 194805]	[[25, 219], [83, 451], [1089/5, 5103/5]]
"267211.a1"	267211	[0, 1, 1, 16, 12]	[[0, 3], [1, 5], [4, 12]]
"267345.a1"	267345	[1, -1, 1, -608, 5852]	[[18, 13], [12, 7], [13, -2]]
"267492.a1"	267492	[0, -1, 0, -121, 562]	[[7, 3], [1, 21], [6, 4]]
"267552.a1"	267552	[0, 0, 0, -19164, 1021376]	[[58, 324], [82, 36], [-158, 324]]
"267552.e1"	267552	[0, 0, 0, -588, 9376]	[[-22, 108], [-4, 108], [50, 324]]
"267568.a1"	267568	[0, 0, 0, 53, 730]	[[1, 28], [-7, 4], [-6, 14]]
"267665.f1"	267665	[1, 1, 1, -80240, 7190022]	[[-18, 2946], [2188/3, 36067/3], [12637/4, 1313019/4]]
"267678.a1"	267678	[1, -1, 0, -12732, 556154]	[[67, -56], [65, -38], [31, 421]]
"267678.f1"	267678	[1, -1, 1, -1067, 12795]	[[11, 42], [23, -6], [27, 42]]
"267702.e1"	267702	[1, 1, 1, -107, -295]	[[-9, 10], [-3, 4], [-5, 14]]
"267706.a1"	267706	[1, -1, 0, 17, 61]	[[-2, 5], [2, 9], [-1, 7]]
"267869.a1"	267869	[1, -1, 1, -312, 2070]	[[-14, 66], [7, 10], [14, 10]]
"267872.b1"	267872	[0, -1, 0, -144, 628]	[[12, 22], [1, 22], [37/2, 11/2]]
"267972.d1"	267972	[0, 1, 0, -1837, 88559]	[[-55, 162], [26, 243], [269, 4374]]
"268096.a1"	268096	[0, 0, 0, -1766092, 902319760]	[[384, 16756], [4573, 297419], [72994/9, 4758704/9]]
"268096.t1"	268096	[0, 0, 0, 52, 784]	[[-6, 16], [10, 48], [10/3, 784/3]]
"268339.a1"	268339	[1, 0, 0, 13, 1654]	[[3, 40], [169, 2115], [-174/5, 4834/5]]
"268344.b1"	268344	[0, 0, 0, -516, 3940]	[[8, 18], [26, 90], [-10, 90]]
"268374.a1"	268374	[1, 1, 0, -3084, 64656]	[[24, 60], [32, -12], [-48, 348]]
"268374.b1"	268374	[1, 1, 0, -64, 244]	[[10, 22], [1, 13], [-8, 22]]
"268433.a1"	268433	[0, 1, 1, -10, 80]	[[-5, 5], [6, 16], [17, 71]]
"268434.a1"	268434	[1, -1, 0, -933, 13589]	[[10, 67], [19, 40], [26, 67]]
"268544.a1"	268544	[0, 1, 0, 1, -35]	[[3, 2], [4, 7], [9, 28]]
"268554.a1"	268554	[1, 1, 0, -4582, 117490]	[[39, -23], [41, 5], [59, 209]]
"268554.a2"	268554	[1, 1, 0, -292, 1660]	[[6, 10], [2, 32], [-7, 62]]
"268618.a1"	268618	[1, -1, 0, -79, 349]	[[2, 13], [9, 13], [6, 5]]
"268618.c1"	268618	[1, 1, 0, -339056, 75848704]	[[335, -192], [384, 1376], [615, 9713]]
"268672.c1"	268672	[0, 0, 0, -134, 596]	[[7, 1], [8, 6], [-1, 27]]
"268677.b1"	268677	[1, -1, 1, 2509, -106298]	[[94, 929], [32, 61], [373, 7067]]
"268736.a1"	268736	[0, 1, 0, -17089, -541569]	[[-43, 340], [161, 952], [-94, 493]]
"268736.a2"	268736	[0, 1, 0, -7209, 227095]	[[74, 323], [23, 272], [57, 68]]
"268774.b1"	268774	[1, 0, 0, -1870, 31236]	[[64, 386], [20, 34], [24, 6]]
"268863.b1"	268863	[1, 1, 1, -197, 1910]	[[48, 301], [6, 28], [-15, 49]]
"268942.b1"	268942	[1, 1, 1, -94, 411]	[[9, 15], [5, 7], [-7, 31]]
"269007.a1"	269007	[0, 1, 1, -4189, 42847]	[[-49, 364], [5, 148], [-115/2, 2993/2]]
"269019.b1"	269019	[1, -1, 1, 202, 1640]	[[0, 40], [27, 148], [-5, 24]]
"269038.f1"	269038	[1, -1, 1, -9354, 355017]	[[81, 311], [17, 439], [37, 223]]
"269073.a1"	269073	[0, 0, 1, -1830, -20993]	[[85, 661], [-13, 24], [193/2, 437/2]]
"269122.d1"	269122	[1, -1, 1, -774, 7317]	[[25, 43], [9, 27], [11, 1]]
"269171.a1"	269171	[1, 1, 1, -34, 66]	[[3, 0], [2, 2], [-1, 10]]
"269243.a1"	269243	[0, -1, 1, -39, 111]	[[3, 3], [1, 8], [7, 11]]
"269270.a1"	269270	[1, 1, 0, -242, -1256]	[[-7, 16], [-12, -4], [68, 516]]
"269322.a1"	269322	[1, 0, 1, -159, 418]	[[-13, 24], [-1, 24], [11, 0]]
"269343.a1"	269343	[1, -1, 1, -218, 460]	[[-8, 44], [19, 44], [-5/2, 217/2]]
"269398.a1"	269398	[1, 0, 0, -3794, 89860]	[[36, -2], [68, 350], [40, 30]]
"269409.b1"	269409	[0, -1, 1, -1636, 26010]	[[25, 10], [18, 45], [23, 4]]
"269410.a1"	269410	[1, -1, 0, -10, 40]	[[2, 4], [-2, 8], [-4, 0]]
"269410.d1"	269410	[1, 1, 0, -11947, 497981]	[[67, 29], [62, -51], [478/3, 2783/3]]
"269415.a1"	269415	[0, 0, 1, -543, 5098]	[[1, 67], [16, 22], [49/2, 131/2]]
"269424.a1"	269424	[0, 0, 0, -267, 1530]	[[-3, 48], [21, 72], [13, 16]]
"269451.a1"	269451	[0, 0, 1, -777, 9126]	[[14, 31], [8, 58], [21, 45]]
"269460.a1"	269460	[0, 0, 0, -93, -83]	[[11, 15], [-4, 15], [-1, 3]]
"269466.k1"	269466	[1, 0, 0, -15597, 777681]	[[90, 279], [66, 159], [162, 1503]]
"269493.a1"	269493	[1, 1, 1, 115, 5636]	[[-2, 74], [-9, 67], [47, 319]]
"269502.a1"	269502	[1, 0, 1, -21980, 1253450]	[[84, -2], [165, 1375], [102, 223]]
"269505.a1"	269505	[0, 0, 1, -3, 704]	[[1, 26], [54, 397], [4, 27]]
"269550.c1"	269550	[1, -1, 0, -1017, 13041]	[[24, 33], [18, 9], [-36, 63]]
"269672.a1"	269672	[0, 0, 0, -94, 349]	[[6, 1], [5, 2], [2, 13]]
"269672.b1"	269672	[0, -1, 0, -1227, 15844]	[[-27, 169], [25, 13], [121/3, 1079/3]]
"269772.a1"	269772	[0, -1, 0, -252, 1944]	[[18, 54], [-18, 18], [9, 18]]
"269817.a1"	269817	[0, 1, 1, -4384, 110332]	[[44, 67], [17, 202], [35, 31]]
"269840.b1"	269840	[0, -1, 0, -1136, 15136]	[[20, 4], [26, 50], [21, 10]]
"269916.a1"	269916	[0, -1, 0, -93, 9]	[[-9, 6], [-1, 10], [-5, 18]]
"269934.d1"	269934	[1, 0, 1, -505, 4400]	[[19, 32], [13, 2], [-23, 74]]
"269936.a1"	269936	[0, -1, 0, -234, 1459]	[[9, 1], [37/2, 5/2], [1, 35]]
"269951.a1"	269951	[1, 0, 0, -1141, 14862]	[[-1, 127], [237/4, 1803/4], [111/2, 441/2]]
"269995.b1"	269995	[1, 0, 0, 0, -125]	[[5, 0], [10, 25], [6, 7]]
"270046.a1"	270046	[1, 0, 1, -963, 11282]	[[14, 17], [21, 10], [-7, 136]]
"270104.a1"	270104	[0, 1, 0, 20, 144]	[[-2, 10], [2, 14], [-4, 4]]
"270104.b1"	270104	[0, 1, 0, -23068, 1340880]	[[92, 76], [790/3, 190/3], [16, 988]]
"270166.a1"	270166	[1, 1, 1, -9444, 350821]	[[53, 25], [157, 1585], [77, 257]]
"270175.c1"	270175	[0, -1, 1, -149783, 22373343]	[[-303, 6312], [197, 687], [10403/7, 107141/7]]
"270175.c2"	270175	[0, -1, 1, 127967, 91772968]	[[-188, 7812], [12617/4, 1671843/4], [-85582/17, 25911606/17]]
"270186.a1"	270186	[1, 1, 0, -557, 4845]	[[14, -1], [13, -3], [6, 39]]
"270214.a1"	270214	[1, -1, 0, 14, 88]	[[4, 12], [-3, 5], [-2, 8]]
"270226.b1"	270226	[1, 1, 1, -7777, -98913]	[[117, 722], [-25, 296], [1679, 67888]]
"270362.c1"	270362	[1, -1, 1, -351, 4167]	[[19, 54], [3, 54], [-13, 86]]
"270381.a1"	270381	[0, 1, 1, -802, 6022]	[[-19, 121], [8, 13], [62, 445]]
"270400.w1"	270400	[0, 1, 0, -16033, -743937]	[[-77, 200], [-61, 104], [147, 312]]
"270400.w2"	270400	[0, 1, 0, -3033, 49063]	[[3, 200], [53, 200], [-47, 300]]
"270430.a1"	270430	[1, -1, 0, -469, 4033]	[[12, -1], [17, 19], [13, -9]]
"270450.a1"	270450	[1, -1, 0, -5217, -43309]	[[83, 259], [-61, 243], [89, 393]]
"270450.a2"	270450	[1, -1, 0, -2967, 62441]	[[4, 223], [29, -2], [44, 103]]
"270518.a1"	270518	[1, -1, 1, -10419, 416019]	[[63, 50], [-101, 706], [403/3, 4630/3]]
"270534.a1"	270534	[1, 1, 0, -26579, 1635309]	[[158, 1109], [-139, 1703], [81, 108]]
"270556.a1"	270556	[0, 1, 0, -150, -431]	[[-4, 11], [-10, 13], [16, 39]]
"270623.a1"	270623	[1, 0, 0, 23, 96]	[[-1, 9], [16, 60], [25/3, 328/3]]
"270737.a1"	270737	[1, -1, 1, -196, 1102]	[[8, -3], [10, 3], [-1, 36]]
"270771.a1"	270771	[1, 1, 1, -173, 794]	[[6, 1], [-3, 37], [2, 20]]
"270784.e1"	270784	[0, 0, 0, 28, 192]	[[2, 16], [6, 24], [-3, 9]]
"270786.a1"	270786	[1, 1, 0, -54, 144]	[[6, 6], [0, 12], [3, 3]]
"270794.a1"	270794	[1, 0, 1, -667, -6234]	[[111, 1080], [-17, 24], [-137/3, 760/3]]
"270820.a1"	270820	[0, 1, 0, -186, 985]	[[6, 11], [17, 55], [2, 25]]
"270879.a1"	270879	[0, -1, 1, 93, 695]	[[-1, 24], [45/2, 437/2], [3, 31]]
"270928.a1"	270928	[0, 0, 0, -13459, 561874]	[[-9, 826], [33, 392], [377/2, 2891/2]]
"271019.a1"	271019	[1, -1, 1, -867, 10560]	[[23, 37], [16, 16], [-33, 65]]
"271024.b1"	271024	[0, 1, 0, -352, 2436]	[[10, 4], [6, 24], [11, 4]]
"271032.g1"	271032	[0, 1, 0, -212, 3936]	[[10, 54], [-8, 72], [28, 144]]
"271062.a1"	271062	[1, -1, 0, -27729, 1780429]	[[86, 119], [102, 23], [65, 467]]
"271062.a2"	271062	[1, -1, 0, -1089, 48829]	[[2, 215], [146, 1655], [98, 887]]
"271106.b1"	271106	[1, 0, 0, -3159, 64873]	[[2, 241], [46, 109], [68, 373]]
"271121.a1"	271121	[1, 1, 1, -5907, 172282]	[[44, -22], [34, 93], [709/4, -1187/4]]
"271167.a1"	271167	[1, 1, 1, -6064, -155650]	[[-56, -83], [-30, -5], [-39, 172]]
"271167.a2"	271167	[1, 1, 1, -1729, 24686]	[[97, 835], [12, 70], [32, 42]]
"271168.d1"	271168	[0, -1, 0, -465, 3601]	[[33, 152], [-5, 76], [1, 56]]
"271215.c1"	271215	[0, 0, 1, -273, 1678]	[[7, 10], [-14, 52], [1, 37]]
"271264.a1"	271264	[0, 1, 0, -2417, 26431]	[[51, 196], [-5, 196], [67/3, 2548/3]]
"271351.a1"	271351	[1, -1, 1, -18, 18]	[[1, 0], [4, -3], [-2, 7]]
"271389.a1"	271389	[0, -1, 1, -69, 1064]	[[2, 30], [69/2, 545/2], [42, 265]]
"271396.b1"	271396	[0, 1, 0, -57, 256]	[[-7, 19], [12, 38], [31, 171]]
"271450.c1"	271450	[1, 0, 1, -1257751, 542819898]	[[622, 801], [642, -84], [692, 1641]]
"271450.c2"	271450	[1, 0, 1, -1249751, 550067898]	[[63, 21684], [-913, 30956], [508, 6554]]
"271483.a1"	271483	[0, 1, 1, -174, 828]	[[7, 1], [8, 3], [3, 18]]
"271598.a1"	271598	[1, -1, 0, -136, 576]	[[0, 24], [16, 40], [32, 152]]
"271704.d1"	271704	[0, 1, 0, -5812, 167456]	[[38, 54], [-70, 486], [11, 324]]
"271762.b1"	271762	[1, 0, 0, -1882, 30564]	[[52, 246], [20, 22], [4, 150]]
"271768.b1"	271768	[0, 1, 0, 13, 454]	[[3, 23], [-1, 21], [6, 28]]
"271768.c1"	271768	[0, 1, 0, -7292, 252976]	[[22, 322], [-62, 686], [1194/5, 15778/5]]
"271806.b1"	271806	[1, 1, 0, -3206, 68436]	[[-44, 378], [45, 111], [316/3, 238/3]]
"271825.a1"	271825	[0, 0, 1, -65, -194]	[[-5, 2], [-4, 1], [-35/3, -1/3]]
"271894.b1"	271894	[1, 0, 0, -2254, 41220]	[[28, 2], [36, 66], [-20, 290]]
"271912.a1"	271912	[0, 0, 0, -2284, 42004]	[[18, 82], [26, 14], [30, 22]]
"271918.a1"	271918	[1, 1, 0, -120, -296]	[[15, 32], [-23/3, -5/3], [-5, 17]]
"271930.a1"	271930	[1, -1, 0, 71, 253]	[[2, 19], [-3, 4], [7, 29]]
"271944.b1"	271944	[0, 0, 0, -111, 146]	[[1, 6], [-5, 24], [-11, 6]]
"271966.a1"	271966	[1, -1, 0, -136, 628]	[[9, 4], [-8, 38], [26, 106]]
"271978.a1"	271978	[1, 1, 0, -1627, 24605]	[[22, -3], [23, -8], [214/3, -97/3]]
"272064.c1"	272064	[0, -1, 0, -2497, 51169]	[[13, 144], [157, 1872], [40, 117]]
"272082.l1"	272082	[1, 0, 0, -1107, 6561]	[[-18, 153], [30, 9], [54, 297]]
"272187.d1"	272187	[1, -1, 1, -788, 8700]	[[20, 15], [14, 9], [269/4, -519/4]]
"272259.c1"	272259	[1, -1, 1, -1436, 9416]	[[-3, 118], [36, 40], [6, 28]]
"272259.c2"	272259	[1, -1, 1, 319, 992]	[[0, 31], [10, 66], [49, 339]]
"272380.a1"	272380	[0, 0, 0, -88, 337]	[[6, 5], [-4, 25], [4, 7]]
"272418.a1"	272418	[1, 1, 0, -71, 309]	[[-10, 17], [6, 9], [14, 41]]
"272446.b1"	272446	[1, 0, 0, -944, 6400]	[[32, 80], [-32, 80], [96, 848]]
"272493.a1"	272493	[0, 0, 1, -147, -104]	[[-2, 13], [-11, 13], [16, 40]]
"272493.e1"	272493	[0, 0, 1, -1686, -3258]	[[74, 526], [-4, 58], [776, 21586]]
"272542.a1"	272542	[1, 1, 0, -769, 8249]	[[20, 27], [-20, 137], [328/3, 4207/3]]
"272654.a1"	272654	[1, 1, 1, -3250, 69951]	[[33, -13], [41, 67], [29, 19]]
"272714.c1"	272714	[1, 1, 0, 638, 116840]	[[-43, 132], [178, 2342], [491/2, 11001/2]]
"272831.b1"	272831	[1, -1, 1, -447, 3780]	[[38, 182], [12, 0], [-1, 65]]
"272937.b1"	272937	[1, 1, 1, -3917, 93710]	[[-30, 445], [12, 214], [33, 25]]
"272950.b1"	272950	[1, 0, 1, -11, 258]	[[8, 22], [-21/2, -89/2], [61, 446]]
"273024.i1"	273024	[0, 0, 0, 1836, -37584]	[[198, 2844], [40, 316], [81/2, 711/2]]
"273090.a1"	273090	[1, 1, 0, -62, 336]	[[2, 14], [-8, 24], [7, 14]]
"273096.a1"	273096	[0, 0, 0, -36, 260]	[[-2, 18], [10, 30], [-8, 6]]
"273113.a1"	273113	[1, 0, 0, -4, 25]	[[0, 5], [-3, 5], [3/2, 35/2]]
"273249.a1"	273249	[0, 0, 1, -921, 10822]	[[19, 13], [16, 13], [25, 58]]
"273262.b1"	273262	[1, 1, 0, 52, 16]	[[0, 4], [8, 28], [21, 94]]
"273278.c1"	273278	[1, 1, 1, -5382, 70915]	[[-23, 439], [1, 255], [281/5, 12931/5]]
"273303.a1"	273303	[1, -1, 1, -1994, 34782]	[[29, 12], [26, -9], [44, 153]]
"273326.a1"	273326	[1, 0, 1, -27, 86]	[[3, 4], [7, 12], [-5, -8]]
"273349.a1"	273349	[0, 0, 1, -439, 3540]	[[12, 0], [13, 5], [49/2, 3/2]]
"273437.a1"	273437	[0, 0, 1, -356, 2585]	[[11, 0], [9, 10], [9/2, 335/2]]
"273497.a1"	273497	[1, 0, 1, -88, 387]	[[21, 78], [-5/2, 179/2], [-3, 26]]
"273539.a1"	273539	[0, 1, 1, -11754, 480816]	[[54, 80], [68, 24], [47, 185]]
"273592.a1"	273592	[0, 0, 0, -124, 244]	[[-10, 22], [12, 22], [1, 11]]
"273632.a1"	273632	[0, 0, 0, -1261, 17236]	[[16, 34], [21, 4], [81/2, 17/2]]
"273633.a1"	273633	[1, 1, 1, -117, 240]	[[-5, 29], [22, 83], [7/2, 43/2]]
"273713.a1"	273713	[0, 1, 1, -44, 126]	[[3, 5], [-8, 5], [14, 49]]
"273905.a1"	273905	[0, -1, 1, -66, 222]	[[6, 2], [1, 12], [4, 2]]
"273994.a1"	273994	[1, 1, 0, -213, 1099]	[[9, -1], [-5, 48], [43/2, 69/2]]
"273994.d1"	273994	[1, 1, 1, -662, 915]	[[1, 15], [33, 111], [25, 15]]
"273996.a1"	273996	[0, 0, 0, 96, 484]	[[-4, 6], [8, 42], [0, 22]]
"274026.h1"	274026	[1, 1, 1, -710, 6851]	[[9, 31], [17, -1], [33, 127]]
"274029.c1"	274029	[0, 1, 1, -64, 48556]	[[44, 364], [125, 1417], [-37, 40]]
"274133.a1"	274133	[0, 0, 1, -6775, 203844]	[[449/2, 7405/2], [-4, 480], [58, 77]]
"274316.a1"	274316	[0, 1, 0, -1421, 19471]	[[-15, 194], [25, 14], [253/3, 1358/3]]
"274353.d1"	274353	[0, 1, 1, -37, 145]	[[-1, 13], [5, 10], [-7, 10]]
"274370.c1"	274370	[1, 0, 1, -43088, 3438906]	[[125, 37], [120, -63], [1075/3, -1501/3]]
"274390.b1"	274390	[1, 0, 1, -188, 906]	[[5, 7], [10, 2], [-10, 47]]
"274419.a1"	274419	[0, 0, 1, 69, -644]	[[7, 13], [16, 67], [34, 202]]
"274437.a1"	274437	[0, 0, 1, -171, 830]	[[6, 4], [9, 4], [12, 22]]
"274563.a1"	274563	[0, 0, 1, 15, 72]	[[-1, 7], [2, 10], [5, 16]]
"274596.a1"	274596	[0, -1, 0, -65, 666]	[[5, 21], [-2, 28], [19, 77]]
"274604.b1"	274604	[0, -1, 0, -1132, 13784]	[[-26, 158], [14, 22], [82/3, 1738/3]]
"274684.a1"	274684	[0, 1, 0, -34, 81]	[[2, 5], [4, 5], [0, 9]]
"274728.a1"	274728	[0, -1, 0, -76, -188]	[[-4, 6], [-6, 4], [-3, 2]]
"274728.d1"	274728	[0, 1, 0, -16572, 814896]	[[78, 54], [-30, 1134], [285/2, 243/2]]
"274732.a1"	274732	[0, 0, 0, -56, 169]	[[4, 3], [6, 7], [0, 13]]
"274742.b1"	274742	[1, 0, 0, -180, 6736]	[[4, 76], [30, 154], [108, 1064]]
"274784.a1"	274784	[0, 0, 0, 19, 16]	[[1, 6], [3, 10], [9/2, 67/2]]
"274788.a1"	274788	[0, 0, 0, 24, 785]	[[-8, 9], [10, 45], [-2, 27]]
"274822.b1"	274822	[1, 0, 1, -786, -8464]	[[-16, 16], [-17, 1], [154, 1801]]
"274822.b2"	274822	[1, 0, 1, -196, -20736]	[[34, 93], [64, 447], [42, 192]]
"274869.a1"	274869	[1, -1, 1, -131, 452]	[[3, 7], [12, 16], [-6, 34]]
"274878.a1"	274878	[1, -1, 0, -36, 1296]	[[0, 36], [9, 36], [16, 60]]
"274914.e1"	274914	[1, -1, 1, -209, 1729]	[[7, 20], [-17, -4], [19, 56]]
"274960.g1"	274960	[0, -1, 0, -2056, 36656]	[[20, 56], [26, 10], [28, 16]]
"275174.b1"	275174	[1, 0, 0, -40, 576]	[[0, 24], [8, 24], [16, 56]]
"275176.a1"	275176	[0, 1, 0, -225, 1219]	[[7, 6], [9, 2], [11, 14]]
"275243.a1"	275243	[1, -1, 0, -4213, 216316]	[[631/2, 14247/2], [-440/3, 15538/3], [30387/2, 5266181/2]]
"275244.c1"	275244	[0, 1, 0, 3643, 121671]	[[-23, 162], [58, 729], [-11/2, 2673/2]]
"275247.b1"	275247	[0, 0, 1, -2421, 45892]	[[46, 178], [65/2, 829/2], [80, 603]]
"275266.a1"	275266	[1, 0, 1, -122, 504]	[[7, -7], [6, -4], [3, 11]]
"275354.d1"	275354	[1, -1, 0, -2558, -48780]	[[-121/2, -1/2], [107, 892], [-257/3, 904/3]]
"275354.g1"	275354	[1, 0, 0, -169, 729]	[[10, 3], [2, 19], [18, 51]]
"275358.d1"	275358	[1, 0, 0, -3195, 77841]	[[30, 81], [-18, 369], [54, 225]]
"275430.h1"	275430	[1, 1, 1, -1081, 13319]	[[-1, 120], [19, 0], [39, 160]]
"275523.a1"	275523	[1, 0, 0, -34, 149]	[[-1, 14], [5, 8], [-7, 11]]
"275576.c1"	275576	[0, 1, 0, -11041, 3016803]	[[233, 3626], [-61, 1862], [-1529/3, 3626/3]]
"275628.b1"	275628	[0, -1, 0, -164, 840]	[[6, 6], [10, 10], [-2, 34]]
"275694.e1"	275694	[1, 0, 1, -167, 506]	[[3, 4], [-9, 40], [0, 22]]
"275696.c1"	275696	[0, 0, 0, 11, -21]	[[2, 3], [10, 33], [17/2, 81/2]]
"275765.a1"	275765	[1, 0, 0, -8915, 322492]	[[24, 338], [49, 38], [271/2, 1129/2]]
"275846.a1"	275846	[1, -1, 0, -112, 484]	[[6, -4], [7, -1], [5, 3]]
"275846.f1"	275846	[1, -1, 0, -22, 24]	[[1, 1], [-4, 8], [5, 2]]
"275898.e1"	275898	[1, 1, 1, -420, 3621]	[[-11, 89], [13, 17], [45, 257]]
"275928.e1"	275928	[0, 1, 0, 36, 1296]	[[0, 36], [-6, 30], [18, 90]]
"275952.o1"	275952	[0, 1, 0, -2704, 55652]	[[32, 54], [-22, 324], [26, 60]]
"275954.g1"	275954	[1, -1, 1, -138807, 19881615]	[[231, 206], [203, 94], [1435/3, 33898/3]]
"276033.a1"	276033	[0, 1, 1, -3004, 62392]	[[29, 22], [38, 67], [125/2, 23/2]]
"276062.a1"	276062	[1, 0, 1, 30, -28]	[[1, 1], [5, 13], [2, 5]]
"276083.a1"	276083	[0, 0, 1, 14, 15]	[[-1, 0], [1, 5], [5, 14]]
"276144.a1"	276144	[0, -1, 0, -15669, 760185]	[[72, 9], [65, 110], [73, 6]]
"276201.a1"	276201	[0, 0, 1, -111, 452]	[[6, 1], [9, 13], [4, 8]]
"276304.a1"	276304	[0, 1, 0, -2672, 52276]	[[30, 4], [38, 84], [28, 14]]
"276309.a1"	276309	[1, -1, 1, -266, 1100]	[[-6, 52], [3, 16], [75/2, 317/2]]
"276427.a1"	276427	[0, -1, 1, -870, -9348]	[[-17, 15], [39, 120], [397/2, 7467/2]]
"276429.a1"	276429	[0, 1, 1, -706, 3562]	[[32, 121], [5, 13], [23, 4]]
"276429.b1"	276429	[0, -1, 1, -287, 1970]	[[10, 0], [12, 10], [88/3, 35/3]]
"276443.a1"	276443	[0, 0, 1, 8, -24]	[[2, 0], [4, 8], [6, 15]]
"276529.a1"	276529	[1, 0, 0, -127, 534]	[[5, 3], [-6, 36], [31/2, 13/2]]
"276716.b1"	276716	[0, -1, 0, -20954, 1108849]	[[104, 209], [38, 605], [-6, 1111]]
"276824.a1"	276824	[0, 1, 0, -915, 10354]	[[17, 1], [21, 29], [5, 77]]
"276834.a1"	276834	[1, 1, 0, -179, 849]	[[8, -7], [6, 3], [7, -3]]
"276834.b1"	276834	[1, 1, 0, -394153, 50384581]	[[106, 3079], [2455, 116614], [27706/5, 3836339/5]]
"276850.a1"	276850	[1, -1, 0, -40042, 3050116]	[[79, 573], [-96, 2498], [100, 146]]
"276891.a1"	276891	[1, 0, 0, -49, 8]	[[-1, 8], [-7, 8], [-4, 14]]
"276986.a1"	276986	[1, 0, 0, -2220, 40336]	[[24, 20], [-40, 276], [-8, 244]]
"277120.d1"	277120	[0, 1, 0, -2265, 47863]	[[71, 500], [21, 100], [-9, 260]]
"277172.a1"	277172	[0, 0, 0, -136, 625]	[[8, 7], [-6, 35], [6, 5]]
"277265.a1"	277265	[1, 0, 0, 10, 1417]	[[-1, 38], [24, 113], [9, 43]]
"277268.a1"	277268	[0, 1, 0, -213, 1111]	[[9, 2], [5, 14], [10, 9]]
"277284.a1"	277284	[0, -1, 0, -397, 1369]	[[55, 378], [-8, 63], [-1, 42]]
"277303.a1"	277303	[0, 1, 1, -416, 3132]	[[8, 19], [45/2, 9/2], [12, 3]]
"277329.d1"	277329	[1, 0, 0, -361, 3314]	[[5, 38], [-22, 38], [-13, 83]]
"277386.a1"	277386	[1, 1, 0, -36, 96]	[[4, 4], [-4, 16], [8, 16]]
"277393.a1"	277393	[0, 1, 1, -36, 174]	[[8, 21], [-11/2, 125/2], [51, 365]]
"277449.a1"	277449	[0, -1, 1, 22, -28]	[[2, 4], [5, 13], [7, 20]]
"277464.a1"	277464	[0, -1, 0, -2177, 39909]	[[47, 198], [25, 22], [20, 63]]
"277472.b1"	277472	[0, 1, 0, -625, 2079]	[[-1, 52], [2, 29], [-14, 91]]
"277472.b2"	277472	[0, 1, 0, -510, 4264]	[[12, 4], [14, 8], [4, 48]]
"277478.a1"	277478	[1, 0, 0, 813, 2209]	[[14, 121], [-2, 25], [142, 1657]]
"277488.b1"	277488	[0, 0, 0, -754824, -251842084]	[[-506, 738], [2774, 137842], [2077, 84501]]
"277488.b2"	277488	[0, 0, 0, -44184, 3277676]	[[290, 3854], [-38, 2214], [-86, 2538]]
"277505.a1"	277505	[0, 0, 1, -15037, 708840]	[[48, 312], [173, 1812], [63, 107]]
"277660.a1"	277660	[0, 1, 0, -6, 49]	[[0, 7], [2, 7], [-4, 5]]
"277848.a1"	277848	[0, 0, 0, -4332, 110900]	[[106, 918], [4, 306], [38, 34]]
"277888.a1"	277888	[0, 0, 0, -1348, 443536]	[[-30, 676], [165, 2171], [-2, 668]]
"277946.a1"	277946	[1, 1, 0, -5459, 181069]	[[231, 3248], [45, 148], [-37/2, 3881/2]]
"277946.b1"	277946	[1, -1, 1, -264, 2379]	[[13, 25], [-3, 57], [-19, 25]]
"277966.b1"	277966	[1, 1, 0, -1228, 16064]	[[19, -3], [20, -8], [317/4, -543/4]]
"278225.a1"	278225	[0, 1, 1, 742, 1644]	[[48, 387], [-2, 12], [28, 212]]
"278255.a1"	278255	[0, 1, 1, -96, 336]	[[7, 7], [2, 12], [5, 2]]
"278292.a1"	278292	[0, -1, 0, -140, 1176]	[[14, 42], [-14, 14], [-7, 42]]
"278303.b1"	278303	[1, 1, 0, 34358, -4533595]	[[196, 3029], [59449/8, 14512263/8], [17815/6, 2446565/6]]
"278356.a1"	278356	[0, 0, 0, -277, 1765]	[[7, 13], [9, 1], [-19, 13]]
"278386.a1"	278386	[1, 1, 0, -204, -464]	[[19, 45], [-33/2, 251/2], [-47/3, 670/3]]
"278443.b1"	278443	[1, 0, 0, 16, -5]	[[1, 3], [2, 5], [7, 18]]
"278448.a1"	278448	[0, -1, 0, -232, -656]	[[-12, 16], [20, 48], [18, 26]]
"278448.e1"	278448	[0, 1, 0, -2752, 49556]	[[-34, 324], [20, 54], [47, 162]]
"278499.a1"	278499	[1, 1, 1, -1950, 31416]	[[69, 446], [32, 39], [-42, 224]]
"278499.a2"	278499	[1, 1, 1, -1935, 31956]	[[24, -4], [29, 21], [13, 89]]
"278532.a1"	278532	[0, 0, 0, -57, 65]	[[1, 3], [7, 3], [-5, 15]]
"278630.b1"	278630	[1, -1, 0, -10894, 440008]	[[52, 84], [74, 150], [-3, 689]]
"278640.c1"	278640	[0, 0, 0, 117, 2682]	[[21, 120], [-9, 30], [6, 60]]
"278655.a1"	278655	[0, -1, 1, -1170, -5362]	[[-21, 97], [174, 2242], [-19/2, 61/2]]
"278672.a1"	278672	[0, 1, 0, -58, -189]	[[-5, 1], [-19/2, 11/2], [19, 77]]
"278680.b1"	278680	[0, 1, 0, -20, 1600]	[[10, 50], [-10, 30], [30, 170]]
"278862.a1"	278862	[1, 0, 1, -893, 14312]	[[3, 106], [30, 106], [111, 1078]]
"278894.c1"	278894	[1, -1, 1, -7317, 260205]	[[71, 272], [331/3, 4880/3], [-41, 720]]
"278896.a1"	278896	[0, -1, 0, -944, 11488]	[[18, 2], [17, 8], [26, 62]]
"278940.c1"	278940	[0, -1, 0, -490, 4225]	[[10, 15], [-20, 75], [0, 65]]
"278943.a1"	278943	[0, 1, 1, -50, 1040]	[[-8, 31], [13, 52], [1, 31]]
"278961.a1"	278961	[0, -1, 1, 5, 42]	[[-2, 4], [4, 10], [2, 7]]
"278964.f1"	278964	[0, 0, 0, -216, 10404]	[[144, 1722], [-20, 82], [21, 123]]
"278992.f1"	278992	[0, 0, 0, -2371, 44130]	[[37, 84], [23, 42], [5, 180]]
"278992.f2"	278992	[0, 0, 0, -251, -390]	[[-7, 32], [17, 16], [-13, 26]]
"278996.a1"	278996	[0, 1, 0, -37, -84]	[[-3, 3], [-5, 1], [-4, 4]]
"279030.a1"	279030	[1, 1, 0, -83838, 9308652]	[[167, -78], [383/2, 11403/2], [-277, 3511]]
"279030.a2"	279030	[1, 1, 0, -5238, 143892]	[[47, 42], [44, 10], [41, -8]]
"279036.b1"	279036	[0, 0, 0, 1356, 28289]	[[148, 1863], [10, 207], [56, 529]]
"279078.c1"	279078	[1, 1, 1, -905, 9911]	[[23, 32], [27, 64], [19, -4]]
"279078.c2"	279078	[1, 1, 1, 55, 31031]	[[29, 226], [403, 7904], [511, 11312]]
"279124.a1"	279124	[0, 1, 0, -157, 1311]	[[17, 62], [-14, 31], [-7, 46]]
"279230.b1"	279230	[1, 1, 0, 2807, -52987]	[[26, 183], [19, 78], [251/2, 4649/2]]
"279317.a1"	279317	[0, 1, 1, -63, 171]	[[5, 2], [1, 10], [11, 30]]
"279351.a1"	279351	[1, -1, 1, -140, -462]	[[-4, 6], [14, 6], [23, 78]]
"279364.a1"	279364	[0, 1, 0, -25, 732]	[[13/2, 211/2], [56, 422], [-8, 22]]
"279398.g1"	279398	[1, 0, 0, -540, 3856]	[[4, 40], [-24, 68], [18, -2]]
"279472.a1"	279472	[0, 1, 0, -720, 7204]	[[14, 8], [16, 6], [15, 2]]
"279505.a1"	279505	[0, 1, 1, -41, -99]	[[-3, 2], [7, 2], [9, 18]]
"279519.a1"	279519	[1, 0, 0, -190, 1001]	[[8, -7], [5, 11], [11, 11]]
"279558.d1"	279558	[1, -1, 0, -2367, 10377]	[[624, 15219], [66, 339], [-27, 246]]
"279564.a1"	279564	[0, -1, 0, -610, 6001]	[[16, 9], [14, 3], [15, 1]]
"279594.b1"	279594	[1, -1, 0, -51, 881]	[[16, 55], [-5, 34], [4, 25]]
"279616.i1"	279616	[0, 0, 0, -285356, -43729616]	[[8998/3, 699040/3], [600, 1028], [41206, 8363808]]
"279616.i2"	279616	[0, 0, 0, -100396, 11684400]	[[248, 1428], [86, 1920], [-362, 768]]
"279616.i3"	279616	[0, 0, 0, -99116, 12010544]	[[181, 17], [164, 408], [157, 565]]
"279616.i4"	279616	[0, 0, 0, 64084, 46225200]	[[-28, 6664], [788, 24208], [-283, 2329]]
"279669.c1"	279669	[0, 1, 1, -332, 980]	[[-2, 40], [25, 94], [16, 4]]
"279714.c1"	279714	[1, 0, 0, -1632, 36864]	[[24, 96], [0, 192], [-30, 258]]
"279746.a1"	279746	[1, 0, 1, -9415, 516010]	[[20, 569], [752, 20089], [-674/3, 25184/3]]
"279746.b1"	279746	[1, -1, 1, -699, 7467]	[[11, 26], [19, 18], [15, 6]]
"279756.a1"	279756	[0, 0, 0, -3072, 66980]	[[13, 171], [32, 38], [-44, 342]]
"279775.c1"	279775	[1, 0, 0, -568, 4977]	[[8, 27], [11, 4], [-27, 42]]
"279775.c2"	279775	[1, 0, 0, -93, -248]	[[11, 4], [12, 14], [-4, 10]]
"279803.a1"	279803	[0, 1, 1, -14, 102]	[[-5, 8], [12, 42], [-3/2, 81/2]]
"279804.a1"	279804	[0, -1, 0, -57, 306]	[[9, 21], [-5, 21], [2, 14]]
"279872.a1"	279872	[0, 1, 0, -897, 10111]	[[15, 16], [17, 8], [47, 272]]
"279873.b1"	279873	[0, 0, 1, -363, 5112]	[[11, 49], [0, 71], [-55/2, 689/2]]
"279918.d1"	279918	[1, -1, 0, 0, 972]	[[-9, -9], [18, 72], [9, 36]]
"279926.a1"	279926	[1, -1, 0, -370, 1492]	[[68, 502], [1, 33], [36, 166]]
"279979.a1"	279979	[1, -1, 1, -30567, 2057160]	[[472/3, 20128/3], [110, 74], [124, 340]]
"280009.a1"	280009	[1, -1, 1, -24, 42]	[[2, -2], [4, -2], [0, 6]]
"280059.a1"	280059	[0, -1, 1, 38, -288]	[[16, 64], [21/2, 39/2], [7, 16]]
"280095.a1"	280095	[1, 0, 0, -121, -10]	[[-7, 26], [11, -1], [-1, 11]]
"280128.b1"	280128	[0, -1, 0, -285089, 58682913]	[[313, 128], [-199, 10368], [368, 1863]]
"280230.c1"	280230	[1, 1, 0, -87, 729]	[[8, 21], [-12, 21], [-2, 31]]
"280256.a1"	280256	[0, 0, 0, -652, 7120]	[[42, 232], [-16, 116], [13, 29]]
"280315.a1"	280315	[1, 1, 1, -7830, 61050802]	[[-617/2, 61863/2], [152, 7886], [6268/3, 526522/3]]
"280324.a1"	280324	[0, 0, 0, -4, 169]	[[-4, 11], [7, 22], [18, 77]]
"280326.b1"	280326	[1, 1, 0, -269, 1569]	[[7, 6], [26, 101], [-12, 63]]
"280446.c1"	280446	[1, 0, 1, -1165, 1892]	[[-26, 134], [1, 26], [-35, 8]]
"280512.s1"	280512	[0, 0, 0, -14508, 672624]	[[70, 8], [54, 216], [69, 9]]
"280566.e1"	280566	[1, -1, 0, -1998, 14996]	[[68, 402], [5, 69], [44, 82]]
"280566.e2"	280566	[1, -1, 0, -1038, -12460]	[[-17, 1], [-19, 21], [236, 3466]]
"280675.a1"	280675	[0, 1, 1, -58, 194]	[[3, 7], [-2, 17], [8, 17]]
"280675.b1"	280675	[0, 0, 1, 9250, -57969]	[[675, 17712], [21, 381], [375/7, 39341/7]]
"280770.a1"	280770	[1, 1, 0, -368, 2388]	[[-1, 53], [14, 8], [34, 158]]
"280797.a1"	280797	[1, 1, 1, -130, 518]	[[6, -2], [7, 0], [2, 15]]
"280937.a1"	280937	[1, -1, 1, 0, -570]	[[40, 229], [141/4, 185/4], [26, 115]]
"280960.b1"	280960	[0, 1, 0, -265, 1863]	[[11, 20], [-9, 60], [7, 20]]
"281005.a1"	281005	[0, 0, 1, -847, 13320]	[[28, 107], [18, 62], [37/3, 2674/3]]
"281072.a1"	281072	[0, 0, 0, -1171, 15586]	[[25, 44], [3, 110], [9, 76]]
"281078.f1"	281078	[1, -1, 1, -102, -75]	[[-3, 15], [11, 1], [25, 99]]
"281078.h1"	281078	[1, 1, 1, -156314, 23721255]	[[225, -45], [259, 703], [5761/5, -6849/5]]
"281235.a1"	281235	[1, 1, 1, -36, 114]	[[4, 5], [1, 8], [-2, 14]]
"281241.a1"	281241	[1, -1, 1, -41, 420]	[[5, 15], [-4, 24], [14, 42]]
"281265.b1"	281265	[1, 1, 1, -6371, 193118]	[[47, -7], [-4, 469], [98, 673]]
"281424.a1"	281424	[0, -1, 0, -266672, 53121744]	[[412, 3608], [248, 1476], [280, 572]]
"281425.b1"	281425	[1, -1, 1, 20, -128]	[[4, 0], [14, 45], [5, 6]]
"281439.c1"	281439	[1, -1, 1, -260, 1676]	[[9, -2], [10, -8], [-15, 52]]
"281452.a1"	281452	[0, -1, 0, 3, 841]	[[7, 34], [-5, 26], [75, 646]]
"281498.b1"	281498	[1, 0, 1, -260, 2562]	[[17, 47], [10, 26], [1, 47]]
"281501.a1"	281501	[0, 0, 1, 5848, -16444]	[[833/2, 25587/2], [86, 1059], [326, 6044]]
"281561.a1"	281561	[0, -1, 1, -152, -660]	[[15, 14], [-27/2, 25/2], [-6, 0]]
"281561.d1"	281561	[1, 1, 0, -1974, 862669]	[[-44, 953], [-225/2, 7379/2], [388/3, 24457/3]]
"281632.b1"	281632	[0, -1, 0, -209, 1633]	[[17, 52], [-9, 52], [33, 172]]
"281654.a1"	281654	[1, -1, 1, -399, 13527]	[[-13, 134], [19, 102], [-29, 6]]
"281654.b1"	281654	[1, 1, 1, -6142, 182715]	[[45, -25], [53, 71], [397/3, -835/3]]
"281690.a1"	281690	[1, 0, 1, -54, -28]	[[-2, 9], [15, 43], [-5, 13]]
"281690.b1"	281690	[1, 0, 1, -51248, 4460478]	[[209, 1595], [124, 65], [1081/3, 3865/3]]
"281770.b1"	281770	[1, 0, 1, -2168, 33306]	[[-40, 257], [55, 257], [35, 7]]
"281796.a1"	281796	[0, -1, 0, -709, 7585]	[[7, 54], [16, 9], [15, 10]]
"281815.a1"	281815	[1, 1, 1, -15, 280]	[[-2, 18], [-7, 13], [13, 43]]
"281874.g1"	281874	[1, 1, 1, -634, 1031]	[[-7, 75], [29, 75], [1, 19]]
"281954.a1"	281954	[1, 1, 1, 411, 811]	[[7, 60], [-1, 20], [55, 412]]
"281974.a1"	281974	[1, 0, 1, -675, 6350]	[[19, 12], [30, 100], [8, 34]]
"282045.b1"	282045	[0, -1, 1, -1425, 21206]	[[30, 67], [20, 17], [345/4, 373/4]]
"282070.e1"	282070	[1, 0, 0, -461, 3985]	[[18, 31], [10, 15], [-2, 71]]
"282074.a1"	282074	[1, -1, 0, -769, 7309]	[[-17, 132], [22, 15], [9, 28]]
"282132.a1"	282132	[0, 0, 0, 3, 365]	[[13, 51], [-4, 17], [1/2, 153/2]]
"282140.a1"	282140	[0, -1, 0, -7156, 235400]	[[50, 10], [58, 110], [38, 130]]
"282166.a1"	282166	[1, 0, 0, -21589, 878409]	[[-92, 1491], [44, 97], [-116, 1409]]
"282166.a2"	282166	[1, 0, 0, -19869, 1076209]	[[80, -57], [114, 487], [303/2, 377/2]]
"282286.a1"	282286	[1, 0, 1, -29, 288]	[[2, 14], [39/2, 205/2], [6, 15]]
"282286.c1"	282286	[1, 0, 0, -107717, 14239681]	[[172, 813], [242, 1415], [462, 7715]]
"282286.c2"	282286	[1, 0, 0, 579003, 27524929]	[[1280, 52897], [-22, 3855], [49950, 11139923]]
"282303.a1"	282303	[0, 0, 1, -1221, 16422]	[[20, 1], [29, 73], [81/2, 3/2]]
"282305.a1"	282305	[0, 1, 1, 1174, -24920]	[[32, 215], [1421/2, 53871/2], [2579/11, 134022/11]]
"282348.b1"	282348	[0, 0, 0, -14151, 641950]	[[107, 594], [51, 230], [63, 22]]
"282348.b2"	282348	[0, 0, 0, -1596, -8399]	[[56, 279], [44, 81], [71, 486]]
"282362.a1"	282362	[1, 0, 1, -160, -530]	[[-7, 19], [-10, -5], [-95/3, 65/3]]
"282372.a1"	282372	[0, 1, 0, -772, 7364]	[[20, 18], [8, 42], [-16, 126]]
"282506.a1"	282506	[1, 0, 1, -4225, 168180]	[[-77, 234], [-28, 528], [35, 234]]
"282560.b1"	282560	[0, 0, 0, -292, 2176]	[[2, 40], [12, 20], [-18, 40]]
"282570.b1"	282570	[1, 0, 1, -964, 1862]	[[-5, 83], [31, 29], [76, 569]]
"282600.b1"	282600	[0, 0, 0, -900, 8100]	[[30, 90], [0, 90], [10, 10]]
"282626.a1"	282626	[1, 1, 0, -372, 5200]	[[27, 112], [-8/3, 2020/3], [-8, 92]]
"282680.a1"	282680	[0, 1, 0, -420, 4768]	[[6, 50], [-14, 90], [26, 110]]
"282706.a1"	282706	[1, 0, 1, -317, 2136]	[[11, -2], [-5, 62], [8, 7]]
"282709.a1"	282709	[0, 0, 1, -139, 630]	[[7, 0], [6, 3], [8, 5]]
"282717.a1"	282717	[1, -1, 1, -1109, 15094]	[[-14, 173], [23, 25], [319, 5501]]
"282758.b1"	282758	[1, 1, 0, -3174, 67456]	[[30, 4], [34, 0], [346/3, 1210/3]]
"282758.c1"	282758	[1, 1, 0, -1283, 589]	[[-10, 117], [-3, 68], [35, -8]]
"282777.a1"	282777	[0, -1, 1, 48, 362]	[[-3, 13], [24, 121], [51, 364]]
"282781.a1"	282781	[1, 1, 1, -269, 1602]	[[16, 33], [10, 1], [234/5, -108/5]]
"282791.a1"	282791	[1, 0, 0, -754, 7905]	[[13, 12], [17, 0], [8, 45]]
"282960.bd1"	282960	[0, 0, 0, -1227, 6154]	[[53, 300], [-7, 120], [-22, 150]]
"283082.b1"	283082	[1, 0, 1, -154, 720]	[[7, -3], [8, 0], [3, 15]]
"283099.a1"	283099	[0, 1, 1, -6, 24]	[[1, 4], [-1, 5], [3, 6]]
"283126.a1"	283126	[1, 0, 0, -429, 3409]	[[10, 7], [18, 31], [12, -1]]
"283135.a1"	283135	[0, 0, 1, 20563, 1272772]	[[107, 2167], [1552, 61412], [1873/2, 85251/2]]
"283156.a1"	283156	[0, 0, 0, -124, 529]	[[6, 1], [8, 7], [7, 2]]
"283248.g1"	283248	[0, 0, 0, -2379, 38666]	[[-11, 252], [73, 504], [10, 126]]
"283302.a1"	283302	[1, -1, 0, -558, 5184]	[[15, -3], [6, 42], [18, 18]]
"283480.a1"	283480	[0, -1, 0, -681, 6925]	[[9, 38], [13, 10], [3, 70]]
"283509.c1"	283509	[0, 0, 1, -918, 52670]	[[0, 229], [270, 4414], [52, 381]]
"283696.a1"	283696	[0, 1, 0, -64464, 5480596]	[[306, 3808], [-254, 2352], [194, 560]]
"283696.a2"	283696	[0, 1, 0, -16784, -755948]	[[-62, 224], [-76, 294], [1247, 43806]]
"283703.a1"	283703	[1, 0, 0, -18, 13]	[[-1, 6], [4, 1], [-4, 7]]
"283706.c1"	283706	[1, -1, 1, -561, 5217]	[[15, -4], [7, 36], [23, 52]]
"283725.f1"	283725	[1, -1, 1, -200, 1252]	[[4, 20], [-11, 50], [13, 20]]
"283776.k1"	283776	[0, 1, 0, -665, 5559]	[[7, 36], [19, 12], [25, 72]]
"283844.a1"	283844	[0, 1, 0, -397, 2991]	[[21, 66], [10, 11], [-23, 22]]
"283922.a1"	283922	[1, 0, 0, 73, 169]	[[-2, 5], [2, 17], [0, 13]]
"283932.a1"	283932	[0, 0, 0, -471, 3886]	[[11, 6], [-1, 66], [14, 6]]
"283949.a1"	283949	[1, -1, 1, -19, 22]	[[1, 1], [4, -2], [5, 3]]
"283998.b1"	283998	[1, 0, 1, -2900, 63182]	[[6, 211], [39, 79], [21, 97]]
"284074.b1"	284074	[1, 0, 1, -59, 138]	[[-1, 14], [6, 0], [-8, -7]]
"284088.a1"	284088	[0, -1, 0, -252, 1764]	[[0, 42], [14, 28], [28, 126]]
"284096.a1"	284096	[0, 0, 0, -196, -384]	[[-6, 24], [21, 69], [30, 144]]
"284096.a2"	284096	[0, 0, 0, 724, -2960]	[[6, 40], [54, 440], [102, 1064]]
"284113.a1"	284113	[1, 0, 0, -2425, 46366]	[[30, 14], [33, 34], [-57, 43]]
"284174.d1"	284174	[1, 0, 0, -19042, 1010244]	[[80, -18], [102, 312], [676/3, 922/3]]
"284230.a1"	284230	[1, 1, 0, -428, 3232]	[[11, -3], [12, -4], [8, 16]]
"284289.a1"	284289	[0, -1, 1, 46, -76]	[[2, 4], [11, 40], [6, 19]]
"284296.a1"	284296	[0, 1, 0, -148, 645]	[[6, 3], [7, 1], [15, 45]]
"284296.b1"	284296	[0, 0, 0, -3287, 72535]	[[33, 1], [298/3, 1/3], [153/2, 421/2]]
"284312.b1"	284312	[0, -1, 0, -673, 6389]	[[-5, 98], [44, 245], [19, 10]]
"284322.c1"	284322	[1, 0, 1, -220, 1190]	[[10, -1], [7, -1], [19, 53]]
"284424.a1"	284424	[0, -1, 0, -12, 1764]	[[18, 84], [4, 42], [-10, 28]]
"284586.d1"	284586	[1, 0, 0, -4860, 104976]	[[0, 324], [72, 324], [24, 36]]
"284687.a1"	284687	[1, -1, 1, -163, 380]	[[-10, 35], [0, 19], [-13, 19]]
"284711.a1"	284711	[1, 1, 1, 154, -1188]	[[136, 1531], [87/2, 823/2], [201/5, 2634/5]]
"284832.a1"	284832	[0, 0, 0, 756, 103456]	[[50, 516], [93, 989], [162, 2116]]
"284910.a1"	284910	[1, 1, 0, -1193, 15513]	[[44, 203], [19, 3], [-6, 153]]
"284936.a1"	284936	[0, 0, 0, 13, -290]	[[7, 12], [6, 2], [39, 244]]
"284944.d1"	284944	[0, -1, 0, -456, 4144]	[[10, 22], [-12, 88], [18, 38]]
"284990.a1"	284990	[1, -1, 1, -198, 597]	[[-7, 43], [13, 3], [3, 3]]
"285005.a1"	285005	[0, 0, 1, -607, 13212]	[[12, 87], [26, 122], [82, 717]]
"285050.a1"	285050	[1, 1, 0, -155, 925]	[[-10, 45], [6, 13], [-15, -5]]
"285175.f1"	285175	[1, 1, 1, -88, 3306]	[[45, 282], [5, 52], [100/3, 1514/3]]
"285216.b1"	285216	[0, -1, 0, -1617, 25569]	[[25, 12], [23, 4], [33, 84]]
"285236.a1"	285236	[0, 0, 0, -76, 289]	[[4, 7], [-10, 7], [11, 28]]
"285236.c1"	285236	[0, 1, 0, 8395, 413084]	[[143, 2135], [433/3, 26047/3], [185/8, 338611/8]]
"285260.a1"	285260	[0, 0, 0, -133, 757]	[[21, 85], [4, 17], [-13, 17]]
"285306.b1"	285306	[1, 1, 0, -114, -216]	[[-3, -9], [-10, 12], [11, -9]]
"285337.a1"	285337	[0, 0, 1, 35, 630]	[[-2, 23], [45, 305], [-15/2, 165/2]]
"285362.a1"	285362	[1, -1, 0, -11473, 503965]	[[77, 231], [154, 1463], [154/3, 14861/3]]
"285362.b1"	285362	[1, 1, 0, -160891, 24773945]	[[233, -57], [5944/5, 7393/5], [284, 1303]]
"285501.a1"	285501	[1, 1, 1, -25, 44]	[[3, 1], [4, 3], [-6, 7]]
"285552.b1"	285552	[0, 0, 0, -1659, 25994]	[[25, 12], [23, 2], [22, 12]]
"285560.a1"	285560	[0, 0, 0, -3388, 75988]	[[44, 110], [22, 110], [286/3, 550/3]]
"285590.a1"	285590	[1, 0, 1, -479, 3906]	[[3, 48], [11, -4], [-22, 73]]
"285621.a1"	285621	[0, -1, 1, -3642, 42230]	[[-51, 304], [210, 2914], [9, 100]]
"285621.g1"	285621	[1, 1, 1, -2514, 47466]	[[34, 35], [27, 0], [22, 47]]
"285621.g2"	285621	[1, 1, 1, -169, 566]	[[13, 21], [-8, 42], [10, -8]]
"285637.a1"	285637	[1, 0, 0, -185, 226]	[[19, 51], [-3, 29], [-45/2, 287/2]]
"285664.a1"	285664	[0, -1, 0, -7441, -34303]	[[-19, 316], [-43, 452], [-329/3, 11692/3]]
"285681.c1"	285681	[0, -1, 1, 565, 1352]	[[26, 181], [4, 60], [8, 79]]
"285754.a1"	285754	[1, 0, 1, -9293, 343992]	[[63, 66], [55, -22], [28, 311]]
"285760.j1"	285760	[0, -1, 0, -11361, 471265]	[[73, 160], [393, 7520], [529/3, 1504/3]]
"285877.a1"	285877	[0, 1, 1, -31, 287]	[[33, 190], [5/2, 123/2], [43/3, 431/3]]
"286023.a1"	286023	[0, -1, 1, -24, 20]	[[0, 4], [-3, 7], [6, 7]]
"286122.d1"	286122	[1, 1, 1, -1630, 24731]	[[17, 39], [25, 7], [23, -3]]
"286135.a1"	286135	[0, -1, 1, -90, 468]	[[4, 12], [9, 17], [-6, 27]]
"286139.a1"	286139	[0, 0, 1, -475, -2562]	[[-7, 20], [-17, 24], [-104/3, 991/3]]
"286144.b1"	286144	[0, 1, 0, -5849, 160615]	[[67, 272], [33, 68], [135, 1360]]
"286144.b2"	286144	[0, 1, 0, 4671, 684511]	[[-37, 680], [201, 3128], [-54, 527]]
"286154.a1"	286154	[1, 0, 1, -56, 426]	[[-7, 25], [4, 14], [59, 421]]
"286176.a1"	286176	[0, -1, 0, -82, 244]	[[10, 18], [-8, 18], [8, 6]]
"286180.b1"	286180	[0, -1, 0, -661, 6065]	[[-1, 82], [23, 50], [163, 2050]]
"286242.b1"	286242	[1, 1, 0, -2229, 39591]	[[27, -12], [25, 4], [47, 180]]
"286242.g1"	286242	[1, 1, 1, 33, 9477]	[[27, 162], [-17, 74], [-21, 2]]
"286258.e1"	286258	[1, 0, 1, -124, -150]	[[-3, 15], [-10, -6], [53, 351]]
"286308.a1"	286308	[0, 0, 0, -192, 1145]	[[8, 11], [-14, 33], [19, 66]]
"286330.d1"	286330	[1, 0, 1, -6243, -148342]	[[109, 630], [-28, 82], [-56, 190]]
"286330.d2"	286330	[1, 0, 1, -2063, 33906]	[[50, 212], [20, 17], [35, 52]]
"286341.b1"	286341	[1, 1, 1, -4153, 117158]	[[88, 621], [44, 126], [-22, 456]]
"286429.a1"	286429	[1, 0, 0, 2, 93]	[[4, 11], [17, 63], [-4, 7]]
"286480.a1"	286480	[0, 0, 0, -307, -206]	[[-7, 40], [33, 160], [23, 70]]
"286536.a1"	286536	[0, -1, 0, -172, 964]	[[4, 18], [10, 12], [8, 6]]
"286540.a1"	286540	[0, 1, 0, -45, 268]	[[1, 15], [-9, 5], [-4, 20]]
"286569.c1"	286569	[1, -1, 1, -464, 3584]	[[33, 136], [-18, 85], [16, 0]]
"286592.a1"	286592	[0, -1, 0, -233, 1465]	[[9, 4], [5, 20], [-7, 52]]
"286778.a1"	286778	[1, -1, 0, -24674, -1641596]	[[1731, 70829], [616, 14410], [4648/3, 292666/3]]
"286784.a1"	286784	[0, 1, 0, -177, 751]	[[3, 16], [11, 16], [5, 4]]
"286784.f1"	286784	[0, 1, 0, -641, 5983]	[[19, 32], [3, 64], [9, 32]]
"286857.b1"	286857	[1, -1, 1, -599, 5802]	[[14, -3], [17, 9], [5, 51]]
"286862.a1"	286862	[1, -1, 0, 10, 32]	[[-2, 0], [-1, 5], [1, 6]]
"286941.a1"	286941	[1, 1, 1, 1, 26]	[[-1, 5], [-2, 5], [7, 17]]
"286995.a1"	286995	[0, -1, 1, -29000, 1904258]	[[89, 142], [127, 503], [5216/7, 37591/7]]
"287007.b1"	287007	[1, 1, 1, -1971, 21750]	[[54, 249], [40, 74], [244/5, 6793/5]]
"287014.d1"	287014	[1, 0, 1, -52865, 291060]	[[234, 747], [-13, 994], [-32, 1412]]
"287014.d2"	287014	[1, 0, 1, -37510, 2793012]	[[112, -60], [111, -69], [110, -24]]
"287034.a1"	287034	[1, 1, 1, -187, 1865]	[[5, 30], [27, 118], [-17, 30]]
"287136.a1"	287136	[0, 0, 0, -9, 64]	[[5, 12], [-4, 6], [-3, 8]]
"287230.a1"	287230	[1, 0, 1, 7, 408]	[[-6, 15], [-1, 20], [4, 20]]
"287254.g1"	287254	[1, -1, 1, -94161, 11201985]	[[135, 900], [-41, 3892], [201, 504]]
"287343.c1"	287343	[0, 0, 1, -24, 7]	[[-5, 1], [7, 13], [5, 3]]
"287360.c1"	287360	[0, 1, 0, -665, 6775]	[[15, 20], [-5, 100], [10, 35]]
"287472.a1"	287472	[0, -1, 0, -2152, 174784]	[[-36, 452], [-98/3, 11978/3], [3153/4, 173681/4]]
"287482.b1"	287482	[1, -1, 1, -2772, 57015]	[[5, 205], [31, -3], [29, 5]]
"287605.a1"	287605	[1, -1, 1, -5982, 193206]	[[81, 444], [41, 104], [244/3, 5683/3]]
"287644.a1"	287644	[0, -1, 0, -50, 1]	[[-6, 7], [8, 7], [-4, 11]]
"287690.a1"	287690	[1, -1, 0, -1144, 16900]	[[26, 52], [16, 42], [-34, 142]]
"287702.b1"	287702	[1, 0, 0, -102, 484]	[[4, 10], [12, 26], [8, 10]]
"287707.a1"	287707	[0, 1, 1, -50, 210]	[[5, 10], [-2, 17], [-9, 3]]
"287775.a1"	287775	[0, 0, 1, 45, 506]	[[0, 22], [15, 67], [6, 31]]
"287838.f1"	287838	[1, -1, 1, -2462, 47405]	[[33, 19], [27, -5], [15, 109]]
"287850.a1"	287850	[1, 1, 0, -12500, -487500]	[[-70, 260], [146, 836], [-56, 230]]
"287850.a2"	287850	[1, 1, 0, -3000, 54000]	[[20, 40], [45, 90], [120, 1140]]
"287866.a1"	287866	[1, -1, 0, 11, 69]	[[-2, 7], [6, 15], [-3, 3]]
"287870.a1"	287870	[1, -1, 0, -4, 3028]	[[42, 254], [-13, 34], [17, 79]]
"287870.c1"	287870	[1, 1, 0, -3393, 74677]	[[34, -9], [298/3, -491/3], [27, 47]]
"287872.a1"	287872	[0, 0, 0, -244, 1264]	[[18, 52], [-8, 52], [5, 13]]
"287891.a1"	287891	[1, -1, 0, -916, 10903]	[[18, -7], [71/2, -73/2], [67/2, -11/2]]
"287913.a1"	287913	[1, 1, 0, -756, 7695]	[[18, 9], [63/2, -45/2], [-18, 135]]
"287937.b1"	287937	[1, -1, 1, -104072, 12940710]	[[156, 617], [182, -33], [200, 210]]
"287937.b2"	287937	[1, -1, 1, -5207, 285990]	[[65, 435], [78, 552], [-78, 500]]
"287958.a1"	287958	[1, 1, 0, -47, 225]	[[4, 9], [-7, 20], [26, 119]]
"288054.a1"	288054	[1, -1, 0, -1971, 34101]	[[30, 21], [27, -9], [-18, 261]]
"288086.a1"	288086	[1, 0, 0, -3552, 295936]	[[32, 448], [960, 29216], [90, 796]]
"288110.c1"	288110	[1, -1, 1, -303, 2487]	[[3, 38], [11, 14], [13, 18]]
"288144.c1"	288144	[0, 0, 0, -3459, -15406]	[[131, 1334], [-53, 138], [85, 552]]
"288211.a1"	288211	[0, -1, 1, -54, 156]	[[6, 3], [-8, 3], [13, 38]]
"288331.a1"	288331	[1, -1, 1, -78, 240]	[[0, 15], [31/2, 27/2], [31/3, 2/3]]
"288355.a1"	288355	[0, 1, 1, -1851, 30180]	[[30, 50], [24, 12], [26, 17]]
"288364.a1"	288364	[0, 1, 0, -1957, 32679]	[[25, 2], [29, 34], [101/2, 7/2]]
"288446.a1"	288446	[1, 1, 0, -37, 65]	[[2, 1], [4, -1], [1, 5]]
"288513.a1"	288513	[0, 0, 1, -1029, 12762]	[[17, 13], [20, 13], [-10, 148]]
"288515.a1"	288515	[1, -1, 1, -973, 11922]	[[18, -7], [3, 93], [60, 378]]
"288520.a1"	288520	[0, 0, 0, -652, 6196]	[[22, 50], [12, 10], [17, 5]]
"288522.a1"	288522	[1, -1, 0, -24, 404]	[[-5, 22], [8, 22], [34, 178]]
"288612.a1"	288612	[0, 0, 0, -237, -155]	[[-13, 27], [-4, 27], [-1, 9]]
"288695.a1"	288695	[1, 0, 0, -365, -1400]	[[25, 60], [40, 200], [95, 860]]
"288695.a2"	288695	[1, 0, 0, 1230, -10013]	[[14, 93], [39, 293], [9, 38]]
"288743.a1"	288743	[1, -1, 1, -10194, 415962]	[[57, 104], [95/2, 3359/2], [646/3, 5069/3]]
"288840.b1"	288840	[0, -1, 0, -265, 6637]	[[-11, 90], [4, 75], [29, 150]]
"288896.b1"	288896	[0, 1, 0, -23, 49]	[[3, 4], [-3, 10], [-5, 8]]
"288896.e1"	288896	[0, 0, 0, 118, -1260]	[[11, 37], [8, 14], [136/3, 1702/3]]
"288898.b1"	288898	[1, -1, 1, -10761, 435465]	[[175, 1884], [39, 252], [63, 36]]
"288912.n1"	288912	[0, 1, 0, -8640, 317844]	[[36, 234], [54, 108], [-81, 702]]
"288926.f1"	288926	[1, 1, 1, -339, 6865]	[[-5, 94], [41, 232], [107, 1046]]
"289014.h1"	289014	[1, 1, 1, -11112, 506217]	[[9, 633], [-107, 749], [1285, 45293]]
"289038.a1"	289038	[1, 1, 0, -1156, 14656]	[[19, -8], [20, -4], [25, 34]]
"289081.b1"	289081	[1, 0, 0, 171, 1870]	[[-7, 22], [-2, 40], [83/2, 879/2]]
"289091.a1"	289091	[0, 1, 1, -2777, 55440]	[[28, 20], [-54, 225], [489/4, 419/4]]
"289152.a1"	289152	[0, 0, 0, -282, 2500]	[[11, 27], [-16, 54], [38, 216]]
"289184.a1"	289184	[0, 1, 0, -82, 276]	[[8, 14], [1, 14], [5, 4]]
"289219.a1"	289219	[0, 0, 1, -2351, 44082]	[[-39, 276], [40, 118], [31, 31]]
"289314.b1"	289314	[1, -1, 1, -2309, 43517]	[[27, 4], [39, 88], [21, 52]]
"289316.a1"	289316	[0, 1, 0, -102, 361]	[[6, 1], [5, 1], [8, 11]]
"289353.a1"	289353	[1, 0, 0, 34, 399]	[[-2, 19], [7, 28], [-5, 13]]
"289398.l1"	289398	[1, 1, 1, -3779, 94241]	[[3, 286], [67, 350], [-61, 350]]
"289405.a1"	289405	[0, -1, 1, -51, 156]	[[4, 0], [6, 5], [-6, 14]]
"289513.c1"	289513	[0, -1, 1, -12845, 564642]	[[80, 206], [1646/5, 144/5], [1049/4, 171/4]]
"289528.a1"	289528	[0, 0, 0, 41, 106]	[[-1, 8], [3, 16], [-2, 4]]
"289552.a1"	289552	[0, 0, 0, -55, 118]	[[1, 8], [-3, 16], [2, 4]]
"289552.d1"	289552	[0, -1, 0, -44, -32]	[[-4, 8], [8, 8], [12, 32]]
"289554.g1"	289554	[1, 1, 1, -82, 2015]	[[-7, 51], [5, 39], [25, 115]]
"289600.a1"	289600	[0, 0, 0, -4300, 118000]	[[-10, 400], [70, 400], [20, 200]]
"289668.a1"	289668	[0, -1, 0, -322, 8521]	[[-6, 101], [196, 2727], [34, 189]]
"289746.a1"	289746	[1, -1, 0, -918, 10984]	[[14, 20], [20, 8], [50, 272]]
"289788.h1"	289788	[0, 1, 0, -1137, 14184]	[[15, 27], [21, 3], [24, 36]]
"289794.b1"	289794	[1, 1, 1, -55, 1421]	[[11, 42], [-13, -6], [-5, 42]]
"289814.a1"	289814	[1, -1, 0, -448, 784]	[[28, 84], [0, 28], [21, 7]]
"289825.a1"	289825	[1, 1, 1, -463, 3906]	[[15, 17], [-10, 92], [-25, 37]]
"289858.a1"	289858	[1, 0, 0, 3406, -95612]	[[28, 134], [176, 2354], [1508, 57854]]
"289858.b1"	289858	[1, -1, 1, -106, 457]	[[5, 3], [7, 1], [13, 27]]
"289872.a1"	289872	[0, 0, 0, -147, 290]	[[1, 12], [13, 24], [-11, 24]]
"289886.a1"	289886	[1, 0, 1, -16, 42]	[[3, 3], [-3, 9], [2, 3]]
"289970.a1"	289970	[1, 1, 0, -34103, 2477653]	[[611, 14193], [69, 643], [-138, 2209]]
"290038.a1"	290038	[1, 0, 1, 20, 60]	[[-2, 4], [12, 39], [4, 12]]
"290038.b1"	290038	[1, 0, 0, -6787, 215361]	[[46, 9], [110, 841], [-18, 585]]
"290046.j1"	290046	[1, 0, 0, -5580, 156816]	[[36, 36], [72, 324], [-72, 468]]
"290058.c1"	290058	[1, 0, 1, -798, 10012]	[[14, 33], [-13, 141], [23, 51]]
"290139.b1"	290139	[1, 1, 0, 17, 4]	[[0, 2], [12, 40], [15/2, 79/2]]
"290150.d1"	290150	[1, 0, 1, -2026, 33948]	[[-3, 201], [37, 81], [21, 17]]
"290168.a1"	290168	[0, 1, 0, 36703, 727171]	[[1, 874], [153, 3154], [9615, 943046]]
"290207.a1"	290207	[0, 1, 1, -409, -1483]	[[-5, 21], [-11, 42], [23, 42]]
"290222.a1"	290222	[1, -1, 0, -15556, 750556]	[[70, -4], [754/3, 3550/3], [39, 430]]
"290225.a1"	290225	[0, 0, 1, -76675, 8513406]	[[185, 812], [55, 2112], [224, 1605]]
"290232.a1"	290232	[0, 0, 0, -1092, 13700]	[[16, 18], [22, 18], [34, 126]]
"290292.c1"	290292	[0, 1, 0, -2012, 33924]	[[28, 18], [16, 78], [40, 138]]
"290354.a1"	290354	[1, 0, 0, -519, 4489]	[[14, -3], [6, 37], [12, -1]]
"290412.a1"	290412	[0, 0, 0, -1647, 25110]	[[27, 18], [-9, 198], [63, 414]]
"290414.a1"	290414	[1, 1, 1, -199, 957]	[[11, 10], [3, 18], [9, -6]]
"290424.a1"	290424	[0, -1, 0, -129, 549]	[[9, 6], [-3, 30], [5, 2]]
"290475.a1"	290475	[1, -1, 1, -5, 2022]	[[-1, 45], [14, 60], [8, 45]]
"290496.b1"	290496	[0, -1, 0, -1969, 34225]	[[7, 144], [27, 4], [23, 24]]
"290496.b2"	290496	[0, -1, 0, -1249, 58849]	[[-15, 272], [40, 267], [49, 336]]
"290532.a1"	290532	[0, -1, 0, -6557, -144759]	[[-29, 142], [184, 2201], [539, 12354]]
"290592.b1"	290592	[0, 0, 0, -201, 2036]	[[-11, 54], [16, 54], [43, 270]]
"290594.e1"	290594	[1, 0, 0, -50, 196]	[[4, 6], [0, 14], [8, 14]]
"290594.f1"	290594	[1, 0, 0, -145188, 21289744]	[[216, 28], [224, 28], [-24, 4988]]
"290594.f2"	290594	[1, 0, 0, 105692, 84246288]	[[-156, 8076], [526, 16632], [19016/7, 4582948/7]]
"290602.a1"	290602	[1, -1, 0, 182, -524]	[[20, 94], [4, 14], [59, 432]]
"290602.b1"	290602	[1, 1, 0, -13591, 605861]	[[110, 621], [58, 101], [1253/4, 8479/4]]
"290697.a1"	290697	[0, 1, 1, 36, 20918]	[[9, 148], [63, 526], [42, 313]]
"290785.a1"	290785	[0, -1, 1, -76, -68]	[[-7, 8], [10, 8], [-11/2, 81/2]]
"290870.b1"	290870	[1, 0, 1, -2543, -19194]	[[60, 182], [-25, 182], [-40, 157]]
"290870.b2"	290870	[1, 0, 1, -1363, 19038]	[[19, 0], [24, 5], [39, 140]]
"290874.b1"	290874	[1, 1, 1, -1224, 2121]	[[37, 77], [-27, 141], [-35, 77]]
"290909.a1"	290909	[1, 0, 0, -67, 204]	[[5, -2], [4, 0], [7, 6]]
"290909.b1"	290909	[1, 0, 0, -29270, 588463]	[[203, 1637], [-2547/4, 75793/4], [751/2, 9741/2]]
"290954.a1"	290954	[1, 0, 0, -64925, 6362161]	[[162, 239], [146, -97], [1330/3, -2507/3]]
"291130.a1"	291130	[1, -1, 0, -565, 5281]	[[8, 31], [22, 45], [67/2, 73/2]]
"291182.a1"	291182	[1, -1, 0, -382, 4900]	[[-16, 90], [312, 5338], [44, 246]]
"291245.b1"	291245	[1, -1, 1, 438, -876]	[[12, 71], [2, 1], [32, 196]]
"291280.a1"	291280	[0, 1, 0, 384, 2740]	[[26, 176], [-6, 16], [59, 484]]
"291280.c1"	291280	[0, 1, 0, -5560, 198900]	[[-20, 550], [-70, 500], [370/3, 5500/3]]
"291290.b1"	291290	[1, 1, 0, -97, -91]	[[-2, 11], [-7, 21], [13, 26]]
"291335.c1"	291335	[0, -1, 1, -951, 11571]	[[9, 60], [31, 104], [21, 20]]
"291365.a1"	291365	[0, 1, 1, -1430, 20334]	[[21, 2], [26, 37], [51, 287]]
"291365.c1"	291365	[0, 0, 1, -128, 259]	[[-7, 28], [31, 161], [13/3, 224/3]]
"291418.a1"	291418	[1, 0, 1, -75, 230]	[[3, 4], [7, 4], [4, -2]]
"291444.c1"	291444	[0, 1, 0, -237, 36]	[[-3, 27], [15, 9], [33, 171]]
"291447.b1"	291447	[0, 0, 1, -29943, 1993530]	[[149, 916], [32, 1033], [-133, 1903]]
"291488.c1"	291488	[0, 0, 0, 52, 256]	[[-2, 12], [6, 28], [16, 72]]
"291497.a1"	291497	[0, 0, 1, 56, -55]	[[15, 64], [17/2, 125/2], [11, 43]]
"291573.e1"	291573	[1, -1, 0, -177, -532]	[[-8, 22], [28, 112], [-4, 12]]
"291624.e1"	291624	[0, 1, 0, -212, 1344]	[[10, 18], [4, 24], [-2, 42]]
"291648.e1"	291648	[0, -1, 0, -5665, 164641]	[[33, 112], [49, 48], [40, 21]]
"291648.e2"	291648	[0, -1, 0, -625, -1679]	[[-5, 36], [-9, 56], [-15, 64]]
"291677.a1"	291677	[0, 1, 1, -39, 78]	[[4, 1], [2, 3], [8, 18]]
"291822.a1"	291822	[1, 0, 1, -180, 1342]	[[11, 21], [2, 30], [-16, -6]]
"291912.d1"	291912	[0, 1, 0, -372, 2304]	[[6, 18], [18, 42], [-12, 72]]
"291924.a1"	291924	[0, 0, 0, -549, -1611]	[[-9, 51], [195, 2703], [36, 159]]
"291937.a1"	291937	[1, 1, 1, -29, 42]	[[1, 3], [4, 1], [6, 8]]
"291958.d1"	291958	[1, 0, 0, 41195, -9066399]	[[210, 2871], [1202, 41559], [2194, 102071]]
"291974.a1"	291974	[1, 0, 0, -181, 417]	[[2, 7], [-14, 23], [-6, 39]]
"292019.d1"	292019	[0, 1, 1, -343, 2333]	[[11, 3], [9, 7], [23, 84]]
"292046.a1"	292046	[1, 0, 1, -157, 744]	[[7, -6], [8, 0], [6, 2]]
"292064.a1"	292064	[0, 1, 0, -30, 64]	[[2, 4], [0, 8], [5, 8]]
"292089.a1"	292089	[0, -1, 1, -11090, 453242]	[[68, 94], [54, 94], [63, 25]]
"292116.a1"	292116	[0, -1, 0, -285, 1926]	[[3, 33], [9, 3], [45/2, 33/2]]
"292130.c1"	292130	[1, 0, 1, -238, 4788]	[[4, 60], [-21, 35], [54, 360]]
"292158.d1"	292158	[1, -1, 1, -17129, 866089]	[[79, -4], [103, 380], [71, 28]]
"292210.b1"	292210	[1, 1, 0, -132, 364]	[[-2, 26], [3, 1], [-12, 26]]
"292210.c1"	292210	[1, 1, 0, -28042, 1795796]	[[100, 14], [97, -61], [95, -26]]
"292378.b1"	292378	[1, 0, 1, 1, 198]	[[2, 13], [31, 158], [-1, 14]]
"292421.a1"	292421	[0, 1, 1, -9222, 337812]	[[213/2, 187/2], [55, 1], [1379/5, 33/5]]
"292442.a1"	292442	[1, -1, 0, 34, 276]	[[-4, 10], [12, 42], [17, 66]]
"292446.c1"	292446	[1, -1, 0, -3186, 75816]	[[45, 126], [34, 60], [12, 192]]
"292464.b1"	292464	[0, 0, 0, -579, 5506]	[[17, 24], [-7, 96], [9, 32]]
"292485.a1"	292485	[0, -1, 1, -186, 1046]	[[8, 2], [3, 22], [9, 4]]
"292622.a1"	292622	[1, 0, 1, -73, 320112]	[[91, 988], [561, 13020], [-5, 568]]
"292622.d1"	292622	[1, 0, 1, -2201, 55932]	[[20, 131], [27, 114], [-349/5, 37034/5]]
"292677.a1"	292677	[0, -1, 1, -1094, 60164]	[[-37, 220], [-23, 269], [26, 220]]
"292705.a1"	292705	[1, 0, 0, -231, -1130]	[[-7, 16], [43, 241], [18, 16]]
"292760.a1"	292760	[0, -1, 0, -796, 8996]	[[20, 26], [16, 10], [-4, 110]]
"292774.a1"	292774	[1, 1, 0, -173239, 27608981]	[[190, 1169], [203, 825], [94, 3441]]
"292782.h1"	292782	[1, 1, 1, -1875, 5841]	[[-29, 206], [-13, 174], [99, 846]]
"292829.a1"	292829	[1, 0, 0, -283, 1828]	[[-3, 53], [76/3, 92/3], [471/7, -155/7]]
"292845.a1"	292845	[0, -1, 1, -56, 362]	[[-4, 22], [5, 13], [-9, 7]]
"292845.b1"	292845	[0, -1, 1, -6606, 233462]	[[396, 7717], [53, 171], [-45, 661]]
"292870.a1"	292870	[1, -1, 0, -65, 205]	[[6, -1], [-2, 19], [7, 4]]
"292870.d1"	292870	[1, -1, 1, -3912, 92811]	[[-19, 409], [31, 9], [21, 129]]
"292878.d1"	292878	[1, -1, 1, -37436, 2804991]	[[149, 645], [117, 69], [101, 165]]
"293002.a1"	293002	[1, 1, 0, -65, 289]	[[-7, 25], [36, 197], [15/2, 71/2]]
"293019.a1"	293019	[1, 0, 0, -317, -546]	[[-11, 46], [-2, 10], [70, 532]]
"293042.a1"	293042	[1, 0, 1, -125, 600]	[[3, 14], [-13, 14], [19, 62]]
"293049.b1"	293049	[1, -1, 1, -35, -56]	[[-2, 2], [-4, 4], [8, 7]]
"293070.d1"	293070	[1, 1, 0, -1702, 21124]	[[88, 706], [13, 31], [-37, 206]]
"293073.a1"	293073	[0, 1, 1, -4070, 98840]	[[40, 40], [-41, 445], [58, 247]]
"293128.b1"	293128	[0, 1, 0, -649, 6171]	[[11, 22], [15, 6], [55, 374]]
"293184.c1"	293184	[0, 0, 0, -252, 1360]	[[14, 24], [6, 8], [38, 216]]
"293359.a1"	293359	[0, 1, 1, -1702, 24362]	[[82, 665], [-39, 181], [16, 38]]
"293379.b1"	293379	[0, 1, 1, -1154, 21566]	[[22, 85], [-83/2, 1535/2], [13, 94]]
"293393.a1"	293393	[1, 0, 0, -5, 26]	[[2, 4], [-1, 6], [5, 9]]
"293419.b1"	293419	[1, 0, 0, -874, 9873]	[[16, -1], [17, -8], [72, 531]]
"293458.a1"	293458	[1, -1, 0, -163, 805]	[[2, 21], [6, 1], [10, 5]]
"293475.a1"	293475	[0, -1, 1, -658, 7068]	[[42, 227], [7, 52], [22, 52]]
"293583.a1"	293583	[1, 1, 1, -632, 5852]	[[14, -8], [15, -2], [20, 31]]
"293604.a1"	293604	[0, -1, 0, -4525, 118681]	[[39, 2], [43, 42], [51, 134]]
"293618.b1"	293618	[1, 0, 0, -245, 1441]	[[10, -1], [6, 11], [8, -7]]
"293700.a1"	293700	[0, -1, 0, -1628, 11352]	[[2, 90], [38, 54], [-34, 162]]
"293700.a2"	293700	[0, -1, 0, -1353, 19602]	[[27, 45], [21, 3], [23, 11]]
"293733.a1"	293733	[0, 0, 1, -4557, 148576]	[[1, 379], [139, 1483], [397, 7804]]
"293799.a1"	293799	[0, 1, 1, -23490, 1379450]	[[0, 1174], [90, 49], [87, 43]]
"293898.m1"	293898	[1, 1, 1, -59802, -617433]	[[297, 2667], [-231, 1083], [1705, 68843]]
"293898.n1"	293898	[1, 1, 1, -1057, 12767]	[[23, 24], [15, 16], [19, -8]]
"293918.a1"	293918	[1, 0, 1, 0, 590]	[[-7, 19], [25, 115], [57, 403]]
"293919.a1"	293919	[1, 1, 1, -9, 132]	[[4, 11], [-5, 11], [-6, 6]]
"293919.b1"	293919	[1, 1, 1, -2093, 35984]	[[27, -5], [26, -14], [62, 355]]
"293934.a1"	293934	[1, 1, 0, -139, 589]	[[10, 13], [6, 1], [7, 1]]
"293984.a1"	293984	[0, 1, 0, -58, 156]	[[4, 2], [5, 4], [1, 10]]
"294042.a1"	294042	[1, 0, 1, -8732, 316874]	[[48, 70], [237, 3283], [69, 175]]
"294087.a1"	294087	[0, -1, 1, -566, 5360]	[[20, 40], [-7, 94], [53/2, 23/2]]
"294099.b1"	294099	[0, -1, 1, -117, 20]	[[18, 58], [0, 4], [44, 279]]
"294112.a1"	294112	[0, 0, 0, -4252, 107200]	[[42, 52], [29, 91], [68, 364]]
"294168.a1"	294168	[0, -1, 0, -18772, 997441]	[[60, 289], [-8, 1071], [196, 2193]]
"294302.a1"	294302	[1, -1, 0, -5, 149]	[[2, 11], [10, 27], [7, 17]]
"294320.c1"	294320	[0, -1, 0, -6776, 216976]	[[50, 26], [48, 4], [56, 100]]
"294331.b1"	294331	[0, 0, 1, -578, 5627]	[[-9, 100], [125, 1373], [11, 24]]
"294335.a1"	294335	[0, -1, 1, -354620, 81073806]	[[-160, 11562], [210, 3977], [-435, 12362]]
"294351.a1"	294351	[1, 0, 0, -21699, -1047492]	[[-63, 297], [291, 4014], [173, 533]]
"294438.c1"	294438	[1, 0, 1, -1175, -4678]	[[87, 700], [-9, 76], [39, 76]]
"294456.b1"	294456	[0, -1, 0, -76, 4]	[[-2, 12], [-8, 6], [0, 2]]
"294491.a1"	294491	[0, -1, 1, -1830, 31680]	[[6, 144], [40, 144], [385/4, 1991/4]]
"294514.h1"	294514	[1, 0, 0, -1515, 18481]	[[-34, 193], [10, 61], [32, 39]]
"294653.a1"	294653	[0, 0, 1, -23, 132]	[[0, 11], [3, 9], [-23/2, 65/2]]
"294653.c1"	294653	[0, 1, 1, -221827, 54507332]	[[4637/2, 294649/2], [-94, 8633], [1556, 58983]]
"294653.c2"	294653	[0, 1, 1, 21513, -913353]	[[405/2, 12163/2], [61, 793], [773/2, 25917/2]]
"294654.b1"	294654	[1, 0, 1, -2510, 47900]	[[24, 28], [33, 19], [27, -11]]
"294681.a1"	294681	[0, -1, 1, -213, 1271]	[[9, 1], [3, 25], [45/2, 101/2]]
"294754.a1"	294754	[1, -1, 1, -99, 387]	[[7, -2], [5, -4], [-1, 22]]
"294822.b1"	294822	[1, -1, 0, -213, -415]	[[-8, 31], [-5, 25], [20, 45]]
"294822.b2"	294822	[1, -1, 0, 777, -3781]	[[25, 163], [61, 487], [11, 72]]
"294835.a1"	294835	[1, 0, 0, -705, 7852]	[[19, 28], [44, 228], [-31, 3]]
"294977.a1"	294977	[1, 0, 0, -148, -705]	[[-7, 4], [-29/2, 31/2], [14, -3]]
"295190.a1"	295190	[1, -1, 0, -715, 11125]	[[26, 85], [-30, 85], [75, 575]]
"295222.b1"	295222	[1, -1, 0, -75914, -7997226]	[[-163, -80], [-633/2, 2115/2], [6131/2, 465449/2]]
"295222.b2"	295222	[1, -1, 0, -7324, 27804]	[[122, 908], [-68, 490], [-87, 72]]
"295262.a1"	295262	[1, -1, 0, -106, 136]	[[1, 5], [-10, 16], [34, 170]]
"295607.a1"	295607	[0, 0, 1, -49, 162]	[[5, 6], [-8, 6], [18, 71]]
"295646.b1"	295646	[1, 0, 0, -15312, 729376]	[[-106, 1132], [60, 136], [1204/3, 26248/3]]
"295670.c1"	295670	[1, -1, 1, -1182, 20781]	[[41, 179], [-39, 99], [21, 59]]
"295678.a1"	295678	[1, 1, 0, -5481, 153925]	[[42, -17], [18, 239], [58, 159]]
"295809.a1"	295809	[1, 0, 0, -29, -42]	[[-2, 4], [-3, 6], [6, 0]]
"295874.b1"	295874	[1, -1, 1, -234, 1449]	[[9, -1], [13, 15], [7, 7]]
"295887.a1"	295887	[0, -1, 1, -350, 4244]	[[44, 268], [8, 43], [26/5, 7724/5]]
"295895.a1"	295895	[0, 1, 1, -96, -264]	[[-6, 11], [17, 57], [-77/3, 44/3]]
"295922.a1"	295922	[1, -1, 1, -159, 1287]	[[7, 18], [-15, -4], [51, 326]]
"295975.a1"	295975	[1, 1, 0, -2000, 34375]	[[50, 225], [30, 35], [95/2, 155/2]]
"296002.b1"	296002	[1, 0, 0, -249, 1273]	[[-2, 43], [26, 99], [12, 1]]
"296142.a1"	296142	[1, 1, 0, -941, -10965]	[[-19, 32], [35, 5], [-15, 0]]
"296142.a2"	296142	[1, 1, 0, -171, 585]	[[3, 9], [21, 72], [-4, 37]]
"296195.a1"	296195	[0, -1, 1, -540, 6018]	[[4, 62], [-21, 87], [-11, 102]]
"296443.a1"	296443	[0, 1, 1, 6, -24]	[[2, 0], [3, 5], [5, 12]]
"296463.c1"	296463	[0, -1, 1, -295, -1773]	[[-9, 8], [25, 76], [93, 875]]
"296564.a1"	296564	[0, -1, 0, -49, 674]	[[29, 151], [-35/2, 151/2], [-41/3, 755/3]]
"296635.a1"	296635	[1, 0, 0, -70, 687]	[[-11, -7], [14, 43], [-6, 33]]
"296714.a1"	296714	[1, -1, 0, -4, 124]	[[-2, 12], [9, 23], [20, 78]]
"296744.a1"	296744	[0, 0, 0, -196, 196]	[[0, 14], [14, 14], [-7, 35]]
"296786.a1"	296786	[1, -1, 0, -2716, 58048]	[[-1, 247], [-52, 264], [28, 44]]
"296864.a1"	296864	[0, -1, 0, -16845, 847141]	[[75, 4], [301/2, 1/2], [1209/4, 283/4]]
"296942.c1"	296942	[1, -1, 1, -1056, 13251]	[[13, 33], [29, 65], [-3, 129]]
"297012.c1"	297012	[0, 1, 0, -1545, 22824]	[[21, 9], [3, 135], [27, 39]]
"297018.d1"	297018	[1, -1, 1, -3872, 94915]	[[37, 17], [61, 257], [-35, 449]]
"297041.a1"	297041	[0, -1, 1, -629, 1806]	[[-12, 86], [238/3, 1457/3], [-646/5, 1408/5]]
"297159.b1"	297159	[1, 0, 0, 17, 38]	[[-1, 5], [2, 8], [26, 122]]
"297185.a1"	297185	[0, -1, 1, -506, -3144]	[[-9, 24], [33, 122], [-16, 24]]
"297192.h1"	297192	[0, 1, 0, -4060, 103184]	[[-10, 378], [32, 84], [74, 462]]
"297230.a1"	297230	[1, 0, 1, -733, 8868]	[[-11, 130], [14, 30], [4, 75]]
"297246.a1"	297246	[1, 1, 0, -49, -59]	[[-2, 7], [10, 19], [-6, 11]]
"297282.g1"	297282	[1, 0, 0, -1375, 33881]	[[-10, 221], [44, 221], [14, 125]]
"297294.a1"	297294	[1, 0, 1, -607, -4174]	[[-17, 44], [-8, 17], [-9, 28]]
"297311.a1"	297311	[1, -1, 1, -144, 1482]	[[-14, 31], [7, 24], [0, 38]]
"297399.b1"	297399	[0, 1, 1, -3570, 80840]	[[30, 40], [57, 256], [-51, 364]]
"297466.h1"	297466	[1, 0, 0, -7449, -247247]	[[-48, 7], [-52, 39], [104, 273]]
"297466.h2"	297466	[1, 0, 0, -689, 169]	[[0, 13], [52, 299], [30, 67]]
"297490.c1"	297490	[1, 1, 0, -287, 69829]	[[-37, 196], [22/3, 7067/3], [-42, 121]]
"297522.c1"	297522	[1, -1, 1, -2264, 39899]	[[21, 25], [-3, 217], [-51, 169]]
"297537.f1"	297537	[1, 0, 0, -26972, 1701261]	[[181, 1570], [355/2, 383/2], [319/2, 1625/2]]
"297552.b1"	297552	[0, -1, 0, -32, 1104]	[[8, 36], [-10, 18], [44, 288]]
"297592.a1"	297592	[0, -1, 0, -32, 316]	[[2, 16], [-6, 16], [26, 128]]
"297666.i1"	297666	[1, -1, 1, 103, 19705]	[[23, 172], [7, 140], [115, 1184]]
"297714.k1"	297714	[1, 0, 1, -264092, 52216346]	[[273, 559], [360, 1777], [-162, 9607]]
"297726.a1"	297726	[1, 1, 0, -4549, -95459]	[[118, 955], [-38, 175], [79, 175]]
"297780.a1"	297780	[0, -1, 0, -201, 1026]	[[11, 5], [13, 21], [-1, 35]]
"297780.a2"	297780	[0, -1, 0, 324, 5016]	[[-10, 26], [-2, 66], [14, 110]]
"297832.b1"	297832	[0, 0, 0, -26, -35]	[[-2, 3], [-3, 4], [18, 73]]
"297962.a1"	297962	[1, -1, 0, -505, 4489]	[[12, 1], [5, 43], [-16, 99]]
"297969.a1"	297969	[1, 1, 1, -57, 90]	[[-8, 14], [6, 0], [13, 35]]
"298086.k1"	298086	[1, 0, 1, -334, -1792]	[[-11, 29], [37, 173], [-8, 23]]
"298138.a1"	298138	[1, -1, 1, 27, 285]	[[-1, 16], [7, 24], [-5, 0]]
"298197.b1"	298197	[1, -1, 1, -2147, 36870]	[[50, 204], [-52, -51], [101, 867]]
"298258.c1"	298258	[1, 0, 0, -2515, 48801]	[[14, 121], [30, 9], [38, 73]]
"298316.a1"	298316	[0, 0, 0, -1741, 26389]	[[9, 107], [29, 17], [295/3, 1819/3]]
"298350.a1"	298350	[1, -1, 0, -1017, 15241]	[[29, 83], [224, 3203], [-31, 143]]
"298455.a1"	298455	[1, 1, 1, -431, 3278]	[[12, -2], [11, -1], [39/2, 47/2]]
"298474.c1"	298474	[1, 0, 0, -2990, 62596]	[[30, -4], [52, 194], [-36, 370]]
"298650.a1"	298650	[1, 1, 0, -3875, 88125]	[[50, 125], [25, 75], [-50, 425]]
"298650.a2"	298650	[1, 1, 0, 1625, 324625]	[[-5, 565], [40, 655], [-16, 551]]
"298683.a1"	298683	[0, 0, 1, -1137, 10066]	[[1, 94], [-26, 148], [7, 49]]
"298694.a1"	298694	[1, -1, 0, -73, 289]	[[5, 3], [-6, 25], [16, 47]]
"298726.a1"	298726	[1, 1, 0, 39, -125]	[[21, 92], [3, 4], [25/3, 65/3]]
"298742.a1"	298742	[1, -1, 0, -335, 3437]	[[-2, 65], [254, 3905], [19, 51]]
"298760.a1"	298760	[0, 0, 0, -1543, 25258]	[[1, 154], [29, 70], [89, 770]]
"298776.a1"	298776	[0, -1, 0, -7612, 258244]	[[60, 118], [52, 18], [1264/5, 1062/5]]
"298832.c1"	298832	[0, 0, 0, -392, 2220]	[[2, 38], [65/2, 95/2], [26, 98]]
"298872.a1"	298872	[0, 0, 0, 996, 13876]	[[44, 378], [2, 126], [17, 189]]
"298986.a1"	298986	[1, 0, 1, 3, 580]	[[5, 24], [-4, 24], [-7, 18]]
"298986.b1"	298986	[1, 1, 1, -2094, 39531]	[[17, 87], [-47, 215], [25, 47]]
"299139.a1"	299139	[1, 1, 1, -56, 140]	[[4, -4], [2, 5], [-5, 20]]
"299142.b1"	299142	[1, -1, 0, -144, 364]	[[2, 8], [11, -1], [-7, 35]]
"299396.c1"	299396	[0, 0, 0, -29, 29]	[[1, 1], [5, 3], [7, 13]]
"299424.a1"	299424	[0, -1, 0, -64, 100]	[[-8, 6], [0, 10], [1, 6]]
"299446.a1"	299446	[1, -1, 0, -5290, 194932]	[[29, 241], [-76, 430], [-44, 606]]
"299545.b1"	299545	[0, 0, 1, -32, 37]	[[7, 12], [1, 2], [5, 1]]
"299554.a1"	299554	[1, 0, 1, -58, -48]	[[-6, 12], [13, 31], [-3, -9]]
"299554.b1"	299554	[1, -1, 0, -50138, 4333684]	[[129, -55], [-156, 2966], [300, 3878]]
"299589.a1"	299589	[0, -1, 1, -46, 318]	[[-6, 18], [31, 166], [13/2, 107/2]]
"299612.a1"	299612	[0, 0, 0, -241, 1441]	[[9, 1], [11, 11], [8, 5]]
"299646.b1"	299646	[1, -1, 0, -648, 2304]	[[168, 2064], [-11, 95], [24, 0]]
"299650.m1"	299650	[1, 0, 0, -113, 3817]	[[12, 59], [-14, 59], [38, 215]]
"299684.a1"	299684	[0, 0, 0, -2632, 51940]	[[32, 22], [28, 14], [-12, 286]]
"299760.a1"	299760	[0, -1, 0, -1696, -21824]	[[-22, 66], [-30, 34], [-15, 4]]
"299760.a2"	299760	[0, -1, 0, -496, 4096]	[[8, 24], [10, 6], [0, 64]]
"299832.c1"	299832	[0, -1, 0, -72, 1341]	[[114, 1209], [-10, 31], [21, 93]]
"299874.f1"	299874	[1, 0, 1, -1248, 17122]	[[23, 15], [-31, 177], [50, 258]]
"299912.a1"	299912	[0, 0, 0, -31, 55]	[[1, 5], [5, 5], [2, 1]]
"299958.c1"	299958	[1, 0, 1, -570, 5992]	[[-1, 81], [17, 27], [-28, 0]]
"300069.a1"	300069	[0, 0, 1, -3477, 42066]	[[68, 346], [-9, 269], [530, 12127]]
"300086.a1"	300086	[1, 0, 0, -14807, 672361]	[[-24, -995], [82, 65], [166, 1589]]
"300144.c1"	300144	[0, -1, 0, -119032, 15877744]	[[268, 1776], [490, 8658], [9, 3848]]
"300144.c2"	300144	[0, -1, 0, 2648, 108016]	[[-4, 312], [-20, 216], [412, 8424]]
"300219.a1"	300219	[0, -1, 1, -350, -658]	[[40, 218], [-17, 9], [-311/5, 4963/5]]
"300267.b1"	300267	[1, -1, 1, -7787, 266590]	[[52, -43], [74, 265], [-80, 650]]
"300294.b1"	300294	[1, -1, 0, -258, 1304]	[[4, 16], [13, -2], [-5, 52]]
"300320.a1"	300320	[0, 1, 0, -625, 9375]	[[-25, 100], [15, 60], [5, 80]]
"300435.a1"	300435	[0, -1, 1, -2940, 61868]	[[24, 67], [29, 12], [-21, 337]]
"300435.b1"	300435	[0, 1, 1, -1710, 26264]	[[36, 112], [21, 7], [18, 40]]
"300443.b1"	300443	[0, 0, 1, -1936, 32942]	[[44, 181], [0, 181], [121/2, 359/2]]
"300448.a1"	300448	[0, 0, 0, -193, -1004]	[[23, 82], [-31/2, 41/2], [-7, 2]]
"300513.a1"	300513	[0, -1, 1, -173, -241]	[[19, 54], [-47/3, 586/3], [-9, 22]]
"300575.e1"	300575	[0, -1, 1, -1083, -7932]	[[42, 137], [-8, 12], [192, 2612]]
"300579.a1"	300579	[0, 1, 1, -10964, 441992]	[[31, 364], [-50, 931], [49, 157]]
"300587.a1"	300587	[1, 1, 1, -7886, 266190]	[[75, 284], [-86, 606], [52, -15]]
"300612.a1"	300612	[0, -1, 0, -690, 7281]	[[-12, 117], [14, 13], [69/2, 117/2]]
"300685.d1"	300685	[1, 0, 0, -34790, 812725]	[[-45, 1535], [175, 215], [-20, 1235]]
"300685.d2"	300685	[1, 0, 0, 8165, 99672]	[[-1, 303], [59, 858], [-11, 98]]
"300741.a1"	300741	[0, 1, 1, -4662, 120062]	[[63, 283], [36, 13], [45, 58]]
"300818.a1"	300818	[1, -1, 0, -208, 1204]	[[10, 2], [8, -6], [9, -4]]
"300843.a1"	300843	[0, 0, 1, -261, 1640]	[[9, 4], [0, 40], [10, 5]]
"300850.b1"	300850	[1, -1, 0, 233, 541]	[[14, 73], [-2, 9], [-1, 18]]
"301120.i1"	301120	[0, -1, 0, -10625, 390625]	[[125, 1000], [45, 40], [375, 7000]]
"301156.a1"	301156	[0, 0, 0, -49, 121]	[[3, 1], [5, 1], [7, 11]]
"301194.a1"	301194	[1, -1, 0, -1404, 20704]	[[20, 8], [23, 2], [-4, 164]]
"301236.a1"	301236	[0, -1, 0, -177, 1026]	[[15, 39], [9, 9], [-11, 39]]
"301240.e1"	301240	[0, 1, 0, -1500, 709648]	[[416, 8500], [-9, 850], [-94, 170]]
"301314.b1"	301314	[1, 0, 1, 285, 1582]	[[35, 216], [-4, 21], [23/2, 441/2]]
"301364.a1"	301364	[0, 0, 0, -808, -5759]	[[-12, 47], [176, 2303], [35, 94]]
"301411.b1"	301411	[0, 0, 1, -4114, 538722]	[[220, 3206], [114, 1245], [-22, 786]]
"301472.a1"	301472	[0, 1, 0, 63, -209]	[[3, 4], [11, 44], [5, 16]]
"301536.a1"	301536	[0, 0, 0, -57, 200]	[[1, 12], [7, 12], [4, 6]]
"301542.h1"	301542	[1, 0, 0, -1990, 38756]	[[-4, 218], [44, 170], [20, 74]]
"301643.a1"	301643	[0, 0, 1, -367, 2706]	[[11, 0], [12, 5], [9, 11]]
"301760.c1"	301760	[0, 1, 0, -1121, 10879]	[[34, 115], [27, 32], [57, 368]]
"301760.c2"	301760	[0, 1, 0, 2559, 70495]	[[59, 656], [-5, 240], [219, 3344]]
"301824.e1"	301824	[0, 0, 0, -174, 664]	[[2, 18], [11, 9], [20, 72]]
"301952.a1"	301952	[0, 1, 0, -3529, 79431]	[[19, 140], [35, 4], [31, 28]]
"301952.a2"	301952	[0, 1, 0, -159, 1921]	[[1, 42], [15, 56], [8, 35]]
"302160.a1"	302160	[0, -1, 0, -856, 10000]	[[16, 12], [18, 10], [8, 60]]
"302160.b1"	302160	[0, -1, 0, 3424, -33024]	[[80, 864], [16, 160], [66, 690]]
"302337.a1"	302337	[0, 0, 1, -201, 112]	[[16, 31], [-5, 31], [1/2, 59/2]]
"302340.b1"	302340	[0, -1, 0, -125, 750]	[[5, 15], [-10, 30], [10, 20]]
"302404.a1"	302404	[0, 0, 0, -6121, 197089]	[[1, 437], [229, 3287], [-849/5, 75601/5]]
"302457.c1"	302457	[0, 1, 1, -9347, 346325]	[[55, 40], [301/2, 2183/2], [379, 7168]]
"302471.a1"	302471	[0, 1, 1, -1118, 14238]	[[16, 26], [117/2, 685/2], [13, 45]]
"302512.a1"	302512	[0, 1, 0, -6144, 182836]	[[50, 56], [36, 98], [18, 280]]
"302512.a2"	302512	[0, 1, 0, -224, 5236]	[[15, 74], [-6, 80], [-20, 46]]
"302621.a1"	302621	[0, 0, 1, 341, 3660]	[[33, 225], [115, 1250], [-7, 30]]
"302622.f1"	302622	[1, 1, 1, -757, 5147]	[[-25, 108], [23, 12], [39, 172]]
"302676.a1"	302676	[0, -1, 0, -650, 7281]	[[-4, 99], [14, 27], [-26, 77]]
"302676.b1"	302676	[0, -1, 0, -2134, 38665]	[[28, 9], [27, 1], [82, 639]]
"302768.e1"	302768	[0, 1, 0, -3260, 72284]	[[59, 298], [382/3, 2980/3], [-211/2, 2533/2]]
"302909.a1"	302909	[1, 0, 0, -17, 4]	[[0, 2], [-1, 5], [-3, 7]]
"302938.b1"	302938	[1, -1, 1, -1536, 23547]	[[23, -11], [19, 21], [95/2, -41/2]]
"302938.c1"	302938	[1, 1, 1, -450, 1231]	[[-7, 67], [25, 67], [-23, 3]]
"302938.g1"	302938	[1, -1, 1, -33516, -2343313]	[[-107, 149], [469, 8981], [213, 277]]
"302944.a1"	302944	[0, 0, 0, -92, -160]	[[-2, 4], [-4, 12], [-8, 8]]
"302996.a1"	302996	[0, 1, 0, -11692, 482724]	[[28, 422], [1544/5, 422/5], [56, 82]]
"303042.c1"	303042	[1, 0, 1, -36458, 2678672]	[[123, 181], [366, 6013], [-93, 2341]]
"303056.a1"	303056	[0, 0, 0, -259, 1186]	[[-11, 52], [15, 26], [2, 26]]
"303098.a1"	303098	[1, -1, 1, -144, 627]	[[5, 1], [9, -7], [-3, 33]]
"303124.a1"	303124	[0, -1, 0, -6581, 207697]	[[47, 2], [39, 94], [-93, 82]]
"303144.a1"	303144	[0, -1, 0, 20, 2401]	[[16, 81], [-12, 17], [-11, 27]]
"303225.c1"	303225	[0, 1, 1, -21258, 1401644]	[[18, 1012], [93, 487], [2043, 92137]]
"303277.a1"	303277	[1, 0, 0, 54, 1237]	[[17, 76], [-9, 11], [31, 166]]
"303414.c1"	303414	[1, 1, 1, 10, 371]	[[-3, 19], [9, 31], [-7, 7]]
"303432.g1"	303432	[0, 1, 0, -1812, 26496]	[[42, 162], [-12, 216], [6, 126]]
"303434.a1"	303434	[1, -1, 0, -2617, 52189]	[[30, -13], [22, 59], [35, 33]]
"303434.b1"	303434	[1, 1, 0, -132, -560]	[[-8, 12], [24, 92], [-9, 5]]
"303437.a1"	303437	[0, -1, 1, -1010, 12462]	[[8, 69], [23, 29], [545/4, 8169/4]]
"303438.a1"	303438	[1, 1, 0, 39, 69]	[[-1, 6], [1, 10], [11, 39]]
"303438.d1"	303438	[1, 0, 0, -9585, 385641]	[[-54, 891], [54, 135], [18, 459]]
"303475.c1"	303475	[1, -1, 0, -23312, -1363229]	[[3894, 240833], [234, 2323], [1210, 41119]]
"303475.c2"	303475	[1, -1, 0, -18337, -1965204]	[[188, 1004], [3069/4, 73467/4], [5571/2, 408009/2]]
"303518.a1"	303518	[1, 1, 0, -143, 601]	[[6, -5], [8, 3], [3, 13]]
"303589.a1"	303589	[0, -1, 1, -612, 7512]	[[-3, 96], [4, 71], [166/3, 1241/3]]
"303646.u1"	303646	[1, 0, 0, -30440, 2034496]	[[136, 576], [80, 296], [94, 30]]
"303646.u2"	303646	[1, 0, 0, -1000, 62016]	[[44, 300], [-40, 216], [-16, 280]]
"303654.e1"	303654	[1, 0, 1, -39858, -2483888]	[[-112, 816], [-97, 735], [239, 1167]]
"303654.e2"	303654	[1, 0, 1, -12318, 490432]	[[41, 213], [80, 96], [509, 10977]]
"303715.a1"	303715	[0, 1, 1, -3790, 82544]	[[121, 1187], [26, 47], [109/2, 121/2]]
"303735.b1"	303735	[1, 0, 0, 44, 14411]	[[5, 119], [86, 767], [-22, 65]]
"303744.b1"	303744	[0, -1, 0, -1289, 18009]	[[9, 84], [41, 180], [25, 28]]
"303744.b2"	303744	[0, -1, 0, -159, -297]	[[-3, 12], [-9, 18], [21, 72]]
"303760.a1"	303760	[0, 1, 0, -221, -521]	[[19, 50], [-6, 25], [-29/3, 350/3]]
"303762.a1"	303762	[1, 1, 0, 29, -35]	[[2, 5], [6, 17], [18, 73]]
"303798.a1"	303798	[1, 1, 0, -127, 505]	[[4, 7], [7, 1], [6, -5]]
"303800.c1"	303800	[0, 0, 0, 140, 4900]	[[-6, 62], [0, 70], [56, 434]]
"303822.b1"	303822	[1, -1, 1, -1679, 37847]	[[51, 262], [-45, 166], [27, 94]]
"303831.a1"	303831	[0, 0, 1, -99, 272]	[[0, 16], [3, 1], [-11, 5]]
"303831.h1"	303831	[0, 0, 1, -267894, 52620752]	[[561/2, 33755/2], [264, 544], [2442, 118156]]
"303831.h2"	303831	[0, 0, 1, -28314, -1799845]	[[231, 1996], [-99, 181], [-4653/7, 61720/7]]
"303846.c1"	303846	[1, 0, 1, -713, 7292]	[[15, -2], [3, 70], [39, 178]]
"303848.a1"	303848	[0, 1, 0, 364, 12256]	[[2, 114], [78, 722], [268, 4408]]
"303952.a1"	303952	[0, 0, 0, -187, 1210]	[[11, 22], [-11, 44], [33, 176]]
"303987.b1"	303987	[1, 1, 1, -107, -448]	[[-6, 7], [12, 7], [48, 304]]
"303987.d1"	303987	[1, 1, 1, -410, 2774]	[[18, 31], [-9/2, 491/2], [99, 922]]
"303996.c1"	303996	[0, -1, 0, -10110, 395361]	[[40, 231], [84, 363], [-37, 847]]
"304062.a1"	304062	[1, 1, 0, -544, 3676]	[[-15, 101], [7, 13], [18, 2]]
"304108.a1"	304108	[0, 0, 0, -25892, 1603705]	[[87, 98], [94, 21], [832/3, 343/3]]
"304209.d1"	304209	[1, -1, 0, -660, -5983]	[[56, 333], [-61/2, -91/2], [-187/4, 13/4]]
"304262.a1"	304262	[1, -1, 0, -119, 669]	[[-10, 33], [6, 9], [-3, 33]]
"304308.a1"	304308	[0, 0, 0, -6969, -213919]	[[-53, 81], [-43, 79], [115, 711]]
"304329.a1"	304329	[1, 0, 0, -68774, 6936225]	[[147, 18], [208, 1177], [2413/4, -5375/4]]
"304335.a1"	304335	[1, -1, 1, 7, 532]	[[-2, 23], [-7, 13], [8, 28]]
"304350.j1"	304350	[1, 0, 1, -651, 8098]	[[17, 36], [-13, 126], [107, 1026]]
"304392.h1"	304392	[0, 1, 0, -5772, 205776]	[[42, 198], [78, 486], [-30, 594]]
"304611.a1"	304611	[1, 1, 1, -25, 56]	[[2, 3], [-1, 9], [-4, 12]]
"304631.a1"	304631	[1, -1, 1, 6, 24]	[[-1, 4], [-2, 0], [2, 5]]
"304752.o1"	304752	[0, 1, 0, -680, 10884]	[[-8, 126], [34, 168], [10, 72]]
"304776.a1"	304776	[0, 0, 0, -31239, 2216106]	[[105, 306], [177, 1494], [3165, 177786]]
"304870.d1"	304870	[1, -1, 1, -8352, 310851]	[[61, 129], [-99, 449], [101, 649]]
"304928.a1"	304928	[0, -1, 0, -168298, 26629100]	[[44, 4394], [239, 26], [278, 1118]]
"304947.a1"	304947	[1, -1, 1, -518, 4830]	[[17, 18], [14, 6], [44, 234]]
"304966.a1"	304966	[1, 1, 0, 5, 77]	[[-2, 9], [2, 9], [14, 49]]
"304976.d1"	304976	[0, -1, 0, 96, 400]	[[-2, 14], [12, 56], [6, 34]]
"305040.b1"	305040	[0, -1, 0, -1496, 12816]	[[40, 124], [50, 246], [-40, 84]]
"305040.b2"	305040	[0, -1, 0, 304, 1296]	[[14, 90], [0, 36], [5, 54]]
"305040.s1"	305040	[0, -1, 0, -787520, 269255232]	[[512, 24], [514, 50], [488, 960]]
"305040.s2"	305040	[0, -1, 0, -111520, -8283968]	[[-246, 2050], [-206, 2430], [369, 820]]
"305040.s3"	305040	[0, -1, 0, -49520, 4165632]	[[154, 410], [72, 984], [149, 270]]
"305040.s4"	305040	[0, -1, 0, 480, 205632]	[[-6, 450], [69, 750], [-31, 400]]
"305042.f1"	305042	[1, 1, 1, -51, 97]	[[5, -2], [1, 6], [11, 26]]
"305072.a1"	305072	[0, 0, 0, -208, 1036]	[[-10, 46], [13, 23], [94/3, 46/3]]
"305079.a1"	305079	[0, -1, 1, -68, -190]	[[-4, 1], [-5, 0], [-19/2, 11/2]]
"305089.a1"	305089	[0, 0, 1, -7, 204]	[[9, 29], [-23/2, 55/2], [68, 560]]
"305120.b1"	305120	[0, 1, 0, -1265, 3775]	[[-5, 100], [35, 60], [-35, 80]]
"305217.b1"	305217	[0, 0, 1, 27024, 1254600]	[[-34, 544], [170, 3280], [-124/5, 132251/5]]
"305286.i1"	305286	[1, 1, 1, -7204, -223195]	[[-49, 147], [-55, -75], [105, 385]]
"305286.i2"	305286	[1, 1, 1, -1444, 16421]	[[13, 1], [-3, 145], [11, 39]]
"305300.a1"	305300	[0, 1, 0, -268, 1668]	[[8, 10], [12, 18], [4, 26]]
"305344.bm1"	305344	[0, 1, 0, -289, -929]	[[-9, 32], [-15, 16], [21, 52]]
"305424.a1"	305424	[0, 0, 0, -867, 9970]	[[11, 42], [17, 12], [-31, 84]]
"305440.a1"	305440	[0, 0, 0, -193, 1108]	[[39, 230], [-7, 46], [9, 10]]
"305466.m1"	305466	[1, 1, 1, -1520, 24401]	[[13, 77], [69, 469], [21, 37]]
"305486.a1"	305486	[1, 1, 0, -2813, 55741]	[[-25, 346], [442/3, 4673/3], [-54, 259]]
"305586.b1"	305586	[1, -1, 1, -869, 10397]	[[15, 16], [-33, 64], [27, 64]]
"305598.f1"	305598	[1, 1, 0, -1275, 21789]	[[78, 597], [30, 93], [-165/2, 801/2]]
"305598.f2"	305598	[1, 1, 0, 120, -252]	[[6, 24], [33, 186], [16, 70]]
"305662.c1"	305662	[1, -1, 0, -23, -15]	[[-4, 1], [-1, 3], [-3, 6]]
"305692.a1"	305692	[0, 1, 0, -54, 145]	[[4, 3], [2, 7], [5, 5]]
"305770.a1"	305770	[1, 0, 1, -314, 2112]	[[11, -1], [10, -7], [5, 23]]
"305826.c1"	305826	[1, 0, 1, -343, 1322]	[[-5, 56], [4, 2], [22, 56]]
"305945.a1"	305945	[0, -1, 1, -86, -54]	[[-7, 12], [18, 62], [-3/2, 21/2]]
"305954.a1"	305954	[1, 1, 0, -11, 121]	[[0, 11], [11, 33], [-4, 13]]
"306071.a1"	306071	[0, 0, 1, -59, 130]	[[-8, 9], [11, 28], [2, 4]]
"306115.a1"	306115	[1, 1, 0, -738, -11033]	[[159/2, 1091/2], [514/3, 9229/3], [34, 51]]
"306222.a1"	306222	[1, 1, 0, 81, -171]	[[3, 9], [10, 37], [2, 1]]
"306314.b1"	306314	[1, 0, 0, -272, 256]	[[0, 16], [16, 0], [-8, 48]]
"306347.a1"	306347	[0, -1, 1, -78, 294]	[[6, 2], [4, 5], [9, 15]]
"306450.c1"	306450	[1, -1, 0, -342, 3816]	[[-6, 78], [9, 33], [-21, 48]]
"306488.a1"	306488	[0, 1, 0, -30212, 2119936]	[[-182, 1274], [910/3, 8918/3], [182, 1638]]
"306496.a1"	306496	[0, 1, 0, -16609, 818367]	[[74, 1], [73, 16], [67, 104]]
"306496.e1"	306496	[0, 0, 0, -140, -208]	[[-2, 8], [14, 24], [13, 13]]
"306501.a1"	306501	[0, -1, 1, -9465, 357602]	[[56, 6], [62, 72], [3649/8, 3137/8]]
"306509.a1"	306509	[0, 0, 1, 23, 56]	[[2, 10], [9, 31], [0, 7]]
"306567.a1"	306567	[1, -1, 1, -482, 3570]	[[20, 30], [-7, 84], [17, 0]]
"306572.a1"	306572	[0, 1, 0, -301, 1908]	[[11, 7], [9, 3], [37/2, 7/2]]
"306576.e1"	306576	[0, 0, 0, 105, 4966]	[[17, 108], [-10, 54], [2, 72]]
"306581.a1"	306581	[1, -1, 1, -2085, 37758]	[[-16, 266], [28, 13], [78, 548]]
"306629.b1"	306629	[0, 0, 1, -17, 4]	[[-1, 4], [-2, 5], [8, 19]]
"306629.c1"	306629	[0, 1, 1, -7321, 238679]	[[197/2, 13/2], [49, 0], [439/3, 80/3]]
"306708.c1"	306708	[0, 1, 0, -27314, 1728105]	[[-38, 1647], [397/2, 549/2], [97, 27]]
"306726.a1"	306726	[1, 1, 0, -10054, 385876]	[[39, 215], [4, 586], [60, 26]]
"306816.i1"	306816	[0, 1, 0, -6009, 128151]	[[75, 324], [66, 153], [-6, 405]]
"306816.i2"	306816	[0, 1, 0, -5539, 156821]	[[41, 18], [44, 15], [419, 8460]]
"306830.b1"	306830	[1, 0, 0, -766, 8100]	[[18, 6], [16, -6], [14, 6]]
"306906.b1"	306906	[1, 0, 0, -5405, 181041]	[[130, 1231], [22, 259], [-14, 511]]
"307024.b1"	307024	[0, 1, 0, -784, 8196]	[[16, 2], [15, 6], [8, 50]]
"307030.b1"	307030	[1, -1, 1, -213, 1581]	[[15, 32], [-5, 52], [7, 16]]
"307065.b1"	307065	[1, 1, 1, -105, 300]	[[-2, 23], [3, 3], [8, 3]]
"307080.b1"	307080	[0, 0, 0, 57, 202]	[[-1, 12], [-3, 2], [17, 78]]
"307080.g1"	307080	[0, 0, 0, -39207, 3002506]	[[137, 450], [-163, 2250], [17, 1530]]
"307251.a1"	307251	[0, 0, 1, -453, 3780]	[[14, 13], [5, 40], [32, 148]]
"307251.b1"	307251	[0, 0, 1, 456, 3370]	[[10, 94], [-23/2, 185/2], [136, 1606]]
"307296.e1"	307296	[0, 0, 0, -1596, 24480]	[[22, 4], [30, 60], [21, 15]]
"307296.e2"	307296	[0, 0, 0, -141, 36]	[[-9, 24], [0, 6], [15, 36]]
"307347.a1"	307347	[1, 0, 0, -14527, 522074]	[[-121, 776], [-67, 1127], [95, -7]]
"307351.a1"	307351	[1, -1, 1, -6714, 213414]	[[48, -19], [203/2, 101/2], [-84, 465]]
"307396.b1"	307396	[0, 1, 0, -4562, 117121]	[[42, 37], [190, 2479], [561/4, 2479/4]]
"307467.b1"	307467	[0, 0, 1, -1254, 17075]	[[129/2, 803/2], [-35, 134], [21, 1]]
"307536.a1"	307536	[0, -1, 0, -539080, 198758896]	[[466, 6966], [-652, 16512], [21364, 3120768]]
"307536.d1"	307536	[0, -1, 0, 304, -576]	[[8, 48], [2, 6], [18, 102]]
"307546.a1"	307546	[1, -1, 0, -67, 277]	[[6, 5], [-2, 21], [14, 37]]
"307562.a1"	307562	[1, 0, 1, -3957, 95456]	[[50, 127], [139/2, -21/2], [328/3, -536/3]]
"307622.b1"	307622	[1, 0, 1, -7425, 1139492]	[[47, 922], [-125, 406], [176, 2212]]
"307622.b2"	307622	[1, 0, 1, 66320, -29508930]	[[377, 6819], [249, 1443], [1143/2, 27469/2]]
"307740.f1"	307740	[0, -1, 0, -1045, 13150]	[[15, 25], [25, 45], [-5, 135]]
"307760.a1"	307760	[0, 1, 0, -336, 2164]	[[14, 20], [4, 30], [12, 2]]
"307818.a1"	307818	[1, -1, 0, -219, 1189]	[[6, 5], [-10, 53], [38, 197]]
"307825.e1"	307825	[0, -1, 1, -113, 528]	[[2, 17], [12, 27], [8, 8]]
"307881.f1"	307881	[0, 0, 1, 324, 1757]	[[39, 271], [9, 73], [81/4, 3769/4]]
"307898.c1"	307898	[1, 1, 1, -37, 27]	[[-1, 8], [5, -2], [-7, 2]]
"307909.a1"	307909	[0, 1, 1, 21, -54]	[[4, 10], [2, 0], [32, 185]]
"307950.r1"	307950	[1, 1, 1, -10613, 389531]	[[135, 1132], [-25, 812], [75, 112]]
"308042.d1"	308042	[1, 1, 0, -226, 1016]	[[4, 12], [-10, 54], [-17, 26]]
"308073.a1"	308073	[0, -1, 1, 1536, 35570]	[[120, 1390], [39, 391], [256/3, 8587/3]]
"308110.b1"	308110	[1, 1, 0, -2602, 50324]	[[28, 6], [68, 406], [-20, 318]]
"308112.m1"	308112	[0, -1, 0, -5896, 222832]	[[12, 392], [124, 1176], [-23, 588]]
"308127.b1"	308127	[1, 1, 0, -91, -374]	[[-6, 4], [18, 56], [-99/4, 187/4]]
"308160.f1"	308160	[0, 0, 0, -34428, 2458352]	[[82, 432], [109, 27], [298, 4320]]
"308160.f2"	308160	[0, 0, 0, -30828, 2992592]	[[2, 1712], [109, 963], [82, 1008]]
"308160.n1"	308160	[0, 0, 0, -348, -1872]	[[24, 60], [-12, 24], [-8, 20]]
"308160.n2"	308160	[0, 0, 0, 852, -11952]	[[18, 96], [66, 576], [28, 184]]
"308248.a1"	308248	[0, 0, 0, -151, 730]	[[7, 4], [5, 10], [9, 10]]
"308269.a1"	308269	[0, 0, 1, -5983, -168180]	[[-40, 84], [90, 149], [-2467/7, 25094/7]]
"308269.b1"	308269	[0, 0, 1, -29407, 1940996]	[[101, 34], [124, 448], [97, 34]]
"308269.d1"	308269	[0, 0, 1, -64, 195]	[[5, 0], [3, 5], [7, 9]]
"308288.a1"	308288	[0, 0, 0, -364, -2384]	[[-10, 16], [22, 16], [-8, 4]]
"308288.d1"	308288	[0, -1, 0, -961, 11777]	[[17, 8], [19, 4], [169/3, 8/3]]
"308319.a1"	308319	[0, -1, 1, -230, 1322]	[[5, 16], [-6, 49], [-17, 5]]
"308323.a1"	308323	[0, 1, 1, -15, 30]	[[2, 3], [0, 5], [-4, 6]]
"308334.m1"	308334	[1, 0, 0, -14645, 463521]	[[178, 1783], [-56, 1081], [-134, -89]]
"308486.a1"	308486	[1, 0, 1, -41, -68]	[[-5, 6], [7, -2], [10, 18]]
"308546.b1"	308546	[1, -1, 1, -432, 2835]	[[5, 25], [19, 25], [-9, 81]]
"308651.a1"	308651	[0, -1, 1, -996, 12438]	[[19, 3], [69/2, 73/2], [16, 18]]
"308672.d1"	308672	[0, 1, 0, -24417, 1460479]	[[83, 112], [93, 52], [41, 728]]
"308691.a1"	308691	[0, 0, 1, -693, 7022]	[[15, 1], [18, 19], [13, 14]]
"308691.b1"	308691	[0, 0, 1, -3024, -98098]	[[300, 5098], [273/2, 923/2], [84, 490]]
"308691.b2"	308691	[0, 0, 1, 306, 2135]	[[-3, 34], [15, 100], [21, 133]]
"308800.s1"	308800	[0, -1, 0, -1433, 21337]	[[17, 40], [27, 40], [-3, 160]]
"308862.d1"	308862	[1, -1, 1, -4802, 123585]	[[65, 255], [17, 207], [-7, 399]]
"308874.b1"	308874	[1, 0, 1, -483, 3982]	[[11, 0], [14, -3], [23, 60]]
"308886.a1"	308886	[1, 0, 1, -4398, 112252]	[[59, 213], [32, 51], [23, 141]]
"308886.c1"	308886	[1, 0, 1, 103, -196]	[[3, 10], [11, 42], [51, 346]]
"308920.a1"	308920	[0, 1, 0, -236, 1360]	[[2, 30], [12, 20], [7, 10]]
"308958.i1"	308958	[1, 1, 1, -30375, -1162659]	[[-113, 974], [-93, 978], [-79, 906]]
"308958.i2"	308958	[1, 1, 1, -13735, 601181]	[[83, 162], [49, 196], [219, 2746]]
"308978.a1"	308978	[1, 0, 1, -270, 1712]	[[1, 37], [9, 1], [-18, 37]]
"309042.a1"	309042	[1, -1, 0, 9, 1741]	[[50, 329], [-9, 34], [23/2, 331/2]]
"309074.a1"	309074	[1, 0, 0, -2415, 79801]	[[134, 1405], [6, 253], [-58, 189]]
"309103.a1"	309103	[1, 0, 0, 15, 16]	[[-1, 0], [0, 4], [3, 8]]
"309109.a1"	309109	[0, -1, 1, -19, 25]	[[1, 2], [-1, 6], [13, 42]]
"309123.a1"	309123	[0, 0, 1, 0, -27]	[[3, 0], [9, 26], [33, 189]]
"309123.a2"	309123	[0, 0, 1, 0, 722]	[[-6, 22], [12, 49], [30, 166]]
"309158.b1"	309158	[1, 0, 0, -1727, 27481]	[[24, -13], [22, 5], [54, 277]]
"309177.a1"	309177	[0, 0, 1, -27, 2396]	[[-3, 49], [-12, 31], [-14, 5]]
"309280.a1"	309280	[0, 1, 0, -641, 6895]	[[27, 100], [-23, 100], [2, 75]]
"309315.a1"	309315	[0, 1, 1, -186, 866]	[[12, 22], [-3, 37], [9, 1]]
"309317.a1"	309317	[0, 1, 1, -20, -30]	[[-2, 2], [-3, 3], [-4, 1]]
"309347.a1"	309347	[0, 0, 1, -475, 3978]	[[18, 35], [12, 2], [14, 8]]
"309350.h1"	309350	[1, 0, 0, -14463, 667417]	[[62, 69], [22, 589], [122, 789]]
"309350.i1"	309350	[1, 0, 0, -9128, -225728]	[[-32, 200], [152, 1304], [-656/3, 7240/3]]
"309366.e1"	309366	[1, -1, 1, -491, 8507]	[[-21, 106], [27, 106], [3, 82]]
"309416.a1"	309416	[0, -1, 0, -185, 1021]	[[9, 2], [5, 14], [11, 14]]
"309463.a1"	309463	[0, 0, 1, -181, 966]	[[-3, 38], [8, 5], [-14, 27]]
"309589.a1"	309589	[0, 1, 1, -43, 116]	[[6, 10], [-8, 3], [20, 87]]
"309740.b1"	309740	[0, -1, 0, -101, 430]	[[5, 5], [6, 2], [9, 13]]
"309802.b1"	309802	[1, 1, 0, 3, 1213]	[[-6, 35], [58, 419], [9, 41]]
"309843.c1"	309843	[0, 0, 1, -156, 2295]	[[5, 40], [-1, 49], [59, 445]]
"309850.e1"	309850	[1, 0, 0, -913, 11817]	[[22, 39], [2, 99], [82, 659]]
"309985.a1"	309985	[1, -1, 1, 342, 53202]	[[-30, 138], [127/2, 2339/2], [22, 255]]
"310146.b1"	310146	[1, 0, 1, -875, 9722]	[[21, 16], [12, 25], [-6, 124]]
"310146.d1"	310146	[1, 1, 1, -3957, 94107]	[[37, -28], [55, 188], [19, 152]]
"310146.e1"	310146	[1, 1, 1, -2116, -28603]	[[-19, 81], [-35, 81], [-37, -9]]
"310184.a1"	310184	[0, 1, 0, -92, 496]	[[6, 14], [-8, 28], [20, 84]]
"310220.b1"	310220	[0, -1, 0, -1020, -3368]	[[-6, 50], [-26, 70], [54, 310]]
"310225.a1"	310225	[0, 1, 1, -758, 7644]	[[18, 12], [13, 12], [43, 237]]
"310318.a1"	310318	[1, 0, 1, -1083, 13622]	[[20, -2], [19, -8], [23, 20]]
"310329.c1"	310329	[1, -1, 1, -7727, 264192]	[[80, 351], [-94, 438], [845/4, 627/4]]
"310342.a1"	310342	[1, -1, 1, -102, 405]	[[5, -1], [7, -5], [3, 9]]
"310400.e1"	310400	[0, 1, 0, -153, 823]	[[3, 20], [7, 12], [23, 100]]
"310419.a1"	310419	[0, 0, 1, -81, 776]	[[6, 22], [-3, 31], [-12, 4]]
"310474.c1"	310474	[1, 0, 0, 210, 1156]	[[8, 54], [124, 1330], [66, 518]]
"310574.d1"	310574	[1, 0, 0, -65969, 6573289]	[[10, 2427], [1306/3, 4729/3], [314, 3947]]
"310592.v1"	310592	[0, 0, 0, -788, 8576]	[[28, 92], [5, 69], [160/3, 368/3]]
"310656.c1"	310656	[0, 1, 0, -825, 8919]	[[15, 12], [21, 36], [9, 48]]
"310698.b1"	310698	[1, -1, 0, 6, 64]	[[2, 8], [-1, 8], [8, 20]]
"310774.a1"	310774	[1, -1, 0, -28, 76]	[[4, 2], [2, 4], [3, 2]]
"310793.a1"	310793	[0, 0, 1, 316, 1575]	[[-3, 24], [1, 43], [33/2, 547/2]]
"310811.b1"	310811	[0, 0, 1, -1043, -1400]	[[-95/2, 795/2], [40, 144], [-11, 93]]
"310824.b1"	310824	[0, 0, 0, -156, 596]	[[10, 6], [4, 6], [-2, 30]]
"310836.a1"	310836	[0, -1, 0, -114, 585]	[[6, 9], [-12, 9], [15, 45]]
"310836.c1"	310836	[0, -1, 0, -1868, 31704]	[[26, 6], [14, 90], [-10, 222]]
"310868.a1"	310868	[0, 1, 0, -7473, -172700]	[[-64, 218], [725/2, 16895/2], [-479/4, 10137/4]]
"310868.a2"	310868	[0, 1, 0, -2873, 58312]	[[31, 1], [29, 15], [43, 127]]
"310900.a1"	310900	[0, 1, 0, -1908, 41188]	[[-12, 250], [88, 750], [48, 250]]
"310926.g1"	310926	[1, 0, 1, -3713, -42478]	[[114, 952], [267/2, 455/2], [218, 2976]]
"310926.g2"	310926	[1, 0, 1, -1823, 29342]	[[18, 40], [51, 238], [29, 18]]
"311086.b1"	311086	[1, 0, 1, -23, -18]	[[-1, 2], [-3, 6], [-2, 5]]
"311135.a1"	311135	[1, 0, 0, -735, -2150]	[[-25, 40], [30, 40], [-45/2, 595/2]]
"311138.a1"	311138	[1, -1, 1, 189, 1347]	[[-5, 18], [3, 42], [27, 146]]
"311154.a1"	311154	[1, 0, 1, -282, 2716]	[[17, 45], [-19, 45], [-10, 72]]
"311190.a1"	311190	[1, 1, 0, -853, 8953]	[[24, 43], [13, 10], [19, -2]]
"311190.a2"	311190	[1, 1, 0, 297, 32643]	[[1, 181], [-19, 153], [-27, 90]]
"311319.a1"	311319	[0, 0, 1, -51, 132]	[[5, 1], [-1, 13], [3, 2]]
"311324.a1"	311324	[0, -1, 0, 51, 118]	[[1, 13], [27, 143], [13, 53]]
"311571.a1"	311571	[0, 0, 1, -75819, 8031492]	[[38, 2281], [155, 58], [129, 630]]
"311611.a1"	311611	[0, 1, 1, -184, 902]	[[7, 2], [8, 2], [5, 11]]
"311680.c1"	311680	[0, -1, 0, -41, 505]	[[-7, 20], [3, 20], [9, 28]]
"311704.a1"	311704	[0, 0, 0, 20, 148]	[[-2, 10], [2, 14], [-4, 2]]
"311739.a1"	311739	[1, 1, 1, -35, 146]	[[3, 7], [-6, 16], [12, 34]]
"311813.b1"	311813	[1, -1, 1, -21, 50]	[[3, 1], [4, 2], [-5, 5]]
"311926.a1"	311926	[1, 0, 1, -282, 476]	[[-7, 49], [1, 13], [-5/2, 231/2]]
"311936.k1"	311936	[0, 0, 0, 10, 36]	[[0, 6], [2, 8], [-7/2, 29/2]]
"312043.a1"	312043	[0, 1, 1, -19, -49]	[[5, 2], [7, 14], [13, 45]]
"312126.a1"	312126	[1, 1, 0, -41, 105]	[[2, 5], [5, 5], [-4, 17]]
"312189.b1"	312189	[1, 0, 0, -1046, 61419]	[[-47, -62], [67, 508], [295, 4897]]
"312202.b1"	312202	[1, 1, 0, -40, 596]	[[25, 114], [2, 22], [-10, -6]]
"312218.a1"	312218	[1, 0, 0, -3443, 54625]	[[78, 473], [14, 89], [334, 5849]]
"312262.b1"	312262	[1, 1, 1, -114, 511]	[[1, 19], [5, 7], [-7, 35]]
"312300.b1"	312300	[0, 0, 0, -3900, 94025]	[[40, 45], [34, 27], [-20, 405]]
"312318.a1"	312318	[1, -1, 0, -99, 729]	[[6, 15], [0, 27], [-12, 15]]
"312326.g1"	312326	[1, 0, 0, -22, 804]	[[4, 26], [-10, 12], [32, 166]]
"312366.e1"	312366	[1, 1, 1, -6852, -161595]	[[253, 3665], [-35, 209], [-1259/5, 33421/5]]
"312377.a1"	312377	[1, 0, 0, -271, 1692]	[[4, 24], [17, 37], [-9, 63]]
"312440.a1"	312440	[0, 0, 0, -148, 772]	[[6, 10], [16, 50], [-14, 10]]
"312489.b1"	312489	[1, -1, 1, -74, -8]	[[-8, 8], [10, 8], [19, 62]]
"312524.a1"	312524	[0, 0, 0, -679, 766]	[[-13, 86], [159, 1978], [30, 86]]
"312582.a1"	312582	[1, 1, 0, -1436, 20364]	[[25, 17], [-34, 194], [22, -6]]
"312681.a1"	312681	[0, -1, 1, -8, 50]	[[-1, 7], [-4, 1], [5, 10]]
"312709.a1"	312709	[1, 0, 0, -17, -4]	[[-1, 4], [-4, 0], [-1/2, 5/2]]
"312793.a1"	312793	[0, 0, 1, -79, 252]	[[3, 6], [-10, 6], [4, 0]]
"312812.a1"	312812	[0, -1, 0, -9, 58]	[[1, 7], [3, 7], [7, 17]]
"312880.b1"	312880	[0, -1, 0, -496, 2720]	[[28, 100], [-22, 50], [20, 20]]
"312890.a1"	312890	[1, -1, 0, -649, 4393]	[[32, 109], [7, 9], [22, 9]]
"312914.d1"	312914	[1, 0, 0, -18649, 976569]	[[50, 387], [74, 19], [-118, 1299]]
"312914.d2"	312914	[1, 0, 0, -729, 26809]	[[18, 131], [-6, 179], [34, 187]]
"312975.a1"	312975	[0, 0, 1, -225, 4556]	[[45, 292], [6, 58], [0, 67]]
"312996.a1"	312996	[0, -1, 0, -100, 136]	[[-2, 18], [10, 6], [1, 6]]
"312999.a1"	312999	[1, 0, 0, -289, 1820]	[[5, 20], [11, -7], [8, 2]]
"313059.b1"	313059	[0, 1, 1, -262, 1702]	[[8, 13], [17, 49], [-19, 13]]
"313122.c1"	313122	[1, 0, 1, -997, 6944]	[[-17, 146], [52, 284], [-2, 95]]
"313158.a1"	313158	[1, 1, 0, -6342, 237780]	[[71, 354], [276, 4290], [-52, 682]]
"313168.c1"	313168	[0, 1, 0, -1096, 13668]	[[8, 74], [16, 22], [-29, 148]]
"313171.a1"	313171	[0, 1, 1, 158, -118]	[[2, 14], [60, 478], [177/4, 3535/4]]
"313183.a1"	313183	[0, 1, 1, 39, 42]	[[0, 6], [2, 11], [-3/2, 25/2]]
"313256.a1"	313256	[0, 0, 0, -55, -38]	[[-3, 10], [-1, 4], [-7, 2]]
"313312.a1"	313312	[0, 0, 0, -35, 134]	[[1, 10], [-7, 6], [-2, 14]]
"313348.a1"	313348	[0, 0, 0, -4693, -64619]	[[-57, 133], [-29, 217], [76, 133]]
"313373.a1"	313373	[0, 1, 1, -23, -42]	[[-2, 0], [-4, 1], [-11/2, 19/2]]
"313382.a1"	313382	[1, -1, 0, -73, 205]	[[2, 7], [10, 15], [-6, 23]]
"313400.c1"	313400	[0, -1, 0, 52, 292]	[[2, 20], [12, 50], [-3, 10]]
"313434.c1"	313434	[1, -1, 0, -33576, 2376448]	[[107, -70], [96, 128], [152, 800]]
"313434.d1"	313434	[1, -1, 0, -306, 688]	[[-7, 53], [26, 86], [-18, 20]]
"313479.d1"	313479	[0, 0, 1, -102, -394]	[[-6, 1], [12, 10], [22, 89]]
"313515.a1"	313515	[0, 0, 1, -183, -162]	[[-4, 22], [-1, 4], [-13, 4]]
"313536.bm1"	313536	[0, 1, 0, -43649, 3467391]	[[175, 1104], [79, 720], [37, 1380]]
"313536.bm2"	313536	[0, 1, 0, -4769, -39585]	[[79, 288], [97, 648], [-47, 288]]
"313558.d1"	313558	[1, 0, 0, -29574, 1317988]	[[-148, 1642], [-84, 1834], [44, 298]]
"313674.a1"	313674	[1, 1, 0, -34, -56]	[[-2, 4], [-5, 7], [-4, 8]]
"314025.a1"	314025	[0, -1, 1, -9958, 385818]	[[57, 12], [58, 1], [61, 40]]
"314036.a1"	314036	[0, 0, 0, 17, 214]	[[-1, 14], [-5, 2], [7, 26]]
"314072.c1"	314072	[0, -1, 0, -2057, 37741]	[[5, 166], [35, 86], [269/2, 3569/2]]
"314111.a1"	314111	[1, 1, 1, -14525, 672516]	[[72, 44], [1038, 32727], [156, 1416]]
"314136.d1"	314136	[0, 0, 0, -723, 7459]	[[17, 9], [14, 9], [65/2, 9/2]]
"314200.d1"	314200	[0, -1, 0, -3633, 87637]	[[57, 250], [7, 250], [87, 650]]
"314202.b1"	314202	[1, 0, 1, -288, 8362]	[[-16, 102], [11, 75], [173, 2181]]
"314222.a1"	314222	[1, 0, 1, -77, 300]	[[9, 14], [-10, 14], [5, 4]]
"314248.a1"	314248	[0, 1, 0, 45, -38]	[[6, 22], [17, 77], [2, 8]]
"314318.a1"	314318	[1, 1, 0, -1244, 16336]	[[24, 20], [-40, 84], [29, 61]]
"314408.a1"	314408	[0, 0, 0, -148, 676]	[[6, 2], [8, 2], [10, 14]]
"314419.a1"	314419	[0, -1, 1, -120, 132]	[[-6, 24], [1, 3], [43, 269]]
"314433.a1"	314433	[0, 0, 1, -125391, 17053580]	[[840, 22459], [189, 325], [81, 2725]]
"314448.bb1"	314448	[0, 1, 0, 2648, 174836]	[[-34, 216], [20, 486], [-10, 384]]
"314459.a1"	314459	[0, 0, 1, 17, 0]	[[0, 0], [2, 6], [4, 11]]
"314535.a1"	314535	[0, -1, 1, -1126, 13782]	[[1, 112], [28, 58], [229/2, 2921/2]]
"314559.c1"	314559	[0, 0, 1, -48, 1120]	[[4, 31], [10, 40], [-10, 24]]
"314562.c1"	314562	[1, 0, 1, -7437, -213176]	[[251, 3582], [-37, -90], [-64, 72]]
"314570.d1"	314570	[1, 0, 0, -6070, 187812]	[[44, 58], [64, 218], [14, 318]]
"314634.g1"	314634	[1, 0, 1, 125, 1070]	[[-5, 20], [4, 38], [19, 92]]
"314664.a1"	314664	[0, -1, 0, -3760, -80324]	[[-34, 84], [78, 308], [-27, 28]]
"314664.a2"	314664	[0, -1, 0, -820, 7876]	[[8, 42], [36, 154], [1, 84]]
"314704.e1"	314704	[0, 1, 0, -100368, 12194644]	[[170, 272], [-238, 4760], [178, 24]]
"314704.e2"	314704	[0, 1, 0, -7808, 87796]	[[140, 1326], [-30, 544], [106, 680]]
"314718.c1"	314718	[1, 0, 1, -307, 5714]	[[31, 146], [-23, 38], [13, 56]]
"314736.d1"	314736	[0, -1, 0, -664, 6640]	[[12, 16], [28, 96], [-4, 96]]
"314752.b1"	314752	[0, 1, 0, -35, -83]	[[-3, 2], [-4, 3], [12, 37]]
"314800.k1"	314800	[0, -1, 0, -2008, 6512]	[[52, 200], [-28, 200], [77, 550]]
"314825.a1"	314825	[0, 1, 1, -3838, 90584]	[[37, 24], [23, 122], [-61, 318]]
"314838.a1"	314838	[1, -1, 0, -4221, 106623]	[[39, -6], [37, -10], [51, 123]]
"314838.d1"	314838	[1, -1, 1, -689, 15329]	[[-9, 148], [39, 196], [-33, 52]]
"314937.a1"	314937	[0, 0, 1, -111, 616]	[[1, 22], [10, 22], [7, 13]]
"314998.a1"	314998	[1, -1, 0, 14, 148]	[[-4, 6], [4, 14], [12, 38]]
"314998.b1"	314998	[1, 1, 0, 1291, 27241]	[[-10, 121], [222, 3253], [77, 730]]
"315010.e1"	315010	[1, 1, 0, -422668, 105591572]	[[392, 382], [1279/2, 13171/2], [3409/3, -1501/3]]
"315027.a1"	315027	[0, 0, 1, -20709, 1148492]	[[57, 391], [138, 958], [67, 248]]
"315050.m1"	315050	[1, 0, 0, -87188, 9902992]	[[192, 404], [172, -36], [72, 1964]]
"315056.a1"	315056	[0, 0, 0, -1627, 163210]	[[-1, 406], [-43, 392], [-59, 232]]
"315166.a1"	315166	[1, 1, 0, -62, 70]	[[9, 14], [-1/2, 75/2], [-3, 17]]
"315171.b1"	315171	[0, 0, 1, -243, 1460]	[[9, 1], [12, 16], [10, 5]]
"315186.a1"	315186	[1, 1, 0, -9, 261]	[[-6, -9], [2, 15], [10, 31]]
"315218.b1"	315218	[1, 1, 0, -107, -467]	[[-6, 5], [-7, 4], [78, 649]]
"315288.a1"	315288	[0, 0, 0, 333, 1630]	[[47, 348], [-1, 36], [15, 100]]
"315296.a1"	315296	[0, 1, 0, -385, 2799]	[[11, 4], [9, 12], [19, 52]]
"315322.a1"	315322	[1, -1, 0, -943, -8351]	[[-17, 59], [185, 2382], [38, 79]]
"315394.a1"	315394	[1, 0, 1, 13, 34]	[[1, 6], [-2, 1], [4, 10]]
"315483.a1"	315483	[0, -1, 1, -10645, 426312]	[[60, 3], [-80, 871], [261/2, 577/2]]
"315486.d1"	315486	[1, -1, 1, -5207, 347375]	[[-69, 646], [3, 574], [33, 442]]
"315552.d1"	315552	[0, -1, 0, -10449, 413505]	[[53, 76], [72, 171], [117/2, 2907/2]]
"315600.a1"	315600	[0, -1, 0, -408, 21312]	[[-28, 100], [72, 600], [22, 150]]
"315678.d1"	315678	[1, 0, 1, -320, 2450]	[[15, 25], [-18, 58], [27/2, 167/2]]
"315962.a1"	315962	[1, 0, 1, -61, 84]	[[9, 12], [-8, 12], [7, 0]]
"315968.a1"	315968	[0, 1, 0, -417, 3199]	[[11, 8], [-5, 72], [13, 12]]
"315991.a1"	315991	[0, 0, 1, -233, -1398]	[[21, 54], [130, 1471], [348, 6485]]
"316032.i1"	316032	[0, 1, 0, -2137, 22199]	[[59, 324], [5, 108], [-22, 243]]
"316068.b1"	316068	[0, 1, 0, -17, 7584]	[[-11, 81], [16, 108], [-20, 18]]
"316100.a1"	316100	[0, 1, 0, -5133, 120988]	[[23, 125], [73, 375], [53, 25]]
"316100.a2"	316100	[0, 1, 0, 8492, 665988]	[[88, 1450], [-28, 638], [204, 3306]]
"316116.a1"	316116	[0, 0, 0, -111, 790]	[[-1, 30], [11, 30], [-13, 6]]
"316285.b1"	316285	[0, 1, 1, -4961, 132681]	[[-41, 518], [141/2, 423/2], [2139/7, 11754/7]]
"316308.a1"	316308	[0, -1, 0, -85, 241]	[[3, 2], [-1, 18], [-9, 14]]
"316320.c1"	316320	[0, 1, 0, -3761, 89439]	[[79, 540], [34, 45], [25, 108]]
"316371.a1"	316371	[1, 1, 1, 22, -16]	[[1, 2], [6, 16], [2, 5]]
"316371.b1"	316371	[0, 1, 1, 61, 182]	[[4, 22], [-2, 7], [10, 43]]
"316430.a1"	316430	[1, 0, 1, -3508, 79806]	[[40, 42], [15, 167], [-10, 342]]
"316436.b1"	316436	[0, 0, 0, -512, 4537]	[[42, 239], [12, 11], [-71/2, 717/2]]
"316458.a1"	316458	[1, -1, 0, -1521, 23193]	[[21, 3], [24, -3], [48, 219]]
"316479.a1"	316479	[0, -1, 1, -590, -4618]	[[71, 553], [-11, 20], [30, 61]]
"316480.l1"	316480	[0, -1, 0, -8161, 300161]	[[-35, 736], [11, 460], [103, 736]]
"316480.n1"	316480	[0, -1, 0, -31681, 2182625]	[[61, 688], [1237/3, 17200/3], [-25, 1720]]
"316558.a1"	316558	[1, -1, 1, -138, 393]	[[-11, 27], [11, 5], [33, 159]]
"316609.b1"	316609	[0, 1, 1, -537, 5148]	[[-16, 99], [4, 55], [53/2, 181/2]]
"316691.a1"	316691	[0, 0, 1, -4, 27]	[[-1, 5], [-3, 3], [3, 6]]
"316704.a1"	316704	[0, -1, 0, 14, -68]	[[4, 6], [7, 18], [22, 102]]
"316771.c1"	316771	[0, 1, 1, -408437, 247484370]	[[1986, 85284], [334, 12183], [-2991/8, 8357625/8]]
"316771.c2"	316771	[0, 1, 1, -25527, -1581180]	[[216, 1740], [334, 5221], [8825/4, 790155/4]]
"316771.c3"	316771	[0, 1, 1, 44093, -7787803]	[[511, 12183], [157, 1740], [4109/2, 268033/2]]
"316965.a1"	316965	[0, -1, 1, 564, 51896]	[[24, 280], [211, 3085], [-158/3, 5129/3]]
"316976.c1"	316976	[0, 1, 0, -177904, 28822740]	[[242, 32], [114, 3168], [235, 220]]
"317008.b1"	317008	[0, -1, 0, 88, 496]	[[-4, 8], [12, 56], [44, 296]]
"317024.a1"	317024	[0, -1, 0, -209, -1055]	[[-7, 4], [-9, 4], [23, 76]]
"317076.a1"	317076	[0, -1, 0, -188, 984]	[[14, 30], [6, 6], [10, 2]]
"317079.a1"	317079	[0, 0, 1, -1911, 24610]	[[-14, 220], [49, 220], [112, 1102]]
"317144.a1"	317144	[0, 1, 0, -10155, 391834]	[[-79, 841], [37, 261], [130/3, 13456/3]]
"317155.a1"	317155	[1, 0, 0, -31, -30]	[[-2, 6], [-1, 1], [-5, 5]]
"317268.a1"	317268	[0, 0, 0, -15384, 734596]	[[68, 54], [44, 378], [72, 14]]
"317360.d1"	317360	[0, 0, 0, -1043, 13842]	[[41, 200], [-9, 150], [9, 72]]
"317400.b1"	317400	[0, -1, 0, -153, 477]	[[-3, 30], [3, 6], [12, 15]]
"317448.a1"	317448	[0, 0, 0, -87, 410]	[[1, 18], [7, 12], [5, 10]]
"317499.a1"	317499	[0, -1, 1, -540, 5942]	[[8, 45], [99, 955], [21, 58]]
"317568.d1"	317568	[0, -1, 0, -121, -311]	[[-5, 12], [-3, 4], [13, 12]]
"317668.a1"	317668	[0, 1, 0, -8130, 273289]	[[66, 169], [-90, 533], [40, 117]]
"317691.a1"	317691	[0, 0, 1, -1257, 25486]	[[-32, 181], [34, 148], [331, 5989]]
"317720.m1"	317720	[0, -1, 0, -576, 5485]	[[21, 47], [37/2, 235/2], [142/3, 235/3]]
"317778.a1"	317778	[1, 0, 1, -63, 622]	[[-7, 30], [11, 30], [2, 21]]
"317789.a1"	317789	[0, 1, 1, -17, 0]	[[0, 0], [-2, 5], [4, 3]]
"317800.a1"	317800	[0, 0, 0, -1900, 34900]	[[20, 70], [34, 98], [6, 154]]
"317872.a1"	317872	[0, 1, 0, -264, 1780]	[[14, 32], [-2, 48], [-18, 32]]
"317888.f1"	317888	[0, 0, 0, -44, 624]	[[6, 24], [-10, 8], [38, 232]]
"317905.a1"	317905	[1, -1, 1, -33, 102]	[[3, 3], [-2, 13], [8, 13]]
"317965.a1"	317965	[0, 0, 1, 632, -2511]	[[9, 62], [161/2, 2371/2], [259, 4187]]
"318024.a1"	318024	[0, 0, 0, -10092, 387700]	[[68, 126], [-58, 882], [194, 2394]]
"318177.a1"	318177	[0, 0, 1, -24, 65]	[[3, 4], [-3, 10], [7, 15]]
"318245.a1"	318245	[1, 0, 0, -50, 7]	[[-1, 8], [-6, 13], [9, 13]]
"318258.d1"	318258	[1, -1, 1, -13061, 576765]	[[63, 0], [-1, 768], [143, 1200]]
"318554.a1"	318554	[1, -1, 0, -34, 4]	[[0, 2], [-4, 10], [8, 10]]
"318691.a1"	318691	[1, -1, 1, -154, 772]	[[7, -2], [4, 12], [11, 12]]
"318808.a1"	318808	[0, 0, 0, -916, 13060]	[[-32, 98], [10, 70], [17, 49]]
"318825.a1"	318825	[0, 0, 1, -1065, 13806]	[[11, 58], [20, 22], [24, 45]]
"318876.c1"	318876	[0, 1, 0, -1825, 28424]	[[29, 27], [-25, 243], [56, 324]]
"318880.a1"	318880	[0, 0, 0, 52, 672]	[[-4, 20], [-6, 12], [2, 28]]
"318927.a1"	318927	[0, -1, 1, -16612, 756720]	[[295, 4630], [-48, 1200], [50, 220]]
"318941.a1"	318941	[0, 1, 1, -408, 3168]	[[-12, 80], [11, 11], [34, 172]]
"319025.a1"	319025	[1, -1, 1, -30, 372]	[[-6, 20], [4, 15], [-1, 20]]
"319071.a1"	319071	[0, 1, 1, -64, 118]	[[-1, 13], [2, 1], [8, 13]]
"319098.a1"	319098	[1, 1, 0, 136, 444]	[[11, 53], [-2, 14], [6, 36]]
"319098.h1"	319098	[1, 0, 1, -1170, 30052]	[[5, 153], [-34, 192], [317, 5457]]
"319207.a1"	319207	[1, 0, 0, 29, 42]	[[-1, 4], [6, 18], [11, 36]]
"319306.b1"	319306	[1, -1, 1, -36, 327]	[[5, 13], [-3, 21], [13, 37]]
"319338.a1"	319338	[1, -1, 0, -2034, -33116]	[[-25, 53], [56, 134], [137, 1430]]
"319369.a1"	319369	[1, -1, 1, -14991, 710196]	[[634/3, -770/3], [71, -37], [72, -21]]
"319734.a1"	319734	[1, -1, 0, -59814, 5589684]	[[60, 1458], [-68, 3090], [123, 225]]
"319754.a1"	319754	[1, -1, 1, -451, 28867]	[[43, 274], [91/3, 4142/3], [23, 162]]
"319889.a1"	319889	[1, 0, 0, -33, 1906]	[[27, 131], [-7, 46], [18, 76]]
"320194.a1"	320194	[1, 0, 0, -1565, 30001]	[[-30, 239], [34, 111], [18, 79]]
"320220.a1"	320220	[0, 0, 0, -408, 3193]	[[14, 15], [11, 6], [-1, 60]]
"320338.c1"	320338	[1, 1, 1, -612, 5605]	[[13, 1], [17, 13], [5, 49]]
"320400.b1"	320400	[0, 0, 0, -5475, 156850]	[[5, 360], [35, 90], [50, 90]]
"320418.a1"	320418	[1, -1, 0, -306, 9828]	[[3, 93], [24, 114], [192, 2550]]
"320590.a1"	320590	[1, 0, 1, -674, 6672]	[[15, -9], [16, -1], [59/2, -73/2]]
"320654.a1"	320654	[1, 0, 0, -1830, 118756]	[[-52, 298], [-20, 394], [44, 330]]
"320662.c1"	320662	[1, 0, 0, -147, 289]	[[-2, 25], [14, 25], [2, 1]]
"320698.c1"	320698	[1, 0, 0, -9085, 331761]	[[58, -1], [30, 279], [466/3, 85/3]]
"320712.a1"	320712	[0, -1, 0, -257, 1509]	[[-1, 42], [13, 14], [-15, 42]]
"320954.a1"	320954	[1, 0, 0, -443, 3553]	[[12, -5], [14, 5], [24, 71]]
"320976.b1"	320976	[0, 0, 0, -1539, 20034]	[[33, 72], [15, 18], [105, 1008]]
"321046.a1"	321046	[1, 0, 1, 478, 756]	[[77, 665], [13, 89], [-11/3, 355/3]]
"321062.a1"	321062	[1, -1, 0, -3379, 102469]	[[50, 213], [71, 430], [-62, 297]]
"321134.a1"	321134	[1, 0, 1, -113, 372]	[[-1, 22], [10, 11], [-12, 0]]
"321159.a1"	321159	[0, -1, 1, -114, 506]	[[6, 1], [7, 1], [3, 13]]
"321159.b1"	321159	[0, -1, 1, -93, -286]	[[-6, 4], [12, 13], [-96/5, -67/5]]
"321280.a1"	321280	[0, 1, 0, -31, 45]	[[1, 4], [4, 1], [9, 24]]
"321282.a1"	321282	[1, -1, 0, -156, 828]	[[-6, 42], [7, 3], [33, 159]]
"321295.a1"	321295	[1, 0, 0, -546, 4801]	[[15, -1], [-24, 77], [41, 207]]
"321351.a1"	321351	[1, 0, 0, -12087, 510624]	[[99, 486], [48, 180], [243/2, 63/2]]
"321369.a1"	321369	[0, -1, 1, -28, 84]	[[4, 4], [1, 7], [7, 13]]
"321386.a1"	321386	[1, -1, 0, -2390, 45572]	[[31, 8], [28, -10], [49, 186]]
"321386.c1"	321386	[1, 0, 0, -7117, 202641]	[[-68, 645], [26, 175], [610/3, 3973/3]]
"321425.a1"	321425	[0, 1, 1, -2158, 52094]	[[13, 162], [73, 537], [-13, 279]]
"321451.a1"	321451	[0, -1, 1, -92, -210]	[[15, 39], [-19/2, 75/2], [-23/3, 26/3]]
"321605.a1"	321605	[0, 0, 1, -2458, 57813]	[[-1, 245], [981, 30687], [1409/8, 61119/8]]
"321651.a1"	321651	[0, 0, 1, 171, 812]	[[0, 28], [19, 104], [-38/3, 91/3]]
"321690.b1"	321690	[1, 1, 1, -2661, 55083]	[[31, 44], [7, 188], [39, 92]]
"321723.a1"	321723	[0, 0, 1, -1335, 18904]	[[16, 40], [43, 202], [-38, 121]]
"321723.b1"	321723	[0, 0, 1, 114, 2160]	[[-4, 40], [50, 364], [65/2, 725/2]]
"321777.a1"	321777	[1, -1, 1, -104, 614]	[[3, 16], [6, 10], [12, 25]]
"321790.d1"	321790	[1, -1, 1, -1818, 26457]	[[13, 63], [-15, 231], [41, 119]]
"321840.c1"	321840	[0, 0, 0, -2883, 59618]	[[29, 20], [31, 6], [37, 60]]
"321895.a1"	321895	[0, 1, 1, -1926, -26904]	[[69, 416], [-33, 42], [52, 127]]
"321950.d1"	321950	[1, -1, 0, -5507, 227301]	[[50, 249], [-509/3, 16861/3], [611/2, 13089/2]]
"321951.a1"	321951	[1, 1, 1, -67, -118]	[[-2, 4], [12, 25], [19, 67]]
"321984.g1"	321984	[0, 0, 0, -2076, 8240]	[[82, 624], [56, 260], [-8, 156]]
"321984.g2"	321984	[0, 0, 0, 504, 1016]	[[1, 39], [14, 104], [25, 171]]
"321990.b1"	321990	[1, 0, 1, -27543, 1730806]	[[80, 162], [35, 882], [110, 132]]
"321998.a1"	321998	[1, 0, 1, -640, 5070]	[[105, 995], [-26, 78], [9, 3]]
"322031.a1"	322031	[0, -1, 1, -6094, 93754]	[[206, 2745], [-341/5, 52102/5], [-83, 144]]
"322070.b1"	322070	[1, -1, 0, -1174, 15568]	[[17, 9], [-18, 184], [7, 84]]
"322074.f1"	322074	[1, -1, 0, -5790, 171032]	[[28, 160], [44, -20], [46, -2]]
"322132.a1"	322132	[0, 1, 0, -410, 3049]	[[6, 29], [10, 7], [-23, 29]]
"322277.b1"	322277	[0, 1, 1, -1129, 14231]	[[19, 0], [17, 15], [175/3, 64/3]]
"322296.a1"	322296	[0, -1, 0, -81, 117]	[[-3, 18], [9, 6], [1, 6]]
"322385.b1"	322385	[1, 1, 1, -2421, 26368]	[[242, 3578], [46, 99], [64/3, 2533/3]]
"322440.a1"	322440	[0, -1, 0, -36, 765]	[[18, 75], [-7, 25], [-3/2, 225/2]]
"322454.a1"	322454	[1, 0, 1, -61, 180]	[[5, 0], [4, 0], [1, 10]]
"322480.d1"	322480	[0, 0, 0, -2107, 37306]	[[37, 100], [27, 10], [25, 16]]
"322493.c1"	322493	[0, 1, 1, -39, 166]	[[-2, 15], [-8, 5], [136/5, 1441/5]]
"322502.a1"	322502	[1, -1, 0, -31, -47]	[[-2, 3], [-4, 3], [-3, 5]]
"322531.b1"	322531	[1, 0, 1, 15, -13]	[[1, 1], [5, 11], [13/3, 65/3]]
"322578.a1"	322578	[1, -1, 0, 39, -27]	[[3, 9], [1, 3], [7, 20]]
"322578.c1"	322578	[1, -1, 1, -8294, 293109]	[[53, -9], [41, 123], [57, 27]]
"322623.a1"	322623	[1, -1, 1, -47, -80]	[[-2, 2], [-5, 5], [-4, 7]]
"322640.b1"	322640	[0, -1, 0, -981, 11881]	[[0, 109], [21, 10], [109/2, 545/2]]
"322656.a1"	322656	[0, -1, 0, -97, 1681]	[[-11, 36], [7, 36], [-3, 44]]
"322671.a1"	322671	[0, -1, 1, -120, -448]	[[-6, 4], [-5, 1], [-7, 0]]
"322690.b1"	322690	[1, 1, 0, -68, 172]	[[6, 2], [-4, 22], [2, 6]]
"322786.a1"	322786	[1, -1, 0, -1238, 17124]	[[35, 108], [20, -2], [309/4, 135/4]]
"322848.g1"	322848	[0, 0, 0, -51276, 4466176]	[[126, 76], [134, 36], [164, 684]]
"322848.g2"	322848	[0, 0, 0, -2541, 99520]	[[-7, 342], [12, 266], [-37, 378]]
"323007.a1"	323007	[0, 1, 1, -52, -50]	[[-7, 4], [-1, 1], [-4, 10]]
"323007.d1"	323007	[0, 1, 1, -43927, 3528985]	[[101, 364], [119, 31], [209, 1876]]
"323037.a1"	323037	[0, 0, 1, -1533, 24732]	[[41, 175], [15, 71], [158, 1930]]
"323148.c1"	323148	[0, 1, 0, -4725, 142884]	[[-63, 441], [63, 315], [21, 231]]
"323150.j1"	323150	[1, 0, 0, -57938, 5983492]	[[12, 2294], [-188, 3294], [4612, 310494]]
"323241.a1"	323241	[0, -1, 1, -24, 74]	[[3, 4], [6, 10], [-3, 10]]
"323282.b1"	323282	[1, -1, 1, -207, 3735]	[[-13, 70], [19, 70], [3, 54]]
"323351.a1"	323351	[1, 0, 0, -1373, 19144]	[[25, 12], [11, 68], [-145/2, 1321/2]]
"323354.a1"	323354	[1, 0, 0, -81, 169]	[[2, 3], [-2, 19], [0, 13]]
"323562.b1"	323562	[1, 1, 0, -10, 64]	[[-2, 10], [1, 7], [-5, 7]]
"323670.a1"	323670	[1, 1, 0, -218, 1188]	[[8, 2], [4, 18], [-16, 38]]
"323757.a1"	323757	[1, -1, 1, -12224, 523342]	[[64, -43], [22, 503], [-76, -967]]
"323773.a1"	323773	[1, 1, 1, -574, 5040]	[[-10, -95], [109/3, 22/3], [189, 2492]]
"323817.b1"	323817	[0, -1, 1, -234, 8210]	[[5, 84], [18, 97], [343, 6337]]
"323825.a1"	323825	[0, 0, 1, -325, 1656]	[[5, 12], [15, 12], [30, 137]]
"323860.a1"	323860	[0, -1, 0, -605, 1897]	[[-1, 50], [-21, 70], [99, 950]]
"323946.a1"	323946	[1, -1, 0, -288, 1980]	[[6, 18], [12, 6], [27, 102]]
"323991.a1"	323991	[1, -1, 1, 13, 40]	[[-2, 2], [-1, 5], [7, 17]]
"324002.b1"	324002	[1, -1, 1, -1206, 16581]	[[17, 19], [25, 27], [73, 523]]
"324094.a1"	324094	[1, 1, 0, -366, 2620]	[[-17, 74], [63/2, 199/2], [109/3, 164/3]]
"324240.a1"	324240	[0, -1, 0, -1496, 22320]	[[28, 40], [13, 70], [18, 30]]
"324240.a2"	324240	[0, -1, 0, 184, 68016]	[[-14, 250], [61, 550], [186, 2550]]
"324384.j1"	324384	[0, 1, 0, -60017, 5644479]	[[-125, 3348], [91, 972], [145, 108]]
"324402.g1"	324402	[1, 1, 1, -3172, 103397]	[[-35, 433], [17, 225], [-61, 303]]
"324406.b1"	324406	[1, -1, 1, -3954, 96369]	[[1, 303], [33, 15], [49, 111]]
"324620.a1"	324620	[0, 0, 0, 68, 169]	[[-2, 5], [8, 35], [18, 85]]
"324648.a1"	324648	[0, 0, 0, -1134, 14661]	[[18, 9], [9, 72], [-18, 171]]
"324648.b1"	324648	[0, 0, 0, -54, -99]	[[-6, 3], [-3, 6], [-2, 1]]
"324802.b1"	324802	[1, -1, 1, -2701, 37301]	[[47, 88], [-1, 200], [11, 88]]
"324802.b2"	324802	[1, -1, 1, 7539, 246197]	[[63, 952], [29, 684], [495, 10936]]
"324853.a1"	324853	[0, 1, 1, -244, 878]	[[-11, 48], [-2/3, 811/3], [-4, 42]]
"324936.a1"	324936	[0, 0, 0, -2514, 48521]	[[28, 9], [29, 2], [32, 29]]
"325020.b1"	325020	[0, -1, 0, -70380, 7210872]	[[174, 450], [-126, 3750], [154, 30]]
"325038.a1"	325038	[1, 1, 0, 3812, 28084]	[[562, 13138], [-5, 97], [65, 713]]
"325104.b1"	325104	[0, -1, 0, 616, 4848]	[[28, 208], [2, 78], [-7, 12]]
"325107.a1"	325107	[0, 0, 1, -21, 90]	[[2, 7], [-1, 10], [5, 10]]
"325130.c1"	325130	[1, 0, 1, -3528, 80198]	[[37, 7], [24, 85], [49, 135]]
"325130.c2"	325130	[1, 0, 1, -2308, 136806]	[[15, 317], [-15, 417], [-63, 213]]
"325243.a1"	325243	[0, 1, 1, -4, 26]	[[-1, 5], [2, 5], [-3, 4]]
"325308.a1"	325308	[0, 1, 0, -277, 1271]	[[5, 6], [-7, 54], [-19, 6]]
"325346.b1"	325346	[1, -1, 0, -371, 2853]	[[11, -2], [18, 33], [9, 9]]
"325377.a1"	325377	[1, -1, 1, -218, 2998]	[[16, 50], [-2, 59], [133, 1454]]
"325395.h1"	325395	[0, 0, 1, 72, 154]	[[4, 22], [1/2, 101/2], [16, 73]]
"325420.d1"	325420	[0, -1, 0, -86, 361]	[[6, 5], [-4, 25], [11, 25]]
"325430.a1"	325430	[1, 0, 1, -74, 72]	[[-9, 9], [-6, 20], [15, 41]]
"325430.a2"	325430	[1, 0, 1, 276, 632]	[[-2, 9], [4, 40], [10, 61]]
"325456.a1"	325456	[0, -1, 0, -224, 1024]	[[0, 32], [-16, 16], [32, 160]]
"325485.a1"	325485	[1, -1, 1, -10802, 434404]	[[67, 56], [112, 731], [223/2, 223/2]]
"325494.e1"	325494	[1, -1, 0, -22203, 1278369]	[[75, 138], [84, -69], [88, -31]]
"325494.e2"	325494	[1, -1, 0, -1143, 27405]	[[66, 453], [-15, 210], [39, 183]]
"325528.a1"	325528	[0, 1, 0, -105, -101]	[[-3, 14], [11, 14], [-1, 2]]
"325550.a1"	325550	[1, 0, 1, 99, 8948]	[[32, 196], [7, 96], [-18, 46]]
"325560.b1"	325560	[0, -1, 0, -56, 81]	[[-4, 15], [1, 5], [0, 9]]
"325580.a1"	325580	[0, 1, 0, -830, 8953]	[[16, 5], [26, 75], [18, 13]]
"325672.b1"	325672	[0, 0, 0, -71, 170]	[[1, 10], [7, 4], [-5, 20]]
"325719.a1"	325719	[0, 0, 1, -381, 2830]	[[10, 4], [7, 22], [1, 49]]
"325790.a1"	325790	[1, 0, 1, -73, 156]	[[-5, 22], [15, 42], [0, 12]]
"325800.a1"	325800	[0, 0, 0, -975, 16850]	[[25, 90], [-35, 90], [55, 360]]
"325848.e1"	325848	[0, 1, 0, -492, 13104]	[[30, 162], [-24, 108], [3, 108]]
"325871.a1"	325871	[0, 0, 1, 464, 2957]	[[19, 136], [5, 73], [-11/3, 1306/3]]
"326080.c1"	326080	[0, 1, 0, -121, 519]	[[7, 8], [5, 8], [-5, 32]]
"326120.a1"	326120	[0, 0, 0, -3622, 83761]	[[32, 25], [37, 20], [-43, 400]]
"326138.a1"	326138	[1, -1, 0, -25, -23]	[[-2, 5], [-4, 1], [-1, 1]]
"326192.f1"	326192	[0, -1, 0, -96, 5872]	[[6, 74], [-18, 38], [1, 76]]
"326199.a1"	326199	[0, -1, 1, -5554, 161184]	[[63, 239], [43, 4], [42, 15]]
"326218.a1"	326218	[1, 0, 0, -1168, 20736]	[[32, 112], [0, 144], [160, 1904]]
"326230.a1"	326230	[1, 0, 1, -154, 636]	[[9, -3], [1, 21], [4, 7]]
"326230.a2"	326230	[1, 0, 1, 226, 3372]	[[15, 93], [-6, 45], [-9, 29]]
"326244.a1"	326244	[0, -1, 0, 35, 361]	[[-5, 6], [7, 30], [-1, 18]]
"326305.a1"	326305	[1, 0, 0, -636, 2341]	[[-19, 97], [-5, 76], [4/3, 1219/3]]
"326306.e1"	326306	[1, 0, 0, -1552, 3456]	[[116, 1120], [-8, 128], [1294, 45884]]
"326325.a1"	326325	[1, 1, 1, -183, 756]	[[10, 2], [0, 27], [4, 8]]
"326325.a2"	326325	[1, 1, 1, 292, 4556]	[[0, 67], [-9, 40], [-10, 32]]
"326559.a1"	326559	[0, -1, 1, -15, 677]	[[45, 298], [-19/2, 195/2], [7/3, 683/3]]
"326595.a1"	326595	[0, -1, 1, -136, -258]	[[16, 37], [-9, 12], [-11/2, 71/2]]
"326699.a1"	326699	[0, -1, 1, -6, 30]	[[0, 5], [3, 5], [-3, 3]]
"326706.a1"	326706	[1, 1, 0, -3479, 77541]	[[35, -4], [34, -15], [30, 21]]
"326758.a1"	326758	[1, -1, 0, 452, -2480]	[[17, 91], [216, 3076], [72, 596]]
"326800.c1"	326800	[0, 1, 0, -6208, 187188]	[[28, 190], [58, 160], [218, 3040]]
"326837.a1"	326837	[0, 1, 1, -68, 78]	[[1, 3], [8, 10], [-2, 14]]
"326876.a1"	326876	[0, 0, 0, -4057, 124825]	[[-7, 391], [-53, 437], [16, 253]]
"326913.b1"	326913	[0, 1, 1, -4032, 97220]	[[36, 4], [45, 94], [33, 34]]
"326920.a1"	326920	[0, 0, 0, -103, 202]	[[1, 10], [11, 20], [-9, 20]]
"326953.a1"	326953	[0, 0, 1, -367, 2886]	[[15, 27], [4, 38], [-7, 71]]
"326975.c1"	326975	[1, -1, 1, -301105, -63519478]	[[-316, 145], [1575, 57241], [1784, 70345]]
"326975.c2"	326975	[1, -1, 1, -19230, -943228]	[[-66, 220], [-86, 305], [184, 1220]]
"326975.c3"	326975	[1, -1, 1, -4105, 85272]	[[54, 110], [4, 260], [24, 0]]
"326975.c4"	326975	[1, -1, 1, 20645, -4372478]	[[154, 1485], [124, 225], [574, 13725]]
"327016.a1"	327016	[0, -1, 0, -545, 4981]	[[20, 41], [-21, 82], [139/3, 82/3]]
"327140.a1"	327140	[0, 0, 0, -52468, 4625233]	[[126, 121], [-116, 3025], [434, 7975]]
"327204.a1"	327204	[0, 0, 0, -552, 5065]	[[14, 9], [20, 45], [11, 18]]
"327360.c1"	327360	[0, -1, 0, -881, 8625]	[[1, 88], [89, 792], [8, 45]]
"327360.c2"	327360	[0, -1, 0, -261, -1419]	[[-7, 4], [25, 84], [-35/2, 87/2]]
"327525.a1"	327525	[0, -1, 1, -808, -1332]	[[-13, 82], [97, 907], [42, 192]]
"327694.a1"	327694	[1, 0, 1, -91, -330]	[[-5, 4], [-6, 5], [19, 60]]
"327710.a1"	327710	[1, 0, 0, -601, -1095]	[[-22, 51], [-6, 51], [-2, -9]]
"327824.g1"	327824	[0, -1, 0, -448, 3584]	[[16, 16], [-16, 80], [80, 688]]
"327876.a1"	327876	[0, -1, 0, 355, 7566]	[[1, 89], [179, 2403], [-331/5, 2403/5]]
"327942.a1"	327942	[1, -1, 0, -45, 9]	[[0, 3], [-6, 9], [-3, 12]]
"327959.a1"	327959	[0, 1, 1, -46, 2]	[[-2, 9], [17, 66], [-27/2, 53/2]]
"328016.a1"	328016	[0, 0, 0, 101, -12374]	[[49, 332], [25, 76], [63, 494]]
"328016.k1"	328016	[0, 0, 0, -50339, 4346994]	[[131, 26], [53, 1352], [137, 148]]
"328041.a1"	328041	[0, 0, 1, -2679, 53070]	[[68, 430], [26, 31], [-55, 184]]
"328060.a1"	328060	[0, 0, 0, -2008, 34468]	[[36, 94], [24, 10], [224, 3290]]
"328159.a1"	328159	[0, 1, 1, 62, -1258]	[[19, 84], [9, 10], [14, 50]]
"328170.c1"	328170	[1, 0, 1, -434, 7832]	[[3, 79], [21, 79], [-9, 109]]
"328214.a1"	328214	[1, 0, 1, 133, -1386]	[[32, 173], [11, 32], [411, 8132]]
"328445.a1"	328445	[0, -1, 1, -131906, 18483402]	[[1435/3, 32831/3], [249, 1007], [218, 201]]
"328450.i1"	328450	[1, 0, 0, 62, 1092]	[[-8, 14], [12, 54], [-4, 30]]
"328475.a1"	328475	[0, 1, 1, -1058, 12894]	[[18, 2], [19, 3], [33, 122]]
"328488.a1"	328488	[0, 1, 0, -497, 531]	[[-5, 54], [-23, 18], [1, 6]]
"328512.d1"	328512	[0, -1, 0, -225, 801]	[[-15, 24], [1, 24], [3, 12]]
"328512.o1"	328512	[0, -1, 0, -105473, -10878975]	[[803, 20532], [449, 5664], [-3879/5, 164256/5]]
"328512.o2"	328512	[0, -1, 0, -30593, 2068353]	[[-31, 1728], [97, 64], [2681/5, 12096/5]]
"328525.b1"	328525	[0, -1, 1, -883, 9793]	[[7, 62], [53/2, 121/2], [-13, 137]]
"328550.a1"	328550	[1, 1, 0, -1375, -2875]	[[70, 465], [-10, -95], [-35, 80]]
"328582.a1"	328582	[1, 1, 0, -23, 49]	[[2, 3], [0, 7], [-6, 7]]
"328640.b1"	328640	[0, 1, 0, -1021, 11715]	[[31, 104], [-21, 156], [11, 44]]
"328640.b2"	328640	[0, 1, 0, 559, 46159]	[[-5, 208], [21, 260], [-29, 80]]
"328681.a1"	328681	[0, 0, 1, -6473, 200450]	[[185/2, 15/2], [47, 6], [32, 161]]
"328745.b1"	328745	[1, 1, 1, 350, -2208]	[[12, 56], [62, 481], [137, 1556]]
"328748.a1"	328748	[0, 1, 0, -362, 2761]	[[-2, 59], [57, 413], [100/3, 413/3]]
"328882.c1"	328882	[1, -1, 0, -3233, 70665]	[[-4, 291], [336, 5901], [12, 177]]
"328882.c2"	328882	[1, -1, 0, -343, 190311]	[[13, 427], [-21, 444], [429/4, 27753/4]]
"328885.a1"	328885	[0, 0, 1, -157, 312]	[[12, 12], [-13, 12], [-3, 27]]
"328887.a1"	328887	[0, 0, 1, -2109, 37480]	[[25, 19], [113/2, 165/2], [31, 43]]
"328953.a1"	328953	[1, 0, 0, -759, 7974]	[[15, -3], [18, 6], [21, 27]]
"329012.a1"	329012	[0, 0, 0, -175, 918]	[[7, 6], [11, 18], [27, 126]]
"329034.f1"	329034	[1, 0, 1, -187640, 35980742]	[[192, 2557], [9, 5851], [924, 25066]]
"329139.a1"	329139	[0, 0, 1, 42, 225]	[[-1, 13], [17, 76], [-3, 8]]
"329152.g1"	329152	[0, 1, 0, 139, 283]	[[6, 37], [43, 296], [-2, 1]]
"329180.a1"	329180	[0, 0, 0, -217, 1849]	[[8, 25], [-17, 25], [3, 35]]
"329286.b1"	329286	[1, 0, 0, -600, 576]	[[0, 24], [-24, 48], [48, 264]]
"329294.b1"	329294	[1, 0, 1, 38203, -12725904]	[[403, 8054], [188, 959], [618, 15407]]
"329358.b1"	329358	[1, 0, 1, 158, 26084]	[[28, 215], [1, 161], [-41/2, 1261/2]]
"329427.a1"	329427	[0, 0, 1, -441, 5402]	[[0, 73], [21, 73], [49, 318]]
"329430.g1"	329430	[1, 1, 0, -282, 576]	[[-3, 39], [22, 64], [2, 4]]
"329614.b1"	329614	[1, 1, 0, -3486, -80456]	[[-35, 3], [-36, 20], [139, 1395]]
"329630.a1"	329630	[1, 0, 1, -284, 2046]	[[-6, 62], [8, 13], [11, 11]]
"329633.a1"	329633	[0, -1, 1, -509, 3744]	[[-4, 75], [6, 29], [172/3, 665/3]]
"329658.g1"	329658	[1, 0, 1, -1951867, 1049380910]	[[760, 1874], [790, 380], [-1184, 41834]]
"329658.g2"	329658	[1, 0, 1, -114787, 18411614]	[[-158, 5789], [166, 1901], [-212, 5870]]
"329681.a1"	329681	[0, 0, 1, -499, 52782]	[[4, 225], [-18, 236], [45, 348]]
"329742.a1"	329742	[1, -1, 0, -84, 144]	[[0, 12], [-8, 20], [16, 44]]
"329742.b1"	329742	[1, -1, 0, -12978, 571536]	[[63, 0], [42, 294], [70, 14]]
"329771.a1"	329771	[0, -1, 1, -512, 6630]	[[-1, 84], [-27, 6], [153/4, 3179/4]]
"329778.b1"	329778	[1, -1, 0, -12978, 217904]	[[-1, 481], [647/2, 11567/2], [14, 190]]
"329780.c1"	329780	[0, -1, 0, -781, 8825]	[[19, 22], [8, 55], [-25, 110]]
"329800.a1"	329800	[0, 1, 0, -273, 883]	[[-1, 34], [33, 170], [-7, 50]]
"329846.m1"	329846	[1, 0, 0, -404687, 98275321]	[[-386, 14229], [252, 3383], [582, 7453]]
"329846.m2"	329846	[1, 0, 0, -35032, -2447136]	[[362, 5506], [-108, 336], [-878/3, 7004/3]]
"329888.a1"	329888	[0, 0, 0, -169, 676]	[[13, 26], [0, 26], [52, 364]]
"329904.b1"	329904	[0, 0, 0, -1899, 31914]	[[21, 36], [27, 18], [25, 8]]
"329976.a1"	329976	[0, 0, 0, -348, 2484]	[[12, 6], [10, 2], [9, 9]]
"330039.a1"	330039	[0, 0, 1, -111, 130]	[[1, 4], [10, 4], [-8, 22]]
"330565.a1"	330565	[0, 0, 1, -112, -435]	[[-7, 2], [-5, 0], [-23/2, 31/2]]
"330624.b1"	330624	[0, 0, 0, -612, 5840]	[[14, 4], [16, 12], [-2, 84]]
"330644.a1"	330644	[0, 1, 0, -61, 156]	[[5, 1], [3, 3], [7, 11]]
"330688.a1"	330688	[0, 1, 0, -305, 1999]	[[7, 16], [15, 32], [-1, 48]]
"330709.a1"	330709	[0, 1, 1, -938, 10758]	[[31, 111], [273/4, 191/4], [-99/2, 1111/2]]
"330720.a1"	330720	[0, -1, 0, -4566, 120276]	[[40, 6], [38, 14], [35, 46]]
"330720.a2"	330720	[0, -1, 0, -4161, 142065]	[[53, 260], [-51, 468], [-24, 477]]
"330804.a1"	330804	[0, 0, 0, -144, 36]	[[0, 6], [12, 6], [24, 102]]
"330968.a1"	330968	[0, 1, 0, -89, 331]	[[3, 10], [7, 10], [5, 6]]
"330980.b1"	330980	[0, 0, 0, -26857, 1697569]	[[213, 2375], [-37, 1625], [93, 65]]
"331060.a1"	331060	[0, 1, 0, -66, 145]	[[2, 5], [-8, 15], [12, 35]]
"331144.a1"	331144	[0, 1, 0, 116, 240]	[[2, 22], [24, 132], [10, 50]]
"331218.a1"	331218	[1, -1, 0, 279, 1053]	[[6, 51], [-3, 15], [78, 663]]
"331231.a1"	331231	[1, 0, 0, -12, 31]	[[2, 3], [1, 4], [-1, 7]]
"331242.a1"	331242	[1, 1, 0, -36, 36]	[[0, 6], [6, 6], [-6, 12]]
"331242.k1"	331242	[1, 0, 0, -9565, 76721]	[[-46, 671], [2, 239], [170, 1751]]
"331307.c1"	331307	[0, 0, 1, -10, 30]	[[0, 5], [-2, 6], [-4, 2]]
"331374.d1"	331374	[1, 1, 1, -2027, 34265]	[[27, -2], [3, 166], [23, 10]]
"331376.a1"	331376	[0, 1, 0, -2792, 56884]	[[-12, 298], [190/3, 2384/3], [286, 4768]]
"331452.b1"	331452	[0, 0, 0, -2997, 62325]	[[21, 93], [-41, 341], [177/2, 1023/2]]
"331453.b1"	331453	[0, -1, 1, -1, 133]	[[1, 11], [-19/2, 19/2], [-11/2, 79/2]]
"331455.b1"	331455	[0, 1, 1, 144, 12656]	[[36, 256], [-18, 67], [-21, 28]]
"331482.a1"	331482	[1, 1, 0, -33986, 2397456]	[[50, 884], [104, -88], [106, -54]]
"331551.d1"	331551	[1, -1, 1, -1469, 22204]	[[28, 35], [61, 365], [-38, 167]]
"331557.a1"	331557	[0, -1, 1, -531, 4898]	[[6, 43], [53/2, 25/2], [-6, 88]]
"331661.a1"	331661	[0, 1, 1, -766, 7904]	[[18, 16], [29, 104], [61/2, 7/2]]
"331690.b1"	331690	[1, -1, 0, -29665, 1679931]	[[7, 1210], [61, 277], [695/2, 9883/2]]
"331690.b2"	331690	[1, -1, 0, -28415, 1850681]	[[100, -9], [97, -55], [-23, 1590]]
"331797.a1"	331797	[0, 1, 1, -324, 2126]	[[9, 4], [12, 10], [18, 49]]
"331826.b1"	331826	[1, 0, 0, -13169, 233065]	[[138, 955], [106, 123], [10, 315]]
"331905.e1"	331905	[1, 1, 1, -511, 3764]	[[2, 51], [16, -5], [-19, 93]]
"331905.e2"	331905	[1, 1, 1, 714, 20424]	[[-12, 107], [8, 159], [-19, 30]]
"331918.a1"	331918	[1, -1, 1, -4674, 41537]	[[225, 3103], [-43, 423], [-119/3, 8741/3]]
"331953.a1"	331953	[0, 1, 1, -22, 142]	[[5, 13], [-4, 13], [2, 10]]
"332005.a1"	332005	[0, -1, 1, -86, 336]	[[6, 0], [5, 2], [9, 14]]
"332006.b1"	332006	[1, 0, 0, -799, 8409]	[[10, 33], [14, -3], [-28, 109]]
"332022.a1"	332022	[1, 1, 0, 48, 180]	[[-3, 6], [6, 24], [-2, 10]]
"332050.a1"	332050	[1, 0, 1, -6126, -46852]	[[-38, 381], [107, 671], [-9, 91]]
"332050.a2"	332050	[1, 0, 1, -3626, 83148]	[[32, -4], [62, 281], [-43, 421]]
"332075.a1"	332075	[0, 1, 1, -6258, 395394]	[[38, 462], [712/3, 17099/3], [1077/2, 34221/2]]
"332217.a1"	332217	[0, 0, 1, -1029, 12712]	[[19, 4], [10, 58], [28, 76]]
"332227.a1"	332227	[0, 1, 1, -1302, 17880]	[[18, 24], [20, 15], [211/3, 746/3]]
"332237.a1"	332237	[1, 0, 0, -240, 1411]	[[9, -4], [10, 1], [6, 11]]
"332258.h1"	332258	[1, -1, 1, -39066, 2982105]	[[113, -25], [161, 839], [115, -35]]
"332267.a1"	332267	[0, 1, 1, 5390, 3715410]	[[33, 1982], [1090/3, 66995/3], [150, 2814]]
"332267.b1"	332267	[0, 0, 1, -256, 1617]	[[9, 6], [35, 188], [11, 11]]
"332328.a1"	332328	[0, -1, 0, -3145, 71581]	[[31, 54], [36, 61], [-25, 366]]
"332376.a1"	332376	[0, -1, 0, -1017, 12861]	[[9, 66], [21, 18], [17, 14]]
"332382.b1"	332382	[1, 1, 0, -865, 9433]	[[12, 25], [16, -5], [18, 1]]
"332498.a1"	332498	[1, 0, 1, -1707, 26994]	[[33, 66], [214/3, -293/3], [576/5, -714/5]]
"332505.a1"	332505	[0, 0, 1, -153, 704]	[[9, 7], [6, 1], [4, 12]]
"332511.a1"	332511	[0, 1, 1, -33322, 2624830]	[[-145, 2104], [221, 2470], [131, 724]]
"332517.b1"	332517	[0, 1, 1, -494, 4058]	[[13, 1], [16, 22], [7, 31]]
"332517.c1"	332517	[1, 1, 1, -122, 470]	[[6, -5], [3, 10], [8, 5]]
"332686.a1"	332686	[1, -1, 0, -6764, 221904]	[[56, 100], [-63, 660], [1528/3, 51340/3]]
"332709.a1"	332709	[0, -1, 1, -59714, 5636354]	[[123, 370], [-124, 3334], [557/2, 347/2]]
"332759.a1"	332759	[1, 0, 0, -2941, 60402]	[[11, 166], [-38, 362], [191/2, 1181/2]]
"332766.u1"	332766	[1, -1, 1, -114242, -12314815]	[[403, 2439], [-243, -905], [681, 14671]]
"332766.u2"	332766	[1, -1, 1, -33602, 2200385]	[[57, 655], [171, 1111], [-171, 1795]]
"332780.c1"	332780	[0, 1, 0, -225, 1000]	[[-15, 35], [5, 5], [20, 70]]
"332842.b1"	332842	[1, 1, 0, -64, 236]	[[-2, 20], [17, 58], [2, 10]]
"332992.b1"	332992	[0, 0, 0, -220, 1936]	[[22, 88], [0, 44], [-10, 56]]
"333019.a1"	333019	[1, -1, 1, -54, 162]	[[4, -2], [5, -2], [6, 2]]
"333032.a1"	333032	[0, 1, 0, -1072, 15549]	[[-2, 133], [125/2, 931/2], [166, 2107]]
"333111.a1"	333111	[0, 1, 1, -2650, 65770]	[[275, 4495], [32, 121], [-58, 166]]
"333111.b1"	333111	[0, 1, 1, 16986726, 30857100518]	[[-513, 148351], [1152, 227938], [13473, 1644853]]
"333111.c1"	333111	[0, 1, 1, -344, 2396]	[[19, 55], [-18, 55], [-35/2, 551/2]]
"333210.e1"	333210	[1, 1, 1, 1914, 145539]	[[193, 2687], [19, 425], [1, 383]]
"333222.c1"	333222	[1, 0, 1, -63362, 6138776]	[[138, 97], [27, 2095], [147, 7]]
"333225.d1"	333225	[1, -1, 1, 1345, -4678]	[[24, 190], [54, 445], [105, 1081]]
"333309.a1"	333309	[1, 1, 1, -483, 3882]	[[10, 8], [12, -6], [-8, 89]]
"333322.b1"	333322	[1, -1, 1, -2898, 60753]	[[29, 7], [31, -15], [21, 83]]
"333322.c1"	333322	[1, 1, 1, -28782, -1186133]	[[209, 1303], [-143, 247], [3025, 164631]]
"333331.a1"	333331	[0, 1, 1, -317, 2070]	[[10, 0], [8, 10], [0, 45]]
"333339.a1"	333339	[1, 0, 0, -3002, 81519]	[[103, 880], [-35, 397], [49, 205]]
"333350.p1"	333350	[1, 0, 0, -45213, 3706417]	[[122, 39], [362, 5719], [126, 55]]
"333399.a1"	333399	[0, -1, 1, -192, -100]	[[20, 60], [-2, 16], [53, 368]]
"333399.c1"	333399	[0, 1, 1, -24706, 1472842]	[[80, 121], [242, 3118], [-55, 1633]]
"333420.a1"	333420	[0, -1, 0, -501, 4401]	[[11, 10], [15, 6], [3, 54]]
"333445.b1"	333445	[1, -1, 1, -132, 15264]	[[2, 121], [37, 226], [-12, 128]]
"333472.c1"	333472	[0, 0, 0, -584, -976]	[[28, 68], [-23, 17], [-20, 52]]
"333552.a1"	333552	[0, -1, 0, -1200, 16416]	[[20, 4], [18, 18], [21, 6]]
"333567.a1"	333567	[0, 0, 1, -309, -1638]	[[-7, 13], [20, 13], [-55/2, 23/2]]
"333567.h1"	333567	[0, 0, 1, -498, 4277]	[[13, 0], [15, 13], [49/2, 27/2]]
"333684.c1"	333684	[0, 0, 0, -19551, 1051814]	[[91, 162], [79, 18], [70, 162]]
"333684.c2"	333684	[0, 0, 0, -1416, 10865]	[[-2, 117], [76, 585], [34, 45]]
"333738.c1"	333738	[1, -1, 0, 57, -1091]	[[14, 41], [110, 1097], [78, 649]]
"333754.a1"	333754	[1, 0, 1, -992, 11934]	[[17, -1], [18, -9], [-3, 123]]
"333783.a1"	333783	[0, 0, 1, -219, -1170]	[[-10, 4], [-7, 4], [-31/2, 59/2]]
"333792.a1"	333792	[0, 0, 0, -5532, 157280]	[[94, 684], [37, 57], [46, 12]]
"333792.a2"	333792	[0, 0, 0, -117, 5660]	[[-1, 76], [56, 418], [-8, 78]]
"333826.d1"	333826	[1, -1, 1, -444, 639]	[[-11, 69], [21, 5], [53, 325]]
"333928.d1"	333928	[0, -1, 0, -12636, 550852]	[[52, 178], [64, 14], [1656/5, 1246/5]]
"334041.a1"	334041	[0, 1, 1, -37338, 2764586]	[[111, 4], [147, 688], [453/2, 293/2]]
"334047.a1"	334047	[1, 1, 1, -5950, 175166]	[[44, 9], [58, 142], [183/2, 107/2]]
"334112.g1"	334112	[0, 0, 0, -17816, -796336]	[[-95, 197], [-1784/5, 41764/5], [2617/4, 52205/4]]
"334145.a1"	334145	[0, -1, 1, -1526, 8982]	[[-4, 122], [66, 437], [-281/3, 4274/3]]
"334145.c1"	334145	[0, 0, 1, -598, 5628]	[[14, 0], [16, 12], [26, 87]]
"334209.a1"	334209	[0, -1, 1, -124, 594]	[[7, 4], [16, 49], [-11, 22]]
"334232.a1"	334232	[0, 1, 0, 48, 304]	[[-4, 8], [4, 24], [-1, 16]]
"334350.b1"	334350	[1, -1, 0, -11142, 456516]	[[24, 438], [69, 78], [60, 6]]
"334374.a1"	334374	[1, 1, 0, -192, 960]	[[8, 0], [16, 40], [7, 1]]
"334374.c1"	334374	[1, 0, 1, 198, 3016]	[[11, 75], [-7, 39], [65, 507]]
"334486.c1"	334486	[1, 0, 1, -359273, 82856620]	[[355, 114], [3115/3, -4802/3], [12139/7, 990438/7]]
"334496.a1"	334496	[0, 1, 0, 15, 319]	[[-5, 12], [3, 20], [11, 44]]
"334532.a1"	334532	[0, 0, 0, -631, 6574]	[[15, 22], [59, 418], [-18, 110]]
"334704.i1"	334704	[0, 1, 0, -4432, 99284]	[[68, 342], [-46, 456], [50, 72]]
"334710.i1"	334710	[1, -1, 0, -13554, 614628]	[[72, 54], [192, 2154], [-108, 954]]
"334731.a1"	334731	[1, 0, 0, -67582, 6756401]	[[95, 1046], [149, -88], [161, 155]]
"334774.b1"	334774	[1, 0, 0, -189, 1009]	[[10, 7], [6, 7], [8, 1]]
"334806.a1"	334806	[1, 0, 1, -273, 1672]	[[8, 0], [11, 0], [17, 36]]
"334836.a1"	334836	[0, 0, 0, -2397, 45245]	[[31, 27], [28, 9], [4, 189]]
"334894.b1"	334894	[1, -1, 1, -27234, 1748577]	[[91, 87], [105, 143], [129, 543]]
"334904.a1"	334904	[0, 0, 0, 13, 35]	[[1, 7], [-2, 1], [13, 49]]
"334914.c1"	334914	[1, 1, 1, -124, 605]	[[5, 9], [-1, 27], [11, 21]]
"335005.a1"	335005	[1, 1, 1, -31, 78]	[[6, 9], [-4, 14], [2, 4]]
"335038.a1"	335038	[1, -1, 0, -472, 5932]	[[106, 1014], [9, 44], [-26, 2]]
"335038.b1"	335038	[1, 1, 0, 11214, 865204]	[[375, 7427], [84, 1510], [-80556/37, 5388910/37]]
"335100.a1"	335100	[0, -1, 0, -233, 1362]	[[7, 5], [17, 45], [-13, 45]]
"335184.o1"	335184	[0, 1, 0, -2632, 50756]	[[32, 18], [50, 216], [26, 24]]
"335235.a1"	335235	[0, -1, 1, -106, 306]	[[-2, 22], [3, 2], [-11, 4]]
"335573.a1"	335573	[1, 0, 0, -126, 529]	[[8, 3], [7, -5], [5, 3]]
"335606.a1"	335606	[1, 1, 1, -197, 1995]	[[7, 28], [-9, 60], [15, 44]]
"335688.a1"	335688	[0, -1, 0, -339, 2520]	[[11, 1], [12, 6], [7, 21]]
"335744.a1"	335744	[0, 1, 0, -77, 2059]	[[49, 344], [6, 43], [-15, 8]]
"335776.a1"	335776	[0, 0, 0, -556, 5056]	[[14, 4], [6, 44], [13, 5]]
"335776.d1"	335776	[0, -1, 0, -41105, 3309601]	[[183, 1372], [961/3, 9604/3], [281, 3724]]
"335823.b1"	335823	[0, -1, 1, -707, -6193]	[[35, 103], [-11, 11], [301/2, 4803/2]]
"335862.m1"	335862	[1, -1, 1, -137, 585]	[[11, 12], [5, 0], [3, 12]]
"335967.b1"	335967	[0, -1, 1, -4651, 123408]	[[32, 79], [181/2, 473/2], [1834, 78466]]
"336063.f1"	336063	[0, -1, 1, -229, 1419]	[[11, 10], [7, 10], [37/2, 17/2]]
"336099.a1"	336099	[0, -1, 1, -90, 332]	[[13, 34], [-10, 11], [29/2, 19/2]]
"336128.e1"	336128	[0, -1, 0, -4267, 108719]	[[17, 202], [38, 1], [35, 32]]
"336207.a1"	336207	[1, 0, 0, -2527, 48686]	[[29, -13], [26, 14], [31, 4]]
"336222.a1"	336222	[1, -1, 0, -468, 8464]	[[-16, 116], [8, 68], [-1, 95]]
"336245.a1"	336245	[0, 1, 1, 104, 7760]	[[34, 227], [-18, 19], [164, 2112]]
"336335.b1"	336335	[1, 0, 0, -1956, 37811]	[[25, 56], [499/3, 7814/3], [814/7, 31401/7]]
"336413.b1"	336413	[0, -1, 1, -551922, 158324010]	[[420, 654], [112, 9894], [-16989/5, 1850209/5]]
"336478.a1"	336478	[1, -1, 0, 17, 25]	[[0, 5], [2, 7], [-1, 3]]
"336479.a1"	336479	[0, -1, 1, -342, 2550]	[[12, 5], [10, 5], [34, 170]]
"336492.a1"	336492	[0, 0, 0, -309, 1901]	[[7, 9], [13, 9], [25, 99]]
"336492.c1"	336492	[0, 0, 0, -14673, -522871]	[[295, 4563], [-56, 351], [997, 31239]]
"336497.a1"	336497	[1, 0, 0, -112, 441]	[[7, 0], [0, 21], [9, 9]]
"336498.h1"	336498	[1, 1, 1, -387, 5217]	[[13, 44], [-21, 78], [115, 1166]]
"336517.a1"	336517	[1, 1, 1, -69, 190]	[[4, -2], [5, -1], [19/2, -27/2]]
"336699.b1"	336699	[1, -1, 1, -6866, 220682]	[[49, -14], [48, -26], [52, 21]]
"336704.a1"	336704	[0, 1, 0, -77, 211]	[[3, 4], [7, 8], [6, 1]]
"336744.a1"	336744	[0, 0, 0, -16092, 785700]	[[72, 18], [73, 1], [297/2, 117/2]]
"336745.a1"	336745	[1, -1, 1, -897, -9504]	[[-14, -6], [36, 44], [61, 369]]
"336822.a1"	336822	[1, 1, 0, -881, 1749]	[[29, 26], [34, 95], [-23, 114]]
"336822.a2"	336822	[1, 1, 0, 3439, 18165]	[[13, 249], [451, 9447], [7, 203]]
"336897.a1"	336897	[0, 0, 1, -69, 380]	[[-8, 20], [33, 184], [9/2, 119/2]]
"336922.d1"	336922	[1, 0, 0, -7272, 238144]	[[-16, 600], [48, -8], [448/3, -968/3]]
"336983.a1"	336983	[1, 0, 0, -48, 121]	[[3, 1], [5, 1], [0, 11]]
"337061.a1"	337061	[1, -1, 1, -5578, 154700]	[[20, 215], [102, 748], [525/4, 3961/4]]
"337086.a1"	337086	[1, -1, 0, 9, 2461]	[[-10, 41], [14, 65], [-13, 2]]
"337086.b1"	337086	[1, -1, 0, -10710, 429304]	[[62, -4], [60, -28], [54, 52]]
"337100.b1"	337100	[0, 0, 0, -5, 125]	[[-5, 5], [5, 15], [25, 125]]
"337180.c1"	337180	[0, -1, 0, -27205, 1736150]	[[235, 2875], [97, 23], [365/2, 575/2]]
"337237.a1"	337237	[1, 1, 0, -21, 676]	[[111/2, 1087/2], [100/3, 1048/3], [-155/4, 909/4]]
"337239.a1"	337239	[1, -1, 1, 79, 182]	[[-2, 4], [12, 46], [0, 13]]
"337284.a1"	337284	[0, 0, 0, -81, 225]	[[3, 3], [9, 15], [-9, 15]]
"337364.b1"	337364	[0, -1, 0, -8020, -180664]	[[106, 386], [685, 17756], [-74, 46]]
"337395.a1"	337395	[0, -1, 1, -186, -754]	[[-7, 12], [18, 37], [43, 262]]
"337482.a1"	337482	[1, -1, 0, -3048, 65600]	[[16, 136], [32, -8], [64, 328]]
"337536.d1"	337536	[0, 0, 0, -516, -2864]	[[-10, 36], [26, 36], [38, 180]]
"337578.a1"	337578	[1, 0, 1, -819, 8938]	[[17, -6], [11, 30], [29, 84]]
"337600.b1"	337600	[0, 0, 0, -22300, 1282000]	[[110, 400], [85, 25], [80, 100]]
"337600.ba1"	337600	[0, -1, 0, 47, 977]	[[17, 80], [1, 32], [-7, 16]]
"337600.bf1"	337600	[0, -1, 0, -313, 2297]	[[17, 40], [7, 20], [11, 8]]
"337617.a1"	337617	[0, 0, 1, -531, 4420]	[[-4, 80], [19, 34], [16, 4]]
"337645.a1"	337645	[0, 1, 1, -3696, 85860]	[[14, 192], [-63, 269], [609/4, 2663/4]]
"337683.b1"	337683	[1, 1, 1, -311, 1982]	[[10, -4], [6, 16], [11, 1]]
"337728.b1"	337728	[0, -1, 0, -57, 441]	[[-3, 24], [9, 24], [5, 16]]
"337728.bc1"	337728	[0, 1, 0, -17, 2319]	[[-5, 48], [19, 96], [43, 288]]
"337776.g1"	337776	[0, 1, 0, -25224, 1755252]	[[54, 744], [-132, 1674], [1542, 60264]]
"337821.b1"	337821	[0, -1, 1, -192565, 32605707]	[[-17, 5989], [2509/3, 19286/3], [1021/2, 1085/2]]
"337886.a1"	337886	[1, -1, 1, -141, -75]	[[-1, 8], [-9, 24], [15, 24]]
"337898.a1"	337898	[1, -1, 1, -5109, 130317]	[[95, 656], [7, 304], [29, 62]]
"337938.h1"	337938	[1, 0, 0, -2997, 6561]	[[-54, 135], [0, 81], [162, 1863]]
"337942.a1"	337942	[1, 1, 1, 43, 315]	[[7, 28], [-5, 4], [-3, 14]]
"337952.a1"	337952	[0, -1, 0, 118, -236]	[[50, 358], [21/2, 179/2], [8, 34]]
"337990.e1"	337990	[1, 1, 0, -2547, 64009]	[[13, 176], [28, 111], [573/4, 7979/4]]
"338032.a1"	338032	[0, -1, 0, 2160, -48704]	[[280, 4736], [24, 128], [3736/9, 279424/9]]
"338070.b1"	338070	[1, 1, 0, 633, 4869]	[[18, 141], [-2, 61], [43, 316]]
"338136.h1"	338136	[0, 1, 0, -334084, 74036480]	[[752, 15768], [314, 438], [374, 1242]]
"338136.h2"	338136	[0, 1, 0, -202864, 132928016]	[[1184, 39420], [527, 13140], [131, 10422]]
"338146.a1"	338146	[1, -1, 0, 38, -140]	[[4, 6], [12, 38], [9, 25]]
"338146.b1"	338146	[1, 1, 0, -1267, 16865]	[[14, 39], [37, 131], [172/3, -5/3]]
"338175.a1"	338175	[1, -1, 1, 160, -1538]	[[19, 80], [10, 26], [64, 485]]
"338282.a1"	338282	[1, 0, 1, -18, 2]	[[0, 1], [-2, 6], [4, -2]]
"338328.a1"	338328	[0, 0, 0, 1977, 40426]	[[65, 666], [213, 3182], [-15, 86]]
"338358.b1"	338358	[1, 0, 1, -428, 3422]	[[9, 13], [18, 31], [-9, 85]]
"338424.a1"	338424	[0, -1, 0, -38512, 2921869]	[[10, 1593], [118, 81], [114, 7]]
"338440.a1"	338440	[0, 1, 0, -200, -527]	[[-9, 25], [16, 25], [-11/2, 25/2]]
"338478.a1"	338478	[1, 1, 0, -714, 7056]	[[14, 0], [15, -9], [18, 12]]
"338509.a1"	338509	[0, -1, 1, 66, 276]	[[18, 83], [-5/3, 404/3], [-2, 11]]
"338575.a1"	338575	[0, 0, 1, -1075, 13656]	[[20, 12], [10, 62], [45, 237]]
"338600.a1"	338600	[0, 0, 0, -2050, 35725]	[[25, 10], [26, 1], [105/2, 5/2]]
"338600.c1"	338600	[0, -1, 0, -83, -188]	[[-3, 5], [17, 55], [12, 20]]
"338600.d1"	338600	[0, -1, 0, -2708, 51412]	[[42, 100], [17, 100], [117, 1150]]
"338706.d1"	338706	[1, -1, 0, -129, 1661]	[[26, 111], [-5, 49], [154/5, 3707/5]]
"338718.d1"	338718	[1, 1, 1, -70, 1091]	[[-7, 39], [17, 63], [1, 31]]
"338728.d1"	338728	[0, 0, 0, -38, 81]	[[0, 9], [5, 4], [8, 17]]
"338769.a1"	338769	[1, -1, 1, 31, 42]	[[-1, 3], [2, 9], [0, 6]]
"338782.c1"	338782	[1, -1, 1, 891, 17277]	[[-1, 128], [31, 256], [255, 3968]]
"338840.a1"	338840	[0, 0, 0, -247, 739]	[[-5, 43], [38, 215], [-63/2, 215/2]]
"338856.a1"	338856	[0, -1, 0, -644, 6468]	[[8, 42], [16, 2], [12, 18]]
"338856.a2"	338856	[0, -1, 0, -224, 14364]	[[22, 140], [-26, 44], [54, 396]]
"338864.a1"	338864	[0, 0, 0, -91, 106]	[[1, 4], [9, 4], [-7, 20]]
"338910.c1"	338910	[1, 1, 0, -83878, 9315322]	[[169, -35], [223, 1216], [731/2, 2173/2]]
"338910.c2"	338910	[1, 1, 0, -5228, 144732]	[[59, 185], [-19, 497], [4, 350]]
"338919.a1"	338919	[0, 1, 1, -162, 830]	[[6, 10], [9, 13], [3, 19]]
"338932.a1"	338932	[0, 0, 0, -37, 205]	[[-7, 11], [4, 11], [15, 55]]
"338938.a1"	338938	[1, 1, 1, 281, 21021]	[[-7, 140], [267, 4250], [211/3, 5150/3]]
"338982.f1"	338982	[1, 0, 1, -2133, 37972]	[[11, 120], [32, 36], [25, 8]]
"338990.b1"	338990	[1, -1, 1, -453, 3837]	[[13, -2], [3, 48], [11, 4]]
"339063.a1"	339063	[0, -1, 1, -32, 62]	[[2, 1], [5, 1], [-4, 10]]
"339216.a1"	339216	[0, -1, 0, -33792, 2451456]	[[32, 1184], [96, 288], [-190, 1406]]
"339298.a1"	339298	[1, -1, 1, 42, 1253]	[[9, 43], [-7, 27], [-9, -5]]
"339325.a1"	339325	[0, 0, 1, -1225, 15006]	[[0, 122], [35, 122], [105/2, 241/2]]
"339328.g1"	339328	[0, 1, 0, 33, 121]	[[0, 11], [11, 44], [3, 16]]
"339342.c1"	339342	[1, 0, 1, -97039, 11626370]	[[175, 20], [247, 1532], [148, 641]]
"339517.a1"	339517	[0, 0, 1, -40, 93]	[[3, 0], [-1, 11], [9, 21]]
"339640.a1"	339640	[0, 0, 0, -388, 2788]	[[-6, 70], [8, 14], [22, 70]]
"339678.a1"	339678	[1, -1, 0, -543, 5009]	[[14, -5], [13, -2], [55/2, -49/2]]
"339678.b1"	339678	[1, -1, 0, 297, -1571]	[[14, 65], [5, 2], [6, 17]]
"339762.b1"	339762	[1, 1, 0, 17, 289]	[[0, 17], [34, 187], [4, 19]]
"339815.a1"	339815	[0, 0, 1, -10297, 1773420]	[[43, 1187], [233, 3467], [168, 2187]]
"339888.w1"	339888	[0, 1, 0, -2144, 36036]	[[40, 126], [34, 60], [31, 18]]
"339888.w2"	339888	[0, 1, 0, 1096, 138420]	[[52, 582], [247, 3942], [4, 378]]
"339912.a1"	339912	[0, 0, 0, -876, 12436]	[[20, 54], [-34, 54], [74, 594]]
"339977.a1"	339977	[0, 0, 1, -697, 4206]	[[37, 170], [-8/3, 1862/3], [6, 15]]
"340014.d1"	340014	[1, 1, 1, -7897, 266855]	[[65, 150], [47, 24], [53, 0]]
"340150.a1"	340150	[1, 0, 1, -376, -2352]	[[-8, -9], [22, 1], [42, 216]]
"340150.g1"	340150	[1, 0, 0, -608, 5632]	[[12, 4], [16, 0], [8, 32]]
"340211.a1"	340211	[1, 1, 1, -515, 4284]	[[13, -5], [9, 17], [18, 26]]
"340296.b1"	340296	[0, 1, 0, -2025, 37179]	[[21, 66], [-45, 198], [54, 297]]
"340365.c1"	340365	[0, 1, 1, -556, 5656]	[[2, 67], [17, 37], [47, 292]]
"340416.b1"	340416	[0, 0, 0, -84, 736]	[[2, 24], [-10, 24], [14, 48]]
"340433.b1"	340433	[1, 1, 1, -441, -3718]	[[-116/3, 22/3], [-12, 1], [-570/7, 2239/7]]
"340451.a1"	340451	[1, 0, 0, -21, -26]	[[-2, 4], [-3, 5], [7, 10]]
"340485.a1"	340485	[0, -1, 1, -156, 812]	[[6, 7], [9, 7], [-9, 37]]
"340678.a1"	340678	[1, 0, 0, -625, 9321]	[[10, 59], [-22, 123], [26, 91]]
"340688.b1"	340688	[0, 1, 0, -208, 660]	[[2, 16], [-14, 32], [-4, 38]]
"341100.a1"	341100	[0, 0, 0, -4200, 104625]	[[30, 75], [55, 200], [90, 675]]
"341117.a1"	341117	[0, 0, 1, 86, 420]	[[2, 24], [-4, 3], [-2, 15]]
"341185.b1"	341185	[1, 0, 0, -456, -3185]	[[-9, 19], [49, 280], [165, 2020]]
"341185.b2"	341185	[1, 0, 0, -131, 520]	[[3, 11], [21, 74], [-12, 26]]
"341185.c1"	341185	[1, -1, 1, -88, 242]	[[8, -2], [2, 7], [23, 88]]
"341185.c2"	341185	[1, -1, 1, 237, 1412]	[[2, 42], [60, 448], [67, 527]]
"341271.a1"	341271	[1, -1, 1, -6179, 188304]	[[48, 0], [-1, 441], [143/2, 735/2]]
"341280.a1"	341280	[0, 0, 0, -588, 5888]	[[14, 20], [4, 60], [-26, 60]]
"341431.a1"	341431	[1, 0, 0, -29, 64]	[[3, 1], [4, 2], [0, 8]]
"341481.a1"	341481	[0, -1, 1, -800, 9302]	[[5, 73], [26, 73], [68, 514]]
"341591.a1"	341591	[0, 1, 1, 54, 12]	[[3, 14], [32, 188], [-2/3, 1/3]]
"341757.a1"	341757	[1, -1, 1, -2051, 36246]	[[17, 69], [30, 17], [8, 138]]
"341757.a2"	341757	[1, -1, 1, -146, 432]	[[-1, 24], [14, 24], [-10, 33]]
"341799.a1"	341799	[0, -1, 1, -134, -364]	[[-7, 13], [20, 67], [-5, 12]]
"341799.b1"	341799	[0, -1, 1, -1305, 18587]	[[21, 1], [15, 46], [51, 286]]
"341925.a1"	341925	[0, -1, 1, -2008, 35418]	[[27, 12], [22, 37], [133/2, 521/2]]
"342012.d1"	342012	[0, 1, 0, -3762, 88209]	[[66, 363], [33, 33], [198, 2673]]
"342050.d1"	342050	[1, -1, 1, -8700, 315327]	[[53, 5], [-11, 645], [149, 1445]]
"342091.b1"	342091	[0, 0, 1, -1762, 28536]	[[24, 8], [113/2, 285/2], [634/5, 1527/5]]
"342139.c1"	342139	[0, 0, 1, -40, -63]	[[-5, 3], [9, 17], [7, 0]]
"342144.a1"	342144	[0, 0, 0, -324, 144]	[[30, 132], [-14, 44], [-3, 33]]
"342262.a1"	342262	[1, -1, 0, -13, 85]	[[2, 7], [-2, -9], [6, 11]]
"342359.a1"	342359	[1, 0, 0, -317, 2146]	[[10, -4], [11, -1], [2, 38]]
"342376.a1"	342376	[0, 0, 0, -92, -300]	[[-6, 6], [-4, 2], [-7, 1]]
"342400.a1"	342400	[0, 0, 0, -1300, 22000]	[[10, 100], [30, 100], [-20, 200]]
"342495.a1"	342495	[0, 0, 1, 9477, 2110934]	[[498, 11416], [1029, 33187], [-96, 562]]
"342498.f1"	342498	[1, 1, 1, -1665, 22911]	[[63, 384], [-41, 176], [31, 32]]
"342592.b1"	342592	[0, 1, 0, -2529, 48127]	[[27, 16], [29, 4], [259/3, 80/3]]
"342592.c1"	342592	[0, 1, 0, 127, 1759]	[[-5, 32], [27, 160], [123, 1376]]
"342726.c1"	342726	[1, 0, 1, -10870, 435272]	[[61, -43], [541/3, -817/3], [-83, 917]]
"342726.c2"	342726	[1, 0, 1, -115, 770]	[[7, 14], [-11, 32], [-2, 32]]
"342858.a1"	342858	[1, 0, 1, -222, 1300]	[[5, 15], [11, 9], [8, 3]]
"342866.a1"	342866	[1, 0, 0, -754, 7044]	[[4, 62], [20, -2], [-28, 94]]
"342910.a1"	342910	[1, -1, 0, -274, 2080]	[[6, 22], [16, 32], [11, 12]]
"342910.b1"	342910	[1, 1, 0, -10193, -602027]	[[377, 6834], [218, 2647], [6202/3, 473845/3]]
"343088.c1"	343088	[0, 1, 0, -6839, 220520]	[[44, 82], [232/3, 6724/3], [-2344/5, 26896/5]]
"343098.bh1"	343098	[1, -1, 1, -8462, 279325]	[[121, 947], [37, 107], [73, 179]]
"343101.a1"	343101	[0, -1, 1, -52, 29412]	[[24, 203], [-20, 148], [-13, 166]]
"343104.b1"	343104	[0, -1, 0, -305, 2001]	[[5, 24], [13, 8], [-19, 24]]
"343142.a1"	343142	[1, -1, 1, -651, 6555]	[[15, -6], [19, 18], [13, 6]]
"343216.d1"	343216	[0, 0, 0, -3529, 80691]	[[34, 3], [50, 171], [137/2, 3/2]]
"343226.e1"	343226	[1, -1, 1, -1726, 243277]	[[55, 531], [313, 5347], [-31, 531]]
"343260.a1"	343260	[0, 0, 0, -183, 7918]	[[-1, 90], [59, 450], [-13, 90]]
"343291.a1"	343291	[0, 1, 1, -312, 5112]	[[-13, 84], [13, 58], [65, 513]]
"343296.q1"	343296	[0, 0, 0, -78, 256]	[[8, 12], [6, 2], [0, 16]]
"343299.a1"	343299	[0, -1, 1, -25688862, 50123295902]	[[2872, 5098], [4005, 107068], [143406/7, 1219/7]]
"343382.a1"	343382	[1, 1, 0, -5906, 178264]	[[15, 298], [54, 116], [119, 1026]]
"343385.a1"	343385	[0, 1, 1, 14, 170]	[[4, 17], [-3, 10], [-19/2, 31/2]]
"343386.b1"	343386	[1, -1, 1, -1436, 21471]	[[21, 5], [29, 45], [5, 117]]
"343448.c1"	343448	[0, -1, 0, -540, 4996]	[[16, 14], [12, 10], [-12, 98]]
"343452.a1"	343452	[0, -1, 0, -157, -599]	[[-5, 6], [-9, 2], [-8, 9]]
"343574.a1"	343574	[1, 1, 0, 1138, 17140]	[[-1, 127], [-12, 50], [244/3, 6718/3]]
"343614.b1"	343614	[1, 0, 1, -2473, 46112]	[[34, 23], [25, -4], [61, 320]]
"343623.b1"	343623	[1, 0, 0, 143, 146]	[[5, 29], [-1, 2], [-1/2, 85/2]]
"343828.a1"	343828	[0, -1, 0, -69, 238]	[[3, 7], [7, 7], [1, 13]]
"343880.a1"	343880	[0, 1, 0, -940, 6288]	[[-4, 100], [46, 250], [26, 10]]
"343880.c1"	343880	[0, 0, 0, -38, 13]	[[-6, 5], [-2, 9], [6, 1]]
"343887.a1"	343887	[1, 1, 1, -31, 32]	[[5, 3], [-4, -9], [1, 1]]
"343904.a1"	343904	[0, 0, 0, -652, 6400]	[[14, 4], [16, 8], [22, 52]]
"343904.b1"	343904	[0, -1, 0, -2289, 17665]	[[73, 484], [-15, 220], [415/3, 2420/3]]
"343957.a1"	343957	[0, 0, 1, 169, -2378]	[[11, 28], [103, 1052], [524, 11998]]
"343957.b1"	343957	[1, -1, 0, -10048, 386671]	[[50, 61], [71/2, 3627/2], [2985/8, 56473/8]]
"343966.a1"	343966	[1, 0, 1, -318, 932]	[[-5, 51], [2, 16], [-19, -5]]
"344003.b1"	344003	[1, -1, 0, 401, -1556]	[[36, 224], [23/2, 219/2], [4, 8]]
"344005.a1"	344005	[1, 0, 0, -186, 3391]	[[-15, 61], [79/3, 1219/3], [-19, 22]]
"344061.a1"	344061	[0, 0, 1, -39, 40]	[[1, 1], [-2, 10], [7, 10]]
"344079.b1"	344079	[1, -1, 1, -35, 70]	[[1, 5], [2, 1], [5, -1]]
"344091.a1"	344091	[1, 0, 0, -364, 8009]	[[-16, -91], [83, 701], [17, 74]]
"344137.a1"	344137	[1, -1, 1, -1929, 24084]	[[184, 2331], [-181/2, 1225/2], [73, 481]]
"344214.a1"	344214	[1, -1, 0, -42876, 3442468]	[[113, 119], [464, 8894], [2474/5, 44008/5]]
"344214.c1"	344214	[1, -1, 0, -360, 3712]	[[8, 32], [-16, 80], [56, 368]]
"344282.a1"	344282	[1, -1, 1, -246, 1797]	[[9, 11], [-7, 59], [25, 91]]
"344302.g1"	344302	[1, -1, 1, -2676, 50391]	[[101, 845], [37, 13], [-11, 285]]
"344322.b1"	344322	[1, -1, 0, -6813, 216769]	[[20, 287], [53, 23], [33, 148]]
"344322.b2"	344322	[1, -1, 0, -153, 7645]	[[89, 788], [26, 131], [14, 83]]
"344380.b1"	344380	[0, 1, 0, -10790, 408025]	[[420, 8375], [85, 335], [45, 125]]
"344411.a1"	344411	[1, -1, 1, -9, -28]	[[5, 3], [6, 7], [14, 42]]
"344416.a1"	344416	[0, -1, 0, -582, 5596]	[[27, 94], [-20, 94], [61/2, 47/2]]
"344475.b1"	344475	[1, -1, 1, -3380, 80372]	[[24, 100], [-66, 145], [34, 45]]
"344496.a1"	344496	[0, -1, 0, -192, 2016]	[[12, 36], [-6, 54], [4, 36]]
"344496.d1"	344496	[0, -1, 0, 24, 3312]	[[12, 72], [-6, 54], [156, 1944]]
"344736.g1"	344736	[0, 0, 0, -10764, 429984]	[[42, 228], [58, 28], [72, 168]]
"344796.c1"	344796	[0, 1, 0, -585, 5184]	[[9, 27], [15, 3], [27, 99]]
"344813.a1"	344813	[1, -1, 1, -6306, 194310]	[[44, 2], [46, -21], [-54, 639]]
"344850.c1"	344850	[1, 1, 0, -2926750, 1925590000]	[[1051, 2923], [1150, 8500], [975, -725]]
"344850.c2"	344850	[1, 1, 0, -1353750, -590121000]	[[-610, 3330], [-660, 4380], [-730, 3490]]
"344850.c3"	344850	[1, 1, 0, -204250, 22562500]	[[0, 4750], [400, 2050], [391, 1438]]
"344850.c4"	344850	[1, 1, 0, 37750, 2476500]	[[-5, 1515], [215, 4430], [255/2, 17895/2]]
"344852.a1"	344852	[0, 0, 0, 65, 102]	[[-1, 6], [3, 18], [7/3, 334/3]]
"344864.a1"	344864	[0, 1, 0, -72, 184]	[[6, 2], [-2, 18], [3, 2]]
"344926.a1"	344926	[1, 0, 1, -398, -2988]	[[-12, 15], [45, 243], [-10, 8]]
"344955.b1"	344955	[1, 1, 1, -139925, -12260158]	[[462, 4456], [-238, 2881], [737, 16531]]
"344955.b2"	344955	[1, 1, 1, -60320, 5539520]	[[98, 713], [43, 1718], [-85, 3214]]
"344955.b3"	344955	[1, 1, 1, -59915, 5619872]	[[142, -94], [137, 11], [-183, 3331]]
"344955.b4"	344955	[1, 1, 1, 12805, 18204770]	[[-37, 4223], [108, 4513], [978, 30613]]
"344987.a1"	344987	[0, -1, 1, -1038, 13224]	[[19, 0], [22, 23], [4, 95]]
"345016.b1"	345016	[0, 1, 0, -4977, 133459]	[[51, 122], [39, 14], [1031/5, 854/5]]
"345045.c1"	345045	[1, 0, 0, -171, -810]	[[-9, 9], [-6, 6], [18, 36]]
"345216.c1"	345216	[0, -1, 0, -2457, 47721]	[[32, 29], [29, 4], [25, 36]]
"345288.c1"	345288	[0, 1, 0, -1705, 34619]	[[5, 162], [23, 90], [59, 378]]
"345291.a1"	345291	[1, 1, 1, -10480, 408956]	[[52, 63], [56, 12], [2906/7, -3093/7]]
"345304.a1"	345304	[0, 1, 0, -137, 859]	[[-11, 34], [23, 102], [6, 17]]
"345366.b1"	345366	[1, -1, 0, -9639, 370489]	[[140, 1253], [56, 35], [-7, 665]]
"345366.c1"	345366	[1, -1, 0, -558, 6804]	[[-12, 114], [15, 33], [60, 402]]
"345386.a1"	345386	[1, 0, 1, -100, 570]	[[-8, 33], [27/2, 87/2], [4, 13]]
"345528.a1"	345528	[0, 0, 0, -732, 1460]	[[-26, 54], [28, 54], [1, 27]]
"345566.b1"	345566	[1, 0, 0, -165, 1]	[[-10, 31], [16, 31], [42, 239]]
"345729.a1"	345729	[0, -1, 1, -492, 4412]	[[-3, 76], [14, 8], [24, 76]]
"345856.c1"	345856	[0, 1, 0, -589, 3051]	[[5, 16], [-19, 88], [45, 264]]
"345856.c2"	345856	[0, 1, 0, -519, 4381]	[[12, 5], [15, 14], [5, 44]]
"345898.a1"	345898	[1, -1, 0, -82, 532]	[[-4, 30], [4, 14], [-11, 2]]
"345928.a1"	345928	[0, 1, 0, -49, 531]	[[1, 22], [23, 110], [-10, 11]]
"346017.a1"	346017	[0, -1, 1, -50, 62]	[[8, 10], [1, 3], [-6, 10]]
"346017.c1"	346017	[0, -1, 1, -298408, 62841084]	[[319, 94], [354, 1200], [-626, 1984]]
"346040.b1"	346040	[0, -1, 0, -2420, 136900]	[[-40, 410], [-60, 250], [460/3, 10250/3]]
"346091.a1"	346091	[0, -1, 1, 6, -30]	[[3, 2], [4, 6], [7, 17]]
"346091.b1"	346091	[0, -1, 1, -2869, 60115]	[[31, 2], [125/2, -5/2], [133/2, 151/2]]
"346155.a1"	346155	[0, -1, 1, -490, 3318]	[[4, 37], [-21, 62], [54, 362]]
"346160.a1"	346160	[0, 0, 0, -11323, 463978]	[[29, 400], [61, 16], [93, 464]]
"346160.c1"	346160	[0, -1, 0, -1376, 21376]	[[-24, 200], [26, 50], [184/3, 1000/3]]
"346164.a1"	346164	[0, -1, 0, -27970, 1862161]	[[88, 273], [1180, 40131], [2746/5, 40131/5]]
"346164.c1"	346164	[0, -1, 0, -14, 105]	[[2, 9], [-4, 9], [8, 21]]
"346176.a1"	346176	[0, 0, 0, -5964, 177264]	[[46, 16], [78, 432], [-18, 528]]
"346176.b1"	346176	[0, 0, 0, -2604, 41456]	[[-2, 216], [52, 216], [-56, 108]]
"346178.a1"	346178	[1, 0, 1, -18, 212]	[[1, 13], [-6, 13], [8, 20]]
"346311.a1"	346311	[1, -1, 1, -258773, 50765640]	[[354, 1674], [170, 3330], [32, 6504]]
"346465.a1"	346465	[1, -1, 1, -34302, 2453904]	[[87, 306], [112, 31], [958/3, -1013/3]]
"346472.a1"	346472	[0, 0, 0, -3412, 76900]	[[-8, 322], [34, 14], [129/2, 161/2]]
"346557.a1"	346557	[1, 1, 1, -31, -58]	[[-4, 6], [-2, 1], [-5, 3]]
"346664.a1"	346664	[0, 0, 0, -436, -2204]	[[-10, 34], [41, 221], [126, 1394]]
"346746.c1"	346746	[1, 1, 1, -1629, 2355]	[[-9, 132], [55, 260], [247, 3716]]
"346778.c1"	346778	[1, -1, 1, -36, -9]	[[-3, 9], [-1, 5], [-5, 7]]
"346801.a1"	346801	[0, 1, 1, -222, 1230]	[[-4, 45], [9, 6], [-17, 19]]
"346898.a1"	346898	[1, -1, 0, -29, 29]	[[1, 0], [-1, 8], [-5, 8]]
"346898.b1"	346898	[1, 0, 0, -4139, -99407]	[[-38, 77], [-42, -7], [252, 3731]]
"346958.a1"	346958	[1, -1, 0, -43, 85]	[[2, 1], [6, 1], [-6, -7]]
"346982.a1"	346982	[1, 0, 1, -65, 372]	[[-5, 26], [11, 26], [27, 122]]
"347016.a1"	347016	[0, -1, 0, -92, 189]	[[-2, 19], [17, 57], [74, 627]]
"347106.q1"	347106	[1, 1, 1, -264414, -49257189]	[[-283, 1875], [-263, 1607], [-317, 1841]]
"347106.q2"	347106	[1, 1, 1, -51934, 3607835]	[[49, 1063], [185, 519], [-19, 2151]]
"347113.a1"	347113	[0, -1, 1, -42, 42]	[[7, 6], [-6, 6], [-3, 11]]
"347157.b1"	347157	[0, 0, 1, -1389, 17532]	[[83, 688], [32, 76], [2, 121]]
"347184.f1"	347184	[0, 0, 0, -2568, 50924]	[[10, 162], [37, 81], [121/2, 243/2]]
"347185.c1"	347185	[0, 1, 1, -2305, 41834]	[[26, 12], [109/2, 1/2], [22, 47]]
"347212.b1"	347212	[0, 0, 0, 103, 185]	[[13, 61], [1, 17], [8, 39]]
"347232.g1"	347232	[0, 1, 0, -5217, 120591]	[[3, 324], [75, 396], [165, 1944]]
"347301.a1"	347301	[1, -1, 1, -10559, 1277614]	[[4, 1109], [688, 17525], [-34, 1280]]
"347328.a1"	347328	[0, 0, 0, -252, -720]	[[-6, 24], [18, 24], [-14, 8]]
"347334.d1"	347334	[1, 0, 1, -200902, 34617800]	[[226, 764], [265, -55], [289, 701]]
"347334.d2"	347334	[1, 0, 1, -157162, 50119256]	[[-269, 8675], [43, 6569], [-125, 8297]]
"347345.b1"	347345	[0, 1, 1, -2241, 40101]	[[57, 317], [27, 2], [1523/7, 12846/7]]
"347382.a1"	347382	[1, -1, 0, -13518, 608404]	[[20, 578], [69, -10], [1676/5, -5366/5]]
"347385.a1"	347385	[0, -1, 1, -331, 1806]	[[-12, 62], [77/2, 371/2], [142/3, 424/3]]
"347426.a1"	347426	[1, 1, 0, -382, 2720]	[[11, -6], [10, 0], [14, 12]]
"347452.a1"	347452	[0, 0, 0, -241, 985]	[[13, 7], [-1, 35], [-15, 35]]
"347461.a1"	347461	[1, -1, 1, 48, 30]	[[2, 10], [0, 5], [48, 309]]
"347485.a1"	347485	[1, 1, 1, -250, 1242]	[[12, 6], [-13, 56], [23/2, 23/2]]
"347700.e1"	347700	[0, -1, 0, -7108, -11288]	[[-38, 450], [-22, 366], [-58, 450]]
"347700.e2"	347700	[0, -1, 0, -4733, 126462]	[[47, 75], [37, 25], [61, 247]]
"347702.a1"	347702	[1, 1, 0, -3999, 95689]	[[36, -17], [30, 47], [139/2, -27/2]]
"347792.a1"	347792	[0, 1, 0, -44, -20]	[[-2, 8], [-6, 8], [-5, 10]]
"347792.f1"	347792	[0, 0, 0, -47, -50]	[[-3, 8], [9, 16], [-6, 4]]
"347870.b1"	347870	[1, -1, 0, -9190, -336804]	[[-55, 29], [1765, 73141], [-24275/21, 237854/21]]
"347870.b2"	347870	[1, -1, 0, -590, -4844]	[[-15, 29], [-17, 1], [-140/3, 742/3]]
"347884.a1"	347884	[0, 1, 0, -37, 231]	[[1, 14], [5, 14], [-3, 18]]
"347913.f1"	347913	[0, 0, 1, -114, 380]	[[10, 15], [9/2, 89/2], [72, 604]]
"347937.b1"	347937	[0, 1, 1, 13, 50]	[[-2, 4], [4, 13], [-11/2, 5/2]]
"348090.a1"	348090	[1, 1, 0, -148, 652]	[[6, 2], [1, 22], [7, 1]]
"348140.a1"	348140	[0, -1, 0, -5126, 141985]	[[48, 65], [562/3, 6695/3], [-52, 515]]
"348190.a1"	348190	[1, 1, 0, -367, 3221]	[[2, 49], [22, 69], [-13, 84]]
"348198.b1"	348198	[1, 0, 1, -160, 842]	[[7, 5], [-11, 41], [4, 14]]
"348202.a1"	348202	[1, 0, 1, -75, 182]	[[7, 0], [-1, 16], [-9, 16]]
"348216.e1"	348216	[0, 1, 0, -3740, 75504]	[[154, 1782], [22, 66], [46, 54]]
"348240.e1"	348240	[0, -1, 0, -2760, 57600]	[[20, 100], [30, 30], [45, 150]]
"348294.a1"	348294	[1, 1, 0, -1784, 28224]	[[32, 56], [23, -7], [5, 137]]
"348342.e1"	348342	[1, 0, 1, -1432, -2584]	[[-14, 128], [187/2, 1267/2], [148, 1667]]
"348342.g1"	348342	[1, 0, 0, -5125, 139841]	[[50, 71], [38, -1], [26, 143]]
"348378.a1"	348378	[1, 1, 0, -1956, 49104]	[[104, 940], [-24, 300], [40, 172]]
"348397.a1"	348397	[0, -1, 1, -49588, 4267600]	[[556, 12176], [59, 1242], [130, 35]]
"348426.a1"	348426	[1, -1, 0, -234, 2704]	[[26, 104], [-13, 65], [0, 52]]
"348443.a1"	348443	[0, 0, 1, -31, 72]	[[3, 2], [4, 3], [1, 6]]
"348514.b1"	348514	[1, 0, 0, -361, 2649]	[[10, 3], [2, 43], [12, 3]]
"348544.a1"	348544	[0, 1, 0, 23, 231]	[[-5, 4], [7, 28], [-3, 12]]
"348555.a1"	348555	[0, -1, 1, -760, 28248]	[[19, 142], [-11, 187], [39, 237]]
"348585.a1"	348585	[1, 0, 0, -28356, 1835145]	[[93, 21], [48, 741], [447/2, 1593/2]]
"348608.a1"	348608	[0, 0, 0, 68, 400]	[[-2, 16], [6, 32], [14, 64]]
"348608.f1"	348608	[0, -1, 0, -4529, 141745]	[[201, 2704], [-7, 416], [71, 416]]
"348688.a1"	348688	[0, 0, 0, -787, 13810]	[[29, 124], [-19, 148], [277, 4588]]
"348910.d1"	348910	[1, -1, 0, -2425, -40749]	[[97, 745], [57, 33], [205, 2734]]
"348910.d2"	348910	[1, -1, 0, -575, 4761]	[[23, 46], [0, 69], [20, 21]]
"348939.a1"	348939	[1, -1, 1, -38, 280]	[[4, 11], [7, 14], [-5, 20]]
"348958.a1"	348958	[1, 1, 0, -258, 1156]	[[21, 64], [40/3, 238/3], [-65/2, 363/2]]
"348969.a1"	348969	[1, 0, 0, -38918, 2951895]	[[133, 298], [115, -35], [118, 19]]
"349018.a1"	349018	[1, 1, 1, -93, -365]	[[-5, 4], [-7, 4], [35, 184]]
"349024.b1"	349024	[0, 0, 0, -1244, 7616]	[[-22, 156], [82, 676], [160, 1976]]
"349026.a1"	349026	[1, 1, 0, -322, -2180]	[[-11, -8], [43, 235], [-9, 14]]
"349026.c1"	349026	[1, 1, 1, -1784, 28217]	[[21, 13], [25, -7], [45, 181]]
"349066.a1"	349066	[1, -1, 0, -148, 736]	[[8, 0], [4, 12], [7, -6]]
"349181.a1"	349181	[0, 0, 1, -187, 1116]	[[12, 24], [5, 17], [-2, 38]]
"349346.a1"	349346	[1, 1, 0, -62, 160]	[[2, 6], [6, 4], [5, 0]]
"349386.c1"	349386	[1, 0, 0, -2850, 64836]	[[36, 78], [12, 174], [-60, 174]]
"349398.c1"	349398	[1, -1, 0, -119358, 15901006]	[[189, 164], [203, -25], [-375, 2984]]
"349398.c2"	349398	[1, -1, 0, -37458, -2578406]	[[-91, 311], [371, 5687], [-105, 487]]
"349398.c3"	349398	[1, -1, 0, -7848, 222700]	[[26, 176], [89, 428], [21, 248]]
"349398.c4"	349398	[1, -1, 0, 972, 19840]	[[5, 155], [-4, 128], [32, 272]]
"349421.b1"	349421	[0, 1, 1, -51, -156]	[[-4, 0], [8, 3], [-19/2, 7/2]]
"349503.b1"	349503	[0, 1, 1, -2870, 64430]	[[-5, 280], [46, 178], [25, 94]]
"349554.e1"	349554	[1, 0, 1, -88137, 11937484]	[[218, 1650], [371, 5322], [1931/5, 290706/5]]
"349612.a1"	349612	[0, 1, 0, -69, 295]	[[5, 10], [-3, 22], [9, 22]]
"349622.e1"	349622	[1, 0, 0, -28900, 1706256]	[[136, 476], [68, 204], [40, 764]]
"349622.e2"	349622	[1, 0, 0, 37660, 8428816]	[[64, 3300], [200, 4796], [-140, 716]]
"349633.a1"	349633	[1, 0, 0, -11, -188]	[[9, 17], [7, 6], [101/4, -73/4]]
"349633.b1"	349633	[0, 1, 1, -3250090, 2254148825]	[[16649/4, 141/4], [4165/2, 325/2], [66593/8, -209/8]]
"349636.a1"	349636	[0, 1, 0, -70, 249]	[[4, 7], [-10, 7], [-3, 21]]
"349695.b1"	349695	[0, 0, 1, -18, -2402]	[[16, 37], [166, 2137], [52, 370]]
"349725.b1"	349725	[1, 1, 1, -73, -244]	[[-5, 7], [-4, 3], [-6, 7]]
"349885.a1"	349885	[0, -1, 1, -341, 2631]	[[9, 14], [11, 9], [21, 65]]
"349912.a1"	349912	[0, -1, 0, -167, 676]	[[35, 191], [-51/2, 191/2], [11, 7]]
"349954.a1"	349954	[1, -1, 0, -653, 8869]	[[9, 56], [130, 1387], [202/3, 1633/3]]
"350010.a1"	350010	[1, -1, 0, -30, 176]	[[-2, 16], [8, 16], [-7, 6]]
"350050.b1"	350050	[1, -1, 0, -212, 1296]	[[8, 4], [9, 3], [0, 36]]
"350108.b1"	350108	[0, 0, 0, -71, -34]	[[-1, 6], [-5, 14], [-2, 10]]
"350110.b1"	350110	[1, -1, 0, -6170, 191096]	[[37, 93], [43, 41], [2482/7, 19188/7]]
"350315.c1"	350315	[1, 0, 0, -81, 520]	[[3, 16], [-11, -5], [-7, 31]]
"350382.a1"	350382	[1, 1, 0, -4327, 107665]	[[16, 199], [-30, 475], [271/2, 2627/2]]
"350496.c1"	350496	[0, 0, 0, -129, 844]	[[5, 18], [-13, 18], [-4, 36]]
"350506.a1"	350506	[1, 0, 1, -212, 210]	[[14, -1], [17, 31], [65, 479]]
"350506.a2"	350506	[1, 0, 1, 828, 1874]	[[53, 415], [1, 51], [157, 1923]]
"350626.a1"	350626	[1, 0, 0, -576, 5632]	[[14, 12], [-24, 88], [52, 316]]
"350640.a1"	350640	[0, 0, 0, -1443, 17858]	[[-11, 180], [13, 36], [29, 20]]
"350772.c1"	350772	[0, 1, 0, -6785, 212424]	[[25, 243], [52, 54], [61, 171]]
"350847.a1"	350847	[0, 0, 1, 3039, 36400]	[[151, 1984], [4, 220], [-194/5, 13829/5]]
"350901.c1"	350901	[0, 0, 1, -8184, -192438]	[[-28, 121], [-72, 153], [-1186/5, 37238/5]]
"351052.b1"	351052	[0, -1, 0, -172, 344]	[[-2, 26], [2, 2], [22, 82]]
"351070.a1"	351070	[1, 1, 0, -53, -143]	[[-4, 7], [-6, 5], [-3, 2]]
"351080.a1"	351080	[0, 0, 0, 92, 2932]	[[76, 670], [9, 67], [-31/2, 335/2]]
"351115.a1"	351115	[0, 1, 1, 150, 156]	[[0, 12], [5, 32], [15, 77]]
"351124.a1"	351124	[0, 0, 0, -28, 1]	[[0, 1], [-2, 7], [-4, 7]]
"351142.b1"	351142	[1, 1, 0, -79, -271]	[[-5, 8], [-4, 3], [17, 52]]
"351246.a1"	351246	[1, 1, 0, -357, 2205]	[[6, 15], [42, 231], [14, 7]]
"351290.c1"	351290	[1, 0, 0, -1170, 14212]	[[14, 18], [24, -2], [64, 418]]
"351320.a1"	351320	[0, 1, 0, 100, 4048]	[[16, 100], [-14, 10], [-4, 60]]
"351350.a1"	351350	[1, 0, 1, -201, 1148]	[[7, 6], [-13, 46], [2, 26]]
"351366.a1"	351366	[1, 1, 0, -29, 81]	[[2, 5], [-1, 11], [8, 17]]
"351370.a1"	351370	[1, 0, 1, -7909, 276432]	[[46, 79], [-77, 694], [128, 1104]]
"351536.c1"	351536	[0, 1, 0, -4192, 102996]	[[-4, 346], [310/3, 692/3], [157/2, 173/2]]
"351571.a1"	351571	[1, 0, 0, -99, 484]	[[0, 22], [11, 22], [44, 264]]
"351578.a1"	351578	[1, -1, 0, -170, 1304]	[[10, 18], [-29/2, 397/2], [7, 17]]
"351615.b1"	351615	[0, -1, 1, -5070, 139988]	[[-6, 412], [44, 12], [69, 337]]
"351657.a1"	351657	[0, 0, 1, -14241, 654376]	[[68, 20], [-14, 922], [-137, 184]]
"351808.m1"	351808	[0, -1, 0, -585, 5641]	[[13, 8], [15, 4], [19, 32]]
"351846.b1"	351846	[1, -1, 0, -1206, 15876]	[[60, 366], [27, 36], [16, 14]]
"351870.b1"	351870	[1, 1, 0, -5217, 177669]	[[-7, 466], [18, 291], [178, 2131]]
"351888.b1"	351888	[0, 1, 0, -1024, 14996]	[[20, 54], [-34, 108], [38, 180]]
"351942.a1"	351942	[1, 0, 1, -9367, 350330]	[[79, 284], [-2, 608], [235/2, 247/2]]
"351978.b1"	351978	[1, 1, 0, -876, 9504]	[[20, 12], [9, 45], [-13, 144]]
"352121.a1"	352121	[0, 0, 1, -398677, 96956226]	[[598, 8508], [411, 1589], [2764/3, 50383/3]]
"352215.a1"	352215	[1, -1, 1, -1028, -9044]	[[40, 92], [-65/2, 511/2], [-10, 17]]
"352251.b1"	352251	[1, -1, 1, 25, 0]	[[2, 6], [0, 0], [6, 15]]
"352253.a1"	352253	[0, 0, 1, 8, -159]	[[7, 15], [5, 2], [81/4, 185/4]]
"352294.b1"	352294	[1, -1, 1, 33, 135]	[[-1, 10], [3, 14], [-3, 0]]
"352394.a1"	352394	[1, 0, 1, 612, 5402]	[[-7, 31], [49, 367], [49/3, 2461/3]]
"352464.a1"	352464	[0, -1, 0, -1904, 32928]	[[28, 28], [-28, 252], [44, 180]]
"352491.a1"	352491	[1, 0, 0, -134, 639]	[[10, 13], [1, 22], [7, 4]]
"352494.f1"	352494	[1, -1, 1, -1469, 21637]	[[31, 56], [19, 8], [25, -4]]
"352521.b1"	352521	[1, -1, 1, -2516, -46940]	[[-26, -7], [-31, 38], [-32, 11]]
"352521.b2"	352521	[1, -1, 1, 19, -2324]	[[52, 344], [65, 487], [17, 43]]
"352546.a1"	352546	[1, 0, 1, -46, 6]	[[-6, 11], [0, 2], [28, 130]]
"352675.a1"	352675	[0, 1, 1, -508, 4244]	[[13, 2], [8, 27], [12, 4]]
"352702.a1"	352702	[1, -1, 0, -29639668, 62116736464]	[[3159, -134], [3336, 17212], [-1797, 331918]]
"352702.d1"	352702	[1, -1, 0, -58, 5256]	[[9, 69], [-5, 76], [58, 412]]
"352710.b1"	352710	[1, -1, 0, -810, 2916]	[[0, 54], [-27, 81], [108, 1026]]
"352730.a1"	352730	[1, -1, 0, -1489, 9373]	[[-38, 119], [37, 44], [162, 1919]]
"352862.b1"	352862	[1, 1, 1, -506, 3975]	[[9, 11], [25, 75], [-23, 75]]
"352935.b1"	352935	[1, -1, 1, -37058, 2754906]	[[105, 62], [110, -78], [113, -30]]
"352935.b2"	352935	[1, -1, 1, -2183, 48606]	[[38, 120], [45, 177], [-24, 306]]
"353006.a1"	353006	[1, -1, 1, -111, 1911]	[[-13, 38], [3, 38], [19, 70]]
"353141.a1"	353141	[0, 1, 1, -192, 840]	[[1, 25], [18, 59], [35, 195]]
"353247.a1"	353247	[0, -1, 1, -158, 692]	[[-5, 36], [53/2, 215/2], [68, 547]]
"353425.b1"	353425	[0, 0, 1, -950, 11156]	[[20, 12], [-30, 112], [105/2, 521/2]]
"353526.a1"	353526	[1, 1, 0, -618, 5796]	[[15, 6], [-12, 114], [20, 34]]
"353643.a1"	353643	[0, 1, 1, -310, 20860]	[[50, 364], [-31, 40], [-43/2, 1211/2]]
"353648.c1"	353648	[0, 0, 0, -403, 2914]	[[25, 92], [-21, 46], [2, 46]]
"353679.a1"	353679	[1, 1, 1, -204, 1002]	[[16, 38], [-15, 38], [-29/2, 397/2]]
"353934.be1"	353934	[1, -1, 1, -5297, 139745]	[[-57, 532], [27, 112], [55, 84]]
"353938.a1"	353938	[1, -1, 0, 2, 40]	[[-2, 6], [2, 6], [4, 8]]
"353942.a1"	353942	[1, 1, 0, -16, 56]	[[1, 6], [-1, 9], [5, 9]]
"353955.c1"	353955	[0, -1, 1, -1240, 18756]	[[30, 87], [-5, 157], [55, 337]]
"353968.a1"	353968	[0, 1, 0, 36, -68]	[[2, 4], [6, 20], [34, 204]]
"354008.e1"	354008	[0, 0, 0, -751, 7890]	[[17, 6], [13, 18], [33, 138]]
"354008.e2"	354008	[0, 0, 0, -371, 15870]	[[-13, 136], [38, 238], [51, 360]]
"354010.a1"	354010	[1, 1, 0, -4213, 103517]	[[37, -18], [38, -9], [41, 22]]
"354068.b1"	354068	[0, 1, 0, -66, -47]	[[-4, 13], [9, 13], [-3/2, 13/2]]
"354074.a1"	354074	[1, -1, 0, -1136, 14958]	[[23, 13], [9, 69], [17, 10]]
"354120.f1"	354120	[0, -1, 0, -4265, 122637]	[[29, 150], [4, 325], [-61, 390]]
"354234.c1"	354234	[1, 0, 1, -5745, 169540]	[[83, 474], [35, 90], [40, 44]]
"354298.a1"	354298	[1, 1, 0, -2221, 39425]	[[32, 33], [-17, 278], [79/2, 411/2]]
"354624.r1"	354624	[0, 1, 0, -5009, 134607]	[[43, 24], [19, 216], [-53, 504]]
"354663.a1"	354663	[0, 0, 1, -3072, 71698]	[[32, 78], [346, 6358], [76, 526]]
"354709.a1"	354709	[0, 0, 1, -37, -82]	[[-3, 1], [-4, 1], [-32/3, 46/3]]
"354752.f1"	354752	[0, -1, 0, -65, 961]	[[9, 32], [-7, 32], [3, 28]]
"354752.k1"	354752	[0, -1, 0, -8353, 308513]	[[217, 2944], [79, 368], [-13, 644]]
"354752.k2"	354752	[0, -1, 0, 43167, 751585]	[[2473, 123392], [63, 1928], [47761/13, 13079552/13]]
"354800.a1"	354800	[0, 0, 0, 5, 1450]	[[5, 40], [-11, 8], [21, 104]]
"354830.a1"	354830	[1, -1, 0, -3379, 304153]	[[22, 479], [92, 829], [-76, 381]]
"354870.b1"	354870	[1, -1, 0, -1374, 21968]	[[7, 109], [22, 34], [32, 84]]
"354984.a1"	354984	[0, -1, 0, 28, 1956]	[[-4, 42], [24, 126], [-11, 14]]
"354999.a1"	354999	[1, 1, 1, 19, 1280]	[[2, 35], [75, 619], [-96/5, 4448/5]]
"355060.a1"	355060	[0, -1, 0, -1900, 35000]	[[50, 250], [25, 50], [-50, 50]]
"355089.a1"	355089	[1, 1, 1, -12985, 564086]	[[64, -14], [-47, 1059], [58, 72]]
"355089.a2"	355089	[1, 1, 1, -12250, 631706]	[[100, 597], [-17, 922], [-48, 1078]]
"355152.h1"	355152	[0, -1, 0, -1584, 24480]	[[12, 84], [33, 84], [-30, 210]]
"355192.a1"	355192	[0, 1, 0, -297, 2059]	[[-15, 58], [14, 29], [97/3, 406/3]]
"355224.i1"	355224	[0, 1, 0, -151740, 22756464]	[[234, 342], [1944, 84132], [765/2, 7011/2]]
"355230.h1"	355230	[1, -1, 1, -13838, 626717]	[[153, 1363], [57, 115], [73, 3]]
"355326.e1"	355326	[1, 0, 1, -562, -3976]	[[-17, 35], [37, 143], [-11, 35]]
"355334.a1"	355334	[1, 0, 1, -400, 3042]	[[12, -3], [11, -3], [9, 9]]
"355338.a1"	355338	[1, -1, 0, -186, -604]	[[-8, 22], [16, 10], [-11, 1]]
"355347.b1"	355347	[1, -1, 1, -497, 4420]	[[22, 50], [-19, 91], [16, 11]]
"355392.a1"	355392	[0, 0, 0, -1884, 23024]	[[-14, 216], [10, 72], [13, 27]]
"355419.d1"	355419	[1, -1, 1, -308, 2170]	[[10, -1], [7, 14], [19, 44]]
"355429.a1"	355429	[1, 0, 0, 9, -26]	[[2, 0], [3, 4], [10, 28]]
"355605.a1"	355605	[0, -1, 1, -10860, 439256]	[[42, 235], [60, 7], [-115, 392]]
"355696.h1"	355696	[0, 0, 0, -16283, 714074]	[[29, 516], [73/2, 5203/2], [1465/3, 41624/3]]
"355779.a1"	355779	[0, 0, 1, 81, 722]	[[-6, 4], [3, 31], [-15/2, 149/2]]
"355838.e1"	355838	[1, 0, 0, -2402, -34364]	[[-24, 110], [-38, 68], [-36, 94]]
"355845.a1"	355845	[0, -1, 1, 174, 416]	[[6, 40], [33, 202], [-3/2, 131/2]]
"355900.a1"	355900	[0, 0, 0, -5800, 170500]	[[40, 50], [45, 25], [44, 22]]
"355923.a1"	355923	[1, -1, 1, -275, 1640]	[[6, 10], [15, 19], [7, 1]]
"355928.a1"	355928	[0, 1, 0, 5, 42]	[[-3, 3], [1, 7], [6, 18]]
"356003.a1"	356003	[0, 1, 1, -128, 546]	[[1, 20], [42, 266], [7, 6]]
"356064.c1"	356064	[0, 1, 0, -6654, 208800]	[[33, 162], [114, 972], [42, 72]]
"356070.c1"	356070	[1, 1, 0, -12107, 632601]	[[197, 2339], [47, 389], [2, 779]]
"356112.b1"	356112	[0, 0, 0, -1371, 20810]	[[13, 72], [37, 144], [85, 720]]
"356224.b1"	356224	[0, 1, 0, -74697, -7591289]	[[557, 11132], [-169, 484], [-555/2, 2783/2]]
"356224.q1"	356224	[0, 0, 0, -308, -1936]	[[22, 44], [-11, 11], [-8, 4]]
"356241.a1"	356241	[1, 1, 1, -55, 26]	[[-1, 9], [8, 9], [26, 117]]
"356272.a1"	356272	[0, 1, 0, -2920, 60804]	[[40, 98], [26, 56], [-9, 294]]
"356274.a1"	356274	[1, -1, 0, -576, 5616]	[[12, 12], [24, 60], [15, 6]]
"356278.b1"	356278	[1, 0, 0, -5609, 162649]	[[70, 303], [18, 251], [-8, 459]]
"356279.a1"	356279	[1, 0, 0, -2206, 39969]	[[-17, 278], [25, 12], [32, 33]]
"356286.a1"	356286	[1, 1, 0, -9614, 375984]	[[86, 398], [135, 1182], [-103, 587]]
"356322.c1"	356322	[1, 0, 0, -1312, 11264]	[[8, 32], [32, 32], [80, 608]]
"356346.e1"	356346	[1, -1, 1, -2489, 48089]	[[39, 76], [27, -8], [31, -12]]
"356376.b1"	356376	[0, 1, 0, -4489, 120827]	[[11, 270], [-43, 486], [38, 81]]
"356408.a1"	356408	[0, 1, 0, -384, 1285]	[[94, 897], [2, 23], [-10, 65]]
"356524.b1"	356524	[0, 1, 0, -261, 1588]	[[9, 7], [23, 91], [11, 13]]
"356542.a1"	356542	[1, 0, 0, -3833, 91129]	[[40, 27], [-54, 403], [134, 1343]]
"356547.b1"	356547	[0, 1, 1, -5439, 144101]	[[63, 235], [33, 40], [1005, 31792]]
"356550.b1"	356550	[1, 1, 0, -160, 700]	[[10, 10], [5, 5], [-5, 40]]
"356590.d1"	356590	[1, 0, 1, -2708, 61518]	[[39, 105], [27, 77], [-61, 5]]
"356590.d2"	356590	[1, 0, 1, 18417, -259582]	[[239, 4100], [872, 25622], [2599/5, 201908/5]]
"356606.a1"	356606	[1, 0, 1, -152, -1626]	[[18, 30], [97, 899], [241/3, 2785/3]]
"356606.b1"	356606	[1, -1, 1, -4983, -119217]	[[-41, 142], [691, 17710], [99, 542]]
"356677.b1"	356677	[0, -1, 1, -1058, 10680]	[[-25, 144], [9, 42], [1131, 38003]]
"356736.a1"	356736	[0, -1, 0, -87, 351]	[[6, 3], [5, 4], [7, 6]]
"356802.a1"	356802	[1, 0, 0, -8270, 292356]	[[64, 130], [-44, 778], [46, 76]]
"356844.a1"	356844	[0, -1, 0, 1476, -47880]	[[82, 786], [213, 3144], [197/2, 3013/2]]
"356870.a1"	356870	[1, -1, 0, 155, 1621]	[[18, 91], [-7, 16], [-38/3, 857/3]]
"356960.b1"	356960	[0, 1, 0, -1910, 31900]	[[30, 50], [-20, 250], [105, 1000]]
"356970.e1"	356970	[1, 0, 1, -2448, 78778]	[[-16, 345], [119, 1155], [59, 345]]
"357024.d1"	357024	[0, 1, 0, -1409, 13071]	[[55, 324], [1, 108], [-17, 180]]
"357080.b1"	357080	[0, 1, 0, -6575, 204598]	[[41, 75], [66, 250], [46, 40]]
"357090.f1"	357090	[1, 1, 1, -351, 2949]	[[19, 50], [-21, 50], [11, 18]]
"357165.a1"	357165	[1, -1, 1, -248, 3422]	[[-12, 73], [15, 46], [42, 235]]
"357184.a1"	357184	[0, 1, 0, -289, -1473]	[[-13, 16], [19, 16], [-14, 5]]
"357208.a1"	357208	[0, 0, 0, -244, 1476]	[[10, 6], [8, 6], [9, 3]]
"357227.a1"	357227	[0, 1, 1, 12, 28]	[[-2, 0], [1, 6], [13, 50]]
"357238.b1"	357238	[1, 0, 1, -1599, 24470]	[[25, 4], [23, -10], [20, 14]]
"357246.a1"	357246	[1, -1, 0, -72306, 7514068]	[[212, 1190], [173, 314], [84, 1382]]
"357258.a1"	357258	[1, 1, 0, -447, 3465]	[[9, 12], [12, -3], [-24, 45]]
"357259.a1"	357259	[0, -1, 1, -156, 888]	[[9, 11], [13/2, 157/2], [-14, 11]]
"357398.a1"	357398	[1, 0, 1, -90, 12]	[[-3, 17], [0, 3], [-6, 21]]
"357441.a1"	357441	[0, -1, 1, -4114, 102954]	[[46, 94], [37, 4], [-17, 409]]
"357540.a1"	357540	[0, -1, 0, -6, 225]	[[3, 15], [-2, 15], [18, 75]]
"357562.a1"	357562	[1, 0, 0, -67, 129]	[[2, 1], [-2, 17], [-6, 21]]
"357618.c1"	357618	[1, 1, 1, -675, 6081]	[[19, 14], [3, 62], [-29, 62]]
"357675.e1"	357675	[1, 0, 0, -4248, 95337]	[[72, 369], [-9, 369], [477, 10089]]
"357712.d1"	357712	[0, 0, 0, -2567, 50070]	[[-31, 316], [29, 4], [113/2, 79/2]]
"357777.a1"	357777	[1, -1, 1, -74, 352]	[[4, 8], [7, 8], [11, 22]]
"357858.q1"	357858	[1, -1, 1, -34184, 2441179]	[[109, -19], [107, -53], [19, 1331]]
"357858.q2"	357858	[1, -1, 1, -344, 4699]	[[13, 41], [-11, 89], [-19, 73]]
"357900.a1"	357900	[0, -1, 0, -948, 11592]	[[18, 6], [22, 30], [-18, 150]]
"357916.a1"	357916	[0, 1, 0, -13, 204]	[[-5, 13], [8, 26], [-7, 1]]
"357916.b1"	357916	[0, 0, 0, -4820, 128801]	[[40, 1], [34, 65], [52, 137]]
"357972.a1"	357972	[0, 1, 0, -2457, 46656]	[[81, 621], [27, 27], [117/2, 207/2]]
"357994.j1"	357994	[1, 0, 0, -16430, 819076]	[[76, 66], [284, 4226], [180, 1834]]
"358034.a1"	358034	[1, 0, 0, -435, 4321]	[[14, 25], [-2, 73], [-18, 89]]
"358034.b1"	358034	[1, 0, 0, -34908, 2511184]	[[120, 172], [294, 4058], [1976, 86476]]
"358083.a1"	358083	[1, -1, 1, -2459, 47504]	[[28, -9], [6, 178], [79/2, 555/2]]
"358118.a1"	358118	[1, 1, 0, -3773, 87649]	[[35, -17], [32, 15], [143/2, -85/2]]
"358119.a1"	358119	[0, 0, 1, -687, 6916]	[[16, 4], [13, 13], [22, 49]]
"358146.g1"	358146	[1, -1, 1, -3569, -10591]	[[87, 532], [-9, 148], [-41, 276]]
"358146.h1"	358146	[1, -1, 1, -674, 6897]	[[17, 3], [15, -7], [35, 141]]
"358210.b1"	358210	[1, 1, 0, -16923, 838777]	[[42, 431], [604/3, 1919/3], [-71, 1335]]
"358210.c1"	358210	[1, 1, 0, -298, 1808]	[[14, 18], [-11, 68], [31/2, 19/2]]
"358264.a1"	358264	[0, 1, 0, -369, 2515]	[[17, 38], [-21, 38], [-2, 57]]
"358267.a1"	358267	[1, -1, 1, -54, 144]	[[6, 0], [-1, 14], [-8, 7]]
"358360.g1"	358360	[0, 1, 0, -4465, -19725]	[[145, 1550], [-55, 250], [-5, 50]]
"358422.b1"	358422	[1, 1, 0, 24, 144]	[[0, 12], [-4, 4], [-3, 9]]
"358458.b1"	358458	[1, 0, 0, -5430, 155556]	[[60, 186], [24, 186], [42, 24]]
"358461.a1"	358461	[1, -1, 1, -131, 762]	[[2, 21], [8, 9], [20, 66]]
"358505.b1"	358505	[1, 1, 1, -116, -216]	[[-2, 4], [19, 60], [-9, 18]]
"358538.a1"	358538	[1, -1, 0, -23, 65]	[[4, 3], [-2, 11], [1, 6]]
"358549.a1"	358549	[0, -1, 1, -52, 160]	[[4, 0], [5, 0], [7, 9]]
"358592.g1"	358592	[0, -1, 0, -2761, 56777]	[[32, 13], [19, 104], [29, 16]]
"358662.v1"	358662	[1, 0, 0, -235117, 43861169]	[[244, 895], [470, 5867], [7004/5, -16493/5]]
"358662.v2"	358662	[1, 0, 0, -3277, 43409]	[[2, 191], [50, 47], [194, 2495]]
"358752.d1"	358752	[0, -1, 0, -6221, 190917]	[[-1, 444], [47, 12], [44, 21]]
"358944.i1"	358944	[0, 1, 0, -2961, 60831]	[[27, 36], [33, 12], [35, 36]]
"358952.b1"	358952	[0, -1, 0, -327, 2344]	[[13, 11], [-20, 22], [57, 407]]
"359024.a1"	359024	[0, 0, 0, -379, 2986]	[[13, 16], [-3, 64], [29, 128]]
"359026.e1"	359026	[1, 1, 1, -35, 321]	[[3, 14], [-5, 22], [7, 18]]
"359042.b1"	359042	[1, -1, 1, -1093, 14205]	[[27, 48], [15, 24], [37, 134]]
"359173.a1"	359173	[0, 0, 1, -85, 300]	[[5, 0], [6, 2], [3, 8]]
"359191.a1"	359191	[1, 1, 1, -34, -18]	[[-6, 6], [8, 13], [15, 48]]
"359262.a1"	359262	[1, -1, 0, -306, 2196]	[[12, 6], [9, 6], [4, 30]]
"359304.a1"	359304	[0, 1, 0, -6985, 226619]	[[-19, 594], [35, 162], [53, 90]]
"359344.a1"	359344	[0, 1, 0, -24, 916]	[[6, 32], [-10, 16], [54, 400]]
"359442.f1"	359442	[1, -1, 1, 1534, 264705]	[[-1, 513], [113, 1311], [1025, 32319]]
"359466.a1"	359466	[1, 1, 0, 122, 724]	[[4, 34], [-5, 7], [9, 47]]
"359508.a1"	359508	[0, -1, 0, -29, 30]	[[1, 1], [-3, 9], [-5, 5]]
"359537.a1"	359537	[1, 0, 0, -447, 3586]	[[-1, 64], [118/3, -50/3], [126, 1334]]
"359542.b1"	359542	[1, -1, 0, -866, 10068]	[[-4, 118], [12, 30], [196/3, 634/3]]
"359552.l1"	359552	[0, -1, 0, 71, -55]	[[1, 4], [5, 20], [17, 76]]
"359586.d1"	359586	[1, -1, 1, -3317, 74765]	[[31, 16], [39, 40], [15, 160]]
"359644.a1"	359644	[0, -1, 0, -508, 4856]	[[-10, 94], [37, 188], [2, 62]]
"359714.b1"	359714	[1, 0, 1, -32, 174]	[[1, 11], [-7, 11], [17, 59]]
"359738.a1"	359738	[1, 0, 1, -198, 980]	[[16, 36], [55/3, -7/3], [-25/2, 377/2]]
"359846.a1"	359846	[1, 0, 1, -17, 84]	[[3, 6], [-1, 10], [7, 14]]
"359847.a1"	359847	[1, -1, 1, -284, 1964]	[[9, 4], [12, 7], [18, 40]]
"359858.f1"	359858	[1, -1, 1, -3033, 64185]	[[39, 44], [7, 204], [15, 140]]
"359952.a1"	359952	[0, -1, 0, -200, 1296]	[[8, 12], [2, 30], [-16, 12]]
"359952.d1"	359952	[0, -1, 0, 3536, 8128]	[[136, 1728], [8, 192], [-56/5, 1728/5]]
"359974.e1"	359974	[1, 0, 0, -1153, 10761]	[[10, 11], [42, 171], [2, 91]]
"360012.c1"	360012	[0, 1, 0, 3, 3924]	[[-9, 57], [48, 342], [3, 63]]
"360037.a1"	360037	[0, -1, 1, -35, 87]	[[3, 0], [5, 3], [9, 20]]
"360122.a1"	360122	[1, -1, 0, -161, 893]	[[2, 23], [-14, 23], [7, 5]]
"360134.c1"	360134	[1, 1, 0, -191, 931]	[[5, 9], [51, 331], [15, 34]]
"360162.j1"	360162	[1, -1, 0, -1353, -2961]	[[-5, 63], [-27, 129], [-9/2, 75/2]]
"360162.j2"	360162	[1, -1, 0, -843, 9585]	[[1, 93], [16, -9], [21, 18]]
"360202.a1"	360202	[1, 0, 1, -113, -300]	[[-4, 11], [15, 30], [31, 146]]
"360266.a1"	360266	[1, -1, 0, -104, 784]	[[-9, 35], [52, 340], [12, 28]]
"360342.b1"	360342	[1, -1, 1, -461, 5941]	[[-5, 92], [13, 38], [31, 128]]
"360458.c1"	360458	[1, 0, 0, -1404, 19984]	[[40, 148], [24, 4], [12, 64]]
"360512.a1"	360512	[0, 1, 0, -1569, 24895]	[[83, 688], [-3, 172], [-13, 208]]
"360544.a1"	360544	[0, 0, 0, -412, 3520]	[[-6, 76], [13, 19], [32, 152]]
"360569.b1"	360569	[1, -1, 1, -259, 1634]	[[6, 13], [17, 35], [2, 32]]
"360624.w1"	360624	[0, 1, 0, 248, 16916]	[[2, 132], [68, 594], [266, 4356]]
"360693.a1"	360693	[0, 0, 1, -8703, 312500]	[[45, 109], [1344/5, 47/5], [52, 23]]
"360696.h1"	360696	[0, 1, 0, -537, 17451]	[[87, 798], [3, 126], [11, 114]]
"360768.b1"	360768	[0, -1, 0, -217, 1369]	[[13, 24], [7, 12], [9, 8]]
"360768.z1"	360768	[0, 1, 0, 1303, 27351]	[[67, 648], [13, 216], [-5, 144]]
"360795.b1"	360795	[1, 1, 1, -561, 4908]	[[51, 309], [-16, 108], [124/3, -32/3]]
"360847.b1"	360847	[1, -1, 1, -2029, 35532]	[[22, 23], [-24, 276], [36, 72]]
"360906.a1"	360906	[1, 1, 0, -994, 11956]	[[28, 70], [-20, 166], [19, 10]]
"360932.a1"	360932	[0, 1, 0, -40565, 3151324]	[[137, 429], [280, 3718], [405/2, 2431/2]]
"361055.a1"	361055	[0, 0, 1, 7, 64]	[[-1, 7], [4, 12], [1, 8]]
"361088.a1"	361088	[0, 0, 0, -8644, 312016]	[[38, 196], [80, 364], [-11, 637]]
"361178.c1"	361178	[1, 0, 0, -441, 3529]	[[12, -7], [10, 7], [-8, 85]]
"361178.d1"	361178	[1, 0, 0, -66, 20932]	[[36, 238], [-28, 46], [292, 4846]]
"361188.a1"	361188	[0, 0, 0, -19344, -994556]	[[560, 12798], [-88, 162], [236, 2754]]
"361193.a1"	361193	[1, 0, 0, -2205, 38416]	[[-49, 196], [0, 196], [147/2, 539/2]]
"361231.a1"	361231	[0, 0, 1, 1390, 22040]	[[-10, 84], [-116/3, 1189/3], [20, 240]]
"361322.a1"	361322	[1, -1, 0, -64, -116]	[[-3, 8], [10, 8], [-2, 2]]
"361322.g1"	361322	[1, 1, 0, -24170, 1432852]	[[83, 43], [44, 654], [3596/5, 113366/5]]
"361333.a1"	361333	[0, 0, 1, 29, 486]	[[-2, 20], [33/2, 283/2], [3, 24]]
"361406.c1"	361406	[1, 0, 0, -112, 384]	[[8, 0], [4, 0], [-8, 32]]
"361416.e1"	361416	[0, -1, 0, -604, 100]	[[-8, 66], [36, 154], [62, 444]]
"361416.e2"	361416	[0, -1, 0, -419, -3156]	[[-11, 1], [37, 175], [24, 6]]
"361598.a1"	361598	[1, -1, 1, -6, 117]	[[-3, 11], [5, 11], [3, 9]]
"361686.d1"	361686	[1, 0, 1, -320, -1330]	[[33, 139], [-6, 22], [20, 9]]
"361720.a1"	361720	[0, -1, 0, -1300, 18500]	[[20, 10], [22, 8], [-20, 190]]
"361722.k1"	361722	[1, 0, 1, -787, 1514]	[[-8, 89], [1, 26], [-26, 80]]
"361728.a1"	361728	[0, 0, 0, -366, 2696]	[[10, 6], [11, 1], [19, 51]]
"361738.c1"	361738	[1, -1, 1, -96, 771]	[[-3, 33], [5, 17], [13, 33]]
"361744.b1"	361744	[0, 1, 0, -3632, 83284]	[[66, 368], [34, 16], [914/5, 3312/5]]
"361792.d1"	361792	[0, 0, 0, -620, 6224]	[[10, 32], [-22, 96], [13, 19]]
"361816.e1"	361816	[0, -1, 0, -5112, 142129]	[[33, 91], [48, 71], [-23, 497]]
"361820.a1"	361820	[0, 0, 0, 1427, -9603]	[[29, 237], [108, 1185], [819, 23463]]
"361838.b1"	361838	[1, 1, 1, -251235, 48364801]	[[2611/3, -4838/3], [289, -144], [287, -86]]
"361899.a1"	361899	[1, -1, 1, -59, -786]	[[17, 45], [26, 108], [44, 261]]
"361920.a1"	361920	[0, -1, 0, -2501, 48981]	[[33, 36], [28, 11], [13, 136]]
"361920.a2"	361920	[0, -1, 0, -2321, 56145]	[[1, 232], [-31, 312], [8, 195]]
"361937.a1"	361937	[1, 0, 0, -214, 1933]	[[-12, 59], [147, 1702], [157/3, 1381/3]]
"361949.a1"	361949	[1, -1, 1, 4293, -11970]	[[33, 389], [94/3, 4819/3], [5, 95]]
"362112.b1"	362112	[0, -1, 0, -409, -1751]	[[65, 492], [-5, 12], [-15, 28]]
"362112.b2"	362112	[0, -1, 0, -179, 963]	[[7, 2], [1, 28], [-9, 42]]
"362112.d1"	362112	[0, -1, 0, -713, 4761]	[[5, 36], [0, 69], [7, 8]]
"362112.d2"	362112	[0, -1, 0, -303, -1881]	[[-9, 6], [-10, 7], [39, 210]]
"362117.c1"	362117	[1, -1, 1, -571552, 817812710]	[[11726, 1261546], [-5064/5, 3814826/5], [76883/11, 35063944/11]]
"362128.e1"	362128	[0, -1, 0, -520, 4736]	[[14, 2], [16, 16], [8, 32]]
"362136.g1"	362136	[0, 1, 0, -212, 1101]	[[10, 9], [7, 3], [6, 9]]
"362153.d1"	362153	[1, 1, 1, -3209, 69840]	[[-60, 255], [22, 91], [-89/3, 8689/3]]
"362194.a1"	362194	[1, 1, 0, -2, 40]	[[2, 6], [-4, 4], [-1, 7]]
"362194.b1"	362194	[1, 1, 0, -31530, 2141896]	[[60, 656], [109, 68], [172, 1272]]
"362278.a1"	362278	[1, 1, 0, -8948, 317164]	[[-66, 824], [39, 152], [725, 19017]]
"362299.a1"	362299	[0, 0, 1, -304, 1932]	[[2, 36], [81/2, 507/2], [148, 1788]]
"362341.a1"	362341	[0, 1, 1, -1554, 23238]	[[24, 18], [98, 906], [273/4, 2817/4]]
"362585.a1"	362585	[0, 1, 1, -96, 3636]	[[-6, 63], [73/3, 1574/3], [22, 112]]
"362688.a1"	362688	[0, -1, 0, -621345, 188722881]	[[445, 384], [455, 16], [459, 132]]
"362688.e1"	362688	[0, -1, 0, -289, 2305]	[[13, 24], [7, 24], [-3, 56]]
"362688.h1"	362688	[0, -1, 0, 79, -783]	[[17, 72], [9, 24], [41, 264]]
"362731.a1"	362731	[0, 1, 1, -2, -30]	[[3, 0], [4, 6], [5, 10]]
"362760.b1"	362760	[0, -1, 0, -1740, 29412]	[[24, 30], [54, 300], [29, 50]]
"362881.a1"	362881	[0, 0, 1, -884, 10060]	[[22, 35], [340/3, 4708/3], [16, 3]]
"362924.a1"	362924	[0, -1, 0, -29, 94]	[[3, 5], [5, 7], [-1, 11]]
"362958.a1"	362958	[1, 1, 1, -3167, 67205]	[[27, 34], [33, -14], [31, -10]]
"362990.a1"	362990	[1, 0, 1, -243, 5306]	[[10, 57], [-15, 82], [-5, 82]]
"363024.a1"	363024	[0, 0, 0, -507, 5690]	[[13, 36], [1, 72], [-23, 72]]
"363026.a1"	363026	[1, 0, 0, -524, 2704]	[[24, 52], [-8, 84], [0, 52]]
"363070.b1"	363070	[1, 1, 0, -38, -8]	[[-4, 12], [6, 2], [-6, -4]]
"363072.y1"	363072	[0, 1, 0, -10417, 543119]	[[-1, 744], [95, 648], [743, 20088]]
"363096.d1"	363096	[0, 0, 0, -246, 1681]	[[0, 41], [41, 246], [41/2, 123/2]]
"363111.a1"	363111	[1, 1, 1, -27, 132]	[[4, 8], [-3, 15], [25, 113]]
"363114.b1"	363114	[1, -1, 0, -18081, 940333]	[[78, -37], [77, -25], [62, 203]]
"363114.e1"	363114	[1, -1, 0, -24, 576]	[[0, 24], [16, 56], [-5, 26]]
"363162.a1"	363162	[1, 1, 0, -1382, 19860]	[[44, 194], [17, 32], [12, 66]]
"363316.a1"	363316	[0, -1, 0, -382, 2969]	[[-2, 61], [53/2, 61/2], [8, 19]]
"363321.b1"	363321	[1, -1, 1, -2186, -34810]	[[-20, 34], [78, 475], [64, 258]]
"363328.z1"	363328	[0, 0, 0, -524, -464]	[[-18, 56], [24, 28], [-11, 63]]
"363378.b1"	363378	[1, 0, 0, -2480, 36096]	[[4, 160], [40, 16], [112, 1024]]
"363410.c1"	363410	[1, -1, 1, -22392, 1278459]	[[117, 441], [77, 41], [67, 241]]
"363460.a1"	363460	[0, -1, 0, -76, 1016]	[[10, 34], [-7, 34], [22/3, 782/3]]
"363558.l1"	363558	[1, 1, 1, -5887, 662885]	[[-5, 834], [35, 690], [-83, 808]]
"363584.a1"	363584	[0, 0, 0, -844, 9136]	[[-2, 104], [24, 52], [30, 104]]
"363608.a1"	363608	[0, 1, 0, 503, 6939]	[[5, 98], [-9, 42], [54, 441]]
"363609.a1"	363609	[0, 0, 1, -201, 1122]	[[0, 33], [67/3, 154/3], [15, 38]]
"363718.a1"	363718	[1, -1, 1, -11262, 463245]	[[121, 867], [57, 35], [-111, 635]]
"363783.a1"	363783	[0, -1, 1, -6494, -101656]	[[221, 3034], [-17, 59], [102, 535]]
"364008.e1"	364008	[0, 1, 0, -1612, 23984]	[[26, 18], [8, 108], [20, 12]]
"364072.c1"	364072	[0, -1, 0, -388, 2996]	[[22, 68], [5, 34], [37/2, 85/2]]
"364190.a1"	364190	[1, -1, 0, -79, 553]	[[-8, 29], [2, 19], [12, 29]]
"364205.a1"	364205	[0, 1, 1, -800, 7656]	[[25, 62], [0, 87], [20, 7]]
"364260.a1"	364260	[0, -1, 0, -2106, 38025]	[[26, 13], [78, 585], [0, 195]]
"364280.b1"	364280	[0, 1, 0, -3361, 56835]	[[-9, 294], [47, 70], [89, 686]]
"364310.a1"	364310	[1, -1, 0, -100, 100]	[[-2, 18], [15, 35], [10, 0]]
"364338.a1"	364338	[1, -1, 0, 1902, -2476]	[[4, 70], [148, 1798], [7/2, 227/2]]
"364395.b1"	364395	[1, 1, 1, -14680, 690650]	[[-32, 1078], [53, 228], [247/2, 999/2]]
"364416.a1"	364416	[0, -1, 0, -27, 99]	[[3, 6], [-3, 12], [5, 8]]
"364434.g1"	364434	[1, 1, 1, -5690, 163271]	[[57, 139], [9, 331], [45, 7]]
"364443.a1"	364443	[1, 0, 0, -1464, 21393]	[[3, 129], [21, -6], [309/4, 687/4]]
"364464.a1"	364464	[0, 0, 0, 96, 3116]	[[-2, 54], [-11, 27], [70, 594]]
"364466.a1"	364466	[1, 0, 1, -11, 42]	[[-3, 8], [5, 8], [2, 4]]
"364479.a1"	364479	[1, 1, 1, -108, 384]	[[7, 2], [6, -3], [3, 8]]
"364526.b1"	364526	[1, 0, 1, -159, 1778]	[[14, 41], [111, 1108], [-1, 44]]
"364623.a1"	364623	[0, -1, 1, -57, -1303]	[[17, 48], [165/2, 2033/2], [211, 3055]]
"364646.a1"	364646	[1, -1, 0, -367, 2809]	[[16, 21], [12, -1], [-13, 79]]
"364646.b1"	364646	[1, 1, 0, -6, -224]	[[10, 24], [6, -2], [16, 56]]
"364658.b1"	364658	[1, -1, 0, -667, -5531]	[[-15, 38], [46, 221], [107, 1014]]
"364658.f1"	364658	[1, 1, 0, -679312, -213303040]	[[-449, 1425], [1952, 75856], [-463, 1726]]
"364658.f2"	364658	[1, 1, 0, -66567, 6582745]	[[-36, 3007], [160, 165], [1384/3, 913/3]]
"364707.f1"	364707	[0, 0, 1, -504, -4300]	[[-12, 4], [-14, 3], [28, 59]]
"364713.a1"	364713	[0, -1, 1, -36, 110]	[[3, 4], [0, 10], [-3, 13]]
"364898.a1"	364898	[1, -1, 0, -173, 961]	[[3, 20], [70/3, 67/3], [55/2, 203/2]]
"364974.a1"	364974	[1, 1, 0, -14, 564]	[[-4, 26], [12, 42], [5, 23]]
"364992.j1"	364992	[0, -1, 0, -701, 7149]	[[-7, 108], [20, 27], [53/2, 27/2]]
"364992.bi1"	364992	[0, 1, 0, -505, 4679]	[[-1, 72], [11, 24], [17, 36]]
"365088.a1"	365088	[0, -1, 0, -1745, 28641]	[[25, 4], [23, 12], [41, 156]]
"365110.a1"	365110	[1, 0, 1, -2498, -9522]	[[-6, 75], [411/2, 6835/2], [-169/2, 1325/2]]
"365110.c1"	365110	[1, 0, 0, -4065, 97225]	[[10, 235], [30, 35], [-70, 235]]
"365118.d1"	365118	[1, 1, 0, -158, 744]	[[7, 3], [20, 68], [-6, 42]]
"365118.e1"	365118	[1, 1, 0, 14332, -727536]	[[272, 4700], [3899, 241664], [2336/5, 144076/5]]
"365300.a1"	365300	[0, 1, 0, -2633, -17912]	[[-21, 169], [-47, 65], [-8, 52]]
"365309.a1"	365309	[1, 1, 1, -69, -200]	[[11, 17], [-25/2, 67/2], [-4, 7]]
"365364.a1"	365364	[0, 0, 0, -1128, -8476]	[[40, 102], [-28, 34], [-95/2, 561/2]]
"365382.g1"	365382	[1, -1, 1, -2771, -30093]	[[75, 386], [-31, 174], [59, 66]]
"365442.a1"	365442	[1, 1, 0, -50936, 4399746]	[[139, 102], [125, 11], [-169, 2951]]
"365442.a2"	365442	[1, 1, 0, -2426, 101760]	[[13, 263], [34, 228], [160, 1880]]
"365442.b1"	365442	[1, 1, 0, -29551, 1943005]	[[97, -17], [99, -47], [101, -13]]
"365442.b2"	365442	[1, 1, 0, -1831, 30325]	[[27, 25], [13, 88], [31, 52]]
"365463.a1"	365463	[0, 0, 1, -5949, 176592]	[[38, 73], [44, 4], [47, 28]]
"365516.a1"	365516	[0, -1, 0, -205, 1166]	[[13, 23], [-10, 46], [29/2, 23/2]]
"365541.e1"	365541	[1, 0, 0, -239, 28590]	[[43, 292], [157, 1888], [-179/5, 22079/5]]
"365594.d1"	365594	[1, 0, 0, -1186, 4932]	[[-28, 142], [4, 14], [-36, 54]]
"365655.a1"	365655	[0, 1, 1, -1406, 20306]	[[19, 28], [22, 22], [133/2, 851/2]]
"365670.c1"	365670	[1, -1, 0, -97875, 11810205]	[[183, -42], [181, -91], [211, 615]]
"365670.c2"	365670	[1, -1, 0, -6075, 188325]	[[30, 165], [45, 45], [-5, 470]]
"365706.a1"	365706	[1, -1, 0, -8133, 284309]	[[58, 43], [130, 1123], [31, 232]]
"365727.a1"	365727	[1, 0, 0, -294, 1359]	[[-6, 57], [3, 21], [21, 57]]
"365778.b1"	365778	[1, -1, 0, -1611, 25353]	[[27, 18], [6, 123], [87/2, 39/2]]
"365778.e1"	365778	[1, -1, 0, 2520, 730944]	[[-3, 852], [240, 3768], [-1776/5, 58872/5]]
"365794.a1"	365794	[1, 0, 1, 49, 30]	[[0, 5], [11, 38], [11/2, 95/2]]
"365859.a1"	365859	[0, 0, 1, -6789, 210982]	[[14, 344], [40, 58], [79, 409]]
"365868.a1"	365868	[0, 0, 0, -39, 414]	[[3, 18], [-9, 6], [-5, 22]]
"365880.a1"	365880	[0, -1, 0, -996, 12420]	[[8, 70], [20, 10], [16, 18]]
"365880.a2"	365880	[0, -1, 0, -696, 19740]	[[14, 112], [-10, 160], [46, 288]]
"365888.b1"	365888	[0, -1, 0, -289, 2753]	[[13, 32], [-19, 32], [23, 88]]
"365991.a1"	365991	[1, 0, 0, -876, 12159]	[[-3, 123], [15, 42], [-30, -93]]
"365997.a1"	365997	[1, 1, 1, -202, 1022]	[[8, -3], [7, 0], [10, 6]]
"366065.a1"	366065	[0, 0, 1, -433, -1362]	[[31, 122], [-4, 17], [66, 507]]
"366079.a1"	366079	[1, -1, 1, -279, 1152]	[[2, 23], [16, 16], [44, 247]]
"366114.b1"	366114	[1, 0, 1, -27248, 1787042]	[[-42, 1711], [441, 8473], [105, 241]]
"366246.a1"	366246	[1, -1, 0, -324, -1706]	[[-13, -7], [-7, 17], [-25/2, 79/2]]
"366246.h1"	366246	[1, -1, 1, -5891, 165507]	[[59, 114], [-37, 594], [27, 146]]
"366338.b1"	366338	[1, 1, 0, -29652, 1959940]	[[766/3, 5564/3], [96, 50], [-128, 1982]]
"366410.g1"	366410	[1, -1, 1, -453, 5181]	[[5, 52], [15, 32], [27, 96]]
"366495.a1"	366495	[1, 1, 1, -55, 350]	[[8, 18], [3, 13], [-13/2, 189/2]]
"366575.b1"	366575	[0, 0, 1, -115, 306]	[[20, 77], [-11, 15], [10, 12]]
"366665.a1"	366665	[0, 1, 1, -2200, 38906]	[[15, 97], [25, 12], [-50, 162]]
"366669.a1"	366669	[0, 0, 1, -273, -1548]	[[-10, 13], [-7, 4], [-31/2, 77/2]]
"366756.b1"	366756	[0, 1, 0, -289, -208]	[[-7, 39], [-1, 9], [19, 39]]
"366811.a1"	366811	[0, 1, 1, 18, 0]	[[0, 0], [1, 4], [3, 9]]
"366822.a1"	366822	[1, -1, 0, 9, 121]	[[-4, 5], [2, 11], [-1, 11]]
"366849.b1"	366849	[1, -1, 1, -236, 1432]	[[13, 14], [10, -4], [-8, 56]]
"367023.a1"	367023	[0, 1, 1, -89992, 10304272]	[[143, 616], [188, 256], [1376, 49936]]
"367095.b1"	367095	[0, 1, 1, -1560, 20306]	[[15, 22], [30, 37], [105, 1012]]
"367100.a1"	367100	[0, 1, 0, 867, 8863]	[[-7, 50], [13, 150], [293, 5050]]
"367120.g1"	367120	[0, 0, 0, -24787, 1498066]	[[17, 1040], [82, 130], [-113, 1690]]
"367158.d1"	367158	[1, 0, 1, -3865, 92072]	[[1, 296], [34, -1], [31, 32]]
"367166.c1"	367166	[1, -1, 1, 204, 5271]	[[21, 125], [-13, 23], [-3, 69]]
"367308.a1"	367308	[0, 0, 0, 24, 169]	[[-4, 3], [2, 15], [-1, 12]]
"367314.c1"	367314	[1, 0, 1, -3577, 81416]	[[46, 98], [37, -28], [-35, 422]]
"367371.a1"	367371	[1, -1, 1, -581, 5550]	[[14, -3], [23, 51], [15, -1]]
"367390.a1"	367390	[1, -1, 0, -220, -800]	[[-5, 15], [20, 40], [-4, 4]]
"367433.a1"	367433	[0, 1, 1, -23, -114]	[[10, 27], [6, 0], [29/2, 95/2]]
"367442.b1"	367442	[1, 0, 0, -2601, 50137]	[[24, 29], [106, 931], [-58, 111]]
"367488.o1"	367488	[0, 0, 0, -9156, 335504]	[[46, 108], [64, 108], [100, 648]]
"367488.o2"	367488	[0, 0, 0, -246, 11180]	[[7, 99], [-4, 110], [-20, 90]]
"367554.f1"	367554	[1, 1, 1, -17837, -397213]	[[-33, 412], [165, 1006], [143, -28]]
"367622.a1"	367622	[1, -1, 0, -1772, 29172]	[[-31, 247], [184/3, 650/3], [24, -6]]
"367647.a1"	367647	[0, -1, 1, -1682, 26060]	[[47, 220], [-16, 220], [33, 73]]
"367734.d1"	367734	[1, 1, 1, -152, 857]	[[-3, 37], [9, 13], [5, 13]]
"367826.a1"	367826	[1, 1, 0, -160, -832]	[[-8, 8], [-7, 6], [112, 1128]]
"367852.a1"	367852	[0, 1, 0, -7349, 240055]	[[49, 2], [57, 98], [9, 418]]
"367916.c1"	367916	[0, -1, 0, -53049, 4720570]	[[138, 94], [-3, 2209], [2197/2, 94987/2]]
"367940.a1"	367940	[0, -1, 0, -165, -575]	[[-5, 10], [15, 10], [-65/3, 370/3]]
"367967.b1"	367967	[1, 1, 0, -370, 2591]	[[10, -1], [14, 13], [31/2, 99/2]]
"367980.e1"	367980	[0, 1, 0, -966, 15345]	[[24, 81], [-3, 135], [12, 75]]
"368024.a1"	368024	[0, 1, 0, -404, -3215]	[[68, 537], [-104/3, 179/3], [-12, 7]]
"368032.e1"	368032	[0, -1, 0, -1825, 46001]	[[41, 196], [25, 124], [-23/3, 6076/3]]
"368058.a1"	368058	[1, 0, 1, -2110, 37100]	[[28, -1], [19, 53], [55, 269]]
"368066.f1"	368066	[1, -1, 1, -1296, 14835]	[[29, 17], [-35, 145], [93, 785]]
"368114.d1"	368114	[1, 1, 1, -334, 2187]	[[9, -1], [11, -5], [5, 23]]
"368159.a1"	368159	[0, 0, 1, -49, -90]	[[-3, 5], [8, 5], [-2, 0]]
"368195.a1"	368195	[0, 0, 1, -1408, 20313]	[[71, 527], [73/2, 207/2], [217/3, 514/3]]
"368256.e1"	368256	[0, -1, 0, -13609, 613369]	[[85, 252], [57, 140], [99, 476]]
"368256.e2"	368256	[0, -1, 0, -1279, -665]	[[-17, 126], [46, 189], [-10, 105]]
"368256.q1"	368256	[0, 1, 0, -2777, 62391]	[[31, 84], [-53, 252], [10, 189]]
"368265.a1"	368265	[0, 1, 1, -68520, -3525226]	[[-219, 1012], [-69, 937], [-84, 1282]]
"368277.c1"	368277	[1, 1, 1, -2457, 147012]	[[30, 303], [394, 7583], [-153/2, 3607/2]]
"368412.d1"	368412	[0, 1, 0, -2585, 49464]	[[25, 33], [-41, 297], [13, 135]]
"368498.a1"	368498	[1, -1, 0, -3194, 70324]	[[36, 14], [31, 4], [292/3, -230/3]]
"368524.a1"	368524	[0, 1, 0, -190, 969]	[[10, 13], [-16, 13], [-3, 39]]
"368529.a1"	368529	[0, -1, 1, -6806, 218378]	[[26, 241], [-43, 655], [89, 556]]
"368595.a1"	368595	[0, 0, 1, -3387, 78390]	[[38, 67], [23, 112], [17/2, 2021/2]]
"368626.a1"	368626	[1, -1, 1, -346056, 78496011]	[[2869/3, 14755/3], [461, 3865], [333, 153]]
"368720.f1"	368720	[0, -1, 0, -1416, 28480]	[[24, 88], [-42, 110], [46, 242]]
"368809.c1"	368809	[0, -1, 1, -9205, 343012]	[[56, 3], [52, 47], [221/2, 45/2]]
"368818.a1"	368818	[1, 0, 1, -470, 3880]	[[13, -3], [10, 9], [28, 99]]
"368850.p1"	368850	[1, 1, 1, -988, 8381]	[[5, 57], [-35, 57], [25, -3]]
"368852.a1"	368852	[0, 1, 0, -34077, 2409919]	[[105, 22], [133, 498], [1713/4, 913/4]]
"368878.a1"	368878	[1, -1, 0, -143, 1741]	[[43, 250], [-9/2, 371/2], [25/3, 958/3]]
"368973.b1"	368973	[0, 0, 1, -636, 6171]	[[17, 16], [57/2, 7/2], [3, 65]]
"369075.a1"	369075	[0, -1, 1, 342, 6968]	[[2, 87], [12, 112], [37, 262]]
"369088.c1"	369088	[0, -1, 0, -657, 5329]	[[73, 584], [0, 73], [73/3, 584/3]]
"369090.m1"	369090	[1, -1, 1, -608, 7427]	[[13, 33], [-27, 73], [-3, 97]]
"369104.g1"	369104	[0, -1, 0, -83232, 577371136]	[[41616, 8489392], [5440/3, 738208/3], [-704, 16928]]
"369104.g2"	369104	[0, -1, 0, 9248, -21381376]	[[578, 13294], [1360, 50048], [2533, 127466]]
"369123.a1"	369123	[0, 1, 1, -61669, 5874031]	[[53, 1660], [143, 4], [137, 124]]
"369131.b1"	369131	[0, 0, 1, -62, 171]	[[3, 3], [1, 10], [9, 18]]
"369230.a1"	369230	[1, -1, 0, -5119, 142333]	[[42, -11], [47, 39], [-78, 289]]
"369308.b1"	369308	[0, 1, 0, -4102, 99849]	[[38, 17], [325/3, 289/3], [376/3, 1513/3]]
"369376.a1"	369376	[0, 0, 0, -124, 1024]	[[2, 28], [-12, 28], [16, 56]]
"369510.e1"	369510	[1, 1, 0, -577, 5041]	[[7, 34], [12, -1], [17, 14]]
"369512.a1"	369512	[0, 0, 0, -3004, 133876]	[[-2, 374], [42, 286], [-46, 418]]
"369520.a1"	369520	[0, 1, 0, -498656, 135183220]	[[426, 496], [-380, 16430], [9354, 902224]]
"369520.a2"	369520	[0, 1, 0, -21856, 3395700]	[[-134, 1984], [52, 1550], [100, 1490]]
"369531.b1"	369531	[1, -1, 1, -599, 65792]	[[0, 256], [-38, 199], [19, 237]]
"369556.a1"	369556	[0, -1, 0, -1517, 22126]	[[5, 121], [-39, 143], [53/2, 517/2]]
"369576.a1"	369576	[0, 0, 0, -147, 155]	[[-7, 29], [22, 87], [1/2, 87/2]]
"369672.a1"	369672	[0, -1, 0, -13528, -601124]	[[590, 14016], [225, 2774], [1222/3, 5840/3]]
"369672.a2"	369672	[0, -1, 0, -868, -8636]	[[-20, 18], [-14, 24], [-16, 30]]
"369712.a1"	369712	[0, 1, 0, -992, 11476]	[[22, 28], [15, 14], [-20, 154]]
"369712.b1"	369712	[0, 1, 0, -376, -2604]	[[-10, 16], [22, 16], [-122/3, 368/3]]
"369748.a1"	369748	[0, 0, 0, -472, 3940]	[[12, 2], [16, 22], [13, 1]]
"369760.a1"	369760	[0, 1, 0, -1105, 11103]	[[11, 20], [1, 100], [-29, 140]]
"369774.b1"	369774	[1, -1, 0, -33, 25]	[[-4, -7], [-1, 8], [8, 11]]
"369785.a1"	369785	[0, 0, 1, -27517, 1756782]	[[393/2, 321/2], [82, 227], [17, 1137]]
"369810.a1"	369810	[1, -1, 0, -3690, -83210]	[[-37, 59], [71, 59], [-121/2, 67/2]]
"369810.a2"	369810	[1, -1, 0, -540, 3100]	[[5, 20], [41, 200], [-4, 74]]
"369894.a1"	369894	[1, 0, 1, -360, 1702]	[[2, 30], [-19, 51], [5, 3]]
"369915.c1"	369915	[1, 1, 1, -1701, 26574]	[[34, 80], [73, 509], [-18, 236]]
"369919.a1"	369919	[0, 1, 1, -144, 612]	[[10, 16], [-1, 27], [-12, 27]]
"369926.a1"	369926	[1, -1, 0, -37, 37]	[[-2, 11], [6, -1], [-6, 7]]
"369950.b1"	369950	[1, -1, 0, -1822, 30736]	[[9, 118], [30, 34], [23, 13]]
"369952.a1"	369952	[0, 1, 0, 3, 1099]	[[9, 44], [-2, 33], [25, 132]]
"369972.a1"	369972	[0, 0, 0, -4449, 114689]	[[121, 1161], [35, 43], [-8, 387]]
"370035.a1"	370035	[0, 0, 1, 213, 1840]	[[-2, 37], [23, 137], [-7, 2]]
"370135.a1"	370135	[0, 0, 1, -97, 492]	[[7, 12], [2, 17], [-3, 27]]
"370139.a1"	370139	[1, 0, 0, -41489, 2677654]	[[175, 798], [21, 1337], [70, 308]]
"370139.a2"	370139	[1, 0, 0, -12394, -493701]	[[129, 177], [290, 4363], [934, 27869]]
"370161.c1"	370161	[1, -1, 1, -13433, 596310]	[[302, 4749], [60, 30], [-61, 1119]]
"370166.a1"	370166	[1, 1, 0, 1, -29]	[[3, 2], [5, 9], [11/2, 5/2]]
"370166.b1"	370166	[1, -1, 1, -4374, 112677]	[[41, 11], [25, 123], [105, 843]]
"370166.c1"	370166	[1, 1, 1, -102552, 12604345]	[[167, 329], [875, 23929], [403, 5875]]
"370177.b1"	370177	[1, 1, 0, -21, 16]	[[0, 4], [4, 2], [16, 56]]
"370235.a1"	370235	[1, 0, 0, -185, -650]	[[-5, 15], [-10, 20], [-45/2, 95/2]]
"370253.a1"	370253	[0, 0, 1, -211, 1266]	[[27, 123], [8, 9], [-11, 47]]
"370266.b1"	370266	[1, 1, 0, -54, 36]	[[0, 6], [12, 30], [-3, 15]]
"370304.a1"	370304	[0, 0, 0, 556, 6896]	[[14, 132], [58, 484], [-2, 76]]
"370404.a1"	370404	[0, 0, 0, -480, 4068]	[[12, 6], [16, 22], [13, 5]]
"370480.b1"	370480	[0, 1, 0, -2056, -24300]	[[-14, 44], [74, 484], [52, 110]]
"370514.a1"	370514	[1, 0, 0, 90, -1244]	[[24, 110], [12, 34], [35/2, 87/2]]
"370574.b1"	370574	[1, 0, 0, -15502, 657924]	[[44, 226], [148/3, 17014/3], [-80, 1218]]
"370604.a1"	370604	[0, 0, 0, -3136, 78340]	[[-12, 338], [-64, 130], [568/3, 9802/3]]
"370619.a1"	370619	[0, 0, 1, -298, 1980]	[[10, 0], [12, 11], [41/2, 9/2]]
"370620.b1"	370620	[0, 0, 0, -8853, 325373]	[[479, 10295], [44, 145], [73, 261]]
"370624.a1"	370624	[0, 1, 0, -257, 1759]	[[3, 32], [19, 64], [9, 16]]
"370730.d1"	370730	[1, 0, 0, -166435, 26141697]	[[134, 2433], [334, 2633], [2206/3, 4691/3]]
"370768.a1"	370768	[0, 1, 0, 72, 4]	[[0, 2], [8, 34], [3, 16]]
"370886.a1"	370886	[1, 1, 0, -31, 41]	[[4, -1], [-2, 11], [1, 3]]
"370905.a1"	370905	[0, 1, 1, -2140, 26644]	[[11, 67], [56, 292], [-34, 247]]
"371020.a1"	371020	[0, 0, 0, -532, 5281]	[[2, 65], [73/2, 325/2], [15, 26]]
"371072.e1"	371072	[0, -1, 0, -55, 71]	[[-2, 13], [11, 26], [-5, 14]]
"371106.b1"	371106	[1, -1, 0, -1008, 12420]	[[21, 3], [-6, 138], [48, 246]]
"371120.a1"	371120	[0, 1, 0, -160, -300]	[[-10, 20], [-2, 4], [14, 20]]
"371120.b1"	371120	[0, 1, 0, -18920, 978100]	[[60, 250], [310, 5000], [-90, 1400]]
"371154.a1"	371154	[1, 1, 0, -4326, 107604]	[[84, 546], [35, 7], [-63, 399]]
"371196.a1"	371196	[0, 0, 0, -237, 1325]	[[4, 21], [11, 7], [7, 3]]
"371206.a1"	371206	[1, 0, 1, -2515, 47202]	[[-8, 262], [25, -2], [69, 416]]
"371318.a1"	371318	[1, -1, 0, -883, 7855]	[[91, 776], [-33, 1], [147/2, 1093/2]]
"371437.a1"	371437	[0, 0, 1, -115, 348]	[[3, 5], [-8, 27], [1/2, 139/2]]
"371480.a1"	371480	[0, 0, 0, -9388, -274412]	[[706, 18574], [114, 370], [-34, 74]]
"371514.b1"	371514	[1, 1, 0, -1606, -25250]	[[-23, 25], [-25, 5], [47, 53]]
"371514.b2"	371514	[1, 1, 0, -176, 204]	[[-1, 20], [1, 5], [25, 98]]
"371522.c1"	371522	[1, 0, 0, -34902, 2506804]	[[108, -50], [970/3, -1454/3], [44, 1006]]
"371522.c2"	371522	[1, 0, 0, -422, 3556]	[[12, 10], [-4, 74], [-20, 74]]
"371605.a1"	371605	[0, 0, 1, -3007, 60762]	[[-13, 312], [37, 12], [112, 1062]]
"371605.c1"	371605	[0, 0, 1, -178, -831]	[[-9, 6], [17, 32], [173, 2268]]
"371616.c1"	371616	[0, -1, 0, -8934, 327888]	[[47, 98], [-2, 588], [243, 3528]]
"371616.c2"	371616	[0, -1, 0, -7464, 437844]	[[89, 686], [-28, 790], [68, 490]]
"371824.a1"	371824	[0, 1, 0, -1752, 28756]	[[6, 136], [-28, 238], [190/3, 1088/3]]
"371824.b1"	371824	[0, 1, 0, 264, -812]	[[6, 32], [38, 256], [3, 4]]
"371852.c1"	371852	[0, 0, 0, -40, 769]	[[-10, 13], [16, 65], [68, 559]]
"371854.a1"	371854	[1, 1, 0, -756, 7840]	[[28, 84], [-21, 133], [63/2, 35/2]]
"371925.f1"	371925	[1, -1, 1, -22730, 1324622]	[[69, 250], [90, -2], [88, -35]]
"371936.a1"	371936	[0, 1, 0, -493, 3195]	[[22, 59], [81, 708], [1, 52]]
"372001.a1"	372001	[1, 0, 0, -846, 11287]	[[9, 62], [51, 293], [277/4, 2239/4]]
"372050.a1"	372050	[1, -1, 0, -442, 7216]	[[-1, 88], [34, 158], [-16, 108]]
"372067.a1"	372067	[1, 1, 1, -44, 90]	[[4, -2], [1, 6], [6, 6]]
"372098.a1"	372098	[1, -1, 0, -158, -724]	[[-7, 5], [-29/2, 37/2], [-65/3, 67/3]]
"372098.c1"	372098	[1, 0, 0, -955, 10641]	[[14, 1], [30, 81], [-34, 81]]
"372170.a1"	372170	[1, -1, 1, -888, 15867]	[[13, 73], [45, 233], [-3, 137]]
"372290.a1"	372290	[1, 0, 1, -2604, 50906]	[[28, -2], [29, -13], [25, 27]]
"372308.a1"	372308	[0, 1, 0, -129, 520]	[[7, 3], [5, 5], [9, 13]]
"372348.a1"	372348	[0, 0, 0, -3504, 79076]	[[40, 54], [28, 54], [37, 9]]
"372350.a1"	372350	[1, 1, 0, -22025, 1253125]	[[90, 55], [290, 4255], [15, 955]]
"372350.a2"	372350	[1, 1, 0, 49475, 6637625]	[[14, 2701], [4795/2, 333705/2], [2045, 92065]]
"372381.a1"	372381	[1, 1, 1, -12381, 525270]	[[10, 629], [64, -19], [62, -3]]
"372400.a1"	372400	[0, 0, 0, -2275, 41650]	[[35, 70], [25, 20], [105, 980]]
"372416.bk1"	372416	[0, 0, 0, -3404, 76176]	[[-46, 368], [18, 144], [322/3, 368/3]]
"372476.c1"	372476	[0, 1, 0, -76210, 14399529]	[[2974/3, 136097/3], [208, 2755], [-343, 551]]
"372490.c1"	372490	[1, 0, 0, -2320, 45312]	[[64, 368], [24, 48], [14, 118]]
"372490.c2"	372490	[1, 0, 0, 13120, 48400]	[[160, 2420], [10, 420], [410, 8420]]
"372523.a1"	372523	[0, 1, 1, 10, 30]	[[-2, 2], [-1, 4], [0, 5]]
"372544.b1"	372544	[0, -1, 0, -177, -719]	[[-5, 4], [-9, 8], [-8, 11]]
"372558.a1"	372558	[1, 1, 1, -2172, 38205]	[[33, 45], [-29, 293], [27, -1]]
"372561.a1"	372561	[0, -1, 1, -56, 110]	[[-7, 10], [0, 10], [7, 3]]
"372672.c1"	372672	[0, 0, 0, 276, -2736]	[[10, 32], [42, 288], [138, 1632]]
"372672.e1"	372672	[0, 0, 0, -4044, 108304]	[[-22, 432], [26, 144], [42, 112]]
"372696.a1"	372696	[0, -1, 0, -172, 901]	[[10, 9], [1, 27], [9, 1]]
"372713.b1"	372713	[1, 1, 0, 489, 55816]	[[120, 1304], [139/2, 2589/2], [15/2, 1907/2]]
"372726.a1"	372726	[1, -1, 0, 54, 616]	[[-4, 20], [2, 26], [14, 56]]
"372726.b1"	372726	[1, -1, 0, -2166, 39348]	[[28, -6], [27, -12], [-36, 282]]
"372828.c1"	372828	[0, 1, 0, -234, 2025]	[[0, 45], [9, 27], [-18, 27]]
"372934.c1"	372934	[1, -1, 1, -601, 2105]	[[-25, 44], [39, 172], [23, -4]]
"372963.a1"	372963	[1, 1, 1, -105836, 13210202]	[[185, -22], [1250, 42223], [1379/2, 32413/2]]
"372994.a1"	372994	[1, 1, 0, -1, 41]	[[-4, 3], [4, 9], [-1, 7]]
"373040.a1"	373040	[0, 1, 0, -16, 660]	[[-6, 24], [10, 40], [26, 136]]
"373103.a1"	373103	[0, 1, 1, -211, 377]	[[-5, 36], [15, 28], [53/2, 69/2]]
"373133.a1"	373133	[1, 0, 0, -3209, 69700]	[[36, 16], [127/2, -59/2], [33, -13]]
"373136.a1"	373136	[0, 1, 0, -72, 4]	[[-2, 12], [-6, 16], [0, 2]]
"373156.a1"	373156	[0, 1, 0, -250, 1449]	[[10, 7], [8, 5], [-4, 49]]
"373170.d1"	373170	[1, 1, 0, -1953, 32553]	[[33, 57], [19, 43], [-16, 253]]
"373241.a1"	373241	[1, 0, 0, -320, 2179]	[[6, 19], [10, -3], [11, -1]]
"373274.q1"	373274	[1, -1, 1, -3051, 5967675]	[[43, 2410], [195, 3474], [7339, 625002]]
"373281.a1"	373281	[1, 1, 1, -89, 290]	[[6, 1], [5, -1], [4, 2]]
"373320.p1"	373320	[0, 0, 0, -11172, 527236]	[[32, 450], [152, 1530], [-18, 850]]
"373342.a1"	373342	[1, -1, 0, -26, -24]	[[-4, 4], [-1, 1], [-3, 6]]
"373398.g1"	373398	[1, 0, 1, -3893, 93332]	[[36, -5], [9, 238], [33, 16]]
"373445.a1"	373445	[0, 1, 1, -6161, 184095]	[[49, 47], [181/2, 21/2], [-65, 560]]
"373504.a1"	373504	[0, 1, 0, -2733, 54091]	[[29, 8], [30, 1], [14, 137]]
"373504.c1"	373504	[0, 0, 0, -152, -640]	[[-8, 8], [16, 32], [56, 408]]
"373520.e1"	373520	[0, 1, 0, -64496, 6248980]	[[162, 280], [-6, 2576], [316, 4186]]
"373520.e2"	373520	[0, 1, 0, -6496, -38220]	[[-28, 350], [-49, 406], [-14, 224]]
"373542.e1"	373542	[1, 0, 1, -450, 4312]	[[20, 48], [11, 21], [7, 35]]
"373565.a1"	373565	[1, 1, 1, -106, -306]	[[-6, 15], [-4, 10], [44, 265]]
"373568.g1"	373568	[0, -1, 0, -1953, 33793]	[[37, 104], [21, 40], [69, 472]]
"373586.a1"	373586	[1, 0, 0, -8762, 314596]	[[52, -10], [20, 374], [56, -10]]
"373784.a1"	373784	[0, 1, 0, -129, 547]	[[7, 6], [3, 14], [9, 14]]
"373824.v1"	373824	[0, 0, 0, -7716, 260800]	[[32, 216], [53, 27], [48, 32]]
"373824.v2"	373824	[0, 0, 0, -6636, 336400]	[[18, 472], [77, 531], [50, 360]]
"373825.a1"	373825	[0, 1, 1, -58, 644]	[[13, 47], [-6, 28], [3, 22]]
"373848.d1"	373848	[0, 1, 0, -457, 3899]	[[11, 18], [5, 42], [29, 126]]
"373890.bq1"	373890	[1, 1, 1, -1856, 38369]	[[-27, 277], [39, 145], [149, 1685]]
"373975.b1"	373975	[1, 1, 1, -1638, 22906]	[[10, 82], [-40, 182], [115/2, 81/2]]
"373982.c1"	373982	[1, 1, 1, 848, 3345]	[[53, 421], [-3, 29], [11, 113]]
"373984.b1"	373984	[0, 1, 0, -1617, 19039]	[[33, 52], [59, 364], [-45, 52]]
"373990.b1"	373990	[1, 0, 1, 46, -348]	[[5, 1], [21, 89], [6, 9]]
"374005.a1"	374005	[0, -1, 1, -361, 3196]	[[128, 1427], [-59/2, 567/2], [8, 27]]
"374016.b1"	374016	[0, -1, 0, 73, 579]	[[2, 27], [29, 162], [-3, 18]]
"374018.c1"	374018	[1, 0, 0, -82, 324]	[[4, 6], [8, 10], [0, 18]]
"374022.a1"	374022	[1, -1, 0, -51, 2501]	[[34, 181], [1, 49], [-10, 49]]
"374080.ba1"	374080	[0, -1, 0, -1281, 23425]	[[73, 560], [3, 140], [31, 112]]
"374112.a1"	374112	[0, 0, 0, -2604, 51136]	[[30, 4], [32, 24], [29, 3]]
"374112.b1"	374112	[0, 0, 0, -1404, -18144]	[[-18, 36], [54, 252], [-26, 28]]
"374114.a1"	374114	[1, 1, 0, -54, 16]	[[-6, 16], [7, 3], [-8, 8]]
"374114.e1"	374114	[1, -1, 1, -47364, 3976359]	[[133, 61], [389, 6461], [-27, 2301]]
"374149.a1"	374149	[0, 0, 1, -19, 12]	[[0, 3], [-1, 5], [4, 0]]
"374227.a1"	374227	[0, 0, 1, -1189, 15312]	[[24, 24], [-25, 171], [3, 108]]
"374331.a1"	374331	[0, 1, 1, -1234, 16282]	[[20, 1], [17, 22], [77/2, 41/2]]
"374475.b1"	374475	[0, 1, 1, -1908, -19906]	[[-27, 112], [-12, 37], [48, 37]]
"374496.g1"	374496	[0, 1, 0, 5503, 99471]	[[127, 1692], [55, 756], [-17, 36]]
"374511.a1"	374511	[1, 1, 1, -95, 416]	[[2, 14], [33, 169], [39/2, 143/2]]
"374592.i1"	374592	[0, -1, 0, -121, 697]	[[1, 24], [7, 12], [-11, 24]]
"374592.bh1"	374592	[0, 1, 0, -1617, 25551]	[[3, 144], [27, 48], [21, 36]]
"374608.a1"	374608	[0, 0, 0, -3715, 87682]	[[-31, 416], [33, 32], [97, 800]]
"374697.a1"	374697	[0, 0, 1, -82359, 7825132]	[[-7, 2898], [520, 10276], [991/3, 8155/3]]
"374697.b1"	374697	[0, 0, 1, -1083, -13478]	[[-19, 15], [43, 139], [-17, 4]]
"374709.a1"	374709	[0, -1, 1, -335, 2162]	[[4, 29], [-43/2, 527/2], [122, 1327]]
"374731.a1"	374731	[0, 1, 1, -2150, -37800]	[[117, 1151], [-30, 24], [-23, 3]]
"374737.c1"	374737	[1, 0, 0, -63, 1420]	[[65, 490], [-1, 39], [51/2, 367/2]]
"374794.c1"	374794	[1, 0, 0, -24997, 1509249]	[[98, 7], [210, 2247], [14, 1071]]
"374848.c1"	374848	[0, 1, 0, -1009, 12015]	[[19, 8], [17, 8], [18, 3]]
"374855.c1"	374855	[1, 0, 0, -2445, 46312]	[[29, -12], [24, 28], [344, 6148]]
"374855.c2"	374855	[1, 0, 0, -2050, 61875]	[[35, 165], [-25, 325], [-38, 311]]
"374886.m1"	374886	[1, -1, 1, -5696, 166755]	[[33, 101], [41, 9], [53, 81]]
"374900.a1"	374900	[0, 0, 0, 1000, -25500]	[[20, 50], [44, 322], [320, 5750]]
"374920.a1"	374920	[0, 0, 0, -26407, 1663594]	[[113, 350], [163, 1300], [-97, 1820]]
"374975.a1"	374975	[0, 1, 1, -8, 1644]	[[-7, 37], [18, 87], [-12, 12]]
"374982.g1"	374982	[1, 0, 0, -2292, 41616]	[[24, 12], [30, -6], [12, 120]]
"375006.e1"	375006	[1, 0, 1, -4749, 120568]	[[-49, 510], [32, 24], [167, 1914]]
"375092.a1"	375092	[0, 0, 0, 65, -122]	[[3, 10], [7, 26], [2, 4]]
"375099.a1"	375099	[1, 1, 1, 89, 422]	[[26, 132], [7/2, 183/2], [-2, 16]]
"375100.a1"	375100	[0, 1, 0, -100228, 12179748]	[[172, 242], [188, 130], [228, 1110]]
"375100.a2"	375100	[0, 1, 0, -6453, 176548]	[[-37, 605], [63, 155], [7, 363]]
"375120.e1"	375120	[0, 0, 0, -1443, 22642]	[[11, 90], [41, 180], [-7, 180]]
"375122.d1"	375122	[1, 1, 0, -74134, 9056324]	[[1072, 33566], [128, 1234], [2075, 92743]]
"375122.d2"	375122	[1, 1, 0, 522651, -52412531]	[[477, 17246], [10762, 1113627], [103, 1538]]
"375150.b1"	375150	[1, 1, 0, -245250, -41616000]	[[-285, 2430], [-330, 2040], [-210, 930]]
"375150.b2"	375150	[1, 1, 0, -60750, 5062500]	[[0, 2250], [225, 1575], [500, 9750]]
"375150.b3"	375150	[1, 1, 0, -58750, 5456500]	[[145, 40], [115, 430], [139, -74]]
"375150.b4"	375150	[1, 1, 0, 91750, 26565000]	[[-150, 3150], [-100, 4100], [219, 7455]]
"375162.f1"	375162	[1, 1, 1, -869, 9515]	[[15, 4], [19, 8], [17, -4]]
"375168.h1"	375168	[0, -1, 0, -2441, 47097]	[[32, 27], [59, 324], [-49, 216]]
"375232.g1"	375232	[0, 1, 0, 83, 339]	[[11, 52], [-2, 13], [5/2, 169/2]]
"375232.cf1"	375232	[0, 1, 0, -211617, 37398719]	[[259, 176], [2395/3, 656/3], [298, 943]]
"375297.b1"	375297	[1, 0, 0, -477, 3726]	[[9, 9], [-18, 90], [-9, 90]]
"375310.a1"	375310	[1, 0, 1, 281, 1626]	[[-2, 33], [11, 72], [128, 1398]]
"375371.a1"	375371	[0, -1, 1, -2, 30]	[[0, 5], [2, 5], [3, 6]]
"375387.a1"	375387	[1, 0, 0, -1184, 15603]	[[22, 7], [13, 43], [19, -2]]
"375412.a1"	375412	[0, 1, 0, -788, 8260]	[[16, 2], [12, 26], [56, 378]]
"375450.a1"	375450	[1, 1, 0, -100, 100]	[[10, 10], [0, 10], [-10, 20]]
"375462.a1"	375462	[1, -1, 0, -144, 1264]	[[5, 23], [-12, 40], [56, 380]]
"375506.e1"	375506	[1, -1, 1, -336, 2355]	[[13, 1], [5, 25], [9, -3]]
"375564.b1"	375564	[0, -1, 0, -110572, 14160184]	[[94, 2142], [570, 11662], [-382, 714]]
"375635.b1"	375635	[0, 1, 1, 279, 5760]	[[-6, 62], [-10, 45], [196/3, 4049/3]]
"375642.r1"	375642	[1, -1, 1, -89969, 10160417]	[[-129, 4492], [87, 1684], [117, 1048]]
"375672.a1"	375672	[0, -1, 0, -2529, -33435]	[[93, 726], [-39, 66], [60, 165]]
"375728.a1"	375728	[0, 0, 0, 44, -36]	[[1, 3], [9, 33], [17, 75]]
"375760.a1"	375760	[0, 0, 0, -1483, 3418]	[[49, 220], [-17, 154], [-39, 44]]
"375832.a1"	375832	[0, -1, 0, 108, -1724]	[[36, 218], [12, 34], [16, 62]]
"375882.a1"	375882	[1, 1, 0, -459, 3609]	[[15, 12], [12, -3], [-24, 51]]
"375882.c1"	375882	[1, 1, 0, 47262, 1658484]	[[1332, 48630], [436/5, 196094/5], [-3148/11, 871778/11]]
"375917.a1"	375917	[1, 0, 0, -25, 36]	[[1, 3], [4, 0], [0, 6]]
"376061.a1"	376061	[0, 0, 1, -265, 1662]	[[10, 3], [9, 2], [12, 14]]
"376061.f1"	376061	[0, -1, 1, 335, -26783]	[[113, 1200], [109/2, 339/2], [29, 80]]
"376126.a1"	376126	[1, 0, 0, -1157, 15169]	[[18, 7], [10, 63], [22, 11]]
"376134.e1"	376134	[1, 0, 1, -602, 3404]	[[-3, 73], [21, 1], [69, 505]]
"376146.b1"	376146	[1, -1, 0, -261, 4293]	[[6, 51], [18, 63], [-18, 63]]
"376240.c1"	376240	[0, 1, 0, -1240, -2412]	[[46, 200], [-4, 50], [-29, 100]]
"376240.f1"	376240	[0, 0, 0, -203, -1062]	[[-7, 4], [-9, 6], [-71/3, 188/3]]
"376272.a1"	376272	[0, 0, 0, 573, 4930]	[[41, 312], [-7, 24], [9, 104]]
"376425.e1"	376425	[0, 0, 1, -9525, 667656]	[[5, 787], [320, 5512], [545/2, 11021/2]]
"376442.a1"	376442	[1, -1, 0, -9097, -41681]	[[105, 338], [-5, 63], [237, 3209]]
"376442.d1"	376442	[1, 1, 1, -37560, -32519]	[[-143, 1633], [-187, 797], [1837/3, 22223/3]]
"376465.a1"	376465	[0, 0, 1, -3907, 93750]	[[13, 212], [63, 312], [33, 27]]
"376474.d1"	376474	[1, 0, 0, -2645, 52321]	[[30, -1], [44, 125], [-26, 335]]
"376607.a1"	376607	[1, -1, 1, -4674, 105924]	[[74, 364], [19, 144], [-58, 452]]
"376730.c1"	376730	[1, -1, 1, -1557, 10989]	[[47, 176], [-33, 176], [-3, 126]]
"376735.a1"	376735	[1, 0, 0, -40, -75]	[[-5, 5], [-3, 6], [-4, 7]]
"376768.c1"	376768	[0, 0, 0, 116, 13456]	[[58, 464], [-6, 112], [0, 116]]
"376805.a1"	376805	[0, 0, 1, -12523, -225966]	[[-41, 467], [-743/3, 13357/3], [267, 3932]]
"376805.d1"	376805	[0, 0, 1, -1468, -20352]	[[106, 1007], [-18, 15], [416, 8447]]
"376929.b1"	376929	[1, -1, 1, -10742, 429900]	[[56, 12], [83, 282], [-106, 660]]
"376929.b2"	376929	[1, -1, 1, -977, 240]	[[-10, 99], [0, 15], [44, 180]]
"377001.a1"	377001	[1, -1, 1, -41, 56]	[[0, 7], [6, -2], [-6, 10]]
"377036.a1"	377036	[0, 0, 0, -216304, 39518116]	[[-396, 7942], [-187, 8569], [2212/3, 29602/3]]
"377079.a1"	377079	[0, 1, 1, -1734, 27218]	[[24, 1], [21, 22], [27, 28]]
"377085.a1"	377085	[0, 1, 1, -83950, 9346504]	[[191, 562], [161, 172], [506, 9832]]
"377099.a1"	377099	[1, -1, 1, -3, 30]	[[0, 5], [2, 4], [-3, 3]]
"377124.a1"	377124	[0, -1, 0, -45, 441]	[[3, 18], [-9, 6], [15, 54]]
"377152.a1"	377152	[0, 0, 0, -1996, -24176]	[[-14, 32], [-19, 83], [-254/3, 2656/3]]
"377152.g1"	377152	[0, -1, 0, -569, 5785]	[[47, 284], [-24, 71], [15, 20]]
"377264.b1"	377264	[0, 1, 0, -1224, -11948]	[[44, 146], [39, 34], [124, 1326]]
"377264.b2"	377264	[0, 1, 0, -464, 3556]	[[10, 4], [6, 32], [16, 22]]
"377275.a1"	377275	[0, 1, 1, 142, -306]	[[3, 12], [8, 37], [28, 162]]
"377275.b1"	377275	[0, 0, 1, -5300, 149656]	[[10, 312], [340/3, 1549/3], [80, 487]]
"377286.a1"	377286	[1, 1, 0, -392, 4560]	[[68, 512], [-16, 92], [12, 36]]
"377289.a1"	377289	[0, 0, 1, 303, 15066]	[[14, 148], [-13, 94], [311, 5494]]
"377289.d1"	377289	[0, 0, 1, -17670, 906635]	[[103, 423], [345, 5989], [49/2, 6651/2]]
"377328.a1"	377328	[0, -1, 0, -112, 3136]	[[0, 56], [-14, 42], [112, 1176]]
"377482.c1"	377482	[1, 0, 0, -2762, 55684]	[[40, 78], [32, 2], [-58, 176]]
"377552.a1"	377552	[0, 0, 0, -2659, 52834]	[[17, 112], [31, 14], [265/3, 224/3]]
"377600.a1"	377600	[0, 0, 0, 50, 1600]	[[70, 590], [11, 59], [-15/2, 295/2]]
"377649.a1"	377649	[1, -1, 1, -77, -470]	[[35, 179], [118/3, 499/3], [20, 65]]
"377655.a1"	377655	[0, 1, 1, -450, 12656]	[[75, 637], [0, 112], [45/2, 761/2]]
"377697.a1"	377697	[0, -1, 1, -151, 783]	[[7, 4], [-11, 31], [61, 463]]
"377735.a1"	377735	[1, 1, 1, -31, -6]	[[-1, 5], [-6, 5], [-4, 10]]
"377835.a1"	377835	[1, 0, 0, -725, -3000]	[[-5, 25], [40, 160], [-20, 70]]
"377961.a1"	377961	[1, 0, 0, -25329, 1958940]	[[-183, 780], [735, 19140], [123, 780]]
"377990.a1"	377990	[1, -1, 1, -5148, 142431]	[[53, 101], [45, -3], [-75, 357]]
"378030.a1"	378030	[1, 1, 0, -1062, -11514]	[[-13, 24], [-23, 49], [-19, 57]]
"378030.a2"	378030	[1, 1, 0, -312, 1836]	[[2, 34], [7, 4], [6, 12]]
"378094.a1"	378094	[1, -1, 0, -13, 49]	[[0, 7], [4, 5], [-2, 9]]
"378191.a1"	378191	[1, -1, 1, 236, 11732]	[[-16, 68], [6, 112], [24, 163]]
"378222.a1"	378222	[1, 1, 0, -60336, -4489584]	[[-151, 1174], [356, 4216], [2540, 126156]]
"378222.a2"	378222	[1, 1, 0, -19776, 1002240]	[[57, 225], [48, 384], [59/2, 6701/2]]
"378313.a1"	378313	[0, 0, 1, -49, -78]	[[-5, 6], [8, 6], [-7/2, 9/2]]
"378343.a1"	378343	[1, 0, 0, 241, -152]	[[3, 23], [17, 86], [159/2, 1997/2]]
"378362.a1"	378362	[1, 0, 1, 205, -1038]	[[15, 66], [52, 362], [61/3, 598/3]]
"378362.b1"	378362	[1, 0, 1, -299, 2070]	[[15, 24], [-17, 56], [47, 280]]
"378448.c1"	378448	[0, 1, 0, -73904, 7707220]	[[162, 112], [148, 182], [92, 1302]]
"378448.c2"	378448	[0, 1, 0, -4144, 145236]	[[-14, 448], [31, 218], [434, 8960]]
"378486.a1"	378486	[1, -1, 0, -69, 1169]	[[-2, 37], [16, 55], [7, 28]]
"378520.a1"	378520	[0, 1, 0, -56, 169]	[[4, 5], [-1, 15], [24, 115]]
"378525.a1"	378525	[0, -1, 1, -758, 2918]	[[-23, 87], [2, 37], [152, 1837]]
"378552.a1"	378552	[0, -1, 0, -35, -24]	[[-1, 3], [-4, 6], [-5, 1]]
"378558.a1"	378558	[1, -1, 0, -396, 2916]	[[6, 24], [15, 6], [9, 0]]
"378594.a1"	378594	[1, -1, 0, -31119, 2124269]	[[718, 18337], [110, 97], [62, 625]]
"378595.a1"	378595	[0, 0, 1, -853, 6954]	[[31, 101], [-11, 122], [234, 3552]]
"378595.b1"	378595	[0, -1, 1, -236, -954]	[[-6, 14], [23, 72], [-83/3, 494/3]]
"378730.a1"	378730	[1, -1, 0, -259, 1513]	[[-8, 59], [12, -1], [14, 15]]
"378732.b1"	378732	[0, 1, 0, -1229, 16860]	[[19, 27], [-8, 162], [73, 567]]
"378755.a1"	378755	[0, 0, 1, 113, 3672]	[[2, 62], [27, 162], [-8, 47]]
"378755.b1"	378755	[0, -1, 1, -546, 5112]	[[13, 6], [-26, 32], [10, 23]]
"378816.bk1"	378816	[0, 1, 0, -2377, 44279]	[[35, 72], [-1, 216], [26, 27]]
"378898.g1"	378898	[1, 1, 1, -8902, 320835]	[[45, 95], [281, 4343], [57, 23]]
"378910.a1"	378910	[1, 0, 1, -29, 252]	[[-4, 19], [3, 12], [6, 14]]
"378917.e1"	378917	[1, 0, 0, -19405, 1033836]	[[11, 901], [60, 264], [-136, 1146]]
"378917.e2"	378917	[1, 0, 0, -540, 33991]	[[39, 250], [-10, 201], [6, 173]]
"378945.b1"	378945	[0, 0, 1, -1623, 25434]	[[59, 367], [24, 17], [-46, 52]]
"378958.d1"	378958	[1, 1, 1, 139, -1125]	[[7, 12], [15, 60], [39, 236]]
"379011.b1"	379011	[1, 0, 0, -182, -519]	[[-11, 19], [16, 19], [-8, 25]]
"379025.a1"	379025	[0, -1, 1, -2178, 39858]	[[27, 2], [37, 92], [13, 116]]
"379026.f1"	379026	[1, -1, 1, -32, 515]	[[-3, 25], [9, 25], [3, 19]]
"379115.c1"	379115	[1, 0, 0, -5050, -106875]	[[85, 240], [-28, 127], [225, 3075]]
"379115.c2"	379115	[1, 0, 0, -1695, 25312]	[[39, 118], [-16, 228], [17, 30]]
"379136.c1"	379136	[0, 1, 0, -23, -19]	[[-1, 2], [5, 4], [20, 89]]
"379166.a1"	379166	[1, -1, 0, -34, -56]	[[-2, 2], [-4, 4], [-3, 5]]
"379175.a1"	379175	[1, 1, 1, -163, 6]	[[20, 62], [-9, 33], [-110/3, 659/3]]
"379192.a1"	379192	[0, 1, 0, -1152, 14761]	[[-4, 139], [20, 11], [456/5, 1529/5]]
"379214.a1"	379214	[1, 1, 0, 218, 1940]	[[28, 162], [-4, 34], [-7, 15]]
"379236.a1"	379236	[0, -1, 0, -4060, -93224]	[[78, 242], [74, 78], [-34, 66]]
"379236.a2"	379236	[0, -1, 0, -745, 6226]	[[61, 429], [-5, 99], [5, 51]]
"379269.b1"	379269	[1, -1, 1, 31, -66]	[[2, 0], [8, 21], [3, 5]]
"379422.a1"	379422	[1, -1, 0, -9, 1309]	[[2, 35], [-10, 23], [-7, 35]]
"379434.d1"	379434	[1, 1, 1, -1535, 23141]	[[11, 82], [27, 34], [99, 874]]
"379457.a1"	379457	[1, -1, 1, -556, 2550]	[[0, 50], [4, 17], [-5, 74]]
"379457.a2"	379457	[1, -1, 1, -471, 4046]	[[-4, 78], [14, 0], [166, 2033]]
"379479.a1"	379479	[0, 1, 1, -1950, 32240]	[[30, 40], [21, 31], [-24, 256]]
"379495.a1"	379495	[1, -1, 1, 168, 31164]	[[2, 176], [-28, 76], [22, 201]]
"379520.a1"	379520	[0, 1, 0, 39, 535]	[[-3, 20], [17, 80], [2, 25]]
"379525.a1"	379525	[0, 1, 1, -1408, 35594]	[[-22, 237], [-7, 212], [78, 637]]
"379581.a1"	379581	[1, 0, 0, -2509, 48164]	[[29, -13], [23, 41], [256/3, -482/3]]
"379605.a1"	379605	[0, -1, 1, -1300, 18708]	[[34, 112], [19, 22], [9, 87]]
"379613.a1"	379613	[0, 1, 1, -130, 380]	[[0, 19], [13, 32], [26, 123]]
"379618.a1"	379618	[1, 0, 1, 59, -756]	[[49, 322], [94/3, 713/3], [9, 18]]
"379771.a1"	379771	[1, -1, 1, -2991, 60842]	[[64, 326], [495/2, 9539/2], [10, 173]]
"379841.a1"	379841	[1, 0, 0, -189, 490]	[[2, 10], [35, 175], [13, 10]]
"379890.a1"	379890	[1, -1, 0, -645, 6425]	[[20, 25], [13, 4], [16, -5]]
"379925.a1"	379925	[0, 0, 1, -355, 1956]	[[19, 45], [5, 17], [110, 1137]]
"379930.b1"	379930	[1, -1, 1, -7377, 248001]	[[51, 24], [71, 244], [31, 204]]
"379930.c1"	379930	[1, 1, 1, 34, -21]	[[1, 3], [3, 9], [33, 179]]
"379945.a1"	379945	[0, 1, 1, -210, 1056]	[[5, 12], [10, 7], [20, 72]]
"379966.a1"	379966	[1, 0, 1, -93, 332]	[[5, -2], [6, -2], [4, 3]]
"380093.a1"	380093	[0, -1, 1, -2, -78]	[[5, 3], [12, 38], [6, 9]]
"380127.a1"	380127	[0, -1, 1, -54, 20]	[[0, 4], [9, 13], [18, 67]]
"380127.c1"	380127	[0, -1, 1, -269, 230]	[[20, 49], [-2, 27], [69/2, 161/2]]
"380235.a1"	380235	[0, -1, 1, -46, -24]	[[-2, 7], [13, 37], [-5, 7]]
"380256.d1"	380256	[0, 1, 0, -849, 2655]	[[-21, 108], [-3, 72], [33, 108]]
"380267.a1"	380267	[0, 1, 1, 2, 30]	[[0, 5], [-3, 2], [15, 60]]
"380267.b1"	380267	[0, 0, 1, -3940, 95190]	[[36, 2], [145/2, -5/2], [906/5, -54/5]]
"380280.h1"	380280	[0, 1, 0, -3936, -77616]	[[-24, 60], [72, 132], [-40, 132]]
"380280.h2"	380280	[0, 1, 0, -1236, 15264]	[[6, 90], [54, 330], [14, 30]]
"380305.a1"	380305	[0, 1, 1, -46, 86]	[[2, 2], [7, 12], [-8, 2]]
"380326.a1"	380326	[1, -1, 0, 1126, 1844]	[[388, 7470], [4, 78], [115/2, 1801/2]]
"380400.f1"	380400	[0, -1, 0, -1608, 3312]	[[-12, 144], [132, 1440], [-28, 160]]
"380453.a1"	380453	[0, 1, 1, -18, -12]	[[-1, 2], [-2, 4], [-4, 3]]
"380548.a1"	380548	[0, 1, 0, -1302, 17689]	[[14, 49], [21, 7], [-35, 147]]
"380582.i1"	380582	[1, 0, 0, -823482, 287558164]	[[558, 1090], [4726/3, -5720/3], [522, -188]]
"380582.i2"	380582	[1, 0, 0, -734497, 352127049]	[[5294, 377935], [6502/3, 370829/3], [-182, 21995]]
"380582.i3"	380582	[1, 0, 0, 5925688, -5089244096]	[[2704, 173880], [50064, 11189816], [24976/5, 5282136/5]]
"380643.a1"	380643	[0, -1, 1, -649, 1560]	[[30, 90], [301/2, 4883/2], [-26, 13]]
"380662.a1"	380662	[1, 0, 0, 172, 400]	[[8, 44], [0, 20], [24, 124]]
"380691.a1"	380691	[0, 0, 1, -273, 1912]	[[10, 13], [1, 40], [-17, 40]]
"380691.b1"	380691	[0, 0, 1, -46704, 3884895]	[[125, 4], [131, 121], [929/2, 18869/2]]
"380788.a1"	380788	[0, 0, 0, -64, 1156]	[[12, 46], [-11, 23], [-12, 14]]
"380788.b1"	380788	[0, 1, 0, -218861, 39336623]	[[281, 322], [2437/3, 782/3], [6749/5, 782/5]]
"380808.a1"	380808	[0, 0, 0, -399, 3026]	[[13, 6], [7, 24], [19, 48]]
"380880.d1"	380880	[0, 0, 0, -6003, 178802]	[[41, 40], [49, 48], [73, 360]]
"380880.d2"	380880	[0, 0, 0, -483, 1058]	[[1, 24], [-7, 64], [-17, 66]]
"380906.a1"	380906	[1, 1, 0, -27, 25]	[[0, 5], [4, -1], [1, 0]]
"380908.a1"	380908	[0, 0, 0, -1603855, 781800118]	[[726, 242], [847, 5566], [18271/5, 1694/5]]
"380908.d1"	380908	[0, -1, 0, -84, -152]	[[-2, 2], [-6, 10], [-3, 8]]
"380973.a1"	380973	[0, 1, 1, -2020, 34270]	[[23, 22], [26, 1], [32, 58]]
"381045.c1"	381045	[1, 1, 1, -76, 248]	[[-4, 24], [6, 4], [11, 24]]
"381064.a1"	381064	[0, 0, 0, -715, 7603]	[[17, 19], [-23, 109], [229/3, 2071/3]]
"381064.c1"	381064	[0, 0, 0, -77519, 12849874]	[[-237, 4232], [1350, 48668], [-2751/5, 559682/5]]
"381120.b1"	381120	[0, -1, 0, -721, 7921]	[[21, 40], [13, 24], [16, 15]]
"381144.a1"	381144	[0, 1, 0, -144, 81]	[[0, 9], [-9, 27], [-12, 15]]
"381200.a1"	381200	[0, 0, 0, -1075, -2750]	[[-5, 50], [-15, 100], [35, 50]]
"381208.a1"	381208	[0, -1, 0, -252, 1636]	[[10, 4], [12, 14], [16, 38]]
"381240.f1"	381240	[0, 0, 0, -1407, 23906]	[[37, 150], [-23, 210], [17, 70]]
"381285.a1"	381285	[0, 0, 1, -1083, 14004]	[[-19, 166], [18, 18], [92, 832]]
"381285.h1"	381285	[0, 0, 1, -732522, 241314095]	[[493, 62], [3937/3, 57799/3], [2097/2, 9371/2]]
"381294.g1"	381294	[1, -1, 0, -135, 9]	[[15, 27], [-8, 27], [-9/2, 147/2]]
"381327.a1"	381327	[1, 0, 0, -15538, 1149353]	[[272, 3995], [119, 935], [-136, 935]]
"381354.b1"	381354	[1, 1, 1, -914, 10271]	[[17, -5], [21, 19], [15, 7]]
"381376.g1"	381376	[0, -1, 0, -557, 5389]	[[-12, 101], [89, 808], [53/2, 101/2]]
"381470.c1"	381470	[1, 0, 0, -11181, 465745]	[[194, 2271], [-102, 791], [66, 95]]
"381489.a1"	381489	[0, 1, 1, -1404, 113906]	[[-27, 364], [0, 337], [9, 319]]
"381510.c1"	381510	[1, -1, 0, -150, 800]	[[10, 10], [-5, 40], [7, 4]]
"381520.h1"	381520	[0, 1, 0, -6400, 70548]	[[116, 950], [-34, 500], [-11/2, 2375/2]]
"381642.i1"	381642	[1, 0, 0, -11650, 478916]	[[56, 26], [68, 14], [20, 494]]
"381648.l1"	381648	[0, 1, 0, -6592, 285044]	[[-22, 648], [140, 1458], [-76, 594]]
"381668.a1"	381668	[0, 0, 0, 527, 6141]	[[100, 1029], [57/2, 1029/2], [-244/5, 1029/5]]
"381708.a1"	381708	[0, 0, 0, -1461, 21949]	[[44, 207], [-25, 207], [21, 23]]
"381851.a1"	381851	[0, -1, 1, -158, 552]	[[35, 191], [-68/3, 944/3], [177/4, 351/4]]
"381876.a1"	381876	[0, -1, 0, -524, 1080]	[[26, 66], [-18, 66], [37, 176]]
"381897.a1"	381897	[0, 0, 1, -3081, 65956]	[[28, 40], [34, 22], [109, 1012]]
"381909.a1"	381909	[0, -1, 1, -726, -1870]	[[195, 2689], [-3, 16], [32, 81]]
"381916.a1"	381916	[0, 0, 0, -199, 1054]	[[7, 2], [11, 14], [3, 22]]
"381973.a1"	381973	[0, 1, 1, -101, 339]	[[3, 8], [29/2, 47/2], [61/3, 80/3]]
"381978.f1"	381978	[1, -1, 1, -1202, -9295]	[[-15, 79], [-27, 67], [-9, 31]]
"381978.h1"	381978	[1, -1, 1, -133916, 18894687]	[[245, 741], [209, -51], [533, 9669]]
"382053.c1"	382053	[0, 1, 1, 4688, 144190]	[[128, 1690], [44, 661], [-19, 220]]
"382124.a1"	382124	[0, 0, 0, -304, 2041]	[[10, 1], [8, 11], [12, 11]]
"382146.a1"	382146	[1, 0, 1, -1762, 28580]	[[25, 5], [-11, 221], [37, 101]]
"382191.c1"	382191	[1, 0, 0, -26994, 1705113]	[[93, -12], [231, 2679], [51, 654]]
"382270.o1"	382270	[1, -1, 1, -8787, 365811]	[[31, 334], [-69, 834], [91, 514]]
"382275.b1"	382275	[1, -1, 1, -230, 1372]	[[4, 20], [19, 50], [10, -4]]
"382428.a1"	382428	[0, 0, 0, 243, -675]	[[3, 9], [21, 117], [39, 261]]
"382458.a1"	382458	[1, 1, 1, 86, 311]	[[5, 27], [-1, 15], [-3, 7]]
"382469.a1"	382469	[0, 1, 1, -22, 20]	[[1, 0], [0, 4], [4, 3]]
"382481.a1"	382481	[0, 1, 1, -9984, 380562]	[[56, 14], [475/3, 1567/3], [27, 362]]
"382497.a1"	382497	[1, 0, 0, -1062, -865971]	[[180, 2097], [108, 477], [99, -9]]
"382538.a1"	382538	[1, 0, 1, 5, 42]	[[-1, 6], [-3, 2], [1, 6]]
"382596.b1"	382596	[0, 1, 0, -154, -559]	[[-10, 9], [-4, 3], [-7, 15]]
"382678.a1"	382678	[1, 0, 1, -54, 140]	[[3, 1], [5, -1], [7, 7]]
"382739.a1"	382739	[0, 0, 1, -35, 12]	[[0, 3], [7, 10], [42, 269]]
"382797.b1"	382797	[1, -1, 1, 49, 780]	[[-1, 27], [8, 36], [23, 105]]
"382863.b1"	382863	[0, -1, 1, -81, 263]	[[9, 13], [-9, 13], [27, 130]]
"383026.a1"	383026	[1, 0, 1, -1530, 22892]	[[29, 41], [22, -8], [205/3, -293/3]]
"383090.a1"	383090	[1, 0, 1, 21, 56]	[[-2, 3], [8, 23], [4, 12]]
"383115.a1"	383115	[1, 1, 1, 4, 68]	[[-4, 4], [-1, 8], [11, 34]]
"383128.a1"	383128	[0, 0, 0, -604, 5716]	[[14, 2], [12, 14], [18, 26]]
"383162.a1"	383162	[1, 0, 1, 78, 2180]	[[5, 49], [18, 88], [-10, 25]]
"383163.a1"	383163	[1, 0, 0, -204, 765]	[[3, 12], [12, 3], [21, 66]]
"383175.a1"	383175	[0, 0, 1, -202575, 35085406]	[[-95, 7312], [230, 812], [280, 562]]
"383175.b1"	383175	[0, 0, 1, -225, 156]	[[-10, 37], [0, 12], [15, 12]]
"383202.h1"	383202	[1, -1, 1, -1787, 32235]	[[35, 90], [-37, 234], [17, 72]]
"383208.d1"	383208	[0, 1, 0, -22860, 1346544]	[[36, 756], [414, 7938], [90, 162]]
"383226.c1"	383226	[1, 1, 1, -7242, 234327]	[[43, 47], [49, -37], [-95, 323]]
"383265.a1"	383265	[0, 0, 1, -5103, 169904]	[[96, 751], [69, 382], [-71, 417]]
"383271.a1"	383271	[0, 1, 1, -880, 9220]	[[29, 94], [8, 52], [-13, 136]]
"383275.a1"	383275	[0, 0, 1, -1550, 23781]	[[15, 62], [-35, 187], [-15/2, 1371/2]]
"383344.b1"	383344	[0, 1, 0, -4181, 130111]	[[75, 494], [27, 194], [-101/5, 47918/5]]
"383346.a1"	383346	[1, -1, 0, -31713, 2115161]	[[124, 217], [-92, 2107], [4030, 253549]]
"383381.a1"	383381	[0, 0, 1, -23, 30]	[[4, 1], [0, 5], [-5, 4]]
"383408.b1"	383408	[0, -1, 0, -5, 121]	[[-3, 10], [5, 14], [0, 11]]
"383416.a1"	383416	[0, -1, 0, -129, 133]	[[13, 22], [-9, 22], [-11, 10]]
"383475.a1"	383475	[0, -1, 1, -198, -952]	[[-9, 4], [-8, 7], [-27/2, 41/2]]
"383513.a1"	383513	[0, 0, 1, -16337, 803518]	[[56, 253], [-113, 1098], [901, 26786]]
"383712.b1"	383712	[0, -1, 0, -945, 31041]	[[-39, 84], [73, 588], [24, 147]]
"383719.c1"	383719	[1, -1, 1, -1210, 31826]	[[2, 170], [-40, 142], [1390/3, 48494/3]]
"383749.a1"	383749	[0, -1, 1, -5154, 141240]	[[-60, 480], [33, 77], [745/4, 371/4]]
"383808.r1"	383808	[0, 1, 0, -4217, 109191]	[[55, 216], [1, 324], [37, 72]]
"383816.a1"	383816	[0, -1, 0, -60, -44]	[[-2, 8], [-6, 8], [10, 16]]
"383827.a1"	383827	[1, 0, 0, -20, -19]	[[-1, 1], [-4, 3], [11, 28]]
"383872.a1"	383872	[0, 1, 0, 55, 199]	[[-1, 12], [3, 20], [-3, 4]]
"383873.a1"	383873	[0, 1, 1, -102114, 12310278]	[[-202, 4973], [1016, 30957], [3873/4, 86649/4]]
"383904.a1"	383904	[0, 0, 0, -10524, 416576]	[[130, 1116], [58, 36], [241/2, 279/2]]
"384009.a1"	384009	[1, 1, 1, 45, -84]	[[4, 11], [13, 47], [7/2, 7/2]]
"384032.a1"	384032	[0, 1, 0, -241, 831]	[[-5, 44], [17, 44], [83, 748]]
"384060.c1"	384060	[0, -1, 0, -790, 8737]	[[4, 75], [19, 15], [24, 55]]
"384066.d1"	384066	[1, -1, 0, -90, 344]	[[4, 4], [7, 1], [5, -2]]
"384110.e1"	384110	[1, 0, 0, -7750, 262500]	[[50, 0], [60, 90], [40, 110]]
"384208.a1"	384208	[0, 0, 0, -6043, 181834]	[[29, 176], [39, 74], [-35, 592]]
"384274.b1"	384274	[1, -1, 1, -2964, 64119]	[[29, 29], [37, 45], [21, 93]]
"384275.a1"	384275	[1, -1, 1, -2955, -57328]	[[-26, 50], [-36, 55], [64, 80]]
"384275.a2"	384275	[1, -1, 1, -580, 4422]	[[24, 50], [0, 66], [-26, 50]]
"384426.g1"	384426	[1, -1, 0, -1230, -11116]	[[52, 226], [-11, 37], [115, 1108]]
"384438.a1"	384438	[1, 1, 0, -224, 1236]	[[7, 5], [-10, 56], [24, 90]]
"384538.l1"	384538	[1, 0, 0, -2527, 47961]	[[22, 45], [-34, 325], [10, 149]]
"384570.a1"	384570	[1, -1, 0, -270, 2916]	[[0, 54], [12, 30], [27, 108]]
"384576.a1"	384576	[0, -1, 0, -321, 4257]	[[-3, 72], [-21, 36], [-19, 56]]
"384605.b1"	384605	[1, 0, 0, -111, 376]	[[3, 7], [8, 0], [-12, 2]]
"384605.b2"	384605	[1, 0, 0, 194, 2145]	[[8, 61], [-5, 35], [23, 126]]
"384612.a1"	384612	[0, -1, 0, -141, 702]	[[9, 9], [7, 3], [6, 6]]
"384612.b1"	384612	[0, 1, 0, 159, 576]	[[-3, 9], [15, 81], [0, 24]]
"384617.a1"	384617	[0, -1, 1, 170, -3998]	[[44, 294], [511/5, 10834/5], [101, 1016]]
"384698.a1"	384698	[1, 0, 1, -98856, 10894214]	[[-343, 2287], [1244, 41962], [117, 907]]
"384698.b1"	384698	[1, 0, 0, -940, 10896]	[[14, 16], [-32, -76], [16, -4]]
"384729.c1"	384729	[0, -1, 1, -133, 639]	[[7, 1], [1, 22], [-11, 25]]
"384736.a1"	384736	[0, 0, 0, -25, 64]	[[3, 4], [5, 8], [0, 8]]
"384862.a1"	384862	[1, 1, 1, -9, -89]	[[5, 2], [7, 12], [13, 40]]
"384921.a1"	384921	[1, -1, 0, 27, -270]	[[6, 6], [51/2, 309/2], [22, 92]]
"385030.b1"	385030	[1, 0, 1, -778, 6]	[[30, 47], [-20, 97], [0, 2]]
"385030.i1"	385030	[1, 0, 0, -18930, 997252]	[[84, -2], [4, 958], [164, 1438]]
"385118.a1"	385118	[1, 0, 0, -281350, -56087964]	[[680, 7854], [-284, 1106], [5644/3, 93262/3]]
"385118.a2"	385118	[1, 0, 0, -40710, 1906276]	[[-16, 1606], [460, 8746], [-152, 2218]]
"385210.b1"	385210	[1, -1, 0, -2374, 44680]	[[6, 172], [41, 102], [36, 52]]
"385215.b1"	385215	[1, 1, 1, -410, 1190]	[[18, -2], [28, 98], [-17, 68]]
"385215.b2"	385215	[1, 1, 1, 1465, 10940]	[[8, 148], [-7, 23], [7/2, 919/2]]
"385264.c1"	385264	[0, 1, 0, -304, 1956]	[[10, 4], [8, 10], [16, 38]]
"385307.a1"	385307	[0, 0, 1, -10, 32]	[[2, 4], [4, 7], [12, 40]]
"385334.a1"	385334	[1, 0, 1, -117, 476]	[[7, 0], [5, 2], [6, -5]]
"385448.a1"	385448	[0, 0, 0, -206, 1381]	[[-6, 49], [25/2, 147/2], [9, 16]]
"385482.f1"	385482	[1, 1, 1, -417, 2655]	[[7, 8], [15, 0], [31, 128]]
"385502.b1"	385502	[1, 0, 0, -222, -956]	[[-6, 16], [20, 42], [-10, 22]]
"385542.b1"	385542	[1, -1, 0, -126, 1296]	[[6, 24], [-3, 42], [24, 96]]
"385595.a1"	385595	[1, 0, 0, -111, -434]	[[-5, 4], [-6, 8], [-7, 7]]
"385599.a1"	385599	[1, 1, 1, -9347, 344000]	[[46, 95], [263/2, 839/2], [362, 6494]]
"385599.b1"	385599	[1, 1, 0, 12, -21]	[[2, 3], [14, 49], [11/2, 41/2]]
"385655.a1"	385655	[0, 1, 1, -295, 1856]	[[10, 2], [8, 8], [-20, 12]]
"385791.a1"	385791	[0, -1, 1, -22, 150]	[[-5, 10], [2, 10], [9, 24]]
"385896.c1"	385896	[0, 1, 0, -2577, 50931]	[[27, 42], [33, 54], [6, 189]]
"385925.a1"	385925	[0, 1, 1, 41992, 11316894]	[[-3/2, 26871/2], [-162, 537], [-76, 2773]]
"385968.a1"	385968	[0, -1, 0, -88440, 10152816]	[[173, 22], [170, 46], [74, 2002]]
"385968.a2"	385968	[0, -1, 0, -88280, 10191216]	[[130, 946], [20, 2904], [196, 616]]
"386013.a1"	386013	[1, 1, 1, -23, -40]	[[-2, 2], [-4, 4], [-13/2, 37/2]]
"386110.e1"	386110	[1, -1, 1, -2232, 33339]	[[-3, 201], [17, 1], [47, 151]]
"386185.a1"	386185	[1, 0, 0, -481, 4020]	[[13, -4], [11, 4], [23, 61]]
"386293.a1"	386293	[0, -1, 1, 8, 202]	[[7, 23], [-19/2, 43/2], [-5, 3]]
"386353.a1"	386353	[1, -1, 1, -1, -30]	[[4, 2], [6, 9], [18, 65]]
"386394.d1"	386394	[1, 0, 0, -22240, 1197056]	[[320, 5024], [104, 56], [32, 704]]
"386442.b1"	386442	[1, -1, 0, -1044, 14044]	[[26, 50], [-37, 50], [68, 470]]
"386442.c1"	386442	[1, -1, 0, 1647, -18851]	[[50, 407], [23, 164], [29, 215]]
"386476.a1"	386476	[0, 0, 0, -2065, 36121]	[[32, 53], [235/3, 53/3], [27, 7]]
"386542.a1"	386542	[1, 0, 1, -57, -64]	[[-2, 7], [11, 20], [-5, 12]]
"386588.a1"	386588	[0, 1, 0, -21942, 1243729]	[[93, 127], [86, 13], [85, 3]]
"386592.a1"	386592	[0, -1, 0, -50, 276]	[[8, 18], [-1, 18], [26, 126]]
"386616.a1"	386616	[0, -1, 0, -177, -171]	[[-3, 18], [15, 18], [-12, 9]]
"386673.d1"	386673	[0, -1, 1, -847, 9777]	[[19, 13], [17, 1], [37, 166]]
"386739.a1"	386739	[0, 0, 1, -399, 3172]	[[13, 13], [4, 40], [10, 13]]
"386754.a1"	386754	[1, 1, 0, 295, 1701]	[[17, 101], [90, 831], [10, 71]]
"386774.a1"	386774	[1, 0, 1, -108, 422]	[[5, 1], [7, 1], [6, -2]]
"386801.a1"	386801	[1, -1, 1, -36, 96]	[[4, 0], [2, 4], [5, 2]]
"386813.a1"	386813	[0, 0, 1, -139, 3930]	[[31, 171], [-18, 24], [10, 59]]
"386870.a1"	386870	[1, 0, 1, -26808, 1741418]	[[114, 355], [-161, 1455], [1549/4, 11995/4]]
"386870.f1"	386870	[1, -1, 1, -16197, 479421]	[[-89, 1144], [-1, 704], [31, 64]]
"386930.a1"	386930	[1, 1, 0, -67, 3719]	[[-7, 66], [43, 266], [23, 111]]
"386930.b1"	386930	[1, -1, 1, -4017, 106209]	[[87, 596], [7, 276], [47, 116]]
"386965.a1"	386965	[1, 0, 0, 5, 150]	[[-5, 5], [5, 15], [10, 30]]
"387018.i1"	387018	[1, -1, 1, -1721, 27865]	[[23, -4], [31, 44], [25, -10]]
"387021.a1"	387021	[1, 0, 0, -2484, 48843]	[[-27, 324], [27, 27], [-54, 189]]
"387091.a1"	387091	[1, -1, 0, -11, 36]	[[0, 6], [-4, 4], [-9/2, 63/2]]
"387112.a1"	387112	[0, 1, 0, -67, 186]	[[5, 1], [1, 11], [6, 6]]
"387112.c1"	387112	[0, -1, 0, 615, 9373]	[[19, 166], [3, 106], [109, 1166]]
"387152.a1"	387152	[0, 1, 0, -160, 564]	[[2, 16], [10, 8], [4, 2]]
"387152.c1"	387152	[0, 1, 0, -888, 9892]	[[18, 8], [16, 6], [8, 58]]
"387152.e1"	387152	[0, 0, 0, -8171, -256486]	[[181, 2048], [-419/3, 4096/3], [-1619/5, 4096/5]]
"387200.k1"	387200	[0, 1, 0, -1833, 29863]	[[23, 20], [18, 55], [-37, 220]]
"387312.a1"	387312	[0, -1, 0, -572, 5424]	[[8, 36], [17, 18], [44, 252]]
"387328.g1"	387328	[0, 0, 0, -226, 1296]	[[10, 6], [0, 36], [26, 114]]
"387328.g2"	387328	[0, 0, 0, -56, 3200]	[[-8, 56], [16, 80], [112, 1184]]
"387380.a1"	387380	[0, 1, 0, -386, 3289]	[[34, 175], [9, 25], [-16, 75]]
"387422.a1"	387422	[1, 1, 0, -287, 1585]	[[12, 1], [-16, 57], [26, 99]]
"387491.c1"	387491	[1, 0, 1, -242, 321]	[[33, 152], [-37/2, 371/2], [21/4, 95/4]]
"387532.a1"	387532	[0, 1, 0, -8041, 276168]	[[-29, 697], [53, 41], [233/4, 25789/4]]
"387574.b1"	387574	[1, 0, 0, -2134, 39204]	[[44, 154], [0, 198], [-22, 286]]
"387670.c1"	387670	[1, 0, 0, -1926, 32356]	[[26, -8], [36, 82], [24, -2]]
"387686.a1"	387686	[1, 0, 1, 35, 132]	[[1, 12], [14, 51], [5, 18]]
"387704.a1"	387704	[0, 0, 0, -47, 210]	[[5, 10], [-3, 18], [-7, 14]]
"387718.a1"	387718	[1, 0, 0, -92, 16]	[[0, 4], [-8, 20], [-4, 20]]
"387775.b1"	387775	[1, 1, 1, -1588, 23406]	[[30, 47], [5, 122], [26, 10]]
"387801.d1"	387801	[1, -1, 0, -150, -471]	[[-80/3, 391/3], [115/2, 969/2], [232, 3407]]
"387847.a1"	387847	[1, 0, 0, -7402, -240099]	[[-49, 99], [-2252/7, 28295/7], [10099/5, 964783/5]]
"387883.a1"	387883	[0, 0, 1, -1595, 24518]	[[23, 0], [29, 51], [369/4, -23/4]]
"387930.a1"	387930	[1, 1, 0, -98, 102]	[[11, 17], [1, 2], [-1/2, 91/2]]
"388010.b1"	388010	[1, -1, 0, -469, 4225]	[[11, 12], [16, 17], [6, 37]]
"388032.c1"	388032	[0, -1, 0, -39637, 2721061]	[[-60, 2209], [81, 188], [316, 4653]]
"388032.e1"	388032	[0, -1, 0, -237, 1341]	[[21, 72], [12, 9], [-15, 36]]
"388056.e1"	388056	[0, 1, 0, -357737, 83285211]	[[343, 1026], [2395, 113886], [-170, 11799]]
"388215.b1"	388215	[1, -1, 1, -11597, 485696]	[[36, 319], [81, 229], [219/2, 677/2]]
"388256.a1"	388256	[0, 0, 0, -92, 480]	[[6, 12], [14, 44], [-10, 20]]
"388281.a1"	388281	[0, 1, 1, -120, 650]	[[6, 13], [-3, 31], [15, 49]]
"388325.l1"	388325	[0, -1, 1, -8633, 311793]	[[47, 87], [77, 312], [27, 312]]
"388353.a1"	388353	[0, -1, 1, -474, 4016]	[[-3, 73], [18, 31], [-24, 31]]
"388416.a1"	388416	[0, -1, 0, -9905, 382641]	[[91, 476], [56, 21], [-7, 672]]
"388416.a2"	388416	[0, -1, 0, -8545, 490081]	[[-15, 784], [49, 432], [-79, 816]]
"388448.a1"	388448	[0, 1, 0, -16977, 845791]	[[123, 796], [75, 4], [83, 124]]
"388507.b1"	388507	[0, 1, 1, -789, 8272]	[[16, 0], [10, 38], [52, 332]]
"388512.g1"	388512	[0, 0, 0, -7356, -230240]	[[-52, 108], [-58, 36], [110, 540]]
"388512.g2"	388512	[0, 0, 0, 339, -14780]	[[47, 324], [23, 72], [128, 1458]]
"388538.a1"	388538	[1, 1, 0, -296, 1840]	[[8, 4], [12, 8], [15, 25]]
"388672.a1"	388672	[0, 1, 0, 351, 3007]	[[3, 64], [67, 576], [-3, 44]]
"388782.d1"	388782	[1, -1, 0, -252, 4320]	[[12, 48], [-15, 75], [39, 210]]
"388839.a1"	388839	[1, 0, 0, 990, 9801]	[[0, 99], [99, 990], [9, 135]]
"388891.a1"	388891	[0, 1, 1, -12, 30]	[[1, 4], [0, 5], [3, 5]]
"388926.a1"	388926	[1, -1, 0, -576, 15808]	[[-7, 143], [24, 112], [8, 104]]
"388926.c1"	388926	[1, -1, 0, -20550, 1174352]	[[-22, 1282], [224, 2676], [199/2, 3983/2]]
"388968.c1"	388968	[0, 1, 0, -420, 23904]	[[-6, 162], [30, 198], [102, 1026]]
"389003.a1"	389003	[1, 1, 1, 15, -14]	[[1, 1], [2, 4], [4, 9]]
"389098.a1"	389098	[1, 0, 1, -37, 0]	[[-1, 6], [-5, 10], [7, 6]]
"389136.k1"	389136	[0, -1, 0, -7784, 265344]	[[4, 484], [-51, 726], [246, 3630]]
"389136.k2"	389136	[0, -1, 0, -2944, 586720]	[[-62, 726], [-84, 484], [26, 726]]
"389180.f1"	389180	[0, -1, 0, -1066, 88841]	[[38, 319], [676, 17545], [-20, 319]]
"389182.a1"	389182	[1, 1, 0, -13, 41]	[[-2, 9], [-4, 9], [1, 5]]
"389240.a1"	389240	[0, 1, 0, -5185, 142083]	[[1, 370], [41, 10], [379/3, 370/3]]
"389291.a1"	389291	[1, 0, 0, -81659, -8877860]	[[-165, 415], [367, 3075], [633, 13582]]
"389304.a1"	389304	[0, 0, 0, -84, 36]	[[0, 6], [-6, 18], [-2, 14]]
"389306.a1"	389306	[1, 0, 1, -1439, 20880]	[[22, -10], [20, 4], [8, 95]]
"389306.b1"	389306	[1, -1, 1, -118, 133]	[[1, 3], [-7, 27], [-11, 7]]
"389312.k1"	389312	[0, 1, 0, -15489, 15487]	[[-97, 784], [351, 6160], [-78, 869]]
"389312.k2"	389312	[0, 1, 0, 3871, 3871]	[[21, 308], [98, 1155], [10, 209]]
"389402.d1"	389402	[1, 0, 0, -1515209, 717425689]	[[826, 5027], [554, 6659], [730, 323]]
"389402.d2"	389402	[1, 0, 0, -1248969, 977648665]	[[410, 22915], [-168, 34475], [586, 20851]]
"389406.d1"	389406	[1, 0, 1, -892, 12266]	[[13, 47], [40, 182], [22, 47]]
"389406.h1"	389406	[1, 1, 1, -211, -175]	[[-13, 30], [-1, 6], [-5, 30]]
"389449.a1"	389449	[1, 0, 0, -111, 442]	[[6, -2], [7, 1], [14, 34]]
"389580.b1"	389580	[0, -1, 0, -72605, 7562025]	[[175, 430], [-40, 3225], [1035, 32250]]
"389775.a1"	389775	[1, 1, 1, -10138, 389156]	[[60, 7], [110, 732], [-115, 282]]
"389802.b1"	389802	[1, 1, 0, -94, 256]	[[10, 16], [3, 2], [-11, -5]]
"389841.a1"	389841	[0, -1, 1, -9, 56]	[[0, 7], [6, 13], [2, 6]]
"389862.a1"	389862	[1, -1, 0, -9279, 127309]	[[-19, 554], [-85, 587], [1070, 34313]]
"389862.a2"	389862	[1, -1, 0, 34281, 954949]	[[47, 1610], [-19, 554], [3, 1027]]
"389965.c1"	389965	[0, 0, 1, -4402, 110835]	[[3, 312], [53, 162], [23, 147]]
"389968.a1"	389968	[0, 0, 0, -2771, 56146]	[[31, 6], [30, 4], [15, 134]]
"390070.c1"	390070	[1, 0, 1, -523, 4578]	[[9, 20], [14, 0], [13, -2]]
"390072.b1"	390072	[0, 1, 0, -809, 8187]	[[7, 54], [19, 6], [13, 6]]
"390085.b1"	390085	[1, 0, 0, -21, 20]	[[1, 0], [4, 0], [16, 54]]
"390086.a1"	390086	[1, 0, 0, -49, 153]	[[2, 7], [4, 3], [8, 13]]
"390124.a1"	390124	[0, 1, 0, -29, 76]	[[3, 5], [1, 7], [5, 9]]
"390162.b1"	390162	[1, 1, 1, -1632, 89985]	[[21, 245], [533, 12021], [117, 1173]]
"390162.c1"	390162	[1, 0, 0, -3767, 92841]	[[40, 61], [22, 133], [-14, 385]]
"390169.a1"	390169	[1, 0, 0, -123, 526]	[[5, 4], [18, 56], [58/3, 4/3]]
"390172.a1"	390172	[0, 0, 0, -24967, 1518430]	[[71, 322], [94, 46], [823/3, 46/3]]
"390236.a1"	390236	[0, 1, 0, -709, 7335]	[[13, 22], [2, 77], [-31, 22]]
"390251.a1"	390251	[0, -1, 1, -280, 1900]	[[10, 0], [11, 5], [25, 99]]
"390294.a1"	390294	[1, -1, 0, -111, 473]	[[4, 7], [7, -5], [8, 3]]
"390339.b1"	390339	[0, 0, 1, -1404, 18920]	[[28, 39], [33/2, 707/2], [186, 2488]]
"390418.e1"	390418	[1, 0, 0, 1918, 84676]	[[-24, 170], [36, 430], [292, 4910]]
"390438.v1"	390438	[1, -1, 1, -3572, -72105]	[[-27, 77], [101, 717], [69, 45]]
"390438.z1"	390438	[1, -1, 1, -5711, 167447]	[[45, -32], [27, 166], [63, 202]]
"390467.a1"	390467	[0, 1, 1, -887, 9840]	[[18, 5], [-4, 115], [-26, 126]]
"390476.a1"	390476	[0, 1, 0, 338, -2271]	[[10, 47], [13, 67], [80, 737]]
"390476.b1"	390476	[0, 0, 0, -929, 11409]	[[23, 47], [8, 67], [233/2, 3149/2]]
"390548.a1"	390548	[0, 1, 0, -45, -116]	[[-3, 1], [-5, 3], [-4, 4]]
"390675.h1"	390675	[0, -1, 1, -413, 3353]	[[11, 4], [53/2, 41/2], [7, 27]]
"390678.f1"	390678	[1, 0, 1, -30478, 2403452]	[[-185, 1403], [571/2, 7291/2], [-14, 1688]]
"390694.a1"	390694	[1, 1, 0, 1799, 21299]	[[131, 1524], [-5, 113], [235/2, 4389/2]]
"390694.d1"	390694	[1, -1, 1, 1698, 16365]	[[25, 259], [-9, 21], [121, 1347]]
"390775.b1"	390775	[0, 0, 1, -162925, 25328406]	[[455, 6737], [210, 612], [-315, 6737]]
"390775.c1"	390775	[0, 1, 1, -758, 7494]	[[3, 72], [23, 52], [172/3, 494/3]]
"390775.g1"	390775	[0, 0, 1, -60515, -5497004]	[[301, 1886], [-161, 269], [-3794/5, 54646/5]]
"390868.a1"	390868	[0, 1, 0, -457, 3936]	[[17, 37], [13, 19], [79/3, 703/3]]
"390928.h1"	390928	[0, -1, 0, -1648, 22928]	[[-16, 212], [302, 5194], [32, 44]]
"391005.a1"	391005	[1, -1, 1, -473, 5172]	[[-22, 78], [5, 51], [-7, 93]]
"391025.a1"	391025	[1, 1, 1, -288, 1906]	[[10, 7], [5, 22], [-20, 22]]
"391058.a1"	391058	[1, -1, 0, -1111, -13667]	[[-18, 25], [-17, 18], [46, 153]]
"391058.b1"	391058	[1, -1, 0, -703, 9025]	[[57, 361], [16, 33], [-19, 133]]
"391088.a1"	391088	[0, 0, 0, -91, 586]	[[5, 16], [13, 40], [-11, 16]]
"391130.a1"	391130	[1, 1, 0, 62, 68]	[[4, 18], [-1, 3], [1, 11]]
"391193.c1"	391193	[1, 0, 1, -663, 8897]	[[-11, 127], [139/2, 1199/2], [21, 55]]
"391209.a1"	391209	[0, 1, 1, -20860, 1069780]	[[140, 955], [-133, 1228], [413/2, 1319/2]]
"391290.d1"	391290	[1, 1, 0, -7577, -196251]	[[-62, 231], [-37, 206], [113, 581]]
"391325.b1"	391325	[1, 0, 0, 27, -38]	[[2, 4], [7, 19], [42, 254]]
"391360.a1"	391360	[0, 1, 0, -241, -1041]	[[19, 40], [-5, 8], [-13, 8]]
"391366.a1"	391366	[1, -1, 1, -11574, 482117]	[[79, 197], [553/3, -527/3], [-79, 987]]
"391417.a1"	391417	[0, 0, 1, -43, 0]	[[-6, 6], [7, 6], [20, 84]]
"391430.e1"	391430	[1, -1, 1, -124347, 17366571]	[[-389, 2794], [261, 1494], [11, 3994]]
"391446.a1"	391446	[1, -1, 0, -1044, 13324]	[[18, 2], [-4, 134], [62, 398]]
"391446.b1"	391446	[1, -1, 0, 147, 18341]	[[10, 139], [-22, 75], [74, 619]]
"391503.a1"	391503	[0, -1, 1, 660, 181172]	[[-31, 360], [39, 514], [1411, 52993]]
"391508.b1"	391508	[0, -1, 0, -137532, 19677976]	[[214, 26], [370, 4394], [-215, 6266]]
"391566.a1"	391566	[1, 1, 0, -18391, 950629]	[[130, 817], [67, 124], [331/2, 173/2]]
"391600.c1"	391600	[0, 1, 0, -47008, 3905988]	[[98, 500], [128, 50], [112, 242]]
"391600.c2"	391600	[0, 1, 0, -2508, 78988]	[[18, 200], [27, 178], [118, 1200]]
"391686.b1"	391686	[1, 1, 1, -1104, -10959]	[[37, 5], [-23, 65], [-19, 69]]
"391686.b2"	391686	[1, 1, 1, 2736, -66255]	[[45, 365], [239, 3663], [77, 741]]
"391686.c1"	391686	[1, 1, 1, -1424, 16997]	[[-19, 203], [13, 23], [29, 19]]
"391686.c2"	391686	[1, 1, 1, -1364, 18821]	[[19, 5], [23, 5], [37, 125]]
"391698.a1"	391698	[1, -1, 0, -207, 5485]	[[14, 65], [-18, 65], [30, 145]]
"391713.b1"	391713	[0, -1, 1, -477, 4637]	[[27, 103], [9, 31], [-99/2, 203/2]]
"391714.b1"	391714	[1, 0, 0, -3739, 84945]	[[-2, 305], [46, 81], [22, 105]]
"391714.b2"	391714	[1, 0, 0, 1381, 301009]	[[10, 557], [-50, 353], [32, 599]]
"391729.a1"	391729	[1, 0, 1, -26, 117]	[[-3, 14], [5, 8], [-25/2, 73/2]]
"391761.a1"	391761	[0, 0, 1, -15069, 805270]	[[137, 1145], [58, 355], [-37, 1145]]
"391840.b1"	391840	[0, 1, 0, -3350, 51748]	[[96, 790], [141, 1550], [48, 62]]
"391840.b2"	391840	[0, 1, 0, 8895, 352975]	[[15, 700], [65, 1100], [415, 8700]]
"391878.a1"	391878	[1, -1, 0, -2391, 72881]	[[1, 265], [37, 166], [556/5, 20381/5]]
"391935.d1"	391935	[0, 1, 1, -1136, 26516]	[[112, 1147], [-23, 202], [22, 112]]
"391936.a1"	391936	[0, 1, 0, -55, -171]	[[-5, 2], [-4, 1], [11, 26]]
"391986.b1"	391986	[1, -1, 0, -25506, 1574356]	[[44, 710], [116, 350], [92, -34]]
"392016.a1"	392016	[0, -1, 0, 40, 816]	[[-4, 24], [20, 96], [4, 32]]
"392048.a1"	392048	[0, 0, 0, -148, 619]	[[37, 214], [41/2, 107/2], [5, 2]]
"392048.b1"	392048	[0, -1, 0, -45636, 3756784]	[[72, 916], [100, 428], [877/3, 12824/3]]
"392066.b1"	392066	[1, 1, 1, -175, 501]	[[11, 2], [3, 2], [-1, 26]]
"392105.a1"	392105	[0, 0, 1, -313, 5568]	[[12, 59], [26, 122], [-9, 87]]
"392130.n1"	392130	[1, -1, 0, -5049, 117693]	[[-18, 459], [27, 9], [207, 2709]]
"392132.a1"	392132	[0, 1, 0, -2821, 55623]	[[21, 78], [-31, 338], [138, 1521]]
"392214.h1"	392214	[1, 0, 0, -2577, 54441]	[[42, 123], [-30, 339], [24, 69]]
"392225.a1"	392225	[1, 0, 0, -8163, 283192]	[[57, 34], [27, 274], [97, 589]]
"392225.a2"	392225	[1, 0, 0, -8038, 292317]	[[77, 324], [-68, 759], [163/2, 1287/2]]
"392288.b1"	392288	[0, 1, 0, -534, 532]	[[24, 46], [93, 874], [-24, 10]]
"392288.b2"	392288	[0, 1, 0, 2111, 6351]	[[231, 3588], [47, 460], [1, 92]]
"392412.b1"	392412	[0, -1, 0, 26, 25]	[[0, 5], [2, 9], [6, 19]]
"392468.a1"	392468	[0, 1, 0, -29, -20]	[[-1, 3], [-3, 7], [-5, 5]]
"392475.b1"	392475	[0, 1, 1, -1018, 12124]	[[8, 67], [17, 4], [77/2, 41/2]]
"392475.f1"	392475	[0, 1, 1, -65533, -5418281]	[[653, 15187], [-157, 1012], [1397/2, 30371/2]]
"392499.b1"	392499	[0, 0, 1, 6, 90]	[[-4, 1], [2, 10], [8, 25]]
"392544.a1"	392544	[0, 0, 0, 843, -5920]	[[61, 522], [32, 232], [119, 1334]]
"392566.a1"	392566	[1, 0, 0, -1284, 13840]	[[8, 60], [-24, 188], [136, 1468]]
"392622.a1"	392622	[1, 1, 0, -55, 139]	[[3, 2], [5, 2], [15/2, -1/2]]
"392622.b1"	392622	[1, 0, 0, -715, 35441]	[[-34, 161], [14, 161], [38, 233]]
"392640.cn1"	392640	[0, 1, 0, -1641, -4905]	[[51, 216], [87, 720], [42, 45]]
"392640.cn2"	392640	[0, 1, 0, 404, -406]	[[5, 42], [17, 108], [5/2, 81/2]]
"392702.b1"	392702	[1, 1, 1, -2312, -39543]	[[69, 333], [-23, 57], [253, 3829]]
"392751.a1"	392751	[0, 0, 1, 11271, 610440]	[[-34, 433], [2057/4, 130885/4], [68, 1300]]
"392819.a1"	392819	[0, 0, 1, -1693, 26810]	[[25, 10], [-3, 178], [211/3, 46/3]]
"392886.a1"	392886	[1, -1, 0, -6729, -144991]	[[-38, 253], [97, 280], [-64, 175]]
"392886.a2"	392886	[1, -1, 0, -2589, 49589]	[[-2, 235], [37, 40], [50, 183]]
"392928.i1"	392928	[0, 1, 0, 98, -64]	[[8, 36], [2, 12], [26, 144]]
"392965.a1"	392965	[0, -1, 1, -160, -152]	[[-11, 12], [14, 12], [19, 57]]
"392976.a1"	392976	[0, 0, 0, 1149, -5470]	[[7, 54], [61, 540], [34, 270]]
"393024.c1"	393024	[0, -1, 0, -3937, 95809]	[[13, 216], [40, 27], [45, 88]]
"393024.f1"	393024	[0, -1, 0, -20961, 1155969]	[[285, 4272], [-3, 1104], [1429/5, 46992/5]]
"393041.a1"	393041	[0, 1, 1, -164, 762]	[[6, 5], [-5, 38], [28, 137]]
"393042.e1"	393042	[1, 0, 1, -437, 3584]	[[3, 46], [27, 94], [11, 6]]
"393106.a1"	393106	[1, 0, 1, 186, -352]	[[4, 19], [59/2, 539/2], [2, 4]]
"393174.a1"	393174	[1, -1, 0, -123, -91]	[[-2, 13], [-10, 13], [-5, 22]]
"393183.a1"	393183	[0, 0, 1, -237, 1876]	[[4, 31], [-17, 31], [10, 22]]
"393198.b1"	393198	[1, 1, 0, -69, 801]	[[15, 51], [2, 25], [-11, 25]]
"393224.a1"	393224	[0, 0, 0, -1036, 12820]	[[22, 26], [18, 2], [-30, 130]]
"393254.b1"	393254	[1, -1, 1, 524, -425]	[[13, 85], [1, 9], [25/3, 823/3]]
"393261.a1"	393261	[1, 1, 1, -171, 762]	[[3, 15], [-14, 32], [20, 66]]
"393282.c1"	393282	[1, -1, 1, -356, 2567]	[[9, 1], [-3, 61], [13, -3]]
"393426.c1"	393426	[1, -1, 0, -873, 16321]	[[8, 95], [-25, 161], [272, 4319]]
"393435.b1"	393435	[0, 0, 1, -1083, 11574]	[[-16, 157], [26, 31], [89, 787]]
"393465.a1"	393465	[0, 1, 1, -416, 2576]	[[22, 67], [7, 7], [-23, 22]]
"393472.a1"	393472	[0, 1, 0, 53, -159]	[[8, 29], [37, 232], [5, 16]]
"393509.a1"	393509	[0, 1, 1, -1382, 16050]	[[-29, 180], [9, 66], [-59/2, 1459/2]]
"393557.a1"	393557	[1, 0, 0, -19, -12]	[[-1, 3], [-3, 6], [-4, 4]]
"393741.a1"	393741	[0, 0, 1, -351, 2396]	[[6, 22], [15, 22], [-3, 58]]
"393744.a1"	393744	[0, -1, 0, -1080, 14256]	[[18, 18], [36, 144], [20, 16]]
"393803.a1"	393803	[0, -1, 1, 16, -24]	[[2, 3], [3, 6], [8, 23]]
"393812.a1"	393812	[0, 0, 0, -1615, 24982]	[[23, 2], [19, 34], [47, 230]]
"393936.a1"	393936	[0, -1, 0, -272, -1344]	[[-8, 16], [-6, 6], [-11, 14]]
"393936.w1"	393936	[0, 1, 0, -437376, 110719476]	[[-228, 14094], [1338, 43848], [1437/2, 2349/2]]
"394016.a1"	394016	[0, 1, 0, -42, 784]	[[0, 28], [14, 56], [-7, 28]]
"394110.a1"	394110	[1, -1, 0, -3285, 141241]	[[53, 311], [-55, 419], [728, 19211]]
"394148.b1"	394148	[0, 0, 0, -41, 81]	[[5, 1], [-1, 11], [9, 21]]
"394190.d1"	394190	[1, 0, 0, -421, 3201]	[[6, 27], [10, -1], [-14, 87]]
"394306.b1"	394306	[1, 0, 0, -574, 4164]	[[-20, 98], [24, 54], [2, 54]]
"394368.w1"	394368	[0, 1, 0, -21385, 923399]	[[-109, 1404], [125, 468], [1295, 46332]]
"394374.a1"	394374	[1, 1, 0, -26, -6]	[[-1, 5], [5, 2], [-5, 8]]
"394394.d1"	394394	[1, -1, 1, -40947, 2991315]	[[175, 990], [147, 290], [-133, 2530]]
"394562.a1"	394562	[1, 0, 1, -74, 240]	[[5, -1], [3, 5], [7, 5]]
"394683.a1"	394683	[1, 0, 0, 216, 729]	[[0, 27], [9, 54], [-3, 9]]
"394688.a1"	394688	[0, 0, 0, -292, 2560]	[[-2, 56], [12, 28], [-16, 56]]
"394747.a1"	394747	[1, 0, 0, -159, 758]	[[7, -3], [1, 24], [13, 24]]
"394749.a1"	394749	[1, -1, 1, -77, 10860]	[[8, 99], [-37/2, 861/2], [54, 375]]
"394753.a1"	394753	[1, 0, 0, -96, 289]	[[-3, 25], [35/2, 59/2], [0, 17]]
"394776.a1"	394776	[0, 0, 0, -372, 5380]	[[14, 54], [-22, 54], [32, 162]]
"394782.a1"	394782	[1, 1, 0, -701, 6861]	[[14, -1], [15, -6], [6, 51]]
"394786.a1"	394786	[1, 0, 1, -7785, 265580]	[[94, 558], [59, 82], [-365/3, 19910/3]]
"394797.b1"	394797	[0, -1, 1, -719745, 235518212]	[[44, 14280], [408, 3100], [-970, 4478]]
"394934.a1"	394934	[1, 0, 1, -27, 374]	[[11, 32], [-8, 13], [-4, 22]]
"394934.d1"	394934	[1, -1, 0, -65228, 12087504]	[[5, 3427], [-280, 3028], [803, 21439]]
"394947.b1"	394947	[1, -1, 1, -68, 6500]	[[9, 76], [-18, 49], [-15, 70]]
"394992.a1"	394992	[0, 0, 0, -6867, -218350]	[[-47, 24], [-49, 22], [-46, 14]]
"394992.a2"	394992	[0, 0, 0, -627, 50]	[[-1, 26], [-7, 64], [41, 208]]
"395052.b1"	395052	[0, -1, 0, -134, 705]	[[2, 21], [8, 9], [-12, 21]]
"395127.a1"	395127	[1, -1, 1, -131, 776]	[[6, 10], [15, 37], [-12, 28]]
"395190.n1"	395190	[1, -1, 1, -4493, 115381]	[[55, 152], [31, 56], [43, -4]]
"395240.a1"	395240	[0, 1, 0, -5960, -51392]	[[-32, 328], [296, 4920], [91, 410]]
"395240.a2"	395240	[0, 1, 0, -3460, 76608]	[[26, 70], [46, 130], [16, 160]]
"395243.a1"	395243	[0, 0, 1, -1, 30]	[[0, 5], [1, 5], [-3, 2]]
"395252.a1"	395252	[0, 1, 0, -2122, 36849]	[[41, 143], [30, 33], [226/3, 143/3]]
"395284.a1"	395284	[0, 1, 0, -669, 6367]	[[9, 34], [13, 6], [53/2, 17/2]]
"395371.a1"	395371	[0, 0, 1, 1, 30]	[[0, 5], [-2, 4], [-3, 0]]
"395381.a1"	395381	[1, 0, 0, -246, -113]	[[-3, 26], [46, 271], [-61/2, 159/2]]
"395394.b1"	395394	[1, 0, 0, -467, 6561]	[[10, 49], [-26, 49], [46, 265]]
"395402.a1"	395402	[1, -1, 0, -343, 2401]	[[0, 49], [14, 7], [28, 105]]
"395435.a1"	395435	[0, -1, 1, 145, 303]	[[-1, 12], [9, 47], [3, 27]]
"395486.a1"	395486	[1, 1, 0, -11686, 483284]	[[35, 327], [-4, 730], [100, 522]]
"395540.a1"	395540	[0, 1, 0, -465, 3400]	[[-5, 75], [15, 5], [20, 50]]
"395552.a1"	395552	[0, 1, 0, -49, 351]	[[-1, 20], [7, 20], [-9, 12]]
"395583.b1"	395583	[1, 0, 0, -6709, 210968]	[[47, -28], [56, 80], [92, 566]]
"395590.a1"	395590	[1, 0, 1, -41228, 2241006]	[[50, 527], [-145, 2347], [-80, 2282]]
"395590.a2"	395590	[1, 0, 1, -37648, 2808078]	[[114, -90], [109, -5], [309, 4395]]
"395632.e1"	395632	[0, 0, 0, -107, 490]	[[9, 16], [-3, 28], [3, 14]]
"395645.a1"	395645	[1, -1, 1, -72, 296]	[[6, 4], [1, 14], [10, 17]]
"395677.a1"	395677	[0, -1, 1, -7339, 244456]	[[50, 2], [448/3, -8/3], [793/4, 149/4]]
"395712.b1"	395712	[0, 0, 0, -732, 7760]	[[22, 48], [16, 12], [14, 16]]
"395717.a1"	395717	[1, -1, 0, 35, 4]	[[4, 12], [0, 2], [32, 166]]
"395820.a1"	395820	[0, 0, 0, -93, 533]	[[4, 15], [-11, 15], [19, 75]]
"395824.c1"	395824	[0, -1, 0, -1080112, 398643776]	[[-1136, 12584], [3440, 193336], [437, 3146]]
"395824.c2"	395824	[0, -1, 0, -222032, -40095296]	[[1410, 49478], [-1107/2, 2249/2], [-6616/5, 30448/5]]
"395838.a1"	395838	[1, -1, 0, -114, 504]	[[6, 0], [3, 12], [7, 0]]
"395862.f1"	395862	[1, 1, 1, -54, 2355]	[[1, 47], [-15, 15], [-11, 47]]
"395876.b1"	395876	[0, 1, 0, -5957, 357604]	[[253, 3887], [23, 483], [-85, 507]]
"395906.a1"	395906	[1, 0, 1, -59, 1590]	[[-5, 44], [-12, 30], [2, 37]]
"395913.b1"	395913	[0, -1, 1, 791, 15555]	[[-11, 73], [5/2, 1025/2], [97/3, 4274/3]]
"396117.a1"	396117	[1, -1, 1, 118, -170]	[[2, 7], [59/2, 481/2], [5, 20]]
"396134.c1"	396134	[1, 1, 1, 123, 2827]	[[23, 124], [-11, 22], [-65/3, 1172/3]]
"396174.a1"	396174	[1, 1, 0, -20, 336]	[[-8, 12], [24, 108], [40, 236]]
"396274.b1"	396274	[1, 0, 0, -78, 196]	[[0, 14], [8, 6], [2, 6]]
"396324.b1"	396324	[0, 0, 0, -681, 6921]	[[-5, 101], [81/2, 303/2], [96, 909]]
"396326.a1"	396326	[1, 0, 0, -3114, 66724]	[[20, 102], [36, 22], [44, 102]]
"396420.f1"	396420	[0, 1, 0, -1681, 23600]	[[11, 81], [-43, 135], [17, 15]]
"396430.a1"	396430	[1, 1, 0, -148, 608]	[[4, 8], [8, 0], [-4, 36]]
"396450.g1"	396450	[1, -1, 0, -57, 1]	[[-1, 8], [-6, 13], [0, 1]]
"396496.a1"	396496	[0, 0, 0, -91, -230]	[[-3, 4], [-7, 8], [-5, 10]]
"396593.b1"	396593	[1, -1, 1, -34, 154]	[[4, 6], [1, 10], [-1/2, 99/2]]
"396628.a1"	396628	[0, 0, 0, -53495, 5020206]	[[-33, 2598], [-3349/7, 991570/7], [399, 6870]]
"396672.c1"	396672	[0, -1, 0, -263, 1863]	[[14, 27], [-13, 54], [29/2, 135/2]]
"396680.a1"	396680	[0, 0, 0, 593, 1906]	[[57, 470], [-3, 10], [-7/2, 235/2]]
"396690.c1"	396690	[1, 1, 0, -2128, 33232]	[[61, 337], [12, 92], [19, 1]]
"396706.a1"	396706	[1, -1, 0, -23, 9]	[[0, 3], [-4, 7], [-1, 6]]
"396796.a1"	396796	[0, 1, 0, -100, 1092]	[[-8, 38], [11, 38], [4/3, 874/3]]
"396801.a1"	396801	[1, -1, 1, -56, 182]	[[3, 4], [0, 13], [-6, 19]]
"396802.f1"	396802	[1, 0, 0, -10347, 406321]	[[62, 33], [46, 145], [54, 49]]
"396876.a1"	396876	[0, 1, 0, -277, 2324]	[[11, 27], [-7, 63], [5, 33]]
"396886.a1"	396886	[1, 0, 1, -325, 2220]	[[9, 2], [10, -5], [43/2, -33/2]]
"396934.a1"	396934	[1, 0, 1, -73, -228]	[[-5, 6], [-4, 3], [-6, 3]]
"396955.b1"	396955	[0, 0, 1, -12158, 515988]	[[66, 32], [249/2, 151/2], [46, 232]]
"397113.a1"	397113	[0, -1, 1, 24, 20]	[[0, 4], [3, 10], [5, 15]]
"397120.g1"	397120	[0, 1, 0, -1521, 21679]	[[27, 32], [11, 80], [35, 112]]
"397120.g2"	397120	[0, 1, 0, 479, 76479]	[[-5, 272], [34, 365], [59, 560]]
"397164.e1"	397164	[0, 1, 0, -134, 465]	[[4, 3], [-2, 27], [10, 15]]
"397239.b1"	397239	[0, -1, 1, -1433, 14825]	[[-35, 144], [-1, 127], [281/5, 371/5]]
"397244.a1"	397244	[0, 0, 0, 11, -59]	[[3, 1], [5, 11], [7, 19]]
"397280.b1"	397280	[0, 1, 0, -29185, 1685775]	[[65, 260], [-65, 1820], [39, 780]]
"397280.b2"	397280	[0, 1, 0, -28230, 1816228]	[[96, 10], [81, 260], [861, 24830]]
"397345.a1"	397345	[0, -1, 1, -1550, -18594]	[[50, 162], [-25, 62], [-28, 45]]
"397350.a1"	397350	[1, -1, 0, -19917, 1086241]	[[89, 68], [134, 833], [59, 308]]
"397350.f1"	397350	[1, -1, 0, -147, -139]	[[-2, 13], [14, 13], [-1, 3]]
"397362.a1"	397362	[1, 1, 0, -479, 3861]	[[10, 9], [14, 5], [2, 53]]
"397395.a1"	397395	[0, 0, 1, -1047, 11920]	[[13, 22], [-32, 112], [-17, 157]]
"397398.e1"	397398	[1, 1, 1, -344, 2585]	[[21, 61], [9, 13], [5, 29]]
"397401.a1"	397401	[1, 0, 0, -386, 29079]	[[73, 589], [-17, 184], [-83/4, 11425/4]]
"397413.a1"	397413	[0, 0, 1, -2397, 45166]	[[26, 20], [28, 1], [31, 25]]
"397424.c1"	397424	[0, 1, 0, 168, 4964]	[[88, 842], [-50/3, 1684/3], [-2, 68]]
"397453.a1"	397453	[0, 0, 1, 1, 80]	[[-4, 3], [3, 10], [8, 24]]
"397453.b1"	397453	[0, 1, 1, -16087, 780017]	[[61, 171], [75, 31], [257, 3699]]
"397509.b1"	397509	[0, -1, 1, -85, 342]	[[8, 10], [-6, 24], [6, 3]]
"397523.a1"	397523	[1, 1, 1, -77, 240]	[[3, 5], [10, 19], [19/2, 5/2]]
"397578.h1"	397578	[1, 0, 1, 53881, 3356318]	[[381, 8710], [639, 16966], [174, 4156]]
"397596.a1"	397596	[0, -1, 0, -169, 898]	[[7, 3], [9, 5], [13, 27]]
"397605.a1"	397605	[1, 1, 1, -61, 188]	[[7, 9], [-6, 22], [-8, 19]]
"397614.g1"	397614	[1, 1, 1, -1950, 30171]	[[33, 39], [-23, 263], [61, 347]]
"397632.b1"	397632	[0, -1, 0, -337, 2641]	[[1, 48], [9, 16], [25, 96]]
"397632.bo1"	397632	[0, 1, 0, 2583, 210519]	[[18, 513], [-39, 228], [75, 912]]
"397767.a1"	397767	[1, 0, 0, -109, 920]	[[5, 20], [-13, 20], [-4, 38]]
"397776.c1"	397776	[0, 1, 0, -65272, 6390356]	[[158, 216], [-274, 1944], [605/2, 243/2]]
"397848.a1"	397848	[0, -1, 0, 15, 981]	[[15, 66], [-7, 22], [-9, 6]]
"397909.a1"	397909	[0, 0, 1, -19, -10]	[[-2, 4], [-3, 4], [-4, 1]]
"397930.a1"	397930	[1, 0, 1, -354, 2552]	[[16, 24], [11, -1], [-10, 76]]
"397940.a1"	397940	[0, 1, 0, 84, 484]	[[4, 30], [-4, 10], [0, 22]]
"397958.b1"	397958	[1, 1, 1, -2514, 32095]	[[-11, 247], [-55, 115], [11, 71]]
"397970.d1"	397970	[1, 0, 0, 405, 31537]	[[-6, 173], [-26, 73], [286/3, 7051/3]]
"397995.h1"	397995	[1, 0, 0, -946, 10451]	[[1, 97], [11, 32], [26, 47]]
"397995.h2"	397995	[1, 0, 0, 809, 45200]	[[53, 461], [-25, -85], [128, 1436]]
"398008.a1"	398008	[0, -1, 0, -105, 781]	[[1, 26], [27, 130], [-12, 13]]
"398044.a1"	398044	[0, 1, 0, -142, 609]	[[6, 3], [8, 7], [4, 11]]
"398050.j1"	398050	[1, -1, 1, -14655, 911847]	[[259, 3670], [19, 790], [-45, 1238]]
"398134.a1"	398134	[1, 1, 0, -4796, 125824]	[[45, 38], [-76, 280], [39, -19]]
"398159.a1"	398159	[1, -1, 1, -3, -30]	[[4, 1], [5, 5], [10, 24]]
"398170.e1"	398170	[1, 0, 0, -861, 5041]	[[-22, 127], [36, 127], [26, 7]]
"398200.b1"	398200	[0, 1, 0, -5028, 134848]	[[32, 88], [54, 154], [48, 80]]
"398200.b2"	398200	[0, 1, 0, -503, -902]	[[-17, 55], [-6, 44], [27, 77]]
"398216.a1"	398216	[0, 1, 0, -1209, 19435]	[[-13, 182], [15, 70], [39, 182]]
"398274.a1"	398274	[1, 1, 0, -8971, 323341]	[[59, 32], [54, -23], [490/3, -653/3]]
"398280.d1"	398280	[0, 1, 0, -641, 4995]	[[7, 30], [-23, 90], [22, 45]]
"398288.a1"	398288	[0, 1, 0, -1262, -65561]	[[51, 73], [635, 15987], [861/2, 24893/2]]
"398297.a1"	398297	[0, -1, 1, -100, 442]	[[8, 9], [-11, 9], [13/2, 91/2]]
"398322.a1"	398322	[1, -1, 0, 144, -432]	[[12, 48], [3, 3], [4, 12]]
"398325.j1"	398325	[0, -1, 1, -43133, 3464918]	[[332, 5062], [62, 1012], [82, 687]]
"398325.j2"	398325	[0, -1, 1, 46867, 15103043]	[[3737/4, 398293/4], [57, 4237], [7573/2, 663871/2]]
"398334.c1"	398334	[1, 0, 1, -1414, 20348]	[[22, -7], [31, 65], [4, 119]]
"398446.b1"	398446	[1, 0, 0, -103, 201]	[[-2, 21], [2, 1], [-10, 21]]
"398464.b1"	398464	[0, 1, 0, 263, 2199]	[[-1, 44], [21, 132], [175, 2332]]
"398506.b1"	398506	[1, 1, 0, -400, 3008]	[[-8, 80], [11, 4], [296, 4944]]
"398538.a1"	398538	[1, -1, 0, -1701, 37093]	[[14, 119], [42, 175], [119/2, 763/2]]
"398605.b1"	398605	[1, 1, 1, -35, 90]	[[3, 3], [-2, 13], [-5, 15]]
"398615.f1"	398615	[0, 1, 1, -3201, 68730]	[[44, 122], [30, 24], [72, 465]]
"398656.e1"	398656	[0, 1, 0, -353, -2273]	[[-9, 16], [23, 48], [21, 4]]
"398684.a1"	398684	[0, 0, 0, -1897, 29305]	[[-3, 187], [-37, 221], [19, 11]]
"398730.a1"	398730	[1, 1, 0, 52, 108]	[[-1, 8], [4, 18], [-2, 2]]
"398772.f1"	398772	[0, 0, 0, -11928, 501329]	[[40, 297], [62, 11], [172, 1881]]
"398786.e1"	398786	[1, 0, 0, 2840, 123456]	[[44, 556], [-24, 216], [248, 3888]]
"398815.a1"	398815	[0, 1, 1, -506, 4200]	[[10, 15], [-21, 77], [121/3, 64/3]]
"398838.a1"	398838	[1, 1, 0, -352, 2800]	[[1, 49], [12, 16], [100, 940]]
"398894.a1"	398894	[1, 1, 0, -110, -332]	[[-4, 10], [12, 10], [124/3, 670/3]]
"398918.c1"	398918	[1, 1, 1, -10666, 268215]	[[9, 411], [165, 1659], [969, 29531]]
"398956.a1"	398956	[0, -1, 0, -69, 358]	[[1, 17], [18, 68], [-3, 23]]
"398960.e1"	398960	[0, -1, 0, -4840, 179312]	[[4, 400], [404, 8000], [154, 1750]]
"398979.a1"	398979	[1, -1, 1, -26, 46]	[[2, -1], [5, 2], [8, 13]]
"398992.a1"	398992	[0, 0, 0, -499, 3634]	[[-15, 88], [7, 22], [1, 56]]
"399020.a1"	399020	[0, 0, 0, -292, 2449]	[[8, 25], [-2, 55], [18, 55]]
"399043.a1"	399043	[0, 1, 1, -19, 38]	[[2, 3], [4, 6], [-2, 8]]
"399088.a1"	399088	[0, 0, 0, 101, -566]	[[5, 8], [21, 104], [7, 22]]
"399110.b1"	399110	[1, 1, 0, -3188, 68368]	[[11, 181], [384, 7268], [32, 4]]
"399110.g1"	399110	[1, 0, 0, -38300, 2890000]	[[120, 100], [100, 200], [600, 13700]]
"399124.a1"	399124	[0, 0, 0, -49, 241]	[[3, 11], [-8, 11], [25, 121]]
"399127.a1"	399127	[0, -1, 1, -4019, 99534]	[[36, 14], [152, 1725], [334/3, 280/3]]
"399210.g1"	399210	[1, 1, 0, -542, 6696]	[[17, 44], [2, 74], [-28, 44]]
"399216.a1"	399216	[0, -1, 0, -296, 912]	[[-16, 36], [2, 18], [56, 396]]
"399228.e1"	399228	[0, -1, 0, -24106, 1450777]	[[92, 57], [472, 9747], [-41, 1539]]
"399270.b1"	399270	[1, 1, 0, 23, 841]	[[-8, 19], [7, 34], [-3, 29]]
"399294.a1"	399294	[1, -1, 0, -4068, 100116]	[[33, 15], [-30, 456], [42, 24]]
"399354.a1"	399354	[1, 1, 0, -1093, 12109]	[[-11, 157], [90, 763], [-6, 139]]
"399355.a1"	399355	[1, 0, 0, -716, 7231]	[[3, 70], [-30, 59], [18, 7]]
"399355.a2"	399355	[1, 0, 0, -111, 19210]	[[6, 134], [91, 829], [-15, 140]]
"399398.c1"	399398	[1, 0, 0, -431, 6457]	[[6, 61], [-26, 29], [-18, 101]]
"399426.c1"	399426	[1, 1, 1, -355, 2561]	[[11, 6], [-13, 78], [-1, 54]]
"399438.a1"	399438	[1, -1, 0, -756, 7456]	[[11, 14], [-28, 92], [-15, 131]]
"399576.d1"	399576	[0, 1, 0, -1252, 14624]	[[-10, 162], [26, 18], [44, 216]]
"399620.a1"	399620	[0, 0, 0, -868, 2577]	[[32, 87], [264, 4263], [273/2, 4089/2]]
"399620.a2"	399620	[0, 0, 0, 3337, 20238]	[[3, 174], [59, 650], [119, 1450]]
"399624.a1"	399624	[0, 1, 0, -9, 891]	[[-9, 18], [3, 30], [-3, 30]]
"399744.a1"	399744	[0, 0, 0, -132, 720]	[[6, 12], [-6, 36], [10, 20]]
"399826.a1"	399826	[1, 0, 1, -52, -90]	[[-5, 9], [9, 9], [23, 93]]
"399826.c1"	399826	[1, 0, 0, -9139, -316191]	[[-50, 153], [-58, 169], [334, 5657]]
"399836.a1"	399836	[0, 0, 0, -1148, 14969]	[[22, 19], [19, 4], [145/2, 1159/2]]
"399864.a1"	399864	[0, -1, 0, -124, 484]	[[4, 6], [10, 12], [-8, 30]]
"399888.c1"	399888	[0, 0, 0, -219, 3994]	[[17, 72], [-19, 36], [-7, 72]]
"399917.a1"	399917	[1, 0, 0, -39, -92]	[[-3, 2], [-4, 4], [-13/2, 27/2]]
"399949.a1"	399949	[0, 0, 1, -125, 620]	[[30, 154], [17/2, 99/2], [64/3, 244/3]]
"399976.a1"	399976	[0, 0, 0, -391, 2890]	[[17, 34], [-17, 68], [13, 2]]
"400166.a1"	400166	[1, 0, 1, -60, 230]	[[7, 9], [-6, 22], [3, 7]]
"400203.a1"	400203	[1, -1, 1, -13100, -572164]	[[-68, 7], [144, 643], [-66, 73]]
"400266.e1"	400266	[1, -1, 1, -713, -5047]	[[63, 412], [-11, 42], [-17, 52]]
"400292.a1"	400292	[0, -1, 0, -134, 4105]	[[38, 229], [267, 4351], [-18, 19]]
"400311.a1"	400311	[0, 0, 1, -2307, 32976]	[[-16, 256], [38, 13], [60, 332]]
"400348.a1"	400348	[0, 1, 0, -377, 2704]	[[13, 13], [11, 3], [91/3, 143/3]]
"400349.a1"	400349	[1, 1, 1, 21, 136]	[[-2, 10], [17, 67], [26/5, 1459/5]]
"400360.a1"	400360	[0, 1, 0, -545, -2525]	[[-15, 50], [-5, 10], [25, 10]]
"400395.a1"	400395	[0, 1, 1, -2816, 55790]	[[25, 40], [34, 22], [181/2, 1211/2]]
"400428.b1"	400428	[0, 0, 0, -1029, 10829]	[[7, 63], [28, 63], [91, 819]]
"400512.a1"	400512	[0, -1, 0, -505, 4681]	[[9, 28], [13, 12], [16, 21]]
"400537.a1"	400537	[1, 0, 0, -1191, 15722]	[[22, 6], [19, -3], [499/5, -1103/5]]
"400595.a1"	400595	[1, 0, 0, -46, 45]	[[-4, 15], [9, 15], [-1, 10]]
"400606.a1"	400606	[1, 0, 0, -100, 336]	[[4, 0], [8, 4], [-4, 28]]
"400640.e1"	400640	[0, -1, 0, -131, 631]	[[6, 5], [11, 20], [3, 16]]
"400681.a1"	400681	[1, 1, 1, -26, 30]	[[0, 5], [4, 1], [7, 12]]
"400723.a1"	400723	[1, 1, 1, -333, 2200]	[[10, -5], [11, -1], [19/2, 197/2]]
"400809.d1"	400809	[0, 1, 1, -630, 20]	[[84, 739], [-3, 43], [33, 127]]
"400850.a1"	400850	[1, -1, 0, 23, 81]	[[4, 13], [-1, 8], [8, 23]]
"400880.g1"	400880	[0, 0, 0, 37, 538]	[[9, 40], [-3, 20], [1, 24]]
"400914.f1"	400914	[1, -1, 1, -2807, 57935]	[[31, -14], [27, 22], [43, 102]]
"400914.g1"	400914	[1, -1, 1, 1939, 50645]	[[15, 280], [63, 616], [-17, 120]]
"400953.a1"	400953	[0, 1, 1, 13048, 908570]	[[-35, 640], [-14, 850], [721/4, 80671/4]]
"400968.a1"	400968	[0, 0, 0, 84, 36]	[[0, 6], [24, 126], [9, 39]]
"400987.a1"	400987	[0, 1, 1, 12, 30]	[[-2, 1], [0, 5], [7, 22]]
"401124.a1"	401124	[0, 1, 0, -4485, 119079]	[[-39, 486], [69, 378], [42, 81]]
"401143.a1"	401143	[0, 1, 1, 160, 1350]	[[7, 53], [114, 1230], [389/5, 11012/5]]
"401184.b1"	401184	[0, 0, 0, -4332, 148160]	[[-74, 252], [52, 252], [94, 756]]
"401254.a1"	401254	[1, 0, 1, -2573, 49992]	[[35, 38], [28, -4], [259/3, -374/3]]
"401297.a1"	401297	[1, 1, 1, 43, 0]	[[3, 11], [16, 63], [42, 258]]
"401388.a1"	401388	[0, -1, 0, -14482, 677161]	[[70, 39], [135, 1079], [31, 507]]
"401390.f1"	401390	[1, 0, 0, -373726, 87882180]	[[364, 146], [28, 8786], [1348, 44426]]
"401390.f2"	401390	[1, 0, 0, -322526, 112837060]	[[544, 9650], [60, 9650], [-140, 12530]]
"401455.a1"	401455	[1, -1, 1, -43, 122]	[[5, 1], [2, 5], [15/2, -1/2]]
"401486.a1"	401486	[1, 0, 0, 2167, 38809]	[[0, 197], [394, 7683], [394/3, 12017/3]]
"401578.b1"	401578	[1, 0, 0, -1761, 28297]	[[24, -11], [26, 3], [36, 91]]
"401631.a1"	401631	[0, 1, 1, -110, 380]	[[4, 4], [7, 1], [1, 16]]
"401635.a1"	401635	[0, -1, 1, -4246, -69548]	[[106, 812], [481, 10437], [-20, 83]]
"401659.a1"	401659	[0, -1, 1, 20, -128]	[[5, 8], [4, 0], [7, 17]]
"401672.b1"	401672	[0, -1, 0, 404, 3812]	[[4, 74], [-4, 46], [41, 296]]
"401690.d1"	401690	[1, -1, 1, -1113, 13881]	[[15, 12], [-25, 172], [7, 76]]
"401742.b1"	401742	[1, -1, 0, -1071, 18873]	[[-3, 150], [-36, -81], [24, 69]]
"401800.a1"	401800	[0, 0, 0, -63700, 10118500]	[[2170, 100450], [210, 2450], [70, 2450]]
"401860.a1"	401860	[0, 1, 0, -201, 1024]	[[9, 5], [7, 3], [5, 13]]
"401976.c1"	401976	[0, 0, 0, -135, 4698]	[[-9, 72], [27, 144], [-18, 36]]
"401982.a1"	401982	[1, 1, 0, -1214, 15204]	[[-19, 188], [32, 86], [23, -1]]
"401986.a1"	401986	[1, -1, 0, -8359, 296257]	[[52, -13], [1326/5, -3289/5], [13, 429]]
"402034.a1"	402034	[1, 1, 0, -217, 1145]	[[8, -3], [10, 5], [7, 2]]
"402042.d1"	402042	[1, 1, 1, -5052, 72477]	[[-3, 297], [13, 89], [-51, 473]]
"402046.h1"	402046	[1, 1, 1, 176, -975]	[[5, 5], [21, 101], [9, 33]]
"402062.b1"	402062	[1, 0, 0, 93, 1]	[[6, 25], [2, 13], [14, 57]]
"402104.a1"	402104	[0, 1, 0, -20, 49]	[[0, 7], [4, 7], [3, 5]]
"402138.a1"	402138	[1, -1, 0, -3276, 72976]	[[35, -1], [32, -4], [304/3, -500/3]]
"402144.f1"	402144	[0, 1, 0, -2865, 51039]	[[15, 108], [-39, 324], [42, 81]]
"402157.a1"	402157	[1, 1, 1, -641, -2340]	[[-6, 39], [238/3, -115/3], [195/2, 2137/2]]
"402177.a1"	402177	[1, 0, 0, -2322, 57591]	[[27, 108], [270, 4239], [81, 594]]
"402213.b1"	402213	[1, 1, 1, -70, 236]	[[2, 9], [9, 16], [16, 51]]
"402228.a1"	402228	[0, 0, 0, -849, 9569]	[[16, 9], [13, 27], [25, 63]]
"402234.o1"	402234	[1, 1, 1, -6437, 196715]	[[47, 4], [33, 130], [61, 158]]
"402335.b1"	402335	[0, 1, 1, -4695, -125244]	[[-40, 12], [110, 837], [-155/2, 11/2]]
"402368.d1"	402368	[0, -1, 0, -145, 881]	[[5, 16], [13, 32], [-11, 32]]
"402426.e1"	402426	[1, -1, 1, -467, 14195]	[[-5, 130], [27, 130], [123, 1282]]
"402438.b1"	402438	[1, 1, 0, -145, 1]	[[-8, 31], [19, 58], [-5/2, 113/2]]
"402480.b1"	402480	[0, 0, 0, -9363, 347362]	[[41, 180], [59, 18], [14, 468]]
"402480.b2"	402480	[0, 0, 0, -4683, 694618]	[[-31, 900], [23, 774], [-63, 860]]
"402486.e1"	402486	[1, 1, 0, -5541, 156465]	[[48, 39], [42, -27], [43, -17]]
"402486.e2"	402486	[1, 1, 0, -361, 2101]	[[6, 11], [14, -1], [-6, 67]]
"402552.a1"	402552	[0, 0, 0, -87, 90]	[[-3, 18], [9, 6], [1, 2]]
"402612.b1"	402612	[0, -1, 0, -756, 8232]	[[14, 14], [-14, 126], [2, 82]]
"402626.b1"	402626	[1, -1, 1, -492, 10095]	[[1, 97], [-27, 69], [15, 69]]
"402686.a1"	402686	[1, 0, 1, -5387, 151710]	[[38, 28], [171/2, -137/2], [42, -19]]
"402686.d1"	402686	[1, -1, 1, -76, -49]	[[-3, 13], [-7, 13], [-1, 5]]
"402696.c1"	402696	[0, 0, 0, -2964, 111204]	[[142, 1598], [-62, 238], [6, 306]]
"402702.d1"	402702	[1, 0, 1, -3437, 74360]	[[15, 154], [51, 154], [-12, 343]]
"402888.a1"	402888	[0, -1, 0, -655, 6676]	[[15, 1], [16, 6], [61/2, 9/2]]
"402938.a1"	402938	[1, -1, 0, -400, 3172]	[[9, 11], [-22, 42], [11, -2]]
"402982.a1"	402982	[1, 0, 1, -345, 2432]	[[11, -4], [10, -2], [5, 26]]
"403013.c1"	403013	[1, 0, 0, -79, 208]	[[-9, 19], [3, -1], [51/2, 239/2]]
"403070.a1"	403070	[1, 1, 0, -5018, 134788]	[[24, 158], [92, 634], [-36, 538]]
"403113.a1"	403113	[1, 0, 0, 61, 210]	[[-2, 10], [7, 28], [-3, 3]]
"403145.a1"	403145	[1, 1, 1, -241, 1338]	[[6, 9], [9, -3], [8, -2]]
"403280.a1"	403280	[0, 0, 0, -37843, 2833042]	[[121, 160], [71, 710], [111, 10]]
"403308.a1"	403308	[0, 0, 0, -1119, -11194]	[[55, 306], [-13, 34], [-25, 34]]
"403384.a1"	403384	[0, 0, 0, 5, 43]	[[-3, 1], [1, 7], [-2, 5]]
"403386.c1"	403386	[1, 0, 0, -2985, 65241]	[[30, 39], [-6, 291], [42, 99]]
"403389.e1"	403389	[1, -1, 1, 451, 18142]	[[56, 437], [-20, 38], [91/2, 1501/2]]
"403430.b1"	403430	[1, 0, 0, -97245, 11561137]	[[-286, 4143], [114, 1343], [194, -17]]
"403479.c1"	403479	[0, 0, 1, -197184, 33701985]	[[413, 4765], [251, 148], [305, 1390]]
"403496.c1"	403496	[0, -1, 0, -23, 4]	[[-1, 5], [0, 2], [-4, 4]]
"403546.b1"	403546	[1, 0, 1, -9508, 156642]	[[121, 823], [-87, 615], [342, 5906]]
"403546.b2"	403546	[1, 0, 1, 33652, 1192482]	[[38, 1570], [-4, 1030], [72, 1961]]
"403598.h1"	403598	[1, 1, 1, -204514, 37301487]	[[-135, 7971], [-439, 6755], [695/2, 20543/2]]
"403640.b1"	403640	[0, -1, 0, -91, 380]	[[8, 10], [13, 35], [-7, 25]]
"403648.k1"	403648	[0, 1, 0, -2609, -52049]	[[-29, 8], [-30, 11], [131, 1368]]
"403648.k2"	403648	[0, 1, 0, -229, -165]	[[-2, 17], [-1, 8], [19, 52]]
"403660.b1"	403660	[0, 0, 0, -14293, 657717]	[[41, 375], [619/3, 125/3], [69, 3]]
"403692.a1"	403692	[0, -1, 0, -42, 9]	[[0, 3], [-6, 3], [-2, 9]]
"403725.c1"	403725	[0, -1, 1, -10008, 38918]	[[-73, 612], [102, 262], [123, 808]]
"403806.c1"	403806	[1, 0, 1, -677, 6860]	[[9, 34], [21, 34], [48, 268]]
"403811.a1"	403811	[1, 0, 0, -38, 169]	[[1, 11], [24, 103], [55/3, 274/3]]
"403820.a1"	403820	[0, -1, 0, -4701, 125641]	[[39, 10], [40, 1], [48, 91]]
"403878.b1"	403878	[1, 0, 1, -1898, 31592]	[[15, 73], [24, -8], [27, 1]]
"404025.a1"	404025	[0, -1, 1, -1308, 18668]	[[12, 67], [21, 4], [22, 7]]
"404025.b1"	404025	[0, -1, 1, -833, 22193]	[[17, 112], [67, 512], [-37, 31]]
"404062.a1"	404062	[1, 0, 0, -500, 5776]	[[8, 44], [-24, 76], [40, 204]]
"404096.e1"	404096	[0, -1, 0, -217, 1001]	[[17, 44], [-5, 44], [1, 28]]
"404098.b1"	404098	[1, 1, 1, -288, -1727]	[[-11, 21], [-7, 5], [-13, 1]]
"404111.a1"	404111	[1, 1, 1, -392, 2880]	[[10, 4], [67, 498], [-2, 61]]
"404120.b1"	404120	[0, -1, 0, 44, 356]	[[-4, 10], [16, 70], [1, 20]]
"404200.f1"	404200	[0, -1, 0, -14408, 206812]	[[122, 500], [282, 4300], [-902/3, 21500/3]]
"404261.a1"	404261	[0, 0, 1, 12221, 482820]	[[3443, 202130], [102, 1670], [11, 786]]
"404271.a1"	404271	[1, -1, 1, 646, 31402]	[[-14, 146], [-23, 74], [223/2, 3679/2]]
"404278.a1"	404278	[1, 1, 0, 641, 4421]	[[62, 505], [-5, 36], [47/2, 891/2]]
"404286.b1"	404286	[1, 1, 0, 1920, -29952]	[[176, 2320], [47, 385], [208/3, 4160/3]]
"404340.c1"	404340	[0, -1, 0, -3421, 82846]	[[81, 575], [31, 75], [-57, 299]]
"404340.e1"	404340	[0, -1, 0, 199, 426]	[[1, 25], [26, 150], [5, 39]]
"404430.a1"	404430	[1, 1, 0, -81243, -8081103]	[[344, 2025], [-163, 1011], [-149, 937]]
"404430.a2"	404430	[1, 1, 0, -19023, 866133]	[[41, 376], [34, 493], [106, 181]]
"404430.a3"	404430	[1, 1, 0, -18303, 945477]	[[79, -59], [14, 825], [77, -29]]
"404430.a4"	404430	[1, 1, 0, 31677, 4749753]	[[28, 2365], [-37, 1897], [-89, 1156]]
"404492.a1"	404492	[0, 0, 0, -520, 4897]	[[32, 145], [3, 58], [41/2, 203/2]]
"404607.a1"	404607	[0, 1, 1, -1792, 27550]	[[14, 73], [-7, 199], [56, 325]]
"404620.b1"	404620	[0, -1, 0, -330, 2425]	[[10, 5], [12, 7], [45/2, 25/2]]
"404729.a1"	404729	[0, 1, 1, -44, -42]	[[-6, 6], [7, 6], [-3, 8]]
"404781.a1"	404781	[0, -1, 1, -16, 198]	[[7, 19], [-6, 6], [-11/2, 113/2]]
"404807.a1"	404807	[1, 0, 0, -66, 169]	[[8, 9], [-5, 22], [0, 13]]
"404834.b1"	404834	[1, 0, 1, -39, -220]	[[10, 15], [8, -5], [172/3, 1840/3]]
"404852.a1"	404852	[0, 1, 0, -882, 9769]	[[14, 19], [18, 7], [16, 3]]
"404906.a1"	404906	[1, -1, 0, -115, 537]	[[16, 43], [-1, 26], [8, 5]]
"404910.l1"	404910	[1, -1, 0, -8529, 296585]	[[31, 232], [64, 67], [61, -8]]
"404910.l2"	404910	[1, -1, 0, 2721, 1014335]	[[11, 1017], [-61, 817], [-89, 292]]
"405018.a1"	405018	[1, -1, 0, -444, 3664]	[[8, 20], [11, -1], [17, 20]]
"405069.a1"	405069	[1, 1, 1, 106, -844]	[[8, 20], [57, 412], [18, 76]]
"405087.a1"	405087	[0, 1, 1, -262, 1540]	[[8, 4], [11, 10], [14, 28]]
"405130.b1"	405130	[1, 1, 0, 82, 472]	[[26, 132], [-3, 16], [12, 52]]
"405150.d1"	405150	[1, 1, 0, -350, 3000]	[[5, 35], [-10, 80], [15, 30]]
"405192.a1"	405192	[0, -1, 0, -284, 2148]	[[8, 18], [26, 108], [12, 18]]
"405262.c1"	405262	[1, 0, 1, -12679, 588798]	[[102, 548], [157, 1494], [14, 636]]
"405315.d1"	405315	[0, 0, 1, -3918, -81252]	[[116, 1012], [-34, 112], [74, 184]]
"405344.a1"	405344	[0, -1, 0, -19569, 1060225]	[[96, 239], [81, 4], [-143, 956]]
"405438.i1"	405438	[1, 1, 1, -12139, 288857]	[[275, 4086], [11, 390], [-121, -6]]
"405535.a1"	405535	[0, 1, 1, 7340, 199556]	[[235, 3867], [-20, 212], [14, 552]]
"405542.b1"	405542	[1, 0, 0, -330, -1244]	[[-12, 38], [-4, 6], [20, 6]]
"405542.c1"	405542	[1, 0, 0, -3864, 92128]	[[36, -16], [28, 64], [322/3, -482/3]]
"405734.c1"	405734	[1, 1, 0, -42, 1372]	[[1, 36], [147, 1715], [21, 91]]
"405890.b1"	405890	[1, 1, 1, 34, 1563]	[[1, 39], [21, 99], [-9, 29]]
"405936.f1"	405936	[0, 0, 0, -25563, 1574026]	[[125, 576], [95, 54], [93, 32]]
"405940.a1"	405940	[0, 1, 0, -770, 7225]	[[10, 25], [-15, 125], [0, 85]]
"405950.a1"	405950	[1, -1, 0, -58192, -766784]	[[-51, 1463], [-120, 2176], [-176, 2088]]
"405950.f1"	405950	[1, 1, 0, -140, -500]	[[-9, 16], [14, 16], [-10, 0]]
"405969.a1"	405969	[0, 1, 1, 40, 140]	[[1, 13], [-2, 7], [10, 40]]
"406018.c1"	406018	[1, -1, 1, -1266, 7665]	[[-31, 143], [33, 15], [-15, 159]]
"406028.b1"	406028	[0, 1, 0, -9917, 376831]	[[57, 2], [45, 154], [53, 54]]
"406056.a1"	406056	[0, -1, 0, -12, 81]	[[0, 9], [-3, 9], [-4, 7]]
"406087.a1"	406087	[1, 0, 0, 3393, -62282]	[[26, 196], [159/2, 2789/2], [23, 156]]
"406128.a1"	406128	[0, -1, 0, -357, 1881]	[[-3, 54], [24, 81], [-11, 66]]
"406170.c1"	406170	[1, -1, 0, -9630, -24300]	[[-84, 474], [-20, 410], [780, 21210]]
"406176.a1"	406176	[0, -1, 0, -42, 144]	[[0, 12], [3, 6], [-6, 12]]
"406205.a1"	406205	[1, 1, 1, 160, -3870]	[[48, 318], [55/2, 215/2], [733, 19498]]
"406206.d1"	406206	[1, -1, 1, -437, 8525]	[[15, 64], [-9, 112], [-21, 100]]
"406223.a1"	406223	[0, 1, 1, 18, 190]	[[4, 18], [1, 14], [16, 69]]
"406227.a1"	406227	[0, 1, 1, -375, 2675]	[[9, 10], [11, 1], [45/2, 17/2]]
"406275.a1"	406275	[1, 1, 1, -538, 12656]	[[50, 312], [-4, 123], [0, 112]]
"406295.b1"	406295	[0, 1, 1, -111, 420]	[[4, 7], [6, 2], [2, 14]]
"406333.a1"	406333	[0, 1, 1, 76, 76]	[[8, 35], [1/3, 235/3], [-34/7, 1497/7]]
"406370.c1"	406370	[1, -1, 1, -5718, 167781]	[[41, 11], [45, -13], [65, 227]]
"406395.a1"	406395	[0, 0, 1, 3603, 72092]	[[7, 312], [153/2, 4121/2], [-18, 37]]
"406440.g1"	406440	[0, 0, 0, -3087, 63666]	[[-3, 270], [42, 90], [37, 10]]
"406440.g2"	406440	[0, 0, 0, 1413, 233766]	[[27, 540], [-18, 450], [-53, 100]]
"406446.a1"	406446	[1, 1, 0, -113, 69]	[[-10, 23], [-1, 14], [-6, 27]]
"406520.a1"	406520	[0, 0, 0, 2, 97]	[[-4, 5], [1, 10], [16, 65]]
"406544.a1"	406544	[0, 1, 0, -136, 516]	[[2, 16], [10, 16], [8, 2]]
"406575.a1"	406575	[0, 0, 1, -85575, 9654156]	[[230, 1462], [155, 337], [2705/4, 8743/4]]
"406640.a1"	406640	[0, 1, 0, -371696, 87076180]	[[372, 650], [554, 7176], [346, 104]]
"406640.a2"	406640	[0, 1, 0, -20176, 1727124]	[[34, 1040], [60, 858], [114, 960]]
"406666.b1"	406666	[1, 0, 0, -332, 1936]	[[6, 10], [32, 140], [-20, 36]]
"406701.a1"	406701	[0, 0, 1, -189, 560]	[[3, 4], [12, 4], [21, 76]]
"406904.d1"	406904	[0, -1, 0, -115, 476]	[[1, 19], [20, 76], [4, 8]]
"406931.c1"	406931	[0, 1, 1, -1933, -17815]	[[-23, 122], [75, 514], [103, 941]]
"406942.a1"	406942	[1, 0, 1, 17, 132]	[[-2, 10], [-4, 3], [0, 11]]
"406957.a1"	406957	[1, -1, 1, -27, 180]	[[6, 11], [-5/2, 117/2], [35, 185]]
"406998.b1"	406998	[1, -1, 0, 45, 49]	[[2, 11], [-1, 2], [5, 17]]
"407090.a1"	407090	[1, 0, 1, -74, 216]	[[3, 3], [8, 8], [-7, 23]]
"407090.b1"	407090	[1, 0, 0, -6591, 199321]	[[38, 45], [6, 397], [86, 477]]
"407150.g1"	407150	[1, -1, 1, -315, 9387]	[[9, 80], [43, 250], [-25, 46]]
"407166.a1"	407166	[1, 0, 1, -860, 24320]	[[18, 112], [72, 544], [-9/2, 1301/2]]
"407166.f1"	407166	[1, 0, 0, -997, 71681]	[[50, 359], [-46, 167], [-14, 295]]
"407178.a1"	407178	[1, -1, 0, -234, 324]	[[0, 18], [-12, 42], [24, 78]]
"407192.b1"	407192	[0, 1, 0, -579, 5170]	[[17, 23], [13, 3], [61/3, 1081/3]]
"407256.a1"	407256	[0, -1, 0, -1852, 31309]	[[33, 71], [-38, 213], [25, 3]]
"407288.c1"	407288	[0, -1, 0, -604, 1205]	[[26, 49], [-2, 49], [-158/3, 2107/3]]
"407305.a1"	407305	[1, 1, 1, -571690, 167130732]	[[3640/3, 35257/3], [-844, 7444], [1965, 80478]]
"407349.a1"	407349	[1, -1, 1, -86, 392]	[[-2, 24], [10, 16], [76/3, 272/3]]
"407360.b1"	407360	[0, 1, 0, -6785, 433183]	[[91, 760], [11, 600], [61, 500]]
"407413.a1"	407413	[1, -1, 1, 77, 0]	[[22, 98], [15/2, 127/2], [12, 44]]
"407426.a1"	407426	[1, -1, 0, -1063, 13609]	[[19, -9], [20, -3], [15, 22]]
"407450.b1"	407450	[1, 0, 1, -956, 7158]	[[2, 71], [31, 71], [-27, 129]]
"407450.b2"	407450	[1, 0, 1, -856, 9558]	[[12, 26], [16, -3], [18, -1]]
"407466.b1"	407466	[1, -1, 1, -1877, 32685]	[[23, 24], [47, 192], [-49, 96]]
"407546.a1"	407546	[1, -1, 0, -1, 31]	[[1, 5], [-1, 6], [-3, 2]]
"407546.b1"	407546	[1, 1, 1, -5401, 151335]	[[47, 40], [-81, 296], [295/3, 2360/3]]
"407616.i1"	407616	[0, -1, 0, 479, 26017]	[[9, 176], [31, 264], [-24, 11]]
"407686.b1"	407686	[1, -1, 1, -189, -123]	[[-1, 8], [15, 8], [-9, 32]]
"407690.e1"	407690	[1, 1, 0, -5197, 139481]	[[67, 279], [-58, 529], [17, 229]]
"407792.a1"	407792	[0, 1, 0, -31872, 2181556]	[[122, 352], [188, 1694], [-54, 1936]]
"407836.a1"	407836	[0, 1, 0, -4642, 120249]	[[64, 299], [38, 13], [25, 143]]
"407878.a1"	407878	[1, -1, 0, -329, 2469]	[[33, 147], [23/2, 195/2], [79/3, 263/3]]
"407878.b1"	407878	[1, 0, 0, -644, 41488]	[[-12, 224], [8, 188], [328/3, 6484/3]]
"407906.a1"	407906	[1, 1, 0, 1, 31]	[[-1, 6], [-3, 5], [3, 7]]
"407906.b1"	407906	[1, -1, 1, 4746, -123]	[[41, 491], [169, 2283], [17, 283]]
"407914.a1"	407914	[1, -1, 0, -406, 3268]	[[16, 18], [12, -2], [8, 18]]
"407997.e1"	407997	[1, -1, 1, 187, 3808]	[[16, 95], [-7, 49], [91/2, 1021/2]]
"408021.a1"	408021	[1, 1, 1, 912, -186]	[[57, 462], [1, 26], [22/3, 1181/3]]
"408051.a1"	408051	[0, 0, 1, -4791, 128992]	[[55, 178], [41, 38], [38, 42]]
"408158.d1"	408158	[1, -1, 1, -1704, 18027]	[[149, 1673], [-3, 153], [57, 293]]
"408318.b1"	408318	[1, 0, 0, -5300, 87696]	[[-44, 508], [64, 76], [280, 4396]]
"408386.a1"	408386	[1, 1, 0, -15785, 756613]	[[66, 55], [242, 3223], [11, 759]]
"408526.a1"	408526	[1, 1, 0, -5637, 161485]	[[58, 155], [127, 1167], [714/5, 17903/5]]
"408548.b1"	408548	[0, 0, 0, -1069, 13501]	[[19, 7], [12, 49], [47, 259]]
"408763.a1"	408763	[0, 0, 1, 10, 28]	[[-2, 0], [2, 7], [22/3, 208/3]]
"408789.a1"	408789	[0, 0, 1, -39, 3492]	[[38, 238], [-15, 26], [-7/2, 473/2]]
"408800.f1"	408800	[0, 1, 0, -833, 10063]	[[-17, 140], [23, 60], [13, 40]]
"408822.e1"	408822	[1, 1, 1, 111, 2415]	[[-1, 48], [7, 56], [31, 176]]
"408850.a1"	408850	[1, 0, 1, -4226, 105348]	[[41, 17], [33, 29], [38, -16]]
"408850.a2"	408850	[1, 0, 1, -3726, 131348]	[[7, 321], [-28, 476], [46, 217]]
"408881.a1"	408881	[0, 1, 1, -8909, 320712]	[[52, 27], [54, 2], [-14, 665]]
"408921.a1"	408921	[1, 0, 0, 81, -90]	[[11, 41], [42, 258], [2, 8]]
"408930.a1"	408930	[1, 1, 0, 2982, -376092]	[[276, 4506], [61, 163], [448, 9322]]
"408978.b1"	408978	[1, -1, 0, -225, 1809]	[[12, 21], [-6, 57], [-15, 48]]
"409120.a1"	409120	[0, -1, 0, -1850, -27500]	[[-25, 50], [50, 50], [75, 500]]
"409149.g1"	409149	[1, -1, 1, -149, 1122]	[[-4, 42], [14, 33], [-13, 33]]
"409248.o1"	409248	[0, 0, 0, -33516, 889056]	[[210, 1764], [-35, 1421], [-182, 980]]
"409248.o2"	409248	[0, 0, 0, -18081, -926100]	[[-77, 98], [168, 882], [1491, 57330]]
"409275.c1"	409275	[0, 0, 1, -6675, -20594]	[[-10, 212], [-44, 433], [-35, 412]]
"409293.c1"	409293	[0, 0, 1, -270, -1492]	[[-12, 4], [24, 76], [-39/2, 113/2]]
"409302.l1"	409302	[1, -1, 1, -986, 5145]	[[-31, 87], [5, 15], [-7, 111]]
"409304.a1"	409304	[0, 0, 0, -796, 8020]	[[-2, 98], [12, 14], [-30, 70]]
"409308.b1"	409308	[0, -1, 0, -37093, 2762113]	[[119, 138], [112, 9], [111, 10]]
"409329.b1"	409329	[0, 0, 1, 60, 445]	[[-5, 4], [1, 22], [5, 29]]
"409335.d1"	409335	[0, -1, 1, -915, 7643]	[[-31, 72], [27, 43], [-1, 92]]
"409430.a1"	409430	[1, 0, 1, -99, 266]	[[8, -2], [-7, 28], [13, 28]]
"409430.a2"	409430	[1, 0, 1, 251, 1806]	[[-6, 12], [0, 42], [6, 56]]
"409497.a1"	409497	[0, -1, 1, -44, 140]	[[5, 4], [2, 7], [-1, 13]]
"409533.a1"	409533	[1, 1, 1, -39, 0]	[[0, 0], [-3, -9], [-4, 12]]
"409572.b1"	409572	[0, 0, 0, -804, -6959]	[[50, 279], [-12, 31], [-79/2, 279/2]]
"409578.g1"	409578	[1, 1, 1, -240, 2001]	[[9, 21], [-17, 47], [61, 437]]
"409621.a1"	409621	[0, -1, 1, -76, 280]	[[5, 0], [7, 6], [2, 11]]
"409638.b1"	409638	[1, 1, 0, -3422, 59892]	[[172, 2058], [-29, 383], [76, 458]]
"409638.d1"	409638	[1, 0, 1, -735, 7510]	[[23, 42], [14, -3], [17, -6]]
"409647.a1"	409647	[0, -1, 1, 90, 902]	[[15, 73], [-6, 10], [-3/2, 227/2]]
"409692.a1"	409692	[0, -1, 0, -109, -71]	[[-5, 18], [-1, 6], [-9, 10]]
"409728.b1"	409728	[0, -1, 0, -419, 3123]	[[7, 22], [18, 33], [61/2, 55/2]]
"409728.b2"	409728	[0, -1, 0, 551, 14569]	[[5, 132], [16, 165], [-5, 108]]
"409745.a1"	409745	[1, 0, 0, -46, 405]	[[19, 71], [-4, 25], [180, 2325]]
"409746.g1"	409746	[1, 0, 0, -3342, 66564]	[[-12, 330], [60, 258], [42, 6]]
"409794.g1"	409794	[1, 0, 1, -22158, 1267642]	[[86, -42], [88, -10], [347/2, -465/2]]
"409794.g2"	409794	[1, 0, 1, -1368, 20242]	[[23, 21], [34, 98], [29, 57]]
"409814.b1"	409814	[1, -1, 0, -356, 2668]	[[9, 7], [-14, 76], [4, 34]]
"409854.a1"	409854	[1, 1, 0, -101, 141]	[[10, 11], [-6, 27], [58, 411]]
"409877.a1"	409877	[0, 1, 1, -40, 80]	[[4, 0], [2, 3], [1, 6]]
"409882.e1"	409882	[1, -1, 1, -439086, 100090941]	[[745, 13267], [1249/3, 172705/3], [249, 2355]]
"409887.a1"	409887	[1, -1, 1, 112, 1568]	[[28, 147], [-6, 28], [66, 508]]
"409893.a1"	409893	[0, -1, 1, -22775, 1324817]	[[75, 181], [-167, 665], [1321/4, 1299/4]]
"409926.a1"	409926	[1, 1, 0, 41, 841]	[[4, 31], [15, 64], [-17/2, 215/2]]
"409950.a1"	409950	[1, -1, 0, -1242, 16816]	[[14, 38], [-16, 188], [24, 8]]
"409952.a1"	409952	[0, -1, 0, -529, 5153]	[[-7, 92], [16, 23], [121/3, 460/3]]
"409989.a1"	409989	[1, 1, 1, -2733, 53922]	[[30, -7], [64, 350], [10, 161]]
"410032.a1"	410032	[0, 0, 0, -56203, 5473594]	[[-91, 3136], [805, 21952], [119, 686]]
"410032.j1"	410032	[0, -1, 0, -1192, 23696]	[[40, 196], [-16, 196], [82, 686]]
"410080.g1"	410080	[0, -1, 0, -241, 3041]	[[5, 44], [16, 55], [-17, 44]]
"410092.a1"	410092	[0, 1, 0, -13, 60]	[[1, 7], [-3, 9], [-5, 5]]
"410172.a1"	410172	[0, -1, 0, -3410, 48441]	[[8, 147], [71, 399], [204, 2793]]
"410189.a1"	410189	[0, 0, 1, -532, 4901]	[[39, 208], [73/3, 890/3], [11, 19]]
"410193.a1"	410193	[0, 0, 1, -11889, 498862]	[[62, 8], [28, 433], [64, 10]]
"410266.a1"	410266	[1, 0, 0, -234, 1444]	[[4, 22], [12, 14], [8, 6]]
"410344.a1"	410344	[0, 1, 0, -1508, 22045]	[[26, 33], [22, 1], [-18, 209]]
"410366.a1"	410366	[1, 0, 1, 157, 1182]	[[-1, 32], [63, 480], [127, 1376]]
"410376.a1"	410376	[0, -1, 0, -17, 309]	[[5, 18], [-7, 6], [-1, 18]]
"410430.f1"	410430	[1, 1, 1, -1466, 14663]	[[41, 139], [9, 43], [-23, 203]]
"410480.b1"	410480	[0, 0, 0, -7867, 263674]	[[73, 280], [3, 490], [38, 140]]
"410536.a1"	410536	[0, -1, 0, -2087, 54664]	[[57, 343], [-115/2, 2401/2], [449, 9457]]
"410536.b1"	410536	[0, -1, 0, 9, 112]	[[-3, 7], [4, 14], [1/3, 287/3]]
"410590.a1"	410590	[1, 0, 1, -713, 7656]	[[25, 62], [15, 12], [0, 87]]
"410628.b1"	410628	[0, -1, 0, -116, 264]	[[2, 6], [-10, 18], [-2, 22]]
"410669.a1"	410669	[0, -1, 1, -30450870, 64694120322]	[[754, 205334], [3219, 4190], [50025/4, 410637/4]]
"410669.a2"	410669	[0, -1, 1, 278500, 1857582]	[[4919, 346944], [3454/3, 346931/3], [159, 7080]]
"410720.a1"	410720	[0, 1, 0, -856, 9240]	[[14, 14], [6, 66], [19, 14]]
"410720.a2"	410720	[0, 1, 0, -6, 400]	[[9, 34], [-3, 20], [-6, 16]]
"410730.a1"	410730	[1, 1, 0, -118, 532]	[[4, 10], [12, 26], [7, 7]]
"410744.a1"	410744	[0, 1, 0, -68, 256]	[[6, 10], [4, 8], [0, 16]]
"410745.a1"	410745	[0, 1, 1, -43936, -1770584]	[[254, 1876], [4007, 253327], [-163, 1042]]
"410800.a1"	410800	[0, 1, 0, -179608, 29236788]	[[268, 650], [242, 52], [-382, 6500]]
"410800.a2"	410800	[0, 1, 0, -10608, 506788]	[[8, 650], [58, 300], [38, 400]]
"410870.a1"	410870	[1, 0, 0, -806, -7964]	[[-14, 32], [36, 82], [-12, 2]]
"410871.a1"	410871	[1, 1, 1, 10, 56]	[[-3, 4], [0, 7], [6, 16]]
"410893.b1"	410893	[0, -1, 1, -103, 376]	[[4, 3], [-10, 17], [-19/2, 213/2]]
"410894.b1"	410894	[1, 0, 0, 68, 1776]	[[34, 192], [-4, 40], [20, 96]]
"410898.b1"	410898	[1, 0, 1, -733, 7292]	[[1, 80], [19, 8], [28, 80]]
"410930.a1"	410930	[1, 0, 1, -4394, -59124]	[[-31, 233], [-42, 248], [78, 233]]
"410930.a2"	410930	[1, 0, 1, -2074, 35532]	[[13, 97], [45, 161], [-35, 273]]
"410930.b1"	410930	[1, 0, 1, -1198163, 504701406]	[[1675, 55712], [635, -448], [375, 10212]]
"410930.b2"	410930	[1, 0, 1, -1181343, 519563558]	[[769, 7740], [1451/2, 92795/2], [2719, 130590]]
"410962.a1"	410962	[1, 1, 0, -318, 2164]	[[12, 10], [-20, 42], [76/3, 238/3]]
"411010.a1"	411010	[1, 0, 1, -334, 132]	[[46, 264], [0, 11], [21, 39]]
"411045.a1"	411045	[0, -1, 1, -116, 536]	[[8, 7], [5, 7], [-2, 27]]
"411057.a1"	411057	[0, 0, 1, -144, 667]	[[7, 1], [5, 8], [25/2, 23/2]]
"411100.a1"	411100	[0, 1, 0, -358, 2913]	[[8, 25], [13, 25], [-12, 75]]
"411109.a1"	411109	[0, 0, 1, -9283, 344252]	[[61, 70], [108, 775], [217/2, 137/2]]
"411111.a1"	411111	[1, -1, 1, -1481, 33270]	[[-16, 237], [18, 101], [494, 10692]]
"411129.a1"	411129	[1, -1, 1, -92504, 10852084]	[[178, -40], [703/2, -689/2], [142, 680]]
"411300.d1"	411300	[0, 0, 0, -1425, 57625]	[[35, 225], [5, 225], [-15, 275]]
"411334.c1"	411334	[1, 0, 0, -2937, 56569]	[[-46, 331], [10, 163], [38, -5]]
"411360.d1"	411360	[0, -1, 0, -15985, 815617]	[[289, 4500], [89, 300], [39, 500]]
"411396.a1"	411396	[0, 1, 0, -725, 7284]	[[19, 27], [13, 15], [15, 3]]
"411440.a1"	411440	[0, 0, 0, -3568, 10492]	[[-46, 278], [66, 250], [1066, 34750]]
"411455.a1"	411455	[0, 1, 1, -30, 84]	[[1, 7], [6, 12], [-4, 12]]
"411470.c1"	411470	[1, 0, 0, -1311, 20185]	[[38, 141], [6, 109], [18, 41]]
"411554.a1"	411554	[1, -1, 0, -301, 7153]	[[9, 67], [152, 1783], [-13, 100]]
"411585.a1"	411585	[1, 1, 1, -116, -502]	[[-6, 7], [12, -2], [14, 22]]
"411585.c1"	411585	[1, 1, 0, -4013, 96222]	[[34, 6], [251/2, 2233/2], [143/2, -89/2]]
"411633.a1"	411633	[0, 0, 1, -156, -13014]	[[32, 121], [26, 22], [42, 233]]
"411725.a1"	411725	[1, 1, 1, -188, 3906]	[[0, 62], [25, 112], [100/3, 1399/3]]
"411792.a1"	411792	[0, -1, 0, -1880, 32016]	[[26, 6], [24, 12], [8, 132]]
"411792.f1"	411792	[0, -1, 0, 35724, -150768]	[[101, 2116], [933/2, 36501/2], [32, 1012]]
"411800.e1"	411800	[0, 0, 0, -655, -5550]	[[-15, 30], [-11, 18], [-19, 6]]
"411800.e2"	411800	[0, 0, 0, 70, -475]	[[10, 35], [25, 130], [14, 57]]
"411822.a1"	411822	[1, -1, 0, 459, 26001]	[[171, 2169], [4, 165], [9, 171]]
"411858.b1"	411858	[1, -1, 0, 390, 3572]	[[4, 70], [76, 646], [13, 97]]
"411957.b1"	411957	[1, -1, 1, -642002, 198154640]	[[462, -263], [336, 4336], [444, 475]]
"411957.b2"	411957	[1, -1, 1, -40037, 3117980]	[[42, 1207], [120, 115], [133, 297]]
"411985.a1"	411985	[1, -1, 1, -12, 186]	[[6, 14], [-1, 14], [20, 77]]
"411998.a1"	411998	[1, -1, 0, -41, 121]	[[4, 1], [6, 5], [0, 11]]
"412040.a1"	412040	[0, 1, 0, -236, 1264]	[[4, 20], [14, 30], [-6, 50]]
"412070.f1"	412070	[1, 0, 0, -551, 4681]	[[6, 37], [16, -3], [26, 77]]
"412122.a1"	412122	[1, 1, 0, -89, -321]	[[-7, 8], [11, 8], [47, 296]]
"412122.d1"	412122	[1, 1, 1, -422, 1955]	[[-15, 79], [21, 43], [3, 25]]
"412190.e1"	412190	[1, 0, 0, -6536, 202816]	[[48, -8], [46, -18], [40, 56]]
"412218.a1"	412218	[1, -1, 0, 1359, 52893]	[[114, 1239], [18, 279], [33, 348]]
"412267.a1"	412267	[0, -1, 1, 29, 103]	[[-1, 8], [1, 11], [-59/5, 439/5]]
"412338.d1"	412338	[1, 1, 1, -1602, 21327]	[[-5, 173], [33, 59], [49, 227]]
"412393.a1"	412393	[1, 1, 1, -8424, 7657942]	[[340, 6481], [56225/19, 21319262/19], [-190, 1658]]
"412476.e1"	412476	[0, 1, 0, -262, 2249]	[[8, 27], [-10, 63], [-19, 27]]
"412544.a1"	412544	[0, 0, 0, -70, 268]	[[-4, 22], [7, 11], [17/2, 55/2]]
"412568.a1"	412568	[0, 1, 0, -644, 6112]	[[18, 26], [14, 6], [6, 50]]
"412570.a1"	412570	[1, 0, 1, -24, 2]	[[-1, 5], [0, 1], [5, 1]]
"412570.b1"	412570	[1, 0, 1, -23728, 1294398]	[[49, 475], [124, 450], [71/2, 7425/2]]
"412599.a1"	412599	[0, 1, 1, -8712, 296480]	[[0, 544], [-99, 445], [66, 115]]
"412725.c1"	412725	[1, 0, 0, -413, 3942]	[[7, 34], [22, 64], [-18, 84]]
"412737.a1"	412737	[0, -1, 1, -170, 212]	[[-4, 28], [53, 370], [14, 19]]
"412775.b1"	412775	[1, 0, 0, -3383, 74932]	[[37, 9], [-7, 317], [31, -6]]
"412775.b2"	412775	[1, 0, 0, -358, -693]	[[-7, 42], [26, 75], [-13, 49]]
"412800.m1"	412800	[0, -1, 0, -2633, 58137]	[[-43, 300], [37, 100], [57, 300]]
"412863.a1"	412863	[0, -1, 1, -188, 1052]	[[7, 5], [10, 8], [3, 22]]
"412912.a1"	412912	[0, 1, 0, -152, -236]	[[-2, 8], [14, 24], [-4, 18]]
"412912.g1"	412912	[0, 0, 0, -296, 1356]	[[29, 131], [130/3, 262/3], [-15/2, 393/2]]
"413055.d1"	413055	[0, 0, 1, 132, 1773]	[[11, 67], [-1, 40], [17, 94]]
"413109.a1"	413109	[1, -1, 1, -119, 442]	[[4, 2], [1, 17], [10, 8]]
"413192.a1"	413192	[0, 0, 0, -79, -206]	[[-3, 2], [-7, 2], [-5, 8]]
"413231.b1"	413231	[0, 1, 1, -64407, -4490103]	[[287, 864], [1275, 44583], [-207, 123]]
"413231.b2"	413231	[0, 1, 1, -23777, 1402920]	[[90, 9], [166, 1434], [-176, 408]]
"413326.a1"	413326	[1, 0, 1, -379, 2778]	[[4, 34], [109/3, -250/3], [77, 618]]
"413363.a1"	413363	[1, 0, 0, -372, 2669]	[[52, 327], [115/3, 4/3], [7, 17]]
"413374.c1"	413374	[1, 1, 0, -16, 44]	[[2, 4], [4, 6], [-4, 10]]
"413413.c1"	413413	[1, -1, 1, 309, 1446]	[[2, 44], [30, 177], [184, 2410]]
"413470.b1"	413470	[1, 1, 0, -7382, 323026]	[[147, 1489], [-103, 114], [477/4, 22171/4]]
"413470.d1"	413470	[1, -1, 1, -1122, 26721]	[[1, 159], [-39, 119], [21, 99]]
"413507.a1"	413507	[0, 1, 1, -751, -8113]	[[-379/5, 469/5], [237/2, 3185/2], [-15, 1]]
"413544.a1"	413544	[0, -1, 0, -92, 441]	[[5, 9], [-4, 27], [0, 21]]
"413664.f1"	413664	[0, 1, 0, -977, 12639]	[[19, 36], [1, 108], [13, 48]]
"413762.c1"	413762	[1, -1, 1, -196, 1095]	[[9, -3], [1, 29], [15, 29]]
"413776.a1"	413776	[0, 0, 0, -499, 4594]	[[-7, 88], [15, 22], [81, 704]]
"413907.a1"	413907	[0, 1, 1, 156, -322]	[[3, 13], [12, 58], [21, 112]]
"414044.a1"	414044	[0, -1, 0, 18, 49]	[[-2, 1], [0, 7], [4, 13]]
"414048.k1"	414048	[0, 1, 0, -117137, 15382431]	[[187, 228], [130, 1539], [-269, 5244]]
"414198.e1"	414198	[1, -1, 1, -32, 1048515]	[[125, 1665], [-91, 585], [509, 11265]]
"414325.b1"	414325	[0, -1, 1, -183, -882]	[[-8, 2], [-27/2, 1/2], [-62/3, 44/3]]
"414338.b1"	414338	[1, 0, 0, -575, 3481]	[[6, 13], [-26, 45], [38, 173]]
"414348.c1"	414348	[0, -1, 0, -54141, 4882857]	[[131, 146], [-281/3, 69058/3], [2759, 144394]]
"414348.f1"	414348	[0, 1, 0, -37797, 4827879]	[[-15, 2322], [-150, 2673], [114, 1419]]
"414366.b1"	414366	[1, 1, 1, -67, -175]	[[-7, 6], [-5, 10], [-3, 4]]
"414366.d1"	414366	[1, 1, 1, -25846, 1586675]	[[97, 15], [-31, 1551], [49, 639]]
"414369.a1"	414369	[0, 0, 1, -246, -959]	[[23, 74], [-7, 20], [-13, 6]]
"414458.a1"	414458	[1, -1, 1, -3522, 81345]	[[33, -1], [41, 47], [65, 319]]
"414458.b1"	414458	[1, 1, 1, 37256, -2643015]	[[197, 3421], [549, 13277], [69, 477]]
"414460.b1"	414460	[0, 0, 0, -28837, 1944541]	[[357, 6095], [145, 901], [77, 425]]
"414468.a1"	414468	[0, 0, 0, -2919, -57026]	[[-33, 58], [83, 522], [-37, 18]]
"414486.a1"	414486	[1, -1, 0, 81, 1129]	[[-4, 29], [5, 38], [32, 173]]
"414498.g1"	414498	[1, 0, 1, -465, 1300]	[[-1, 42], [-22, 42], [-13, 78]]
"414523.a1"	414523	[0, 0, 1, -32, 76]	[[4, 3], [2, 4], [-2, 11]]
"414542.a1"	414542	[1, -1, 1, -1089, 14097]	[[19, -8], [21, 2], [11, 52]]
"414542.d1"	414542	[1, 1, 1, -6252, 60685]	[[173, 1961], [-83, 169], [77, 169]]
"414555.a1"	414555	[0, -1, 1, -306, 2162]	[[11, 2], [6, 22], [21, 67]]
"414574.a1"	414574	[1, -1, 0, -184, 1024]	[[8, 0], [0, 32], [-8, 48]]
"414576.e1"	414576	[0, 0, 0, -171, 746]	[[1, 24], [5, 4], [-11, 36]]
"414596.b1"	414596	[0, -1, 0, -749, 41209]	[[35, 238], [171, 2210], [15, 182]]
"414656.c1"	414656	[0, 0, 0, -148, 736]	[[6, 8], [10, 16], [8, 8]]
"414656.i1"	414656	[0, 1, 0, 991, -1985]	[[67, 608], [3, 32], [459/5, 18848/5]]
"414656.bc1"	414656	[0, 0, 0, 366868, 344875120]	[[1918, 90024], [1236, 51832], [35326/9, 17674712/9]]
"414659.a1"	414659	[0, 1, 1, -455, -2340]	[[-18, 18], [56, 388], [-103/4, 1189/4]]
"414690.h1"	414690	[1, 1, 0, -92012, 10704486]	[[177, -36], [175, -81], [1527, 57834]]
"414690.h2"	414690	[1, 1, 0, -5762, 164736]	[[62, 194], [50, 44], [47, -1]]
"414698.a1"	414698	[1, -1, 0, -1948, 33616]	[[8, 132], [25, -4], [83/2, 257/2]]
"414701.a1"	414701	[0, 0, 1, 8, -574]	[[18, 73], [8, 1], [10, 22]]
"414800.a1"	414800	[0, 1, 0, -408, 2788]	[[18, 40], [8, 10], [-22, 40]]
"414818.a1"	414818	[1, 0, 1, 23, 0]	[[1, 4], [3, 8], [0, 0]]
"414850.a1"	414850	[1, 0, 1, -26, 2448]	[[-3, 51], [-13, 31], [12, 56]]
"414850.b1"	414850	[1, -1, 0, -70067, 7156341]	[[134, 333], [149, 13], [99, 1038]]
"414903.a1"	414903	[0, 1, 1, -13232, 656642]	[[112, 769], [85, 391], [55, 313]]
"414953.a1"	414953	[0, -1, 1, -16252, 2424592]	[[-100, 1743], [-266/3, 45793/3], [-56, 1776]]
"414966.d1"	414966	[1, 1, 1, -128045, 17578211]	[[203, -56], [233, 562], [-73, 5188]]
"414966.d2"	414966	[1, 1, 1, -9005, 198371]	[[-43, 734], [3, 412], [-89, 596]]
"415010.a1"	415010	[1, -1, 0, -17669, 908433]	[[77, -36], [-28, 1189], [72, 39]]
"415038.i1"	415038	[1, 1, 1, -359329, 31011935]	[[11, 5196], [65, 2784], [-561, 7792]]
"415038.i2"	415038	[1, 1, 1, -292769, 60804191]	[[63, 6496], [-617, 2960], [423, 3376]]
"415104.k1"	415104	[0, 1, 0, -2195, 6549]	[[97, 846], [49, 138], [187, 2484]]
"415104.k2"	415104	[0, 1, 0, 8615, 60599]	[[47, 756], [11, 396], [74, 1053]]
"415116.b1"	415116	[0, 0, 0, -22584, 1332164]	[[196, 2106], [40, 702], [433/2, 3159/2]]
"415126.a1"	415126	[1, -1, 0, -37, 133]	[[2, 7], [6, 7], [-2, 15]]
"415156.a1"	415156	[0, 1, 0, -449, 3520]	[[13, 7], [-1, 63], [17, 33]]
"415160.c1"	415160	[0, -1, 0, -1616, 26716]	[[90, 776], [26, 40], [-7, 194]]
"415194.e1"	415194	[1, 0, 0, -10960, 1239296]	[[-64, 1328], [800, 22064], [98, 1004]]
"415251.e1"	415251	[0, 0, 1, -17658, -819673]	[[163, 795], [-2289/5, 21416/5], [-95, 21]]
"415291.a1"	415291	[1, 0, 0, -47, 124]	[[4, 0], [3, 2], [5, 2]]
"415296.p1"	415296	[0, 0, 0, -15804, 772784]	[[82, 168], [250, 3528], [-44, 1176]]
"415296.p2"	415296	[0, 0, 0, 54756, 3955824]	[[250, 5768], [456, 11124], [-1047/4, 19467/4]]
"415378.a1"	415378	[1, 0, 1, -2796, 58214]	[[44, 122], [27, 37], [-58, 190]]
"415428.b1"	415428	[0, 1, 0, -7677, 255231]	[[57, 78], [45, 54], [189/2, 117/2]]
"415460.a1"	415460	[0, 1, 0, 60, 2788]	[[-4, 50], [16, 90], [11, 70]]
"415558.d1"	415558	[1, 1, 1, -25944, 1767961]	[[133, 765], [517, 11005], [-187, 445]]
"415560.c1"	415560	[0, 1, 0, -2641, 40595]	[[-13, 270], [17, 30], [14, 81]]
"415614.a1"	415614	[1, 0, 1, -907, -8590]	[[-20, 50], [-11, 14], [34, -4]]
"415645.c1"	415645	[1, -1, 1, -5437, -244126]	[[107, 571], [147, 1381], [838/3, 4792/3]]
"415662.a1"	415662	[1, 1, 0, -1534, 23224]	[[30, 58], [103, 934], [-43, 131]]
"415870.b1"	415870	[1, -1, 0, -10624, 430468]	[[57, 59], [-48, 934], [407, 7759]]
"416046.e1"	416046	[1, 0, 0, -13900, 622736]	[[56, 116], [-88, 1124], [20, 584]]
"416075.c1"	416075	[1, 0, 0, -12938, 562867]	[[73, 57], [107, 584], [7, 684]]
"416075.c2"	416075	[1, 0, 0, -6063, 1160992]	[[-13, 1119], [-52, 1182], [76, 1030]]
"416142.e1"	416142	[1, -1, 1, -1022, 13965]	[[17, 27], [-7, 147], [29, 75]]
"416164.a1"	416164	[0, 1, 0, 86, 1137]	[[8, 49], [-6, 21], [57, 441]]
"416206.l1"	416206	[1, 0, 0, -565559, 162146473]	[[522, 2777], [228, 6599], [502, 1941]]
"416206.l2"	416206	[1, 0, 0, -63799, -2129751]	[[-122, 2021], [270, 453], [-38, 509]]
"416298.b1"	416298	[1, 1, 0, -790, 2068]	[[52, 298], [-29, 55], [36, 130]]
"416364.f1"	416364	[0, 1, 0, -8385, 289584]	[[21, 351], [60, 78], [75, 297]]
"416364.f2"	416364	[0, 1, 0, -1500, 757764]	[[60, 942], [-84, 546], [228, 3510]]
"416379.a1"	416379	[0, -1, 1, 19, -7]	[[1, 3], [7, 20], [13/2, 67/2]]
"416400.b1"	416400	[0, -1, 0, -208, 2512]	[[-8, 60], [12, 40], [52, 360]]
"416433.a1"	416433	[0, -1, 1, -244, 1560]	[[10, 4], [19, 58], [9, 3]]
"416448.o1"	416448	[0, 0, 0, -1596, 24496]	[[26, 24], [20, 24], [50, 264]]
"416517.a1"	416517	[0, 1, 1, -212, 230]	[[-2, 25], [1, 4], [15, 25]]
"416612.a1"	416612	[0, 1, 0, -190, 849]	[[12, 21], [-2, 35], [-16, 7]]
"416663.a1"	416663	[0, -1, 1, -66, 258]	[[4, 6], [-9, 6], [-8, 14]]
"416703.a1"	416703	[0, 1, 1, -56, 2]	[[-5, 13], [-2, 10], [-8, 1]]
"416704.a1"	416704	[0, 1, 0, -5529, -136793]	[[-37, 136], [99, 544], [167, 1904]]
"416704.a2"	416704	[0, 1, 0, 9791, -746529]	[[91, 952], [125, 1564], [59, 200]]
"416757.a1"	416757	[0, 1, 1, -14752, -557108]	[[-88, 259], [1205/2, 37883/2], [575, 13468]]
"416775.d1"	416775	[0, -1, 1, -333, -1807]	[[-13, 12], [-27/2, 71/2], [-9, 19]]
"416832.bb1"	416832	[0, 1, 0, -5377, 155039]	[[11, 312], [59, 216], [89, 624]]
"416864.a1"	416864	[0, -1, 0, -20861, 1166677]	[[71, 196], [92, 133], [333/2, 49/2]]
"416898.b1"	416898	[1, -1, 0, -1170, 17172]	[[9, 81], [28, 62], [4, 110]]
"416901.a1"	416901	[1, 1, 1, -79, -250]	[[-4, 6], [14, 33], [-25/2, 75/2]]
"416942.c1"	416942	[1, 0, 0, -442, 3684]	[[14, 10], [-20, 78], [48, 282]]
"416960.c1"	416960	[0, 1, 0, -5345, 82975]	[[-65, 400], [15, 80], [335, 6000]]
"416970.d1"	416970	[1, -1, 0, -990, -10040]	[[-19, 50], [62, 374], [-13, 29]]
"416970.j1"	416970	[1, -1, 0, -11889, 494545]	[[101, 512], [26, 437], [51, 112]]
"417024.k1"	417024	[0, 0, 0, -318, -736]	[[-5, 27], [22, 54], [19, 9]]
"417053.b1"	417053	[0, 0, 1, -6709, 211550]	[[41, 73], [48, 10], [46, 16]]
"417248.f1"	417248	[0, -1, 0, -42, 676]	[[10, 34], [-6, 26], [7, 26]]
"417251.a1"	417251	[0, -1, 1, -27, 72]	[[4, 3], [0, 8], [10, 26]]
"417352.a1"	417352	[0, 1, 0, -169, 507]	[[13, 26], [-13, 26], [39, 234]]
"417368.a1"	417368	[0, -1, 0, -124, -220]	[[-8, 14], [20, 70], [-4, 14]]
"417397.a1"	417397	[0, 0, 1, -263, -1288]	[[-10, 18], [-7, 14], [-53/3, 190/3]]
"417438.a1"	417438	[1, -1, 0, 387, 7749]	[[-6, 75], [10, 107], [-11, 51]]
"417444.a1"	417444	[0, -1, 0, -69, 270]	[[3, 9], [6, 6], [5, 5]]
"417491.a1"	417491	[0, 0, 1, -136, 611]	[[7, 1], [5, 7], [-13, 13]]
"417542.a1"	417542	[1, -1, 0, -8410, 299764]	[[60, 62], [44, 94], [52, 6]]
"417594.e1"	417594	[1, 1, 1, -1137, 13455]	[[31, 80], [15, 0], [23, 0]]
"417601.a1"	417601	[0, -1, 1, -20652, 1059240]	[[334, 5595], [55, 294], [-2841/5, 173398/5]]
"417707.a1"	417707	[0, 1, 1, 98, 2180]	[[25, 144], [-9, 25], [106/3, 1916/3]]
"417786.d1"	417786	[1, 0, 1, 106, -2392]	[[21, 85], [12, 19], [32, 168]]
"417824.a1"	417824	[0, 0, 0, -9265, 343708]	[[12, 484], [56, 22], [133, 1210]]
"417841.a1"	417841	[0, 1, 1, -4664, -10514]	[[83, 425], [-16, 245], [1217/4, 18135/4]]
"417937.a1"	417937	[1, 0, 0, 81, 298]	[[1, 19], [14, 58], [-17/3, 344/3]]
"418130.b1"	418130	[1, 0, 0, -406, 36]	[[-4, 42], [-20, 26], [76, 602]]
"418150.a1"	418150	[1, -1, 0, -502, 4456]	[[14, -2], [13, -6], [10, 14]]
"418166.h1"	418166	[1, 1, 1, -232, -183]	[[27, 105], [-7, 37], [-13, 35]]
"418174.a1"	418174	[1, 0, 0, -192, 4096]	[[0, 64], [16, 64], [32, 160]]
"418190.e1"	418190	[1, 0, 1, -5113, 140238]	[[34, 60], [-28, 525], [48, 53]]
"418190.e2"	418190	[1, 0, 1, -363, 1538]	[[4, 10], [-2, 48], [19, 30]]
"418196.a1"	418196	[0, 1, 0, -57, 136]	[[3, 1], [5, 1], [1, 9]]
"418262.a1"	418262	[1, -1, 0, -4228198, 3347479144]	[[20, 57112], [1203, 328], [1190, -452]]
"418293.a1"	418293	[1, -1, 1, 34, -278]	[[10, 26], [5, -2], [8, 17]]
"418302.g1"	418302	[1, -1, 1, -50864, 4430099]	[[21, 1825], [129, -11], [543/2, 371/2]]
"418342.c1"	418342	[1, 0, 0, 51, 3985]	[[2, 63], [-14, 31], [66, 511]]
"418400.e1"	418400	[0, -1, 0, -433, 3137]	[[17, 20], [7, 20], [-13, 80]]
"418539.a1"	418539	[1, 1, 1, -8291, 290060]	[[50, 35], [563/2, 10565/2], [-155/3, 17885/3]]
"418544.a1"	418544	[0, 1, 0, -301, -297]	[[23, 74], [-14, 37], [-17, 14]]
"418555.b1"	418555	[1, 0, 0, -520, -4263]	[[-11, 18], [-16, 3], [-13, 25]]
"418560.j1"	418560	[0, -1, 0, -15, 387]	[[9, 30], [-6, 15], [39, 240]]
"418829.a1"	418829	[1, 0, 0, -37, -84]	[[-3, 3], [-4, 4], [11, 24]]
"418848.a1"	418848	[0, -1, 0, -234, 1620]	[[18, 54], [-9, 54], [45/2, 135/2]]
"418894.a1"	418894	[1, 0, 0, -67, 321]	[[6, 9], [2, 13], [-10, 9]]
"418894.b1"	418894	[1, 0, 0, -294167, 61389289]	[[310, -43], [324, 181], [2230/3, 48791/3]]
"418933.a1"	418933	[1, 0, 1, 3, -31]	[[3, 1], [11, 31], [11/2, -5/2]]
"418938.a1"	418938	[1, 1, 0, -1397, 54765]	[[-7, 257], [-46, 179], [71, 530]]
"418944.q1"	418944	[0, 1, 0, -147, -99]	[[-3, 18], [15, 36], [-9, 24]]
"419038.a1"	419038	[1, 1, 1, -8337, 292975]	[[31, 240], [95, 560], [-65, 784]]
"419133.a1"	419133	[0, 1, 1, -6722, 210140]	[[43, 49], [61, 175], [1174/5, 1868/5]]
"419168.a1"	419168	[0, -1, 0, -97, -79]	[[-1, 4], [-5, 16], [11, 8]]
"419248.a1"	419248	[0, 1, 0, -248, 1444]	[[10, 8], [8, 6], [-2, 44]]
"419414.a1"	419414	[1, -1, 1, -69546, 7076841]	[[145, 87], [209, 1175], [161, 103]]
"419460.c1"	419460	[0, -1, 0, 1275, 50625]	[[75, 750], [-25, 50], [35, 370]]
"419723.a1"	419723	[0, 0, 1, -301, 2010]	[[10, 0], [9, 5], [11, 5]]
"419723.b1"	419723	[0, 0, 1, 57319, 2126812]	[[86, 2773], [301/5, 209799/5], [6923/11, 3147257/11]]
"419787.a1"	419787	[1, -1, 1, -41, 506]	[[0, 22], [-9, 13], [-6, 25]]
"419790.d1"	419790	[1, 1, 0, -997, 10609]	[[3, 86], [28, 61], [13, 1]]
"419818.a1"	419818	[1, 1, 0, -1890, 30856]	[[15, 71], [22, 12], [397/4, -951/4]]
"419872.a1"	419872	[0, 0, 0, -115, -458]	[[-7, 2], [-6, 4], [33, 178]]
"419941.a1"	419941	[0, 0, 1, -28, -48]	[[-2, 0], [-4, 0], [8, 15]]
"419986.b1"	419986	[1, 1, 0, -6709, -203959]	[[352, 6243], [-40, 69], [-500/3, -167/3]]
"419993.a1"	419993	[1, -1, 1, 3, 30]	[[0, 5], [-1, 5], [-2, 4]]
"420036.a1"	420036	[0, -1, 0, -2677, 54481]	[[27, 34], [31, 18], [67, 414]]
"420058.a1"	420058	[1, -1, 0, -41, 61]	[[6, -1], [-6, 11], [10, 19]]
"420072.j1"	420072	[0, 1, 0, -872, -1011]	[[-26, 69], [43, 207], [-35/2, 621/2]]
"420118.c1"	420118	[1, 0, 0, -411, 1489]	[[-2, 49], [30, 113], [-18, 65]]
"420130.a1"	420130	[1, 0, 1, -29, 36]	[[1, 2], [-1, 8], [5, 2]]
"420135.a1"	420135	[0, -1, 1, -2370, 45056]	[[-15, 277], [30, 7], [15, 112]]
"420149.a1"	420149	[0, 1, 1, -52, -160]	[[-4, 0], [-5, 0], [10, 20]]
"420156.a1"	420156	[0, 0, 0, -2172, 37465]	[[14, 99], [47, 198], [146, 1683]]
"420303.a1"	420303	[0, 1, 1, -34662, 2472500]	[[105, 40], [186, 1579], [-57, 2065]]
"420337.a1"	420337	[1, -1, 1, -52, 210]	[[6, 6], [4, 5], [0, 14]]
"420357.b1"	420357	[1, 1, 1, -354, 2070]	[[14, 3], [0, 45], [-21, 38]]
"420357.b2"	420357	[1, 1, 1, 591, 12276]	[[-6, 95], [68, 576], [-13, 57]]
"420390.p1"	420390	[1, -1, 1, -2918, 58357]	[[73, 443], [25, 11], [-47, 323]]
"420392.a1"	420392	[0, 0, 0, -199, 1066]	[[9, 2], [7, 4], [5, 14]]
"420469.a1"	420469	[1, 0, 0, 48, 181]	[[-3, 5], [4, 19], [-1, 12]]
"420489.a1"	420489	[0, 0, 1, -129, -11030]	[[85, 769], [28, 85], [47, 294]]
"420600.q1"	420600	[0, 1, 0, -7233, 224163]	[[3, 450], [63, 150], [-87, 450]]
"420602.a1"	420602	[1, -1, 0, -658, -2156]	[[-7, 49], [-20, 62], [188, 2454]]
"420656.d1"	420656	[0, -1, 0, -1816, 30464]	[[38, 122], [220/3, 244/3], [28, 28]]
"420665.d1"	420665	[1, 0, 0, -42190, 2854725]	[[-185, 2175], [1005, 30735], [172, 747]]
"420742.a1"	420742	[1, 1, 0, -1319, 11641]	[[-33, 160], [254, 3891], [9, 20]]
"420755.a1"	420755	[1, -1, 1, -333, 552]	[[68, 503], [-18, 30], [25, 73]]
"420761.a1"	420761	[0, 1, 1, -9630, 360558]	[[213/2, 315/2], [46, 130], [559/3, 2060/3]]
"420862.a1"	420862	[1, 0, 1, -68, -126]	[[-7, 7], [9, -1], [-6, 11]]
"420870.a1"	420870	[1, 1, 0, -292, -356]	[[-2, 16], [18, 16], [-7, 41]]
"420906.a1"	420906	[1, 1, 0, -14254, 648664]	[[60, 88], [-117, 914], [1, 796]]
"420936.a1"	420936	[0, -1, 0, -249, 1629]	[[9, 6], [3, 30], [11, 10]]
"420950.d1"	420950	[1, -1, 1, -405, 5997]	[[-1, 80], [19, 60], [-21, 80]]
"420952.a1"	420952	[0, 1, 0, -449, 1507]	[[19, 14], [-9, 70], [47, 294]]
"420996.a1"	420996	[0, -1, 0, -1829, 30753]	[[23, 18], [27, 18], [101/2, 45/2]]
"421059.a1"	421059	[1, 1, 1, -225, 996]	[[22, 74], [3, 17], [-16, 36]]
"421078.d1"	421078	[1, -1, 1, -1734, 15957]	[[-1, 133], [-39, 171], [265, 4123]]
"421128.a1"	421128	[0, 0, 0, 84, -76]	[[4, 18], [10, 42], [1, 3]]
"421212.f1"	421212	[0, 1, 0, -837, 2916]	[[-27, 81], [27, 27], [-9, 99]]
"421246.c1"	421246	[1, 0, 0, -179, 2785]	[[-2, 57], [26, 113], [12, 43]]
"421290.d1"	421290	[1, -1, 0, -1215, 16681]	[[23, 11], [20, -1], [18, 11]]
"421312.c1"	421312	[0, 1, 0, -9, 247]	[[-1, 16], [3, 16], [7, 24]]
"421390.a1"	421390	[1, 0, 1, -208, 306]	[[15, 17], [-10, 42], [0, 17]]
"421421.a1"	421421	[0, 1, 1, 608, -1830]	[[30, 210], [6, 45], [45, 344]]
"421421.h1"	421421	[1, 0, 1, -8555, 303825]	[[53, -23], [215/2, -175/2], [73, 227]]
"421442.b1"	421442	[1, 1, 1, -207, 1237]	[[7, 10], [-7, 52], [35, 178]]
"421509.a1"	421509	[0, 1, 1, -2234, 21512]	[[76, 544], [-23, 247], [54, 247]]
"421534.d1"	421534	[1, -1, 1, -306, 561]	[[1, 15], [17, -1], [33, 143]]
"421534.e1"	421534	[1, 1, 1, -2444, -12339]	[[67, 327], [-47, 61], [211/2, 545/2]]
"421755.b1"	421755	[0, -1, 1, -101, 407]	[[11, 22], [5, 1], [-1, 22]]
"421966.a1"	421966	[1, 0, 1, -27, 26]	[[1, 0], [5, 2], [-3, 10]]
"422008.c1"	422008	[0, -1, 0, -220, 4196]	[[100, 986], [-16, 58], [32, 170]]
"422037.a1"	422037	[0, 0, 1, -9849, 307242]	[[182, 2131], [84, 269], [-70, 808]]
"422080.a1"	422080	[0, 0, 0, -268, 592]	[[-14, 40], [2, 8], [-4, 40]]
"422094.c1"	422094	[1, 0, 1, -10799, 431030]	[[48, 130], [57, 10], [63, 10]]
"422199.a1"	422199	[1, -1, 1, -176, -754]	[[-8, 13], [30, 127], [-6, 10]]
"422234.b1"	422234	[1, -1, 0, 37447, 1420029]	[[383, 8284], [5006, 351927], [-9/2, 9255/2]]
"422247.a1"	422247	[1, 1, 1, 185, -184]	[[14, 66], [7/2, 87/2], [5, 27]]
"422247.b1"	422247	[1, 1, 1, -127516, 17473370]	[[209, -24], [5144/5, -12882/5], [614, 12774]]
"422275.a1"	422275	[0, 1, 1, -52858, 4716194]	[[152, 465], [-247, 1662], [133, 237]]
"422331.bc1"	422331	[0, -1, 1, -153001, 23885175]	[[35, 4309], [-407, 4309], [3433/4, 60301/4]]
"422347.a1"	422347	[0, -1, 1, -103, 160]	[[20, 75], [-10, 9], [169/4, 723/4]]
"422552.b1"	422552	[0, 1, 0, -8, 157]	[[-2, 13], [11, 39], [34/3, 377/3]]
"422565.b1"	422565	[0, -1, 1, -13120, 581688]	[[94, 412], [-71, 1072], [72, 71]]
"422616.a1"	422616	[0, -1, 0, -72, 81]	[[0, 9], [9, 9], [1, 3]]
"422670.a1"	422670	[1, 1, 0, -243, -1287]	[[19, 28], [-9, 21], [-8, 19]]
"422670.a2"	422670	[1, 1, 0, 507, -6837]	[[59, 453], [41, 271], [991/3, 30451/3]]
"422670.b1"	422670	[1, 1, 0, -7493, -251553]	[[111, 492], [381, 7047], [559/2, 9091/2]]
"422670.b2"	422670	[1, 1, 0, -743, 897]	[[-1, 41], [1, 12], [53, 311]]
"422679.a1"	422679	[0, -1, 1, -28, 30]	[[1, 1], [-5, 4], [0, 5]]
"422715.a1"	422715	[0, -1, 1, -970, 11556]	[[15, 12], [40, 187], [-35, 37]]
"422723.a1"	422723	[0, 0, 1, -833, -8318]	[[-14, 24], [35, 73], [-19, 25]]
"422762.d1"	422762	[1, 0, 1, -2435, 118690]	[[109, 1018], [-17, 402], [523/2, 10899/2]]
"422800.k1"	422800	[0, -1, 0, -3008, 74512]	[[32, 100], [132, 1400], [12, 200]]
"422876.a1"	422876	[0, -1, 0, -1362, 19801]	[[30, 71], [24, 19], [-41, 71]]
"422886.b1"	422886	[1, 0, 1, -19112, 1016246]	[[81, -5], [72, 85], [57, 307]]
"422968.a1"	422968	[0, 0, 0, -259, 679]	[[23, 83], [106, 1079], [2, 13]]
"423078.a1"	423078	[1, 1, 0, -1904, -29424]	[[-23, 65], [-28, 68], [84, 600]]
"423312.b1"	423312	[0, -1, 0, -189, 1089]	[[9, 6], [1, 30], [-15, 18]]
"423480.h1"	423480	[0, 1, 0, -996, 10080]	[[30, 90], [42, 210], [6, 66]]
"423480.h2"	423480	[0, 1, 0, 1704, 57600]	[[0, 240], [24, 336], [96, 1056]]
"423532.a1"	423532	[0, 0, 0, -32, 260]	[[4, 14], [-4, 18], [-8, 2]]
"423536.e1"	423536	[0, -1, 0, 48, 1984]	[[-8, 32], [24, 128], [120, 1312]]
"423558.a1"	423558	[1, -1, 0, -951, 11501]	[[10, 49], [19, -5], [46, 229]]
"423682.a1"	423682	[1, 0, 1, -2600, 50772]	[[30, -12], [-54, 212], [155/2, 583/2]]
"423694.c1"	423694	[1, -1, 0, -1292, 18204]	[[26, 28], [20, -2], [83/2, -63/2]]
"423702.d1"	423702	[1, -1, 1, -794, 5977]	[[1, 71], [25, 23], [49, 263]]
"423710.a1"	423710	[1, 0, 1, -5288, 146406]	[[30, 107], [65, 247], [45, -13]]
"423717.a1"	423717	[1, 1, 1, -25, 26]	[[1, 1], [4, 1], [-2, 9]]
"423777.a1"	423777	[0, 1, 1, -3684, 84728]	[[39, 43], [33, 13], [36, 7]]
"423785.a1"	423785	[0, 0, 1, 122, 1704]	[[46, 323], [89/4, 3203/4], [4, 47]]
"423800.g1"	423800	[0, -1, 0, -508, 11012]	[[2, 100], [52, 350], [22, 100]]
"423840.c1"	423840	[0, -1, 0, -966, 11916]	[[36, 150], [11, 50], [69/2, 75/2]]
"423860.a1"	423860	[0, 1, 0, -2285, -28817]	[[-39, 50], [61, 250], [161, 1950]]
"423872.a1"	423872	[0, 0, 0, 44, -224]	[[6, 16], [4, 4], [14, 56]]
"423956.c1"	423956	[0, 1, 0, -1396, -9084]	[[92, 806], [-12, 78], [-20, 106]]
"424026.d1"	424026	[1, -1, 1, -1247, 6855]	[[35, 54], [-13, 150], [-37, 54]]
"424069.a1"	424069	[0, -1, 1, -142, 700]	[[7, 0], [8, 3], [5, 9]]
"424086.d1"	424086	[1, 0, 1, -757, 8324]	[[16, 11], [-23, 128], [3, 76]]
"424146.d1"	424146	[1, 0, 1, -310, -340]	[[-8, 44], [19, 17], [-17, 17]]
"424230.c1"	424230	[1, 0, 1, -719, 5726]	[[33, 118], [6, 37], [-12, 118]]
"424254.c1"	424254	[1, 0, 1, -175, 902]	[[7, 2], [1, 26], [10, 8]]
"424309.b1"	424309	[1, -1, 1, -474, 3354]	[[-2, 66], [18, 11], [244/3, 2306/3]]
"424378.a1"	424378	[1, -1, 1, -13074, 578577]	[[71, 31], [65, -17], [205, 2443]]
"424384.a1"	424384	[0, 0, 0, -124, -176]	[[-2, 8], [-10, 8], [-4, 16]]
"424398.c1"	424398	[1, 1, 0, -890, 9876]	[[20, 14], [17, -4], [29, 83]]
"424430.d1"	424430	[1, 1, 1, -141, 259]	[[-1, 20], [19, 60], [-11, 30]]
"424503.a1"	424503	[0, 0, 1, -669, 6642]	[[14, 4], [17, 13], [23, 58]]
"424512.m1"	424512	[0, 0, 0, -11676, 466544]	[[-14, 792], [74, 88], [85, 297]]
"424512.m2"	424512	[0, 0, 0, 384, 27560]	[[22, 216], [41, 335], [49, 405]]
"424523.a1"	424523	[0, 0, 1, -466, 3887]	[[15, 16], [-7, 82], [19, 43]]
"424554.b1"	424554	[1, 1, 0, -344, 1296]	[[32, 140], [-7, 62], [19, 36]]
"424579.a1"	424579	[1, 1, 1, -34, -84]	[[-3, 2], [-4, 4], [-13/2, 25/2]]
"424656.d1"	424656	[0, 0, 0, -63, -146]	[[-3, 4], [9, 4], [-15/2, 49/2]]
"424710.b1"	424710	[1, -1, 0, -765, 9081]	[[3, 81], [12, 33], [25, 59]]
"424786.d1"	424786	[1, 0, 0, -429, 1873]	[[2, 31], [18, -1], [26, 79]]
"424914.g1"	424914	[1, 1, 1, -587, 6905]	[[15, 34], [-13, 118], [43, 230]]
"425117.a1"	425117	[0, -1, 1, -236, 10218]	[[-24, 38], [-19/2, 843/2], [207, 2964]]
"425130.a1"	425130	[1, 1, 0, -173, 477]	[[2, 11], [26, 107], [-14, 27]]
"425206.a1"	425206	[1, 0, 1, -156, 2090]	[[40, 225], [-131/3, 1165/3], [5, 35]]
"425241.a1"	425241	[0, 0, 1, -1146, 14940]	[[20, 4], [14, 40], [56, 355]]
"425310.c1"	425310	[1, 0, 1, -269, 1892]	[[6, 19], [-9, 64], [21, 64]]
"425325.b1"	425325	[0, 1, 1, -5508, 105644]	[[168, 1987], [18, 112], [93, 637]]
"425354.a1"	425354	[1, -1, 0, -254, 1624]	[[10, -2], [9, -2], [6, 14]]
"425430.c1"	425430	[1, -1, 0, -4650, -120890]	[[-39, 20], [1061, 33944], [1799/2, 73507/2]]
"425430.c2"	425430	[1, -1, 0, -300, -1700]	[[-9, 19], [-7, 8], [-12, 14]]
"425481.a1"	425481	[0, 1, 1, -152, 530]	[[10, 10], [-11, 31], [3, 10]]
"425510.a1"	425510	[1, 1, 0, -1533, 22537]	[[24, 5], [-44, 107], [126, 1297]]
"425543.a1"	425543	[1, 0, 0, -1654, 25623]	[[29, 33], [86, 679], [-9, 204]]
"425589.a1"	425589	[1, 0, 0, -568, -5047]	[[-13, 20], [-16, 5], [-61/2, 151/2]]
"425616.d1"	425616	[0, -1, 0, -5136, -138816]	[[-40, 32], [-38, 6], [88, 288]]
"425616.p1"	425616	[0, 1, 0, -12432, 529236]	[[60, 54], [66, 24], [90, 384]]
"425630.a1"	425630	[1, 1, 1, -30516, 2039413]	[[221, 2369], [97, 13], [121, 309]]
"425650.a1"	425650	[1, 0, 1, -726, 7448]	[[17, 1], [12, 16], [16, -8]]
"425655.a1"	425655	[0, 0, 1, -153, 758]	[[6, 7], [-9, 37], [9, 10]]
"425690.f1"	425690	[1, 0, 0, 59, 225]	[[-2, -9], [8, 31], [4, 21]]
"425697.b1"	425697	[1, 0, 0, -992, 12441]	[[7, 73], [25, 46], [-11, 154]]
"425760.l1"	425760	[0, 1, 0, -8481, 298575]	[[51, 36], [42, 135], [57, 60]]
"425774.a1"	425774	[1, 0, 1, -74, 228]	[[4, -1], [6, 0], [2, 8]]
"425797.a1"	425797	[0, -1, 1, -155, -693]	[[-7, 0], [-27/2, 1/2], [29, 135]]
"425800.c1"	425800	[0, -1, 0, -113, -203]	[[-3, 10], [17, 50], [-7, 14]]
"425816.b1"	425816	[0, -1, 0, -11721, 492877]	[[129, 1054], [-119, 434], [261/2, 323/2]]
"425831.a1"	425831	[1, 1, 1, -74, 600]	[[0, 24], [49, 318], [-6, 32]]
"425862.d1"	425862	[1, -1, 0, -1131, 14921]	[[19, -5], [22, 7], [20, -9]]
"425862.e1"	425862	[1, -1, 0, -2916, 61236]	[[27, 27], [54, 216], [-54, 270]]
"425870.a1"	425870	[1, -1, 0, -1025, -12339]	[[-18, 3], [38, 31], [-158/3, 337/3]]
"425904.c1"	425904	[0, -1, 0, -11224, 487648]	[[358, 6498], [-3, 722], [54, 190]]
"425985.b1"	425985	[0, -1, 1, -1860, 34256]	[[60, 367], [-45, 157], [-38, 220]]
"426010.g1"	426010	[1, 1, 1, -2221, 65379]	[[21, 158], [47, 236], [99, 860]]
"426039.a1"	426039	[0, -1, 1, -178, 930]	[[-9, 41], [85/3, 28/3], [74, 622]]
"426084.c1"	426084	[0, 1, 0, -485, 9564]	[[7, 81], [-20, 108], [25, 117]]
"426114.d1"	426114	[1, -1, 0, -198, 1156]	[[8, 2], [5, 14], [12, 14]]
"426207.a1"	426207	[1, 1, 0, -11061, 510396]	[[40, 346], [-145/2, 7587/2], [604/3, 6536/3]]
"426261.a1"	426261	[0, 1, 1, -4862, 98282]	[[22, 49], [-77, 148], [220, 3118]]
"426279.a1"	426279	[0, -1, 1, -462, 3932]	[[17, 26], [14, 3], [7, 31]]
"426293.a1"	426293	[1, 1, 1, 28, 72]	[[3, 12], [10, 33], [0, 8]]
"426335.c1"	426335	[1, 1, 1, 1484, 48774]	[[2, 226], [-12, 177], [93, 954]]
"426384.e1"	426384	[0, 0, 0, -531, 5490]	[[-3, 84], [21, 60], [39, 210]]
"426386.a1"	426386	[1, 0, 1, -6, 44]	[[-1, 7], [-3, 7], [2, 5]]
"426414.b1"	426414	[1, 0, 1, -172, 314]	[[13, 11], [1, 11], [-11, 35]]
"426432.u1"	426432	[0, 1, 0, -625, 14639]	[[-13, 144], [59, 432], [5, 108]]
"426440.a1"	426440	[0, 0, 0, -628, 6148]	[[14, 10], [16, 14], [9, 35]]
"426444.a1"	426444	[0, -1, 0, -90, 81]	[[0, 9], [18, 63], [-9, 9]]
"426474.c1"	426474	[1, -1, 0, -738, 2900]	[[-4, 78], [-23, 97], [53, 306]]
"426474.c2"	426474	[1, -1, 0, 2742, 20300]	[[7, 196], [25, 310], [199/2, 4019/2]]
"426483.c1"	426483	[1, -1, 1, -623, -5642]	[[-14, 20], [-16, 2], [148, 1694]]
"426498.g1"	426498	[1, 0, 1, -150, -518]	[[-4, 6], [14, 6], [-25/2, -87/2]]
"426498.j1"	426498	[1, 0, 0, -119927, 15935529]	[[214, 181], [178, 397], [142, 1261]]
"426575.a1"	426575	[0, 0, 1, -35, 106]	[[5, 7], [-5, 12], [10, 27]]
"426590.b1"	426590	[1, -1, 1, -18513, 973281]	[[25, 712], [-149, 712], [1125/4, 5693/4]]
"426656.a1"	426656	[0, -1, 0, -34, -52]	[[-2, 2], [-4, 2], [-11/2, 29/2]]
"426663.a1"	426663	[1, -1, 1, -248, 1640]	[[9, 4], [0, 40], [-18, 4]]
"426666.b1"	426666	[1, 1, 0, -13621, -2345]	[[-45, 745], [-11, 388], [-113, 388]]
"426666.b2"	426666	[1, 1, 0, -9391, 345361]	[[49, 52], [66, 103], [76, 241]]
"426702.a1"	426702	[1, 1, 0, -159, 711]	[[7, -2], [9, 6], [5, 6]]
"426702.e1"	426702	[1, 1, 1, -43147, 3590585]	[[131, 390], [-97, 2670], [587, 13158]]
"426723.a1"	426723	[0, -1, 1, 9954, 111800]	[[73, 1105], [810, 23215], [6984/5, 620123/5]]
"426732.d1"	426732	[0, 1, 0, -345, 5544]	[[-3, 81], [15, 63], [24, 108]]
"426754.a1"	426754	[1, -1, 0, -8863, 323389]	[[39, 170], [54, -19], [50, 33]]
"426819.b1"	426819	[1, 0, 0, -239, 1374]	[[13, 16], [10, -8], [7, 4]]
"426832.a1"	426832	[0, 0, 0, -307, 1090]	[[17, 28], [3, 14], [45, 280]]
"426866.b1"	426866	[1, 0, 0, -53040, 4700416]	[[96, 656], [-80, 2944], [162, 524]]
"426866.c1"	426866	[1, 0, 0, 1287, 14329]	[[26, 243], [-6, 83], [50, 427]]
"426923.a1"	426923	[0, 1, 1, 128, 470]	[[5, 35], [-26/3, 235/3], [1, 24]]
"426926.b1"	426926	[1, -1, 1, 336, 32019]	[[29, 241], [-3, 177], [93, 881]]
"426926.c1"	426926	[1, 1, 1, -736, 7905]	[[15, 15], [107, 1027], [-9/2, 787/2]]
"426940.a1"	426940	[0, 0, 0, -143, 342]	[[11, 10], [-9, 30], [-13, 2]]
"426944.e1"	426944	[0, 1, 0, -1233, 16207]	[[11, 64], [21, 4], [18, 13]]
"426944.e2"	426944	[0, 1, 0, -673, 31551]	[[11, 160], [-21, 192], [59, 448]]
"426975.a1"	426975	[0, -1, 1, 242, 918]	[[2, 37], [-3, 12], [47, 337]]
"426975.c1"	426975	[0, 1, 1, -70508, 7184144]	[[148, 112], [157, 94], [-77, 3487]]
"426976.a1"	426976	[0, 0, 0, 101, -146]	[[5, 22], [13, 58], [2, 8]]
"426990.a1"	426990	[1, 1, 0, -228, 2832]	[[32, 156], [16, 52], [-11, 70]]
"426990.g1"	426990	[1, 0, 1, 35151, 3446872]	[[161, 3564], [323, 6804], [26, 2079]]
"427015.a1"	427015	[0, -1, 1, -180, 1056]	[[10, 12], [0, 32], [-15, 12]]
"427024.d1"	427024	[0, 0, 0, -971, -5510]	[[-27, 32], [-17, 78], [37, 96]]
"427216.a1"	427216	[0, -1, 0, -181, -871]	[[-7, 2], [-8, 1], [-127/4, 103/4]]
"427266.n1"	427266	[1, -1, 1, -212, 14775]	[[17, 117], [-25, 75], [101, 957]]
"427274.a1"	427274	[1, -1, 1, -5241, 147225]	[[39, 12], [43, -20], [103, 780]]
"427287.a1"	427287	[1, 1, 1, -3651, 85422]	[[40, 53], [307/2, 3805/2], [262/3, 1480/3]]
"427300.c1"	427300	[0, -1, 0, -158, 817]	[[8, 1], [6, 7], [11, 17]]
"427346.a1"	427346	[1, 1, 0, 27, -521]	[[15, 52], [49, 324], [43/2, 229/2]]
"427346.b1"	427346	[1, 1, 1, -817, 11727]	[[-33, 80], [-1, 112], [15, 48]]
"427372.a1"	427372	[0, 1, 0, 15, 64]	[[-3, 1], [-1, 7], [1, 9]]
"427536.a1"	427536	[0, 0, 0, -867, 2050]	[[-19, 108], [-1, 54], [53, 324]]
"427536.g1"	427536	[0, 0, 0, -13611, 608474]	[[109, 648], [55, 162], [79, 162]]
"427587.a1"	427587	[0, 1, 1, -5629, 160693]	[[41, 22], [173/2, 23/2], [43, 1]]
"427594.b1"	427594	[1, 0, 1, -816, 8894]	[[17, -5], [16, -6], [169/3, 193/3]]
"427632.n1"	427632	[0, 1, 0, -1480, 29444]	[[14, 108], [-40, 162], [32, 126]]
"427632.s1"	427632	[0, 1, 0, -50336, 4319988]	[[-86, 2832], [106, 432], [91, 708]]
"427644.c1"	427644	[0, 0, 0, -1209, 20081]	[[-23, 189], [19, 63], [5, 119]]
"427650.k1"	427650	[1, 1, 1, -1563, 24681]	[[-5, 182], [35, 102], [19, 38]]
"427670.a1"	427670	[1, 0, 1, -64, 162]	[[1, 9], [6, -1], [3, -1]]
"427866.a1"	427866	[1, 1, 0, -5709, 152541]	[[-6, 435], [75, 354], [858, 24627]]
"427888.a1"	427888	[0, 1, 0, -20, 124]	[[6, 16], [-6, 8], [10, 32]]
"427888.c1"	427888	[0, 1, 0, -188, 940]	[[6, 8], [2, 24], [11, 18]]
"427915.c1"	427915	[0, 1, 1, -157095, -24014901]	[[-229, 57], [-38471/13, 90154/13], [1611, 62502]]
"427915.c2"	427915	[0, 1, 1, -4595, 72474]	[[-51/2, 2871/2], [16, 57], [-44, 437]]
"428002.b1"	428002	[1, 0, 0, 481, -64295]	[[102, 973], [38, 77], [358, 6605]]
"428010.c1"	428010	[1, 0, 1, -1349, 8372]	[[36, 64], [-30, 163], [3, 64]]
"428034.a1"	428034	[1, 0, 1, 20, 230]	[[-5, 5], [7, 23], [-2, 14]]
"428034.b1"	428034	[1, 0, 1, -50169, 4326748]	[[134, 54], [107, 378], [296, 3780]]
"428120.b1"	428120	[0, 0, 0, -14668, 680692]	[[62, 98], [-36, 1078], [41, 385]]
"428142.d1"	428142	[1, 1, 1, -33757, 2378675]	[[103, 36], [81, 388], [125, 300]]
"428197.a1"	428197	[0, 1, 1, -675988, 213723620]	[[463, 456], [9749/5, 386593/5], [3202, 175752]]
"428226.a1"	428226	[1, 1, 0, 1204, 11664]	[[-5, 77], [144, 1716], [0, 108]]
"428241.a1"	428241	[1, 1, 1, -20, 56]	[[3, 4], [0, 7], [-6, 4]]
"428275.a1"	428275	[1, -1, 1, -2230, 41272]	[[34, 45], [14, 105], [256/3, 40/3]]
"428282.b1"	428282	[1, 1, 1, -407, 1197]	[[-21, 42], [-5, 58], [3, 2]]
"428352.bg1"	428352	[0, 1, 0, -183649, 30203807]	[[47, 4656], [338, 2619], [1391, 49680]]
"428352.bg2"	428352	[0, 1, 0, -8689, 705551]	[[41, 648], [23, 720], [71, 672]]
"428374.a1"	428374	[1, 1, 0, -40, 92]	[[4, 2], [2, 4], [-2, 14]]
"428384.a1"	428384	[0, 1, 0, -30, 484]	[[-6, 22], [5, 22], [-35/2, 99/2]]
"428478.b1"	428478	[1, 0, 1, -215, 110]	[[-3, 28], [15, 10], [24, 82]]
"428556.a1"	428556	[0, 1, 0, -10417, 129776]	[[113, 639], [-67, 729], [1391, 51759]]
"428587.a1"	428587	[0, -1, 1, -2136, 38718]	[[27, 0], [109/2, 13/2], [6, 161]]
"428603.b1"	428603	[0, 0, 1, -10045, 387504]	[[56, 24], [58, 2], [-42, 857]]
"428630.a1"	428630	[1, -1, 0, -4414, 113848]	[[37, -6], [12, 244], [-38, 494]]
"428694.a1"	428694	[1, 1, 0, -158599, 24244741]	[[222, 85], [-2, 4957], [234, 1]]
"428712.b1"	428712	[0, 1, 0, -107, 114]	[[1, 3], [-11, 9], [-2, 18]]
"428780.a1"	428780	[0, 0, 0, -577, -1079]	[[47, 275], [-8, 55], [-13, 65]]
"428870.a1"	428870	[1, -1, 0, -115, 625]	[[-5, 35], [8, 9], [5, 10]]
"428894.a1"	428894	[1, 0, 1, -46, 144]	[[1, 9], [-3, 17], [9, 17]]
"429014.b1"	429014	[1, -1, 1, -711, 8511]	[[3, 78], [19, 30], [-29, 78]]
"429015.a1"	429015	[0, 1, 1, -1010, 1064]	[[-14, 112], [1, 7], [-29, 82]]
"429055.a1"	429055	[1, 0, 0, -10406, 407711]	[[59, -27], [529/3, -781/3], [941/4, -1877/4]]
"429074.a1"	429074	[1, -1, 0, -23, 35]	[[1, 3], [-1, 8], [-5, 5]]
"429077.b1"	429077	[0, 0, 1, -3452, 77786]	[[-6, 313], [32, 9], [686/5, 7566/5]]
"429088.f1"	429088	[0, 0, 0, -2249, 41084]	[[25, 22], [-8, 242], [31, 34]]
"429136.a1"	429136	[0, -1, 0, -192, 256]	[[0, 16], [16, 32], [64, 496]]
"429178.a1"	429178	[1, 1, 1, -72, 265]	[[5, 5], [1, 13], [7, 9]]
"429368.c1"	429368	[0, 0, 0, 37, -346]	[[7, 16], [10, 32], [14, 54]]
"429380.a1"	429380	[0, 0, 0, -1588, 24337]	[[24, 7], [31, 70], [-4, 175]]
"429387.b1"	429387	[1, 1, 1, -267, 1560]	[[10, -1], [1, 35], [28, 116]]
"429394.a1"	429394	[1, 1, 0, -182, 1060]	[[12, 22], [-16, 22], [-9, 50]]
"429455.a1"	429455	[0, 1, 1, -7090, 227744]	[[46, 32], [176, 2112], [98, 695]]
"429486.d1"	429486	[1, 0, 1, -3518, -75328]	[[105, 793], [-36, 88], [69, 73]]
"429486.e1"	429486	[1, 0, 1, -161712, 25016446]	[[233, -93], [923/2, -645/2], [266, 783]]
"429562.b1"	429562	[1, -1, 0, 7, 165]	[[-3, 12], [11, 33], [-1, 13]]
"429624.b1"	429624	[0, 0, 0, -4239, 110034]	[[-23, 442], [45, 102], [81, 546]]
"429630.f1"	429630	[1, 0, 1, -2518, 46508]	[[19, 65], [-11, 275], [79, 545]]
"429632.i1"	429632	[0, 1, 0, -8689, 307887]	[[37, 196], [58, 49], [2, 539]]
"429632.i2"	429632	[0, 1, 0, -4769, 590911]	[[-5, 784], [34, 685], [-54, 833]]
"429688.a1"	429688	[0, 0, 0, -3919, 94834]	[[45, 98], [17, 182], [143, 1568]]
"429698.a1"	429698	[1, 0, 0, 326, 1764]	[[20, 118], [4, 54], [0, 42]]
"429792.bb1"	429792	[0, 1, 0, -4209, 96831]	[[51, 132], [66, 333], [18, 165]]
"429792.bb2"	429792	[0, 1, 0, 246, 6840]	[[18, 132], [-6, 72], [-12, 48]]
"429798.a1"	429798	[1, 1, 0, -87, 405]	[[6, 9], [-2, 25], [3, 12]]
"429816.a1"	429816	[0, 1, 0, -1977, 32139]	[[3, 162], [21, 18], [30, 27]]
"429824.a1"	429824	[0, 1, 0, -179, -959]	[[-9, 2], [-8, 5], [200, 2829]]
"429824.a2"	429824	[0, 1, 0, 51, -3029]	[[21, 88], [45, 304], [38, 235]]
"429850.c1"	429850	[1, -1, 0, -2417, -44259]	[[-31, 3], [-30, 39], [-254/3, 1181/3]]
"429852.b1"	429852	[0, -1, 0, 26, -47]	[[2, 3], [6, 17], [3, 7]]
"429873.a1"	429873	[0, 1, 1, 13, 167]	[[1, 13], [-5, 1], [-3, 10]]
"430084.a1"	430084	[0, 0, 0, 73, 78]	[[-1, 2], [3, 18], [59, 458]]
"430094.b1"	430094	[1, 0, 1, 45, 2]	[[1, 6], [0, 1], [5, 16]]
"430115.a1"	430115	[0, 1, 1, -36, -24]	[[-1, 3], [6, 3], [-4, 8]]
"430160.a1"	430160	[0, 1, 0, -936, 11764]	[[-18, 152], [14, 40], [20, 38]]
"430208.a1"	430208	[0, 1, 0, -221, 1243]	[[9, 8], [1, 32], [6, 13]]
"430243.a1"	430243	[1, 1, 0, -16, 101]	[[-4, 13], [4, 9], [20, 81]]
"430308.a1"	430308	[0, 0, 0, 36, -71]	[[2, 3], [8, 27], [3, 8]]
"430336.d1"	430336	[0, 0, 0, -82, 0]	[[-8, 12], [-1, 9], [-9, 3]]
"430336.d2"	430336	[0, 0, 0, 328, 0]	[[8, 56], [32, 208], [200, 2840]]
"430362.f1"	430362	[1, -1, 1, -6116, 185991]	[[41, 33], [47, 3], [-13, 519]]
"430368.a1"	430368	[0, -1, 0, 30, 36]	[[0, 6], [3, 12], [-1, 2]]
"430419.a1"	430419	[1, 1, 1, -715, -7474]	[[-16, -6], [38, 129], [-283/4, 237/4]]
"430458.a1"	430458	[1, 1, 0, -661, -5015]	[[48, 253], [62, 413], [-15, 50]]
"430458.a2"	430458	[1, 1, 0, -241, 1285]	[[3, 23], [6, 7], [7, -5]]
"430480.a1"	430480	[0, 0, 0, -163, -62]	[[-11, 20], [-1, 10], [-3, 20]]
"430548.e1"	430548	[0, 1, 0, -389, 2772]	[[13, 9], [7, 21], [19, 51]]
"430618.a1"	430618	[1, -1, 1, 36, 2847]	[[-11, 37], [5, 53], [21, 101]]
"430725.a1"	430725	[1, 1, 1, -633, 5886]	[[16, 5], [-11, 113], [229/4, -193/4]]
"430938.b1"	430938	[1, -1, 0, 1548, 19440]	[[-3, 123], [159, 1986], [9, 180]]
"430938.f1"	430938	[1, -1, 1, -3272, 131595]	[[-19, 441], [77, 537], [269, 4185]]
"430987.c1"	430987	[0, 1, 1, 17, 23]	[[-1, 2], [1, 6], [23, 114]]
"431013.a1"	431013	[1, 0, 0, -112, 701]	[[-4, 35], [29, 134], [7, 13]]
"431039.a1"	431039	[1, 1, 1, 14, 30]	[[-1, 4], [0, 5], [3/2, 45/2]]
"431039.c1"	431039	[1, 0, 1, -4070, 4272955]	[[1285/4, 132645/4], [1051/2, 35919/2], [367, 7044]]
"431134.b1"	431134	[1, 0, 1, -261042, 51310916]	[[301, 25], [2533/3, 6835/3], [-579, 3193]]
"431135.e1"	431135	[0, 1, 1, -521241, 144800226]	[[422, 407], [221/2, 86223/2], [24264/7, 991439/7]]
"431135.e2"	431135	[0, 1, 1, 7759, 899001]	[[1027, 33062], [-31, 793], [277, 4937]]
"431139.a1"	431139	[1, 1, 1, -223, 1190]	[[8, -3], [11, 9], [35/2, -15/2]]
"431158.h1"	431158	[1, -1, 1, -76449, -3020943]	[[479, 8132], [-73, 1508], [2871, 151652]]
"431260.a1"	431260	[0, 0, 0, -112, 841]	[[2, 25], [12, 35], [-8, 35]]
"431266.a1"	431266	[1, -1, 1, -87, 495]	[[3, 14], [11, 22], [7, 10]]
"431272.a1"	431272	[0, 1, 0, -803497, 276952251]	[[518, 31], [363, 5766], [517, 2]]
"431272.b1"	431272	[0, 1, 0, 108, 1849]	[[-4, 37], [144, 1739], [0, 43]]
"431313.a1"	431313	[0, -1, 1, -14, 170]	[[-1, 13], [8, 22], [17, 67]]
"431352.a1"	431352	[0, 0, 0, 189, 675]	[[-3, 9], [6, 45], [69, 585]]
"431528.a1"	431528	[0, 1, 0, -8559, 301942]	[[53, 1], [49, 51], [1361/5, 2159/5]]
"431550.bd1"	431550	[1, -1, 0, -4317, 116441]	[[64, 283], [-41, 493], [274, 4273]]
"431610.b1"	431610	[1, 0, 1, -1074, 12616]	[[8, 63], [23, 3], [35, 117]]
"431613.a1"	431613	[1, -1, 1, -8298572, 9203360150]	[[4158, 213727], [1506, 10186], [-1809, 136156]]
"431613.a2"	431613	[1, -1, 1, -8077487, 9716719520]	[[4668, 269164], [612, 70420], [1914, 34615]]
"431614.a1"	431614	[1, 0, 1, -139, 498]	[[-6, 36], [61, 438], [43/2, 87/2]]
"431623.a1"	431623	[1, -1, 1, -2267277, 1314595320]	[[585, 13425], [870, -426], [-859, 51691]]
"431623.b1"	431623	[1, -1, 1, -51, 30]	[[-6, 12], [13, 31], [-5/2, 77/2]]
"431644.b1"	431644	[0, -1, 0, 3619, -3398]	[[374, 7316], [2, 62], [497/4, 23777/4]]
"431757.b1"	431757	[0, 0, 1, -300, -1998]	[[-10, 1], [-39/2, 1/2], [-92/3, 10/3]]
"431770.a1"	431770	[1, 0, 0, 29, 3201]	[[6, 57], [46, 297], [-14, 17]]
"431784.b1"	431784	[0, 0, 0, -156, -524]	[[-10, 6], [-4, 6], [-6, 14]]
"431799.a1"	431799	[1, 1, 1, -624, 5742]	[[16, 5], [14, -6], [55/2, -41/2]]
"431830.e1"	431830	[1, 0, 1, -322683, 70488668]	[[314, 230], [-126, 10510], [252, 2152]]
"431830.e2"	431830	[1, 0, 1, -16433, 1521168]	[[154, 1550], [1239, 42780], [14, 1130]]
"431840.c1"	431840	[0, -1, 0, -2766, 56980]	[[-2, 250], [117/2, 125/2], [123, 1250]]
"431910.h1"	431910	[1, -1, 1, -2408, 44331]	[[5, 177], [35, 27], [-55, 117]]
"431977.a1"	431977	[1, 1, 1, 23030, 59220576]	[[2193, 102162], [360, 10512], [10136, 1015607]]
"432016.c1"	432016	[0, 1, 0, -13, 2535]	[[11, 62], [-13, 26], [42, 279]]
"432102.a1"	432102	[1, 1, 0, -51, 189]	[[6, 9], [-6, 21], [2, 9]]
"432114.a1"	432114	[1, 1, 0, -1, 109]	[[1, 10], [-5, 7], [7, 19]]
"432114.c1"	432114	[1, 1, 1, -25999, 1602965]	[[91, -14], [155, 1074], [99, 58]]
"432134.a1"	432134	[1, 0, 1, -30448, 2042382]	[[925/3, -403/3], [101, -45], [-119, 2055]]
"432170.a1"	432170	[1, -1, 0, -364, 3520]	[[4, 44], [-19, 67], [96, 872]]
"432197.a1"	432197	[0, 1, 1, -24, -42]	[[-2, 1], [-3, 3], [-4, 2]]
"432231.a1"	432231	[0, -1, 1, -52, -30]	[[-3, 9], [-1, 4], [35, 199]]
"432232.a1"	432232	[0, 1, 0, -97, 291]	[[3, 6], [7, 2], [1, 14]]
"432278.g1"	432278	[1, 0, 0, -736324, 243131664]	[[494, -198], [480, 348], [496, -268]]
"432278.g2"	432278	[1, 0, 0, -46404, 3729424]	[[60, 1048], [104, 124], [-136, 2812]]
"432304.a1"	432304	[0, 0, 0, -475, 4234]	[[13, 16], [-19, 80], [45, 272]]
"432326.a1"	432326	[1, -1, 0, -232, 1408]	[[8, 0], [16, 32], [-8, 56]]
"432326.b1"	432326	[1, 1, 0, -1212, 1300]	[[58, 332], [-18, 142], [-53/2, -935/2]]
"432334.a1"	432334	[1, 0, 0, -160, 1536]	[[16, 48], [-12, 48], [2, 34]]
"432360.a1"	432360	[0, 0, 0, -3423, 76322]	[[1, 270], [37, 18], [41, 70]]
"432360.a2"	432360	[0, 0, 0, -723, 193502]	[[19, 432], [-53, 288], [-13, 448]]
"432376.a1"	432376	[0, 1, 0, -72, 181]	[[2, 7], [-5, 21], [3, 1]]
"432441.c1"	432441	[0, 0, 1, 18, 46]	[[-2, 1], [4, 13], [8, 26]]
"432498.d1"	432498	[1, 0, 1, -3033, 67312]	[[101, 840], [20, 111], [2, 246]]
"432761.a1"	432761	[1, 1, 1, -56522, 5148690]	[[138, -45], [142, 34], [11080/9, -45055/9]]
"432786.d1"	432786	[1, 0, 1, 302, 10712]	[[10, 116], [-17, 35], [91, 845]]
"432786.e1"	432786	[1, 0, 1, -2925, 59320]	[[47, 138], [20, 84], [35, -6]]
"432786.f1"	432786	[1, 0, 1, -196154, 33282668]	[[276, 295], [2773/3, 35131/3], [-1497/2, 60449/2]]
"432804.a1"	432804	[0, 1, 0, -85, 1004]	[[5, 27], [-13, 9], [-4, 36]]
"432814.b1"	432814	[1, 0, 0, -972, 13456]	[[56, 340], [10, 64], [-36, 64]]
"432814.b2"	432814	[1, 0, 0, 6788, -71904]	[[152, 2040], [14, 154], [355/2, 8523/2]]
"432834.b1"	432834	[1, 0, 1, -1007, 12206]	[[18, -8], [21, 10], [12, 37]]
"432876.c1"	432876	[0, 1, 0, -730, 7289]	[[8, 45], [14, 3], [17, 9]]
"432880.b1"	432880	[0, 0, 0, -1027, 6946]	[[37, 140], [-3, 100], [7, 10]]
"432941.a1"	432941	[1, 0, 0, -22, 49]	[[3, 2], [0, 7], [-3, 11]]
"432942.e1"	432942	[1, 1, 1, -11170, 449711]	[[47, 153], [65, 27], [59, -9]]
"432955.b1"	432955	[0, 1, 1, -251, 2296]	[[-62/3, 1639/3], [140, 1652], [257/4, 3273/4]]
"432978.e1"	432978	[1, 1, 0, -1641, -11175]	[[-22, 133], [-25, 135], [100, 865]]
"432978.e2"	432978	[1, 1, 0, -861, 9261]	[[14, 7], [21, 21], [15, -9]]
"433014.c1"	433014	[1, 1, 0, -503, 3909]	[[2, 53], [29, 107], [-25, 53]]
"433216.g1"	433216	[0, 0, 0, -908, 198896]	[[-2, 448], [446, 9408], [68, 672]]
"433243.b1"	433243	[1, -1, 1, 14, 20]	[[-1, 2], [0, 4], [20, 79]]
"433280.g1"	433280	[0, -1, 0, -2221, 41045]	[[23, 40], [28, 5], [247/3, 80/3]]
"433344.b1"	433344	[0, -1, 0, -305, 3441]	[[-7, 72], [11, 36], [65, 504]]
"433344.j1"	433344	[0, -1, 0, -2137121, 1244531649]	[[715, 9028], [6205, 476288], [-1603, 23424]]
"433352.a1"	433352	[0, 0, 0, -164, 1124]	[[-2, 38], [17, 57], [-10, 42]]
"433384.a1"	433384	[0, 1, 0, -385, 2499]	[[7, 14], [-7, 70], [-21, 42]]
"433410.e1"	433410	[1, 1, 1, -5510, 128387]	[[17, 191], [-63, 511], [417, 8191]]
"433504.c1"	433504	[0, -1, 0, -41809, 3352385]	[[31, 1444], [107, 304], [221, 2204]]
"433542.a1"	433542	[1, 1, 0, -902, 8100]	[[104, 974], [-4, 110], [28, 62]]
"433557.a1"	433557	[1, -1, 1, -86, -88]	[[-6, 16], [12, 16], [-2, 9]]
"433608.a1"	433608	[0, -1, 0, -817, 7189]	[[25, 42], [-3, 98], [-31, 42]]
"433638.d1"	433638	[1, -1, 0, -4815, 129789]	[[42, -3], [39, -6], [183/2, 303/2]]
"433638.g1"	433638	[1, -1, 1, -12569, 448377]	[[167, 1644], [-25, 876], [95, 276]]
"433654.e1"	433654	[1, 1, 1, -5379, 156385]	[[67, 286], [-61, 542], [19, 238]]
"433686.n1"	433686	[1, 0, 0, -13245, 606321]	[[138, 1119], [30, 471], [-78, 1119]]
"433752.g1"	433752	[0, 1, 0, -5665, 164579]	[[47, 66], [41, 54], [14, 297]]
"433776.h1"	433776	[0, -1, 0, -5272, 156976]	[[-20, 504], [106, 882], [52, 144]]
"433786.a1"	433786	[1, -1, 0, -797, 8873]	[[28, 75], [16, -3], [344/5, 1543/5]]
"433845.a1"	433845	[0, 0, 1, -37947, 1666120]	[[-92, 2092], [43, 337], [-32, 1687]]
"433914.c1"	433914	[1, 1, 1, -807, -8835]	[[-17, 26], [-15, -6], [-19, 0]]
"433916.a1"	433916	[0, -1, 0, 100, -584]	[[6, 14], [14, 58], [18, 82]]
"433918.c1"	433918	[1, -1, 1, -11946, 506601]	[[61, 15], [65, 7], [15, 567]]
"433974.e1"	433974	[1, 0, 1, -1105, 12560]	[[25, 14], [-2, 122], [79, 608]]
"433974.g1"	433974	[1, 0, 1, -290164, -56671630]	[[2017, 85967], [-287, 1871], [-332, 1925]]
"434048.a1"	434048	[0, 0, 0, -58, -164]	[[-4, 2], [-5, 1], [11, 23]]
"434048.e1"	434048	[0, -1, 0, -111, 487]	[[7, 2], [6, 1], [-9, 26]]
"434070.a1"	434070	[1, -1, 0, -43650, 3521070]	[[81, 675], [121, -60], [127, 54]]
"434070.a2"	434070	[1, -1, 0, -2700, 56700]	[[45, 135], [31, 30], [57, 264]]
"434078.g1"	434078	[1, 0, 0, -465, -2519]	[[-10, 39], [58, 379], [24, 5]]
"434137.b1"	434137	[1, 0, 1, -492, -3231]	[[123, 1280], [-9, 26], [-69/2, 175/2]]
"434153.a1"	434153	[1, 1, 1, -4, 30]	[[0, 5], [-3, 6], [-4, 2]]
"434208.b1"	434208	[0, -1, 0, 22, 60]	[[-1, 6], [-2, 2], [4, 14]]
"434224.c1"	434224	[0, -1, 0, -264, 1600]	[[6, 14], [-8, 56], [13, 14]]
"434234.a1"	434234	[1, 0, 0, -44, 208]	[[4, 8], [-4, 20], [-8, 12]]
"434420.a1"	434420	[0, 1, 0, -6881, 186400]	[[27, 145], [-31, 609], [-89, 319]]
"434420.a2"	434420	[0, 1, 0, 11844, 1040260]	[[-36, 754], [196, 3306], [3444, 202246]]
"434421.a1"	434421	[1, -1, 1, -9887, 345890]	[[33, 217], [78, 172], [85, 295]]
"434421.a2"	434421	[1, -1, 1, 778, 25940]	[[6, 172], [123, 1342], [-12, 127]]
"434450.a1"	434450	[1, -1, 0, -8692, 313966]	[[49, 38], [211/2, -311/2], [71/2, 3179/2]]
"434450.e1"	434450	[1, -1, 1, -2490, 31737]	[[49, 135], [-15, 263], [-47, 231]]
"434475.g1"	434475	[0, 0, 1, -30900, 2090781]	[[95, 112], [101, 13], [155, 1012]]
"434616.a1"	434616	[0, -1, 0, -1225, 17101]	[[21, 14], [19, 18], [28, 63]]
"434760.b1"	434760	[0, 1, 0, -2201, 37515]	[[37, 90], [19, 54], [127, 1350]]
"434830.a1"	434830	[1, -1, 0, -385, 3025]	[[0, 55], [11, 0], [55/2, 55/2]]
"434894.a1"	434894	[1, 0, 1, -1633, 25252]	[[23, -10], [20, 16], [223/3, 2/3]]
"434946.b1"	434946	[1, 1, 0, -4, 76]	[[-2, 10], [4, 10], [-5, 4]]
"434948.a1"	434948	[0, -1, 0, -9565, 363881]	[[59, 38], [211, 2774], [607/3, 3914/3]]
"434995.a1"	434995	[0, 1, 1, -370, 2624]	[[11, 2], [16, 32], [1, 47]]
"434995.b1"	434995	[0, 0, 1, 26983, 5180282]	[[-33, 2062], [467, 10937], [-7/2, 18121/2]]
"435048.a1"	435048	[0, 1, 0, -340, 3584]	[[2, 54], [20, 72], [-16, 72]]
"435115.a1"	435115	[0, 1, 1, -6, 30]	[[0, 5], [2, 5], [-4, 2]]
"435115.d1"	435115	[0, 0, 1, 3118, -7575]	[[3, 42], [13, 187], [367/3, 11674/3]]
"435116.d1"	435116	[0, 1, 0, -18069, -824969]	[[-70, 319], [1525, 59334], [249, 3190]]
"435165.c1"	435165	[0, 1, 1, 739, 13895]	[[-5, 100], [-11, 67], [129, 1507]]
"435195.c1"	435195	[1, -1, 1, -6353, 191356]	[[110, 847], [-80, 467], [155/2, 221/2]]
"435198.a1"	435198	[1, 0, 1, 1415, -7348]	[[7, 50], [34, 266], [16, 131]]
"435318.f1"	435318	[1, 1, 1, -1727, 28325]	[[15, 70], [27, 34], [171, 2098]]
"435342.m1"	435342	[1, 1, 1, 18453, -274983]	[[163, 2582], [55, 926], [19, 278]]
"435366.a1"	435366	[1, -1, 0, -2034, 35424]	[[30, 12], [21, 30], [48, 192]]
"435366.a2"	435366	[1, -1, 0, -324, 91854]	[[3, 300], [-33, 273], [135, 1512]]
"435414.y1"	435414	[1, 1, 1, -1142, 14195]	[[-15, 175], [13, 35], [27, 49]]
"435468.d1"	435468	[0, 1, 0, -690, 6489]	[[-24, 99], [9, 33], [12, 9]]
"435477.a1"	435477	[1, 0, 0, -132, 2331]	[[-15, 39], [6, 39], [-6, 57]]
"435560.a1"	435560	[0, 1, 0, -216, 1045]	[[2, 25], [27, 125], [14, 31]]
"435734.a1"	435734	[1, 0, 1, -47, 126]	[[3, 2], [5, 2], [1, 8]]
"435735.a1"	435735	[0, 0, 1, -93, 1948]	[[16, 67], [-14, 22], [-11, 40]]
"435950.a1"	435950	[1, -1, 0, -247, 1561]	[[9, -2], [4, 23], [10, -1]]
"436020.d1"	436020	[0, -1, 0, -6985, 240850]	[[35, 195], [295, 4875], [-30, 650]]
"436025.c1"	436025	[0, 1, 1, -20333, 1109244]	[[92, 160], [-122, 1337], [82, 5]]
"436096.a1"	436096	[0, 0, 0, -308, 2096]	[[10, 4], [8, 12], [26, 108]]
"436140.b1"	436140	[0, 0, 0, -813, 58237]	[[11, 225], [161, 2025], [-1, 243]]
"436208.d1"	436208	[0, -1, 0, -104, 688]	[[-4, 32], [12, 32], [-12, 8]]
"436247.a1"	436247	[0, 1, 1, -4818, 139878]	[[93, 710], [51, 171], [-47, 514]]
"436278.c1"	436278	[1, 0, 1, -21415, 1204742]	[[-14, 1232], [81, 16], [691/3, 2218/3]]
"436304.a1"	436304	[0, 1, 0, -324640, 71105364]	[[-28, 8954], [342, 444], [335, 242]]
"436305.d1"	436305	[1, 1, 1, -696, 4464]	[[-2, 77], [32, 111], [151, 1760]]
"436305.d2"	436305	[1, 1, 1, 1959, 33138]	[[6, 209], [-11, 107], [57, 549]]
"436345.a1"	436345	[1, 0, 0, -196491, 33569836]	[[123, 3295], [4845/4, 77579/4], [9223/6, 26035/6]]
"436368.a1"	436368	[0, -1, 0, -144, 288]	[[12, 12], [-12, 12], [-4, 28]]
"436376.a1"	436376	[0, 1, 0, 47, 147]	[[-1, 10], [3, 18], [11, 46]]
"436407.a1"	436407	[0, -1, 1, -150, 722]	[[5, 8], [-12, 25], [6, 1]]
"436416.n1"	436416	[0, 1, 0, -897, -5121]	[[-9, 48], [39, 144], [-25, 48]]
"436434.a1"	436434	[1, 0, 1, -223, -418]	[[-11, 32], [-2, 5], [16, 5]]
"436438.c1"	436438	[1, 1, 0, -10706, 421940]	[[52, 70], [532/3, -734/3], [235/2, -175/2]]
"436460.a1"	436460	[0, 0, 0, -16912, 861316]	[[-48, 1250], [77, 125], [72, 130]]
"436474.a1"	436474	[1, 0, 1, -487, 4074]	[[7, 28], [23, 60], [-9, 92]]
"436475.c1"	436475	[0, -1, 1, -8, 26418]	[[2, 162], [27, 212], [-7, 161]]
"436592.c1"	436592	[0, 0, 0, -179, -94]	[[-5, 26], [-13, 6], [19, 58]]
"436624.a1"	436624	[0, 0, 0, -379, 2794]	[[13, 8], [5, 32], [21, 64]]
"436624.i1"	436624	[0, 1, 0, -4816, -52844]	[[162, 1856], [-12, 58], [-137/3, 3538/3]]
"436632.d1"	436632	[0, 1, 0, -101417, 12409851]	[[325, 3726], [118, 1449], [163, 486]]
"436688.b1"	436688	[0, 0, 0, -1519, 28126]	[[-7, 196], [42, 196], [14, 98]]
"436715.a1"	436715	[1, 1, 1, -191, 888]	[[16, 39], [-3, 39], [49/3, 103/3]]
"436734.a1"	436734	[1, -1, 0, -13551, 411181]	[[-34, 929], [1182, 39841], [-914/3, 24475/3]]
"436734.c1"	436734	[1, -1, 0, -630, 5872]	[[11, 8], [-16, 116], [38, 170]]
"436737.a1"	436737	[0, -1, 1, -16, -162]	[[7, 4], [16, 58], [34, 193]]
"436761.a1"	436761	[1, -1, 1, -1229, -3706]	[[72, 490], [-9, 85], [-33, 7]]
"436773.a1"	436773	[0, 1, 1, -110200, 15386020]	[[44, 3259], [-325, 4120], [77, 2713]]
"436802.a1"	436802	[1, 0, 1, 21, -22]	[[1, 0], [2, 4], [7, 18]]
"436806.b1"	436806	[1, -1, 0, -63, 589]	[[-10, 17], [14, 41], [6, 17]]
"436824.a1"	436824	[0, 0, 0, -159, 706]	[[5, 6], [9, 2], [17, 54]]
"436828.a1"	436828	[0, 1, 0, -1310, 28009]	[[54, 343], [-44, 49], [-30, 203]]
"437057.a1"	437057	[0, 0, 1, 5, 2634]	[[31, 180], [-7, 47], [392, 7761]]
"437094.b1"	437094	[1, -1, 0, -1044, 324]	[[-30, 78], [33, 15], [96, 834]]
"437155.f1"	437155	[0, -1, 1, -465, -1569]	[[27, 69], [25, 42], [-9, 42]]
"437163.a1"	437163	[0, -1, 1, -144, 716]	[[7, 1], [8, 3], [29/2, 3/2]]
"437166.b1"	437166	[1, -1, 0, -276, -1584]	[[-8, 12], [24, 60], [-11, 0]]
"437445.b1"	437445	[1, -1, 1, -1037, 13186]	[[16, 14], [19, -1], [46, 224]]
"437463.a1"	437463	[1, -1, 1, -2414, 46234]	[[22, 47], [28, -10], [37, 62]]
"437530.a1"	437530	[1, 0, 1, -353, 2256]	[[5, 22], [15, 12], [30, 122]]
"437626.a1"	437626	[1, 0, 1, -32, -54]	[[-3, 5], [-2, 2], [-4, 5]]
"437630.b1"	437630	[1, 1, 0, -23757, 1514989]	[[373, 6501], [-2, 1251], [4902/7, 116593/7]]
"437675.e1"	437675	[1, -1, 1, -10600, 422602]	[[58, -9], [191/2, 1035/2], [140, 1221]]
"437675.e2"	437675	[1, -1, 1, -9375, 523052]	[[-25, 873], [-66, 955], [-41, 935]]
"437690.d1"	437690	[1, -1, 0, -65, 231]	[[3, 6], [5, 1], [-7, 21]]
"437904.g1"	437904	[0, 0, 0, -1131, 14746]	[[21, 16], [5, 96], [15, 34]]
"437980.b1"	437980	[0, -1, 0, -156, 760]	[[6, 2], [10, 10], [9, 2]]
"438010.b1"	438010	[1, 0, 1, -4223, 105378]	[[59, 220], [39, 0], [44, 50]]
"438022.f1"	438022	[1, -1, 1, -1632, 29955]	[[13, 97], [21, 57], [325/3, 3035/3]]
"438066.b1"	438066	[1, -1, 0, -3666, 86356]	[[36, -10], [35, -16], [884/5, -2162/5]]
"438066.c1"	438066	[1, -1, 0, -396, -2592]	[[-12, 24], [24, 24], [-8, 8]]
"438090.a1"	438090	[1, 1, 0, -198, 1008]	[[9, 3], [6, 6], [-6, 48]]
"438096.a1"	438096	[0, -1, 0, -64, 1360]	[[-8, 36], [28, 144], [1, 36]]
"438150.c1"	438150	[1, 1, 0, -82250, 8999400]	[[290, 2960], [3395, 195470], [-34, 3446]]
"438176.a1"	438176	[0, -1, 0, -154, 788]	[[8, 2], [7, 2], [-8, 38]]
"438192.d1"	438192	[0, 0, 0, -3099, 69194]	[[37, 72], [31, 54], [85, 648]]
"438192.m1"	438192	[0, 0, 0, -45363, 4662034]	[[335, 5202], [29, 1836], [-73, 2754]]
"438340.a1"	438340	[0, 0, 0, -2008, 52057]	[[-4, 245], [-46, 217], [16, 155]]
"438399.a1"	438399	[0, 0, 1, 324, -2140]	[[42, 292], [6, 4], [24, 139]]
"438430.c1"	438430	[1, 1, 0, -8, 412]	[[11, 37], [-6, 20], [62, 462]]
"438445.a1"	438445	[1, -1, 1, -207, 306]	[[-14, 24], [21, 59], [1, 9]]
"438448.e1"	438448	[0, 0, 0, 25, 118]	[[-3, 4], [1, 12], [9/2, 109/2]]
"438571.a1"	438571	[0, 0, 1, -17, -42]	[[6, 8], [7, 13], [16, 61]]
"438571.b1"	438571	[0, 1, 1, -1057, 77285]	[[63, 514], [-35, 269], [-7, 290]]
"438571.c1"	438571	[1, -1, 0, -229328, 42327529]	[[4429/4, -8711/4], [1095/2, -409/2], [384, 3091]]
"438592.a1"	438592	[0, 0, 0, -6268, 191056]	[[38, 88], [-50, 616], [46, 8]]
"438592.z1"	438592	[0, 0, 0, -8000492, -6009035440]	[[-1702, 51744], [-1163, 41503], [95434/5, 17265248/5]]
"438592.z2"	438592	[0, 0, 0, 1369748, -630517680]	[[2588, 142296], [1741, 83853], [922, 37632]]
"438634.a1"	438634	[1, 0, 1, -1109, 10848]	[[6, 63], [-13, 158], [272, 4319]]
"438760.b1"	438760	[0, 0, 0, -9607, 367306]	[[37, 250], [57, 70], [62, 100]]
"438792.b1"	438792	[0, 1, 0, -1975, 33134]	[[26, 6], [25, 3], [17, 69]]
"438798.b1"	438798	[1, 0, 1, -165, 592]	[[11, 6], [-13, 30], [-5, 38]]
"438878.a1"	438878	[1, -1, 0, -406, 3256]	[[10, 6], [12, -4], [14, 6]]
"438949.a1"	438949	[0, 0, 1, -19, 0]	[[0, 0], [-2, 5], [-3, 5]]
"438990.e1"	438990	[1, 0, 1, -9998, 651728]	[[9, 745], [-66, 1045], [-111, 685]]
"439003.a1"	439003	[0, 0, 1, 19, 0]	[[0, 0], [1, 4], [10, 34]]
"439070.h1"	439070	[1, 0, 1, -443049, 114843372]	[[918, 21494], [4444/3, 103088/3], [171, 6554]]
"439070.h2"	439070	[1, 0, 1, 19826, 790972]	[[1631, 65309], [-25, 541], [304/3, 32593/3]]
"439242.j1"	439242	[1, 0, 0, -225352, 41190464]	[[284, 200], [-400, 8408], [208, 1720]]
"439264.d1"	439264	[0, 0, 0, -98572, 11170080]	[[306, 3108], [-254, 4452], [488, 8904]]
"439264.d2"	439264	[0, 0, 0, -96857, 11602260]	[[243, 1554], [-16, 3626], [621, 13818]]
"439305.a1"	439305	[1, 1, 1, -565, -3328]	[[32, 96], [-13, 51], [27, 31]]
"439350.e1"	439350	[1, 1, 0, -1225, 11125]	[[30, 35], [55, 310], [35, 95]]
"439350.e2"	439350	[1, 1, 0, 3275, 78625]	[[15, 355], [4, 301], [-14, 181]]
"439450.h1"	439450	[1, 1, 0, -23650, 1400900]	[[80, 130], [-56, 1626], [295/3, 21530/3]]
"439472.c1"	439472	[0, 1, 0, -216, -332]	[[18, 44], [-4, 22], [-12, 26]]
"439472.f1"	439472	[0, 0, 0, -50699, 4384314]	[[143, 242], [77, 968], [319/3, 43802/3]]
"439494.h1"	439494	[1, 1, 1, -2145, 37791]	[[-17, 272], [27, 8], [49, 206]]
"439536.e1"	439536	[0, 1, 0, -784, 7316]	[[26, 72], [-22, 120], [10, 24]]
"439555.a1"	439555	[1, 0, 0, -105, 202]	[[-6, 28], [-1, 18], [-11, 13]]
"439568.a1"	439568	[0, 1, 0, -21, 286]	[[30, 166], [37/2, 249/2], [-2, 18]]
"439570.d1"	439570	[1, 0, 0, -14866, 699396]	[[76, 62], [68, 30], [484/3, 5674/3]]
"439605.b1"	439605	[1, -1, 1, 997, 11206]	[[40, 317], [-10, 17], [-35/4, 6113/4]]
"439639.a1"	439639	[1, 0, 0, -16, 39]	[[2, 3], [3, 3], [-2, 9]]
"439704.a1"	439704	[0, 0, 0, 18, 405]	[[-6, 9], [6, 27], [-3, 18]]
"439704.h1"	439704	[0, 0, 0, 3705, 123626]	[[37, 558], [130, 1674], [967, 30132]]
"439706.a1"	439706	[1, 1, 0, -26, 16]	[[0, 4], [6, 8], [-6, 4]]
"439723.a1"	439723	[1, -1, 1, 14, -28]	[[2, 1], [3, 4], [30, 148]]
"439755.a1"	439755	[0, 1, 1, -11440, 461944]	[[-4, 712], [269/2, 281/2], [91, 427]]
"439760.b1"	439760	[0, 0, 0, -163, 562]	[[1, 20], [11, 10], [21, 80]]
"439760.d1"	439760	[0, 0, 0, -77707, 7664506]	[[837, 23000], [-83, 3680], [473/2, 2875/2]]
"439794.b1"	439794	[1, -1, 0, -118581, 15746741]	[[202, -29], [10, 3811], [199, -95]]
"439802.a1"	439802	[1, 0, 0, -1289, 19993]	[[46, 219], [2, 131], [178, 2243]]
"439835.a1"	439835	[0, 1, 1, -1140, 14394]	[[-4, 137], [21, 12], [16, 22]]
"439842.a1"	439842	[1, 0, 1, -367, 5126]	[[16, 50], [7, 50], [55, 362]]
"439869.a1"	439869	[0, 1, 1, -6474, 155738]	[[294, 4873], [-48, 598], [123, 1111]]
"439872.b1"	439872	[0, -1, 0, -6037, 182581]	[[25, 216], [52, 81], [181/2, 27/2]]
"439872.b2"	439872	[0, -1, 0, -277, 506581]	[[253/2, 6873/2], [-75, 316], [636, 16037]]
"439890.c1"	439890	[1, 1, 0, -513, -2583]	[[-16, 51], [27, 51], [-8, 37]]
"439890.c2"	439890	[1, 1, 0, 107, -227]	[[6, 23], [3, 10], [38, 227]]
"439938.c1"	439938	[1, -1, 1, -3074, 68609]	[[33, 31], [1, 255], [129, 1279]]
"439967.a1"	439967	[0, -1, 1, 754, 16758]	[[21, 203], [-1, 126], [-289/5, 9909/5]]
"440090.a1"	440090	[1, 1, 0, 47, 257]	[[1, 17], [-4, 7], [11, 42]]
"440107.a1"	440107	[1, -1, 1, -225, 1340]	[[-4, 48], [10, -1], [6, 10]]
"440157.a1"	440157	[1, 1, 1, 16, 56]	[[0, 7], [3, 10], [12, 40]]
"440185.a1"	440185	[0, 1, 1, -165, 681]	[[5, 2], [-5, 37], [-15, 2]]
"440253.b1"	440253	[0, 0, 1, -5619, 161100]	[[38, 49], [-28, 544], [170, 2029]]
"440253.e1"	440253	[0, 0, 1, -2808, -57058]	[[-30, 13], [-32, 5], [-266/3, 278/3]]
"440268.b1"	440268	[0, -1, 0, -3077, 72246]	[[-61, 171], [-23, 361], [15, 171]]
"440401.b1"	440401	[1, 0, 0, -352, 2509]	[[9, 5], [100/3, -131/3], [-12, 77]]
"440416.a1"	440416	[0, -1, 0, 35, 341]	[[-5, 4], [11, 44], [-4, 11]]
"440416.b1"	440416	[0, 1, 0, 35, -341]	[[9, 28], [6, 11], [57, 436]]
"440505.a1"	440505	[1, -1, 1, -353, 1756]	[[25, 77], [-20, 32], [16, -4]]
"440570.c1"	440570	[1, 0, 0, -61, 1041]	[[16, 57], [-10, 31], [-1/2, 261/2]]
"440575.a1"	440575	[1, 1, 1, -363, 2506]	[[10, -3], [11, -5], [-5, 67]]
"440601.a1"	440601	[0, 1, 1, -1520, 220220]	[[-65, 220], [-2, 472], [181/2, 3965/2]]
"440607.a1"	440607	[0, -1, 1, -112, -390]	[[-5, 4], [13, 13], [-7, 1]]
"440607.c1"	440607	[0, -1, 1, -21546, -733192]	[[891, 26203], [-392/3, 9368/3], [3257/4, 115781/4]]
"440607.d1"	440607	[0, -1, 1, -187, 1035]	[[7, 4], [9, 0], [37/2, 23/2]]
"440734.c1"	440734	[1, -1, 1, -2151, 52767]	[[43, 174], [15, 146], [29, 104]]
"440748.a1"	440748	[0, 0, 0, -489, 4489]	[[11, 21], [-3, 77], [-25, 33]]
"440794.a1"	440794	[1, 0, 1, -19807, 1079154]	[[96, 206], [87, 84], [343, 5716]]
"440838.c1"	440838	[1, -1, 0, -510, 4904]	[[-5, 88], [14, 12], [52, 316]]
"440871.a1"	440871	[1, 0, 0, -79, -220]	[[-4, 8], [-7, 5], [11, 11]]
"440921.a1"	440921	[1, 1, 1, -257, 5520]	[[-8, 88], [18, 75], [22, 94]]
"440946.a1"	440946	[1, -1, 0, -10548, 212710]	[[-13, 596], [-37, 761], [95, 200]]
"440946.a2"	440946	[1, -1, 0, -9018, 331744]	[[59, 20], [50, 38], [-40, 812]]
"440975.a1"	440975	[0, -1, 1, -488, -3972]	[[-13, 2], [-107/3, 64/3], [-51/2, 27/2]]
"441094.a1"	441094	[1, -1, 0, -43, 129]	[[4, 1], [3, 3], [5, 2]]
"441095.b1"	441095	[1, 0, 0, -1985, 43522]	[[-6, 238], [34, 108], [181/3, 2666/3]]
"441266.a1"	441266	[1, 1, 0, -95424, -9334784]	[[-135, 1121], [768, 18880], [1567/2, 27931/2]]
"441273.b1"	441273	[1, 0, 0, -76, 5327]	[[-1, 74], [146, 1691], [143/2, 1621/2]]
"441362.a1"	441362	[1, 0, 1, -28, -48]	[[-2, 1], [-4, 3], [10, 21]]
"441362.b1"	441362	[1, 0, 0, -1379, -18047]	[[-18, 41], [46, 105], [174, 2153]]
"441546.b1"	441546	[1, 1, 1, -237, 675]	[[1, 20], [15, 20], [-13, 48]]
"441554.c1"	441554	[1, -1, 1, -537, -3975]	[[-15, 30], [31, 76], [-17, 4]]
"441554.d1"	441554	[1, -1, 1, -1588311, 770493807]	[[-865, 39118], [745, 156], [1067, 16486]]
"441564.b1"	441564	[0, 1, 0, -41045, 3193239]	[[145, 558], [301/2, 5859/2], [-227, 930]]
"441573.b1"	441573	[0, 1, 1, -1284, 14528]	[[-6, 148], [93, 841], [192, 2623]]
"441646.a1"	441646	[1, 1, 0, -1431, 51589]	[[-15, 272], [-38, 249], [1741/5, 63624/5]]
"441662.a1"	441662	[1, 1, 1, -150, 211]	[[13, 19], [-13, 19], [65, 487]]
"441674.b1"	441674	[1, 1, 0, -25, -31]	[[-2, 5], [-4, 7], [-5, 3]]
"441694.d1"	441694	[1, -1, 1, -11136, -53853]	[[-95, 421], [-27, 489], [109, 81]]
"441731.a1"	441731	[1, 1, 1, -2784, 56146]	[[32, 17], [-73/2, 2615/2], [-1411/5, 27652/5]]
"441768.d1"	441768	[0, 1, 0, -4, 77]	[[2, 9], [-1, 9], [7, 21]]
"441773.a1"	441773	[0, 0, 1, -20, -13]	[[-1, 2], [-3, 4], [43/3, 10/3]]
"441786.a1"	441786	[1, 0, 1, -1918, 32192]	[[1, 173], [25, -7], [88, 695]]
"441842.e1"	441842	[1, 0, 0, 221, -5631]	[[14, 9], [46, 297], [22, 89]]
"441910.b1"	441910	[1, 0, 1, -269, 1692]	[[6, 14], [11, 4], [41, 224]]
"441928.b1"	441928	[0, -1, 0, -1032, 18844]	[[34, 148], [18, 76], [121/3, 2294/3]]
"441964.a1"	441964	[0, 1, 0, -17, 64]	[[1, 7], [3, 7], [-1, 9]]
"441996.a1"	441996	[0, -1, 0, -9117, 338121]	[[55, 6], [59, 46], [47, 106]]
"442016.a1"	442016	[0, -1, 0, 1824, 198484]	[[292, 5054], [-12, 418], [85/2, 3971/2]]
"442060.f1"	442060	[0, -1, 0, -1436, 82840]	[[18, 250], [-338/3, 7750/3], [-10, 310]]
"442062.a1"	442062	[1, -1, 0, -9198, 343764]	[[69, 150], [60, 42], [1356/5, 2514/5]]
"442071.a1"	442071	[1, -1, 1, -23, 110]	[[0, 10], [-3, 13], [-6, 4]]
"442095.a1"	442095	[0, -1, 1, -680, -5194]	[[-10, 22], [35, 112], [-19, 22]]
"442176.f1"	442176	[0, -1, 0, -15745, 638401]	[[-47, 1128], [33, 392], [-79, 1176]]
"442176.f2"	442176	[0, -1, 0, 1895, 56281]	[[33, 392], [-9, 196], [13, 288]]
"442187.f1"	442187	[0, 0, 1, -6586, 205692]	[[74, 351], [46, 8], [201/2, 319/2]]
"442304.a1"	442304	[0, 0, 0, -4, 256]	[[2, 16], [-2, 16], [-6, 8]]
"442306.b1"	442306	[1, -1, 1, -2127, 38295]	[[25, 4], [27, -10], [31, 22]]
"442326.c1"	442326	[1, 0, 1, -12707, 550046]	[[87, 280], [63, -8], [267/2, -109/2]]
"442336.a1"	442336	[0, -1, 0, 22, 16]	[[0, 4], [2, 8], [5/2, 53/2]]
"442352.a1"	442352	[0, -1, 0, 0, 4096]	[[0, 64], [64, 512], [-6, 62]]
"442398.d1"	442398	[1, 1, 1, -14005, 632411]	[[71, 12], [167, 1644], [59, 96]]
"442398.e1"	442398	[1, 1, 1, 3266, 135035]	[[-1, 363], [65, 759], [109, 1287]]
"442422.d1"	442422	[1, -1, 1, -2, 13825]	[[-23, 47], [13, 119], [49, 335]]
"442428.d1"	442428	[0, 1, 0, -5950, 262889]	[[-10, 567], [-64, 621], [884/5, 39123/5]]
"442432.d1"	442432	[0, 1, 0, -29729, 1967167]	[[-93, 1984], [93, 124], [163, 1216]]
"442459.a1"	442459	[0, -1, 1, -164, 876]	[[6, 8], [23, 93], [2, 23]]
"442465.a1"	442465	[0, 1, 1, -2930, 40584]	[[-24, 312], [-49, 262], [29/2, 1121/2]]
"442491.b1"	442491	[1, 1, 1, 497, 140222]	[[50, 516], [-26, 345], [-916/5, 36342/5]]
"442538.a1"	442538	[1, 0, 1, 60, 2]	[[1, 7], [9, 31], [0, 1]]
"442576.d1"	442576	[0, -1, 0, -336, -1088]	[[-8, 32], [24, 64], [-11, 34]]
"442595.b1"	442595	[0, -1, 1, -4215, 108843]	[[79, 512], [-3, 348], [649/4, 3453/4]]
"442607.b1"	442607	[0, 1, 1, -252405, 48724210]	[[316, 786], [901/2, 14637/2], [1165/2, 337/2]]
"442663.a1"	442663	[0, 0, 1, -419, 3840]	[[27, 110], [-24, 8], [66, 513]]
"442663.b1"	442663	[0, 1, 1, 1139, 13097]	[[27, 253], [53, 474], [277/2, 5235/2]]
"442715.a1"	442715	[1, 0, 0, 12739, 23248966]	[[1243, 43650], [131, 5147], [-2435/3, 247/3]]
"442722.l1"	442722	[1, 1, 1, -8785, 196271]	[[191, 2256], [23, 72], [-61, 744]]
"442738.c1"	442738	[1, 1, 1, -2704, 53361]	[[33, 21], [-43, 325], [71, 439]]
"442762.b1"	442762	[1, 1, 1, -5514, 155287]	[[41, -5], [25, 171], [-7, 443]]
"442818.i1"	442818	[1, -1, 1, -3461, -3459]	[[71, 288], [95, 672], [-13, 204]]
"442818.i2"	442818	[1, -1, 1, 13819, -38019]	[[87, 1304], [21, 500], [59, 960]]
"442881.a1"	442881	[1, -1, 1, -3377, 76600]	[[32, 7], [-62, 242], [175/2, 667/2]]
"442910.a1"	442910	[1, -1, 0, -1510, 37300]	[[-4, 210], [60, 370], [28, 114]]
"442921.c1"	442921	[0, 1, 1, -143, 570]	[[-12, 26], [5/2, 155/2], [8, 1]]
"442922.a1"	442922	[1, 0, 1, -7, 90]	[[3, 8], [-5, 4], [7, 16]]
"443014.j1"	443014	[1, -1, 1, -72, 49035]	[[-19, 217], [33, 269], [13, 217]]
"443047.a1"	443047	[0, 1, 1, -384, 2526]	[[-3, 60], [8, 5], [21/2, 205/2]]
"443103.b1"	443103	[1, 1, 0, -581, 3306]	[[94, 842], [-5/2, 513/2], [-147/4, 6009/4]]
"443178.a1"	443178	[1, -1, 0, -2205, 40837]	[[23, 32], [-6, 235], [29, 11]]
"443208.a1"	443208	[0, 1, 0, -1049, 13035]	[[19, 18], [-17, 162], [37, 162]]
"443224.a1"	443224	[0, 1, 0, -297, 2011]	[[15, 34], [-19, 34], [-2, 51]]
"443248.a1"	443248	[0, 0, 0, -571, 5866]	[[-11, 104], [15, 26], [-27, 40]]
"443270.e1"	443270	[1, -1, 1, -3192, -27909]	[[141, 1449], [-19, 169], [-251/3, 5683/3]]
"443272.a1"	443272	[0, 1, 0, -24, 1]	[[0, 1], [-4, 7], [-1, 5]]
"443313.b1"	443313	[1, -1, 1, -6158, 191890]	[[37, 98], [50, 59], [622, 15074]]
"443314.b1"	443314	[1, 0, 0, 68, 144]	[[0, 12], [4, 20], [-2, 2]]
"443373.a1"	443373	[0, 1, 1, -14770, -312020]	[[-55, 580], [-28, 283], [161, 1228]]
"443384.a1"	443384	[0, -1, 0, -204, 868]	[[16, 38], [-3, 38], [12, 2]]
"443400.b1"	443400	[0, -1, 0, -1233, 18837]	[[-3, 150], [17, 50], [-33, 150]]
"443431.a1"	443431	[1, 1, 1, -51, -158]	[[-4, 2], [-5, 3], [-101/5, 83/5]]
"443456.g1"	443456	[0, 1, 0, -225, 9439]	[[-9, 104], [-22, 65], [69, 572]]
"443456.j1"	443456	[0, 1, 0, -7713, 283999]	[[135, 1312], [-70, 697], [253/2, 1845/2]]
"443456.j2"	443456	[0, 1, 0, 607, -545]	[[7, 64], [135, 1600], [319/3, 6976/3]]
"443475.b1"	443475	[0, 0, 1, -2025, 35156]	[[30, 37], [25, 12], [0, 187]]
"443496.d1"	443496	[0, 1, 0, -3132, 66096]	[[42, 102], [30, 6], [18, 126]]
"443514.b1"	443514	[1, 1, 0, 7, 81]	[[-4, 5], [-2, 9], [0, 9]]
"443641.a1"	443641	[0, -1, 1, -395, 3375]	[[-19, 60], [45/2, 117/2], [-15, 75]]
"443650.a1"	443650	[1, -1, 0, -142, 2116]	[[-11, 53], [8, 34], [84, 718]]
"443808.c1"	443808	[0, 0, 0, -876, -8224]	[[-14, 36], [-20, 36], [-11, 9]]
"443870.a1"	443870	[1, -1, 0, -2539, 49945]	[[31, 2], [46, 147], [-39, 317]]
"443931.a1"	443931	[0, 1, 1, -282, 3080]	[[6, 40], [-21, 13], [33, 175]]
"443936.a1"	443936	[0, 1, 0, 31, 367]	[[-3, 16], [1, 20], [13, 56]]
"443954.f1"	443954	[1, 1, 1, -50502, 1529155]	[[-127, 2495], [-203, 1963], [1897/3, 12037/3]]
"444035.a1"	444035	[1, -1, 1, -33, 2]	[[-2, 8], [0, 1], [-4, 9]]
"444064.a1"	444064	[0, 0, 0, -125, 536]	[[7, 2], [5, 6], [61/3, 10/3]]
"444090.a1"	444090	[1, 1, 0, -328, 2128]	[[4, 28], [9, -2], [12, 4]]
"444099.b1"	444099	[0, 1, 1, -2492, 47690]	[[25, 40], [-56, 121], [-29, 310]]
"444129.b1"	444129	[1, 1, 1, -1462, 20912]	[[29, 48], [22, -8], [24, 7]]
"444142.a1"	444142	[1, 0, 1, -148, 702]	[[3, 15], [7, 1], [-14, 15]]
"444164.a1"	444164	[0, 1, 0, -85, 3639]	[[5, 58], [34, 203], [13, 70]]
"444246.e1"	444246	[1, 0, 1, -1317, 40804]	[[62, 414], [-19, 252], [-4, 216]]
"444301.a1"	444301	[1, 0, 0, -595, 7734]	[[1, 84], [-25, 97], [170, 2112]]
"444402.a1"	444402	[1, -1, 0, -25431, 1567853]	[[98, 49], [91, -77], [49, 637]]
"444418.a1"	444418	[1, -1, 0, -262, 1732]	[[9, 2], [-4, 54], [-17, 41]]
"444462.a1"	444462	[1, 1, 0, -1, 55]	[[1, 7], [-1, 8], [-3, 8]]
"444534.a1"	444534	[1, 1, 0, -5769, 165969]	[[41, 1], [-45, 603], [342, 6021]]
"444534.e1"	444534	[1, 0, 1, -530, 4592]	[[15, 1], [6, 37], [12, -5]]
"444606.b1"	444606	[1, 0, 1, -1272, 16954]	[[26, 27], [17, 9], [23, -9]]
"444627.a1"	444627	[0, 0, 1, -867969, 311223782]	[[-623, 24701], [520, 698], [18876/7, 2000650/7]]
"444643.a1"	444643	[0, 1, 1, -171, -963]	[[17, 36], [163, 2080], [37, 211]]
"444662.a1"	444662	[1, 1, 0, -473612, 125249680]	[[344, 1612], [9264, 884692], [408, 172]]
"444662.b1"	444662	[1, 1, 0, -3740, -86576]	[[-40, 52], [191, 2397], [-275/3, 911/3]]
"444704.a1"	444704	[0, 0, 0, -25, 16]	[[-3, 8], [5, 4], [0, 4]]
"444711.a1"	444711	[0, -1, 1, 2515, 664307]	[[71, 1093], [4445, 296338], [651, 16666]]
"444753.a1"	444753	[0, 0, 1, 231, 652]	[[-2, 13], [25, 148], [4, 40]]
"444808.d1"	444808	[0, -1, 0, -329, 2989]	[[9, 26], [35, 182], [-21, 14]]
"444869.a1"	444869	[1, 1, 1, -171, 790]	[[7, -3], [10, 9], [-1, 31]]
"445018.f1"	445018	[1, -1, 0, -464186, 125105588]	[[433, 2054], [-764, 6158], [452, 2510]]
"445053.a1"	445053	[0, 1, 1, -364, 2662]	[[11, 10], [32, 157], [14, 22]]
"445088.c1"	445088	[0, 0, 0, 184, 16]	[[16, 84], [0, 4], [1/2, 63/2]]
"445137.b1"	445137	[1, 1, 1, -1705, 39236]	[[68, 459], [-26, 271], [40, 172]]
"445140.b1"	445140	[0, 0, 0, 312, 713]	[[4, 45], [-2, 9], [16, 99]]
"445151.a1"	445151	[1, -1, 1, 9042, 55490]	[[22, 503], [365, 7020], [85, 1154]]
"445152.a1"	445152	[0, -1, 0, -225, 1521]	[[9, 12], [-15, 36], [1, 36]]
"445227.a1"	445227	[0, -1, 1, 68, 672]	[[2, 28], [40, 256], [-11/2, 167/2]]
"445280.c1"	445280	[0, 0, 0, -107932, 13656544]	[[198, 220], [1342/3, 25300/3], [737/2, 1265/2]]
"445306.a1"	445306	[1, 0, 1, 225, 242]	[[2, 25], [55, 396], [124/3, 1894/3]]
"445334.a1"	445334	[1, 1, 0, -51, -131]	[[-6, 5], [-3, 4], [-5, 8]]
"445406.a1"	445406	[1, 0, 1, -255, 1550]	[[8, 2], [-5, 54], [10, 0]]
"445446.a1"	445446	[1, -1, 0, -18, 144]	[[0, 12], [6, 12], [-6, 6]]
"445480.a1"	445480	[0, 0, 0, -3727, 51154]	[[13, 70], [153, 1750], [53, 50]]
"445488.k1"	445488	[0, 1, 0, -992, 324]	[[-14, 108], [40, 162], [-32, 18]]
"445506.a1"	445506	[1, 1, 0, -764, 7824]	[[16, -4], [8, 44], [32, 116]]
"445608.a1"	445608	[0, 0, 0, -1431, 20250]	[[27, 36], [9, 90], [18, 18]]
"445610.a1"	445610	[1, 0, 1, 92, 306]	[[5, 27], [0, 17], [-3, 3]]
"445612.a1"	445612	[0, 1, 0, 75, -41]	[[1, 6], [5, 22], [2, 11]]
"445744.a1"	445744	[0, 1, 0, -3192, 12244]	[[-10, 208], [406, 8112], [55, 78]]
"445771.a1"	445771	[0, 1, 1, -80, 252]	[[5, 1], [4, 3], [9, 18]]
"445776.c1"	445776	[0, -1, 0, -37, 1369]	[[37, 222], [0, 37], [37/2, 333/2]]
"445878.k1"	445878	[1, -1, 1, 711691, 238546189]	[[-197, 9620], [-289, 3088], [1919, 92144]]
"445878.m1"	445878	[1, -1, 1, -779, 9627]	[[11, 42], [35, 138], [-13, 138]]
"445902.d1"	445902	[1, 0, 0, -16917, 833121]	[[66, 39], [-78, 1335], [30, 579]]
"445910.a1"	445910	[1, -1, 0, 20, 400]	[[0, 20], [8, 28], [16, 60]]
"445914.a1"	445914	[1, -1, 0, -3339, 76549]	[[62, 293], [35, 23], [-19, 374]]
"445938.c1"	445938	[1, 0, 0, -3747, 85761]	[[42, 33], [30, 9], [6, 249]]
"446055.b1"	446055	[1, 1, 1, -131, 794]	[[-6, 40], [19, 65], [3, 19]]
"446080.c1"	446080	[0, 1, 0, -7401, 242599]	[[51, 20], [47, 28], [50, 7]]
"446080.c2"	446080	[0, 1, 0, -431, 4225]	[[-8, 85], [9, 34], [53/2, 255/2]]
"446175.b1"	446175	[1, -1, 1, -2255, 42122]	[[24, 25], [34, 45], [111/2, 35/2]]
"446187.a1"	446187	[1, 1, 1, 73, 470]	[[3, 25], [30, 160], [-5, 5]]
"446297.a1"	446297	[1, 1, 1, -36652, 2614650]	[[-100, 2350], [8605/12, 1332407/12], [542, 11659]]
"446361.a1"	446361	[0, 1, 1, 36, 506]	[[0, 22], [9, 40], [-3, 19]]
"446391.b1"	446391	[1, -1, 1, -263, 1210]	[[20, 50], [5, -1], [14, 4]]
"446400.p1"	446400	[0, 0, 0, -98700, 11934000]	[[30, 3000], [174, 168], [126, 1224]]
"446400.p2"	446400	[0, 0, 0, -5700, 216000]	[[-30, 600], [70, 400], [45, 225]]
"446416.b1"	446416	[0, 0, 0, -67, -1470]	[[17, 48], [49, 336], [31, 162]]
"446534.a1"	446534	[1, 0, 1, -378, 6152]	[[8, 56], [19, 67], [30, 133]]
"446576.b1"	446576	[0, -1, 0, -3992, 119536]	[[156, 1808], [60, 304], [-70, 226]]
"446621.b1"	446621	[0, -1, 1, -168, 1086]	[[3, 24], [10, 17], [61/2, 339/2]]
"446755.a1"	446755	[0, 0, 1, -452, 3702]	[[12, 2], [10, 13], [-18, 77]]
"446814.b1"	446814	[1, -1, 0, -5580, 161892]	[[34, 86], [-69, 498], [39, 30]]
"446830.f1"	446830	[1, 0, 0, -181, 6561]	[[-14, 87], [18, 87], [10, 71]]
"446862.b1"	446862	[1, 1, 0, -961, 10465]	[[1, 97], [27, 58], [118, 1189]]
"446862.b2"	446862	[1, 1, 0, 729, 45279]	[[-25, 123], [9, 225], [1, 214]]
"446894.a1"	446894	[1, -1, 0, -49, 109]	[[2, 3], [6, -1], [-2, 15]]
"446967.a1"	446967	[0, 0, 1, -183, 810]	[[5, 4], [14, 31], [-1, 31]]
"446968.a1"	446968	[0, 1, 0, -104, -224]	[[-4, 12], [12, 20], [28, 140]]
"446979.c1"	446979	[1, 0, 0, -2375, -18504]	[[73, 409], [-17, 139], [100, 814]]
"446979.c2"	446979	[1, 0, 0, 8560, -138789]	[[55, 679], [19, 166], [910, 27139]]
"446980.a1"	446980	[0, 1, 0, -5261, 145135]	[[37, 50], [41, 6], [49, 86]]
"446990.b1"	446990	[1, 1, 1, 4, 1629]	[[-11, 25], [9, 45], [-3, 41]]
"447022.a1"	447022	[1, -1, 0, 3397, -422551]	[[4781/5, 323314/5], [223, 3263], [6550/9, 417547/9]]
"447084.a1"	447084	[0, 0, 0, -669, 3341]	[[49, 297], [-17, 99], [-5, 81]]
"447168.a1"	447168	[0, -1, 0, -58225, 5424241]	[[0, 2329], [136, 51], [187, 1020]]
"447168.a2"	447168	[0, -1, 0, -47265, 7517601]	[[33, 2448], [177, 2160], [1393, 51408]]
"447168.e1"	447168	[0, -1, 0, -2369, 3969]	[[-31, 216], [88, 685], [113, 1080]]
"447168.e2"	447168	[0, -1, 0, -1689, 27225]	[[21, 24], [27, 24], [23, 4]]
"447168.f1"	447168	[0, -1, 0, -77249, -5939775]	[[-88, 411], [2241, 105216], [-223, 384]]
"447168.f2"	447168	[0, -1, 0, -28289, 1766529]	[[79, 136], [49, 704], [145, 832]]
"447168.f3"	447168	[0, -1, 0, -27969, 1809729]	[[99, 36], [96, 15], [72, 405]]
"447168.f4"	447168	[0, -1, 0, 15551, 6702913]	[[1, 2592], [-127, 1632], [-144, 1207]]
"447182.a1"	447182	[1, -1, 0, 88, 432]	[[-1, 19], [36, 204], [-99/5, 636/5]]
"447218.e1"	447218	[1, 1, 1, -3427, 75777]	[[35, -2], [33, -16], [29, 28]]
"447317.d1"	447317	[0, 0, 1, -724, 9972]	[[30, 123], [-22, 123], [185/2, 2193/2]]
"447398.a1"	447398	[1, -1, 0, -118606, 15749716]	[[204, 10], [197, -74], [99, 2180]]
"447408.a1"	447408	[0, 0, 0, -147, -270]	[[-3, 12], [-9, 18], [-11, 4]]
"447408.d1"	447408	[0, 0, 0, -18651, 969226]	[[95, 234], [-139, 936], [485, 10296]]
"447424.a1"	447424	[0, 0, 0, 20, 1456]	[[-10, 16], [22, 112], [54, 400]]
"447458.f1"	447458	[1, 1, 0, -167, 1225]	[[-4, 45], [39, 217], [17, 52]]
"447458.h1"	447458	[1, 1, 0, -28074, -1813676]	[[292, 3726], [-93, -14], [-92, 78]]
"447458.h2"	447458	[1, 1, 0, -2059, 33389]	[[50, 217], [17, 52], [83, 624]]
"447458.i1"	447458	[1, 1, 0, -58286065, -175484461291]	[[9370, 313343], [116987/2, 38364401/2], [1356442/3, 1575702245/3]]
"447458.i2"	447458	[1, 1, 0, 3239410, -946532792]	[[1931, 110899], [11391, 1224814], [392006/19, 422032230/19]]
"447578.c1"	447578	[1, 0, 0, 93, 961]	[[0, 31], [62, 465], [-4, 25]]
"447636.m1"	447636	[0, 1, 0, -13602, -614979]	[[-611/3, 343/3], [237, 3087], [-67, 9]]
"447636.m2"	447636	[0, 1, 0, -462, 2601]	[[-3, 63], [18, 21], [6, 9]]
"447680.d1"	447680	[0, 1, 0, -3185, -26417]	[[111, 1000], [-39, 200], [-14, 125]]
"447680.g1"	447680	[0, 0, 0, -188, -848]	[[-6, 8], [-8, 12], [24, 92]]
"447696.a1"	447696	[0, 0, 0, -3819, 91546]	[[29, 72], [47, 126], [77, 504]]
"447722.a1"	447722	[1, 0, 1, -1811, 29742]	[[-10, 221], [343/3, 2936/3], [423, 8448]]
"447764.a1"	447764	[0, 1, 0, -24397, -769761]	[[837/2, 14601/2], [1426, 53537], [-1519/4, 53537/4]]
"447764.a2"	447764	[0, 1, 0, -11517, 471871]	[[61, 6], [57, 62], [-79, 946]]
"447780.b1"	447780	[0, -1, 0, -446, 3921]	[[20, 51], [-14, 85], [29/2, 255/2]]
"447826.j1"	447826	[1, 1, 1, -113, 639]	[[-3, 32], [1, 22], [-9, 36]]
"447864.e1"	447864	[0, 1, 0, -1852, 29936]	[[20, 36], [26, 6], [38, 126]]
"447865.a1"	447865	[0, 1, 1, -15696, 751560]	[[52, 280], [69, 42], [293/2, 115/2]]
"447877.a1"	447877	[0, 0, 1, -25, -36]	[[-2, 2], [-3, 3], [-4, 0]]
"447880.a1"	447880	[0, 0, 0, -358, 2557]	[[6, 25], [-19, 50], [49/2, 25/2]]
"447897.a1"	447897	[1, 1, 1, 1, 56]	[[0, 7], [-3, 7], [-4, 4]]
"447950.a1"	447950	[1, -1, 0, -1567, 21841]	[[64, 393], [-21, 223], [4, 123]]
"447950.h1"	447950	[1, 1, 0, -163435, 25358525]	[[205, 620], [-50, 5805], [5686/5, 1969/5]]
"447963.a1"	447963	[0, -1, 1, 233938, -28057090]	[[202, 5234], [1267/3, 74647/3], [25601/8, 5823263/8]]
"448014.a1"	448014	[1, 1, 0, -1584, 26244]	[[18, 54], [32, 82], [11, 96]]
"448015.a1"	448015	[0, 0, 1, -7, 1800]	[[13, 62], [-12, 12], [-2, 42]]
"448023.a1"	448023	[0, 1, 1, -5072, 137282]	[[37, 40], [40, 1], [55, 166]]
"448120.a1"	448120	[0, -1, 0, -3881, 94381]	[[33, 34], [41, 50], [101, 850]]
"448200.i1"	448200	[0, 0, 0, -26175, 1629875]	[[115, 375], [95, 25], [70, 375]]
"448208.c1"	448208	[0, 0, 0, -131, 469]	[[9/2, 109/2], [84, 763], [12, 25]]
"448224.c1"	448224	[0, -1, 0, -294, 1764]	[[0, 42], [14, 14], [-18, 30]]
"448224.c2"	448224	[0, -1, 0, 511, 9009]	[[5, 108], [16, 145], [-9, 60]]
"448248.b1"	448248	[0, -1, 0, -233, -915]	[[-7, 18], [29, 126], [-11, 14]]
"448258.b1"	448258	[1, -1, 1, -231, 927]	[[3, 14], [19, 46], [-13, 46]]
"448296.a1"	448296	[0, -1, 0, -105, -339]	[[-7, 2], [-5, 6], [-4, 1]]
"448296.c1"	448296	[0, 1, 0, -19929, 1068075]	[[69, 162], [-93, 1458], [357/2, 729/2]]
"448347.b1"	448347	[1, 1, 0, 80, 1369]	[[75/2, 721/2], [-80/3, 319/3], [168, 2105]]
"448363.a1"	448363	[0, 1, 1, -24, 48]	[[2, 3], [3, 3], [-1, 8]]
"448435.a1"	448435	[1, 0, 0, -12155, 415402]	[[-26, 858], [169, 1703], [819, 22828]]
"448454.a1"	448454	[1, 0, 1, -95, 270]	[[-3, 24], [20, 70], [43, 254]]
"448479.a1"	448479	[0, 0, 1, -435, 3150]	[[8, 13], [-19, 67], [35, 175]]
"448528.b1"	448528	[0, 1, 0, -232, 1236]	[[10, 4], [2, 28], [12, 18]]
"448528.g1"	448528	[0, 0, 0, -3179, -47974]	[[85, 544], [-17, 34], [-1139/5, 5984/5]]
"448600.a1"	448600	[0, -1, 0, -2583, 51412]	[[27, 25], [31, 13], [268/3, 100/3]]
"448738.a1"	448738	[1, 0, 1, -1959, 34170]	[[-45, 200], [87/2, 265/2], [40/3, 4243/3]]
"448810.g1"	448810	[1, 0, 0, 534, 12196]	[[-12, 70], [-4, 102], [116, 1222]]
"448954.c1"	448954	[1, -1, 1, -6426, 200025]	[[45, -1], [89, 527], [33, 135]]
"448968.g1"	448968	[0, 1, 0, -46385, 3826419]	[[115, 162], [142, 351], [25, 1638]]
"449072.l1"	449072	[0, 0, 0, -646571, 200065370]	[[445, 680], [479, 510], [-371, 19720]]
"449072.l2"	449072	[0, 0, 0, -309611, -64641254]	[[-345, 1054], [2239, 102306], [726, 9656]]
"449072.l3"	449072	[0, 0, 0, -45451, 2296890]	[[37, 816], [-27, 1872], [53, 192]]
"449072.l4"	449072	[0, 0, 0, 8629, 252666]	[[5, 544], [90, 1326], [549, 13056]]
"449136.a1"	449136	[0, 0, 0, -2667, 52090]	[[41, 108], [23, 54], [-31, 324]]
"449136.e1"	449136	[0, 0, 0, -1251, 15714]	[[9, 72], [15, 18], [-39, 72]]
"449218.e1"	449218	[1, -1, 1, -13452, 597135]	[[75, 39], [117, 725], [-79, 1117]]
"449223.a1"	449223	[0, -1, 1, -112, 492]	[[7, 1], [6, 0], [10, 16]]
"449274.a1"	449274	[1, 1, 0, -819, 8361]	[[5, 64], [12, 15], [33, 120]]
"449319.d1"	449319	[1, 0, 0, -1514, 62913]	[[-47, 199], [163/2, 1943/2], [-8, 277]]
"449345.a1"	449345	[1, -1, 1, -5202, 110826]	[[14, 194], [1, 324], [-64, 454]]
"449352.b1"	449352	[0, 0, 0, -6636, 208244]	[[46, 18], [49, 27], [22, 270]]
"449358.b1"	449358	[1, 1, 0, -59, 249]	[[-4, 23], [3, 9], [10, 23]]
"449400.a1"	449400	[0, -1, 0, -833, 10437]	[[7, 70], [17, 30], [-28, 105]]
"449407.a1"	449407	[0, 1, 1, -1674, 88746]	[[144, 1689], [-187/2, 2067/2], [-651/5, 42393/5]]
"449409.a1"	449409	[0, -1, 1, 86, -1506]	[[13, 40], [133/2, 1535/2], [18, 74]]
"449511.c1"	449511	[1, 1, 0, -784, 8131]	[[14, 5], [18, 7], [142/3, -205/3]]
"449541.a1"	449541	[0, 0, 1, -15267, 726174]	[[78, 99], [74, 40], [-121, 895]]
"449555.a1"	449555	[0, 0, 1, -262, 1640]	[[8, 7], [18, 52], [28, 127]]
"449590.b1"	449590	[1, 0, 0, -1835, 34225]	[[30, 65], [70, 465], [-50, 65]]
"449600.h1"	449600	[0, 1, 0, -121633, 16288863]	[[263, 1600], [-57, 4800], [199, 64]]
"449647.a1"	449647	[0, 1, 1, -329, 2086]	[[14, 20], [8, 5], [208/3, 2303/3]]
"449694.d1"	449694	[1, -1, 0, -75, 5509]	[[30, 157], [-13, 71], [-18, 37]]
"449734.a1"	449734	[1, 0, 1, -42, 44]	[[1, 1], [-3, 13], [-7, 5]]
"449734.b1"	449734	[1, -1, 1, -18442, 968265]	[[81, -9], [73, 47], [793/3, 2765/3]]
"449825.a1"	449825	[0, 0, 1, -2725, 54756]	[[35, 47], [25, 47], [31, 8]]
"449840.b1"	449840	[0, -1, 0, -136, -160]	[[-2, 10], [-7, 20], [-10, 10]]
"449883.c1"	449883	[1, -1, 1, -37970, 2855910]	[[120, 69], [92, 321], [1317, 46626]]
"449883.c2"	449883	[1, -1, 1, -1955, 61146]	[[-6, 272], [29, 153], [57, 335]]
"450098.a1"	450098	[1, -1, 0, -8788, 504100]	[[7, 662], [-48, 926], [128, 1146]]
"450126.a1"	450126	[1, -1, 0, -2023506, 1108318036]	[[356, 20630], [917, 4361], [836, 230]]
"450205.a1"	450205	[0, 1, 1, -1506, 22386]	[[5, 122], [19, 31], [54, 318]]
"450310.q1"	450310	[1, -1, 1, -50112, 4176099]	[[-243, 1521], [157, 321], [317, 4321]]
"450320.a1"	450320	[0, 1, 0, -2720, 54100]	[[30, 20], [-50, 260], [15, 130]]
"450358.a1"	450358	[1, 1, 0, -4, 44]	[[-2, 8], [2, 6], [-4, 6]]
"450510.a1"	450510	[1, 1, 0, -2042, 34644]	[[28, 6], [23, 11], [-12, 246]]
"450543.a1"	450543	[1, 1, 1, -9, 30]	[[0, 5], [-4, 6], [5, 9]]
"450543.b1"	450543	[1, 0, 0, 16182, 4140315]	[[-117, 864], [711/7, 715212/7], [-126, 387]]
"450640.a1"	450640	[0, 0, 0, -12547, 539986]	[[57, 100], [-43, 1000], [613/3, 1000/3]]
"450658.a1"	450658	[1, -1, 0, -13, 169]	[[0, 13], [13, 39], [26, 117]]
"450675.b1"	450675	[1, -1, 1, -125, 552]	[[14, 30], [9, 5], [5, 3]]
"450700.a1"	450700	[0, 1, 0, 167, 8088]	[[-17, 25], [33, 225], [83, 775]]
"450710.b1"	450710	[1, 0, 1, -244418, 46649556]	[[485, 6257], [-555, 3657], [797, 18529]]
"450710.c1"	450710	[1, 0, 1, 187, 588]	[[4, 35], [-1, 20], [29, 160]]
"450718.a1"	450718	[1, -1, 0, 2774, 101656]	[[-9, 280], [238/3, 11504/3], [-19, 214]]
"450718.c1"	450718	[1, 0, 0, -27028, 1119120]	[[24, 684], [-92, 1728], [1064/5, 24252/5]]
"450754.a1"	450754	[1, 1, 0, -277, 1565]	[[22, 71], [-19, 30], [14, 19]]
"450816.a1"	450816	[0, -1, 0, -107, 471]	[[5, 6], [7, 4], [-1, 24]]
"450818.a1"	450818	[1, 0, 1, 20, 30]	[[-1, 3], [3, 9], [0, 5]]
"450858.d1"	450858	[1, 0, 0, -740, 8976]	[[16, 28], [-8, 124], [-20, 136]]
"451005.a1"	451005	[1, 0, 0, -35701, 2649956]	[[791, 21272], [-19, 1832], [116, 212]]
"451064.a1"	451064	[0, 1, 0, 60, 64]	[[2, 14], [0, 8], [10, 42]]
"451146.a1"	451146	[1, 1, 0, -1173, -14739]	[[-22, 43], [-17, 34], [442/3, 5321/3]]
"451146.b1"	451146	[1, 0, 1, -8340, 277762]	[[77, 267], [-76, 726], [26, 267]]
"451151.a1"	451151	[1, -1, 1, -411, 3306]	[[12, -6], [14, 5], [47/2, -41/2]]
"451214.d1"	451214	[1, -1, 1, -261, -1155]	[[-11, 22], [23, 56], [-7, 20]]
"451356.b1"	451356	[0, -1, 0, -1077, 13974]	[[23, 29], [17, 17], [37, 153]]
"451362.a1"	451362	[1, 1, 1, -7009, 223391]	[[47, 0], [63, 160], [35, 132]]
"451437.a1"	451437	[1, 1, 1, -7890, 202026]	[[-8, 518], [91, 452], [8, 369]]
"451437.a2"	451437	[1, 1, 1, 1175, 20726]	[[13, 189], [22, 229], [160, 2002]]
"451444.b1"	451444	[0, -1, 0, -3409, 79250]	[[17, 161], [475/3, 5635/3], [1069/5, 12397/5]]
"451485.b1"	451485	[1, -1, 1, 862, -111258]	[[48, 173], [98, 903], [206, 2859]]
"451528.a1"	451528	[0, 0, 0, -1006, 11461]	[[14, 11], [58, 385], [-19, 154]]
"451548.a1"	451548	[0, 0, 0, -381, 2869]	[[11, 3], [5, 33], [-1, 57]]
"451648.a1"	451648	[0, 0, 0, -196, 1024]	[[6, 8], [10, 8], [14, 32]]
"451648.e1"	451648	[0, -1, 0, -105, 361]	[[9, 8], [1, 16], [3, 8]]
"451659.a1"	451659	[1, 1, 1, 1221, 6642]	[[91, 893], [84/5, 12717/5], [1642/7, 95024/7]]
"451803.a1"	451803	[0, -1, 1, 67, -310]	[[4, 2], [6, 16], [10, 35]]
"451824.c1"	451824	[0, -1, 0, 8, 256]	[[0, 16], [-4, 12], [12, 44]]
"451864.a1"	451864	[0, 0, 0, -143, -446]	[[15, 28], [-6, 14], [22, 84]]
"451938.b1"	451938	[1, 0, 1, -375, 2470]	[[5, 24], [14, -3], [-22, -3]]
"451953.a1"	451953	[0, 0, 1, -297, 4286]	[[21, 85], [12, 49], [3, 58]]
"451990.a1"	451990	[1, 0, 1, 256, -1458]	[[41, 259], [6, 14], [20, 98]]
"452010.a1"	452010	[1, 1, 0, -1378, 18928]	[[18, 10], [13, 52], [19, -2]]
"452010.a2"	452010	[1, 1, 0, -158, -348]	[[-8, 26], [-3, 12], [-11, 20]]
"452013.a1"	452013	[1, 0, 0, -64124, 6224193]	[[127, 301], [289, 3298], [73, 1354]]
"452016.e1"	452016	[0, 0, 0, -3651, 46530]	[[-23, 344], [7, 146], [481/3, 1720/3]]
"452016.e2"	452016	[0, 0, 0, -3171, 68706]	[[39, 66], [31, 14], [34, 14]]
"452021.b1"	452021	[0, 0, 1, -46, -498]	[[49/2, 219/2], [68, 557], [166/3, 1882/3]]
"452037.a1"	452037	[1, 0, 0, 373, 3624]	[[-5, 43], [4, 70], [-8, 16]]
"452136.b1"	452136	[0, 1, 0, -804, 8541]	[[15, 9], [18, 15], [6, 63]]
"452151.a1"	452151	[0, 0, 1, -18759, 989320]	[[31, 661], [73, 94], [80, 24]]
"452151.b1"	452151	[0, 0, 1, 36, -123]	[[3, 3], [17, 73], [9, 30]]
"452235.a1"	452235	[0, -1, 1, -1246, 18726]	[[-32, 157], [3, 122], [13, 67]]
"452235.f1"	452235	[0, -1, 1, -24351, 1471916]	[[-12, 1327], [1401/4, 3685/4], [578, 13422]]
"452272.a1"	452272	[0, 0, 0, -499, 4306]	[[13, 4], [5, 44], [15, 14]]
"452272.g1"	452272	[0, 1, 0, 48, 23444]	[[34, 256], [-206/3, 2816/3], [4, 154]]
"452334.a1"	452334	[1, 0, 1, -79, -130]	[[-2, 5], [-5, 14], [-8, 5]]
"452371.a1"	452371	[1, 0, 0, -30465, 2044324]	[[101, -36], [1645/4, -767/4], [-189, 1124]]
"452470.b1"	452470	[1, 1, 0, 32, 38]	[[-1, 3], [1, 8], [11/2, 89/2]]
"452470.d1"	452470	[1, -1, 1, -5928, 177387]	[[13, 313], [45, -7], [43, 3]]
"452475.a1"	452475	[0, 0, 1, -1785, -27194]	[[-26, 40], [55, 202], [-29, 13]]
"452475.b1"	452475	[0, 0, 1, -18075, 934906]	[[70, 112], [-5, 1012], [76, 13]]
"452508.a1"	452508	[0, -1, 0, -2357, -20706]	[[-31, 147], [53, 21], [95, 777]]
"452525.a1"	452525	[1, 0, 0, 52, -53]	[[3, 10], [26, 125], [29/5, 307/5]]
"452571.a1"	452571	[1, 1, 1, -4, -58]	[[5, 6], [8, 18], [4, 1]]
"452587.a1"	452587	[0, 1, 1, 3, 33]	[[-1, 5], [-3, 2], [9, 29]]
"452839.b1"	452839	[1, -1, 0, -365, 2824]	[[-9/2, 491/2], [40/3, 904/3], [205/4, 313/4]]
"452844.d1"	452844	[0, 0, 0, -11856, 496676]	[[40, 294], [61, 21], [76, 186]]
"452862.g1"	452862	[1, -1, 0, -240, 1232]	[[4, 16], [16, 28], [13, 7]]
"452889.a1"	452889	[1, -1, 1, -212, -1020]	[[-7, 12], [-10, 9], [17, 0]]
"452907.a1"	452907	[0, 0, 1, -80409, 8779342]	[[154, 220], [7, 2866], [203, 906]]
"453032.a1"	453032	[0, -1, 0, -377, 2941]	[[11, 2], [9, 14], [5, 34]]
"453040.c1"	453040	[0, 1, 0, -25240, 1551588]	[[106, 280], [-104, 1750], [71, 350]]
"453050.a1"	453050	[1, -1, 0, -481567, 128841841]	[[-636, 13643], [430, 851], [1004, 25123]]
"453050.b1"	453050	[1, -1, 0, -2002, 43156]	[[33, 94], [84, 638], [-1, 213]]
"453117.a1"	453117	[0, 1, 1, -2870, 20690]	[[-56, 94], [7, 31], [133, 1417]]
"453117.b1"	453117	[0, -1, 1, -106895, 13487612]	[[186, 73], [3025/4, 17/4], [88, 2180]]
"453200.a1"	453200	[0, 0, 0, -4915, 132850]	[[105, 880], [39, 22], [41, 16]]
"453203.a1"	453203	[0, 1, 1, 1696, 11938]	[[212, 3153], [106/3, 4942/3], [8, 161]]
"453203.c1"	453203	[0, 0, 1, -22, 51]	[[3, 3], [1, 5], [-1, 8]]
"453294.a1"	453294	[1, -1, 0, -66, 208]	[[2, 8], [8, 8], [6, -2]]
"453316.a1"	453316	[0, -1, 0, -34, -31]	[[-2, 5], [-4, 5], [-1, 1]]
"453365.a1"	453365	[1, -1, 1, -123, 606]	[[-10, 32], [1, 21], [5, 7]]
"453400.e1"	453400	[0, 0, 0, 500, 22500]	[[0, 150], [25, 225], [-200/3, 550/3]]
"453416.a1"	453416	[0, 0, 0, -190, -1007]	[[-8, 1], [-31/2, 1/2], [16, 7]]
"453416.g1"	453416	[0, 0, 0, -102524, 13141844]	[[266, 2166], [190, 722], [5206/5, 113354/5]]
"453614.a1"	453614	[1, -1, 0, -406, 3136]	[[14, 0], [7, 21], [21, 49]]
"453635.a1"	453635	[0, 1, 1, -7210, 208556]	[[-70, 612], [35, 17], [105, 787]]
"453648.d1"	453648	[0, -1, 0, -2696, 55104]	[[38, 78], [12, 156], [77, 546]]
"453666.a1"	453666	[1, 1, 0, -94, 436]	[[4, 10], [7, 10], [28, 130]]
"453714.a1"	453714	[1, 1, 0, -174, 756]	[[12, 18], [4, 10], [-12, 42]]
"453834.d1"	453834	[1, -1, 0, -585, 4617]	[[36, 153], [-21, 96], [-2, 77]]
"453854.a1"	453854	[1, 0, 1, -6913, 220632]	[[54, 47], [49, -12], [-95, 196]]
"453855.b1"	453855	[0, 1, 1, -6, 650]	[[-6, 22], [9, 37], [39, 247]]
"453872.a1"	453872	[0, 1, 0, -56, 1588]	[[4, 38], [23, 114], [-4, 42]]
"453882.w1"	453882	[1, 0, 1, -347898, 78734752]	[[251, 2565], [290, 1356], [356, 3]]
"453882.w2"	453882	[1, 0, 1, -12558, 2277232]	[[44, 1323], [80, 1296], [278, 4365]]
"453901.a1"	453901	[0, 1, 1, 0, 600]	[[0, 24], [-7, 17], [14, 59]]
"453907.a1"	453907	[1, -1, 1, -30, -46]	[[-2, 2], [-3, 4], [53, 354]]
"453920.b1"	453920	[0, 0, 0, -728, 6352]	[[-24, 100], [1, 75], [-8, 108]]
"453924.a1"	453924	[0, 0, 0, -189, 981]	[[9, 3], [3, 21], [7, 1]]
"453970.a1"	453970	[1, 0, 1, -4, 102]	[[1, 9], [-4, 9], [6, 14]]
"454015.a1"	454015	[1, -1, 0, -25, -30]	[[-2, 4], [6, 0], [-59/4, 31/4]]
"454092.a1"	454092	[0, -1, 0, -302, 2121]	[[10, 1], [11, 3], [14, 21]]
"454122.c1"	454122	[1, -1, 1, -797, 5285]	[[-9, 112], [27, 40], [-27, 94]]
"454122.d1"	454122	[1, -1, 1, -267656, 53334987]	[[269, 729], [845, 20313], [7301/5, -4491/5]]
"454149.b1"	454149	[0, 0, 1, -228, -995]	[[-11, 13], [-5, 4], [79, 688]]
"454151.a1"	454151	[1, 0, 1, -20, -9]	[[-3, 6], [5, 2], [-5/2, 31/2]]
"454155.a1"	454155	[0, -1, 1, -47910, 2079506]	[[870, 24862], [-105, 2437], [-14, 1657]]
"454212.a1"	454212	[0, 0, 0, -53967, 4818710]	[[31, 1782], [139, 54], [103, 594]]
"454212.a2"	454212	[0, 0, 0, -2352, 121745]	[[46, 333], [-28, 407], [16, 297]]
"454224.a1"	454224	[0, -1, 0, -3512, 81264]	[[28, 64], [34, 2], [42, 78]]
"454252.b1"	454252	[0, 1, 0, -5, 1852]	[[1, 43], [87, 817], [7, 47]]
"454307.a1"	454307	[1, -1, 1, -79, 274]	[[8, 6], [1, 13], [-2, 21]]
"454320.a1"	454320	[0, 0, 0, 717, 20882]	[[61, 540], [-11, 108], [7, 162]]
"454320.c1"	454320	[0, 0, 0, -14043, 642058]	[[53, 216], [-91, 1080], [69, 40]]
"454323.a1"	454323	[0, -1, 1, -204, -394]	[[33, 166], [-4, 18], [-2, 1]]
"454338.a1"	454338	[1, -1, 0, -459, 3969]	[[12, 3], [18, 27], [9, 18]]
"454360.a1"	454360	[0, 1, 0, -50505, 4363003]	[[111, 370], [126, 125], [629/2, 4625/2]]
"454401.a1"	454401	[1, -1, 1, -590, -7000]	[[30, 25], [111, 1078], [192, 2536]]
"454524.b1"	454524	[0, -1, 0, 2483, 32761]	[[-9, 98], [19, 294], [13/2, 1617/2]]
"454528.a1"	454528	[0, 0, 0, -472, 4960]	[[1, 67], [68, 536], [76/3, 1072/3]]
"454596.a1"	454596	[0, -1, 0, -106825, 13488826]	[[105, 1849], [-239, 5031], [205/2, 22833/2]]
"454596.b1"	454596	[0, -1, 0, -89, 498]	[[11, 27], [-7, 27], [2, 18]]
"454617.a1"	454617	[0, 0, 1, 21, 42]	[[-1, 4], [5, 16], [3, 11]]
"454716.a1"	454716	[0, 0, 0, -981, 12069]	[[-15, 153], [19, 17], [36, 153]]
"454743.a1"	454743	[0, 0, 1, -156, -554]	[[-8, 13], [-4, 2], [-10, 2]]
"454825.a1"	454825	[0, 1, 1, -148, 3714]	[[3, 57], [9, 56], [-12, 62]]
"454825.d1"	454825	[0, 0, 1, -4115950, 3217964781]	[[-445, 70437], [829, 19379], [1055, 7062]]
"454890.b1"	454890	[1, 1, 0, 262, -108]	[[4, 30], [36, 222], [4/3, 74/3]]
"454890.m1"	454890	[1, 0, 1, -1439, 21062]	[[21, 4], [15, 46], [-39, 154]]
"454996.a1"	454996	[0, 0, 0, -2392, 45028]	[[28, 2], [24, 38], [256/3, 46/3]]
"455090.a1"	455090	[1, 1, 0, -10032, 382576]	[[60, 4], [-8, 684], [52, 44]]
"455101.a1"	455101	[0, 0, 1, -307, 2076]	[[8, 11], [10, 2], [-15, 57]]
"455101.b1"	455101	[0, 1, 1, 2, 156]	[[-3, 11], [0, 12], [-50/3, 44/3]]
"455101.d1"	455101	[0, 0, 1, 44, -108]	[[4, 11], [50, 356], [16, 68]]
"455126.g1"	455126	[1, 1, 1, -35462, 2607747]	[[97, 255], [577, 12927], [105, 183]]
"455175.bb1"	455175	[1, -1, 1, -4415, 111962]	[[30, 61], [9, 265], [34, 0]]
"455175.bb2"	455175	[1, -1, 1, -590, -2788]	[[-6, 25], [39, 160], [183, 2356]]
"455243.a1"	455243	[0, -1, 1, -25, 67]	[[1, 6], [5, 6], [-1, 9]]
"455248.a1"	455248	[0, 1, 0, -272, -1004]	[[-14, 16], [18, 16], [50, 336]]
"455273.a1"	455273	[1, -1, 1, 90639, -34909548]	[[728, 20044], [4445/4, 209569/4], [238, 199]]
"455362.a1"	455362	[1, -1, 0, 194, 2608]	[[19, 104], [246, 3736], [-9, -4]]
"455370.e1"	455370	[1, 1, 1, -751, 7349]	[[19, 10], [11, 18], [-21, 130]]
"455409.a1"	455409	[1, -1, 1, 4, 96]	[[2, 9], [-4, 3], [-3, 8]]
"455544.b1"	455544	[0, 0, 0, -9579, -360109]	[[-58, 19], [-503/3, 703/3], [113, 19]]
"455577.a1"	455577	[1, 0, 1, -8239, -281905]	[[-53, 107], [115, 485], [1003/2, 28315/2]]
"455646.a1"	455646	[1, 0, 1, -873, 9532]	[[11, 30], [20, 3], [47, 246]]
"455694.b1"	455694	[1, 1, 0, -61307, 5823453]	[[-122, 3453], [143, 8], [806/7, 750203/7]]
"455722.a1"	455722	[1, -1, 0, -1012, 12640]	[[12, 40], [20, 0], [17, 3]]
"455736.d1"	455736	[0, 1, 0, -252, -1296]	[[-6, 6], [-12, 12], [-9, 18]]
"455745.a1"	455745	[1, 0, 0, -6820, 216437]	[[44, 23], [89, 518], [53, 41]]
"455814.a1"	455814	[1, -1, 0, -1554, 23444]	[[28, 22], [19, 13], [20, -2]]
"455829.a1"	455829	[0, -1, 1, -100, 372]	[[1, 16], [12, 27], [-10, 16]]
"455831.a1"	455831	[1, 1, 1, -22, 42]	[[2, 2], [3, 2], [0, 6]]
"455856.a1"	455856	[0, -1, 0, 200, 736]	[[-2, 18], [6, 46], [25, 144]]
"455957.a1"	455957	[0, 1, 1, -244, 1388]	[[9, 1], [8, 3], [11, 12]]
"456036.c1"	456036	[0, 1, 0, -1610, 27969]	[[-38, 189], [16, 81], [4, 147]]
"456039.a1"	456039	[1, -1, 1, -500, 4394]	[[12, -2], [18, 22], [3, 52]]
"456144.x1"	456144	[0, 1, 0, -58760, 5461764]	[[151, 234], [112, 546], [130, 192]]
"456144.x2"	456144	[0, 1, 0, -52000, 6773204]	[[182, 1836], [-148, 3354], [-226, 2652]]
"456198.a1"	456198	[1, 1, 0, -11982, 509940]	[[84, 282], [327, 5466], [49, 184]]
"456201.a1"	456201	[0, 0, 1, 3, 56]	[[0, 7], [-3, 4], [-2, 6]]
"456228.a1"	456228	[0, 0, 0, -9597, 367405]	[[11, 513], [87, 437], [41, 207]]
"456230.a1"	456230	[1, -1, 0, 35, 181]	[[-2, 11], [3, 16], [18, 71]]
"456234.b1"	456234	[1, 1, 1, -680, 9641]	[[-27, 109], [21, 61], [37, 173]]
"456350.a1"	456350	[1, 0, 1, 24, 4598]	[[17, 91], [-8, 66], [1, 67]]
"456402.d1"	456402	[1, 0, 1, -180, 8470]	[[23, 117], [152, 1794], [-22, 54]]
"456474.b1"	456474	[1, 0, 1, -208, 782]	[[13, 11], [1, 23], [4, 2]]
"456496.a1"	456496	[0, 1, 0, 248, 1524]	[[-2, 32], [30, 192], [-50/3, 64/3]]
"456498.a1"	456498	[1, -1, 0, -1401, 28961]	[[-23, 232], [40, 169], [19, 85]]
"456544.a1"	456544	[0, 0, 0, -25, 508]	[[1, 22], [12, 44], [7, 26]]
"456589.a1"	456589	[1, 0, 0, -20, 91]	[[-1, 11], [6, 11], [13, 39]]
"456612.a1"	456612	[0, -1, 0, 19, 102]	[[-1, 9], [2, 12], [-3, 3]]
"456616.a1"	456616	[0, 1, 0, -39, 70]	[[5, 5], [2, 2], [-3, 13]]
"456680.e1"	456680	[0, 1, 0, -1500, 22000]	[[30, 70], [10, 90], [-10, 190]]
"456763.a1"	456763	[1, 0, 0, 10, 31]	[[-2, 3], [-1, 5], [1, 6]]
"456777.b1"	456777	[1, -1, 1, -461, -3374]	[[-14, 20], [40, 182], [-10, 17]]
"456788.a1"	456788	[0, 0, 0, -32, 25]	[[0, 5], [-2, 9], [-6, 1]]
"456807.c1"	456807	[1, 1, 1, -205, 866]	[[-8, 49], [18, 49], [4, 9]]
"456807.c2"	456807	[1, 1, 1, 380, 5546]	[[2, 78], [-7, 54], [23/2, 687/2]]
"456942.a1"	456942	[1, 1, 0, -98, 324]	[[4, 2], [0, 18], [-8, 30]]
"456942.b1"	456942	[1, 0, 1, -935, 10910]	[[15, 10], [18, -8], [24, 37]]
"456942.c1"	456942	[1, 0, 0, -7177, 171161]	[[74, 179], [-70, 611], [122, 995]]
"456966.f1"	456966	[1, -1, 1, -797, 7845]	[[23, 24], [11, 12], [5, 60]]
"457025.a1"	457025	[1, -1, 1, -125980, -17079978]	[[-192, 45], [-216, -30], [-197, 350]]
"457025.a2"	457025	[1, -1, 1, -12855, 115022]	[[-72, 850], [110, 96], [1/3, 9085/3]]
"457025.a3"	457025	[1, -1, 1, -9730, 371272]	[[64, 55], [14, 480], [139, 1230]]
"457025.a4"	457025	[1, -1, 1, 50270, 872522]	[[134, 3095], [434, 9995], [489, 11680]]
"457044.d1"	457044	[0, 1, 0, -9525, 357084]	[[51, 81], [24, 378], [87, 441]]
"457067.a1"	457067	[1, -1, 1, -2596, 51252]	[[9, 164], [48, 164], [178, 2192]]
"457132.c1"	457132	[0, 0, 0, -257, 1505]	[[19, 59], [7, 7], [13, 19]]
"457210.a1"	457210	[1, 1, 0, -7022, 246184]	[[228, 3136], [-22, 636], [427/3, 3422/3]]
"457240.e1"	457240	[0, 1, 0, -385, -1725]	[[25, 70], [-10, 35], [-5, 10]]
"457330.g1"	457330	[1, 1, 0, -21242, 1164244]	[[143, 966], [68, 166], [108, 326]]
"457344.d1"	457344	[0, 0, 0, -11784, 492064]	[[92, 432], [65, 27], [60, 32]]
"457550.a1"	457550	[1, -1, 0, -1267, 17641]	[[24, 13], [19, 3], [-1, 138]]
"457565.a1"	457565	[0, 1, 1, -1260, 16314]	[[11, 62], [36, 137], [61, 412]]
"457710.q1"	457710	[1, 0, 1, -53849, -4704478]	[[-132, 394], [-120, 241], [-150, 16]]
"457710.q2"	457710	[1, 0, 1, -7679, 152606]	[[93, 448], [-6, 448], [21, 16]]
"457755.a1"	457755	[1, 1, 1, -4170, 18132]	[[72, 276], [-3, 176], [62, 21]]
"457789.a1"	457789	[0, -1, 1, -67, -188]	[[-4, 0], [-19/2, 3/2], [32, 171]]
"457794.a1"	457794	[1, -1, 0, -24, 1664]	[[-8, 40], [16, 64], [40, 232]]
"457800.u1"	457800	[0, -1, 0, -13308, 576612]	[[92, 350], [42, 300], [78, 84]]
"457800.u2"	457800	[0, -1, 0, 317, 31612]	[[-3, 175], [72, 650], [-24, 98]]
"457840.e1"	457840	[0, 0, 0, -848, 9452]	[[-26, 118], [73/2, 59/2], [22, 38]]
"457890.c1"	457890	[1, 0, 1, -2079, 36406]	[[29, 12], [23, 18], [-7, 228]]
"457908.a1"	457908	[0, -1, 0, -6212, 191016]	[[50, 54], [46, 22], [173/2, 297/2]]
"457914.a1"	457914	[1, 1, 0, -73, -71]	[[-8, 13], [10, 13], [-6, 17]]
"458008.a1"	458008	[0, 0, 0, 41, 154]	[[-3, 2], [1, 14], [5, 22]]
"458079.a1"	458079	[0, -1, 1, -944, 11804]	[[26, 64], [112, 1139], [6, 79]]
"458186.a1"	458186	[1, 0, 0, -112, -384]	[[-8, 8], [-4, 4], [-6, 12]]
"458192.a1"	458192	[0, 1, 0, -805, -6321]	[[35, 98], [-14, 49], [-77/3, 98/3]]
"458194.a1"	458194	[1, 0, 1, -3216, 70490]	[[59, 265], [295/3, 193/3], [0, 265]]
"458242.c1"	458242	[1, -1, 1, -7999, 248807]	[[27, 214], [-49, 746], [1395, 51286]]
"458244.b1"	458244	[0, 0, 0, -129, 529]	[[5, 3], [11, 21], [8, 3]]
"458284.a1"	458284	[0, 1, 0, -77, 244]	[[5, 3], [3, 7], [1, 13]]
"458312.a1"	458312	[0, 0, 0, -7639, 256986]	[[77, 354], [457/3, 118/3], [49, 18]]
"458345.a1"	458345	[1, -1, 1, -768832, -207249194]	[[9919/2, 906767/2], [-674, 2439], [1211, 24624]]
"458345.a2"	458345	[1, -1, 1, -243207, 43368806]	[[486, 6064], [661, 12749], [-81/2, 55667/2]]
"458345.a3"	458345	[1, -1, 1, -239002, 45032304]	[[22, 6296], [747, 16446], [292, 131]]
"458345.a4"	458345	[1, -1, 1, 215138, 187472474]	[[-268, 10646], [-123, 12676], [73868/7, 21260378/7]]
"458354.a1"	458354	[1, -1, 0, -1261, 26533]	[[13, 104], [26, 91], [39, 169]]
"458378.a1"	458378	[1, 1, 0, 4, 34]	[[-1, 6], [-3, 4], [11, 34]]
"458378.c1"	458378	[1, -1, 1, -4035, 99651]	[[37, -18], [35, 2], [331/3, -466/3]]
"458442.j1"	458442	[1, -1, 1, 238, 2065]	[[1, 47], [-7, 7], [17, 95]]
"458516.b1"	458516	[0, 0, 0, -284, 1841]	[[10, 1], [8, 9], [22, 79]]
"458563.a1"	458563	[0, -1, 1, -152, 450]	[[-1, 24], [48, 318], [45/2, 45/2]]
"458602.c1"	458602	[1, -1, 1, -16470, 817509]	[[67, 73], [73, -21], [1889/5, -3073/5]]
"458667.b1"	458667	[1, -1, 1, -1544, 26102]	[[24, 37], [46, 202], [-36, 202]]
"458688.d1"	458688	[0, -1, 0, -18849, 560673]	[[633, 15552], [147, 972], [-7, 832]]
"458688.j1"	458688	[0, -1, 0, -353, 225]	[[-7, 48], [25, 80], [89, 816]]
"458795.a1"	458795	[1, -1, 1, -63, 192]	[[3, 3], [8, 8], [-2, 18]]
"458798.a1"	458798	[1, 0, 0, -85, -159]	[[-6, 15], [-2, 3], [10, -1]]
"458865.f1"	458865	[1, -1, 1, -1982, 29206]	[[1, 164], [16, 29], [41, 104]]
"458889.a1"	458889	[1, 0, 0, -79, 914]	[[-10, 32], [-1, 32], [17, 59]]
"458891.a1"	458891	[0, 0, 1, -61, 186]	[[4, 2], [5, 2], [3, 5]]
"458895.a1"	458895	[0, 1, 1, -1210, 18556]	[[5, 112], [-40, 67], [20, 52]]
"458900.a1"	458900	[0, 0, 0, -160, -575]	[[-6, 13], [20, 65], [-4, 1]]
"458991.a1"	458991	[1, -1, 1, -62, 210]	[[5, 0], [8, 9], [6, 2]]
"459034.h1"	459034	[1, 1, 1, -4729, 123207]	[[35, 28], [41, -2], [355/3, -628/3]]
"459050.a1"	459050	[1, 1, 0, -5250, 146500]	[[45, 40], [40, 30], [280/3, 2830/3]]
"459051.c1"	459051	[1, 0, 0, -547, 5306]	[[11, 20], [62, 428], [95/2, 517/2]]
"459086.h1"	459086	[1, 1, 1, -40664, -3040743]	[[-131, 309], [1455, 54233], [-935/3, 8831/3]]
"459200.f1"	459200	[0, 0, 0, -1300, 66400]	[[-30, 280], [5, 245], [40, 280]]
"459200.bh1"	459200	[0, -1, 0, -105833, 13354537]	[[-33, 4100], [1753/3, 8200/3], [131, 1312]]
"459214.a1"	459214	[1, -1, 0, -64, 2284]	[[-2, 50], [12, 50], [26, 120]]
"459214.c1"	459214	[1, 1, 0, -756, 7696]	[[16, -4], [15, -4], [64, 444]]
"459214.f1"	459214	[1, -1, 1, -789, 11757]	[[-1, 112], [31, 112], [55, 336]]
"459261.a1"	459261	[1, -1, 1, 9373, 577010]	[[-14, 672], [228, 3697], [30, 925]]
"459306.a1"	459306	[1, -1, 0, -6441, 367181]	[[115, 1009], [34, 415], [-43, 772]]
"459307.a1"	459307	[0, 0, 1, 10, 30]	[[-2, 1], [0, 5], [10/3, 163/3]]
"459336.a1"	459336	[0, -1, 0, -12, 324]	[[0, 18], [-6, 12], [12, 42]]
"459425.b1"	459425	[1, 1, 1, 3737, -99594]	[[60, 557], [1415/2, 52631/2], [110, 1232]]
"459480.a1"	459480	[0, -1, 0, -316, 2980]	[[16, 42], [-12, 70], [58, 420]]
"459522.e1"	459522	[1, -1, 0, -576, 5116]	[[2, 62], [20, 26], [11, -1]]
"459535.a1"	459535	[0, -1, 1, -611, -45654]	[[48, 182], [724/3, 17470/3], [126, 1364]]
"459536.f1"	459536	[0, -1, 0, -5549, 160465]	[[153, 1694], [32, 121], [409/3, 242/3]]
"459560.a1"	459560	[0, 0, 0, -148, -668]	[[-6, 2], [-8, 2], [-7, 5]]
"459648.a1"	459648	[0, 0, 0, -4644, 374544]	[[-54, 684], [288, 4788], [630, 15732]]
"459655.a1"	459655	[0, 1, 1, -350, 5154]	[[6, 57], [-17, 80], [169/3, 1999/3]]
"459660.c1"	459660	[0, -1, 0, -4230, 497025]	[[0, 705], [-90, 375], [1410, 52875]]
"459714.a1"	459714	[1, 1, 0, -68, 204]	[[2, 8], [5, 2], [4, 2]]
"459775.a1"	459775	[0, 0, 1, -11375, 438306]	[[45, 132], [1465/3, 45964/3], [10380, 1057482]]
"459858.a1"	459858	[1, 0, 1, -150, 292]	[[-1, 21], [20, 63], [41, 231]]
"459902.a1"	459902	[1, 0, 0, -715, 7281]	[[14, 1], [18, 9], [16, -7]]
"460026.g1"	460026	[1, -1, 1, -3182, 91005]	[[-7, 339], [-63, 227], [329, 5715]]
"460032.b1"	460032	[0, -1, 0, -27, 39]	[[5, 2], [-1, 8], [7, 12]]
"460032.l1"	460032	[0, 1, 0, -607, 4181]	[[23, 54], [-4, 81], [77, 648]]
"460040.a1"	460040	[0, 1, 0, -1001, 11515]	[[7, 70], [27, 70], [77, 630]]
"460083.a1"	460083	[0, 1, 1, -11336, 463982]	[[-83, 916], [73, 175], [253/2, 503/2]]
"460108.a1"	460108	[0, 1, 0, -74, -143]	[[-6, 11], [16, 55], [-8, 1]]
"460137.a1"	460137	[1, 0, 0, -3435, 105066]	[[-69, 156], [174, 2100], [39, 156]]
"460224.a1"	460224	[0, 0, 0, -12492, 533520]	[[42, 288], [58, 64], [-102, 864]]
"460224.a2"	460224	[0, 0, 0, -252, 19440]	[[72, 612], [21, 153], [4, 136]]
"460293.a1"	460293	[1, 0, 0, -1632, 25281]	[[9, 102], [21, 9], [223/3, 56/3]]
"460386.a1"	460386	[1, -1, 0, 54, 238]	[[-1, 14], [17, 68], [3, 19]]
"460440.e1"	460440	[0, 0, 0, -4572, 126036]	[[-18, 450], [42, 90], [132, 1350]]
"460525.a1"	460525	[1, -1, 1, -240, 1512]	[[10, 1], [9, 0], [14, 20]]
"460579.a1"	460579	[0, 1, 1, -1, 32]	[[-2, 5], [2, 6], [10, 33]]
"460592.a1"	460592	[0, 0, 0, -2755, 84226]	[[47, 242], [25, 176], [14, 220]]
"460598.a1"	460598	[1, -1, 0, -1188028, 498745744]	[[549, 3155], [416, 8532], [-895, 29508]]
"460598.c1"	460598	[1, 1, 0, -162, 760]	[[9, 7], [-14, 30], [7, 2]]
"460656.f1"	460656	[0, 0, 0, -20187, -1087830]	[[-81, 126], [-74, 28], [-89, 62]]
"460656.f2"	460656	[0, 0, 0, -2547, 23490]	[[3, 126], [-18, 252], [9, 36]]
"460672.a1"	460672	[0, 1, 0, -17705, 908839]	[[119, 708], [181/2, 3599/2], [91, 244]]
"460748.a1"	460748	[0, 0, 0, -4168, 103561]	[[78, 503], [38, 7], [36, 13]]
"460776.d1"	460776	[0, 1, 0, -5964, 174672]	[[66, 270], [48, 36], [12, 324]]
"460810.k1"	460810	[1, 0, 0, -361, 80985]	[[-32, 261], [66, 555], [10, 275]]
"460866.g1"	460866	[1, 1, 1, -7, 317]	[[-1, 18], [-7, 12], [5, 18]]
"460866.h1"	460866	[1, 1, 1, -110502, 14128035]	[[177, 303], [961, 27743], [205, 275]]
"460890.c1"	460890	[1, -1, 0, 30, 296]	[[-2, 16], [13, 46], [28, 136]]
"460974.d1"	460974	[1, 1, 1, -1005, 11811]	[[19, -4], [7, 68], [31, 92]]
"461041.a1"	461041	[1, 1, 1, -99, -344]	[[-8, 7], [13, 21], [-7, 11]]
"461241.a1"	461241	[0, 0, 1, 87, 90]	[[2, 16], [-1, 1], [41/2, 359/2]]
"461434.a1"	461434	[1, 1, 0, -321, 4021]	[[-6, 79], [10, 39], [250/3, 3197/3]]
"461453.a1"	461453	[1, 1, 1, -247, -1538]	[[-77/3, 265/3], [82, 692], [-155/4, 767/4]]
"461482.a1"	461482	[1, -1, 0, -1969, 206989]	[[142, 1595], [-265/2, 1931/2], [-5, 468]]
"461522.a1"	461522	[1, -1, 0, -131, 1621]	[[6, 29], [70, 541], [118/3, 1039/3]]
"461526.c1"	461526	[1, 0, 1, -6787, -182206]	[[-47, 206], [-38, 164], [319, 5330]]
"461526.c2"	461526	[1, 0, 1, -1927, 29690]	[[4, 146], [19, -4], [40, 110]]
"461560.a1"	461560	[0, 1, 0, -276, 1024]	[[14, 10], [-6, 50], [15, 22]]
"461560.a2"	461560	[0, 1, 0, 824, 8064]	[[-8, 32], [16, 160], [-5, 62]]
"461584.a1"	461584	[0, 0, 0, -787, 8530]	[[17, 8], [15, 10], [1, 88]]
"461584.c1"	461584	[0, -1, 0, -392, 2704]	[[-16, 68], [18, 34], [120, 1292]]
"461587.a1"	461587	[1, 1, 1, -130, 456]	[[-4, 32], [57, 398], [8, -1]]
"461616.b1"	461616	[0, -1, 0, -73216, 7649632]	[[162, 118], [154, 54], [44, 2124]]
"461619.a1"	461619	[0, 0, 1, -171, 866]	[[6, 7], [9, 7], [3, 19]]
"461619.c1"	461619	[0, 0, 1, 54, 122681]	[[267, 4378], [-183/2, 1247/2], [825/8, 181139/8]]
"461672.a1"	461672	[0, -1, 0, -177, 949]	[[9, 2], [7, 2], [13, 26]]
"461680.e1"	461680	[0, -1, 0, -1336, -18064]	[[-20, 16], [76, 560], [-22, 14]]
"461748.b1"	461748	[0, -1, 0, -4702, 125689]	[[42, 23], [34, 63], [40, 3]]
"461775.e1"	461775	[1, 0, 0, -4238, 106317]	[[31, 55], [37, 4], [637/4, 841/4]]
"461788.a1"	461788	[0, 0, 0, -73, 361]	[[-9, 17], [8, 17], [25, 119]]
"461817.b1"	461817	[0, 0, 1, -4761, 127092]	[[230, 3346], [36, 48], [-61, 436]]
"461844.a1"	461844	[0, 0, 0, -18048, 932996]	[[88, 162], [76, 18], [68, 142]]
"461852.a1"	461852	[0, -1, 0, -869, -2210]	[[111, 1121], [-7, 59], [-15, 85]]
"461886.b1"	461886	[1, 0, 1, -660, 9142]	[[17, 45], [-10, 126], [71, 531]]
"461886.c1"	461886	[1, 0, 1, 23540, 629642]	[[-23, 287], [529, 12431], [529/5, 131923/5]]
"461907.a1"	461907	[0, 0, 1, -471, 4032]	[[11, 13], [14, 13], [29, 121]]
"461907.c1"	461907	[0, 0, 1, -822, 45931]	[[79, 688], [-23, 229], [113, 1181]]
"461910.e1"	461910	[1, 0, 1, -5213, 170156]	[[75, 412], [-75, 412], [-15, 502]]
"461930.a1"	461930	[1, -1, 0, -880, 11476]	[[22, 38], [8, 66], [15, 31]]
"461968.b1"	461968	[0, -1, 0, -117, 169]	[[13, 26], [0, 13], [13/3, 26/3]]
"461988.a1"	461988	[0, 0, 0, -1047, 14830]	[[23, 54], [-13, 162], [14, 54]]
"461988.b1"	461988	[0, 0, 0, -96, 580]	[[8, 18], [-4, 30], [5, 15]]
"462001.a1"	462001	[0, 0, 1, -100052, 12181106]	[[188, 126], [1600/3, 3034/3], [729/2, 65/2]]
"462007.a1"	462007	[0, 0, 1, -79561, 8637660]	[[185, 500], [159, 84], [164, 24]]
"462007.b1"	462007	[0, -1, 1, -99, -186]	[[16, 45], [-27/2, 87/2], [-38/3, 305/3]]
"462042.e1"	462042	[1, -1, 0, -453, -1309]	[[29, 82], [109, 1057], [-7, 42]]
"462042.e2"	462042	[1, -1, 0, -243, 1505]	[[7, 7], [8, 1], [11, 3]]
"462162.b1"	462162	[1, 1, 0, -93, 441]	[[8, 13], [-9, 30], [15/2, 87/2]]
"462182.a1"	462182	[1, 0, 0, -1309, 18225]	[[22, 3], [18, 15], [26, 31]]
"462272.a1"	462272	[0, 0, 0, -172, 1360]	[[2, 32], [18, 64], [-14, 32]]
"462272.u1"	462272	[0, 1, 0, -29793, 1969439]	[[103, 64], [97, 40], [295, 4352]]
"462274.a1"	462274	[1, 1, 1, -887, 9645]	[[55, 334], [133/3, -32/3], [39/2, 319/2]]
"462318.a1"	462318	[1, 1, 0, -147, 585]	[[12, 21], [3, 12], [-6, 39]]
"462318.c1"	462318	[1, 1, 0, -6221, 184221]	[[34, 99], [5, 389], [2594/7, 19109/7]]
"462318.d1"	462318	[1, 1, 0, -4480, -117092]	[[-39, 5], [106, 730], [367, 6733]]
"462360.f1"	462360	[0, 1, 0, -4001, 76899]	[[19, 90], [55, 162], [1, 270]]
"462365.a1"	462365	[1, 0, 0, -10025, 385000]	[[25, 375], [-20, 770], [-115, 200]]
"462365.a2"	462365	[1, 0, 0, -7080, 616477]	[[84, 743], [-81, 853], [-73, 900]]
"462426.h1"	462426	[1, 0, 0, -4175, 95481]	[[-26, 445], [46, 13], [28, 13]]
"462510.a1"	462510	[1, -1, 0, -195, 1061]	[[10, 1], [7, -2], [22, 73]]
"462521.a1"	462521	[0, -1, 1, -62, 90]	[[-6, 14], [23, 101], [5/2, 25/2]]
"462528.r1"	462528	[0, 0, 0, -4236, 26384]	[[-46, 352], [-14, 288], [82, 480]]
"462528.r2"	462528	[0, 0, 0, -3276, 72080]	[[2, 256], [32, 4], [37, 39]]
"462582.b1"	462582	[1, -1, 0, 243, -177147]	[[243, 3645], [57, 111], [243/2, 1701/2]]
"462582.g1"	462582	[1, -1, 1, -76262, 8222325]	[[77, 1635], [201, 891], [137, 507]]
"462635.a1"	462635	[1, -1, 1, -2127, 38304]	[[19, 57], [-48, 191], [27, -9]]
"462636.a1"	462636	[0, 0, 0, -237, 965]	[[13, 9], [-5, 45], [4, 9]]
"462672.j1"	462672	[0, 0, 0, -26379, 1646874]	[[-15, 1428], [87, 102], [90, 42]]
"462690.h1"	462690	[1, -1, 0, -10095, 368621]	[[-7, 666], [43, 91], [70, 1]]
"462690.h2"	462690	[1, -1, 0, 8985, 1585925]	[[65, 1530], [-67, 858], [-89, 319]]
"462784.j1"	462784	[0, 0, 0, -1676, 11440]	[[6, 40], [-42, 88], [54, 280]]
"462784.j2"	462784	[0, 0, 0, -1396, 20064]	[[20, 12], [30, 72], [21, 3]]
"462842.b1"	462842	[1, 1, 1, -207, 1045]	[[7, -2], [11, 10], [5, 10]]
"462890.b1"	462890	[1, 0, 0, -751, 4281]	[[26, 37], [46, 237], [-2, 77]]
"462890.b2"	462890	[1, 0, 0, 2449, 31801]	[[-2, 165], [80, 821], [30, 349]]
"462897.a1"	462897	[1, -1, 1, 202, 1878]	[[14, 78], [-4, 33], [128, 1389]]
"462922.b1"	462922	[1, -1, 1, -396, 3471]	[[5, 37], [21, 53], [13, 13]]
"462931.a1"	462931	[1, 0, 0, 148, 1459]	[[-5, 27], [2, 41], [65, 503]]
"462944.b1"	462944	[0, -1, 0, -154349, 23391685]	[[212, 391], [227, 4], [917/2, 437/2]]
"462952.a1"	462952	[0, 0, 0, -7, 490]	[[-7, 14], [7, 28], [21, 98]]
"462997.a1"	462997	[0, 0, 1, -97, 366]	[[6, 0], [5, 2], [7, 5]]
"463005.a1"	463005	[0, 0, 1, -18273, 952128]	[[-4, 1012], [71, 112], [-154, 337]]
"463010.b1"	463010	[1, -1, 1, -300117, 63444141]	[[-129, 10064], [271, 1264], [351, 944]]
"463030.d1"	463030	[1, -1, 0, 10, 900]	[[8, 34], [0, 30], [5, 30]]
"463071.a1"	463071	[1, 0, 0, -1609, 24818]	[[23, -1], [26, 14], [17, 41]]
"463114.a1"	463114	[1, -1, 0, -43, 115]	[[3, 1], [5, 0], [1, 8]]
"463120.m1"	463120	[0, 0, 0, -83, 1682]	[[1, 40], [17, 72], [7, 38]]
"463185.b1"	463185	[0, 0, 1, -1677, 26410]	[[28, 37], [23, 2], [97/2, 11/2]]
"463211.a1"	463211	[1, -1, 0, 107, 406]	[[10, 44], [-9/2, 107/2], [13/4, 1395/4]]
"463255.b1"	463255	[0, -1, 1, 409, -3678]	[[86, 812], [8, 6], [36, 237]]
"463295.b1"	463295	[1, 0, 0, -855, 10702]	[[-31, 103], [19, 28], [-6, 128]]
"463298.a1"	463298	[1, -1, 0, -121, 2541]	[[2, 47], [66, 495], [11, 44]]
"463307.a1"	463307	[1, -1, 1, -9948, 385310]	[[82, 299], [1085/4, 6651/4], [2, 603]]
"463312.c1"	463312	[0, -1, 0, 544, 1024]	[[48, 368], [2, 46], [77/2, 1081/2]]
"463331.a1"	463331	[0, -1, 1, -802, 9022]	[[16, 5], [17, 3], [53/2, 183/2]]
"463419.a1"	463419	[1, -1, 1, -14702, -366910]	[[237, 2950], [-104, 222], [-27, 112]]
"463475.a1"	463475	[0, -1, 1, -158, 4218]	[[12, 62], [-13, 62], [-17/3, 1799/3]]
"463475.b1"	463475	[0, -1, 1, -8033, 279843]	[[47, 62], [57, 62], [-93, 462]]
"463485.d1"	463485	[0, 1, 1, -11430, 449084]	[[81, 247], [-171/2, 7421/2], [26, 412]]
"463488.y1"	463488	[0, 1, 0, -3465, 74439]	[[-9, 324], [27, 36], [39, 12]]
"463538.c1"	463538	[1, 0, 0, 2138, 116196]	[[76, 810], [-30, 174], [236, 3594]]
"463542.c1"	463542	[1, 0, 1, -85683, -7700978]	[[503, 8496], [-217, 936], [-145, 1368]]
"463542.e1"	463542	[1, 0, 1, -3022, 63644]	[[28, 20], [31, -13], [-41, 365]]
"463594.a1"	463594	[1, 0, 1, -3728, 86622]	[[9, 227], [41, 35], [-39, 435]]
"463594.b1"	463594	[1, 0, 1, -126, -544]	[[-7, 5], [-6, 4], [-25/2, 1/2]]
"463606.a1"	463606	[1, 0, 1, -36634, 2695728]	[[122, 153], [109, -81], [67, 703]]
"463608.a1"	463608	[0, 0, 0, -6804, -124444]	[[353, 6439], [-70, 94], [118, 846]]
"463738.j1"	463738	[1, 1, 1, -2147, 37377]	[[25, -2], [27, -10], [15, 86]]
"463771.a1"	463771	[0, 0, 1, -559, 6072]	[[3, 66], [17, 38], [22, 66]]
"463920.f1"	463920	[0, -1, 0, -3800, 90000]	[[50, 150], [40, 20], [0, 300]]
"463943.b1"	463943	[1, 1, 0, 8, 35]	[[-2, 5], [2, 7], [14, 49]]
"463965.a1"	463965	[1, 0, 0, 94, 1095]	[[13, 61], [-2, 31], [1, 34]]
"464030.c1"	464030	[1, 0, 1, -89, 396]	[[11, 22], [4, 8], [-1, 22]]
"464094.b1"	464094	[1, -1, 0, -171, 513]	[[12, 3], [-6, 39], [3, 3]]
"464094.c1"	464094	[1, -1, 0, -189351, 26159193]	[[129, 1902], [-441, 5094], [9306, 892071]]
"464187.a1"	464187	[1, 0, 0, -9709, 366638]	[[53, 14], [-109, 419], [59, -22]]
"464202.a1"	464202	[1, -1, 0, -57456, 5315836]	[[146, 80], [122, 272], [95, 794]]
"464202.b1"	464202	[1, -1, 0, 276219, 18430933]	[[71, 6161], [666, 21971], [-31, 3152]]
"464212.b1"	464212	[0, -1, 0, -8989, 318473]	[[43, 98], [71, 182], [64, 35]]
"464256.f1"	464256	[0, 0, 0, -511716, 140894224]	[[389, 837], [420, 248], [1226, 36828]]
"464258.a1"	464258	[1, 0, 0, -365, 2641]	[[10, -1], [14, 11], [12, -1]]
"464266.a1"	464266	[1, -1, 0, -8195194, -9027628364]	[[4676, 231918], [-1660, 654], [3345, 29606]]
"464266.d1"	464266	[1, -1, 0, -383, 11281]	[[60, 419], [91/3, 2333/3], [4, 97]]
"464278.a1"	464278	[1, 1, 0, -74, 2116]	[[8, 42], [0, 46], [77, 640]]
"464292.a1"	464292	[0, 0, 0, -477, 4005]	[[15, 15], [12, 3], [13, 1]]
"464320.o1"	464320	[0, -1, 0, -641, 6241]	[[21, 40], [11, 20], [53, 344]]
"464392.a1"	464392	[0, 1, 0, -92, 256]	[[0, 16], [-4, 24], [12, 32]]
"464424.a1"	464424	[0, -1, 0, 607, 933]	[[7, 74], [44, 333], [17, 126]]
"464448.c1"	464448	[0, -1, 0, -177, 81]	[[-3, 24], [21, 72], [-11, 24]]
"464512.a1"	464512	[0, 1, 0, 71, -105]	[[3, 12], [7, 28], [19, 92]]
"464518.b1"	464518	[1, -1, 1, -87, -145]	[[-5, 14], [11, 6], [-7, 12]]
"464595.c1"	464595	[1, 1, 1, -31, 494]	[[-2, 24], [-6, 25], [76/3, 695/3]]
"464666.a1"	464666	[1, -1, 1, -21, 141]	[[3, 8], [-5, 12], [1, 10]]
"464670.b1"	464670	[1, -1, 0, -1260, 17536]	[[20, -4], [32, 80], [-4, 152]]
"464700.k1"	464700	[0, 1, 0, -4073, 99408]	[[37, 27], [-17, 405], [19, 171]]
"464768.a1"	464768	[0, 1, 0, -153, 631]	[[5, 4], [11, 20], [9, 8]]
"464788.a1"	464788	[0, 0, 0, -400, -3068]	[[-12, 2], [-11, 1], [44, 254]]
"464808.k1"	464808	[0, 1, 0, -1044, 12960]	[[18, 18], [-18, 162], [12, 48]]
"464831.a1"	464831	[1, 0, 0, -26, 37]	[[1, 3], [4, -1], [-4, 11]]
"464832.f1"	464832	[0, 0, 0, -156, 1744]	[[14, 48], [-10, 48], [6, 32]]
"464841.a1"	464841	[0, 0, 1, -1641, 32440]	[[40, 175], [14, 110], [-14, 229]]
"464856.a1"	464856	[0, -1, 0, -488, 4365]	[[14, 9], [-22, 63], [5, 45]]
"464868.b1"	464868	[0, 0, 0, -8544, 304004]	[[52, 18], [16, 414], [61, 99]]
"464868.c1"	464868	[0, 0, 0, 1896, 18596]	[[4, 162], [-8, 54], [652, 16686]]
"464919.c1"	464919	[1, 1, 1, 848, -2878]	[[18, 127], [4, 22], [200, 2766]]
"464976.a1"	464976	[0, 0, 0, -3387, 81610]	[[-7, 324], [47, 162], [209, 2916]]
"464976.j1"	464976	[0, 0, 0, -22035, 1281746]	[[217, 2592], [25, 864], [55, 486]]
"465087.a1"	465087	[1, 1, 1, -181, 710]	[[17, 45], [-10, 45], [44, 261]]
"465131.a1"	465131	[0, 0, 1, -217, -414]	[[74, 623], [-12, 21], [16, 14]]
"465155.a1"	465155	[0, -1, 1, 30, -162]	[[4, 2], [9, 27], [7, 18]]
"465155.c1"	465155	[0, 0, 1, -31912, 3862590]	[[817/2, 19371/2], [48, 1562], [88, 1317]]
"465180.a1"	465180	[0, -1, 0, -166, 841]	[[6, 5], [16, 45], [10, 9]]
"465246.l1"	465246	[1, -1, 1, -2954, 49609]	[[49, 119], [-47, 311], [17, 55]]
"465255.c1"	465255	[1, -1, 1, -83, 956]	[[-5, 37], [30, 142], [15/2, 191/2]]
"465258.a1"	465258	[1, 1, 0, -19, 49]	[[0, 7], [-4, 11], [6, 11]]
"465384.a1"	465384	[0, 1, 0, -1865, 29979]	[[31, 54], [13, 90], [-5, 198]]
"465480.c1"	465480	[0, 0, 0, -228, 452]	[[-14, 30], [16, 30], [1, 15]]
"465519.b1"	465519	[0, 1, 1, -58, -2]	[[-4, 13], [-1, 7], [-7, 10]]
"465528.a1"	465528	[0, -1, 0, -7705, 264061]	[[-59, 714], [25, 294], [43, 102]]
"465549.a1"	465549	[0, -1, 1, -13050, 578192]	[[68, 24], [598/3, 109/3], [65, 18]]
"465575.b1"	465575	[1, 1, 1, -3388, 74256]	[[60, 272], [30, 12], [-61, 272]]
"465591.a1"	465591	[0, 1, 1, -3402, 80372]	[[0, 283], [-63, 220], [189/2, 1319/2]]
"465620.a1"	465620	[0, 1, 0, -70, 825]	[[-2, 31], [60, 465], [10, 35]]
"465630.c1"	465630	[1, 1, 0, -2723, 54177]	[[131, 1337], [32, 17], [21, 72]]
"465661.a1"	465661	[1, 1, 1, -95, 306]	[[7, 3], [0, 17], [6, -3]]
"465674.a1"	465674	[1, 1, 0, 2024, 202796]	[[110, 1276], [-341/3, 7832/3], [1474/3, 57926/3]]
"465731.a1"	465731	[1, -1, 1, 24, 600]	[[0, 24], [-7, 10], [49, 318]]
"465738.h1"	465738	[1, 0, 1, -36793, 2793392]	[[94, 362], [-179, 2000], [3169/5, 43612/5]]
"465762.b1"	465762	[1, 1, 0, 72, -486]	[[27, 135], [5, 3], [45, 288]]
"465762.c1"	465762	[1, 1, 1, -1802, 33815]	[[-3, 199], [41, 155], [-47, 155]]
"465774.b1"	465774	[1, 0, 1, -152, 1190]	[[9, 19], [-15, 19], [33, 163]]
"465795.a1"	465795	[0, 0, 1, -273, 1028]	[[16, 27], [-6, 49], [27, 115]]
"465808.j1"	465808	[0, 1, 0, -12360, 524804]	[[64, 2], [58, 80], [253/2, 67/2]]
"465829.a1"	465829	[0, 1, 1, -28054, 1797552]	[[120, 416], [-174, 1200], [835/3, 1187/3]]
"465894.c1"	465894	[1, -1, 0, -138123, 19790005]	[[242, 581], [221, 38], [177, 841]]
"465894.c2"	465894	[1, -1, 0, -7803, 372325]	[[-58, 821], [41, 326], [86, 533]]
"465936.b1"	465936	[0, -1, 0, -192, 864]	[[12, 12], [4, 12], [-12, 36]]
"465942.a1"	465942	[1, 1, 0, -28, -26]	[[-5, 7], [-1, 2], [-3, 8]]
"465950.a1"	465950	[1, 1, 0, -40, 50]	[[5, 0], [-5, 15], [-1, 10]]
"465950.d1"	465950	[1, -1, 1, -11880, 168747]	[[-51, 825], [149, 1225], [349, 6025]]
"466010.a1"	466010	[1, -1, 0, -590, 5716]	[[12, 10], [-20, 106], [364/5, 2/5]]
"466032.bc1"	466032	[0, 1, 0, -54320, 4752804]	[[154, 252], [175, 798], [42, 1596]]
"466032.bc2"	466032	[0, 1, 0, 7240, 14971764]	[[274, 6132], [-62, 3780], [-230, 1092]]
"466044.a1"	466044	[0, -1, 0, -1645, 26521]	[[39, 142], [-32, 213], [85/2, 213/2]]
"466088.j1"	466088	[0, 1, 0, -352, 1861]	[[18, 41], [3, 29], [6, 1]]
"466146.a1"	466146	[1, -1, 0, -54864, 4964544]	[[141, 60], [112, 408], [199, 1278]]
"466350.a1"	466350	[1, 1, 0, -5400, 162000]	[[180, 2160], [-45, 585], [45, 90]]
"466394.b1"	466394	[1, -1, 0, -103, -131]	[[-2, 9], [14, 25], [30, 137]]
"466438.a1"	466438	[1, 1, 1, -945, 10831]	[[17, -2], [31, 96], [19, 4]]
"466474.a1"	466474	[1, -1, 0, -389, 3029]	[[10, 3], [-22, 35], [5, 32]]
"466498.a1"	466498	[1, 1, 0, -81, 319]	[[9, 16], [-5/2, 169/2], [-11, 0]]
"466498.e1"	466498	[1, -1, 1, -61245, 5849349]	[[147, 8], [-17, 2632], [7039/7, -31368/7]]
"466498.g1"	466498	[1, 0, 0, -61880, -6096544]	[[692, 16464], [2866/3, 64622/3], [938, 27124]]
"466593.a1"	466593	[1, 0, 0, -19342, 1033769]	[[104, 335], [80, -37], [77, 11]]
"466622.b1"	466622	[1, 0, 0, -102342, 15492964]	[[44, 3306], [1228/3, 52654/3], [460, 7882]]
"466623.a1"	466623	[0, 0, 1, -1443, 21042]	[[20, 13], [23, 4], [21, 0]]
"466744.a1"	466744	[0, -1, 0, -20, 196]	[[0, 14], [-4, 14], [8, 22]]
"466772.a1"	466772	[0, 0, 0, -2071, 36334]	[[11, 122], [105/2, 61/2], [-50, 122]]
"466865.a1"	466865	[1, -1, 1, -93, 306]	[[10, 12], [3, 5], [-4, 26]]
"466880.a1"	466880	[0, 1, 0, -481, 2175]	[[-13, 80], [19, 16], [-23, 40]]
"466880.g1"	466880	[0, 0, 0, -13388, 595312]	[[-114, 800], [78, 160], [574/3, 800/3]]
"466958.c1"	466958	[1, 0, 0, -3697, 86121]	[[32, 13], [90, 651], [-26, 419]]
"466970.c1"	466970	[1, 1, 0, -88, 218]	[[-1, 18], [13, 32], [31/2, 39/2]]
"467126.b1"	467126	[1, 1, 0, 94, 3280]	[[8, 64], [42, 268], [93, 863]]
"467132.a1"	467132	[0, -1, 0, -34, 113]	[[4, 5], [2, 7], [-2, 13]]
"467154.d1"	467154	[1, -1, 1, -136541, 19885285]	[[319, 2792], [-401, 3368], [103, 2576]]
"467176.b1"	467176	[0, 1, 0, -203, -386]	[[-5, 23], [87, 805], [-309/5, 2461/5]]
"467192.a1"	467192	[0, 1, 0, -137, -101]	[[-9, 22], [13, 22], [35, 198]]
"467200.a1"	467200	[0, 0, 0, -70, -200]	[[-5, 5], [-4, 4], [-6, 2]]
"467200.k1"	467200	[0, -1, 0, -383, 1387]	[[2, 25], [27, 100], [77, 650]]
"467320.b1"	467320	[0, 1, 0, -441, 4459]	[[-21, 70], [7, 42], [21, 70]]
"467376.a1"	467376	[0, -1, 0, -5832, 178704]	[[120, 1092], [-48, 588], [42, 78]]
"467392.b1"	467392	[0, 1, 0, -5921, 186463]	[[39, 128], [423, 8576], [-89, 128]]
"467427.a1"	467427	[0, 1, 1, -75, 245]	[[3, 7], [9, 19], [5, 4]]
"467590.c1"	467590	[1, 0, 1, -5298, 181928]	[[109, 895], [52, 192], [29, 215]]
"467670.a1"	467670	[1, 1, 0, -28, 532]	[[1, 22], [-8, 22], [46, 292]]
"467725.a1"	467725	[0, 0, 1, -28028375, 57113905156]	[[3154, 9354], [8719, 689609], [1612339/23, 6439167/23]]
"467728.d1"	467728	[0, 0, 0, -1987, 32610]	[[61, 372], [7, 138], [237, 3588]]
"467728.d2"	467728	[0, 0, 0, -347, -1830]	[[-7, 16], [-13, 22], [-6, 6]]
"467800.a1"	467800	[0, 1, 0, -3508, 79488]	[[18, 150], [38, 50], [68, 400]]
"467810.a1"	467810	[1, 0, 1, -56774, 3754116]	[[-52, 2588], [71, 251], [-216, 2547]]
"467810.a2"	467810	[1, 0, 1, 146976, 24618116]	[[274, 9108], [-136, 1523], [2816, 149492]]
"467874.a1"	467874	[1, -1, 0, 51, 289]	[[0, 17], [17, 68], [68, 527]]
"467892.a1"	467892	[0, 0, 0, -3432, 77060]	[[28, 54], [37, 27], [52, 198]]
"467894.a1"	467894	[1, -1, 0, 1129, 3293]	[[1, 66], [22, 185], [43, 339]]
"467895.b1"	467895	[1, 0, 0, -335, 2172]	[[4, 28], [-11, 73], [19, 43]]
"467920.f1"	467920	[0, -1, 0, -2720, -13568]	[[-16, 160], [144, 1600], [-48, 64]]
"468032.g1"	468032	[0, 1, 0, -70113, 7122335]	[[151, 32], [-233, 3296], [145, 160]]
"468111.a1"	468111	[1, 1, 1, -7382, 249950]	[[96, 613], [-2, 515], [-100, 74]]
"468179.a1"	468179	[1, 1, 1, -6947, 220050]	[[10, 384], [67, 213], [912, 26993]]
"468189.a1"	468189	[1, -1, 1, -320, -1492]	[[-6, 16], [21, 16], [-21/2, 53/2]]
"468204.a1"	468204	[0, -1, 0, 187, 1089]	[[11, 66], [-1, 30], [35, 222]]
"468204.e1"	468204	[0, 1, 0, -2949, 67860]	[[-51, 297], [3, 243], [15, 165]]
"468205.a1"	468205	[1, 1, 1, -1086, -8042]	[[-8, 18], [166, 2019], [79, 598]]
"468240.l1"	468240	[0, 1, 0, -576, 324]	[[-6, 60], [54, 360], [-18, 72]]
"468434.a1"	468434	[1, -1, 1, -1248, 17283]	[[21, -7], [13, 49], [19, 3]]
"468438.a1"	468438	[1, 1, 0, -272, 1620]	[[8, 2], [10, 0], [9, -3]]
"468494.c1"	468494	[1, 1, 1, 578, 2427]	[[5, 71], [153, 1847], [75, 651]]
"468530.a1"	468530	[1, -1, 1, -1608, 25227]	[[23, -7], [13, 73], [25, 1]]
"468546.d1"	468546	[1, 0, 1, -33540, 2360722]	[[101, 27], [443/2, 255/2], [257, 3147]]
"468608.c1"	468608	[0, -1, 0, -201, 1369]	[[13, 28], [-15, 28], [-3, 44]]
"468626.a1"	468626	[1, 0, 1, -238, 1392]	[[9, -3], [8, 0], [10, 1]]
"468650.a1"	468650	[1, -1, 0, 23, 1981]	[[3, 44], [94, 863], [-10, 31]]
"468705.a1"	468705	[1, 0, 0, -16, 221]	[[-4, 17], [11, 32], [-7, 5]]
"468787.a1"	468787	[0, -1, 1, -1605, 63252]	[[-123/2, 2295/2], [60, 423], [544, 12644]]
"468860.a1"	468860	[0, 0, 0, -12337, 512209]	[[223, 2975], [48, 175], [73, 25]]
"468870.c1"	468870	[1, 1, 0, -1303, 17557]	[[22, 1], [21, -8], [6, 97]]
"468922.a1"	468922	[1, 1, 1, -629, 5787]	[[15, -4], [13, -2], [19, 24]]
"468928.a1"	468928	[0, 0, 0, -388, 3136]	[[30, 136], [-4, 68], [13, 17]]
"468928.d1"	468928	[0, -1, 0, -34817, 2513281]	[[137, 544], [35, 1156], [120, 221]]
"468928.h1"	468928	[0, -1, 0, -481, 18017]	[[169, 2176], [-23, 128], [41, 256]]
"468965.a1"	468965	[0, 0, 1, -97, 570]	[[3, 17], [8, 17], [10, 24]]
"468966.a1"	468966	[1, 1, 0, 21, 81]	[[0, 9], [-3, 3], [-2, 7]]
"469006.b1"	469006	[1, -1, 0, -179, 949]	[[6, 5], [-2, 37], [7, -2]]
"469070.a1"	469070	[1, -1, 0, 545, -2675]	[[30, 185], [6, 25], [5, 10]]
"469083.a1"	469083	[0, -1, 1, -104, 446]	[[6, 1], [7, 3], [10, 17]]
"469086.c1"	469086	[1, 0, 1, -3812, 90416]	[[18, 157], [-261/2, 2255/2], [-18, 400]]
"469123.a1"	469123	[0, -1, 1, -3444, 78864]	[[36, 15], [346, 6339], [-63, 204]]
"469181.a1"	469181	[1, -1, 1, -358, 128]	[[-16, 47], [172/3, -232/3], [954/7, 2059/7]]
"469233.a1"	469233	[1, -1, 1, -20, -2]	[[-1, 4], [-4, 2], [11, 26]]
"469290.a1"	469290	[1, 1, 0, -108, -288]	[[-4, 12], [-9, 12], [36, 192]]
"469386.c1"	469386	[1, -1, 0, -96, 396]	[[6, 0], [4, 6], [-6, 30]]
"469402.a1"	469402	[1, 1, 0, -369, 2629]	[[13, 9], [-18, 71], [-2, 59]]
"469494.a1"	469494	[1, -1, 0, -1233, 16929]	[[24, 15], [18, 9], [36, 117]]
"469526.a1"	469526	[1, -1, 0, -202, -332]	[[28, 110], [-3, 17], [-7, 30]]
"469545.a1"	469545	[0, -1, 1, -240, 506]	[[20, 57], [-3, 34], [15, 7]]
"469557.b1"	469557	[0, 0, 1, -15093, 712550]	[[75, 49], [64, 93], [201/2, 2273/2]]
"469575.b1"	469575	[1, -1, 1, 6520, -162228]	[[149, 1950], [29, 210], [554, 12885]]
"469605.b1"	469605	[0, 1, 1, -2500, 67054]	[[41, 187], [11, 202], [26, 142]]
"469635.a1"	469635	[1, 1, 1, 910, 34472]	[[32, 296], [-18, 121], [12, 211]]
"469660.a1"	469660	[0, 0, 0, -6088, 195012]	[[236, 3450], [52, 138], [29, 207]]
"469692.a1"	469692	[0, 0, 0, -471, 3854]	[[7, 30], [19, 42], [11, 2]]
"469722.o1"	469722	[1, 0, 0, -109810, 13869956]	[[164, 446], [230, 776], [176, -34]]
"469736.a1"	469736	[0, -1, 0, -65, -59]	[[-3, 10], [-1, 2], [-7, 2]]
"469755.c1"	469755	[1, -1, 1, -30443, 2021456]	[[36, 967], [120, 232], [55, 687]]
"469755.c2"	469755	[1, -1, 1, -68, 89606]	[[36, 346], [-20, 297], [55, 472]]
"469790.i1"	469790	[1, 0, 0, -1891, 31425]	[[28, 11], [-22, 261], [26, -11]]
"469790.j1"	469790	[1, 0, 0, -137241, 19550521]	[[218, -45], [26, 3987], [226, 187]]
"469945.a1"	469945	[0, 0, 1, 25733, 2400030]	[[178, 3552], [7283, 621687], [423, 9432]]
"469968.a1"	469968	[0, -1, 0, 256, -7680]	[[80, 720], [16, 16], [48, 336]]
"470022.q1"	470022	[1, 0, 1, -136048, 19271162]	[[163, 1115], [198, 226], [334, 3167]]
"470022.q2"	470022	[1, 0, 1, -5708, 502202]	[[30, 583], [9, 667], [-75, 751]]
"470046.b1"	470046	[1, 0, 1, -108, -98]	[[-7, 21], [11, 3], [-1, 3]]
"470112.h1"	470112	[0, 1, 0, -29249, 1916367]	[[79, 324], [103, 84], [397/2, 243/2]]
"470134.a1"	470134	[1, 0, 1, -470, 3780]	[[3, 47], [17, 19], [24, 68]]
"470150.c1"	470150	[1, 0, 0, -4963, 146817]	[[-18, 489], [46, 105], [22, 209]]
"470183.a1"	470183	[1, 1, 1, 8, 90]	[[-3, 8], [0, 9], [-4, 5]]
"470210.a1"	470210	[1, -1, 0, 56, 5200]	[[16, 92], [-9, 67], [116, 1192]]
"470226.c1"	470226	[1, 0, 1, -635, 8930]	[[-27, 94], [27, 94], [9, 58]]
"470258.a1"	470258	[1, 0, 1, -1892, 39990]	[[-30, 279], [39, 141], [315, 5385]]
"470260.a1"	470260	[0, 1, 0, -145, 4368]	[[31, 175], [-4, 70], [11, 65]]
"470320.e1"	470320	[0, 1, 0, -1256, -4300]	[[62, 400], [-34, 16], [-242/3, 2800/3]]
"470334.b1"	470334	[1, 1, 1, -307, 3185]	[[11, 30], [-13, 78], [35, 174]]
"470352.t1"	470352	[0, 1, 0, -1000, -3916]	[[-10, 72], [-28, 54], [134, 1512]]
"470560.e1"	470560	[0, -1, 0, -306, 1156]	[[0, 34], [51, 340], [-17, 34]]
"470582.a1"	470582	[1, 0, 1, 237, 1022]	[[3, 40], [31, 180], [10, 61]]
"470662.a1"	470662	[1, 0, 1, -25, 0]	[[-3, 8], [0, 0], [-5, 4]]
"470665.c1"	470665	[1, 1, 0, -54083, 4818598]	[[174, 758], [134, -62], [8601/8, -28489/8]]
"470675.a1"	470675	[1, 1, 1, -449088, 114613906]	[[3565, 207592], [440, 1342], [18785/8, 1390229/8]]
"470757.a1"	470757	[0, -1, 1, -2786, -97372]	[[269, 4306], [293/2, 2345/2], [1052, 34060]]
"470775.a1"	470775	[0, 1, 1, -27008, 1700144]	[[88, 112], [43, 787], [397/2, 671/2]]
"470828.a1"	470828	[0, 0, 0, -416, 2916]	[[36, 186], [5, 31], [0, 54]]
"470851.a1"	470851	[0, 1, 1, -2417, 44940]	[[28, 0], [109/2, 55/2], [117/2, 85/2]]
"470859.a1"	470859	[0, -1, 1, -2578, -33276]	[[-26, 124], [389, 7594], [5452, 402508]]
"470919.a1"	470919	[1, 1, 1, -80, 236]	[[6, 1], [3, 4], [4, -1]]
"470943.e1"	470943	[0, 0, 1, -1884, -30618]	[[62, 301], [-22, 13], [-28, 13]]
"470976.ce1"	470976	[0, 1, 0, -857, 78759]	[[19, 264], [-14, 297], [85, 792]]
"471128.b1"	471128	[0, 1, 0, -1337, 18379]	[[21, 2], [19, 14], [13, 58]]
"471210.d1"	471210	[1, 1, 0, -452, 2916]	[[32, 134], [2, 44], [17, 14]]
"471274.d1"	471274	[1, 1, 1, -17479, 883005]	[[-85, 1370], [81, 42], [11, 826]]
"471372.a1"	471372	[0, -1, 0, -797, 9006]	[[-1, 99], [17, 9], [26, 72]]
"471378.a1"	471378	[1, 1, 0, -102, -360]	[[-6, 12], [12, 12], [-4, 4]]
"471403.a1"	471403	[0, 1, 1, -130, 530]	[[6, 1], [7, 3], [5, 5]]
"471424.a1"	471424	[0, 0, 0, 26, -524]	[[40, 254], [33/2, 127/2], [106/3, 1016/3]]
"471424.c1"	471424	[0, 1, 0, -857, 9271]	[[31, 116], [15, 4], [-27, 116]]
"471424.d1"	471424	[0, 1, 0, -697, 6711]	[[10, 29], [-19, 116], [13, 4]]
"471424.o1"	471424	[0, 0, 0, -41924, 3304016]	[[112, 116], [118, 4], [148, 584]]
"471435.a1"	471435	[1, 0, 0, -2651, 52656]	[[31, 7], [76, 502], [-59, 97]]
"471472.d1"	471472	[0, 0, 0, -107, 4250]	[[-11, 64], [53, 384], [-1, 66]]
"471538.a1"	471538	[1, 0, 0, 30, 2116]	[[4, 46], [-12, 14], [-4, 46]]
"471637.a1"	471637	[1, 1, 1, -1939, 32052]	[[220/3, -464/3], [71/2, 407/2], [78, 563]]
"471672.c1"	471672	[0, 0, 0, -1119, 15266]	[[25, 54], [-11, 162], [13, 54]]
"471746.c1"	471746	[1, 0, 1, 348, -2286]	[[12, 54], [9, 35], [6, 2]]
"471753.b1"	471753	[1, -1, 1, -1679, 32424]	[[-28, 252], [78, 570], [32, 87]]
"471762.b1"	471762	[1, -1, 0, -153, 81]	[[0, 9], [-12, 15], [-3, 24]]
"471822.f1"	471822	[1, 0, 1, -30798, 2008522]	[[20, 1173], [80, 201], [-196, 822]]
"471822.f2"	471822	[1, 0, 1, 792, 113122]	[[-16, 318], [53, 525], [74, 723]]
"471830.a1"	471830	[1, -1, 0, -655, 3325]	[[55, 335], [26, 45], [5, 10]]
"471898.a1"	471898	[1, 0, 1, -115, 330]	[[9, 2], [2, 9], [-12, 9]]
"471898.d1"	471898	[1, 0, 0, -405, 2401]	[[6, 11], [34, 151], [-22, 39]]
"471936.h1"	471936	[0, 1, 0, -377, -1641]	[[-5, 12], [-11, 36], [-17, 12]]
"471969.b1"	471969	[0, 0, 1, 0, -1546]	[[12, 13], [16, 50], [129/2, 1427/2]]
"471969.b2"	471969	[0, 0, 1, 0, 57]	[[-1, 7], [5, 13], [17, 70]]
"472005.f1"	472005	[0, 0, 1, 432, -61]	[[9, 67], [63, 526], [19, 122]]
"472144.a1"	472144	[0, 0, 0, 5, -374]	[[9, 20], [7, 2], [17, 68]]
"472192.c1"	472192	[0, 1, 0, -1225, 3399]	[[67, 476], [-1, 68], [-17, 140]]
"472192.c2"	472192	[0, 1, 0, -735, -7871]	[[-15, 2], [-16, 7], [33, 70]]
"472197.a1"	472197	[0, 1, 1, -2912, -22828]	[[-17, 148], [-39, 181], [181, 2326]]
"472200.b1"	472200	[0, -1, 0, 32, 157]	[[2, 15], [-2, 9], [-3, 5]]
"472208.a1"	472208	[0, 1, 0, -45, 439]	[[-1, 22], [10, 33], [87, 814]]
"472257.a1"	472257	[1, -1, 1, -7346, 244162]	[[49, -16], [58, 74], [44, 46]]
"472304.a1"	472304	[0, 0, 0, -403171, 98533090]	[[367, 14], [353, 448], [9161/5, 784/5]]
"472304.b1"	472304	[0, -1, 0, -264, 4144]	[[4, 56], [18, 70], [25, 112]]
"472328.a1"	472328	[0, -1, 0, -116, 484]	[[8, 2], [0, 22], [12, 26]]
"472329.b1"	472329	[1, -1, 1, -17375, 885264]	[[83, 57], [68, 87], [72, 24]]
"472329.b2"	472329	[1, -1, 1, -860, 19878]	[[11, 102], [38, 183], [-34, 111]]
"472384.g1"	472384	[0, 1, 0, -11777, 496351]	[[51, 176], [106, 671], [283/3, 10736/3]]
"472530.f1"	472530	[1, 1, 1, -11221, 453179]	[[23, 444], [59, 0], [61, -12]]
"472537.a1"	472537	[0, 0, 1, 1, 422]	[[39, 244], [-7/2, 159/2], [25/3, 557/3]]
"472554.h1"	472554	[1, -1, 1, -497, 3745]	[[7, 20], [19, 20], [-17, 92]]
"472668.c1"	472668	[0, 1, 0, -30350, 2017449]	[[4, 1377], [157, 1071], [106, 51]]
"472720.a1"	472720	[0, 1, 0, -7456, 245844]	[[14, 380], [166, 1900], [-100, 38]]
"472735.a1"	472735	[0, -1, 1, -380, 3528]	[[-1, 62], [24, 87], [9, 27]]
"472747.b1"	472747	[1, -1, 1, -496, 4370]	[[14, -2], [8, 25], [213/4, -425/4]]
"472854.b1"	472854	[1, 0, 0, -5862, 181476]	[[60, 186], [-84, 330], [44, 74]]
"472929.a1"	472929	[0, -1, 1, -20, 182]	[[5, 13], [-4, 13], [14, 49]]
"472930.d1"	472930	[1, 0, 0, -681, 6361]	[[26, 67], [10, 19], [18, -5]]
"472934.a1"	472934	[1, 0, 1, -260, 1362]	[[5, 11], [17, 35], [6, 2]]
"472958.a1"	472958	[1, 0, 0, -364, 3984]	[[24, 84], [8, 36], [-8, 84]]
"473004.b1"	473004	[0, 0, 0, -741, -2851]	[[-11, 63], [52, 315], [115, 1197]]
"473028.c1"	473028	[0, 1, 0, -650, 3249]	[[4, 27], [22, 9], [58, 405]]
"473052.c1"	473052	[0, 1, 0, -9577, 822536]	[[71, 711], [35, 729], [-19, 999]]
"473190.a1"	473190	[1, 1, 0, -123, 333]	[[-6, 33], [9, 3], [14, 33]]
"473272.a1"	473272	[0, -1, 0, 24, -23]	[[1, 1], [4, 11], [9, 29]]
"473352.a1"	473352	[0, -1, 0, -2460, 48996]	[[48, 198], [4, 198], [-40, 286]]
"473358.h1"	473358	[1, 0, 0, -807, 8649]	[[18, -3], [30, 93], [12, 21]]
"473374.a1"	473374	[1, 0, 0, 76, -560]	[[6, 8], [28, 140], [12, 40]]
"473451.b1"	473451	[1, 1, 1, -77, 230]	[[5, -1], [2, 8], [8, 10]]
"473478.k1"	473478	[1, 0, 0, -333420, 74069136]	[[324, 120], [354, 480], [336, -204]]
"473478.k2"	473478	[1, 0, 0, -22380, 974736]	[[48, 84], [-24, 1236], [24, 660]]
"473690.h1"	473690	[1, -1, 1, -3393, 72657]	[[55, 196], [23, 68], [27, 0]]
"473720.f1"	473720	[0, 1, 0, -9420, 358768]	[[-94, 650], [36, 260], [56, 100]]
"473763.a1"	473763	[1, 1, 1, -205, 1154]	[[-2, 40], [71/2, 399/2], [61/3, 211/3]]
"473800.b1"	473800	[0, 1, 0, -87033, 10151563]	[[123, 1150], [363, 5150], [2423, 118450]]
"473908.a1"	473908	[0, 1, 0, -5438, 152545]	[[-68, 461], [189/2, 461/2], [42, 1]]
"473910.h1"	473910	[1, 1, 1, -1296, 23793]	[[21, 69], [-11, 197], [37, 149]]
"473924.a1"	473924	[0, 1, 0, -77, 316]	[[3, 11], [-8, 22], [25, 121]]
"473936.a1"	473936	[0, -1, 0, 208, 16]	[[6, 38], [44, 304], [12, 64]]
"473950.d1"	473950	[1, -1, 1, -7990, 231237]	[[169, 1835], [9, 395], [105, 683]]
"473956.a1"	473956	[0, -1, 0, -414, 169]	[[-6, 49], [-20, 7], [190, 2597]]
"474008.d1"	474008	[0, 0, 0, -14, -51]	[[6, 9], [5, 2], [17, 68]]
"474084.e1"	474084	[0, 0, 0, -3693, 86461]	[[23, 117], [41, 63], [140, 1521]]
"474168.d1"	474168	[0, -1, 0, -108, -252]	[[-6, 12], [-4, 10], [-8, 6]]
"474177.b1"	474177	[1, 1, 1, -4004, 96590]	[[62, 271], [40, 29], [-59, 392]]
"474208.a1"	474208	[0, 0, 0, -76, 1024]	[[-10, 28], [4, 28], [46, 308]]
"474210.a1"	474210	[1, -1, 0, -5190, 145070]	[[43, -17], [61, 199], [47, 34]]
"474210.a2"	474210	[1, -1, 0, -240, 3500]	[[13, 43], [-5, 70], [2, 54]]
"474225.a1"	474225	[0, 1, 1, 42, 2594]	[[-12, 22], [33, 202], [18, 97]]
"474254.a1"	474254	[1, 0, 1, -18121, 937356]	[[78, -34], [75, 2], [1939/5, -4822/5]]
"474320.ci1"	474320	[0, -1, 0, -1976, 1196560]	[[26, 1078], [-72, 980], [1104, 36652]]
"474330.b1"	474330	[1, 1, 0, -23, 177]	[[-4, 17], [2, 11], [11, 32]]
"474385.b1"	474385	[1, 1, 1, -165, 730]	[[8, -2], [-2, 33], [-7, 43]]
"474399.a1"	474399	[1, -1, 1, -122, 20]	[[0, 4], [-9, 22], [-6, 25]]
"474450.b1"	474450	[1, 1, 0, -675, 6525]	[[15, 0], [10, 25], [-30, 45]]
"474504.b1"	474504	[0, -1, 0, -209, 1845]	[[13, 34], [-4, 51], [47, 306]]
"474523.a1"	474523	[1, 1, 1, -139, -204]	[[-3, 15], [-10, 22], [18, 50]]
"474573.a1"	474573	[0, -1, 1, -162, 1790]	[[23, 98], [10/3, 1070/3], [-5, 49]]
"474573.h1"	474573	[0, 1, 1, -254727, 56463500]	[[-90, 8869], [2925/2, 129425/2], [1224, 39748]]
"474575.c1"	474575	[1, 0, 0, -513, 1642]	[[2, 24], [27, 74], [83/2, -33/2]]
"474594.c1"	474594	[1, 0, 1, -2340, -18638]	[[-16, 129], [65, 291], [146, 1587]]
"474657.a1"	474657	[0, -1, 1, -210, 1442]	[[21, 76], [4, 25], [-13, 42]]
"474734.e1"	474734	[1, 0, 1, -19721, 1064280]	[[49, 440], [85, 20], [36, 615]]
"474734.e2"	474734	[1, 0, 1, -14916, 1596674]	[[89, 943], [297, 4687], [-106, 1463]]
"474815.a1"	474815	[0, 1, 1, 6944, -23950]	[[379, 7562], [16, 302], [141/2, 4121/2]]
"474815.b1"	474815	[0, 0, 1, -113, 468]	[[6, 2], [7, 4], [16, 52]]
"474818.b1"	474818	[1, 1, 0, -53, 121]	[[3, -1], [6, 5], [0, 11]]
"474826.a1"	474826	[1, -1, 0, -13420, 601744]	[[32, 436], [64, 12], [67, -34]]
"474854.a1"	474854	[1, -1, 1, 194, 2765]	[[-7, 35], [9, 67], [89, 803]]
"474865.a1"	474865	[0, 1, 1, -2290, 41306]	[[23, 36], [-50, 182], [280/3, 899/3]]
"474894.i1"	474894	[1, -1, 1, -4127, 107655]	[[11, 246], [53, 162], [83, 534]]
"474898.a1"	474898	[1, 0, 0, -55, 201]	[[2, 9], [4, 5], [10, 21]]
"474906.b1"	474906	[1, 1, 1, 23, 5207]	[[-1, 72], [15, 88], [-17, 24]]
"474912.a1"	474912	[0, 0, 0, -777, 8620]	[[23, 54], [17, 18], [-31, 54]]
"474912.d1"	474912	[0, 0, 0, 216, 2384]	[[8, 68], [-8, 12], [1, 51]]
"474915.c1"	474915	[0, 1, 1, -5040, 85556]	[[-45, 472], [60, 52], [225/4, 8473/4]]
"474916.a1"	474916	[0, -1, 0, -125, 526]	[[3, 13], [5, 1], [-10, 26]]
"474931.a1"	474931	[0, 0, 1, -74, 247]	[[5, 1], [7, 8], [19, 75]]
"474936.c1"	474936	[0, -1, 0, -1617, -459]	[[-25, 154], [129, 1386], [41, 22]]
"474957.e1"	474957	[1, -1, 1, -4052, 109540]	[[16, 212], [-47, 464], [127/2, 751/2]]
"474986.c1"	474986	[1, -1, 1, -234514, 43765009]	[[289, 111], [-479, 7023], [-223, 9327]]
"474990.b1"	474990	[1, 1, 0, -321118, 69906202]	[[329, -94], [167, 4496], [1323/2, -319/2]]
"474990.b2"	474990	[1, 1, 0, -20068, 1086172]	[[59, 305], [79, 1], [52, 406]]
"475006.a1"	475006	[1, 0, 1, -810, -6520]	[[-10, 29], [-17, 57], [32, 8]]
"475056.k1"	475056	[0, 0, 0, -723, 22754]	[[-5, 162], [49, 324], [157, 1944]]
"475120.a1"	475120	[0, 1, 0, -13080, 571828]	[[66, 20], [26, 500], [634/3, 1900/3]]
"475122.a1"	475122	[1, 1, 0, -91, 289]	[[4, 1], [6, -1], [7, 4]]
"475186.b1"	475186	[1, 0, 0, -34515, 6395041]	[[270, 3961], [462, 9209], [-242, 889]]
"475243.b1"	475243	[1, 0, 0, -518, 4495]	[[13, -6], [14, -1], [67/2, 127/2]]
"475254.s1"	475254	[1, -1, 1, -9194, 365609]	[[57, 127], [-47, 855], [49, 151]]
"475280.b1"	475280	[0, 1, 0, -216, 820]	[[2, 20], [12, 10], [42, 260]]
"475300.d1"	475300	[0, 1, 0, -100858, 12296913]	[[128, 1225], [233, 1225], [757/2, 1225/2]]
"475300.e1"	475300	[0, 1, 0, -758, 23113]	[[-12, 175], [18, 125], [-32, 125]]
"475316.a1"	475316	[0, 1, 0, -40092, -2571356]	[[3840, 237658], [-109, 718], [-96, 634]]
"475326.h1"	475326	[1, -1, 1, -1361, 19585]	[[19, 8], [25, 14], [23, -4]]
"475335.b1"	475335	[0, 0, 1, -507, 3262]	[[22, 52], [-13, 87], [1, 52]]
"475376.d1"	475376	[0, -1, 0, -37592, 3307504]	[[-148, 2368], [108, 704], [-222, 814]]
"475376.d2"	475376	[0, -1, 0, 3288, -28304]	[[276, 4672], [130, 1606], [57, 584]]
"475376.e1"	475376	[0, -1, 0, 1928, 54704]	[[2, 242], [-20, 88], [772, 21472]]
"475392.d1"	475392	[0, -1, 0, 131, -347]	[[3, 8], [11, 48], [4, 15]]
"475518.a1"	475518	[1, 1, 0, -21, 81]	[[0, 9], [-6, 9], [3, 6]]
"475536.a1"	475536	[0, -1, 0, -704, 7488]	[[8, 48], [16, 8], [-16, 120]]
"475560.i1"	475560	[0, 0, 0, -35652, 2596196]	[[97, 225], [112, 90], [22, 1350]]
"475584.u1"	475584	[0, 1, 0, -1057, -6529]	[[-13, 72], [35, 24], [-7, 24]]
"475594.a1"	475594	[1, 0, 1, -351650, 80233332]	[[-3, 9017], [365, 553], [342, -160]]
"475609.a1"	475609	[0, 0, 1, -2182, 38091]	[[9, 138], [313/2, 4705/2], [779/5, 2292/5]]
"475614.a1"	475614	[1, -1, 0, -189, -491]	[[-10, 23], [26, 95], [-6, 23]]
"475656.a1"	475656	[0, 1, 0, -180, -891]	[[-9, 9], [-6, 3], [-10, 3]]
"475744.b1"	475744	[0, 0, 0, -236, 1344]	[[6, 12], [14, 28], [-10, 52]]
"475758.d1"	475758	[1, -1, 0, 2133, -52731]	[[45, 342], [207, 2934], [99/2, 873/2]]
"475758.h1"	475758	[1, -1, 1, -9932, 400335]	[[53, 117], [-43, 885], [65, 129]]
"475888.b1"	475888	[0, 1, 0, -800, 8644]	[[16, 14], [2, 84], [-26, 112]]
"475912.a1"	475912	[0, 0, 0, 1916, 480964]	[[-39, 589], [18, 722], [-58, 418]]
"475962.f1"	475962	[1, 1, 1, -932, 17957]	[[-3, 145], [29, 113], [-35, -79]]
"476002.a1"	476002	[1, 0, 0, -62, 4]	[[0, 2], [8, 2], [-2, 12]]
"476007.c1"	476007	[0, 1, 1, 49, 1157]	[[-5, 28], [37/2, 395/2], [7, 43]]
"476055.a1"	476055	[0, 0, 1, -214563, 38255044]	[[322, 1597], [464, 6212], [2401/3, 874/3]]
"476078.a1"	476078	[1, -1, 1, -6156, 185871]	[[21, 245], [53, 53], [149, 1525]]
"476118.b1"	476118	[1, -1, 1, -524, 4879]	[[13, 5], [-11, -91], [1, 65]]
"476224.a1"	476224	[0, 0, 0, -124, 16]	[[-2, 16], [-10, 16], [14, 32]]
"476224.b1"	476224	[0, 0, 0, -724, 7264]	[[6, 56], [20, 28], [13, 7]]
"476224.k1"	476224	[0, -1, 0, -20657, 1149361]	[[129, 784], [80, 49], [87, 56]]
"476224.n1"	476224	[0, -1, 0, -721, -6223]	[[-11, 16], [-19, 16], [-13, 28]]
"476279.a1"	476279	[1, -1, 1, -18, 48]	[[3, 2], [4, 3], [-1, 8]]
"476311.a1"	476311	[0, -1, 1, -15012, 725052]	[[42, 408], [-44, 1139], [99, 446]]
"476320.c1"	476320	[0, 1, 0, -19846, 1069524]	[[77, 62], [72, 138], [106, 410]]
"476320.c2"	476320	[0, 1, 0, -19841, 1070095]	[[66, 229], [71, 156], [295, 4580]]
"476350.d1"	476350	[1, 1, 0, -8025, 275125]	[[30, 235], [45, 65], [55, 35]]
"476352.b1"	476352	[0, 0, 0, -684, -1296]	[[-18, 72], [30, 72], [-2, 8]]
"476357.a1"	476357	[1, -1, 1, -3831, 92226]	[[57, 209], [40, 22], [143/2, -113/2]]
"476399.a1"	476399	[0, -1, 1, 496, 40284]	[[53/2, 1767/2], [-6, 192], [-27, 80]]
"476418.c1"	476418	[1, 0, 1, -1390, 20180]	[[19, 17], [-35, 179], [10, 80]]
"476464.b1"	476464	[0, 0, 0, 733, 19490]	[[337, 6208], [-71/3, 3104/3], [17, 192]]
"476585.a1"	476585	[1, -1, 1, -252, 1554]	[[12, 6], [7, 6], [-13, 56]]
"476588.a1"	476588	[0, 0, 0, 8, 1860]	[[-4, 42], [24, 126], [52, 378]]
"476683.a1"	476683	[0, 1, 1, -320, 2100]	[[10, 0], [9, 5], [12, 11]]
"476843.a1"	476843	[0, -1, 1, 986, -1736]	[[23, 180], [568/3, 14968/3], [214/5, 10587/5]]
"476862.e1"	476862	[1, 0, 1, 10675, 338312]	[[6, 631], [-21, 334], [27, 790]]
"476864.a1"	476864	[0, 0, 0, -28, 66]	[[3, 3], [-5, 9], [11, 33]]
"476870.b1"	476870	[1, 0, 1, -5133, 238556]	[[-10, 542], [985/3, 25384/3], [-1235/4, 29313/4]]
"476920.a1"	476920	[0, 1, 0, -16065, 780163]	[[71, 50], [171, 1750], [309/2, 625/2]]
"476961.b1"	476961	[0, 1, 1, -16439, 805721]	[[199, 2335], [277/2, 515/2], [1861/5, 716/5]]
"477008.a1"	477008	[0, 1, 0, -180, -116]	[[-6, 28], [22, 84], [15, 28]]
"477070.g1"	477070	[1, 0, 0, -19296, 1008640]	[[68, 76], [-64, 1440], [288, 4256]]
"477088.a1"	477088	[0, 1, 0, -320, 2104]	[[10, 2], [11, 6], [18, 50]]
"477111.a1"	477111	[1, 1, 1, -29273, 1854020]	[[3, 1327], [6792/7, 214612/7], [44115/23, -36295/23]]
"477140.a1"	477140	[0, 1, 0, -41, 64]	[[1, 5], [5, 3], [7, 13]]
"477152.a1"	477152	[0, 1, 0, -11362, 547296]	[[-83, 962], [398, 7696], [-266/3, 25012/3]]
"477179.a1"	477179	[1, -1, 0, -38, -75]	[[-4, 3], [12, 27], [39/2, 123/2]]
"477185.b1"	477185	[0, -1, 1, -875, 3906]	[[0, 62], [125/2, 621/2], [-75/2, 921/2]]
"477202.a1"	477202	[1, 0, 1, 51, 68]	[[1, 10], [12, 43], [7, 24]]
"477246.g1"	477246	[1, 1, 1, -16940, -796339]	[[-61, 151], [181, 1361], [2233, 104249]]
"477246.g2"	477246	[1, 1, 1, -3500, 63821]	[[3, 229], [69, 361], [-63, 229]]
"477318.k1"	477318	[1, 0, 1, -1068, 14062]	[[134, 1443], [20, 18], [-25, 171]]
"477318.n1"	477318	[1, 0, 1, -376659, -87797330]	[[1100, 28245], [-385, 624], [-322, 516]]
"477365.b1"	477365	[1, 1, 1, -14826, 366574]	[[-124, 625], [-26, 870], [1138/3, 18002/3]]
"477378.a1"	477378	[1, -1, 0, -648, 6556]	[[14, 2], [20, 26], [5, 56]]
"477414.d1"	477414	[1, -1, 0, -1338, 6596]	[[40, 106], [-23, 169], [-32, 142]]
"477474.m1"	477474	[1, 0, 0, -2740, 23696]	[[56, 188], [-16, 260], [-52, 188]]
"477475.a1"	477475	[0, 1, 1, -408, 5094]	[[3, 62], [-22, 62], [-7, 87]]
"477476.a1"	477476	[0, 1, 0, -54, 121]	[[2, 5], [6, 7], [-2, 15]]
"477482.a1"	477482	[1, 0, 0, -1044, 14224]	[[8, 76], [40, 172], [-24, 172]]
"477568.g1"	477568	[0, 1, 0, -2185, 35079]	[[61, 364], [35, 52], [19, 28]]
"477568.g2"	477568	[0, 1, 0, -495, -3791]	[[-9, 4], [-15, 22], [-16, 17]]
"477598.b1"	477598	[1, -1, 1, -1341, 30981]	[[-3, 188], [31, 120], [-37, 188]]
"477650.a1"	477650	[1, -1, 0, -17, 241]	[[4, 13], [-6, 13], [24, 103]]
"477698.a1"	477698	[1, -1, 0, -73, 145]	[[-4, 21], [15, 40], [34, 173]]
"477705.b1"	477705	[1, 1, 1, -291, 1788]	[[6, 14], [9, -3], [8, 3]]
"477724.b1"	477724	[0, 0, 0, -56, 289]	[[6, 13], [19, 78], [10, 27]]
"477778.a1"	477778	[1, 0, 1, -88, 282]	[[1, 13], [8, 6], [15, 41]]
"477802.h1"	477802	[1, 0, 0, -888364, 318389904]	[[494, 144], [-288, 23604], [800, 10548]]
"477802.h2"	477802	[1, 0, 0, -106284, -5547632]	[[456, 6164], [536, 9300], [1272, 43156]]
"477831.a1"	477831	[0, -1, 1, -3246, 72470]	[[45, 124], [38, 50], [-63, 151]]
"477845.a1"	477845	[0, 1, 1, -431, 3300]	[[12, 0], [10, 9], [16, 27]]
"477954.a1"	477954	[1, -1, 0, -108, 544]	[[8, 8], [-4, 32], [5, 8]]
"477960.e1"	477960	[0, -1, 0, -5440, -112100]	[[-50, 180], [85, 180], [-23, 18]]
"477960.e2"	477960	[0, -1, 0, -1940, 32100]	[[20, 30], [65, 420], [5, 150]]
"477975.c1"	477975	[0, 1, 1, -358, 2344]	[[8, 7], [-7, 67], [13, 7]]
"477979.b1"	477979	[0, 1, 1, -1641, 25047]	[[23, 0], [25, 16], [1465/8, 461/8]]
"478047.a1"	478047	[0, 1, 1, -352, 2422]	[[11, 1], [8, 13], [17, 40]]
"478050.m1"	478050	[1, 0, 1, -3001, 62048]	[[37, 26], [-53, 296], [-8, 296]]
"478080.u1"	478080	[0, 0, 0, -70212, 7149584]	[[178, 540], [133, 405], [98, 1100]]
"478080.u2"	478080	[0, 0, 0, -2982, 184556]	[[7, 405], [142, 1620], [22, 360]]
"478098.b1"	478098	[1, -1, 0, -19023, 1014641]	[[79, -26], [80, -39], [160, 1351]]
"478098.c1"	478098	[1, -1, 0, -177, -803]	[[-6, 7], [-7, 11], [-9, 5]]
"478134.o1"	478134	[1, -1, 1, 46, 97]	[[1, 11], [7, 23], [19, 77]]
"478134.p1"	478134	[1, -1, 1, -17609, 979017]	[[71, 252], [135, 956], [647, 15804]]
"478145.a1"	478145	[0, 0, 1, -73, 228]	[[6, 2], [1, 12], [4, 0]]
"478206.a1"	478206	[1, -1, 0, -2718, 15444]	[[-20, 258], [-51, 165], [73, 413]]
"478227.a1"	478227	[0, 1, 1, -584, 9548]	[[-11, 121], [16, 67], [7, 76]]
"478240.a1"	478240	[0, 0, 0, -55468, 5027008]	[[84, 980], [126, 196], [182, 980]]
"478240.k1"	478240	[0, -1, 0, -401, -2015]	[[33, 140], [-7, 20], [-15, 20]]
"478256.a1"	478256	[0, 1, 0, -1760, 27124]	[[4, 142], [146, 1704], [178/3, 568/3]]
"478290.d1"	478290	[1, 0, 1, -1319, 18326]	[[18, 13], [21, -8], [24, 13]]
"478296.c1"	478296	[0, 0, 0, -1524, 36164]	[[142, 1638], [16, 126], [25, 117]]
"478302.c1"	478302	[1, 0, 1, -1145, 15392]	[[-6, 151], [21, 16], [75/2, 119/2]]
"478330.a1"	478330	[1, -1, 0, -2929, 90253]	[[-33, 404], [-58, 279], [42, 179]]
"478378.b1"	478378	[1, 1, 1, -2967, 62125]	[[43, 106], [11, 170], [107, 938]]
"478400.s1"	478400	[0, 1, 0, -4433, 199663]	[[-57, 520], [103, 920], [333, 5980]]
"478464.b1"	478464	[0, -1, 0, -8589, -259371]	[[-37, 80], [-61, 184], [131, 920]]
"478464.b2"	478464	[0, -1, 0, -2359, 40915]	[[91, 756], [37, 54], [10, 135]]
"478534.b1"	478534	[1, 0, 1, -15790, 763872]	[[64, 96], [69, 29], [197, 2205]]
"478566.a1"	478566	[1, -1, 0, 909, -5387]	[[38, 269], [6, 13], [134, 1517]]
"478566.b1"	478566	[1, -1, 0, -231, 1681]	[[6, 19], [-16, 41], [35/2, 97/2]]
"478600.a1"	478600	[0, -1, 0, -908, -188]	[[-28, 50], [32, 50], [-18, 100]]
"478610.c1"	478610	[1, 0, 1, -19368, 290306]	[[10, 307], [135, 307], [-89, 1189]]
"478610.c2"	478610	[1, 0, 1, -15188, 718338]	[[54, 210], [69, -25], [249, 3395]]
"478640.d1"	478640	[0, 1, 0, -329376, 72649204]	[[330, 32], [250, 2448], [347, 508]]
"478640.d2"	478640	[0, 1, 0, -20576, 1131124]	[[90, 128], [27, 772], [-6, 1120]]
"478657.a1"	478657	[1, -1, 0, -209, -986]	[[42, 230], [-6, 8], [18, 20]]
"478675.a1"	478675	[0, 1, 1, 42, 144]	[[-2, 7], [3, 17], [8, 32]]
"478675.f1"	478675	[0, 1, 1, -21833, 1246119]	[[357/2, 1021/2], [-167, 512], [1883, 81487]]
"478719.a1"	478719	[1, -1, 1, -119, -368]	[[-5, 11], [-8, 8], [19, 53]]
"478731.a1"	478731	[0, -1, 1, -4390, 113562]	[[78, 489], [34, 49], [43, 49]]
"478815.a1"	478815	[0, 1, 1, -1550, -3094]	[[-5, 67], [-32, 121], [49, 202]]
"478863.a1"	478863	[0, 0, 1, -62877, 5851926]	[[251, 2425], [-211, 3118], [1868, 80041]]
"478881.b1"	478881	[0, 0, 1, -50961, 4393962]	[[-16, 2281], [101, 526], [-211, 2398]]
"478892.c1"	478892	[0, 0, 0, 20, 57]	[[-2, 3], [-1, 6], [8, 27]]
"478920.i1"	478920	[0, 1, 0, -2956, 93200]	[[14, 234], [-58, 270], [32, 180]]
"478926.b1"	478926	[1, -1, 0, 54, 328]	[[2, 20], [-4, 8], [44, 272]]
"478947.a1"	478947	[1, 0, 0, 21, 900]	[[12, 48], [3, 30], [21, 93]]
"478951.a1"	478951	[1, 0, 0, -262, 1611]	[[9, -3], [10, -9], [7, 8]]
"478958.a1"	478958	[1, 1, 0, -41, 91]	[[3, 1], [5, 4], [-1, 12]]
"478958.b1"	478958	[1, -1, 1, 594, 17085]	[[-15, 75], [53, 415], [1/3, 3521/3]]
"478960.b1"	478960	[0, -1, 0, 84, 16]	[[1, 10], [0, 4], [4, 20]]
"478976.c1"	478976	[0, 0, 0, -200, 1152]	[[8, 8], [-16, 16], [-7, 47]]
"479017.a1"	479017	[0, 1, 1, -7887, 264657]	[[165/2, 843/2], [11, 423], [583/3, 4645/3]]
"479020.b1"	479020	[0, -1, 0, 1884, 91816]	[[-14, 250], [486, 10750], [2314/7, 182750/7]]
"479025.d1"	479025	[1, -1, 1, -365, 3012]	[[14, 15], [5, 33], [9, 15]]
"479036.a1"	479036	[0, 0, 0, -13, 69]	[[-1, 9], [-3, 9], [-5, 3]]
"479052.b1"	479052	[0, 0, 0, -237, 3085]	[[17, 63], [-4, 63], [5, 45]]
"479058.a1"	479058	[1, 1, 0, -7161, 230949]	[[-30, 663], [51, 15], [123/2, 1497/2]]
"479089.a1"	479089	[0, 1, 1, -54711, -347121]	[[6599/5, 239482/5], [-21, 890], [1383, 50706]]
"479154.a1"	479154	[1, 1, 0, -1044, 12384]	[[15, 12], [28, 64], [132, 1416]]
"479164.a1"	479164	[0, 0, 0, -8137, 282385]	[[48, 49], [55, 35], [-1, 539]]
"479202.e1"	479202	[1, 0, 0, -1455, 17721]	[[30, 21], [6, 93], [-42, 93]]
"479259.a1"	479259	[1, -1, 1, -1616, 25366]	[[11, 88], [20, 17], [16, 50]]
"479259.a2"	479259	[1, -1, 1, -71, 646]	[[1, 23], [-8, 29], [16, 50]]
"479286.e1"	479286	[1, -1, 1, -8672, 305795]	[[-3, 577], [45, 49], [61, 1]]
"479312.b1"	479312	[0, 1, 0, -2472, 46516]	[[30, 16], [28, 6], [36, 74]]
"479346.a1"	479346	[1, 1, 0, -339, -1491]	[[-10, 37], [22, 37], [86, 741]]
"479346.m1"	479346	[1, 0, 1, -2880, 54370]	[[2, 219], [65, 345], [44, 93]]
"479430.a1"	479430	[1, -1, 0, -1890, 32400]	[[18, 54], [30, 30], [25, 5]]
"479436.b1"	479436	[0, 1, 0, -2269, 41471]	[[17, 90], [53, 270], [26, 27]]
"479446.b1"	479446	[1, 0, 1, -173, 1092]	[[24, 92], [5, 16], [2, 26]]
"479446.c1"	479446	[1, 0, 1, -1599316, 778417170]	[[969, 11295], [721, 135], [745, 375]]
"479446.c2"	479446	[1, 0, 1, 107389, 2328945534]	[[767, 53120], [2382, 125700], [-3829/2, 297679/2]]
"479493.a1"	479493	[0, 0, 1, -126453, 17933580]	[[359, 4336], [65, 3160], [5, 4159]]
"479506.a1"	479506	[1, 1, 0, -215, 1129]	[[8, -3], [6, 7], [20, 63]]
"479536.b1"	479536	[0, 1, 0, -5784, 5236]	[[-60, 374], [76, 102], [-36, 410]]
"479536.b2"	479536	[0, 1, 0, -4064, 98116]	[[40, 34], [6, 272], [-62, 340]]
"479572.a1"	479572	[0, 0, 0, -40, -71]	[[-2, 1], [-4, 5], [-5, 2]]
"479622.b1"	479622	[1, 1, 0, -7439, 253401]	[[-8, 563], [44, 95], [-73, 680]]
"479630.a1"	479630	[1, 0, 1, -49, 72]	[[1, 4], [6, -1], [11, 24]]
"479649.b1"	479649	[1, 0, 0, -154, 659]	[[5, 2], [14, 29], [-1, 29]]
"479656.a1"	479656	[0, 1, 0, -89, 235]	[[3, 2], [7, 2], [-1, 18]]
"479770.a1"	479770	[1, -1, 0, -70, 100]	[[0, 10], [-5, 20], [20, 70]]
"479770.b1"	479770	[1, 1, 0, -252, 1024]	[[-12, 56], [13, 6], [3, 16]]
"479799.b1"	479799	[1, -1, 1, -386, 3062]	[[30, 118], [31/2, 143/2], [10, 6]]
"479808.m1"	479808	[0, 0, 0, -219324, 39522224]	[[226, 1224], [-182, 8568], [1057/2, 1071/2]]
"479808.m2"	479808	[0, 0, 0, -7644, -188944]	[[154, 1512], [-35, 189], [-62, 216]]
"479822.d1"	479822	[1, 1, 0, -1078, -13276]	[[-16, 22], [40, 78], [-20, 38]]
"479828.a1"	479828	[0, 0, 0, -296, -1959]	[[-10, 1], [-39/2, 3/2], [20, 11]]
"479877.b1"	479877	[1, 1, 1, -42, 102]	[[4, 2], [-2, 14], [3, 2]]
"479877.c1"	479877	[1, 1, 1, -84775, 10948388]	[[722, 17715], [1237, 41817], [1, 3295]]
"479883.a1"	479883	[0, -1, 1, -2752, 56700]	[[28, 28], [505/4, 1051/4], [93/2, 547/2]]
"479920.j1"	479920	[0, -1, 0, -1176, 15760]	[[24, 28], [-32, 140], [10, 70]]
"479926.a1"	479926	[1, 1, 0, 600, 2368]	[[16, 120], [1, 54], [7, 80]]
"479952.a1"	479952	[0, 0, 0, -217539, 35468226]	[[177, 1584], [3345, 191664], [-527, 1936]]
"479952.a2"	479952	[0, 0, 0, -47859, -4021966]	[[-1121/3, 2222/3], [257, 808], [863, 24442]]
"479987.b1"	479987	[0, -1, 1, -56, -12]	[[-4, 11], [-1, 6], [-6, 8]]
"479988.b1"	479988	[0, 0, 0, -273, 5209]	[[15, 67], [149, 1809], [-7/2, 603/2]]
"480015.c1"	480015	[1, -1, 1, -473, 4556]	[[0, 67], [18, 31], [45, 247]]
"480042.a1"	480042	[1, -1, 0, -1251, 18981]	[[-6, 165], [21, 30], [102, 921]]
"480043.b1"	480043	[1, 0, 0, -55, 156]	[[4, 0], [5, 1], [3, 3]]
"480048.a1"	480048	[0, -1, 0, 280, 7536]	[[20, 144], [-12, 48], [52, 400]]
"480080.a1"	480080	[0, 0, 0, -8707, 311506]	[[67, 170], [37, 200], [237, 3400]]
"480131.a1"	480131	[1, -1, 1, -87, 300]	[[8, 4], [-9, 21], [15/2, 15/2]]
"480153.a1"	480153	[0, 1, 1, -8730, 311060]	[[57, 43], [-30, 739], [484/3, 1/3]]
"480178.a1"	480178	[1, -1, 0, -130, 612]	[[8, 2], [4, 10], [13, 25]]
"480185.a1"	480185	[0, 1, 1, -1030, 12356]	[[8, 68], [20, 12], [145, 1712]]
"480202.a1"	480202	[1, 0, 0, -282, 1636]	[[4, 22], [12, -2], [20, 54]]
"480267.b1"	480267	[1, -1, 1, -209, 2394]	[[6, 33], [152, 1785], [127/3, 1037/3]]
"480311.b1"	480311	[1, -1, 1, -256, -120]	[[24, 72], [-2, 20], [33, 146]]
"480326.e1"	480326	[1, 0, 0, -9394, 373380]	[[196, 2366], [-28, 798], [532/3, 3514/3]]
"480392.a1"	480392	[0, 0, 0, 1436, 151876]	[[102, 1166], [168, 2266], [-38, 206]]
"480525.a1"	480525	[0, 1, 1, -22658, 1636844]	[[-47, 1612], [28, 1012], [-107, 1687]]
"480560.a1"	480560	[0, 0, 0, -6427, 198346]	[[45, 16], [47, 10], [42, 50]]
"480560.d1"	480560	[0, 0, 0, -139267, -19440126]	[[-217, 750], [-1703/3, 10000/3], [783, 18750]]
"480563.a1"	480563	[1, -1, 1, 15, 20]	[[0, 4], [1, 5], [4/3, 121/3]]
"480606.a1"	480606	[1, 1, 0, -359, 2469]	[[10, -3], [11, -4], [2, 41]]
"480606.b1"	480606	[1, 1, 0, -7534, 247024]	[[18, 334], [67, 187], [361, 6508]]
"480606.l1"	480606	[1, 1, 1, -3007, 50597]	[[-37, 354], [19, 18], [5, 186]]
"480636.b1"	480636	[0, 0, 0, -49647, 4257110]	[[91, 702], [127, 18], [131, 38]]
"480636.b2"	480636	[0, 0, 0, -3432, 51545]	[[-26, 351], [14, 79], [91, 702]]
"480694.a1"	480694	[1, -1, 1, -51, 51]	[[-1, 10], [7, -2], [1, 0]]
"480701.a1"	480701	[1, 0, 0, -217, -174]	[[19, 42], [-35/3, 722/3], [-1, 7]]
"480816.a1"	480816	[0, 0, 0, -9747, 539730]	[[897, 26712], [-57, 954], [49, 424]]
"480824.a1"	480824	[0, 1, 0, -328, 2181]	[[10, 1], [11, 5], [-14, 65]]
"480925.b1"	480925	[1, 1, 1, -2728, 53706]	[[30, -18], [20, 77], [1905/8, -7701/8]]
"481045.a1"	481045	[1, 1, 1, -4075, 98142]	[[42, 36], [148/3, 4882/3], [56, 194]]
"481048.a1"	481048	[0, 0, 0, -124, 564]	[[6, 6], [2, 18], [10, 18]]
"481078.a1"	481078	[1, 0, 1, -150, 332]	[[2, 5], [-11, 31], [-5/2, 183/2]]
"481189.a1"	481189	[0, 0, 1, 73, 174]	[[9, 39], [88, 829], [1/2, 107/2]]
"481270.c1"	481270	[1, 0, 1, -164428, 25648698]	[[214, 415], [249, 275], [-71, 6115]]
"481270.c2"	481270	[1, 0, 1, -157208, 28005306]	[[65, 4217], [-280, 7217], [315, 2967]]
"481392.e1"	481392	[0, 0, 0, -2451, 52306]	[[41, 144], [-55, 144], [9, 176]]
"481404.f1"	481404	[0, 1, 0, -4905, 131544]	[[45, 63], [171, 2079], [-27, 495]]
"481422.d1"	481422	[1, 0, 1, -688, 6842]	[[19, 17], [13, 5], [16, -7]]
"481422.f1"	481422	[1, 0, 1, -873166, 110065052]	[[-242, 17648], [100, 4823], [48835, 10765511]]
"481461.c1"	481461	[0, -1, 1, -1157, 14477]	[[87, 751], [181/2, 1833/2], [115/3, 1072/3]]
"481461.c2"	481461	[0, -1, 1, -227, -1240]	[[-8, 0], [-35/2, -3/2], [28, 116]]
"481510.c1"	481510	[1, -1, 1, -927, 76551]	[[51, 374], [-49, 74], [1, 274]]
"481510.e1"	481510	[1, 1, 1, -1381, 19179]	[[21, -10], [23, 4], [-9, 180]]
"481523.a1"	481523	[0, 0, 1, -11809, 494520]	[[112, 759], [-105, 759], [63, 24]]
"481574.r1"	481574	[1, 1, 1, -17307972, 28130000197]	[[4189, 168657], [6857, 478145], [-4163, 169585]]
"481574.r2"	481574	[1, 1, 1, 834083, 183978675]	[[-135, 8370], [4903/3, 756508/3], [-43, 12188]]
"481648.a1"	481648	[0, 0, 0, 77, 274]	[[-3, 4], [5, 28], [-1, 14]]
"481686.d1"	481686	[1, 0, 1, -282, 1744]	[[8, 0], [11, -3], [-1, 45]]
"481775.a1"	481775	[1, -1, 1, -915, 4662]	[[-16, 130], [54, 305], [229, 3315]]
"481830.b1"	481830	[1, 1, 0, -78, 132]	[[-4, 22], [1, 7], [11, 22]]
"481882.a1"	481882	[1, 0, 1, 22, 192]	[[3, 15], [20, 83], [-1, 13]]
"481926.b1"	481926	[1, 0, 1, -3883, -49498]	[[79, 332], [-14, 53], [172, 2006]]
"481932.a1"	481932	[0, 0, 0, -2784, 57481]	[[20, 99], [-46, 297], [8, 189]]
"481979.a1"	481979	[0, -1, 1, 14, -32]	[[2, 0], [4, 8], [16, 63]]
"482112.e1"	482112	[0, 0, 0, -3564, 77904]	[[138, 1488], [42, 48], [-48, 372]]
"482162.b1"	482162	[1, -1, 1, -31, 391]	[[-5, 22], [11, 30], [19, 70]]
"482245.a1"	482245	[1, 1, 1, -20, 0]	[[0, 0], [4, 0], [10, 25]]
"482260.a1"	482260	[0, 0, 0, -1372, 19489]	[[18, 25], [23, 10], [43, 200]]
"482330.f1"	482330	[1, 0, 0, 539, 3585]	[[-2, 51], [98, 951], [48, 351]]
"482384.d1"	482384	[0, -1, 0, -25509, 1576825]	[[37, 826], [2341/5, 2714/5], [568, 13039]]
"482458.a1"	482458	[1, 0, 1, 12, -28]	[[2, 1], [4, 7], [8, 20]]
"482458.b1"	482458	[1, 0, 0, -2693, 53569]	[[30, -13], [34, 23], [6, 191]]
"482480.a1"	482480	[0, 0, 0, 77, -62]	[[1, 4], [3, 14], [13, 56]]
"482480.d1"	482480	[0, -1, 0, -523000, 149000000]	[[125, 9250], [-800, 7400], [-3500/3, 462500/3]]
"482498.a1"	482498	[1, 0, 1, 15, -40]	[[3, 4], [2, -1], [5, 10]]
"482545.a1"	482545	[0, -1, 1, -2826, 45666]	[[298, 5057], [60, 297], [-59, 59]]
"482568.a1"	482568	[0, -1, 0, -115, 916]	[[-11, 27], [16, 54], [9, 23]]
"482579.a1"	482579	[1, -1, 1, -1039, -8268]	[[42, 123], [-9, 21], [39, 77]]
"482636.a1"	482636	[0, 1, 0, -5874, 171457]	[[44, 11], [33, 121], [-22, 539]]
"483063.a1"	483063	[0, 1, 1, -572, 2210]	[[1, 40], [28, 94], [-17, 85]]
"483092.b1"	483092	[0, -1, 0, -350, 5581]	[[-9, 89], [15, 59], [53/2, 445/2]]
"483112.a1"	483112	[0, 1, 0, -497, 4099]	[[13, 2], [5, 42], [14, 9]]
"483186.a1"	483186	[1, 1, 0, -417389, 103611741]	[[359, 266], [1250, 38579], [9866/5, 67999/5]]
"483198.a1"	483198	[1, 1, 0, -49, 319]	[[3, 13], [-17/2, 191/2], [7, 16]]
"483300.c1"	483300	[0, 0, 0, -1215, 22950]	[[15, 90], [51, 306], [-5, 170]]
"483314.d1"	483314	[1, 0, 0, -1155, 18241]	[[134, 1441], [18, 49], [-22, 193]]
"483384.a1"	483384	[0, -1, 0, -492, 4356]	[[12, 6], [14, 4], [16, 18]]
"483384.g1"	483384	[0, 1, 0, -11132, 447216]	[[88, 396], [22, 462], [55, 66]]
"483425.d1"	483425	[1, 1, 0, 50, 245]	[[-1/2, 123/2], [-4, 1], [76, 633]]
"483442.d1"	483442	[1, 0, 0, -52102, 4573284]	[[128, 10], [134, -20], [132, -54]]
"483522.l1"	483522	[1, 0, 0, -40405, 3113441]	[[98, 263], [110, -1], [122, -1]]
"483550.m1"	483550	[1, 1, 1, 3312, 407281]	[[65, 917], [445, 9277], [-55, 277]]
"483552.g1"	483552	[0, 0, 0, -10236, 397600]	[[62, 36], [38, 252], [53, 63]]
"483552.g2"	483552	[0, 0, 0, -381, 11284]	[[-1, 108], [-19, 108], [-25, 72]]
"483609.a1"	483609	[1, 0, 0, -3490, 79151]	[[38, 23], [17, 149], [131/2, -5/2]]
"483670.a1"	483670	[1, 0, 1, 36, 236]	[[-4, 7], [18, 73], [8, 28]]
"483723.a1"	483723	[0, 0, 1, -4485, 93118]	[[-2, 319], [424, 8626], [-62, 364]]
"483754.a1"	483754	[1, -1, 0, -32, 60]	[[2, 0], [5, 0], [-1, 10]]
"483758.m1"	483758	[1, 1, 1, -580, 5061]	[[17, 13], [-27, 57], [15, -3]]
"483792.a1"	483792	[0, -1, 0, 568, 1776]	[[20, 144], [2, 54], [74, 666]]
"483792.e1"	483792	[0, -1, 0, -296, 3504]	[[20, 72], [2, 54], [-12, 72]]
"483824.a1"	483824	[0, 1, 0, -12768, 558580]	[[-94, 968], [82, 264], [-28, 946]]
"483824.c1"	483824	[0, 0, 0, -1211, -20246]	[[45, 128], [55, 282], [661/3, 14464/3]]
"483849.b1"	483849	[0, 0, 1, -210, 1282]	[[4, 22], [10, 13], [-8, 49]]
"483918.c1"	483918	[1, 1, 0, -120, 432]	[[4, 4], [12, 24], [8, 4]]
"484032.c1"	484032	[0, -1, 0, -1089, 11745]	[[-27, 144], [5, 80], [37, 144]]
"484038.h1"	484038	[1, -1, 1, -959, 8039]	[[27, 22], [3, 70], [9, 4]]
"484094.b1"	484094	[1, 0, 0, -742, 9444]	[[20, 42], [12, 42], [-6, 120]]
"484128.a1"	484128	[0, 0, 0, -20172, -1075840]	[[-82, 164], [574, 13284], [-74, 108]]
"484132.a1"	484132	[0, -1, 0, 171, 2230]	[[21, 121], [-53/3, 847/3], [1, 49]]
"484152.b1"	484152	[0, 1, 0, -1065, 12699]	[[15, 18], [21, 6], [-3, 126]]
"484160.o1"	484160	[0, 1, 0, -50065, 3749775]	[[-85, 2720], [85, 340], [1275, 44880]]
"484160.o2"	484160	[0, 1, 0, -48285, 4067683]	[[123, 68], [191, 1360], [509/2, 85/2]]
"484160.v1"	484160	[0, 0, 0, -17228, -229648]	[[182, 1632], [-74, 800], [-56, 748]]
"484160.v2"	484160	[0, 0, 0, -10108, 388368]	[[64, 60], [46, 144], [37, 255]]
"484160.v3"	484160	[0, 0, 0, -10088, 389992]	[[54, 52], [33, 305], [-42, 860]]
"484160.v4"	484160	[0, 0, 0, -3308, 902448]	[[-19, 979], [1316, 47704], [497/4, 58295/4]]
"484184.a1"	484184	[0, 1, 0, -204, 1072]	[[8, 4], [6, 10], [2, 26]]
"484311.a1"	484311	[1, 0, 0, -1882, 31169]	[[29, 20], [23, 2], [-17, 250]]
"484314.a1"	484314	[1, 1, 0, -3135, 66249]	[[3, 237], [30, 3], [48, 147]]
"484435.a1"	484435	[1, -1, 1, -303, 2112]	[[3, 33], [10, -2], [47/2, 19/2]]
"484440.a1"	484440	[0, -1, 0, 44, 3025]	[[88, 825], [13, 75], [-12, 25]]
"484470.a1"	484470	[1, -1, 0, -8505, 140935]	[[93, 338], [-87, 509], [-43, 674]]
"484470.a2"	484470	[1, -1, 0, -7155, 234625]	[[41, 74], [48, -17], [47, -1]]
"484470.d1"	484470	[1, -1, 0, -5985, -151875]	[[-45, 180], [-57, 69], [-54, 135]]
"484470.d2"	484470	[1, -1, 0, 10215, -841995]	[[253, 4103], [63, 189], [81, 675]]
"484496.h1"	484496	[0, 1, 0, -36144, 2676452]	[[112, 214], [-704/3, 60562/3], [754, 20116]]
"484626.q1"	484626	[1, 1, 1, -12812, 565805]	[[-63, 1093], [173, 1801], [55, 149]]
"484630.a1"	484630	[1, 0, 1, -734, 7632]	[[21, 29], [16, -1], [-11, 125]]
"484650.b1"	484650	[1, -1, 0, -342, 2416]	[[14, 8], [-1, 53], [-16, 68]]
"484737.b1"	484737	[1, 0, 0, -834, -6111]	[[-15, 63], [59, 359], [48, 231]]
"484737.b2"	484737	[1, 0, 0, -339, 2304]	[[9, -6], [15, 18], [23, 71]]
"484764.e1"	484764	[0, -1, 0, -446, 4137]	[[74, 609], [16, 29], [-13, 87]]
"484818.a1"	484818	[1, 0, 1, 50, 110]	[[-2, 2], [4, 17], [0, 10]]
"484818.d1"	484818	[1, 0, 0, -20827, 1164881]	[[86, 65], [14, 929], [194, 2009]]
"484870.b1"	484870	[1, -1, 1, -3078, 101781]	[[-55, 347], [73, 475], [41, 187]]
"484904.a1"	484904	[0, 1, 0, -177, 979]	[[9, 14], [-5, 42], [23, 98]]
"485051.a1"	485051	[0, 1, 1, -7464, 231606]	[[2, 465], [141/2, 927/2], [23, 269]]
"485078.b1"	485078	[1, -1, 0, -98, 344]	[[10, 12], [-7, 29], [22/3, 256/3]]
"485130.a1"	485130	[1, 1, 0, -200788, 34546768]	[[249, 133], [264, 28], [259, -107]]
"485175.a1"	485175	[1, 0, 0, -4088, 101667]	[[22, 139], [37, 19], [163/2, 287/2]]
"485218.b1"	485218	[1, 0, 0, -1354, -5340]	[[116, 1126], [-32, 90], [42, 90]]
"485218.d1"	485218	[1, 1, 1, -16182, 710707]	[[17, 655], [349, 5967], [-3559/5, 57971/5]]
"485219.a1"	485219	[0, 1, 1, -145, 215]	[[-11, 24], [5/2, 45/2], [1, 8]]
"485240.f1"	485240	[0, -1, 0, 244, 2500]	[[8, 70], [78, 700], [0, 50]]
"485246.b1"	485246	[1, 1, 1, -938, -9033]	[[55, 303], [-167/3, 1561/3], [-15, 51]]
"485247.b1"	485247	[0, 1, 1, -3642, -36718]	[[-33, 220], [93, 661], [-54, 73]]
"485277.a1"	485277	[0, -1, 1, 18, 152]	[[-1, 11], [22, 103], [11, 39]]
"485296.a1"	485296	[0, 1, 0, -352, 2484]	[[10, 8], [18, 48], [4, 34]]
"485312.c1"	485312	[0, -1, 0, -25, 281]	[[1, 16], [5, 16], [-7, 8]]
"485395.a1"	485395	[1, 0, 0, 185, 4092]	[[-1, 63], [24, 138], [249, 3813]]
"485434.b1"	485434	[1, 0, 0, -195, 961]	[[6, 1], [10, 1], [14, 25]]
"485440.h1"	485440	[0, 1, 0, -73641, 5318359]	[[42, 1517], [227, 592], [-163, 3608]]
"485440.h2"	485440	[0, 1, 0, 200159, 35819679]	[[5, 6068], [-143, 2072], [4325/2, 311641/2]]
"485486.a1"	485486	[1, -1, 0, -5623, 163969]	[[180, 2137], [44, -5], [-82, 303]]
"485498.e1"	485498	[1, -1, 1, -26614, -1450491]	[[201, 1035], [-87, 491], [297, 3947]]
"485532.a1"	485532	[0, 0, 0, -864, 9764]	[[16, 6], [20, 22], [8, 58]]
"485576.e1"	485576	[0, -1, 0, -1457, 22069]	[[15, 58], [44, 203], [193/3, 406/3]]
"485590.a1"	485590	[1, -1, 0, -4909, 132313]	[[2, 349], [37, -1], [177, 2099]]
"485598.a1"	485598	[1, 1, 0, -261, 1521]	[[9, -3], [8, 1], [10, 1]]
"485600.g1"	485600	[0, -1, 0, -158, 2812]	[[12, 50], [2, 50], [-27/2, 475/2]]
"485670.a1"	485670	[1, 1, 0, -11197, 453709]	[[78, 211], [58, 31], [-122, -89]]
"485717.a1"	485717	[1, 0, 0, -175, 876]	[[8, -2], [7, -1], [3, 18]]
"485786.c1"	485786	[1, -1, 1, -27327, 1745895]	[[107, 142], [-5, 1374], [191, 1766]]
"485786.d1"	485786	[1, 1, 1, 496, 10737]	[[-11, 69], [13, 133], [-15, 21]]
"485810.a1"	485810	[1, 0, 1, -36329, -2645844]	[[-109, -94], [-117, -22], [1451/2, 43759/2]]
"485810.a2"	485810	[1, 0, 1, -4009, 30252]	[[123, 1122], [-5, 226], [366/7, 7890/7]]
"485822.a1"	485822	[1, 1, 1, -970, 11991]	[[9, 59], [17, 19], [41, 187]]
"485843.a1"	485843	[1, 0, 0, -220, 1101]	[[4, 15], [21, 66], [-1/2, 273/2]]
"485982.a1"	485982	[1, -1, 0, -6099, 177029]	[[2, 405], [31, 115], [86, 489]]
"485982.a2"	485982	[1, -1, 0, -1059, -9451]	[[37, 13], [86, 685], [38, 45]]
"486020.a1"	486020	[0, 1, 0, -356, 3844]	[[4, 50], [-21, 50], [12, 38]]
"486048.c1"	486048	[0, -1, 0, -289, 1873]	[[13, 12], [7, 12], [-11, 60]]
"486080.s1"	486080	[0, 1, 0, -50241, 4292959]	[[59, 1240], [107, 392], [9, 1960]]
"486080.s2"	486080	[0, 1, 0, -1241, 147559]	[[-5, 392], [-33, 392], [65, 588]]
"486176.a1"	486176	[0, 0, 0, -457, 3760]	[[13, 4], [12, 2], [5, 40]]
"486200.a1"	486200	[0, 0, 0, -29500, 1942900]	[[90, 130], [25, 1105], [1330/3, 24310/3]]
"486219.a1"	486219	[0, 1, 1, -235, 6400]	[[20, 100], [-8, 88], [46/3, 1963/3]]
"486275.c1"	486275	[0, 1, 1, -233, 1134]	[[34, 183], [177/4, 335/4], [116/5, 1589/5]]
"486276.c1"	486276	[0, 1, 0, -289557, 40723479]	[[-495, 7938], [9, 6174], [450, 1323]]
"486291.b1"	486291	[1, 0, 0, -25454, -1523301]	[[654, 15849], [931/2, 17267/2], [-102, -69]]
"486291.b2"	486291	[1, 0, 0, -3809, 56784]	[[13, 91], [15, 48], [91, 637]]
"486291.b3"	486291	[1, 0, 0, -3404, 76143]	[[7, 226], [37, 16], [33, -21]]
"486291.b4"	486291	[1, 0, 0, 11356, 399513]	[[-29, 229], [-3, 606], [231, 3804]]
"486306.b1"	486306	[1, -1, 0, -441, 3753]	[[12, 3], [6, 33], [21, 48]]
"486306.c1"	486306	[1, -1, 0, 4950, 45684]	[[132, 1662], [4, 254], [900, 26622]]
"486324.c1"	486324	[0, 0, 0, -261, 1845]	[[7, 19], [-12, 57], [45, 285]]
"486328.a1"	486328	[0, 1, 0, -372, 3349]	[[18, 53], [15, 37], [-22, 37]]
"486397.a1"	486397	[0, 0, 1, -22, 21]	[[1, 0], [-1, 6], [-5, 2]]
"486512.a1"	486512	[0, 1, 0, -200, 1684]	[[-6, 52], [20, 78], [7, 26]]
"486519.a1"	486519	[0, -1, 1, -2377, 49377]	[[37, 103], [-55, 103], [-19, 295]]
"486529.a1"	486529	[0, -1, 1, -94, 526]	[[16, 53], [-43/2, 103/2], [37/3, 361/3]]
"486624.b1"	486624	[0, -1, 0, 143, 1]	[[1, 12], [7, 36], [17, 84]]
"486624.c1"	486624	[0, -1, 0, -6817, 218929]	[[49, 12], [48, 1], [40, 93]]
"486754.a1"	486754	[1, -1, 0, -614, 5364]	[[-19, 109], [180, 2298], [28/3, 1550/3]]
"486766.a1"	486766	[1, 1, 0, -46, 260]	[[-8, 18], [-1, 18], [-4, 22]]
"486787.a1"	486787	[1, 0, 0, -21, -98]	[[7, 7], [14, 42], [6, -2]]
"486837.a1"	486837	[0, 0, 1, -849, 9652]	[[13, 28], [32, 123], [265/4, 709/4]]
"486902.a1"	486902	[1, 0, 0, 316, 1600]	[[6, 58], [16, 96], [42, 278]]
"486954.k1"	486954	[1, -1, 1, -1589, 30989]	[[57, 322], [-21, 244], [3, 160]]
"487041.a1"	487041	[0, 1, 1, -2564, 48356]	[[43, 139], [25, 22], [7, 175]]
"487070.a1"	487070	[1, 1, 0, -8, 688]	[[3, 25], [56, 396], [-9, 16]]
"487086.i1"	487086	[1, 0, 0, -2200, 51776]	[[-16, 296], [56, 296], [20, 116]]
"487090.d1"	487090	[1, -1, 0, -329, 13553]	[[-8, 129], [242, 3629], [67, 504]]
"487136.b1"	487136	[0, -1, 0, -417, 3121]	[[1, 52], [27, 104], [-15, 76]]
"487142.a1"	487142	[1, 0, 1, -897130, 326987052]	[[329, 8049], [662, 4497], [27073/7, -15525/7]]
"487162.c1"	487162	[1, 1, 0, -550, 35732]	[[28, 194], [-164/3, 5654/3], [119, 1234]]
"487168.b1"	487168	[0, 0, 0, -58, 64]	[[-1, 11], [10, 22], [32, 176]]
"487222.a1"	487222	[1, 0, 1, 95, 72]	[[6, 26], [65, 498], [-5/3, 112/3]]
"487254.a1"	487254	[1, 1, 0, -8786, 227340]	[[-35, 720], [77, 83], [-85, 650]]
"487254.a2"	487254	[1, 1, 0, -8106, 277524]	[[60, 78], [51, -30], [-101, 331]]
"487256.a1"	487256	[0, 1, 0, -13344, 554896]	[[16, 588], [128, 980], [-96, 980]]
"487256.a2"	487256	[0, 1, 0, -2564, -40160]	[[-26, 98], [58, 98], [72, 392]]
"487270.c1"	487270	[1, 0, 0, -5921, 150601]	[[-54, 587], [58, 27], [30, -1]]
"487278.d1"	487278	[1, -1, 0, -77868, 8254224]	[[225, 1332], [208, 908], [120, 732]]
"487278.d2"	487278	[1, -1, 0, -108, 369360]	[[9, 603], [-8, 612], [184, 2468]]
"487380.a1"	487380	[0, -1, 0, -21, 270]	[[3, 15], [-7, 5], [13, 45]]
"487388.a1"	487388	[0, -1, 0, -1659797, 843357649]	[[8143/3, 243694/3], [840, 6413], [3755, 218042]]
"487520.f1"	487520	[0, 0, 0, -188, -512]	[[-6, 20], [34, 180], [-11, 15]]
"487628.a1"	487628	[0, 0, 0, -23296, 1201924]	[[40, 578], [1196, 41038], [-164, 782]]
"487650.a1"	487650	[1, 1, 0, -80, 300]	[[5, 5], [-10, 20], [10, 20]]
"487680.c1"	487680	[0, -1, 0, -11, 111]	[[1, 10], [6, 15], [-2, 11]]
"487776.b1"	487776	[0, 1, 0, -3434, 76332]	[[28, 54], [34, 6], [82, 594]]
"487832.a1"	487832	[0, 1, 0, -1252, 16944]	[[28, 68], [11, 68], [184/3, 476/3]]
"487832.c1"	487832	[0, 1, 0, -11, 46]	[[3, 7], [-5, 1], [-2, 8]]
"487832.e1"	487832	[0, 0, 0, -284954, 58548221]	[[289, 578], [2890/3, 10693/3], [302, 189]]
"487836.b1"	487836	[0, 0, 0, -21, 205]	[[-1, 15], [5, 15], [-7, 3]]
"487878.i1"	487878	[1, 1, 1, -244107, 104615097]	[[1315, 44726], [217, 7760], [2619/5, 1112862/5]]
"487880.a1"	487880	[0, 1, 0, -3055, -64650]	[[-35, 25], [65, 125], [-290/3, 1000/3]]
"487928.e1"	487928	[0, -1, 0, -10984, 281660]	[[-34, 784], [113, 686], [-83, 784]]
"487944.e1"	487944	[0, 0, 0, -351, 2466]	[[9, 6], [15, 24], [21, 66]]
"487952.b1"	487952	[0, -1, 0, -256, 512]	[[16, 16], [-16, 16], [-14, 34]]
"487966.c1"	487966	[1, 1, 0, 25, 1]	[[0, 1], [2, 7], [12, 41]]
"487968.c1"	487968	[0, -1, 0, -28449, 1410129]	[[45, 468], [-163, 1300], [136, 195]]
"487968.c2"	487968	[0, -1, 0, -26494, 1668580]	[[96, 26], [187, 1794], [70, 390]]
"487982.b1"	487982	[1, 1, 0, -869, 15901]	[[14, 75], [15/2, 887/2], [137, 1510]]
"488214.b1"	488214	[1, -1, 0, -108, 436]	[[8, 2], [5, -1], [2, 14]]
"488262.b1"	488262	[1, 1, 0, -36, -36]	[[-6, 6], [6, 0], [-3, 9]]
"488262.e1"	488262	[1, 0, 1, -1973, 32132]	[[-24, 268], [33, 40], [30, -2]]
"488308.a1"	488308	[0, 0, 0, -10024, 386569]	[[70, 167], [58, 17], [1416/5, 2839/5]]
"488340.g1"	488340	[0, 0, 0, -19137, 883609]	[[23, 675], [-127, 1125], [1373, 50625]]
"488346.b1"	488346	[1, 1, 0, -5, 93]	[[-2, 11], [6, 15], [1, 9]]
"488373.a1"	488373	[1, 0, 0, -389, 2874]	[[7, 19], [10, -2], [13, 1]]
"488406.c1"	488406	[1, 1, 1, -237, 1827]	[[7, 20], [-17, 44], [-5, 56]]
"488472.a1"	488472	[0, -1, 0, -44, 93]	[[2, 3], [6, 3], [-2, 13]]
"488498.b1"	488498	[1, 1, 1, -10434, 400591]	[[257, 3715], [71, 119], [-115, 367]]
"488514.g1"	488514	[1, 1, 1, -1132, 12557]	[[77, 585], [25, 13], [-1, 117]]
"488530.n1"	488530	[1, -1, 1, -4248, 127131]	[[-19, 457], [45, 137], [205, 2697]]
"488551.c1"	488551	[1, 0, 0, -49140, 4188671]	[[115, 191], [2053/4, -4603/4], [1177/3, -239/3]]
"488592.f1"	488592	[0, 0, 0, -2259, 40914]	[[57, 312], [33, 48], [18, 78]]
"488645.a1"	488645	[1, -1, 1, -7357, 249214]	[[22, 301], [52, 46], [448/3, 1127/3]]
"488745.g1"	488745	[0, 0, 1, -768, -5477]	[[-11, 40], [-71/2, 401/2], [43, 202]]
"488814.a1"	488814	[1, 0, 1, -1367, 19334]	[[21, -8], [24, 10], [18, 16]]
"488854.a1"	488854	[1, 0, 1, 41, 90]	[[-2, 1], [0, 9], [2, 12]]
"488854.c1"	488854	[1, -1, 0, -920, 10974]	[[17, -3], [15, 12], [5, 78]]
"488862.i1"	488862	[1, -1, 1, -4514, 169377]	[[-31, 543], [17, 303], [101, 807]]
"488982.b1"	488982	[1, 1, 0, -59, 321]	[[-1, 20], [12, 33], [38, 215]]
"488988.a1"	488988	[0, 0, 0, -13872, 1267265]	[[-68, 1377], [68, 799], [-26, 1269]]
"489057.a1"	489057	[0, -1, 1, -46, 228]	[[1, 13], [-8, 4], [19, 76]]
"489170.a1"	489170	[1, 1, 0, -203, 1153]	[[9, 8], [-16, 33], [12, 19]]
"489185.a1"	489185	[0, 0, 1, -8917, -320668]	[[-58, 37], [-207/2, 371/2], [-497/3, 1549/3]]
"489228.a1"	489228	[0, -1, 0, 308, 3544]	[[-2, 54], [25, 162], [-35/2, 81/2]]
"489288.a1"	489288	[0, -1, 0, -9, 333]	[[-3, 18], [3, 18], [9, 30]]
"489302.b1"	489302	[1, -1, 1, -324, 5607]	[[21, 77], [5, 61], [-1, 77]]
"489345.a1"	489345	[1, 1, 1, -76925, 7852592]	[[42, 2146], [110, 803], [-128, 4016]]
"489345.a2"	489345	[1, 1, 1, -76070, 8043770]	[[143, 268], [178, 338], [160, -55]]
"489390.a1"	489390	[1, 1, 0, -403, 3553]	[[9, 23], [-2, 67], [31, 133]]
"489396.a1"	489396	[0, 1, 0, -970, 11729]	[[20, 27], [2, 99], [-34, 81]]
"489445.a1"	489445	[1, 1, 1, -2241, -28412]	[[-38, 79], [-16, 68], [-221/3, 3343/3]]
"489546.a1"	489546	[1, -1, 0, -234, 1944]	[[6, 24], [-12, 60], [15, 33]]
"489616.a1"	489616	[0, -1, 0, -1056, 16384]	[[112, 1136], [-30, 142], [-128/3, 4544/3]]
"489651.a1"	489651	[0, -1, 1, -346, 2598]	[[11, 1], [12, 5], [9, 11]]
"489699.a1"	489699	[1, -1, 1, -380, -1430]	[[31, 110], [-5, 20], [-14, 38]]
"489706.j1"	489706	[1, -1, 0, -11951, 577961]	[[304, 4845], [41, 374], [-5092/7, 302651/7]]
"489732.a1"	489732	[0, -1, 0, -537, 4986]	[[15, 9], [-3, 81], [11, 17]]
"489784.a1"	489784	[0, 1, 0, 36, -160]	[[4, 8], [7, 22], [19, 88]]
"489790.d1"	489790	[1, -1, 1, -1293, 8757]	[[103, 928], [-37, 88], [33, 18]]
"489854.b1"	489854	[1, 0, 1, -4508, -395046]	[[113, 679], [3561/5, 161419/5], [856/3, 4027/3]]
"489897.a1"	489897	[0, 0, 1, -21, 526]	[[4, 22], [-5, 22], [13, 49]]
"489920.f1"	489920	[0, 0, 0, -428, -48]	[[26, 80], [-6, 48], [21, 15]]
"489953.a1"	489953	[1, 0, 0, -54, -47]	[[-3, 11], [16, 49], [-8/3, 31/3]]
"489975.e1"	489975	[1, 0, 0, -78, 1197]	[[12, 39], [-3, 39], [3, 30]]
"489985.a1"	489985	[1, 0, 0, -11971, 502740]	[[208, 2546], [49, 161], [-4, 744]]
"490072.b1"	490072	[0, 0, 0, -203, 1046]	[[11, 12], [-5, 44], [10, 4]]
"490113.e1"	490113	[0, 0, 1, -324, 2190]	[[26, 106], [33/2, 67/2], [6, 21]]
"490150.d1"	490150	[1, 0, 0, -1193, 15577]	[[22, -1], [42, 179], [18, -5]]
"490180.a1"	490180	[0, -1, 0, -276, 1960]	[[18, 50], [-2, 50], [6, 22]]
"490196.b1"	490196	[0, 1, 0, -4181, 46423]	[[93, 686], [9, 98], [289, 4802]]
"490240.a1"	490240	[0, 1, 0, 9, 109]	[[-1, 10], [4, 15], [-4, 5]]
"490282.e1"	490282	[1, 0, 0, 8573, 491841]	[[302, 5385], [110, 1609], [-44, 195]]
"490308.b1"	490308	[0, -1, 0, -6669, 21753]	[[-73, 338], [83, 182], [-21, 390]]
"490389.a1"	490389	[0, 1, 1, -952, 10660]	[[11, 40], [20, 4], [38, 175]]
"490410.l1"	490410	[1, -1, 1, -9113, 338681]	[[63, 76], [45, 112], [55, 12]]
"490501.c1"	490501	[0, -1, 1, 67983, 6545922]	[[1564, 62738], [2881/4, 317351/4], [85/2, 22623/2]]
"490590.a1"	490590	[1, -1, 0, -450, 4900]	[[80, 650], [11, 29], [-12, 98]]
"490593.a1"	490593	[0, -1, 1, -1487, 23150]	[[-40, 130], [18, 43], [566/5, 2939/5]]
"490605.a1"	490605	[0, -1, 1, -520, 4788]	[[19, 37], [14, 7], [9, 27]]
"490658.a1"	490658	[1, 0, 1, -79934, 8691120]	[[293, 3085], [165, -51], [7893/7, -14869/7]]
"490696.b1"	490696	[0, -1, 0, 212, -5116]	[[206, 2956], [85/2, 739/2], [376/3, 7390/3]]
"490704.c1"	490704	[0, -1, 0, -176, 672]	[[-4, 36], [4, 4], [2, 18]]
"490731.c1"	490731	[0, 1, 1, -9851, 373154]	[[64, 94], [229/2, 77/2], [46, 139]]
"490826.a1"	490826	[1, -1, 0, -61, -119]	[[-4, 9], [10, 9], [-6, 1]]
"490842.c1"	490842	[1, -1, 0, -4008, 96940]	[[41, -4], [42, 16], [5, 275]]
"490842.c2"	490842	[1, -1, 0, 12, 4480]	[[-4, 68], [-15, 35], [-12, 56]]
"490842.e1"	490842	[1, -1, 0, -29358, -669600]	[[282, 3522], [-48, 816], [381, 6393]]
"490842.e2"	490842	[1, -1, 0, 6822, -83484]	[[48, 570], [15, 141], [24, 294]]
"490851.a1"	490851	[1, -1, 1, -230, 2126]	[[9, 22], [-18, 22], [-15, 52]]
"490893.b1"	490893	[0, 1, 1, -794, 37136]	[[4, 184], [22, 175], [-32, 175]]
"490945.j1"	490945	[0, 1, 1, -404811, -79933434]	[[-268, 3062], [810, 11147], [-464, 2866]]
"490945.j2"	490945	[0, 1, 1, -124271, 16810785]	[[329, 3412], [199, 32], [6699, 547592]]
"490976.a1"	490976	[0, 0, 0, -1129, 14596]	[[35, 134], [73/2, 67/2], [181/3, 134/3]]
"491077.a1"	491077	[0, 0, 1, -61, 180]	[[4, 0], [5, 0], [6, 5]]
"491144.b1"	491144	[0, 1, 0, -193, -189]	[[19, 58], [-10, 29], [-5, 26]]
"491148.a1"	491148	[0, 0, 0, -2064, -35516]	[[-28, 18], [-24, 14], [-103/2, 189/2]]
"491172.a1"	491172	[0, -1, 0, -142, -479]	[[-6, 11], [16, 33], [-4, 3]]
"491232.a1"	491232	[0, -1, 0, -705, 81]	[[-7, 68], [-1, 28], [41, 196]]
"491232.a2"	491232	[0, -1, 0, -490, -4004]	[[-12, 2], [159, 1978], [36, 154]]
"491241.a1"	491241	[0, -1, 1, 6, 56]	[[0, 7], [-3, 1], [6, 16]]
"491304.b1"	491304	[0, 1, 0, -12185, -93621]	[[-83, 594], [115, 198], [-35/2, 891/2]]
"491317.a1"	491317	[0, -1, 1, -84, 324]	[[6, 0], [7, 5], [3, 9]]
"491370.k1"	491370	[1, 1, 1, -56351, 5125253]	[[137, -62], [139, -22], [167, 554]]
"491370.k2"	491370	[1, 1, 1, -3551, 77573]	[[41, 34], [19, 122], [-9, 334]]
"491434.a1"	491434	[1, -1, 0, -286, -944]	[[-10, 34], [106, 1020], [32, 132]]
"491526.d1"	491526	[1, -1, 0, -1548, 21440]	[[-4, 168], [5, 115], [-20, 220]]
"491526.d2"	491526	[1, -1, 0, 132, 1616]	[[8, 52], [-1, 39], [19, 94]]
"491562.b1"	491562	[1, -1, 0, -474, -2908]	[[-8, 22], [28, 58], [-7, 9]]
"491598.i1"	491598	[1, -1, 1, -2021, 32285]	[[39, 88], [15, 64], [111, 1024]]
"491601.a1"	491601	[1, 1, 1, 32, 194]	[[2, 15], [-4, 6], [6, 22]]
"491637.b1"	491637	[0, 1, 1, -1383533, 625911137]	[[679, 10], [16969/5, -22/5], [655, 1066]]
"491715.e1"	491715	[1, -1, 1, -5333, -147108]	[[-40, 51], [-43, 57], [212, 2760]]
"491715.e2"	491715	[1, -1, 1, -608, 2202]	[[2, 30], [-4, 69], [32, 105]]
"491754.a1"	491754	[1, 1, 0, -1339, 18781]	[[54, 301], [13, 55], [19, 16]]
"491760.a1"	491760	[0, 0, 0, -2283, 41882]	[[31, 30], [61, 360], [13, 120]]
"491776.a1"	491776	[0, 1, 0, -5133, 138859]	[[30, 113], [45, 32], [38, 11]]
"491776.a2"	491776	[0, 1, 0, -5123, 139441]	[[39, 22], [49, 92], [319/3, 1630/3]]
"491835.b1"	491835	[1, 0, 0, -84066, 9386721]	[[165, 39], [579/2, 3471/2], [201, 687]]
"491904.r1"	491904	[0, 0, 0, -33204, 2391856]	[[-22, 1764], [104, 252], [353/2, 3087/2]]
"491960.b1"	491960	[0, 1, 0, -625, 1875]	[[-5, 70], [-25, 50], [-15, 90]]
"491985.s1"	491985	[0, 0, 1, -392718, 94728739]	[[361, 58], [1561/2, 7601/2], [3301/3, 4634/3]]
"491985.s2"	491985	[0, 0, 1, -1218, 318514]	[[784, 21937], [34, 562], [-239/2, 3371/2]]
"492001.a1"	492001	[0, 1, 1, -242, -240]	[[-5, 29], [-15, 15], [16, 15]]
"492044.a1"	492044	[0, 0, 0, -152, 100]	[[-12, 14], [16, 42], [12, 2]]
"492062.a1"	492062	[1, 0, 1, 20, 90]	[[-3, 3], [5, 15], [9, 27]]
"492099.c1"	492099	[1, 1, 1, -29, 2]	[[0, 1], [-6, 4], [-2, 8]]
"492154.a1"	492154	[1, 1, 0, -5969, 175081]	[[68, 265], [313/3, 2371/3], [2136/7, -4187/7]]
"492168.a1"	492168	[0, -1, 0, -49, 373]	[[1, 18], [7, 18], [13, 42]]
"492210.c1"	492210	[1, -1, 0, -3159, 68665]	[[11, 182], [36, 7], [41, 62]]
"492264.f1"	492264	[0, 0, 0, -3900, 97652]	[[58, 258], [574, 13674], [-62, 318]]
"492265.a1"	492265	[1, 1, 1, -141, 688]	[[11, 19], [-14, 19], [19/2, 77/2]]
"492273.a1"	492273	[1, -1, 1, -734, 7314]	[[56, 345], [-27, 96], [29, 84]]
"492288.q1"	492288	[0, 1, 0, -72087, 7424901]	[[147, 162], [-15, 2916], [2433/4, 3159/4]]
"492318.g1"	492318	[1, -1, 1, -2459, 29899]	[[43, 26], [11, 58], [139, 1466]]
"492321.a1"	492321	[1, 1, 1, -34623, 2872662]	[[2886/5, 74776/5], [583/2, 7207/2], [254, 3120]]
"492352.e1"	492352	[0, 1, 0, -849, 9967]	[[23, 56], [9, 56], [-19, 140]]
"492378.a1"	492378	[1, 1, 0, -295, 1717]	[[-2, 49], [14, 17], [-18, 49]]
"492410.b1"	492410	[1, 0, 1, -1293, 6158]	[[54, 280], [-28, 157], [11/2, 395/2]]
"492410.b2"	492410	[1, 0, 1, -1043, 12858]	[[9, 60], [29, 70], [17, 2]]
"492474.b1"	492474	[1, 1, 1, -257, 767]	[[15, 16], [3, 4], [-1, 32]]
"492486.c1"	492486	[1, 0, 0, -2717, 89649]	[[82, 607], [-62, 175], [34, 175]]
"492525.a1"	492525	[0, 0, 1, -1875, 30006]	[[-25, 247], [20, 22], [65/2, 491/2]]
"492590.a1"	492590	[1, -1, 0, -1450, 24436]	[[-12, 206], [13, 81], [292/3, 2362/3]]
"492624.f1"	492624	[0, 0, 0, -48459, 4099066]	[[149, 432], [95, 594], [53, 1296]]
"492702.b1"	492702	[1, 0, 1, 1550, 47840]	[[7, 239], [-20, 104], [88, 887]]
"492708.b1"	492708	[0, 1, 0, -92, 55044]	[[40, 342], [4, 234], [76, 702]]
"492720.a1"	492720	[0, -1, 0, -456, 3600]	[[8, 20], [18, 30], [48, 300]]
"492864.p1"	492864	[0, -1, 0, -1433, 12249]	[[5, 72], [41, 144], [59, 360]]
"492864.p2"	492864	[0, -1, 0, 4607, 83521]	[[17, 408], [-15, 104], [0, 289]]
"492960.m1"	492960	[0, -1, 0, -14625, 140625]	[[-75, 900], [5, 260], [-25, 700]]
"492960.m2"	492960	[0, -1, 0, -11070, 451332]	[[54, 90], [144, 1350], [64, 30]]
"493031.b1"	493031	[1, 0, 0, -336, 2107]	[[21, 56], [7, 7], [287, 4711]]
"493065.b1"	493065	[1, -1, 1, -26627, 1682876]	[[51, 649], [126, 499], [-84, 1864]]
"493086.f1"	493086	[1, 0, 1, -21655, 1224782]	[[82, 5], [94, 101], [85, -34]]
"493086.g1"	493086	[1, 1, 1, -3147, 70905]	[[87, 638], [43, 110], [-37, 390]]
"493116.a1"	493116	[0, -1, 0, -6604, 160888]	[[78, 338], [26, 78], [117, 988]]
"493116.a2"	493116	[0, -1, 0, -6169, 188554]	[[49, 39], [45, 7], [-3, 455]]
"493118.a1"	493118	[1, 0, 1, -577, 5280]	[[14, -6], [13, -2], [9, 24]]
"493124.a1"	493124	[0, 1, 0, -772, 14436]	[[8, 94], [-32, 86], [-116/3, 4042/3]]
"493130.a1"	493130	[1, 0, 1, -474, 4172]	[[5, 41], [16, 19], [13, 9]]
"493136.e1"	493136	[0, 1, 0, -124917, 17160751]	[[135, 1666], [1373/2, 30821/2], [-110, 5439]]
"493136.e2"	493136	[0, 1, 0, 455243, 86054751]	[[107, 11662], [515, 21386], [450, 19551]]
"493176.d1"	493176	[0, 1, 0, -180, 5184]	[[-18, 54], [18, 90], [36, 216]]
"493206.g1"	493206	[1, 1, 1, -3717, 34827]	[[199, 2588], [7, 92], [-57, 284]]
"493230.n1"	493230	[1, 1, 1, -2656, 45953]	[[53, 213], [41, 69], [-59, 69]]
"493230.n2"	493230	[1, 1, 1, 3744, 240513]	[[57, 773], [-33, 303], [213, 3173]]
"493344.a1"	493344	[0, 0, 0, -171, -850]	[[-7, 2], [17, 34], [38, 218]]
"493376.a1"	493376	[0, 1, 0, -11497, 468471]	[[1, 676], [53, 104], [173/2, 1859/2]]
"493458.a1"	493458	[1, 1, 0, -3178, 68176]	[[61, 295], [30, 16], [26, 50]]
"493470.l1"	493470	[1, -1, 1, -3758, 91581]	[[35, 27], [-55, 387], [5, 267]]
"493518.a1"	493518	[1, 1, 0, -337, 2965]	[[-14, 79], [2, 47], [18, 47]]
"493518.b1"	493518	[1, 1, 0, -461150, 132195828]	[[2117, 91943], [-788, 3050], [623, 9026]]
"493578.a1"	493578	[1, -1, 0, -1179, 16119]	[[15, 33], [-39, 60], [87/2, 75/2]]
"493578.h1"	493578	[1, -1, 1, -21812, 4166295]	[[245, 3549], [101, 1677], [143, 1917]]
"493612.h1"	493612	[0, -1, 0, -9497, 359674]	[[53, 49], [-45, 833], [23, 391]]
"493648.a1"	493648	[0, 1, 0, -416, -1292]	[[-6, 32], [58, 416], [-12, 46]]
"493651.a1"	493651	[0, 1, 1, -7, 32]	[[2, 5], [-2, 6], [-4, 3]]
"493696.a1"	493696	[0, -1, 0, -147, 931]	[[10, 19], [7, 14], [-9, 38]]
"493776.a1"	493776	[0, 0, 0, -1107, 14130]	[[21, 12], [15, 30], [-3, 132]]
"493792.a1"	493792	[0, 1, 0, -241, 1311]	[[7, 4], [15, 36], [5, 16]]
"493866.c1"	493866	[1, -1, 1, -86, 1381]	[[1, 35], [25, 107], [-7, 43]]
"493938.e1"	493938	[1, -1, 1, -1361, 23617]	[[7, 116], [23, 52], [-41, -76]]
"493952.a1"	493952	[0, 0, 0, -214, 1204]	[[8, 2], [10, 8], [2, 28]]
"493952.b1"	493952	[0, 0, 0, -7198, -7196]	[[464, 9826], [175, 2023], [-46, 476]]
"494016.c1"	494016	[0, -1, 0, -55977, 5116329]	[[143, 124], [205, 1488], [1225/3, 496/3]]
"494016.ca1"	494016	[0, 1, 0, -2217, 76311]	[[15, 216], [-39, 324], [42, 243]]
"494054.a1"	494054	[1, 0, 0, -3522, 80836]	[[20, 126], [-48, 398], [316/3, 274/3]]
"494058.a1"	494058	[1, 1, 0, -1444, -11156]	[[-14, 88], [310, 5272], [42, 46]]
"494082.d1"	494082	[1, -1, 1, -41, 2121]	[[-13, 24], [5, 42], [-7, 48]]
"494119.a1"	494119	[1, 0, 1, -2177, 38901]	[[43, 137], [27, -13], [107/2, -109/2]]
"494151.a1"	494151	[1, 0, 0, -2842, 57929]	[[8, 185], [35, 23], [32, -13]]
"494160.w1"	494160	[0, -1, 0, -309120, 66254400]	[[320, 40], [330, 270], [322, 18]]
"494160.w2"	494160	[0, -1, 0, -19120, 1062400]	[[40, 600], [72, 232], [-110, 1350]]
"494177.a1"	494177	[1, 0, 0, -1327, 18504]	[[-37, 150], [193/3, -158/3], [115/2, 411/2]]
"494201.a1"	494201	[1, -1, 1, -90, 306]	[[2, 10], [25, 102], [31/2, 11/2]]
"494205.a1"	494205	[0, -1, 1, -566, 2786]	[[73, 587], [26, 70], [-21, 70]]
"494243.a1"	494243	[0, 0, 1, -76, 257]	[[5, 1], [3, 7], [49/3, 46/3]]
"494312.a1"	494312	[0, 0, 0, -21259, 1193059]	[[85, 13], [78, 97], [46, 559]]
"494312.g1"	494312	[0, -1, 0, -996, -1931]	[[82, 679], [-23, 91], [-15, 97]]
"494312.k1"	494312	[0, 0, 0, 1225, 18522]	[[-7, 98], [14, 196], [287, 4900]]
"494341.a1"	494341	[0, -1, 1, -26, 48]	[[2, 0], [-1, 8], [6, 8]]
"494361.e1"	494361	[1, -1, 1, -2847326, 1849218032]	[[1035, 2668], [858, 5677], [4671/2, 81347/2]]
"494361.e2"	494361	[1, -1, 1, -207941, 18540596]	[[72, 1948], [18, 3838], [417, 1843]]
"494361.e3"	494361	[1, -1, 1, -99896, -11928094]	[[-173, 478], [366, 478], [1171, 37830]]
"494361.e4"	494361	[1, -1, 1, 702724, 136562780]	[[240, 17740], [513, 24880], [-54, 9949]]
"494400.p1"	494400	[0, -1, 0, 167, 2137]	[[7, 60], [-3, 40], [37, 240]]
"494400.en1"	494400	[0, 1, 0, -3033, 66663]	[[63, 360], [33, 60], [18, 135]]
"494424.b1"	494424	[0, 0, 0, -279, 954]	[[-3, 42], [3, 12], [18, 42]]
"494460.a1"	494460	[0, 0, 0, -1008, 12393]	[[24, 45], [18, 9], [12, 45]]
"494475.a1"	494475	[0, -1, 1, -91408, 10601718]	[[262, 2137], [-213, 4512], [186, 9]]
"494487.d1"	494487	[1, -1, 1, -4496, 84260]	[[90, 589], [13, 160], [-72, 211]]
"494487.d2"	494487	[1, -1, 1, -1661, -24604]	[[-24, 43], [54, 175], [-23, 43]]
"494495.b1"	494495	[0, 1, 1, 19, 75]	[[-1, 7], [9, 32], [-3, 0]]
"494532.a1"	494532	[0, 0, 0, 324, 7641]	[[24, 171], [-14, 19], [366, 7011]]
"494566.a1"	494566	[1, 1, 0, 15, 49]	[[-2, 5], [0, 7], [6, 17]]
"494578.b1"	494578	[1, -1, 1, -44466, 3669681]	[[-223, 1679], [225, 2127], [113, 223]]
"494598.a1"	494598	[1, 1, 0, -15916, 751360]	[[47, 308], [112, 568], [60, 100]]
"494598.a2"	494598	[1, 1, 0, 1424, 2322364]	[[251, 4184], [30, 1532], [710, 18668]]
"494614.a1"	494614	[1, 1, 0, -2091, 35389]	[[75, 517], [766/5, 2521/5], [-434/3, 5087/3]]
"494712.a1"	494712	[0, 0, 0, -426, 3301]	[[14, 9], [5, 36], [26, 99]]
"494712.e1"	494712	[0, 0, 0, -1695, -398]	[[59, 324], [-22, 162], [-37, 108]]
"494720.g1"	494720	[0, -1, 0, -745, 8057]	[[19, 20], [17, 4], [13, 20]]
"494728.a1"	494728	[0, 1, 0, 71, 5835]	[[23, 142], [3, 78], [-77/3, 1846/3]]
"494810.a1"	494810	[1, -1, 0, -595, 5685]	[[6, 45], [38, 173], [11, 14]]
"494916.a1"	494916	[0, -1, 0, -34, 49]	[[0, 7], [6, 5], [-6, 1]]
"494973.a1"	494973	[0, 0, 1, -237, 1066]	[[4, 13], [13, 13], [-14, 40]]
"494976.e1"	494976	[0, -1, 0, 419, 4837]	[[31, 216], [4, 81], [247, 3888]]
"494980.b1"	494980	[0, 1, 0, -525, 2500]	[[25, 75], [-25, 25], [5, 5]]
"495036.a1"	495036	[0, 0, 0, 231, -1231]	[[7, 27], [13, 63], [43, 297]]
"495072.a1"	495072	[0, 0, 0, -9, 144]	[[3, 12], [-3, 12], [-5, 8]]
"495100.a1"	495100	[0, 0, 0, 200, 3625]	[[-10, 25], [15, 100], [40, 275]]
"495206.a1"	495206	[1, 0, 0, -247, 1449]	[[10, -3], [14, 21], [8, -3]]
"495256.a1"	495256	[0, 0, 0, -2731, 54934]	[[31, 8], [30, 2], [121/2, 11/2]]
"495274.b1"	495274	[1, 0, 0, -3532, 95376]	[[116, 1060], [-56, 372], [30, 114]]
"495306.d1"	495306	[1, -1, 0, 1647, 48541]	[[50, 479], [-6, 199], [-22, 47]]
"495352.a1"	495352	[0, 0, 0, -199, 874]	[[13, 22], [-9, 44], [2, 22]]
"495354.b1"	495354	[1, 0, 1, -847, 7874]	[[31, 92], [7, 44], [22, -7]]
"495450.j1"	495450	[1, -1, 0, -837, 9621]	[[18, 3], [-6, 123], [34, 123]]
"495466.a1"	495466	[1, 0, 1, -515, 4542]	[[-9, 96], [14, 4], [103/3, 200/3]]
"495729.a1"	495729	[0, 0, 1, 153, 226]	[[1, 19], [7, 40], [53, 396]]
"495729.d1"	495729	[0, 0, 1, -1836, 572690]	[[-36, 769], [154, 1985], [-63/4, 48703/4]]
"495783.a1"	495783	[0, 0, 1, -291, 1836]	[[5, 22], [8, 4], [14, 22]]
"495783.b1"	495783	[1, -1, 1, -860, 10064]	[[-18, 148], [13, 24], [261, 4054]]
"495792.a1"	495792	[0, 0, 0, -25347, -1098110]	[[-103, 648], [183, 626], [-55, 360]]
"495792.a2"	495792	[0, 0, 0, -9507, 343330]	[[-1, 594], [98, 594], [71, 162]]
"495796.a1"	495796	[0, 1, 0, -85, 324]	[[5, 7], [-9, 21], [19, 77]]
"495822.j1"	495822	[1, 1, 1, -1002, 9207]	[[9, 27], [25, 11], [73, 539]]
"495850.c1"	495850	[1, 1, 0, -209325, -4707875]	[[-159, 5038], [-65, 2970], [-48990/11, 5227945/11]]
"495872.c1"	495872	[0, -1, 0, -107, -689]	[[30, 149], [121/3, 298/3], [179, 2384]]
"495883.a1"	495883	[0, 1, 1, 5, 35]	[[-1, 5], [-3, 1], [1, 6]]
"495895.a1"	495895	[1, 0, 0, -12540, 531367]	[[99, 463], [49, 163], [714, 18503]]
"495895.a2"	495895	[1, 0, 0, -445, 1515900]	[[40, 1230], [-65, 1160], [-24, 1242]]
"495942.c1"	495942	[1, 1, 0, -445, 3433]	[[12, -7], [13, 1], [11, -1]]
"495952.f1"	495952	[0, 0, 0, -12803, 557826]	[[95, 446], [65, 16], [71, 82]]
"495963.e1"	495963	[0, 0, 1, 9, 32]	[[-2, 2], [1, 6], [4, 11]]
"495963.f1"	495963	[1, -1, 1, 21409, -1613438]	[[448, 9662], [271/2, 2767/2], [2173/3, 109957/3]]
"495963.i1"	495963	[0, 0, 1, -3186, 69230]	[[42, 97], [129/2, 35/2], [30, 25]]
"495963.k1"	495963	[1, -1, 0, -13713, 621524]	[[68, -32], [80, 138], [6779/10, -32903/10]]
"495972.a1"	495972	[0, 0, 0, 2913, 5830]	[[107, 1242], [-1, 54], [191/5, 21114/5]]
"496032.a1"	496032	[0, -1, 0, -62, 204]	[[4, 2], [3, 6], [7, 8]]
"496056.a1"	496056	[0, 1, 0, -1332, 20736]	[[-18, 198], [18, 54], [26, 66]]
"496172.a1"	496172	[0, 1, 0, -202, -759]	[[32, 163], [-35/2, 163/2], [-38/3, 163/3]]
"496188.c1"	496188	[0, 0, 0, 2976, 14884]	[[32, 378], [8, 198], [140, 1782]]
"496202.c1"	496202	[1, 0, 1, -1564, 24750]	[[27, 35], [223, 3171], [-45, 89]]
"496239.a1"	496239	[0, -1, 1, -33, 56]	[[0, 7], [-6, 1], [-2, 10]]
"496337.d1"	496337	[1, -1, 0, -10397, -405382]	[[-2882/7, 7218/7], [643/2, 10833/2], [878, 25382]]
"496382.a1"	496382	[1, 0, 0, -16, 192]	[[4, 12], [-4, 16], [2, 12]]
"496400.o1"	496400	[0, -1, 0, -15008, 32512]	[[-48, 800], [-78, 850], [-112, 544]]
"496540.a1"	496540	[0, 0, 0, -2113, 38737]	[[31, 55], [64, 407], [27, 37]]
"496620.e1"	496620	[0, 0, 0, -2568, 50033]	[[34, 45], [28, 9], [46, 171]]
"496624.a1"	496624	[0, -1, 0, -672, -6464]	[[-14, 2], [-15, 4], [42, 194]]
"496638.l1"	496638	[1, -1, 1, -1139, 11859]	[[11, 18], [59, 354], [-37, 66]]
"496674.b1"	496674	[1, -1, 0, -509103, 138824365]	[[467, 1427], [62, 10337], [10430, 1057505]]
"496706.d1"	496706	[1, -1, 0, -2105, -31203]	[[71, 381], [-27, 87], [-194/3, 1957/3]]
"496713.g1"	496713	[1, 0, 0, -7365, 121806]	[[6, 276], [15, 114], [99, 555]]
"496713.g2"	496713	[1, 0, 0, -3550, -80389]	[[-31, 5], [-34, 53], [74, 215]]
"496737.a1"	496737	[1, -1, 1, -473, 4038]	[[14, -3], [11, 3], [47/2, -33/2]]
"496767.a1"	496767	[0, -1, 1, -72, 182]	[[0, 13], [9, 13], [-9, 4]]
"496872.a1"	496872	[0, 0, 0, -279, -486]	[[-3, 18], [-15, 18], [-9, 36]]
"496982.a1"	496982	[1, 1, 0, -229, 1229]	[[10, 3], [2, 27], [-14, 51]]
"497002.c1"	497002	[1, 1, 0, -154, 704]	[[5, 7], [-14, 26], [7, 2]]
"497030.a1"	497030	[1, 0, 1, 11, 192]	[[-5, 6], [3, 14], [10, 31]]
"497030.i1"	497030	[1, -1, 1, -18612, 959511]	[[101, 269], [-139, 989], [229, 2829]]
"497042.a1"	497042	[1, 0, 0, -1574, -7196]	[[-36, 74], [-20, 138], [44, 74]]
"497055.a1"	497055	[1, 1, 1, -87735, 10343790]	[[528, 10298], [-122, 4448], [1267/2, 29149/2]]
"497058.d1"	497058	[1, 1, 1, -2172, 35037]	[[13, 89], [37, 65], [77, 537]]
"497103.a1"	497103	[1, 1, 1, -127, -208]	[[-10, 18], [17, 45], [-13/2, 117/2]]
"497120.a1"	497120	[0, -1, 0, -2886, 63340]	[[18, 130], [148, 1690], [-60, 130]]
"497181.a1"	497181	[0, 1, 1, -182, 182]	[[13, 13], [-14, 13], [-5, 31]]
"497344.c1"	497344	[0, 1, 0, 535, 2167]	[[21, 152], [2, 57], [-11/2, 209/2]]
"497349.g1"	497349	[0, 0, 1, -1560, -3321]	[[-3, 36], [-13, 121], [143, 1642]]
"497398.d1"	497398	[1, 0, 0, -11446, 725412]	[[-28, 1026], [-116, 762], [12, 762]]
"497408.c1"	497408	[0, 1, 0, 13, 49]	[[-1, 6], [1, 8], [8, 27]]
"497440.a1"	497440	[0, 1, 0, -20465, 1120063]	[[81, 20], [91, 140], [51, 460]]
"497440.h1"	497440	[0, 0, 0, 628, 107136]	[[-18, 300], [182, 2500], [62, 620]]
"497462.a1"	497462	[1, 1, 0, -136, -640]	[[-8, 8], [-7, 9], [13, -6]]
"497536.i1"	497536	[0, -1, 0, -537, 6889]	[[25, 92], [9, 52], [-21, 92]]
"497616.e1"	497616	[0, -1, 0, -2912, 51936]	[[52, 196], [-4, 252], [10, 154]]
"497637.a1"	497637	[0, 0, 1, -129, 13212]	[[-22, 73], [27, 171], [62, 493]]
"497712.m1"	497712	[0, 1, 0, -52600, 4626644]	[[86, 864], [140, 162], [131, 36]]
"497728.j1"	497728	[0, -1, 0, -309, 2245]	[[1, 44], [12, 11], [37/2, 77/2]]
"497789.a1"	497789	[0, 1, 1, -268, 1610]	[[15, 34], [-8, 57], [37/2, 19/2]]
"497846.a1"	497846	[1, -1, 0, -64, 64]	[[0, 8], [8, 0], [-8, 8]]
"497926.g1"	497926	[1, 0, 0, -7299, 224065]	[[62, 73], [-94, 333], [-42, 697]]
"498015.a1"	498015	[0, 0, 1, -89193, 10626948]	[[3356, 193672], [101, 1627], [929/2, 12491/2]]
"498127.a1"	498127	[1, -1, 1, -72, -198]	[[-4, 5], [10, -2], [11, 10]]
"498150.bz1"	498150	[1, -1, 1, -4430, 104797]	[[49, 35], [-71, 275], [89, 595]]
"498160.f1"	498160	[0, -1, 0, -488040, 131474800]	[[2916, 153280], [1605/2, 2395/2], [42, 10538]]
"498160.f2"	498160	[0, -1, 0, 5960, 767600]	[[140, 2080], [-20, 800], [10, 910]]
"498210.b1"	498210	[1, 1, 0, -4137, 100629]	[[33, 21], [38, -9], [78, 471]]
"498272.a1"	498272	[0, 1, 0, -208, 1080]	[[10, 10], [2, 26], [7, 4]]
"498294.r1"	498294	[1, -1, 1, -7682, -47615]	[[107, 535], [-79, 287], [169, 1775]]
"498310.a1"	498310	[1, 0, 1, -64, 1086]	[[13, 43], [-12, 18], [-11, 27]]
"498310.b1"	498310	[1, 0, 1, 7766, 339996]	[[733, 19633], [108, 1508], [-35, 177]]
"498471.a1"	498471	[0, 1, 1, -365, -2290]	[[-8, 13], [46, 283], [-59/2, 77/2]]
"498525.a1"	498525	[0, -1, 1, -25528, 1578408]	[[91, 25], [82, 172], [142, 892]]
"498536.a1"	498536	[0, -1, 0, -444, 3748]	[[12, 2], [16, 22], [13, 2]]
"498675.d1"	498675	[1, 1, 1, -45538, -3737344]	[[-116, 88], [1104, 35407], [9400, 906487]]
"498675.d2"	498675	[1, 1, 1, -4663, 23156]	[[-44, 403], [66, 58], [80, 372]]
"498675.d3"	498675	[1, 1, 1, -3538, 79406]	[[30, 22], [40, 42], [26, 63]]
"498675.d4"	498675	[1, 1, 1, 18212, 206156]	[[16, 700], [1324, 47788], [1234/3, 60320/3]]
"498675.h1"	498675	[1, 0, 0, -35863, -2541658]	[[-109, 329], [-97, 212], [623, 14420]]
"498675.h2"	498675	[1, 0, 0, -5488, 100967]	[[17, 104], [2, 299], [-13, 419]]
"498717.c1"	498717	[1, -1, 1, 16, 694]	[[-4, 25], [43, 260], [31/2, 247/2]]
"498936.c1"	498936	[0, 1, 0, -20, 5184]	[[-14, 54], [4, 72], [22, 126]]
"498942.a1"	498942	[1, -1, 0, -2511, 49081]	[[32, 11], [29, -10], [20, 71]]
"498942.b1"	498942	[1, -1, 0, 144, -5184]	[[24, 96], [15, 6], [16, 24]]
"498980.b1"	498980	[0, 1, 0, -930, 6553]	[[-24, 125], [26, 25], [36, 145]]
"499052.b1"	499052	[0, -1, 0, -178, -55]	[[34, 179], [-43/2, 179/2], [127/3, 179/3]]
"499070.a1"	499070	[1, 0, 1, -884, 11046]	[[-21, 153], [18, 23], [31, 101]]
"499143.a1"	499143	[1, 0, 0, 118, 1521]	[[1, 40], [-8, 13], [-5, 31]]
"499163.a1"	499163	[0, 0, 1, 245, -772]	[[14, 73], [63, 514], [9, 46]]
"499163.e1"	499163	[1, 0, 0, -155, 776]	[[-1, 31], [5, 9], [20, 66]]
"499185.a1"	499185	[1, -1, 1, -25367, 1574034]	[[-58, 1716], [92, 66], [617, 14541]]
"499278.b1"	499278	[1, 1, 0, -13026, 561060]	[[48, 198], [11, 642], [57, 60]]
"499278.b2"	499278	[1, 1, 0, -2646, 1443360]	[[-1, 1203], [-38, 1240], [272, 4440]]
"499280.b1"	499280	[0, 1, 0, -13456, -603756]	[[154, 1000], [-614/3, 1000/3], [-70, 8]]
"499280.b2"	499280	[0, 1, 0, -816, 8020]	[[2, 80], [12, 10], [-30, 80]]
"499284.b1"	499284	[0, 0, 0, -281016, 57344004]	[[372, 2070], [-456, 9522], [300, 198]]
"499287.b1"	499287	[0, 1, 1, -476, 3842]	[[13, 4], [12, 1], [3, 49]]
"499341.a1"	499341	[0, 1, 1, -222, 812]	[[3, 13], [12, 4], [21, 76]]
"499400.b1"	499400	[0, 1, 0, 452, -1167]	[[8, 55], [52, 407], [28, 185]]
"499400.g1"	499400	[0, 0, 0, -575, 10375]	[[45, 275], [-15, 125], [-30, 25]]
"499467.a1"	499467	[1, 1, 1, -1542, 22662]	[[24, 2], [22, -10], [183/2, 1611/2]]
"499520.c1"	499520	[0, 0, 0, -412, 16]	[[-10, 56], [-18, 40], [22, 40]]
"499522.a1"	499522	[1, -1, 0, -149, 737]	[[8, -1], [7, -3], [13, 23]]
"499548.a1"	499548	[0, -1, 0, -1142, 15321]	[[22, 19], [-16, 171], [60, 399]]
"499617.a1"	499617	[0, 0, 1, 96, 387]	[[5, 31], [23, 121], [3, 26]]
"499653.b1"	499653	[1, -1, 1, -104, 382]	[[10, 11], [-1, 22], [32, 154]]
"499662.n1"	499662	[1, -1, 1, -11462, 128085]	[[201, 2331], [-103, 507], [137, 987]]
"499743.a1"	499743	[0, 0, 1, -783, -1060]	[[57, 373], [-26, 41], [39, 166]]
"499773.a1"	499773	[1, 1, 1, -52, 110]	[[2, 3], [5, 0], [-4, 18]]
"499878.d1"	499878	[1, -1, 1, -149, 429]	[[-1, 24], [11, 0], [-13, 0]]
"499881.a1"	499881	[1, 1, 1, 20, 56]	[[-1, 6], [2, 9], [-2, 4]]
"499886.a1"	499886	[1, 0, 0, 100, 16]	[[0, 4], [4, 20], [2, 14]]
"499975.a1"	499975	[0, 1, 1, -9408, 346344]	[[63, 87], [-112, 87], [-77, 787]]
"505061.a1"	505061	[0, 0, 1, -308, 2080]	[[10, 0], [41/2, -7/2], [-10, 64]]
"505691.a1"	505691	[0, -1, 1, -340, 2530]	[[11, 0], [10, 5], [100/3, 10/3]]
"506887.a1"	506887	[1, 1, 1, -10964, 437310]	[[60, -30], [1501/5, -3814/5], [1506/5, -3486/5]]
"533641.a1"	533641	[1, 0, 0, 20, 9]	[[0, 3], [1, 5], [-1/2, 17/2]]
"544373.a1"	544373	[0, 0, 1, -875, 9962]	[[17, 0], [20, 21], [65/2, 43/2]]
"549511.a1"	549511	[1, 0, 1, -15, -43]	[[5, 1], [9, 19], [25, 111]]
"556051.a1"	556051	[1, 0, 0, -7, 36]	[[1, 5], [0, 6], [-4, 4]]
"566077.a1"	566077	[1, 1, 0, -21, 4]	[[0, 2], [4, 0], [-5/2, 49/2]]
"572087.a1"	572087	[1, 0, 0, -24, 25]	[[1, 1], [0, 5], [-3, 10]]
"572687.a1"	572687	[1, 0, 0, -58, -171]	[[-4, 3], [-5, 3], [-44/3, 31/3]]
"577601.a1"	577601	[1, 0, 0, -21, -8]	[[-1, 4], [-3, 7], [-4, 6]]
"580757.a1"	580757	[0, 1, 1, -808, 8576]	[[16, 0], [17, 6], [85/2, 301/2]]
"584869.a1"	584869	[1, 0, 0, 4, 37]	[[-3, 1], [1, 6], [7, 17]]
"590809.a1"	590809	[1, 1, 1, -2049, 34846]	[[26, -11], [103/2, -105/2], [40, 117]]
"592237.a1"	592237	[1, 1, 1, -43, 84]	[[2, 2], [6, 6], [-3, 15]]
"592357.a1"	592357	[0, -1, 1, -38, 96]	[[3, 0], [5, 2], [-1, 11]]
"594091.a1"	594091	[1, 1, 1, -21, -8]	[[-2, 6], [-4, 7], [-5, 3]]
"594157.a1"	594157	[0, -1, 1, -23, 30]	[[0, 5], [6, 8], [-4, 6]]
"594163.a1"	594163	[0, 1, 1, -9, -42]	[[4, 1], [6, 12], [8, 21]]
"594917.a1"	594917	[0, 1, 1, -343, -2563]	[[-11, 0], [-175/4, -31/4], [31, 132]]
"594917.c1"	594917	[0, 0, 1, -776, 8320]	[[16, 0], [65/2, 5/2], [46, 264]]
"595261.a1"	595261	[1, -1, 1, -106, 446]	[[6, -2], [5, 2], [-3, 28]]
"600877.a1"	600877	[1, -1, 0, -47, 142]	[[6, 4], [-2, 16], [19/2, 5/2]]
"605987.a1"	605987	[0, 0, 1, 20, -15]	[[1, 2], [3, 8], [15, 60]]
"613219.a1"	613219	[1, 0, 0, -4842, 129281]	[[40, -19], [37, 15], [1447/6, -4097/6]]
"614683.a1"	614683	[0, 0, 1, -11, 40]	[[1, 5], [-4, 4], [5, 10]]
"618083.a1"	618083	[1, -1, 0, -4, 39]	[[2, 5], [-2, 7], [19/2, 65/2]]
"619279.a1"	619279	[1, 1, 1, -72, 202]	[[4, -2], [5, -2], [2, 7]]
"622709.a1"	622709	[0, 0, 1, -59, 170]	[[5, 0], [3, 4], [8, 14]]
"623923.a1"	623923	[1, 0, 0, -44, 115]	[[3, 2], [2, 5], [-2, 15]]
"628399.a1"	628399	[1, -1, 1, -36, -64]	[[-3, 4], [-4, 0], [32, 159]]
"629339.a1"	629339	[0, -1, 1, 14, 28]	[[-1, 3], [1, 6], [4, 11]]
"629653.a1"	629653	[0, 1, 1, -38, 70]	[[2, 2], [5, 5], [8, 18]]
"632683.a1"	632683	[0, 0, 1, 13, -34]	[[2, 0], [5, 12], [9/2, 17/2]]
"632699.a1"	632699	[1, 0, 0, -22, 9]	[[0, 3], [-1, 6], [5, 3]]
"632839.a1"	632839	[1, 0, 0, -57, -166]	[[-5, 2], [10, 12], [-17/2, 1/2]]
"632851.a1"	632851	[1, 1, 1, -271, -1830]	[[-10, 5], [-89/3, 103/3], [32, 137]]
"633781.c1"	633781	[0, 0, 1, -28, 42]	[[0, 6], [-2, 9], [6, 9]]
"639053.a1"	639053	[1, 1, 1, -10, 36]	[[2, 4], [-3, 8], [-4, 7]]
"647371.a1"	647371	[0, 0, 1, 13, 34]	[[-2, 0], [-1, 4], [8, 25]]
"647723.a1"	647723	[0, -1, 1, 16, -36]	[[2, 0], [3, 5], [6, 15]]
"650581.a1"	650581	[1, 0, 1, -17, 45]	[[3, 3], [-5, 5], [11, 29]]
"658549.a1"	658549	[0, 0, 1, -31, -54]	[[-2, 0], [-3, 3], [-4, 2]]
"660923.a1"	660923	[1, 1, 1, -23, 48]	[[4, 4], [-2, 10], [-6, 6]]
"663563.a1"	663563	[0, -1, 1, -478, 4186]	[[13, 0], [14, 6], [-7, 84]]
"664597.a1"	664597	[0, 0, 1, -22, 6]	[[0, 2], [-2, 6], [-4, 5]]
"667351.a1"	667351	[1, 0, 0, 8, 39]	[[-2, 5], [-1, 6], [2, 7]]
"671893.a1"	671893	[1, 0, 0, 20, 21]	[[-1, 0], [1, 6], [3, 9]]
"672629.a1"	672629	[0, 1, 1, -22, 2]	[[0, 1], [-2, 6], [-4, 6]]
"678949.a1"	678949	[1, 0, 1, -55, 145]	[[5, -1], [-7, 17], [23/2, 17/2]]
"679033.a1"	679033	[1, 0, 0, -583, 5370]	[[14, -6], [13, -1], [229/4, -267/4]]
"680213.a1"	680213	[1, 1, 1, -619, 5670]	[[14, -8], [15, -1], [326/5, -139/5]]
"686051.a1"	686051	[1, -1, 1, 21, -18]	[[1, 1], [2, 4], [5, 11]]
"688423.a1"	688423	[1, 0, 0, 1, 40]	[[1, 6], [-3, 5], [3, 7]]
"690187.a1"	690187	[1, 1, 0, -27, -50]	[[-2, 0], [6, 4], [22, 92]]
"704933.a1"	704933	[1, -1, 0, -79, 294]	[[6, 0], [-2, 22], [-10, 8]]
"707939.a1"	707939	[1, -1, 1, -31, -44]	[[-2, 3], [-4, 0], [23, 93]]
"708569.a1"	708569	[1, 0, 0, -25, 24]	[[1, 0], [5, 3], [-5, 8]]
"708893.a1"	708893	[1, -1, 1, -6, 42]	[[0, 6], [-2, 7], [-3, 6]]
"709739.a1"	709739	[0, 0, 1, 17, 30]	[[-1, 3], [0, 5], [2, 8]]
"723491.a1"	723491	[1, -1, 1, -9, 44]	[[1, 5], [-3, 7], [-4, 3]]
"729019.a1"	729019	[0, 1, 1, 4, 42]	[[-2, 5], [0, 6], [-3, 3]]
"732331.a1"	732331	[1, 0, 0, 20, -21]	[[1, 0], [5, 12], [11, 34]]
"734197.a1"	734197	[0, -1, 1, -23, 21]	[[-1, 6], [5, 2], [9, 21]]
"738721.a1"	738721	[1, 0, 0, -192, 1009]	[[8, -5], [7, 1], [9, 1]]
"743549.a1"	743549	[0, 1, 1, -107, 390]	[[6, 0], [4, 6], [8, 10]]
"752293.a1"	752293	[0, 1, 1, -98, 340]	[[5, 0], [8, 11], [-10, 20]]
"755789.a1"	755789	[1, 0, 0, -55, -156]	[[-4, 4], [-5, 3], [-59/4, 135/4]]
"767051.a1"	767051	[0, 0, 1, -4, 42]	[[0, 6], [2, 6], [4, 9]]
"772379.a1"	772379	[0, 1, 1, -31, 69]	[[3, 3], [9, 24], [21, 95]]
"774629.a1"	774629	[0, 0, 1, -137, -616]	[[-7, 0], [14, 14], [33, 175]]
"776117.a1"	776117	[0, 1, 1, -218, -1314]	[[-9, 0], [-35/2, 1/2], [35, 187]]
"776869.a1"	776869	[0, -1, 1, -332, 2442]	[[11, 0], [12, 6], [45/2, 13/2]]
"788419.a1"	788419	[1, -1, 1, -69, -198]	[[-4, 1], [-5, 3], [11, 11]]
"791929.a1"	791929	[1, -1, 1, -24, -6]	[[-1, 4], [-2, 6], [-4, 5]]
"792397.a1"	792397	[1, 1, 1, -29, 30]	[[1, 1], [0, 5], [4, -2]]
"792629.a1"	792629	[0, 0, 1, -71, 226]	[[4, 2], [7, 8], [1, 12]]
"795083.a1"	795083	[1, 0, 0, -124, 523]	[[6, -5], [9, 8], [-9, 35]]
"798923.a1"	798923	[0, -1, 1, 12, 36]	[[-2, 0], [3, 9], [10, 32]]
"803461.a1"	803461	[1, 1, 1, -56, 132]	[[3, 0], [0, 11], [-2, 16]]
"803731.a1"	803731	[0, 1, 1, 15, 42]	[[0, 6], [4, 13], [14, 56]]
"806153.a1"	806153	[1, 1, 1, 16, 42]	[[-2, 3], [0, 6], [10, 31]]
"822853.a1"	822853	[0, 0, 1, -25, 20]	[[0, 4], [5, 4], [-4, 7]]
"823717.a1"	823717	[0, 0, 1, -430, -3432]	[[-12, 0], [24, 8], [118, 1260]]
"824779.a1"	824779	[1, 1, 1, -1009, 11916]	[[18, -9], [71/2, -85/2], [24, 35]]
"830597.a1"	830597	[0, 1, 1, -48, -138]	[[-4, 2], [-5, 1], [-19/2, 15/2]]
"831167.a1"	831167	[1, -1, 1, -40, -76]	[[-3, 4], [-4, 4], [-32/3, 121/3]]
"832747.a1"	832747	[1, 0, 0, 22, -17]	[[1, 2], [2, 5], [3/2, -1/2]]
"838571.a1"	838571	[0, 1, 1, -54, 142]	[[4, 2], [1, 9], [7, 12]]
"840149.a1"	840149	[0, 0, 1, -359, -2618]	[[-11, 0], [-98/3, 1/3], [25, 63]]
"842599.a1"	842599	[1, -1, 1, -84, 312]	[[5, -2], [6, -3], [4, 3]]
"849931.a1"	849931	[0, 1, 1, 3, 45]	[[-1, 6], [3, 9], [5, 14]]
"864629.a1"	864629	[1, -1, 1, -169, 884]	[[8, -4], [9, 1], [2, 22]]
"871957.a1"	871957	[0, 0, 1, -67, 206]	[[4, 1], [6, 4], [8, 13]]
"876731.a1"	876731	[0, -1, 1, -45, -111]	[[9, 11], [13, 36], [39, 236]]
"878309.a1"	878309	[0, 0, 1, -29, -40]	[[-3, 4], [-4, 3], [6, 1]]
"881669.a1"	881669	[0, 1, 1, -24, -18]	[[-1, 2], [-4, 5], [-5, 1]]
"884437.a1"	884437	[0, 1, 1, -35, 55]	[[5, 5], [-1, 9], [-7, 2]]
"884977.a1"	884977	[1, 1, 1, -24, -8]	[[-1, 4], [-4, 8], [-5, 6]]
"886609.a1"	886609	[1, -1, 1, -66, 216]	[[4, 0], [6, 0], [7, 4]]
"894301.a1"	894301	[1, 0, 0, -19, 54]	[[2, 4], [-1, 9], [5, 7]]
"897557.a1"	897557	[0, 1, 1, -109, 401]	[[5, 2], [7, 5], [-7, 29]]
"901861.a1"	901861	[0, -1, 1, -41, 105]	[[3, 0], [5, 0], [17, 63]]
"904103.b1"	904103	[1, -1, 0, 8, 43]	[[-2, 5], [2, 7], [18, 67]]
"906517.a1"	906517	[0, 0, 1, -121, 510]	[[6, 0], [7, 2], [5, 5]]
"907200.mw1"	907200	[0, 0, 0, -4500, 122400]	[[10, 280], [45, 105], [-60, 420]]
"911413.a1"	911413	[1, 0, 0, 22, 25]	[[-1, 2], [0, 5], [8, 23]]
"917513.a1"	917513	[1, -1, 1, 18, 30]	[[0, 5], [1, 6], [4, 10]]
"920677.a1"	920677	[0, -1, 1, -24, 6]	[[0, 2], [-2, 6], [-3, 6]]
"923309.a1"	923309	[0, 0, 1, -134, 595]	[[7, 0], [1, 21], [25/2, 7/2]]
"928619.c1"	928619	[1, 0, 1, -79, 265]	[[5, -1], [-7, 25], [77/4, -47/4]]
"932609.a1"	932609	[1, 0, 0, -237, 1384]	[[9, -4], [8, 0], [15, 28]]
"933067.a1"	933067	[1, -1, 1, -216, 1272]	[[9, -4], [8, -1], [10, 1]]
"934001.a1"	934001	[1, 0, 0, -26, 19]	[[-2, 9], [5, 2], [-5, 8]]
"937009.a1"	937009	[1, 0, 0, -487, 4096]	[[12, -2], [9, 17], [51/2, -49/2]]
"938309.a1"	938309	[1, 0, 0, -132, 571]	[[7, -5], [6, -1], [5, 4]]
"950813.a1"	950813	[1, -1, 1, -115, -442]	[[-6, 1], [14, 16], [21, 67]]
"952291.a1"	952291	[1, -1, 1, 23, 12]	[[0, 3], [1, 5], [120, 1251]]
"959093.a1"	959093	[1, 1, 1, -80, 246]	[[4, 1], [6, 2], [1, 12]]
"964933.a1"	964933	[0, -1, 1, -58, 184]	[[4, 0], [2, 8], [7, 8]]
"967931.a1"	967931	[0, 0, 1, -49, 140]	[[3, 4], [5, 4], [-4, 16]]
"970091.a1"	970091	[1, 0, 0, -116, 469]	[[7, 0], [5, 2], [12, 23]]
"983771.a1"	983771	[0, 0, 1, -7, 48]	[[1, 6], [2, 6], [-4, 3]]
"985571.a1"	985571	[1, -1, 1, 24, 6]	[[0, 2], [3, 8], [6, 15]]
"996763.a1"	996763	[0, 1, 1, -104, 378]	[[6, 2], [4, 6], [7, 6]]
"997741.a1"	997741	[0, -1, 1, -1571, 24498]	[[24, 6], [93/2, -3/2], [208/3, 10/3]]
"997813.a1"	997813	[0, 0, 1, -25, 2]	[[0, 1], [5, 1], [9, 22]]
"999091.a1"	999091	[1, 0, 0, 25, 4]	[[0, 2], [1, 5], [21, 89]]
"1019237.a1"	1019237	[0, 1, 1, -310, 2000]	[[10, 0], [9, 4], [11, 6]]
"1028837.a1"	1028837	[0, 1, 1, -524, 4446]	[[13, 0], [12, 5], [115/3, -1/3]]
"1034549.a1"	1034549	[0, 1, 1, -62, 162]	[[5, 1], [3, 3], [6, 6]]
"1043701.a1"	1043701	[0, 1, 1, -26, -26]	[[-1, 0], [-4, 5], [14, 50]]
"1047971.a1"	1047971	[0, -1, 1, -7, 52]	[[2, 6], [4, 8], [5/2, 49/2]]
"1058400.ba1"	1058400	[0, 0, 0, -14700, -196000]	[[-70, 700], [280, 4200], [-35, 525]]
"1058507.a1"	1058507	[1, 0, 0, -93, 334]	[[5, -2], [6, -2], [-10, 22]]
"1064549.a1"	1064549	[0, 1, 1, -42, -108]	[[-3, 0], [-4, 3], [-5, 1]]
"1070921.a1"	1070921	[1, 1, 1, -3162, 67120]	[[32, -16], [38, 41], [517/4, -899/4]]
"1075493.a1"	1075493	[1, 0, 0, -14, -55]	[[5, 0], [8, 15], [56, 391]]
"1077691.a1"	1077691	[0, 1, 1, 6, -48]	[[3, 2], [4, 7], [5, 11]]
"1086251.a1"	1086251	[0, -1, 1, -732, 7872]	[[16, 0], [15, 6], [1, 84]]
"1088640.bl1"	1088640	[0, 0, 0, -7668, 222192]	[[6, 420], [-78, 588], [118, 980]]
"1088640.da1"	1088640	[0, 0, 0, -4212, 106416]	[[42, 60], [72, 420], [37, 35]]
"1089799.a1"	1089799	[1, 0, 0, -686, 6859]	[[15, -8], [17, 5], [3, 68]]
"1097443.a1"	1097443	[1, -1, 1, -31, 90]	[[4, 2], [0, 9], [-6, 8]]
"1100831.a1"	1100831	[1, 1, 1, 23, -18]	[[2, 5], [5, 13], [9, 27]]
"1104731.a1"	1104731	[0, 0, 1, -16, 56]	[[0, 7], [4, 7], [9/2, 41/2]]
"1111703.a1"	1111703	[1, 0, 0, -5008, 135993]	[[41, -18], [163/2, -161/2], [16, 237]]
"1112779.a1"	1112779	[0, 0, 1, 7, 50]	[[-1, 6], [-3, 1], [2, 8]]
"1116107.a1"	1116107	[0, -1, 1, -28, -68]	[[7, 5], [8, 12], [10, 23]]
"1116541.a1"	1116541	[1, -1, 1, -19, 64]	[[4, 4], [-1, 9], [8, 15]]
"1119269.a1"	1119269	[0, 1, 1, -1374, 19152]	[[21, 0], [22, 7], [31, 85]]
"1127011.a1"	1127011	[1, 0, 0, 8, 51]	[[-1, 7], [-3, 3], [6, 15]]
"1128901.a1"	1128901	[1, 1, 0, -53, -164]	[[-4, 0], [8, -2], [60, 436]]
"1132123.a1"	1132123	[1, 0, 1, -1566, 23711]	[[23, -10], [91/2, -93/2], [187/2, 1655/2]]
"1133621.a1"	1133621	[0, 1, 1, -26, -18]	[[-2, 5], [-3, 6], [-5, 3]]
"1134163.a1"	1134163	[0, 0, 1, -2, 51]	[[-3, 5], [3, 8], [7, 19]]
"1136699.a1"	1136699	[1, -1, 1, -1147, 15232]	[[20, -9], [79/2, -81/2], [175/3, -203/3]]
"1142593.a1"	1142593	[1, 0, 1, 8, 51]	[[-3, 2], [5, 12], [13, 42]]
"1142923.a1"	1142923	[0, 1, 1, 11, 53]	[[-3, 1], [-1, 6], [-11/2, 21/2]]
"1143091.b1"	1143091	[0, 0, 1, -14, 55]	[[1, 6], [5, 10], [13, 45]]
"1152149.a1"	1152149	[0, 1, 1, -39, -93]	[[-3, 2], [-5, 1], [-11/2, 5/2]]
"1154987.a1"	1154987	[0, 0, 1, -40, 110]	[[0, 10], [-2, 13], [20, 85]]
"1164557.a1"	1164557	[1, 0, 0, -29, 28]	[[1, 0], [-1, 8], [-3, 11]]
"1169381.a1"	1169381	[0, 1, 1, -36, 54]	[[1, 4], [-1, 9], [6, 9]]
"1170317.a1"	1170317	[0, 1, 1, -45, 90]	[[2, 3], [0, 9], [8, 17]]
"1173163.a1"	1173163	[0, 1, 1, -10, 50]	[[1, 6], [2, 6], [3, 7]]
"1173593.a1"	1173593	[1, 1, 0, -35, 82]	[[2, 4], [-6, 14], [11/2, 21/2]]
"1175029.a1"	1175029	[0, -1, 1, -1290, 18270]	[[21, 0], [85/2, 7/2], [190/3, -10/3]]
"1178549.a1"	1178549	[0, 0, 1, -29, -30]	[[-2, 4], [-3, 5], [7, 10]]
"1181501.a1"	1181501	[1, -1, 1, -4686, 124626]	[[40, -18], [159/2, -161/2], [358/3, -547/3]]
"1182073.a1"	1182073	[1, 0, 0, -49, 138]	[[3, 3], [2, 6], [-6, 18]]
"1185997.a1"	1185997	[1, 1, 0, -596, 5359]	[[14, -9], [59/2, -3/2], [63/2, 47/2]]
"1186147.a1"	1186147	[1, -1, 1, 26, 0]	[[0, 0], [3, 8], [55/3, 418/3]]
"1190700.b1"	1190700	[0, 0, 0, -945, 11025]	[[21, 21], [15, 15], [-21, 147]]
"1191923.a1"	1191923	[1, -1, 0, 26, -21]	[[2, 5], [6, 15], [38, 215]]
"1192571.a1"	1192571	[1, 0, 0, -136, 597]	[[7, -3], [4, 9], [11, 16]]
"1197269.a1"	1197269	[0, 0, 1, -41, 86]	[[2, 3], [5, 2], [6, 7]]
"1202959.a1"	1202959	[1, -1, 1, -27, 12]	[[0, 3], [-4, 8], [-5, 3]]
"1208159.a1"	1208159	[1, -1, 1, -64, 204]	[[4, -1], [6, 0], [-6, 21]]
"1209029.a1"	1209029	[0, 1, 1, -117, 447]	[[5, 3], [7, 4], [17, 60]]
"1209821.a1"	1209821	[1, 1, 1, -1012, 11970]	[[18, -9], [17, -2], [-22, 166]]
"1210019.a1"	1210019	[1, 1, 0, 27, 4]	[[0, 2], [4, 12], [64/5, 1078/5]]
"1215779.a1"	1215779	[0, -1, 1, -51, 168]	[[4, 3], [6, 6], [-8, 0]]
"1215899.b1"	1215899	[1, -1, 1, -78, 288]	[[6, 0], [4, 3], [8, 7]]
"1226549.a1"	1226549	[1, 0, 0, -47, -116]	[[-3, 1], [-5, 3], [9, 10]]
"1239523.a1"	1239523	[0, 1, 1, -615, 5670]	[[14, 0], [16, 13], [124/3, 26/3]]
"1249489.a1"	1249489	[1, -1, 1, -39, -66]	[[-2, 0], [-3, 5], [-4, 5]]
"1250003.a1"	1250003	[0, -1, 1, 27, 0]	[[0, 0], [4, 12], [1/4, 57/4]]
"1257787.a1"	1257787	[0, 1, 1, -32, 78]	[[4, 5], [-1, 10], [-6, 9]]
"1259077.a1"	1259077	[1, 1, 0, -86, -341]	[[-6, 5], [-21/2, 25/2], [-91/4, 45/4]]
"1260901.a1"	1260901	[1, -1, 1, 14, 46]	[[-2, 3], [4, 10], [-5/2, 41/2]]
"1263403.a1"	1263403	[0, 0, 1, -5, 54]	[[-2, 7], [-3, 6], [12, 41]]
"1267157.a1"	1267157	[0, 1, 1, -54, 126]	[[3, 0], [5, 2], [2, 5]]
"1269413.a1"	1269413	[0, 0, 1, -95, 352]	[[5, 1], [7, 5], [-5, 26]]
"1271671.a1"	1271671	[1, 0, 0, -9, -56]	[[5, 3], [8, 16], [12, 34]]
"1273159.a1"	1273159	[1, 0, 0, -21, 64]	[[3, 4], [0, 8], [5, 7]]
"1273891.a1"	1273891	[1, 0, 0, -120, 499]	[[6, -1], [5, 3], [10, 13]]
"1275877.a1"	1275877	[0, -1, 1, -34, -44]	[[-2, 3], [-4, 3], [8, 11]]
"1278619.a1"	1278619	[0, 1, 1, -156, 702]	[[7, 1], [8, 5], [5, 8]]
"1279931.a1"	1279931	[0, 1, 1, 18, 52]	[[-2, 3], [1, 8], [10, 36]]
"1285507.a1"	1285507	[1, -1, 1, -145, 708]	[[6, 2], [4, 11], [13, 23]]
"1287691.b1"	1287691	[1, 0, 0, 25, 28]	[[-1, 2], [3, 10], [31/2, 181/2]]
"1288997.a1"	1288997	[0, 1, 1, -334, -2464]	[[-11, 0], [-43/2, -3/2], [-98/3, 8/3]]
"1288997.b1"	1288997	[0, 0, 1, -27665, 1771104]	[[96, 0], [3457/6, -107/6], [38409/20, -3077/20]]
"1293283.a1"	1293283	[1, -1, 0, -104, 439]	[[6, -1], [10, 13], [58/3, -25/3]]
"1301591.a1"	1301591	[1, 1, 1, -12, 52]	[[2, 5], [-1, 8], [4, 7]]
"1303243.a1"	1303243	[0, 1, 1, -25, 65]	[[1, 6], [-1, 9], [5, 9]]
"1307051.a1"	1307051	[0, 0, 1, -31, 86]	[[3, 4], [1, 7], [5, 7]]
"1315949.a1"	1315949	[0, 1, 1, -339, 2292]	[[10, 1], [8, 12], [24, 92]]
"1320931.a1"	1320931	[1, -1, 0, -70, 237]	[[4, 1], [-4, 23], [52/3, -61/3]]
"1321549.a1"	1321549	[0, -1, 1, -39, 90]	[[0, 9], [-2, 12], [-6, 8]]
"1324871.a1"	1324871	[1, -1, 1, 21, -46]	[[2, 0], [6, 13], [22, 92]]
"1325251.a1"	1325251	[0, 0, 1, -44, 125]	[[3, 4], [5, 5], [-7, 9]]
"1326419.a1"	1326419	[1, -1, 1, -46, -94]	[[-3, 4], [-4, 5], [32, 158]]
"1334629.a1"	1334629	[0, 0, 1, -49, -120]	[[-3, 0], [-4, 3], [-5, 0]]
"1341323.a1"	1341323	[0, 1, 1, -15, 55]	[[1, 6], [-5, 5], [-11/2, 69/2]]
"1350187.a1"	1350187	[0, 1, 1, -218, 1170]	[[8, 1], [10, 9], [3, 23]]
"1355357.a1"	1355357	[0, 1, 1, -563, -5334]	[[-14, 0], [42, 216], [112, 1161]]
"1357043.a1"	1357043	[0, -1, 1, -529, 4864]	[[14, 2], [16, 15], [26, 89]]
"1363301.a1"	1363301	[1, -1, 1, 6, 54]	[[-2, 6], [-3, 0], [2, 7]]
"1379173.a1"	1379173	[1, 0, 0, -170, 841]	[[7, -1], [8, -1], [13, 23]]
"1380811.a1"	1380811	[0, 1, 1, -17, 57]	[[1, 6], [3, 6], [-3, 9]]
"1389893.a1"	1389893	[0, 1, 1, -28, -22]	[[-1, 2], [-2, 5], [-4, 6]]
"1401317.a1"	1401317	[0, 0, 1, -35, -56]	[[-2, 2], [-4, 4], [-7/2, -1/2]]
"1402127.b1"	1402127	[1, 1, 1, 3, 58]	[[1, 7], [-4, 1], [29, 145]]
"1406429.a1"	1406429	[0, 1, 1, -29, 12]	[[0, 3], [6, 9], [20, 88]]
"1406453.a1"	1406453	[1, 1, 0, 28, 25]	[[0, 5], [8, 25], [11/2, 81/2]]
"1413029.a1"	1413029	[0, 1, 1, -102, 360]	[[5, 0], [6, 0], [3, 9]]
"1417301.a1"	1417301	[1, -1, 1, -399, 3164]	[[12, -5], [14, 6], [47/2, -45/2]]
"1424701.a1"	1424701	[1, 1, 1, -366, 2542]	[[11, -4], [10, -2], [43, 240]]
"1426123.a1"	1426123	[0, 0, 1, -35, 98]	[[3, 4], [-1, 11], [-7, 0]]
"1428197.a1"	1428197	[0, 1, 1, -180, 870]	[[7, 1], [8, 2], [6, 6]]
"1430717.a1"	1430717	[1, 0, 0, -29, -20]	[[-3, 8], [-4, 8], [-5, 0]]
"1431869.a1"	1431869	[1, 0, 1, -30, -25]	[[-1, 2], [-5, 4], [-5/2, 27/2]]
"1445963.a1"	1445963	[0, -1, 1, -14, 66]	[[2, 6], [3, 6], [-3, 8]]
"1449127.a1"	1449127	[1, -1, 1, -30, 30]	[[1, 0], [0, 5], [6, 3]]
"1449193.a1"	1449193	[1, 0, 0, 1, 58]	[[-1, 8], [-2, 8], [-3, 7]]
"1451719.a1"	1451719	[1, 1, 0, -162, -863]	[[-8, 5], [16, 23], [-608/9, 3257/9]]
"1455653.a1"	1455653	[0, 1, 1, -28, -10]	[[-2, 6], [-3, 7], [-5, 5]]
"1461877.a1"	1461877	[0, -1, 1, -268, 1780]	[[10, 0], [11, 6], [4, 27]]
"1464283.a1"	1464283	[0, 1, 1, -24, 66]	[[2, 5], [3, 5], [-1, 9]]
"1465957.a1"	1465957	[0, -1, 1, -50, -108]	[[-3, 2], [-4, 3], [11, 23]]
"1471511.a1"	1471511	[1, 0, 0, -41, -86]	[[-3, 5], [-5, 3], [-17/2, 49/2]]
"1479883.a1"	1479883	[0, 1, 1, 26, -22]	[[1, 2], [2, 6], [7, 23]]
"1486117.a1"	1486117	[0, 0, 1, -37, -64]	[[-2, 1], [-3, 4], [-4, 4]]
"1486181.a1"	1486181	[0, 1, 1, -2571, 49329]	[[29, 0], [31, 19], [259/3, 28/3]]
"1490813.a1"	1490813	[0, 0, 1, -50, -123]	[[-3, 0], [-5, 1], [403/7, 1450/7]]
"1493677.a1"	1493677	[0, 0, 1, -676, -6765]	[[-15, 0], [-239/4, -39/4], [271/3, 350/3]]
"1498577.a1"	1498577	[1, 0, 0, -45, -104]	[[-3, 4], [-4, 6], [-5, 1]]
"1499227.a1"	1499227	[1, 1, 1, -29, 0]	[[0, 0], [-5, 9], [-6, 2]]
"1504579.a1"	1504579	[0, 1, 1, -187, 926]	[[8, 2], [6, 7], [121/4, 53/4]]
"1506779.a1"	1506779	[0, 0, 1, -3898, 93672]	[[36, 0], [38, 20], [4350/11, 673/11]]
"1510147.a1"	1510147	[1, 0, 0, -38, 65]	[[5, 0], [8, 13], [-7, 4]]
"1524277.a1"	1524277	[0, 0, 1, -31, -30]	[[-1, 0], [-4, 5], [-5, 0]]
"1525067.a1"	1525067	[1, -1, 1, -31, -20]	[[-1, 3], [-2, 6], [26, 114]]
"1527983.a1"	1527983	[1, -1, 1, -36, 110]	[[4, 2], [0, 10], [-5, 14]]
"1539731.a1"	1539731	[0, -1, 1, -27, 90]	[[4, 5], [0, 9], [-6, 0]]
"1544863.a1"	1544863	[1, 0, 0, -40, 111]	[[3, 3], [5, 4], [1, 8]]
"1546823.a1"	1546823	[1, 1, 1, 26, 42]	[[-1, 4], [0, 6], [15, 56]]
"1548539.a1"	1548539	[0, 0, 1, -58, 180]	[[4, 3], [2, 8], [10, 24]]
"1550449.a1"	1550449	[1, 0, 1, 26, -27]	[[1, 0], [9, 26], [57, 404]]
"1551197.a1"	1551197	[1, 0, 0, -134, 583]	[[7, -4], [6, -5], [3, 13]]
"1554659.a1"	1554659	[1, -1, 0, -53, 150]	[[2, 6], [-6, 18], [3/2, 81/2]]
"1562381.a1"	1562381	[0, 1, 1, -101, 354]	[[6, 0], [4, 5], [18, 68]]
"1563083.a1"	1563083	[0, 0, 1, 29, 2]	[[0, 1], [4, 13], [9, 31]]
"1565659.a1"	1565659	[0, 0, 1, -53, 160]	[[4, 3], [5, 4], [7, 11]]
"1569781.a1"	1569781	[0, 0, 1, -43, 90]	[[2, 3], [5, 0], [0, 9]]
"1591631.a1"	1591631	[1, 1, 0, -4, 59]	[[-2, 9], [2, 7], [-1/2, 63/2]]
"1598111.a1"	1598111	[1, -1, 1, 21, 42]	[[0, 6], [1, 7], [5, 13]]
"1609991.a1"	1609991	[1, -1, 0, -244, 1531]	[[10, -1], [6, 13], [19/2, 153/2]]
"1618679.a1"	1618679	[1, 1, 1, 29, 0]	[[0, 0], [2, 7], [24, 111]]
"1622431.a1"	1622431	[1, 0, 0, -15, 64]	[[0, 8], [-4, -6], [-5, 7]]
"1638251.a1"	1638251	[0, 0, 1, -349, 2510]	[[11, 1], [10, 4], [1, 46]]
"1645999.b1"	1645999	[1, 0, 0, -212, 1169]	[[8, -3], [5, 13], [35/2, -21/2]]
"1648583.b1"	1648583	[1, -1, 0, -7, 64]	[[0, 8], [-4, 6], [12, 34]]
"1649173.a1"	1649173	[1, 0, 0, -879, 9958]	[[17, -8], [18, -2], [154/3, -212/3]]
"1652731.a1"	1652731	[0, 1, 1, 26, -28]	[[1, 0], [4, 12], [6, 19]]
"1655029.a1"	1655029	[1, 1, 1, -30, -26]	[[-1, 2], [-2, 6], [19, 72]]
"1657067.a1"	1657067	[0, 1, 1, -128, 520]	[[5, 5], [8, 8], [-7, 33]]
"1657583.a1"	1657583	[1, 1, 0, -21, 64]	[[0, 8], [4, 6], [-5/2, 81/2]]
"1660177.a1"	1660177	[1, -1, 1, -936, 11250]	[[18, -9], [19, -2], [3, 90]]
"1661327.a1"	1661327	[1, -1, 1, -37, -50]	[[-2, 4], [-4, 6], [31, 151]]
"1662389.a1"	1662389	[0, 1, 1, -34, -58]	[[-2, 2], [-4, 5], [-5, 3]]
"1668649.a1"	1668649	[1, 1, 1, -94, 306]	[[6, -1], [3, 6], [0, 17]]
"1669163.a1"	1669163	[0, -1, 1, -44, 144]	[[3, 5], [8, 15], [-3, 15]]
"1670563.a1"	1670563	[0, 1, 1, -35, 90]	[[4, 5], [0, 9], [6, 11]]
"1679017.a1"	1679017	[1, 0, 0, 28, -23]	[[1, 2], [3, 8], [13/4, 17/4]]
"1696517.a1"	1696517	[1, 0, 0, -303, 2006]	[[10, -6], [7, 12], [157/4, -231/4]]
"1698643.a1"	1698643	[1, -1, 0, -37, 70]	[[2, 0], [-6, 10], [10, 20]]
"1706141.a1"	1706141	[0, 1, 1, -31, 14]	[[-2, 8], [-4, 9], [-6, 4]]
"1707851.a1"	1707851	[0, 1, 1, 8, -60]	[[3, 0], [6, 15], [36, 219]]
"1711909.a1"	1711909	[1, 0, 0, -67, 196]	[[0, 14], [9, 14], [12, 28]]
"1720847.a1"	1720847	[1, 0, 0, -33, 34]	[[1, 1], [5, -2], [10, 22]]
"1728179.b1"	1728179	[0, 1, 1, -81, 262]	[[-2, 20], [10, 23], [-8, 21]]
"1729363.a1"	1729363	[0, 1, 1, -29, 78]	[[4, 6], [-2, 11], [-6, 8]]
"1735291.a1"	1735291	[0, 1, 1, -802, 8480]	[[16, 0], [13, 20], [10, 39]]
"1744549.a1"	1744549	[0, -1, 1, -30, 0]	[[0, 0], [-5, 0], [10, 24]]
"1753931.a1"	1753931	[0, -1, 1, -17, 75]	[[3, 6], [-1, 9], [5, 9]]
"1754171.a1"	1754171	[0, 0, 1, -121, 516]	[[6, 2], [7, 3], [9, 12]]
"1760477.a1"	1760477	[1, 0, 1, -56, 141]	[[3, 0], [-1, 14], [-9/2, 133/2]]
"1767043.a1"	1767043	[1, -1, 1, -22, 80]	[[3, 4], [2, 5], [-1, 10]]
"1768373.a1"	1768373	[1, -1, 0, 17, 54]	[[-2, 4], [-9/2, 3/2], [19/2, 101/2]]
"1770551.a1"	1770551	[1, 0, 0, -32, 25]	[[0, 5], [-1, 8], [3/2, 7/2]]
"1772923.b1"	1772923	[0, 1, 1, -5690, 163320]	[[43, 2], [45, 20], [50, 79]]
"1773029.a1"	1773029	[0, 1, 1, -57, 135]	[[3, 0], [5, 0], [-7, 15]]
"1774639.a1"	1774639	[1, 0, 0, 9, 64]	[[-3, 5], [0, 8], [12, 38]]
"1781099.a1"	1781099	[0, 0, 1, -253, 1550]	[[9, 1], [10, 4], [-18, 16]]
"1781099.c1"	1781099	[0, -1, 1, 29, -35]	[[5, 14], [7, 21], [13/2, 69/2]]
"1783073.a1"	1783073	[1, 1, 1, 5, 66]	[[-4, 2], [2, 8], [8, 22]]
"1786201.a1"	1786201	[1, 1, 1, -36, -68]	[[-2, 0], [-4, 7], [-5, 6]]
"1792709.a1"	1792709	[0, 1, 1, -37, 47]	[[1, 3], [5, 3], [-5, 11]]
"1813477.a1"	1813477	[1, 0, 1, -33, 27]	[[-3, 11], [9, 17], [-9/2, 81/2]]
"1813969.a1"	1813969	[1, -1, 1, -13, 70]	[[-1, 9], [4, 6], [7, 13]]
"1816091.a1"	1816091	[0, 0, 1, -19, 72]	[[2, 6], [3, 6], [0, 8]]
"1822661.a1"	1822661	[0, 1, 1, -41, -93]	[[-3, 3], [-5, 3], [-35/3, 116/3]]
"1823077.a1"	1823077	[0, 0, 1, -91, -328]	[[-5, 1], [-6, 1], [-44/3, 1/3]]
"1824857.a1"	1824857	[1, -1, 0, -577, 5482]	[[14, -6], [6, 44], [-26, 62]]
"1825531.a1"	1825531	[0, 1, 1, 28, 42]	[[0, 6], [1, 8], [6, 21]]
"1825891.a1"	1825891	[1, 0, 0, 28, -29]	[[1, 0], [2, 5], [11, 35]]
"1828471.a1"	1828471	[1, 0, 0, -41, 74]	[[2, 0], [5, -2], [-13/2, -93/2]]
"1835051.a1"	1835051	[0, -1, 1, -82, 322]	[[5, 3], [4, 6], [7, 6]]
"1844923.a1"	1844923	[1, 0, 0, -183, 940]	[[8, -2], [9, 2], [5, 10]]
"1849483.a1"	1849483	[0, 1, 1, 30, 30]	[[-1, 0], [0, 5], [3, 12]]
"1850243.a1"	1850243	[1, 1, 1, 27, -26]	[[1, 1], [2, 5], [19/2, 101/2]]
"1853083.a1"	1853083	[0, 1, 1, 16, 66]	[[-3, 0], [-2, 5], [2, 10]]
"1856971.a1"	1856971	[0, 0, 1, -221, 1266]	[[9, 2], [10, 7], [12, 18]]
"1864873.a1"	1864873	[1, -1, 1, -75, 258]	[[6, -3], [4, 1], [9, 11]]
"1865957.a1"	1865957	[1, 0, 0, -38, -65]	[[-2, 3], [-5, 5], [19, 69]]
"1893403.a1"	1893403	[0, 0, 1, -1721, 27480]	[[24, 0], [21, 24], [12, 92]]
"1898389.b1"	1898389	[0, 0, 1, -76, 246]	[[4, 2], [6, 2], [-8, 18]]
"1905120.l1"	1905120	[0, 0, 0, -2268, 36288]	[[18, 36], [36, 36], [162, 1980]]
"1905120.eh1"	1905120	[0, 0, 0, -216972, 38850336]	[[282, 300], [357, 2625], [252, 420]]
"1908989.a1"	1908989	[1, 1, 1, -71, 210]	[[4, 1], [7, 7], [0, 14]]
"1910287.a1"	1910287	[1, 0, 0, -494, -4267]	[[-13, 7], [-116/3, 155/3], [596, 14245]]
"1910693.a1"	1910693	[1, 0, 0, -55, 166]	[[3, 4], [-3, 19], [9, 16]]
"1912481.a1"	1912481	[1, 1, 1, -10, -72]	[[6, 8], [12, 35], [17, 62]]
"1912583.a1"	1912583	[1, 0, 0, -49, -152]	[[9, 8], [12, 26], [73/3, -88/3]]
"1924261.a1"	1924261	[0, 1, 1, -81, 247]	[[7, 8], [-5, 23], [13, 39]]
"1925851.a1"	1925851	[0, 1, 1, -13214, 580272]	[[66, 0], [70, 56], [1651/5, -74/5]]
"1927397.a1"	1927397	[0, 1, 1, -55, 125]	[[5, 0], [1, 8], [7, 11]]
"1927571.a1"	1927571	[1, 1, 1, 30, 34]	[[-1, 2], [4, 13], [34, 187]]
"1936777.a1"	1936777	[1, 1, 1, -70, 186]	[[3, 2], [6, 2], [-1, 16]]
"1941461.a1"	1941461	[1, 1, 1, -397, 2880]	[[11, -5], [12, -1], [39/2, 19/2]]
"1942939.a1"	1942939	[0, 1, 1, 4, -66]	[[4, 5], [6, 14], [13, 48]]
"1948447.b1"	1948447	[1, -1, 1, -25, 88]	[[4, 4], [1, 7], [11/2, 33/2]]
"1951003.a1"	1951003	[0, 0, 1, -35, 104]	[[2, 6], [6, 10], [-3, 13]]
"1951003.b1"	1951003	[0, 1, 1, -2249, 40311]	[[27, 0], [37, 95], [241/3, 53/3]]
"1956203.a1"	1956203	[0, 0, 1, 29, 30]	[[-1, 0], [0, 5], [4, 14]]
"1962449.a1"	1962449	[1, -1, 1, -394, 3104]	[[12, -5], [11, -2], [94/3, 40/3]]
"1964437.a1"	1964437	[0, -1, 1, -210, 1242]	[[9, 0], [10, 6], [12, 17]]
"1965973.a1"	1965973	[0, 1, 1, -58, 138]	[[3, 0], [6, 6], [-9, 3]]
"1987091.a1"	1987091	[1, -1, 0, -211, 1236]	[[12, 12], [16, 34], [-16, 26]]
"2003387.a1"	2003387	[1, 0, 0, -83, -290]	[[-5, 5], [-6, 4], [34, 174]]
"2005021.a1"	2005021	[1, 0, 0, -97, 366]	[[6, 0], [5, 1], [7, 3]]
"2005037.a1"	2005037	[0, 1, 1, -49, 98]	[[2, 3], [6, 7], [14, 48]]
"2005343.a1"	2005343	[1, 1, 1, -5, 66]	[[1, 7], [-2, 9], [-3, 9]]
"2014723.a1"	2014723	[0, 0, 1, -26, 85]	[[-1, 10], [-5, 9], [17, 67]]
"2019131.a1"	2019131	[0, 0, 1, -289, 1892]	[[10, 1], [9, 4], [0, 43]]
"2029301.a1"	2029301	[0, 1, 1, -66, 174]	[[3, 3], [6, 5], [1, 10]]
"2029301.d1"	2029301	[0, 0, 1, -3938, -95118]	[[-326/3, -17/3], [-906/5, -78/5], [-1776/7, -153/7]]
"2031103.a1"	2031103	[1, 0, 0, -54, 163]	[[3, 4], [2, 7], [6, 5]]
"2032039.a1"	2032039	[1, 1, 0, -194, 961]	[[8, -3], [0, 31], [-16, 25]]
"2035403.a1"	2035403	[0, -1, 1, -80, 312]	[[5, 3], [6, 3], [3, 9]]
"2038429.a1"	2038429	[1, -1, 0, -106, -389]	[[-6, 5], [-25/2, 23/2], [26, 105]]
"2048239.a1"	2048239	[1, -1, 1, 2, 68]	[[-1, 8], [6, 13], [11/2, 61/2]]
"2052109.a1"	2052109	[0, 0, 1, -34, -33]	[[-1, 0], [-3, 6], [-5, 3]]
"2057387.a1"	2057387	[1, 0, 1, -41, -75]	[[-5, 5], [11, 23], [-21/2, 15/2]]
"2063323.a1"	2063323	[0, 1, 1, 26, 56]	[[-2, 0], [-1, 5], [0, 7]]
"2064571.a1"	2064571	[1, 0, 0, -877, 9924]	[[17, -8], [19, 5], [32, 106]]
"2065597.a1"	2065597	[0, -1, 1, -69, 234]	[[4, 2], [6, 0], [16, 54]]
"2069723.a1"	2069723	[0, 1, 1, -899, 10081]	[[17, 0], [151/3, 28/3], [-25, 132]]
"2075699.a1"	2075699	[1, 0, 0, -167, 814]	[[7, -3], [5, 8], [10, 8]]
"2076629.a1"	2076629	[0, 1, 1, -192, 960]	[[8, 0], [9, 6], [4, 16]]
"2086421.a1"	2086421	[0, 1, 1, -37, 41]	[[1, 2], [5, 2], [29/2, 111/2]]
"2086501.a1"	2086501	[0, -1, 1, -926, 11160]	[[18, 0], [17, 6], [20, 15]]
"2090923.a1"	2090923	[0, 1, 1, -4, 68]	[[-1, 8], [-2, 8], [4, 11]]
"2093029.a1"	2093029	[0, 1, 1, -72, 202]	[[7, 9], [1, 11], [-2, 18]]
"2095253.a1"	2095253	[1, -1, 0, 32, 1]	[[0, 1], [3/2, 37/2], [7/2, 55/2]]
"2095439.a1"	2095439	[1, 0, 0, -32, 1]	[[0, 1], [-3, 10], [-5, 9]]
"2105407.a1"	2105407	[1, -1, 1, -81, 290]	[[4, 2], [8, 6], [-10, 0]]
"2113739.a1"	2113739	[0, 0, 1, -28, 90]	[[2, 6], [4, 6], [0, 9]]
"2115493.a1"	2115493	[1, 0, 0, -9, 70]	[[3, 7], [-2, 10], [-3, -7]]
"2127077.a1"	2127077	[0, 1, 1, -544, 4706]	[[13, 0], [14, 5], [53/2, -5/2]]
"2127077.d1"	2127077	[0, 0, 1, -440, -3552]	[[-12, 0], [-431/6, -107/6], [142, 1672]]
"2128391.b1"	2128391	[1, -1, 0, -109, 472]	[[8, 4], [12, 22], [-8, 32]]
"2129291.a1"	2129291	[1, 0, 0, -289, -1914]	[[-10, 4], [25, 69], [30, 114]]
"2149031.a1"	2149031	[1, 0, 0, -131, 562]	[[6, -2], [7, -3], [9, 7]]
"2157157.a1"	2157157	[0, 0, 1, -175, 888]	[[8, 0], [7, 2], [9, 6]]
"2157451.a1"	2157451	[0, 1, 1, -20, 72]	[[0, 8], [4, 8], [-6, 3]]
"2158603.a1"	2158603	[0, 1, 1, 17, 71]	[[-3, 1], [1, 9], [-5/3, 199/3]]
"2163787.a1"	2163787	[1, 1, 1, -38, -72]	[[-2, 0], [-3, 6], [13, 36]]
"2164483.b1"	2164483	[0, 0, 1, -236, 1397]	[[9, 1], [11, 11], [9/2, 233/2]]
"2166949.a1"	2166949	[0, 0, 1, -109, 432]	[[5, 3], [7, 3], [8, 8]]
"2170943.a1"	2170943	[1, 0, 0, -38, -59]	[[-3, 7], [-5, 6], [7, 2]]
"2177280.bp1"	2177280	[0, 0, 0, -3078, 65448]	[[36, 36], [27, 45], [-36, 360]]
"2177280.co1"	2177280	[0, 0, 0, -8802, 2510496]	[[72, 1500], [-87/2, 13125/2], [447, 9375]]
"2180251.a1"	2180251	[0, 0, 1, -56, 176]	[[2, 8], [6, 7], [17/2, 27/2]]
"2184187.a1"	2184187	[0, -1, 1, -1313, 18757]	[[85/2, -1/2], [37, 139], [193/3, 28/3]]
"2192129.a1"	2192129	[1, 0, 0, -5052, 137791]	[[41, -20], [39, 2], [143/2, 309/2]]
"2192579.a1"	2192579	[0, -1, 1, -81, 318]	[[6, 3], [4, 6], [12, 30]]
"2205589.a1"	2205589	[1, 1, 1, -7564, 250056]	[[50, -23], [47, 10], [797/4, -1615/4]]
"2210077.a1"	2210077	[0, 1, 1, -115, -510]	[[-6, 0], [-27/2, 13/2], [-111/4, 65/4]]
"2221507.a1"	2221507	[1, -1, 1, -72, 240]	[[4, 0], [6, -4], [8, 7]]
"2221949.a1"	2221949	[1, 1, 1, 19, 72]	[[-2, 6], [0, 8], [7/2, 75/2]]
"2232037.c1"	2232037	[0, 1, 1, -49, -129]	[[-3, 0], [9, 15], [-29/3, 53/3]]
"2234539.a1"	2234539	[0, 0, 1, -563, 5142]	[[13, 4], [15, 8], [6, 44]]
"2236121.a1"	2236121	[1, 1, 1, -387, 2770]	[[11, -5], [10, 0], [46, 268]]
"2238239.a1"	2238239	[1, 0, 0, -422, 3301]	[[12, -5], [11, -1], [4, 39]]
"2242651.a1"	2242651	[0, 1, 1, -32, 90]	[[3, 5], [4, 6], [0, 9]]
"2245861.a1"	2245861	[0, -1, 1, -51, -105]	[[-3, 3], [-5, 0], [-23/3, 28/3]]
"2248133.a1"	2248133	[1, 1, 0, -71, 214]	[[6, 4], [-10, 12], [14, 40]]
"2248511.a1"	2248511	[1, 0, 0, -57, 176]	[[4, 2], [7, 8], [19/2, 15/2]]
"2254099.a1"	2254099	[1, 1, 0, -792, 8257]	[[16, -7], [63/2, -65/2], [1312/9, -7703/9]]
"2254477.a1"	2254477	[1, 1, 1, -49, 90]	[[2, 1], [5, -1], [0, 9]]
"2255003.a1"	2255003	[0, 0, 1, -1, 72]	[[0, 8], [1, 8], [-4, 3]]
"2260787.b1"	2260787	[0, -1, 1, -17, -72]	[[6, 2], [8, 15], [138, 1614]]
"2263067.a1"	2263067	[0, 0, 1, 5, 72]	[[0, 8], [-3, 5], [2, 9]]
"2263357.a1"	2263357	[1, -1, 1, -36, -30]	[[-1, 2], [-2, 6], [-5, 4]]
"2266619.a1"	2266619	[0, -1, 1, -241, 1525]	[[7, 11], [13, 20], [5, 20]]
"2269909.a1"	2269909	[0, 0, 1, -67, 198]	[[6, 3], [2, 8], [7, 8]]
"2274523.a1"	2274523	[0, 1, 1, -89, 303]	[[3, 8], [7, 8], [-3, 23]]
"2296727.a1"	2296727	[1, 1, 1, 27, -38]	[[2, 4], [4, 10], [137, 1543]]
"2311487.a1"	2311487	[1, 0, 0, -39, -62]	[[-2, 4], [-3, 7], [7, 1]]
"2313541.a1"	2313541	[0, 1, 1, -1786, 28464]	[[24, 0], [217/3, -8/3], [214/3, 53/3]]
"2316757.a1"	2316757	[0, -1, 1, -34, -14]	[[-2, 6], [-4, 6], [-5, 2]]
"2319371.a1"	2319371	[0, 0, 1, -64, 210]	[[6, 6], [2, 9], [0, 14]]
"2320243.a1"	2320243	[0, 1, 1, -3, 72]	[[0, 8], [6, 17], [14, 54]]
"2321999.a1"	2321999	[1, 0, 1, -230, 1317]	[[9, -4], [1, 32], [17, 40]]
"2339783.a1"	2339783	[1, -1, 1, -1686, 27060]	[[24, -13], [23, -4], [95/2, -85/2]]
"2340251.a1"	2340251	[0, 0, 1, 11, 72]	[[-2, 6], [-3, 3], [0, 8]]
"2340277.a1"	2340277	[0, -1, 1, -240, 1512]	[[9, 0], [10, 3], [13, 20]]
"2341727.a1"	2341727	[1, 0, 0, -70, -219]	[[-4, 3], [-5, 6], [-17/2, -3/2]]
"2343241.a1"	2343241	[1, 0, 0, 26, -51]	[[3, 6], [4, 9], [12, 39]]
"2347931.a1"	2347931	[0, -1, 1, -1042, 13300]	[[19, 0], [17, 14], [77/2, 13/2]]
"2355043.a1"	2355043	[0, 1, 1, -25, 80]	[[2, 6], [6, 13], [-4, 11]]
"2366227.a1"	2366227	[1, -1, 1, -1525, 23296]	[[22, -5], [20, 12], [34, 82]]
"2376683.a1"	2376683	[0, -1, 1, -70, 262]	[[5, 3], [4, 5], [10, 21]]
"2381400.bh1"	2381400	[0, 0, 0, -297675, 59038875]	[[-315, 11025], [385, 1225], [189, 3087]]
"2388871.b1"	2388871	[1, 0, 1, -13, 75]	[[1, 7], [5, 9], [55/2, 345/2]]
"2397491.b1"	2397491	[1, -1, 0, -31, 108]	[[4, 4], [8, 14], [23/2, 55/2]]
"2398961.a1"	2398961	[1, 1, 1, -17, 72]	[[0, 8], [4, 7], [-6, 3]]
"2401253.a1"	2401253	[1, -1, 1, 30, 30]	[[0, 5], [5, 14], [10, 30]]
"2401667.a1"	2401667	[0, 0, 1, -550, 4965]	[[13, 3], [15, 9], [49/2, 61/2]]
"2404151.a1"	2404151	[1, -1, 1, 33, -18]	[[1, 3], [5, 13], [16, 58]]
"2422997.a1"	2422997	[0, 0, 1, -71, -218]	[[-4, 1], [-5, 3], [10, 8]]
"2423909.a1"	2423909	[1, 0, 1, -90, -325]	[[-5, 4], [-25/2, 25/2], [79, 658]]
"2426491.a1"	2426491	[0, 0, 1, -11, 76]	[[-2, 9], [-4, 7], [-5, 2]]
"2427989.a1"	2427989	[1, 1, 1, 24, -50]	[[2, 2], [4, 9], [32, 170]]
"2436683.a1"	2436683	[0, -1, 1, -24, 96]	[[3, 6], [1, 8], [6, 11]]
"2450629.a1"	2450629	[0, 0, 1, -34, 12]	[[0, 3], [-2, 8], [-6, 0]]
"2452679.a1"	2452679	[1, -1, 1, -153, 768]	[[8, -8], [6, 3], [9, 3]]
"2455477.a1"	2455477	[0, 1, 1, -34, 6]	[[0, 2], [-3, 9], [-6, 5]]
"2466533.a1"	2466533	[0, 1, 1, -43, 65]	[[5, 0], [7, 12], [-7, 8]]
"2467711.a1"	2467711	[1, 1, 0, -63, -206]	[[-6, 4], [10, 12], [42, 250]]
"2468971.a1"	2468971	[0, 0, 1, -971, 11646]	[[18, 0], [19, 7], [127/3, 728/3]]
"2474789.a1"	2474789	[0, 1, 1, -34, -28]	[[-1, 2], [-3, 7], [-5, 6]]
"2487211.a1"	2487211	[0, 1, 1, 10, 78]	[[-3, 5], [1, 9], [11, 40]]
"2490659.a1"	2490659	[1, -1, 0, -41, 78]	[[2, 0], [-6, 12], [-13/2, 117/2]]
"2508083.a1"	2508083	[1, -1, 1, 9, -78]	[[4, 1], [8, 17], [13, 39]]
"2508283.a1"	2508283	[0, 1, 1, -14, -84]	[[7, 14], [8, 19], [15, 57]]
"2515951.a1"	2515951	[1, 0, 0, -107, 424]	[[5, 2], [7, 2], [4, 6]]
"2518349.a1"	2518349	[1, 0, 0, -119, 484]	[[7, -1], [5, 2], [3, 11]]
"2518667.a1"	2518667	[0, 0, 1, -25, 90]	[[3, 6], [0, 9], [5, 9]]
"2543309.a1"	2543309	[1, 0, 0, 4, 77]	[[-1, 9], [-4, 1], [19/3, 236/3]]
"2550059.a1"	2550059	[1, -1, 0, -131, 606]	[[6, 0], [14, 30], [-10, 34]]
"2565611.a1"	2565611	[0, 0, 1, 26, -58]	[[2, 1], [4, 10], [112, 1186]]
"2575493.a1"	2575493	[0, 0, 1, -35, -20]	[[-2, 6], [-4, 7], [-5, 5]]
"2575627.a1"	2575627	[0, 1, 1, 12, -72]	[[3, 0], [4, 7], [8, 24]]
"2580587.a1"	2580587	[0, 0, 1, -310, 2102]	[[10, 1], [12, 10], [246/5, 206/5]]
"2580811.a1"	2580811	[0, 1, 1, -10, -82]	[[6, 10], [7, 15], [42, 274]]
"2585521.a1"	2585521	[1, -1, 1, 23, 58]	[[-2, 1], [2, 9], [13/4, 505/4]]
"2596123.a1"	2596123	[1, -1, 0, -2, -77]	[[6, 7], [18, 65], [93/4, 395/4]]
"2596793.a1"	2596793	[1, 0, 0, -38, 43]	[[1, 2], [-3, 13], [7, 8]]
"2604523.a1"	2604523	[0, 1, 1, -34, 98]	[[2, 6], [4, 6], [-1, 11]]
"2609413.a1"	2609413	[1, 0, 0, -44, 133]	[[4, 3], [3, 4], [1, 9]]
"2613817.c1"	2613817	[1, 1, 0, -36, 19]	[[6, 5], [-6, -5], [10, 23]]
"2616683.a1"	2616683	[0, -1, 1, -145, 727]	[[7, 2], [11, 18], [13, 29]]
"2633749.a1"	2633749	[1, 1, 1, -641, 5980]	[[14, -6], [-13, 117], [50, 294]]
"2635819.a1"	2635819	[0, 1, 1, 24, 72]	[[-2, 4], [0, 8], [2, 11]]
"2642257.a1"	2642257	[1, -1, 1, -300, 2070]	[[10, -6], [11, -2], [6, 18]]
"2643559.a1"	2643559	[1, 1, 0, -186, -1055]	[[-8, 3], [-33/2, 47/2], [63/2, 59/2]]
"2644891.a1"	2644891	[0, 1, 1, 31, -33]	[[1, 0], [5, 16], [15, 63]]
"2645131.a1"	2645131	[1, 0, 0, -417, 3244]	[[12, -8], [9, 11], [15, 13]]
"2654291.a1"	2654291	[1, 0, 0, -741, 7702]	[[17, 1], [14, 4], [63/2, -59/2]]
"2662027.a1"	2662027	[0, 1, 1, -1008, 11988]	[[18, 0], [19, 7], [33, 125]]
"2663029.a1"	2663029	[0, 0, 1, -121, 506]	[[7, 1], [2, 16], [11, 22]]
"2666641.a1"	2666641	[1, 0, 0, -127, 546]	[[6, 0], [7, 0], [5, 4]]
"2669669.a1"	2669669	[0, 0, 1, -44, 80]	[[2, 0], [8, 15], [26, 128]]
"2675483.a1"	2675483	[1, -1, 1, -1026, 12900]	[[19, -8], [18, -4], [75/2, -75/2]]
"2687219.a1"	2687219	[1, -1, 1, -37, 42]	[[0, 6], [6, 0], [10/3, 11/3]]
"2696117.a1"	2696117	[1, 0, 0, -169, 828]	[[7, -3], [8, -6], [9, 3]]
"2698687.a1"	2698687	[1, -1, 1, -910, 10788]	[[18, -7], [24, 36], [-6, 129]]
"2705539.a1"	2705539	[0, 1, 1, 29, 62]	[[-2, 0], [2, 11], [-3/2, 47/2]]
"2714227.b1"	2714227	[0, 1, 1, -17, 78]	[[2, 7], [4, 9], [-19/2, 65/2]]
"2715931.a1"	2715931	[0, 1, 1, -7, 77]	[[1, 8], [-5, 3], [13, 48]]
"2718647.a1"	2718647	[1, -1, 1, -30, 108]	[[4, 4], [-2, 13], [-6, 9]]
"2718907.a1"	2718907	[0, 1, 1, -38, 108]	[[3, 5], [1, 8], [6, 11]]
"2719741.a1"	2719741	[1, 0, 0, -52, -125]	[[-3, 4], [9, 8], [75, 610]]
"2720891.a1"	2720891	[0, 1, 1, 33, -23]	[[1, 3], [7, 24], [19/3, 197/3]]
"2731063.a1"	2731063	[1, 0, 0, -140, 631]	[[7, -1], [6, 1], [3, 14]]
"2740559.a1"	2740559	[1, 1, 1, -36, 100]	[[2, 5], [4, 4], [7, 12]]
"2740721.a1"	2740721	[1, 1, 1, -34, 96]	[[2, 5], [6, 9], [8, 16]]
"2742931.a1"	2742931	[1, 0, 1, -350, 2487]	[[11, -4], [15, 18], [-21, 36]]
"2753291.a1"	2753291	[0, -1, 1, -144, 720]	[[7, 2], [9, 8], [3, 17]]
"2761559.a1"	2761559	[1, 0, 0, -77, -254]	[[-5, 6], [-6, 4], [10, -6]]
"2765677.b1"	2765677	[1, 0, 1, -133, -593]	[[-7, 1], [-25/2, 29/2], [-503/9, 1549/9]]
"2767717.c1"	2767717	[0, 1, 1, -58, 132]	[[0, 11], [9, 20], [15, 53]]
"2769983.a1"	2769983	[1, 0, 0, -9, 80]	[[1, 8], [-5, 0], [16, 56]]
"2779229.a1"	2779229	[1, 0, 0, -37, -36]	[[-1, 1], [-5, 8], [9, 15]]
"2779253.a1"	2779253	[0, 1, 1, -52, 104]	[[2, 3], [-1, 12], [-8, 8]]
"2786741.a1"	2786741	[1, -1, 1, -39, 132]	[[4, 3], [6, 6], [0, 11]]
"2791967.a1"	2791967	[1, 0, 1, -63, 167]	[[3, 1], [-5, 21], [11, 23]]
"2792843.a1"	2792843	[0, -1, 1, -258, 1686]	[[10, 2], [9, 3], [4, 26]]


#Label (lmfdb_label) --
#    The **LMFDB label** of an elliptic curve $E$ over $\mathbb{Q}$ is  a way of indexing the elliptic curves over $\mathbb Q.$ It has the form "11.a1" or "10050.bf2".

#    The label has three components: the **conductor**, the **isogeny class label**, and the **isomorphism class index**.

#    1.  The first component is the decimal representation of the conductor (a positive integer).

#    2. The second component is the isogeny class label, a string which represents the **isogeny class index**,  a non-negative integer encoded
#    as in base 26 using the 26 symbols a,b,.., z.  The isogeny
#    classes of elliptic curves with the same conductor are sorted lexicographically by the $q$-expansions of the associated modular forms, and the isogeny class index of each isogeny class of fixed conductor is the index (starting at 0) of the class in this ordering.

#    3. The third component is the decimal representation of the isomorphism class index, a positive integer giving the index of the coefficient vector $[a_1, a_2, a_3, a_4, a_6]$ of the reduced minimal Weierstrass equation of $E$ in a lexicographically sorted list of all the elliptic curves in the isogeny class.

#    The complete label is obtained by concatenating [conductor, ".", isogeny class label, isomorphism class index].

#    Note that this is not the same as the Cremona label, even though for certain curves they only differ in the insertion of the dot "." (for example, "37a1" and "37.a1" are the same curve). The presence of the punctuation "." distinguishes an LMFDB label from a Cremona label.  Cremona labels are only defined for curves of conductor up to 500000.


# Conductor --
#    The **conductor** $N$ of an elliptic curve $E$ defined over $\Q$ is a positive integer divisible by the primes of bad reduction and no others.  It has the form $N=\prod p^{e_p}$, where the exponent $e_p$ is

#    - $e_p=1$ if $E$ has multiplicative reduction at $p$,

#    - $e_p=2$ if $E$ has additive reduction at $p$ and $p\ge5$,

#    - $2\leq e_p\leq 5$ if $E$ has additive reduction and $p=3$, and

#    - $2\leq e_p\leq 8$ if $E$ has additive reduction and $p=2$.

#    For all primes $p$, there is an algorithm of Tate that simultaneously creates a local minimal Weierstrass equation and computes the exponent of the conductor. See:

#    <UL>
#    <LI> J. Tate, Algorithm for determining the type of a singular fiber
#    in an elliptic pencil, Modular functions of one variable, IV
#    (Proc. Internat. Summer School, Univ. Antwerp, Antwerp, 1972),
#    33-52. <EM>Lecture Notes in Math.</EM>, Vol. <B>476</B>,
#    Springer, Berlin, 1975. \cite{MR0393039}

#    <LI> J.H. Silverman, <EM>Advanced topics in the arithmetic of elliptic
#    curves</EM>, GTM <B>151</B>, Springer-Verlag, New York, 1994.\cite{MR1312368}

#    </UL>


#Weierstrass equation (ainvs) --
#    Every elliptic curve over $\mathbb{Q}$ has an integral Weierstrass model (or equation) of the form \[y^2+a_1xy+a_3y=x^3+a_2x^2+a_4x+a_6,\]
#    where $a_1,a_2,a_3,a_4,a_6$ are integers.
#    Each such equation has a discriminant $\Delta$.  A **minimal Weierstrass equation** is one for which $|\Delta|$ is minimal among all Weierstrass models for the same curve.  For elliptic curves over $\mathbb{Q}$, minimal models exist, and there is a unique **reduced minimal model** which satisfies the additional constraints $a_1,a_3\in\{0,1\}$, $a_2\in\{-1,0,1\}$.



#MW-generators (mwgens) --
#    For an elliptic curve $E$ defined over a field $K$, the **Mordell-Weil group** of $E/K$ is the group $E(K)$ of $K$-rational points of $E$. It is a finitely-generated Abelian group.

#    This is a special case of the Mordell-Weil group of an abelian variety.

#    The Mordell-Weil Theorem, first proved by Mordell for elliptic curves defined over $\Q$ and  later generalized by Weil to abelian varieties $A$ over general number fields $K$, states that, if $K$ is a number field, then $A(K)$ is a finitely generated abelian group. Its rank is called the **Mordell-Weil rank** of $A$ over $K$.

#    The Mordell-Weil theorem implies in particular that the torsion subgroup $E(K)_{\mathrm{tor}}$ of $E(K)$ is finite, and thus that the torsion order of $E$, one of the BSD  invariants, is finite.


