
# Elliptic curves downloaded from the LMFDB on 09 December 2025.
# Search link: https://www.lmfdb.org/EllipticCurve/Q/?rank=4&showcol=mwgens&hidecol=lmfdb_iso.rank.torsion_structure.cm_discriminant
# Query "{'rank': 4}" returned 2086 curves, sorted by conductor.

# Each entry in the following data list has the form:
#    [Label, Conductor, Weierstrass equation, MW-generators]
# For more details, see the definitions at the bottom of the file.



"234446.a1"	234446	[1, -1, 0, -79, 289]	[[6, -1], [4, 3], [5, -2], [8, 7]]
"501029.a1"	501029	[0, 1, 1, -72, 210]	[[5, 0], [4, 1], [3, 5], [6, 5]]
"545723.a1"	545723	[0, 0, 1, -7, 36]	[[1, 5], [2, 5], [4, 8], [-2, 6]]
"602461.a1"	602461	[1, 0, 0, -202, 1089]	[[8, -3], [7, 2], [9, 0], [0, 33]]
"797611.a1"	797611	[0, 1, 1, -2, 42]	[[1, 6], [0, 6], [-4, 1], [-3, 5]]
"812011.a1"	812011	[0, 1, 1, -32, 72]	[[3, 3], [2, 4], [1, 6], [-2, 11]]
"887657.a1"	887657	[1, 0, 0, -49, 120]	[[3, 0], [5, 0], [1, 8], [13, 35]]
"953243.a1"	953243	[0, 0, 1, -67, 216]	[[4, 3], [3, 6], [5, 2], [6, 5]]
"1000033.a1"	1000033	[1, 0, 0, -25, 66]	[[3, 3], [2, 4], [-1, 10], [5, 6]]
"1129211.a1"	1129211	[0, 0, 1, -19, 60]	[[2, 5], [1, 6], [3, 5], [-3, 9]]
"1241437.a1"	1241437	[0, -1, 1, -35, 72]	[[2, 2], [0, 8], [6, 6], [-4, 11]]
"1321589.a1"	1321589	[0, 1, 1, -59, 147]	[[3, 2], [5, 1], [1, 9], [-9, 5]]
"1549501.a1"	1549501	[1, 0, 0, -12, 61]	[[-3, -7], [4, 7], [-4, 9], [-5, 1]]
"1736437.a1"	1736437	[0, -1, 1, -160, 832]	[[8, 0], [7, 2], [5, 11], [10, 11]]
"1740197.a1"	1740197	[0, 1, 1, -30, 0]	[[-1, 5], [-4, 8], [0, 0], [-2, 7]]
"1764029.a1"	1764029	[1, 0, 0, -34, 39]	[[1, 2], [5, -3], [-2, 11], [-5, -7]]
"2184811.a1"	2184811	[0, 1, 1, 16, 72]	[[-1, 7], [0, 8], [-3, 2], [3, 12]]
"2216309.a1"	2216309	[0, 1, 1, -142, 602]	[[7, 0], [6, 1], [8, 6], [5, 6]]
"2609963.a1"	2609963	[0, 0, 1, -31, 102]	[[4, 6], [-1, 11], [5, 8], [1, 8]]
"2614763.a1"	2614763	[0, -1, 1, -10, 82]	[[1, 8], [-1, 9], [4, 9], [-4, 6]]
"2697179.a1"	2697179	[0, -1, 1, -46, 160]	[[5, 5], [2, 8], [7, 11], [10, 24]]
"3001421.a1"	3001421	[0, 1, 1, -141, 594]	[[6, 0], [8, 6], [4, 10], [21/2, 37/2]]
"3254773.a1"	3254773	[1, 0, 0, -59, 190]	[[3, 5], [2, 8], [7, 8], [-3, 20]]
"3261221.a1"	3261221	[1, -1, 1, 36, 12]	[[0, 3], [1, 6], [2, 8], [6, 17]]
"3280363.a1"	3280363	[0, 1, 1, -60, 180]	[[4, 4], [2, 8], [5, 5], [-1, 15]]
"3349097.a1"	3349097	[1, 0, 0, -864, 9703]	[[17, -8], [18, -1], [14, 13], [3, 83]]
"3525883.a1"	3525883	[0, 1, 1, -20, 90]	[[1, 8], [0, 9], [-5, 9], [-6, 5]]
"3643883.a1"	3643883	[0, 0, 1, -37, 126]	[[4, 6], [1, 9], [3, 6], [-3, 14]]
"3651607.a1"	3651607	[1, -1, 1, -96, 372]	[[5, -4], [8, 4], [10, 13], [4, 4]]
"3744737.a1"	3744737	[1, 0, 0, -115, 456]	[[7, -6], [4, 6], [5, 1], [8, 4]]
"3806051.a1"	3806051	[1, 1, 1, 38, 42]	[[-1, 2], [0, 6], [2, 10], [3/2, 61/2]]
"4032949.a1"	4032949	[0, -1, 1, -72, 240]	[[3, 6], [7, 5], [4, 0], [10, 20]]
"4036069.c1"	4036069	[0, 0, 1, -21184, 1186752]	[[84, 0], [80, 63], [70, 216], [3025/6, -107/6]]
"4077611.a1"	4077611	[0, 0, 1, -19, 102]	[[2, 8], [3, 8], [5, 11], [-2, 11]]
"4092701.a1"	4092701	[1, 1, 1, -542, 4632]	[[13, -6], [12, 0], [10, 13], [55/2, -97/2]]
"4225973.a1"	4225973	[0, 1, 1, -228, 1248]	[[8, 0], [9, 2], [6, 11], [3, 24]]
"4248019.a1"	4248019	[0, 1, 1, 9, -96]	[[4, 4], [6, 14], [8, 23], [24, 120]]
"4258363.a1"	4258363	[0, 1, 1, -110, 420]	[[6, 3], [5, 4], [9, 15], [7, 6]]
"4343629.a1"	4343629	[0, -1, 1, -129, 600]	[[6, 2], [10, 14], [4, 11], [0, 24]]
"4459157.a1"	4459157	[0, 0, 1, -65, 174]	[[3, 2], [6, 0], [1, 10], [-9, 5]]
"4513931.a1"	4513931	[0, -1, 1, -24, 120]	[[-2, 12], [6, 12], [-5, 9], [-6, 3]]
"4573691.a1"	4573691	[0, -1, 1, -72, 282]	[[4, 6], [7, 8], [6, 5], [1, 14]]
"4592017.a1"	4592017	[1, -1, 1, -42, 0]	[[-2, 9], [-4, -8], [0, 0], [-5, 10]]
"4695371.a1"	4695371	[0, 0, 1, -109, 450]	[[6, 3], [7, 5], [2, 15], [5, 5]]
"4732603.a1"	4732603	[0, 1, 1, -1930, 32000]	[[25, 0], [26, 8], [23, 17], [19, 50]]
"4839157.a1"	4839157	[0, 0, 1, -61, -150]	[[-3, 2], [-6, 0], [-4, 5], [-5, 5]]
"4883953.a1"	4883953	[1, 0, 0, -784, 8385]	[[16, -9], [17, -2], [15, 0], [-19, 138]]
"4953023.a1"	4953023	[1, -1, 1, -87, 350]	[[6, 1], [4, 5], [2, 12], [-3, 25]]
"5031193.a1"	5031193	[1, 0, 0, -55, 186]	[[5, 4], [6, 6], [-1, 16], [1, 11]]
"5097403.a1"	5097403	[0, 1, 1, -380, 2730]	[[11, 1], [10, 5], [12, 6], [7, 21]]
"5235679.a1"	5235679	[1, -1, 1, -17109, 865614]	[[76, -35], [303/2, -309/2], [79, 9], [1213/4, -2415/4]]
"5256283.a1"	5256283	[0, 1, 1, -220, 1190]	[[8, 2], [9, 4], [10, 9], [7, 6]]
"5304331.a1"	5304331	[0, 1, 1, -132, 552]	[[6, 3], [5, 6], [8, 8], [7, 4]]
"5366539.a1"	5366539	[1, -1, 1, -204, 1164]	[[8, -5], [9, -4], [6, 8], [12, 12]]
"5388869.a1"	5388869	[0, 1, 1, -62, 132]	[[1, 8], [0, 11], [2, 4], [6, 3]]
"5830271.a1"	5830271	[1, -1, 1, -54, 204]	[[3, 6], [8, 11], [6, 5], [4, 4]]
"6267083.a1"	6267083	[0, -1, 1, -20, 132]	[[3, 9], [5, 11], [-4, 11], [-3, 12]]
"6331289.a1"	6331289	[1, 0, 0, -62, -149]	[[-3, 5], [-5, 9], [-6, 7], [9, 2]]
"6489179.a1"	6489179	[0, -1, 1, -136, 670]	[[7, 3], [8, 5], [5, 9], [10, 14]]
"6615361.a1"	6615361	[1, -1, 1, -19, 132]	[[4, 8], [0, 11], [6, 11], [-6, 3]]
"6654059.a1"	6654059	[0, 0, 1, -73, 270]	[[5, 5], [4, 6], [-1, 18], [2, 11]]
"7428599.a1"	7428599	[1, 0, 0, -732, 7561]	[[16, -5], [15, -4], [9, 37], [21, 29]]
"7555049.a1"	7555049	[1, -1, 1, 42, -90]	[[2, -2], [9, 26], [4, 9], [17, 64]]
"7849643.a1"	7849643	[0, -1, 1, -4, 136]	[[1, 11], [2, 11], [8, 23], [-4, 8]]
"7852171.a1"	7852171	[0, 1, 1, -254, 1482]	[[9, 2], [10, 6], [12, 17], [6, 14]]
"7873589.a1"	7873589	[0, 1, 1, -122, 462]	[[5, 1], [7, 0], [3, 11], [10, 18]]
"8047771.a1"	8047771	[0, 1, 1, -52, 182]	[[5, 8], [0, 13], [1, 11], [7, 14]]
"8106181.a1"	8106181	[1, 0, 0, -42, 169]	[[3, 7], [0, 13], [5, 7], [8, 15]]
"8167051.a1"	8167051	[0, 0, 1, 19, -134]	[[4, 2], [10, 32], [7, 18], [17/2, 35/2]]
"8300197.a1"	8300197	[0, 0, 1, -6925, 221808]	[[48, 0], [49, 11], [43, 59], [436/3, 116/3]]
"8397097.a1"	8397097	[1, 1, 1, -135, -644]	[[-7, 7], [-8, 4], [13, -3], [14, 14]]
"8436397.a1"	8436397	[0, -1, 1, -205, 1192]	[[8, 0], [10, 6], [4, 20], [37/2, 7/2]]
"8718803.a1"	8718803	[1, 1, 1, -885, 9766]	[[17, -7], [16, -3], [13, 19], [67/2, -79/2]]
"8929111.a1"	8929111	[1, 0, 0, 11, 144]	[[0, 12], [-1, 12], [4, 14], [9, 27]]
"9019973.a1"	9019973	[0, 1, 1, -58, -112]	[[-2, 0], [-7, 0], [-6, 7], [-4, 8]]
"9058057.a1"	9058057	[1, 1, 1, -55, -84]	[[-3, 9], [-4, 11], [-6, -6], [-7, 7]]
"9126869.a1"	9126869	[0, 1, 1, -52, -28]	[[-2, 8], [-3, 10], [-5, 11], [-7, 6]]
"9417157.a1"	9417157	[0, -1, 1, -64, 154]	[[2, 5], [7, 0], [1, 9], [8, 9]]
"9518219.a1"	9518219	[0, 0, 1, -73, 282]	[[5, 6], [1, 14], [8, 14], [3, 9]]
"9640549.a1"	9640549	[0, 0, 1, -154, 720]	[[8, 0], [6, 3], [12, 24], [2, 20]]
"9704491.a1"	9704491	[0, 1, 1, 8, 152]	[[-3, 10], [-2, 11], [-4, 8], [-5, 3]]
"9809419.a1"	9809419	[0, 1, 1, -76, 272]	[[5, 6], [0, 16], [8, 15], [2, 11]]
"9934411.a1"	9934411	[0, 1, 1, -934, 10682]	[[17, 2], [16, 9], [19, 12], [69/2, 5/2]]
"10257083.a1"	10257083	[0, 0, 1, -187, 996]	[[8, 3], [9, 6], [6, 9], [7, 5]]
"10424663.a1"	10424663	[1, -1, 1, -57, 240]	[[5, 5], [0, 15], [6, 6], [10, 19]]
"10537957.a1"	10537957	[0, 1, 1, -125, 475]	[[5, 0], [11, 23], [-7, 32], [-13, 8]]
"10610357.a1"	10610357	[0, 1, 1, -100, 320]	[[7, 3], [2, 11], [4, 0], [3, 7]]
"10856359.a1"	10856359	[1, -1, 1, -66, 146]	[[2, 3], [9, 10], [1, 8], [-7, 18]]
"10861307.b1"	10861307	[1, -1, 1, -120, 558]	[[6, 2], [11, 16], [4, 9], [-1, 26]]
"10985851.a1"	10985851	[0, 0, 1, 19, 156]	[[0, 12], [-2, 10], [-3, 8], [25, 127]]
"11145619.a1"	11145619	[1, -1, 1, -654, 6594]	[[14, -1], [16, -2], [18, 11], [6, 50]]
"11193251.a1"	11193251	[1, 1, 1, -19, 156]	[[2, 10], [0, 12], [6, 14], [-25/2, 91/2]]
"11287343.a1"	11287343	[1, 1, 1, -299, 1872]	[[9, -1], [10, -2], [6, 15], [39/2, -21/2]]
"11365037.a1"	11365037	[1, -1, 1, -232, -1290]	[[-8, 5], [-9, 6], [-33/2, 7/2], [46, 266]]
"11448979.a1"	11448979	[1, 1, 1, -1209, 15676]	[[20, -8], [19, -5], [22, 7], [-2, 135]]
"11588939.a1"	11588939	[0, -1, 1, -86, 378]	[[6, 6], [2, 14], [-1, 21], [14, 41]]
"11914247.a1"	11914247	[1, 0, 0, -394, 2973]	[[11, -6], [12, -3], [13, 3], [47/2, -43/2]]
"11919067.a1"	11919067	[0, 1, 1, -78, 288]	[[4, 7], [3, 9], [8, 15], [6, 8]]
"12090283.a1"	12090283	[0, 1, 1, -104, 408]	[[4, 8], [3, 11], [7, 8], [-3, 26]]
"12226297.a1"	12226297	[1, 0, 0, -168, 841]	[[7, 1], [5, 9], [8, 1], [35/2, 27/2]]
"12307781.a1"	12307781	[0, 1, 1, -71, -183]	[[-3, 3], [-7, 4], [-5, 8], [65, 523]]
"12307957.a1"	12307957	[0, -1, 1, -128, 576]	[[8, 0], [3, 14], [9, 8], [14, 36]]
"12573971.a1"	12573971	[1, -1, 1, -118, 490]	[[5, 0], [4, 6], [10, 10], [-11, 24]]
"12655567.a1"	12655567	[1, -1, 1, -285, -1770]	[[-10, 4], [-9, 3], [-37/2, 53/2], [-86/3, 40/3]]
"12671819.a1"	12671819	[0, 0, 1, -118, 522]	[[6, 5], [8, 9], [10, 18], [-4, 30]]
"12737903.a1"	12737903	[1, 0, 0, -73, -174]	[[-3, 6], [-7, 6], [-5, -6], [15, 39]]
"12924089.d1"	12924089	[1, 0, 1, -65, -105]	[[-3, 9], [-7, 7], [9, 3], [13, 29]]
"13051657.a1"	13051657	[1, 1, 1, -2079, 35620]	[[26, -13], [25, -5], [29, 13], [89, 707]]
"13176629.a1"	13176629	[0, 0, 1, -329, 2290]	[[10, 0], [11, 1], [13, 14], [16, 33]]
"13489667.a1"	13489667	[0, 0, 1, -130, 597]	[[7, 5], [5, 8], [9, 12], [-5, 33]]
"13502647.a1"	13502647	[1, -1, 1, -216, 1260]	[[10, 0], [6, 9], [8, -4], [13, 16]]
"13664309.a1"	13664309	[0, 1, 1, -72, 132]	[[2, 0], [7, 4], [8, 11], [-2, 16]]
"13822847.a1"	13822847	[1, 0, 0, -60, 1]	[[-3, 14], [-5, 16], [0, 1], [9, 10]]
"13866283.a1"	13866283	[0, 0, 1, -146, 702]	[[6, 6], [4, 13], [0, 26], [18, 62]]
"13968341.a1"	13968341	[0, 1, 1, -86, 222]	[[3, 0], [8, 10], [10, 21], [7, 3]]
"13971941.a1"	13971941	[1, -1, 1, -591, 5676]	[[14, -5], [15, -3], [16, 3], [7, 39]]
"14059457.a1"	14059457	[1, -1, 1, -30, 198]	[[4, 9], [1, 12], [6, 11], [-6, 14]]
"14224757.a1"	14224757	[0, 1, 1, -250, 1430]	[[8, 2], [10, 5], [11, 11], [7, 8]]
"14377931.a1"	14377931	[0, 0, 1, -34, -198]	[[10, 21], [12, 33], [8, 6], [22, 98]]
"14630683.a1"	14630683	[0, 1, 1, -34, 188]	[[1, 12], [2, 11], [-7, 11], [7, 18]]
"14718871.a1"	14718871	[1, 0, 0, -207, 1144]	[[8, 0], [9, 1], [5, 13], [3, 22]]
"14838277.a1"	14838277	[0, -1, 1, -714, 7584]	[[16, 0], [12, 24], [18, 15], [61/2, 21/2]]
"15161219.a1"	15161219	[1, -1, 1, -64, 72]	[[1, 2], [-6, 17], [0, 8], [9, 8]]
"15176897.a1"	15176897	[1, -1, 1, -106, 400]	[[4, 3], [8, 0], [-2, 25], [-10, 24]]
"15268811.a1"	15268811	[0, -1, 1, -177, 987]	[[7, 6], [9, 6], [15, 38], [-3, 38]]
"15516071.a1"	15516071	[1, -1, 0, 62, 15]	[[2, 11], [6, 21], [22, 97], [70/3, 715/3]]
"15558901.a1"	15558901	[1, 1, 1, -291, 1780]	[[10, -5], [5, 19], [14, 19], [35/2, -23/2]]
"15607877.a1"	15607877	[0, 1, 1, -90, 240]	[[3, 2], [7, 1], [9, 15], [2, 8]]
"15709877.a1"	15709877	[1, 0, 0, -118, -465]	[[-5, 0], [-7, 9], [-6, 9], [-59/3, 254/3]]
"15869963.a1"	15869963	[0, -1, 1, -110, 522]	[[6, 6], [5, 8], [3, 14], [8, 9]]
"15873397.a1"	15873397	[0, -1, 1, -180, 972]	[[9, 0], [7, 2], [6, 8], [10, 8]]
"16037071.a1"	16037071	[1, 0, 0, 63, 16]	[[0, 4], [5, 19], [9, 32], [16, 64]]
"16087157.a1"	16087157	[0, 0, 1, -161, 762]	[[9, 6], [4, 13], [6, 3], [-9, 38]]
"16146401.a1"	16146401	[1, 0, 0, -66, 67]	[[1, 1], [-3, 17], [-6, 19], [-1, 12]]
"16165717.a1"	16165717	[0, -1, 1, -70, 142]	[[1, 8], [-1, 14], [8, 5], [2, 2]]
"16331309.a1"	16331309	[1, -1, 1, -79, -166]	[[-3, 7], [-4, 10], [-7, 1], [29, 131]]
"16482097.b1"	16482097	[1, 1, 1, -64, 0]	[[0, 0], [-6, 17], [-1, 8], [-4, 16]]
"16499089.a1"	16499089	[1, -1, 1, -118, 558]	[[6, 3], [9, 8], [1, 20], [-12, 17]]
"16517209.a1"	16517209	[1, 1, 1, -849, 9166]	[[16, -6], [17, -5], [10, 37], [142/3, -113/3]]
"16690103.a1"	16690103	[1, -1, 1, -27, 210]	[[0, 14], [4, 10], [-7, 7], [8, 17]]
"16696709.a1"	16696709	[0, 1, 1, -1092, 13530]	[[19, 1], [18, 5], [20, 9], [77/2, 25/2]]
"16704839.a1"	16704839	[1, 0, 0, -64, 9]	[[0, 3], [-5, 17], [-1, 9], [9, 9]]
"16798283.a1"	16798283	[1, 1, 1, -64, 252]	[[3, 8], [6, 8], [-6, 24], [-4, 23]]
"16916281.a1"	16916281	[1, 0, 0, -142, 669]	[[7, 2], [4, 11], [5, 7], [12, 21]]
"17157599.a1"	17157599	[1, -1, 1, -93, 420]	[[5, 5], [2, 14], [10, 15], [12, 24]]
"17246657.a1"	17246657	[1, 0, 0, -69, 88]	[[-1, 13], [8, 4], [-9, 5], [-8, 16]]
"17471843.a1"	17471843	[1, -1, 1, 3, 200]	[[-2, 14], [-4, 12], [5, 15], [16, 56]]
"17482111.a1"	17482111	[1, 0, 0, -127, 576]	[[7, 3], [9, 9], [5, 6], [0, 24]]
"17495957.a1"	17495957	[0, 1, 1, -150, 630]	[[4, 10], [9, 9], [5, 5], [8, 2]]
"17622277.a1"	17622277	[1, 1, 1, -945, 10786]	[[17, -7], [16, 1], [14, 16], [29, 79]]
"17778869.a1"	17778869	[0, 0, 1, -359, 2610]	[[10, 4], [12, 5], [15, 24], [18, 44]]
"17819189.a1"	17819189	[0, 0, 1, -101, -334]	[[-4, 2], [-7, 5], [-6, 7], [21, 82]]
"17893429.a1"	17893429	[0, -1, 1, -712, 7552]	[[16, 0], [17, 8], [14, 11], [11, 30]]
"18000757.a1"	18000757	[0, 0, 1, -67, -54]	[[-2, 8], [-7, 8], [-1, 3], [-5, 12]]
"18003691.a1"	18003691	[0, 0, 1, -89, 382]	[[4, 9], [8, 13], [-5, 26], [-10, 16]]
"18532219.a1"	18532219	[0, 1, 1, 34, 204]	[[-2, 11], [-4, 4], [3, 18], [1, 15]]
"18626999.a1"	18626999	[1, 1, 1, -21, 202]	[[-4, 17], [5, 13], [-7, 11], [26, 121]]
"18655349.a1"	18655349	[0, 1, 1, -92, 240]	[[3, 0], [10, 20], [-2, 20], [0, 15]]
"18742463.a1"	18742463	[1, -1, 1, -231, 1422]	[[9, -1], [8, 2], [10, 1], [4, 21]]
"18754517.a1"	18754517	[0, 1, 1, -214, 1118]	[[7, 3], [9, 1], [4, 18], [-1, 36]]
"18803429.a1"	18803429	[0, 1, 1, -312, 2010]	[[11, 5], [8, 9], [9, 3], [15, 30]]
"18830213.a1"	18830213	[1, -1, 1, -6, 210]	[[-2, 15], [5, 14], [0, 14], [-6, 3]]
"18912811.a1"	18912811	[1, 0, 0, -592, 5499]	[[14, -9], [13, 0], [17, 12], [34, 141]]
"18918749.a1"	18918749	[0, 1, 1, -97, 272]	[[2, 9], [8, 8], [0, 16], [-10, 18]]
"19022651.a1"	19022651	[0, 0, 1, -19, 212]	[[2, 13], [3, 13], [-6, 10], [-7, 1]]
"19451989.a1"	19451989	[0, 0, 1, -259, 1590]	[[11, 8], [12, 14], [8, 5], [10, 0]]
"19725077.a1"	19725077	[0, 1, 1, -490, 4010]	[[12, 1], [11, 8], [14, 9], [13, 2]]
"19802683.a1"	19802683	[0, 1, 1, -20, 210]	[[0, 14], [4, 14], [-7, 7], [2, 13]]
"19983377.b1"	19983377	[1, 0, 0, -113, 400]	[[4, 2], [9, 7], [3, 8], [-12, -2]]
"20192693.a1"	20192693	[0, 1, 1, -68, 0]	[[0, 0], [-7, 13], [-5, 15], [-2, 11]]
"20252051.a1"	20252051	[0, -1, 1, -89, 420]	[[8, 12], [0, 20], [-10, 14], [14, 41]]
"20256029.a1"	20256029	[0, 0, 1, -194, 1017]	[[7, 1], [9, 0], [3, 21], [103/3, 451/3]]
"20301877.a1"	20301877	[0, 0, 1, -82, 186]	[[2, 5], [8, 6], [12, 30], [-2, 18]]
"20305013.a1"	20305013	[0, 1, 1, -498, 4110]	[[13, 1], [12, 2], [15, 15], [45/2, 57/2]]
"20907941.a1"	20907941	[0, 1, 1, -276, 1662]	[[10, 1], [8, 5], [3, 29], [15, 33]]
"21186041.a1"	21186041	[1, 0, 0, 18, 221]	[[1, 15], [-5, 6], [4, 17], [-17/2, 85/2]]
"21234667.a1"	21234667	[0, 1, 1, -138, 618]	[[8, 9], [3, 15], [6, 6], [11, 23]]
"21278483.a1"	21278483	[0, 0, 1, 20, 219]	[[-3, 11], [1, 15], [7, 26], [21, 99]]
"21324203.a1"	21324203	[0, 0, 1, -301, 2022]	[[10, 3], [9, 6], [14, 23], [11, 6]]
"21443717.a1"	21443717	[0, 1, 1, -70, 20]	[[0, 4], [-2, 12], [-8, 11], [-9, 1]]
"21484997.a1"	21484997	[0, 0, 1, -701, 7140]	[[15, 0], [16, 4], [9, 39], [30, 114]]
"21559843.a1"	21559843	[1, -1, 1, -1456, 21742]	[[22, -9], [23, -6], [19, 16], [-41, -86]]
"21758651.a1"	21758651	[0, 0, 1, -106, 476]	[[6, 7], [2, 16], [-8, 28], [-12, 4]]
"21856741.a1"	21856741	[0, -1, 1, -86, 240]	[[3, 0], [8, 0], [0, 15], [2, 8]]
"21945389.a1"	21945389	[1, 0, 0, -477, 3964]	[[12, -4], [13, -5], [9, 16], [15, 8]]
"21952519.a1"	21952519	[1, 1, 1, -70, -36]	[[-6, 17], [-7, 16], [8, -5], [9, 8]]
"22001797.a1"	22001797	[0, 0, 1, -397, 3036]	[[12, 0], [11, 0], [7, 24], [13, 8]]
"22026253.a1"	22026253	[1, 0, 0, -69, 310]	[[6, 8], [7, 10], [3, 10], [-2, 22]]
"22155163.a1"	22155163	[0, 1, 1, -88, 362]	[[5, 8], [4, 9], [14, 45], [9, 19]]
"22471237.a1"	22471237	[0, 0, 1, -835, 9284]	[[17, 1], [16, 4], [12, 31], [148/3, -8/3]]
"22529099.a1"	22529099	[1, 0, 0, -194, -1031]	[[-8, 9], [-9, 2], [-29/2, 7/2], [16, -3]]
"22652821.b1"	22652821	[1, 0, 0, 16, 229]	[[-3, 14], [-5, 8], [4, 17], [9, 29]]
"23424371.a1"	23424371	[0, -1, 1, -17, 240]	[[0, 15], [-6, 9], [2, 14], [21/2, 127/2]]
"23443507.a1"	23443507	[1, -1, 1, -72, 0]	[[0, 0], [-8, 7], [-4, 16], [-7, 14]]
"23447917.a1"	23447917	[0, 0, 1, -190, -981]	[[-7, 2], [-9, 0], [-31/2, 37/2], [21, 65]]
"23459531.a1"	23459531	[0, -1, 1, -52, 292]	[[5, 11], [1, 15], [4, 11], [-1, 18]]
"23537659.a1"	23537659	[0, 1, 1, -81, 339]	[[-1, 20], [9, 20], [3, 11], [-11, 4]]
"23761201.a1"	23761201	[1, 0, 0, 53, 186]	[[-3, 3], [1, 15], [-1, 12], [6, 24]]
"23802083.a1"	23802083	[1, -1, 1, -1317, 18720]	[[21, -9], [22, -5], [20, -1], [26, 26]]
"23845397.a1"	23845397	[0, 1, 1, -80, 120]	[[1, 6], [8, 7], [-3, 18], [9, 14]]
"23854741.c1"	23854741	[0, -1, 1, -131, 573]	[[9, 6], [-1, 26], [11, 18], [21, 81]]
"23886997.a1"	23886997	[0, -1, 1, -405, 3267]	[[13, 5], [3, 45], [19, 45], [15, 18]]
"23951887.a1"	23951887	[1, 1, 1, -144, 562]	[[5, -2], [8, -7], [4, 6], [-10, 38]]
"23965589.a1"	23965589	[0, 1, 1, -72, 0]	[[-1, 8], [-7, 14], [-9, 0], [-4, 15]]
"24098603.a1"	24098603	[0, -1, 1, -154, 826]	[[8, 6], [7, 6], [5, 12], [-13, 21]]
"24191611.a1"	24191611	[0, 1, 1, -9872, 374262]	[[57, 0], [56, 13], [229/2, 19/2], [36, 258]]
"24252101.a1"	24252101	[1, 1, 1, -144, 646]	[[8, 5], [4, 10], [-2, 31], [22, 82]]
"24366851.a1"	24366851	[0, 0, 1, -142, 693]	[[7, 6], [1, 23], [11, 21], [21, 83]]
"24394603.a1"	24394603	[0, 1, 1, -4, 236]	[[-1, 15], [-2, 15], [7, 24], [13, 50]]
"24486139.a1"	24486139	[0, 1, 1, 49, -183]	[[3, 0], [7, 23], [17, 76], [13/2, 33/2]]
"24513803.a1"	24513803	[0, 0, 1, 53, 186]	[[-1, 11], [1, 15], [-3, 0], [-2, 8]]
"24588283.a1"	24588283	[0, 1, 1, 30, 240]	[[-1, 14], [0, 15], [-4, 8], [-3, 11]]
"24644299.a1"	24644299	[1, 1, 1, -112, 342]	[[8, 2], [0, 18], [9, 8], [17, 52]]
"24922789.a1"	24922789	[0, -1, 1, -192, 1062]	[[10, 6], [6, 9], [7, 3], [12, 18]]
"25029029.a1"	25029029	[0, 1, 1, -142, 560]	[[4, 8], [10, 15], [8, 0], [5, 0]]
"25039667.a1"	25039667	[1, 0, 0, -75, -74]	[[-1, 0], [-6, 16], [-5, 16], [9, -4]]
"25218091.a1"	25218091	[0, 1, 1, -44, 252]	[[4, 12], [3, 12], [5, 13], [-4, 19]]
"25305479.a1"	25305479	[1, -1, 1, -274, 1794]	[[9, -6], [12, 5], [6, 15], [1, 38]]
"25327763.a1"	25327763	[0, 0, 1, -202, 1131]	[[9, 6], [3, 23], [11, 15], [1, 30]]
"25359029.a1"	25359029	[0, 1, 1, -102, 282]	[[2, 9], [1, 13], [3, 3], [-9, 23]]
"25359589.a1"	25359589	[0, 0, 1, -79, -120]	[[-2, 5], [-4, 11], [-8, 0], [-7, 9]]
"25392091.a1"	25392091	[0, 1, 1, -962, 11172]	[[17, 4], [16, 11], [18, 3], [10, 51]]
"25475633.a1"	25475633	[1, -1, 1, 9, 240]	[[0, 15], [-2, 15], [-5, 9], [10, 30]]
"25520897.a1"	25520897	[1, 0, 0, -174, 835]	[[6, 1], [13, 22], [-3, 38], [3, 17]]
"25641589.a1"	25641589	[1, 1, 1, -147, 580]	[[5, -5], [8, -4], [-2, 30], [10, 10]]
"25658407.a1"	25658407	[1, -1, 1, -372, 2840]	[[12, -5], [13, 2], [5, 30], [21, 52]]
"25679879.a1"	25679879	[1, 0, 0, -75, -62]	[[-1, 4], [-7, 15], [-2, -8], [-13/2, -85/2]]
"25722491.a1"	25722491	[0, -1, 1, -94, 460]	[[5, 9], [4, 11], [8, 12], [10, 20]]
"25898309.a1"	25898309	[0, 1, 1, -152, 630]	[[5, 4], [3, 14], [9, 8], [-2, 30]]
"25922837.a1"	25922837	[0, 1, 1, -74, -54]	[[-1, 4], [-6, 14], [-8, 9], [-2, 9]]
"25956701.a1"	25956701	[0, 1, 1, -951, 10974]	[[18, 3], [16, 10], [24, 50], [273/4, 129/4]]
"26174123.a1"	26174123	[0, 0, 1, -7, 246]	[[-4, 14], [-3, 15], [-5, 12], [2, 15]]
"26244017.a1"	26244017	[1, 0, 0, -99, 280]	[[1, 13], [8, 0], [3, 2], [11, 18]]
"26352229.a1"	26352229	[1, 0, 0, -252, 1499]	[[10, -3], [7, 6], [13, 15], [22, 71]]
"26485273.a1"	26485273	[1, -1, 1, -391, 3080]	[[11, -1], [14, 7], [20, 44], [8, 16]]
"26723533.a1"	26723533	[1, 0, 0, -250, 1521]	[[9, 0], [8, 3], [11, 6], [16, 33]]
"26809487.a1"	26809487	[1, 0, 0, -474, 3925]	[[12, -5], [13, -8], [11, 3], [47/2, -75/2]]
"27011903.a1"	27011903	[1, 1, 1, -10, 246]	[[-1, 16], [3, 14], [-6, 14], [-4, 17]]
"27054091.a1"	27054091	[0, 0, 1, 1, 250]	[[-2, 15], [-4, 13], [5, 19], [10, 35]]
"27260929.a1"	27260929	[1, 1, 0, -521, 4360]	[[12, -2], [8, 24], [24, 68], [-4, 82]]
"27302603.a1"	27302603	[0, -1, 1, 70, -138]	[[3, 9], [6, 21], [2, 2], [23, 114]]
"27324091.a1"	27324091	[0, 0, 1, 64, 156]	[[-2, 4], [0, 12], [6, 27], [33/4, 1071/4]]
"27646163.a1"	27646163	[0, 0, 1, -52, 291]	[[1, 15], [9, 23], [-1, 18], [5, 12]]
"27692737.a1"	27692737	[1, 1, 0, -127, 440]	[[4, 2], [8, 0], [-8, 36], [20, 70]]
"27927499.a1"	27927499	[0, 1, 1, 54, 222]	[[-3, 6], [-2, 10], [2, 18], [7, 31]]
"27938591.a1"	27938591	[1, -1, 1, -399, 3174]	[[12, -3], [13, 1], [9, 11], [16, 18]]
"28152379.a1"	28152379	[1, -1, 1, -853, 9800]	[[17, -7], [14, 14], [29, 79], [32, 104]]
"28210139.a1"	28210139	[1, -1, 1, 72, 78]	[[-1, 2], [6, 23], [4, 18], [11, 40]]
"28423243.a1"	28423243	[0, 1, 1, -234, 1326]	[[9, 5], [8, 5], [13, 25], [17, 50]]
"28504181.a1"	28504181	[1, 1, 1, -1454, 20736]	[[22, -8], [21, -6], [30, 57], [172/3, 265/3]]
"28751629.a1"	28751629	[1, 0, 0, -166, 849]	[[7, 3], [8, 3], [3, 18], [13, 24]]
"28822987.a1"	28822987	[1, 0, 0, -68, 331]	[[3, 11], [7, 11], [10, 21], [-5, 26]]
"28867877.a1"	28867877	[0, 1, 1, -844, 9158]	[[16, 2], [17, 3], [19, 18], [22, 41]]
"28877977.a1"	28877977	[1, -1, 1, -4137, 103440]	[[37, -23], [38, -26], [24, 120], [53, 149]]
"28899329.a1"	28899329	[1, 1, 1, 9, 262]	[[-2, 16], [-5, -9], [10, 33], [16, 61]]
"29109859.a1"	29109859	[1, 0, 0, -187, 934]	[[9, -4], [15, 32], [-15, 28], [-6, 46]]
"29436761.a1"	29436761	[1, 0, 0, -3676, 85479]	[[35, -17], [37, 3], [33, 3], [143/2, -75/2]]
"29594843.a1"	29594843	[0, 0, 1, -67, 336]	[[2, 14], [7, 14], [9, 21], [11, 30]]
"29781461.a1"	29781461	[0, 1, 1, -256, 1472]	[[10, 3], [7, 8], [5, 18], [8, 0]]
"29787403.b1"	29787403	[0, 1, 1, -1649, 25233]	[[23, 1], [21, 17], [27, 33], [-29, 222]]
"29994337.a1"	29994337	[1, -1, 1, -111, 390]	[[4, -3], [9, 3], [-4, 29], [10, 9]]
"30186197.a1"	30186197	[0, 0, 1, -122, 446]	[[2, 14], [14, 38], [-4, 29], [24, 106]]
"30222131.a1"	30222131	[0, -1, 1, 73, 90]	[[0, 9], [2, 15], [12, 50], [77/2, 723/2]]
"30467189.a1"	30467189	[0, 1, 1, -492, 4032]	[[12, 0], [13, 1], [17, 29], [11, 8]]
"30907579.a1"	30907579	[1, 1, 1, -184, 846]	[[6, -1], [9, 0], [12, 17], [-16, 5]]
"31035203.a1"	31035203	[1, -1, 1, -216, 1302]	[[8, 2], [7, 6], [10, 3], [3, 24]]
"31700651.a1"	31700651	[0, -1, 1, -170, 954]	[[8, 6], [9, 8], [3, 21], [-6, 41]]
"31833377.a1"	31833377	[1, -1, 1, -540, 4968]	[[14, -4], [13, -2], [16, 7], [4, 51]]
"31921157.a1"	31921157	[0, 1, 1, -200, 990]	[[9, 0], [6, 6], [10, 9], [13, 27]]
"31948363.a1"	31948363	[0, 0, 1, 49, -238]	[[5, 11], [6, 16], [20, 93], [41/2, 289/2]]
"31998563.a1"	31998563	[0, 0, 1, -15136, 716745]	[[71, 0], [69, 29], [-1, 855], [1129/4, 405/4]]
"32445209.b1"	32445209	[1, 1, 1, -151, 702]	[[8, 5], [11, 17], [3, 15], [-4, 37]]
"32803597.a1"	32803597	[1, -1, 1, -441, 3660]	[[13, -5], [14, 2], [8, 20], [20, 40]]
"32973361.a1"	32973361	[1, 0, 0, -42, -299]	[[9, 4], [12, 25], [11, 19], [21, 80]]
"33097931.a1"	33097931	[0, 0, 1, -229, 1362]	[[10, 8], [12, 18], [8, 6], [9, 5]]
"33112043.a1"	33112043	[0, 0, 1, 29, 270]	[[-3, 12], [-4, 9], [9, 35], [-5, 0]]
"33198437.a1"	33198437	[0, 1, 1, -414, 3096]	[[12, 0], [10, 7], [17, 35], [14, 15]]
"33257611.a1"	33257611	[0, 1, 1, -1357, 18797]	[[21, 1], [17, 30], [85/2, 19/2], [31, 86]]
"33259573.a1"	33259573	[1, -1, 1, -112, 560]	[[8, 7], [9, 10], [2, 17], [-7, 34]]
"33302891.b1"	33302891	[0, -1, 1, -140, 744]	[[8, 8], [9, 11], [3, 18], [-12, 23]]
"33346331.a1"	33346331	[0, 0, 1, 59, 216]	[[-1, 12], [2, 18], [-3, 3], [-2, 9]]
"33362053.a1"	33362053	[1, 0, 0, -10, -279]	[[8, 9], [9, 15], [7, -1], [19, 71]]
"33623371.a1"	33623371	[0, 0, 1, 61, 210]	[[0, 14], [1, 16], [-3, 0], [36, 221]]
"33648557.a1"	33648557	[1, 0, 1, -856, -9699]	[[-17, 6], [-69/2, 63/2], [-267/4, 509/4], [251/2, 3183/2]]
"33674171.a1"	33674171	[0, -1, 1, -854, 9900]	[[17, 2], [15, 15], [20, 20], [24, 51]]
"33750331.a1"	33750331	[0, 1, 1, -72, 342]	[[5, 11], [2, 14], [0, 18], [-9, 18]]
"33812549.a1"	33812549	[0, 1, 1, -264, 1542]	[[8, 2], [10, 1], [6, 14], [11, 9]]
"33820181.a1"	33820181	[0, 0, 1, -743, 7790]	[[15, 4], [14, 11], [17, 8], [24, 61]]
"34020593.a1"	34020593	[1, 1, 1, -255, 1486]	[[8, 2], [11, 7], [4, 21], [32, 149]]
"34289669.a1"	34289669	[0, 1, 1, -92, 162]	[[1, 8], [-3, 20], [8, 1], [12, 30]]
"34747877.a1"	34747877	[0, 1, 1, -178, 812]	[[5, 8], [10, 11], [14, 35], [9, 4]]
"34773461.a1"	34773461	[0, 1, 1, -426, 3234]	[[11, 0], [14, 14], [6, 30], [9, 14]]
"34945109.a1"	34945109	[0, 1, 1, -82, -70]	[[-4, 14], [-5, 15], [-7, 14], [-1, 3]]
"34986403.a1"	34986403	[1, 0, 0, -474, 3943]	[[13, -2], [14, 3], [11, 4], [47/2, -3/2]]
"35185957.a1"	35185957	[0, -1, 1, -94, -176]	[[-2, 0], [-8, 0], [-7, 9], [28, 135]]
"35425307.a1"	35425307	[1, 0, 0, -123, 430]	[[9, 4], [-1, 24], [10, 10], [33, 164]]
"35446189.a1"	35446189	[1, 1, 1, -264, 1516]	[[8, -5], [10, -3], [11, 4], [22, 72]]
"35500609.a1"	35500609	[1, 0, 0, -3076, 65409]	[[32, -17], [33, -6], [35, 13], [163/2, 559/2]]
"35645371.a1"	35645371	[0, 1, 1, -162, 792]	[[6, 8], [5, 11], [8, 8], [11, 21]]
"35777899.a1"	35777899	[1, -1, 1, -84, 84]	[[1, 0], [-6, 21], [-4, 20], [-2, 16]]
"35807243.a1"	35807243	[0, -1, 1, -44, 324]	[[3, 14], [2, 15], [-7, 15], [-4, 20]]
"35856091.a1"	35856091	[0, 1, 1, -192, 1002]	[[8, 6], [11, 18], [3, 21], [1, 28]]
"36196861.a1"	36196861	[1, 0, 0, -14, 289]	[[0, 17], [-7, -4], [-3, 19], [-5, 18]]
"36429157.a1"	36429157	[0, -1, 1, -300, 2082]	[[9, 5], [13, 14], [6, 21], [16, 33]]
"36704417.a1"	36704417	[1, 0, 0, -303, 1984]	[[9, -2], [11, -9], [5, 22], [60, 418]]
"36755029.a1"	36755029	[0, -1, 1, -132, 552]	[[9, 3], [1, 20], [4, 8], [10, 11]]
"36796069.a1"	36796069	[0, -1, 1, -702, 7392]	[[16, 0], [15, 3], [12, 23], [19, 23]]
"37201517.a1"	37201517	[1, 0, 0, -150, 631]	[[5, 1], [9, 1], [3, 13], [-3, 34]]
"37262411.a1"	37262411	[0, 0, 1, -274, 1770]	[[10, 5], [8, 9], [12, 14], [6, 18]]
"37271557.a1"	37271557	[0, -1, 1, -94, -164]	[[-2, 3], [-8, 3], [-5, 12], [47, 311]]
"37275431.a1"	37275431	[1, 0, 0, -141, 562]	[[9, 2], [2, 16], [21, 73], [-1, 27]]
"37361147.a1"	37361147	[0, -1, 1, -748, 8134]	[[16, 2], [17, 6], [14, 14], [107, 1068]]
"37773557.c1"	37773557	[1, -1, 1, -136, -498]	[[-5, 8], [-6, -6], [15, 18], [22, 71]]
"37783909.a1"	37783909	[1, 1, 1, -99, 196]	[[1, 9], [8, -5], [2, 2], [-10, 22]]
"37826011.a1"	37826011	[0, 1, 1, -42, 300]	[[5, 15], [-4, 20], [-2, 19], [3, 14]]
"37857803.a1"	37857803	[0, -1, 1, -80, 432]	[[6, 11], [3, 14], [5, 11], [8, 15]]
"37910267.a1"	37910267	[0, 0, 1, -70, 372]	[[2, 15], [12, 35], [4, 12], [-8, 20]]
"37938151.a1"	37938151	[1, 0, 0, -2944, 61239]	[[31, -13], [30, -3], [37, 39], [131/2, -13/2]]
"37982429.a1"	37982429	[1, 0, 0, -309, 2044]	[[11, -8], [9, -1], [8, 6], [12, 4]]
"38014597.a1"	38014597	[0, -1, 1, -118, 436]	[[4, 3], [-1, 23], [13, 30], [19, 68]]
"38128897.a1"	38128897	[1, -1, 1, -777, 8520]	[[16, -9], [17, -5], [18, 2], [2, 82]]
"38248279.a1"	38248279	[1, 1, 1, -109, 276]	[[2, 7], [8, -4], [-6, 30], [-12, 0]]
"38674723.a1"	38674723	[1, 0, 0, 76, 163]	[[1, 15], [2, 17], [-2, 3], [-1/2, 97/2]]
"38703059.a1"	38703059	[1, 0, 0, -124, 429]	[[4, -3], [-5, 33], [-1, 24], [1, 17]]
"38890469.a1"	38890469	[0, 1, 1, -262, 1520]	[[8, 0], [10, 0], [15, 34], [11, 9]]
"38955269.a1"	38955269	[0, 1, 1, -3727, 86345]	[[35, 0], [33, 19], [141/2, 23/2], [15, 184]]
"39082651.a1"	39082651	[0, 1, 1, -6167, 184365]	[[45, 0], [39, 68], [181/2, 19/2], [69, 303]]
"39182323.a1"	39182323	[0, 1, 1, 85, 0]	[[0, 0], [4, 20], [2, 13], [30, 174]]
"39265183.a1"	39265183	[1, -1, 1, 59, -260]	[[4, 3], [5, 9], [10, 30], [25, 115]]
"39267301.a1"	39267301	[0, -1, 1, -101, 285]	[[3, 0], [-3, 23], [-7, 24], [27, 128]]
"39346981.a1"	39346981	[0, -1, 1, -871, -9605]	[[-17, 0], [-67/2, 13/2], [35, 39], [53, 300]]
"39382043.a1"	39382043	[0, -1, 1, -99, 519]	[[3, 15], [13, 35], [1, 20], [-9, 24]]
"39415913.a1"	39415913	[1, 1, 1, -65, 336]	[[6, 11], [7, 13], [-2, 22], [-9, 21]]
"39538117.a1"	39538117	[0, 0, 1, -211, 1140]	[[10, 5], [5, 14], [6, 9], [7, 2]]
"39639403.a1"	39639403	[0, 0, 1, -1172, 15446]	[[20, 2], [18, 13], [81/2, 29/2], [-16, 173]]
"39752029.a1"	39752029	[0, -1, 1, -177, -798]	[[-6, 3], [-8, 6], [16, 14], [-27/2, 49/2]]
"39773807.a1"	39773807	[1, 0, 0, -184, -927]	[[-7, 9], [-9, 9], [-8, -3], [-59/3, 11/3]]
"39821051.a1"	39821051	[0, -1, 1, -312, 2250]	[[10, 5], [9, 9], [12, 9], [3, 36]]
"39858811.a1"	39858811	[0, 1, 1, -292, 1850]	[[8, 9], [13, 20], [10, 5], [11, 9]]
"39911741.a1"	39911741	[1, -1, 1, -84, 444]	[[6, 8], [1, 18], [9, 14], [-2, 25]]
"39958673.a1"	39958673	[1, 1, 1, 5, 306]	[[0, 17], [-4, 17], [11, 37], [6, 21]]
"39967637.a1"	39967637	[0, 1, 1, -374, 2646]	[[10, 2], [12, 5], [9, 9], [7, 20]]
"40079573.a1"	40079573	[1, -1, 1, -381, 2970]	[[11, -1], [10, 4], [14, 8], [3, 41]]
"40152923.a1"	40152923	[0, 0, 1, -157, 816]	[[6, 9], [5, 12], [9, 11], [11, 20]]
"40360891.a1"	40360891	[0, 1, 1, -82, 392]	[[7, 14], [-2, 23], [2, 15], [5, 11]]
"40606123.a1"	40606123	[0, 1, 1, -814, 8678]	[[16, 2], [17, 6], [18, 13], [9, 46]]
"40657483.a1"	40657483	[0, 0, 1, 13, 306]	[[-3, 15], [-2, 16], [-6, 3], [0, 17]]
"40662581.a1"	40662581	[0, 1, 1, -406, 3002]	[[12, 1], [10, 6], [7, 23], [13, 9]]
"40706339.a1"	40706339	[1, 0, 0, -89, 94]	[[1, 2], [9, 2], [-1, 14], [-5, 23]]
"41001319.a1"	41001319	[1, -1, 1, -129, -438]	[[-4, 1], [-8, 9], [-6, -7], [20, 58]]
"41060309.a1"	41060309	[1, 0, 0, -135, 508]	[[4, 4], [9, 2], [3, 10], [13, 25]]
"41274349.a1"	41274349	[0, 1, 1, -597, -5810]	[[-14, 0], [-59/2, 13/2], [28, 14], [-128/3, 55/3]]
"41285579.a1"	41285579	[1, 1, 1, -2996, 61872]	[[31, -14], [30, -4], [43, 100], [16, 127]]
"41648443.a1"	41648443	[0, 1, 1, -204, 1098]	[[8, 6], [9, 8], [13, 28], [11, 17]]
"41860043.a1"	41860043	[0, 0, 1, -16441, 811410]	[[74, 0], [75, 14], [70, 59], [89, 230]]
"42048011.a1"	42048011	[0, -1, 1, -9, 315]	[[3, 17], [1, 17], [-5, 14], [37/2, 241/2]]
"42175829.a1"	42175829	[0, 1, 1, -132, -540]	[[-6, 8], [-7, 9], [-9, 0], [-5, 4]]
"42197167.a1"	42197167	[1, -1, 1, -225, 1314]	[[7, 3], [12, 9], [6, 9], [23, 77]]
"42227483.b1"	42227483	[0, -1, 1, -95, 507]	[[5, 11], [3, 15], [-1, 24], [-9, 23]]
"42243499.a1"	42243499	[0, 1, 1, -281, 1749]	[[9, 5], [11, 10], [13, 21], [21, 74]]
"42286357.a1"	42286357	[0, -1, 1, -254, 1614]	[[8, 5], [11, 5], [3, 29], [18, 50]]
"42349859.a1"	42349859	[0, 0, 1, 32, 305]	[[-5, 4], [-1, 16], [-3, 13], [107, 1108]]
"42431947.a1"	42431947	[0, 1, 1, 22, 318]	[[-4, 13], [1, 18], [6, 26], [-3/2, 135/2]]
"42516763.a1"	42516763	[0, 1, 1, -339, 2313]	[[9, 8], [13, 16], [3, 36], [-1, 51]]
"42651893.a1"	42651893	[1, 1, 1, -494, 4032]	[[13, -2], [6, 33], [16, 15], [21, 48]]
"42929917.a1"	42929917	[1, 0, 0, -143, 718]	[[7, 5], [2, 20], [11, 17], [-14, 2]]
"42960277.a1"	42960277	[0, 0, 1, -307, 2046]	[[11, 0], [9, 3], [7, 15], [6, 20]]
"43300171.a1"	43300171	[0, 0, 1, -29, 322]	[[2, 16], [7, 21], [-5, 18], [-7, 13]]
"43300171.b1"	43300171	[0, 1, 1, -163677, 25433157]	[[233, 6], [933/2, -3/2], [957/2, 1273/2], [365, 3801]]
"43382309.a1"	43382309	[1, 0, 0, -180, 859]	[[6, -1], [11, 10], [5, 7], [26, 105]]
"43398197.a1"	43398197	[0, 1, 1, -98, -234]	[[-3, 6], [-5, 12], [-9, 0], [45, 297]]
"43444501.a1"	43444501	[0, -1, 1, -356, 2688]	[[12, 0], [9, 11], [17, 35], [2, 44]]
"43494571.c1"	43494571	[0, 1, 1, 83, -103]	[[3, 13], [5, 21], [5/2, 13/2], [75, 658]]
"43504387.a1"	43504387	[0, 1, 1, 47, 308]	[[-2, 14], [-4, 8], [8, 35], [-19/2, 1/2]]
"43678757.a1"	43678757	[0, 1, 1, -88, 2]	[[0, 1], [-4, 17], [-5, 18], [-1, 9]]
"43743587.a1"	43743587	[1, 0, 0, -140, 541]	[[4, 5], [9, 1], [-5, 36], [28, 123]]
"44166481.a1"	44166481	[1, 1, 1, -236, 1260]	[[7, 0], [12, 12], [10, 0], [40, 220]]
"44308181.a1"	44308181	[0, 1, 1, -136, -568]	[[-5, 3], [-7, 9], [-8, 8], [13, 5]]
"44425441.a1"	44425441	[1, 0, 0, -1049, 12994]	[[19, -6], [18, -4], [25, 38], [7, 74]]
"44430709.a1"	44430709	[1, 0, 0, -2302, 42319]	[[27, -8], [30, 7], [111/2, -107/2], [250/3, -401/3]]
"44610011.a1"	44610011	[0, -1, 1, -52, 370]	[[4, 14], [5, 14], [-2, 21], [-7, 18]]
"44916629.a1"	44916629	[0, 1, 1, -90, 42]	[[0, 6], [9, 6], [-1, 11], [20, 81]]
"44943589.a1"	44943589	[1, -1, 1, -129, 492]	[[9, -3], [2, 14], [4, 3], [10, 6]]
"45031829.a1"	45031829	[0, 1, 1, -104, -288]	[[-5, 11], [-6, 12], [-3, 2], [-9, 0]]
"45102763.a1"	45102763	[0, 1, 1, 65, 275]	[[-1, 14], [1, 18], [7, 33], [21, 106]]
"45508741.a1"	45508741	[0, -1, 1, -1826, 30648]	[[26, 8], [24, 8], [21, 33], [11, 108]]
"45653999.b1"	45653999	[1, 0, 0, -251, 1544]	[[8, 4], [5, 18], [20, 58], [-7, 58]]
"45791777.a1"	45791777	[1, 0, 0, -145, 576]	[[4, 6], [9, 0], [13, 24], [11, 13]]
"45850969.a1"	45850969	[1, -1, 1, -99, -166]	[[-2, 5], [-7, -9], [-6, 16], [-17/2, -89/2]]
"46219093.a1"	46219093	[1, 0, 0, -80, 421]	[[4, 11], [3, 13], [-7, 29], [1, 18]]
"46389029.a1"	46389029	[0, 1, 1, -112, -358]	[[-7, 11], [-8, 9], [-4, 6], [-9, 1]]
"46535077.a1"	46535077	[0, 0, 1, -1261, 17232]	[[20, 3], [21, 3], [19, 11], [11, 68]]
"46943803.a1"	46943803	[0, 1, 1, -524, 4458]	[[13, 3], [12, 6], [9, 23], [19, 41]]
"47112277.a1"	47112277	[0, -1, 1, -90, 42]	[[0, 6], [-9, 6], [-2, 14], [-5, 18]]
"47251931.a1"	47251931	[0, -1, 1, -222, 1392]	[[9, 6], [10, 8], [6, 15], [7, 11]]
"47381429.a1"	47381429	[0, 1, 1, -282, -1890]	[[-10, 5], [-9, 0], [-11, 1], [-43/2, 27/2]]
"47406613.a1"	47406613	[1, 1, 1, -758, 7710]	[[15, -6], [16, -6], [10, 30], [120, 1229]]
"47561557.a1"	47561557	[0, -1, 1, -100, 232]	[[1, 11], [-2, 20], [10, 11], [-4, 23]]
"47643403.a1"	47643403	[0, 1, 1, -44, 336]	[[4, 15], [3, 15], [-2, 20], [-6, 20]]
"47706629.a1"	47706629	[0, 1, 1, -122, 360]	[[3, 5], [10, 15], [1, 15], [9, 8]]
"47775877.a1"	47775877	[0, -1, 1, -1514, 23184]	[[23, 0], [21, 14], [27, 35], [17, 45]]
"47987909.a1"	47987909	[0, 0, 1, -119, 372]	[[3, 6], [9, 5], [10, 13], [-6, 29]]
"48030133.a1"	48030133	[1, 0, 0, -100, 501]	[[5, 9], [7, 9], [-4, 31], [4, 11]]
"48090683.a1"	48090683	[0, -1, 1, -20, 342]	[[2, 17], [-7, 9], [-6, 14], [0, 18]]
"48373433.a1"	48373433	[1, -1, 1, -1686, 27062]	[[24, -14], [25, -4], [33, 64], [217/3, -286/3]]
"48402677.a1"	48402677	[0, 1, 1, -190, 890]	[[5, 9], [4, 14], [10, 9], [6, 1]]
"48606869.a1"	48606869	[0, 1, 1, -2924, 59892]	[[31, 0], [30, 8], [28, 27], [45, 146]]
"48655457.a1"	48655457	[1, -1, 1, 90, -82]	[[1, 2], [6, 22], [33, 178], [41, 246]]
"49079189.a1"	49079189	[0, 1, 1, -122, -438]	[[-4, 1], [-8, 9], [-9, 3], [-5, 8]]
"49478491.a1"	49478491	[0, 1, 1, -44, 342]	[[5, 16], [0, 18], [-9, 9], [-5, 21]]
"49646573.a1"	49646573	[1, -1, 1, -2835, 58800]	[[31, -15], [30, -6], [123/2, -107/2], [280/3, -475/3]]
"49784003.a1"	49784003	[1, -1, 1, -27, 350]	[[1, 17], [5, 15], [6, 16], [-4, 21]]
"50156131.a1"	50156131	[1, 0, 0, -282, 1831]	[[10, 1], [11, 4], [5, 21], [9, 2]]
"50173847.a1"	50173847	[1, 0, 0, -279, 1738]	[[11, 0], [6, 14], [14, 18], [-3, 52]]
"50216239.a1"	50216239	[1, -1, 1, -609, 5922]	[[15, -7], [14, -8], [12, 9], [16, 1]]
"50376629.a1"	50376629	[0, 1, 1, -2104, 36452]	[[26, 0], [27, 7], [23, 27], [16, 84]]
"50480789.a1"	50480789	[0, 1, 1, -8067, 276207]	[[51, 6], [53, 18], [57, 69], [31, 238]]
"50485307.a1"	50485307	[1, 0, 0, -94, -87]	[[-1, 3], [-8, -9], [-7, 19], [13, 24]]
"50521181.a1"	50521181	[1, 1, 1, -42, 340]	[[5, 14], [-2, 21], [8, 20], [20, 79]]
"50525821.a1"	50525821	[0, 0, 1, -148, -603]	[[-5, 3], [-9, 0], [-7, 9], [-31/2, 67/2]]
"50541941.a1"	50541941	[0, 1, 1, -1606, 24242]	[[23, 0], [22, 6], [25, 18], [93/2, 23/2]]
"50750123.a1"	50750123	[0, -1, 1, 46, 306]	[[-3, 11], [0, 17], [-4, 6], [3, 21]]
"50846729.a1"	50846729	[1, 0, 0, -122, 379]	[[3, 5], [2, 11], [-5, 32], [-11, 26]]
"50953163.a1"	50953163	[0, 1, 1, 66, -254]	[[4, 9], [7, 24], [37/2, 277/2], [13/2, 15/2]]
"51037199.a1"	51037199	[1, -1, 1, -48, 378]	[[4, 13], [3, 14], [8, 17], [-2, 22]]
"51188327.a1"	51188327	[1, 0, 0, -120, 361]	[[3, 4], [0, 19], [-7, 33], [-11, 25]]
"51201259.a1"	51201259	[0, 1, 1, -6, 342]	[[0, 18], [2, 18], [-7, 9], [8, 29]]
"51574879.a1"	51574879	[1, 0, 0, -181, 984]	[[8, 4], [5, 12], [13, 23], [7, 5]]
"51712523.a1"	51712523	[0, -1, 1, -8459, 302289]	[[53, 5], [51, 30], [57, 45], [149/2, 1545/2]]
"51742981.a1"	51742981	[0, 0, 1, -193, 972]	[[6, 5], [10, 6], [3, 20], [5, 11]]
"51984917.a1"	51984917	[0, 0, 1, -95, -82]	[[-1, 3], [-7, 15], [-6, 16], [41/2, 33/2]]
"52101473.a1"	52101473	[1, 1, 1, -145, 696]	[[6, 6], [8, 7], [-1, 29], [2, 19]]
"52188853.a1"	52188853	[1, 0, 0, 90, 121]	[[-1, 6], [5, 24], [0, 11], [3, 19]]
"52687123.a1"	52687123	[1, 0, 0, -1203, 15964]	[[20, -8], [19, -2], [21, -2], [-35, 142]]
"52850881.a1"	52850881	[1, 0, 0, -104, 529]	[[7, 9], [8, 11], [0, 23], [16, 47]]
"52984741.a1"	52984741	[1, 0, 0, -121, 364]	[[3, 4], [-3, 28], [15, 37], [33, 164]]
"53011531.a1"	53011531	[0, 0, 1, -479, 4050]	[[13, 4], [12, 5], [15, 15], [18, 35]]
"53232119.a1"	53232119	[1, 0, 0, -1017, 12394]	[[18, -8], [19, -5], [17, 1], [10, 52]]
"53691893.a1"	53691893	[1, 1, 1, 62, 324]	[[-3, 12], [-4, 7], [2, 20], [53, 368]]
"53694611.a1"	53694611	[1, -1, 1, -69, 432]	[[4, 12], [5, 11], [9, 17], [-6, 27]]
"53719093.a1"	53719093	[0, 0, 1, -115, -318]	[[-3, 0], [-8, 9], [-6, 12], [-5, 11]]
"53765941.a1"	53765941	[1, 0, 0, -142, 729]	[[7, 6], [0, 27], [8, 7], [-8, 41]]
"53807653.a1"	53807653	[1, 0, 0, -79, 438]	[[7, 12], [-3, 27], [-11, 8], [2, 16]]
"53832511.a1"	53832511	[1, 0, 0, -64, 399]	[[5, 12], [7, 14], [-6, 27], [-5, 27]]
"53833399.a1"	53833399	[1, 1, 1, -344, -2574]	[[-12, 5], [-11, 0], [-41/2, 47/2], [-45/2, 1/2]]
"54036611.a1"	54036611	[0, 0, 1, 56, -315]	[[5, 9], [7, 20], [17, 74], [17/2, -5/2]]
"54092149.a1"	54092149	[0, -1, 1, -59382, 5589522]	[[141, 0], [139, 41], [129, 243], [17065/11, -839/11]]
"54098953.a1"	54098953	[1, 0, 0, -410, 3181]	[[12, -1], [13, 3], [15, 14], [9, 11]]
"54274877.a1"	54274877	[0, 0, 1, -332, 2301]	[[9, 6], [13, 13], [-21, 3], [-15, 62]]
"54277253.a1"	54277253	[0, 1, 1, -128, 390]	[[3, 6], [10, 14], [-3, 27], [-12, 18]]
"54291077.a1"	54291077	[0, 0, 1, -107, 236]	[[9, 1], [-1, 18], [2, 5], [14, 38]]
"54440131.a1"	54440131	[0, 1, 1, 85, -162]	[[2, 4], [6, 24], [36, 225], [53/2, 467/2]]
"54476693.a1"	54476693	[0, 0, 1, -95, 30]	[[0, 5], [-9, 12], [-5, 19], [15, 44]]
"54507821.a1"	54507821	[1, 1, 1, -107, 510]	[[6, 8], [7, 9], [-9, 33], [-8, 34]]
"54579121.a1"	54579121	[1, 0, 0, -87, 466]	[[6, 10], [-1, 24], [11, 24], [1, 19]]
"54588571.a1"	54588571	[0, 1, 1, 18, 360]	[[-1, 18], [-4, 15], [-6, 8], [1, 19]]
"54605087.a1"	54605087	[1, -1, 1, -136, -460]	[[-4, 4], [-6, 13], [14, 8], [21, 64]]
"54673163.a1"	54673163	[0, -1, 1, -588, 5700]	[[15, 5], [16, 11], [9, 32], [1, 71]]
"54854939.a1"	54854939	[0, -1, 1, -36, 378]	[[1, 18], [6, 18], [9, 26], [27, 135]]
"54870869.a1"	54870869	[0, 1, 1, -107, -273]	[[-3, 5], [-7, 13], [-9, 6], [11, 1]]
"54997403.a1"	54997403	[0, -1, 1, -1380, 20202]	[[22, 2], [21, 6], [25, 26], [15, 51]]
"55176643.a1"	55176643	[1, 0, 0, 95, 36]	[[0, 6], [1, 11], [7, 29], [9, 36]]
"55176811.a1"	55176811	[0, 1, 1, -77, 417]	[[5, 13], [-5, 26], [1, 18], [-9, 21]]
"55207189.a1"	55207189	[1, 0, 0, -16, 357]	[[1, 18], [-4, 21], [-3, 21], [4, 17]]
"55207403.a1"	55207403	[0, -1, 1, 32, 340]	[[-5, 5], [5, 24], [-1, 17], [115, 1229]]
"55240517.a1"	55240517	[0, 1, 1, -570, 5040]	[[14, 0], [12, 8], [15, 9], [16, 16]]
"55273019.a1"	55273019	[0, 1, 1, -116, 562]	[[5, 11], [8, 14], [2, 18], [20, 81]]
"55429981.a1"	55429981	[1, 0, 0, -192, 1069]	[[9, 5], [12, 17], [5, 13], [20, 63]]
"55753937.a1"	55753937	[1, 0, 0, -6015, 179056]	[[45, -19], [44, -14], [179/2, -177/2], [9, 350]]
"55815281.a1"	55815281	[1, -1, 1, -2271, 42216]	[[28, -12], [27, -7], [32, 23], [22, 39]]
"55831793.a1"	55831793	[1, 1, 1, 20, 366]	[[-4, 17], [-6, 11], [5, 22], [-3, 18]]
"55844027.a1"	55844027	[1, -1, 1, -187, 960]	[[6, 2], [10, -1], [15, 29], [12, 12]]
"55869571.a1"	55869571	[1, 0, 0, -1209, 16084]	[[20, -8], [25, 28], [16, 22], [-1, 132]]
"56066261.a1"	56066261	[1, 1, 1, 93, 142]	[[-1, 7], [4, 22], [2, 17], [71/2, 631/2]]
"56097577.a1"	56097577	[1, 0, 0, 12, 361]	[[0, 19], [-5, 16], [13, 46], [5, 21]]
"56160971.a1"	56160971	[0, 1, 1, -207, 1135]	[[1, 30], [19, 66], [-5, 45], [25, 110]]
"56219483.a1"	56219483	[1, 1, 1, -29, -378]	[[9, 9], [10, 16], [28, 133], [21, 83]]
"56269163.a1"	56269163	[0, -1, 1, -14, 366]	[[2, 18], [3, 18], [-7, 8], [8, 26]]
"56419003.a1"	56419003	[0, 0, 1, -365, 2708]	[[12, 7], [14, 18], [3, 40], [23, 80]]
"56482021.a1"	56482021	[0, 0, 1, -3793, 89912]	[[36, 4], [38, 25], [25, 103], [43, 79]]
"56558377.a1"	56558377	[1, -1, 1, -285, 1884]	[[8, 4], [12, 3], [13, 9], [-3, 53]]
"56765419.b1"	56765419	[1, 1, 1, -407, 2970]	[[12, -7], [10, 0], [15, 15], [7, 19]]
"56810099.a1"	56810099	[1, 0, 0, -119, 334]	[[3, 1], [10, 8], [-6, 32], [9, -1]]
"56934629.a1"	56934629	[0, 1, 1, -112, 242]	[[2, 5], [-5, 26], [-2, 21], [1, 11]]
"57040183.a1"	57040183	[1, -1, 1, -415, 3374]	[[12, -2], [17, 23], [21, 49], [38, 184]]
"57162101.a1"	57162101	[0, 1, 1, -202, -1114]	[[-7, 2], [-10, 2], [-9, 7], [18, 37]]
"57162997.a1"	57162997	[0, 0, 1, -97, -54]	[[-1, 6], [-9, 9], [-3, 14], [-8, 14]]
"57533131.a1"	57533131	[0, 1, 1, -90, 462]	[[4, 13], [0, 21], [9, 21], [-5, 28]]
"57590711.a1"	57590711	[1, -1, 1, -6, -364]	[[8, 3], [10, 17], [12, 28], [31/2, -5/2]]
"57711509.a1"	57711509	[0, 1, 1, -122, 330]	[[1, 14], [9, 6], [10, 14], [-11, 21]]
"57761819.a1"	57761819	[0, 0, 1, -343, 2472]	[[10, 6], [13, 14], [15, 26], [11, 5]]
"57945131.a1"	57945131	[0, 0, 1, -29419, 1942182]	[[99, 0], [102, 51], [892/3, 26/3], [393/2, 103/2]]
"58043891.a1"	58043891	[1, 0, 0, -136, 477]	[[4, -1], [9, -3], [1, 18], [11, 13]]
"58051963.a1"	58051963	[0, 0, 1, -41, 380]	[[2, 17], [0, 19], [-9, 4], [35, 204]]
"58208347.a1"	58208347	[1, -1, 1, -177, 870]	[[10, 0], [3, 17], [6, -4], [11, 7]]
"58353671.a1"	58353671	[1, 1, 0, -769, 7904]	[[16, -4], [20, 22], [59/2, -7/2], [-32, 48]]
"58356593.a1"	58356593	[1, 0, 0, -708, 7183]	[[14, 1], [17, 3], [9, 35], [2, 75]]
"58362013.a1"	58362013	[0, 0, 1, -304, -2007]	[[-9, 0], [-11, 2], [31, 135], [81, 710]]
"58453237.a1"	58453237	[0, -1, 1, -104, 216]	[[-4, 23], [-7, 23], [-9, 18], [-10, 12]]
"58642879.a1"	58642879	[1, 1, 1, -8532, 299782]	[[53, -26], [52, -38], [211/2, -199/2], [1316/5, -2926/5]]
"58734499.a1"	58734499	[0, 1, 1, -172931, 27621882]	[[240, 6], [2158/3, 1/3], [5994/5, -72/5], [11748/7, -141/7]]
"58929883.a1"	58929883	[0, 1, 1, -12795, 552825]	[[65, 0], [63, 27], [261/2, 27/2], [-87, 1007]]
"58981843.a1"	58981843	[1, 0, 0, -705, 7156]	[[15, -4], [16, -2], [17, 4], [20, 24]]
"59021621.a1"	59021621	[0, 1, 1, -1211, 15819]	[[19, 5], [21, 9], [33, 113], [-1, 130]]
"59103953.a1"	59103953	[1, -1, 1, -96, 540]	[[6, 9], [5, 10], [-6, 32], [8, 11]]
"59140847.a1"	59140847	[1, 0, 0, -135, 466]	[[3, 8], [11, 13], [9, -5], [14, 30]]
"59298683.a1"	59298683	[0, -1, 1, 12, 366]	[[-5, 12], [3, 20], [-6, 6], [9, 33]]
"59408197.a1"	59408197	[0, -1, 1, -6834, 219744]	[[48, 0], [46, 24], [43, 59], [33, 170]]
"59490097.a1"	59490097	[1, 0, 0, -37, 378]	[[1, 18], [11, 31], [-7, 21], [-9, 6]]
"59724677.a1"	59724677	[0, 1, 1, -440, 3390]	[[10, 9], [9, 15], [11, 1], [7, 26]]
"59787209.a1"	59787209	[1, 0, 0, -132, 439]	[[3, 7], [9, -5], [10, 7], [-6, 35]]
"59821219.a1"	59821219	[1, -1, 1, -789, 8714]	[[16, -7], [18, 1], [14, 9], [91/2, 277/2]]
"60070973.a1"	60070973	[1, 1, 1, 96, -50]	[[1, 6], [4, 18], [2, 11], [116, 1202]]
"60107527.a1"	60107527	[1, 1, 1, -99, -110]	[[-4, 17], [-5, 19], [-10, 4], [11, 11]]
"60261031.a1"	60261031	[1, -1, 1, -108, 240]	[[2, 4], [10, 4], [-3, 24], [-10, 20]]
"60338209.a1"	60338209	[1, 0, 1, -2689, 53433]	[[31, -5], [119/2, -111/2], [271/3, -347/3], [7, 183]]
"60633109.a1"	60633109	[0, 1, 1, -102, -170]	[[-2, 5], [-5, 15], [13, 29], [16, 50]]
"60691349.a1"	60691349	[0, 1, 1, -160, 632]	[[4, 8], [9, 1], [-5, 36], [10, 11]]
"61065931.a1"	61065931	[0, 1, 1, -72, 420]	[[0, 20], [8, 20], [-11, 1], [5, 14]]
"61168901.a1"	61168901	[0, 1, 1, -606, 5532]	[[15, 6], [12, 11], [13, 4], [53/2, 13/2]]
"61185403.b1"	61185403	[0, 0, 1, -47, 396]	[[4, 16], [9, 26], [-6, 21], [-5, 22]]
"61235833.a1"	61235833	[1, 0, 0, -34, -387]	[[9, 3], [11, 19], [43, 258], [23, 94]]
"61442203.a1"	61442203	[0, 1, 1, 52, 366]	[[-4, 10], [1, 20], [7, 33], [16, 74]]
"61478603.a1"	61478603	[1, -1, 1, 84, 210]	[[-2, 6], [0, 14], [3, 20], [10, 39]]
"61779007.a1"	61779007	[1, 0, 0, -138, 485]	[[4, -1], [13, 24], [-11, 32], [28, 123]]
"61815563.a1"	61815563	[0, 0, 1, 5, 378]	[[3, 20], [-6, 11], [-7, 0], [14, 56]]
"62026243.a1"	62026243	[1, 0, 0, -330, 2311]	[[10, 1], [9, 5], [11, 1], [14, 15]]
"62141509.a1"	62141509	[0, 0, 1, -35011, 2521476]	[[108, 0], [109, 17], [96, 212], [2701/5, -51/5]]
"62185463.a1"	62185463	[1, 1, 1, -633, 5878]	[[14, -4], [13, 1], [17, 11], [34, 141]]
"62212841.a1"	62212841	[1, -1, 1, 21, 372]	[[-5, 13], [-4, 16], [2, 19], [-6, 3]]
"62969323.a1"	62969323	[1, 0, 0, 61, 340]	[[-4, 8], [3, 22], [-3, 13], [23, 107]]
"62980829.a1"	62980829	[1, 0, 0, -302, -2009]	[[-9, 4], [-11, 9], [-10, 11], [54, 347]]
"63253877.a1"	63253877	[0, 1, 1, -1874, 30606]	[[25, 2], [24, 5], [27, 20], [101/2, 35/2]]
"63411749.a1"	63411749	[0, 1, 1, -639, 5997]	[[15, 3], [11, 20], [13, 7], [61/2, 41/2]]
"63541391.a1"	63541391	[1, 1, 1, -24, 376]	[[-1, 20], [2, 17], [-8, 15], [-5, 22]]
"63875989.a1"	63875989	[0, 0, 1, -109, -210]	[[-2, 0], [-9, 6], [-7, 14], [-3, 9]]
"64207291.a1"	64207291	[0, 1, 1, -22, 380]	[[-2, 20], [-4, 20], [-7, 15], [0, 19]]
"64419287.a1"	64419287	[1, 0, 0, -114, -275]	[[-3, 8], [-4, 13], [-9, 11], [12, 5]]
"64582157.a1"	64582157	[1, 0, 0, -244, 1395]	[[7, 3], [5, 15], [11, 3], [-17, 35]]
"64692233.a1"	64692233	[1, -1, 1, -192, 1140]	[[8, 4], [12, 15], [5, 14], [-10, 49]]
"65276983.a1"	65276983	[1, 0, 0, -68, 439]	[[-1, 23], [10, 23], [6, 13], [-10, 17]]
"65296037.a1"	65296037	[0, 1, 1, -198, 936]	[[6, 0], [10, 7], [11, 14], [21, 80]]
"65338811.a1"	65338811	[0, -1, 1, -1084, 14110]	[[19, 3], [20, 5], [17, 17], [-32, 122]]
"65374651.a1"	65374651	[0, 1, 1, -689, 6747]	[[15, 3], [13, 12], [21, 44], [45/2, 183/2]]
"65543957.a1"	65543957	[0, 0, 1, -101, 30]	[[0, 5], [10, 4], [-3, 17], [-15/2, 147/2]]
"65556691.a1"	65556691	[1, 0, 0, -37, 396]	[[-4, 24], [-5, 24], [5, 16], [-9, 0]]
"65634461.a1"	65634461	[1, 1, 1, 86, 276]	[[-3, 0], [6, 29], [2, 20], [54, 380]]
"65729737.a1"	65729737	[1, -1, 1, -411, 3282]	[[13, -3], [14, 4], [8, 17], [-7, 79]]
"65797117.b1"	65797117	[1, 1, 1, -6139, 182580]	[[45, -21], [44, -13], [179/2, -187/2], [1061/5, 719/5]]
"65925413.a1"	65925413	[1, -1, 1, -207, 1260]	[[8, 4], [7, 7], [6, 11], [15, 29]]
"65937077.a1"	65937077	[0, 0, 1, -101, 2]	[[-4, 18], [-9, 13], [0, 1], [-10, 3]]
"66084409.a1"	66084409	[1, -1, 1, -159, 702]	[[5, 1], [10, 1], [0, 26], [12, 14]]
"66369617.a1"	66369617	[1, 0, 0, -119, -320]	[[-5, 15], [-7, 17], [-9, 11], [109/3, 31/3]]
"66382037.a1"	66382037	[0, 1, 1, -444, -3732]	[[-13, 3], [-12, 3], [-51/2, 31/2], [-107/3, 62/3]]
"66458963.a1"	66458963	[0, -1, 1, -235, 1522]	[[8, 9], [10, 8], [2, 32], [-16, 30]]
"66542717.a1"	66542717	[1, 0, 1, -132, -439]	[[-5, -8], [-9, 10], [23, 82], [27, 112]]
"67283497.a1"	67283497	[1, -1, 1, -102, 20]	[[0, 4], [-8, 20], [-9, -8], [18, 52]]
"67299949.a1"	67299949	[1, -1, 0, -2098, 37515]	[[26, -7], [30, 15], [238/3, -311/3], [62, 347]]
"67332283.a1"	67332283	[0, 1, 1, 72, 342]	[[-4, 2], [0, 18], [14, 65], [10, 46]]
"67617191.a1"	67617191	[1, 0, 0, -8674, 310219]	[[54, -31], [57, 14], [69, 169], [18, 391]]
"67748827.a1"	67748827	[0, 1, 1, -1108, 13838]	[[19, 2], [21, 16], [16, 21], [77/2, 25/2]]
"68028419.a1"	68028419	[0, -1, 1, 99, 90]	[[0, 9], [10, 44], [12, 53], [22, 111]]
"68049187.a1"	68049187	[1, 1, 1, -590, 5256]	[[13, -6], [12, 3], [16, 7], [6, 41]]
"68102347.a1"	68102347	[0, 1, 1, 102, 78]	[[1, 13], [3, 20], [9, 42], [11, 51]]
"68138963.b1"	68138963	[0, -1, 1, -285, 1992]	[[10, 6], [12, 12], [6, 21], [-2, 50]]
"68213177.a1"	68213177	[1, -1, 1, 90, 198]	[[-2, 3], [6, 27], [1, 16], [16, 66]]
"68225627.a1"	68225627	[0, 1, 1, -68, 430]	[[5, 15], [8, 21], [2, 17], [-43/2, 43/2]]
"68273083.a1"	68273083	[0, 1, 1, -224, 1278]	[[9, 8], [4, 21], [12, 21], [1, 32]]
"68297179.b1"	68297179	[0, 1, 1, 99, -93]	[[3, 15], [5, 23], [25, 136], [157/3, 2285/3]]
"68390989.a1"	68390989	[1, 0, 0, -3767, 88676]	[[35, -14], [32, 18], [29, 49], [47, 103]]
"68523779.a1"	68523779	[0, -1, 1, -251, 1668]	[[12, 15], [6, 18], [14, 26], [-16, 36]]
"68608763.a1"	68608763	[0, 0, 1, 23, 396]	[[-4, 15], [1, 20], [9, 36], [-5, 12]]
"68855363.a1"	68855363	[0, 0, 1, 98, 141]	[[-1, 6], [3, 21], [1, 15], [11, 50]]
"68923909.a1"	68923909	[0, 0, 1, -109, -180]	[[-2, 5], [-7, 15], [-5, 15], [-9, 8]]
"69008749.a1"	69008749	[0, -1, 1, -277, -1640]	[[-8, 0], [-10, 5], [20, 20], [224, 3335]]
"69045497.a1"	69045497	[1, 0, 0, -114, 235]	[[2, 3], [11, 13], [-9, 28], [-3, 25]]
"69059923.a1"	69059923	[0, 1, 1, -199, 1088]	[[8, 8], [2, 26], [16, 47], [-12, 43]]
"69120323.a1"	69120323	[0, -1, 1, -515, 4692]	[[14, 5], [18, 30], [0, 68], [69/2, 199/2]]
"69560443.a1"	69560443	[0, 1, 1, -124, 626]	[[5, 12], [4, 14], [8, 14], [-2, 29]]
"69785147.a1"	69785147	[1, 0, 1, -226, 1221]	[[5, 12], [13, 16], [-11, 54], [-5/2, 311/2]]
"70036789.a1"	70036789	[0, -1, 1, -142, 562]	[[10, 6], [1, 20], [4, 6], [11, 14]]
"70176949.a1"	70176949	[0, -1, 1, -3032, 65280]	[[32, 0], [33, 8], [30, 20], [286/3, 73/3]]
"70273123.a1"	70273123	[0, 1, 1, 31, 408]	[[-2, 18], [-6, 6], [12, 51], [42, 278]]
"70578077.a1"	70578077	[0, 1, 1, -663, 6342]	[[14, 0], [10, 28], [20, 38], [-16, 114]]
"70616123.a1"	70616123	[0, -1, 1, -90, 552]	[[4, 15], [1, 21], [-9, 23], [12, 32]]
"70815961.a1"	70815961	[1, -1, 1, -109, 622]	[[4, 13], [10, 16], [-1, 27], [7, 9]]
"70845751.a1"	70845751	[1, 0, 0, -677, 6736]	[[15, -4], [16, 0], [11, 20], [20, 26]]
"71001467.a1"	71001467	[0, 0, 1, 101, 108]	[[-1, 2], [6, 30], [1, 14], [41, 270]]
"71334821.a1"	71334821	[0, 1, 1, -116, 222]	[[2, 1], [-5, 26], [-3, 23], [-8, 26]]
"71388523.a1"	71388523	[0, 0, 1, -35, 414]	[[1, 19], [-9, 0], [6, 20], [-8, 13]]
"71519131.a1"	71519131	[0, 1, 1, -32, 402]	[[-2, 21], [6, 21], [-9, 6], [-8, 14]]
"71575891.a1"	71575891	[0, 1, 1, -17, 402]	[[2, 19], [6, 23], [10, 36], [12, 45]]
"71787077.a1"	71787077	[0, 0, 1, -107, -124]	[[-4, 15], [-9, 10], [18, 61], [11, 5]]
"71901637.a1"	71901637	[0, -1, 1, -178, 880]	[[10, 0], [5, 9], [1, 26], [11, 11]]
"71902043.a1"	71902043	[0, 0, 1, -217, 1296]	[[9, 8], [8, 8], [6, 14], [2, 29]]
"72243109.a1"	72243109	[0, 0, 1, -139, 480]	[[3, 9], [2, 14], [13, 29], [10, 9]]
"72334909.a1"	72334909	[1, -1, 1, -114, -196]	[[-2, 5], [-9, 10], [-4, 15], [-17/3, 94/3]]
"72664157.a1"	72664157	[1, 0, 0, -1630, 25191]	[[23, -12], [22, -1], [18, 33], [1, 153]]
"73095317.a1"	73095317	[0, 0, 1, -956, -11370]	[[-18, 2], [-71/2, 17/2], [-164/3, -17/3], [145/2, 317/2]]
"73264549.a1"	73264549	[1, 1, 1, -125, 294]	[[9, -3], [-11, 27], [18, 56], [-12, 21]]
"73533563.a1"	73533563	[0, 0, 1, 104, -60]	[[2, 12], [4, 20], [16, 75], [33/2, 291/2]]
"73610837.a1"	73610837	[0, 0, 1, -311, 2070]	[[9, 0], [16, 34], [6, 20], [-11, 64]]
"73723171.a1"	73723171	[0, 1, 1, -157, 812]	[[8, 11], [0, 28], [10, 18], [-2, 33]]
"73752677.a1"	73752677	[0, 0, 1, -107, -104]	[[-1, 1], [-8, 15], [-5, 17], [44, 283]]
"73923371.a1"	73923371	[0, 0, 1, -271, 1766]	[[9, 7], [8, 10], [10, 7], [35, 187]]
"74035847.a1"	74035847	[1, 1, 1, 17, 420]	[[0, 20], [-7, 7], [-4, 19], [-13/2, 157/2]]
"74203397.a1"	74203397	[0, 1, 1, -1430, 20340]	[[21, 3], [22, 3], [24, 20], [10, 84]]
"74434727.a1"	74434727	[1, 0, 0, -114, -227]	[[-3, 11], [-7, 19], [-4, 15], [-9, 14]]
"74610931.a1"	74610931	[0, 1, 1, 33, 420]	[[-6, 6], [6, 29], [0, 20], [-4, 15]]
"74622203.a1"	74622203	[0, -1, 1, -24, 426]	[[-2, 21], [-3, 21], [7, 23], [12, 41]]
"74744821.a1"	74744821	[0, -1, 1, -226, 1318]	[[11, 6], [4, 21], [7, 5], [14, 26]]
"74806091.a1"	74806091	[0, -1, 1, -212, 1332]	[[9, 8], [11, 14], [6, 15], [0, 36]]
"75136843.a1"	75136843	[1, 0, 0, -904, 10395]	[[17, -5], [18, -3], [7, 63], [67/2, -29/2]]
"75169691.a1"	75169691	[0, 0, 1, 89, -264]	[[4, 12], [5, 17], [3, 5], [7, 26]]
"75448117.a1"	75448117	[0, -1, 1, -134, 474]	[[3, 9], [11, 14], [2, 14], [-9, 29]]
"75467111.a1"	75467111	[1, 1, 1, -312, 2032]	[[10, 1], [8, 7], [7, 12], [-2, 52]]
"75474757.a1"	75474757	[0, -1, 1, -129, -339]	[[-3, 3], [-9, 3], [-5, 12], [-143/4, 257/4]]
"75494597.a1"	75494597	[0, 1, 1, -388, 2786]	[[12, 1], [10, 2], [7, 21], [16, 30]]
"75530177.a1"	75530177	[1, 0, 0, -549, 4888]	[[12, 2], [11, 9], [8, 28], [-9, 100]]
"75881759.a1"	75881759	[1, 0, 0, -107, -86]	[[-1, 5], [-2, 12], [-3, 16], [-10, 2]]
"76573589.a1"	76573589	[0, 1, 1, -2634, 51162]	[[29, 2], [30, 6], [26, 30], [36, 65]]
"76687951.a1"	76687951	[1, 0, 0, -137, 736]	[[7, 8], [4, 14], [-3, 35], [1, 24]]
"76791691.a1"	76791691	[0, 0, 1, -194, 1122]	[[10, 13], [0, 33], [-8, 46], [-12, 41]]
"76893373.a1"	76893373	[1, -1, 1, -510, 4536]	[[14, -8], [12, 0], [15, 2], [19, 28]]
"76965893.a1"	76965893	[1, -1, 1, -147, 840]	[[8, 7], [7, 7], [-2, 34], [4, 15]]
"77017267.a1"	77017267	[1, -1, 1, -246, 1482]	[[12, 6], [5, 16], [13, 12], [-10, 58]]
"77261323.a1"	77261323	[0, 1, 1, -140, 720]	[[6, 11], [4, 15], [-3, 33], [7, 11]]
"77294683.a1"	77294683	[0, 1, 1, -48, 426]	[[1, 19], [2, 18], [-10, 2], [-9, 14]]
"77324747.a1"	77324747	[0, -1, 1, -128, 744]	[[6, 12], [9, 15], [-1, 29], [-6, 35]]
"77532571.a1"	77532571	[0, 1, 1, -4, 422]	[[1, 20], [-7, 12], [-8, 2], [14, 57]]
"77758399.a1"	77758399	[1, -1, 1, -654, 6582]	[[16, -3], [14, -2], [17, 4], [9, 32]]
"77859323.a1"	77859323	[0, 0, 1, -91, 540]	[[6, 14], [5, 14], [11, 29], [17, 62]]
"77950867.a1"	77950867	[1, 1, 1, -4350, 108616]	[[38, -23], [37, -12], [29, 74], [151/2, -153/2]]
"78015293.a1"	78015293	[1, -1, 1, -735, 7860]	[[16, -5], [15, -1], [20, 19], [31, 103]]
"78274081.a1"	78274081	[1, 0, 0, -4832, 128881]	[[40, -19], [39, -8], [41, -31], [96, 695]]
"78413009.a1"	78413009	[1, 0, 0, -317, 2104]	[[9, -4], [12, 2], [7, 12], [5, 23]]
"78416651.a1"	78416651	[0, -1, 1, -272, 1872]	[[11, 9], [6, 20], [9, 8], [-15, 48]]
"78548039.a1"	78548039	[1, 0, 0, -117, 226]	[[-1, 19], [-3, 25], [2, 0], [1, 10]]
"78602047.a1"	78602047	[1, 0, 0, -323, 2248]	[[11, 2], [7, 15], [9, 5], [88/3, 56/3]]
"78991291.a1"	78991291	[0, 1, 1, -432, 3342]	[[12, 5], [11, 6], [5, 36], [15, 21]]
"79157993.a1"	79157993	[1, 1, 1, -29, 420]	[[0, 20], [-9, 11], [7, 21], [24, 107]]
"79351567.a1"	79351567	[1, 1, 1, -174, 700]	[[4, 7], [1, 22], [17, 46], [25, 100]]
"79619971.a1"	79619971	[0, 1, 1, -237, 1392]	[[8, 8], [12, 20], [2, 30], [-10, 53]]
"79639643.a1"	79639643	[0, -1, 1, -188, 1146]	[[8, 9], [3, 24], [5, 17], [-7, 45]]
"79645219.a1"	79645219	[1, 1, 1, -192, -1010]	[[-7, -4], [-10, 10], [-8, -6], [25, 90]]
"79893491.a1"	79893491	[1, 1, 1, -72, 460]	[[-4, 28], [-8, 28], [-2, 25], [47, 298]]
"79976509.a1"	79976509	[0, -1, 1, -1647, 26280]	[[24, 0], [22, 14], [28, 36], [-6, 189]]
"80085029.a1"	80085029	[0, 1, 1, -122, 252]	[[2, 4], [10, 11], [-3, 24], [1, 11]]
"80100947.a1"	80100947	[1, 0, 0, -109, -90]	[[-2, 12], [-7, 22], [-9, 18], [-10, 0]]
"80345131.a1"	80345131	[0, 1, 1, -232, 1352]	[[10, 11], [13, 26], [8, 8], [5, 18]]
"80394043.a1"	80394043	[0, 1, 1, -150, 780]	[[6, 11], [10, 19], [9, 15], [-1, 30]]
"80480629.a1"	80480629	[0, 0, 1, -799, 8682]	[[17, 3], [15, 8], [14, 15], [18, 11]]
"80667661.a1"	80667661	[1, 0, 0, -87, 526]	[[7, 13], [2, 18], [11, 25], [15, 44]]
"80684587.a1"	80684587	[0, 1, 1, 102, 210]	[[-2, 1], [5, 29], [3, 23], [33, 201]]
"80814749.a1"	80814749	[0, 1, 1, -127, 302]	[[10, 11], [-2, 23], [12, 25], [20, 78]]
"80829029.a1"	80829029	[0, 1, 1, -110, 72]	[[-1, 13], [-6, 23], [0, 8], [-10, 16]]
"80905523.a1"	80905523	[0, -1, 1, -169, -896]	[[16, 15], [32, 159], [22, 74], [58, 425]]
"81276977.a1"	81276977	[1, 0, 0, -170, -749]	[[-6, -5], [-7, 14], [-9, -4], [15, 4]]
"81701189.a1"	81701189	[1, -1, 0, -143, -460]	[[-4, 8], [16, 26], [28, 116], [124, 1308]]
"81765689.a1"	81765689	[1, 1, 1, -351, 2422]	[[10, 1], [11, 1], [8, 10], [43, 241]]
"81885131.a1"	81885131	[0, 0, 1, -244, 1530]	[[10, 9], [8, 9], [16, 41], [18, 54]]
"82185731.a1"	82185731	[0, 0, 1, 56, 405]	[[-5, 0], [3, 24], [1, 21], [-3, 14]]
"82252997.a1"	82252997	[1, 0, 0, -158, -641]	[[-5, 8], [-6, 13], [-9, -4], [19, 48]]
"82300643.a1"	82300643	[0, 0, 1, -592, 5561]	[[15, 7], [11, 19], [1, 70], [-3, 85]]
"82336591.a1"	82336591	[1, -1, 1, -109, 644]	[[6, 10], [-7, 35], [8, 11], [-12, 16]]
"82393813.a1"	82393813	[0, 0, 1, -24250, 1453502]	[[90, 1], [92, 34], [34, 817], [902, 26710]]
"82433917.a1"	82433917	[1, -1, 1, -117, 240]	[[0, 15], [10, -5], [12, 15], [-2, 22]]
"82477331.a1"	82477331	[1, -1, 1, -3744, 89102]	[[36, -14], [35, -24], [54, 178], [0, 298]]
"82581029.a1"	82581029	[0, 0, 1, -719, -7408]	[[-15, 1], [-16, 0], [-137/3, 71/3], [39, 154]]
"82681759.a1"	82681759	[1, 0, 0, -2106, 37027]	[[26, -9], [27, -8], [29, 9], [42, 131]]
"82750937.a1"	82750937	[1, 0, 0, -1224, 16375]	[[21, -4], [18, 7], [27, 43], [-3, 143]]
"82787483.a1"	82787483	[0, -1, 1, -144, 846]	[[7, 11], [10, 17], [12, 26], [-2, 33]]
"82826923.a1"	82826923	[0, 1, 1, 60, 420]	[[-4, 11], [2, 23], [-5, 4], [0, 20]]
"82873201.a1"	82873201	[1, 0, 0, -1997, 34186]	[[26, -10], [25, -6], [27, -2], [-51, 89]]
"83214539.a1"	83214539	[0, 0, 1, -1474, 21786]	[[22, 2], [20, 17], [8, 102], [-30, 197]]
"83505509.a1"	83505509	[0, 0, 1, -269, 1640]	[[11, 3], [5, 20], [8, 0], [-4, 51]]
"83512711.a1"	83512711	[1, -1, 1, -183, 888]	[[4, 12], [3, 17], [11, 5], [24, 87]]
"84058837.a1"	84058837	[0, -1, 1, -114, -126]	[[-2, 9], [-9, 9], [-6, 17], [-8, 14]]
"84117401.a1"	84117401	[1, 1, 1, 80, 378]	[[-3, 12], [2, 22], [-4, 5], [-34/5, 2071/5]]
"84138227.a1"	84138227	[1, -1, 1, 105, -174]	[[2, 5], [9, 33], [24, 113], [22, 100]]
"84418171.a1"	84418171	[0, 1, 1, -11650, 480128]	[[62, 0], [66, 55], [56, 80], [559/3, 35/3]]
"84508147.a1"	84508147	[1, -1, 1, -1515, 23064]	[[23, -13], [22, -6], [26, 14], [7, 109]]
"84570371.a1"	84570371	[1, -1, 1, -72, 518]	[[2, 18], [3, 16], [7, 14], [-92/3, 398/3]]
"85043087.a1"	85043087	[1, 0, 0, -824, 9025]	[[16, -7], [17, -7], [13, 17], [63/2, -95/2]]
"85051621.a1"	85051621	[1, -1, 1, -4054, 100354]	[[37, -20], [38, -9], [29, 66], [22, 135]]
"85218677.a1"	85218677	[0, 0, 1, -2921, 60762]	[[31, 1], [30, 11], [33, 17], [-60, 141]]
"85282037.a1"	85282037	[0, 1, 1, -158, -678]	[[-5, 3], [-10, 1], [-6, 9], [34, 185]]
"85435939.a1"	85435939	[1, -1, 1, -144, -456]	[[-4, 8], [-8, 15], [-7, 16], [14, 4]]
"85469597.a1"	85469597	[0, 0, 1, -116, -183]	[[-5, 16], [-9, 11], [13, 22], [21, 81]]
"85525189.a1"	85525189	[0, -1, 1, -434, 3600]	[[14, 8], [15, 15], [9, 18], [-4, 72]]
"85835231.a1"	85835231	[1, -1, 1, -417, 3408]	[[12, -1], [13, 1], [17, 23], [47/2, -5/2]]
"85850371.a1"	85850371	[0, 1, 1, -529, 4532]	[[12, 7], [16, 20], [10, 18], [62, 462]]
"85870061.a1"	85870061	[0, 0, 1, -728, 7547]	[[15, 1], [11, 29], [65/2, 19/2], [5, 63]]
"85962509.a1"	85962509	[0, 1, 1, -169, -778]	[[-6, 7], [-10, 3], [-35/2, 79/2], [30, 148]]
"86120467.a1"	86120467	[0, 1, 1, 97, 288]	[[-2, 9], [4, 27], [8, 40], [109/2, 1233/2]]
"86283053.a1"	86283053	[1, -1, 1, -325, 2288]	[[9, 1], [8, 8], [14, 11], [36, 172]]
"86391883.a1"	86391883	[0, 1, 1, 80, 380]	[[-4, 3], [5, 30], [0, 19], [1, 21]]
"86496677.a1"	86496677	[0, 1, 1, -119, -267]	[[-3, 8], [-7, 16], [-9, 12], [-11/2, 51/2]]
"86583509.a1"	86583509	[1, 1, 1, -101, 552]	[[6, 11], [0, 23], [3, 15], [-12, 20]]
"86703989.a1"	86703989	[0, 1, 1, -252, 1392]	[[11, 8], [6, 11], [12, 15], [7, 4]]
"86733539.a1"	86733539	[0, 0, 1, -148, 825]	[[5, 14], [15, 44], [7, 11], [-13, 23]]
"87097931.a1"	87097931	[0, 0, 1, 59, -414]	[[5, 2], [7, 18], [6, 12], [13, 50]]
"87126623.a1"	87126623	[1, -1, 1, -12186, 520800]	[[64, -32], [60, 24], [255/2, -233/2], [70, 49]]
"87138251.a1"	87138251	[0, 0, 1, -19, 450]	[[2, 20], [3, 20], [-8, 9], [-4, 21]]
"87144221.a1"	87144221	[1, 0, 0, -376, 2739]	[[10, -7], [13, 3], [17, 28], [7, 18]]
"87436619.a1"	87436619	[0, 0, 1, -13, 450]	[[-1, 21], [-3, 21], [-8, 6], [7, 26]]
"87534709.a1"	87534709	[1, 1, 1, -224, 1116]	[[10, -3], [3, 20], [4, 15], [54, 360]]
"87588451.a1"	87588451	[0, 1, 1, 103, 240]	[[-2, 5], [0, 15], [8, 40], [-14/3, 226/3]]
"87662411.a1"	87662411	[0, 0, 1, 11, 450]	[[-2, 20], [-4, 18], [-7, 5], [10, 39]]
"87722317.a1"	87722317	[0, 0, 1, -112, 71]	[[-1, 13], [-3, 19], [-5, 22], [17, 55]]
"88056197.a1"	88056197	[0, 0, 1, -197, -964]	[[-6, 1], [-10, 2], [-7, 8], [-31/2, 75/2]]
"88064027.a1"	88064027	[1, -1, 0, -149, 574]	[[10, -8], [-6, 38], [18, 50], [42, 238]]
"88161509.a1"	88161509	[0, 1, 1, -142, -520]	[[-5, 9], [-10, 0], [-4, 0], [-9, 10]]
"88430081.a1"	88430081	[1, 0, 0, -551, 4912]	[[12, 2], [16, 8], [9, 22], [-4, 86]]
"88473197.a1"	88473197	[0, 1, 1, -155, 540]	[[4, 0], [12, 23], [10, 9], [-10, 34]]
"88544923.a1"	88544923	[0, 1, 1, 96, 306]	[[-3, 0], [0, 17], [-1, 14], [-2, 10]]
"88607411.a1"	88607411	[0, 0, 1, -214, 1287]	[[9, 9], [7, 11], [5, 18], [13, 26]]
"88835921.a1"	88835921	[1, 1, 1, -822, 8740]	[[16, -5], [17, -2], [1, 88], [55/2, 75/2]]
"89023211.a1"	89023211	[0, 0, 1, -151, 846]	[[7, 11], [4, 17], [6, 12], [2, 23]]
"89043797.a1"	89043797	[0, 1, 1, -384, 2736]	[[12, 0], [8, 15], [9, 9], [13, 10]]
"89122757.a1"	89122757	[0, 1, 1, -454, 3548]	[[11, 2], [13, 3], [9, 16], [14, 11]]
"89184331.a1"	89184331	[0, 1, 1, -102, 570]	[[5, 14], [6, 14], [-4, 30], [10, 25]]
"89435429.a1"	89435429	[0, 0, 1, -2147, 38288]	[[27, 1], [26, 6], [32, 48], [329/2, 5169/2]]
"89638957.a1"	89638957	[1, -1, 1, -120, -186]	[[-2, 7], [-9, 14], [-8, 18], [16, 34]]
"89710363.a1"	89710363	[0, 0, 1, -101, 600]	[[6, 14], [9, 20], [0, 24], [33/2, 141/2]]
"89735531.a1"	89735531	[0, -1, 1, -92, 600]	[[3, 18], [2, 20], [-10, 20], [5, 15]]
"89830171.a1"	89830171	[0, 1, 1, -762, 7860]	[[15, 5], [14, 11], [16, 4], [21, 39]]
"89960473.a1"	89960473	[1, -1, 0, -1148, 15269]	[[20, -7], [28, 53], [71/2, 55/2], [172/3, -97/3]]
"90033301.a1"	90033301	[0, -1, 1, -506, 4530]	[[15, 9], [17, 23], [12, 6], [-18, 86]]
"90109637.a1"	90109637	[1, -1, 1, -157, 640]	[[10, -5], [1, 21], [13, 19], [22, 75]]
"90230123.a1"	90230123	[0, -1, 1, -69, 531]	[[3, 18], [7, 18], [1, 21], [-3, 26]]
"90305807.a1"	90305807	[1, 0, 0, -134, 373]	[[3, -2], [12, 17], [-1, 23], [13, 23]]
"90310159.a1"	90310159	[1, -1, 1, -141, 486]	[[10, -3], [-1, 25], [2, 13], [23, 83]]
"90765989.a1"	90765989	[1, 1, 1, -3621, 82360]	[[34, -21], [35, -11], [32, 7], [280, 4455]]
"90784663.a1"	90784663	[1, 0, 0, 77, 384]	[[-4, 6], [1, 21], [-1, 18], [16/3, 596/3]]
"91124549.a1"	91124549	[0, 1, 1, -2652, 51690]	[[29, 3], [30, 5], [25, 40], [35, 54]]
"91205531.a1"	91205531	[1, 1, 1, -122, 642]	[[4, 13], [7, 10], [-5, 36], [10, 18]]
"91677349.a1"	91677349	[0, 0, 1, -181, 816]	[[10, 2], [2, 21], [11, 12], [17, 51]]
"91679111.a1"	91679111	[1, -1, 1, 69, 386]	[[-3, 13], [8, 33], [6, 28], [15/2, 191/2]]
"91757977.a1"	91757977	[1, 1, 1, -1720, 26736]	[[24, -9], [23, -8], [12, 83], [-10, 212]]
"92038553.a1"	92038553	[1, -1, 1, -231, -1368]	[[18, -1], [32, 136], [19, 19], [20, 31]]
"92191529.a1"	92191529	[1, 0, 0, -347, 2416]	[[9, 2], [12, -2], [5, 26], [7, 15]]
"92193371.a1"	92193371	[0, 0, 1, 104, 216]	[[-2, 0], [8, 39], [6, 32], [34, 207]]
"92219371.a1"	92219371	[0, 1, 1, -9404, 347892]	[[56, 4], [55, 8], [51, 59], [90, 488]]
"92442523.a1"	92442523	[0, 1, 1, 110, -100]	[[2, 11], [4, 20], [5, 24], [1, 3]]
"92445607.a1"	92445607	[1, -1, 1, -147, 540]	[[4, 0], [10, -5], [3, 9], [11, 7]]
"92602891.a1"	92602891	[0, 1, 1, -2, 462]	[[-2, 21], [0, 21], [6, 26], [11, 43]]
"92614751.a1"	92614751	[1, 1, 1, -2, 462]	[[0, 21], [-8, 10], [-2, 22], [12, 42]]
"92902541.a1"	92902541	[0, 1, 1, -121, 182]	[[0, 13], [-8, 26], [-2, 20], [18, 64]]
"93031409.a1"	93031409	[1, 0, 0, -192, -929]	[[-6, 7], [-9, 14], [-10, 9], [-29/2, 107/2]]
"93103189.a1"	93103189	[0, -1, 1, -352, 2620]	[[10, 0], [13, 8], [14, 15], [17, 35]]
"93372911.a1"	93372911	[1, 1, 1, -807, 8500]	[[16, -5], [17, -1], [20, 19], [10, 34]]
"93908917.a1"	93908917	[1, -1, 1, -310, 2226]	[[10, 2], [12, 5], [24, 78], [-18, 50]]
"94184309.a1"	94184309	[0, 1, 1, -352, -2620]	[[-10, 0], [-12, 4], [-11, 6], [-43/2, 45/2]]
"94214251.a1"	94214251	[0, 0, 1, 31, 462]	[[-5, 13], [0, 21], [-3, 18], [30, 168]]
"94461467.a1"	94461467	[0, -1, 1, -1278, 18024]	[[21, 2], [22, 8], [19, 15], [109/2, 411/2]]
"94612003.a1"	94612003	[0, 1, 1, -23, 462]	[[0, 21], [-6, 20], [-4, 22], [14, 55]]
"94714859.a1"	94714859	[0, -1, 1, -946, 11530]	[[17, 8], [20, 14], [13, 35], [10, 54]]
"94839967.a1"	94839967	[1, -1, 1, -120, -156]	[[-2, 9], [-3, 14], [-8, 19], [13, 12]]
"95057653.a1"	95057653	[1, 0, 0, -274, 1785]	[[8, 7], [13, 15], [11, 6], [-8, 63]]
"95279221.a1"	95279221	[0, 0, 1, -133, -358]	[[-4, 10], [-9, 10], [-5, 13], [40, 241]]
"95525351.a1"	95525351	[1, -1, 1, -36, 486]	[[3, 18], [2, 19], [6, 18], [10, 27]]
"95576167.a1"	95576167	[1, -1, 1, -117, -90]	[[-1, 5], [-10, 4], [-2, 12], [-9, -9]]
"95587711.a1"	95587711	[1, 0, 0, -2537, 48976]	[[29, -16], [27, 5], [25, 24], [1, 215]]
"95647157.a1"	95647157	[0, 1, 1, -114, -42]	[[-1, 8], [-11, 1], [-7, 21], [-2, 13]]
"95758373.a1"	95758373	[0, 1, 1, -2438, 45528]	[[28, 0], [29, 7], [31, 26], [109/2, 63/2]]
"95874089.a1"	95874089	[1, 0, 0, -814, 8859]	[[17, -6], [14, 9], [19, 9], [25, 53]]
"95969843.a1"	95969843	[0, 0, 1, 8, 471]	[[-1, 21], [-5, 17], [-3, 20], [-7, 8]]
"95977331.a1"	95977331	[1, -1, 1, -3249, 72084]	[[33, -15], [34, -9], [32, -5], [-12, 336]]
"96004171.a1"	96004171	[0, 0, 1, 79, 386]	[[-1, 17], [2, 23], [-4, 2], [146, 1767]]
"96127483.a1"	96127483	[0, 1, 1, -420, 3210]	[[12, 6], [10, 10], [5, 35], [11, 6]]
"96844357.a1"	96844357	[0, -1, 1, -444, -3426]	[[-12, 5], [-11, 2], [-51/2, -3/2], [39, 192]]
"96909479.a1"	96909479	[1, 0, 0, -367, 2634]	[[7, 17], [14, 10], [5, 28], [-10, 78]]
"97019317.a1"	97019317	[0, 0, 1, -160, 618]	[[4, 6], [-2, 30], [2, 17], [28, 134]]
"97221799.a1"	97221799	[1, -1, 1, -264, 1644]	[[8, -5], [13, 10], [16, 28], [2, 32]]
"97273963.a1"	97273963	[1, -1, 1, -885, 10338]	[[18, -7], [14, 16], [16, 1], [19, 1]]
"97338187.a1"	97338187	[0, 0, 1, 115, 2]	[[0, 1], [5, 26], [2, 15], [10/3, 296/3]]
"97398011.a1"	97398011	[0, -1, 1, 28, 462]	[[-3, 18], [0, 21], [-6, 6], [15, 63]]
"97464287.a1"	97464287	[1, 0, 0, -3718, 86949]	[[35, -17], [36, -9], [31, 26], [-4, 321]]
"97562203.a1"	97562203	[0, 1, 1, -109, 611]	[[7, 15], [-5, 32], [-13, 0], [-11, 24]]
"97641899.a1"	97641899	[1, 1, 1, -141, 742]	[[8, 10], [10, 16], [5, 11], [-4, 37]]
"97923523.a1"	97923523	[1, 0, 0, -394, 3015]	[[11, 1], [10, 5], [13, 5], [-22, 45]]
"97986689.a1"	97986689	[1, -1, 1, -514, 4584]	[[12, 0], [16, 8], [18, 21], [7, 32]]
"98011559.a1"	98011559	[1, 0, 0, -624, 5929]	[[15, -7], [13, 1], [17, 9], [0, 77]]
"98167477.a1"	98167477	[0, -1, 1, -3740, 89292]	[[36, 3], [35, 6], [38, 24], [41, 56]]
"98252839.a1"	98252839	[1, -1, 1, -58, 520]	[[-1, 24], [10, 24], [4, 16], [-10, 0]]
"98399123.a1"	98399123	[1, -1, 1, 63, 420]	[[0, 20], [1, 21], [-4, -8], [-3, 15]]
"98470111.a1"	98470111	[1, 0, 0, 58, 451]	[[-5, 9], [2, 23], [6, 29], [29, 149]]
"98579083.a1"	98579083	[0, 1, 1, 21, 483]	[[-1, 21], [1, 22], [9, 38], [91/3, 1142/3]]
"98606533.a1"	98606533	[1, 0, 0, -150, 841]	[[8, 9], [9, 11], [11, 18], [3, 19]]
"98701411.a1"	98701411	[1, 0, 0, -2939, 61084]	[[31, -18], [33, 1], [39, 59], [56, 242]]
"99040859.a1"	99040859	[0, -1, 1, -36, 498]	[[1, 21], [6, 21], [-8, 14], [-9, 3]]
"99056879.a1"	99056879	[1, 0, 0, -460, 3729]	[[11, 0], [16, 15], [5, 37], [25, 77]]
"99131051.c1"	99131051	[0, -1, 1, 11, 475]	[[-1, 21], [-7, 2], [11, 42], [-19/2, 133/2]]
"99286181.a1"	99286181	[0, 0, 1, -713, 7312]	[[16, 0], [13, 15], [23, 55], [-17, 120]]
"99305851.a1"	99305851	[1, 1, 1, -146, 420]	[[10, 4], [-3, 30], [0, 20], [-11, 34]]
"99351403.a1"	99351403	[0, 1, 1, -608, 5592]	[[14, 4], [15, 8], [9, 30], [19, 35]]
"99479521.a1"	99479521	[1, -1, 1, -151, 896]	[[8, 8], [6, 10], [2, 23], [42, 238]]
"99505853.a1"	99505853	[1, 1, 1, 115, -24]	[[3, 17], [6, 27], [10, 42], [24, 119]]
"99511703.a1"	99511703	[1, 1, 1, -460, 3636]	[[12, -1], [11, 2], [8, 19], [15, 12]]
"99562103.a1"	99562103	[1, -1, 1, 48, 450]	[[-5, 10], [6, 27], [-2, 19], [2, 22]]
"99647461.a1"	99647461	[1, 0, 0, -7507, 249726]	[[50, -24], [49, -36], [66, 174], [71, 240]]
"99782113.a1"	99782113	[1, 0, 0, -115, 666]	[[-5, 36], [14, 36], [1, 23], [25, 104]]
"99797491.a1"	99797491	[1, 0, 0, -99, 604]	[[5, 13], [9, 17], [-8, 34], [17, 54]]
"99826523.a1"	99826523	[0, -1, 1, -6614, 209256]	[[47, 3], [48, 8], [189/2, 3/2], [237/2, 1179/2]]
"100561781.a1"	100561781	[0, 1, 1, -136, 332]	[[2, 8], [10, 8], [-2, 24], [13, 30]]
"100626283.a1"	100626283	[0, 0, 1, -4085, 100494]	[[37, 1], [36, 9], [334/3, 53/3], [91, 694]]
"100642303.a1"	100642303	[1, 0, 0, -493, 4200]	[[13, -1], [8, 24], [47/2, 17/2], [51/2, -9/2]]
"100706491.a1"	100706491	[0, 1, 1, -42, 480]	[[5, 20], [-6, 23], [-4, 24], [-10, 0]]
"100793263.a1"	100793263	[1, 0, 0, 81, 400]	[[-4, 6], [-3, 13], [11, 46], [0, 20]]
"100977781.a1"	100977781	[0, 1, 1, -296, 1804]	[[8, 3], [11, 0], [14, 24], [44, 275]]
"101333989.a1"	101333989	[1, -1, 1, -204, -958]	[[-6, 7], [-10, 6], [-8, 14], [179, 2292]]
"101351779.a1"	101351779	[1, 0, 0, -4766, 126247]	[[39, -28], [41, -7], [159/2, -151/2], [358/3, -563/3]]
"101498723.a1"	101498723	[1, -1, 1, 9, 482]	[[-7, 9], [-6, 16], [2, 21], [20, 81]]
"101523871.a1"	101523871	[1, 1, 1, -161, 552]	[[10, 3], [0, 23], [-2, 30], [-12, 36]]
"101526989.a1"	101526989	[1, 0, 0, -12377, 528964]	[[64, -34], [68, 20], [59, 41], [243/2, 131/2]]
"101527649.a1"	101527649	[1, -1, 1, -33, 498]	[[4, 18], [-1, 23], [8, 22], [-4, 25]]
"101663173.a1"	101663173	[0, 0, 1, -130, 300]	[[10, 0], [-2, 23], [-12, 11], [-10, 24]]
"101841013.a1"	101841013	[0, 0, 1, -325, 2202]	[[9, 2], [12, 5], [5, 26], [2, 39]]
"102071323.a1"	102071323	[0, 0, 1, -701, 7160]	[[15, 4], [14, 9], [17, 12], [24, 64]]
"102170039.a1"	102170039	[1, 1, 1, -91, 552]	[[5, 13], [0, 23], [8, 16], [39/2, 171/2]]
"102247861.a1"	102247861	[1, 0, 0, -47, -506]	[[10, 2], [23, 92], [13, 27], [19, 65]]
"102271529.a1"	102271529	[1, 0, 0, -117, 16]	[[-1, 12], [-3, 20], [-11, 7], [0, 4]]
"102385477.a1"	102385477	[0, -1, 1, -158, -540]	[[-4, 3], [-9, 8], [-6, 12], [51, 348]]
"102462901.a1"	102462901	[1, 0, 0, 103, -266]	[[3, 7], [5, 17], [14, 56], [59, 431]]
"102527023.a1"	102527023	[1, 0, 0, -70, 531]	[[2, 19], [1, 21], [11, 28], [9, 21]]
"102843613.b1"	102843613	[1, -1, 1, -70, 554]	[[2, 19], [-3, 28], [8, 17], [53, 352]]
"102936949.a1"	102936949	[0, -1, 1, -122, 222]	[[-3, 23], [11, 9], [-10, 18], [-1, 18]]
"102942523.a1"	102942523	[0, 0, 1, -2801, 57060]	[[31, 4], [30, 5], [24, 60], [-54, 225]]
"103034179.a1"	103034179	[1, 0, 0, -984, 11789]	[[19, -3], [7, 69], [25, 42], [67/2, 3/2]]
"103059349.a1"	103059349	[1, 1, 1, -869, 9486]	[[16, -6], [18, 0], [9, 45], [-12, 141]]
"103330027.a1"	103330027	[0, 1, 1, -23, 483]	[[1, 21], [-1, 22], [13, 50], [21/2, 181/2]]
"103442291.a1"	103442291	[0, 0, 1, -34, 495]	[[3, 20], [7, 24], [1, 21], [-23/2, 175/2]]
"103478803.a1"	103478803	[0, 1, 1, 51, 486]	[[-6, 0], [2, 24], [-2, 19], [54, 404]]
"103489819.a1"	103489819	[0, 1, 1, -986, 11604]	[[18, 3], [19, 9], [21, 24], [69/2, 37/2]]
"103591757.a1"	103591757	[0, 1, 1, -475, 3800]	[[14, 9], [16, 23], [2, 53], [26, 98]]
"103875353.a1"	103875353	[1, -1, 1, -205, -964]	[[-6, 7], [-10, 7], [32, 140], [74, 583]]
"104049109.a1"	104049109	[0, 0, 1, -499, 4262]	[[12, 1], [14, 4], [19, 40], [10, 16]]
"104359891.a1"	104359891	[0, 1, 1, 83, -370]	[[6, 19], [8, 29], [4, 6], [96, 949]]
"105031331.a1"	105031331	[1, -1, 1, -1671, 26706]	[[24, -10], [25, -3], [22, 4], [57, 309]]
"105043643.a1"	105043643	[0, 1, 1, -12800, 553150]	[[65, 0], [62, 41], [586/3, 35/3], [-103, 888]]
"105089993.a1"	105089993	[1, -1, 1, -310, 2116]	[[7, 12], [14, 12], [4, 28], [-8, 67]]
"105351097.a1"	105351097	[1, 1, 1, -135, -404]	[[-7, 19], [-8, 19], [-4, -8], [26, 107]]
"106089437.a1"	106089437	[1, 1, 1, -62, 504]	[[4, 16], [-6, 29], [-11, 6], [24, 104]]
"106242677.a1"	106242677	[1, 0, 0, -120, 91]	[[-1, 15], [-2, 19], [-9, 26], [-11, -5]]
"106256629.a1"	106256629	[0, 0, 1, -139, -390]	[[-3, 0], [-10, 0], [-9, 11], [-8, 14]]
"106272197.a1"	106272197	[0, 1, 1, -138, 336]	[[2, 8], [10, 7], [-8, 31], [12, 23]]
"106396651.a1"	106396651	[0, 1, 1, -1032, 12432]	[[18, 3], [17, 9], [16, 16], [21, 21]]
"106429483.a1"	106429483	[0, 1, 1, 6, 498]	[[-3, 21], [8, 33], [-8, 1], [1, 22]]
"106533547.a1"	106533547	[1, 1, 1, -179, 702]	[[4, 6], [10, 1], [0, 26], [-2, 33]]
"106637059.a1"	106637059	[1, 1, 1, -799, 8346]	[[15, -3], [18, 5], [14, 5], [23, 41]]
"106663211.a1"	106663211	[0, 0, 1, -409, 3222]	[[12, 6], [15, 21], [7, 26], [10, 11]]
"106706953.a1"	106706953	[1, -1, 1, -120, -54]	[[-1, 8], [-6, 23], [-8, 22], [20, 62]]
"106903877.a1"	106903877	[0, 1, 1, -165, -705]	[[-5, 4], [-7, 12], [-9, 11], [15, 20]]
"107297581.a1"	107297581	[1, 0, 1, -405, 3137]	[[11, 1], [19, 39], [-5, 73], [11/2, 347/2]]
"107384939.a1"	107384939	[0, 0, 1, -43, 510]	[[-1, 23], [7, 23], [12, 41], [5, 20]]
"107741261.a1"	107741261	[1, 0, 0, -621, 5884]	[[15, -8], [12, 8], [8, 34], [-20, -92]]
"107741281.a1"	107741281	[1, 0, 0, -402, 3109]	[[12, 1], [9, 11], [7, 22], [17, 27]]
"107802091.a1"	107802091	[0, 1, 1, -387, 2847]	[[11, 6], [13, 13], [3, 41], [-23, 10]]
"107814997.a1"	107814997	[0, 1, 1, -134, 286]	[[2, 5], [-1, 20], [-7, 30], [-13, 0]]
"107860267.a1"	107860267	[1, 0, 0, -653, 6388]	[[16, 2], [17, 8], [19, 21], [4, 60]]
"108260699.a1"	108260699	[0, -1, 1, 119, -95]	[[5, 24], [23, 119], [5/2, 55/2], [37/2, 327/2]]
"108285299.a1"	108285299	[1, -1, 1, -154, 574]	[[4, 1], [2, 15], [-2, 30], [22, 75]]
"108381331.a1"	108381331	[0, 1, 1, -1207, 15752]	[[20, 3], [18, 13], [28, 68], [77/2, 33/2]]
"108401563.a1"	108401563	[0, 1, 1, -910, 10280]	[[18, 7], [19, 14], [17, 3], [16, 8]]
"108417851.a1"	108417851	[0, 0, 1, 119, 36]	[[1, 12], [3, 20], [5, 27], [17, 83]]
"108496387.a1"	108496387	[1, -1, 1, 101, 286]	[[-2, 9], [5, 27], [-23/3, 83/3], [-5/2, 101/2]]
"108531481.a1"	108531481	[1, 0, 0, -667, 6594]	[[15, -3], [14, 0], [17, 7], [19, 20]]
"108566971.a1"	108566971	[0, 1, 1, -272, 1710]	[[9, 8], [10, 9], [4, 26], [8, 10]]
"108594971.a1"	108594971	[0, 0, 1, 83, 408]	[[-3, 11], [6, 33], [-4, 3], [11, 51]]
"108803083.a1"	108803083	[0, 1, 1, 116, -112]	[[1, 2], [3, 16], [2, 11], [23, 123]]
"108837041.a1"	108837041	[1, 0, 0, -131, -296]	[[-3, 10], [-8, 20], [-5, 18], [25, 98]]
"108989717.a1"	108989717	[0, 1, 1, -149, 441]	[[3, 5], [-3, 29], [13, 29], [-7, 34]]
"109175669.c1"	109175669	[0, 0, 1, -824, 9090]	[[16, 1], [18, 9], [12, 30], [142/3, 98/3]]
"109274981.a1"	109274981	[1, 1, 0, -614, 5629]	[[12, 7], [20, 33], [-12, 113], [-28, 57]]
"109477471.a1"	109477471	[1, 0, 0, 116, 159]	[[-1, 7], [2, 19], [13, 56], [5, 27]]
"109579499.a1"	109579499	[1, -1, 1, -45769, 3780222]	[[124, -58], [495/2, -501/2], [1114/3, -1681/3], [52, 1214]]
"109659787.a1"	109659787	[0, 1, 1, 57, 495]	[[-3, 17], [3, 26], [5, 30], [-141/5, 577/5]]
"109907309.a1"	109907309	[0, 1, 1, -217, -1198]	[[-8, 9], [-10, 8], [20, 53], [-43/2, 19/2]]
"110125667.a1"	110125667	[1, 0, 0, -15113, 713854]	[[71, -37], [70, -22], [75, 23], [3459/7, -13607/7]]
"110177563.a1"	110177563	[0, 1, 1, 65, 485]	[[-3, 16], [-1, 20], [1, 23], [11, 51]]
"110228893.a1"	110228893	[1, 0, 0, 95, 366]	[[-3, 9], [1, 21], [-2, 14], [19, 86]]
"110305339.a1"	110305339	[1, 1, 1, -31487, 2137410]	[[102, -51], [103, -69], [919/3, -1429/3], [87, 213]]
"110521783.a1"	110521783	[1, -1, 1, -165, 678]	[[4, 6], [-9, 41], [-1, 29], [-4, 37]]
"110734037.a1"	110734037	[0, 0, 1, -152, -514]	[[-4, 5], [-6, 13], [-10, 2], [-15/2, 11/2]]
"110865851.a1"	110865851	[0, -1, 1, -32, 522]	[[2, 21], [5, 21], [-9, 0], [15, 56]]
"111074903.a1"	111074903	[1, -1, 1, -160, 628]	[[4, 4], [13, 18], [14, 24], [-26/3, 904/3]]
"111121781.a1"	111121781	[0, 1, 1, -126, -246]	[[-2, 1], [-9, 15], [-4, 14], [-7, 18]]
"111297451.a1"	111297451	[0, 1, 1, -292, 1892]	[[10, 8], [7, 15], [8, 11], [11, 11]]
"111310931.a1"	111310931	[0, -1, 1, -349, 2680]	[[10, 9], [14, 18], [4, 36], [32, 152]]
"111559003.a1"	111559003	[0, 1, 1, -793, 8351]	[[15, 7], [17, 8], [7, 56], [-3, 103]]
"111911419.a1"	111911419	[1, -1, 1, -73, 580]	[[4, 16], [5, 15], [14, 39], [37, 199]]
"112056913.a1"	112056913	[1, -1, 1, -225, 1248]	[[13, 13], [14, 19], [6, 6], [-4, 47]]
"112139851.a1"	112139851	[0, 1, 1, -1150, 14642]	[[19, 3], [20, 6], [15, 31], [34, 126]]
"112266551.a1"	112266551	[1, 0, 0, -121, 42]	[[-3, 21], [-11, 14], [11, 3], [17, 46]]
"112332271.a1"	112332271	[1, 1, 1, -121, 0]	[[0, 0], [-1, 11], [-6, 26], [15, 35]]
"112466969.a1"	112466969	[1, 0, 0, -1817, 29656]	[[25, -9], [24, -8], [27, 8], [-15, 239]]
"112468211.a1"	112468211	[0, 0, 1, -526, 4671]	[[13, 5], [15, 12], [7, 36], [-7, 89]]
"112489037.a1"	112489037	[0, 1, 1, -549, 4746]	[[14, 0], [12, 5], [8, 30], [38, 200]]
"112552709.a1"	112552709	[0, 1, 1, -152, 462]	[[3, 6], [10, 6], [0, 21], [-5, 33]]
"112688027.a1"	112688027	[0, 0, 1, -325, 2312]	[[7, 19], [14, 22], [5, 28], [-11, 67]]
"112957307.a1"	112957307	[1, 0, 0, -155, 526]	[[3, 8], [10, -6], [2, 14], [11, 8]]
"113094011.a1"	113094011	[1, 1, 1, 33, 520]	[[-7, 5], [2, 23], [-4, 20], [-25/2, 107/2]]
"113101531.a1"	113101531	[0, 1, 1, -3007, 62477]	[[31, 3], [33, 16], [125/2, 9/2], [277/3, 136/3]]
"113317811.a1"	113317811	[0, -1, 1, -947, 11550]	[[18, 3], [20, 14], [24, 45], [77/2, 69/2]]
"113392949.a1"	113392949	[0, 1, 1, -132, 240]	[[0, 15], [10, 4], [1, 10], [11, 15]]
"113474653.a1"	113474653	[1, 0, 0, -1139, 14710]	[[18, 2], [23, 17], [15, 25], [79/2, -47/2]]
"113492539.a1"	113492539	[0, 0, 1, -503, 4372]	[[13, 5], [16, 20], [10, 18], [23, 70]]
"113502797.a1"	113502797	[1, 0, 0, -285, 1756]	[[8, -2], [5, 19], [12, 4], [-13, 64]]
"113523859.a1"	113523859	[1, -1, 1, -264, 1632]	[[12, 3], [1, 36], [17, 34], [6, 12]]
"113626361.a1"	113626361	[1, 1, 1, -297, 1912]	[[10, 3], [8, 7], [2, 35], [22, 70]]
"113715083.a1"	113715083	[0, -1, 1, -245, 1647]	[[9, 9], [15, 33], [3, 30], [-15, 41]]
"113873899.a1"	113873899	[0, 1, 1, -206, 1182]	[[7, 11], [8, 10], [13, 29], [3, 24]]
"113959837.a1"	113959837	[0, 0, 1, -2416, 45705]	[[29, 5], [27, 12], [31, 24], [457/4, -37/4]]
"113966189.a1"	113966189	[0, 1, 1, -167, 600]	[[4, 3], [0, 24], [10, 5], [5/2, 155/2]]
"114045083.a1"	114045083	[0, 0, 1, 119, -120]	[[4, 20], [5, 24], [1, 0], [14, 65]]
"114149381.a1"	114149381	[0, 1, 1, -126, -228]	[[-2, 4], [-10, 11], [-3, 11], [18, 60]]
"114283459.a1"	114283459	[1, 1, 1, -262, 1440]	[[5, 14], [12, 8], [6, 8], [-3, 48]]
"114503749.a1"	114503749	[0, -1, 1, -592, 5722]	[[16, 9], [11, 20], [20, 38], [5, 53]]
"114553963.a1"	114553963	[0, 0, 1, -152, 886]	[[8, 13], [4, 18], [-10, 37], [16, 50]]
"114686239.a1"	114686239	[1, 1, 1, -139, 306]	[[2, 5], [0, 17], [12, 17], [-12, 26]]
"114890843.a1"	114890843	[0, -1, 1, 62, 460]	[[-4, 11], [4, 27], [10, 44], [95, 924]]
"114903757.a1"	114903757	[1, -1, 1, -186, -780]	[[-6, 12], [-10, 5], [-5, 4], [-9, 14]]
"115135619.a1"	115135619	[0, -1, 1, -311, 2280]	[[12, 11], [8, 15], [-10, 65], [20, 60]]
"115392469.a1"	115392469	[0, -1, 1, -224, 1260]	[[5, 15], [12, 12], [11, 2], [-13, 42]]
"115476391.a1"	115476391	[1, 0, 0, -24, -521]	[[9, -8], [13, 31], [14, 37], [35, 187]]
"115581871.a1"	115581871	[1, -1, 0, -206, 1303]	[[6, 13], [-14, 43], [22, 73], [7/2, 239/2]]
"115768397.a1"	115768397	[1, 0, 0, -660, 6451]	[[14, -5], [13, 4], [11, 18], [9, 31]]
"115970149.a1"	115970149	[0, 0, 1, -139, -360]	[[-4, 11], [-8, 15], [-10, 5], [-5, 14]]
"116207347.a1"	116207347	[1, 1, 1, -134, 240]	[[0, 15], [-11, 28], [10, 0], [-6, 32]]
"116295749.a1"	116295749	[0, 1, 1, -182, 732]	[[11, 13], [1, 23], [12, 20], [10, 3]]
"116342587.a1"	116342587	[0, 1, 1, -148, 818]	[[6, 13], [4, 17], [13, 35], [8, 14]]
"116394497.a1"	116394497	[1, 0, 0, -183, 784]	[[11, 6], [0, 28], [5, -2], [-15, 22]]
"116844083.a1"	116844083	[1, -1, 1, -246, 1632]	[[8, 7], [12, 11], [15, 26], [-6, 56]]
"116942363.a1"	116942363	[0, 0, 1, 89, -408]	[[4, 3], [9, 33], [10, 38], [16, 71]]
"117022709.a1"	117022709	[0, 1, 1, -642, 6030]	[[15, 0], [11, 20], [16, 10], [5, 54]]
"117311683.a1"	117311683	[0, 1, 1, -289, 1868]	[[8, 11], [12, 16], [-6, 58], [-16, 51]]
"117473131.a1"	117473131	[0, 0, 1, -104, 662]	[[8, 18], [2, 21], [-10, 26], [-12, 13]]
"117536723.a1"	117536723	[1, -1, 1, -2862, 59640]	[[31, -18], [32, -8], [38, 49], [35, 20]]
"117911051.a1"	117911051	[0, 0, 1, 11, 522]	[[2, 23], [-6, 15], [-3, 21], [-5, 18]]
"117986353.a1"	117986353	[1, 0, 0, 96, 385]	[[-3, -7], [8, 37], [3, 25], [21, 98]]
"118062017.a1"	118062017	[1, 0, 0, -2929, 60768]	[[31, -16], [32, -8], [36, 30], [-59, 200]]
"118470551.a1"	118470551	[1, 1, 1, 48, -488]	[[7, 12], [19, 78], [23, 104], [10, 28]]
"118592603.a1"	118592603	[0, 0, 1, -16471, 813632]	[[74, 1], [75, 13], [66, 118], [670/3, 127/3]]
"119102117.a1"	119102117	[0, 1, 1, -214, 1016]	[[2, 24], [13, 24], [15, 37], [-10, 47]]
"119365237.a1"	119365237	[0, 0, 1, -130, -222]	[[-2, 5], [-8, 17], [-6, 18], [28, 134]]
"119449663.b1"	119449663	[1, 0, 0, -328, 2319]	[[10, 3], [11, 3], [6, 21], [-10, 73]]
"119463263.a1"	119463263	[1, -1, 1, -321, 2352]	[[13, 9], [14, 14], [10, 3], [0, 48]]
"119834821.a1"	119834821	[0, 0, 1, -733, 7620]	[[15, 0], [17, 8], [19, 23], [12, 23]]
"119860771.a1"	119860771	[0, 1, 1, -1417, 20072]	[[22, 5], [20, 11], [26, 38], [8, 96]]
"119874913.a1"	119874913	[1, 0, 0, 116, 225]	[[0, 15], [1, 18], [16, 71], [8, 37]]
"119927131.a1"	119927131	[0, 1, 1, -374, 2712]	[[10, 8], [9, 12], [15, 26], [5, 31]]
"119946077.a1"	119946077	[0, 0, 1, -986, 11905]	[[19, 5], [17, 7], [31, 105], [193/2, 2211/2]]
"120029291.a1"	120029291	[0, -1, 1, 85, 405]	[[5, 30], [11, 50], [15, 69], [5/2, 177/2]]
"120211667.a1"	120211667	[0, 0, 1, 110, -285]	[[3, 8], [11, 47], [25, 134], [45, 309]]
"120495533.a1"	120495533	[1, 1, 0, 124, 49]	[[0, 7], [-1/2, 35/2], [11/2, 153/2], [104, 1021]]
"120604501.b1"	120604501	[0, 0, 1, -613, -5818]	[[-15, 1], [-14, 4], [-55/2, 23/2], [-364/5, 509/5]]
"120627499.a1"	120627499	[0, 1, 1, -526, 4502]	[[13, 5], [10, 18], [8, 29], [18, 34]]
"120895967.a1"	120895967	[1, 0, 1, -147, 419]	[[3, 1], [11, 7], [-13, -7], [11/2, 35/2]]
"120923027.a1"	120923027	[1, -1, 1, -487, 4220]	[[12, -5], [14, -5], [-10, 94], [-24, 52]]
"121135571.a1"	121135571	[1, -1, 1, -129, 804]	[[4, 16], [2, 22], [8, 11], [-3, 35]]
"121264499.a1"	121264499	[0, -1, 1, -841, 9688]	[[16, 8], [14, 21], [2, 89], [44, 236]]
"121483591.a1"	121483591	[1, 1, 0, -139, 290]	[[2, 4], [10, 0], [-17/2, 247/2], [47/2, 123/2]]
"121664783.a1"	121664783	[1, 1, 1, 100, -324]	[[3, 2], [10, 37], [7, 24], [19/2, 113/2]]
"121680409.a1"	121680409	[1, 0, 0, 74, 477]	[[-4, -9], [1, 23], [11, 46], [4, 27]]
"121705711.a1"	121705711	[1, 0, 0, -214, 1299]	[[7, 9], [11, 12], [-11, 54], [13, 21]]
"121928923.a1"	121928923	[1, 0, 0, -170, 991]	[[7, 9], [6, 11], [-5, 44], [9, 10]]
"122103181.a1"	122103181	[1, 0, 0, 88, -419]	[[4, -3], [9, 29], [7, 20], [12, 43]]
"122321051.a1"	122321051	[0, 0, 1, -31, 536]	[[1, 22], [5, 22], [12, 43], [19, 82]]
"122372401.a1"	122372401	[1, 0, 0, -77, 586]	[[2, 20], [-11, 17], [-6, 32], [10, 24]]
"122539049.a1"	122539049	[1, 0, 0, -422, 3259]	[[13, -3], [9, 10], [10, 3], [14, 5]]
"122664629.a1"	122664629	[0, 1, 1, -132, -288]	[[-5, 16], [-7, 18], [-10, 11], [-3, 9]]
"122679163.a1"	122679163	[0, 0, 1, -221, 1372]	[[11, 16], [4, 23], [-2, 42], [19, 63]]
"122960197.a1"	122960197	[0, 1, 1, -934, 10668]	[[18, 3], [21, 27], [12, 36], [-21, 146]]
"123000679.a1"	123000679	[1, 1, 1, -162, 520]	[[2, 13], [10, 0], [1, 18], [-4, 35]]
"123084733.a1"	123084733	[1, 0, 0, -194, 1153]	[[9, 8], [11, 14], [3, 23], [13, 23]]
"123134287.a1"	123134287	[1, 1, 1, -699, 6802]	[[14, -4], [16, -2], [19, 19], [71/2, 83/2]]
"123490007.b1"	123490007	[1, 0, 0, -2430, 45901]	[[28, -17], [29, -9], [27, -1], [111/2, -67/2]]
"124154141.a1"	124154141	[0, 1, 1, -1351, 18662]	[[20, 6], [22, 8], [85/2, 3/2], [77/2, 97/2]]
"124164181.a1"	124164181	[0, -1, 1, -246, 1470]	[[7, 6], [15, 30], [18, 50], [-15, 39]]
"124208011.a1"	124208011	[1, 0, 0, -107, 676]	[[9, 17], [0, 26], [5, 14], [31, 150]]
"124506433.a1"	124506433	[1, 0, 0, -75, 586]	[[-2, 28], [11, 28], [5, 16], [6, 16]]
"124614683.a1"	124614683	[0, 0, 1, -181, 1080]	[[7, 12], [6, 14], [-1, 35], [11, 20]]
"124624771.a1"	124624771	[1, 0, 0, 123, 124]	[[-1, 0], [9, 40], [5, 27], [23, 112]]
"124781563.a1"	124781563	[1, -1, 1, -2557, 50400]	[[30, -21], [28, -1], [45, 135], [10, 155]]
"124865317.a1"	124865317	[0, 0, 1, -181, -768]	[[-7, 12], [-10, 6], [-5, 3], [-9, 11]]
"124888997.a1"	124888997	[0, 1, 1, -128, -198]	[[-5, 18], [-10, 13], [-11, 0], [-9, 17]]
"124919117.a1"	124919117	[1, -1, 0, -458, 3851]	[[14, -1], [10, 9], [-22, 65], [-25/2, 667/2]]
"125483857.a1"	125483857	[1, 0, 0, 72, -479]	[[7, 16], [8, 21], [5, 1], [144/5, 1093/5]]
"126027683.a1"	126027683	[1, -1, 1, 99, -408]	[[4, 4], [9, 29], [5, 11], [37, 211]]
"126190411.a1"	126190411	[0, 1, 1, -134, 762]	[[4, 17], [15, 48], [6, 14], [2, 22]]
"126412219.a1"	126412219	[1, -1, 1, -171, -624]	[[-6, 15], [-9, -7], [-10, 2], [15, -3]]
"126464491.a1"	126464491	[0, 0, 1, -299, 2062]	[[10, 8], [17, 43], [4, 30], [8, 13]]
"126616709.a1"	126616709	[0, 1, 1, -144, 342]	[[0, 18], [-3, 27], [10, 1], [18, 62]]
"126711667.a1"	126711667	[1, -1, 0, -298, 1981]	[[12, -1], [4, 27], [20, 51], [-12, 67]]
"126802603.a1"	126802603	[0, 1, 1, 56, 536]	[[-6, 4], [-5, 12], [8, 39], [-2, 20]]
"126958807.a1"	126958807	[1, -1, 1, -4950, 135270]	[[41, -20], [40, -30], [42, -9], [370/3, -635/3]]
"127028683.a1"	127028683	[0, 1, 1, -14004, 633216]	[[68, 0], [69, 14], [65, 42], [613/3, 35/3]]
"127115269.a1"	127115269	[0, 1, 1, -152, -530]	[[-4, 5], [-7, 15], [-10, 9], [-19/2, 79/2]]
"127285811.a1"	127285811	[1, -1, 1, -2814, 58152]	[[31, -14], [30, -7], [34, 13], [36, 32]]
"127355869.a1"	127355869	[0, 0, 1, -574, 5265]	[[13, 0], [15, 5], [17, 20], [-9, 98]]
"127435123.a1"	127435123	[0, 1, 1, -215, 1260]	[[10, 14], [0, 35], [12, 23], [29/2, 89/2]]
"127852211.a1"	127852211	[1, 1, 1, 113, -240]	[[2, -1], [6, 23], [5, 19], [109/3, 1325/3]]
"128018923.a1"	128018923	[0, 1, 1, -258, 1602]	[[9, 9], [5, 21], [4, 25], [14, 30]]
"128028221.b1"	128028221	[0, 1, 1, -2451, 45894]	[[28, 1], [26, 20], [14, 120], [-26, 304]]
"128176387.a1"	128176387	[1, 1, 1, -189, 760]	[[4, 7], [10, -5], [11, 7], [19, 57]]
"128228239.a1"	128228239	[1, -1, 1, -13, 548]	[[-7, 19], [-6, 22], [21, 85], [14, 47]]
"128421883.a1"	128421883	[0, 0, 1, 115, 268]	[[-2, 5], [2, 22], [28, 159], [58, 449]]
"128426357.a1"	128426357	[0, 1, 1, -544, 4676]	[[14, 0], [12, 4], [7, 35], [19, 39]]
"128466763.a1"	128466763	[0, 1, 1, -368, 2652]	[[11, 7], [10, 8], [4, 35], [-14, 72]]
"128824763.a1"	128824763	[0, -1, 1, 86, 424]	[[-4, 0], [2, 24], [-2, 15], [8, 39]]
"128885021.a1"	128885021	[1, -1, 1, -51, 576]	[[-1, 25], [6, 18], [-10, 2], [-8, 24]]
"129160763.a1"	129160763	[0, -1, 1, 65, 487]	[[-5, 3], [-1, 20], [1, 23], [29/2, 283/2]]
"129275929.a1"	129275929	[1, 1, 0, -84896, 9485635]	[[671/2, -661/2], [174, 53], [2685/4, -5365/4], [8222/7, -28841/7]]
"129639403.a1"	129639403	[0, 0, 1, -872, 9926]	[[14, 21], [12, 34], [26, 69], [2, 90]]
"129683243.a1"	129683243	[0, -1, 1, 66, 486]	[[-5, 2], [3, 26], [1, 23], [-2, 18]]
"129694571.a1"	129694571	[0, -1, 1, -12, 552]	[[0, 23], [4, 23], [10, 36], [-8, 8]]
"129745303.a1"	129745303	[1, 0, 0, -10, -549]	[[9, 6], [11, 21], [13, 33], [22, 89]]
"130468997.a1"	130468997	[0, 1, 1, -364, 2498]	[[12, 1], [7, 18], [4, 33], [14, 18]]
"130524731.a1"	130524731	[0, 1, 1, -82, -648]	[[12, 15], [18, 63], [15, 41], [81, 728]]
"130915739.a1"	130915739	[0, 1, 1, -366, 2632]	[[10, 8], [13, 15], [7, 21], [-8, 71]]
"131011597.a1"	131011597	[0, 0, 1, -172, 671]	[[3, 13], [11, 10], [21, 79], [47, 310]]
"131305019.a1"	131305019	[0, -1, 1, -11, 555]	[[-3, 23], [-7, 15], [5, 24], [25/3, 613/3]]
"131334641.a1"	131334641	[1, -1, 1, 126, 42]	[[0, 6], [4, 22], [1, 12], [9, 38]]
"131467571.a1"	131467571	[0, 1, 1, 105, -332]	[[16, 75], [22, 114], [34/3, 298/3], [88/3, 1108/3]]
"131536201.a1"	131536201	[1, 0, 1, -1357, 19125]	[[23, 3], [15, 39], [75/2, 75/2], [-9, 179]]
"131642783.a1"	131642783	[1, -1, 1, 114, 260]	[[-1, 12], [-2, 5], [8, 36], [26, 129]]
"131949487.a1"	131949487	[1, 0, 1, -128, -53]	[[-11, 12], [13, 16], [-5/2, 83/2], [37, 196]]
"132040963.a1"	132040963	[0, 1, 1, -1535, 22650]	[[22, 3], [24, 14], [26, 31], [93/2, 63/2]]
"132057557.a1"	132057557	[0, 0, 1, -305, 1974]	[[12, 6], [7, 13], [16, 34], [63, 482]]
"132211811.a1"	132211811	[0, -1, 1, -59, 600]	[[-4, 27], [-10, 9], [0, 24], [-6, 26]]
"132306283.a1"	132306283	[0, 1, 1, -48, 552]	[[0, 23], [1, 22], [9, 30], [5, 21]]
"132382051.a1"	132382051	[1, 0, 0, 81, 484]	[[-4, -8], [3, 26], [0, 22], [32, 174]]
"132719417.a1"	132719417	[1, -1, 1, -742, 7940]	[[14, 5], [18, 4], [27, 70], [59/2, -7/2]]
"132824683.a1"	132824683	[1, -1, 1, -780, 8556]	[[17, -8], [14, 8], [25, 52], [9, 42]]
"132963011.a1"	132963011	[0, 0, 1, -52, 573]	[[-3, 26], [7, 23], [11, 36], [9/2, 169/2]]
"133174009.a1"	133174009	[1, -1, 1, -654, 6572]	[[14, -3], [16, -4], [7, 44], [63/2, -61/2]]
"133448411.a1"	133448411	[0, -1, 1, 68, 490]	[[-2, 18], [-1, 20], [-5, 0], [10, 45]]
"133458349.a1"	133458349	[0, -1, 1, -137, -228]	[[-6, 18], [-10, 6], [-4, 15], [36, 200]]
"133464677.a1"	133464677	[0, 1, 1, -140, 270]	[[2, 1], [12, 21], [-5, 29], [-6, 30]]
"133582411.a1"	133582411	[0, 1, 1, -12, 552]	[[0, 23], [3, 23], [-9, 3], [-7, 18]]
"134026843.a1"	134026843	[0, 1, 1, -7384, 241778]	[[49, 3], [52, 33], [54, 58], [37, 143]]
"134211997.a1"	134211997	[0, 0, 1, -922, 10761]	[[17, 0], [23, 41], [15, 17], [27, 74]]
"134299499.a1"	134299499	[1, 1, 1, 44, -528]	[[6, -4], [11, 32], [8, 16], [55/3, 22/3]]
"134315869.a1"	134315869	[0, -1, 1, -795, 8880]	[[16, 0], [6, 65], [30, 105], [69/2, 7/2]]
"134643079.a1"	134643079	[1, 1, 1, -134, 156]	[[1, 4], [12, 15], [-2, 21], [0, 12]]
"134825807.a1"	134825807	[1, 0, 0, -1555, 23466]	[[23, -11], [22, -6], [21, 3], [19, 20]]
"135060371.a1"	135060371	[0, -1, 1, -317, 2352]	[[12, 11], [14, 21], [2, 41], [-10, 66]]
"135192523.a1"	135192523	[1, 0, 0, -159, 940]	[[8, 10], [7, 10], [11, 18], [-7, 45]]
"135268027.a1"	135268027	[0, 1, 1, -48, 558]	[[-2, 25], [-9, 18], [-7, 24], [-4, 26]]
"135341027.a1"	135341027	[1, -1, 1, -136, 272]	[[2, 1], [-7, 32], [0, 16], [-10, 28]]
"135410059.a1"	135410059	[1, -1, 1, -291, 1896]	[[7, 9], [6, 15], [12, -1], [-9, 65]]
"135492083.b1"	135492083	[0, 0, 1, -3262, 71711]	[[33, 1], [31, 19], [69, 418], [-37, 376]]
"135522131.a1"	135522131	[0, -1, 1, -135, 870]	[[10, 20], [0, 29], [6, 15], [-51/2, 147/2]]
"135687131.a1"	135687131	[0, -1, 1, -1912, 32830]	[[25, 5], [28, 21], [22, 30], [101/2, 25/2]]
"135790859.a1"	135790859	[1, 0, 0, -812, 8821]	[[17, -7], [15, 1], [19, 9], [12, 23]]
"135851509.a1"	135851509	[0, 0, 1, -1261, 17226]	[[20, 2], [21, 2], [22, 11], [17, 26]]
"135882379.a1"	135882379	[1, -1, 1, -1464, 21912]	[[22, -11], [26, 17], [20, 8], [91/2, -79/2]]
"136135003.a1"	136135003	[0, 1, 1, -1630, 24800]	[[23, 2], [22, 8], [21, 16], [93/2, 23/2]]
"136248173.a1"	136248173	[1, -1, 0, 92, -471]	[[8, 23], [24, 111], [80, 677], [40/3, 29/3]]
"136252723.a1"	136252723	[1, 1, 1, -173, 600]	[[3, 9], [10, -6], [0, 24], [165/4, 95/4]]
"136258669.a1"	136258669	[0, 0, 1, -244, 1355]	[[11, 1], [3, 25], [13, 19], [-15, 40]]
"136289281.a1"	136289281	[1, 0, 0, 128, 81]	[[0, 9], [1, 14], [7, 33], [-5/3, 92/3]]
"136311689.a1"	136311689	[1, 0, 0, -502, 4251]	[[14, -3], [11, 4], [10, 11], [17, 18]]
"136551671.a1"	136551671	[1, 1, 1, -10, 558]	[[2, 22], [-9, 0], [-4, 25], [132, 1457]]
"136592747.a1"	136592747	[1, 0, 0, -610, 5721]	[[13, -1], [16, 3], [15, -6], [7, 39]]
"136745443.a1"	136745443	[0, 0, 1, -2396, 45145]	[[25, 29], [19, 80], [35, 64], [121/2, 145/2]]
"136846117.a1"	136846117	[0, -1, 1, -170, -588]	[[-4, 3], [-10, 3], [-7, 14], [-9, 11]]
"137314139.a1"	137314139	[0, 1, 1, -41, 559]	[[-1, 24], [-7, 23], [11, 39], [67/3, 712/3]]
"137378141.a1"	137378141	[1, 1, 1, -457, 3612]	[[12, 0], [14, 7], [8, 19], [27, 95]]
"137461391.a1"	137461391	[1, 1, 1, -1774, 28026]	[[24, -15], [23, -4], [20, 22], [2, 155]]
"137598907.a1"	137598907	[1, 0, 0, -383, 2908]	[[11, 2], [9, 10], [4, 36], [-3, 65]]
"137668933.a1"	137668933	[0, 1, 1, -158, -572]	[[-4, 3], [-7, 15], [14, 12], [56, 411]]
"137844757.a1"	137844757	[0, 0, 1, -667, 6606]	[[16, 5], [11, 24], [14, 3], [13, 11]]
"138024521.a1"	138024521	[1, 0, 0, -131, -128]	[[-1, 2], [-11, 2], [-9, 23], [51/2, 91/2]]
"138319339.a1"	138319339	[0, 1, 1, 64, 552]	[[-2, 20], [-3, 18], [-5, 11], [0, 23]]
"138450509.a1"	138450509	[1, -1, 1, -154, -428]	[[-4, 12], [-5, 16], [-8, 19], [94, 852]]
"138523589.a1"	138523589	[0, 0, 1, -419, 3252]	[[13, 1], [9, 14], [15, 18], [4, 40]]
"138537877.a1"	138537877	[0, -1, 1, -1108, 14560]	[[20, 0], [19, 2], [26, 51], [85/2, 97/2]]
"138661969.a1"	138661969	[1, 0, 0, 39, 562]	[[-6, 14], [7, 31], [-3, 22], [42, 256]]
"138813509.a1"	138813509	[0, 1, 1, -3257, 70467]	[[33, 3], [37, 44], [43, 108], [21, 108]]
"138981197.a1"	138981197	[1, 0, 0, -135, 196]	[[0, 14], [11, 3], [-9, 31], [-4, 28]]
"139216717.a1"	139216717	[0, 0, 1, -130, -57]	[[-3, 17], [-11, 6], [-1, 8], [-23/2, 175/2]]
"139532597.a1"	139532597	[1, -1, 1, -130, 20]	[[0, 4], [-4, 23], [-10, 20], [-1/2, 55/2]]
"139686187.a1"	139686187	[0, 1, 1, -3328, 72800]	[[33, 1], [28, 48], [35, 20], [133/2, 21/2]]
"139874057.a1"	139874057	[1, -1, 1, -172, -610]	[[-4, 2], [-9, -8], [-10, 10], [18, 34]]
"140001643.a1"	140001643	[0, 1, 1, -94, 638]	[[2, 21], [8, 21], [11, 32], [4, 18]]
"140195131.a1"	140195131	[0, 1, 1, -152, 870]	[[6, 14], [4, 18], [13, 35], [11, 25]]
"140211803.a1"	140211803	[1, 1, 1, -2260, 40416]	[[27, -12], [26, -4], [30, 12], [47, 178]]
"140825429.a1"	140825429	[0, 1, 1, -472, 3752]	[[10, 11], [8, 23], [15, 16], [11, 3]]
"140878379.a1"	140878379	[1, 1, 0, -148, 839]	[[10, 17], [-10, 43], [22, 83], [-5/2, 261/2]]
"141083623.a1"	141083623	[1, -1, 0, -599, 5824]	[[16, 4], [12, 10], [60, 398], [55/2, -1/2]]
"141153029.a1"	141153029	[0, 0, 1, -884, 10100]	[[18, 4], [20, 20], [-4, 116], [8, 59]]
"141249809.a1"	141249809	[1, 0, 0, -372, 2671]	[[9, 4], [14, 9], [2, 43], [17, 28]]
"141546037.a1"	141546037	[0, -1, 1, -564, 5316]	[[15, 2], [13, 3], [16, 11], [12, 11]]
"141549643.a1"	141549643	[0, 1, 1, 106, 426]	[[-2, 14], [-3, 9], [7, 39], [2, 25]]
"141617669.a1"	141617669	[1, 1, 1, -236, 1410]	[[9, 6], [4, 21], [22, 75], [-6, 54]]
"141756203.a1"	141756203	[0, -1, 1, -119, 801]	[[5, 17], [3, 21], [11, 26], [-17/3, 847/3]]
"141970277.a1"	141970277	[0, 1, 1, -314, -2172]	[[-9, 2], [-12, 3], [-11, 8], [33, 156]]
"142728373.a1"	142728373	[0, 0, 1, -385, 2850]	[[10, 0], [13, 6], [6, 27], [3, 41]]
"142872677.a1"	142872677	[0, 0, 1, -332, 2256]	[[12, 0], [4, 31], [-6, 63], [-14, 64]]
"142895287.a1"	142895287	[1, -1, 1, -207, 1040]	[[11, -3], [3, 19], [16, 32], [12, 7]]
"142911071.a1"	142911071	[1, 0, 0, -166, -603]	[[-4, 3], [-9, 18], [17, 31], [29, 124]]
"142973903.a1"	142973903	[1, 0, 0, -148, -399]	[[-3, 6], [-8, 21], [-7, 21], [32, 151]]
"143031289.a1"	143031289	[1, 1, 1, -157, -558]	[[-6, 17], [-7, 19], [-10, 16], [-75/4, 759/4]]
"143063819.a1"	143063819	[1, 0, 0, -171295, 27273318]	[[239, -116], [233, 40], [258, 390], [2146/3, -2912/3]]
"143431829.a1"	143431829	[1, -1, 1, -1282, 17972]	[[20, -4], [26, 28], [30, 61], [66, 433]]
"143491483.a1"	143491483	[0, 0, 1, -512, 4496]	[[14, 8], [6, 40], [20, 47], [32, 144]]
"144164011.a1"	144164011	[0, 1, 1, -72, 600]	[[3, 20], [6, 20], [8, 24], [11, 35]]
"144558523.a1"	144558523	[0, 0, 1, -431, 3492]	[[10, 13], [9, 18], [19, 46], [24, 83]]
"144711739.a1"	144711739	[1, -1, 1, -279, 1764]	[[8, -4], [12, 0], [14, 14], [7, 7]]
"145147589.a1"	145147589	[0, 1, 1, -162, -600]	[[-4, 0], [-9, 14], [-5, 10], [-7, 15]]
"145152023.a1"	145152023	[1, 1, 1, 116, 372]	[[-1, 16], [6, 33], [11, 50], [15, 68]]
"145154179.a1"	145154179	[1, 1, 1, -982, -12240]	[[-18, 9], [-19, 8], [-73/2, 43/2], [-892/7, 1912/7]]
"145620701.a1"	145620701	[0, 0, 1, -158, 497]	[[11, 9], [-7, 35], [-9, 34], [63, 490]]
"145692731.a1"	145692731	[1, 1, 1, 95, 498]	[[-4, 10], [6, 33], [-3, 15], [204/5, 4882/5]]
"145694287.a1"	145694287	[1, -1, 1, -132, 0]	[[-3, 20], [-10, 20], [0, 0], [12, 0]]
"145825363.a1"	145825363	[1, 0, 0, -365, 2716]	[[12, 4], [13, 8], [8, 14], [1, 48]]
"145830277.a1"	145830277	[0, -1, 1, -188, 870]	[[5, 5], [11, 3], [0, 29], [-15, 9]]
"145842731.b1"	145842731	[0, -1, 1, -282, 2010]	[[12, 14], [4, 30], [15, 30], [10, 9]]
"145973221.a1"	145973221	[0, 1, 1, -3301, 71907]	[[33, 0], [27, 56], [45, 128], [145/3, 4096/3]]
"145982059.a1"	145982059	[0, 1, 1, -211, 1247]	[[5, 18], [13, 29], [3, 25], [57, 421]]
"145998877.a1"	145998877	[0, -1, 1, -159, 564]	[[12, 15], [-2, 29], [-12, 24], [34, 182]]
"146131411.a1"	146131411	[0, 1, 1, -537, 4650]	[[14, 8], [10, 19], [8, 30], [-10, 95]]
"146305883.a1"	146305883	[0, -1, 1, -276670, 56105632]	[[304, 0], [308, 120], [1213/2, 181/2], [326, 671]]
"146338123.a1"	146338123	[0, 1, 1, -574, 5138]	[[13, 6], [14, 6], [16, 17], [8, 33]]
"146467459.a1"	146467459	[1, -1, 1, -141, 306]	[[2, 4], [11, -7], [-8, 33], [12, 9]]
"146468963.a1"	146468963	[0, -1, 1, -109, 766]	[[-4, 33], [-10, 27], [8, 18], [2, 23]]
"146519999.a1"	146519999	[1, -1, 1, -6589, 207494]	[[47, -25], [48, -14], [44, 14], [1154/5, -1543/5]]
"147300451.a1"	147300451	[1, 0, 0, 30, 583]	[[-6, 17], [3, 25], [-7, -3], [-1, 24]]
"147390931.a1"	147390931	[0, 0, 1, -134, 835]	[[7, 15], [1, 26], [-13, 19], [25, 114]]
"147535529.a1"	147535529	[1, 0, 0, -462, 3739]	[[14, 1], [15, 8], [10, 7], [17, 21]]
"147566203.a1"	147566203	[0, 1, 1, -530, 4560]	[[12, 8], [11, 13], [15, 14], [9, 24]]
"147648341.a1"	147648341	[0, 1, 1, -631, 5867]	[[15, 1], [13, 5], [17, 18], [53/2, 19/2]]
"147798083.a1"	147798083	[1, 1, 1, -544, 4692]	[[14, 1], [15, 6], [11, 8], [-21, 96]]
"147901571.a1"	147901571	[1, 1, 1, -8607, 303760]	[[53, -25], [52, -12], [56, 8], [478/3, -707/3]]
"147949187.a1"	147949187	[1, 0, 0, -133, -90]	[[-1, 7], [-11, 14], [-2, 14], [47/2, -31/2]]
"148075547.a1"	148075547	[0, -1, 1, -563, 5367]	[[15, 8], [17, 20], [53/2, 57/2], [-25, 56]]
"148145797.a1"	148145797	[0, -1, 1, -184, 826]	[[5, 2], [11, 3], [13, 21], [-4, 38]]
"148389811.a1"	148389811	[0, 1, 1, 103, 462]	[[-4, 1], [0, 21], [6, 36], [-11/2, 99/2]]
"148437371.a1"	148437371	[0, -1, 1, 3, 585]	[[-5, 20], [9, 35], [19, 84], [33, 188]]
"148444651.a1"	148444651	[0, 0, 1, -1289, 17822]	[[20, 6], [23, 18], [29, 69], [-22, 188]]
"148501349.a1"	148501349	[0, 0, 1, -479, 3992]	[[14, 5], [15, 13], [5, 41], [24, 79]]
"149086757.a1"	149086757	[0, 1, 1, -264, 1458]	[[7, 1], [11, 2], [14, 26], [-1, 41]]
"149319829.a1"	149319829	[1, -1, 1, -144, 342]	[[0, 18], [-1, 22], [11, -4], [-10, 31]]
"149417293.a1"	149417293	[1, 0, 0, -854, 9553]	[[17, -4], [16, -1], [24, 43], [8, 53]]
"149466773.a1"	149466773	[1, 0, 0, -423, -3332]	[[-11, 1], [-13, 3], [-49/2, -7/2], [-107/3, -34/3]]
"149506043.a1"	149506043	[0, -1, 1, -803, 9051]	[[15, 12], [29, 96], [77/2, 147/2], [39, 188]]
"149568983.a1"	149568983	[1, -1, 1, -1971, 34170]	[[26, -11], [25, -5], [29, 13], [107/2, -47/2]]
"150004843.a1"	150004843	[0, 1, 1, 50, 590]	[[-6, 10], [2, 26], [-4, 18], [4, 29]]
"150023597.a1"	150023597	[1, 0, 0, -1685, 26476]	[[24, -10], [23, -7], [21, 11], [25, -1]]
"150173981.a1"	150173981	[1, 1, 1, 118, 372]	[[-3, 2], [4, 28], [-2, 12], [37, 220]]
"150256549.a1"	150256549	[0, 0, 1, -2314, 42840]	[[28, 0], [30, 20], [32, 39], [2, 195]]
"150346037.a1"	150346037	[0, 1, 1, -268, 1496]	[[7, 3], [11, 0], [5, 17], [-19, 9]]
"150533189.a1"	150533189	[0, 0, 1, -329, -2220]	[[-9, 3], [-12, 0], [21, 11], [40, 220]]
"150720629.a1"	150720629	[1, 0, 0, -567, 5116]	[[15, -1], [11, 10], [17, 13], [-5, 91]]
"150728059.a1"	150728059	[0, 0, 1, -203, 1260]	[[7, 13], [12, 23], [0, 35], [33/2, 93/2]]
"151000891.a1"	151000891	[0, 1, 1, -222, 1332]	[[11, 18], [3, 26], [8, 11], [13, 28]]
"151073563.a1"	151073563	[0, 1, 1, -13, 587]	[[-5, 23], [-9, 7], [-1, 24], [91, 872]]
"151138277.a1"	151138277	[0, 1, 1, -21865, 1237175]	[[85, 0], [87, 31], [79, 95], [267, 3808]]
"151300229.a1"	151300229	[0, 1, 1, -1054, 12812]	[[19, 2], [20, 11], [21, 19], [26, 60]]
"151446221.a1"	151446221	[1, -1, 1, -12148, 518370]	[[64, -31], [72, 78], [255/2, -245/2], [1596/5, -4034/5]]
"151706311.a1"	151706311	[1, 1, 0, -133, -94]	[[-2, 14], [-10, 24], [38, 208], [47/2, 47/2]]
"151727893.a1"	151727893	[1, 0, 0, -780, 8341]	[[15, 1], [20, 19], [11, 28], [28, 79]]
"151980691.a1"	151980691	[1, 0, 0, -2732, 54739]	[[30, -13], [29, -4], [34, 21], [127/2, 1/2]]
"152166811.a1"	152166811	[0, 1, 1, 118, 372]	[[-2, 11], [-3, 0], [6, 36], [8, 43]]
"152256997.a1"	152256997	[0, 0, 1, -1771, 28680]	[[24, 0], [25, 5], [26, 14], [20, 35]]
"152622571.a1"	152622571	[0, 1, 1, -212, 1260]	[[6, 15], [13, 29], [11, 19], [10, 15]]
"152698123.a1"	152698123	[0, 1, 1, -24, 588]	[[2, 23], [3, 23], [7, 28], [-7, 21]]
"153415799.a1"	153415799	[1, -1, 1, -136, 156]	[[0, 12], [-3, 24], [-11, 20], [21, 68]]
"153423077.a1"	153423077	[0, 1, 1, -724, 7238]	[[16, 2], [14, 6], [17, 11], [19, 26]]
"153578773.a1"	153578773	[1, 0, 1, -5633, 162237]	[[43, -19], [35, 73], [51, 65], [167/2, -35/2]]
"153708403.b1"	153708403	[0, 1, 1, 45, 600]	[[-2, 22], [0, 24], [6, 33], [20, 99]]
"153808183.a1"	153808183	[1, 0, 0, -2225, 40216]	[[27, -11], [28, -6], [24, 16], [147/2, 587/2]]
"153845089.a1"	153845089	[1, 1, 1, -314, 1926]	[[12, 2], [4, 25], [6, 14], [-2, 51]]
"154060583.a1"	154060583	[1, 1, 1, -75, 616]	[[5, 17], [-4, 31], [-11, 21], [17, 59]]
"154457153.a1"	154457153	[1, -1, 0, 107, 394]	[[-2, 14], [6, 32], [14, 60], [30, 158]]
"154507247.a1"	154507247	[1, -1, 1, -75, 666]	[[4, 18], [5, 17], [17, 55], [-11, 13]]
"154559579.a1"	154559579	[0, -1, 1, -6, 600]	[[0, 24], [3, 24], [-8, 8], [55, 404]]
"154611323.a1"	154611323	[0, 0, 1, 59, 572]	[[-6, 1], [5, 31], [-4, 16], [50, 358]]
"154667393.a1"	154667393	[1, -1, 1, -72, 660]	[[8, 19], [-3, 30], [6, 17], [10, 24]]
"155237123.a1"	155237123	[1, 1, 1, -395, 2916]	[[12, 3], [13, 7], [9, 9], [39/2, 43/2]]
"155249503.a1"	155249503	[1, 0, 0, -134, 835]	[[3, 20], [2, 23], [13, 30], [6, 13]]
"155400683.a1"	155400683	[1, 1, 1, 1, 600]	[[0, 24], [-8, -9], [-6, 23], [6, 26]]
"155574971.a1"	155574971	[0, 0, 1, -349, 2580]	[[11, 8], [10, 9], [3, 39], [13, 15]]
"155587787.a1"	155587787	[0, -1, 1, -163, 1057]	[[7, 14], [5, 18], [-5, 41], [85/3, 431/3]]
"155653723.a1"	155653723	[0, 0, 1, 4, 600]	[[0, 24], [-8, 7], [10, 40], [49/2, 395/2]]
"156148997.a1"	156148997	[0, 1, 1, -324, 2058]	[[7, 13], [14, 21], [12, 6], [8, 6]]
"156320189.a1"	156320189	[1, 1, 0, 117, 406]	[[-2, 14], [6, 34], [30, 164], [126/5, 3934/5]]
"156338597.a1"	156338597	[0, 1, 1, -184, -814]	[[-5, 2], [-8, 14], [-6, 10], [-11, 0]]
"156433301.a1"	156433301	[1, -1, 1, -283, 1798]	[[8, -3], [13, 7], [-2, 49], [-19, 3]]
"156493511.b1"	156493511	[1, -1, 0, -391, 3136]	[[12, 2], [16, 20], [0, 56], [-4, 70]]
"156702661.a1"	156702661	[0, -1, 1, -306, -1872]	[[-8, 0], [-11, 6], [-9, 8], [-183/4, 35/4]]
"156711817.a1"	156711817	[1, -1, 1, 71, -574]	[[8, 17], [20, 82], [38, 217], [47/2, 287/2]]
"156790441.a1"	156790441	[1, -1, 1, -138, -120]	[[-1, 4], [-6, 24], [-8, 24], [14, 16]]
"156823523.a1"	156823523	[0, 0, 1, -532, 4761]	[[13, 6], [9, 26], [15, 12], [11, 15]]
"156978917.a1"	156978917	[0, 1, 1, -9228, 338142]	[[55, 1], [54, 14], [221/2, 7/2], [120, 986]]
"157494091.a1"	157494091	[0, 1, 1, -402, 3030]	[[10, 10], [15, 24], [14, 18], [21, 65]]
"157591403.a1"	157591403	[0, 0, 1, 89, 510]	[[-4, 9], [1, 24], [4, 30], [6, 35]]
"157689397.a1"	157689397	[0, 0, 1, -331, -2238]	[[-10, 8], [-11, 8], [-12, 2], [-9, 3]]
"157742003.a1"	157742003	[0, 1, 1, -79, 636]	[[-6, 30], [-12, 0], [12, 39], [-3/2, 207/2]]
"157837349.a1"	157837349	[0, 1, 1, -662, 6312]	[[16, 8], [12, 15], [13, 8], [18, 23]]
"157880851.a1"	157880851	[1, 0, 0, -262, 1719]	[[9, 6], [7, 12], [-1, 45], [-13, 61]]
"157881349.a1"	157881349	[0, 0, 1, -181, 716]	[[4, 7], [12, 16], [11, 7], [-14, 22]]
"157921669.a1"	157921669	[0, 0, 1, -139, -180]	[[-3, 14], [-10, 14], [-2, 9], [-8, 20]]
"158023477.a1"	158023477	[0, -1, 1, -290, 1902]	[[8, 5], [5, 23], [15, 26], [12, 2]]
"158248693.a1"	158248693	[0, -1, 1, -188, 852]	[[5, 3], [3, 17], [-13, 30], [-15, 8]]
"158373029.a1"	158373029	[0, 1, 1, -202, 860]	[[4, 11], [13, 24], [11, 9], [5, 0]]
"158436373.a1"	158436373	[1, 0, 0, 5, 606]	[[3, 24], [2, 24], [-7, 19], [-1, 25]]
"158651923.a1"	158651923	[1, 0, 0, -498, 4279]	[[14, 3], [15, 8], [10, 13], [21, 46]]
"158783291.a1"	158783291	[0, 0, 1, -919, 10740]	[[18, 5], [17, 5], [21, 26], [16, 11]]
"158811371.a1"	158811371	[0, -1, 1, -202, 1330]	[[7, 14], [5, 20], [10, 14], [2, 30]]
"158853043.a1"	158853043	[1, -1, 0, 91, 484]	[[0, 22], [4, 28], [-9/2, 139/2], [-32/3, 326/3]]
"158965643.a1"	158965643	[0, -1, 1, -15844, 772924]	[[73, 0], [71, 29], [76, 44], [293/2, 25/2]]
"158977589.a1"	158977589	[0, 1, 1, -180, -768]	[[-6, 11], [-10, 11], [-11, 1], [24, 96]]
"159093563.a1"	159093563	[0, -1, 1, -278, 1980]	[[11, 11], [0, 44], [24, 92], [-15, 50]]
"159930971.a1"	159930971	[1, -1, 1, -609, 5964]	[[16, 3], [18, 15], [14, -1], [22, 42]]
"159976823.a1"	159976823	[1, 1, 1, -138, 814]	[[7, 12], [2, 22], [8, 13], [308, 5258]]
"160324069.a1"	160324069	[1, 1, 1, -447, 3400]	[[13, -9], [8, 16], [20, 44], [-20, 79]]
"160344029.a1"	160344029	[0, 1, 1, -1447, 20702]	[[22, 0], [18, 28], [26, 36], [46, 231]]
"160603187.a1"	160603187	[1, 0, 0, -174, 625]	[[3, 10], [11, 3], [0, 25], [-3, 35]]
"160674263.a1"	160674263	[1, -1, 0, -257, 1530]	[[14, 16], [-18, 0], [-10, 60], [-9/2, 375/2]]
"160810147.a1"	160810147	[1, -1, 1, -20577, 1141230]	[[83, -41], [88, 34], [91, 81], [335/2, -253/2]]
"160904503.a1"	160904503	[1, 0, 0, -60, 631]	[[-6, 31], [-5, 31], [5, 19], [-9, 26]]
"160907897.a1"	160907897	[1, 0, 0, -160, 471]	[[3, 3], [11, 3], [-2, 29], [14, 25]]
"160937893.a1"	160937893	[1, -1, 1, 20, 604]	[[-2, 24], [1, 24], [-7, 12], [97, 904]]
"160963199.a1"	160963199	[1, 1, 0, -309, -2134]	[[-10, 14], [-49/2, 43/2], [62, 440], [527/2, 11515/2]]
"161184131.a1"	161184131	[1, 0, 0, -1551, 23374]	[[23, -11], [18, 28], [25, 7], [5, 123]]
"161210701.a1"	161210701	[0, 0, 1, -148, 327]	[[11, 5], [15, 38], [13, 24], [-9, 30]]
"161223269.a1"	161223269	[0, 1, 1, -142, -280]	[[-2, 0], [-11, 8], [-10, 15], [-7, 20]]
"161408587.a1"	161408587	[0, 1, 1, -7358, 240498]	[[49, 2], [48, 14], [58, 110], [118, 1014]]
"161499397.a1"	161499397	[0, -1, 1, -2524, 49654]	[[29, 2], [31, 15], [26, 30], [37, 74]]
"161535763.a1"	161535763	[0, 1, 1, 31, 618]	[[-2, 23], [6, 32], [12, 53], [22, 111]]
"161580077.a1"	161580077	[1, 0, 0, -245, -1364]	[[-8, 14], [-9, -7], [-7, 8], [-11, 0]]
"161699579.a1"	161699579	[0, 0, 1, -103, 732]	[[8, 20], [-2, 30], [10, 26], [5, 18]]
"162387317.a1"	162387317	[0, 1, 1, -4670, 121290]	[[39, 0], [40, 9], [36, 33], [34, 54]]
"162479263.a1"	162479263	[1, 0, 0, -740, 7711]	[[15, -1], [14, 5], [19, 15], [67/2, 7/2]]
"162701027.a1"	162701027	[1, -1, 1, 135, -132]	[[1, 1], [6, 26], [4, 19], [11/2, 113/2]]
"162910373.a1"	162910373	[0, 1, 1, -243, -1407]	[[-9, 11], [-11, 7], [-7, 0], [-543/8, 5263/8]]
"163084309.a1"	163084309	[0, -1, 1, -494, 4350]	[[12, 2], [15, 9], [9, 23], [5, 44]]
"163250837.a1"	163250837	[0, 1, 1, -210, 930]	[[5, 5], [14, 30], [0, 30], [-8, 46]]
"163360091.a1"	163360091	[0, -1, 1, 133, 135]	[[-1, 0], [3, 23], [9, 44], [-3/2, 43/2]]
"163417643.a1"	163417643	[0, 0, 1, -517, 4566]	[[13, 6], [14, 8], [11, 14], [12, 9]]
"163420883.a1"	163420883	[0, -1, 1, -163, 1066]	[[8, 14], [4, 21], [14, 36], [34, 183]]
"163471691.a1"	163471691	[0, -1, 1, 131, 175]	[[-1, 6], [5, 30], [1, 17], [29/2, 301/2]]
"163540073.a1"	163540073	[1, 1, 1, 71, 600]	[[-6, 3], [2, 26], [-1, 23], [31/3, 751/3]]
"163549931.a1"	163549931	[0, -1, 1, -3774, 90510]	[[36, 2], [37, 12], [34, 18], [39, 33]]
"163983317.a1"	163983317	[0, 1, 1, -1428, 20292]	[[20, 11], [19, 19], [21, 2], [46, 232]]
"164020069.b1"	164020069	[0, -1, 1, -140, -126]	[[-6, 21], [-7, 21], [-1, 3], [48, 318]]
"164362091.a1"	164362091	[0, -1, 1, -382, 3070]	[[13, 11], [8, 21], [5, 35], [22, 69]]
"164387521.a1"	164387521	[1, -1, 1, -304, 2204]	[[8, 11], [14, 16], [12, 7], [-6, 64]]
"164483933.a1"	164483933	[1, 1, 1, -673, 6468]	[[14, -1], [12, 11], [18, 15], [-21, 119]]
"164508229.a1"	164508229	[1, -1, 1, -174, 672]	[[4, 3], [11, -8], [12, 8], [22, 73]]
"164638459.a1"	164638459	[1, 1, 1, -137, -60]	[[-2, 15], [-8, 28], [-5, 25], [-12, 0]]
"164924911.a1"	164924911	[1, 0, 0, -77, 664]	[[3, 20], [8, 20], [-5, 33], [-8, 32]]
"164960909.a1"	164960909	[1, -1, 1, -123, 840]	[[7, 13], [2, 23], [14, 34], [-1, 31]]
"165130123.a1"	165130123	[0, 1, 1, 136, 156]	[[0, 12], [3, 24], [-1, 4], [-3/2, 55/2]]
"165143273.a1"	165143273	[1, 1, 0, 18, 625]	[[0, 25], [-8, 11], [16, 65], [-21/2, 185/2]]
"165607109.a1"	165607109	[0, 1, 1, -175, -703]	[[-5, 8], [-11, 3], [15, 16], [185, 2516]]
"165631777.a1"	165631777	[1, 1, 0, -196, 779]	[[2, 19], [14, 25], [-14, 39], [59/2, 237/2]]
"165799633.a1"	165799633	[1, 0, 0, 136, -95]	[[1, 6], [8, 35], [3, 17], [16, 71]]
"165859469.a1"	165859469	[1, 1, 1, -36, 610]	[[2, 22], [-8, 25], [4, 21], [-10, 14]]
"165940237.a1"	165940237	[1, -1, 1, -726, 7680]	[[15, -6], [18, 5], [20, 19], [24, 48]]
"165994651.b1"	165994651	[0, 1, 1, -764, 7902]	[[16, 5], [15, 6], [18, 17], [21, 39]]
"166041541.a1"	166041541	[0, 0, 1, -139, 116]	[[-3, 22], [-10, 22], [15, 37], [-12, 7]]
"166325827.a1"	166325827	[0, 1, 1, -23, -630]	[[10, 15], [18, 71], [28, 146], [82/3, -8/3]]
"166340683.a1"	166340683	[0, 1, 1, -195, 1155]	[[7, 13], [11, 21], [9, 14], [-3, 41]]
"166551337.a1"	166551337	[1, 1, 1, -140, -204]	[[-5, 22], [-6, 24], [-2, 9], [16, 36]]
"166695209.a1"	166695209	[1, -1, 1, 132, -240]	[[2, 4], [4, 16], [5, 20], [40, 240]]
"167080801.a1"	167080801	[1, 0, 0, -1467, 21514]	[[22, -8], [23, -3], [17, 31], [83/2, 3/2]]
"167204717.a1"	167204717	[0, 0, 1, -2012, 34731]	[[25, 7], [27, 9], [43, 166], [199/3, 863/3]]
"167345531.a1"	167345531	[0, -1, 1, -772, 8542]	[[16, 5], [17, 6], [11, 35], [20, 26]]
"167496661.a1"	167496661	[0, 0, 1, -583, 5382]	[[13, 0], [15, 3], [10, 23], [20, 41]]
"167780777.a1"	167780777	[1, 0, 0, -145, -264]	[[-5, 21], [-8, 24], [-4, 18], [-11, 0]]
"167782123.a1"	167782123	[0, 1, 1, -1528, 22496]	[[22, 3], [21, 10], [30, 67], [17, 41]]
"167905483.a1"	167905483	[0, 1, 1, 30, 630]	[[-1, 24], [-4, 21], [12, 53], [3, 27]]
"168701317.a1"	168701317	[0, -1, 1, -170, -528]	[[-4, 8], [-10, 8], [-6, 15], [29, 134]]
"168763429.a1"	168763429	[0, 0, 1, -2314, -42840]	[[-28, 0], [-111/2, 13/2], [-248/3, 8/3], [-447/4, 65/4]]
"168766043.a1"	168766043	[0, -1, 1, -1214, 16704]	[[21, 5], [23, 20], [14, 47], [36, 135]]
"168828991.a1"	168828991	[1, 0, 0, 138, -29]	[[1, 10], [2, 15], [6, 29], [50, 339]]
"168841333.a1"	168841333	[0, 0, 1, -229, 1178]	[[6, 4], [-1, 37], [-14, 40], [24, 97]]
"169040789.a1"	169040789	[0, 1, 1, -530, 4482]	[[14, 1], [15, 11], [24, 78], [-20, 86]]
"169064957.a1"	169064957	[0, 1, 1, -689, 6708]	[[14, 1], [18, 21], [4, 63], [124/3, 109/3]]
"169295531.a1"	169295531	[0, -1, 1, -432, 3660]	[[13, 8], [4, 44], [10, 15], [9, 20]]
"169410121.a1"	169410121	[1, 0, 0, -62, -659]	[[11, -1], [12, 13], [19, 62], [163/2, 1875/2]]
"169830503.a1"	169830503	[1, -1, 1, -460, 3856]	[[14, -3], [4, 43], [-8, 87], [22, 52]]
"169836437.a1"	169836437	[0, 1, 1, -160, -520]	[[-4, 8], [-7, 17], [-11, 5], [-9, 16]]
"169941829.a1"	169941829	[0, 1, 1, -152, 310]	[[-1, 21], [11, 9], [14, 33], [-4, 29]]
"169959941.a1"	169959941	[1, -1, 1, -5691, 166656]	[[44, -20], [42, -1], [36, 68], [50, 47]]
"169979717.a1"	169979717	[0, 1, 1, -174, -684]	[[-7, 15], [-10, 12], [-11, 4], [15, 17]]
"170010539.a1"	170010539	[0, -1, 1, -1266, 17778]	[[21, 3], [22, 9], [27, 50], [1, 128]]
"170245067.a1"	170245067	[0, -1, 1, -3858, 93534]	[[36, 2], [37, 8], [39, 29], [102, 866]]
"170256439.a1"	170256439	[1, -1, 1, -297, 1938]	[[8, 1], [12, -7], [7, 9], [22, 64]]
"170416357.a1"	170416357	[0, -1, 1, -350, -2328]	[[-9, 3], [-12, 0], [-10, 8], [-101/3, 197/3]]
"170601877.a1"	170601877	[0, 0, 1, -232, 1206]	[[6, 5], [14, 26], [18, 53], [4, 18]]
"170720461.a1"	170720461	[1, -1, 1, -49, 654]	[[3, 21], [-6, 29], [16, 53], [6, 20]]
"170892889.a1"	170892889	[1, 0, 0, -81, 682]	[[2, 22], [9, 22], [-9, 31], [-6, 34]]
"170943163.a1"	170943163	[0, 1, 1, -64, 638]	[[6, 22], [8, 26], [-1, 26], [-3, 28]]
"171402437.a1"	171402437	[0, 1, 1, -16154, 784896]	[[73, 0], [72, 15], [69, 59], [58, 215]]
"172108597.a1"	172108597	[0, -1, 1, -159, 501]	[[3, 6], [1, 18], [-9, 33], [13, 21]]
"172229461.a1"	172229461	[0, -1, 1, -186, 810]	[[13, 20], [-3, 36], [28, 129], [18, 54]]
"172265683.a1"	172265683	[1, 0, 1, -13, -633]	[[9, -3], [13, 31], [39/2, 69/2], [169, 2113]]
"172589003.a1"	172589003	[0, 0, 1, -391, 3042]	[[11, 8], [10, 11], [15, 23], [13, 12]]
"172625483.a1"	172625483	[0, -1, 1, -384, 3096]	[[12, 8], [13, 11], [10, 12], [7, 26]]
"172704149.a1"	172704149	[0, 0, 1, -1919, 32350]	[[25, 0], [23, 19], [31, 51], [46, 203]]
"172737181.a1"	172737181	[1, 0, 0, -95, 718]	[[3, 20], [-1, 29], [13, 35], [-11, 27]]
"172842779.a1"	172842779	[0, -1, 1, 134, -260]	[[2, 3], [10, 44], [8, 35], [17, 81]]
"172852439.a1"	172852439	[1, 1, 1, -161, 942]	[[6, 12], [1, 27], [10, 16], [-45/2, 349/2]]
"173031077.a1"	173031077	[0, 1, 1, -143, 141]	[[-3, 23], [-5, 27], [1, 0], [-17/3, 532/3]]
"173104669.a1"	173104669	[0, 0, 1, -142, 153]	[[1, 3], [-9, 26], [-3, 23], [41, 251]]
"173199797.a1"	173199797	[0, 1, 1, -2030, 34530]	[[26, 1], [25, 5], [24, 14], [27, 11]]
"173320613.a1"	173320613	[1, 0, 0, -323, 2116]	[[7, 11], [13, 6], [12, -8], [15, 19]]
"173886191.a1"	173886191	[1, 0, 0, -331, 2202]	[[7, 12], [6, 18], [14, 12], [19, 44]]
"173896087.a1"	173896087	[1, 1, 1, -140, 6]	[[0, 2], [-11, 24], [22, 79], [-12, 17]]
"173912171.a1"	173912171	[0, -1, 1, -252, 1752]	[[9, 11], [6, 20], [16, 39], [10, 11]]
"174116099.a1"	174116099	[1, 0, 0, -157, -426]	[[-5, 18], [-7, 22], [-3, 6], [-10, 18]]
"174301129.a1"	174301129	[1, -1, 1, -7626, 258216]	[[51, -22], [48, 8], [46, 33], [62, 113]]
"174328139.a1"	174328139	[0, -1, 1, -266, 1878]	[[6, 21], [14, 26], [9, 11], [-4, 53]]
"174341899.a1"	174341899	[0, 1, 1, -386, 2862]	[[13, 14], [7, 23], [-13, 76], [0, 53]]
"174562853.a1"	174562853	[1, 1, 1, -260, 1626]	[[9, 6], [10, 7], [18, 47], [12, 14]]
"174618649.a1"	174618649	[1, -1, 1, -2064, 36594]	[[26, -17], [27, -18], [24, 9], [16, 78]]
"174638309.a1"	174638309	[0, 1, 1, -222, 1032]	[[11, 6], [2, 24], [12, 15], [5, 8]]
"174682243.a1"	174682243	[1, 0, 0, -298, 2055]	[[13, 14], [14, 19], [10, 5], [47/2, 69/2]]
"174716023.a1"	174716023	[1, 0, 0, -164, 1015]	[[6, 13], [3, 22], [13, 27], [-15, -5]]
"174728299.a1"	174728299	[0, 1, 1, -416, 3192]	[[12, 8], [15, 23], [10, 11], [3, 44]]
"174827381.a1"	174827381	[0, 1, 1, -2101, -37771]	[[-27, 1], [-239/3, 10/3], [-431/4, 95/4], [103, 921]]
"174881923.a1"	174881923	[0, 1, 1, -365, 2640]	[[10, 9], [12, 11], [4, 35], [6, 26]]
"174937643.a1"	174937643	[0, 0, 1, -61, 662]	[[3, 22], [-10, 16], [-6, 28], [-11, 1]]
"175020283.a1"	175020283	[0, 0, 1, 13, 636]	[[1, 25], [-6, 18], [3, 26], [-8, 4]]
"175457239.a1"	175457239	[1, 1, 1, -307, 1842]	[[12, 2], [3, 29], [27, 105], [38, 197]]
"175467673.a1"	175467673	[1, 0, 0, -589, 5490]	[[13, 2], [10, 20], [17, 13], [35, 150]]
"175722299.a1"	175722299	[0, 0, 1, -283, 1940]	[[10, 10], [5, 25], [12, 16], [75, 634]]
"175733099.a1"	175733099	[1, 0, 0, -219, 1054]	[[11, -8], [2, 24], [5, 7], [18, 46]]
"175865861.a1"	175865861	[0, 1, 1, -146, -288]	[[-2, 0], [-10, 16], [-3, 11], [-5, 18]]
"175918661.a1"	175918661	[0, 0, 1, -308, 1980]	[[12, 3], [4, 28], [22, 76], [112, 1171]]
"175928611.a1"	175928611	[0, 1, 1, -67, 650]	[[4, 21], [0, 25], [-10, 20], [5/2, 187/2]]
"176166181.a1"	176166181	[1, 0, 0, -1804, 29349]	[[25, -7], [27, 9], [23, 1], [99/2, -69/2]]
"176208059.a1"	176208059	[1, 0, 0, -4157, 102814]	[[37, -19], [38, -10], [43, 42], [-47, 465]]
"176589029.a1"	176589029	[0, 1, 1, -152, -390]	[[-6, 18], [-7, 19], [-11, 8], [15, 30]]
"176917723.a1"	176917723	[0, 1, 1, -114, 756]	[[4, 19], [0, 27], [12, 35], [-7, 35]]
"177018571.a1"	177018571	[0, 0, 1, -179, 1122]	[[9, 15], [0, 33], [13, 31], [22, 88]]
"177350741.a1"	177350741	[0, 1, 1, -236, 1164]	[[6, 0], [11, 4], [1, 30], [13, 21]]
"177442579.a1"	177442579	[1, -1, 1, -28, 650]	[[-1, 26], [2, 23], [14, 46], [-77/3, 488/3]]
"177693029.a1"	177693029	[1, 0, 0, -602, 5599]	[[15, -7], [13, -3], [18, 17], [9, 26]]
"177929371.a1"	177929371	[0, 0, 1, -239, 1560]	[[6, 18], [13, 25], [12, 20], [3, 29]]
"178036163.a1"	178036163	[0, 0, 1, -2140, 38109]	[[27, 3], [23, 32], [17, 81], [-53, 51]]
"178108309.a1"	178108309	[0, 0, 1, -259, 1470]	[[7, 0], [12, 9], [-2, 44], [6, 11]]
"178119937.a1"	178119937	[1, -1, 1, -141, 20]	[[0, 4], [-11, -7], [-4, 24], [-104/3, 121/3]]
"178291909.a1"	178291909	[0, -1, 1, -382, 2932]	[[14, 11], [7, 23], [10, 3], [1, 50]]
"178292249.a1"	178292249	[1, 1, 1, -1186, 15240]	[[20, -5], [17, 10], [24, 24], [2, 112]]
"178352443.a1"	178352443	[0, 0, 1, -18767, 989556]	[[79, 1], [81, 29], [75, 62], [709/3, 118/3]]
"178639841.a1"	178639841	[1, 0, 0, -141, -56]	[[-3, 20], [-7, 28], [-8, 28], [27, 113]]
"178721219.a1"	178721219	[1, 0, 0, -192, 781]	[[4, 7], [11, 0], [-3, 38], [15, 29]]
"178761403.a1"	178761403	[0, 1, 1, -6243, 187797]	[[45, 3], [181/2, 5/2], [69, 300], [75, 383]]
"179054873.a1"	179054873	[1, -1, 1, 63, -630]	[[7, 7], [10, 25], [8, 14], [16, 57]]
"179205883.a1"	179205883	[0, 1, 1, -149, 903]	[[1, 27], [-13, 28], [13, 36], [-11, 36]]
"179234579.a1"	179234579	[1, 0, 0, -382, 2769]	[[13, 0], [24, 75], [-17, 75], [-21, 51]]
"179382529.a1"	179382529	[1, -1, 1, -174, 644]	[[4, -4], [12, 7], [14, 21], [3, 10]]
"179409221.a1"	179409221	[0, 0, 1, -533, 4692]	[[15, 8], [1, 64], [18, 30], [-24, 60]]
"179591449.a1"	179591449	[1, 0, 0, -152, 311]	[[2, 3], [11, -5], [-1, 22], [50, 319]]
"179813503.a1"	179813503	[1, -1, 1, 98, 500]	[[-4, 7], [2, 25], [-1, 20], [24, 115]]
"179916427.a1"	179916427	[0, 0, 1, -35, 650]	[[0, 25], [-7, 23], [5, 24], [-10, 0]]
"179941253.a1"	179941253	[0, 1, 1, -248, 1278]	[[6, 6], [11, 1], [13, 20], [18, 54]]
"180063203.a1"	180063203	[1, 0, 0, -523, -4602]	[[-14, 2], [-13, 0], [-49/2, 33/2], [-203/4, 47/4]]
"180083531.a1"	180083531	[0, -1, 1, -122, 870]	[[8, 18], [9, 20], [0, 29], [-13, 9]]
"180383419.a1"	180383419	[0, 1, 1, -126, 804]	[[3, 21], [11, 29], [14, 44], [4, 19]]
"180651403.a1"	180651403	[0, 0, 1, 103, 506]	[[-4, 5], [9, 46], [0, 22], [14, 68]]
"180795877.a1"	180795877	[0, -1, 1, -2254, 41944]	[[28, 0], [26, 15], [32, 39], [109/2, 27/2]]
"181082123.a1"	181082123	[0, 0, 1, -85, 714]	[[2, 23], [13, 42], [7, 21], [6, 20]]
"181235897.a1"	181235897	[1, 0, 0, -399, -3032]	[[-11, 13], [-12, -2], [-13, 7], [43, 223]]
"181563133.a1"	181563133	[0, 1, 1, -853, 9288]	[[18, 9], [6, 66], [69/2, 13/2], [-24, 128]]
"181666283.a1"	181666283	[0, 1, 1, -18774, 983878]	[[79, 3], [76, 42], [709/3, -1/3], [112, 546]]
"181709611.a1"	181709611	[0, 1, 1, -382, 2822]	[[11, 8], [2, 45], [8, 18], [12, 10]]
"181800637.a1"	181800637	[1, 0, 0, 37, 646]	[[-7, -4], [-5, 21], [7, 32], [2, 26]]
"181858069.a1"	181858069	[0, 0, 1, -5209, 144702]	[[42, 3], [40, 18], [33, 93], [54, 144]]
"181982107.a1"	181982107	[1, -1, 1, -522, -4410]	[[-12, 2], [-14, 6], [-53/2, -3/2], [28, 34]]
"182290679.a1"	182290679	[1, -1, 1, -3, 650]	[[0, 25], [-8, 14], [2, 24], [90, 805]]
"182314283.a1"	182314283	[0, 1, 1, 56, 648]	[[-3, 21], [-6, 11], [12, 56], [-27/2, 19/2]]
"182442157.a1"	182442157	[0, -1, 1, -6659, 211386]	[[48, 6], [189/2, 13/2], [42, 63], [430/3, 89/3]]
"182552479.a1"	182552479	[1, 0, 0, -116, 799]	[[7, 15], [-2, 33], [-5, 38], [2, 23]]
"182604491.a1"	182604491	[0, 0, 1, 41, 642]	[[-1, 24], [-2, 23], [12, 53], [8, 38]]
"182935771.a1"	182935771	[0, 1, 1, -332, 2310]	[[11, 10], [15, 30], [9, 11], [10, 9]]
"183009481.a1"	183009481	[1, 0, 0, -432, 3481]	[[11, 4], [9, 14], [16, 19], [7, 25]]
"183109019.a1"	183109019	[1, 0, 0, -2577, 50134]	[[29, -14], [30, -8], [27, 7], [265/3, -394/3]]
"183120683.a1"	183120683	[0, -1, 1, -104, 804]	[[2, 24], [11, 29], [-9, 30], [17, 60]]
"183967393.a1"	183967393	[1, 0, 0, -853, 9496]	[[15, 4], [12, 26], [33, 116], [-33, 61]]
"184018259.a1"	184018259	[1, 0, 0, -149, -266]	[[-2, 6], [-11, 14], [-3, 14], [22, 74]]
"184146229.a1"	184146229	[0, 1, 1, -142, -78]	[[-9, 23], [-12, 6], [12, 9], [21, 81]]
"184198219.a1"	184198219	[1, 1, 1, -352, 2310]	[[12, -7], [8, 5], [6, 18], [-22, 11]]
"184416283.a1"	184416283	[0, 0, 1, -95, 744]	[[1, 25], [12, 36], [-8, 31], [-9, 29]]
"184803211.a1"	184803211	[0, 0, 1, -179, 1130]	[[8, 14], [6, 16], [-3, 40], [17/2, 165/2]]
"184838651.a1"	184838651	[0, 0, 1, -79, -708]	[[12, 8], [17, 53], [13, 21], [15, 38]]
"185381477.a1"	185381477	[0, 1, 1, -165, 435]	[[1, 16], [-1, 24], [-13, 23], [11, 8]]
"185556061.a1"	185556061	[1, 0, 0, 95, 558]	[[-2, 20], [-1, 22], [13, 57], [67/3, 1010/3]]
"185666093.a1"	185666093	[1, -1, 1, -126, 882]	[[8, 14], [-2, 34], [10, 18], [5, 16]]
"185899139.a1"	185899139	[1, 1, 1, -76, 672]	[[3, 20], [-10, 28], [-4, 32], [-12, 0]]
"186102023.a1"	186102023	[1, 1, 1, -1374, 19042]	[[20, -2], [19, 6], [-4, 158], [35, 106]]
"186478007.a1"	186478007	[1, 0, 0, -1030, 12621]	[[19, -9], [12, 39], [20, 1], [25, 39]]
"186484229.a1"	186484229	[0, 0, 1, -167, 508]	[[1, 18], [11, 1], [2, 13], [-47/2, 229/2]]
"186565283.a1"	186565283	[0, -1, 1, 101, 496]	[[-4, 3], [2, 26], [22, 113], [52/3, 937/3]]
"186565963.a1"	186565963	[1, 1, 1, -238, 1152]	[[5, 8], [12, 8], [-3, 44], [-10, 56]]
"186572917.b1"	186572917	[1, 0, 1, -36, 659]	[[1, 24], [9, 28], [17, 62], [-9/2, 221/2]]
"186688549.a1"	186688549	[0, 0, 1, -499, -4240]	[[-12, 4], [-14, 1], [40, 199], [-47/2, 5/2]]
"186689131.a1"	186689131	[0, 1, 1, -624, 5832]	[[15, 8], [11, 20], [18, 27], [5, 53]]
"186953887.a1"	186953887	[1, -1, 1, -711, 7440]	[[18, 6], [19, 13], [14, 2], [59/2, -43/2]]
"187092811.a1"	187092811	[0, 0, 1, -2429, 46082]	[[29, 5], [27, 13], [32, 33], [17, 98]]
"187377877.a1"	187377877	[0, -1, 1, -144, 156]	[[1, 3], [12, 3], [-3, 23], [0, 12]]
"187558037.a1"	187558037	[0, 1, 1, -444, 3396]	[[10, 7], [9, 14], [18, 39], [-12, 84]]
"187803653.a1"	187803653	[0, 1, 1, -143, -87]	[[-1, 7], [-9, 23], [33, 179], [-53/3, 640/3]]
"187805323.b1"	187805323	[1, 0, 0, -445, 3636]	[[13, 3], [16, 18], [9, 15], [23, 64]]
"188102357.a1"	188102357	[1, 1, 1, -1318, 17880]	[[20, -5], [21, -6], [30, 65], [96, 839]]
"188167157.a1"	188167157	[0, 1, 1, -150, 210]	[[-2, 22], [11, 3], [0, 14], [-13, 11]]
"188339611.a1"	188339611	[0, -1, 1, 43, 637]	[[-5, 16], [31, 175], [49, 343], [-71/4, 1147/4]]
"188415757.a1"	188415757	[1, -1, 1, -1315, 18688]	[[23, 3], [16, 31], [34, 94], [79/2, 11/2]]
"188582357.a1"	188582357	[0, 1, 1, -153, 261]	[[1, 10], [-3, 26], [11, 5], [53/2, 213/2]]
"188890903.a1"	188890903	[1, -1, 0, -1193, 16176]	[[20, -6], [32, 84], [87/2, 15/2], [195/2, 1953/2]]
"188998259.a1"	188998259	[1, 0, 0, -1277, 17446]	[[19, 2], [22, 0], [21, -10], [-23, 198]]
"189091369.b1"	189091369	[1, -1, 0, -283, -1640]	[[-8, -4], [20, 10], [-45/2, 5/2], [87/2, 283/2]]
"189231799.a1"	189231799	[1, 1, 1, -169, 456]	[[2, 10], [-1, 25], [12, 12], [23, 85]]
"189565469.a1"	189565469	[0, 0, 1, -3866, -92519]	[[-143/2, -5/2], [-323/3, 28/3], [73, 119], [-2303/8, 385/8]]
"189771473.a1"	189771473	[1, 1, 0, -151, 914]	[[2, 24], [10, 18], [-14, 30], [-17/2, 327/2]]
"189831643.a1"	189831643	[0, 1, 1, -50, 660]	[[-2, 27], [-11, 0], [7, 26], [-9, 21]]
"190327877.a1"	190327877	[0, 1, 1, -340, 2210]	[[12, 1], [4, 30], [13, 12], [16, 33]]
"190524739.a1"	190524739	[1, 0, 1, -14, 663]	[[-1, 26], [27, 128], [23/2, 197/2], [-37/2, 67/2]]
"190941253.a1"	190941253	[1, 0, 0, 40, 661]	[[-5, 21], [-4, 23], [1, 26], [5, 29]]
"191085731.a1"	191085731	[0, -1, 1, 143, -158]	[[2, 11], [4, 21], [5/2, 33/2], [10/3, 17/3]]
"191199311.a1"	191199311	[1, -1, 1, -4738, 126698]	[[41, -10], [38, 2], [44, 22], [26, 130]]
"191243851.a1"	191243851	[0, 1, 1, 28, 672]	[[-8, 0], [1, 26], [-7, 13], [7, 35]]
"191499859.a1"	191499859	[1, 0, 0, -9476, 354259]	[[57, -40], [55, -13], [50, 53], [78, 263]]
"191647097.a1"	191647097	[1, -1, 1, -570, 5418]	[[16, 6], [18, 18], [14, -1], [4, 54]]
"191763233.a1"	191763233	[1, -1, 0, -22, 673]	[[-8, 21], [8, 27], [16, 57], [7/2, 195/2]]
"191792917.b1"	191792917	[0, -1, 1, -259, 1549]	[[13, 14], [-1, 42], [7, 5], [-13, 50]]
"191815919.a1"	191815919	[1, 0, 0, -427, -3366]	[[-11, 0], [-13, 1], [-45/2, 99/2], [27, 57]]
"192272557.a1"	192272557	[0, -1, 1, -673, 6916]	[[14, 6], [20, 32], [8, 44], [130/3, -1/3]]
"192420559.a1"	192420559	[1, 0, 0, 74, 627]	[[-1, 24], [1, 26], [-3, 21], [6, 33]]
"192559849.a1"	192559849	[1, 1, 1, -319, 1956]	[[8, -5], [12, 0], [6, 14], [2, 35]]
"192598291.a1"	192598291	[0, 0, 1, 16, 667]	[[-5, 21], [-1, 25], [17, 76], [-29/3, 638/3]]
"192767557.a1"	192767557	[0, -1, 1, -500, 4422]	[[11, 11], [8, 29], [15, 8], [12, 2]]
"192994091.a1"	192994091	[0, -1, 1, -142, 982]	[[2, 26], [10, 21], [17, 56], [4, 21]]
"193227211.a1"	193227211	[0, 0, 1, -1754, 28282]	[[22, 18], [28, 33], [97/2, 19/2], [8, 121]]
"193794533.a1"	193794533	[0, 0, 1, -2885, 59640]	[[30, 9], [28, 28], [15, 140], [51, 212]]
"193858523.a1"	193858523	[0, 0, 1, -5341, 150240]	[[42, 2], [40, 24], [44, 20], [50, 90]]
"193929643.a1"	193929643	[0, 1, 1, -100, 740]	[[2, 23], [13, 42], [4, 20], [9, 25]]
"194028139.a1"	194028139	[0, 1, 1, -76, 692]	[[5, 21], [7, 23], [-10, 23], [-7, 30]]
"194226817.a1"	194226817	[1, 1, 1, -378, -2906]	[[-13, 2], [-41/2, 3/2], [26, 62], [22, -5]]
"194250863.a1"	194250863	[1, 1, 1, -264, 1672]	[[11, 10], [4, 24], [8, 8], [-17, 48]]
"194408699.a1"	194408699	[1, 0, 0, -369, 2614]	[[9, 2], [13, 1], [6, 22], [30, 122]]
"194484541.a1"	194484541	[1, 0, 0, -167, 1054]	[[7, 12], [-6, 46], [2, 26], [13, 27]]
"194604323.a1"	194604323	[0, -1, 1, -265, 1882]	[[8, 14], [16, 38], [10, 11], [4, 29]]
"194616469.a1"	194616469	[0, -1, 1, -452, 3792]	[[14, 3], [11, 5], [6, 35], [-24, 15]]
"194940283.a1"	194940283	[1, 0, 0, 111, 508]	[[-4, 4], [7, 37], [3, 28], [127/2, 1397/2]]
"195187481.a1"	195187481	[1, -1, 1, -954, 11594]	[[18, -5], [17, 0], [4, 86], [62, 402]]
"195241523.a1"	195241523	[0, -1, 1, -365, 2892]	[[8, 20], [20, 56], [-6, 69], [53/2, 111/2]]
"195252149.a1"	195252149	[0, 1, 1, -212, 912]	[[5, 1], [12, 15], [-2, 36], [1, 26]]
"195317989.a1"	195317989	[0, -1, 1, -2542, -48488]	[[-29, 0], [-115/2, 13/2], [-260/3, 37/3], [-257/3, 1/3]]
"195414227.a1"	195414227	[1, -1, 1, -1012, 12620]	[[18, -8], [20, -1], [17, 2], [14, 25]]
"195437917.a1"	195437917	[0, 1, 1, -145, 0]	[[0, 0], [12, 11], [24, 104], [69/2, 429/2]]
"195519047.a1"	195519047	[1, 0, 0, -154, 285]	[[1, 11], [-4, 31], [-12, 27], [-13, -5]]
"195783943.a1"	195783943	[1, 0, 0, -604, 5703]	[[13, 3], [11, 15], [17, 12], [-22, 103]]
"195806251.a1"	195806251	[0, 0, 1, -989, 11990]	[[18, 4], [17, 9], [20, 14], [32, 114]]
"195882971.a1"	195882971	[0, -1, 1, -62, 720]	[[3, 23], [2, 24], [-10, 15], [12, 39]]
"195936137.a1"	195936137	[1, -1, 1, -157, 380]	[[2, 7], [0, 19], [-4, 32], [-10, 34]]
"196080317.a1"	196080317	[1, -1, 1, -405, 3306]	[[12, 2], [14, 8], [19, 37], [22, 57]]
"196192351.a1"	196192351	[1, 0, 0, -437, 3544]	[[12, 2], [15, 13], [8, 20], [-3, 71]]
"196269973.a1"	196269973	[0, -1, 1, -758, 8262]	[[17, 0], [15, 6], [20, 26], [3, 77]]
"196903067.a1"	196903067	[0, -1, 1, 112, 462]	[[-3, 9], [5, 33], [0, 21], [33, 197]]
"197142437.a1"	197142437	[0, 1, 1, -1308, 17766]	[[21, 0], [20, 2], [16, 34], [-24, 189]]
"197318203.a1"	197318203	[0, 1, 1, -143, 897]	[[9, 20], [1, 27], [15, 48], [-11, 35]]
"197357243.a1"	197357243	[0, -1, 1, -74, 744]	[[2, 24], [8, 24], [14, 47], [-7, 29]]
"197631989.a1"	197631989	[0, 0, 1, -347, 2394]	[[9, 0], [18, 44], [-21, 20], [-12, 69]]
"197702459.a1"	197702459	[1, -1, 1, -69, 728]	[[4, 20], [6, 19], [-3, 31], [22, 86]]
"198163529.a1"	198163529	[1, 1, 1, -416, 3162]	[[10, 6], [13, 6], [6, 27], [16, 22]]
"198280399.a1"	198280399	[1, 1, 1, -317, 1932]	[[12, 0], [7, 7], [15, 21], [67/2, 257/2]]
"198437563.a1"	198437563	[1, 0, 0, -148, 133]	[[-3, 25], [-9, 32], [12, 5], [27, 113]]
"198669931.a1"	198669931	[0, 1, 1, -22872, 1323792]	[[87, 0], [88, 16], [93, 98], [142, 979]]
"198818563.a1"	198818563	[0, 1, 1, -573, 5136]	[[12, 11], [10, 22], [-28, 3], [32, 143]]
"199039271.a1"	199039271	[1, 0, 0, -2427, 45824]	[[28, -10], [25, 18], [115/2, -81/2], [13, 122]]
"199071953.a1"	199071953	[1, -1, 1, 120, 420]	[[-3, 6], [6, 33], [0, 20], [21, 98]]
"199468277.a1"	199468277	[0, 0, 1, -4007, 97626]	[[37, 4], [36, 5], [33, 36], [331/3, 37/3]]
"199565371.a1"	199565371	[0, 1, 1, -202, 1232]	[[7, 14], [6, 16], [16, 48], [11, 21]]
"199853669.a1"	199853669	[0, 1, 1, -162, -468]	[[-4, 11], [-8, 19], [-9, 18], [-3, 0]]
"199876393.a1"	199876393	[1, 0, 0, 20, 681]	[[1, 26], [-7, 18], [17, 69], [-8, 9]]
"199898731.a1"	199898731	[0, 0, 1, -59, 702]	[[3, 23], [0, 26], [-11, 4], [24, 114]]
"199975739.a1"	199975739	[0, 1, 1, -16921, 841587]	[[75, 3], [87, 188], [673/3, 1/3], [685/3, 532/3]]
"200092043.a1"	200092043	[0, -1, 1, -374, 2994]	[[14, 17], [6, 30], [12, 9], [11, 9]]
"200146433.a1"	200146433	[1, 1, 1, -1825, 29256]	[[24, -9], [23, -1], [26, 2], [18, 42]]
"200247877.a1"	200247877	[1, 0, 0, 2, 681]	[[-3, 27], [-8, -9], [8, 31], [-17/2, 213/2]]
"200557397.a1"	200557397	[0, 1, 1, -563, -5289]	[[-13, 1], [-15, 2], [41, 205], [111, 1145]]
"200570959.a1"	200570959	[1, 1, 0, -1561, 23090]	[[22, -12], [14, 58], [38, 124], [349/4, -463/4]]
"200699819.a1"	200699819	[0, 0, 1, -1513, 22662]	[[23, 5], [25, 21], [18, 35], [31, 74]]
"200969011.a1"	200969011	[0, 0, 1, -644, 6327]	[[15, 6], [9, 35], [7, 46], [-27, 63]]
"201053701.a1"	201053701	[0, 0, 1, -163, -420]	[[-3, 6], [-11, 6], [-6, 18], [-10, 14]]
"201059317.a1"	201059317	[0, 0, 1, -1981, 33930]	[[26, 0], [25, 5], [24, 14], [29, 29]]
"201190123.a1"	201190123	[0, 0, 1, 43, -674]	[[8, 13], [10, 27], [22, 104], [17, 70]]
"201652933.a1"	201652933	[1, 0, 0, -239, 1558]	[[9, 8], [7, 12], [2, 32], [42, 236]]
"201683611.a1"	201683611	[0, 1, 1, -212, 1302]	[[8, 13], [7, 14], [3, 26], [15, 41]]
"201974723.a1"	201974723	[1, -1, 1, 138, 240]	[[0, 15], [3, 24], [-1, 10], [6, 32]]
"202008899.a1"	202008899	[1, 0, 0, -397, 2934]	[[13, -3], [9, 6], [14, 6], [-2, 62]]
"202269563.a1"	202269563	[0, 0, 1, 5, 684]	[[2, 26], [-7, 17], [-8, 11], [-4, 24]]
"202367483.a1"	202367483	[0, 0, 1, 119, -468]	[[4, 8], [15, 68], [6, 21], [9, 36]]
"202387963.a1"	202387963	[0, 1, 1, -110, 780]	[[4, 20], [12, 36], [9, 24], [5, 19]]
"203027303.a1"	203027303	[1, 0, 1, -7795, 264219]	[[51, -27], [43, 73], [813/4, -1663/4], [2459/7, -5811/7]]
"203058469.a1"	203058469	[1, -1, 1, -171, -474]	[[-3, 3], [-10, 17], [-6, 20], [-4, 13]]
"203196269.a1"	203196269	[0, 1, 1, -147, -108]	[[-2, 13], [-10, 21], [-12, 8], [16, 43]]
"203497589.a1"	203497589	[0, 1, 1, -232, 1100]	[[11, 0], [-1, 36], [1, 29], [5, 9]]
"203670667.a1"	203670667	[0, 1, 1, -127, 839]	[[7, 18], [9, 22], [27, 133], [109, 1137]]
"204099829.a1"	204099829	[0, -1, 1, -10704, 429840]	[[60, 0], [61, 12], [58, 27], [340/3, 7525/3]]
"204304027.a1"	204304027	[0, 1, 1, 147, 123]	[[1, 16], [3, 24], [9, 47], [243, 3800]]
"204320251.a1"	204320251	[0, 1, 1, -1362, 18912]	[[21, 3], [20, 8], [18, 23], [27, 50]]
"204415363.a1"	204415363	[1, -1, 1, -1207, 16450]	[[20, -6], [25, 25], [79/2, -37/2], [56, 321]]
"204416081.a1"	204416081	[1, -1, 1, -414, 3414]	[[12, 2], [9, 14], [16, 18], [6, 30]]
"205051387.a1"	205051387	[1, 1, 1, -169, 420]	[[0, 20], [11, 1], [-13, 31], [12, 11]]
"205075001.a1"	205075001	[1, 0, 0, -187, 1186]	[[6, 14], [-3, 43], [30, 136], [27, 113]]
"205288211.a1"	205288211	[0, -1, 1, 143, -260]	[[2, 5], [10, 45], [8, 36], [64/5, 1287/5]]
"205342843.a1"	205342843	[0, 1, 1, -50, -720]	[[11, 13], [12, 23], [22, 96], [19, 74]]
"205406147.a1"	205406147	[1, 0, 0, -208, 909]	[[5, -3], [-4, 43], [1, 26], [31, 141]]
"205880891.a1"	205880891	[0, -1, 1, -952, 11650]	[[17, 9], [20, 14], [22, 29], [14, 29]]
"205883539.a1"	205883539	[1, 1, 1, -322, 1980]	[[8, -4], [12, -1], [5, 20], [0, 44]]
"206126341.a1"	206126341	[0, -1, 1, -971, 11955]	[[17, 8], [27, 68], [23, 35], [77/2, 37/2]]
"206224723.a1"	206224723	[0, 0, 1, 94, 595]	[[-5, 0], [5, 34], [-7/2, 161/2], [1/2, 195/2]]
"206322229.a1"	206322229	[0, -1, 1, -154, 310]	[[2, 2], [14, 26], [-5, 30], [-1, 21]]
"206448133.a1"	206448133	[0, -1, 1, -218, 1104]	[[12, 8], [14, 24], [-3, 41], [-16, 15]]
"206561123.a1"	206561123	[1, -1, 1, 99, 552]	[[-2, 19], [0, 23], [5, 31], [2, 26]]
"206641417.a1"	206641417	[1, 1, 1, -194, -858]	[[-6, 14], [-9, 20], [-5, 6], [30, 131]]
"206655763.a1"	206655763	[1, 0, 1, -2902, 59919]	[[31, -14], [27, 24], [123/2, -153/2], [39/2, 1401/2]]
"206668739.a1"	206668739	[1, 1, 1, 24, 700]	[[-1, 26], [-8, -5], [-5, 24], [5/4, 1661/4]]
"206980493.a1"	206980493	[1, 1, 1, -558, 4888]	[[13, 0], [14, 1], [29, 104], [67/2, 125/2]]
"207250343.a1"	207250343	[1, 1, 1, -329, 2262]	[[13, 13], [6, 20], [-15, 71], [1, 43]]
"207304523.a1"	207304523	[0, 0, 1, -157, 1026]	[[4, 21], [12, 29], [18, 63], [-2, 36]]
"207377351.a1"	207377351	[1, -1, 1, -174, 1164]	[[7, 12], [8, 11], [14, 29], [12, 20]]
"207499387.a1"	207499387	[0, 1, 1, -223, 1385]	[[5, 20], [15, 40], [-7, 51], [-13, 47]]
"207551699.a1"	207551699	[1, -1, 1, -157, 338]	[[2, 4], [-12, 25], [-13, -1], [38, 200]]
"207713489.a1"	207713489	[1, 0, 0, -197, -824]	[[-5, 9], [-9, 20], [-8, 20], [-11, 12]]
"207867883.a1"	207867883	[0, 1, 1, 5, 695]	[[5, 29], [-9, 1], [1, 26], [19, 89]]
"208209887.a1"	208209887	[1, -1, 1, -420, 3486]	[[12, 2], [14, 7], [15, 12], [40, 202]]
"208232971.a1"	208232971	[0, 1, 1, -552, 4860]	[[11, 15], [16, 19], [14, 8], [9, 26]]
"208403849.a1"	208403849	[1, 1, 1, -71, 702]	[[3, 21], [10, 28], [-5, 33], [0, 26]]
"208704169.a1"	208704169	[1, -1, 1, -171, 546]	[[2, 13], [-3, 33], [13, 13], [16, 33]]
"208721749.a1"	208721749	[1, 0, 0, -1171, 15342]	[[19, -3], [17, 12], [41, 171], [-1, 129]]
"208936757.a1"	208936757	[0, 1, 1, -150, 90]	[[0, 9], [13, 22], [-1, 15], [21, 81]]
"209191211.a1"	209191211	[0, 0, 1, -109, 822]	[[8, 21], [-1, 30], [-3, 33], [18, 68]]
"209270843.a1"	209270843	[0, 0, 1, -511, 4500]	[[11, 14], [16, 20], [15, 14], [14, 9]]
"209431237.a1"	209431237	[0, -1, 1, -910, 10852]	[[17, 2], [23, 39], [16, 11], [-5, 123]]
"209447851.a1"	209447851	[0, 1, 1, -42, 690]	[[1, 25], [9, 33], [8, 30], [3, 24]]
"209520583.a1"	209520583	[1, 0, 0, -25, 696]	[[3, 24], [5, 24], [-5, 29], [8, 28]]
"209527289.a1"	209527289	[1, -1, 1, -513, 4650]	[[14, 1], [15, 5], [7, 33], [4, 49]]
"209585221.a1"	209585221	[1, 0, 0, 148, -59]	[[1, 9], [7, 33], [5, 26], [19, 89]]
"209602423.a1"	209602423	[1, 0, 0, 130, -389]	[[3, 4], [10, 39], [13, 53], [31, 168]]
"209759707.a1"	209759707	[0, 0, 1, -245, 1632]	[[9, 12], [10, 13], [15, 36], [12, 20]]
"209994893.a1"	209994893	[0, 0, 1, -260, 1455]	[[13, 16], [15, 30], [3, 26], [57/2, 199/2]]
"210077269.a1"	210077269	[0, -1, 1, -652, 6592]	[[16, 0], [14, 3], [17, 11], [19, 26]]
"210462361.a1"	210462361	[1, 0, 0, -1732, 27609]	[[24, -9], [25, -3], [23, -3], [29, 30]]
"210975371.a1"	210975371	[0, -1, 1, -4, 700]	[[-1, 26], [-8, 12], [10, 39], [17, 72]]
"211341421.a1"	211341421	[1, -1, 1, -184, 1232]	[[2, 28], [12, 19], [14, 28], [30, 133]]
"211496939.a1"	211496939	[0, 0, 1, -763, 8142]	[[16, 5], [15, 8], [13, 20], [18, 15]]
"211526683.a1"	211526683	[0, 1, 1, 52, 702]	[[0, 26], [-1, 25], [-6, 14], [-5, 18]]
"211707547.a1"	211707547	[0, 1, 1, -248, 1578]	[[9, 12], [6, 18], [1, 36], [3, 29]]
"211715281.a1"	211715281	[1, -1, 1, -213, 1020]	[[5, 5], [12, 3], [2, 23], [-16, 19]]
"211824397.a1"	211824397	[1, 1, 1, -3474, 77362]	[[34, -14], [35, -4], [31, 10], [-64, 238]]
"211882283.a1"	211882283	[0, 0, 1, -2185, 39318]	[[28, 9], [29, 18], [27, 2], [52, 257]]
"211911317.a1"	211911317	[0, 1, 1, -324, 2028]	[[12, 3], [4, 28], [8, 3], [18, 48]]
"212284883.a1"	212284883	[0, -1, 1, -4079, 101646]	[[38, 8], [32, 53], [42, 51], [62, 288]]
"212918411.a1"	212918411	[0, -1, 1, 118, 462]	[[-3, 8], [-1, 18], [0, 21], [2, 26]]
"213117211.a1"	213117211	[0, 1, 1, -92, 750]	[[4, 21], [-11, 23], [-9, 30], [-2, 30]]
"213203779.a1"	213203779	[1, 0, 0, -240, -1267]	[[-11, -3], [19, 24], [-29/2, 111/2], [-89/3, 479/3]]
"213463189.a1"	213463189	[0, 0, 1, -151, 126]	[[-3, 23], [-5, 27], [-2, 20], [-12, 14]]
"213558269.a1"	213558269	[1, 0, 1, -985, 11787]	[[17, -3], [21, 11], [75/2, -57/2], [49, 261]]
"213770357.a1"	213770357	[0, 0, 1, -305, -1926]	[[-8, 1], [-12, 2], [-9, 9], [-107/3, 107/3]]
"214039549.a1"	214039549	[0, 0, 1, -10156, 393941]	[[61, 37], [63, 64], [523/3, 1/3], [11, 532]]
"214671517.a1"	214671517	[0, 1, 1, -695, 6790]	[[14, 0], [8, 42], [50, 315], [53/2, 69/2]]
"214866341.a1"	214866341	[1, 1, 1, -342, 2392]	[[13, 12], [14, 17], [5, 26], [-8, 72]]
"214917407.a1"	214917407	[1, -1, 1, -175, 584]	[[2, 14], [12, 4], [3, 7], [47/2, 7/2]]
"214938629.a1"	214938629	[0, 1, 1, -904, 10142]	[[15, 13], [20, 21], [16, 5], [6, 70]]
"214964573.a1"	214964573	[1, 0, 0, -1052, 13027]	[[18, -7], [21, 7], [46, 227], [33, 104]]
"215101291.b1"	215101291	[0, 1, 1, -60, 708]	[[2, 24], [1, 25], [6, 24], [71, 599]]
"215163323.a1"	215163323	[0, -1, 1, -178, 1216]	[[8, 15], [4, 23], [13, 30], [-2, 39]]
"215316323.a1"	215316323	[0, -1, 1, -223, 1540]	[[10, 14], [-4, 48], [-16, 27], [-14, 41]]
"215488571.a1"	215488571	[0, -1, 1, -342, 2652]	[[10, 11], [12, 11], [19, 51], [7, 23]]
"215511323.a1"	215511323	[1, 0, 0, -153, 166]	[[-3, 26], [-13, 7], [-5, 31], [17, 42]]
"215533723.a1"	215533723	[0, 1, 1, 6, 708]	[[-1, 26], [-9, 2], [8, 36], [12, 51]]
"215566709.a1"	215566709	[0, 1, 1, -194, 702]	[[4, 2], [11, 4], [0, 26], [3, 12]]
"215607739.a1"	215607739	[0, 1, 1, -581, 5247]	[[15, 11], [3, 59], [53/2, 53/2], [-27, 44]]
"215760239.a1"	215760239	[1, -1, 1, -1053, 13428]	[[18, -1], [21, 5], [9, 63], [24, 27]]
"215798771.a1"	215798771	[0, -1, 1, -847, 9802]	[[16, 9], [20, 21], [22, 36], [-4, 114]]
"215824421.a1"	215824421	[0, 1, 1, -376, 2594]	[[9, 4], [13, 8], [16, 30], [23, 81]]
"215877307.a1"	215877307	[1, 0, 1, -268072, 53400151]	[[305, 32], [281, 388], [2689/3, -3994/3], [14729/7, -69700/7]]
"216042731.a1"	216042731	[1, 0, 0, -54, 719]	[[-5, 32], [-11, 9], [13, 41], [19, 72]]
"216434573.a1"	216434573	[1, -1, 0, -73, 766]	[[2, 24], [10, 26], [-6, 34], [18, 62]]
"216562789.a1"	216562789	[0, 0, 1, -53089, 4708200]	[[133, 0], [132, 20], [127, 119], [118, 294]]
"216687683.a1"	216687683	[0, -1, 1, -195, 1332]	[[6, 18], [4, 24], [-14, 33], [24, 99]]
"216844037.a1"	216844037	[0, 0, 1, -13895, 630428]	[[68, 0], [69, 13], [78, 145], [-93, 1057]]
"217446331.a1"	217446331	[0, 1, 1, -32, 702]	[[0, 26], [-9, 18], [13, 51], [7, 29]]
"217545463.a1"	217545463	[1, -1, 1, -451, -3638]	[[28, 57], [29, 69], [25, 3], [142, 1596]]
"217561259.a1"	217561259	[0, -1, 1, -6122, 186426]	[[47, 17], [44, 17], [60, 177], [35, 117]]
"217606189.a1"	217606189	[1, 1, 1, -627, 5740]	[[13, -5], [16, 3], [10, 19], [28, 91]]
"217653427.a1"	217653427	[1, -1, 1, -162, 390]	[[2, 7], [13, 12], [-2, 27], [-3, 30]]
"217818571.a1"	217818571	[0, 1, 1, -622, 5810]	[[14, 6], [16, 14], [11, 20], [13, 9]]
"217868473.a1"	217868473	[1, 0, 0, -318, 2269]	[[11, 6], [9, 8], [-4, 61], [15, 23]]
"218373367.a1"	218373367	[1, 0, 0, -108, 823]	[[6, 17], [-1, 31], [9, 20], [3/2, 215/2]]
"218420149.a1"	218420149	[0, 1, 1, -467, 3667]	[[17, 30], [5, 38], [-7, 81], [-25, 18]]
"218533387.a1"	218533387	[1, 1, 1, -290, -1884]	[[-8, 3], [-12, 12], [-11, -6], [84, 716]]
"218533607.a1"	218533607	[1, -1, 1, -105, 848]	[[9, 19], [-4, 36], [-11, 29], [47/2, 219/2]]
"218606257.a1"	218606257	[1, -1, 1, -846, -9228]	[[-17, 4], [-16, 4], [-65/2, 99/2], [-69/2, 73/2]]
"219003881.a1"	219003881	[1, 1, 1, -617970, 186724264]	[[454, -207], [4081/3, -6134/3], [11336/5, -28424/5], [2051/2, 15829/2]]
"219046897.a1"	219046897	[1, 0, 1, 104, -573]	[[5, 6], [13, 48], [37, 214], [157/4, 2067/4]]
"219071261.a1"	219071261	[1, 0, 1, -418, 3325]	[[5, 34], [-19, 76], [-25/2, 625/2], [59/2, 103/2]]
"219141413.a1"	219141413	[1, -1, 1, -516, 4692]	[[14, 1], [17, 16], [10, 16], [40, 196]]
"219338297.b1"	219338297	[1, -1, 0, -158, -241]	[[-2, 9], [14, 5], [-25/2, 199/2], [-29/2, 205/2]]
"219339077.a1"	219339077	[0, 1, 1, -52514, 4614456]	[[132, 0], [133, 20], [525/2, 111/2], [-75, 2852]]
"219568757.a1"	219568757	[1, 0, 0, -155, 196]	[[0, 14], [13, 14], [1, 6], [-11, 30]]
"219708773.a1"	219708773	[1, -1, 1, 144, -288]	[[2, 1], [9, 36], [8, 32], [28, 144]]
"219777413.a1"	219777413	[1, 1, 1, -640, 6006]	[[14, -1], [12, 9], [8, 34], [0, 77]]
"219779929.a1"	219779929	[1, -1, 1, -73, 770]	[[-1, 29], [-10, 25], [14, 41], [32, 158]]
"220213099.a1"	220213099	[0, 0, 1, -1013, 12430]	[[19, 6], [14, 31], [34, 131], [73/2, 33/2]]
"220645547.a1"	220645547	[0, 0, 1, -175, 1142]	[[4, 22], [15, 43], [-10, 43], [-3, 40]]
"220845509.a1"	220845509	[0, 1, 1, -2344, 42902]	[[28, 2], [29, 12], [26, 14], [20, 66]]
"220858091.a1"	220858091	[0, 0, 1, -22234, 1276070]	[[86, 1], [345/2, 17/2], [353/2, 275/2], [-98, 1585]]
"220966633.a1"	220966633	[1, 0, 0, -14475, 669106]	[[69, -29], [70, -26], [61, 88], [78, 88]]
"221147851.a1"	221147851	[0, 1, 1, -112, 812]	[[2, 24], [1, 26], [7, 20], [13, 41]]
"221258189.a1"	221258189	[1, 0, 0, -227, -1124]	[[-8, 18], [-9, 19], [-11, -3], [24, 74]]
"221275441.a1"	221275441	[1, -1, 1, -682, 7058]	[[17, 4], [18, 10], [-7, 110], [-97/2, 847/2]]
"221393869.a1"	221393869	[1, 0, 0, 149, -138]	[[1, 3], [2, 12], [7, 32], [79, 672]]
"221558881.a1"	221558881	[1, 0, 0, -2329, 43074]	[[27, -6], [29, -3], [23, 31], [95, 778]]
"222104803.a1"	222104803	[1, 0, 0, -4085, 100156]	[[37, -16], [40, 14], [44, 56], [12, 224]]
"222118811.a1"	222118811	[0, 0, 1, -109, 840]	[[-5, 35], [12, 35], [-10, 30], [5, 20]]
"222282491.a1"	222282491	[0, -1, 1, -892, 10582]	[[17, 6], [22, 33], [19, 11], [20, 18]]
"222311051.a1"	222311051	[0, 0, 1, -856, 9666]	[[18, 9], [12, 33], [22, 38], [65/2, 51/2]]
"222507847.a1"	222507847	[1, 1, 1, -260, -1554]	[[-8, -6], [-11, -6], [-12, 2], [-45/2, 121/2]]
"222659243.a1"	222659243	[0, -1, 1, -1000, 12532]	[[19, 5], [20, 11], [17, 12], [13, 39]]
"222982283.a1"	222982283	[0, -1, 1, -63, 765]	[[1, 26], [-11, 2], [-5, 30], [-35/2, 187/2]]
"222991309.a1"	222991309	[0, -1, 1, -227, 1182]	[[6, 0], [12, 6], [14, 23], [84, 753]]
"223312361.a1"	223312361	[1, 1, 1, 108, -530]	[[5, 10], [22, 103], [8, 26], [38, 226]]
"223547437.a1"	223547437	[1, 1, 1, -154, 90]	[[12, 6], [15, 30], [14, 23], [0, 9]]
"223839739.a1"	223839739	[0, 0, 1, -293, 2060]	[[12, 16], [14, 26], [2, 38], [39, 223]]
"223990451.a1"	223990451	[0, 0, 1, 44, 711]	[[1, 27], [-3, 23], [5, 32], [1/2, 211/2]]
"224160869.a1"	224160869	[0, 1, 1, -177, 495]	[[3, 0], [11, 0], [29, 143], [21, 80]]
"224192203.a1"	224192203	[0, 1, 1, -444, 3528]	[[12, 8], [7, 28], [8, 23], [2, 51]]
"224227349.a1"	224227349	[0, 0, 1, -269, -1538]	[[-7, 1], [-11, 9], [19, 14], [28, 113]]
"224305423.a1"	224305423	[1, 0, 0, -784, 8415]	[[17, 0], [13, 15], [22, 33], [10, 35]]
"224511767.a1"	224511767	[1, -1, 1, -660, 6726]	[[14, 2], [19, 18], [10, 27], [35, 142]]
"224559473.a1"	224559473	[1, 0, 0, -653, 6328]	[[12, 10], [11, 17], [29, 95], [24, 56]]
"224829541.a1"	224829541	[1, -1, 1, -391, 3156]	[[12, 3], [7, 23], [16, 20], [-12, 83]]
"224854229.a1"	224854229	[0, 1, 1, -157, 185]	[[1, 5], [-5, 29], [-1, 18], [-11, 26]]
"225021403.a1"	225021403	[0, 1, 1, -1005, 11955]	[[17, 8], [21, 23], [11, 48], [35, 144]]
"225436091.a1"	225436091	[1, 1, 1, -3742, 86550]	[[35, -20], [36, -7], [32, 13], [179/2, 665/2]]
"225501083.a1"	225501083	[0, 1, 1, 96, 658]	[[-2, 21], [1, 27], [7, 41], [19, 98]]
"225839303.a1"	225839303	[1, 1, 1, -593, 5358]	[[13, 1], [12, 6], [18, 21], [33, 135]]
"226206469.a1"	226206469	[0, -1, 1, -152, 42]	[[0, 6], [-9, 24], [-3, 21], [-6, 26]]
"226683647.a1"	226683647	[1, -1, 0, -239, -1166]	[[-6, 8], [18, 2], [-86/3, 488/3], [66, 484]]
"227035099.a1"	227035099	[0, 0, 1, 37, -720]	[[9, 18], [10, 25], [33/2, 93/2], [37, 226]]
"227401589.a1"	227401589	[0, 1, 1, -184, 572]	[[3, 7], [11, 0], [-1, 27], [-4, 35]]
"227422693.a1"	227422693	[0, 0, 1, -895, 10280]	[[18, 1], [16, 7], [20, 19], [-34, 37]]
"227505787.a1"	227505787	[0, 1, 1, -18, 720]	[[3, 26], [-10, 0], [-7, 23], [105, 1080]]
"227571803.a1"	227571803	[0, -1, 1, -330, 2532]	[[10, 11], [4, 35], [12, 12], [9, 14]]
"227753371.a1"	227753371	[0, 0, 1, 106, 592]	[[2, 28], [10, 51], [22, 116], [20, 103]]
"227822851.a1"	227822851	[0, 1, 1, -207, 1290]	[[14, 36], [-6, 48], [20, 74], [8, 14]]
"227919257.a1"	227919257	[1, -1, 0, -1034, 13039]	[[18, -5], [22, 13], [-30, 143], [178/3, -419/3]]
"227969587.a1"	227969587	[0, 0, 1, -20, 727]	[[-5, 26], [7, 30], [1/2, 211/2], [119, 1297]]
"228186131.a1"	228186131	[0, -1, 1, -2299, 43210]	[[28, 2], [34, 56], [14, 116], [-22, 287]]
"228454013.a1"	228454013	[1, 0, 0, -533, 4636]	[[12, -4], [15, 1], [7, 32], [33, 136]]
"229299013.a1"	229299013	[1, -1, 1, -180, 618]	[[3, 8], [14, 19], [-4, 37], [24, 86]]
"229446307.a1"	229446307	[0, 0, 1, -6200, 187905]	[[45, 5], [43, 28], [409/3, 19/3], [1633/6, 251/6]]
"229636411.a1"	229636411	[0, 1, 1, -384, 2862]	[[11, 9], [4, 37], [15, 26], [-23, 7]]
"229647193.a1"	229647193	[1, 0, 0, -28, 729]	[[0, 27], [1, 26], [-9, 21], [56, 391]]
"229932949.a1"	229932949	[1, 1, 0, -206, -965]	[[-6, -7], [26, 97], [-37/2, 165/2], [-21/2, 1/2]]
"229935631.a1"	229935631	[1, 1, 1, -1311, 17710]	[[19, 1], [22, 0], [20, -10], [494/5, -763/5]]
"229952903.a1"	229952903	[1, 1, 1, -2535, 48076]	[[29, -19], [28, -8], [26, 11], [115/2, -99/2]]
"230126623.a1"	230126623	[1, 0, 0, -178, 1155]	[[10, 15], [-1, 37], [3, 24], [-15, 30]]
"230209621.a1"	230209621	[0, 1, 1, -556, 4812]	[[12, 3], [15, 8], [-27, 29], [-18, 96]]
"230362877.a1"	230362877	[0, 1, 1, -349, 2288]	[[14, 18], [16, 32], [8, 8], [28, 123]]
"230374283.a1"	230374283	[0, -1, 1, -264, 1896]	[[10, 12], [7, 18], [3, 33], [18, 51]]
"230583011.a1"	230583011	[1, 0, 0, -156, 157]	[[1, 1], [12, 1], [-3, 26], [-1/2, 113/2]]
"230903479.a1"	230903479	[1, 1, 1, -157, 132]	[[0, 11], [-1, 17], [-12, 27], [14, 23]]
"230946719.a1"	230946719	[1, 0, 0, -154, 69]	[[-3, 24], [-4, 27], [-11, 27], [-12, -9]]
"230974111.a1"	230974111	[1, 0, 0, 113, 576]	[[-1, 22], [0, 24], [-4, 10], [91, 830]]
"230982041.a1"	230982041	[1, 1, 1, -1324, 18006]	[[21, -6], [18, 11], [12, 57], [83/2, -55/2]]
"231204751.a1"	231204751	[1, 0, 0, 98, -621]	[[5, -2], [18, 75], [7, 17], [70, 557]]
"231259519.a1"	231259519	[1, -1, 1, -174, 534]	[[1, 18], [12, 2], [-2, 30], [-14, 15]]
"231405563.a1"	231405563	[1, 1, 1, 116, 600]	[[-4, -8], [11, 52], [-1, 22], [0, 24]]
"231466507.a1"	231466507	[0, 1, 1, 152, 188]	[[1, 18], [14, 72], [8, 44], [16, 83]]
"231555491.a1"	231555491	[1, 1, 1, -977, 11370]	[[18, -4], [12, 33], [21, 15], [36, 138]]
"231682051.a1"	231682051	[1, -1, 1, 146, 232]	[[4, 27], [19, 88], [16, 72], [46, 297]]
"231753637.a1"	231753637	[0, 0, 1, -277, 1616]	[[7, 4], [12, 4], [-1, 43], [3, 28]]
"231845179.a1"	231845179	[1, 1, 1, -1084, 13266]	[[18, -9], [17, 2], [24, 30], [-4, 134]]
"231938261.a1"	231938261	[0, 0, 1, -5033, 137430]	[[40, 10], [42, 11], [45, 45], [94, 703]]
"232074523.b1"	232074523	[0, 0, 1, -536, 4832]	[[14, 8], [8, 32], [-16, 96], [41/2, 159/2]]
"232315429.a1"	232315429	[0, -1, 1, -442, 3652]	[[11, 0], [14, 3], [10, 11], [16, 20]]
"232342093.a1"	232342093	[1, 0, 0, 120, 541]	[[-3, 14], [4, 31], [-1, 21], [-4, 1]]
"232404323.a1"	232404323	[0, -1, 1, -879, 10356]	[[18, 6], [16, 11], [69/2, 39/2], [-18, 141]]
"232475807.a1"	232475807	[1, 0, 1, -46, 739]	[[-1, 28], [11, 34], [23/2, 181/2], [587, 13930]]
"232545871.a1"	232545871	[1, 0, 1, -758, 7995]	[[15, 0], [11, 26], [-5, 110], [-101/2, 943/2]]
"232599137.a1"	232599137	[1, 0, 0, -2265, 41296]	[[27, -16], [29, 0], [20, 54], [5, 171]]
"232825477.a1"	232825477	[0, -1, 1, -599, 5799]	[[17, 15], [11, 20], [23, 60], [33, 144]]
"233333117.a1"	233333117	[0, 0, 1, -176, 517]	[[-7, 37], [-11, 33], [1, 18], [101, 1006]]
"233333963.a1"	233333963	[1, -1, 1, -1945, 33486]	[[27, -3], [24, 2], [12, 102], [90, 717]]
"233409989.a1"	233409989	[0, 1, 1, -310, 1868]	[[12, 4], [2, 35], [7, 9], [-14, 60]]
"233692853.a1"	233692853	[0, 1, 1, -158, -270]	[[-5, 20], [-12, 6], [-2, 6], [73, 618]]
"233914063.a1"	233914063	[1, 0, 0, 152, 159]	[[-1, 3], [10, 47], [6, 33], [186, 2451]]
"233938043.a1"	233938043	[0, 0, 1, 119, 540]	[[-4, 0], [5, 35], [-1, 20], [-3, 12]]
"234037357.a1"	234037357	[1, 1, 1, -155, 36]	[[-2, 19], [-3, 23], [-12, 24], [12, 3]]
"234234127.a1"	234234127	[1, -1, 1, -162, 330]	[[1, 12], [12, -3], [2, 2], [-6, 35]]
"235049401.a1"	235049401	[1, 0, 0, -102, 829]	[[-1, 31], [12, 31], [-13, 7], [-12, 25]]
"235475323.a1"	235475323	[0, 1, 1, -140, 930]	[[6, 18], [0, 30], [7, 18], [5, 19]]
"235511803.a1"	235511803	[1, 1, 1, -463, 3570]	[[15, 9], [8, 17], [18, 29], [50, 304]]
"235682803.a1"	235682803	[0, 1, 1, -455, 3660]	[[12, 8], [10, 14], [-10, 85], [61/2, 175/2]]
"235955029.a1"	235955029	[1, 0, 0, 11, -738]	[[9, 6], [14, 40], [29, 141], [191/2, 2453/2]]
"236120603.a1"	236120603	[0, -1, 1, -234, 1644]	[[12, 20], [4, 27], [6, 20], [-14, 44]]
"236485189.a1"	236485189	[0, -1, 1, -162, -240]	[[-3, 14], [-5, 20], [-2, 8], [75, 635]]
"236570437.a1"	236570437	[0, -1, 1, -193, -659]	[[-5, 12], [-11, 3], [29, 131], [119, 1283]]
"236874643.a1"	236874643	[1, 0, 0, -155, 1036]	[[8, 14], [7, 14], [13, 29], [3, 23]]
"236912329.a1"	236912329	[1, 1, 1, -159, -284]	[[-2, 6], [-4, 19], [-8, 27], [22, 75]]
"236955419.a1"	236955419	[1, -1, 1, -1488, 22470]	[[22, -6], [20, 10], [27, 24], [95/2, -13/2]]
"237039437.a1"	237039437	[0, 1, 1, -185, -690]	[[-4, 1], [-8, 18], [-6, 15], [16, 26]]
"237042901.a1"	237042901	[0, 0, 1, -553, 4950]	[[15, 5], [10, 20], [17, 21], [12, 6]]
"237088039.a1"	237088039	[1, 0, 0, 74, -693]	[[11, 33], [17, 66], [14, 49], [27, 132]]
"237185603.a1"	237185603	[1, -1, 1, -2052, 36290]	[[26, -9], [27, -8], [31, 26], [40, 110]]
"237192679.a1"	237192679	[1, 1, 1, -187, 570]	[[3, 5], [12, 9], [2, 13], [11, -5]]
"237259483.a1"	237259483	[0, 1, 1, -418, 3236]	[[11, 9], [10, 12], [17, 36], [7, 26]]
"237426269.a1"	237426269	[0, 1, 1, -3199, 68582]	[[32, 2], [26, 60], [46, 144], [-20, 353]]
"237456223.a1"	237456223	[1, 1, 1, -3193, 68112]	[[32, -17], [30, 6], [131/2, -95/2], [14, 155]]
"237485471.a1"	237485471	[1, 1, 0, -234, 1471]	[[10, 11], [-2, 45], [-6, 55], [-18, -7]]
"238226941.a1"	238226941	[1, -1, 1, -378, 2820]	[[14, 4], [7, 18], [20, 44], [2, 44]]
"238524679.a1"	238524679	[1, -1, 1, -399, 3072]	[[10, -2], [14, 2], [6, 26], [-8, 79]]
"238615477.a1"	238615477	[1, 0, 0, -23438, 1379161]	[[88, -39], [85, 11], [355/2, -297/2], [127, 611]]
"238840687.a1"	238840687	[1, -1, 1, -156, -40]	[[-4, 24], [-6, 28], [14, 12], [21, 64]]
"239181197.a1"	239181197	[0, 1, 1, -243, 1176]	[[2, 26], [16, 40], [12, 11], [26, 114]]
"239190683.a1"	239190683	[0, -1, 1, -708, 7530]	[[16, 6], [9, 42], [21, 38], [61/2, 51/2]]
"239288117.a1"	239288117	[0, 1, 1, -1508, 22032]	[[24, 15], [20, 16], [30, 68], [16, 47]]
"239294203.a1"	239294203	[0, 1, 1, 107, 647]	[[-5, 3], [5, 36], [1, 27], [125/2, 1503/2]]
"239299747.a1"	239299747	[1, 1, 0, -271, -1666]	[[-10, 18], [-49/2, 35/2], [-37/2, 137/2], [79/2, 195/2]]
"239311291.a1"	239311291	[0, 1, 1, -269, 1767]	[[9, 12], [15, 36], [-19, 19], [-15, 51]]
"239413123.a1"	239413123	[0, 0, 1, -86, 805]	[[11, 34], [-11, 20], [25, 119], [49/2, 315/2]]
"239516731.a1"	239516731	[0, 1, 1, 126, 552]	[[-3, 12], [5, 36], [13, 67], [0, 23]]
"239619979.a1"	239619979	[0, 0, 1, -128, 930]	[[10, 25], [12, 33], [0, 30], [33/2, 163/2]]
"239701723.a1"	239701723	[0, 1, 1, -24, 738]	[[2, 26], [3, 26], [-9, 17], [8, 33]]
"239888021.a1"	239888021	[0, 1, 1, -156, -156]	[[-4, 20], [-6, 24], [-1, 0], [-9, 24]]
"239970763.a1"	239970763	[0, 1, 1, 106, -582]	[[6, 17], [7, 23], [28, 158], [18, 86]]
"240084571.a1"	240084571	[0, 1, 1, -277, 1835]	[[5, 24], [13, 24], [11, 15], [1, 39]]
"240131051.c1"	240131051	[0, 0, 1, 116, -570]	[[6, 18], [26, 141], [12, 50], [8, 29]]
"240160357.a1"	240160357	[0, 1, 1, -200, 730]	[[2, 18], [-1, 30], [-4, 38], [-16, 9]]
"240325003.b1"	240325003	[0, 1, 1, -15305, 723705]	[[71, 1], [69, 30], [285/2, 15/2], [1137/4, 17/4]]
"240390197.a1"	240390197	[0, 0, 1, -431, 3362]	[[14, 8], [6, 31], [15, 16], [29, 123]]
"240911239.a1"	240911239	[1, 1, 1, -4817, 126672]	[[40, -17], [39, -13], [34, 43], [79, 457]]
"240997931.a1"	240997931	[0, 0, 1, 59, 726]	[[-5, 17], [-6, 12], [3, 30], [-2, 24]]
"241033087.a1"	241033087	[1, -1, 1, -156, 72]	[[0, 8], [-10, 28], [-11, 24], [-8, 31]]
"241212437.a1"	241212437	[0, 0, 1, -875, 9934]	[[16, 5], [22, 36], [13, 27], [-29, 104]]
"241287499.a1"	241287499	[1, 0, 0, -3194, 69209]	[[32, -11], [35, 7], [131/2, -129/2], [95/2, 569/2]]
"241312411.a1"	241312411	[1, -1, 1, -258, 1470]	[[12, -7], [5, 14], [14, 14], [-8, 58]]
"241508557.a1"	241508557	[1, -1, 1, -156, 42]	[[-2, 19], [-5, 28], [-1, 14], [0, 6]]
"241607039.a1"	241607039	[1, 0, 0, -267, -1526]	[[-10, 18], [-11, -5], [-7, 7], [-33/2, -59/2]]
"241654037.a1"	241654037	[0, 1, 1, -160, -280]	[[-3, 13], [-8, 23], [-10, 20], [-12, 7]]
"241697333.a1"	241697333	[0, 1, 1, -158, -222]	[[-2, 9], [-9, 23], [-12, 9], [-11, 17]]
"241757099.a1"	241757099	[0, 0, 1, -28, 750]	[[4, 26], [2, 26], [-8, 21], [-10, 5]]
"241780283.a1"	241780283	[0, 0, 1, -112, 876]	[[6, 20], [-8, 35], [-4, 35], [10, 27]]
"241835837.a1"	241835837	[0, 1, 1, -335, 2130]	[[14, 19], [16, 33], [4, 29], [-4, 58]]
"241860491.a1"	241860491	[0, 0, 1, -259, 1770]	[[8, 14], [13, 24], [15, 35], [5, 24]]
"242669249.a1"	242669249	[1, -1, 1, -2448, 47228]	[[29, -12], [34, 32], [21, 58], [-56, -52]]
"242772571.a1"	242772571	[0, 1, 1, -287, -2115]	[[21, 39], [33, 159], [31, 140], [75, 635]]
"242779627.a1"	242779627	[0, 1, 1, -43, 743]	[[3, 25], [-11, 2], [1, 26], [-11/2, 229/2]]
"243135397.a1"	243135397	[0, 0, 1, -391, -2880]	[[-10, 5], [-13, 2], [-11, 9], [25, 54]]
"243435097.a1"	243435097	[1, -1, 1, -852, 9750]	[[16, -3], [18, -6], [20, 10], [23, 32]]
"243437669.a1"	243437669	[0, 0, 1, -8084, 279760]	[[52, 0], [209/2, 29/2], [22, 335], [193/2, 357/2]]
"243783301.a1"	243783301	[1, 0, 0, -1372, 19461]	[[21, -6], [20, 1], [19, 9], [12, 63]]
"243797429.a1"	243797429	[0, 1, 1, -554, 4782]	[[12, 2], [15, 8], [10, 18], [5, 46]]
"243872389.a1"	243872389	[0, 0, 1, -319, 2060]	[[8, 4], [13, 10], [15, 25], [42, 250]]
"243907877.a1"	243907877	[0, 1, 1, -1215, 15885]	[[19, 4], [21, 8], [15, 35], [37, 151]]
"244012123.a1"	244012123	[0, 1, 1, 60, 750]	[[-3, 23], [-4, 21], [-6, 14], [8, 42]]
"244013687.a1"	244013687	[1, -1, 1, -157, 110]	[[0, 10], [-10, 29], [-9, 31], [72, 562]]
"244062757.a1"	244062757	[0, -1, 1, -234, 1236]	[[6, 3], [12, 3], [16, 36], [45, 282]]
"244179433.a1"	244179433	[1, -1, 1, -4741, 126822]	[[40, -22], [39, -9], [4, 326], [358/3, -473/3]]
"244874561.a1"	244874561	[1, 0, 0, -791, 8464]	[[17, -7], [15, -2], [13, 14], [57, 358]]
"245017477.a1"	245017477	[0, 0, 1, -235, 1164]	[[12, 8], [1, 30], [13, 17], [22, 81]]
"245396197.a1"	245396197	[0, 0, 1, -385, 2808]	[[9, 8], [13, 0], [8, 15], [4, 36]]
"245412809.a1"	245412809	[1, 0, 0, -982, 11739]	[[17, -3], [19, -4], [14, 21], [67/2, -5/2]]
"245602153.a1"	245602153	[1, -1, 1, -270, 1596]	[[7, 0], [14, 13], [-6, 57], [27, 102]]
"245694887.a1"	245694887	[1, 0, 0, -708, -7271]	[[-15, 2], [-16, 3], [-65/2, 41/2], [-409/5, 996/5]]
"245760793.a1"	245760793	[1, 0, 0, -3, 754]	[[5, 27], [6, 28], [-5, 28], [199/3, 2612/3]]
"245973467.a1"	245973467	[0, -1, 1, -107, 903]	[[3, 24], [-7, 35], [-9, 32], [33, 179]]
"246283579.a1"	246283579	[1, -1, 0, -166, 373]	[[-4, 33], [12, -7], [-12, 29], [4/3, 461/3]]
"246472469.a1"	246472469	[0, 1, 1, -787, 8207]	[[17, 5], [13, 18], [15, 1], [69/2, 59/2]]
"246690277.a1"	246690277	[0, 1, 1, -373, 2547]	[[9, 0], [15, 23], [-21, 39], [189/2, 2431/2]]
"247079663.a1"	247079663	[1, -1, 1, -57, -760]	[[12, 7], [13, 17], [30, 139], [40, 224]]
"247161689.a1"	247161689	[1, 0, 0, -1017, 12376]	[[19, -8], [17, 0], [15, 16], [12, 38]]
"247209533.a1"	247209533	[1, 1, 1, 142, 444]	[[-3, 2], [6, 36], [-2, 13], [48, 323]]
"247254389.a1"	247254389	[1, -1, 1, -333, 2538]	[[11, 5], [8, 14], [16, 25], [4, 33]]
"247254499.a1"	247254499	[1, 1, 1, -162, -308]	[[-2, 4], [-11, 22], [-8, 27], [13, -6]]
"247367831.a1"	247367831	[1, 1, 1, -21382, 1194522]	[[84, -42], [83, -26], [90, 51], [60, 333]]
"247403753.a1"	247403753	[1, -1, 1, -8352, 295860]	[[53, -26], [54, -15], [37, 172], [61, 72]]
"247613621.a1"	247613621	[0, 1, 1, -386, 2694]	[[13, 6], [8, 13], [9, 5], [16, 29]]
"247660001.a1"	247660001	[1, -1, 1, -838, -9092]	[[-16, 3], [-17, 4], [74, 537], [-251/4, 543/4]]
"247959109.a1"	247959109	[0, 0, 1, -409, 3092]	[[10, 1], [14, 10], [3, 43], [30, 133]]
"248309371.a1"	248309371	[0, 1, 1, -279, 1857]	[[9, 12], [11, 15], [3, 32], [29/2, 127/2]]
"248643611.a1"	248643611	[0, 0, 1, -199, 1320]	[[8, 15], [11, 21], [13, 30], [1, 33]]
"248758633.a1"	248758633	[1, 0, 1, 144, 371]	[[5, 32], [13, 60], [53, 370], [-5/2, 111/2]]
"248896387.a1"	248896387	[1, 1, 1, -164, 210]	[[1, 6], [12, 6], [0, 14], [-14/3, 589/3]]
"248986069.a1"	248986069	[0, -1, 1, -480, 4140]	[[15, 9], [10, 15], [25, 84], [31, 134]]
"249086933.a1"	249086933	[1, -1, 1, -117, 930]	[[6, 17], [2, 25], [8, 17], [0, 30]]
"249102869.a1"	249102869	[0, 1, 1, -932, 10620]	[[19, 11], [20, 19], [15, 15], [18, 0]]
"249211727.a1"	249211727	[1, -1, 1, -80275, 8774260]	[[655/2, -673/2], [172, 96], [160, 4], [4096/5, -10284/5]]
"249603461.a1"	249603461	[0, 1, 1, -226, 992]	[[5, 3], [13, 20], [0, 31], [-8, 48]]
"249785099.b1"	249785099	[0, -1, 1, 69, 705]	[[-5, 14], [3, 30], [-3, 21], [105, 1074]]
"249814547.a1"	249814547	[1, -1, 1, 15, 756]	[[0, 27], [-3, 27], [-8, -5], [-6, 23]]
"249886079.a1"	249886079	[1, 0, 1, -160, -165]	[[-3, 18], [-11, 22], [13, -6], [-5/2, 47/2]]
"250492877.a1"	250492877	[1, -1, 1, -211, 950]	[[5, -1], [14, 17], [-16, 2], [-10, 49]]
"250504739.a1"	250504739	[1, 0, 0, -764, 8029]	[[15, -8], [23, 41], [12, 19], [19, 12]]
"250780571.a1"	250780571	[0, -1, 1, -222, 1560]	[[9, 14], [10, 15], [0, 39], [13, 26]]
"251037091.a1"	251037091	[0, 1, 1, -77, 780]	[[4, 23], [-2, 30], [18, 74], [-10, 25]]
"251093483.a1"	251093483	[0, 0, 1, -487, 4206]	[[13, 8], [14, 11], [9, 23], [12, 9]]
"251104643.a1"	251104643	[0, -1, 1, -449, 3894]	[[12, 9], [14, 12], [26, 95], [69/2, 247/2]]
"251181943.a1"	251181943	[1, 0, 0, 6, 763]	[[-1, 28], [-9, 4], [2, 27], [6, 29]]
"251607217.a1"	251607217	[1, 1, 1, -174, -518]	[[-5, 18], [-10, 23], [-4, 13], [16, 25]]
"252177923.a1"	252177923	[0, -1, 1, 21, 756]	[[0, 27], [-8, 3], [-2, 26], [102, 1026]]
"252326743.a1"	252326743	[1, 0, 1, -102, 851]	[[3, 22], [-13, 2], [23, 92], [39/2, 185/2]]
"252415351.a1"	252415351	[1, -1, 1, -2536, 49786]	[[28, -2], [31, 0], [22, 54], [-56, -90]]
"252853259.a1"	252853259	[0, -1, 1, 154, -270]	[[2, 6], [5, 24], [3, 14], [290, 4934]]
"252855881.a1"	252855881	[1, -1, 1, -2127, 38288]	[[27, -17], [28, -4], [107/2, -87/2], [82, 599]]
"253103317.a1"	253103317	[0, -1, 1, -158, 6]	[[0, 2], [-6, 26], [14, 18], [-12, 5]]
"253106479.a1"	253106479	[1, -1, 1, -2376, 45156]	[[28, -12], [29, -10], [26, 8], [50, 197]]
"253611629.a1"	253611629	[0, 0, 1, -284, 1675]	[[7, 5], [5, 19], [-5, 54], [97/2, 757/2]]
"253709317.a1"	253709317	[0, 1, 1, -4944, 132166]	[[40, 2], [43, 30], [58, 209], [181/2, 445/2]]
"253737763.a1"	253737763	[0, 1, 1, -519, 4446]	[[12, 9], [8, 29], [18, 35], [22, 64]]
"253873313.a1"	253873313	[1, -1, 1, 93, 660]	[[-5, 9], [-4, 16], [-2, 22], [3, 29]]
"253913689.a1"	253913689	[1, 1, 1, -1155, 14608]	[[17, 7], [22, 10], [-4, 140], [-34, 143]]
"254004353.b1"	254004353	[1, -1, 1, -327, 2480]	[[12, 7], [14, 15], [3, 37], [70/3, 398/3]]
"254150219.a1"	254150219	[0, -1, 1, -491, 4425]	[[15, 14], [17, 26], [3, 54], [233/4, 755/4]]
"254416891.a1"	254416891	[0, 1, 1, 93, 717]	[[-3, 20], [1, 28], [11, 56], [13/2, 257/2]]
"254759941.a1"	254759941	[0, 0, 1, -163, -228]	[[-2, 9], [-12, 0], [-5, 21], [16, 35]]
"255016837.a1"	255016837	[0, 0, 1, -205, 828]	[[4, 8], [3, 15], [14, 26], [17, 47]]
"255073223.a1"	255073223	[1, 0, 0, -79, 808]	[[3, 23], [33, 169], [36, 194], [-12, 14]]
"255076643.a1"	255076643	[0, -1, 1, 75, 702]	[[-6, 0], [6, 36], [0, 26], [-11/2, 169/2]]
"255239893.a1"	255239893	[1, -1, 1, -811, 9120]	[[16, -1], [15, 5], [30, 90], [-9, 129]]
"255280073.a1"	255280073	[1, 1, 1, 146, -300]	[[2, 1], [9, 38], [20, 95], [41, 256]]
"255325643.a1"	255325643	[0, 0, 1, 149, -318]	[[3, 12], [4, 18], [5, 23], [11, 51]]
"255479527.a1"	255479527	[1, -1, 1, -195, -660]	[[-4, 8], [-10, 19], [-5, 15], [16, 3]]
"255718061.a1"	255718061	[1, -1, 1, -456, 3936]	[[12, 3], [8, 23], [14, 5], [10, 12]]
"256529477.a1"	256529477	[0, 1, 1, -448, 3422]	[[10, 6], [14, 9], [5, 36], [0, 58]]
"256672043.a1"	256672043	[0, 0, 1, 83, -714]	[[7, 14], [14, 56], [6, 0], [8, 21]]
"256955581.a1"	256955581	[1, -1, 1, -183, -510]	[[-3, 3], [-10, 20], [-6, 21], [29, 119]]
"256971997.b1"	256971997	[0, 0, 1, -172, -399]	[[-3, 9], [-7, 21], [-9, 20], [39, 228]]
"257044699.a1"	257044699	[0, 0, 1, -372233, 87411872]	[[1409/2, -3/2], [353, 24], [5633/4, 351/4], [17264/7, 720/7]]
"257068439.a1"	257068439	[1, 0, 1, -160, -93]	[[-3, 20], [-11, 24], [21, 66], [-37/2, 231/2]]
"257219257.a1"	257219257	[1, 1, 1, -224, -1128]	[[-6, 9], [-12, 8], [-9, 20], [-45/2, -47/2]]
"258358951.a1"	258358951	[1, -1, 1, -4, 774]	[[3, 26], [4, 26], [-9, 8], [27/2, 225/2]]
"258363139.a1"	258363139	[0, 1, 1, 159, 132]	[[0, 11], [2, 21], [8, 44], [350, 6561]]
"258368893.a1"	258368893	[0, -1, 1, -553, 5134]	[[4, 54], [2, 63], [32, 138], [29/2, 301/2]]
"258393389.a1"	258393389	[0, 1, 1, -1117, 13982]	[[20, 6], [16, 21], [30, 91], [26, 56]]
"258402047.a1"	258402047	[1, 0, 0, -160, 81]	[[-7, 33], [-9, 33], [-1, 16], [0, 9]]
"258411869.a1"	258411869	[1, -1, 1, -346, 2436]	[[7, 14], [6, 20], [16, 20], [135, 1482]]
"258674651.a1"	258674651	[1, -1, 1, -417, 3468]	[[12, 3], [8, 20], [18, 30], [-2, 66]]
"258927677.a1"	258927677	[0, 0, 1, -7832, 266781]	[[51, 0], [57, 74], [201/2, 79/2], [463/3, 100/3]]
"258984403.a1"	258984403	[0, 1, 1, -26705, 1670850]	[[94, 0], [96, 33], [84, 165], [124, 530]]
"259288973.a1"	259288973	[0, 1, 1, -243, -1320]	[[-10, 14], [-12, 3], [18, 21], [-43/2, 99/2]]
"259337483.a1"	259337483	[0, 1, 1, 156, -152]	[[1, 2], [4, 23], [7, 36], [13/3, 226/3]]
"259358117.a1"	259358117	[0, 1, 1, -170, -420]	[[-3, 8], [-6, 20], [-11, 15], [-10, 19]]
"259433563.a1"	259433563	[1, 0, 0, -789, 8500]	[[16, -2], [17, 0], [23, 40], [25, 55]]
"259509637.a1"	259509637	[0, 0, 1, -277, 1596]	[[7, 0], [14, 21], [16, 35], [4, 23]]
"259678631.a1"	259678631	[1, 0, 0, -166, -291]	[[-3, 15], [-5, 23], [-12, 3], [15, 18]]
"259732117.a1"	259732117	[0, 0, 1, -187, 606]	[[1, 20], [12, 9], [3, 8], [2, 15]]
"259899037.a1"	259899037	[1, 1, 1, -315, 1876]	[[13, 7], [4, 24], [14, 14], [16, 27]]
"260521883.a1"	260521883	[0, -1, 1, -170, 1212]	[[5, 21], [12, 27], [-6, 44], [18, 60]]
"260616263.a1"	260616263	[1, 0, 1, -161, -111]	[[-1, 7], [-9, 29], [-9/2, 129/2], [139/2, 1387/2]]
"260969531.a1"	260969531	[0, -1, 1, -3174, 69900]	[[33, 2], [34, 11], [25, 74], [165/2, 687/2]]
"261138523.a1"	261138523	[0, 1, 1, -454, 3656]	[[14, 15], [9, 19], [7, 29], [18, 40]]
"261189431.a1"	261189431	[1, -1, 1, -1119, 14702]	[[21, 1], [22, 8], [5, 93], [111/2, 419/2]]
"261252613.a1"	261252613	[1, -1, 1, -457, 3950]	[[14, 5], [11, 7], [3, 49], [-24, 37]]
"261268037.a1"	261268037	[0, 1, 1, -160, -130]	[[-1, 5], [-8, 26], [-6, 25], [-4, 21]]
"261292531.a1"	261292531	[0, 1, 1, -37, 770]	[[4, 26], [-10, 15], [-4, 29], [-6, 28]]
"261313531.a1"	261313531	[0, 1, 1, 68, 770]	[[-1, 26], [5, 35], [-7, 0], [-6, 13]]
"261784891.a1"	261784891	[0, 1, 1, -132, 930]	[[5, 20], [0, 30], [15, 50], [-7, 39]]
"262051721.a1"	262051721	[1, -1, 1, -223, 1070]	[[5, 5], [12, -2], [14, 16], [111/2, 887/2]]
"262079203.a1"	262079203	[1, 1, 0, -175, -514]	[[-10, 24], [14, -2], [22, 72], [-74/3, 686/3]]
"262111891.a1"	262111891	[1, 0, 0, -882, 10039]	[[15, 8], [14, 15], [17, -3], [35, 132]]
"262140031.a1"	262140031	[1, 0, 0, 78, 739]	[[-6, -5], [5, 33], [-2, 25], [14, 61]]
"262273481.a1"	262273481	[1, 0, 0, -471, -3896]	[[-12, 14], [-13, -2], [-45/2, 71/2], [52, 310]]
"262378517.a1"	262378517	[0, 1, 1, -268, 1412]	[[4, 20], [15, 31], [14, 24], [-5, 51]]
"262868797.a1"	262868797	[0, 0, 1, -172, 381]	[[1, 14], [-1, 23], [-3, 29], [-13, 20]]
"263216957.a1"	263216957	[0, 1, 1, -449, -3732]	[[-12, 8], [-14, 2], [36, 167], [64, 483]]
"263247331.a1"	263247331	[0, 1, 1, 35, 788]	[[-4, 24], [12, 55], [2, 29], [-32/3, 665/3]]
"263341031.a1"	263341031	[1, 1, 1, 128, 600]	[[-4, 8], [0, 24], [3, 30], [156, 1883]]
"263378917.a1"	263378917	[0, 0, 1, -11137, 452376]	[[61, 0], [60, 12], [62, 14], [66, 69]]
"263380723.a1"	263380723	[0, 1, 1, 81, 756]	[[-6, 9], [0, 27], [2, 30], [8, 44]]
"263800457.a1"	263800457	[1, -1, 1, -60, 816]	[[5, 22], [2, 25], [-11, 12], [-3, 32]]
"263864983.a1"	263864983	[1, 0, 0, -58, 795]	[[3, 24], [-10, 25], [-7, 33], [-11, -6]]
"263913589.a1"	263913589	[0, 0, 1, -379, 2730]	[[13, 0], [8, 14], [2, 44], [7, 20]]
"263935589.a1"	263935589	[0, 1, 1, -240, 1122]	[[5, 8], [0, 33], [14, 26], [21/2, 43/2]]
"264061979.a1"	264061979	[0, 0, 1, -283, 1992]	[[8, 15], [15, 33], [16, 39], [-2, 50]]
"264147083.a1"	264147083	[0, 0, 1, 59, 762]	[[-1, 26], [-5, 18], [-7, 2], [18, 87]]
"264198251.a1"	264198251	[0, -1, 1, -214, 1510]	[[7, 17], [4, 26], [20, 69], [32, 162]]
"264220501.a1"	264220501	[1, 0, 0, 108, 661]	[[-5, 4], [5, 34], [-1, 24], [-4, 15]]
"264238181.a1"	264238181	[0, 0, 1, -203, 792]	[[3, 14], [-2, 34], [16, 40], [25, 106]]
"264243851.a1"	264243851	[1, 1, 1, -394, 2946]	[[11, 4], [12, 5], [23, 70], [-10, 82]]
"264401707.a1"	264401707	[1, 1, 1, -209, -948]	[[-6, -9], [-12, 8], [-5, 3], [142/3, -259/3]]
"264535339.a1"	264535339	[1, 1, 1, -492, 3922]	[[14, -2], [10, 6], [17, 20], [-16, 97]]
"264694357.a1"	264694357	[0, 0, 1, -175, -426]	[[-3, 8], [-9, 20], [-8, 21], [-4, 14]]
"264706483.a1"	264706483	[1, 0, 0, -6975, 223636]	[[48, -26], [49, -14], [53, 33], [76, 328]]
"264752009.a1"	264752009	[1, -1, 0, 140, -491]	[[4, 9], [12, 47], [44, 277], [100, 953]]
"265046149.a1"	265046149	[0, 0, 1, -889, 10172]	[[18, 1], [13, 28], [23, 43], [27, 76]]
"265382917.a1"	265382917	[0, -1, 1, -30379, 2048179]	[[101, 0], [103, 35], [77, 399], [-107, 2015]]
"265505717.a1"	265505717	[0, 1, 1, -470, 3690]	[[10, 9], [15, 15], [6, 33], [8, 22]]
"265758971.a1"	265758971	[0, -1, 1, -304, 2290]	[[11, 12], [4, 33], [5, 29], [-17, 47]]
"266031907.a1"	266031907	[1, 0, 1, 94, -693]	[[7, 14], [35, 196], [23/2, 29/2], [263, 4138]]
"266081941.a1"	266081941	[1, -1, 1, -439, 3732]	[[12, 3], [10, 11], [15, 11], [-18, 83]]
"266114977.a1"	266114977	[1, 1, 1, -3594, 81430]	[[34, -17], [35, -10], [31, 16], [1660/7, -6873/7]]
"266209777.a1"	266209777	[1, -1, 1, -237, 1220]	[[5, 9], [12, -5], [14, 15], [21, 61]]
"266216693.a1"	266216693	[0, 1, 1, -162, 78]	[[-1, 15], [12, 2], [-6, 29], [-13, 12]]
"266234237.b1"	266234237	[0, 0, 1, -302, 1861]	[[7, 9], [1, 39], [13, 11], [-1, 46]]
"266402231.a1"	266402231	[1, 1, 1, -537, 4630]	[[16, 13], [17, 19], [13, 1], [1, 63]]
"266757317.a1"	266757317	[0, 0, 1, -161, -28]	[[-1, 11], [-4, 23], [-7, 27], [14, 21]]
"267124619.a1"	267124619	[0, -1, 1, 124, 540]	[[-3, 11], [5, 35], [3, 30], [15, 74]]
"267218213.a1"	267218213	[0, 1, 1, -1568, 23370]	[[23, 1], [22, 2], [25, 20], [-3, 167]]
"267678659.a1"	267678659	[1, 0, 0, -6065, 181294]	[[45, -22], [46, -36], [179/2, -185/2], [175/2, -71/2]]
"267710369.a1"	267710369	[1, 0, 0, -275, -1592]	[[-7, 5], [-12, 2], [-11, 17], [-147/4, 1153/4]]
"267712597.a1"	267712597	[0, 0, 1, -172, 366]	[[2, 5], [12, 5], [-2, 26], [-12, 26]]
"268092821.a1"	268092821	[0, 1, 1, -291, 1647]	[[7, 1], [5, 18], [-15, 53], [33, 170]]
"268189939.a1"	268189939	[1, 1, 0, -339, 2134]	[[6, 16], [22, 66], [-2, 54], [-18, 62]]
"268336097.a1"	268336097	[1, -1, 1, -175, 454]	[[2, 9], [13, 9], [-7, 39], [-26/3, 848/3]]
"268496951.a1"	268496951	[1, 0, 0, -701, 7042]	[[17, 2], [9, 34], [26, 68], [34, 134]]
"268867477.a1"	268867477	[0, 0, 1, -175, 414]	[[1, 15], [12, 6], [2, 8], [-2, 27]]
"269049941.a1"	269049941	[1, -1, 1, -39, 804]	[[4, 24], [-1, 29], [-9, 23], [7, 25]]
"269211403.a1"	269211403	[0, 1, 1, -54, 786]	[[-3, 30], [8, 30], [13, 49], [4, 25]]
"269413201.a1"	269413201	[1, -1, 1, -528, 4730]	[[12, -2], [10, 14], [19, 26], [106/3, 13/3]]
"269630677.a1"	269630677	[0, 0, 1, -307, -1914]	[[-10, 12], [-11, 11], [-12, 6], [-8, 5]]
"269806073.a1"	269806073	[1, 1, 0, -19426, 1034081]	[[80, -41], [319/2, -281/2], [299/2, 353/2], [1189/4, 3263/4]]
"269843201.a1"	269843201	[1, -1, 1, -111, 936]	[[6, 18], [10, 22], [-8, 39], [3, 23]]
"270533863.a1"	270533863	[1, -1, 1, -1582, 24620]	[[23, -8], [24, -5], [11, 86], [2, 145]]
"270612451.a1"	270612451	[1, 0, 0, -940, 11043]	[[19, 2], [14, 19], [18, -3], [179, 2274]]
"270622139.a1"	270622139	[0, 1, 1, -151, 1017]	[[3, 24], [15, 48], [63, 495], [-3/2, 265/2]]
"270865051.a1"	270865051	[1, 0, 0, -87, 844]	[[-1, 31], [8, 22], [-12, 20], [37, 202]]
"271325147.a1"	271325147	[0, -1, 1, 52, 762]	[[-7, 2], [5, 33], [2, 29], [-3/2, 211/2]]
"271633589.a1"	271633589	[1, 0, 0, -1367, 19324]	[[23, 2], [24, 10], [4, 116], [37, 122]]
"271638443.a1"	271638443	[0, -1, 1, -159, 1161]	[[7, 18], [3, 26], [13, 33], [-11/2, 313/2]]
"271914283.a1"	271914283	[0, 0, 1, -341, 2550]	[[9, 14], [7, 22], [16, 34], [-11, 70]]
"272358181.a1"	272358181	[1, -1, 1, -904, 10712]	[[17, -2], [20, 8], [26, 52], [9, 52]]
"272518343.a1"	272518343	[1, 0, 0, -255, 1736]	[[7, 14], [4, 26], [31/2, 93/2], [19/2, 183/2]]
"272601179.a1"	272601179	[1, -1, 1, -108, 930]	[[7, 18], [4, 21], [-6, 39], [-13, 4]]
"272900987.a1"	272900987	[1, 0, 0, -990, 11881]	[[19, -5], [15, 14], [21, 11], [11, 43]]
"272910389.a1"	272910389	[0, 1, 1, -1432, 20372]	[[21, 1], [22, 0], [20, 11], [23, 11]]
"273313819.a1"	273313819	[0, 0, 1, -218, 1472]	[[8, 15], [6, 19], [20, 71], [100/3, 541/3]]
"273318427.a1"	273318427	[0, 1, 1, 112, 690]	[[-5, 5], [8, 46], [-2, 21], [33, 203]]
"273598277.a1"	273598277	[0, 1, 1, -344, -2442]	[[-9, 2], [-13, 1], [-11, 11], [41, 232]]
"273927509.a1"	273927509	[0, 0, 1, -5261, -146874]	[[-42, 0], [-167/2, -1/2], [-377/3, 26/3], [-1044/5, 21/5]]
"273938923.a1"	273938923	[0, 1, 1, -240, 1560]	[[7, 16], [9, 14], [15, 39], [12, 23]]
"274063589.b1"	274063589	[0, 0, 1, -176, 416]	[[2, 8], [-4, 32], [9/2, 41/2], [22/3, 8/3]]
"274073603.a1"	274073603	[0, -1, 1, -123, 996]	[[4, 23], [-12, 24], [-6, 38], [105/4, 1293/4]]
"274485947.a1"	274485947	[1, 0, 0, -210, 841]	[[3, 14], [15, 26], [-8, 49], [0, 29]]
"275291083.a1"	275291083	[1, -1, 1, 149, 342]	[[0, 18], [13, 59], [4, 29], [85/3, 1217/3]]
"275464421.a1"	275464421	[0, 0, 1, -173, -360]	[[-5, 19], [-6, 21], [-3, 11], [39, 228]]
"275481883.a1"	275481883	[0, 0, 1, -401, 3192]	[[10, 13], [18, 42], [15, 23], [0, 56]]
"275736421.a1"	275736421	[0, -1, 1, -64556, 6334818]	[[147, 0], [146, 21], [1321/3, 127/3], [573/2, 627/2]]
"275900363.a1"	275900363	[0, -1, 1, -274, 2014]	[[11, 14], [17, 44], [19, 57], [-19, 0]]
"275951563.a1"	275951563	[0, 1, 1, -210, 1350]	[[7, 16], [12, 26], [20, 74], [6, 18]]
"275962877.a1"	275962877	[0, 1, 1, -165, 120]	[[-8, 31], [-10, 29], [12, 3], [-6, 30]]
"276004187.a1"	276004187	[0, -1, 1, 143, 409]	[[1, 23], [11, 56], [31, 183], [37/2, 391/2]]
"276061573.a1"	276061573	[0, 1, 1, -282, -1736]	[[-8, 8], [-11, 12], [22, 56], [-77/3, 287/3]]
"276062497.a1"	276062497	[1, 0, 0, -158, 1093]	[[7, 15], [4, 21], [12, 25], [-29/2, 375/2]]
"276176443.a1"	276176443	[0, 1, 1, 136, -474]	[[7, 29], [8, 34], [30, 177], [13, 60]]
"276263441.a1"	276263441	[1, -1, 1, -114, 954]	[[4, 21], [17, 52], [6, 18], [-4, 38]]
"276344459.a1"	276344459	[1, -1, 1, -166, 226]	[[-4, 30], [-11, 30], [14, 15], [40, 217]]
"276417389.a1"	276417389	[0, 1, 1, -209, -918]	[[-8, 17], [-12, 2], [-6, 12], [-10, 16]]
"276696451.a1"	276696451	[1, -1, 1, -34, 812]	[[-4, 31], [-10, 13], [0, 28], [-9, 22]]
"277233907.a1"	277233907	[0, 1, 1, -1043, 12648]	[[18, 5], [26, 61], [6, 81], [154/3, 262/3]]
"277466347.a1"	277466347	[1, -1, 1, -426, -3178]	[[-11, -4], [-10, 3], [24, -11], [70, 518]]
"277746181.a1"	277746181	[1, 0, 0, 71, 774]	[[-2, 26], [-1, 27], [9, 42], [55, 387]]
"278000171.a1"	278000171	[1, -1, 1, -433, 3478]	[[14, -3], [16, 13], [19, 33], [-14, 88]]
"278359813.a1"	278359813	[1, 0, 0, -240, 1621]	[[11, 13], [3, 29], [4, 25], [9, 10]]
"278470529.a1"	278470529	[1, -1, 1, -169, -216]	[[-2, 11], [-3, 17], [-6, 26], [-17/2, 175/2]]
"278727347.a1"	278727347	[1, 0, 0, -185, 526]	[[3, -2], [14, 20], [-3, 34], [-5, 39]]
"278930651.a1"	278930651	[0, -1, 1, -160, 1174]	[[8, 18], [-1, 36], [13, 33], [83, 743]]
"278936389.a1"	278936389	[0, 0, 1, -17101, 860756]	[[75, 7], [76, 7], [313/2, 329/2], [102, 421]]
"278940509.a1"	278940509	[0, 1, 1, -169, -328]	[[-2, 2], [-10, 21], [-6, 22], [66, 529]]
"278986927.a1"	278986927	[1, 0, 0, -373, 2856]	[[8, 16], [7, 21], [12, 6], [47, 276]]
"279060443.a1"	279060443	[0, 0, 1, -2131, 37872]	[[28, 12], [29, 21], [26, 6], [35, 78]]
"279203761.a1"	279203761	[1, -1, 1, 158, 202]	[[1, 18], [16, 73], [-5/2, 9/2], [25, 126]]
"279768037.a1"	279768037	[0, -1, 1, -364, 2674]	[[8, 14], [7, 20], [-14, 69], [19, 47]]
"280009039.a1"	280009039	[1, 1, 1, -164, 6]	[[0, 2], [-12, 26], [-11, 30], [28, 121]]
"280042811.a1"	280042811	[0, 0, 1, -151, 1076]	[[8, 19], [3, 25], [16, 52], [12, 31]]
"280107907.a1"	280107907	[1, 1, 1, -1179, 15070]	[[20, -11], [14, 32], [34, 108], [-14, 177]]
"280208917.a1"	280208917	[0, -1, 1, -2244, 41664]	[[28, 0], [27, 5], [24, 32], [1374/7, 372/7]]
"280254133.a1"	280254133	[0, 0, 1, -445, 3522]	[[10, 8], [17, 29], [-3, 69], [4, 42]]
"280293217.a1"	280293217	[1, 1, 1, -1519, 22140]	[[21, -3], [24, 3], [17, 31], [36, 107]]
"280344293.a1"	280344293	[1, -1, 0, -242, 1267]	[[6, -1], [18, 41], [-14, 49], [213/4, 629/4]]
"280490869.a1"	280490869	[0, 0, 1, -679, 6762]	[[14, 0], [13, 11], [12, 18], [17, 11]]
"280646117.a1"	280646117	[1, -1, 1, -217, 980]	[[2, 22], [12, -8], [5, -1], [-10, 50]]
"280844821.a1"	280844821	[1, 0, 0, -127, 966]	[[5, 19], [11, 25], [-6, 42], [-13, 28]]
"280984037.a1"	280984037	[0, 1, 1, -1084, 13358]	[[18, 1], [17, 11], [23, 33], [14, 33]]
"281013443.a1"	281013443	[1, -1, 1, -222, 1560]	[[2, 32], [14, 25], [22, 72], [0, 39]]
"281421533.a1"	281421533	[1, 0, 0, -448, -3597]	[[-11, 0], [-13, 15], [-49/2, 125/2], [29, 75]]
"281746369.a1"	281746369	[1, 1, 1, -562, 4830]	[[12, -6], [15, 0], [8, 26], [0, 69]]
"281771759.a1"	281771759	[1, 0, 0, -520, 4449]	[[11, 4], [16, 9], [5, 42], [-24, 69]]
"282019589.a1"	282019589	[0, 0, 1, -254, 1332]	[[4, 19], [12, 3], [0, 36], [-18, 8]]
"282199123.a1"	282199123	[1, -1, 1, -660, 6636]	[[14, -7], [17, 2], [9, 32], [12, 12]]
"282214571.a1"	282214571	[0, -1, 1, -122, 1002]	[[9, 23], [-1, 33], [11, 29], [-3, 36]]
"282331619.a1"	282331619	[1, -1, 1, -25248, 1550430]	[[92, -46], [94, -81], [74, 251], [80, 154]]
"282369323.a1"	282369323	[0, -1, 1, 96, -756]	[[6, 0], [9, 27], [7, 14], [12, 44]]
"283047397.a1"	283047397	[0, -1, 1, -180, 522]	[[-2, 29], [13, 14], [3, 0], [1, 18]]
"283080043.a1"	283080043	[1, -1, 0, -202, 805]	[[4, 5], [12, -5], [52, 333], [-29/2, 373/2]]
"283137733.a1"	283137733	[0, 0, 1, -175, 372]	[[2, 5], [-8, 35], [-5, 33], [-3, 29]]
"283478171.a1"	283478171	[0, -1, 1, -302, 2280]	[[9, 14], [14, 24], [18, 48], [12, 15]]
"283579469.a1"	283579469	[0, 1, 1, -237, -1230]	[[-6, 3], [-10, 15], [-12, 5], [-56/3, 163/3]]
"283589843.a1"	283589843	[1, 0, 0, -257, 1342]	[[6, 2], [13, 9], [3, 23], [-2, 44]]
"284047669.a1"	284047669	[0, 0, 1, -2239, 40770]	[[28, 5], [26, 11], [25, 20], [27, 0]]
"284267323.a1"	284267323	[0, 0, 1, -107, 916]	[[-2, 33], [13, 41], [-13, 10], [5, 22]]
"284480891.a1"	284480891	[0, -1, 1, 106, 660]	[[-3, 17], [-1, 23], [-4, 12], [47, 327]]
"284538659.a1"	284538659	[0, -1, 1, 109, 648]	[[-4, 11], [2, 29], [6, 38], [1181/2, 40539/2]]
"284790839.a1"	284790839	[1, 1, 1, 89, -708]	[[6, 6], [8, 20], [18, 75], [30, 158]]
"284891401.a1"	284891401	[1, 0, 0, -469, 3954]	[[11, 7], [10, 12], [25, 77], [2, 54]]
"284934037.a1"	284934037	[0, -1, 1, -410, -2958]	[[-10, 6], [-13, 2], [-12, 9], [-51/2, 43/2]]
"285013457.a1"	285013457	[1, 0, 0, -189, 568]	[[3, 4], [12, 2], [-7, 43], [-1, 28]]
"285164123.a1"	285164123	[0, -1, 1, -540, 5082]	[[13, 9], [9, 29], [15, 11], [28, 105]]
"285518267.a1"	285518267	[0, 0, 1, -1315, 18372]	[[22, 9], [17, 30], [20, 8], [27, 50]]
"285928327.a1"	285928327	[1, 0, 0, -238, 1611]	[[10, 11], [5, 21], [13, 21], [17, 42]]
"286517573.a1"	286517573	[1, 1, 1, -195, 1246]	[[7, 13], [2, 28], [16, 42], [4, 21]]
"286598251.a1"	286598251	[0, 1, 1, -389, 2937]	[[11, 10], [3, 42], [15, 26], [-51/2, 615/2]]
"286900027.a1"	286900027	[1, 1, 1, -170, -324]	[[-2, 4], [-8, 28], [-11, 24], [-3, 14]]
"287217461.a1"	287217461	[0, 1, 1, -1716, 26784]	[[24, 0], [23, 3], [26, 20], [-16, 224]]
"287331371.a1"	287331371	[0, -1, 1, 78, -798]	[[7, 6], [12, 41], [16, 65], [100, 998]]
"287550467.a1"	287550467	[1, -1, 1, -817, 9150]	[[18, -3], [19, 5], [27, 65], [-6, 120]]
"287638693.a1"	287638693	[1, 0, 0, -524, 4645]	[[13, 2], [12, 5], [7, 33], [51, 308]]
"287880409.a1"	287880409	[1, -1, 1, -444, 3614]	[[14, -6], [4, 41], [-24, 10], [-13, 90]]
"287952653.a1"	287952653	[0, 1, 1, -433, 3230]	[[10, 0], [8, 18], [20, 54], [118, 1268]]
"288004499.a1"	288004499	[0, -1, 1, -411, 3450]	[[10, 15], [18, 39], [-8, 78], [148/3, 782/3]]
"288008069.a1"	288008069	[0, 1, 1, -182, 420]	[[1, 15], [13, 20], [0, 20], [14, 28]]
"288240949.a1"	288240949	[1, -1, 1, -1086, 14016]	[[20, -8], [16, 15], [26, 40], [22, 9]]
"288342877.a1"	288342877	[0, -1, 1, -415, 3292]	[[10, 6], [14, 5], [8, 20], [-20, 56]]
"288371989.a1"	288371989	[0, -1, 1, -759, 8265]	[[15, 5], [19, 18], [25, 65], [145, 1710]]
"288538651.a1"	288538651	[0, 0, 1, -239, 1640]	[[8, 15], [11, 18], [0, 40], [-13, 50]]
"288615589.a1"	288615589	[0, -1, 1, -452, 3762]	[[15, 11], [9, 18], [11, 0], [17, 26]]
"288678763.a1"	288678763	[0, 1, 1, 115, 705]	[[-3, 18], [-5, 5], [9, 50], [-19/2, 65/2]]
"288759949.a1"	288759949	[1, 0, 0, -26, 817]	[[-9, 23], [-8, 27], [9, 32], [-3, 31]]
"289059689.a1"	289059689	[1, 0, 0, -177, 376]	[[-1, 24], [12, -2], [-8, 40], [-4, 34]]
"289174069.a1"	289174069	[1, -1, 1, -519, 4602]	[[12, -6], [17, 13], [16, 6], [10, 13]]
"289221083.a1"	289221083	[1, 1, 1, -1775, 28056]	[[24, -9], [25, -3], [18, 39], [0, 167]]
"289290923.a1"	289290923	[0, 0, 1, 143, 486]	[[-1, 18], [4, 33], [-3, 5], [32, 194]]
"289318151.a1"	289318151	[1, 1, 1, 118, 702]	[[-5, 6], [4, 33], [0, 26], [-2, 22]]
"289521241.a1"	289521241	[1, 1, 1, -596, 5292]	[[15, -4], [10, 16], [6, 41], [43, 226]]
"289598747.a1"	289598747	[1, 0, 0, -169, 198]	[[-2, 24], [13, 9], [-13, -9], [1, 5]]
"289974059.a1"	289974059	[0, -1, 1, 29, -827]	[[11, 26], [17, 65], [29, 153], [121, 1326]]
"290224043.b1"	290224043	[1, -1, 1, -372, 2970]	[[8, 17], [7, 22], [16, 22], [12, 5]]
"290721917.a1"	290721917	[0, 1, 1, -179, 366]	[[2, 4], [-6, 35], [12, 9], [-12, 30]]
"290766149.a1"	290766149	[0, 0, 1, -179, 420]	[[-3, 30], [12, 0], [-14, 13], [0, 20]]
"290786933.a1"	290786933	[0, 1, 1, -438, -3582]	[[-12, 9], [-14, 1], [-43/2, -5/2], [-51/2, 73/2]]
"290793037.a1"	290793037	[1, 1, 1, -215, -984]	[[-6, -9], [-11, 19], [-12, 12], [22, 63]]
"290908549.a1"	290908549	[0, -1, 1, -2364, 45030]	[[28, 2], [27, 12], [30, 14], [133/2, 361/2]]
"291897211.a1"	291897211	[0, 1, 1, -452, 3642]	[[13, 11], [15, 21], [12, 9], [22, 69]]
"292041553.a1"	292041553	[1, 0, 0, 36, -815]	[[8, -3], [13, 37], [21, 86], [40, 235]]
"292332049.a1"	292332049	[1, 1, 1, -169, 126]	[[14, 20], [20, 62], [-12, 30], [12, -3]]
"292337063.a1"	292337063	[1, -1, 1, -165, -1116]	[[16, 4], [17, 19], [22, 63], [68, 512]]
"292405247.a1"	292405247	[1, 0, 0, -860, 9601]	[[16, -7], [19, 5], [15, 4], [1, 93]]
"292483799.a1"	292483799	[1, -1, 1, -618, 6120]	[[15, 0], [14, 1], [10, 24], [24, 56]]
"292657829.a1"	292657829	[0, 1, 1, -192, -678]	[[-4, 6], [-10, 18], [-12, 6], [30, 146]]
"292698613.a1"	292698613	[1, 0, 0, 166, 25]	[[0, 5], [13, 60], [3, 22], [21, 103]]
"292853651.a1"	292853651	[0, -1, 1, -147, 1122]	[[6, 20], [0, 33], [10, 23], [-14, 15]]
"293116909.a1"	293116909	[0, -1, 1, -207, 870]	[[4, 9], [0, 29], [18, 51], [40, 234]]
"293287103.a1"	293287103	[1, 0, 0, 115, -664]	[[5, 4], [8, 24], [23, 108], [65, 499]]
"293397899.a1"	293397899	[1, 0, 1, -4109, 101023]	[[37, -17], [49, 109], [589/4, -1071/4], [-149/2, 3747/2]]
"293419117.a1"	293419117	[1, 1, 1, -4100, 99336]	[[36, -13], [39, 6], [28, 72], [-56, 424]]
"293646307.a1"	293646307	[1, 0, 0, -43, 828]	[[-1, 30], [-8, 30], [-9, 27], [-11, 6]]
"293817977.a1"	293817977	[1, 0, 0, -345, 2296]	[[8, 4], [15, 16], [21, 56], [5, 24]]
"293876789.a1"	293876789	[0, 1, 1, -384, 2652]	[[9, 2], [8, 12], [6, 24], [0, 51]]
"293977081.a1"	293977081	[1, -1, 1, -333, 2268]	[[8, 4], [13, -3], [6, 18], [14, 7]]
"294297389.a1"	294297389	[0, -1, 1, -897, 10612]	[[20, 16], [56, 364], [74, 586], [53/2, 233/2]]
"294416461.a1"	294416461	[0, 0, 1, -208, 807]	[[3, 14], [1, 24], [-5, 41], [-15, 23]]
"294477019.a1"	294477019	[0, 1, 1, -166, 1112]	[[7, 18], [10, 23], [12, 31], [3, 25]]
"294707177.a1"	294707177	[1, 0, 0, -169, 168]	[[-3, 27], [-4, 30], [1, 0], [19, 53]]
"294712151.a1"	294712151	[1, 1, 1, -69, 826]	[[2, 25], [8, 25], [-4, 34], [-7, 35]]
"294739483.a1"	294739483	[0, 1, 1, -13638, 608496]	[[67, 1], [66, 15], [81, 204], [269/2, 15/2]]
"295414289.a1"	295414289	[1, -1, 1, -2569, 50744]	[[29, -19], [32, 7], [18, 91], [86, 635]]
"295678099.a1"	295678099	[1, 1, 0, -306, 1765]	[[12, -5], [4, 23], [28, 113], [27/2, 37/2]]
"295701589.a1"	295701589	[0, 0, 1, -454, 3630]	[[10, 9], [6, 33], [16, 21], [22, 65]]
"295702541.b1"	295702541	[1, -1, 0, -215, -836]	[[-8, 22], [24, 74], [-45/2, 109/2], [-104/3, 94/3]]
"295838171.a1"	295838171	[0, -1, 1, -1752, 28830]	[[24, 5], [25, 5], [15, 75], [-45, 120]]
"296476507.a1"	296476507	[0, 0, 1, -35, 832]	[[4, 27], [7, 30], [10, 38], [-8, 24]]
"297068777.a1"	297068777	[1, -1, 1, -2274, 42306]	[[28, -18], [25, 12], [33, 32], [18, 74]]
"297271459.a1"	297271459	[1, -1, 1, -1044, 13212]	[[20, -4], [17, 4], [16, 12], [9, 62]]
"297345131.a1"	297345131	[0, 0, 1, -19, 830]	[[1, 28], [8, 34], [-9, 16], [-10, 4]]
"297592747.a1"	297592747	[0, 1, 1, -728, 7368]	[[18, 20], [11, 28], [16, 8], [-6, 107]]
"298100827.a1"	298100827	[1, -1, 1, -696, -6840]	[[-14, 9], [-16, 7], [-15, 0], [36, 99]]
"298263421.a1"	298263421	[0, 0, 1, -298, 1797]	[[15, 26], [-7, 59], [-19, 24], [3, 30]]
"298529291.a1"	298529291	[1, 0, 0, -327, 2396]	[[7, 18], [1, 45], [4, 32], [-11, 74]]
"298549021.a1"	298549021	[1, 0, 0, 63, 814]	[[-7, 10], [5, 33], [-3, 26], [49, 325]]
"298594963.a1"	298594963	[1, -1, 1, -7, -830]	[[10, 0], [13, 27], [22, 85], [16, 46]]
"298646639.a1"	298646639	[1, 1, 1, -26, 822]	[[3, 26], [-2, 30], [16, 61], [6, 27]]
"298883141.a1"	298883141	[1, 1, 1, -207, 1330]	[[7, 13], [-8, 54], [2, 29], [23, 85]]
"299315771.a1"	299315771	[0, 0, 1, -229, 1572]	[[9, 15], [5, 23], [12, 23], [2, 33]]
"299445317.a1"	299445317	[1, -1, 1, -421, 3320]	[[14, -2], [8, 16], [29, 107], [-22, 50]]
"299671051.a1"	299671051	[0, 1, 1, 28, 840]	[[-5, 24], [-1, 28], [8, 40], [1, 29]]


#Label (lmfdb_label) --
#    The **LMFDB label** of an elliptic curve $E$ over $\mathbb{Q}$ is  a way of indexing the elliptic curves over $\mathbb Q.$ It has the form "11.a1" or "10050.bf2".

#    The label has three components: the **conductor**, the **isogeny class label**, and the **isomorphism class index**.

#    1.  The first component is the decimal representation of the conductor (a positive integer).

#    2. The second component is the isogeny class label, a string which represents the **isogeny class index**,  a non-negative integer encoded
#    as in base 26 using the 26 symbols a,b,.., z.  The isogeny
#    classes of elliptic curves with the same conductor are sorted lexicographically by the $q$-expansions of the associated modular forms, and the isogeny class index of each isogeny class of fixed conductor is the index (starting at 0) of the class in this ordering.

#    3. The third component is the decimal representation of the isomorphism class index, a positive integer giving the index of the coefficient vector $[a_1, a_2, a_3, a_4, a_6]$ of the reduced minimal Weierstrass equation of $E$ in a lexicographically sorted list of all the elliptic curves in the isogeny class.

#    The complete label is obtained by concatenating [conductor, ".", isogeny class label, isomorphism class index].

#    Note that this is not the same as the Cremona label, even though for certain curves they only differ in the insertion of the dot "." (for example, "37a1" and "37.a1" are the same curve). The presence of the punctuation "." distinguishes an LMFDB label from a Cremona label.  Cremona labels are only defined for curves of conductor up to 500000.


# Conductor --
#    The **conductor** $N$ of an elliptic curve $E$ defined over $\Q$ is a positive integer divisible by the primes of bad reduction and no others.  It has the form $N=\prod p^{e_p}$, where the exponent $e_p$ is

#    - $e_p=1$ if $E$ has multiplicative reduction at $p$,

#    - $e_p=2$ if $E$ has additive reduction at $p$ and $p\ge5$,

#    - $2\leq e_p\leq 5$ if $E$ has additive reduction and $p=3$, and

#    - $2\leq e_p\leq 8$ if $E$ has additive reduction and $p=2$.

#    For all primes $p$, there is an algorithm of Tate that simultaneously creates a local minimal Weierstrass equation and computes the exponent of the conductor. See:

#    <UL>
#    <LI> J. Tate, Algorithm for determining the type of a singular fiber
#    in an elliptic pencil, Modular functions of one variable, IV
#    (Proc. Internat. Summer School, Univ. Antwerp, Antwerp, 1972),
#    33-52. <EM>Lecture Notes in Math.</EM>, Vol. <B>476</B>,
#    Springer, Berlin, 1975. \cite{MR0393039}

#    <LI> J.H. Silverman, <EM>Advanced topics in the arithmetic of elliptic
#    curves</EM>, GTM <B>151</B>, Springer-Verlag, New York, 1994.\cite{MR1312368}

#    </UL>


#Weierstrass equation (ainvs) --
#    Every elliptic curve over $\mathbb{Q}$ has an integral Weierstrass model (or equation) of the form \[y^2+a_1xy+a_3y=x^3+a_2x^2+a_4x+a_6,\]
#    where $a_1,a_2,a_3,a_4,a_6$ are integers.
#    Each such equation has a discriminant $\Delta$.  A **minimal Weierstrass equation** is one for which $|\Delta|$ is minimal among all Weierstrass models for the same curve.  For elliptic curves over $\mathbb{Q}$, minimal models exist, and there is a unique **reduced minimal model** which satisfies the additional constraints $a_1,a_3\in\{0,1\}$, $a_2\in\{-1,0,1\}$.



#MW-generators (mwgens) --
#    For an elliptic curve $E$ defined over a field $K$, the **Mordell-Weil group** of $E/K$ is the group $E(K)$ of $K$-rational points of $E$. It is a finitely-generated Abelian group.

#    This is a special case of the Mordell-Weil group of an abelian variety.

#    The Mordell-Weil Theorem, first proved by Mordell for elliptic curves defined over $\Q$ and  later generalized by Weil to abelian varieties $A$ over general number fields $K$, states that, if $K$ is a number field, then $A(K)$ is a finitely generated abelian group. Its rank is called the **Mordell-Weil rank** of $A$ over $K$.

#    The Mordell-Weil theorem implies in particular that the torsion subgroup $E(K)_{\mathrm{tor}}$ of $E(K)$ is finite, and thus that the torsion order of $E$, one of the BSD  invariants, is finite.


