12	"65.a1"	65	[1, 0, 0, -1, 0]	[[1, 0]]
12	"82.a1"	82	[1, 0, 1, -12, -16]	[[-2, 1]]
12	"89.a1"	89	[1, 1, 1, -1, 0]	[[0, 0]]
10	"99.a2"	99	[1, -1, 1, -2, 0]	[[0, 0]]
10	"101.a1"	101	[0, 1, 1, -1, -1]	[[-1, 0]]
10	"102.a1"	102	[1, 1, 0, -2, 0]	[[2, 2]]
10	"102.a2"	102	[1, 1, 0, 8, 10]	[[1, 4]]
12	"117.a1"	117	[1, -1, 1, -626, 6180]	[[8, 36]]
12	"117.a3"	117	[1, -1, 1, -41, 96]	[[6, 3]]
12	"117.a4"	117	[1, -1, 1, 4, 6]	[[0, 2]]
9	"124.a1"	124	[0, 1, 0, -2, 1]	[[2, 3]]
12	"128.a1"	128	[0, 1, 0, -9, 7]	[[3, 4]]
12	"128.a2"	128	[0, 1, 0, 1, 1]	[[0, 1]]
12	"130.a1"	130	[1, 0, 1, -208, -1122]	[[-8, 10]]
12	"130.a2"	130	[1, 0, 1, -33, 68]	[[2, 2]]
10	"136.a1"	136	[0, 1, 0, -4, 0]	[[2, 2]]
10	"136.a2"	136	[0, 1, 0, 16, 16]	[[0, 4]]
10	"138.a1"	138	[1, 1, 0, -31, 55]	[[3, -1]]
10	"138.a2"	138	[1, 1, 0, -1, 1]	[[0, 1]]
10	"143.a1"	143	[0, -1, 1, -1, -2]	[[4, 6]]
12	"153.b1"	153	[0, 0, 1, -534, 4752]	[[14, 4]]
10	"156.a1"	156	[0, -1, 0, -20, -24]	[[-2, 2]]
10	"160.a2"	160	[0, 1, 0, -1, 15]	[[-1, 4]]
9	"171.b1"	171	[0, 0, 1, -6924, 221760]	[[62, 175]]
9	"171.b2"	171	[0, 0, 1, -84, 315]	[[5, 4]]
12	"172.a1"	172	[0, 1, 0, -13, 15]	[[2, 1]]
10	"185.c1"	185	[1, 0, 1, -4, -3]	[[3, 2]]
12	"192.a1"	192	[0, -1, 0, -129, 609]	[[8, 5]]
12	"192.a2"	192	[0, -1, 0, -9, 9]	[[5, 8]]
12	"192.a3"	192	[0, -1, 0, -4, -2]	[[3, 2]]
12	"192.a4"	192	[0, -1, 0, 31, 33]	[[1, 8]]
12	"198.a1"	198	[1, -1, 0, -3168, 69430]	[[35, 5]]
12	"198.a2"	198	[1, -1, 0, -198, 1120]	[[6, 8]]
12	"205.a2"	205	[1, -1, 1, -27, 26]	[[6, 4]]
12	"205.a4"	205	[1, -1, 1, 98, 126]	[[1, 14]]
10	"207.a1"	207	[1, -1, 1, -140, 668]	[[6, 1]]
12	"209.a1"	209	[0, 1, 1, -27, 55]	[[-5, 9]]
12	"209.a2"	209	[0, 1, 1, 193, -308]	[[2, 9]]
12	"218.a1"	218	[1, 0, 0, -2, 4]	[[4, 6]]
12	"219.b1"	219	[0, 1, 1, -27, -85]	[[23, 109]]
12	"219.b2"	219	[0, 1, 1, 3, 2]	[[2, 4]]
12	"220.a1"	220	[0, 1, 0, -7100, -232652]	[[131, 1050]]
12	"220.a2"	220	[0, 1, 0, -445, -3720]	[[-12, 6]]
12	"220.a3"	220	[0, 1, 0, -100, -252]	[[-8, 10]]
8	"226.a1"	226	[1, 0, 0, -45, -119]	[[-4, 3]]
8	"226.a2"	226	[1, 0, 0, -5, 1]	[[0, 1]]
12	"240.a2"	240	[0, -1, 0, -136, -560]	[[-6, 2]]
12	"240.a3"	240	[0, -1, 0, -16, 16]	[[0, 4]]
12	"240.a4"	240	[0, -1, 0, 4, 0]	[[1, 2]]
12	"243.a1"	243	[0, 0, 1, 0, -1]	[[1, 0]]
12	"243.a2"	243	[0, 0, 1, 0, 20]	[[-2, 3]]
9	"254.b1"	254	[1, 0, 0, -24432, -1471934]	[[-36131/20, 361313/20]]
9	"254.b2"	254	[1, 0, 0, -302, -2036]	[[-10, 8]]
9	"254.b3"	254	[1, 0, 0, -22, 36]	[[2, 0]]
8	"256.a1"	256	[0, 1, 0, -13, -21]	[[5, 8]]
8	"256.a2"	256	[0, 1, 0, -3, 1]	[[0, 1]]
8	"256.b1"	256	[0, 0, 0, -2, 0]	[[2, 2]]
8	"256.b2"	256	[0, 0, 0, 8, 0]	[[1, 3]]
6	"265.a2"	265	[1, -1, 1, -133, 702]	[[0, 26]]
8	"272.a1"	272	[0, 1, 0, -48, -140]	[[-4, 2]]
12	"272.b1"	272	[0, 0, 0, -1451, 21274]	[[31, 78]]
12	"272.b2"	272	[0, 0, 0, -91, 330]	[[7, 6]]
12	"272.b3"	272	[0, 0, 0, -11, -6]	[[5, 8]]
12	"272.b4"	272	[0, 0, 0, -11, 890]	[[-1, 30]]
12	"274.b1"	274	[1, -1, 0, -2, 0]	[[2, 0]]
12	"274.b2"	274	[1, -1, 0, 8, -6]	[[1, 1]]
8	"275.a1"	275	[1, -1, 1, -1480, 22272]	[[24, 0]]
8	"275.a3"	275	[1, -1, 1, -105, 272]	[[0, 16]]
8	"275.a4"	275	[1, -1, 1, 20, 22]	[[8, 21]]
12	"282.a1"	282	[1, 1, 1, -255, 1461]	[[9, -4]]
12	"282.a2"	282	[1, 1, 1, -15, 21]	[[1, 2]]
10	"285.a1"	285	[1, 0, 0, -76, -19]	[[-7, 17]]
10	"285.a2"	285	[1, 0, 0, 19, 0]	[[1, 4]]
10	"285.b1"	285	[1, 1, 0, -93, -378]	[[-6, 6]]
10	"285.b2"	285	[1, 1, 0, 2, -17]	[[6, 13]]
8	"288.a2"	288	[0, 0, 0, 3, 0]	[[1, 2]]
12	"288.b1"	288	[0, 0, 0, -291, -1910]	[[26, 90]]
12	"288.b2"	288	[0, 0, 0, -156, 736]	[[5, 9]]
12	"288.b3"	288	[0, 0, 0, -21, -20]	[[-3, 4]]
12	"289.a1"	289	[1, -1, 1, -26209, -1626560]	[[625, 14715]]
12	"289.a2"	289	[1, -1, 1, -1644, -24922]	[[-589/5, 3594/5]]
12	"289.a3"	289	[1, -1, 1, -199, -68272]	[[239/2, 2647/2]]
12	"289.a4"	289	[1, -1, 1, -199, 510]	[[-12, 38]]
10	"290.a2"	290	[1, -1, 0, 10, -700]	[[16, 50]]
6	"291.c1"	291	[1, 1, 1, -18, -36]	[[-3, 2]]
12	"300.a2"	300	[0, -1, 0, 12, 72]	[[2, 10]]
10	"302.c1"	302	[1, 1, 1, -230, 1251]	[[7, 3]]
12	"306.a1"	306	[1, -1, 0, -1017, 8883]	[[7, 42]]
12	"306.a2"	306	[1, -1, 0, -927, 11097]	[[9, 54]]
12	"306.a3"	306	[1, -1, 0, -387, -2835]	[[-11, 6]]
12	"310.a1"	310	[1, 0, 0, -2046, 15376]	[[0, 124]]
12	"310.a2"	310	[1, 0, 0, -1706, 26980]	[[36, 94]]
12	"310.a3"	310	[1, 0, 0, -106, 420]	[[6, 0]]
12	"310.a4"	310	[1, 0, 0, 454, 1876]	[[-2, 32]]
12	"312.b2"	312	[0, -1, 0, 12, -12]	[[2, 4]]
12	"312.d2"	312	[0, 1, 0, 5, 14]	[[-1, 3]]
10	"320.a3"	320	[0, 1, 0, -5, -5]	[[3, 4]]
10	"320.a4"	320	[0, 1, 0, 15, -17]	[[3, 8]]
12	"320.c1"	320	[0, 0, 0, -428, -3408]	[[24, 12]]
12	"320.c2"	320	[0, 0, 0, -28, -48]	[[-3, 3]]
12	"320.c4"	320	[0, 0, 0, 52, -272]	[[6, 16]]
9	"324.a1"	324	[0, 0, 0, -189, -999]	[[-8, 1]]
12	"325.c2"	325	[0, 1, 1, -83, 244]	[[2, 9]]
10	"328.a2"	328	[0, 0, 0, 29, -66]	[[6, 18]]
12	"330.b1"	330	[1, 1, 0, -1602, 24024]	[[23, -9]]
12	"330.b2"	330	[1, 1, 0, -102, 324]	[[8, 6]]
12	"330.b3"	330	[1, 1, 0, -22, -44]	[[-3, 4]]
12	"333.a1"	333	[1, -1, 1, -14, -14]	[[-2, 2]]
12	"333.a2"	333	[1, -1, 1, 1, -2]	[[2, 1]]
9	"333.b1"	333	[0, 0, 1, -16860, 842625]	[[-351/2, 10261/2]]
9	"333.b2"	333	[0, 0, 1, -210, 1134]	[[6, 9]]
12	"333.c1"	333	[1, -1, 0, -123, 494]	[[-2, 28]]
12	"333.c2"	333	[1, -1, 0, 12, 35]	[[2, 7]]
10	"335.a1"	335	[0, 0, 1, -2, 2]	[[2, 2]]
12	"338.c1"	338	[1, -1, 0, -389, -2859]	[[26, 51]]
12	"338.c2"	338	[1, -1, 0, 1, 1]	[[0, 1]]
12	"340.a1"	340	[0, 0, 0, -28, 57]	[[2, 3]]
8	"342.a1"	342	[1, -1, 0, -33, -65]	[[-3, 2]]
8	"342.a2"	342	[1, -1, 0, -3, 1]	[[0, 1]]
12	"342.c1"	342	[1, -1, 0, -3852, 92988]	[[42, 42]]
12	"342.c2"	342	[1, -1, 0, -3762, 97470]	[[39, 75]]
12	"342.c3"	342	[1, -1, 0, -72, 0]	[[-3, 15]]
12	"342.c4"	342	[1, -1, 0, 288, -216]	[[15, 78]]
10	"347.a1"	347	[0, 1, 1, 2, 0]	[[0, 0]]
8	"356.a1"	356	[0, -1, 0, 4, -8]	[[2, 2]]
12	"360.a1"	360	[0, 0, 0, -963, 11502]	[[19, 8]]
12	"360.a2"	360	[0, 0, 0, -63, 162]	[[9, 18]]
12	"360.a3"	360	[0, 0, 0, -18, -27]	[[6, 9]]
12	"360.a4"	360	[0, 0, 0, 117, 918]	[[3, 36]]
12	"362.a1"	362	[1, 1, 0, -4, 2]	[[1, 0]]
12	"362.b1"	362	[1, 1, 1, 6, 7]	[[1, 3]]
9	"366.b1"	366	[1, 0, 1, -5, 20]	[[3, 4]]
12	"368.c1"	368	[0, 0, 0, -35, -62]	[[-3, 4]]
12	"368.c2"	368	[0, 0, 0, 5, -6]	[[3, 6]]
8	"370.b1"	370	[1, -1, 0, -395, -2925]	[[45, 240]]
8	"370.b2"	370	[1, -1, 0, -25, -39]	[[-3, 3]]
8	"370.b4"	370	[1, -1, 0, 25, -209]	[[7, 13]]
12	"373.a1"	373	[0, 1, 1, -2, -2]	[[-1, 0]]
8	"377.a1"	377	[1, -1, 0, -158, -725]	[[22, 67]]
8	"377.a2"	377	[1, -1, 0, -13, 0]	[[-9/2, 39/2]]
8	"377.a4"	377	[1, -1, 0, 52, -39]	[[127/6, 2509/6]]
10	"384.b1"	384	[0, -1, 0, -3, 3]	[[2, 1]]
10	"384.b2"	384	[0, -1, 0, 7, 9]	[[1, 4]]
8	"390.a1"	390	[1, 1, 0, -483, -4293]	[[-13, 7]]
8	"390.a2"	390	[1, 1, 0, -33, -63]	[[-4, 7]]
8	"390.a3"	390	[1, 1, 0, -13, 13]	[[1, 1]]
8	"390.a4"	390	[1, 1, 0, 97, -297]	[[9, 33]]
10	"396.a1"	396	[0, 0, 0, -111, 214]	[[-1, 18]]
12	"400.e2"	400	[0, 0, 0, -175, 750]	[[1, 24]]
9	"402.b1"	402	[1, 0, 1, -10255, -438718]	[[8799/5, 764372/5]]
9	"402.b2"	402	[1, 0, 1, -145, 692]	[[7, 2]]
9	"402.b3"	402	[1, 0, 1, 800, 1070]	[[25, 179]]
10	"404.b1"	404	[0, 0, 0, -8, 4]	[[0, 2]]
6	"405.c2"	405	[0, 0, 1, -18, 29]	[[1, 3]]
10	"410.b1"	410	[1, -1, 0, -214, 1260]	[[9, -3]]
10	"410.c2"	410	[1, 0, 0, 64, 16]	[[6, 22]]
8	"414.a1"	414	[1, -1, 0, -2223, -39785]	[[-27, 16]]
8	"414.a2"	414	[1, -1, 0, -963, 11371]	[[15, 4]]
8	"414.a3"	414	[1, -1, 0, -153, -455]	[[-4, -7]]
12	"414.b1"	414	[1, -1, 1, -1532, 23455]	[[25, 5]]
10	"422.a1"	422	[1, -1, 0, 1, -3]	[[2, 1]]
8	"423.d1"	423	[1, -1, 0, -6768, -212625]	[[6867/2, 561393/2]]
8	"423.d2"	423	[1, -1, 0, -558, -891]	[[-12, 69]]
8	"423.d3"	423	[1, -1, 0, -423, -3240]	[[1716, 70206]]
8	"423.d4"	423	[1, -1, 0, -18, -81]	[[18, 63]]
6	"425.a2"	425	[1, 0, 0, -88, -2583]	[[37, 194]]
12	"425.d1"	425	[1, -1, 0, -2267, -40984]	[[1589/4, 50597/4]]
12	"425.d2"	425	[1, -1, 0, -142, -609]	[[94, 853]]
12	"428.a1"	428	[0, -1, 0, 3, -2]	[[1, 1]]
8	"429.a2"	429	[1, 1, 1, 2, 2]	[[0, 1]]
8	"429.b1"	429	[1, 0, 0, -6864, 218313]	[[104, 743]]
8	"429.b2"	429	[1, 0, 0, -3009, -61770]	[[-34, 56]]
8	"429.b3"	429	[1, 0, 0, -474, 2619]	[[5, 17]]
8	"429.b4"	429	[1, 0, 0, -429, 3384]	[[24, 72]]
8	"429.b5"	429	[1, 0, 0, -24, 63]	[[6, 9]]
8	"429.b6"	429	[1, 0, 0, 1341, 18228]	[[17, 206]]
9	"430.c1"	430	[1, 0, 0, -5626, -162894]	[[771/2, 18699/2]]
9	"430.c2"	430	[1, 0, 0, -36, -440]	[[10, 10]]
10	"431.a1"	431	[1, 0, 0, 0, -1]	[[1, 0]]
10	"438.a1"	438	[1, 1, 0, -65, -231]	[[-5, 3]]
8	"438.b1"	438	[1, 0, 1, -98, 362]	[[6, -2]]
12	"438.c1"	438	[1, 0, 1, -32681, 1883180]	[[156, 688]]
12	"438.c2"	438	[1, 0, 1, -31106, 2108972]	[[192, 1699]]
12	"438.c3"	438	[1, 0, 1, -9641, -337876]	[[-66, 142]]
12	"438.e1"	438	[1, 1, 1, -1559, -24343]	[[159, 1864]]
12	"438.e2"	438	[1, 1, 1, -99, -399]	[[-7, 6]]
12	"438.e4"	438	[1, 1, 1, 81, -1479]	[[11, 24]]
10	"440.a2"	440	[0, 0, 0, 17, -318]	[[7, 12]]
10	"440.b2"	440	[0, 0, 0, 2, -3]	[[2, 3]]
10	"442.b2"	442	[1, -1, 1, -172, -465]	[[-9, 21]]
12	"444.b1"	444	[0, 1, 0, -9, 0]	[[3, 3]]
12	"444.b2"	444	[0, 1, 0, 36, 36]	[[0, 6]]
10	"450.a3"	450	[1, -1, 0, -192, 1216]	[[-1, 38]]
10	"450.b3"	450	[1, -1, 0, -252, -7344]	[[39, 183]]
12	"460.c2"	460	[0, 1, 0, 414, -13915]	[[613/3, 15625/3]]
12	"465.a2"	465	[1, 0, 0, -15, 0]	[[5, 5]]
12	"465.a3"	465	[1, 0, 0, -10, -13]	[[7, 13]]
12	"465.a4"	465	[1, 0, 0, 60, 15]	[[2, 11]]
10	"465.b2"	465	[1, 1, 0, -7, 16]	[[0, 4]]
10	"468.b1"	468	[0, 0, 0, -36, 81]	[[0, 9]]
10	"468.b2"	468	[0, 0, 0, 9, 270]	[[3, 18]]
6	"475.a2"	475	[1, -1, 1, 0, 2]	[[0, 1]]
10	"475.c1"	475	[1, -1, 0, -617, 5916]	[[8, 34]]
10	"475.c2"	475	[1, -1, 0, 8, 291]	[[10, 31]]
12	"477.a1"	477	[1, -1, 0, 3, -10]	[[2, 0]]
8	"480.b1"	480	[0, -1, 0, -81, -255]	[[11, 8]]
8	"480.b3"	480	[0, -1, 0, -6, 0]	[[-1, 2]]
8	"480.b4"	480	[0, -1, 0, 24, -24]	[[5, 14]]
12	"480.c1"	480	[0, -1, 0, -480, 4212]	[[17, 26]]
12	"480.c2"	480	[0, -1, 0, -80, -168]	[[-3, 6]]
12	"480.c3"	480	[0, -1, 0, -30, 72]	[[2, 4]]
6	"481.a2"	481	[1, -1, 0, -1688, 27405]	[[36, 93]]
6	"486.a1"	486	[1, -1, 0, -96, 386]	[[5, 1]]
9	"486.b1"	486	[1, -1, 0, -177, 953]	[[8, -5]]
12	"486.d1"	486	[1, -1, 1, -1109, -13931]	[[-19, 8]]
8	"495.a1"	495	[1, -1, 1, -533, -4598]	[[-13, 7]]
8	"495.a3"	495	[1, -1, 1, -38, -44]	[[-4, 7]]
8	"495.a4"	495	[1, -1, 1, 7, -8]	[[2, 2]]
8	"496.b1"	496	[0, 0, 0, -5291, -148134]	[[847/3, 11690/3]]
8	"496.b2"	496	[0, 0, 0, -491, 154]	[[-3, 40]]
8	"496.b3"	496	[0, 0, 0, -331, -2310]	[[39, 210]]
8	"496.b4"	496	[0, 0, 0, -11, -70]	[[7, 14]]
8	"505.a1"	505	[1, -1, 0, -10, 15]	[[6, 9]]
9	"506.a1"	506	[1, 0, 1, -48, -130]	[[-4, 2]]
4	"507.a3"	507	[1, 1, 1, -764, -7324]	[[-18, 40]]
4	"507.a4"	507	[1, 1, 1, 81, -564]	[[94/3, 913/3]]
12	"510.c1"	510	[1, 1, 1, -6541, -206341]	[[-47, 24]]
12	"510.c2"	510	[1, 1, 1, -421, -3157]	[[-13, 24]]
6	"514.a1"	514	[1, 0, 0, -4, 0]	[[2, 0]]
6	"514.a2"	514	[1, 0, 0, 16, 4]	[[0, 2]]
12	"514.b1"	514	[1, -1, 1, -21931, -1244565]	[[565, 12620]]
12	"514.b2"	514	[1, -1, 1, -1371, -19189]	[[51, 178]]
12	"514.b3"	514	[1, -1, 1, -1291, -21589]	[[457/3, 4826/3]]
10	"517.b1"	517	[0, -1, 1, -52, -3863]	[[85/2, 513/2]]
8	"520.a1"	520	[0, 0, 0, -563, -5138]	[[169/2, 1725/2]]
8	"520.a2"	520	[0, 0, 0, -43, -42]	[[-2, 6]]
8	"520.a3"	520	[0, 0, 0, -23, 42]	[[2, 2]]
8	"520.a4"	520	[0, 0, 0, 157, -322]	[[38, 246]]
10	"528.c1"	528	[0, -1, 0, -8, 0]	[[4, 4]]
10	"528.d2"	528	[0, -1, 0, -648, 35568]	[[-28, 176]]
10	"528.d4"	528	[0, -1, 0, 72, -1296]	[[20, 88]]
12	"528.g1"	528	[0, 1, 0, -2344, -44428]	[[-28, 6]]
12	"528.g2"	528	[0, 1, 0, -184, -364]	[[20, 66]]
10	"530.a1"	530	[1, -1, 0, 1226, 30580]	[[156, 1922]]
10	"530.b1"	530	[1, -1, 0, -4, 0]	[[4, 4]]
10	"534.a1"	534	[1, 1, 1, -14, 11]	[[3, 1]]
10	"534.a2"	534	[1, 1, 1, 26, 107]	[[-1, 9]]
12	"540.a1"	540	[0, 0, 0, -513, -4563]	[[28, 55]]
9	"540.b2"	540	[0, 0, 0, 1512, 33588]	[[-11, 125]]
12	"540.d2"	540	[0, 0, 0, 3, 1]	[[0, 1]]
10	"544.c2"	544	[0, 0, 0, 5, 18]	[[2, 6]]
12	"545.a1"	545	[1, -1, 0, -914, -8277]	[[222, 3159]]
12	"545.a2"	545	[1, -1, 0, -289, 1848]	[[-8, 64]]
10	"549.a1"	549	[1, -1, 1, -110, -134]	[[-8, 17]]
10	"549.a2"	549	[1, -1, 1, 25, -26]	[[2, 4]]
10	"549.b1"	549	[1, -1, 0, -12, 9]	[[0, 3]]
10	"549.b2"	549	[1, -1, 0, 3, 0]	[[4, 6]]
8	"550.c2"	550	[1, 0, 1, -6, 8]	[[1, 1]]
12	"551.c1"	551	[1, 0, 1, 1, -5]	[[7, 15]]
6	"552.a1"	552	[0, -1, 0, -1144, -14516]	[[45, 152]]
6	"552.a2"	552	[0, -1, 0, -64, -260]	[[18, 64]]
12	"552.c1"	552	[0, -1, 0, -752, 6972]	[[46, 260]]
12	"552.c2"	552	[0, -1, 0, -212, -1020]	[[-8, 10]]
12	"552.c3"	552	[0, -1, 0, -207, -1080]	[[17, 5]]
12	"552.c4"	552	[0, -1, 0, 248, -5252]	[[38, 240]]
12	"552.e1"	552	[0, 1, 0, -2944, 60512]	[[133/2, 177/2]]
12	"552.e2"	552	[0, 1, 0, -304, -544]	[[19, 30]]
12	"552.e3"	552	[0, 1, 0, -184, 896]	[[11, 18]]
12	"552.e4"	552	[0, 1, 0, -4, 32]	[[-2, 6]]
9	"564.b1"	564	[0, 1, 0, -517, -4681]	[[-14, 3]]
9	"564.b2"	564	[0, 1, 0, -37, 71]	[[2, 3]]
6	"570.b1"	570	[1, 1, 0, -1618, 24388]	[[16, 46]]
6	"570.b2"	570	[1, 1, 0, -98, 372]	[[4, 6]]
10	"570.c1"	570	[1, 1, 0, -397, 2881]	[[-8, 79]]
10	"570.c2"	570	[1, 1, 0, -17, 69]	[[-2, 11]]
12	"570.e1"	570	[1, 0, 1, -968, -11662]	[[-18, 7]]
12	"570.e2"	570	[1, 0, 1, -448, 3506]	[[7, 23]]
12	"570.e3"	570	[1, 0, 1, -68, -142]	[[-3, 7]]
12	"570.e4"	570	[1, 0, 1, 12, -14]	[[2, 3]]
9	"575.b1"	575	[0, 0, 1, 175, -1344]	[[45, 312]]
9	"575.d1"	575	[1, -1, 0, -2, 1]	[[0, 1]]
8	"576.b1"	576	[0, 0, 0, -13836, -626416]	[[157, 1035]]
8	"576.b3"	576	[0, 0, 0, -876, -9520]	[[-16, 20]]
8	"576.b4"	576	[0, 0, 0, -156, 560]	[[2, 16]]
8	"576.b5"	576	[0, 0, 0, 24, 56]	[[1, 9]]
8	"576.c1"	576	[0, 0, 0, -396, -3024]	[[-11, 1]]
8	"576.c2"	576	[0, 0, 0, -396, 3024]	[[10, 8]]
8	"576.c3"	576	[0, 0, 0, -36, 0]	[[-3, 9]]
8	"576.c4"	576	[0, 0, 0, 9, 0]	[[4, 10]]
12	"576.e1"	576	[0, 0, 0, -540, -4752]	[[-14, 8]]
12	"576.e3"	576	[0, 0, 0, 0, -216]	[[10, 28]]
12	"576.e4"	576	[0, 0, 0, 0, 8]	[[1, 3]]
8	"579.a1"	579	[1, 0, 0, -3, 0]	[[3, 3]]
8	"579.a2"	579	[1, 0, 0, 12, 3]	[[2, 5]]
8	"580.a1"	580	[0, 0, 0, -8, -7]	[[4, 5]]
8	"580.a2"	580	[0, 0, 0, 17, -42]	[[3, 6]]
10	"582.a1"	582	[1, 1, 0, -15, -27]	[[6, 9]]
10	"582.a2"	582	[1, 1, 0, 25, -99]	[[5, 11]]
10	"582.b1"	582	[1, 1, 1, -514, 4271]	[[13, -5]]
10	"582.b2"	582	[1, 1, 1, -34, 47]	[[1, 3]]
6	"585.d1"	585	[1, -1, 1, -3593, 83782]	[[28, 53]]
6	"585.d2"	585	[1, -1, 1, -218, 1432]	[[8, 8]]
9	"585.f1"	585	[0, 0, 1, -42, 105]	[[5, 4]]
8	"585.g1"	585	[1, -1, 0, -1170000, 487402461]	[[588, 1281]]
8	"585.g2"	585	[1, -1, 0, -73125, 7629336]	[[120, 696]]
8	"585.g3"	585	[1, -1, 0, -71370, 8011575]	[[519/2, 7167/2]]
8	"585.g4"	585	[1, -1, 0, -4680, 114075]	[[78, 429]]
8	"585.g5"	585	[1, -1, 0, -1035, -10584]	[[40, 84]]
8	"585.g6"	585	[1, -1, 0, -990, -11745]	[[238, 3513]]
8	"585.g7"	585	[1, -1, 0, 1890, -61479]	[[115/2, 897/2]]
12	"585.h1"	585	[1, -1, 0, -9, 0]	[[4, 2]]
9	"592.c1"	592	[0, 1, 0, -9, -13]	[[-2, 1]]
8	"598.b1"	598	[1, -1, 0, -1802, 29898]	[[27, 6]]
8	"600.c1"	600	[0, -1, 0, -80008, -8683988]	[[2373/2, 98725/2]]
8	"600.c2"	600	[0, -1, 0, -5008, -133988]	[[-39, 22]]
8	"600.c3"	600	[0, -1, 0, -2008, -295988]	[[561, 13222]]
8	"600.c4"	600	[0, -1, 0, -508, 1012]	[[-3, 50]]
8	"600.c6"	600	[0, -1, 0, 1992, 6012]	[[2, 100]]
8	"605.b1"	605	[1, -1, 1, -7162, -231426]	[[-48, 26]]
8	"605.b3"	605	[1, -1, 1, -507, -2494]	[[26, 24]]
8	"605.b4"	605	[1, -1, 1, 98, -316]	[[84/5, 563/5]]
8	"610.b2"	610	[1, -1, 0, -244, 0]	[[-9, 42]]
8	"610.b3"	610	[1, -1, 0, -164, 848]	[[7, -6]]
8	"610.b4"	610	[1, -1, 0, 976, -732]	[[2, 34]]
6	"612.a1"	612	[0, 0, 0, -4104, -101196]	[[93, 567]]
9	"614.a2"	614	[1, 0, 0, 27, 1]	[[0, 1]]
8	"615.a2"	615	[1, 1, 1, 19, -16]	[[3, 7]]
12	"618.d1"	618	[1, 0, 1, -21, 34]	[[4, 2]]
12	"620.c1"	620	[0, 1, 0, -101, 359]	[[2, 13]]
4	"624.a2"	624	[0, -1, 0, 5, -14]	[[6, 14]]
8	"624.c2"	624	[0, -1, 0, -3, 6]	[[2, 2]]
12	"624.f1"	624	[0, 1, 0, -304, 1892]	[[8, 6]]
12	"624.f2"	624	[0, 1, 0, -44, -84]	[[-5, 6]]
12	"624.f3"	624	[0, 1, 0, -39, -108]	[[12, 36]]
12	"624.f4"	624	[0, 1, 0, 136, -444]	[[7, 30]]
8	"626.a1"	626	[1, -1, 0, -17, -13]	[[-1, 2]]
6	"633.a1"	633	[1, 1, 1, -17, -70]	[[12, 34]]
9	"635.b2"	635	[0, 1, 1, 5, 6]	[[30, 167]]
6	"639.a1"	639	[1, -1, 1, -131, -520]	[[-6, 7]]
8	"640.b1"	640	[0, 1, 0, -265, 1575]	[[5, 20]]
6	"640.d1"	640	[0, 0, 0, -13, -18]	[[17/2, 15/2]]
10	"640.e1"	640	[0, 0, 0, -52, 144]	[[5, 3]]
10	"640.e2"	640	[0, 0, 0, -2, 4]	[[0, 2]]
10	"646.d2"	646	[1, -1, 1, -406, 3237]	[[9, 11]]
9	"650.b1"	650	[1, 0, 1, -26, 48]	[[7, 11]]
8	"650.d1"	650	[1, -1, 0, -34667, -2475759]	[[399, 6663]]
8	"650.d2"	650	[1, -1, 0, -2167, -38259]	[[-27, 9]]
8	"650.d4"	650	[1, -1, 0, -167, -259]	[[-2, 9]]
6	"656.b1"	656	[0, 0, 0, -11, 10]	[[3, 2]]
6	"656.b2"	656	[0, 0, 0, 29, 66]	[[-1, 6]]
6	"657.a2"	657	[1, -1, 1, 34, 46]	[[1, 8]]
12	"657.c1"	657	[0, 0, 1, -246, 2043]	[[-7, 58]]
8	"660.b1"	660	[0, -1, 0, -76, 280]	[[6, 2]]
12	"660.c1"	660	[0, 1, 0, -1556, -13356]	[[189/2, 1155/2]]
12	"660.c2"	660	[0, 1, 0, -716, 7140]	[[24, 66]]
12	"660.c4"	660	[0, 1, 0, 319, -1356]	[[16, 90]]
8	"663.a1"	663	[1, 1, 1, -20174, -1111138]	[[-329/2, 427/2]]
8	"663.a2"	663	[1, 1, 1, -1389, -14094]	[[-27, 81]]
8	"663.a3"	663	[1, 1, 1, -544, 4496]	[[79, 640]]
8	"663.a5"	663	[1, 1, 1, 221, 17042]	[[6, 133]]
8	"663.a6"	663	[1, 1, 1, 3876, -89910]	[[25, 140]]
10	"663.b1"	663	[1, 0, 0, -98, 279]	[[1, 13]]
10	"663.b2"	663	[1, 0, 0, -33, -72]	[[-3, 3]]
9	"666.a1"	666	[1, -1, 0, -1332, 19062]	[[21, -6]]
9	"670.a2"	670	[1, 0, 1, 2, 6]	[[2, 3]]
12	"674.c1"	674	[1, -1, 1, -6, 5]	[[3, 1]]
12	"674.c2"	674	[1, -1, 1, 14, 21]	[[1, 5]]
12	"678.c1"	678	[1, 1, 1, -148, -427]	[[-7, 21]]
12	"678.c2"	678	[1, 1, 1, 492, -2475]	[[25, 149]]
8	"680.b1"	680	[0, 0, 0, -1163, -14938]	[[46, 170]]
8	"680.b2"	680	[0, 0, 0, -163, 462]	[[2, 12]]
8	"680.b4"	680	[0, 0, 0, 517, 3318]	[[138, 1644]]
9	"682.a1"	682	[1, 0, 0, -2003, -39269]	[[527/2, 10753/2]]
9	"682.a3"	682	[1, 0, 0, 167, 225]	[[0, 15]]
8	"684.a1"	684	[0, 0, 0, -831, -8890]	[[-17, 18]]
8	"684.a2"	684	[0, 0, 0, 24, -511]	[[10, 27]]
8	"690.e2"	690	[1, 0, 1, -924, 922]	[[-4, 69]]
8	"690.e3"	690	[1, 0, 1, -604, -5734]	[[-14, 2]]
8	"690.e4"	690	[1, 0, 1, 3676, 8282]	[[18, 274]]
10	"690.g2"	690	[1, 1, 1, 4, 29]	[[-1, 5]]
9	"702.d1"	702	[1, -1, 0, -8952, -323776]	[[-217/2, 227/2]]
9	"702.d2"	702	[1, -1, 0, -177, 197]	[[1, 4]]
9	"702.d3"	702	[1, -1, 0, -132, 618]	[[7/2, 151/2]]
12	"704.g1"	704	[0, 1, 0, -11, 11]	[[2, 1]]
10	"704.h1"	704	[0, 1, 0, -31281, -2139919]	[[267088/23, 128202697/23]]
10	"704.h2"	704	[0, 1, 0, -41, -199]	[[8, 7]]
6	"705.c1"	705	[0, -1, 1, -5781, 175862]	[[120, 1093]]
8	"706.a1"	706	[1, 1, 0, 1, -1]	[[1, 1]]
8	"706.b1"	706	[1, 0, 0, -178, -924]	[[-8, 6]]
6	"706.c1"	706	[1, -1, 1, -7, -5]	[[7, 12]]
6	"706.c2"	706	[1, -1, 1, 3, -25]	[[27/2, 101/2]]
12	"706.d1"	706	[1, -1, 1, -118, 2693]	[[41, 235]]
6	"715.b1"	715	[0, 1, 1, -5, 6]	[[-2, 3]]
10	"720.a1"	720	[0, 0, 0, -123, 522]	[[1, 20]]
10	"720.a2"	720	[0, 0, 0, -3, 18]	[[1, 4]]
8	"720.c1"	720	[0, 0, 0, -311043, -66769598]	[[767, 12078]]
8	"720.c2"	720	[0, 0, 0, -19443, -1042958]	[[-81, 22]]
8	"720.c3"	720	[0, 0, 0, -15843, -1441118]	[[279, 3982]]
8	"720.c4"	720	[0, 0, 0, -11523, 476098]	[[63, 14]]
8	"720.c5"	720	[0, 0, 0, -1443, -9758]	[[-9, 50]]
8	"720.c6"	720	[0, 0, 0, -723, 7378]	[[9, 40]]
8	"720.c8"	720	[0, 0, 0, 5037, -73262]	[[23, 234]]
12	"720.f1"	720	[0, 0, 0, -1947, -33046]	[[-25, 2]]
12	"720.f3"	720	[0, 0, 0, -147, -286]	[[-7, 20]]
12	"720.f4"	720	[0, 0, 0, 33, -34]	[[5, 16]]
10	"720.g1"	720	[0, 0, 0, -18387, 959634]	[[73, 80]]
10	"720.g3"	720	[0, 0, 0, -387, -766]	[[-7, 40]]
12	"722.c1"	722	[1, 0, 1, -33581, -2375576]	[[1474, 55398]]
12	"722.c2"	722	[1, 0, 1, 714, -16080]	[[27444/13, 4423160/13]]
12	"722.d2"	722	[1, 1, 1, 2, 3]	[[-1, 1]]
9	"722.e2"	722	[1, 1, 1, -5603, -163815]	[[93, 314]]
9	"722.e3"	722	[1, 1, 1, 3422, -612177]	[[359, 6679]]
8	"723.a2"	723	[1, 1, 1, 11, -10]	[[1, 1]]
10	"723.b1"	723	[0, 1, 1, -3, -4]	[[2, 1]]
6	"725.a1"	725	[1, -1, 0, -67, 216]	[[8, 8]]
6	"725.a2"	725	[1, -1, 0, 58, 841]	[[0, 29]]
8	"726.b1"	726	[1, 1, 0, -475, -4187]	[[-13, 8]]
6	"726.d1"	726	[1, 0, 1, -1217868, 517205302]	[[6283/3, 63767/3]]
8	"731.a1"	731	[1, 0, 1, -539, 4765]	[[13, -5]]
10	"732.c1"	732	[0, 1, 0, -164, -828]	[[-8, 6]]
10	"732.c2"	732	[0, 1, 0, -29, 36]	[[1, 3]]
10	"737.a1"	737	[0, -1, 1, 406, -686]	[[106, 1105]]
9	"740.b1"	740	[0, 1, 0, -12021, -511321]	[[-2291/6, 125/6]]
8	"747.a1"	747	[1, -1, 1, -191, 892]	[[4, 11]]
8	"747.a2"	747	[1, -1, 1, -56, -134]	[[-4, 5]]
12	"747.b1"	747	[1, -1, 1, 13, -12]	[[2, 3]]
8	"752.a1"	752	[0, 0, 0, -155, 714]	[[5, 8]]
8	"752.a2"	752	[0, 0, 0, 5, 42]	[[-1, 6]]
6	"754.a1"	754	[1, 0, 1, -7, -6]	[[3, 0]]
8	"755.c1"	755	[1, 0, 1, 1, 1]	[[1, 1]]
10	"759.a2"	759	[1, 1, 1, -23, -628]	[[10, 11]]
8	"759.b1"	759	[1, 0, 0, -93104, -10942305]	[[117555/14, 32678505/14]]
8	"759.b2"	759	[1, 0, 0, -5819, -171336]	[[499/2, 7691/2]]
8	"759.b3"	759	[1, 0, 0, -5654, -181467]	[[112099/30, 25991797/30]]
8	"759.b4"	759	[1, 0, 0, -1409, 17538]	[[3, 114]]
8	"759.b5"	759	[1, 0, 0, -374, -2541]	[[34, 139]]
8	"760.a2"	760	[0, 1, 0, 60, 400]	[[0, 20]]
8	"760.c1"	760	[0, 0, 0, -2027, 35126]	[[35, 84]]
8	"760.c2"	760	[0, 0, 0, -227, -434]	[[-5, 24]]
8	"760.c3"	760	[0, 0, 0, -127, 546]	[[5, 6]]
8	"760.c4"	760	[0, 0, 0, -2, 21]	[[6, 15]]
10	"765.a1"	765	[1, -1, 1, -77, 276]	[[6, -1]]
6	"768.a1"	768	[0, -1, 0, -2589, -49851]	[[260, 4097]]
6	"768.a2"	768	[0, -1, 0, -159, -765]	[[17, 34]]
6	"768.a3"	768	[0, -1, 0, -29, 69]	[[4, 1]]
6	"768.a4"	768	[0, -1, 0, 1, 3]	[[1, 2]]
12	"768.b1"	768	[0, -1, 0, -23, 51]	[[2, 3]]
12	"768.b2"	768	[0, -1, 0, -13, 85]	[[3, 8]]
10	"768.e1"	768	[0, 1, 0, -2589, 49851]	[[30, 9]]
10	"768.e2"	768	[0, 1, 0, -159, 765]	[[3, 18]]
10	"768.e3"	768	[0, 1, 0, -29, -69]	[[6, 3]]
10	"768.e4"	768	[0, 1, 0, 1, -3]	[[3, 6]]
12	"768.f1"	768	[0, 1, 0, -93, 315]	[[6, 3]]
10	"774.b2"	774	[1, -1, 0, 72, -54]	[[3, 12]]
9	"774.f1"	774	[1, -1, 1, -209, 1217]	[[9, -8]]
6	"776.a2"	776	[0, 0, 0, -11, 150]	[[3, 12]]
10	"780.c1"	780	[0, 1, 0, -81, 0]	[[-3, 15]]
8	"782.a1"	782	[1, 0, 1, -35, 54]	[[6, 5]]
8	"782.a2"	782	[1, 0, 1, 5, 6]	[[0, 2]]
10	"790.a2"	790	[1, 0, 0, -25, 57]	[[2, 3]]
8	"792.b1"	792	[0, 0, 0, -4251, -106666]	[[286, 4698]]
8	"792.b2"	792	[0, 0, 0, -291, -1330]	[[22, 54]]
8	"792.b4"	792	[0, 0, 0, 789, -8890]	[[14, 70]]
10	"792.c2"	792	[0, 0, 0, -135, -486]	[[-5, 8]]
10	"792.d1"	792	[0, 0, 0, -75, -234]	[[-5, 4]]
12	"793.a1"	793	[1, -1, 0, -16, -21]	[[82/3, 497/3]]
9	"794.b1"	794	[1, 0, 0, -281373, -57471035]	[[103405/4, 32929675/4]]
9	"794.b2"	794	[1, 0, 0, -3473, -79127]	[[86, 467]]
8	"794.c1"	794	[1, 1, 1, 4, -3]	[[1, 1]]
12	"794.d1"	794	[1, 0, 0, -57, 161]	[[-8, 15]]
12	"794.d2"	794	[1, 0, 0, 13, 539]	[[83/2, 711/2]]
4	"795.c1"	795	[1, 1, 0, -848, -9867]	[[949/4, 23127/4]]
4	"795.c2"	795	[1, 1, 0, -53, -168]	[[56, 392]]
4	"795.c4"	795	[1, 1, 0, 22, -513]	[[223/2, 3151/2]]
8	"797.a1"	797	[1, 0, 0, 2, 1]	[[0, 1]]
8	"800.d1"	800	[0, 0, 0, -275, -1750]	[[-86/3, 62/3]]
8	"800.d2"	800	[0, 0, 0, -275, 1750]	[[9, 2]]
8	"800.d3"	800	[0, 0, 0, -25, 0]	[[-4, 6]]
8	"800.e2"	800	[0, 0, 0, 20, 0]	[[4, 12]]
6	"801.c2"	801	[0, 0, 1, 240, 1233]	[[-1, 31]]
12	"801.d1"	801	[1, -1, 0, -9, -14]	[[6, 8]]
9	"810.b2"	810	[1, -1, 0, 201, -1315]	[[14, 57]]
12	"810.e2"	810	[1, -1, 1, 322, -3563]	[[23, 113]]
8	"811.a1"	811	[0, 0, 1, -2, -2]	[[2, 1]]
9	"813.a1"	813	[0, 1, 1, -115243, -15096572]	[[-10750211/234, -6403697/234]]
9	"813.a2"	813	[0, 1, 1, -1423, -21113]	[[-91/2, 11/2]]
6	"814.a2"	814	[1, 0, 1, 5, 30]	[[-2, 4]]
6	"815.a2"	815	[0, 1, 1, 15, -69]	[[3, 3]]
8	"816.b1"	816	[0, -1, 0, -443904, 113984640]	[[360, 840]]
8	"816.b2"	816	[0, -1, 0, -27744, 1787904]	[[146, 910]]
8	"816.b4"	816	[0, -1, 0, -1824, 25344]	[[50, 238]]
8	"816.b5"	816	[0, -1, 0, -544, -4352]	[[-14, 18]]
8	"816.b6"	816	[0, -1, 0, 3616, 142848]	[[18, 462]]
10	"816.c1"	816	[0, -1, 0, -48, 144]	[[6, 6]]
10	"816.c2"	816	[0, -1, 0, -8, 336]	[[2, 18]]
12	"825.a2"	825	[1, 0, 0, -288, 567]	[[-9, 54]]
12	"825.a3"	825	[1, 0, 0, -163, -808]	[[-7, 5]]
9	"825.c1"	825	[0, 1, 1, -583, 5494]	[[14, 16]]
9	"825.c2"	825	[0, 1, 1, 3167, 11119]	[[181/2, 3989/2]]
8	"827.a1"	827	[0, 0, 1, -10, 12]	[[2, 0]]
6	"828.a1"	828	[0, 0, 0, -351, 486]	[[-9, 54]]
6	"828.a2"	828	[0, 0, 0, -216, -1215]	[[-8, 1]]
9	"832.d1"	832	[0, -1, 0, -29409, -1931423]	[[649, 15872]]
9	"832.d2"	832	[0, -1, 0, -289, -3679]	[[25, 64]]
6	"832.f2"	832	[0, 0, 0, 4, 80]	[[-2, 8]]
10	"834.g1"	834	[1, 0, 0, -1090, -40504]	[[52, 184]]
8	"846.a1"	846	[1, -1, 0, -31518, 2160364]	[[93, 118]]
8	"846.a2"	846	[1, -1, 0, -19278, -1012100]	[[-75, 125]]
8	"846.a3"	846	[1, -1, 0, -2358, 20020]	[[-3, 166]]
8	"846.a4"	846	[1, -1, 0, 522, 2164]	[[-1, 41]]
8	"846.b1"	846	[1, -1, 0, -87, 323]	[[7, 1]]
8	"846.b2"	846	[1, -1, 0, 3, 17]	[[1, 4]]
10	"855.b2"	855	[1, -1, 1, 13, 474]	[[2, 21]]
12	"856.c1"	856	[0, 1, 0, -3, 2]	[[1, 1]]
12	"858.c1"	858	[1, 0, 1, -65176, -6409114]	[[585, 12187]]
12	"858.c2"	858	[1, 0, 1, -3736, -117658]	[[967/2, 28009/2]]
12	"858.c4"	858	[1, 0, 1, 359, 1916]	[[-2, 35]]
10	"862.a1"	862	[1, -1, 0, -70, 244]	[[4, 2]]
10	"862.b1"	862	[1, 0, 1, 1, -2]	[[1, 0]]
9	"866.a1"	866	[1, 0, 0, -8, 64]	[[4, 8]]
12	"867.a2"	867	[1, 1, 1, 62, 224]	[[1, 16]]
10	"869.a1"	869	[0, 1, 1, 10, -2]	[[11, 39]]
8	"870.a1"	870	[1, 1, 0, -4017, -99681]	[[-37, 21]]
8	"870.a2"	870	[1, 1, 0, -267, -1431]	[[-7, -9]]
8	"870.a4"	870	[1, 1, 0, 603, -7869]	[[17, 79]]
6	"870.b1"	870	[1, 0, 1, -524364, -146193014]	[[4380397/12, 9139039879/12]]
6	"870.b2"	870	[1, 0, 1, -32844, -2275958]	[[-389/2, 595/2]]
6	"870.b3"	870	[1, 0, 1, -7149, -156728]	[[-70, 78]]
12	"870.c1"	870	[1, 0, 1, -2533, -49264]	[[67, 254]]
12	"870.c2"	870	[1, 0, 1, -2413, -54112]	[[267/2, 2039/2]]
12	"870.c4"	870	[1, 0, 1, 212, 488]	[[-2, 8]]
10	"870.e1"	870	[1, 1, 1, -131, -631]	[[-7, 4]]
10	"870.e2"	870	[1, 1, 1, -11, -7]	[[-3, 4]]
12	"870.f2"	870	[1, 1, 1, 160, 85505]	[[-7, 293]]
12	"873.c1"	873	[1, -1, 0, -5886, 153679]	[[-70, 503]]
12	"873.c2"	873	[1, -1, 0, -1521, -20048]	[[14601/8, 1675471/8]]
10	"874.b1"	874	[1, 1, 0, -38, 76]	[[3, -1]]
10	"874.d1"	874	[1, 1, 1, -142320, -20724857]	[[-9623549/210, 1005550321/210]]
10	"874.d2"	874	[1, 1, 1, -410, 903]	[[-3, 47]]
10	"874.e1"	874	[1, 0, 0, -12, -16]	[[-2, 2]]
8	"880.b1"	880	[0, 1, 0, -60, -200]	[[15, 50]]
6	"880.e2"	880	[0, 0, 0, 2, 3]	[[3, 6]]
12	"880.g1"	880	[0, 0, 0, -7547, 12986]	[[97, 440]]
12	"880.g2"	880	[0, 0, 0, -5047, -137514]	[[137, 1320]]
12	"880.g3"	880	[0, 0, 0, -5042, -137801]	[[103, 660]]
10	"885.a1"	885	[0, 1, 1, -19330, -1040876]	[[-323/2, 17/2]]
8	"885.c1"	885	[1, 1, 0, -472, 3481]	[[63/2, 67/2]]
8	"885.c2"	885	[1, 1, 0, -97, -344]	[[12, 14]]
8	"885.c3"	885	[1, 1, 0, -92, -381]	[[58, 411]]
8	"885.c4"	885	[1, 1, 0, 198, -1701]	[[18, 81]]
8	"888.b1"	888	[0, -1, 0, -188, -924]	[[-8, 2]]
8	"888.b2"	888	[0, -1, 0, -3, -36]	[[5, 7]]
8	"888.c1"	888	[0, 1, 0, -7104, -232848]	[[147, 1386]]
8	"888.c2"	888	[0, 1, 0, -444, -3744]	[[36, 168]]
8	"888.c3"	888	[0, 1, 0, -264, -6624]	[[141/2, 1365/2]]
8	"888.c4"	888	[0, 1, 0, -39, -18]	[[-6, 6]]
10	"890.a1"	890	[1, 0, 1, -109, -444]	[[-6, 3]]
10	"890.a2"	890	[1, 0, 1, -9, -4]	[[-2, 3]]
6	"890.c1"	890	[1, -1, 0, -55, 171]	[[5, -1]]
6	"890.c2"	890	[1, -1, 0, -5, 1]	[[0, 1]]
10	"890.g1"	890	[1, 1, 1, -2040, -38093]	[[1915/6, 12823/6]]
10	"891.b1"	891	[1, -1, 1, 7, 10]	[[2, 4]]
12	"892.b1"	892	[0, 1, 0, -388, -1580]	[[-27/2, 223/2]]
8	"895.a1"	895	[1, 0, 0, -6, 5]	[[1, 0]]
8	"897.a1"	897	[1, 1, 1, -219, 1146]	[[11, 9]]
8	"897.a2"	897	[1, 1, 1, -24, -24]	[[-2, 5]]
8	"897.a3"	897	[1, 1, 1, -19, -40]	[[6, 7]]
6	"897.c1"	897	[1, 0, 0, -65, -204]	[[-5, 4]]
6	"897.c2"	897	[1, 0, 0, 0, -9]	[[3, 3]]
12	"897.d1"	897	[1, 0, 0, -5037552, 4351465395]	[[1302, -261]]
12	"897.d3"	897	[1, 0, 0, -314847, 67971960]	[[327, -66]]
12	"897.d4"	897	[1, 0, 0, -19602, 1069443]	[[63, 261]]
10	"897.f1"	897	[1, 0, 1, -1725581, -795628249]	[[-627, 6631]]
10	"897.f2"	897	[1, 0, 1, 130884, -59725523]	[[2987, 162774]]
10	"900.b1"	900	[0, 0, 0, -9300, 345125]	[[35, 250]]
10	"900.b3"	900	[0, 0, 0, -300, -1375]	[[-10, 25]]
10	"900.b4"	900	[0, 0, 0, 825, -9250]	[[35, 250]]
9	"900.d1"	900	[0, 0, 0, 0, -2700]	[[21, 81]]
9	"900.d2"	900	[0, 0, 0, 0, 100]	[[-4, 6]]
6	"901.b2"	901	[1, -1, 1, 180, -1492]	[[49, 326]]
12	"901.d1"	901	[1, 1, 1, -29863, 1910608]	[[757/3, 265/3]]
12	"901.d2"	901	[1, 1, 1, -29598, 1947602]	[[90, 106]]
12	"904.a1"	904	[0, 0, 0, -35, 78]	[[2, 4]]
12	"904.a2"	904	[0, 0, 0, 5, 246]	[[10, 36]]
12	"905.b1"	905	[1, 1, 0, -18, 23]	[[-1/2, 43/2]]
12	"905.b2"	905	[1, 1, 0, -13, 42]	[[6, 12]]
9	"906.d1"	906	[1, 0, 1, -52716, -4662998]	[[12697/3, 1391501/3]]
9	"906.d2"	906	[1, 0, 1, -621, -7064]	[[35, 102]]
8	"912.b1"	912	[0, -1, 0, -1624, -24656]	[[58, 270]]
8	"912.b2"	912	[0, -1, 0, -104, -336]	[[-6, 6]]
8	"912.b3"	912	[0, -1, 0, -24, 48]	[[2, 2]]
8	"912.b4"	912	[0, -1, 0, 136, -1872]	[[18, 78]]
12	"912.h1"	912	[0, 1, 0, -1528, 22484]	[[20, 18]]
8	"914.a1"	914	[1, -1, 0, -692, -6832]	[[1013, 31712]]
8	"914.a2"	914	[1, -1, 0, -52, -48]	[[-1, 2]]
10	"915.a2"	915	[1, 0, 0, 50, 107]	[[-1, 8]]
8	"915.b2"	915	[1, 1, 0, -62, 111]	[[22, 89]]
8	"915.b3"	915	[1, 1, 0, -57, 144]	[[0, 12]]
8	"915.b4"	915	[1, 1, 0, 163, 966]	[[79/2, 811/2]]
6	"916.d2"	916	[0, 1, 0, -77, 236]	[[8, 14]]
6	"918.a2"	918	[1, -1, 0, 24, 48]	[[4, 12]]
12	"918.d1"	918	[1, -1, 0, -27, 99]	[[-5, 12]]
10	"918.e1"	918	[1, -1, 0, -771, -8875]	[[53, 285]]
9	"918.g2"	918	[1, -1, 1, 3886, -555983]	[[287, 4769]]
12	"918.i1"	918	[1, -1, 1, -245, -2429]	[[155/2, 1541/2]]
10	"920.d1"	920	[0, 1, 0, 4, 5]	[[2, 5]]
9	"921.b1"	921	[0, 1, 1, -23, 41]	[[-5, 7]]
8	"928.b1"	928	[0, 1, 0, -1, -17]	[[3, 4]]
8	"930.b1"	930	[1, 1, 0, -6628, 204952]	[[47, -19]]
8	"930.b2"	930	[1, 1, 0, -428, 2832]	[[7, 12]]
8	"930.b3"	930	[1, 1, 0, -108, -432]	[[-7, 10]]
8	"930.b4"	930	[1, 1, 0, 652, 16008]	[[-11, 93]]
12	"930.c1"	930	[1, 1, 0, -47, 99]	[[5, 2]]
12	"930.c2"	930	[1, 1, 0, 3, 9]	[[0, 3]]
6	"930.d1"	930	[1, 1, 0, -37442, 2585844]	[[68, 566]]
10	"930.h2"	930	[1, 0, 1, 467, -1432]	[[19, 110]]
8	"930.l1"	930	[1, 1, 1, -161, 119]	[[-7, 34]]
8	"930.l2"	930	[1, 1, 1, 39, 39]	[[1, 8]]
10	"934.a1"	934	[1, 0, 1, -3, 0]	[[0, 0]]
8	"936.b1"	936	[0, 0, 0, -7491, 249550]	[[54, 50]]
8	"936.b2"	936	[0, 0, 0, -471, 3850]	[[2, 54]]
8	"936.b4"	936	[0, 0, 0, 69, 12166]	[[-9, 104]]
6	"936.c1"	936	[0, 0, 0, -51, 94]	[[-1, 12]]
12	"936.d1"	936	[0, 0, 0, -30, 29]	[[-2, 9]]
12	"936.d2"	936	[0, 0, 0, 105, 218]	[[1, 18]]
8	"936.e2"	936	[0, 0, 0, -30, 133]	[[2, 9]]
12	"939.a1"	939	[0, 1, 1, 4, 14]	[[1, 4]]
4	"939.b1"	939	[0, -1, 1, -321, -9817]	[[29, 66]]
12	"939.c1"	939	[1, 0, 1, -6, -5]	[[11, 30]]
12	"939.c2"	939	[1, 0, 1, 9, -23]	[[43/2, 247/2]]
9	"940.c1"	940	[0, 1, 0, -31516, -1956716]	[[-1061/3, 9890/3]]
12	"946.b1"	946	[1, 0, 1, -261, -1680]	[[51, 318]]
12	"946.b2"	946	[1, 0, 1, 14, -8]	[[5, 11]]
6	"954.a1"	954	[1, -1, 0, -81, 783]	[[-3, 33]]
12	"954.c1"	954	[1, -1, 0, -221427, 40159989]	[[310, 957]]
8	"960.b1"	960	[0, -1, 0, -641, 6465]	[[16, 7]]
8	"960.b2"	960	[0, -1, 0, -161, -639]	[[-5, 4]]
8	"960.b3"	960	[0, -1, 0, -41, 105]	[[1, 8]]
8	"960.b4"	960	[0, -1, 0, 4, 6]	[[3, 6]]
8	"960.c1"	960	[0, -1, 0, -12801, -553215]	[[131, 28]]
8	"960.c2"	960	[0, -1, 0, -801, -8415]	[[-16, 7]]
8	"960.c3"	960	[0, -1, 0, -321, -18879]	[[80, 679]]
8	"960.c4"	960	[0, -1, 0, -81, 81]	[[0, 9]]
8	"960.c6"	960	[0, -1, 0, 319, 321]	[[3, 36]]
8	"960.f1"	960	[0, -1, 0, -225, -1215]	[[-8, 3]]
8	"960.f2"	960	[0, -1, 0, -25, 25]	[[0, 5]]
8	"960.f3"	960	[0, -1, 0, -20, 42]	[[7, 14]]
8	"960.f4"	960	[0, -1, 0, 95, 97]	[[3, 20]]
12	"960.i1"	960	[0, 1, 0, -1921, 31775]	[[26, 9]]
12	"960.i3"	960	[0, 1, 0, -121, 455]	[[2, 15]]
12	"960.i4"	960	[0, 1, 0, 4, 30]	[[1, 6]]
8	"960.j2"	960	[0, 1, 0, -801, 8415]	[[-1, 96]]
8	"960.j3"	960	[0, 1, 0, -321, 18879]	[[5, 132]]
8	"960.j4"	960	[0, 1, 0, -81, -81]	[[-6, 15]]
8	"960.j5"	960	[0, 1, 0, -61, -205]	[[11, 24]]
8	"960.j6"	960	[0, 1, 0, 319, -321]	[[7, 48]]
12	"960.m2"	960	[0, 1, 0, -905, 9975]	[[25, 60]]
12	"960.m3"	960	[0, 1, 0, -900, 10098]	[[21, 30]]
12	"960.m4"	960	[0, 1, 0, 95, 31775]	[[5, 180]]
12	"968.d1"	968	[0, 1, 0, 15, -13]	[[7, 22]]
12	"972.a1"	972	[0, 0, 0, 0, -972]	[[13, 35]]
12	"972.a2"	972	[0, 0, 0, 0, 36]	[[-3, 3]]
9	"972.b1"	972	[0, 0, 0, 0, -243]	[[7, 10]]
9	"972.b2"	972	[0, 0, 0, 0, 9]	[[3, 6]]
8	"975.i1"	975	[1, 1, 0, -3250000, -2256492875]	[[47745136965/2684, 9934123193216195/2684]]
8	"975.i2"	975	[1, 1, 0, -203125, -35321000]	[[-878361/58, 27647851/58]]
8	"975.i3"	975	[1, 1, 0, -198250, -37090625]	[[7765202319/3538, 380236785822631/3538]]
8	"975.i4"	975	[1, 1, 0, -13000, -528125]	[[-321/2, 959/2]]
8	"975.i5"	975	[1, 1, 0, -2875, 49000]	[[-60, 130]]
8	"975.i6"	975	[1, 1, 0, -2750, 54375]	[[26, 23]]
8	"975.i7"	975	[1, 1, 0, 5250, 284625]	[[-635/4, 9295/4]]
10	"979.b1"	979	[1, 1, 0, -14646, -688345]	[[1514, 57983]]
10	"986.c2"	986	[1, 1, 0, 44, 5520]	[[48, 324]]
10	"986.f1"	986	[1, 0, 0, 8, 16]	[[6, 14]]
10	"988.c1"	988	[0, 0, 0, -362249, 165197113]	[[18309, 2476099]]
8	"990.a2"	990	[1, -1, 0, 15, 91]	[[3, 11]]
8	"990.c1"	990	[1, -1, 0, -34965, 2525175]	[[111, -6]]
8	"990.c2"	990	[1, -1, 0, -10575, -415935]	[[-59, 30]]
8	"990.c3"	990	[1, -1, 0, -2295, 35721]	[[12, 93]]
8	"990.c4"	990	[1, -1, 0, -675, -6075]	[[-15, 30]]
8	"990.c5"	990	[1, -1, 0, 45, -459]	[[15, 51]]
8	"990.c6"	990	[1, -1, 0, 4455, 201771]	[[-27, 261]]
12	"990.h1"	990	[1, -1, 1, -14423, -663069]	[[-69, 36]]
12	"990.h2"	990	[1, -1, 1, -923, -9669]	[[-19, 36]]
12	"990.h3"	990	[1, -1, 1, -203, 987]	[[5, 6]]
12	"990.h4"	990	[1, -1, 1, 1057, -46893]	[[47, 300]]
12	"990.i1"	990	[1, -1, 1, -96608, -11533373]	[[793, 19853]]
12	"990.i2"	990	[1, -1, 1, -95528, -11804669]	[[1027, 30671]]
12	"990.i3"	990	[1, -1, 1, -1568, -4669]	[[-5, 57]]
12	"990.i4"	990	[1, -1, 1, 6112, -41533]	[[13, 193]]
6	"995.a1"	995	[0, 1, 1, -15, 19]	[[7, 17]]
6	"996.b2"	996	[0, 1, 0, 108, -876]	[[11, 42]]
12	"1002.d1"	1002	[1, 0, 1, -125, -544]	[[14, 15]]
12	"1002.d2"	1002	[1, 0, 1, -5, -16]	[[6, 10]]
6	"1003.b1"	1003	[0, -1, 1, 1, 1]	[[1, 1]]
10	"1003.d1"	1003	[0, 0, 1, -41, 135]	[[9/2, 55/2]]
12	"1012.c1"	1012	[0, 1, 0, -2278, -42635]	[[1345/3, 46585/3]]
12	"1012.c2"	1012	[0, 1, 0, 22, -223]	[[14, 55]]
10	"1014.b1"	1014	[1, 0, 1, -70997, 7275296]	[[147, 70]]
10	"1014.b3"	1014	[1, 0, 1, -212, -466]	[[-9, 31]]
10	"1014.b4"	1014	[1, 0, 1, 48, -50]	[[5, 15]]
8	"1017.b1"	1017	[0, 0, 1, 3, -2]	[[1, 1]]
8	"1020.c1"	1020	[0, -1, 0, -25, -38]	[[7, 9]]
9	"1020.e2"	1020	[0, 1, 0, 54, -195]	[[5, 15]]
9	"1026.b1"	1026	[1, -1, 0, -4041, 99891]	[[-125/2, 3657/2]]
9	"1026.b3"	1026	[1, -1, 0, -51, 141]	[[1, 9]]
6	"1026.d1"	1026	[1, -1, 0, -1197, 16245]	[[22, 3]]
9	"1027.a1"	1027	[0, 1, 1, -213, 1128]	[[36, 203]]
9	"1027.a2"	1027	[0, 1, 1, -163, 1721]	[[5, 32]]
8	"1040.c1"	1040	[0, 1, 0, -20, 28]	[[3, 2]]
8	"1040.d2"	1040	[0, 0, 0, -43, 42]	[[-3, 12]]
8	"1040.d3"	1040	[0, 0, 0, -23, -42]	[[6, 6]]
8	"1040.d4"	1040	[0, 0, 0, 157, 322]	[[7, 42]]
6	"1042.a2"	1042	[1, -1, 0, 32, -24]	[[7, 19]]
8	"1045.b1"	1045	[1, -1, 0, -1016789, -346894930]	[[-35486/7, 1167396/7]]
8	"1045.b2"	1045	[1, -1, 0, -982414, -374539305]	[[5206, 365617]]
8	"1045.b3"	1045	[1, -1, 0, -982409, -374543312]	[[13348/3, 1000658/3]]
8	"1045.b4"	1045	[1, -1, 0, -948119, -401927292]	[[1292, 22344]]
12	"1054.a1"	1054	[1, -1, 1, -160, 803]	[[-1, 31]]
12	"1054.a2"	1054	[1, -1, 1, 0, 35]	[[1, 5]]
6	"1056.c2"	1056	[0, -1, 0, 6, -36]	[[4, 6]]
10	"1056.d2"	1056	[0, -1, 0, -88, 484]	[[0, 22]]
12	"1056.e1"	1056	[0, -1, 0, -313632, -67500540]	[[217993/3, 101750770/3]]
12	"1056.e3"	1056	[0, -1, 0, -19602, -1049760]	[[24219, 3768930]]
12	"1056.e4"	1056	[0, -1, 0, -18392, -1186248]	[[147109/30, 10381877/30]]
8	"1056.h1"	1056	[0, 1, 0, -529, 4511]	[[-5, 84]]
8	"1056.h2"	1056	[0, 1, 0, -144, -648]	[[-6, 6]]
8	"1056.h3"	1056	[0, 1, 0, -34, 56]	[[5, 6]]
8	"1056.h4"	1056	[0, 1, 0, 56, 380]	[[-1, 18]]
8	"1062.a1"	1062	[1, -1, 0, -211599, 37407469]	[[329, 1658]]
8	"1062.a2"	1062	[1, -1, 0, -119439, 70124269]	[[599, 14303]]
12	"1062.c1"	1062	[1, -1, 0, -2337, 44045]	[[22, 43]]
12	"1062.c2"	1062	[1, -1, 0, -177, 413]	[[2, 7]]
8	"1062.d1"	1062	[1, -1, 0, -27, 49]	[[5, 2]]
8	"1062.d2"	1062	[1, -1, 0, 63, 247]	[[-1, 14]]
8	"1062.h1"	1062	[1, -1, 1, -5801, -168285]	[[-675/4, 1451/4]]
8	"1062.h2"	1062	[1, -1, 1, -491, -489]	[[-9, 60]]
8	"1062.h3"	1062	[1, -1, 1, -311, 2175]	[[9, 2]]
8	"1062.h4"	1062	[1, -1, 1, 1939, -5349]	[[207/2, 3639/2]]
12	"1062.i1"	1062	[1, -1, 1, -260, -1545]	[[-9, 5]]
12	"1062.i2"	1062	[1, -1, 1, -20, -9]	[[-3, 5]]
6	"1066.b1"	1066	[1, 0, 1, -172, 2026]	[[17, 55]]
8	"1066.d1"	1066	[1, -1, 1, -7246, -235563]	[[207, 2561]]
8	"1066.d2"	1066	[1, -1, 1, -486, -3019]	[[-11, 35]]
8	"1066.d4"	1066	[1, -1, 1, 1154, -20075]	[[71, 609]]
10	"1074.d1"	1074	[1, 1, 0, 1, 3]	[[-1, 2]]
6	"1074.g1"	1074	[1, 1, 1, -44, -475]	[[39, 223]]
7	"1083.c1"	1083	[1, 1, 0, -239350, -45171941]	[[53859172782/7987, 9391164040457921/7987]]
6	"1088.b2"	1088	[0, 1, 0, -4, 6]	[[1, 2]]
8	"1088.c1"	1088	[0, 1, 0, -193, 927]	[[11, 16]]
8	"1088.c2"	1088	[0, 1, 0, -33, -65]	[[-3, 4]]
6	"1088.e2"	1088	[0, 1, 0, 63, -65]	[[5, 20]]
10	"1088.f1"	1088	[0, 0, 0, -20, 32]	[[4, 4]]
10	"1088.f2"	1088	[0, 0, 0, 20, 144]	[[0, 12]]
6	"1088.g1"	1088	[0, 0, 0, -20, -32]	[[6, 8]]
6	"1088.g2"	1088	[0, 0, 0, 20, -144]	[[5, 9]]
12	"1088.h2"	1088	[0, 0, 0, -364, 2640]	[[28, 120]]
12	"1088.h3"	1088	[0, 0, 0, -44, -48]	[[-4, 8]]
10	"1088.k1"	1088	[0, -1, 0, -89, -295]	[[13, 24]]
10	"1088.k2"	1088	[0, -1, 0, -4, -6]	[[31/3, 82/3]]
12	"1088.l1"	1088	[0, -1, 0, -7233, -161215]	[[113, 672]]
12	"1088.l2"	1088	[0, -1, 0, -6593, -203839]	[[2713/3, 135296/3]]
12	"1088.l3"	1088	[0, -1, 0, -2753, 56513]	[[49, 192]]
12	"1088.l4"	1088	[0, -1, 0, -193, 705]	[[3, 12]]
10	"1089.c1"	1089	[1, -1, 1, -32693, -2267130]	[[212, 438]]
10	"1089.c2"	1089	[1, -1, 1, -23, 168]	[[14, 42]]
6	"1089.i1"	1089	[1, -1, 0, -2745, -215726]	[[470, 9872]]
6	"1089.i2"	1089	[1, -1, 0, -270, 1777]	[[8, 5]]
12	"1089.j2"	1089	[1, -1, 0, -12546, 173047]	[[5603/2, 412357/2]]
8	"1091.a1"	1091	[1, 0, 0, -4, -3]	[[-1, 1]]
12	"1094.b1"	1094	[1, -1, 1, 20, -145]	[[5, 5]]
8	"1095.a1"	1095	[1, 0, 0, -1181, -15714]	[[-315/4, 741/4]]
8	"1095.a2"	1095	[1, 0, 0, -86, -165]	[[-6, 15]]
8	"1095.a4"	1095	[1, 0, 0, 289, -1140]	[[168, 2106]]
8	"1096.b1"	1096	[0, 1, 0, -88, -144]	[[-5, 14]]
8	"1096.b2"	1096	[0, 1, 0, -48, 112]	[[3, 2]]
8	"1100.a1"	1100	[0, 1, 0, -1508, 21988]	[[28, 50]]
10	"1100.c1"	1100	[0, 0, 0, -295, 1950]	[[11, 6]]
6	"1100.d2"	1100	[0, 0, 0, -500, 3125]	[[19, 22]]
10	"1104.b2"	1104	[0, -1, 0, -9208, -337040]	[[114, 286]]
10	"1104.b3"	1104	[0, -1, 0, -568, -5264]	[[60, 416]]
6	"1104.c1"	1104	[0, -1, 0, -248, 1584]	[[10, 2]]
10	"1104.d1"	1104	[0, 1, 0, -1144, 14516]	[[20, 6]]
12	"1110.a1"	1110	[1, 1, 0, -358318108, -2610814913072]	[[200739610880201683197/94952731, 564132176203253638279313019034/94952731]]
12	"1110.a2"	1110	[1, 1, 0, -22394908, -40800879152]	[[31520549709/1619, 5047520569416127/1619]]
12	"1110.a3"	1110	[1, 1, 0, -22016028, -42247518768]	[[32930080659254493661/52340651, 170611294795375230919907322407/52340651]]
9	"1110.e1"	1110	[1, 0, 1, -7089, -230588]	[[439/2, 4057/2]]
8	"1111.b1"	1111	[0, 0, 1, -26, -51]	[[-3, 0]]
10	"1122.b1"	1122	[1, 1, 0, -2984, -63840]	[[-33, 9]]
10	"1122.b2"	1122	[1, 1, 0, -264, -192]	[[-1, 9]]
10	"1122.d1"	1122	[1, 0, 1, -1227, -9650]	[[-10, 45]]
8	"1122.e1"	1122	[1, 1, 1, -394944, -95697123]	[[2393, 111363]]
8	"1122.e2"	1122	[1, 1, 1, -24684, -1502979]	[[215, 1677]]
8	"1122.e3"	1122	[1, 1, 1, -24344, -1545955]	[[1933/3, 45317/3]]
8	"1122.e4"	1122	[1, 1, 1, -1564, -23299]	[[47, 75]]
8	"1122.e6"	1122	[1, 1, 1, 1076, -90883]	[[39, 91]]
8	"1122.f1"	1122	[1, 1, 1, -9, -9]	[[3, 0]]
12	"1122.i1"	1122	[1, 0, 0, -904, 10304]	[[20, 8]]
8	"1128.a1"	1128	[0, -1, 0, -7523664, 7945078284]	[[605/2, 660209/2]]
8	"1128.a2"	1128	[0, -1, 0, -437784, 142107228]	[[182, 8272]]
8	"1128.c1"	1128	[0, -1, 0, -112, 460]	[[9, 10]]
8	"1128.c2"	1128	[0, -1, 0, 8, 28]	[[1, 6]]
12	"1128.g1"	1128	[0, 1, 0, -48, -48]	[[8, 12]]
12	"1128.g2"	1128	[0, 1, 0, 12, 0]	[[2, 6]]
8	"1130.c1"	1130	[1, -1, 1, -106933, -13432019]	[[1195, 38952]]
8	"1130.c2"	1130	[1, -1, 1, -6933, -192019]	[[-49, 192]]
8	"1130.c3"	1130	[1, -1, 1, -1813, 27117]	[[13, 68]]
8	"1130.c4"	1130	[1, -1, 1, 11147, -1038163]	[[177, 2452]]
8	"1131.a1"	1131	[1, 1, 1, -53, 38]	[[8, 10]]
8	"1131.a2"	1131	[1, 1, 1, 12, 12]	[[0, 3]]
9	"1132.b1"	1132	[0, 1, 0, -93, 316]	[[1, 15]]
8	"1138.a1"	1138	[1, -1, 0, -11, 17]	[[1, 2]]
8	"1138.a2"	1138	[1, -1, 0, -1, 39]	[[3, 6]]
12	"1139.b1"	1139	[0, 1, 1, -107, -464]	[[26, 122]]
10	"1140.a1"	1140	[0, -1, 0, -3476, 72360]	[[14, 162]]
10	"1140.c1"	1140	[0, 1, 0, -116, 420]	[[4, 6]]
10	"1140.c2"	1140	[0, 1, 0, -21, -36]	[[-3, 3]]
8	"1143.b1"	1143	[0, 0, 1, -108, 425]	[[9, 13]]
10	"1143.c1"	1143	[0, 0, 1, -102, 324]	[[14, 40]]
10	"1144.a1"	1144	[0, 1, 0, -2881, 73171]	[[-3, 286]]
12	"1145.a1"	1145	[1, 0, 0, -596, 5551]	[[13, 0]]
12	"1146.b1"	1146	[1, 0, 0, -12224, 519180]	[[580/3, -610/3]]
12	"1146.b2"	1146	[1, 0, 0, -824, 6708]	[[24, 18]]
12	"1146.b3"	1146	[1, 0, 0, -764, 8064]	[[18, 6]]
12	"1146.b4"	1146	[1, 0, 0, -44, 144]	[[0, 12]]
12	"1149.a1"	1149	[0, -1, 1, -9, -7]	[[-1, 0]]
8	"1149.b1"	1149	[0, 1, 1, -67, 190]	[[4, 1]]
9	"1150.a1"	1150	[1, 0, 1, -72826, -7570452]	[[-1403/3, 2099/3]]
6	"1152.b1"	1152	[0, 0, 0, -1272, 17440]	[[17, 27]]
10	"1152.e1"	1152	[0, 0, 0, -36, -80]	[[-3, 1]]
10	"1152.i1"	1152	[0, 0, 0, -120, -416]	[[-7, 9]]
10	"1152.j1"	1152	[0, 0, 0, -30, -52]	[[7, 9]]
6	"1152.k1"	1152	[0, 0, 0, -30, 52]	[[-1, 9]]
6	"1152.k2"	1152	[0, 0, 0, 60, 304]	[[5, 27]]
12	"1152.m1"	1152	[0, 0, 0, -84, -272]	[[-6, 4]]
12	"1152.m2"	1152	[0, 0, 0, 6, -20]	[[3, 5]]
10	"1152.n1"	1152	[0, 0, 0, -24, 32]	[[1, 3]]
12	"1154.a1"	1154	[1, -1, 1, -55, -121]	[[-3, 4]]
12	"1157.a1"	1157	[1, 0, 0, 6, 77]	[[19, 75]]
9	"1158.b1"	1158	[1, 0, 1, -73276, -7640710]	[[3429279/26, 6296779685/26]]
9	"1158.b2"	1158	[1, 0, 1, -901, -10648]	[[5070, 358471]]
9	"1158.b3"	1158	[1, 0, 1, 44, -64]	[[10, 32]]
12	"1158.d1"	1158	[1, 1, 1, -68, 185]	[[5, -1]]
12	"1158.d2"	1158	[1, 1, 1, -8, -7]	[[3, 1]]
8	"1160.a1"	1160	[0, 1, 0, -36, -80]	[[-4, 4]]
8	"1160.a2"	1160	[0, 1, 0, -11, 10]	[[1, 1]]
8	"1160.b1"	1160	[0, 0, 0, -827, -7546]	[[-17, 40]]
8	"1160.b2"	1160	[0, 0, 0, -247, 1386]	[[2, 30]]
8	"1160.b3"	1160	[0, 0, 0, -242, 1449]	[[-16, 35]]
8	"1160.b4"	1160	[0, 0, 0, 253, 6286]	[[22, 150]]
12	"1160.c1"	1160	[0, -1, 0, -676, -6540]	[[246, 3828]]
12	"1160.c2"	1160	[0, -1, 0, -51, -40]	[[-1, 3]]
10	"1166.b1"	1166	[1, 0, 1, -1, -8]	[[5, 8]]
10	"1168.a2"	1168	[0, 0, 0, 61, 130]	[[7, 30]]
8	"1170.a1"	1170	[1, -1, 0, -81135, 8915611]	[[165, -76]]
8	"1170.a2"	1170	[1, -1, 0, -7605, -253175]	[[-49, 29]]
8	"1170.a3"	1170	[1, -1, 0, -5085, 139441]	[[48, 41]]
8	"1170.a4"	1170	[1, -1, 0, -1035, 352471]	[[-33, 608]]
8	"1170.a5"	1170	[1, -1, 0, -585, -1859]	[[-13, 65]]
8	"1170.b1"	1170	[1, -1, 0, -12480, 539756]	[[67, -2]]
8	"1170.b2"	1170	[1, -1, 0, -780, 8576]	[[7, 55]]
8	"1170.b4"	1170	[1, -1, 0, -60, 80]	[[1, 4]]
12	"1170.c1"	1170	[1, -1, 0, -4524, 71288]	[[59, 55]]
12	"1170.c2"	1170	[1, -1, 0, -3999, 98343]	[[67, 324]]
12	"1170.c3"	1170	[1, -1, 0, -249, 1593]	[[9, 0]]
12	"1170.d1"	1170	[1, -1, 0, -7569, 255325]	[[41, 92]]
12	"1170.h1"	1170	[1, -1, 1, -35993, -2619269]	[[8167/6, 174821/6]]
12	"1170.h2"	1170	[1, -1, 1, -2243, -40769]	[[463/2, 8443/2]]
12	"1170.h3"	1170	[1, -1, 1, -503, -2473]	[[25, -2]]
10	"1170.j1"	1170	[1, -1, 1, -7673, 260601]	[[53, 0]]
10	"1170.j2"	1170	[1, -1, 1, -473, 4281]	[[5, 42]]
10	"1173.b1"	1173	[1, 1, 1, -20, 26]	[[2, -1]]
10	"1173.c1"	1173	[1, 0, 0, 17, -34]	[[5, 11]]
10	"1173.f1"	1173	[1, 0, 1, 15139, -1830679]	[[123, 1315]]
8	"1178.a1"	1178	[1, 0, 0, -202, -1122]	[[67/2, 63/2]]
8	"1178.a2"	1178	[1, 0, 0, -12, -20]	[[12, 34]]
12	"1184.d1"	1184	[0, 0, 0, -49, -132]	[[21, 90]]
12	"1184.d2"	1184	[0, 0, 0, -44, -160]	[[10, 20]]
12	"1185.a1"	1185	[1, 1, 1, -351, -2226]	[[24, 50]]
12	"1185.a2"	1185	[1, 1, 1, 44, -172]	[[4, 7]]
12	"1185.c1"	1185	[1, 0, 0, -421, 3290]	[[13, 1]]
12	"1185.c2"	1185	[1, 0, 0, -26, 51]	[[3, 0]]
10	"1186.b2"	1186	[1, -1, 1, 30, 41]	[[-1, 3]]
9	"1188.b2"	1188	[0, 0, 0, 945, -3834]	[[34, 260]]
9	"1188.c1"	1188	[0, 0, 0, -15, -26]	[[6, 10]]
9	"1188.c2"	1188	[0, 0, 0, 105, 142]	[[-1, 6]]
12	"1195.a1"	1195	[0, 1, 1, -30, 54]	[[3, 0]]
6	"1196.a1"	1196	[0, 0, 0, -556, 1641]	[[26, 69]]
6	"1196.a2"	1196	[0, 0, 0, 2089, 12750]	[[3, 138]]
12	"1200.a2"	1200	[0, -1, 0, 292, -9588]	[[517, 11750]]
8	"1200.d1"	1200	[0, -1, 0, -9608, 365712]	[[56, 12]]
8	"1200.d2"	1200	[0, -1, 0, -1608, -24288]	[[77, 550]]
8	"1200.d3"	1200	[0, -1, 0, -608, 5712]	[[8, 36]]
8	"1200.d4"	1200	[0, -1, 0, -108, -288]	[[-4, 8]]
8	"1200.d5"	1200	[0, -1, 0, 17, -38]	[[18, 76]]
8	"1200.d6"	1200	[0, -1, 0, 392, 21712]	[[2, 150]]
12	"1200.k1"	1200	[0, 1, 0, -2133408, 1198675188]	[[842, 48]]
12	"1200.k2"	1200	[0, 1, 0, -181408, 3987188]	[[4, 1806]]
12	"1200.k3"	1200	[0, 1, 0, -133408, 18675188]	[[68, 3150]]
12	"1200.k4"	1200	[0, 1, 0, -115408, -15128812]	[[-196, 6]]
12	"1200.k6"	1200	[0, 1, 0, -7408, -224812]	[[-52, 150]]
12	"1200.k7"	1200	[0, 1, 0, -5408, 499188]	[[-12, 750]]
10	"1200.l2"	1200	[0, 1, 0, 32, 68]	[[2, 12]]
9	"1200.n1"	1200	[0, 1, 0, -1213, 15863]	[[19, 6]]
8	"1206.c1"	1206	[1, -1, 1, -12866, -558475]	[[441, 8689]]
8	"1206.c2"	1206	[1, -1, 1, -806, -8539]	[[-17, 3]]
8	"1206.c3"	1206	[1, -1, 1, -266, -20203]	[[37, 121]]
10	"1209.b1"	1209	[0, 1, 1, -13, 16]	[[2, 1]]
9	"1210.f2"	1210	[1, 0, 1, 2417, 27586]	[[-17/3, 4108/3]]
8	"1210.g1"	1210	[1, 1, 0, -450848, 116307008]	[[664, 10168]]
8	"1210.g2"	1210	[1, 1, 0, -24928, 2245632]	[[1408/3, 37984/3]]
8	"1215.a1"	1215	[0, 0, 1, 27, -16]	[[4, 12]]
9	"1215.e1"	1215	[0, 0, 1, -2268, 41573]	[[31, 32]]
9	"1216.e1"	1216	[0, -1, 0, -5473, -1251871]	[[6745/7, 262144/7]]
9	"1216.e3"	1216	[0, -1, 0, 607, 45601]	[[57, 512]]
9	"1216.o1"	1216	[0, -1, 0, -3077, -64681]	[[8026/7, 668541/7]]
9	"1216.o2"	1216	[0, -1, 0, -37, -81]	[[18, 69]]
12	"1221.a1"	1221	[1, 0, 0, -253, 1316]	[[5, 11]]
12	"1221.a2"	1221	[1, 0, 0, -68, -201]	[[-5, 7]]
12	"1221.c1"	1221	[1, 0, 1, -595, -5629]	[[1087/6, 10591/6]]
12	"1221.c2"	1221	[1, 0, 1, -205, 1043]	[[93, 841]]
12	"1221.c3"	1221	[1, 0, 1, -40, -79]	[[55/2, 301/2]]
10	"1224.c1"	1224	[0, 0, 0, 12, 4]	[[2, 6]]
8	"1224.d1"	1224	[0, 0, 0, -435, -3346]	[[-10, 2]]
8	"1230.c1"	1230	[1, 0, 1, -5249, 145916]	[[44, 3]]
8	"1230.c3"	1230	[1, 0, 1, -329, 2252]	[[3, 34]]
8	"1230.c4"	1230	[1, 0, 1, -9, 76]	[[4, 8]]
10	"1230.d2"	1230	[1, 0, 1, 197, -352]	[[4, 20]]
10	"1230.e1"	1230	[1, 1, 1, -861, 9363]	[[19, 8]]
10	"1230.e2"	1230	[1, 1, 1, -61, 83]	[[-1, 12]]
12	"1230.h1"	1230	[1, 0, 0, -12756, -555264]	[[-66, 48]]
12	"1230.h2"	1230	[1, 0, 0, -10256, -778764]	[[184, 1798]]
12	"1230.h4"	1230	[1, 0, 0, 1084, 21840]	[[-14, 70]]
8	"1240.c1"	1240	[0, 0, 0, -5323, 149478]	[[-82, 186]]
8	"1240.c2"	1240	[0, 0, 0, -323, 2478]	[[11, 16]]
10	"1242.f1"	1242	[1, -1, 0, -1014, 116]	[[-4, 66]]
10	"1248.a2"	1248	[0, -1, 0, 31, -111]	[[5, 12]]
8	"1248.b1"	1248	[0, -1, 0, -3744, -86940]	[[949/2, 28083/2]]
8	"1248.b3"	1248	[0, -1, 0, -234, -1296]	[[234, 3564]]
8	"1248.b4"	1248	[0, -1, 0, -104, -2856]	[[733/6, 11935/6]]
10	"1248.c1"	1248	[0, -1, 0, -33, -15]	[[-1, 4]]
10	"1248.c2"	1248	[0, -1, 0, -18, 36]	[[0, 6]]
8	"1248.f1"	1248	[0, 1, 0, -3744, 86940]	[[39, 42]]
8	"1248.f3"	1248	[0, 1, 0, -234, 1296]	[[0, 36]]
8	"1248.f4"	1248	[0, 1, 0, -104, 2856]	[[19, 90]]
6	"1248.g2"	1248	[0, 1, 0, 31, 111]	[[1, 12]]
10	"1248.h2"	1248	[0, 1, 0, -98, 132]	[[-2, 18]]
8	"1254.a1"	1254	[1, 1, 0, -1282, 17140]	[[21, -5]]
10	"1254.d1"	1254	[1, 0, 1, -37, 80]	[[4, -1]]
10	"1254.e1"	1254	[1, 0, 1, -206, 896]	[[14, 21]]
10	"1254.e2"	1254	[1, 0, 1, 434, 5504]	[[4, 83]]
8	"1254.f1"	1254	[1, 1, 1, -148049, -21987223]	[[-1568027/84, 74688167/84]]
8	"1254.f2"	1254	[1, 1, 1, -9539, -324259]	[[-569/3, 5600/3]]
8	"1254.f3"	1254	[1, 1, 1, -2319, 36741]	[[17, 42]]
8	"1254.f5"	1254	[1, 1, 1, 3621, 200685]	[[611, 14892]]
8	"1254.f6"	1254	[1, 1, 1, 13451, -1620895]	[[129319/30, 47126837/30]]
8	"1254.g1"	1254	[1, 1, 1, -42359, -3373225]	[[49527/14, 3663869/14]]
8	"1254.g2"	1254	[1, 1, 1, -2649, -53469]	[[775/2, 20011/2]]
8	"1254.g3"	1254	[1, 1, 1, -1659, -92673]	[[6943/6, 542633/6]]
8	"1254.g4"	1254	[1, 1, 1, -229, -229]	[[-3, 22]]
8	"1254.g5"	1254	[1, 1, 1, -149, 635]	[[5, 4]]
8	"1254.g6"	1254	[1, 1, 1, 911, -685]	[[111, 1162]]
12	"1254.i1"	1254	[1, 0, 0, -9054, -332100]	[[-54, 36]]
12	"1254.i2"	1254	[1, 0, 0, -694, -2716]	[[-16, 74]]
12	"1254.i4"	1254	[1, 0, 0, 2546, -20212]	[[38, 344]]
9	"1256.a1"	1256	[0, 0, 0, -35, -82]	[[7, 4]]
8	"1259.c1"	1259	[0, 1, 1, 3, 1]	[[1, 2]]
8	"1264.a1"	1264	[0, 1, 0, -144, -620]	[[-6, 8]]
8	"1264.a2"	1264	[0, 1, 0, 16, -44]	[[4, 10]]
10	"1269.c1"	1269	[1, -1, 1, -29, 82]	[[4, 2]]
10	"1269.d1"	1269	[1, -1, 0, -3, -2]	[[6, 10]]
9	"1278.b1"	1278	[1, -1, 0, -522, 4590]	[[-23, 75]]
9	"1278.b2"	1278	[1, -1, 0, -72, -216]	[[-5, 3]]
8	"1278.h1"	1278	[1, -1, 1, -371, 2827]	[[13, 2]]
10	"1282.a1"	1282	[1, -1, 1, -10, -439]	[[17, 55]]
10	"1284.a1"	1284	[0, -1, 0, -6, -3]	[[-1, 1]]
6	"1284.b1"	1284	[0, -1, 0, -1786, -28463]	[[-24, 1]]
10	"1287.a1"	1287	[1, -1, 1, -1799, -28284]	[[-22, 27]]
10	"1287.b1"	1287	[0, 0, 1, -12, 58]	[[2, 6]]
8	"1287.d2"	1287	[1, -1, 0, 18, -41]	[[6, 13]]
8	"1290.c1"	1290	[1, 0, 1, -66374, 6575672]	[[150, -59]]
8	"1290.c3"	1290	[1, 0, 1, -4454, 86456]	[[54, 37]]
8	"1290.c4"	1290	[1, 0, 1, 666, 8632]	[[-10, 36]]
10	"1290.g1"	1290	[1, 0, 1, -238, -1384]	[[-8, 8]]
10	"1290.g2"	1290	[1, 0, 1, -38, 56]	[[0, 7]]
12	"1290.m2"	1290	[1, 0, 0, 209, 4361]	[[8, 77]]
10	"1296.f1"	1296	[0, 0, 0, -17235, -870894]	[[217, 2368]]
10	"1296.f2"	1296	[0, 0, 0, -13635, -1244862]	[[1761, 73728]]
10	"1296.f3"	1296	[0, 0, 0, -675, 7074]	[[33, 144]]
10	"1296.f4"	1296	[0, 0, 0, 45, 18]	[[1, 8]]
10	"1299.b1"	1299	[1, 0, 0, -25, -34]	[[-2, 4]]
8	"1299.c1"	1299	[1, 0, 0, -62352, -5997915]	[[11707/6, 581209/6]]
8	"1299.c2"	1299	[1, 0, 0, -3897, -93960]	[[531/2, 9999/2]]
8	"1299.c3"	1299	[1, 0, 0, -3762, -100737]	[[1046, 33251]]
10	"1300.a2"	1300	[0, 1, 0, -6908, 233188]	[[-32, 650]]
10	"1305.a1"	1305	[0, 0, 1, 3, 2]	[[0, 1]]
10	"1305.c1"	1305	[0, 0, 1, 708, 29605]	[[13, 202]]
10	"1305.g1"	1305	[0, 0, 1, 27, -61]	[[9/2, 23/2]]
10	"1306.a1"	1306	[1, -1, 1, 2, 13]	[[1, 3]]
8	"1312.a1"	1312	[0, 1, 0, -24, -20]	[[-1, 2]]
8	"1312.b1"	1312	[0, -1, 0, -24, 20]	[[-4, 6]]
8	"1312.b2"	1312	[0, -1, 0, -14, -16]	[[16, 60]]
6	"1313.a1"	1313	[1, -1, 0, 2, 1]	[[0, 1]]
10	"1314.a1"	1314	[1, -1, 0, -117, 513]	[[3, 12]]
6	"1314.b1"	1314	[1, -1, 0, -656442, 204875892]	[[1644, 58902]]
6	"1314.b2"	1314	[1, -1, 0, -656082, 205111548]	[[80553/7, 20204463/7]]
6	"1314.b3"	1314	[1, -1, 0, -8442, 258228]	[[33, 105]]
12	"1314.c1"	1314	[1, -1, 0, -14031, 643225]	[[8, 725]]
12	"1314.c2"	1314	[1, -1, 0, -891, 9877]	[[2, 89]]
10	"1314.d1"	1314	[1, -1, 1, -18446, 968861]	[[81, -5]]
10	"1314.f1"	1314	[1, -1, 1, -590, 5649]	[[17, 9]]
9	"1315.e1"	1315	[0, 0, 1, -203, 1113]	[[33/2, -3/2]]
12	"1320.e1"	1320	[0, -1, 0, -1200, 16380]	[[22, 12]]
12	"1320.e2"	1320	[0, -1, 0, -1000, -11780]	[[-18, 8]]
12	"1320.e3"	1320	[0, -1, 0, -100, 100]	[[0, 10]]
12	"1320.e4"	1320	[0, -1, 0, 25, 0]	[[1, 5]]
8	"1320.f1"	1320	[0, -1, 0, -52800, 4687452]	[[169, 750]]
8	"1320.f2"	1320	[0, -1, 0, -28000, -1759508]	[[-767/3, 602/3]]
8	"1320.f3"	1320	[0, -1, 0, -3800, 50652]	[[-18, 336]]
8	"1320.f4"	1320	[0, -1, 0, -3300, 74052]	[[32, 14]]
8	"1320.f6"	1320	[0, -1, 0, 12400, 355212]	[[333/2, 11193/2]]
8	"1320.g1"	1320	[0, -1, 0, -360, 2652]	[[17, 34]]
8	"1320.g2"	1320	[0, -1, 0, -60, -108]	[[-3, 6]]
8	"1320.g3"	1320	[0, -1, 0, -55, -140]	[[12, 28]]
10	"1320.i1"	1320	[0, 1, 0, -131, 534]	[[7, 3]]
10	"1320.i2"	1320	[0, 1, 0, -76, 1040]	[[2, 30]]
12	"1320.m1"	1320	[0, 1, 0, -31520, -2131632]	[[-104, 180]]
12	"1320.m2"	1320	[0, 1, 0, -4020, 46368]	[[6, 150]]
12	"1320.m3"	1320	[0, 1, 0, -3415, 75650]	[[35, 15]]
12	"1320.m4"	1320	[0, 1, 0, 13800, 360000]	[[0, 600]]
8	"1326.a1"	1326	[1, 1, 0, -1091, 13425]	[[19, -7]]
8	"1326.a3"	1326	[1, 1, 0, -71, 165]	[[7, 5]]
8	"1326.a4"	1326	[1, 1, 0, 9, 21]	[[-1, 4]]
6	"1326.b1"	1326	[1, 1, 0, -19110, -990828]	[[732, 19074]]
10	"1326.c1"	1326	[1, 0, 1, -281, 1784]	[[9, -8]]
10	"1326.c2"	1326	[1, 0, 1, -21, 16]	[[-1, 6]]
10	"1326.d2"	1326	[1, 1, 1, -1138, 13055]	[[-7, 147]]
12	"1326.e2"	1326	[1, 0, 0, 6551, -78631]	[[50, 587]]
9	"1328.b1"	1328	[0, 1, 0, -104, -460]	[[14, 32]]
12	"1329.a1"	1329	[1, 0, 1, 2, 5]	[[1, 2]]
8	"1332.a1"	1332	[0, 0, 0, -591, -5530]	[[113/2, 143/2]]
8	"1332.a2"	1332	[0, 0, 0, -36, -91]	[[19, 78]]
8	"1332.b1"	1332	[0, 0, 0, -255, -826]	[[-5, 18]]
8	"1332.b2"	1332	[0, 0, 0, -120, 497]	[[4, 9]]
12	"1332.c1"	1332	[0, 0, 0, -84, -83]	[[11, 18]]
12	"1332.c2"	1332	[0, 0, 0, 321, -650]	[[150, 1850]]
8	"1332.d1"	1332	[0, 0, 0, -5319, 149310]	[[43, 10]]
8	"1332.d2"	1332	[0, 0, 0, -324, 2457]	[[6, 27]]
8	"1334.c1"	1334	[1, 0, 1, -8, -26]	[[13, 39]]
4	"1339.a1"	1339	[1, 1, 0, -137, -602]	[[-6, 10]]
10	"1346.a1"	1346	[1, -1, 1, 5, -21]	[[3, 2]]
12	"1350.a1"	1350	[1, -1, 0, -4092, -94384]	[[-40, 84]]
10	"1350.e1"	1350	[1, -1, 0, -312, -2044]	[[-10, 6]]
10	"1350.e2"	1350	[1, -1, 0, -12, 16]	[[0, 4]]
9	"1350.f1"	1350	[1, -1, 0, -16242, -799084]	[[260, 3406]]
12	"1350.m1"	1350	[1, -1, 1, -455, 3647]	[[9, 10]]
12	"1350.m2"	1350	[1, -1, 1, -80, -253]	[[-5, 3]]
9	"1356.c2"	1356	[0, 1, 0, 103, 36]	[[0, 6]]
10	"1360.a1"	1360	[0, 0, 0, -163, 802]	[[9, 8]]
10	"1360.c2"	1360	[0, 1, 0, -3520, 80868]	[[16, 170]]
10	"1360.e1"	1360	[0, -1, 0, -40, -400]	[[20, 80]]
10	"1360.e2"	1360	[0, -1, 0, 360, 10480]	[[12, 128]]
4	"1360.g1"	1360	[0, 0, 0, -28, -57]	[[121/4, 819/4]]
10	"1360.h1"	1360	[0, 1, 0, 0, 20]	[[-2, 4]]
10	"1360.i2"	1360	[0, -1, 0, -40856, -3164944]	[[1036, 32640]]
8	"1368.a1"	1368	[0, 0, 0, -2727, 54810]	[[31, 8]]
8	"1368.a2"	1368	[0, 0, 0, -162, 945]	[[4, 19]]
8	"1368.c1"	1368	[0, 0, 0, -11451, -458570]	[[-231/2, 805/2]]
8	"1368.c2"	1368	[0, 0, 0, -1731, 17710]	[[3, 112]]
8	"1368.c3"	1368	[0, 0, 0, -1551, 23506]	[[21, 14]]
8	"1368.c4"	1368	[0, 0, 0, 5109, 123046]	[[174, 2506]]
8	"1368.e1"	1368	[0, 0, 0, -15, -14]	[[5, 6]]
8	"1368.e2"	1368	[0, 0, 0, 45, -98]	[[3, 8]]
6	"1369.b1"	1369	[1, -1, 1, -1663, -25680]	[[75, 479]]
6	"1369.b2"	1369	[1, -1, 1, 2, -2]	[[1, 0]]
9	"1369.c1"	1369	[0, 1, 1, -2564593, -1581651042]	[[-4028939/66, -145117/66]]
9	"1369.c2"	1369	[0, 1, 1, -31943, -2138543]	[[-3971/6, 50545/6]]
6	"1369.d1"	1369	[1, -1, 0, -2276219, -1321241558]	[[421055215896628564251093/15118249772, 90485547485451381407629665671951171/15118249772]]
6	"1369.d2"	1369	[1, -1, 0, 3166, -59359]	[[1981/4, 91377/4]]
8	"1370.b1"	1370	[1, 0, 0, -66, 196]	[[6, 2]]
8	"1370.b2"	1370	[1, 0, 0, 14, 660]	[[-2, 26]]
9	"1371.a1"	1371	[1, 0, 1, 2, -1]	[[3, 4]]
10	"1378.c1"	1378	[1, -1, 1, -7753, 264905]	[[-31, 704]]
9	"1378.d2"	1378	[1, 0, 0, 468, -72904]	[[2806/3, 144668/3]]
9	"1380.c1"	1380	[0, 1, 0, -1381, -20425]	[[50, 195]]
8	"1387.a1"	1387	[0, 0, 1, 1, -2]	[[1, 0]]
9	"1392.e1"	1392	[0, -1, 0, -104176, 13014592]	[[192, 232]]
9	"1392.e2"	1392	[0, -1, 0, -16, -8768]	[[24, 64]]
9	"1392.g1"	1392	[0, -1, 0, -2, 3]	[[1, 1]]
8	"1394.b1"	1394	[1, -1, 0, -13, 21]	[[3, 0]]
8	"1394.c1"	1394	[1, -1, 0, -10937, 442989]	[[65, 27]]
8	"1394.c2"	1394	[1, -1, 0, -697, 6765]	[[19, 1]]
10	"1394.d2"	1394	[1, -1, 0, -76, -3216]	[[23, 71]]
8	"1394.e1"	1394	[1, 1, 0, -770391, -253658539]	[[-5886809/102, -997490363/102]]
6	"1394.g1"	1394	[1, 0, 0, -5392, -152846]	[[672835/66, 450678883/66]]
10	"1395.a1"	1395	[1, -1, 1, -1463, -21144]	[[-22, 6]]
10	"1395.a2"	1395	[1, -1, 1, -68, -498]	[[20, 66]]
8	"1398.a1"	1398	[1, 1, 1, -33, -33]	[[7, 8]]
8	"1398.a2"	1398	[1, 1, 1, 127, -97]	[[3, 16]]
10	"1404.b1"	1404	[0, 0, 0, 27, 81]	[[0, 9]]
10	"1404.c1"	1404	[0, 0, 0, 3, -3]	[[1, 1]]
8	"1406.c1"	1406	[1, 1, 0, -2088, -36544]	[[-25, 41]]
12	"1406.e1"	1406	[1, -1, 1, -7, 7]	[[1, 0]]
12	"1408.c1"	1408	[0, 0, 0, -14, -20]	[[7, 15]]
12	"1408.c2"	1408	[0, 0, 0, -4, -48]	[[6, 12]]
12	"1410.a1"	1410	[1, 1, 0, -103, 253]	[[9, 8]]
12	"1410.a2"	1410	[1, 1, 0, 17, 37]	[[1, 7]]
8	"1410.h1"	1410	[1, 1, 1, -3996, -89571]	[[-39, 113]]
8	"1410.h2"	1410	[1, 1, 1, 324, -6627]	[[21, 89]]
12	"1420.a1"	1420	[0, -1, 0, -380, -2728]	[[34, 150]]
10	"1424.a1"	1424	[0, 1, 0, -24, -44]	[[6, 8]]
10	"1424.a2"	1424	[0, 1, 0, 56, -204]	[[4, 10]]
8	"1424.b1"	1424	[0, 1, 0, -10952, -444812]	[[2164, 100570]]
8	"1424.d1"	1424	[0, 1, 0, 4, 8]	[[-1, 2]]
8	"1425.a2"	1425	[1, 1, 1, -163, 656]	[[4, 7]]
8	"1425.a3"	1425	[1, 1, 1, -38, -94]	[[-4, 5]]
8	"1425.a4"	1425	[1, 1, 1, 212, 3656]	[[-5, 52]]
8	"1426.a1"	1426	[1, 0, 1, -58, 132]	[[0, 11]]
8	"1426.a2"	1426	[1, 0, 1, -18, -28]	[[5, 1]]
9	"1426.c2"	1426	[1, 0, 1, 44, 34]	[[17, 67]]
9	"1430.c1"	1430	[1, 0, 1, -93288, -11081802]	[[17587/6, 1620205/6]]
9	"1430.c2"	1430	[1, 0, 1, -488, 5788]	[[-26, 45]]
9	"1430.c3"	1430	[1, 0, 1, 3887, -78212]	[[122, 1427]]
12	"1431.b1"	1431	[1, -1, 0, -3, 2]	[[2, 0]]
12	"1434.a1"	1434	[1, 0, 0, -13819, 624113]	[[8, 713]]
10	"1434.b1"	1434	[1, 0, 0, -59, 165]	[[6, 3]]
10	"1434.b2"	1434	[1, 0, 0, 1, 9]	[[0, 3]]
10	"1440.b2"	1440	[0, 0, 0, 27, -108]	[[4, 8]]
8	"1440.c1"	1440	[0, 0, 0, -1443, 21098]	[[26, 34]]
8	"1440.c3"	1440	[0, 0, 0, -93, 308]	[[-1, 20]]
8	"1440.c4"	1440	[0, 0, 0, 132, 1568]	[[-2, 36]]
12	"1440.g1"	1440	[0, 0, 0, -32412, -2245984]	[[472, 9360]]
12	"1440.g2"	1440	[0, 0, 0, -4467, 63974]	[[13, 90]]
12	"1440.g3"	1440	[0, 0, 0, -2037, -34684]	[[-28, 20]]
12	"1440.g4"	1440	[0, 0, 0, 213, -107134]	[[62, 380]]
10	"1440.h2"	1440	[0, 0, 0, 3, 4]	[[0, 2]]
6	"1440.l1"	1440	[0, 0, 0, -57, 164]	[[5, 2]]
6	"1441.a1"	1441	[0, -1, 1, -525, 4815]	[[1, 65]]
10	"1443.b2"	1443	[1, 0, 0, -19, -16]	[[5, 2]]
8	"1444.c1"	1444	[0, 1, 0, -6, -7]	[[-2, 1]]
6	"1445.a1"	1445	[0, 1, 1, -248925, -47885601]	[[-226103/28, 8275/28]]
6	"1445.a2"	1445	[0, 1, 1, -3275, -57546]	[[-44, 57]]
10	"1445.b1"	1445	[0, -1, 1, -861, -9443]	[[-1063/8, -253/8]]
10	"1445.b2"	1445	[0, -1, 1, -11, -8]	[[-2, 1]]
10	"1446.f1"	1446	[1, 0, 0, -2309, 42513]	[[28, -11]]
10	"1446.f2"	1446	[1, 0, 0, -149, 609]	[[4, 7]]
6	"1450.e1"	1450	[1, 0, 0, -238, -1458]	[[99/2, 615/2]]
12	"1450.h2"	1450	[1, 0, 0, 14362, 1966892]	[[-566/3, 25238/3]]
10	"1452.a1"	1452	[0, -1, 0, 4, 24]	[[2, 6]]
6	"1452.b1"	1452	[0, -1, 0, 444, -33768]	[[81, 726]]
10	"1452.c1"	1452	[0, -1, 0, -156372, -23747832]	[[2798, 146410]]
10	"1452.c2"	1452	[0, -1, 0, -9357, -401850]	[[125, 605]]
8	"1454.b1"	1454	[1, 0, 0, -2, -4]	[[2, 0]]
6	"1455.d1"	1455	[1, 1, 0, -47, -144]	[[32, 164]]
12	"1460.a1"	1460	[0, -1, 0, -121, -474]	[[7057/12, 570223/12]]
8	"1462.a1"	1462	[1, 1, 0, 6, 4]	[[0, 2]]
8	"1464.a1"	1464	[0, -1, 0, -316224, 68550300]	[[446, 4004]]
8	"1464.a2"	1464	[0, -1, 0, -20984, 936924]	[[-42, 1320]]
8	"1464.a3"	1464	[0, -1, 0, -19764, 1076004]	[[80, 22]]
8	"1464.a4"	1464	[0, -1, 0, -1159, 19240]	[[81, 671]]
8	"1464.e2"	1464	[0, 1, 0, -4, 80]	[[4, 12]]
8	"1466.a1"	1466	[1, 0, 1, -11, -14]	[[-2, 1]]
6	"1472.c1"	1472	[0, -1, 0, -73, -271]	[[16, 49]]
12	"1472.k1"	1472	[0, 1, 0, -17, 23]	[[2, 1]]
6	"1475.a2"	1475	[1, 0, 0, 112, -233]	[[3, 10]]
10	"1475.b2"	1475	[1, 1, 0, 5, 0]	[[16/3, 92/3]]
8	"1478.b1"	1478	[1, 1, 0, 0, -2]	[[1, 0]]
12	"1478.d1"	1478	[1, 0, 0, -733, -9455]	[[240, 3575]]
12	"1478.d2"	1478	[1, 0, 0, 67, 113]	[[14, 55]]
8	"1479.a1"	1479	[0, -1, 1, 20, -90]	[[6, 14]]
10	"1479.c2"	1479	[0, 1, 1, 39320, -6363488]	[[257149/30, 143564543/30]]
8	"1482.c1"	1482	[1, 0, 1, -1195667, 492194990]	[[375, 9640]]
8	"1482.c2"	1482	[1, 0, 1, -168147, -15399890]	[[479, 3504]]
8	"1482.c3"	1482	[1, 0, 1, -147667, -21846994]	[[-224, 53]]
8	"1482.c4"	1482	[1, 0, 1, 531693, -110298194]	[[743, 25992]]
9	"1482.j1"	1482	[1, 0, 0, -11865912, -15733564044]	[[14024, 1597994]]
9	"1482.j2"	1482	[1, 0, 0, -133932, -25444656]	[[504, 5676]]
9	"1485.e2"	1485	[0, 0, 1, -42, -105]	[[-15/2, -3/2]]
9	"1488.k1"	1488	[0, 1, 0, 4, 3]	[[1, 3]]
8	"1492.a1"	1492	[0, -1, 0, -13, -7]	[[-1, 2]]
10	"1494.a1"	1494	[1, -1, 0, -69, -1963]	[[58, 403]]
9	"1495.c1"	1495	[0, 1, 1, -88535, -10341429]	[[1421/2, 14231/2]]
9	"1495.c3"	1495	[0, 1, 1, 4415, -63694]	[[14, 32]]
6	"1496.a1"	1496	[0, -1, 0, -1, -43]	[[11, 34]]
10	"1496.b1"	1496	[0, 0, 0, -198155, -33951242]	[[1001079/23, 970928816/23]]
10	"1496.b2"	1496	[0, 0, 0, -198115, -33965634]	[[142282077350/8671, 52025012504946294/8671]]
10	"1496.e1"	1496	[0, 1, 0, -2265, 41531]	[[25, 34]]
10	"1506.b1"	1506	[1, 0, 1, 14, -124]	[[13, 41]]
8	"1507.c1"	1507	[1, 1, 0, -61, -210]	[[-185/6, 365/6]]
8	"1507.c2"	1507	[1, 1, 0, -6, -1]	[[-1/2, 7/2]]
8	"1518.e1"	1518	[1, 1, 0, -21589, -1229987]	[[421, 7822]]
8	"1518.e3"	1518	[1, 1, 0, -1349, -19635]	[[53, 221]]
8	"1518.e4"	1518	[1, 1, 0, -69, -435]	[[115/3, 670/3]]
9	"1518.g1"	1518	[1, 0, 1, -349235, -79466290]	[[-1365/2, 1367/2]]
10	"1518.n2"	1518	[1, 1, 1, 42, -45]	[[3, 9]]
9	"1518.p1"	1518	[1, 0, 0, -4807, -128671]	[[-40, 23]]
9	"1518.p2"	1518	[1, 0, 0, -127, 281]	[[2, 5]]
10	"1520.b2"	1520	[0, 1, 0, 884, -44280]	[[229/2, 3553/2]]
12	"1520.c2"	1520	[0, 1, 0, 5, 0]	[[4, 10]]
8	"1520.f1"	1520	[0, 0, 0, -2027, -35126]	[[2089/6, 44605/6]]
8	"1520.f3"	1520	[0, 0, 0, -127, -546]	[[97/2, 825/2]]
8	"1520.f4"	1520	[0, 0, 0, -2, -21]	[[23, 110]]
12	"1520.h2"	1520	[0, -1, 0, -26035, 1626942]	[[381/2, 375/2]]
9	"1521.b1"	1521	[0, 0, 1, 0, -192787]	[[507, 11407]]
9	"1521.b2"	1521	[0, 0, 1, 0, 7140]	[[56, 427]]
4	"1522.a1"	1522	[1, 1, 0, -186, -1036]	[[-77/3, -7/3]]
9	"1525.b1"	1525	[1, 1, 0, -50, 125]	[[4, 1]]
6	"1530.c1"	1530	[1, -1, 0, -471645, 124790571]	[[213, 5721]]
6	"1530.c2"	1530	[1, -1, 0, -29475, 1955745]	[[96, 15]]
6	"1530.c3"	1530	[1, -1, 0, -5895, 168021]	[[57, 93]]
12	"1530.d2"	1530	[1, -1, 0, -3789, 81445]	[[66, 307]]
12	"1530.d3"	1530	[1, -1, 0, -909, -8987]	[[-13, 29]]
12	"1530.d4"	1530	[1, -1, 0, 5211, 403645]	[[21, 712]]
10	"1530.e1"	1530	[1, -1, 0, -1329954, 590670260]	[[671, -123]]
10	"1530.e2"	1530	[1, -1, 0, -81474, 9627668]	[[127, 1084]]
8	"1530.f2"	1530	[1, -1, 0, -1494, -21762]	[[-21, 6]]
8	"1530.f3"	1530	[1, -1, 0, -144, 108]	[[-6, 30]]
8	"1530.f4"	1530	[1, -1, 0, 36, 0]	[[4, 12]]
10	"1530.j2"	1530	[1, -1, 1, 112, -1033]	[[13, 43]]
12	"1530.m1"	1530	[1, -1, 1, -4157, 103381]	[[41, 4]]
10	"1539.b1"	1539	[1, -1, 1, -14, -18]	[[6, 6]]
10	"1539.e1"	1539	[1, -1, 0, -123, 602]	[[2, 18]]
10	"1542.b1"	1542	[1, 1, 1, -423, 3165]	[[13, 2]]
10	"1542.b2"	1542	[1, 1, 1, -263, 5789]	[[-3, 82]]
10	"1549.a1"	1549	[1, -1, 1, -1, -2]	[[2, 0]]
8	"1550.a1"	1550	[1, 0, 1, -26651, -1676802]	[[212, 1381]]
8	"1550.a2"	1550	[1, 0, 1, -1651, -26802]	[[87, 656]]
8	"1550.c1"	1550	[1, -1, 0, -8267, 291391]	[[55, 1]]
8	"1550.c2"	1550	[1, -1, 0, -767, -109]	[[29, 23]]
8	"1550.c3"	1550	[1, -1, 0, -517, 4641]	[[5, 44]]
8	"1550.c4"	1550	[1, -1, 0, -17, 141]	[[-1, 13]]
8	"1560.a1"	1560	[0, -1, 0, -7696, 261820]	[[54, 28]]
8	"1560.a2"	1560	[0, -1, 0, -7176, -230724]	[[-50, 24]]
8	"1560.a3"	1560	[0, -1, 0, -676, 676]	[[0, 26]]
8	"1560.a4"	1560	[0, -1, 0, 169, 0]	[[1, 13]]
12	"1560.g2"	1560	[0, 1, 0, -156, 0]	[[-4, 24]]
12	"1560.g4"	1560	[0, 1, 0, 624, 624]	[[35, 258]]
10	"1566.l1"	1566	[1, -1, 1, -56, -53]	[[-5, 11]]
10	"1566.n1"	1566	[1, -1, 1, -170, -791]	[[-7, 7]]
8	"1569.a1"	1569	[0, -1, 1, -3, 11]	[[3, 4]]
8	"1570.b1"	1570	[1, -1, 0, -2000, -31250]	[[-251/3, 1658/3]]
8	"1570.b2"	1570	[1, -1, 0, -430, 2976]	[[7, 13]]
8	"1570.b3"	1570	[1, -1, 0, -410, 3300]	[[8, 18]]
8	"1570.b4"	1570	[1, -1, 0, 820, 16226]	[[257, 4013]]
9	"1570.c1"	1570	[1, 0, 0, -31391, -3185075]	[[61763/14, 11286409/14]]
9	"1570.c3"	1570	[1, 0, 0, 3149, 66081]	[[66, 717]]
10	"1578.b1"	1578	[1, 0, 1, -27, 40]	[[4, -1]]
10	"1578.b2"	1578	[1, 0, 1, 3, 4]	[[1, 2]]
8	"1578.c1"	1578	[1, 0, 1, -3451, 77726]	[[34, -16]]
8	"1580.a1"	1580	[0, 0, 0, -463, -3738]	[[1986, 88500]]
6	"1584.b1"	1584	[0, 0, 0, -267, -1670]	[[-9, 2]]
10	"1584.c1"	1584	[0, 0, 0, -11631, 482794]	[[50, 162]]
8	"1584.d1"	1584	[0, 0, 0, -4251, 106666]	[[41, 36]]
8	"1584.d2"	1584	[0, 0, 0, -291, 1330]	[[3, 22]]
8	"1584.d3"	1584	[0, 0, 0, -111, -434]	[[-6, 4]]
8	"1584.d4"	1584	[0, 0, 0, 789, 8890]	[[-1, 90]]
4	"1584.f1"	1584	[0, 0, 0, -50691, -4392830]	[[311, 3150]]
4	"1584.f2"	1584	[0, 0, 0, -3171, -68510]	[[-33, 14]]
10	"1584.h1"	1584	[0, 0, 0, -11595, -478726]	[[-65, 18]]
10	"1584.h2"	1584	[0, 0, 0, -5835, -954502]	[[127, 594]]
10	"1584.h3"	1584	[0, 0, 0, -795, 8138]	[[7, 54]]
10	"1584.j1"	1584	[0, 0, 0, -75, 74]	[[-5, 18]]
10	"1584.j2"	1584	[0, 0, 0, 285, 578]	[[7, 54]]
10	"1584.k1"	1584	[0, 0, 0, -21195, -296838]	[[-17, 242]]
10	"1584.k3"	1584	[0, 0, 0, -12555, 537786]	[[15, 594]]
10	"1584.k4"	1584	[0, 0, 0, -1035, -12358]	[[-17, 18]]
6	"1584.l1"	1584	[0, 0, 0, -75, 234]	[[3, 6]]
6	"1584.l2"	1584	[0, 0, 0, -15, -18]	[[-2, 2]]
10	"1585.b1"	1585	[1, -1, 1, -33, -64]	[[22, 86]]
6	"1587.e2"	1587	[1, 0, 1, -276, 8581]	[[343, 6176]]
8	"1590.c1"	1590	[1, 1, 0, -3200058, -2204690988]	[[234059753/319, 1621068070669/319]]
8	"1590.c2"	1590	[1, 1, 0, -200058, -34490988]	[[-6421/5, 38223/5]]
8	"1590.c3"	1590	[1, 1, 0, -149178, -52390572]	[[5583059/55, 12694554813/55]]
10	"1590.f1"	1590	[1, 0, 1, -294, -1958]	[[-10, 6]]
8	"1590.i2"	1590	[1, 0, 1, 6917, -272194]	[[100, 1142]]
12	"1590.j2"	1590	[1, 1, 1, -106, -931]	[[67/2, 317/2]]
10	"1590.o1"	1590	[1, 1, 1, -650, -5833]	[[-13, 31]]
10	"1590.o2"	1590	[1, 1, 1, -170, 695]	[[3, 13]]
8	"1592.a1"	1592	[0, 1, 0, 4, 1]	[[0, 1]]
10	"1595.b2"	1595	[1, 0, 0, 5, 0]	[[1, 2]]
12	"1598.a2"	1598	[1, -1, 1, -409, -2955]	[[43, 218]]
12	"1598.a3"	1598	[1, -1, 1, -69, 173]	[[9, 10]]
12	"1598.a4"	1598	[1, -1, 1, 11, 13]	[[1, 4]]
10	"1599.b1"	1599	[1, 1, 1, -7, -10]	[[-2, 1]]
6	"1599.c1"	1599	[1, 1, 0, -318, 369]	[[-16, 49]]
10	"1600.b1"	1600	[0, 0, 0, 500, 10000]	[[50, 400]]
10	"1600.c3"	1600	[0, 1, 0, -133, 363]	[[-2, 25]]
6	"1600.d1"	1600	[0, 1, 0, -113, -497]	[[-6, 1]]
6	"1600.d2"	1600	[0, 1, 0, -13, 3]	[[-2, 5]]
8	"1600.l2"	1600	[0, 0, 0, 125, 0]	[[121/2, 1419/2]]
8	"1600.m2"	1600	[0, 0, 0, 5, 0]	[[20, 90]]
4	"1600.o1"	1600	[0, 0, 0, -10700, -426000]	[[4360/3, 280700/3]]
4	"1600.o2"	1600	[0, 0, 0, -700, -6000]	[[-19, 21]]
10	"1600.p1"	1600	[0, 1, 0, -8033, 274463]	[[23, 320]]
10	"1600.p2"	1600	[0, 1, 0, -4833, -157537]	[[247, 3712]]
10	"1600.p3"	1600	[0, 1, 0, -33, 863]	[[7, 32]]
10	"1600.p4"	1600	[0, 1, 0, 35167, 1162463]	[[2183, 102400]]
10	"1600.q1"	1600	[0, 1, 0, -200833, -34709537]	[[10531/3, 986048/3]]
10	"1600.q2"	1600	[0, 1, 0, -833, -109537]	[[59, 224]]
6	"1600.r1"	1600	[0, 1, 0, -33, -97]	[[7, 8]]
12	"1602.a1"	1602	[1, -1, 0, -4986, 136836]	[[40, -6]]
12	"1602.a2"	1602	[1, -1, 0, 54, 756]	[[4, 30]]
8	"1602.c1"	1602	[1, -1, 1, -6161, -184575]	[[-45, 24]]
9	"1605.c1"	1605	[0, 1, 1, -625, -6224]	[[-59/2, 11/2]]
10	"1607.a1"	1607	[1, 0, 0, -7, -8]	[[3, -1]]
6	"1611.f1"	1611	[0, 0, 1, -1506, 24354]	[[32, 94]]
6	"1611.g1"	1611	[1, -1, 0, -27, 38]	[[-2, 10]]
10	"1611.h1"	1611	[0, 0, 1, -3063, -65385]	[[1673/2, 67793/2]]
10	"1611.h2"	1611	[0, 0, 1, 22047, 1096965]	[[-127/2, 4829/2]]
10	"1616.a1"	1616	[0, 1, 0, -129, 523]	[[6, 1]]
6	"1616.c1"	1616	[0, 0, 0, -8, -4]	[[-2, 2]]
9	"1620.b1"	1620	[0, 0, 0, -63, 198]	[[6, 6]]
9	"1620.b2"	1620	[0, 0, 0, 297, 702]	[[-2, 10]]
12	"1620.d1"	1620	[0, 0, 0, -3672, -85644]	[[-35, 1]]
12	"1620.d2"	1620	[0, 0, 0, -72, 36]	[[0, 6]]
9	"1620.e1"	1620	[0, 0, 0, -567, -5346]	[[250/3, 496/3]]
6	"1620.f1"	1620	[0, 0, 0, -60912, -5786316]	[[-1283/3, 35/3]]
8	"1628.a1"	1628	[0, 0, 0, -71, -210]	[[-15/2, 15/2]]
8	"1628.a2"	1628	[0, 0, 0, -16, 21]	[[-1, 6]]
6	"1632.d1"	1632	[0, -1, 0, -458, -3624]	[[38, 180]]
8	"1632.f1"	1632	[0, -1, 0, -1632, -24840]	[[857/4, 12565/4]]
8	"1632.f2"	1632	[0, -1, 0, -192, 468]	[[-12, 30]]
8	"1632.f3"	1632	[0, -1, 0, -102, -360]	[[44, 280]]
8	"1632.f4"	1632	[0, -1, 0, -17, -1023]	[[13, 28]]
10	"1632.j1"	1632	[0, 1, 0, -458, 3624]	[[13, 6]]
10	"1639.b1"	1639	[0, 1, 1, 65, -147]	[[87, 819]]
10	"1640.a1"	1640	[0, 1, 0, -260, 1408]	[[6, 10]]
10	"1640.a2"	1640	[0, 1, 0, -55, -150]	[[-5, 5]]
6	"1640.b1"	1640	[0, 1, 0, -120, 448]	[[8, 8]]
6	"1640.b2"	1640	[0, 1, 0, -20, -32]	[[-2, 2]]
6	"1640.d2"	1640	[0, 0, 0, -31307, -1717706]	[[663, 16400]]
10	"1641.d1"	1641	[0, -1, 1, -3, 92]	[[12, 40]]
10	"1649.a1"	1649	[1, 0, 0, 1, 2]	[[-1, 1]]
8	"1650.b1"	1650	[1, 1, 0, -97125, -11690625]	[[-181, 76]]
8	"1650.b3"	1650	[1, 1, 0, -6375, -165375]	[[95, 265]]
8	"1650.b4"	1650	[1, 1, 0, -1875, 28125]	[[5, 135]]
8	"1650.b5"	1650	[1, 1, 0, 125, 2125]	[[-5, 40]]
8	"1650.b6"	1650	[1, 1, 0, 12375, -934125]	[[65, 355]]
9	"1650.g1"	1650	[1, 0, 1, -3051, -133802]	[[143, 1464]]
9	"1650.g2"	1650	[1, 0, 1, 324, 3898]	[[-7, 39]]
8	"1650.h1"	1650	[1, 0, 1, -4277126, -3405034852]	[[-1194, 601]]
8	"1650.h2"	1650	[1, 0, 1, -295626, 61707148]	[[-7, 7989]]
8	"1650.h3"	1650	[1, 0, 1, -267626, -53092852]	[[-303, 601]]
8	"1650.h5"	1650	[1, 0, 1, -25626, 147148]	[[-19, 801]]
8	"1650.h6"	1650	[1, 0, 1, 6374, 19148]	[[22, 401]]
6	"1656.a1"	1656	[0, 0, 0, -507, 4070]	[[19, 36]]
10	"1656.d1"	1656	[0, 0, 0, -419835, -104704666]	[[13315, 1534572]]
4	"1656.e1"	1656	[0, 0, 0, -315, -1674]	[[30, 126]]
12	"1656.f1"	1656	[0, 0, 0, -26499, -1660322]	[[4706/5, 18396/5]]
12	"1656.f2"	1656	[0, 0, 0, -2739, 11950]	[[-42, 230]]
12	"1656.f3"	1656	[0, 0, 0, -1659, -25850]	[[122, 1260]]
12	"1656.f4"	1656	[0, 0, 0, -39, -902]	[[14, 36]]
6	"1664.c2"	1664	[0, 1, 0, -29, 91]	[[1, 8]]
10	"1664.f1"	1664	[0, 1, 0, -137, -665]	[[18, 55]]
10	"1664.f2"	1664	[0, 1, 0, -7, -15]	[[5, 10]]
12	"1664.o1"	1664	[0, -1, 0, -304649, 64823033]	[[283, 1092]]
12	"1664.o2"	1664	[0, -1, 0, -19039, 1017759]	[[75, 78]]
10	"1664.p1"	1664	[0, -1, 0, -34, -66]	[[733/6, 18415/6]]
10	"1664.p2"	1664	[0, -1, 0, -29, -91]	[[79, 696]]
10	"1665.b2"	1665	[1, -1, 1, 13, 236]	[[4, 16]]
6	"1665.d1"	1665	[0, 0, 1, -1771248, 907333974]	[[878, 5386]]
8	"1670.a1"	1670	[1, 1, 0, -38, -1132]	[[28, 130]]
9	"1674.c1"	1674	[1, -1, 0, -30417, -2033443]	[[338, 4951]]
9	"1674.c2"	1674	[1, -1, 0, -1122, 11348]	[[28, 22]]
9	"1674.c3"	1674	[1, -1, 0, -1047, 13305]	[[40, 165]]
9	"1674.i1"	1674	[1, -1, 1, -9425, -349811]	[[-2009/6, 5929/6]]
9	"1674.i2"	1674	[1, -1, 1, -3380, 76439]	[[33, -11]]
9	"1674.i3"	1674	[1, -1, 1, -125, -379]	[[-5, 12]]
6	"1675.a1"	1675	[0, -1, 1, -308, -1982]	[[22, 37]]
6	"1675.b1"	1675	[0, 1, 1, -333, 2244]	[[4, 31]]
6	"1675.c1"	1675	[0, 0, 1, -50, 281]	[[5, 12]]
6	"1677.a1"	1677	[1, 1, 1, -72, 204]	[[4, -4]]
6	"1677.a2"	1677	[1, 1, 1, -7, -4]	[[-2, 3]]
8	"1677.b1"	1677	[1, 0, 0, -222, -1287]	[[-9, 6]]
8	"1677.b2"	1677	[1, 0, 0, -7, -40]	[[5, 5]]
10	"1682.d1"	1682	[1, 0, 1, -382673, -91764536]	[[18889/5, 841652/5]]
10	"1682.g1"	1682	[1, 0, 0, -61, -191]	[[12, 23]]
10	"1682.g2"	1682	[1, 0, 0, 374, 7204]	[[12, 110]]
10	"1683.b1"	1683	[1, -1, 1, -596, 3862]	[[-10, 98]]
10	"1683.b2"	1683	[1, -1, 1, 1699, 24976]	[[17, 233]]
6	"1683.d1"	1683	[0, 0, 1, -894, 23535]	[[369/2, 6813/2]]
6	"1683.d2"	1683	[0, 0, 1, 96, -720]	[[6, 8]]
10	"1683.i2"	1683	[1, -1, 0, 189, -988]	[[23/2, 107/2]]
9	"1686.a1"	1686	[1, 0, 1, -16, -34]	[[9, 19]]
10	"1688.b1"	1688	[0, 1, 0, -27, 46]	[[3, 1]]
10	"1688.c1"	1688	[0, 0, 0, -2, -3]	[[2, 1]]
9	"1690.a1"	1690	[1, 0, 1, -1694, 28056]	[[0, 167]]
9	"1690.a2"	1690	[1, 0, 1, 9291, 45632]	[[14, 415]]
8	"1690.b1"	1690	[1, -1, 0, -234350, -43607680]	[[101917/12, 20173639/12]]
8	"1690.b2"	1690	[1, -1, 0, -14650, -678300]	[[-281/2, 455/2]]
8	"1690.b4"	1690	[1, -1, 0, -1130, -5004]	[[-28, 78]]
9	"1700.c1"	1700	[0, 1, 0, -4708, -130412]	[[46447/21, 6887672/21]]
9	"1700.c2"	1700	[0, 1, 0, 292, -412]	[[92, 902]]
10	"1704.a1"	1704	[0, -1, 0, -104, -276]	[[13, 20]]
8	"1704.c1"	1704	[0, 1, 0, -27264, 1723680]	[[405/2, 855/2]]
8	"1704.c2"	1704	[0, 1, 0, -2064, 14112]	[[51, 210]]
8	"1704.c3"	1704	[0, 1, 0, -1704, 26496]	[[27, 30]]
12	"1710.a1"	1710	[1, -1, 0, -4875, -128539]	[[-37, 6]]
12	"1710.a2"	1710	[1, -1, 0, -555, 1925]	[[-5, 70]]
9	"1710.d1"	1710	[1, -1, 0, -25020, 1529550]	[[85, 65]]
4	"1710.e1"	1710	[1, -1, 0, -4432320, -3590548484]	[[44367, 9312250]]
4	"1710.e2"	1710	[1, -1, 0, -280440, -54592700]	[[-310, 1730]]
4	"1710.e3"	1710	[1, -1, 0, -277020, -56050304]	[[627, 3743]]
10	"1710.h1"	1710	[1, -1, 0, -399, 1805]	[[19, 19]]
10	"1710.h2"	1710	[1, -1, 0, 81, 173]	[[-1, 10]]
8	"1710.i1"	1710	[1, -1, 0, -5589, 161995]	[[41, 2]]
8	"1710.i2"	1710	[1, -1, 0, -459, 913]	[[-3, 49]]
8	"1710.i3"	1710	[1, -1, 0, -279, -1715]	[[-9, 7]]
8	"1710.i4"	1710	[1, -1, 0, 1791, 5863]	[[17, 194]]
12	"1710.l1"	1710	[1, -1, 1, -8708, 314867]	[[57, 7]]
12	"1710.l2"	1710	[1, -1, 1, -4028, -94669]	[[-35, 67]]
12	"1710.l3"	1710	[1, -1, 1, -608, 3827]	[[3, 43]]
10	"1710.m2"	1710	[1, -1, 1, 727, -5399]	[[23, 140]]
12	"1710.p2"	1710	[1, -1, 1, -62, -51]	[[-3, 11]]
10	"1712.d1"	1712	[0, -1, 0, -288, 7168]	[[144, 1712]]
10	"1712.d2"	1712	[0, -1, 0, 32, -256]	[[16, 64]]
12	"1712.f1"	1712	[0, -1, 0, -157, 812]	[[8, 2]]
8	"1712.g1"	1712	[0, 1, 0, -28, -68]	[[6, 4]]
4	"1714.a1"	1714	[1, 0, 1, -61, -144]	[[-6, 6]]
10	"1714.b1"	1714	[1, -1, 0, -17, -23]	[[6, 5]]
10	"1714.b2"	1714	[1, -1, 0, -7, -57]	[[23/2, 43/2]]
10	"1716.b2"	1716	[0, 1, 0, -109, 18116]	[[-19, 117]]
6	"1719.b1"	1719	[1, -1, 0, -108, 81]	[[0, 9]]
6	"1719.b2"	1719	[1, -1, 0, 27, 0]	[[36, 198]]
8	"1725.h1"	1725	[1, 0, 0, -138, 267]	[[11, 5]]
8	"1725.h2"	1725	[1, 0, 0, 487, 2142]	[[13, 97]]
9	"1725.l1"	1725	[0, 1, 1, -6283, -208331]	[[1133/2, 36497/2]]
9	"1725.l2"	1725	[0, 1, 1, 467, 244]	[[2, 34]]
8	"1725.p1"	1725	[1, 1, 0, -5, 0]	[[4, 6]]
8	"1725.p2"	1725	[1, 1, 0, 20, 25]	[[0, 5]]
9	"1728.c1"	1728	[0, 0, 0, -7884, -357264]	[[430, 8704]]
9	"1728.c3"	1728	[0, 0, 0, 756, 5616]	[[-2, 64]]
9	"1728.n1"	1728	[0, 0, 0, -1080, -13662]	[[871, 25687]]
9	"1728.n3"	1728	[0, 0, 0, 0, -54]	[[7, 17]]
9	"1728.n4"	1728	[0, 0, 0, 0, 2]	[[-1, 1]]
10	"1731.b2"	1731	[1, 0, 0, 36, 9]	[[0, 3]]
10	"1734.b1"	1734	[1, 1, 0, -216900, -29485872]	[[1896, 78924]]
10	"1734.b2"	1734	[1, 1, 0, -73845, 7690221]	[[162, 27]]
10	"1734.b3"	1734	[1, 1, 0, -62285, 10194117]	[[-127, 4073]]
10	"1734.b4"	1734	[1, 1, 0, 522940, -186183984]	[[7295/2, 654223/2]]
6	"1734.d2"	1734	[1, 1, 0, -20924, -1173732]	[[254, 3032]]
6	"1734.d3"	1734	[1, 1, 0, -2904, 59040]	[[33, 6]]
9	"1734.f1"	1734	[1, 0, 1, -68066, -7713868]	[[109061/5, 35678901/5]]
8	"1737.b1"	1737	[1, -1, 0, -27, 0]	[[12, 30]]
8	"1737.b2"	1737	[1, -1, 0, 108, -81]	[[39/2, 303/2]]
12	"1739.a1"	1739	[0, 0, 1, -1897, -31802]	[[463/3, 2206/3]]
8	"1740.a1"	1740	[0, -1, 0, -741, -7434]	[[-15, 9]]
8	"1740.a2"	1740	[0, -1, 0, -116, -20184]	[[58, 406]]
9	"1740.e1"	1740	[0, 1, 0, -486, -20115]	[[57, 375]]
9	"1740.e2"	1740	[0, 1, 0, 54, 729]	[[9, 45]]
4	"1745.e1"	1745	[1, 1, 1, -36, 68]	[[-6, 13]]
10	"1745.f1"	1745	[0, 0, 1, -22, -33]	[[-3, 2]]
10	"1746.c1"	1746	[1, -1, 0, -4626, -119948]	[[-39, 22]]
10	"1746.c2"	1746	[1, -1, 0, -306, -1580]	[[-7, 17]]
8	"1746.d1"	1746	[1, -1, 0, -27936, 1804194]	[[103, 56]]
8	"1746.d2"	1746	[1, -1, 0, -1746, 28512]	[[27, 9]]
8	"1746.d3"	1746	[1, -1, 0, -1476, 37422]	[[-23, 254]]
10	"1746.e1"	1746	[1, -1, 1, -140, 591]	[[-1, 27]]
10	"1746.e2"	1746	[1, -1, 1, 220, 2895]	[[11, 75]]
9	"1748.a2"	1748	[0, 1, 0, 1363, -35489]	[[490/3, 12167/3]]
8	"1752.d1"	1752	[0, -1, 0, -5232, -99828]	[[233, 3358]]
8	"1752.d2"	1752	[0, -1, 0, -1992, 33660]	[[70/3, 3680/3]]
8	"1752.d4"	1752	[0, -1, 0, 928, 121260]	[[7033/12, 915515/12]]
12	"1752.g2"	1752	[0, 1, 0, -23, 42]	[[3, 3]]
8	"1752.i2"	1752	[0, 1, 0, 57, -126]	[[3, 9]]
9	"1755.c1"	1755	[0, 0, 1, -438, 3528]	[[-158/3, 2044/3]]
9	"1755.c2"	1755	[0, 0, 1, -378, 4529]	[[21, 76]]
9	"1755.c3"	1755	[0, 0, 1, 3132, -76552]	[[97/2, 931/2]]
9	"1755.d1"	1755	[0, 0, 1, -3942, -95263]	[[3625/6, 156961/6]]
9	"1755.d2"	1755	[0, 0, 1, -42, -168]	[[90, 851]]
9	"1758.a1"	1758	[1, 1, 0, -22, -50]	[[-3, 2]]
12	"1758.d1"	1758	[1, 1, 1, -15, -16107]	[[91, 818]]
6	"1760.a1"	1760	[0, 1, 0, -126, 124]	[[12, 22]]
6	"1760.a2"	1760	[0, 1, 0, 479, 1455]	[[1, 44]]
12	"1760.b1"	1760	[0, 1, 0, -65, 175]	[[3, 4]]
12	"1760.b2"	1760	[0, 1, 0, -10, -12]	[[-2, 2]]
8	"1760.c1"	1760	[0, 1, 0, -4225, 99375]	[[25, 100]]
8	"1760.g1"	1760	[0, 0, 0, -587, -5474]	[[385/2, 7287/2]]
8	"1760.g2"	1760	[0, 0, 0, -92, 224]	[[13, 35]]
8	"1760.g3"	1760	[0, 0, 0, -37, -84]	[[95, 924]]
8	"1760.g4"	1760	[0, 0, 0, 13, -294]	[[265/6, 3059/6]]
8	"1760.h1"	1760	[0, 0, 0, -587, 5474]	[[50, 318]]
8	"1760.h2"	1760	[0, 0, 0, -92, -224]	[[-3, 5]]
8	"1760.h3"	1760	[0, 0, 0, -37, 84]	[[-5, 12]]
8	"1760.h4"	1760	[0, 0, 0, 13, 294]	[[-15/2, 111/2]]
10	"1760.l2"	1760	[0, -1, 0, 479, -1455]	[[21, 132]]
10	"1762.a2"	1762	[1, 0, 0, 3, 85]	[[2, 9]]
8	"1763.a1"	1763	[0, 1, 1, 1, -2]	[[2, 3]]
8	"1763.d1"	1763	[0, 1, 1, -94, 321]	[[21/2, -3/2]]
10	"1768.c2"	1768	[0, 0, 0, -10, -3]	[[-2, 3]]
8	"1776.i1"	1776	[0, 1, 0, -28, -40]	[[-11/2, 39/2]]
8	"1776.i2"	1776	[0, 1, 0, -13, 14]	[[-2, 6]]
8	"1776.j1"	1776	[0, 1, 0, -188, 924]	[[-2, 36]]
8	"1776.j2"	1776	[0, 1, 0, -3, 36]	[[0, 6]]
8	"1780.a1"	1780	[0, 0, 0, -148, 693]	[[-9, 36]]
10	"1780.b1"	1780	[0, -1, 0, -13201, -579414]	[[2215/3, 89623/3]]
10	"1782.d1"	1782	[1, -1, 0, -99, -363]	[[22, 77]]
6	"1782.h1"	1782	[1, -1, 1, -164, -1133]	[[17, 19]]
10	"1790.c1"	1790	[1, 1, 1, -45355, -3735555]	[[-1109/3, 740/3]]
10	"1793.c1"	1793	[0, 1, 1, 1, -26]	[[29/2, 159/2]]
10	"1794.c2"	1794	[1, 1, 0, 176, -788]	[[6, 20]]
10	"1794.f1"	1794	[1, 0, 1, -1071, 13330]	[[11, 48]]
6	"1794.g2"	1794	[1, 1, 1, 45, 321]	[[-3, 14]]
10	"1794.h2"	1794	[1, 1, 1, -943, 14069]	[[91, 786]]
12	"1800.d1"	1800	[0, 0, 0, -315, 2150]	[[11, 4]]
10	"1800.g1"	1800	[0, 0, 0, -37875, 1768750]	[[374, 6318]]
10	"1800.i1"	1800	[0, 0, 0, -3075, -65250]	[[70, 250]]
10	"1800.i2"	1800	[0, 0, 0, -75, -2250]	[[30, 150]]
10	"1800.j1"	1800	[0, 0, 0, -255, -1550]	[[-9, 4]]
10	"1800.j2"	1800	[0, 0, 0, -30, 25]	[[0, 5]]
8	"1800.m1"	1800	[0, 0, 0, -86475, 9787750]	[[206, 846]]
8	"1800.m2"	1800	[0, 0, 0, -14475, -670250]	[[-69, 4]]
8	"1800.m3"	1800	[0, 0, 0, -5475, 148750]	[[75, 400]]
8	"1800.m4"	1800	[0, 0, 0, -975, -8750]	[[-19, 54]]
8	"1800.m5"	1800	[0, 0, 0, 150, -875]	[[14, 63]]
8	"1800.m6"	1800	[0, 0, 0, 3525, 589750]	[[30, 850]]
8	"1800.n2"	1800	[0, 0, 0, -45075, 3662750]	[[139, 288]]
8	"1800.n3"	1800	[0, 0, 0, -18075, 8009750]	[[-86, 2988]]
8	"1800.n4"	1800	[0, 0, 0, -4575, -22750]	[[85, 450]]
8	"1800.n5"	1800	[0, 0, 0, -3450, -77875]	[[-34, 11]]
8	"1800.n6"	1800	[0, 0, 0, 17925, -180250]	[[35, 700]]
4	"1800.u1"	1800	[0, 0, 0, -70875, -7256250]	[[379, 4508]]
10	"1802.b1"	1802	[1, 1, 0, -282051, -57698611]	[[-7891/5, 29188/5]]
10	"1802.b2"	1802	[1, 1, 0, -200131, -91793715]	[[16390/3, 1993655/3]]
9	"1804.a1"	1804	[0, 1, 0, -877, -10296]	[[36, 78]]
12	"1805.a1"	1805	[0, 1, 1, -105171, -9810339]	[[-241, 1263]]
12	"1805.a2"	1805	[0, 1, 1, -36581, 2679900]	[[-78, 2250]]
8	"1808.a1"	1808	[0, 1, 0, -32, 52]	[[4, 2]]
8	"1808.a2"	1808	[0, 1, 0, 48, 340]	[[-4, 10]]
8	"1808.c1"	1808	[0, -1, 0, -720, 7616]	[[8, 48]]
8	"1808.c2"	1808	[0, -1, 0, -80, -64]	[[10, 6]]
9	"1815.b1"	1815	[0, 1, 1, -724951, -237822920]	[[4421/2, 141371/2]]
9	"1815.b2"	1815	[0, 1, 1, -6211, -530909]	[[107, 202]]
8	"1815.d2"	1815	[1, 1, 0, -16337, 796536]	[[783/2, 17367/2]]
8	"1815.d3"	1815	[1, 1, 0, -13312, 1104481]	[[6871/6, 488797/6]]
8	"1815.d4"	1815	[1, 1, 0, -9682, -370751]	[[555/2, 7369/2]]
8	"1815.d5"	1815	[1, 1, 0, -1212, 7011]	[[42, 159]]
8	"1815.d6"	1815	[1, 1, 0, -607, -5936]	[[48, 256]]
8	"1815.d7"	1815	[1, 1, 0, -2, -249]	[[550/7, 10443/7]]
6	"1818.a1"	1818	[1, -1, 0, -11826, 1752916]	[[959, 29045]]
10	"1818.d1"	1818	[1, -1, 0, -15, 197]	[[1, 13]]
10	"1818.l1"	1818	[1, -1, 1, -2, -7]	[[3, 1]]
9	"1824.b1"	1824	[0, -1, 0, 19, -123]	[[11, 36]]
8	"1824.d1"	1824	[0, -1, 0, -18, -24]	[[7, 12]]
12	"1824.g1"	1824	[0, 1, 0, -1824, -30600]	[[75, 510]]
12	"1824.g2"	1824	[0, 1, 0, -209, 351]	[[1, 12]]
12	"1824.g3"	1824	[0, 1, 0, -114, -504]	[[18, 60]]
12	"1824.g4"	1824	[0, 1, 0, -24, -1188]	[[69/2, 495/2]]
6	"1830.c1"	1830	[1, 0, 1, -654, 6376]	[[-4, 96]]
10	"1830.e2"	1830	[1, 0, 1, -98, 4916]	[[-3, 73]]
10	"1840.a1"	1840	[0, 0, 0, -73, -2453]	[[26, 115]]
6	"1840.b1"	1840	[0, -1, 0, 4, -5]	[[3, 5]]
6	"1845.a1"	1845	[1, -1, 1, -248, -1434]	[[-9, 6]]
6	"1845.a2"	1845	[1, -1, 1, -23, 6]	[[0, 2]]
10	"1845.b1"	1845	[0, 0, 1, -48, 128]	[[6, 7]]
6	"1845.g1"	1845	[1, -1, 0, -189, 1048]	[[12, 14]]
12	"1850.a2"	1850	[1, 0, 1, 4149, -216202]	[[967/3, 31304/3]]
9	"1850.d1"	1850	[1, -1, 0, -242, 1916]	[[19, 53]]
6	"1850.e1"	1850	[1, -1, 0, -13657, -610899]	[[2199, 101853]]
6	"1850.e2"	1850	[1, -1, 0, -857, -9299]	[[-15, 4]]
10	"1850.f1"	1850	[1, 1, 0, -131875, -18487875]	[[563410/33, 250098685/33]]
10	"1850.j1"	1850	[1, -1, 1, -341430, -76703803]	[[-337, 171]]
8	"1850.k1"	1850	[1, -1, 1, -9880, -375503]	[[72649/24, 7563175/24]]
8	"1850.k2"	1850	[1, -1, 1, -630, -5503]	[[-53/2, 205/2]]
8	"1850.k4"	1850	[1, -1, 1, 620, -25503]	[[831/2, 23215/2]]
6	"1856.f1"	1856	[0, -1, 0, -29121, 1935457]	[[-59, 1856]]
6	"1856.f2"	1856	[0, -1, 0, 319, -3743]	[[101, 1024]]
10	"1856.h1"	1856	[0, -1, 0, 31, 1]	[[5, 16]]
12	"1856.n1"	1856	[0, -1, 0, -37, -75]	[[73/3, 260/3]]
12	"1856.n2"	1856	[0, -1, 0, -17, -175]	[[25, 120]]
8	"1857.a1"	1857	[0, -1, 1, 3, 2]	[[0, 1]]
6	"1859.b1"	1859	[0, -1, 1, -1321636, -584371175]	[[1158131342675917/51474, 39412566954338806189979/51474]]
6	"1859.b2"	1859	[0, -1, 1, -1746, -50295]	[[7045/6, 573985/6]]
6	"1859.b3"	1859	[0, -1, 1, -56, 405]	[[-3/2, 165/2]]
8	"1860.a2"	1860	[0, -1, 0, 15, 42]	[[-1, 5]]
10	"1860.b2"	1860	[0, 1, 0, -145, -712]	[[-7, 3]]
10	"1864.a1"	1864	[0, -1, 0, -8, 28]	[[2, 4]]
8	"1865.a1"	1865	[0, -1, 1, -230, -1269]	[[-135/4, -27/4]]
8	"1866.f1"	1866	[1, 0, 1, -122, 500]	[[8, 3]]
8	"1866.f2"	1866	[1, 0, 1, -2, 20]	[[0, 4]]
10	"1870.h2"	1870	[1, 1, 1, 17283565, -17141361543]	[[9265/3, 1113446/3]]
10	"1872.d1"	1872	[0, 0, 0, -51, -94]	[[-5, 6]]
10	"1872.d2"	1872	[0, 0, 0, 9, -10]	[[2, 4]]
8	"1872.e1"	1872	[0, 0, 0, -7491, -249550]	[[146, 1330]]
8	"1872.e2"	1872	[0, 0, 0, -471, -3850]	[[38, 182]]
8	"1872.e3"	1872	[0, 0, 0, -66, 119]	[[-5, 18]]
8	"1872.e4"	1872	[0, 0, 0, 69, -12166]	[[25, 72]]
12	"1872.n2"	1872	[0, 0, 0, -399, 1870]	[[30, 130]]
12	"1872.n3"	1872	[0, 0, 0, -354, 2563]	[[-1, 54]]
10	"1872.o2"	1872	[0, 0, 0, 81, 270]	[[-2, 10]]
10	"1878.a1"	1878	[1, 1, 0, -134, 540]	[[7, -1]]
10	"1878.a2"	1878	[1, 1, 0, -14, -12]	[[4, 2]]
6	"1878.b1"	1878	[1, 0, 1, -583, -5458]	[[-14, 8]]
6	"1878.b2"	1878	[1, 0, 1, -43, -58]	[[-5, 8]]
9	"1880.c1"	1880	[0, -1, 0, -16, -4]	[[-2, 4]]
6	"1881.b1"	1881	[0, 0, 1, -270570, 54171090]	[[278, 661]]
6	"1884.b1"	1884	[0, 1, 0, -68, 36]	[[0, 6]]
6	"1884.b2"	1884	[0, 1, 0, -53, 132]	[[1, 9]]
8	"1885.a1"	1885	[1, 1, 1, -28471, 1837204]	[[88, 107]]
7	"1885.b1"	1885	[0, -1, 1, -2211, -39288]	[[-1314/7, -169/7]]
9	"1885.d2"	1885	[0, 1, 1, -65, 181]	[[-7, 18]]
8	"1885.e1"	1885	[1, 0, 1, -189, 887]	[[13, 19]]
8	"1885.e2"	1885	[1, 0, 1, -44, -99]	[[11, 22]]
8	"1886.b1"	1886	[1, 1, 0, -491, -4399]	[[79, 637]]
8	"1886.e1"	1886	[1, -1, 1, -886, -9919]	[[93, 793]]
8	"1886.e2"	1886	[1, -1, 1, -526, 4705]	[[145/3, 175/3]]
8	"1886.e3"	1886	[1, -1, 1, -66, -79]	[[11, 15]]
8	"1886.e4"	1886	[1, -1, 1, 14, -15]	[[3, 5]]
9	"1892.b2"	1892	[0, 1, 0, -198, 1009]	[[2, 25]]
6	"1900.c1"	1900	[0, 0, 0, -2575, -50250]	[[-29, 6]]
6	"1900.c2"	1900	[0, 0, 0, -200, -375]	[[-4, 19]]
8	"1906.a1"	1906	[1, -1, 0, -17, 29]	[[1, 3]]
8	"1906.a2"	1906	[1, -1, 0, 23, 117]	[[9, 27]]
6	"1910.a1"	1910	[1, -1, 1, -103, -373]	[[15, 28]]
6	"1910.a2"	1910	[1, -1, 1, -3, -13]	[[5, 6]]
8	"1914.c1"	1914	[1, 1, 0, -26535, -1378251]	[[-95, 592]]
8	"1914.e1"	1914	[1, 0, 1, -4242, 105964]	[[38, -15]]
8	"1914.e2"	1914	[1, 0, 1, -1442, -19924]	[[-18, 25]]
8	"1914.e3"	1914	[1, 0, 1, -282, 1420]	[[5, 9]]
8	"1914.e4"	1914	[1, 0, 1, 38, 140]	[[-2, 8]]
10	"1914.h2"	1914	[1, 1, 1, 1726, -24289]	[[43, 341]]
9	"1914.m1"	1914	[1, 0, 0, -35547, -2589999]	[[434, 7769]]
12	"1914.n1"	1914	[1, 0, 0, -260898, -51312870]	[[95085/4, 29018625/4]]
12	"1914.n2"	1914	[1, 0, 0, -17008, -730084]	[[-52, 146]]
12	"1914.n3"	1914	[1, 0, 0, -5748, 53928]	[[-78, 210]]
8	"1917.c1"	1917	[0, 0, 1, -6, 5]	[[1, 0]]
10	"1920.c2"	1920	[0, -1, 0, 99, 6885]	[[-9, 72]]
6	"1920.e1"	1920	[0, -1, 0, -41, -39]	[[8, 9]]
6	"1920.e2"	1920	[0, -1, 0, 9, -9]	[[3, 6]]
12	"1920.g2"	1920	[0, -1, 0, 5, -5]	[[2, 3]]
10	"1920.n2"	1920	[0, 1, 0, 9, 9]	[[0, 3]]
8	"1920.o2"	1920	[0, 1, 0, -11, 45]	[[1, 6]]
12	"1920.s2"	1920	[0, 1, 0, 5, 2093]	[[-4, 45]]
10	"1920.t1"	1920	[0, 1, 0, -1225, 15623]	[[11, 60]]
9	"1922.b2"	1922	[1, 0, 1, -4345, 64840]	[[119, 1052]]
8	"1922.d1"	1922	[1, -1, 1, -317791, -68874615]	[[25237419818650411/1089534, 3994045625106542444756791/1089534]]
8	"1922.d2"	1922	[1, -1, 1, -29491, 79057]	[[-275159/40, 18635919/40]]
8	"1922.d3"	1922	[1, -1, 1, -19881, -1070299]	[[225517435/103, 3374899848614/103]]
8	"1922.d4"	1922	[1, -1, 1, -661, -32419]	[[21257, 3088538]]
12	"1923.a1"	1923	[0, -1, 1, -9, 14]	[[2, 0]]
6	"1926.a1"	1926	[1, -1, 0, -162, 3024]	[[-14, 56]]
10	"1926.c1"	1926	[1, -1, 0, -636, 6164]	[[10, 22]]
10	"1926.c2"	1926	[1, -1, 0, -96, -208]	[[-4, 12]]
10	"1926.e1"	1926	[1, -1, 1, -71, -205]	[[-5, 4]]
6	"1926.f1"	1926	[1, -1, 1, -446, -2739]	[[-13, 33]]
6	"1926.f2"	1926	[1, -1, 1, 994, -17715]	[[35, 225]]
6	"1928.a1"	1928	[0, 0, 0, -79, -270]	[[13, 30]]
6	"1928.a2"	1928	[0, 0, 0, -59, -410]	[[115/3, 820/3]]
12	"1930.a1"	1930	[1, -1, 0, -79, -147]	[[-3, 9]]
12	"1935.b1"	1935	[1, -1, 1, -83, -268]	[[-5, 3]]
12	"1935.b2"	1935	[1, -1, 1, -8, 2]	[[0, 1]]
4	"1935.c1"	1935	[1, -1, 1, -1250003, -537603588]	[[9790979/65, 25744593603/65]]
4	"1935.c2"	1935	[1, -1, 1, -78128, -8384838]	[[-7936/7, 36282/7]]
6	"1936.c1"	1936	[0, -1, 0, -9357, -347279]	[[169, 1694]]
10	"1936.i1"	1936	[0, 1, 0, -15140165, -22679876749]	[[76910076374/445, 21328167502260157/445]]
10	"1936.i2"	1936	[0, 1, 0, -20005, -1979309]	[[15894/5, 1947253/5]]
6	"1936.k1"	1936	[0, -1, 0, -832, -9216]	[[90, 798]]
8	"1938.e1"	1938	[1, 0, 1, -552, 4936]	[[16, 8]]
8	"1938.e2"	1938	[1, 0, 1, -42, 40]	[[-1, 9]]
8	"1938.e3"	1938	[1, 0, 1, -22, -40]	[[6, 4]]
8	"1938.e4"	1938	[1, 0, 1, 148, 344]	[[2, 24]]
6	"1938.g2"	1938	[1, 1, 1, -54, -93]	[[-5, 11]]
10	"1938.h1"	1938	[1, 0, 0, -139, -271]	[[14, 17]]
10	"1938.h2"	1938	[1, 0, 0, 501, -1935]	[[18, 105]]
8	"1944.c1"	1944	[0, 0, 0, -36, 84]	[[4, 2]]
8	"1947.d1"	1947	[1, 0, 1, -947, 11129]	[[-7, 135]]
8	"1947.d2"	1947	[1, 0, 1, -62, 155]	[[39/2, 137/2]]
8	"1947.d4"	1947	[1, 0, 1, 103, 881]	[[175/6, 7747/6]]
10	"1949.a1"	1949	[0, 1, 1, -7, -10]	[[-2, 0]]
10	"1950.b3"	1950	[1, 1, 0, -150, 4500]	[[5, 60]]
10	"1950.c1"	1950	[1, 1, 0, -160, -200]	[[15, 25]]
10	"1950.c2"	1950	[1, 1, 0, 40, 0]	[[1, 6]]
12	"1950.g2"	1950	[1, 0, 1, -222451, -40401202]	[[-272, 149]]
8	"1950.i2"	1950	[1, 0, 1, -16, -22]	[[-2, 2]]
12	"1950.n1"	1950	[1, 1, 1, -2163213, 1223706531]	[[849, -412]]
12	"1950.n2"	1950	[1, 1, 1, -155213, 13034531]	[[-285, 5992]]
12	"1950.n3"	1950	[1, 1, 1, -135213, 19074531]	[[225, 212]]
12	"1950.n4"	1950	[1, 1, 1, -7213, 386531]	[[-5, 652]]
12	"1950.v2"	1950	[1, 0, 0, -323, -63]	[[-2, 25]]
12	"1950.w1"	1950	[1, 0, 0, -518488, 143656592]	[[422, 14]]
12	"1950.w2"	1950	[1, 0, 0, -58488, -1851408]	[[-42, 750]]
12	"1950.w3"	1950	[1, 0, 0, -32488, 2230592]	[[8, 1400]]
8	"1958.a1"	1958	[1, -1, 1, -1456, -20175]	[[255/2, 2767/2]]
8	"1958.a2"	1958	[1, -1, 1, -246, 1121]	[[-83/3, 1471/3]]
8	"1958.a4"	1958	[1, -1, 1, 644, 6817]	[[1897/24, 1279409/24]]
8	"1961.a1"	1961	[1, -1, 0, -311, -1980]	[[352/3, 5170/3]]
8	"1961.a2"	1961	[1, -1, 0, -46, 87]	[[-241/10, 14603/10]]
8	"1961.a3"	1961	[1, -1, 0, -41, 112]	[[-9/2, 119/2]]
8	"1961.a4"	1961	[1, -1, 0, 139, 494]	[[263719/210, 332448383/210]]
8	"1962.a1"	1962	[1, -1, 0, -57, -143]	[[-4, 5]]
8	"1962.a2"	1962	[1, -1, 0, 3, -11]	[[5, 8]]
12	"1962.c1"	1962	[1, -1, 0, -18, -108]	[[12, 30]]
12	"1962.c2"	1962	[1, -1, 0, 162, 2808]	[[6, 60]]
12	"1968.b2"	1968	[0, -1, 0, -464, 3264]	[[-8, 80]]
12	"1968.b3"	1968	[0, -1, 0, -144, -576]	[[-6, 6]]
12	"1968.b4"	1968	[0, -1, 0, 976, 18240]	[[10, 170]]
6	"1968.e1"	1968	[0, -1, 0, 7, -27]	[[4, 7]]
6	"1970.a1"	1970	[1, -1, 0, -19, -27]	[[14, 41]]
9	"1970.b1"	1970	[1, 0, 0, -680, -6908]	[[32, 50]]
9	"1970.b2"	1970	[1, 0, 0, 20, -48]	[[2, 0]]
12	"1971.b1"	1971	[0, 0, 1, 27, 20]	[[0, 4]]
6	"1971.d2"	1971	[0, 0, 1, 6, -468]	[[1362/13, 21312/13]]
6	"1971.e2"	1971	[0, 0, 1, 54, 12629]	[[37, 255]]
9	"1975.a1"	1975	[0, -1, 1, -83, 693]	[[17, 62]]
4	"1975.d3"	1975	[1, -1, 0, -3292, 73491]	[[1149/4, 26577/4]]
6	"1976.a1"	1976	[0, 0, 0, 1, 3]	[[-1, 1]]
10	"1976.b1"	1976	[0, -1, 0, -8, -7]	[[4, 3]]
8	"1977.b1"	1977	[1, 1, 0, -15, 18]	[[2, 0]]
8	"1980.b1"	1980	[0, 0, 0, -543, -4858]	[[-13, 2]]
12	"1980.c1"	1980	[0, 0, 0, -14007, 346606]	[[15, 374]]
12	"1980.c2"	1980	[0, 0, 0, -6447, -199226]	[[545/2, 9639/2]]
12	"1980.c3"	1980	[0, 0, 0, -372, -3611]	[[35, 162]]
10	"1980.d1"	1980	[0, 0, 0, -3567, 81974]	[[43, 90]]
10	"1980.d2"	1980	[0, 0, 0, -192, 1649]	[[-2, 45]]
8	"1984.a1"	1984	[0, 1, 0, -129, 127]	[[-1, 16]]
8	"1984.a2"	1984	[0, 1, 0, 31, 31]	[[1, 8]]
8	"1984.f1"	1984	[0, 0, 0, -21164, 1185072]	[[11704/9, 779660/9]]
8	"1984.f2"	1984	[0, 0, 0, -1964, -1232]	[[54, 224]]
8	"1984.f3"	1984	[0, 0, 0, -1324, 18480]	[[120, 1260]]
8	"1984.f4"	1984	[0, 0, 0, -44, 560]	[[-8, 20]]
8	"1984.g1"	1984	[0, 0, 0, -21164, -1185072]	[[13874604/287, 4048997280/287]]
8	"1984.g2"	1984	[0, 0, 0, -1964, 1232]	[[-326/3, 4256/3]]
8	"1984.g3"	1984	[0, 0, 0, -1324, -18480]	[[5420/7, 373920/7]]
8	"1984.g4"	1984	[0, 0, 0, -44, -560]	[[108, 1120]]
8	"1984.j1"	1984	[0, -1, 0, -129, -127]	[[17, 48]]
8	"1984.j2"	1984	[0, -1, 0, 31, -31]	[[19, 84]]
8	"1987.a1"	1987	[0, -1, 1, -3, 4]	[[2, 1]]
8	"1989.e1"	1989	[1, -1, 0, -181566, 29819155]	[[-22, 5825]]
8	"1989.e2"	1989	[1, -1, 0, -12501, 368032]	[[2709/4, 106967/4]]
8	"1989.e3"	1989	[1, -1, 0, -4896, -126293]	[[162, 1739]]
8	"1989.e4"	1989	[1, -1, 0, -4851, -128840]	[[2136/5, 28876/5]]
8	"1989.e5"	1989	[1, -1, 0, 1989, -458150]	[[98, 770]]
8	"1989.e6"	1989	[1, -1, 0, 34884, 2462449]	[[271197/52, 363963683/52]]
8	"1990.a1"	1990	[1, -1, 0, -49, -117]	[[9, 6]]
8	"1990.a2"	1990	[1, -1, 0, 1, -7]	[[4, 5]]
9	"1998.a2"	1998	[1, -1, 0, 54, 288]	[[-2, 14]]
9	"1998.e1"	1998	[1, -1, 0, -24723, 1502433]	[[364/3, 19793/3]]
9	"1998.e2"	1998	[1, -1, 0, -303, 2157]	[[22, 65]]
8	"2005.a1"	2005	[1, -1, 1, -7, 6]	[[0, 2]]
8	"2005.a2"	2005	[1, -1, 1, 18, 26]	[[5, 12]]
8	"2005.b1"	2005	[1, -1, 1, -53467, -4745166]	[[716197/44, 418555099/44]]
8	"2005.b2"	2005	[1, -1, 1, -3342, -73516]	[[1677/4, 50899/4]]
8	"2005.b3"	2005	[1, -1, 1, -3217, -79366]	[[738277/84, 472091159/84]]
8	"2005.b4"	2005	[1, -1, 1, -217, -1016]	[[97, 891]]
6	"2006.d1"	2006	[1, -1, 0, -1232, -16340]	[[180, 2270]]
6	"2006.j1"	2006	[1, -1, 1, -630, 6239]	[[63/2, -13/2]]
6	"2006.j2"	2006	[1, -1, 1, -40, 103]	[[1, 7]]
6	"2010.c1"	2010	[1, 1, 0, -57, -189]	[[-5, 4]]
10	"2010.e1"	2010	[1, 0, 1, -273, -1244]	[[-10, 27]]
10	"2010.e2"	2010	[1, 0, 1, 727, -8044]	[[30, 187]]
12	"2010.h2"	2010	[1, 0, 0, 69, -315]	[[6, 15]]
10	"2010.i1"	2010	[1, 0, 0, -6466, -91324]	[[-52, 350]]
10	"2014.a1"	2014	[1, 0, 1, -20, 180]	[[-6, 12]]
12	"2015.b2"	2015	[0, 1, 1, 39, -105]	[[9, 32]]
6	"2015.c1"	2015	[0, 1, 1, -31, 240]	[[6, 17]]
8	"2017.a1"	2017	[1, 1, 0, -10, 9]	[[0, 3]]
12	"2019.a1"	2019	[0, 1, 1, 68, 502]	[[-4, 13]]
8	"2019.c1"	2019	[1, 0, 0, -158, -759]	[[-8, 7]]
8	"2019.c2"	2019	[1, 0, 0, -23, 24]	[[1, 1]]
12	"2019.d1"	2019	[0, 1, 1, -30606, -2071141]	[[1389/2, 43295/2]]
10	"2020.a2"	2020	[0, 1, 0, 100, 100]	[[0, 10]]
4	"2020.b2"	2020	[0, 0, 0, -7, 174]	[[1/2, 105/2]]
8	"2022.e1"	2022	[1, 1, 1, -28894, -1902325]	[[-881/3, 1399/3]]
8	"2022.e2"	2022	[1, 1, 1, -1934, -25909]	[[-23, 95]]
8	"2022.e3"	2022	[1, 1, 1, -654, 5835]	[[9, 23]]
8	"2022.e4"	2022	[1, 1, 1, 4546, -155509]	[[139, 1715]]
8	"2022.f1"	2022	[1, 1, 1, -1543, -23971]	[[-23, 12]]
8	"2022.f2"	2022	[1, 1, 1, -103, -355]	[[-7, 12]]
8	"2022.i1"	2022	[1, 0, 0, -1159, 15089]	[[20, -7]]
8	"2022.i2"	2022	[1, 0, 0, -79, 185]	[[2, 5]]
12	"2022.j1"	2022	[1, 0, 0, -65543, 6453129]	[[150, -27]]
12	"2022.j2"	2022	[1, 0, 0, -4103, 100233]	[[22, 133]]
8	"2024.a1"	2024	[0, -1, 0, -8, -11]	[[6, 11]]
10	"2025.d1"	2025	[0, 0, 1, -4050, -98719]	[[-35, 12]]
10	"2025.d2"	2025	[0, 0, 1, -300, 1906]	[[-10, 62]]
10	"2028.e2"	2028	[0, 1, 0, -123933, -16834284]	[[1200, 39546]]
10	"2028.e4"	2028	[0, 1, 0, -2253, 144]	[[108, 1014]]
10	"2031.c1"	2031	[0, -1, 1, -201848, 29995379]	[[181/2, 36615/2]]
6	"2031.d1"	2031	[0, -1, 1, -78, -241]	[[-19/2, -3/2]]
8	"2032.c1"	2032	[0, 0, 0, -86699, -9825830]	[[13618807255/4641, 1371113113886270/4641]]
8	"2032.c2"	2032	[0, 0, 0, -6059, -114982]	[[-1571/5, 16592/5]]
8	"2032.c3"	2032	[0, 0, 0, -5419, -153510]	[[173623/17, 71774430/17]]
8	"2032.c4"	2032	[0, 0, 0, -299, -2982]	[[599, 14654]]
12	"2032.e1"	2032	[0, -1, 0, -128, 128]	[[-8, 24]]
12	"2032.e2"	2032	[0, -1, 0, 32, 0]	[[18, 78]]
8	"2040.c1"	2040	[0, -1, 0, -1096, -13604]	[[81, 650]]
8	"2040.c2"	2040	[0, -1, 0, -76, -140]	[[-6, 8]]
8	"2040.c3"	2040	[0, -1, 0, -31, 76]	[[3, 1]]
8	"2040.c4"	2040	[0, -1, 0, 224, -1220]	[[9, 38]]
8	"2040.f1"	2040	[0, -1, 0, -4000, -27140]	[[-43, 252]]
8	"2040.f2"	2040	[0, -1, 0, -2300, 42900]	[[25, 20]]
8	"2040.f3"	2040	[0, -1, 0, -2295, 43092]	[[92, 776]]
8	"2040.k1"	2040	[0, 1, 0, -1816, -30400]	[[56, 216]]
8	"2040.k2"	2040	[0, 1, 0, -416, 2640]	[[24, 84]]
8	"2040.k3"	2040	[0, 1, 0, -116, -480]	[[-6, 6]]
8	"2040.k4"	2040	[0, 1, 0, 9, -30]	[[11, 39]]
12	"2046.a2"	2046	[1, 1, 0, 248, 310]	[[7, 46]]
4	"2046.c2"	2046	[1, 1, 0, -35305, 3888997]	[[113, 1109]]
10	"2046.e2"	2046	[1, 0, 1, -172, 746]	[[1, 23]]
10	"2046.h1"	2046	[1, 0, 0, -102969, -2474631]	[[-36, 1107]]
10	"2046.h2"	2046	[1, 0, 0, -63289, 6088313]	[[92, 977]]
6	"2050.e1"	2050	[1, -1, 1, -5355, 152147]	[[49, 50]]
6	"2054.d1"	2054	[1, -1, 1, -276, -1693]	[[33, 139]]
6	"2054.d2"	2054	[1, -1, 1, -16, -29]	[[7, 9]]
10	"2056.c1"	2056	[0, 0, 0, -83, -290]	[[195, 2720]]
10	"2056.c2"	2056	[0, 0, 0, -43, -570]	[[4874/5, 340068/5]]
12	"2056.e1"	2056	[0, -1, 0, -128, 44]	[[-35/3, 584/3]]
10	"2057.b1"	2057	[0, 1, 1, -12019, 1156194]	[[-114, 1028]]
10	"2057.b2"	2057	[0, 1, 1, 1291, -35051]	[[149/2, 2053/2]]
8	"2064.e1"	2064	[0, -1, 0, -3912, -91728]	[[-326/3, 910/3]]
8	"2064.e2"	2064	[0, -1, 0, -472, 1840]	[[2, 30]]
8	"2064.e4"	2064	[0, -1, 0, 1688, 12208]	[[218, 3270]]
10	"2064.j1"	2064	[0, 1, 0, 11, 47]	[[-1, 6]]
12	"2067.b1"	2067	[0, 1, 1, -1963, -34139]	[[1885/6, 20807/6]]
9	"2068.a1"	2068	[0, 1, 0, -2188, -40140]	[[405/2, 7095/2]]
9	"2068.a2"	2068	[0, 1, 0, 12, -188]	[[16, 66]]
8	"2070.b1"	2070	[1, -1, 0, -993600, -380962764]	[[2847, 139503]]
8	"2070.b3"	2070	[1, -1, 0, -63720, -5613300]	[[-177, 399]]
8	"2070.b4"	2070	[1, -1, 0, -62100, -5940864]	[[363, 4206]]
8	"2070.b6"	2070	[1, -1, 0, 79110, -27294894]	[[237, 2055]]
8	"2070.c1"	2070	[1, -1, 0, -35325, 2564325]	[[105, 15]]
12	"2070.d2"	2070	[1, -1, 0, -9, -7]	[[4, 1]]
10	"2070.e2"	2070	[1, -1, 0, 36, -752]	[[17, 59]]
8	"2070.g1"	2070	[1, -1, 0, -7074, 160380]	[[81, 297]]
10	"2070.l2"	2070	[1, -1, 1, 37, -1653]	[[15, 38]]
8	"2070.m1"	2070	[1, -1, 1, -13253, 590537]	[[67, -30]]
8	"2070.m2"	2070	[1, -1, 1, -833, 9281]	[[21, 16]]
8	"2070.m3"	2070	[1, -1, 1, -113, -223]	[[-3, 10]]
8	"2070.m4"	2070	[1, -1, 1, 67, 27641]	[[-9, 166]]
12	"2070.p1"	2070	[1, -1, 1, -35372, -2273129]	[[-89, 449]]
12	"2070.p2"	2070	[1, -1, 1, -34292, -2435561]	[[379, 6047]]
12	"2070.p4"	2070	[1, -1, 1, -692, 1559]	[[27, 31]]
10	"2070.q1"	2070	[1, -1, 1, -15737, 669849]	[[137, 966]]
10	"2070.q2"	2070	[1, -1, 1, 1543, 54681]	[[11, 264]]
6	"2074.a1"	2074	[1, 0, 1, -1317, -18496]	[[79, 570]]
12	"2090.b1"	2090	[1, 0, 1, -1239, -10438]	[[-17, 84]]
12	"2090.b2"	2090	[1, 0, 1, -524, 4566]	[[11, 7]]
12	"2090.b3"	2090	[1, 0, 1, -474, 5486]	[[16, 37]]
12	"2090.b4"	2090	[1, 0, 1, 3761, -72438]	[[70, 696]]
8	"2090.e1"	2090	[1, -1, 0, -185, -559]	[[-8, 23]]
8	"2090.e2"	2090	[1, -1, 0, 35, -75]	[[6, 15]]
8	"2090.f1"	2090	[1, -1, 0, -23474, 1390180]	[[91, -8]]
8	"2090.f2"	2090	[1, -1, 0, -1474, 21780]	[[1, 142]]
8	"2090.f3"	2090	[1, -1, 0, -194, -492]	[[-3, 9]]
8	"2090.f4"	2090	[1, -1, 0, 46, 63428]	[[-8, 254]]
6	"2090.h1"	2090	[1, 1, 0, -633, -3103]	[[-16, 65]]
6	"2090.j1"	2090	[1, 0, 0, -431, -3479]	[[-12, 7]]
6	"2090.j2"	2090	[1, 0, 0, -31, -39]	[[-4, 7]]
8	"2092.a1"	2092	[0, -1, 0, 11, -15]	[[3, 6]]
9	"2096.a1"	2096	[0, -1, 0, -9, -11]	[[4, 1]]
9	"2096.e1"	2096	[0, -1, 0, -1024, 12960]	[[18, 6]]
4	"2098.a1"	2098	[1, -1, 0, -2, -2]	[[3, 2]]
9	"2103.a1"	2103	[0, -1, 1, -214034, -38041660]	[[1403, 49207]]
10	"2106.b1"	2106	[1, -1, 0, 39, 845]	[[13, 52]]
10	"2106.d1"	2106	[1, -1, 1, 4, -33]	[[9, 21]]
9	"2106.f1"	2106	[1, -1, 1, -20, 55]	[[5, 5]]
6	"2108.a1"	2108	[0, 1, 0, -218, 1169]	[[-7, 49]]
9	"2110.c1"	2110	[1, 0, 1, -152413, -22918664]	[[37990723/33, 233521204478/33]]
9	"2110.c3"	2110	[1, 0, 1, 562, -105344]	[[34885, 6498237]]
8	"2112.d1"	2112	[0, -1, 0, -1889, -30975]	[[56, 189]]
8	"2112.d2"	2112	[0, -1, 0, -129, -351]	[[-5, 12]]
8	"2112.d4"	2112	[0, -1, 0, 351, -2751]	[[43, 300]]
6	"2112.g1"	2112	[0, -1, 0, -393, -2871]	[[25, 48]]
6	"2112.g2"	2112	[0, -1, 0, -353, -3519]	[[45, 264]]
6	"2112.h2"	2112	[0, -1, 0, 127, 129]	[[1, 16]]
12	"2112.j1"	2112	[0, -1, 0, -9377, -346047]	[[141, 1056]]
12	"2112.j2"	2112	[0, -1, 0, -737, -2175]	[[-21, 60]]
12	"2112.j4"	2112	[0, -1, 0, 2783, -19775]	[[163/3, 5140/3]]
10	"2112.n1"	2112	[0, -1, 0, -644161, -198779327]	[[688259289/595, 16170174629888/595]]
10	"2112.n2"	2112	[0, -1, 0, -643521, -199194687]	[[59873/7, 9925280/7]]
10	"2112.n4"	2112	[0, -1, 0, 7359, 279873]	[[17, 640]]
6	"2112.p2"	2112	[0, 1, 0, -31905, 2222559]	[[-9, 1584]]
12	"2112.r1"	2112	[0, 1, 0, -22529, -1309089]	[[2253/2, 102765/2]]
12	"2112.r2"	2112	[0, 1, 0, -1409, -20769]	[[555, 13056]]
12	"2112.r3"	2112	[0, 1, 0, -769, -39073]	[[43, 96]]
10	"2112.w2"	2112	[0, 1, 0, -353, 3519]	[[-5, 72]]
12	"2112.y1"	2112	[0, 1, 0, -2817, -58497]	[[194, 2595]]
12	"2112.y3"	2112	[0, 1, 0, -177, -945]	[[18, 45]]
10	"2115.a1"	2115	[0, 0, 1, 33, -68]	[[7, 22]]
10	"2116.d1"	2116	[0, 1, 0, -9698, 446045]	[[733/3, 12167/3]]
10	"2116.d2"	2116	[0, 1, 0, 882, -4663]	[[61, 529]]
12	"2118.e1"	2118	[1, 1, 1, 55, 119]	[[3, 16]]
6	"2120.a1"	2120	[0, -1, 0, -40, -100]	[[10, 20]]
6	"2130.f1"	2130	[1, 0, 1, -24575999, -46895788078]	[[511483779/154, 11190843895195/154]]
6	"2130.f2"	2130	[1, 0, 1, -1535999, -732844078]	[[325851/14, 97006421/14]]
6	"2130.f3"	2130	[1, 0, 1, -303584, -64272994]	[[1416, 47722]]
6	"2130.i1"	2130	[1, 1, 1, -251, -1501]	[[71/2, -25/2]]
6	"2130.i2"	2130	[1, 1, 1, 19, -97]	[[11, 34]]
12	"2130.j1"	2130	[1, 1, 1, -136320, 19315785]	[[215, -51]]
12	"2130.j2"	2130	[1, 1, 1, -8720, 284105]	[[75, 205]]
12	"2130.j3"	2130	[1, 1, 1, -8520, 299145]	[[55, -1]]
12	"2130.j4"	2130	[1, 1, 1, -520, 4745]	[[5, 45]]
8	"2130.l1"	2130	[1, 1, 1, -194505, -33098523]	[[8237/4, 103929/4]]
8	"2130.l2"	2130	[1, 1, 1, -30005, 1284077]	[[10687/6, 900601/6]]
8	"2130.l3"	2130	[1, 1, 1, -12255, -512223]	[[287, 4296]]
4	"2132.a1"	2132	[0, 1, 0, -177, -968]	[[17, 35]]
8	"2139.c1"	2139	[1, 1, 0, -495, -4452]	[[523/2, 11309/2]]
6	"2139.e1"	2139	[1, 0, 1, -127, 215]	[[-5, 29]]
6	"2139.e2"	2139	[1, 0, 1, 28, 29]	[[3, 10]]
8	"2148.b1"	2148	[0, -1, 0, -117, -2511]	[[63, 486]]
10	"2150.k1"	2150	[1, -1, 1, -303930, 64568697]	[[-31, 8615]]
10	"2150.p1"	2150	[1, 0, 0, 137, -983]	[[18, 77]]
6	"2154.c1"	2154	[1, 1, 0, -24, -30]	[[5, 0]]
6	"2154.c2"	2154	[1, 1, 0, 6, 0]	[[2, 4]]
10	"2154.e1"	2154	[1, 0, 1, 129, 760]	[[-4, 15]]
9	"2154.g1"	2154	[1, 0, 0, -2087, -36819]	[[-26, 7]]
10	"2154.h1"	2154	[1, 0, 0, -4, 8]	[[2, 2]]
8	"2157.c1"	2157	[0, -1, 1, -16313, -796540]	[[-61736/29, -12177/29]]
9	"2158.b1"	2158	[1, 0, 1, -1404247, -655471622]	[[36884/5, 2659717/5]]
9	"2158.b2"	2158	[1, 0, 1, 76888, -3634442]	[[46652373901/4332, 10037239506418909/4332]]
10	"2160.e1"	2160	[0, 0, 0, -3, -3]	[[4, 7]]
8	"2166.d1"	2166	[1, 0, 1, -31606280, 68389818806]	[[81156/5, -196894/5]]
8	"2166.d2"	2166	[1, 0, 1, -1975400, 1068459446]	[[777, 1291]]
8	"2166.d3"	2166	[1, 0, 1, -1917640, 1133889974]	[[-464, 44093]]
8	"2166.d4"	2166	[1, 0, 1, -127080, 15656374]	[[68, 2673]]
10	"2169.a1"	2169	[0, 0, 1, -30, 72]	[[2, 4]]
6	"2172.a1"	2172	[0, -1, 0, -204, -792]	[[-19/2, 55/2]]
10	"2175.d1"	2175	[0, -1, 1, -283, 1968]	[[12, 12]]
10	"2175.d2"	2175	[0, -1, 1, 1217, 7593]	[[-3, 62]]
6	"2175.g1"	2175	[0, 1, 1, 1967, -136406]	[[278, 4687]]
6	"2175.j1"	2175	[0, -1, 1, -17458, -882057]	[[1180533/82, 659971191/82]]
6	"2175.j2"	2175	[0, -1, 1, 28792, -4368307]	[[6493/2, 525621/2]]
10	"2178.b1"	2178	[1, -1, 0, -87687, -9934083]	[[1246, 41969]]
10	"2178.b3"	2178	[1, -1, 0, -6012, 170748]	[[58, 92]]
10	"2178.b4"	2178	[1, -1, 0, 4878, 713070]	[[-41, 686]]
10	"2178.f1"	2178	[1, -1, 0, -468, -3888]	[[72, 540]]
10	"2178.f2"	2178	[1, -1, 0, 27, -27]	[[6, 15]]
10	"2178.h1"	2178	[1, -1, 1, -1115885, 453986965]	[[641, 1010]]
10	"2178.h2"	2178	[1, -1, 1, -70445, 6956821]	[[47, 1912]]
8	"2178.i1"	2178	[1, -1, 1, -4280, 108771]	[[47, 75]]
12	"2188.a1"	2188	[0, 1, 0, 3, -17]	[[2, 1]]
6	"2188.b1"	2188	[0, 0, 0, -80, 276]	[[5, 1]]
6	"2189.a1"	2189	[0, 1, 1, -28027, 1796670]	[[-771/2, 2185/2]]
6	"2189.a2"	2189	[0, 1, 1, -26157, 2048647]	[[175, 1691]]
10	"2190.a1"	2190	[1, 1, 0, -1133, -20913]	[[389, 7460]]
9	"2190.d1"	2190	[1, 0, 1, -18494, -969808]	[[205739/14, 91063785/14]]
9	"2190.d3"	2190	[1, 0, 1, 121, -4894]	[[1046, 33312]]
10	"2190.e1"	2190	[1, 0, 1, -3543, -65444]	[[-40, 132]]
4	"2190.j1"	2190	[1, 1, 1, -15146, -231307]	[[-1013/6, 92923/6]]
4	"2190.j2"	2190	[1, 1, 1, -8576, 299549]	[[147/2, 1361/2]]
12	"2190.k2"	2190	[1, 1, 1, 90, 315]	[[3, 23]]
10	"2190.n1"	2190	[1, 0, 0, -4646, 121476]	[[46, 52]]
10	"2190.n2"	2190	[1, 0, 0, -326, 1380]	[[-2, 46]]
8	"2192.f1"	2192	[0, -1, 0, -88, 144]	[[0, 12]]
8	"2192.f2"	2192	[0, -1, 0, -48, -112]	[[14, 42]]
6	"2196.a1"	2196	[0, 0, 0, -156, -655]	[[-8, 9]]
6	"2196.a2"	2196	[0, 0, 0, 249, -3490]	[[19, 90]]
8	"2196.c1"	2196	[0, 0, 0, -975, 11718]	[[6, 78]]
8	"2196.c2"	2196	[0, 0, 0, -60, 189]	[[3, 6]]
8	"2196.d1"	2196	[0, 0, 0, -8775, -316386]	[[115, 442]]
8	"2196.d2"	2196	[0, 0, 0, -540, -5103]	[[54, 351]]
10	"2196.e1"	2196	[0, 0, 0, -1479, 20878]	[[14, 54]]
12	"2200.b2"	2200	[0, 1, 0, 292, -2912]	[[24, 136]]
6	"2200.c1"	2200	[0, 1, 0, -5708, -104912]	[[-42, 250]]
6	"2200.c2"	2200	[0, 1, 0, -5083, -141162]	[[-41, 1]]
9	"2202.a1"	2202	[1, 0, 1, -172830, -27669488]	[[-294131/35, 5128927/35]]
9	"2202.a2"	2202	[1, 0, 1, -2175, -36590]	[[-25, 60]]
10	"2208.a1"	2208	[0, -1, 0, -24, 24]	[[5, 2]]
10	"2208.a2"	2208	[0, -1, 0, 6, 0]	[[2, 4]]
8	"2208.b1"	2208	[0, -1, 0, -88, 340]	[[4, 6]]
8	"2208.b2"	2208	[0, -1, 0, 2, 16]	[[0, 4]]
10	"2208.d1"	2208	[0, -1, 0, -19272, 829080]	[[2165, 100510]]
10	"2208.d2"	2208	[0, -1, 0, 2598, 76752]	[[-22, 92]]
8	"2208.h1"	2208	[0, 1, 0, -88, -340]	[[11, 12]]
6	"2210.a1"	2210	[1, 0, 1, -96298, -11483244]	[[-180, 252]]
6	"2210.a3"	2210	[1, 0, 1, -5673, 150506]	[[122, 1069]]
8	"2210.c1"	2210	[1, 0, 0, -306, 1156]	[[0, 34]]
10	"2210.d1"	2210	[1, 0, 0, -2440, -45408]	[[-26, 38]]
6	"2210.e1"	2210	[1, -1, 1, -18, 17]	[[5, 3]]
12	"2210.f1"	2210	[1, -1, 1, -36862, -2712451]	[[267, 2401]]
12	"2210.f2"	2210	[1, -1, 1, -2862, -19651]	[[97, 731]]
8	"2210.g2"	2210	[1, -1, 1, 333, -4741]	[[17, 66]]
9	"2211.c1"	2211	[0, 1, 1, -15837, -773128]	[[203261/10, 91481209/10]]
9	"2211.c3"	2211	[0, 1, 1, 243, -4705]	[[2031, 91555]]
8	"2211.d1"	2211	[1, 1, 0, -440, 3009]	[[8, 5]]
8	"2211.d2"	2211	[1, 1, 0, -105, -408]	[[-68/3, -34/3]]
4	"2225.b1"	2225	[1, 0, 1, -26, 73]	[[1, 6]]
9	"2230.e1"	2230	[1, 0, 0, -51991, -4567229]	[[-67155941/714, 24144458087/714]]
9	"2230.e2"	2230	[1, 0, 0, -701, -5095]	[[-80/3, 695/3]]
8	"2232.e1"	2232	[0, 0, 0, -270, 1701]	[[10, 1]]
8	"2232.e2"	2232	[0, 0, 0, -135, 3402]	[[9, 54]]
8	"2232.i1"	2232	[0, 0, 0, -8139, -226730]	[[-45, 220]]
8	"2232.i2"	2232	[0, 0, 0, -2559, 46690]	[[17, 90]]
8	"2232.i3"	2232	[0, 0, 0, -2514, 48517]	[[54, 265]]
8	"2232.i4"	2232	[0, 0, 0, 2301, 203182]	[[179, 2520]]
10	"2235.a1"	2235	[0, 1, 1, -3470, -94654]	[[381/2, 5351/2]]
4	"2235.b1"	2235	[1, 1, 1, -15045, 125850]	[[-1699/5, 118761/5]]
4	"2235.b2"	2235	[1, 1, 1, -11320, 458120]	[[-62, 993]]
4	"2235.b3"	2235	[1, 1, 1, -11315, 458552]	[[6014/7, 310897/7]]
8	"2235.d1"	2235	[1, 1, 0, -7152, -235809]	[[102, 279]]
8	"2235.d2"	2235	[1, 1, 0, -447, -3816]	[[18413/4, 2462649/4]]
8	"2235.d3"	2235	[1, 1, 0, -222, -7371]	[[290159/110, 40727457/110]]
9	"2244.c1"	2244	[0, 1, 0, -32493, -2265345]	[[210, 465]]
9	"2244.c2"	2244	[0, 1, 0, -93, -7713]	[[21, 6]]
8	"2256.g1"	2256	[0, -1, 0, -12032, -504000]	[[1162, 39410]]
8	"2256.g2"	2256	[0, -1, 0, -992, -2112]	[[874/5, 8582/5]]
8	"2256.g3"	2256	[0, -1, 0, -752, -7680]	[[34, 70]]
8	"2256.g4"	2256	[0, -1, 0, -32, -192]	[[16, 56]]
4	"2256.h1"	2256	[0, 1, 0, -4080, -101676]	[[404, 8022]]
4	"2256.h2"	2256	[0, 1, 0, -240, -1836]	[[20, 42]]
12	"2256.l1"	2256	[0, 1, 0, -2288, 41364]	[[28, 6]]
12	"2256.l2"	2256	[0, 1, 0, -128, 756]	[[4, 18]]
9	"2259.b1"	2259	[0, 0, 1, -84, -630]	[[26, 121]]
9	"2259.b2"	2259	[0, 0, 1, 726, 13545]	[[17, 175]]
12	"2262.a1"	2262	[1, 1, 0, -1107, 13725]	[[26, 45]]
12	"2262.a2"	2262	[1, 1, 0, -67, 205]	[[3, 5]]
12	"2262.f1"	2262	[1, 0, 1, -891, -13370]	[[331/2, 5215/2]]
8	"2262.g1"	2262	[1, 0, 1, -18163426, -29796563788]	[[26317, 4196249]]
8	"2262.g2"	2262	[1, 0, 1, -1124066, -475233100]	[[1866, 61720]]
12	"2265.c1"	2265	[1, 1, 1, -610, -1960]	[[28, 48]]
12	"2265.c2"	2265	[1, 1, 1, 145, -148]	[[2, 11]]
8	"2265.e1"	2265	[1, 0, 0, -1185, 11322]	[[9, 33]]
8	"2265.e2"	2265	[1, 0, 0, -430, -3325]	[[-13, 17]]
8	"2265.e3"	2265	[1, 0, 0, -425, -3408]	[[37, 160]]
8	"2265.e4"	2265	[1, 0, 0, 245, -12640]	[[32, 152]]
9	"2265.f1"	2265	[0, 1, 1, -121, 475]	[[7, 4]]
9	"2269.a1"	2269	[0, 0, 1, -7, -7]	[[-7/2, -1/2]]
9	"2271.d2"	2271	[0, 1, 1, -163, 748]	[[14, 37]]
9	"2272.d1"	2272	[0, 0, 0, -91, -334]	[[-50/3, 8/3]]
8	"2277.b1"	2277	[1, -1, 0, -837936, 295442235]	[[3015/2, 73575/2]]
8	"2277.b2"	2277	[1, -1, 0, -52371, 4626072]	[[564, 12138]]
8	"2277.b3"	2277	[1, -1, 0, -50886, 4899609]	[[168, 951]]
8	"2277.b4"	2277	[1, -1, 0, -12681, -473526]	[[16011/10, 1177461/10]]
8	"2277.b5"	2277	[1, -1, 0, -3366, 68607]	[[243/2, 2097/2]]
8	"2280.a1"	2280	[0, -1, 0, -30400, 2050300]	[[105, 70]]
8	"2280.a3"	2280	[0, -1, 0, -1900, 32500]	[[30, 40]]
8	"2280.a4"	2280	[0, -1, 0, -95, 732]	[[4, 20]]
8	"2280.f1"	2280	[0, 1, 0, -101576, -12494160]	[[1111, 35316]]
8	"2280.f2"	2280	[0, 1, 0, -27096, 1525104]	[[135, 588]]
8	"2280.f3"	2280	[0, 1, 0, -6576, -182160]	[[-36, 96]]
10	"2280.g1"	2280	[0, 1, 0, -360, -2592]	[[-12, 12]]
10	"2280.g2"	2280	[0, 1, 0, 20, -160]	[[8, 24]]
9	"2286.c1"	2286	[1, -1, 0, -26802, 1695654]	[[105, 123]]
9	"2286.c2"	2286	[1, -1, 0, -72, 5832]	[[51, 339]]
9	"2286.h1"	2286	[1, -1, 0, -219888, 39742218]	[[69621/19, 13857315/19]]
9	"2286.h2"	2286	[1, -1, 0, -2718, 54972]	[[-33, 345]]
9	"2286.h3"	2286	[1, -1, 0, -198, -972]	[[-9, 9]]
6	"2288.e1"	2288	[0, -1, 0, -2881, -73171]	[[172, 2119]]
6	"2288.j1"	2288	[0, 1, 0, -21, 131]	[[-2, 13]]
4	"2290.a1"	2290	[1, 0, 1, -19, -18]	[[-2, 4]]
10	"2290.c1"	2290	[1, 1, 1, -3280, -186795]	[[685/3, 1885/3]]
10	"2290.c2"	2290	[1, 1, 1, -180, 1525]	[[5, 25]]
12	"2295.b1"	2295	[0, 0, 1, -78, 279]	[[9, 17]]
12	"2295.b2"	2295	[0, 0, 1, 432, 398]	[[66, 562]]
9	"2295.c2"	2295	[0, 0, 1, 1302, 3528]	[[6, 107]]
9	"2295.g2"	2295	[0, 0, 1, 11718, -95263]	[[145/2, 4909/2]]
6	"2295.i1"	2295	[0, 0, 1, -111057102, -450471809815]	[[3230721937/442, 129103745620251/442]]
12	"2298.f1"	2298	[1, 0, 0, -24, -6]	[[35/2, 139/2]]
12	"2298.f2"	2298	[1, 0, 0, 6, 0]	[[8, 20]]
8	"2298.h1"	2298	[1, 0, 0, -49024, 4173848]	[[1162/3, -1022/3]]
8	"2298.h2"	2298	[1, 0, 0, -3184, 59624]	[[46, 82]]
8	"2298.h3"	2298	[1, 0, 0, -3064, 65024]	[[34, 4]]
8	"2298.h4"	2298	[1, 0, 0, -184, 1088]	[[2, 26]]
9	"2300.b1"	2300	[0, 1, 0, -1108, -14412]	[[-21, 6]]
10	"2300.c1"	2300	[0, -1, 0, -458, -4463]	[[72, 575]]
10	"2300.c2"	2300	[0, -1, 0, 42, 37]	[[7, 25]]
6	"2301.a2"	2301	[1, 1, 1, 7, 38]	[[-2, 5]]
8	"2304.a1"	2304	[0, 0, 0, -72, 0]	[[9, 9]]
10	"2304.b1"	2304	[0, 0, 0, -5826, -171160]	[[103, 567]]
10	"2304.b2"	2304	[0, 0, 0, -5736, -176704]	[[1264, 44856]]
10	"2304.b4"	2304	[0, 0, 0, 24, 704]	[[1, 27]]
8	"2304.c2"	2304	[0, 0, 0, 24, 0]	[[1, 5]]
12	"2304.g1"	2304	[0, 0, 0, -840, -9344]	[[65, 459]]
8	"2304.h1"	2304	[0, 0, 0, -120, -448]	[[-7, 7]]
8	"2304.h2"	2304	[0, 0, 0, -30, 56]	[[2, 2]]
4	"2304.j1"	2304	[0, 0, 0, -840, 9344]	[[8, 56]]
10	"2304.l1"	2304	[0, 0, 0, -23304, -1369280]	[[10817/7, 706635/7]]
10	"2304.l2"	2304	[0, 0, 0, -1434, -22088]	[[191, 2583]]
8	"2304.m2"	2304	[0, 0, 0, 216, 0]	[[25, 145]]
6	"2307.a1"	2307	[0, -1, 1, -39428, -3027964]	[[4915/3, 317179/3]]
10	"2307.c1"	2307	[0, -1, 1, -87, -286]	[[16, 46]]
10	"2307.d1"	2307	[0, -1, 1, 2, -3]	[[5/2, -1/2]]
6	"2312.b1"	2312	[0, 1, 0, -106448, -13392656]	[[-22677/11, 130286/11]]
8	"2315.a1"	2315	[0, -1, 1, -111, -1479]	[[15, 2]]
12	"2320.a1"	2320	[0, 1, 0, -156, 700]	[[6, 4]]
12	"2320.a2"	2320	[0, 1, 0, -11, 4]	[[0, 2]]
4	"2320.b2"	2320	[0, 1, 0, -51, 40]	[[-4, 14]]
8	"2320.c1"	2320	[0, 0, 0, -8, 7]	[[-3, 2]]
8	"2320.c2"	2320	[0, 0, 0, 17, 42]	[[114, 1218]]
8	"2320.f1"	2320	[0, 0, 0, -827, 7546]	[[27, 70]]
8	"2320.f2"	2320	[0, 0, 0, -247, -1386]	[[38, 210]]
8	"2320.f3"	2320	[0, 0, 0, -242, -1449]	[[297/4, 1365/4]]
8	"2320.f4"	2320	[0, 0, 0, 253, -6286]	[[4915, 344578]]
8	"2320.h2"	2320	[0, -1, 0, -11, -10]	[[37/2, 195/2]]
9	"2322.b1"	2322	[1, -1, 0, -4062, 100668]	[[4699/7, 246156/7]]
9	"2322.b2"	2322	[1, -1, 0, -3957, 106037]	[[1, 319]]
9	"2322.b3"	2322	[1, -1, 0, 25068, -187696]	[[3143/2, 176487/2]]
9	"2322.h1"	2322	[1, -1, 1, -36560, -2681477]	[[5107/3, 332831/3]]
9	"2322.h2"	2322	[1, -1, 1, -440, -3781]	[[61, 409]]
4	"2325.a1"	2325	[0, -1, 1, -1458, -20932]	[[-22, 3]]
12	"2325.b1"	2325	[0, 1, 1, -63478, 2539234]	[[-256, 1441]]
6	"2325.d2"	2325	[1, 0, 0, -188, 2367]	[[7, 34]]
8	"2325.f1"	2325	[0, -1, 1, -83, 68]	[[-8, 12]]
8	"2325.g1"	2325	[0, 1, 1, -3, -1]	[[-1, 1]]
4	"2325.i2"	2325	[1, 1, 0, -375, 0]	[[80, 660]]
4	"2325.i3"	2325	[1, 1, 0, -250, -1625]	[[-591/8, 1517/8]]
4	"2325.i4"	2325	[1, 1, 0, 1500, 1875]	[[1205/4, 45015/4]]
4	"2325.k1"	2325	[0, -1, 1, -1586958, 320578193]	[[-307/2, 168171/2]]
12	"2325.l1"	2325	[0, 1, 1, -58, -191]	[[-19/2, -1/2]]
10	"2328.a1"	2328	[0, -1, 0, -1184, 16044]	[[25, 38]]
10	"2328.a2"	2328	[0, -1, 0, -104, 60]	[[-2, 16]]
8	"2328.b2"	2328	[0, -1, 0, 32, -260]	[[9, 26]]
6	"2328.c2"	2328	[0, -1, 0, -248, 2508]	[[17, 54]]
10	"2328.e1"	2328	[0, 1, 0, -608, 5520]	[[16, 12]]
8	"2330.b1"	2330	[1, 1, 0, -60707, -5831411]	[[2198, 101301]]
12	"2330.d1"	2330	[1, 1, 0, -2692, -51504]	[[-33, 69]]
12	"2330.d2"	2330	[1, 1, 0, 2428, -218416]	[[328, 5836]]
8	"2340.c1"	2340	[0, 0, 0, -183, -882]	[[-9, 6]]
8	"2340.c2"	2340	[0, 0, 0, 12, -63]	[[6, 15]]
9	"2340.f2"	2340	[0, 0, 0, 168, -236]	[[5, 27]]
9	"2343.f1"	2343	[0, 1, 1, -7037, -229573]	[[-195/2, -1/2]]
9	"2343.f2"	2343	[0, 1, 1, -107, -190]	[[-2, 4]]
9	"2344.a1"	2344	[0, 0, 0, 5, -26]	[[3, 4]]
8	"2346.b1"	2346	[1, 1, 0, -6005, 176301]	[[47, 2]]
8	"2346.b2"	2346	[1, 1, 0, -245, 4653]	[[-13, 83]]
10	"2346.d1"	2346	[1, 1, 0, -138, -4140]	[[20, 30]]
6	"2346.e1"	2346	[1, 0, 1, -2830, -58168]	[[1389/4, 35179/4]]
12	"2346.f1"	2346	[1, 0, 1, -726, -6386]	[[-16, 42]]
6	"2346.g1"	2346	[1, 0, 1, 379, -1984]	[[23, 126]]
12	"2346.h1"	2346	[1, 1, 1, 4, 5]	[[-1, 1]]
12	"2358.a1"	2358	[1, -1, 0, -639, 6349]	[[17, 5]]
12	"2358.a2"	2358	[1, -1, 0, -279, 13189]	[[-7, 125]]
8	"2358.i1"	2358	[1, -1, 0, -6, 0]	[[3, 0]]
8	"2358.i2"	2358	[1, -1, 0, 24, -18]	[[1, 2]]
8	"2358.m1"	2358	[1, -1, 1, -50306, -4330263]	[[863, 23949]]
8	"2358.m2"	2358	[1, -1, 1, -3146, -66999]	[[-33, 9]]
8	"2358.m3"	2358	[1, -1, 1, -2066, -114519]	[[75, 347]]
8	"2358.m4"	2358	[1, -1, 1, -266, -183]	[[-1, 9]]
8	"2358.n1"	2358	[1, -1, 1, -56, 55]	[[-7, 11]]
8	"2358.n2"	2358	[1, -1, 1, 214, 271]	[[-1/2, 115/2]]
10	"2358.r1"	2358	[1, -1, 1, -5, 13]	[[1, 2]]
10	"2358.v1"	2358	[1, -1, 1, -149, -1519]	[[63, 454]]
8	"2360.a2"	2360	[0, 0, 0, -22, 189]	[[-2, 15]]
6	"2365.c2"	2365	[0, 1, 1, -41, 85]	[[5/2, 45/2]]
9	"2368.d1"	2368	[0, -1, 0, -7493, -247169]	[[-26262/23, 31/23]]
9	"2368.d2"	2368	[0, -1, 0, -93, -305]	[[-6, 1]]
9	"2368.g1"	2368	[0, -1, 0, -37, -67]	[[-4, 1]]
6	"2370.a1"	2370	[1, 1, 0, -198, 972]	[[9, 0]]
9	"2370.b2"	2370	[1, 0, 1, 1066, -378904]	[[6397/3, 502391/3]]
8	"2370.j1"	2370	[1, 1, 1, -13651200, 19407835185]	[[3615, 129785]]
8	"2370.j2"	2370	[1, 1, 1, -1511300, -225493135]	[[1339585/21, 1397237339/21]]
8	"2370.j3"	2370	[1, 1, 1, -855200, 301486385]	[[5647/3, 86611/3]]
8	"2370.j4"	2370	[1, 1, 1, -853200, 302980785]	[[623, 3393]]
8	"2370.j5"	2370	[1, 1, 1, -231100, 732864305]	[[-327755/33, 1006007243/33]]
8	"2388.b1"	2388	[0, -1, 0, -10, -71]	[[10, 27]]
10	"2390.b1"	2390	[1, -1, 1, -170662, 27179061]	[[241, -61]]
9	"2397.a1"	2397	[0, 1, 1, -11517, -479578]	[[-8975/12, 4049/12]]
12	"2400.b1"	2400	[0, -1, 0, -12008, -502488]	[[973/2, 26425/2]]
12	"2400.b2"	2400	[0, -1, 0, -2008, 25012]	[[12, 50]]
12	"2400.b3"	2400	[0, -1, 0, -758, -7488]	[[-17, 14]]
12	"2400.b4"	2400	[0, -1, 0, 367, -28863]	[[47, 300]]
10	"2400.c2"	2400	[0, -1, 0, 2, -8]	[[3, 4]]
9	"2400.f1"	2400	[0, -1, 0, -13, 37]	[[3, 4]]
8	"2400.i1"	2400	[0, -1, 0, -4008, 99012]	[[137, 1450]]
8	"2400.i2"	2400	[0, -1, 0, -1008, -10488]	[[-19, 38]]
8	"2400.i3"	2400	[0, -1, 0, -258, 1512]	[[6, 12]]
8	"2400.i4"	2400	[0, -1, 0, 367, 7137]	[[7, 100]]
4	"2400.o2"	2400	[0, -1, 0, -12833, 663537]	[[-8, 875]]
12	"2400.t1"	2400	[0, 1, 0, -538, 4628]	[[8, 30]]
12	"2400.t2"	2400	[0, 1, 0, -513, 5103]	[[3, 60]]
8	"2400.y1"	2400	[0, 1, 0, -2033, -35937]	[[63, 300]]
8	"2400.y3"	2400	[0, 1, 0, -158, -312]	[[-3, 12]]
8	"2400.y4"	2400	[0, 1, 0, 592, -1812]	[[147, 1812]]
8	"2400.z1"	2400	[0, 1, 0, -4008, -99012]	[[293/2, 609/2]]
8	"2400.z2"	2400	[0, 1, 0, -1008, 10488]	[[-22, 150]]
8	"2400.z3"	2400	[0, 1, 0, -258, -1512]	[[42, 252]]
8	"2400.z4"	2400	[0, 1, 0, 367, -7137]	[[18, 75]]
6	"2400.be2"	2400	[0, 1, 0, 42, -912]	[[89, 846]]
8	"2402.a1"	2402	[1, -1, 1, -196, -953]	[[-7, 9]]
8	"2402.a2"	2402	[1, -1, 1, -36, 71]	[[1, 5]]
6	"2403.e1"	2403	[1, -1, 1, -29, -80]	[[8, 8]]
6	"2403.i1"	2403	[1, -1, 0, -3, 4]	[[0, 2]]
10	"2410.a1"	2410	[1, -1, 1, -112, 479]	[[9, 7]]
10	"2410.a2"	2410	[1, -1, 1, -12, -1]	[[-1, 3]]
8	"2412.a1"	2412	[0, 0, 0, -2487, 23870]	[[-38, 252]]
8	"2412.a2"	2412	[0, 0, 0, 528, 2765]	[[43, 324]]
8	"2414.b1"	2414	[1, 1, 0, -145, -651]	[[33, 162]]
8	"2414.b2"	2414	[1, 1, 0, 15, -43]	[[67/3, 533/3]]
9	"2414.f1"	2414	[1, 0, 0, -72038, -7448020]	[[-34886/15, 266558/15]]
10	"2420.a2"	2420	[0, 1, 0, -4396, 168804]	[[40, 242]]
10	"2420.a3"	2420	[0, 1, 0, -161, -596]	[[40, 242]]
9	"2420.e1"	2420	[0, 1, 0, -52796, -4688620]	[[1690288555/2091, 52382089028870/2091]]
6	"2421.a1"	2421	[0, 0, 1, -3684, 84330]	[[-40, 409]]
12	"2421.b1"	2421	[0, 0, 1, -18, 20]	[[0, 4]]
9	"2430.a1"	2430	[1, -1, 0, -10950, 443780]	[[56, 34]]
9	"2430.d1"	2430	[1, -1, 0, -3174, -70732]	[[92, 594]]
9	"2430.d2"	2430	[1, -1, 0, 201, -307]	[[2, 9]]
9	"2430.e1"	2430	[1, -1, 0, -744, -7552]	[[-16, 0]]
9	"2430.j1"	2430	[1, -1, 1, -623, -5669]	[[-13, 16]]
9	"2430.j2"	2430	[1, -1, 1, -83, 307]	[[5, -2]]
9	"2430.k2"	2430	[1, -1, 1, 1807, 6481]	[[5, 122]]
9	"2430.o2"	2430	[1, -1, 1, -1217, -16031]	[[-179/3, 256/3]]
6	"2431.b1"	2431	[0, 1, 1, -10031, -394013]	[[635, 15801]]
12	"2434.a1"	2434	[1, 0, 0, -708, -7280]	[[-16, 4]]
10	"2434.b1"	2434	[1, -1, 1, -25, 53]	[[11, 26]]
10	"2434.b2"	2434	[1, -1, 1, -15, 89]	[[43/2, 217/2]]
10	"2434.c1"	2434	[1, 1, 1, -24, -55]	[[15, 49]]
10	"2434.c2"	2434	[1, 1, 1, -4, -119]	[[133/3, 1345/3]]
9	"2439.b1"	2439	[0, 0, 1, -1037190, 406570248]	[[2324, 102703]]
9	"2439.b2"	2439	[0, 0, 1, -12810, 557235]	[[83, 256]]
12	"2442.a2"	2442	[1, 1, 0, -350466, 79709940]	[[315, 675]]
12	"2442.a3"	2442	[1, 1, 0, -336386, 86426100]	[[68, 7958]]
12	"2442.a4"	2442	[1, 1, 0, -22786, 1132276]	[[53, 251]]
6	"2442.b1"	2442	[1, 1, 0, -476, -4164]	[[25, 6]]
6	"2442.b2"	2442	[1, 1, 0, -106, -10010]	[[23, 8]]
10	"2442.e1"	2442	[1, 0, 1, -1016, -12538]	[[65, 411]]
10	"2442.f1"	2442	[1, 0, 1, -36946, 2629412]	[[130, 101]]
10	"2442.f2"	2442	[1, 0, 1, 17814, 9770116]	[[-166, 1581]]
12	"2442.h1"	2442	[1, 0, 0, -1080598, -432448912]	[[1256, 13232]]
12	"2442.h2"	2442	[1, 0, 0, -67538, -6761100]	[[-150, 90]]
12	"2442.h3"	2442	[1, 0, 0, -13378, -590716]	[[-70, 98]]
12	"2442.h4"	2442	[1, 0, 0, -1538, 8388]	[[4, 46]]
10	"2448.a1"	2448	[0, 0, 0, -4104, 101196]	[[42, 54]]
10	"2448.a2"	2448	[0, 0, 0, -24, 284]	[[22, 102]]
8	"2448.j1"	2448	[0, 0, 0, -435, 3346]	[[5, 36]]
8	"2448.j2"	2448	[0, 0, 0, -75, -182]	[[-3, 4]]
12	"2448.o1"	2448	[0, 0, 0, -13059, -574398]	[[159, 1170]]
12	"2448.o2"	2448	[0, 0, 0, -819, -8910]	[[-17, 10]]
12	"2448.o3"	2448	[0, 0, 0, -99, -24030]	[[55, 370]]
8	"2448.p1"	2448	[0, 0, 0, -3995139, -3073590142]	[[52232599/65, 372218327118/65]]
8	"2448.p2"	2448	[0, 0, 0, -249699, -48023710]	[[-35065/11, 29770/11]]
8	"2448.p4"	2448	[0, 0, 0, -16419, -667870]	[[-97, 110]]
8	"2448.p6"	2448	[0, 0, 0, 32541, -3889438]	[[2471/5, 67606/5]]
10	"2454.b2"	2454	[1, 1, 0, 2041, -5643]	[[509, 11288]]
4	"2460.a2"	2460	[0, -1, 0, -156, -5544]	[[30, 126]]
9	"2470.a1"	2470	[1, 1, 0, 81710302, 576603336052]	[[-65889840684/5033, 75209641096843142/5033]]
9	"2470.c1"	2470	[1, 0, 1, -1749, 27996]	[[-39, 212]]
9	"2470.c2"	2470	[1, 0, 1, -1664, 30862]	[[-47, 99]]
9	"2470.c3"	2470	[1, 0, 1, 11921, -203294]	[[175/3, 4844/3]]
10	"2472.a1"	2472	[0, -1, 0, 88, 108]	[[1, 14]]
8	"2475.i1"	2475	[1, -1, 0, -13317, -588034]	[[-265/2, 363/2]]
8	"2475.i3"	2475	[1, -1, 0, -942, -6409]	[[-10, 49]]
8	"2475.i4"	2475	[1, -1, 0, 183, -784]	[[68, 534]]
6	"2475.j2"	2475	[1, -1, 0, -42, -9]	[[-2, 9]]
8	"2480.c1"	2480	[0, 1, 0, -17056, 851700]	[[74, 16]]
8	"2480.c2"	2480	[0, 1, 0, -1056, 13300]	[[12, 50]]
8	"2480.d2"	2480	[0, 1, 0, 4, -20]	[[6, 16]]
8	"2480.g1"	2480	[0, 0, 0, -5323, -149478]	[[154, 1638]]
8	"2480.g2"	2480	[0, 0, 0, -323, -2478]	[[29, 112]]
12	"2482.b1"	2482	[1, 0, 1, -56, 174]	[[4, 2]]
12	"2482.b2"	2482	[1, 0, 1, 369, -574]	[[18, 100]]
12	"2484.b1"	2484	[0, 0, 0, -1404, -18171]	[[-17, 28]]
12	"2484.b2"	2484	[0, 0, 0, -324, 2241]	[[10, 1]]
8	"2486.b1"	2486	[1, -1, 1, -120, 533]	[[31/2, 7/2]]
8	"2486.b2"	2486	[1, -1, 1, -10, 5]	[[5, 5]]
12	"2490.a1"	2490	[1, 1, 0, -218, -1332]	[[-9, 6]]
12	"2490.a2"	2490	[1, 1, 0, -18, -12]	[[-4, 6]]
8	"2490.h1"	2490	[1, 1, 1, -40, -103]	[[7, 1]]
8	"2490.h2"	2490	[1, 1, 1, 60, -423]	[[5, 3]]
12	"2490.j1"	2490	[1, 0, 0, -3515, 78225]	[[40, 25]]
12	"2490.j2"	2490	[1, 0, 0, 485, 247025]	[[-40, 425]]
10	"2493.b1"	2493	[1, -1, 0, -612, -7695]	[[40, 155]]
10	"2495.a1"	2495	[1, 0, 0, -10, -3]	[[-1, 3]]
8	"2496.a2"	2496	[0, -1, 0, 2255, -207599]	[[99, 988]]
8	"2496.c1"	2496	[0, -1, 0, -3329, -72831]	[[67, 20]]
8	"2496.c2"	2496	[0, -1, 0, -209, -1071]	[[-8, 5]]
8	"2496.c4"	2496	[0, -1, 0, 31, -3615]	[[40, 245]]
6	"2496.h1"	2496	[0, -1, 0, -2993, -57519]	[[-35, 56]]
6	"2496.h2"	2496	[0, -1, 0, -2933, -60171]	[[116, 1071]]
6	"2496.h4"	2496	[0, -1, 0, -53, 21]	[[-3, 12]]
4	"2496.j2"	2496	[0, -1, 0, 47, 49]	[[0, 7]]
8	"2496.l1"	2496	[0, -1, 0, -14977, 710497]	[[96, 385]]
8	"2496.l2"	2496	[0, -1, 0, -937, 11305]	[[15, 20]]
8	"2496.l3"	2496	[0, -1, 0, -417, 23265]	[[67, 540]]
8	"2496.l4"	2496	[0, -1, 0, -92, -18]	[[-11/2, 115/2]]
8	"2496.p2"	2496	[0, 1, 0, 2255, 207599]	[[5, 468]]
10	"2496.r1"	2496	[0, 1, 0, -11609, 477447]	[[34, 351]]
8	"2496.s1"	2496	[0, 1, 0, -3329, 72831]	[[69, 420]]
8	"2496.s2"	2496	[0, 1, 0, -209, 1071]	[[10, 9]]
8	"2496.s4"	2496	[0, 1, 0, 31, 3615]	[[-6, 57]]
12	"2496.u2"	2496	[0, 1, 0, 47, -49]	[[10, 39]]
10	"2496.v1"	2496	[0, 1, 0, -2993, 57519]	[[18, 99]]
10	"2496.v3"	2496	[0, 1, 0, -593, -5745]	[[-14, 3]]
10	"2496.w1"	2496	[0, 1, 0, -73, 215]	[[2, 9]]
10	"2496.w2"	2496	[0, 1, 0, -8, -6]	[[-3/2, 3/2]]
6	"2496.y1"	2496	[0, 1, 0, -393, -1449]	[[-6, 27]]
10	"2496.z1"	2496	[0, 1, 0, -57, -153]	[[-6, 3]]
6	"2498.a1"	2498	[1, -1, 1, -21, -19]	[[7, 8]]
6	"2498.a2"	2498	[1, -1, 1, 59, -179]	[[5, 12]]
10	"2502.a1"	2502	[1, -1, 0, 18, 40]	[[2, 8]]
12	"2502.h1"	2502	[1, -1, 1, -521, -4439]	[[-13, 8]]
12	"2502.h2"	2502	[1, -1, 1, -41, -23]	[[-5, 8]]
8	"2502.j1"	2502	[1, -1, 1, -13440551, -18962546209]	[[-103673/7, 378834/7]]
8	"2502.j2"	2502	[1, -1, 1, -843431, -293614369]	[[-509, 2158]]
8	"2502.j3"	2502	[1, -1, 1, -106151, 6311135]	[[3, 2446]]
8	"2502.j4"	2502	[1, -1, 1, -42791, -828762145]	[[4495, 297394]]
6	"2507.a1"	2507	[0, 1, 1, -913, -10932]	[[189/2, 1849/2]]
6	"2507.a2"	2507	[0, 1, 1, 7, -53]	[[11959/3, 1308284/3]]
9	"2510.c1"	2510	[1, 0, 0, -2285, -42215]	[[-28, 17]]
9	"2510.c2"	2510	[1, 0, 0, -85, 225]	[[2, 7]]
8	"2525.a1"	2525	[1, -1, 1, -255, 1622]	[[10, -4]]
6	"2525.b1"	2525	[0, -1, 1, -33, -32]	[[-4, 4]]
9	"2526.a1"	2526	[1, 1, 0, -3196, 68176]	[[19, 112]]
9	"2526.b1"	2526	[1, 1, 0, 3, 3]	[[-1, 1]]
9	"2530.e1"	2530	[1, 0, 0, -15816, -766904]	[[154, 598]]
9	"2530.e2"	2530	[1, 0, 0, -176, -1280]	[[16, 0]]
9	"2530.f1"	2530	[1, 0, 0, -1331, 1771561]	[[88, 1485]]
9	"2530.f2"	2530	[1, 0, 0, 11979, -47829485]	[[15565/4, 1872475/4]]
9	"2530.k1"	2530	[1, 0, 0, -32811, -2293615]	[[2890/3, 117335/3]]
9	"2530.k2"	2530	[1, 0, 0, 629, -15119]	[[18, 37]]
10	"2532.b1"	2532	[0, 1, 0, -1, 8]	[[-1, 3]]
10	"2535.e1"	2535	[1, 0, 0, -1726, 27455]	[[23, -4]]
8	"2535.j1"	2535	[1, 1, 0, -365043, -85043772]	[[139441789/348, 1323572725861/348]]
8	"2535.j2"	2535	[1, 1, 0, -22818, -1335537]	[[35989/12, 4866403/12]]
8	"2535.j3"	2535	[1, 1, 0, -18593, -1840002]	[[132567229/732, 1113712635343/732]]
8	"2535.j4"	2535	[1, 1, 0, -13523, 599682]	[[943/2, 25083/2]]
8	"2535.j5"	2535	[1, 1, 0, -1693, -13112]	[[-113/2, 1031/2]]
8	"2535.j6"	2535	[1, 1, 0, -848, 9027]	[[14, 5]]
8	"2535.j7"	2535	[1, 1, 0, -3, 408]	[[56, 396]]
8	"2550.c1"	2550	[1, 1, 0, -693600, -222626250]	[[1775, 63475]]
8	"2550.c2"	2550	[1, 1, 0, -43350, -3492000]	[[-121, 70]]
8	"2550.c3"	2550	[1, 1, 0, -41100, -3867750]	[[329, 4120]]
8	"2550.c4"	2550	[1, 1, 0, -2850, -49500]	[[-40, 70]]
8	"2550.c6"	2550	[1, 1, 0, 5650, -279000]	[[45, 240]]
8	"2550.d1"	2550	[1, 1, 0, -4650, -123750]	[[-39, 6]]
8	"2550.d2"	2550	[1, 1, 0, -4150, 100750]	[[45, 65]]
8	"2550.d3"	2550	[1, 1, 0, -400, -500]	[[-5, 40]]
8	"2550.d4"	2550	[1, 1, 0, 100, 0]	[[4, 20]]
9	"2550.j1"	2550	[1, 0, 1, -16576, -489202]	[[-441/2, 713/2]]
9	"2550.j2"	2550	[1, 0, 1, -7201, 234548]	[[46, 11]]
12	"2550.s1"	2550	[1, 1, 1, -7253, 234731]	[[45, 22]]
10	"2550.bc1"	2550	[1, 0, 0, -1154838, 477536292]	[[672, 1914]]
10	"2550.bc2"	2550	[1, 0, 0, -66838, 8608292]	[[32, 2534]]
6	"2556.a1"	2556	[0, 0, 0, -87, -130]	[[-2, 6]]
6	"2565.b1"	2565	[0, 0, 1, -318, 2178]	[[-18, 45]]
12	"2568.b1"	2568	[0, -1, 0, -20, -27]	[[-2, 1]]
6	"2568.d1"	2568	[0, -1, 0, -171710260, 866106274669]	[[68074/3, 8351/3]]
10	"2568.g1"	2568	[0, -1, 0, -4, 1]	[[0, 1]]
10	"2568.i1"	2568	[0, 1, 0, -12, 9]	[[0, 3]]
10	"2570.b1"	2570	[1, -1, 1, -22, -219]	[[9, 11]]
8	"2574.b2"	2574	[1, -1, 0, -20709, 1157269]	[[77, 83]]
4	"2574.e1"	2574	[1, -1, 0, -119403, 15807325]	[[225, 430]]
4	"2574.e2"	2574	[1, -1, 0, -12483, -123755]	[[-18, 317]]
5	"2574.g1"	2574	[1, -1, 0, -251370, 48583174]	[[14541/7, 29632/7]]
10	"2574.l1"	2574	[1, -1, 0, -8331, -278011]	[[-50, 133]]
8	"2574.m1"	2574	[1, -1, 0, -370656, -86764370]	[[705, 1045]]
8	"2574.m2"	2574	[1, -1, 0, -24156, -1228766]	[[-67, 326]]
8	"2574.m3"	2574	[1, -1, 0, -23166, -1351328]	[[419, 7688]]
9	"2574.r2"	2574	[1, -1, 1, 526, 30449]	[[33, 271]]
10	"2574.s2"	2574	[1, -1, 1, 34, 621]	[[-3, 23]]
8	"2574.t1"	2574	[1, -1, 1, -44951, 3679431]	[[125, -18]]
8	"2574.t2"	2574	[1, -1, 1, -6791, -134553]	[[-27, 182]]
8	"2574.t3"	2574	[1, -1, 1, -2831, 57111]	[[-9, 290]]
8	"2574.t4"	2574	[1, -1, 1, 49, 2967]	[[-1, 54]]
12	"2574.u1"	2574	[1, -1, 1, -586580, 173046071]	[[429, 253]]
12	"2574.u2"	2574	[1, -1, 1, -33620, 3176759]	[[81, 949]]
12	"2574.u4"	2574	[1, -1, 1, 3235, -51739]	[[27, 220]]
10	"2574.v1"	2574	[1, -1, 1, -3350, 56053]	[[11, 137]]
10	"2574.v2"	2574	[1, -1, 1, -1190, -14795]	[[-19, 35]]
10	"2575.a1"	2575	[1, 1, 1, 2, 6]	[[0, 2]]
8	"2577.a1"	2577	[0, -1, 1, -4, -12]	[[4, 4]]
8	"2584.a2"	2584	[0, 1, 0, 1, -14]	[[3, 5]]
10	"2585.a1"	2585	[0, -1, 1, 10, -92]	[[7, 16]]
10	"2585.b1"	2585	[0, 0, 1, -122, 520]	[[-2, 27]]
10	"2586.a1"	2586	[1, 1, 1, -279, 1671]	[[39/2, -33/2]]
10	"2586.a2"	2586	[1, 1, 1, -9, 51]	[[3, 6]]
10	"2592.a1"	2592	[0, 0, 0, -27, 270]	[[-3, 18]]
10	"2592.e1"	2592	[0, 0, 0, -12, 32]	[[2, 4]]
10	"2592.g1"	2592	[0, 0, 0, -3, -10]	[[5, 10]]
4	"2595.b1"	2595	[1, 1, 1, -15, 12]	[[0, 3]]
8	"2595.c1"	2595	[1, 1, 0, -3093, -65262]	[[-24697/26, 766715/26]]
8	"2595.c2"	2595	[1, 1, 0, -498, 2727]	[[-97/2, 383/2]]
8	"2595.c3"	2595	[1, 1, 0, -453, 3528]	[[-24, 48]]
8	"2595.c4"	2595	[1, 1, 0, 1377, 20352]	[[-5737/22, 599773/22]]
10	"2598.b2"	2598	[1, 1, 0, 90, -972]	[[27, 135]]
12	"2598.f1"	2598	[1, 0, 0, -393, 2961]	[[12, -3]]
8	"2600.c1"	2600	[0, 1, 0, -508, -4512]	[[-13, 8]]
8	"2600.h1"	2600	[0, 0, 0, -14075, -642250]	[[-3286/7, 2388/7]]
8	"2600.h2"	2600	[0, 0, 0, -1075, -5250]	[[-14, 84]]
8	"2600.h3"	2600	[0, 0, 0, -575, 5250]	[[11, 16]]
8	"2600.h4"	2600	[0, 0, 0, 3925, -40250]	[[270, 4550]]
9	"2601.e1"	2601	[1, -1, 1, -29, 136]	[[-2, 14]]
6	"2601.l1"	2601	[0, 0, 1, -7803, -298465]	[[1305/2, 45167/2]]
10	"2605.a1"	2605	[1, 1, 0, -37, -84]	[[-89/6, 277/6]]
12	"2610.a2"	2610	[1, -1, 0, 1440, -2307200]	[[311, 5150]]
10	"2610.b1"	2610	[1, -1, 0, -19229490, 32459523606]	[[10023/2, 5115/2]]
10	"2610.b2"	2610	[1, -1, 0, -19229220, 32460480540]	[[2508, 834]]
10	"2610.b3"	2610	[1, -1, 0, -390240, -93157344]	[[-1497/2, 6339/2]]
10	"2610.b4"	2610	[1, -1, 0, -40320, 691200]	[[-192, 1248]]
6	"2610.d1"	2610	[1, -1, 0, -315, -2025]	[[-9, 9]]
6	"2610.d2"	2610	[1, -1, 0, -45, 81]	[[0, 9]]
10	"2610.f2"	2610	[1, -1, 0, -99, 85]	[[-1, 14]]
10	"2610.i1"	2610	[1, -1, 1, -26198, 1124197]	[[25, 683]]
8	"2610.j1"	2610	[1, -1, 1, -36158, 2655231]	[[3807/2, 226623/2]]
8	"2610.j2"	2610	[1, -1, 1, -2408, 36231]	[[41, 51]]
8	"2610.j4"	2610	[1, -1, 1, 5422, 217887]	[[-97/2, 2235/2]]
8	"2610.k1"	2610	[1, -1, 1, -200453, 34593581]	[[265, 42]]
8	"2610.k2"	2610	[1, -1, 1, -12533, 542477]	[[33, 388]]
8	"2610.k3"	2610	[1, -1, 1, -8933, 857837]	[[57, 700]]
10	"2610.l1"	2610	[1, -1, 1, -632, 6139]	[[7, 41]]
8	"2610.m2"	2610	[1, -1, 1, 13, 211]	[[1, 14]]
8	"2615.a1"	2615	[0, -1, 1, -151, -943]	[[351, 6562]]
8	"2616.a1"	2616	[0, -1, 0, -27, 0]	[[-1, 5]]
8	"2616.a2"	2616	[0, -1, 0, 108, -108]	[[26, 140]]
10	"2619.c1"	2619	[0, 0, 1, 54, 128]	[[-2, 3]]
12	"2620.a1"	2620	[0, 1, 0, -90, -755]	[[13, 21]]
12	"2620.a2"	2620	[0, 1, 0, 10, 25]	[[-2, 1]]
10	"2622.a2"	2622	[1, 1, 1, -18259, 972497]	[[-29, 1230]]
10	"2624.d2"	2624	[0, 0, 0, 116, -528]	[[29, 165]]
6	"2624.f1"	2624	[0, -1, 0, -49, -111]	[[15, 48]]
6	"2624.f2"	2624	[0, -1, 0, 31, -511]	[[127/3, 1360/3]]
12	"2624.g1"	2624	[0, -1, 0, -737, -7327]	[[-128/3, 235/3]]
8	"2630.a1"	2630	[1, 1, 0, -628, -6832]	[[31, 53]]
8	"2630.b1"	2630	[1, 1, 0, 48, -584]	[[7, 9]]
12	"2630.d1"	2630	[1, 0, 1, 2, -2]	[[2, 2]]
6	"2635.c1"	2635	[1, 1, 0, -3, -2]	[[-2, 2]]
10	"2640.a2"	2640	[0, -1, 0, -371, 2970]	[[14, 18]]
6	"2640.c2"	2640	[0, -1, 0, 309, -2034]	[[330, 5994]]
4	"2640.f1"	2640	[0, -1, 0, -1556, 13356]	[[-35, 154]]
4	"2640.f2"	2640	[0, -1, 0, -716, -7140]	[[469/2, 9821/2]]
8	"2640.g1"	2640	[0, -1, 0, -77440, 8320480]	[[602, 13398]]
8	"2640.g2"	2640	[0, -1, 0, -4840, 131200]	[[45, 50]]
8	"2640.g3"	2640	[0, -1, 0, -4240, 164320]	[[21, 290]]
8	"2640.g4"	2640	[0, -1, 0, -2320, -41168]	[[-26, 30]]
8	"2640.g5"	2640	[0, -1, 0, -340, 1600]	[[0, 40]]
8	"2640.g6"	2640	[0, -1, 0, 65, 142]	[[14, 60]]
12	"2640.k1"	2640	[0, 1, 0, -1616, 23220]	[[36, 114]]
12	"2640.k2"	2640	[0, 1, 0, -296, -1596]	[[-8, 18]]
12	"2640.k3"	2640	[0, 1, 0, -276, -1860]	[[26, 96]]
10	"2640.l1"	2640	[0, 1, 0, -11, 0]	[[4, 6]]
8	"2640.m1"	2640	[0, 1, 0, -76, -280]	[[61/2, 387/2]]
8	"2640.n1"	2640	[0, 1, 0, -66616, -5083180]	[[-178, 1080]]
8	"2640.n2"	2640	[0, 1, 0, -22616, 1235220]	[[52, 450]]
8	"2640.n4"	2640	[0, 1, 0, 16264, 5076564]	[[-20, 2178]]
6	"2640.p1"	2640	[0, 1, 0, -10931, 436260]	[[64, 54]]
6	"2640.p2"	2640	[0, 1, 0, -10876, 440924]	[[14, 540]]
12	"2640.r1"	2640	[0, 1, 0, -10560, 414180]	[[63, 54]]
12	"2640.r2"	2640	[0, 1, 0, -660, 6300]	[[3, 66]]
12	"2640.r4"	2640	[0, 1, 0, -55, 8]	[[8, 12]]
8	"2640.s1"	2640	[0, 1, 0, -360, -2652]	[[23, 42]]
8	"2640.s2"	2640	[0, 1, 0, -60, 108]	[[11, 30]]
8	"2640.s3"	2640	[0, 1, 0, -55, 140]	[[52/3, 188/3]]
8	"2642.a1"	2642	[1, -1, 1, -43, -97]	[[11, 20]]
9	"2645.c1"	2645	[0, 0, 1, 3703, 130795]	[[-23/2, 2641/2]]
6	"2650.d1"	2650	[1, 0, 1, 224, 1198]	[[17, 91]]
9	"2651.c1"	2651	[0, -1, 1, 3, -3]	[[1, 0]]
8	"2652.b2"	2652	[0, -1, 0, 52, -360]	[[14, 54]]
12	"2652.c1"	2652	[0, -1, 0, -2452, 47560]	[[30, 10]]
10	"2652.g1"	2652	[0, 1, 0, -4628, 119652]	[[48, 102]]
10	"2655.f1"	2655	[0, 0, 1, -2052, 35660]	[[18, 67]]
10	"2655.h1"	2655	[0, 0, 1, -173973, 27929673]	[[953/2, 527/2]]
10	"2655.h2"	2655	[0, 0, 1, -2523, -47997]	[[-127/2, 77/2]]
8	"2664.a1"	2664	[0, 0, 0, -102, 385]	[[8, 9]]
8	"2664.a2"	2664	[0, 0, 0, 33, 1330]	[[-1, 36]]
8	"2664.d1"	2664	[0, 0, 0, -1695, 26642]	[[19, 36]]
8	"2664.d2"	2664	[0, 0, 0, -30, 1001]	[[-8, 27]]
8	"2670.a2"	2670	[1, 1, 0, -43, 1537]	[[7, 37]]
12	"2670.e1"	2670	[1, 0, 0, -155685, -23656743]	[[-228, 123]]
12	"2670.e2"	2670	[1, 0, 0, -9885, -357903]	[[-48, -57]]
12	"2670.e4"	2670	[1, 0, 0, 7915, -1500663]	[[112, 835]]
9	"2678.b1"	2678	[1, 0, 1, -305916, -64308166]	[[2619/2, 29567/2]]
9	"2678.b2"	2678	[1, 0, 1, -31421, 2098200]	[[114, -25]]
9	"2678.b3"	2678	[1, 0, 1, -31246, 2123232]	[[38180/19, 91569/19]]
8	"2678.d1"	2678	[1, 1, 0, -6, -8]	[[-2, 2]]
8	"2678.g1"	2678	[1, 1, 0, -7383720, -7725631168]	[[10267920557760973/830139, 1017553372463320146205547/830139]]
8	"2678.g2"	2678	[1, 1, 0, -461480, -120858304]	[[374185237/159, 7200985349543/159]]
8	"2678.l1"	2678	[1, 0, 0, -6186, -187228]	[[-44, 6]]
12	"2678.m1"	2678	[1, 0, 0, -85, -287]	[[-6, 7]]
10	"2680.b1"	2680	[0, 1, 0, 55, 43]	[[1, 10]]
10	"2682.c1"	2682	[1, -1, 0, -285, -1531]	[[-11, 19]]
12	"2682.g1"	2682	[1, -1, 0, -2223, -21843]	[[-33, 138]]
10	"2682.j1"	2682	[1, -1, 1, -113, 425]	[[-3, 28]]
8	"2686.a1"	2686	[1, -1, 1, -35605, -1948179]	[[-81, 672]]
8	"2686.a2"	2686	[1, -1, 1, 5355, -195091]	[[63, 592]]
3	"2686.b1"	2686	[1, 0, 0, -398812, -87740384]	[[-181226/21, 26040442/21]]
12	"2686.d1"	2686	[1, 1, 1, -13133, 525763]	[[-97, 996]]
12	"2686.d2"	2686	[1, 1, 1, -2893, -51773]	[[247, 3668]]
6	"2690.b1"	2690	[1, 0, 1, 222, -12]	[[12, 60]]
12	"2690.d1"	2690	[1, 0, 0, -45, -685]	[[487/6, 6107/6]]
4	"2691.b2"	2691	[1, -1, 1, -20, 38]	[[4, 1]]
8	"2691.g1"	2691	[1, -1, 0, -1971, -32918]	[[291/2, 3329/2]]
8	"2691.g2"	2691	[1, -1, 0, -216, 427]	[[66, 487]]
8	"2691.g3"	2691	[1, -1, 0, -171, 904]	[[20, 62]]
8	"2694.a1"	2694	[1, 1, 0, 33, 45]	[[3, 12]]
9	"2694.h1"	2694	[1, 0, 0, -1084567, -434833489]	[[35891/2, 6715711/2]]
9	"2694.h2"	2694	[1, 0, 0, -12937, -639631]	[[164, 1205]]
9	"2694.i1"	2694	[1, 0, 0, -43, 113]	[[4, 1]]
9	"2694.i2"	2694	[1, 0, 0, 257, 5]	[[10, 55]]
10	"2698.a1"	2698	[1, -1, 0, -51881, -4535475]	[[6491125/153, 4984368740/153]]
10	"2700.f1"	2700	[0, 0, 0, -825, 9125]	[[20, 25]]
10	"2700.f2"	2700	[0, 0, 0, 675, 37125]	[[105, 1125]]
9	"2700.j1"	2700	[0, 0, 0, 0, -16875]	[[679/3, 17342/3]]
9	"2700.j2"	2700	[0, 0, 0, 0, 625]	[[6, 29]]
6	"2700.n2"	2700	[0, 0, 0, -375, -1250]	[[-6, 28]]
12	"2706.a1"	2706	[1, 1, 0, -25, 37]	[[-6, 7]]
8	"2706.d1"	2706	[1, 0, 1, -28, -58]	[[6, -2]]
12	"2706.e2"	2706	[1, 0, 1, 6900, 1005130]	[[-5/2, 7987/2]]
12	"2706.g1"	2706	[1, 0, 1, -36461, 1232936]	[[370721/40, 139018899/40]]
12	"2706.g2"	2706	[1, 0, 1, -30686, 2066384]	[[222, 2380]]
12	"2706.g3"	2706	[1, 0, 1, -30526, 2089040]	[[4, 1400]]
12	"2706.g4"	2706	[1, 0, 1, 127379, 9293864]	[[3019/2, 182107/2]]
6	"2706.j1"	2706	[1, 1, 1, -38055, -2324259]	[[-121, 786]]
10	"2706.n1"	2706	[1, 1, 1, -493, -4255]	[[-45/2, 5/2]]
8	"2706.p1"	2706	[1, 0, 0, -25379, -1558287]	[[-92, 49]]
8	"2706.p2"	2706	[1, 0, 0, -1619, -23391]	[[-26, 49]]
8	"2706.p3"	2706	[1, 0, 0, -339, 1953]	[[6, 9]]
8	"2706.p4"	2706	[1, 0, 0, 1661, -105391]	[[44, 209]]
10	"2706.r1"	2706	[1, 0, 0, -116468, -15233904]	[[-188, 256]]
10	"2706.r2"	2706	[1, 0, 0, -11508, 69264]	[[-60, 768]]
10	"2715.b2"	2715	[1, 0, 0, 135, 600]	[[5, 35]]
6	"2715.c1"	2715	[1, 0, 1, -963, 11413]	[[17, -3]]
6	"2715.c2"	2715	[1, 0, 1, -58, 191]	[[7, 8]]
9	"2717.b1"	2717	[0, 1, 1, -25563, -1581258]	[[-371/2, 161/2]]
9	"2717.b2"	2717	[0, 1, 1, -863, 6705]	[[7, 32]]
9	"2717.b3"	2717	[0, 1, 1, -793, 8336]	[[-27/2, 923/2]]
10	"2718.f1"	2718	[1, -1, 0, -189, 1021]	[[5, 11]]
10	"2718.k1"	2718	[1, -1, 1, -20279, 1116559]	[[79, 14]]
10	"2720.d1"	2720	[0, 1, 0, 64, -136]	[[2, 2]]
10	"2720.f1"	2720	[0, 0, 0, -5443, -155242]	[[7189/3, 606842/3]]
9	"2724.c1"	2724	[0, 1, 0, -653, -10401]	[[42, 195]]
9	"2734.a1"	2734	[1, -1, 0, -11, 5]	[[-2, 5]]
8	"2736.e2"	2736	[0, 0, 0, -1731, -17710]	[[-29, 90]]
8	"2736.e3"	2736	[0, 0, 0, -1551, -23506]	[[77, 560]]
8	"2736.e4"	2736	[0, 0, 0, 5109, -123046]	[[47, 470]]
8	"2736.f2"	2736	[0, 0, 0, -51, -14]	[[-1, 6]]
12	"2736.j1"	2736	[0, 0, 0, -13755, -620822]	[[317, 5184]]
12	"2736.j2"	2736	[0, 0, 0, -12315, -755894]	[[362, 6498]]
8	"2736.l1"	2736	[0, 0, 0, -135, -378]	[[13, 8]]
8	"2736.l2"	2736	[0, 0, 0, 405, -2646]	[[25, 152]]
8	"2736.m1"	2736	[0, 0, 0, -15, 14]	[[5, 8]]
8	"2736.m2"	2736	[0, 0, 0, 45, 98]	[[1, 12]]
4	"2736.o1"	2736	[0, 0, 0, -61635, -5889598]	[[1793, 75152]]
4	"2736.o3"	2736	[0, 0, 0, -1155, 1154]	[[65, 448]]
8	"2736.r1"	2736	[0, 0, 0, -4779, -126630]	[[-38, 10]]
8	"2736.r2"	2736	[0, 0, 0, -459, 378]	[[-6, 54]]
12	"2738.a1"	2738	[1, 0, 1, -64372, 6322098]	[[124, 438]]
12	"2738.a2"	2738	[1, 0, 1, 188893, 33674718]	[[114, 7472]]
8	"2738.b1"	2738	[1, 1, 0, -28, -156]	[[15, 48]]
6	"2739.c1"	2739	[1, 1, 0, -3597, 4230]	[[10/3, 400/3]]
9	"2740.b2"	2740	[0, 1, 0, 180, -2540]	[[19, 90]]
12	"2742.c1"	2742	[1, 1, 0, -760, -8384]	[[112, 1096]]
12	"2742.c2"	2742	[1, 1, 0, -600, -11808]	[[447/2, 8787/2]]
8	"2745.c1"	2745	[1, -1, 1, -3308, 71106]	[[20, 102]]
8	"2745.c2"	2745	[1, -1, 1, -563, -3558]	[[-10, 36]]
8	"2745.c3"	2745	[1, -1, 1, -518, -4404]	[[36, 132]]
8	"2745.c4"	2745	[1, -1, 1, 1462, -24618]	[[30, 198]]
6	"2748.a1"	2748	[0, -1, 0, -330, 2421]	[[11, 1]]
6	"2748.b1"	2748	[0, -1, 0, -105052, -13070552]	[[-453289549371/49270, 545039376052267/49270]]
10	"2752.c1"	2752	[0, 0, 0, 16, 32]	[[1, 7]]
12	"2752.e2"	2752	[0, -1, 0, 267, 365]	[[68, 573]]
8	"2754.a1"	2754	[1, -1, 0, -459, 3909]	[[22, 53]]
4	"2755.a1"	2755	[1, -1, 1, -12523, -65578]	[[350, 6016]]
4	"2755.a2"	2755	[1, -1, 1, 3102, -9328]	[[3868/7, 277901/7]]
8	"2756.a1"	2756	[0, 1, 0, -13, 0]	[[-4, 2]]
8	"2756.a2"	2756	[0, 1, 0, 52, 52]	[[211, 3074]]
8	"2760.e1"	2760	[0, -1, 0, -870880, -301514900]	[[-25975/7, 1132230/7]]
8	"2760.e2"	2760	[0, -1, 0, -141880, 14287900]	[[65, 2310]]
8	"2760.e3"	2760	[0, -1, 0, -129380, 17952900]	[[190, 440]]
8	"2760.e4"	2760	[0, -1, 0, -129375, 17954352]	[[649, 14385]]
8	"2760.e5"	2760	[0, -1, 0, -116960, 21524892]	[[1381/2, 37675/2]]
8	"2760.e6"	2760	[0, -1, 0, 387120, 95330700]	[[21745/3, 3321010/3]]
8	"2760.h1"	2760	[0, 1, 0, -2160176, -1222750176]	[[2515, 96222]]
8	"2760.h2"	2760	[0, 1, 0, -209696, 4219680]	[[2629/2, 98223/2]]
8	"2760.h3"	2760	[0, 1, 0, -135176, -19090176]	[[640, 12528]]
8	"2763.e1"	2763	[0, 0, 1, -72, 236]	[[6, 4]]
9	"2763.f1"	2763	[0, 0, 1, -210, -1323]	[[17, 4]]
9	"2763.f2"	2763	[0, 0, 1, 1410, 4914]	[[-166/7, 3235/7]]
8	"2763.h1"	2763	[0, 0, 1, -27525, 1757677]	[[385/2, 59/2]]
9	"2770.b1"	2770	[1, 0, 0, -316, 2136]	[[30, 126]]
9	"2770.h1"	2770	[1, 0, 0, -173806, -27904280]	[[1472577820/1599, 31304802523480/1599]]
9	"2770.h2"	2770	[1, 0, 0, -2066, -41404]	[[1786/3, 70636/3]]
9	"2770.h3"	2770	[1, 0, 0, 174, 260]	[[10, 50]]
6	"2774.a1"	2774	[1, -1, 0, -812, 9112]	[[19, 7]]
6	"2774.a2"	2774	[1, -1, 0, -52, 144]	[[0, 12]]
6	"2776.a1"	2776	[0, -1, 0, -17, 37]	[[3, 2]]
6	"2780.a1"	2780	[0, -1, 0, -26, 61]	[[3, 1]]
6	"2780.c2"	2780	[0, -1, 0, 77004, 1470296]	[[1574805805/522, 62561146784327/522]]
8	"2784.b1"	2784	[0, -1, 0, -4177, -102527]	[[65787/7, 16847480/7]]
8	"2784.b2"	2784	[0, -1, 0, -552, 2772]	[[-4, 70]]
8	"2784.b3"	2784	[0, -1, 0, -262, -1520]	[[1342, 49140]]
8	"2784.b4"	2784	[0, -1, 0, 8, -4760]	[[33549/5, 6142682/5]]
9	"2788.b1"	2788	[0, 1, 0, -1738, -28475]	[[-875/6, 55/6]]
8	"2790.b1"	2790	[1, -1, 0, -2283810, -1327854700]	[[118056499/207, 1010253730195/207]]
10	"2790.f1"	2790	[1, -1, 0, -5949, 178105]	[[44, -31]]
9	"2790.g1"	2790	[1, -1, 0, -6414, -230572]	[[391/2, 1715/2]]
8	"2790.h1"	2790	[1, -1, 0, -9594, 364108]	[[57, -26]]
8	"2790.h2"	2790	[1, -1, 0, -594, 5908]	[[12, 14]]
9	"2790.q1"	2790	[1, -1, 1, -713, 8777]	[[15, 28]]
8	"2790.z1"	2790	[1, -1, 1, -253757, 49264389]	[[287, -24]]
9	"2805.b1"	2805	[0, 1, 1, -1871, 31436]	[[22, 37]]
9	"2805.b2"	2805	[0, 1, 1, 8839, 116045]	[[1261/2, 46871/2]]
8	"2805.d1"	2805	[1, 0, 1, -1458729, 678002977]	[[695, -447]]
8	"2805.d2"	2805	[1, 0, 1, -91854, 10421227]	[[83, 1794]]
8	"2805.d3"	2805	[1, 0, 1, -13729, -391273]	[[-35, 233]]
8	"2805.d4"	2805	[1, 0, 1, 25021, 35151977]	[[1707/2, 87227/2]]
9	"2806.a1"	2806	[1, 0, 1, -432, 3422]	[[0, 58]]
6	"2808.a1"	2808	[0, 0, 0, -9099, 334071]	[[55, 1]]
10	"2808.d1"	2808	[0, 0, 0, -3, 11]	[[1, 3]]
6	"2808.j1"	2808	[0, 0, 0, -387, -2993]	[[27, 79]]
8	"2810.b1"	2810	[1, 0, 1, -273, 1706]	[[10, -3]]
8	"2810.b2"	2810	[1, 0, 1, -23, 6]	[[0, 2]]
12	"2817.a2"	2817	[1, -1, 1, 85, 614]	[[-3, 19]]
12	"2817.c1"	2817	[0, 0, 1, 33, -351]	[[41/2, 257/2]]
10	"2820.a1"	2820	[0, -1, 0, 955, 37857]	[[119, 1350]]
9	"2820.d1"	2820	[0, 1, 0, -62036, -8056236]	[[331, 2790]]
9	"2820.d2"	2820	[0, 1, 0, 6004, 135780]	[[-20, 90]]
4	"2824.a1"	2824	[0, 0, 0, -203, -1114]	[[169/2, 2051/2]]
9	"2825.a1"	2825	[1, 1, 1, -463, -4094]	[[55, 347]]
8	"2825.b1"	2825	[1, 0, 1, -51, -127]	[[-21/2, 23/2]]
6	"2826.e1"	2826	[1, -1, 0, -246, 1540]	[[8, 2]]
12	"2826.i2"	2826	[1, -1, 1, 1105, 73495]	[[415, 8270]]
12	"2829.a1"	2829	[1, 1, 1, -45264, -3725478]	[[1107/2, 16849/2]]
12	"2829.a2"	2829	[1, 1, 1, -2829, -59094]	[[225, 3167]]
6	"2829.f1"	2829	[1, 1, 0, -61, -200]	[[88, 784]]
6	"2829.f2"	2829	[1, 1, 0, 54, -729]	[[351/2, 6291/2]]
10	"2829.g1"	2829	[1, 0, 1, -1715, 24761]	[[135/2, 461/2]]
9	"2830.h2"	2830	[1, 0, 0, -2031, 88145]	[[112/3, 6707/3]]
9	"2830.h3"	2830	[1, 0, 0, 17779, -2039449]	[[52449091/114, 377068995563/114]]
8	"2832.f2"	2832	[0, 1, 0, -872, -1740]	[[-20, 90]]
8	"2832.f3"	2832	[0, 1, 0, -552, 4788]	[[12, 6]]
8	"2832.f4"	2832	[0, 1, 0, 3448, -10380]	[[28, 330]]
9	"2838.c2"	2838	[1, 0, 1, 112513, 124592978]	[[53439/5, 12449252/5]]
8	"2838.e1"	2838	[1, 0, 0, -1065329, -423316035]	[[-14894/5, 37781/5]]
8	"2838.e2"	2838	[1, 0, 0, -66869, -6558831]	[[-152, 391]]
8	"2838.e3"	2838	[1, 0, 0, -8549, 147969]	[[10, 247]]
8	"2838.e4"	2838	[1, 0, 0, -7269, 237825]	[[42, 63]]
8	"2838.e5"	2838	[1, 0, 0, -1529, -18803547]	[[574, 12733]]
8	"2838.e6"	2838	[1, 0, 0, 29291, 1109105]	[[20, 1295]]
12	"2838.f1"	2838	[1, 0, 0, -78, -252]	[[-6, 6]]
10	"2840.b1"	2840	[0, 0, 0, -83, 158]	[[11, 24]]
10	"2840.b2"	2840	[0, 0, 0, 17, 18]	[[1, 6]]
8	"2844.b1"	2844	[0, 0, 0, -3711, 86870]	[[22, 126]]
8	"2844.b2"	2844	[0, 0, 0, -156, 2261]	[[-5, 54]]
4	"2847.a2"	2847	[1, 1, 1, -113, -3166]	[[17, 5]]
6	"2848.c1"	2848	[0, 0, 0, -29, -60]	[[47, 320]]
6	"2848.c2"	2848	[0, 0, 0, -19, -102]	[[1174/5, 40032/5]]
12	"2850.a1"	2850	[1, 1, 0, -76000, 8032750]	[[165, 55]]
12	"2850.a2"	2850	[1, 1, 0, -5500, 81250]	[[9, 176]]
12	"2850.a3"	2850	[1, 1, 0, -4750, 124000]	[[45, 40]]
6	"2850.e2"	2850	[1, 1, 0, -82536625, -288649002875]	[[292470172465266602910/120251263, 4352619315608951027501283745385/120251263]]
12	"2850.h1"	2850	[1, 0, 1, -12312001, 16627013648]	[[2026, -994]]
12	"2850.h3"	2850	[1, 0, 1, -769501, 259748648]	[[526, 506]]
8	"2850.i1"	2850	[1, 0, 1, -63951, 6219298]	[[148, -31]]
8	"2850.k1"	2850	[1, 0, 1, -786, 4318]	[[26, 27]]
6	"2850.n1"	2850	[1, 0, 1, -751, -7852]	[[42, 166]]
8	"2850.s1"	2850	[1, 1, 1, -19638, 539781]	[[3959/2, 242859/2]]
8	"2850.t1"	2850	[1, 1, 1, -2558, 48731]	[[5, 187]]
10	"2850.z1"	2850	[1, 0, 0, -496888, -134878108]	[[29984/5, 3867538/5]]
10	"2855.a1"	2855	[0, 1, 1, 85, 681]	[[-5, 12]]
6	"2860.a1"	2860	[0, 1, 0, -1781, 28375]	[[34, 91]]
6	"2860.a2"	2860	[0, 1, 0, 2379, 135079]	[[-14, 315]]
6	"2862.h1"	2862	[1, -1, 1, -5915, -172205]	[[-43, 56]]
10	"2864.c1"	2864	[0, -1, 0, -288, -1792]	[[32, 144]]
10	"2864.c2"	2864	[0, -1, 0, 512, -9600]	[[264, 4296]]
12	"2865.a1"	2865	[0, -1, 1, -11, 17]	[[1, 2]]
6	"2868.c1"	2868	[0, 1, 0, -162, -2331]	[[21, 63]]
12	"2868.d1"	2868	[0, 1, 0, -10, -19]	[[5, 9]]
10	"2869.a1"	2869	[0, -1, 1, -38920, -2941820]	[[-451/2, 147/2]]
10	"2869.a2"	2869	[0, -1, 1, -1110, 14580]	[[69/2, 127/2]]
6	"2869.b1"	2869	[0, 1, 1, -12237, -525128]	[[-3146/7, -162/7]]
6	"2869.b2"	2869	[0, 1, 1, -157, -705]	[[-453/7, 2052/7]]
10	"2871.b1"	2871	[1, -1, 1, -4424, -111990]	[[110, 795]]
10	"2871.b2"	2871	[1, -1, 1, -3119, -180372]	[[479, 10155]]
4	"2874.c1"	2874	[1, 1, 1, -54, -153]	[[9, 9]]
4	"2874.c2"	2874	[1, 1, 1, 6, -9]	[[3, 5]]
8	"2874.e1"	2874	[1, 1, 1, -2582, 49421]	[[215/2, 1891/2]]
8	"2874.e2"	2874	[1, 1, 1, -152, 821]	[[-7, 43]]
12	"2880.b1"	2880	[0, 0, 0, -7788, -264368]	[[-51, 13]]
12	"2880.b3"	2880	[0, 0, 0, -588, -2288]	[[-6, 32]]
10	"2880.f1"	2880	[0, 0, 0, -1488, -22088]	[[78, 580]]
10	"2880.f2"	2880	[0, 0, 0, -1308, -27632]	[[62, 360]]
10	"2880.f3"	2880	[0, 0, 0, -48, 88]	[[6, 4]]
10	"2880.g1"	2880	[0, 0, 0, -108, 368]	[[-2, 24]]
10	"2880.g2"	2880	[0, 0, 0, 12, 32]	[[2, 8]]
8	"2880.i1"	2880	[0, 0, 0, -2028, -34832]	[[-24, 4]]
8	"2880.i2"	2880	[0, 0, 0, -228, 448]	[[-6, 40]]
8	"2880.i3"	2880	[0, 0, 0, -183, 952]	[[12, 22]]
8	"2880.i4"	2880	[0, 0, 0, 852, 3472]	[[2, 72]]
8	"2880.j2"	2880	[0, 0, 0, -228, -448]	[[22, 72]]
8	"2880.j3"	2880	[0, 0, 0, -183, -952]	[[28, 126]]
8	"2880.j4"	2880	[0, 0, 0, 852, -3472]	[[13, 99]]
6	"2880.k1"	2880	[0, 0, 0, -73548, -7677072]	[[334, 2240]]
6	"2880.k2"	2880	[0, 0, 0, -4428, -129168]	[[2724, 142128]]
6	"2880.k3"	2880	[0, 0, 0, -1548, 6128]	[[-2, 96]]
6	"2880.l2"	2880	[0, 0, 0, 12, -32]	[[6, 16]]
6	"2880.n2"	2880	[0, 0, 0, -108, 3888]	[[-2, 64]]
4	"2880.q1"	2880	[0, 0, 0, -3072108, -2072539568]	[[60634256/35, 471846682404/35]]
4	"2880.q3"	2880	[0, 0, 0, -192108, -32347568]	[[12944/5, 330372/5]]
4	"2880.q5"	2880	[0, 0, 0, -39468, -2599472]	[[-99, 581]]
4	"2880.q6"	2880	[0, 0, 0, -10668, 384208]	[[29, 315]]
12	"2880.t1"	2880	[0, 0, 0, -3852, 92016]	[[40, 44]]
12	"2880.t2"	2880	[0, 0, 0, -252, 1296]	[[0, 36]]
12	"2880.t3"	2880	[0, 0, 0, -72, -216]	[[10, 8]]
10	"2880.u2"	2880	[0, 0, 0, -8172, -284336]	[[218, 2880]]
8	"2880.x1"	2880	[0, 0, 0, -115212, 15052016]	[[197, 25]]
8	"2880.x2"	2880	[0, 0, 0, -7212, 234416]	[[-8, 540]]
8	"2880.x3"	2880	[0, 0, 0, -2892, 512624]	[[-2, 720]]
8	"2880.x4"	2880	[0, 0, 0, -732, -1456]	[[-20, 72]]
8	"2880.x5"	2880	[0, 0, 0, -552, -4984]	[[50, 304]]
8	"2880.x6"	2880	[0, 0, 0, 2868, -11536]	[[20, 232]]
8	"2880.y1"	2880	[0, 0, 0, -1244172, 534156784]	[[1085, 21483]]
8	"2880.y2"	2880	[0, 0, 0, -77772, 8343664]	[[168, 140]]
8	"2880.y3"	2880	[0, 0, 0, -63372, 11528944]	[[-120, 4172]]
8	"2880.y4"	2880	[0, 0, 0, -46092, -3808784]	[[276, 2120]]
8	"2880.y5"	2880	[0, 0, 0, -5772, 78064]	[[8, 180]]
8	"2880.y6"	2880	[0, 0, 0, -2892, -59024]	[[116, 1080]]
8	"2880.z1"	2880	[0, 0, 0, -5772, -168784]	[[100, 504]]
8	"2880.z3"	2880	[0, 0, 0, -372, -2464]	[[-10, 16]]
8	"2880.z4"	2880	[0, 0, 0, 33, -196]	[[20, 92]]
8	"2880.ba1"	2880	[0, 0, 0, -5772, 168784]	[[45, 13]]
8	"2880.ba3"	2880	[0, 0, 0, -372, 2464]	[[5, 27]]
8	"2880.ba4"	2880	[0, 0, 0, 33, 196]	[[0, 14]]
6	"2886.b1"	2886	[1, 1, 1, -1034, -13225]	[[-19, 7]]
6	"2886.b2"	2886	[1, 1, 1, -74, -169]	[[-3, 7]]
8	"2888.c1"	2888	[0, -1, 0, -424, -3223]	[[-104/3, 1/3]]
8	"2888.e1"	2888	[0, 1, 0, -153184, 23025409]	[[120, 2527]]
6	"2890.f2"	2890	[1, -1, 0, -20, -4]	[[-2, 6]]
9	"2890.p2"	2890	[1, 0, 0, 86694, -5435464]	[[423004/9, 273651292/9]]
10	"2892.b1"	2892	[0, 1, 0, 3, 63]	[[-3, 6]]
8	"2894.a1"	2894	[1, -1, 0, -26, -44]	[[-3, 2]]
8	"2895.b1"	2895	[1, 0, 0, -90776, -10531995]	[[2188, 100231]]
8	"2895.b2"	2895	[1, 0, 0, -6401, -120120]	[[-56, 280]]
8	"2895.b3"	2895	[1, 0, 0, -2756, 54111]	[[25, 19]]
8	"2895.b4"	2895	[1, 0, 0, 19654, -844449]	[[355/2, 9767/2]]
9	"2895.d1"	2895	[0, 1, 1, -5211, -2267509]	[[2072317/66, 2919778127/66]]
9	"2895.d3"	2895	[0, 1, 1, 579, 83810]	[[-99/2, 1871/2]]
4	"2896.a1"	2896	[0, 1, 0, 96, -268]	[[4, 14]]
8	"2900.c1"	2900	[0, 0, 0, -200, -875]	[[-9, 14]]
8	"2900.c2"	2900	[0, 0, 0, 425, -5250]	[[89/2, 987/2]]
8	"2902.a1"	2902	[1, 1, 1, -23, -51]	[[-3, 2]]
12	"2904.a1"	2904	[0, -1, 0, -164600, -720564]	[[-651/2, 37293/2]]
8	"2904.g1"	2904	[0, -1, 0, -57152, -5239188]	[[-124811/30, 472787/30]]
8	"2904.g2"	2904	[0, -1, 0, -3912, -64260]	[[3249, 185130]]
8	"2904.g4"	2904	[0, -1, 0, 10608, -441780]	[[29233/3, 4999870/3]]
6	"2904.h1"	2904	[0, -1, 0, -172, -812]	[[18, 40]]
10	"2904.j2"	2904	[0, 1, 0, 136, -1344]	[[16, 72]]
6	"2907.a2"	2907	[1, -1, 1, -86, 20]	[[0, 4]]
6	"2910.b1"	2910	[1, 1, 0, -82, -74]	[[-3, 14]]
10	"2910.d1"	2910	[1, 0, 1, -39, -38]	[[-4, 9]]
10	"2910.d2"	2910	[1, 0, 1, 141, -254]	[[8, 33]]
8	"2910.e1"	2910	[1, 0, 1, -82789, -9175504]	[[340, 1247]]
8	"2910.e3"	2910	[1, 0, 1, -5189, -142864]	[[-42, 58]]
8	"2910.e4"	2910	[1, 0, 1, -69, -5648]	[[44, 255]]
8	"2910.g1"	2910	[1, 1, 1, -9796, -376771]	[[159, 1375]]
8	"2910.g2"	2910	[1, 1, 1, -796, -2371]	[[-7, 57]]
8	"2910.g4"	2910	[1, 1, 1, 3084, -14787]	[[187, 2579]]
12	"2910.k2"	2910	[1, 0, 0, 3345, 42777]	[[-6, 153]]
8	"2914.a1"	2914	[1, 1, 0, 4, 16]	[[0, 4]]
4	"2914.b1"	2914	[1, 0, 1, 2539853, 28642080334]	[[3935663/7, 7795756912/7]]
9	"2914.c2"	2914	[1, 0, 1, -47, -8]	[[-35/4, 627/4]]
9	"2914.f2"	2914	[1, 0, 0, -652, 5776]	[[0, 76]]
12	"2915.a1"	2915	[1, -1, 1, -7237, 238474]	[[52, 1]]
12	"2915.a2"	2915	[1, -1, 1, -582, 1556]	[[-14, 89]]
10	"2922.b1"	2922	[1, 0, 1, -16, -4]	[[-2, 5]]
10	"2922.f1"	2922	[1, 1, 1, -63, 165]	[[3, 2]]
10	"2922.h1"	2922	[1, 1, 1, -1272, -17991]	[[-21, 9]]
8	"2924.b1"	2924	[0, 1, 0, 3, -4]	[[1, 1]]
4	"2925.f1"	2925	[1, -1, 1, -230, -228]	[[24, 75]]
10	"2925.r1"	2925	[0, 0, 1, -114375, 14888281]	[[209/2, 24069/2]]
6	"2928.f1"	2928	[0, -1, 0, -8240, 364608]	[[144, 1464]]
6	"2928.f2"	2928	[0, -1, 0, -80, -2112]	[[24, 96]]
12	"2928.i2"	2928	[0, 1, 0, 61, 0]	[[4, 18]]
8	"2928.k1"	2928	[0, 1, 0, -316224, -68550300]	[[2925/2, 76635/2]]
8	"2928.k3"	2928	[0, 1, 0, -19764, -1076004]	[[594, 14040]]
8	"2928.k4"	2928	[0, 1, 0, -1159, -19240]	[[284, 4758]]
10	"2928.l1"	2928	[0, 1, 0, -113536, 14690996]	[[170, 576]]
10	"2928.o2"	2928	[0, 1, 0, 28, -120]	[[37/2, 255/2]]
12	"2929.a1"	2929	[0, 0, 1, -11, -1]	[[-7/2, 25/2]]
8	"2930.b1"	2930	[1, -1, 0, -25, 45]	[[1, 4]]
6	"2934.a1"	2934	[1, -1, 0, -138, -580]	[[-7, 6]]
6	"2934.a2"	2934	[1, -1, 0, -18, 20]	[[1, 1]]
9	"2934.b2"	2934	[1, -1, 0, 243, 6399]	[[-9, 63]]
12	"2937.b1"	2937	[1, 0, 0, -2, -3]	[[3, 3]]
8	"2938.e1"	2938	[1, -1, 1, -4440, 114971]	[[39, -17]]
8	"2938.e2"	2938	[1, -1, 1, -280, 1819]	[[7, 9]]
8	"2944.a1"	2944	[0, 1, 0, -125, -581]	[[25, 112]]
8	"2944.a2"	2944	[0, 1, 0, -10, -6]	[[-1, 2]]
6	"2948.a1"	2948	[0, 0, 0, -80, -284]	[[12, 22]]
9	"2950.k2"	2950	[1, 0, 0, 1112, -12858]	[[399/2, 7965/2]]
12	"2950.q1"	2950	[1, 0, 0, -1613, 105617]	[[32, 279]]
12	"2950.q2"	2950	[1, 0, 0, 14387, -2713583]	[[3424/3, 200243/3]]
10	"2952.b2"	2952	[0, 0, 0, 69, -1690]	[[11, 20]]
9	"2955.b1"	2955	[0, 1, 1, -389715, -93771619]	[[-1443/2, -1/2]]
9	"2955.b2"	2955	[0, 1, 1, -4965, -121444]	[[-30, 37]]
6	"2959.a1"	2959	[0, 0, 1, -1642, 25614]	[[38, 134]]
10	"2960.l1"	2960	[0, -1, 0, -60, -160]	[[133/3, 1196/3]]
8	"2964.b1"	2964	[0, -1, 0, -1308, 18648]	[[22, 6]]
8	"2964.b2"	2964	[0, -1, 0, -73, 370]	[[3, 13]]
10	"2964.c1"	2964	[0, -1, 0, 398, -3647]	[[16, 81]]
6	"2964.d1"	2964	[0, -1, 0, -242, 1533]	[[11, 9]]
9	"2964.e1"	2964	[0, 1, 0, -3957, 99639]	[[33, 78]]
12	"2964.f1"	2964	[0, 1, 0, -18, 81]	[[9, 27]]
9	"2970.f2"	2970	[1, -1, 0, 1335, -64819]	[[98, 951]]
6	"2970.g1"	2970	[1, -1, 0, -3292530, -2314599724]	[[1504436/5, 1840651326/5]]
9	"2970.j1"	2970	[1, -1, 0, -17211084, -27210609712]	[[-9817/2, 134367/2]]
6	"2970.m1"	2970	[1, -1, 0, -609, -14275]	[[50, 255]]
9	"2970.q1"	2970	[1, -1, 1, -31268, -2119769]	[[-103, 61]]
9	"2970.q2"	2970	[1, -1, 1, -1028, 9127]	[[5, 61]]
9	"2970.s1"	2970	[1, -1, 1, -1028, -12419]	[[-653/6, 2291/6]]
9	"2970.bc1"	2970	[1, -1, 1, -17, -91]	[[7, 6]]
9	"2970.bc2"	2970	[1, -1, 1, 148, 2351]	[[-9, 19]]
12	"2976.e1"	2976	[0, 1, 0, -129, -369]	[[-9, 12]]
12	"2976.e2"	2976	[0, 1, 0, 26, -28]	[[2, 6]]
9	"2979.c1"	2979	[1, -1, 0, -6, 9]	[[0, 3]]
12	"2990.a1"	2990	[1, -1, 0, -4910, 133660]	[[43, 4]]
12	"2990.a2"	2990	[1, -1, 0, -830, -6324]	[[33, 21]]
12	"2990.a3"	2990	[1, -1, 0, -310, 2100]	[[3, 33]]
12	"2990.a4"	2990	[1, -1, 0, 10, 116]	[[5, 14]]
9	"2990.c2"	2990	[1, 0, 1, -278, 1756]	[[7, 9]]
6	"2992.b1"	2992	[0, -1, 0, -2265, -41531]	[[60, 187]]
6	"2992.e2"	2992	[0, 0, 0, 2045, 4098]	[[97, 1056]]
10	"2992.g1"	2992	[0, 0, 0, -683, -6870]	[[35, 110]]
10	"2992.i1"	2992	[0, 1, 0, -1, 43]	[[6, 17]]
12	"2993.a1"	2993	[1, -1, 0, -4, 109]	[[12, 35]]
12	"3006.d1"	3006	[1, -1, 1, -1121, 14681]	[[21, -2]]
12	"3006.d2"	3006	[1, -1, 1, -41, 425]	[[3, 16]]
8	"3006.e1"	3006	[1, -1, 1, -7745, 264255]	[[239/2, 639/2]]
8	"3006.e2"	3006	[1, -1, 1, -455, 4731]	[[-1, 72]]
8	"3008.a1"	3008	[0, 0, 0, -620, -5712]	[[38, 160]]
8	"3008.a2"	3008	[0, 0, 0, 20, -336]	[[56, 420]]
8	"3008.b1"	3008	[0, 0, 0, -620, 5712]	[[-6, 96]]
8	"3008.b2"	3008	[0, 0, 0, 20, 336]	[[12, 48]]
8	"3014.a1"	3014	[1, -1, 0, -1922392, 1026394944]	[[39579/7, -20922/7]]
8	"3014.a2"	3014	[1, -1, 0, -120152, 16059200]	[[139, 1355]]
6	"3016.c1"	3016	[0, -1, 0, -124, -492]	[[622/3, 15184/3]]
6	"3016.c2"	3016	[0, -1, 0, -104, -676]	[[274, 4524]]
9	"3018.e1"	3018	[1, 0, 0, -50542, -4377676]	[[-130, 68]]
9	"3018.e2"	3018	[1, 0, 0, -862, -1084]	[[-4, 50]]
10	"3026.c1"	3026	[1, 1, 1, -59665, -5634447]	[[673758696859/13110, 547610205017802607/13110]]
12	"3026.d1"	3026	[1, 0, 0, -45, 113]	[[4, -1]]
10	"3026.e2"	3026	[1, 1, 1, -119, 445]	[[5, 0]]
8	"3030.e1"	3030	[1, 1, 0, -3232, -72086]	[[123, 1126]]
8	"3030.e2"	3030	[1, 1, 0, -202, -1184]	[[-9, 7]]
8	"3030.e3"	3030	[1, 1, 0, -52, -2714]	[[21, 67]]
8	"3030.e4"	3030	[1, 1, 0, -22, 4]	[[0, 2]]
8	"3030.h1"	3030	[1, 0, 1, -9, -8]	[[5, 6]]
8	"3030.h2"	3030	[1, 0, 1, 21, -44]	[[4, 8]]
12	"3030.k1"	3030	[1, 0, 1, -36237508, -82514558782]	[[-90257901/154, 67872569395/154]]
12	"3030.k2"	3030	[1, 0, 1, -4780228, 2092941506]	[[1755/2, 69851/2]]
12	"3030.k3"	3030	[1, 0, 1, -4128133, 3179409968]	[[-2286, 27055]]
12	"3030.k4"	3030	[1, 0, 1, -4110853, 3207742256]	[[1170, -593]]
9	"3030.l1"	3030	[1, 0, 1, -68, -1534]	[[17, 39]]
8	"3030.p1"	3030	[1, 1, 1, -161796, -25094907]	[[-231, 257]]
8	"3030.p2"	3030	[1, 1, 1, -122916, -37412091]	[[1713, 68297]]
12	"3030.q1"	3030	[1, 1, 1, -775, -6115]	[[-17, 58]]
12	"3030.q2"	3030	[1, 1, 1, -295, 1757]	[[7, 6]]
9	"3030.r1"	3030	[1, 0, 0, -71, 225]	[[0, 15]]
9	"3030.r2"	3030	[1, 0, 0, 139, 1191]	[[51/2, 519/2]]
9	"3030.s1"	3030	[1, 0, 0, -224331, -56425455]	[[1368, 46191]]
9	"3030.s2"	3030	[1, 0, 0, 21909, 995121]	[[-24, 687]]
8	"3036.a2"	3036	[0, -1, 0, -10205, -393414]	[[134, 792]]
12	"3036.d2"	3036	[0, -1, 0, -93, -306]	[[-5, 3]]
8	"3036.f2"	3036	[0, 1, 0, -165, -396]	[[-3, 9]]
10	"3040.b1"	3040	[0, 0, 0, -268, -192]	[[-12, 36]]
6	"3042.b1"	3042	[1, -1, 0, -96108, -11437516]	[[-182, 64]]
6	"3042.b2"	3042	[1, -1, 0, -4848, -249040]	[[92, 232]]
6	"3042.c2"	3042	[1, -1, 0, -6747948, -6749406000]	[[2547569664376/8579, 4043432938769613772/8579]]
6	"3042.c4"	3042	[1, -1, 0, 73737, 3172365]	[[22, 2181]]
10	"3044.b1"	3044	[0, -1, 0, -26, -43]	[[-11/2, 3/2]]
6	"3047.a1"	3047	[0, -1, 1, 498, -11640]	[[97, 969]]
9	"3047.b1"	3047	[1, 1, 0, -5, 2]	[[-2, 4]]
10	"3048.a1"	3048	[0, -1, 0, -81, 309]	[[5, 2]]
8	"3050.h1"	3050	[1, -1, 1, -68605, -6881103]	[[3579, 211710]]
8	"3050.h2"	3050	[1, -1, 1, -6105, -6103]	[[-65, 368]]
8	"3050.h3"	3050	[1, -1, 1, -4105, 101897]	[[35, -4]]
8	"3050.h4"	3050	[1, -1, 1, 24395, -67103]	[[485/4, 52527/4]]
12	"3050.j1"	3050	[1, 1, 1, -109233, -13941169]	[[495, 7072]]
12	"3050.j2"	3050	[1, 1, 1, -6833, -219569]	[[-49, 0]]
6	"3055.b1"	3055	[0, 1, 1, -455, -5366]	[[26, 32]]
6	"3055.b2"	3055	[0, 1, 1, 45, 109]	[[79/3, 944/3]]
9	"3060.d2"	3060	[0, 0, 0, 567, 155493]	[[12, 405]]
9	"3060.i1"	3060	[0, 0, 0, -22437, -1293759]	[[192, 1215]]
9	"3060.i2"	3060	[0, 0, 0, 63, -5759]	[[17, 15]]
9	"3060.l1"	3060	[0, 0, 0, -57, -299]	[[20, 81]]
9	"3060.l2"	3060	[0, 0, 0, 483, 5749]	[[-7, 45]]
6	"3071.a1"	3071	[1, 1, 1, -26, 40]	[[2, 0]]
10	"3075.b1"	3075	[0, 1, 1, -16198, 788134]	[[-16, 1021]]
10	"3075.b2"	3075	[0, 1, 1, 74792, 2979994]	[[44, 2521]]
10	"3075.d1"	3075	[0, -1, 1, -143, -622]	[[16, 30]]
10	"3075.d2"	3075	[0, -1, 1, 7, -7]	[[1, 0]]
9	"3075.g2"	3075	[0, 1, 1, -1983, 146894]	[[-1931/6, 68813/6]]
6	"3075.h1"	3075	[0, 1, 1, -3583, -84881]	[[70597/14, 18504611/14]]
6	"3075.h2"	3075	[0, 1, 1, 167, -506]	[[358, 6787]]
6	"3075.l1"	3075	[0, -1, 1, -404958, 99326693]	[[1493/2, 1521/2]]
6	"3075.l2"	3075	[0, -1, 1, 2992, 22643]	[[373/2, 8401/2]]
10	"3081.b1"	3081	[1, 0, 1, -55, 89]	[[1, 5]]
10	"3081.b2"	3081	[1, 0, 1, 10, 11]	[[15, 52]]
12	"3084.c1"	3084	[0, 1, 0, -1018, -12619]	[[-19, 15]]
8	"3088.a1"	3088	[0, 0, 0, -107, -70]	[[-1, 6]]
8	"3088.a2"	3088	[0, 0, 0, -67, 210]	[[3, 6]]
8	"3090.a1"	3090	[1, 1, 0, -87893, 9992973]	[[177, 54]]
8	"3090.a2"	3090	[1, 1, 0, -5493, 154413]	[[39, 18]]
8	"3090.a3"	3090	[1, 1, 0, -5013, 183117]	[[71, 402]]
8	"3090.a4"	3090	[1, 1, 0, -373, 1837]	[[3, 26]]
12	"3090.b1"	3090	[1, 0, 1, -135709, -19253704]	[[60565/4, 14710943/4]]
9	"3090.c1"	3090	[1, 0, 1, -9784, -711418]	[[8401/3, 752825/3]]
9	"3090.c3"	3090	[1, 0, 1, 1031, 19676]	[[-5, 122]]
6	"3090.d2"	3090	[1, 0, 1, 211006, -43619308]	[[7419/2, 648827/2]]
6	"3090.g1"	3090	[1, 1, 1, -3045361, -2070744817]	[[2431, 68784]]
10	"3091.a1"	3091	[0, 1, 1, 0, -3]	[[5/2, 3/2]]
4	"3096.b2"	3096	[0, 0, 0, 189, -9234]	[[43, 280]]
9	"3096.d1"	3096	[0, 0, 0, 213, 758]	[[19, 108]]
10	"3096.e1"	3096	[0, 0, 0, 36, -108]	[[6, 18]]
6	"3096.f1"	3096	[0, 0, 0, -1539, -19170]	[[-95/2, 505/2]]
8	"3099.b1"	3099	[1, 1, 0, -20, 27]	[[-2, 9]]
8	"3099.b2"	3099	[1, 1, 0, -5, 84]	[[-5/2, 81/2]]
8	"3102.d2"	3102	[1, 0, 1, 82, 272]	[[0, 16]]
6	"3102.g1"	3102	[1, 0, 1, -295433926, -1955090784616]	[[53524472691322034147752371/11864341946, 390862672079902830019400341958519422619/11864341946]]
10	"3106.a1"	3106	[1, 0, 0, -27, -47]	[[6, 1]]
10	"3106.a2"	3106	[1, 0, 0, 53, -255]	[[4, 3]]
12	"3106.b1"	3106	[1, 1, 1, -43, 7]	[[-5/6, 691/6]]
12	"3106.b2"	3106	[1, 1, 1, -33, 59]	[[3/2, 41/2]]
12	"3114.b1"	3114	[1, -1, 0, -30951, -2099331]	[[3525/4, 77343/4]]
9	"3116.a1"	3116	[0, 0, 0, -56, 212]	[[13, 41]]
8	"3118.a1"	3118	[1, 1, 0, -22, 32]	[[2, 0]]
8	"3118.d1"	3118	[1, 1, 1, -1116, 13885]	[[19, -9]]
10	"3120.b1"	3120	[0, -1, 0, -19136, 973440]	[[104, 312]]
10	"3120.b4"	3120	[0, -1, 0, 864, 61440]	[[-16, 208]]
8	"3120.c2"	3120	[0, -1, 0, -4896, -128304]	[[-40, 44]]
8	"3120.c3"	3120	[0, -1, 0, -4876, -129440]	[[81, 22]]
8	"3120.c4"	3120	[0, -1, 0, -216, -367920]	[[194, 2618]]
12	"3120.i1"	3120	[0, -1, 0, -561600, 162177552]	[[449, 580]]
12	"3120.i2"	3120	[0, -1, 0, -35100, 2542752]	[[104, 80]]
12	"3120.i3"	3120	[0, -1, 0, -33480, 2786400]	[[45, 1170]]
12	"3120.i4"	3120	[0, -1, 0, -2295, 36450]	[[10, 120]]
6	"3120.l2"	3120	[0, -1, 0, 0, -48]	[[8, 20]]
8	"3120.p1"	3120	[0, 1, 0, -5816, -172620]	[[-44, 6]]
8	"3120.p2"	3120	[0, 1, 0, -3016, 61460]	[[26, 36]]
8	"3120.p3"	3120	[0, 1, 0, -416, -1980]	[[-8, 30]]
8	"3120.p4"	3120	[0, 1, 0, 84, -180]	[[6, 24]]
8	"3120.q1"	3120	[0, 1, 0, -7736, 259284]	[[52, 18]]
8	"3120.q2"	3120	[0, 1, 0, -536, 2964]	[[4, 30]]
8	"3120.q3"	3120	[0, 1, 0, -216, -1260]	[[-9, 6]]
8	"3120.q4"	3120	[0, 1, 0, 1544, 22100]	[[14, 216]]
8	"3120.r1"	3120	[0, 1, 0, -7696, -261820]	[[-49, 6]]
8	"3120.r3"	3120	[0, 1, 0, -676, -676]	[[-13, 78]]
8	"3120.r4"	3120	[0, 1, 0, 169, 0]	[[52, 390]]
8	"3120.w2"	3120	[0, 1, 0, -13520, -609132]	[[156, 1050]]
8	"3120.w3"	3120	[0, 1, 0, -9040, 324500]	[[34, 240]]
8	"3120.w4"	3120	[0, 1, 0, -1840, 834260]	[[124, 1590]]
8	"3120.w5"	3120	[0, 1, 0, -1040, -5100]	[[-20, 90]]
8	"3120.w6"	3120	[0, 1, 0, 240, -492]	[[11, 60]]
10	"3123.a1"	3123	[0, 0, 1, 15, 9]	[[9/2, 55/2]]
12	"3128.a1"	3128	[0, 1, 0, -3040, -62496]	[[-29, 46]]
12	"3128.a2"	3128	[0, 1, 0, -3000, -64256]	[[96, 736]]
9	"3130.b1"	3130	[1, 0, 1, -56153, -5266244]	[[640, 14547]]
9	"3130.b2"	3130	[1, 0, 1, 3222, -26244]	[[130/3, 3919/3]]
10	"3134.b1"	3134	[1, 1, 0, -964, 10448]	[[104, 972]]
12	"3135.b1"	3135	[1, 1, 1, -526, 4424]	[[8, 24]]
12	"3135.b2"	3135	[1, 1, 1, -31, 68]	[[2, 3]]
8	"3135.c1"	3135	[1, 1, 1, -5710, 163382]	[[51, 64]]
8	"3135.c2"	3135	[1, 1, 1, -4940, -135070]	[[-42, 43]]
8	"3135.c3"	3135	[1, 1, 1, -485, 362]	[[-4, 49]]
8	"3135.c4"	3135	[1, 1, 1, 120, 120]	[[24, 120]]
8	"3135.e1"	3135	[1, 0, 0, -29185, -1920790]	[[1363/2, 40763/2]]
8	"3135.e2"	3135	[1, 0, 0, -2110, -20125]	[[70, 385]]
8	"3135.e3"	3135	[1, 0, 0, -985, 11600]	[[25, 40]]
8	"3135.e4"	3135	[1, 0, 0, -980, 11727]	[[82, 655]]
8	"3135.e5"	3135	[1, 0, 0, 60, 35217]	[[69, 573]]
8	"3135.e6"	3135	[1, 0, 0, 6965, -145360]	[[757/4, 32989/4]]
10	"3135.h1"	3135	[0, 1, 1, 14, -59]	[[13/2, 41/2]]
9	"3138.d1"	3138	[1, 0, 1, -278381, -56556760]	[[-42612961/374, 8006516835/374]]
9	"3138.d2"	3138	[1, 0, 1, -3806, -60208]	[[-153/2, 1529/2]]
9	"3140.b1"	3140	[0, 1, 0, -28146, 1729429]	[[77, 157]]
9	"3140.b2"	3140	[0, 1, 0, -27806, 1775425]	[[54, 659]]
6	"3146.g1"	3146	[1, 0, 1, -579956, -148279694]	[[-959159/45, 431201051/45]]
6	"3146.g2"	3146	[1, 0, 1, -147381, 21739584]	[[-333, 5990]]
10	"3146.l1"	3146	[1, 1, 1, -16277, -789381]	[[-71, 156]]
10	"3146.o1"	3146	[1, 0, 0, -4793, 110969]	[[26, 51]]
10	"3146.o2"	3146	[1, 0, 0, -1218, -16444]	[[-20, 6]]
9	"3155.a1"	3155	[0, 1, 1, -702775, -226997616]	[[632178918294143557/23688678, 269924495074018983501791363/23688678]]
9	"3155.a2"	3155	[0, 1, 1, -8675, -314021]	[[2498029/78, 3840750809/78]]
9	"3155.a3"	3155	[0, 1, 1, 75, -1646]	[[406, 8192]]
10	"3160.a2"	3160	[0, 1, 0, -620, -22400]	[[60, 400]]
10	"3160.c1"	3160	[0, 0, 0, -187, -906]	[[145/2, 1599/2]]
10	"3160.c2"	3160	[0, 0, 0, 13, -66]	[[35, 208]]
8	"3165.a1"	3165	[1, 1, 1, -3798000, 2847339492]	[[1167, 1886]]
8	"3165.a2"	3165	[1, 1, 1, -238430, 43999400]	[[218, 1453]]
8	"3165.a3"	3165	[1, 1, 1, -237375, 44415492]	[[112, 4331]]
8	"3165.a4"	3165	[1, 1, 1, -14770, 695870]	[[28, 538]]
12	"3166.a1"	3166	[1, 0, 0, -15, -7]	[[-2, 5]]
12	"3168.b2"	3168	[0, 0, 0, 189, -1350]	[[22, 116]]
8	"3168.d2"	3168	[0, 0, 0, -11691, -527310]	[[3177/2, 177309/2]]
10	"3168.k1"	3168	[0, 0, 0, -540, -864]	[[-3, 27]]
10	"3168.l2"	3168	[0, 0, 0, -45, 116]	[[5, 4]]
6	"3168.n1"	3168	[0, 0, 0, -60, -32]	[[-4, 12]]
6	"3168.p1"	3168	[0, 0, 0, -540, 864]	[[-2, 44]]
6	"3168.p2"	3168	[0, 0, 0, -405, 3132]	[[13, 8]]
12	"3168.q2"	3168	[0, 0, 0, 21, 50]	[[2, 10]]
10	"3168.r1"	3168	[0, 0, 0, -1164, -14528]	[[-19, 27]]
8	"3168.s1"	3168	[0, 0, 0, -4764, 126560]	[[38, 20]]
8	"3168.s2"	3168	[0, 0, 0, -1299, -16198]	[[-79/2, 335/2]]
8	"3168.s3"	3168	[0, 0, 0, -309, 1820]	[[5, 20]]
8	"3168.t2"	3168	[0, 0, 0, -1299, 19530]	[[22, 40]]
8	"3168.u1"	3168	[0, 0, 0, -4764, -126560]	[[1385/4, 21195/4]]
8	"3168.u2"	3168	[0, 0, 0, -1299, 16198]	[[29, 54]]
8	"3168.u3"	3168	[0, 0, 0, -309, -1820]	[[68, 540]]
4	"3172.a2"	3172	[0, 0, 0, 49, -106]	[[11, 42]]
6	"3172.b1"	3172	[0, 0, 0, -122524, 16501677]	[[3651/7, 957090/7]]
6	"3172.b2"	3172	[0, 0, 0, -103919, 21685030]	[[511561/70, 1186887309/70]]
10	"3174.d2"	3174	[1, 0, 1, -304451, -64683358]	[[872, 17814]]
10	"3174.d3"	3174	[1, 0, 1, -18791, -1038310]	[[251, 3048]]
8	"3174.e1"	3174	[1, 1, 1, -130674, -18233199]	[[33604939/182, 177260259847/182]]
8	"3174.e2"	3174	[1, 1, 1, -56614, 4992017]	[[-201/2, 22415/2]]
8	"3174.e3"	3174	[1, 1, 1, -9004, -226039]	[[6497/7, 308433/7]]
8	"3174.e4"	3174	[1, 1, 1, 1576, -22903]	[[111, 1183]]
6	"3179.a1"	3179	[0, 1, 1, -2260076, -1308527588]	[[298301765/86, 5148525445821/86]]
6	"3179.a2"	3179	[0, 1, 1, -2986, -114768]	[[333/2, 3753/2]]
6	"3179.a3"	3179	[0, 1, 1, -96, 832]	[[28, 144]]
10	"3179.b1"	3179	[0, -1, 1, -28707, -4272975]	[[1197/2, 29763/2]]
10	"3179.b2"	3179	[0, -1, 1, 3083, 129940]	[[-28, 144]]
6	"3179.e1"	3179	[0, 0, 1, 17, -13]	[[25/2, 143/2]]
8	"3184.b1"	3184	[0, 1, 0, -4, 3]	[[1, 1]]
11	"3186.i1"	3186	[1, -1, 0, -966, -11318]	[[-867/7, 3037/7]]
6	"3190.b1"	3190	[1, 0, 1, -103638, -12716824]	[[-1667/3, 12343/3]]
6	"3190.b3"	3190	[1, 0, 1, -1238, -510744]	[[3565/4, 198113/4]]
10	"3195.a1"	3195	[1, -1, 1, -2147, 38814]	[[29, 3]]
10	"3195.a2"	3195	[1, -1, 1, -122, 744]	[[2, 21]]
9	"3195.b1"	3195	[0, 0, 1, -858, 9828]	[[-16, 139]]
9	"3195.b2"	3195	[0, 0, 1, 42, 63]	[[-1, 4]]
4	"3195.d1"	3195	[1, -1, 0, -17055, -853034]	[[462875/38, 273891163/38]]
4	"3195.d3"	3195	[1, -1, 0, -1080, -12749]	[[1235/2, 41857/2]]
10	"3198.c1"	3198	[1, 0, 1, -34, 68]	[[1, 5]]
12	"3200.e1"	3200	[0, 1, 0, -233, -1337]	[[-11, 4]]
8	"3200.f1"	3200	[0, 1, 0, -1658, 25438]	[[19, 34]]
4	"3200.h1"	3200	[0, 1, 0, -58, 138]	[[-1, 14]]
8	"3200.q1"	3200	[0, 1, 0, 7, 23]	[[-1, 4]]
12	"3200.u1"	3200	[0, -1, 0, -58, -138]	[[-111/5, 438/5]]
8	"3200.v1"	3200	[0, -1, 0, -1658, -25438]	[[648037/66, 497820475/66]]
8	"3200.w1"	3200	[0, -1, 0, -6633, 210137]	[[11, 372]]
6	"3201.a2"	3201	[1, 1, 1, -33, 54]	[[2, 0]]
12	"3201.b1"	3201	[1, 0, 0, -4754, 125769]	[[40, -17]]
6	"3201.c1"	3201	[1, 0, 0, -178, 899]	[[10, 7]]
6	"3202.a1"	3202	[1, -1, 1, -31, 71]	[[5, 2]]
6	"3202.a2"	3202	[1, -1, 1, 9, 215]	[[1, 14]]
8	"3204.b1"	3204	[0, 0, 0, 33, 182]	[[2, 16]]
8	"3205.b1"	3205	[1, -1, 1, -11557, 50364]	[[-78, 726]]
8	"3205.b2"	3205	[1, -1, 1, -8352, 295226]	[[46, 59]]
8	"3205.b3"	3205	[1, -1, 1, -8347, 295594]	[[43/2, 3593/2]]
8	"3205.b4"	3205	[1, -1, 1, -5227, 516476]	[[171, 2059]]
10	"3210.c2"	3210	[1, 1, 1, -275, -9133]	[[103/2, 223/2]]
8	"3210.e1"	3210	[1, 1, 1, -34240, -2452915]	[[705, 17659]]
8	"3210.e2"	3210	[1, 1, 1, -2140, -38995]	[[63, 253]]
8	"3210.e3"	3210	[1, 1, 1, -2040, -42675]	[[565/3, 6853/3]]
12	"3210.f2"	3210	[1, 0, 0, 126790, 5168100]	[[-20, 1630]]
10	"3210.g1"	3210	[1, 0, 0, -755, 1017]	[[-8, 85]]
12	"3212.a1"	3212	[0, 0, 0, -16, -188]	[[28, 146]]
8	"3216.e1"	3216	[0, -1, 0, -22872, -1323792]	[[21234/5, 3039498/5]]
8	"3216.e2"	3216	[0, -1, 0, -1432, -20240]	[[844, 24480]]
8	"3216.e3"	3216	[0, -1, 0, -472, -47888]	[[7594/3, 661130/3]]
6	"3222.a1"	3222	[1, -1, 0, -162, -756]	[[15, -3]]
6	"3222.a2"	3222	[1, -1, 0, 288, -4050]	[[513/7, 99/7]]
6	"3222.e1"	3222	[1, -1, 1, -77, -75]	[[-7, 12]]
6	"3222.e2"	3222	[1, -1, 1, 283, -795]	[[5, 24]]
10	"3222.g1"	3222	[1, -1, 1, 490, -4827]	[[41, 267]]
12	"3222.j1"	3222	[1, -1, 1, -52664, -4453905]	[[-3699/5, 45111/5]]
12	"3222.j2"	3222	[1, -1, 1, -8924, 235023]	[[27, 101]]
12	"3222.j4"	3222	[1, -1, 1, 23296, 1523823]	[[3249, 183755]]
12	"3225.c1"	3225	[1, 0, 0, -563, 4992]	[[7, 34]]
12	"3225.c2"	3225	[1, 0, 0, 62, 15617]	[[-13, 119]]
10	"3225.e1"	3225	[0, -1, 1, -55833, -5060932]	[[1908, 82648]]
10	"3225.e2"	3225	[0, -1, 1, 417, -26557]	[[33, 148]]
9	"3229.a1"	3229	[1, 1, 1, -9, -14]	[[-2, 1]]
6	"3230.a1"	3230	[1, -1, 0, -1630, -24924]	[[-23, 13]]
6	"3230.a2"	3230	[1, -1, 0, -110, -300]	[[-7, 13]]
10	"3230.d1"	3230	[1, -1, 1, -89913, -1212583]	[[463, 7268]]
10	"3230.d2"	3230	[1, -1, 1, -65593, -6436519]	[[-145, 172]]
10	"3231.b1"	3231	[1, -1, 1, -1229, 16706]	[[18, 4]]
10	"3232.b1"	3232	[0, 1, 0, -29, 43]	[[1, 4]]
10	"3232.c2"	3232	[0, -1, 0, -129, 689]	[[5, 12]]
12	"3238.c1"	3238	[1, 0, 0, 109, -223]	[[14, 57]]
10	"3240.a1"	3240	[0, 0, 0, -108, -108]	[[-6, 18]]
8	"3245.a2"	3245	[1, 0, 0, 9, -104]	[[5, 6]]
10	"3245.b1"	3245	[1, -1, 0, 11, -2]	[[2, 4]]
4	"3245.c2"	3245	[1, 0, 1, -19, -39]	[[129/5, 7/5]]
5	"3249.a1"	3249	[0, 0, 1, -14264193, -20735753270]	[[879985/14, 207599981/14]]
9	"3249.d1"	3249	[0, 0, 1, -2499564, -1521053555]	[[386593/14, 95931851/14]]
9	"3249.d2"	3249	[0, 0, 1, -30324, -2162300]	[[817/2, 3245/2]]
7	"3249.f1"	3249	[1, -1, 0, -5967, -175932]	[[4512/7, 60150/7]]
8	"3249.g1"	3249	[1, -1, 0, -329841, 72994702]	[[2, 8504]]
8	"3249.g2"	3249	[1, -1, 0, -21186, 1078087]	[[-34/7, 358679/7]]
8	"3249.g3"	3249	[1, -1, 0, -4941, -114296]	[[4856/5, 299764/5]]
8	"3249.g4"	3249	[1, -1, 0, 27549, 5279044]	[[3155/2, 178789/2]]
10	"3254.a1"	3254	[1, 1, 0, -1051, -13411]	[[70, 477]]
6	"3258.a1"	3258	[1, -1, 0, -474, -3016]	[[-14, 34]]
6	"3258.a2"	3258	[1, -1, 0, 66, -316]	[[8, 22]]
9	"3258.b1"	3258	[1, -1, 0, -2151, 38151]	[[9, 135]]
9	"3258.b2"	3258	[1, -1, 0, -261, -1539]	[[-9, 9]]
12	"3258.f1"	3258	[1, -1, 0, 54, -140]	[[3, 5]]
12	"3258.h1"	3258	[1, -1, 1, -41, -93]	[[75/2, 513/2]]
12	"3259.a1"	3259	[0, -1, 1, 4, -2]	[[1, 1]]
12	"3264.a1"	3264	[0, -1, 0, -237, -1329]	[[26, 97]]
8	"3264.d1"	3264	[0, -1, 0, -6529, 205249]	[[63, 200]]
8	"3264.d2"	3264	[0, -1, 0, -769, -2975]	[[-8, 51]]
8	"3264.d3"	3264	[0, -1, 0, -409, 3289]	[[9, 16]]
8	"3264.d4"	3264	[0, -1, 0, -4, 130]	[[11, 36]]
6	"3264.h2"	3264	[0, -1, 0, -33, -2655]	[[24, 99]]
6	"3264.i1"	3264	[0, -1, 0, -48033, -3047391]	[[-120, 987]]
6	"3264.i4"	3264	[0, -1, 0, 115807, -19464159]	[[26888/7, 4958829/7]]
10	"3264.o1"	3264	[0, -1, 0, 1, -3]	[[4, 7]]
10	"3264.w3"	3264	[0, 1, 0, -13793, -1069665]	[[247, 3264]]
8	"3270.a1"	3270	[1, 1, 0, -2367, -45279]	[[-28, 9]]
8	"3270.a2"	3270	[1, 1, 0, -187, -371]	[[18, 41]]
8	"3270.a4"	3270	[1, 1, 0, 713, -1991]	[[9, 68]]
8	"3272.a1"	3272	[0, 0, 0, -179, 238]	[[-26/3, 730/3]]
10	"3280.a2"	3280	[0, 1, 0, -256, 3444]	[[4, 50]]
10	"3280.c1"	3280	[0, 1, 0, -440, -3692]	[[-12, 2]]
8	"3280.h1"	3280	[0, 0, 0, -8747, 314874]	[[225/2, 231/2]]
8	"3280.h2"	3280	[0, 0, 0, -547, 4914]	[[5, 48]]
8	"3280.h3"	3280	[0, 0, 0, -347, 8554]	[[10, 78]]
6	"3280.k1"	3280	[0, -1, 0, -256, 0]	[[18, 30]]
10	"3280.l1"	3280	[0, -1, 0, -50280, -2085520]	[[-422/3, 11026/3]]
10	"3280.l3"	3280	[0, -1, 0, -24680, 1478000]	[[10, 1110]]
10	"3280.l4"	3280	[0, -1, 0, -2680, -51600]	[[-30, 30]]
9	"3291.b1"	3291	[1, 0, 1, 1638, 18361]	[[-7, 84]]
8	"3293.b1"	3293	[1, 0, 1, -258, 1569]	[[9, -4]]
9	"3294.c2"	3294	[1, -1, 0, -658842, 206000180]	[[-908, 7870]]
9	"3294.j2"	3294	[1, -1, 1, -73205, -7605235]	[[-3899/5, 9686/5]]
8	"3295.a1"	3295	[0, -1, 1, 14, -158]	[[16, 62]]
10	"3300.b1"	3300	[0, -1, 0, -6249908, -6011849688]	[[81253/2, 22976075/2]]
10	"3300.b2"	3300	[0, -1, 0, -390533, -93880938]	[[782, 8850]]
10	"3300.b4"	3300	[0, -1, 0, 5467, -573438]	[[602, 14850]]
6	"3300.f1"	3300	[0, -1, 0, -308, -888]	[[22, 50]]
10	"3300.l1"	3300	[0, 1, 0, -428, -2652]	[[-8, 18]]
10	"3300.l2"	3300	[0, 1, 0, -153, 648]	[[3, 15]]
8	"3300.o2"	3300	[0, 1, 0, 2012, -58972]	[[32, 198]]
6	"3300.q1"	3300	[0, 1, 0, -9908, -382812]	[[168, 1650]]
6	"3300.q2"	3300	[0, 1, 0, -533, -7812]	[[43, 225]]
8	"3306.f1"	3306	[1, 0, 1, -5046, -138200]	[[-40, 24]]
8	"3306.f2"	3306	[1, 0, 1, -406, -856]	[[-8, 47]]
8	"3306.g1"	3306	[1, 1, 1, -320, -2329]	[[-41/2, 43/2]]
8	"3306.g2"	3306	[1, 1, 1, -30, -9]	[[-3, 9]]
12	"3308.a1"	3308	[0, -1, 0, 3, -23]	[[3, 2]]
10	"3312.a1"	3312	[0, 0, 0, -507, -4070]	[[-13, 18]]
10	"3312.a2"	3312	[0, 0, 0, 33, -290]	[[14, 54]]
8	"3312.d1"	3312	[0, 0, 0, -35571, 2581810]	[[113, 72]]
8	"3312.d2"	3312	[0, 0, 0, -15411, -712334]	[[143, 90]]
8	"3312.d3"	3312	[0, 0, 0, -2451, 31570]	[[-9, 230]]
4	"3312.e1"	3312	[0, 0, 0, -6771, 181474]	[[-85, 378]]
4	"3312.e2"	3312	[0, 0, 0, -1911, -29450]	[[557, 13104]]
4	"3312.e3"	3312	[0, 0, 0, -1866, -31025]	[[23999/13, 3520440/13]]
12	"3312.f1"	3312	[0, 0, 0, -315, 1674]	[[15, 18]]
10	"3312.g1"	3312	[0, 0, 0, -165, -997]	[[146, 1757]]
10	"3312.g2"	3312	[0, 0, 0, 15, 11]	[[2, 7]]
10	"3312.h1"	3312	[0, 0, 0, -110955, 2430362]	[[1543, 59202]]
10	"3312.h4"	3312	[0, 0, 0, 27285, 301466]	[[7, 702]]
6	"3312.j1"	3312	[0, 0, 0, -419835, 104704666]	[[299, 2430]]
6	"3312.k1"	3312	[0, 0, 0, -2235, -40534]	[[55, 54]]
6	"3312.k2"	3312	[0, 0, 0, -75, -1222]	[[31, 162]]
10	"3312.l1"	3312	[0, 0, 0, -39, 18]	[[-6, 6]]
6	"3312.n1"	3312	[0, 0, 0, -4539, 117610]	[[47, 90]]
6	"3312.n2"	3312	[0, 0, 0, -219, 2698]	[[-1, 54]]
10	"3313.b1"	3313	[1, 0, 1, -6, 5]	[[1, 0]]
9	"3314.a1"	3314	[1, 0, 0, -4764702, -4003545844]	[[94248114183274/39585, 912499854364645191562/39585]]
9	"3314.a2"	3314	[1, 0, 0, -58822, -5496476]	[[83944/15, 16083698/15]]
4	"3315.f3"	3315	[1, 1, 0, -1726183, 703739512]	[[1848, 60956]]
4	"3315.f4"	3315	[1, 1, 0, 226942, 65848887]	[[6694/5, 1493137/5]]
4	"3324.b1"	3324	[0, -1, 0, -108, 264]	[[5/2, 91/2]]
4	"3324.b2"	3324	[0, -1, 0, -93, 378]	[[2, 14]]
9	"3328.d1"	3328	[0, -1, 0, 19, -11]	[[3, 8]]
9	"3328.i1"	3328	[0, 1, 0, 5, 1]	[[0, 1]]
8	"3330.c1"	3330	[1, -1, 0, -3069045, -2068673675]	[[610605/7, 469986320/7]]
8	"3330.c2"	3330	[1, -1, 0, -2728125, 1727522941]	[[1311, 19417]]
8	"3330.c3"	3330	[1, -1, 0, -263925, -5795339]	[[-169, 5912]]
8	"3330.c4"	3330	[1, -1, 0, -191925, -32248139]	[[12413, 1375856]]
8	"3330.c5"	3330	[1, -1, 0, -7605, -876875]	[[125, 275]]
8	"3330.c6"	3330	[1, -1, 0, 1048275, -46998419]	[[17889/5, 4042427/5]]
6	"3330.d1"	3330	[1, -1, 0, -47475, 3993381]	[[6850/7, 69287/7]]
6	"3330.d2"	3330	[1, -1, 0, -47295, 4025025]	[[300, 3945]]
6	"3330.d4"	3330	[1, -1, 0, 2205, 26325]	[[-2, 149]]
8	"3330.i1"	3330	[1, -1, 0, -5739, -165907]	[[89, 105]]
8	"3330.i2"	3330	[1, -1, 0, -339, -2827]	[[49, 286]]
8	"3330.j1"	3330	[1, -1, 0, -190314, 31995220]	[[221, 722]]
8	"3330.j2"	3330	[1, -1, 0, -10314, 639220]	[[-49, 1037]]
8	"3330.o1"	3330	[1, -1, 1, -638, 6357]	[[15, -7]]
8	"3330.o2"	3330	[1, -1, 1, -38, 117]	[[3, 3]]
9	"3330.u1"	3330	[1, -1, 1, -63797, 6225869]	[[147, 16]]
9	"3330.v1"	3330	[1, -1, 1, -482, -3949]	[[351/2, 5963/2]]
9	"3330.v2"	3330	[1, -1, 1, -167, -9241]	[[57, 376]]
7	"3337.b1"	3337	[1, 1, 1, -3125503, -2128207562]	[[132892/7, 32706155/7]]
6	"3340.a2"	3340	[0, 1, 0, 175, -212]	[[8, 42]]
6	"3341.a1"	3341	[1, -1, 1, -75, -226]	[[-17/2, 7/2]]
8	"3344.i1"	3344	[0, 1, 0, -5, 47]	[[11, 38]]
10	"3345.a1"	3345	[0, -1, 1, 1184, -8328]	[[103, 1093]]
9	"3348.d2"	3348	[0, 0, 0, -420, 3313]	[[-18, 71]]
9	"3349.c1"	3349	[0, 0, 1, -44, -112]	[[-4, 0]]
6	"3350.a1"	3350	[1, -1, 0, -32, -64]	[[8, 8]]
12	"3355.b1"	3355	[0, 1, 1, -11, 30]	[[2, 4]]
4	"3362.b1"	3362	[1, 1, 0, -19366, -1027446]	[[-6359/9, 122986/9]]
10	"3362.c1"	3362	[1, 1, 0, -5882694, -5494222780]	[[-375127975614357221/16367265, 2985417272000212508425303/16367265]]
9	"3363.a1"	3363	[0, -1, 1, -151, -675]	[[43, 265]]
10	"3366.c1"	3366	[1, -1, 0, -1638, -25110]	[[-23, 12]]
4	"3366.e1"	3366	[1, -1, 0, -12638223, 17296430445]	[[2065, -70]]
4	"3366.e2"	3366	[1, -1, 0, -789903, 270394605]	[[382, 4737]]
4	"3366.e4"	3366	[1, -1, 0, -52623, 3646701]	[[183, 255]]
6	"3366.f3"	3366	[1, -1, 0, -1849032, 958443840]	[[3969, 234936]]
6	"3366.g1"	3366	[1, -1, 0, -1782, -28512]	[[57, 201]]
4	"3366.h1"	3366	[1, -1, 0, -4902, 133334]	[[41, -17]]
8	"3366.j1"	3366	[1, -1, 0, -81, 157]	[[-6, 23]]
8	"3366.k1"	3366	[1, -1, 0, -3554496, 2580267820]	[[1095, -190]]
8	"3366.k2"	3366	[1, -1, 0, -222156, 40358272]	[[281, 107]]
8	"3366.k3"	3366	[1, -1, 0, -219096, 41521684]	[[125, 3947]]
8	"3366.k4"	3366	[1, -1, 0, -14076, 614992]	[[89, 203]]
8	"3366.k6"	3366	[1, -1, 0, 9684, 2463520]	[[-55, 1355]]
6	"3370.c1"	3370	[1, 0, 1, -113, -4244]	[[112, 1123]]
6	"3370.c2"	3370	[1, 0, 1, 12, 156]	[[12, 39]]
6	"3376.a1"	3376	[0, 0, 0, -2, 3]	[[-1, 2]]
6	"3376.c1"	3376	[0, -1, 0, -27, -46]	[[50, 348]]
10	"3380.c2"	3380	[0, 1, 0, -6140, -283100]	[[160, 1690]]
9	"3380.h1"	3380	[0, 1, 0, -85570, -9663107]	[[-1523/3, 1/3]]
10	"3380.j2"	3380	[0, -1, 0, -46700, 4154552]	[[334, 5070]]
12	"3384.d1"	3384	[0, 0, 0, -435, 862]	[[-1, 36]]
12	"3384.d2"	3384	[0, 0, 0, 105, 106]	[[2, 18]]
9	"3384.e1"	3384	[0, 0, 0, -732, -7292]	[[-16, 18]]
10	"3392.e1"	3392	[0, 1, 0, -1761, -29057]	[[51, 128]]
8	"3392.i1"	3392	[0, -1, 0, -481, -3967]	[[77, 640]]
10	"3392.l1"	3392	[0, 1, 0, -17, 47]	[[-1, 8]]
8	"3392.p1"	3392	[0, -1, 0, -69, 245]	[[-4, 21]]
8	"3392.p2"	3392	[0, -1, 0, -49, 369]	[[9, 24]]
10	"3392.q1"	3392	[0, -1, 0, -1, -63]	[[9, 24]]
8	"3393.c1"	3393	[1, -1, 1, -1424, 20998]	[[26, 19]]
8	"3393.c2"	3393	[1, -1, 1, -119, 118]	[[-8, 26]]
8	"3393.c3"	3393	[1, -1, 1, -74, -224]	[[20, 67]]
8	"3393.c4"	3393	[1, -1, 1, 466, 586]	[[5, 52]]
8	"3393.e1"	3393	[1, -1, 0, -477, -1508]	[[-4, 20]]
8	"3393.e2"	3393	[1, -1, 0, 108, -221]	[[146, 1691]]
10	"3399.a1"	3399	[1, 0, 1, -556, 4991]	[[13, -4]]
10	"3399.a2"	3399	[1, 0, 1, -41, 47]	[[-3, 13]]
10	"3400.a1"	3400	[0, 1, 0, -88508, -10164512]	[[20472/7, 1747600/7]]
10	"3400.a2"	3400	[0, 1, 0, -88008, -10284512]	[[588, 11900]]
8	"3400.d1"	3400	[0, 0, 0, -29075, -1867250]	[[-12986/11, 173538/11]]
8	"3400.d2"	3400	[0, 0, 0, -4075, 57750]	[[-66, 198]]
8	"3400.d4"	3400	[0, 0, 0, 12925, 414750]	[[-1946/9, 219142/9]]
10	"3408.c1"	3408	[0, -1, 0, -232, -1232]	[[18, 10]]
6	"3408.g1"	3408	[0, 1, 0, -104, 276]	[[12, 30]]
6	"3408.g2"	3408	[0, 1, 0, 16, 36]	[[0, 6]]
12	"3410.a2"	3410	[1, 0, 1, 51, -184]	[[8, 23]]
12	"3414.b1"	3414	[1, 0, 0, -19, 65]	[[2, 5]]
12	"3417.a1"	3417	[0, -1, 1, -6, -22]	[[11, 33]]
6	"3417.e1"	3417	[1, 1, 0, 176, -7187]	[[804/5, 20707/5]]
8	"3417.f1"	3417	[1, 0, 1, -412, 3011]	[[-23, 32]]
8	"3417.f2"	3417	[1, 0, 1, -77, -205]	[[3255/2, 182465/2]]
8	"3417.f3"	3417	[1, 0, 1, -72, -239]	[[52081/16, 11463713/16]]
8	"3417.f4"	3417	[1, 0, 1, 178, -1225]	[[19121/56, 1129269/56]]
12	"3420.a2"	3420	[0, 0, 0, 168, 169]	[[8, 45]]
10	"3420.b1"	3420	[0, 0, 0, -31287, -1922434]	[[-98, 450]]
10	"3420.d2"	3420	[0, 0, 0, -72, 81]	[[0, 9]]
6	"3420.e3"	3420	[0, 0, 0, -11847, -370514]	[[-247/2, 2835/2]]
6	"3420.e4"	3420	[0, 0, 0, -10992, -443531]	[[9955/9, 181412/9]]
10	"3422.b1"	3422	[1, 0, 1, -15, -22]	[[-2, 1]]
10	"3422.c1"	3422	[1, 0, 1, -15989, -779136]	[[-662/3, 517/3]]
10	"3422.e1"	3422	[1, -1, 1, -786, 8673]	[[7, 55]]
10	"3422.g1"	3422	[1, 1, 1, -61939, -5959085]	[[-876749/78, 33956879/78]]
8	"3432.e1"	3432	[0, 1, 0, -1704, -27600]	[[119, 1212]]
8	"3432.e2"	3432	[0, 1, 0, -1464, 20976]	[[223/3, 620/3]]
8	"3432.e3"	3432	[0, 1, 0, -144, -144]	[[15, 36]]
8	"3432.e4"	3432	[0, 1, 0, 36, 0]	[[3, 12]]
8	"3432.f2"	3432	[0, 1, 0, 2852, -212608]	[[71, 594]]
10	"3434.a2"	3434	[1, 0, 0, -2257, 34857]	[[-22, 283]]
6	"3435.b1"	3435	[1, 0, 0, -1221, -16524]	[[41, 32]]
6	"3435.b2"	3435	[1, 0, 0, -76, -265]	[[499/7, 505/7]]
10	"3435.d1"	3435	[1, 0, 1, -994, -9133]	[[-17, 62]]
10	"3435.d2"	3435	[1, 0, 1, 151, -889]	[[21, 97]]
4	"3438.a1"	3438	[1, -1, 0, -828, -8906]	[[41, 137]]
12	"3438.b1"	3438	[1, -1, 0, -110016, -14017860]	[[62415/11, 10492965/11]]
12	"3438.b2"	3438	[1, -1, 0, -7416, -181116]	[[-30, 132]]
12	"3438.b3"	3438	[1, -1, 0, -6876, -217728]	[[459, 9423]]
10	"3445.b1"	3445	[1, 0, 1, -359, -2643]	[[89, 775]]
12	"3447.a1"	3447	[0, 0, 1, -84, 265]	[[1, 13]]
10	"3448.b1"	3448	[0, 1, 0, -20, 32]	[[2, 2]]
8	"3450.c1"	3450	[1, 1, 0, -19650, -742500]	[[-75, 600]]
9	"3450.i1"	3450	[1, 0, 1, -66701, -4248952]	[[-157, 1614]]
9	"3450.i2"	3450	[1, 0, 1, -27326, 1736048]	[[93, -11]]
8	"3450.j1"	3450	[1, 0, 1, -34560276, -78204168302]	[[18956, 2455926]]
8	"3450.j2"	3450	[1, 0, 1, -2528276, -777224302]	[[-618, 23746]]
8	"3450.j3"	3450	[1, 0, 1, -2160276, -1221768302]	[[-838, 906]]
8	"3450.j4"	3450	[1, 0, 1, -112276, -25736302]	[[4642, 313091]]
8	"3450.k1"	3450	[1, 0, 1, -6176, 186248]	[[42, 16]]
8	"3450.k2"	3450	[1, 0, 1, -2676, -51752]	[[-28, 51]]
8	"3450.k3"	3450	[1, 0, 1, -426, 2248]	[[2, 36]]
8	"3450.k4"	3450	[1, 0, 1, 74, 248]	[[1, 17]]
10	"3450.o1"	3450	[1, 1, 1, -19263, 167781]	[[141, 458]]
10	"3450.o2"	3450	[1, 1, 1, -14388, 658281]	[[69, -33]]
10	"3450.o3"	3450	[1, 1, 1, -888, 10281]	[[15, 17]]
10	"3450.o4"	3450	[1, 1, 1, 4737, 23781]	[[45, 552]]
12	"3450.t1"	3450	[1, 0, 0, -18838, -442708]	[[-58, 704]]
9	"3454.h1"	3454	[1, 0, 0, -78788, -8518900]	[[236970700/609, 3138691959250/609]]
9	"3454.h2"	3454	[1, 0, 0, -288, -27712]	[[874/3, 23764/3]]
9	"3456.f1"	3456	[0, 0, 0, 27, -54]	[[6, 18]]
4	"3459.a2"	3459	[1, 1, 1, -8, -100]	[[35/2, 157/2]]
6	"3462.a1"	3462	[1, 1, 1, -44, 71]	[[23/2, 31/2]]
6	"3462.a2"	3462	[1, 1, 1, -14, -25]	[[5, 5]]
10	"3462.b1"	3462	[1, 1, 1, -4108, 99629]	[[37, -15]]
10	"3470.d1"	3470	[1, 0, 0, -66, 200]	[[4, 0]]
8	"3474.a1"	3474	[1, -1, 0, -111168, 14294340]	[[66, 2658]]
8	"3474.a2"	3474	[1, -1, 0, -6948, 224640]	[[51, 6]]
8	"3474.a3"	3474	[1, -1, 0, -6408, 260604]	[[-47, 699]]
8	"3474.a4"	3474	[1, -1, 0, -468, 3024]	[[3, 39]]
12	"3474.c1"	3474	[1, -1, 0, -612, -5612]	[[-13, 2]]
12	"3474.c2"	3474	[1, -1, 0, -72, 112]	[[-4, 20]]
8	"3474.f1"	3474	[1, -1, 1, -302, 2045]	[[-3, 55]]
8	"3474.f2"	3474	[1, -1, 1, 58, 6365]	[[3, 79]]
9	"3477.a1"	3477	[1, 0, 0, 9, -18]	[[9, 24]]
8	"3477.b1"	3477	[1, 1, 0, -24701, 1483944]	[[472, 9524]]
8	"3477.b2"	3477	[1, 1, 0, -7411, -228830]	[[117931/30, 26178331/30]]
8	"3477.b3"	3477	[1, 1, 0, -1616, 20355]	[[1555/6, 34855/6]]
9	"3480.b1"	3480	[0, -1, 0, 24, -15]	[[8, 25]]
6	"3480.c1"	3480	[0, -1, 0, -10416, -405684]	[[6161/4, 463855/4]]
6	"3480.c2"	3480	[0, -1, 0, -696, -5220]	[[-19, 28]]
12	"3480.d1"	3480	[0, -1, 0, -3720, -86100]	[[485/2, 8875/2]]
12	"3480.d2"	3480	[0, -1, 0, -240, -1188]	[[-7, 10]]
12	"3480.d4"	3480	[0, -1, 0, 360, -6708]	[[113, 1210]]
8	"3480.f2"	3480	[0, -1, 0, 80, -500]	[[21, 100]]
10	"3480.j1"	3480	[0, 1, 0, -1336, 12464]	[[-5, 138]]
6	"3480.n2"	3480	[0, 1, 0, 144, 144]	[[0, 12]]
8	"3480.r1"	3480	[0, 1, 0, -1099040, -424917600]	[[-605, 4350]]
8	"3480.r2"	3480	[0, 1, 0, -190760, 23409408]	[[91, 2610]]
8	"3480.r3"	3480	[0, 1, 0, -176180, 28401600]	[[250, 210]]
8	"3480.r4"	3480	[0, 1, 0, -176175, 28403298]	[[291, 1365]]
8	"3480.r5"	3480	[0, 1, 0, -161680, 33285200]	[[-40, 6300]]
8	"3480.r6"	3480	[0, 1, 0, 484240, 152469408]	[[3091, 176610]]
10	"3483.c1"	3483	[0, 0, 1, -12, 16]	[[2, 0]]
10	"3483.d1"	3483	[0, 0, 1, -108, -439]	[[85, 777]]
10	"3488.a1"	3488	[0, 0, 0, 4, 32]	[[-2, 4]]
6	"3494.a1"	3494	[1, 1, 0, -141, -707]	[[37, 197]]
10	"3494.b1"	3494	[1, 0, 0, 30, 68]	[[4, 14]]
10	"3496.h1"	3496	[0, 1, 0, -24, -16]	[[-5, 2]]
10	"3497.b1"	3497	[0, 1, 1, -57, -120]	[[-6, 6]]
8	"3504.a1"	3504	[0, -1, 0, -1560, -23184]	[[-22, 2]]
10	"3504.e1"	3504	[0, -1, 0, -1167008, 485631744]	[[674, 2190]]
10	"3504.e3"	3504	[0, -1, 0, -15008, 612096]	[[98, 270]]
8	"3504.f2"	3504	[0, -1, 0, 57, 126]	[[62, 488]]
6	"3504.g1"	3504	[0, -1, 0, -208, 1216]	[[10, 6]]
6	"3504.g2"	3504	[0, -1, 0, -48, 2880]	[[-6, 54]]
6	"3504.h1"	3504	[0, -1, 0, -88, -224]	[[-3, 2]]
4	"3504.i2"	3504	[0, -1, 0, -23, -42]	[[406/5, 7504/5]]
4	"3504.j1"	3504	[0, -1, 0, -522888, -120523536]	[[1274, 35770]]
4	"3504.j2"	3504	[0, -1, 0, -497688, -134974224]	[[220418, 103482610]]
10	"3504.l1"	3504	[0, -1, 0, -152, 720]	[[10, 10]]
10	"3504.l2"	3504	[0, -1, 0, -32, -48]	[[-2, 2]]
10	"3504.o1"	3504	[0, 1, 0, -20760, 1144404]	[[84, 18]]
12	"3504.t1"	3504	[0, 1, 0, -408, -3276]	[[-12, 6]]
12	"3504.t2"	3504	[0, 1, 0, -48, 36]	[[0, 6]]
6	"3504.u1"	3504	[0, 1, 0, -1048, 12692]	[[28, 78]]
8	"3504.w1"	3504	[0, 1, 0, -5232, 99828]	[[84, 510]]
8	"3504.w2"	3504	[0, 1, 0, -1992, -33660]	[[-24, 30]]
8	"3504.w3"	3504	[0, 1, 0, -1972, -34372]	[[74, 480]]
8	"3504.w4"	3504	[0, 1, 0, 928, -121260]	[[70, 540]]
9	"3509.e1"	3509	[0, -1, 1, -524, 4795]	[[61/2, 83/2]]
9	"3510.h1"	3510	[1, -1, 0, -5364, 152748]	[[42, -6]]
9	"3510.h2"	3510	[1, -1, 0, -879, -29395]	[[430/3, 4475/3]]
9	"3510.h3"	3510	[1, -1, 0, 96, 960]	[[16, 72]]
9	"3510.j2"	3510	[1, -1, 0, -2634, 34140]	[[1, 177]]
9	"3510.m1"	3510	[1, -1, 1, -23708, -898073]	[[-1013/3, 17131/3]]
12	"3518.a1"	3518	[1, 1, 0, -8, -16]	[[4, 4]]
10	"3519.a1"	3519	[1, -1, 1, 136255, 49428326]	[[282, 10357]]
10	"3519.f1"	3519	[1, -1, 0, 153, 918]	[[6, 42]]
8	"3520.c1"	3520	[0, 1, 0, -241, 1359]	[[7, 8]]
8	"3520.c2"	3520	[0, 1, 0, -21, -5]	[[-1, 4]]
4	"3520.e2"	3520	[0, 1, 0, -16, -30]	[[17, 70]]
9	"3520.k1"	3520	[0, -1, 0, -65, 577]	[[17, 64]]
8	"3520.o1"	3520	[0, 0, 0, -2348, 43792]	[[37, 87]]
8	"3520.o2"	3520	[0, 0, 0, -148, 672]	[[4, 12]]
8	"3520.o3"	3520	[0, 0, 0, -23, -28]	[[-7/2, 21/2]]
8	"3520.o4"	3520	[0, 0, 0, 52, 2352]	[[24, 132]]
5	"3520.y1"	3520	[0, 1, 0, -380161, -90346145]	[[362331/7, 217332128/7]]
8	"3520.be2"	3520	[0, -1, 0, -1056, 12950]	[[349/6, 12833/6]]
8	"3520.bf1"	3520	[0, -1, 0, -241, -1359]	[[171, 2220]]
9	"3525.b1"	3525	[0, -1, 1, 12, 8]	[[8, 23]]
8	"3525.d1"	3525	[1, 1, 1, -26938, -1296094]	[[-101, 688]]
8	"3525.d2"	3525	[1, 1, 1, -9313, 325406]	[[40, 117]]
8	"3525.d3"	3525	[1, 1, 1, -9188, 335156]	[[176, 1963]]
8	"3525.d4"	3525	[1, 1, 1, 6312, 1325406]	[[-80, 602]]
9	"3525.i1"	3525	[1, 1, 0, -900, 10125]	[[20, 15]]
8	"3526.a1"	3526	[1, 0, 1, -78892, -8535486]	[[1078, 33511]]
8	"3526.b1"	3526	[1, 0, 0, -16, 24]	[[2, 0]]
9	"3526.c1"	3526	[1, 0, 0, -393, 2969]	[[16, 21]]
10	"3536.c1"	3536	[0, 1, 0, -952, -11628]	[[54, 312]]
8	"3536.h2"	3536	[0, 0, 0, -79, -210]	[[298/3, 4940/3]]
8	"3536.h3"	3536	[0, 0, 0, -74, -245]	[[6145/24, 185345/24]]
8	"3536.h4"	3536	[0, 0, 0, 181, -1302]	[[74, 646]]
6	"3536.j1"	3536	[0, 0, 0, -187483, -31245750]	[[12519/5, 83022/5]]
6	"3536.j2"	3536	[0, 0, 0, -11723, -487750]	[[325, 5480]]
10	"3536.k1"	3536	[0, -1, 0, -2192, -7840]	[[445/3, 1270/3]]
10	"3536.k2"	3536	[0, -1, 0, -1672, -25728]	[[48, 48]]
12	"3538.a1"	3538	[1, -1, 0, -668, -6466]	[[-131/3, 94/3]]
12	"3538.a2"	3538	[1, -1, 0, -58, 0]	[[-1, 8]]
12	"3538.a4"	3538	[1, -1, 0, 232, -174]	[[57, 414]]
8	"3540.d1"	3540	[0, -1, 0, -58300, -5398760]	[[2262, 106918]]
8	"3540.d2"	3540	[0, -1, 0, -3625, -84350]	[[75, 245]]
12	"3540.f1"	3540	[0, 1, 0, -9141, -338841]	[[-54, 15]]
12	"3540.f2"	3540	[0, 1, 0, -501, 3735]	[[9, 6]]
8	"3540.h1"	3540	[0, 1, 0, -60, -60]	[[8, 6]]
8	"3540.h2"	3540	[0, 1, 0, 15, 0]	[[3, 9]]
6	"3545.a1"	3545	[1, 0, 1, -74, -249]	[[911/7, 20644/7]]
6	"3545.a2"	3545	[1, 0, 1, -69, -283]	[[71, 559]]
8	"3550.k1"	3550	[1, -1, 1, -1030, -12403]	[[39, 55]]
12	"3550.l1"	3550	[1, 0, 0, -58, 172]	[[18, 62]]
9	"3550.m1"	3550	[1, 0, 0, -688, -6008]	[[-18, 34]]
6	"3551.b1"	3551	[1, 0, 1, -1705, -71411]	[[2419/3, 113755/3]]
4	"3552.c2"	3552	[0, -1, 0, -4783018, 4027708300]	[[-118036/11, 117281514/11]]
12	"3552.e1"	3552	[0, 1, 0, -193, -913]	[[-7, 12]]
12	"3552.e2"	3552	[0, 1, 0, -58, 140]	[[2, 6]]
6	"3553.a1"	3553	[0, -1, 1, -74002, 7773160]	[[283, 3068]]
4	"3553.c2"	3553	[1, 1, 0, 59, 420]	[[69/4, 1647/4]]
6	"3554.a1"	3554	[1, -1, 1, -36, -73]	[[15, 43]]
6	"3554.a2"	3554	[1, -1, 1, -16, -169]	[[133/3, 1181/3]]
12	"3555.f1"	3555	[1, -1, 0, -3159, 56938]	[[2, 224]]
12	"3555.f2"	3555	[1, -1, 0, 396, 5035]	[[26, 167]]
4	"3560.e2"	3560	[0, 0, 0, 77, -162]	[[18, 84]]
10	"3560.g1"	3560	[0, -1, 0, -1516, 1716]	[[10/3, 152/3]]
8	"3562.e1"	3562	[1, -1, 1, -2194, -35345]	[[4585/8, 193343/8]]
8	"3562.e2"	3562	[1, -1, 1, -504, 3863]	[[611/10, 27861/10]]
8	"3562.e3"	3562	[1, -1, 1, -484, 4215]	[[27/2, 249/2]]
8	"3562.e4"	3562	[1, -1, 1, 866, 20303]	[[2916579/170, 4967501093/170]]
8	"3568.b1"	3568	[0, 1, 0, -608, 5236]	[[10, 16]]
8	"3568.b2"	3568	[0, 1, 0, 32, 372]	[[-4, 14]]
