#E(F_p)	#E(Q)	index
totalsplit	totalinert	totalramified	totalsplitpercentage
split	inert	ramified	splitpercentage
p = 2
3	1	3
3	0	0	1.0
1	0	0	1.0
p = 5
9	3	3
5	4	2	0.5555555555555556
1	2	0	0.3333333333333333
p = 11
18	6	3
12	6	2	0.6666666666666666
6	0	2	1.0
p = 13
18	6	3
11	7	2	0.6111111111111112
5	1	2	0.8333333333333334
p = 17
21	7	3
9	12	2	0.42857142857142855
1	6	0	0.14285714285714285
p = 19
18	6	3
14	4	2	0.7777777777777778
4	2	0	0.6666666666666666
p = 23
18	3	6
11	7	0	0.6111111111111112
3	0	0	1.0
p = 29
24	8	3
11	13	0	0.4583333333333333
5	3	0	0.625
p = 31
36	12	3
16	20	0	0.4444444444444444
2	10	0	0.16666666666666666
p = 37
45	15	3
27	18	0	0.6
5	10	0	0.3333333333333333
p = 41
39	13	3
21	18	2	0.5384615384615384
9	4	0	0.6923076923076923
p = 43
45	15	3
23	22	2	0.5111111111111111
9	6	0	0.6
p = 47
57	19	3
27	30	0	0.47368421052631576
7	12	0	0.3684210526315789
p = 53
48	8	6
26	22	2	0.5416666666666666
6	2	0	0.75
p = 59
69	23	3
33	36	0	0.4782608695652174
11	12	0	0.4782608695652174
p = 61
72	24	3
36	36	2	0.5
16	8	2	0.6666666666666666
p = 67
72	12	6
38	34	0	0.5277777777777778
4	8	0	0.3333333333333333
p = 71
72	4	18
37	35	2	0.5138888888888888
1	3	0	0.25
p = 73
72	4	18
43	29	2	0.5972222222222222
3	1	0	0.75
p = 79
81	9	9
47	34	0	0.5802469135802469
3	6	0	0.3333333333333333
p = 83
87	29	3
39	48	2	0.4482758620689655
15	14	0	0.5172413793103449
p = 89
96	8	12
47	49	0	0.4895833333333333
6	2	0	0.75
p = 97
108	36	3
53	55	2	0.49074074074074076
15	21	0	0.4166666666666667
p = 101
108	18	6
62	46	2	0.5740740740740741
9	9	0	0.5
p = 103
90	15	6
39	51	0	0.43333333333333335
9	6	0	0.6
p = 107
114	19	6
62	52	2	0.543859649122807
11	8	0	0.5789473684210527
p = 109
99	33	3
51	48	2	0.5151515151515151
19	14	0	0.5757575757575758
p = 113
102	34	3
51	51	2	0.5
17	17	2	0.5
p = 127
135	15	9
71	64	0	0.5259259259259259
7	8	0	0.4666666666666667
p = 131
144	6	24
80	64	0	0.5555555555555556
3	3	0	0.5
p = 137
126	42	3
61	65	2	0.48412698412698413
19	23	2	0.4523809523809524
p = 139
162	54	3
77	85	2	0.47530864197530864
21	33	0	0.3888888888888889
p = 149
144	48	3
84	60	0	0.5833333333333334
34	14	0	0.7083333333333334
p = 151
171	57	3
85	86	2	0.49707602339181284
21	36	0	0.3684210526315789
p = 157
144	48	3
77	67	2	0.5347222222222222
21	27	0	0.4375
p = 163
171	57	3
91	80	0	0.5321637426900585
31	26	0	0.543859649122807
p = 167
165	55	3
91	74	2	0.5515151515151515
31	24	0	0.5636363636363636
p = 173
156	13	12
75	81	0	0.4807692307692308
3	10	0	0.23076923076923078
p = 179
192	64	3
96	96	2	0.5
28	36	0	0.4375
p = 181
162	9	18
81	81	2	0.5
9	0	0	1.0
p = 191
210	35	6
115	95	2	0.5476190476190477
21	14	0	0.6
p = 193
207	69	3
105	102	2	0.5072463768115942
31	38	0	0.4492753623188406
p = 197
180	20	9
97	83	2	0.5388888888888889
9	11	0	0.45
p = 199
180	30	6
101	79	2	0.5611111111111111
19	11	0	0.6333333333333333
p = 211
216	9	24
118	98	0	0.5462962962962963
3	6	0	0.3333333333333333
p = 223
216	8	27
115	101	0	0.5324074074074074
5	3	0	0.625
p = 227
216	36	6
102	114	0	0.4722222222222222
20	16	0	0.5555555555555556
p = 229
234	39	6
117	117	2	0.5
25	14	0	0.6410256410256411
p = 233
258	86	3
121	137	0	0.4689922480620155
47	39	0	0.5465116279069767
p = 239
228	76	3
122	106	0	0.5350877192982456
48	28	0	0.631578947368421
p = 241
234	78	3
120	114	2	0.5128205128205128
38	40	0	0.48717948717948717
p = 251
279	31	9
139	140	2	0.4982078853046595
19	12	0	0.6129032258064516
p = 257
252	42	6
113	139	0	0.44841269841269843
17	25	0	0.40476190476190477
p = 263
252	84	3
128	124	0	0.5079365079365079
40	44	0	0.47619047619047616
p = 269
273	91	3
147	126	0	0.5384615384615384
43	48	0	0.4725274725274725
p = 271
270	15	18
136	134	2	0.5037037037037037
13	2	0	0.8666666666666667
p = 277
261	87	3
131	130	2	0.5019157088122606
53	34	2	0.6091954022988506
p = 281
312	26	12
155	157	0	0.4967948717948718
15	11	0	0.5769230769230769
p = 283
270	30	9
134	136	2	0.4962962962962963
10	20	0	0.3333333333333333
p = 293
327	109	3
169	158	0	0.5168195718654435
61	48	0	0.5596330275229358
p = 307
306	17	18
162	144	0	0.5294117647058824
9	8	0	0.5294117647058824
p = 311
321	107	3
159	162	2	0.4953271028037383
59	48	2	0.5514018691588785
p = 313
306	51	6
164	142	2	0.5359477124183006
37	14	0	0.7254901960784313
p = 317
336	56	6
164	172	0	0.4880952380952381
30	26	0	0.5357142857142857
p = 331
333	111	3
153	180	2	0.4594594594594595
53	58	2	0.4774774774774775
p = 337
351	39	9
189	162	0	0.5384615384615384
19	20	0	0.48717948717948717
p = 347
348	116	3
181	167	0	0.5201149425287356
51	65	0	0.4396551724137931
p = 349
342	57	6
158	184	0	0.4619883040935672
35	22	0	0.6140350877192983
p = 353
333	111	3
173	160	2	0.5195195195195195
59	52	0	0.5315315315315315
p = 359
366	61	6
183	183	0	0.5
33	28	0	0.5409836065573771
p = 367
378	21	18
197	181	2	0.5211640211640212
9	12	0	0.42857142857142855
p = 373
351	117	3
173	178	2	0.4928774928774929
63	54	0	0.5384615384615384
p = 379
351	39	9
181	170	0	0.5156695156695157
23	16	0	0.5897435897435898
p = 383
369	123	3
199	170	2	0.5392953929539296
59	64	0	0.4796747967479675
p = 389
396	132	3
194	202	0	0.4898989898989899
66	66	0	0.5
p = 397
396	33	12
194	202	0	0.4898989898989899
15	18	0	0.45454545454545453
p = 401
414	69	6
202	212	2	0.48792270531400966
39	30	2	0.5652173913043478
p = 409
414	69	6
218	196	2	0.5265700483091788
33	36	0	0.4782608695652174
p = 419
399	133	3
189	210	0	0.47368421052631576
69	64	0	0.518796992481203
p = 421
432	8	54
235	197	0	0.5439814814814815
1	7	0	0.125
p = 431
444	37	12
239	205	0	0.5382882882882883
23	14	0	0.6216216216216216
p = 433
450	50	9
236	214	0	0.5244444444444445
30	20	0	0.6
p = 439
468	13	36
228	240	0	0.48717948717948717
9	4	0	0.6923076923076923
p = 443
462	154	3
229	233	2	0.49567099567099565
79	75	0	0.512987012987013
p = 449
450	50	9
222	228	0	0.49333333333333335
26	24	0	0.52
p = 457
432	24	18
213	219	0	0.4930555555555556
14	10	0	0.5833333333333334
p = 461
447	149	3
217	230	2	0.4854586129753915
65	84	0	0.436241610738255
p = 463
459	17	27
229	230	2	0.4989106753812636
3	14	0	0.17647058823529413
p = 467
492	82	6
260	232	0	0.5284552845528455
39	43	0	0.47560975609756095
p = 479
459	153	3
217	242	0	0.47276688453159044
83	70	0	0.5424836601307189
p = 487
504	84	6
249	255	2	0.49404761904761907
47	37	0	0.5595238095238095
p = 491
516	172	3
257	259	0	0.49806201550387597
93	79	0	0.5406976744186046
p = 499
495	33	15
245	250	2	0.494949494949495
11	22	0	0.3333333333333333
p = 503
477	53	9
227	250	2	0.4758909853249476
27	26	0	0.5094339622641509
p = 509
549	183	3
277	272	2	0.5045537340619308
105	78	0	0.5737704918032787
p = 521
561	187	3
273	288	0	0.48663101604278075
101	86	0	0.5401069518716578
p = 523
540	20	27
269	271	2	0.4981481481481482
9	11	0	0.45
p = 541
585	195	3
299	286	2	0.5111111111111111
109	86	0	0.558974358974359
p = 547
549	183	3
283	266	2	0.5154826958105647
103	80	0	0.5628415300546448
p = 557
570	95	6
277	293	0	0.48596491228070177
43	52	0	0.45263157894736844
p = 563
564	94	6
278	286	0	0.4929078014184397
48	46	0	0.5106382978723404
p = 569
552	23	24
291	261	0	0.5271739130434783
9	14	0	0.391304347826087
p = 571
549	183	3
285	264	0	0.5191256830601093
89	94	0	0.48633879781420764
p = 577
594	11	54
283	311	0	0.4764309764309764
5	6	0	0.45454545454545453
p = 587
600	20	30
306	294	0	0.51
9	11	0	0.45
p = 593
609	203	3
295	314	2	0.48440065681444994
105	98	0	0.5172413793103449
p = 599
618	206	3
295	323	2	0.4773462783171521
97	109	0	0.470873786407767
p = 601
594	198	3
290	304	0	0.4882154882154882
96	102	0	0.48484848484848486
p = 607
648	216	3
310	338	0	0.4783950617283951
106	110	0	0.49074074074074076
p = 613
648	36	18
330	318	2	0.5092592592592593
15	21	0	0.4166666666666667
p = 617
588	49	12
283	305	0	0.4812925170068027
27	22	0	0.5510204081632653
p = 619
630	210	3
320	310	0	0.5079365079365079
104	106	0	0.49523809523809526
p = 631
639	71	9
335	304	2	0.5242566510172144
35	36	0	0.49295774647887325
p = 641
612	12	51
316	296	2	0.5163398692810458
8	4	0	0.6666666666666666
p = 643
630	21	30
305	325	2	0.48412698412698413
9	12	2	0.42857142857142855
p = 647
624	104	6
321	303	2	0.5144230769230769
57	47	0	0.5480769230769231
p = 653
630	210	3
311	319	0	0.4936507936507937
99	111	0	0.4714285714285714
p = 659
636	53	12
322	314	2	0.5062893081761006
19	34	0	0.3584905660377358
p = 661
630	14	45
315	315	0	0.5
9	5	0	0.6428571428571429
p = 673
648	18	36
317	331	0	0.48919753086419754
11	7	0	0.6111111111111112
p = 677
660	110	6
310	350	2	0.4696969696969697
67	43	0	0.6090909090909091
p = 683
696	8	87
363	333	0	0.521551724137931
3	5	0	0.375
p = 691
648	24	27
334	314	0	0.5154320987654321
8	16	0	0.3333333333333333
p = 701
738	82	9
348	390	0	0.4715447154471545
42	40	0	0.5121951219512195
p = 709
711	237	3
347	364	0	0.4880450070323488
121	116	0	0.510548523206751
p = 719
753	251	3
393	360	2	0.5219123505976095
137	114	0	0.545816733067729
p = 727
738	246	3
396	342	2	0.5365853658536586
116	130	0	0.4715447154471545
p = 733
702	39	18
348	354	0	0.49572649572649574
23	16	0	0.5897435897435898
p = 739
720	30	24
342	378	0	0.475
11	19	0	0.36666666666666664
p = 743
750	250	3
383	367	2	0.5106666666666667
121	129	0	0.484
p = 751
756	126	6
369	387	2	0.4880952380952381
69	57	0	0.5476190476190477
p = 757
711	79	9
363	348	2	0.510548523206751
49	30	0	0.620253164556962
p = 761
711	237	3
373	338	2	0.5246132208157525
139	98	2	0.5864978902953587
p = 769
810	45	18
406	404	0	0.5012345679012346
31	14	0	0.6888888888888889
p = 773
795	265	3
395	400	0	0.4968553459119497
147	118	0	0.5547169811320755
p = 787
774	129	6
368	406	2	0.4754521963824289
63	66	0	0.4883720930232558
p = 797
804	134	6
420	384	2	0.5223880597014925
64	70	0	0.47761194029850745
p = 809
804	67	12
404	400	2	0.5024875621890548
33	34	2	0.4925373134328358
p = 811
864	32	27
428	436	2	0.49537037037037035
16	16	0	0.5
p = 821
786	131	6
382	404	2	0.4860050890585242
75	56	0	0.5725190839694656
p = 823
819	273	3
385	434	0	0.4700854700854701
117	156	0	0.42857142857142855
p = 827
792	88	9
420	372	2	0.5303030303030303
50	38	0	0.5681818181818182
p = 829
828	276	3
398	430	0	0.4806763285024155
142	134	0	0.5144927536231884
p = 839
861	287	3
423	438	2	0.4912891986062718
129	158	0	0.44947735191637633
p = 853
810	45	18
430	380	0	0.5308641975308642
31	14	0	0.6888888888888889
p = 857
855	285	3
451	404	2	0.5274853801169591
153	132	2	0.5368421052631579
p = 859
882	147	6
434	448	2	0.49206349206349204
71	76	0	0.48299319727891155
p = 863
870	145	6
432	438	0	0.496551724137931
79	66	0	0.5448275862068965
p = 877
909	303	3
437	472	2	0.4807480748074808
143	160	0	0.47194719471947194
p = 881
864	48	18
453	411	0	0.5243055555555556
34	14	0	0.7083333333333334
p = 883
891	99	9
431	460	0	0.4837261503928171
55	44	0	0.5555555555555556
p = 887
909	303	3
467	442	2	0.5137513751375138
171	132	0	0.5643564356435643
p = 907
963	321	3
485	478	2	0.5036344755970924
179	142	0	0.557632398753894
p = 911
942	314	3
449	493	2	0.47664543524416136
155	159	0	0.49363057324840764
p = 919
891	99	9
425	466	2	0.4769921436588103
49	50	0	0.494949494949495
p = 929
903	43	21
439	464	2	0.48615725359911405
27	16	0	0.627906976744186
p = 937
972	108	9
483	489	0	0.49691358024691357
61	47	0	0.5648148148148148
p = 941
969	323	3
481	488	2	0.49638802889576883
169	154	0	0.5232198142414861
p = 947
984	164	6
469	515	0	0.4766260162601626
67	97	0	0.40853658536585363
p = 953
1008	56	18
511	497	0	0.5069444444444444
27	29	0	0.48214285714285715
p = 967
1008	42	24
500	508	0	0.49603174603174605
20	22	0	0.47619047619047616
p = 971
951	317	3
475	476	2	0.49947423764458465
159	158	2	0.501577287066246
p = 977
942	157	6
472	470	2	0.5010615711252654
77	80	0	0.49044585987261147
p = 983
981	327	3
495	486	2	0.5045871559633027
181	146	0	0.5535168195718655
p = 991
945	105	9
459	486	2	0.4857142857142857
45	60	0	0.42857142857142855
p = 997
1008	336	3
501	507	2	0.49702380952380953
159	177	2	0.4732142857142857
p = 1009
981	109	9
477	504	2	0.48623853211009177
67	42	0	0.6146788990825688
p = 1013
1071	51	21
551	520	0	0.5144724556489262
37	14	0	0.7254901960784313
p = 1019
1080	180	6
544	536	2	0.5037037037037037
84	96	0	0.4666666666666667
p = 1021
972	108	9
481	491	0	0.4948559670781893
55	53	0	0.5092592592592593
p = 1031
1008	336	3
481	527	2	0.4771825396825397
153	183	2	0.45535714285714285
p = 1033
999	333	3
513	486	2	0.5135135135135135
163	170	0	0.4894894894894895
p = 1039
1026	38	27
505	521	0	0.4922027290448343
17	21	0	0.4473684210526316
p = 1049
1065	355	3
525	540	0	0.49295774647887325
187	168	0	0.5267605633802817
p = 1051
1080	90	12
518	562	0	0.47962962962962963
42	48	0	0.4666666666666667
p = 1061
1038	173	6
498	540	0	0.4797687861271676
81	92	0	0.4682080924855491
p = 1063
1080	60	18
560	520	2	0.5185185185185185
18	42	0	0.3
p = 1069
1080	30	36
547	533	0	0.5064814814814815
19	11	0	0.6333333333333333
p = 1087
1089	363	3
565	524	0	0.5188246097337006
171	192	0	0.47107438016528924
p = 1091
1059	353	3
527	532	2	0.4976392823418319
157	196	0	0.4447592067988669
p = 1093
1116	186	6
561	555	0	0.5026881720430108
92	94	0	0.4946236559139785
p = 1097
1041	347	3
517	524	0	0.4966378482228626
163	184	0	0.4697406340057637
p = 1103
1122	374	3
560	562	2	0.49910873440285203
198	176	2	0.5294117647058824
p = 1109
1107	369	3
553	554	0	0.4995483288166215
193	176	0	0.5230352303523035
p = 1117
1080	60	18
515	565	0	0.47685185185185186
36	24	0	0.6
p = 1123
1188	396	3
591	597	2	0.49747474747474746
197	199	0	0.49747474747474746
p = 1129
1152	48	24
599	553	0	0.5199652777777778
31	17	0	0.6458333333333334
p = 1151
1155	77	15
565	590	2	0.48917748917748916
45	32	0	0.5844155844155844
p = 1153
1098	366	3
550	548	2	0.5009107468123861
170	196	2	0.4644808743169399
p = 1163
1176	28	42
603	573	0	0.5127551020408163
15	13	0	0.5357142857142857
p = 1171
1143	381	3
565	578	2	0.49431321084864394
185	196	0	0.48556430446194226
p = 1181
1155	385	3
601	554	0	0.5203463203463203
205	180	0	0.5324675324675324
p = 1187
1128	47	24
591	537	0	0.523936170212766
27	20	0	0.574468085106383
p = 1193
1257	419	3
619	638	2	0.492442322991249
221	198	2	0.5274463007159904
p = 1201
1224	12	102
624	600	2	0.5098039215686274
10	2	0	0.8333333333333334
p = 1213
1251	417	3
637	614	0	0.5091926458832934
215	202	0	0.5155875299760192
p = 1217
1212	101	12
584	628	2	0.48184818481848185
65	36	0	0.6435643564356436
p = 1223
1167	389	3
567	600	0	0.48586118251928023
191	198	0	0.4910025706940874
p = 1229
1194	199	6
616	578	2	0.5159128978224455
89	110	2	0.4472361809045226
p = 1231
1260	210	6
617	643	0	0.48968253968253966
91	119	0	0.43333333333333335
p = 1237
1188	66	18
613	575	0	0.515993265993266
37	29	0	0.5606060606060606
p = 1249
1224	51	24
613	611	2	0.5008169934640523
19	32	0	0.37254901960784315
p = 1259
1305	145	9
675	630	2	0.5172413793103449
65	80	0	0.4482758620689655
p = 1277
1263	421	3
629	634	2	0.49802058590657167
207	214	0	0.4916864608076009
p = 1279
1314	438	3
662	652	2	0.5038051750380518
204	234	0	0.4657534246575342
p = 1283
1296	216	6
625	671	2	0.48225308641975306
89	127	2	0.41203703703703703
p = 1289
1320	110	12
640	680	0	0.48484848484848486
54	56	0	0.4909090909090909
p = 1291
1296	144	9
620	676	2	0.4783950617283951
60	84	0	0.4166666666666667
p = 1297
1341	447	3
659	682	2	0.49142431021625654
203	244	0	0.4541387024608501
p = 1301
1272	106	12
622	650	2	0.4889937106918239
51	55	0	0.4811320754716981
p = 1303
1305	87	15
653	652	0	0.5003831417624521
39	48	0	0.4482758620689655
p = 1307
1371	457	3
685	686	2	0.49963530269876005
235	222	0	0.5142231947483589
p = 1319
1311	437	3
649	662	2	0.4950419527078566
237	200	2	0.5423340961098398
p = 1321
1368	456	3
704	664	0	0.5146198830409356
220	236	0	0.4824561403508772
p = 1327
1305	435	3
639	666	0	0.4896551724137931
217	218	0	0.49885057471264366
p = 1361
1332	222	6
642	690	2	0.481981981981982
107	115	0	0.481981981981982
p = 1367
1428	476	3
719	709	0	0.5035014005602241
255	221	0	0.5357142857142857
p = 1373
1398	233	6
703	695	2	0.5028612303290415
107	126	0	0.4592274678111588
p = 1381
1395	93	15
691	704	2	0.4953405017921147
49	44	0	0.5268817204301075
p = 1399
1440	480	3
747	693	0	0.51875
233	247	0	0.48541666666666666
p = 1409
1458	486	3
755	703	2	0.5178326474622771
243	243	0	0.5
p = 1423
1449	483	3
743	706	0	0.5127674258109041
249	234	0	0.515527950310559
p = 1427
1443	481	3
729	714	0	0.5051975051975052
243	238	0	0.5051975051975052
p = 1429
1485	495	3
755	730	2	0.5084175084175084
243	252	0	0.4909090909090909
p = 1433
1443	481	3
727	716	2	0.5038115038115039
245	236	0	0.5093555093555093
p = 1439
1470	245	6
714	756	0	0.4857142857142857
113	132	0	0.46122448979591835
p = 1447
1386	231	6
683	703	2	0.49278499278499277
113	118	0	0.48917748917748916
p = 1451
1452	484	3
738	714	0	0.5082644628099173
230	254	0	0.47520661157024796
p = 1453
1440	30	48
695	745	0	0.4826388888888889
19	11	0	0.6333333333333333
p = 1459
1476	492	3
708	768	0	0.4796747967479675
246	246	0	0.5
p = 1471
1449	69	21
737	712	2	0.5086266390614217
45	24	0	0.6521739130434783
p = 1481
1518	253	6
738	780	0	0.48616600790513836
129	124	0	0.5098814229249012
p = 1483
1458	243	6
698	760	0	0.4787379972565158
121	122	0	0.49794238683127573
p = 1487
1512	126	12
752	760	0	0.4973544973544973
60	66	0	0.47619047619047616
p = 1489
1458	243	6
755	703	0	0.5178326474622771
137	106	0	0.5637860082304527
p = 1493
1428	28	51
750	678	0	0.5252100840336135
18	10	0	0.6428571428571429
p = 1499
1434	239	6
705	729	0	0.4916317991631799
141	98	0	0.5899581589958159
p = 1511
1449	7	207
739	710	2	0.5100069013112492
5	2	0	0.7142857142857143
p = 1523
1512	126	12
730	782	0	0.4828042328042328
48	78	0	0.38095238095238093
p = 1531
1584	44	36
761	823	2	0.48042929292929293
21	23	0	0.4772727272727273
p = 1543
1548	172	9
764	784	0	0.4935400516795866
88	84	0	0.5116279069767442
p = 1549
1620	18	90
783	837	0	0.48333333333333334
11	7	0	0.6111111111111112
p = 1553
1488	124	12
727	761	0	0.4885752688172043
88	36	0	0.7096774193548387
p = 1559
1533	511	3
769	764	0	0.5016307893020222
273	238	0	0.5342465753424658
p = 1567
1530	85	18
802	728	2	0.5241830065359477
47	38	0	0.5529411764705883
p = 1571
1635	545	3
805	830	2	0.4923547400611621
277	268	0	0.5082568807339449
p = 1579
1575	525	3
817	758	0	0.5187301587301587
285	240	0	0.5428571428571428
p = 1583
1530	5	306
732	798	0	0.47843137254901963
1	4	0	0.2
p = 1597
1629	543	3
827	802	0	0.5076734192756293
277	266	0	0.5101289134438306
p = 1601
1536	256	6
761	775	0	0.4954427083333333
148	108	0	0.578125
p = 1607
1662	277	6
792	870	0	0.47653429602888087
133	144	0	0.48014440433212996
p = 1609
1548	258	6
795	753	2	0.5135658914728682
147	111	0	0.5697674418604651
p = 1613
1647	549	3
799	848	2	0.4851244687310261
269	280	0	0.4899817850637523
p = 1619
1662	554	3
869	793	2	0.5228640192539109
301	253	2	0.5433212996389891
p = 1621
1647	183	9
847	800	2	0.5142683667273831
95	88	2	0.5191256830601093
p = 1627
1566	87	18
770	796	2	0.49169859514687103
43	44	0	0.4942528735632184
p = 1637
1584	44	36
825	759	0	0.5208333333333334
22	22	0	0.5
p = 1657
1692	141	12
829	863	2	0.48995271867612294
71	70	0	0.5035460992907801
p = 1663
1620	54	30
849	771	2	0.524074074074074
39	15	0	0.7222222222222222
p = 1667
1626	271	6
794	832	2	0.4883148831488315
121	150	0	0.44649446494464945
p = 1669
1746	291	6
884	862	2	0.5063001145475372
147	144	0	0.5051546391752577
p = 1693
1620	36	45
784	836	0	0.4839506172839506
18	18	0	0.5
p = 1697
1680	140	12
821	859	0	0.4886904761904762
76	64	0	0.5428571428571428
p = 1699
1656	276	6
831	825	2	0.5018115942028986
123	153	0	0.44565217391304346
p = 1709
1710	19	90
859	851	2	0.5023391812865498
9	10	0	0.47368421052631576
p = 1721
1752	73	24
865	887	0	0.4937214611872146
27	46	0	0.3698630136986301
p = 1723
1647	61	27
827	820	2	0.5021250758955677
31	30	0	0.5081967213114754
p = 1733
1680	5	336
821	859	0	0.4886904761904762
1	4	0	0.2
p = 1741
1782	594	3
882	900	0	0.494949494949495
298	296	0	0.5016835016835017
p = 1747
1764	294	6
872	892	0	0.4943310657596372
154	140	0	0.5238095238095238
p = 1753
1782	66	27
894	888	2	0.5016835016835017
36	30	0	0.5454545454545454
p = 1759
1737	579	3
841	896	2	0.48416810592976395
275	304	0	0.4749568221070812
p = 1777
1836	17	108
880	956	0	0.4793028322440087
13	4	0	0.7647058823529411
p = 1783
1782	198	9
920	862	2	0.5162738496071829
102	96	0	0.5151515151515151
p = 1787
1728	576	3
836	892	2	0.4837962962962963
270	306	2	0.46875
p = 1789
1755	195	9
853	902	0	0.486039886039886
91	104	0	0.4666666666666667
p = 1801
1791	597	3
915	876	0	0.5108877721943048
323	274	0	0.541038525963149
p = 1811
1767	589	3
885	882	0	0.5008488964346349
269	320	0	0.4567062818336163
p = 1823
1815	605	3
917	898	2	0.5052341597796143
325	280	2	0.5371900826446281
p = 1831
1845	615	3
885	960	2	0.4796747967479675
293	322	2	0.4764227642276423
p = 1847
1905	127	15
927	978	2	0.48661417322834644
69	58	0	0.5433070866141733
p = 1861
1926	321	6
965	961	0	0.5010384215991692
167	154	0	0.5202492211838006
p = 1867
1818	303	6
928	890	0	0.5104510451045104
155	148	0	0.5115511551155115
p = 1871
1860	5	372
940	920	2	0.5053763440860215
3	2	0	0.6
p = 1873
1845	615	3
953	892	2	0.5165311653116531
309	306	0	0.5024390243902439
p = 1877
1848	616	3
958	890	2	0.5183982683982684
318	298	0	0.5162337662337663
p = 1879
1926	321	6
945	981	0	0.49065420560747663
161	160	0	0.5015576323987538
p = 1889
1863	207	9
919	944	2	0.4932903918411165
109	98	0	0.5265700483091788
p = 1901
1908	159	12
933	975	0	0.4889937106918239
71	88	0	0.44654088050314467
p = 1907
1911	637	3
989	922	2	0.5175300889586604
349	288	0	0.5478806907378336
p = 1913
1908	636	3
937	971	2	0.4910901467505241
307	329	2	0.4827044025157233
p = 1931
1983	661	3
1023	960	0	0.5158850226928896
351	310	0	0.5310136157337367
p = 1933
1899	633	3
971	928	0	0.5113217482885729
325	308	0	0.5134281200631912
p = 1949
1995	665	3
975	1020	0	0.48872180451127817
305	360	0	0.45864661654135336
p = 1951
1890	7	270
978	912	2	0.5174603174603175
5	2	0	0.7142857142857143
p = 1973
1977	659	3
1019	958	0	0.5154274152756702
331	328	0	0.5022761760242792
p = 1979
1923	641	3
985	938	0	0.5122204888195527
335	306	0	0.5226209048361935
p = 1987
1962	654	3
1013	949	2	0.5163098878695209
329	325	2	0.5030581039755352
p = 1993
1998	222	9
1041	957	0	0.521021021021021
135	87	0	0.6081081081081081
p = 1997
1986	331	6
957	1029	0	0.4818731117824773
157	174	0	0.4743202416918429
p = 1999
2016	336	6
996	1020	0	0.49404761904761907
151	185	0	0.4494047619047619
p = 2003
1956	652	3
979	977	2	0.5005112474437627
347	305	2	0.5322085889570553
p = 2011
1971	219	9
1005	966	2	0.5098934550989346
113	106	0	0.5159817351598174
p = 2017
2052	6	342
1011	1041	0	0.4926900584795322
3	3	0	0.5
p = 2027
2088	348	6
1057	1031	0	0.5062260536398467
171	177	0	0.49137931034482757
p = 2029
2052	114	18
1010	1042	2	0.4922027290448343
60	54	0	0.5263157894736842
p = 2039
2088	696	3
1046	1042	2	0.5009578544061303
350	346	0	0.5028735632183908
p = 2053
2016	12	168
1029	987	0	0.5104166666666666
10	2	0	0.8333333333333334
p = 2063
2100	50	42
1020	1080	0	0.4857142857142857
18	32	0	0.36
p = 2069
2082	694	3
1069	1013	0	0.5134486071085494
385	309	0	0.5547550432276657
p = 2081
2064	43	48
1033	1031	2	0.500484496124031
25	18	0	0.5813953488372093
p = 2083
2115	705	3
1067	1048	0	0.5044917257683215
347	358	0	0.4921985815602837
p = 2087
2124	59	36
1078	1046	0	0.507532956685499
37	22	0	0.6271186440677966
p = 2089
2088	348	6
1075	1013	0	0.5148467432950191
197	151	0	0.5660919540229885
p = 2099
2085	695	3
1065	1020	2	0.5107913669064749
369	326	0	0.5309352517985612
p = 2111
2094	349	6
1091	1003	2	0.5210124164278892
163	186	0	0.4670487106017192
p = 2113
2124	708	3
1045	1079	2	0.4919962335216573
355	353	2	0.501412429378531
p = 2129
2118	353	6
1047	1071	2	0.4943342776203966
185	168	0	0.5240793201133145
p = 2131
2106	117	18
1053	1053	2	0.5
69	48	0	0.5897435897435898
p = 2137
2133	711	3
1079	1054	2	0.5058602906704173
351	360	0	0.4936708860759494
p = 2141
2079	77	27
1053	1026	2	0.5064935064935064
37	40	0	0.4805194805194805
p = 2143
2232	124	18
1108	1124	0	0.496415770609319
63	61	0	0.5080645161290323
p = 2153
2142	714	3
1051	1091	2	0.4906629318394024
323	391	0	0.4523809523809524
p = 2161
2124	177	12
1052	1072	0	0.4952919020715631
89	88	0	0.5028248587570622
p = 2179
2241	249	9
1123	1118	2	0.50111557340473
149	100	0	0.5983935742971888
p = 2203
2124	177	12
1097	1027	0	0.5164783427495292
101	76	0	0.5706214689265536
p = 2207
2190	730	3
1060	1130	2	0.4840182648401826
352	378	0	0.4821917808219178
p = 2213
2160	240	9
1109	1051	0	0.513425925925926
129	111	0	0.5375
p = 2221
2232	372	6
1127	1105	0	0.5049283154121864
176	196	0	0.4731182795698925
p = 2237
2292	764	3
1151	1141	2	0.5021815008726004
375	389	0	0.4908376963350785
p = 2239
2214	246	9
1101	1113	0	0.497289972899729
121	125	0	0.491869918699187
p = 2243
2187	729	3
1087	1100	2	0.4970278920896205
351	378	2	0.48148148148148145
p = 2251
2187	81	27
1127	1060	0	0.5153177869227252
37	44	0	0.4567901234567901
p = 2267
2313	257	9
1173	1140	2	0.5071335927367056
113	144	0	0.4396887159533074
p = 2269
2304	64	36
1150	1154	2	0.4991319444444444
30	34	0	0.46875
p = 2273
2223	741	3
1101	1122	2	0.49527665317139
377	364	0	0.5087719298245614
p = 2281
2286	381	6
1152	1134	2	0.5039370078740157
173	208	0	0.4540682414698163
p = 2287
2376	132	18
1178	1198	2	0.4957912457912458
52	80	0	0.3939393939393939
p = 2293
2259	753	3
1133	1126	0	0.5015493581230633
351	402	0	0.46613545816733065
p = 2297
2220	740	3
1135	1085	2	0.5112612612612613
369	371	0	0.49864864864864866
p = 2309
2289	763	3
1097	1192	0	0.47924858016601135
347	416	0	0.45478374836173
p = 2311
2376	33	72
1200	1176	0	0.5050505050505051
19	14	0	0.5757575757575758
p = 2333
2316	386	6
1126	1190	2	0.48618307426597585
190	196	0	0.49222797927461137
p = 2339
2358	262	9
1170	1188	0	0.4961832061068702
120	142	0	0.4580152671755725
p = 2341
2322	129	18
1172	1150	0	0.5047372954349698
63	66	0	0.4883720930232558
p = 2347
2277	759	3
1125	1152	0	0.49407114624505927
379	380	0	0.4993412384716733
p = 2351
2391	797	3
1179	1212	0	0.493099121706399
417	380	0	0.5232120451693852
p = 2357
2436	406	6
1198	1238	2	0.4917898193760263
194	212	0	0.47783251231527096
p = 2371
2340	156	15
1152	1188	0	0.49230769230769234
76	80	0	0.48717948717948717
p = 2377
2313	771	3
1161	1152	2	0.5019455252918288
359	412	0	0.4656290531776913
p = 2381
2460	410	6
1271	1189	0	0.5166666666666667
209	201	0	0.5097560975609756
p = 2383
2430	270	9
1204	1226	0	0.49547325102880657
132	138	0	0.4888888888888889
p = 2389
2331	777	3
1149	1182	0	0.4929214929214929
405	372	0	0.5212355212355212
p = 2393
2421	269	9
1183	1238	2	0.4886410574142916
145	124	0	0.5390334572490706
p = 2399
2412	201	12
1195	1217	2	0.49543946932006633
113	88	0	0.5621890547263682
p = 2411
2361	787	3
1149	1212	2	0.4866581956797967
393	394	2	0.4993646759847522
p = 2417
2466	411	6
1195	1271	2	0.4845904298459043
201	210	0	0.48905109489051096
p = 2423
2418	806	3
1222	1196	0	0.5053763440860215
390	416	0	0.4838709677419355
p = 2437
2511	837	3
1247	1264	0	0.4966148944643568
401	436	0	0.47909199522102747
p = 2441
2451	817	3
1199	1252	0	0.48918808649530804
419	398	0	0.5128518971848225
p = 2447
2460	820	3
1219	1241	2	0.49552845528455286
409	411	0	0.49878048780487805
p = 2459
2532	211	12
1257	1275	2	0.49644549763033174
109	102	0	0.5165876777251185
p = 2467
2520	210	12
1243	1277	2	0.4932539682539683
103	107	0	0.49047619047619045
p = 2473
2565	285	9
1275	1290	0	0.49707602339181284
145	140	0	0.5087719298245614
p = 2477
2445	815	3
1247	1198	2	0.5100204498977505
413	402	2	0.5067484662576687
p = 2503
2493	831	3
1295	1198	2	0.5194544725230645
425	406	0	0.5114320096269555
p = 2521
2511	279	9
1277	1234	0	0.5085623257666269
145	134	0	0.5197132616487455
p = 2531
2628	438	6
1322	1306	2	0.5030441400304414
228	210	0	0.5205479452054794
p = 2539
2448	816	3
1210	1238	2	0.494281045751634
388	428	0	0.47549019607843135
p = 2543
2610	870	3
1311	1299	0	0.5022988505747127
459	411	0	0.5275862068965518
p = 2549
2490	830	3
1225	1265	0	0.4919678714859438
415	415	0	0.5
p = 2551
2520	840	3
1252	1268	2	0.49682539682539684
422	418	0	0.5023809523809524
p = 2557
2520	210	12
1277	1243	0	0.5067460317460317
127	83	0	0.6047619047619047
p = 2579
2544	212	12
1262	1282	0	0.4960691823899371
110	102	0	0.5188679245283019
p = 2591
2664	296	9
1339	1325	2	0.5026276276276276
163	133	0	0.5506756756756757
p = 2593
2502	834	3
1252	1250	2	0.5003996802557954
408	426	2	0.4892086330935252
p = 2609
2688	28	96
1313	1375	0	0.4884672619047619
14	14	0	0.5
p = 2617
2646	147	18
1355	1291	2	0.5120937263794406
77	70	0	0.5238095238095238
p = 2621
2547	849	3
1297	1250	2	0.5092265410286612
409	440	0	0.4817432273262662
p = 2633
2712	904	3
1371	1341	0	0.5055309734513275
479	425	0	0.5298672566371682
p = 2647
2664	74	36
1358	1306	0	0.5097597597597597
33	41	0	0.44594594594594594
p = 2657
2592	432	6
1343	1249	0	0.5181327160493827
241	191	0	0.5578703703703703
p = 2659
2646	441	6
1373	1273	0	0.518896447467876
207	234	0	0.46938775510204084
p = 2663
2640	44	60
1288	1352	0	0.48787878787878786
24	20	0	0.5454545454545454
p = 2671
2736	456	6
1345	1391	2	0.49159356725146197
235	221	0	0.5153508771929824
p = 2677
2754	306	9
1381	1373	0	0.5014524328249819
137	169	0	0.4477124183006536
p = 2683
2583	861	3
1299	1284	0	0.502903600464576
447	414	0	0.519163763066202
p = 2687
2784	464	6
1416	1368	0	0.5086206896551724
257	207	0	0.5538793103448276
p = 2689
2691	897	3
1365	1326	0	0.5072463768115942
453	444	0	0.5050167224080268
p = 2693
2640	88	30
1292	1348	2	0.4893939393939394
36	52	0	0.4090909090909091
p = 2699
2694	449	6
1306	1388	0	0.48478099480326653
227	222	0	0.5055679287305123
p = 2707
2736	912	3
1360	1376	0	0.49707602339181284
436	476	0	0.4780701754385965
p = 2711
2730	910	3
1399	1331	2	0.5124542124542124
433	477	0	0.4758241758241758
p = 2713
2772	462	6
1372	1400	2	0.494949494949495
240	222	0	0.5194805194805194
p = 2719
2790	465	6
1400	1390	0	0.5017921146953405
241	224	0	0.5182795698924731
p = 2729
2733	911	3
1393	1340	2	0.5096963044273692
451	460	0	0.4950603732162459
p = 2731
2808	234	12
1366	1442	0	0.48646723646723644
113	121	0	0.4829059829059829
p = 2741
2760	460	6
1408	1352	0	0.5101449275362319
208	252	0	0.45217391304347826
p = 2749
2754	459	6
1345	1409	0	0.48838053740014525
227	232	0	0.49455337690631807
p = 2753
2778	463	6
1363	1415	2	0.4906407487401008
233	230	0	0.5032397408207343
p = 2767
2727	909	3
1403	1324	0	0.5144847818115145
483	426	0	0.5313531353135313
p = 2777
2763	921	3
1389	1374	2	0.50271444082519
479	442	0	0.5200868621064061
p = 2789
2856	476	6
1419	1437	0	0.49684873949579833
244	232	0	0.5126050420168067
p = 2791
2790	186	15
1386	1404	2	0.4967741935483871
84	102	0	0.45161290322580644
p = 2797
2781	309	9
1377	1404	2	0.49514563106796117
149	160	2	0.48220064724919093
p = 2801
2796	233	12
1373	1423	2	0.49105865522174535
129	104	0	0.5536480686695279
p = 2803
2880	48	60
1460	1420	0	0.5069444444444444
26	22	0	0.5416666666666666
p = 2819
2784	464	6
1380	1404	0	0.4956896551724138
215	249	0	0.46336206896551724
p = 2833
2898	483	6
1412	1486	0	0.48723257418909593
247	236	0	0.5113871635610766
p = 2837
2838	946	3
1374	1464	2	0.48414376321353064
466	480	0	0.492600422832981
p = 2843
2772	308	9
1410	1362	0	0.5086580086580087
144	164	0	0.4675324675324675
p = 2851
2799	933	3
1351	1448	0	0.4826723829939264
475	458	0	0.5091103965702036
p = 2857
2835	945	3
1371	1464	0	0.4835978835978836
451	494	0	0.47724867724867726
p = 2861
2832	472	6
1408	1424	2	0.4971751412429379
220	252	0	0.4661016949152542
p = 2879
2796	932	3
1433	1363	0	0.5125178826895566
487	445	0	0.5225321888412017
p = 2887
2862	954	3
1451	1411	0	0.5069881201956674
499	455	0	0.5230607966457023
p = 2897
2961	329	9
1449	1512	0	0.48936170212765956
159	170	0	0.48328267477203646
p = 2903
2844	474	6
1404	1440	0	0.4936708860759494
246	228	0	0.5189873417721519
p = 2909
2898	966	3
1402	1496	0	0.48378191856452724
478	488	0	0.494824016563147
p = 2917
2844	948	3
1431	1413	0	0.5031645569620253
479	469	0	0.5052742616033755
p = 2927
2976	992	3
1505	1471	2	0.5057123655913979
489	503	0	0.49294354838709675
p = 2939
2973	991	3
1445	1528	2	0.4860410359905819
449	542	2	0.4530776992936428
p = 2953
2970	330	9
1485	1485	2	0.5
185	145	0	0.5606060606060606
p = 2957
3003	1001	3
1471	1532	2	0.48984348984348985
455	546	0	0.45454545454545453
p = 2963
2892	241	12
1473	1419	0	0.5093360995850622
119	122	0	0.49377593360995853
p = 2969
2952	328	9
1459	1493	2	0.4942411924119241
153	175	0	0.46646341463414637
p = 2971
3042	169	18
1551	1491	2	0.5098619329388561
81	88	0	0.47928994082840237
p = 2999
2952	123	24
1473	1479	2	0.49898373983739835
71	52	0	0.5772357723577236
p = 3001
3078	171	18
1505	1573	0	0.4889538661468486
87	84	0	0.5087719298245614
p = 3011
3000	1000	3
1518	1482	0	0.506
524	476	0	0.524
p = 3019
3024	84	36
1501	1523	2	0.49636243386243384
44	40	0	0.5238095238095238
p = 3023
3024	168	18
1513	1511	2	0.5003306878306878
71	97	0	0.4226190476190476
p = 3037
3024	168	18
1497	1527	2	0.49503968253968256
85	83	0	0.5059523809523809
p = 3041
3036	506	6
1526	1510	2	0.502635046113307
255	251	0	0.5039525691699605
p = 3049
3051	339	9
1515	1536	2	0.49655850540806296
171	168	0	0.504424778761062
p = 3061
3141	1047	3
1559	1582	2	0.49633874562241326
551	496	0	0.5262655205348615
p = 3067
3159	351	9
1561	1598	2	0.49414371636593857
193	158	0	0.5498575498575499
p = 3079
3060	170	18
1538	1522	2	0.5026143790849673
82	88	0	0.4823529411764706
p = 3083
3048	508	6
1483	1565	2	0.4865485564304462
255	253	0	0.5019685039370079
p = 3089
3108	259	12
1559	1549	0	0.5016087516087516
119	140	0	0.4594594594594595
p = 3109
3105	23	135
1539	1566	2	0.4956521739130435
15	8	0	0.6521739130434783
p = 3119
3102	1034	3
1578	1524	0	0.5087040618955513
526	508	0	0.5087040618955513
p = 3121
3078	1026	3
1559	1519	2	0.5064977257959714
499	527	0	0.48635477582846004
p = 3137
3216	268	12
1635	1581	0	0.5083955223880597
141	127	0	0.5261194029850746
p = 3163
3078	57	54
1553	1525	0	0.50454840805718
23	34	0	0.40350877192982454
p = 3167
3171	1057	3
1569	1602	0	0.49479659413434246
543	514	0	0.5137180700094608
p = 3169
3168	264	12
1542	1626	2	0.48674242424242425
156	108	0	0.5909090909090909
p = 3181
3150	1050	3
1556	1594	2	0.49396825396825395
552	498	2	0.5257142857142857
p = 3187
3096	86	36
1551	1545	2	0.500968992248062
35	51	0	0.4069767441860465
p = 3191
3216	268	12
1624	1592	0	0.5049751243781094
152	116	0	0.5671641791044776
p = 3203
3162	527	6
1594	1568	0	0.5041113219481341
283	244	0	0.5370018975332068
p = 3209
3120	260	12
1571	1549	0	0.503525641025641
131	129	0	0.5038461538461538
p = 3217
3168	176	18
1545	1623	0	0.4876893939393939
83	93	0	0.4715909090909091
p = 3221
3114	173	18
1532	1582	0	0.4919717405266538
103	70	0	0.5953757225433526
p = 3229
3159	351	9
1551	1608	2	0.49097815764482433
187	164	0	0.5327635327635327
p = 3251
3339	1113	3
1665	1674	2	0.49865229110512127
577	536	0	0.518418688230009
p = 3253
3222	1074	3
1660	1562	0	0.5152079453755432
584	490	0	0.5437616387337058
p = 3257
3318	553	6
1688	1630	2	0.5087402049427366
293	260	0	0.5298372513562387
p = 3259
3285	1095	3
1679	1606	0	0.5111111111111111
551	544	0	0.5031963470319635
p = 3271
3312	552	6
1661	1651	2	0.5015096618357487
247	305	0	0.447463768115942
p = 3299
3276	273	12
1650	1626	0	0.5036630036630036
129	144	0	0.4725274725274725
p = 3301
3348	279	12
1661	1687	0	0.49611708482676226
149	130	0	0.5340501792114696
p = 3307
3276	21	156
1627	1649	0	0.49664224664224665
9	12	0	0.42857142857142855
p = 3313
3339	1113	3
1699	1640	0	0.5088349805330937
551	562	0	0.4950584007187781
p = 3319
3375	375	9
1695	1680	2	0.5022222222222222
203	172	0	0.5413333333333333
p = 3323
3360	140	24
1709	1651	2	0.5086309523809524
64	76	0	0.45714285714285713
p = 3329
3432	572	6
1672	1760	2	0.48717948717948717
286	286	0	0.5
p = 3331
3366	187	18
1720	1646	0	0.5109922756981581
99	88	0	0.5294117647058824
p = 3343
3339	1113	3
1659	1680	2	0.4968553459119497
543	570	2	0.48787061994609165
p = 3347
3402	126	27
1702	1700	0	0.5002939447383892
60	66	0	0.47619047619047616
p = 3359
3255	155	21
1603	1652	2	0.4924731182795699
79	76	0	0.5096774193548387
p = 3361
3348	558	6
1699	1649	0	0.5074671445639187
312	246	0	0.5591397849462365
p = 3371
3300	55	60
1675	1625	2	0.5075757575757576
37	18	0	0.6727272727272727
p = 3373
3456	128	27
1760	1696	0	0.5092592592592593
68	60	0	0.53125
p = 3389
3396	283	12
1701	1695	0	0.5008833922261484
145	138	0	0.5123674911660777
p = 3391
3312	1104	3
1641	1671	2	0.4954710144927536
557	547	2	0.5045289855072463
p = 3407
3501	1167	3
1715	1786	2	0.4898600399885747
565	602	0	0.48414738646101113
p = 3413
3510	1170	3
1744	1766	2	0.49686609686609684
588	582	2	0.5025641025641026
p = 3433
3384	1128	3
1678	1706	0	0.4958628841607565
584	544	0	0.5177304964539007
p = 3449
3441	1147	3
1745	1696	0	0.5071200232490555
563	584	0	0.4908456843940715
p = 3457
3456	384	9
1676	1780	2	0.4849537037037037
196	188	0	0.5104166666666666
p = 3461
3399	1133	3
1689	1710	2	0.4969108561341571
559	574	0	0.49338040600176525
p = 3463
3492	291	12
1700	1792	2	0.4868270332187858
135	156	0	0.4639175257731959
p = 3467
3504	73	48
1745	1759	0	0.4980022831050228
39	34	0	0.5342465753424658
p = 3469
3456	24	144
1703	1753	0	0.4927662037037037
5	19	0	0.20833333333333334
p = 3491
3507	1169	3
1759	1748	2	0.5015682919874537
575	594	0	0.49187339606501285
p = 3499
3600	1200	3
1792	1808	0	0.49777777777777776
598	602	0	0.49833333333333335
p = 3511
3519	69	51
1741	1778	2	0.4947428246660983
35	34	0	0.5072463768115942
p = 3517
3546	591	6
1832	1714	2	0.5166384658770445
295	296	0	0.49915397631133673
p = 3527
3501	389	9
1769	1732	2	0.5052842045129963
211	178	0	0.5424164524421594
p = 3529
3564	22	162
1834	1730	2	0.5145903479236813
11	11	0	0.5
p = 3533
3573	1191	3
1837	1736	2	0.5141337811363
611	580	0	0.5130142737195634
p = 3539
3582	1194	3
1765	1817	2	0.49274148520379674
589	605	2	0.4932998324958124
p = 3541
3528	1176	3
1748	1780	0	0.4954648526077097
568	608	0	0.48299319727891155
p = 3547
3528	294	12
1785	1743	2	0.5059523809523809
129	165	0	0.4387755102040816
p = 3557
3516	1172	3
1780	1736	2	0.5062571103526735
602	570	0	0.5136518771331058
p = 3559
3492	582	6
1744	1748	2	0.49942726231386025
272	310	0	0.46735395189003437
p = 3571
3591	1197	3
1745	1846	0	0.4859370648844333
559	638	0	0.467000835421888
p = 3581
3540	1180	3
1767	1773	0	0.49915254237288137
585	595	0	0.4957627118644068
p = 3583
3672	136	27
1855	1817	2	0.5051742919389978
75	61	0	0.5514705882352942
p = 3593
3648	1216	3
1872	1776	0	0.5131578947368421
650	566	0	0.5345394736842105
p = 3607
3663	1221	3
1795	1868	0	0.49003549003549
607	614	0	0.49713349713349714
p = 3613
3663	1221	3
1805	1858	0	0.49276549276549275
609	612	0	0.4987714987714988
p = 3617
3561	1187	3
1821	1740	0	0.5113732097725358
621	566	0	0.523167649536647
p = 3623
3570	1190	3
1800	1770	0	0.5042016806722689
620	570	0	0.5210084033613446
p = 3631
3654	1218	3
1832	1822	0	0.5013683634373289
588	630	0	0.4827586206896552
p = 3637
3663	1221	3
1869	1794	0	0.5102375102375102
649	572	0	0.5315315315315315
p = 3643
3672	408	9
1816	1856	0	0.49455337690631807
198	210	0	0.4852941176470588
p = 3659
3735	249	15
1907	1828	2	0.5105756358768407
139	110	0	0.5582329317269076
p = 3671
3765	1255	3
1895	1870	0	0.5033200531208499
641	614	0	0.5107569721115538
p = 3673
3600	1200	3
1832	1768	0	0.5088888888888888
622	578	0	0.5183333333333333
p = 3677
3654	1218	3
1836	1818	0	0.5024630541871922
650	568	0	0.5336617405582923
p = 3691
3609	1203	3
1819	1790	2	0.5040177334441673
643	560	2	0.5344970906068163
p = 3697
3771	1257	3
1931	1840	2	0.5120657650490587
639	618	0	0.5083532219570406
p = 3701
3792	632	6
1858	1934	2	0.4899789029535865
311	321	2	0.4920886075949367
p = 3709
3780	105	36
1845	1935	0	0.4880952380952381
57	48	0	0.5428571428571428
p = 3719
3648	1216	3
1876	1772	2	0.5142543859649122
586	630	0	0.4819078947368421
p = 3727
3636	1212	3
1778	1858	0	0.488998899889989
588	624	0	0.48514851485148514
p = 3733
3708	103	36
1842	1866	2	0.4967637540453074
55	48	0	0.5339805825242718
p = 3739
3816	318	12
1918	1898	0	0.5026205450733753
157	161	0	0.4937106918238994
p = 3761
3714	1238	3
1914	1800	0	0.5153473344103393
598	640	0	0.48303715670436187
p = 3767
3882	647	6
1902	1980	0	0.4899536321483771
299	348	0	0.46213292117465227
p = 3769
3690	1230	3
1853	1837	2	0.5021680216802168
595	635	0	0.483739837398374
p = 3779
3780	42	90
1927	1853	2	0.5097883597883598
15	27	0	0.35714285714285715
p = 3793
3744	1248	3
1852	1892	0	0.4946581196581197
622	626	0	0.4983974358974359
p = 3797
3837	1279	3
1957	1880	2	0.5100338806359135
663	616	2	0.5183737294761532
p = 3803
3780	315	12
1863	1917	2	0.4928571428571429
157	158	0	0.4984126984126984
p = 3821
3747	1249	3
1891	1856	2	0.504670402989058
625	624	2	0.500400320256205
p = 3823
3753	139	27
1923	1830	0	0.5123900879296562
61	78	0	0.43884892086330934
p = 3833
3756	313	12
1855	1901	2	0.49387646432374865
171	142	0	0.5463258785942492
p = 3847
3951	439	9
2025	1926	2	0.5125284738041003
219	220	0	0.4988610478359909
p = 3851
3888	216	18
1891	1997	2	0.48636831275720166
115	101	2	0.5324074074074074
p = 3853
3780	42	90
1874	1906	2	0.49576719576719575
18	24	0	0.42857142857142855
p = 3863
3948	658	6
1982	1966	0	0.5020263424518744
335	323	0	0.5091185410334347
p = 3877
3834	213	18
1896	1938	2	0.4945226917057903
97	116	0	0.45539906103286387
p = 3881
3780	315	12
1909	1871	0	0.505026455026455
151	164	0	0.4793650793650794
p = 3889
3969	441	9
1981	1988	0	0.4991181657848324
215	226	0	0.4875283446712018
p = 3907
3888	18	216
1927	1961	2	0.4956275720164609
8	10	0	0.4444444444444444
p = 3911
3879	1293	3
1919	1960	0	0.49471513276617685
637	656	0	0.49265274555297756
p = 3917
4014	1338	3
1981	2033	0	0.4935226706527155
679	659	0	0.507473841554559
p = 3919
3834	71	54
1937	1897	0	0.5052164840897235
35	36	0	0.49295774647887325
p = 3923
3999	1333	3
2017	1982	2	0.5043760940235059
659	674	0	0.4943735933983496
p = 3929
3834	1278	3
1941	1893	0	0.5062597809076682
617	661	0	0.48278560250391234
p = 3931
3987	1329	3
2013	1974	2	0.5048908954100828
669	660	2	0.5033860045146726
p = 3943
3852	321	12
1928	1924	0	0.5005192107995846
159	162	0	0.4953271028037383
p = 3947
3873	1291	3
1927	1946	2	0.49754712109475857
645	646	0	0.49961270333075136
p = 3967
3906	651	6
1985	1921	2	0.5081925243215566
335	316	0	0.5145929339477726
p = 3989
3921	1307	3
1907	2014	2	0.48635552155062484
631	676	0	0.4827850038255547
p = 4001
3912	652	6
1932	1980	0	0.4938650306748466
336	316	0	0.5153374233128835
p = 4003
3906	651	6
1961	1945	0	0.5020481310803891
317	334	0	0.4869431643625192
p = 4007
4023	1341	3
1969	2054	2	0.4894357444693015
629	712	0	0.4690529455630127
p = 4013
4020	67	60
2007	2013	0	0.4992537313432836
23	44	0	0.34328358208955223
p = 4019
4062	677	6
1994	2068	0	0.49089118660758246
349	328	0	0.5155096011816839
p = 4021
3942	657	6
1977	1965	2	0.5015220700152208
329	328	0	0.5007610350076104
p = 4027
4104	171	24
2054	2050	0	0.5004873294346979
77	94	0	0.4502923976608187
p = 4049
4080	680	6
2056	2024	2	0.503921568627451
327	353	0	0.4808823529411765
p = 4051
4122	1374	3
2091	2031	2	0.507278020378457
719	655	0	0.5232896652110626
p = 4057
4032	672	6
1990	2042	2	0.4935515873015873
326	346	0	0.4851190476190476
p = 4073
4152	692	6
2104	2048	2	0.5067437379576107
369	323	2	0.5332369942196532
p = 4079
4161	1387	3
2081	2080	0	0.5001201634222543
707	680	0	0.5097332372025956
p = 4091
4173	1391	3
2083	2090	2	0.49916127486220946
659	732	0	0.47375988497483823
p = 4093
4068	678	6
2086	1982	2	0.5127826941986234
324	354	2	0.4778761061946903
p = 4099
4005	445	9
1995	2010	2	0.49812734082397003
217	228	0	0.48764044943820223
p = 4111
4032	48	84
1956	2076	0	0.4851190476190476
12	36	0	0.25
p = 4127
4200	200	21
2116	2084	0	0.5038095238095238
108	92	0	0.54
p = 4129
4158	77	54
2123	2035	2	0.5105820105820106
51	26	0	0.6623376623376623
p = 4133
4239	1413	3
2123	2116	0	0.500825666430762
711	702	0	0.5031847133757962
p = 4139
4164	694	6
2108	2056	0	0.5062439961575408
324	370	0	0.4668587896253602
p = 4153
4185	465	9
2129	2056	0	0.5087216248506571
209	256	0	0.44946236559139785
p = 4157
4113	457	9
2047	2066	2	0.4976902504254802
223	234	0	0.487964989059081
p = 4159
4104	228	18
2025	2079	2	0.4934210526315789
110	118	0	0.4824561403508772
p = 4177
4212	468	9
2102	2110	0	0.4990503323836657
240	228	0	0.5128205128205128
p = 4201
4284	714	6
2098	2186	2	0.48972922502334265
337	377	0	0.47198879551820727
p = 4211
4134	1378	3
2062	2072	2	0.4987905176584422
688	690	0	0.49927431059506533
p = 4217
4245	1415	3
2067	2178	2	0.48692579505300354
693	722	2	0.48975265017667846
p = 4219
4158	154	27
2056	2102	2	0.49446849446849445
74	80	2	0.4805194805194805
p = 4229
4230	47	90
2144	2086	2	0.5068557919621749
31	16	0	0.6595744680851063
p = 4231
4230	705	6
2160	2070	0	0.5106382978723404
395	310	0	0.5602836879432624
p = 4241
4272	712	6
2081	2191	0	0.487125468164794
356	356	0	0.5
p = 4243
4347	1449	3
2149	2198	0	0.4943639291465378
755	694	0	0.5210489993098689
p = 4253
4362	727	6
2181	2181	0	0.5
371	356	0	0.5103163686382394
p = 4259
4356	726	6
2193	2163	2	0.5034435261707989
391	335	0	0.5385674931129476
p = 4261
4212	78	54
2118	2094	2	0.5028490028490028
32	46	0	0.41025641025641024
p = 4271
4206	1402	3
2116	2090	0	0.5030908226343319
726	676	0	0.5178316690442225
p = 4273
4392	732	6
2231	2161	2	0.5079690346083788
345	387	0	0.4713114754098361
p = 4283
4320	40	108
2202	2118	0	0.5097222222222222
23	17	0	0.575
p = 4289
4329	1443	3
2189	2140	0	0.5056595056595057
749	694	0	0.5190575190575191
p = 4297
4230	1410	3
2095	2135	0	0.49527186761229314
709	701	0	0.5028368794326241
p = 4327
4311	1437	3
2155	2156	2	0.49988401762932033
727	710	2	0.5059151009046625
p = 4337
4386	731	6
2223	2163	0	0.5068399452804377
389	342	0	0.5321477428180574
p = 4339
4464	62	72
2283	2181	0	0.5114247311827957
35	27	0	0.5645161290322581
p = 4349
4224	88	48
2104	2120	2	0.4981060606060606
40	48	0	0.45454545454545453
p = 4357
4338	1446	3
2177	2161	2	0.5018441678192715
685	761	0	0.47372060857538034
p = 4363
4275	1425	3
2157	2118	0	0.5045614035087719
757	668	0	0.5312280701754386
p = 4373
4380	730	6
2214	2166	2	0.5054794520547945
358	372	0	0.4904109589041096
p = 4391
4326	1442	3
2167	2159	2	0.5009246417013408
703	739	0	0.48751733703190014
p = 4397
4350	725	6
2172	2178	0	0.4993103448275862
359	366	0	0.49517241379310345
p = 4409
4365	485	9
2193	2172	0	0.5024054982817869
219	266	0	0.4515463917525773
p = 4421
4302	717	6
2148	2154	2	0.499302649930265
357	360	0	0.497907949790795
p = 4423
4500	150	30
2197	2303	0	0.4882222222222222
61	89	0	0.4066666666666667
p = 4441
4464	744	6
2247	2217	0	0.5033602150537635
353	391	0	0.47446236559139787
p = 4447
4545	1515	3
2281	2264	2	0.5018701870187019
781	734	2	0.5155115511551155
p = 4451
4404	367	12
2216	2188	0	0.5031789282470481
187	180	0	0.5095367847411444
p = 4457
4359	1453	3
2217	2142	2	0.508602890571232
715	738	0	0.49208534067446663
p = 4463
4404	1468	3
2225	2179	2	0.5052225249772934
765	703	2	0.521117166212534
p = 4481
4374	81	54
2216	2158	0	0.5066300868770005
35	46	0	0.43209876543209874
p = 4483
4500	125	36
2255	2245	0	0.5011111111111111
63	62	0	0.504
p = 4493
4524	754	6
2285	2239	0	0.5050839964633068
378	376	0	0.5013262599469496
p = 4507
4590	510	9
2250	2340	2	0.49019607843137253
266	244	0	0.5215686274509804
p = 4513
4572	381	12
2306	2266	2	0.5043744531933508
193	188	0	0.5065616797900262
p = 4517
4398	733	6
2184	2214	2	0.4965893587994543
363	370	0	0.495225102319236
p = 4519
4491	1497	3
2263	2228	0	0.5038966822533957
723	774	0	0.48296593186372744
p = 4523
4602	1534	3
2241	2361	0	0.4869621903520209
721	813	0	0.470013037809648
p = 4547
4608	192	24
2303	2305	0	0.4997829861111111
97	95	0	0.5052083333333334
p = 4549
4536	756	6
2258	2278	2	0.49779541446208114
400	356	0	0.5291005291005291
p = 4561
4689	1563	3
2387	2302	2	0.509063766261463
771	792	0	0.4932821497120921
p = 4567
4590	51	90
2267	2323	0	0.49389978213507624
17	34	0	0.3333333333333333
p = 4583
4575	1525	3
2319	2256	2	0.5068852459016393
791	734	0	0.5186885245901639
p = 4591
4590	51	90
2343	2247	2	0.5104575163398692
29	22	0	0.5686274509803921
p = 4597
4572	1524	3
2259	2313	0	0.4940944881889764
737	787	0	0.4835958005249344
p = 4603
4707	1569	3
2347	2360	0	0.49861907796898236
757	812	0	0.4824729126832377
p = 4621
4617	513	9
2305	2312	0	0.49924193199047
221	292	0	0.43079922027290446
p = 4637
4680	390	12
2403	2277	0	0.5134615384615384
181	209	0	0.4641025641025641
p = 4639
4716	1572	3
2338	2378	0	0.4957591178965225
806	766	0	0.5127226463104325
p = 4643
4758	1586	3
2444	2314	0	0.5136612021857924
836	750	0	0.5271122320302648
p = 4649
4584	382	12
2315	2269	0	0.5050174520069808
191	191	0	0.5
p = 4651
4662	777	6
2332	2330	2	0.5002145002145002
383	394	0	0.4929214929214929
p = 4657
4725	525	9
2319	2406	2	0.4907936507936508
271	254	0	0.5161904761904762
p = 4663
4716	262	18
2306	2410	0	0.48897370653095845
125	137	0	0.4770992366412214
p = 4673
4644	1548	3
2337	2307	0	0.5032299741602068
771	777	0	0.49806201550387597
p = 4679
4575	1525	3
2337	2238	2	0.5108196721311475
797	728	2	0.5226229508196721
p = 4691
4632	772	6
2293	2339	2	0.4950345423143351
377	395	2	0.4883419689119171
p = 4703
4800	20	240
2395	2405	2	0.49895833333333334
6	14	0	0.3
p = 4721
4596	766	6
2345	2251	0	0.5102262837249782
406	360	0	0.5300261096605744
p = 4723
4788	1596	3
2397	2391	0	0.5006265664160401
811	785	0	0.5081453634085213
p = 4729
4635	1545	3
2355	2280	2	0.5080906148867314
821	724	2	0.5313915857605178
p = 4733
4824	268	18
2469	2355	0	0.5118159203980099
149	119	0	0.5559701492537313
p = 4751
4731	1577	3
2425	2306	2	0.512576622278588
811	766	0	0.5142675967025999
p = 4759
4860	135	36
2436	2424	2	0.5012345679012346
69	66	0	0.5111111111111111
p = 4783
4725	525	9
2321	2404	0	0.4912169312169312
251	274	0	0.4780952380952381
p = 4787
4797	41	117
2365	2432	2	0.4930164686262247
25	16	0	0.6097560975609756
p = 4789
4743	31	153
2377	2366	2	0.5011596036263968
11	20	0	0.3548387096774194
p = 4793
4797	1599	3
2431	2366	2	0.5067750677506775
809	790	0	0.5059412132582864
p = 4799
4734	1578	3
2384	2350	2	0.5035910435149978
830	748	2	0.5259822560202788
p = 4801
4806	1602	3
2416	2390	0	0.5027049521431544
794	808	0	0.49563046192259674
p = 4813
4752	24	198
2376	2376	2	0.5
16	8	0	0.6666666666666666
p = 4817
4866	1622	3
2440	2426	2	0.5014385532264694
802	820	0	0.49445129469790383
p = 4831
4851	21	231
2403	2448	2	0.49536178107606677
9	12	0	0.42857142857142855
p = 4861
4986	1662	3
2494	2492	2	0.5002005615724028
848	814	0	0.5102286401925391
p = 4871
4920	820	6
2442	2478	0	0.49634146341463414
407	413	0	0.49634146341463414
p = 4877
4785	1595	3
2397	2388	0	0.5009404388714733
783	812	0	0.4909090909090909
p = 4889
4932	822	6
2473	2459	0	0.501419302514193
398	424	0	0.48418491484184917
p = 4903
4932	1644	3
2436	2496	2	0.49391727493917276
850	794	2	0.5170316301703163
p = 4909
4941	183	27
2453	2488	0	0.4964582068407205
79	104	0	0.43169398907103823
p = 4919
4869	1623	3
2417	2452	2	0.4964058328198809
789	834	0	0.48613678373382624
p = 4931
4971	1657	3
2479	2492	0	0.4986924160128747
849	808	0	0.512371756185878
p = 4933
4878	542	9
2465	2413	2	0.505330053300533
299	243	0	0.551660516605166
p = 4937
4896	1632	3
2416	2480	0	0.4934640522875817
836	796	0	0.5122549019607843
p = 4943
4938	823	6
2521	2417	2	0.510530579181855
435	388	0	0.528554070473876
p = 4951
5049	561	9
2537	2512	0	0.5024757377698554
251	310	0	0.4474153297682709
p = 4957
5049	561	9
2583	2466	2	0.5115864527629234
287	274	0	0.5115864527629234
p = 4967
4872	812	6
2445	2427	0	0.5018472906403941
417	395	0	0.5135467980295566
p = 4969
5022	186	27
2548	2474	2	0.5073675826363998
96	90	0	0.5161290322580645
p = 4973
5019	1673	3
2537	2482	2	0.5054791791193465
887	786	0	0.5301852958756724
p = 4987
5094	1698	3
2567	2527	2	0.5039261876717707
853	845	0	0.5023557126030624
p = 4993
5013	1671	3
2493	2520	2	0.49730700179533216
843	828	2	0.5044883303411131
p = 4999
4968	414	12
2444	2524	0	0.4919484702093398
191	223	0	0.4613526570048309
p = 5003
4920	164	30
2504	2416	0	0.5089430894308943
89	75	0	0.5426829268292683
p = 5009
4956	1652	3
2428	2528	2	0.48991121872477805
782	870	0	0.47336561743341404
p = 5011
5058	1686	3
2517	2541	2	0.49762752075919336
857	829	2	0.5083036773428232
p = 5021
5136	1712	3
2560	2576	2	0.4984423676012461
860	852	2	0.5023364485981309
p = 5023
5040	210	24
2500	2540	0	0.49603174603174605
102	108	0	0.4857142857142857
p = 5039
5067	563	9
2475	2592	0	0.48845470692717585
285	278	0	0.5062166962699822
p = 5051
4950	825	6
2440	2510	2	0.49292929292929294
417	408	0	0.5054545454545455
p = 5059
4932	548	9
2486	2446	2	0.5040551500405515
274	274	0	0.5
p = 5077
5184	18	288
2555	2629	0	0.49286265432098764
11	7	0	0.6111111111111112
p = 5081
5115	1705	3
2571	2544	2	0.5026392961876833
853	852	0	0.5002932551319648
p = 5087
5025	1675	3
2517	2508	0	0.5008955223880597
881	794	0	0.5259701492537313
p = 5099
5073	1691	3
2499	2574	0	0.4926079243051449
833	858	0	0.4926079243051449
p = 5101
5220	870	6
2543	2677	0	0.4871647509578544
425	445	0	0.4885057471264368
p = 5107
4977	1659	3
2477	2500	0	0.4976893711070926
837	822	0	0.5045207956600362
p = 5113
5040	10	504
2535	2505	2	0.5029761904761905
5	5	0	0.5
p = 5119
5103	567	9
2597	2506	2	0.5089163237311386
297	270	0	0.5238095238095238
p = 5147
5154	1718	3
2588	2566	0	0.5021342646488165
864	854	0	0.5029103608847497
p = 5153
5268	878	6
2640	2628	0	0.5011389521640092
426	452	0	0.48519362186788156
p = 5167
5265	585	9
2595	2670	2	0.4928774928774929
291	294	2	0.49743589743589745
p = 5171
5229	1743	3
2615	2614	0	0.5000956205775483
861	882	0	0.4939759036144578
p = 5179
5166	246	21
2535	2631	0	0.4907084785133566
117	129	0	0.47560975609756095
p = 5189
5292	882	6
2674	2618	0	0.5052910052910053
426	456	0	0.48299319727891155
p = 5197
5310	1770	3
2598	2712	0	0.48926553672316386
908	862	0	0.5129943502824859
p = 5209
5157	1719	3
2541	2616	2	0.4927283304246655
821	898	0	0.47760325770796974
p = 5227
5274	586	9
2634	2640	0	0.49943117178612056
290	296	0	0.4948805460750853
p = 5231
5250	125	42
2559	2691	2	0.48742857142857143
63	62	0	0.504
p = 5233
5139	571	9
2519	2620	2	0.49017318544463906
283	288	0	0.4956217162872154
p = 5237
5346	594	9
2616	2730	2	0.489337822671156
268	326	2	0.4511784511784512
p = 5261
5226	871	6
2626	2600	0	0.5024875621890548
441	430	0	0.5063145809414467
p = 5273
5334	127	42
2725	2609	0	0.5108736407949006
67	60	0	0.5275590551181102
p = 5279
5340	1780	3
2619	2721	0	0.4904494382022472
863	917	0	0.4848314606741573
p = 5281
5256	219	24
2653	2603	2	0.5047564687975646
117	102	0	0.5342465753424658
p = 5297
5337	1779	3
2727	2610	0	0.5109612141652614
865	914	0	0.48622821810005623
p = 5303
5346	891	6
2635	2711	2	0.49289188178077065
397	494	2	0.44556677890011226
p = 5309
5268	878	6
2652	2616	2	0.5034168564920274
445	433	0	0.5068337129840547
p = 5323
5274	586	9
2627	2647	2	0.4981039059537353
283	303	0	0.48293515358361777
p = 5333
5385	1795	3
2695	2690	2	0.500464252553389
917	878	0	0.5108635097493036
p = 5347
5346	594	9
2621	2725	2	0.4902731013842125
313	281	0	0.5269360269360269
p = 5351
5325	355	15
2619	2706	0	0.49183098591549296
171	184	0	0.48169014084507045
p = 5381
5397	1799	3
2689	2708	2	0.4982397628312025
891	908	2	0.4952751528627015
p = 5387
5334	889	6
2697	2637	2	0.5056242969628797
455	434	0	0.5118110236220472
p = 5393
5355	1785	3
2707	2648	2	0.5055088702147525
879	906	0	0.492436974789916
p = 5399
5406	901	6
2691	2715	0	0.49778024417314093
457	444	0	0.5072142064372919
p = 5407
5454	303	18
2757	2697	0	0.5055005500550055
153	150	0	0.504950495049505
p = 5413
5373	1791	3
2745	2628	0	0.5108877721943048
925	866	0	0.5164712451144612
p = 5417
5508	17	324
2745	2763	0	0.49836601307189543
7	10	0	0.4117647058823529
p = 5419
5373	199	27
2715	2658	2	0.5053042992741485
109	90	0	0.5477386934673367
p = 5431
5454	1818	3
2765	2689	0	0.506967363403007
911	907	0	0.5011001100110011
p = 5437
5544	1848	3
2723	2821	2	0.4911616161616162
925	923	0	0.5005411255411255
p = 5441
5562	1854	3
2762	2800	2	0.49658396260338006
910	944	0	0.49083063646170444
p = 5443
5481	261	21
2785	2696	0	0.5081189563948184
127	134	0	0.48659003831417624
p = 5449
5400	24	225
2654	2746	0	0.49148148148148146
12	12	0	0.5
p = 5471
5358	1786	3
2683	2675	2	0.5007465472191116
875	911	0	0.4899216125419933
p = 5477
5595	1865	3
2793	2802	0	0.49919571045576405
917	948	0	0.49168900804289545
p = 5479
5436	453	12
2675	2761	2	0.4920897718910964
213	240	0	0.47019867549668876
p = 5483
5448	454	12
2757	2691	2	0.5060572687224669
247	207	0	0.5440528634361234
p = 5501
5469	1823	3
2735	2734	2	0.5000914243920278
909	914	0	0.4986286341195831
p = 5503
5643	1881	3
2857	2786	0	0.5062909799751905
929	952	0	0.493886230728336
p = 5507
5505	367	15
2741	2764	0	0.4979109900090827
177	190	0	0.4822888283378747
p = 5519
5427	1809	3
2663	2764	2	0.49069467477427675
917	892	0	0.5069098949695965
p = 5521
5508	612	9
2698	2810	0	0.48983297022512706
306	306	0	0.5
p = 5527
5445	605	9
2719	2726	0	0.49935720844811754
303	302	0	0.5008264462809917
p = 5531
5538	1846	3
2758	2780	2	0.49801372336583605
892	954	0	0.48320693391115926
p = 5557
5670	1890	3
2832	2838	2	0.49947089947089945
912	978	2	0.48253968253968255
p = 5563
5580	1860	3
2846	2734	0	0.5100358422939069
930	930	0	0.5
p = 5569
5625	1875	3
2823	2802	0	0.5018666666666667
899	976	0	0.47946666666666665
p = 5573
5550	37	150
2744	2806	2	0.4944144144144144
25	12	0	0.6756756756756757
p = 5581
5607	1869	3
2837	2770	0	0.5059746745140004
919	950	0	0.4917067950775816
p = 5591
5637	1879	3
2871	2766	2	0.5093134646088345
945	934	0	0.5029270888770623
p = 5623
5688	948	6
2798	2890	0	0.4919127988748242
465	483	0	0.49050632911392406
p = 5639
5694	949	6
2840	2854	2	0.49877063575693714
465	484	0	0.48998946259220233
p = 5641
5778	642	9
2911	2867	0	0.5038075458636206
301	341	0	0.4688473520249221
p = 5647
5580	1860	3
2819	2761	0	0.5051971326164875
905	955	0	0.48655913978494625
p = 5651
5604	467	12
2782	2822	2	0.4964311206281228
231	236	0	0.49464668094218417
p = 5653
5661	1887	3
2819	2842	2	0.4979685567920862
929	958	2	0.4923158452570217
p = 5657
5574	929	6
2851	2723	0	0.5114818801578759
465	464	0	0.5005382131324004
p = 5659
5598	1866	3
2835	2763	0	0.5064308681672026
923	943	0	0.4946409431939979
p = 5669
5661	629	9
2785	2876	2	0.4919625507860802
313	316	2	0.49761526232114467
p = 5683
5670	1890	3
2873	2797	0	0.5067019400352734
961	929	0	0.5084656084656085
p = 5689
5742	957	6
2939	2803	2	0.5118425635667015
473	484	0	0.4942528735632184
p = 5693
5616	1872	3
2835	2781	0	0.5048076923076923
937	935	0	0.500534188034188
p = 5701
5652	1884	3
2771	2881	2	0.4902689313517339
901	983	2	0.47823779193205945
p = 5711
5691	1897	3
2779	2912	2	0.4883148831488315
885	1012	0	0.4665260938323669
p = 5717
5853	1951	3
2995	2858	0	0.5117033999658295
1029	922	0	0.5274218349564326
p = 5737
5769	1923	3
2943	2826	2	0.5101404056162246
957	966	2	0.49765990639625585
p = 5741
5742	319	18
2818	2924	0	0.4907697666318356
159	160	0	0.49843260188087773
p = 5743
5868	1956	3
2907	2961	0	0.495398773006135
935	1021	0	0.4780163599182004
p = 5749
5652	942	6
2807	2845	0	0.49663835810332624
488	454	0	0.5180467091295117
p = 5779
5760	960	6
2815	2945	2	0.4887152777777778
474	486	0	0.49375
p = 5783
5826	971	6
2920	2906	0	0.5012015104703055
451	520	0	0.46446961894953653
p = 5791
5787	1929	3
2847	2940	2	0.4919647485743909
975	954	2	0.505443234836703
p = 5801
5823	1941	3
2947	2876	2	0.5060965138244891
981	960	0	0.5054095826893354
p = 5807
5850	39	150
2942	2908	2	0.5029059829059829
15	24	0	0.38461538461538464
p = 5813
5817	1939	3
2909	2908	0	0.5000859549596012
935	1004	0	0.482207323362558
p = 5821
5697	1899	3
2915	2782	2	0.5116728102510093
1009	890	2	0.531332280147446
p = 5827
5940	660	9
2962	2978	0	0.4986531986531986
326	334	0	0.49393939393939396
p = 5839
5859	217	27
2893	2966	0	0.49377026796381634
105	112	0	0.4838709677419355
p = 5843
5952	992	6
3016	2936	0	0.5067204301075269
481	511	0	0.4848790322580645
p = 5849
5862	977	6
2862	3000	0	0.4882292732855681
481	496	0	0.4923234390992835
p = 5851
5814	323	18
2870	2944	0	0.4936360509115927
163	160	0	0.5046439628482973
p = 5857
5886	654	9
2873	3013	0	0.4881073734284743
323	331	0	0.4938837920489297
p = 5861
5880	1960	3
2971	2909	2	0.5052721088435375
1005	955	2	0.5127551020408163
p = 5867
5886	327	18
2989	2897	2	0.5078151546041454
169	158	0	0.5168195718654435
p = 5869
5922	1974	3
2974	2948	0	0.5021952043228639
1006	968	0	0.5096251266464032
p = 5879
5775	275	21
2847	2928	2	0.492987012987013
139	136	0	0.5054545454545455
p = 5881
5859	651	9
2953	2906	0	0.504010923365762
317	334	0	0.4869431643625192
p = 5897
5868	978	6
2949	2919	0	0.5025562372188139
509	469	0	0.5204498977505112
p = 5903
5820	1940	3
2859	2961	2	0.49123711340206183
959	981	2	0.4943298969072165
p = 5923
5985	95	63
3021	2964	2	0.5047619047619047
51	44	0	0.5368421052631579
p = 5927
5787	1929	3
2861	2926	0	0.49438396405736995
953	976	0	0.4940383618455158
p = 5939
6033	2011	3
2971	3062	0	0.49245814685894246
975	1036	0	0.48483341621084036
p = 5953
5994	37	162
2959	3035	0	0.4936603269936603
17	20	0	0.4594594594594595
p = 5981
5973	1991	3
2975	2998	2	0.4980746693453876
981	1010	0	0.4927172275238574
p = 5987
5916	493	12
2921	2995	0	0.49374577417173765
233	260	0	0.4726166328600406
p = 6007
5940	495	12
2979	2961	2	0.5015151515151515
229	266	0	0.4626262626262626
p = 6011
6144	512	12
3054	3090	0	0.4970703125
264	248	0	0.515625
p = 6029
5910	1970	3
2932	2978	2	0.4961082910321489
1002	968	0	0.5086294416243655
p = 6037
5994	999	6
3026	2968	2	0.5048381715048381
501	498	0	0.5015015015015015
p = 6043
5976	249	24
2997	2979	2	0.5015060240963856
119	130	0	0.4779116465863454
p = 6047
6156	342	18
3075	3081	2	0.49951267056530213
152	190	0	0.4444444444444444
p = 6053
6093	2031	3
3041	3052	2	0.49909732479894964
999	1032	0	0.4918759231905465
p = 6067
6156	171	36
3070	3086	2	0.4987004548408057
79	92	0	0.4619883040935672
p = 6073
6147	2049	3
3033	3114	0	0.493411420204978
963	1086	0	0.4699853587115666
p = 6079
6174	1029	6
3091	3083	2	0.5006478781988986
513	516	2	0.49854227405247814
p = 6089
6195	2065	3
3123	3072	0	0.5041162227602906
1013	1052	0	0.49055690072639224
p = 6091
6084	1014	6
2974	3110	0	0.4888231426692965
500	514	0	0.4930966469428008
p = 6101
6222	2074	3
3175	3047	2	0.510286081645773
1049	1025	2	0.5057859209257474
p = 6113
6204	2068	3
3153	3051	0	0.508220502901354
1079	989	0	0.5217601547388782
p = 6121
6012	2004	3
3074	2938	0	0.5113107119095143
1012	992	0	0.5049900199600799
p = 6131
6216	518	12
3089	3127	2	0.49694337194337196
275	243	0	0.5308880308880309
p = 6133
6156	38	162
3062	3094	2	0.49740090968161144
22	16	0	0.5789473684210527
p = 6143
6000	2000	3
3006	2994	0	0.501
972	1028	0	0.486
p = 6151
6048	336	18
2995	3053	0	0.49520502645502645
155	181	0	0.46130952380952384
p = 6163
6228	2076	3
3089	3139	0	0.4959858702633269
1025	1051	0	0.49373795761079
p = 6173
6291	233	27
3103	3188	2	0.49324431727865203
101	132	0	0.4334763948497854
p = 6197
6156	2052	3
3088	3068	2	0.5016244314489928
984	1068	2	0.47953216374269003
p = 6199
6255	2085	3
3149	3106	2	0.5034372501998401
1049	1036	0	0.5031175059952039
p = 6203
6180	1030	6
3121	3059	0	0.5050161812297734
521	509	0	0.5058252427184466
p = 6211
6264	174	36
3179	3085	2	0.5075031928480205
84	90	0	0.4827586206896552
p = 6217
6345	423	15
3171	3174	0	0.49976359338061466
217	206	0	0.5130023640661938
p = 6221
6312	526	12
3110	3202	2	0.4927122940430925
241	285	0	0.45817490494296575
p = 6229
6102	339	18
3061	3041	0	0.5016388069485415
169	170	0	0.49852507374631266
p = 6247
6264	696	9
3182	3082	0	0.5079821200510856
370	326	0	0.5316091954022989
p = 6257
6315	2105	3
3213	3102	0	0.5087885985748218
1119	986	0	0.5315914489311164
p = 6263
6225	2075	3
3059	3166	2	0.49140562248995984
999	1076	0	0.4814457831325301
p = 6269
6342	2114	3
3167	3175	2	0.49936928413749604
1045	1069	2	0.4943235572374645
p = 6271
6210	345	18
3072	3138	0	0.49468599033816424
157	188	0	0.45507246376811594
p = 6277
6210	2070	3
3117	3093	0	0.5019323671497584
995	1075	0	0.4806763285024155
p = 6287
6366	2122	3
3208	3158	2	0.5039271127866792
1098	1024	0	0.5174363807728558
p = 6299
6201	689	9
3055	3146	0	0.49266247379454925
349	340	0	0.5065312046444121
p = 6301
6435	715	9
3223	3212	0	0.5008547008547009
391	324	0	0.5468531468531469
p = 6311
6336	2112	3
3189	3147	2	0.5033143939393939
1067	1045	0	0.5052083333333334
p = 6317
6321	2107	3
3213	3108	2	0.5083056478405316
1071	1036	2	0.5083056478405316
p = 6323
6174	1029	6
3031	3143	2	0.4909297052154195
487	542	0	0.47327502429543244
p = 6329
6234	2078	3
3073	3161	0	0.49294193134424125
1015	1063	0	0.4884504331087584
p = 6337
6309	2103	3
3091	3218	2	0.4899350134728166
1025	1078	0	0.4873989538754161
p = 6343
6291	2097	3
3109	3182	0	0.4941980607216659
999	1098	0	0.47639484978540775
p = 6353
6366	1061	6
3167	3199	0	0.4974866478165253
489	572	0	0.46088595664467485
p = 6359
6252	1042	6
3071	3181	2	0.49120281509916824
504	538	0	0.4836852207293666
p = 6361
6408	2136	3
3193	3215	2	0.4982833957553059
1071	1065	2	0.5014044943820225
p = 6367
6345	705	9
3175	3170	0	0.5003940110323088
335	370	0	0.475177304964539
p = 6373
6282	1047	6
3121	3161	2	0.4968163005412289
539	508	0	0.5148042024832856
p = 6379
6507	723	9
3261	3246	0	0.5011526048870447
385	338	0	0.5325034578146611
p = 6389
6513	2171	3
3305	3208	2	0.5074466451711961
1095	1076	0	0.5043758636573008
p = 6397
6336	1056	6
3218	3118	0	0.5078914141414141
532	524	0	0.5037878787878788
p = 6421
6552	546	12
3297	3255	0	0.5032051282051282
264	282	0	0.4835164835164835
p = 6427
6417	713	9
3215	3202	2	0.5010129343930185
367	346	0	0.514726507713885
p = 6449
6480	1080	6
3236	3244	2	0.4993827160493827
550	530	2	0.5092592592592593
p = 6451
6453	717	9
3219	3234	2	0.498837749883775
361	356	0	0.5034867503486751
p = 6469
6480	540	12
3285	3195	0	0.5069444444444444
267	273	0	0.49444444444444446
p = 6473
6348	1058	6
3216	3132	2	0.5066162570888468
531	527	0	0.501890359168242
p = 6481
6462	718	9
3303	3159	2	0.5111420612813371
361	357	0	0.5027855153203342
p = 6491
6582	2194	3
3295	3287	0	0.5006077180188393
1079	1115	0	0.49179580674567
p = 6521
6450	1075	6
3225	3225	0	0.5
535	540	0	0.49767441860465117
p = 6529
6606	2202	3
3370	3236	2	0.5101422948834393
1154	1048	2	0.5240690281562216
p = 6547
6507	723	9
3277	3230	0	0.5036114953127401
329	394	0	0.45504840940525587
p = 6551
6507	723	9
3197	3310	2	0.4913170431842631
345	378	0	0.47717842323651455
p = 6553
6597	733	9
3327	3270	2	0.5043201455206913
377	356	0	0.514324693042292
p = 6563
6462	1077	6
3275	3187	2	0.506809037449706
553	524	0	0.5134633240482822
p = 6569
6636	553	12
3362	3274	2	0.5066305003013863
295	258	0	0.5334538878842676
p = 6571
6552	84	78
3203	3349	2	0.48885836385836384
37	47	0	0.44047619047619047
p = 6577
6579	2193	3
3261	3318	0	0.49566803465572273
1123	1070	0	0.5120839033287734
p = 6581
6594	314	21
3238	3356	2	0.4910524719441917
154	160	0	0.49044585987261147
p = 6599
6483	2161	3
3247	3236	2	0.5008483726669751
1085	1076	0	0.5020823692734845
p = 6607
6606	367	18
3299	3307	0	0.4993944898577051
181	186	0	0.49318801089918257
p = 6619
6480	20	324
3291	3189	2	0.5078703703703704
12	8	0	0.6
p = 6637
6588	183	36
3308	3280	2	0.5021250758955677
81	102	0	0.4426229508196721
p = 6653
6741	2247	3
3361	3380	0	0.4985907135439846
1103	1144	0	0.4908767245215843
p = 6659
6702	2234	3
3358	3344	0	0.5010444643390033
1144	1090	0	0.5120859444941809
p = 6661
6579	2193	3
3273	3306	0	0.49749202006383947
1125	1068	0	0.5129958960328317
p = 6673
6552	1092	6
3253	3299	0	0.4964896214896215
574	518	0	0.5256410256410257
p = 6679
6561	729	9
3259	3302	0	0.4967230605090687
351	378	0	0.48148148148148145
p = 6689
6768	2256	3
3424	3344	2	0.5059101654846335
1128	1128	0	0.5
p = 6691
6552	546	12
3327	3225	2	0.5077838827838828
279	267	0	0.510989010989011
p = 6701
6678	2226	3
3259	3419	2	0.48802036537885596
1077	1149	2	0.4838274932614555
p = 6703
6597	2199	3
3327	3270	2	0.5043201455206913
1127	1072	0	0.512505684402001
p = 6709
6660	2220	3
3291	3369	2	0.49414414414414415
1057	1163	2	0.47612612612612615
p = 6719
6735	2245	3
3367	3368	2	0.4999257609502598
1155	1090	2	0.5144766146993318
p = 6733
6660	148	45
3383	3277	0	0.507957957957958
77	71	0	0.5202702702702703
p = 6737
6900	46	150
3520	3380	2	0.5101449275362319
32	14	0	0.6956521739130435
p = 6761
6864	1144	6
3360	3504	2	0.48951048951048953
558	586	0	0.48776223776223776
p = 6763
6768	1128	6
3434	3334	0	0.5073877068557919
580	548	0	0.5141843971631206
p = 6779
6840	570	12
3379	3461	2	0.4940058479532164
275	295	0	0.4824561403508772
p = 6781
6858	381	18
3502	3356	2	0.510644502770487
171	210	0	0.44881889763779526
p = 6791
6744	562	12
3385	3359	2	0.5019276393831554
309	253	0	0.5498220640569395
p = 6793
6912	2304	3
3494	3418	2	0.5054976851851852
1198	1106	0	0.5199652777777778
p = 6803
6768	376	18
3382	3386	0	0.4997044917257683
188	188	0	0.5
p = 6823
6732	2244	3
3345	3387	2	0.4968805704099822
1063	1181	0	0.47370766488413546
p = 6827
6894	2298	3
3404	3490	0	0.4937626921961126
1138	1160	0	0.49521322889469105
p = 6829
6723	249	27
3431	3292	2	0.5103376468838317
111	138	0	0.4457831325301205
p = 6833
6864	2288	3
3408	3456	0	0.4965034965034965
1164	1124	0	0.5087412587412588
p = 6841
6984	1164	6
3513	3471	0	0.5030068728522337
582	582	0	0.5
p = 6857
6888	164	42
3405	3483	0	0.4943379790940767
87	77	0	0.5304878048780488
p = 6863
6837	2279	3
3403	3434	2	0.49773292379698697
1135	1144	2	0.4980254497586661
p = 6869
6906	2302	3
3467	3439	2	0.5020272227048943
1125	1177	2	0.4887054735013032
p = 6871
6921	2307	3
3529	3392	2	0.509897413668545
1205	1102	2	0.5223233636757694
p = 6883
6840	76	90
3367	3473	2	0.4922514619883041
41	35	0	0.5394736842105263
p = 6899
6954	2318	3
3407	3547	0	0.4899338510209951
1167	1151	0	0.503451251078516
p = 6907
6858	762	9
3411	3447	2	0.4973753280839895
371	391	0	0.4868766404199475
p = 6911
6846	1141	6
3389	3457	2	0.4950335962605901
577	564	0	0.5056967572304996
p = 6917
6906	2302	3
3374	3532	2	0.48856067187952507
1074	1228	2	0.46655082536924414
p = 6947
6888	1148	6
3480	3408	0	0.5052264808362369
589	559	0	0.5130662020905923
p = 6949
6930	330	21
3449	3481	2	0.4976911976911977
177	153	2	0.5363636363636364
p = 6959
6828	2276	3
3460	3368	2	0.5067369654364382
1104	1172	0	0.4850615114235501
p = 6961
6840	2280	3
3418	3422	0	0.49970760233918127
1090	1190	0	0.4780701754385965
p = 6967
6885	765	9
3509	3376	0	0.5096586782861293
343	422	0	0.44836601307189544
p = 6971
7095	2365	3
3531	3564	2	0.49767441860465117
1167	1198	0	0.493446088794926
p = 6977
7068	1178	6
3471	3597	0	0.49108658743633277
596	582	0	0.5059422750424448
p = 6983
6996	1166	6
3526	3470	2	0.5040022870211549
590	576	0	0.5060034305317325
p = 6991
7002	778	9
3487	3515	0	0.49800057126535274
399	379	0	0.512853470437018
p = 6997
7083	2361	3
3475	3608	0	0.49061132288578285
1201	1160	0	0.5086827615417197
p = 7001
6894	383	18
3448	3446	0	0.5001450536698578
169	214	0	0.4412532637075718
p = 7013
7107	2369	3
3571	3536	2	0.5024623610524834
1187	1182	0	0.5010552975939215
p = 7019
7152	149	48
3575	3577	2	0.4998601789709172
67	82	0	0.44966442953020136
p = 7027
7020	195	36
3460	3560	0	0.4928774928774929
77	118	0	0.39487179487179486
p = 7039
7011	2337	3
3523	3488	2	0.5024960775923548
1135	1202	2	0.4856653829696192
p = 7043
7122	2374	3
3638	3484	0	0.5108115697837686
1178	1196	0	0.4962089300758214
p = 7057
6903	767	9
3485	3418	0	0.5048529624800812
403	364	0	0.5254237288135594
p = 7069
7056	588	12
3554	3502	0	0.5036848072562359
300	288	0	0.5102040816326531
p = 7079
7074	2358	3
3484	3590	0	0.49250777495052306
1182	1176	0	0.5012722646310432
p = 7103
7104	1184	6
3605	3499	2	0.5074605855855856
618	566	0	0.5219594594594594
p = 7109
7266	2422	3
3669	3597	0	0.5049545829892651
1197	1225	0	0.49421965317919075
p = 7121
7122	2374	3
3511	3611	2	0.49297950014041
1197	1177	0	0.504212299915754
p = 7127
7272	202	36
3702	3570	0	0.509075907590759
98	104	0	0.48514851485148514
p = 7129
7056	2352	3
3518	3538	2	0.4985827664399093
1206	1146	2	0.5127551020408163
p = 7151
7242	71	102
3620	3622	0	0.49986191659762497
39	32	0	0.5492957746478874
p = 7159
7290	1215	6
3593	3697	2	0.49286694101508915
619	596	0	0.5094650205761316
p = 7177
7056	588	12
3566	3490	2	0.5053854875283447
326	262	0	0.5544217687074829
p = 7187
7065	2355	3
3591	3474	2	0.5082802547770701
1209	1146	0	0.513375796178344
p = 7193
7146	1191	6
3562	3584	0	0.4984606773019871
597	594	0	0.5012594458438288
p = 7207
7236	201	36
3607	3629	2	0.49847982310668876
119	82	0	0.5920398009950248
p = 7211
7152	596	12
3511	3641	2	0.49091163310961966
259	337	0	0.43456375838926176
p = 7213
7200	600	12
3620	3580	2	0.5027777777777778
308	292	2	0.5133333333333333
p = 7219
7263	807	9
3647	3616	2	0.5021341043645876
421	386	0	0.5216852540272615
p = 7229
7257	2419	3
3595	3662	2	0.495383767396996
1153	1266	0	0.4766432410086813
p = 7237
7128	396	18
3608	3520	0	0.5061728395061729
222	174	0	0.5606060606060606
p = 7243
7398	822	9
3631	3767	2	0.49080832657474993
427	395	0	0.5194647201946472
p = 7247
7266	1211	6
3659	3607	2	0.5035783099366914
569	642	0	0.46985962014863747
p = 7253
7128	792	9
3608	3520	2	0.5061728395061729
408	384	0	0.5151515151515151
p = 7283
7299	2433	3
3577	3722	2	0.4900671324839019
1189	1244	2	0.4886970817920263
p = 7297
7290	1215	6
3597	3693	0	0.4934156378600823
589	626	0	0.48477366255144033
p = 7307
7191	799	9
3577	3614	0	0.49742733973021835
395	404	0	0.49436795994993743
p = 7309
7227	803	9
3635	3592	2	0.5029749550297495
413	390	0	0.5143212951432129
p = 7321
7362	1227	6
3674	3688	2	0.49904917142080957
599	628	0	0.48818255908720454
p = 7331
7362	1227	6
3667	3695	2	0.49809834284161913
621	606	0	0.5061124694376528
p = 7333
7209	267	27
3677	3532	0	0.5100568733527535
149	118	0	0.5580524344569289
p = 7349
7347	2449	3
3711	3636	0	0.5051041241322989
1255	1194	0	0.5124540628828093
p = 7351
7191	2397	3
3585	3606	0	0.4985398414685023
1159	1238	0	0.4835210680016688
p = 7369
7254	186	39
3648	3606	2	0.5028949545078577
76	110	0	0.40860215053763443
p = 7393
7461	2487	3
3717	3744	2	0.49819059107358266
1211	1276	0	0.4869320466425412
p = 7411
7452	138	54
3719	3733	0	0.4990606548577563
73	65	0	0.5289855072463768
p = 7417
7380	123	60
3636	3744	2	0.4926829268292683
55	68	0	0.44715447154471544
p = 7433
7443	827	9
3699	3744	2	0.4969770253929867
431	396	0	0.5211608222490931
p = 7451
7320	1220	6
3646	3674	0	0.49808743169398906
582	638	0	0.47704918032786886
p = 7457
7524	1254	6
3730	3794	2	0.49574694311536416
620	634	2	0.4944178628389155
p = 7459
7533	93	81
3761	3772	2	0.4992698791981946
43	50	0	0.46236559139784944
p = 7477
7452	1242	6
3706	3746	2	0.4973161567364466
599	643	0	0.4822866344605475
p = 7481
7527	2509	3
3679	3848	0	0.48877374784110533
1213	1296	0	0.4834595456357114
p = 7487
7482	2494	3
3775	3707	0	0.5045442395081529
1311	1183	0	0.5256615878107458
p = 7489
7470	415	18
3784	3686	0	0.5065595716198126
221	194	0	0.5325301204819277
p = 7499
7644	1274	6
3830	3814	0	0.501046572475144
658	616	0	0.5164835164835165
p = 7507
7560	140	54
3727	3833	2	0.492989417989418
85	55	0	0.6071428571428571
p = 7517
7521	2507	3
3729	3792	0	0.49581172716394095
1267	1240	0	0.5053849222177902
p = 7523
7413	2471	3
3685	3728	2	0.4970996897342506
1217	1254	2	0.4925131525698098
p = 7529
7548	2516	3
3714	3834	0	0.49205087440381556
1228	1288	0	0.48807631160572335
p = 7537
7470	30	249
3756	3714	0	0.5028112449799197
16	14	0	0.5333333333333333
p = 7541
7620	254	30
3850	3770	0	0.505249343832021
114	140	0	0.44881889763779526
p = 7547
7410	2470	3
3744	3666	0	0.5052631578947369
1232	1238	0	0.4987854251012146
p = 7549
7614	141	54
3804	3810	2	0.4996059889676911
59	82	0	0.41843971631205673
p = 7559
7569	841	9
3751	3818	0	0.49557405205443256
435	406	0	0.5172413793103449
p = 7561
7515	167	45
3677	3838	0	0.48928809048569527
79	88	0	0.47305389221556887
p = 7573
7434	1239	6
3755	3679	2	0.5051116491794458
645	594	0	0.5205811138014528
p = 7577
7491	227	33
3811	3680	2	0.5087438259244427
111	116	0	0.4889867841409692
p = 7583
7614	2538	3
3777	3837	0	0.49605988967691095
1275	1263	0	0.5023640661938534
p = 7589
7674	2558	3
3777	3897	0	0.4921813917122752
1269	1289	0	0.49609069585613763
p = 7591
7578	2526	3
3806	3772	2	0.5022433359725521
1316	1210	2	0.5209817893903405
p = 7603
7668	1278	6
3775	3893	2	0.4923056859676578
643	635	2	0.5031298904538342
p = 7607
7536	1256	6
3744	3792	0	0.4968152866242038
621	635	0	0.49442675159235666
p = 7621
7488	192	39
3824	3664	0	0.5106837606837606
106	86	0	0.5520833333333334
p = 7639
7632	1272	6
3788	3844	0	0.49633123689727465
622	650	0	0.4889937106918239
p = 7643
7557	2519	3
3741	3816	0	0.49503771337832475
1239	1280	0	0.49186184994045257
p = 7649
7629	2543	3
3741	3888	0	0.4903657097915847
1285	1258	0	0.5053086905230043
p = 7669
7632	212	36
3789	3843	0	0.4964622641509434
116	96	0	0.5471698113207547
p = 7673
7716	1286	6
3817	3899	2	0.49468636599274235
635	651	0	0.4937791601866252
p = 7681
7515	501	15
3811	3704	2	0.5071190951430472
249	252	2	0.49700598802395207
p = 7687
7731	859	9
3925	3806	2	0.5076962876730048
455	404	0	0.529685681024447
p = 7691
7740	1290	6
3820	3920	0	0.4935400516795866
676	614	0	0.524031007751938
p = 7699
7614	423	18
3820	3794	0	0.5017073811400052
209	214	0	0.4940898345153664
p = 7703
7725	2575	3
3853	3872	2	0.4987702265372168
1261	1314	2	0.48970873786407765
p = 7717
7812	868	9
3982	3830	0	0.5097286226318485
442	426	0	0.5092165898617511
p = 7723
7605	2535	3
3763	3842	0	0.4948060486522025
1273	1262	0	0.5021696252465483
p = 7727
7815	2605	3
3885	3930	2	0.4971209213051823
1303	1302	0	0.5001919385796545
p = 7741
7686	427	18
3896	3790	0	0.5068956544366381
205	222	0	0.48009367681498827
p = 7753
7596	1266	6
3770	3826	2	0.49631384939441814
621	645	0	0.490521327014218
p = 7757
7794	433	18
3853	3941	2	0.4943546317680267
205	228	0	0.47344110854503463
p = 7759
7848	654	12
3889	3959	0	0.4955402650356779
305	349	0	0.46636085626911317
p = 7789
7884	876	9
3986	3898	2	0.5055809233891426
470	406	2	0.5365296803652968
p = 7793
7710	2570	3
3813	3897	0	0.4945525291828794
1319	1251	0	0.5132295719844358
p = 7817
7956	1326	6
4023	3933	0	0.505656108597285
647	679	0	0.4879336349924585
p = 7823
7848	1308	6
3939	3909	2	0.5019113149847095
659	649	2	0.503822629969419
p = 7829
7815	2605	3
3903	3912	0	0.49942418426103646
1349	1256	0	0.5178502879078695
p = 7841
7836	653	12
3897	3939	0	0.49732006125574274
321	332	0	0.49157733537519144
p = 7853
7797	2599	3
3959	3838	0	0.5077593946389637
1339	1260	0	0.5151981531358215
p = 7867
7938	882	9
3946	3992	2	0.4971025447215923
472	410	0	0.5351473922902494
p = 7873
8028	2676	3
4061	3967	2	0.5058545092177379
1371	1305	0	0.5123318385650224
p = 7877
7860	2620	3
4010	3850	2	0.510178117048346
1354	1266	0	0.516793893129771
p = 7879
7776	432	18
3956	3820	0	0.5087448559670782
254	178	0	0.5879629629629629
p = 7883
7722	429	18
3872	3850	2	0.5014245014245015
213	216	0	0.4965034965034965
p = 7901
7836	1306	6
3874	3962	2	0.4943848902501276
632	674	0	0.48392036753445633
p = 7907
7836	2612	3
3907	3929	2	0.4985962225625319
1293	1319	0	0.4950229709035222
p = 7919
8052	2684	3
4051	4001	0	0.5031048186785891
1303	1381	0	0.48546944858420266
p = 7927
7884	876	9
3929	3955	0	0.49835109081684426
427	449	0	0.4874429223744292
p = 7933
8064	336	24
4058	4006	2	0.5032242063492064
160	176	0	0.47619047619047616
p = 7937
7947	883	9
3947	4000	2	0.4966654083301875
443	440	0	0.5016987542468856
p = 7949
8100	2700	3
3998	4102	0	0.49358024691358027
1288	1412	0	0.47703703703703704
p = 7951
7884	876	9
4003	3881	2	0.5077371892440385
423	453	0	0.4828767123287671
p = 7963
7893	2631	3
3881	4012	0	0.49170150766501963
1313	1318	0	0.49904979095400986
p = 7993
8100	150	54
3974	4126	2	0.49061728395061727
86	64	0	0.5733333333333334
p = 8009
7992	222	36
3925	4067	2	0.4911161161161161
117	105	0	0.527027027027027
p = 8011
8100	450	18
4006	4094	0	0.4945679012345679
210	240	0	0.4666666666666667
p = 8017
8055	537	15
4009	4046	0	0.4977032898820608
287	250	0	0.5344506517690876
p = 8039
8001	2667	3
4031	3970	2	0.5038120234970629
1403	1264	2	0.5260592425946756
p = 8053
8082	2694	3
4055	4027	0	0.5017322444939372
1371	1323	0	0.5089086859688196
p = 8059
8064	1344	6
3955	4109	2	0.4904513888888889
644	700	0	0.4791666666666667
p = 8069
7983	2661	3
4071	3912	0	0.5099586621570839
1329	1332	0	0.49943630214205187
p = 8081
8157	2719	3
4025	4132	0	0.4934412161333824
1397	1322	0	0.5137918352335418
p = 8087
8136	339	24
4028	4108	0	0.4950835791543756
155	184	0	0.45722713864306785
p = 8089
8181	909	9
4069	4112	2	0.49737195941816403
449	460	0	0.49394939493949397
p = 8093
7998	1333	6
3968	4030	2	0.49612403100775193
657	676	0	0.49287321830457614
p = 8101
8037	2679	3
4075	3962	2	0.507029986313301
1393	1286	0	0.5199701381112355
p = 8111
8175	2725	3
4155	4020	0	0.5082568807339449
1415	1310	0	0.5192660550458715
p = 8117
8004	1334	6
3979	4025	2	0.49712643678160917
671	663	0	0.5029985007496252
p = 8123
8115	2705	3
4071	4044	2	0.5016635859519408
1341	1364	0	0.49574861367837336
p = 8147
7971	2657	3
4047	3924	0	0.5077154685735792
1339	1318	0	0.5039518253669553
p = 8161
8028	2676	3
3983	4045	0	0.4961385151968112
1343	1333	0	0.5018684603886397
p = 8167
8046	2682	3
4054	3992	2	0.5038528461347254
1368	1314	2	0.5100671140939598
p = 8171
8160	2720	3
4080	4080	2	0.5
1354	1366	2	0.49779411764705883
p = 8179
8100	75	108
4072	4028	2	0.5027160493827161
37	38	0	0.49333333333333335
p = 8191
8109	901	9
4129	3980	0	0.5091873227278333
439	462	0	0.4872364039955605
p = 8209
8226	2742	3
4147	4079	0	0.5041332360807197
1399	1343	0	0.5102115244347192
p = 8219
8250	125	66
4156	4094	2	0.5037575757575757
65	60	0	0.52
p = 8221
8280	1380	6
4111	4169	0	0.4964975845410628
659	721	0	0.47753623188405797
p = 8231
8211	2737	3
4083	4128	0	0.49725977347460726
1315	1422	0	0.4804530507855316
p = 8233
8127	129	63
4109	4018	0	0.5055986218776917
77	52	0	0.5968992248062015
p = 8237
8076	1346	6
4128	3948	2	0.5111441307578009
665	681	0	0.49405646359583955
p = 8243
8310	2770	3
4226	4084	2	0.5085439229843562
1350	1420	0	0.48736462093862815
p = 8263
8190	1365	6
4089	4101	2	0.49926739926739927
675	690	0	0.4945054945054945
p = 8269
8352	1392	6
4187	4165	0	0.5013170498084292
699	693	0	0.5021551724137931
p = 8273
8160	170	48
4084	4076	2	0.5004901960784314
76	94	0	0.4470588235294118
p = 8287
8388	2796	3
4179	4209	2	0.49821173104434907
1427	1369	2	0.5103719599427754
p = 8291
8388	1398	6
4244	4144	0	0.5059608965188365
716	682	0	0.5121602288984263
p = 8293
8370	930	9
4249	4121	2	0.5076463560334528
447	483	0	0.4806451612903226
p = 8297
8340	2780	3
4146	4194	2	0.49712230215827335
1330	1450	0	0.4784172661870504
p = 8311
8235	2745	3
4107	4128	0	0.49872495446265935
1317	1428	0	0.47978142076502733
p = 8317
8235	915	9
4117	4118	0	0.49993928354584094
447	468	0	0.4885245901639344
p = 8329
8388	699	12
4242	4146	2	0.505722460658083
325	374	0	0.46494992846924177
p = 8353
8352	1392	6
4210	4142	2	0.5040708812260536
710	682	0	0.5100574712643678
p = 8363
8481	257	33
4269	4212	0	0.5033604527767952
145	112	0	0.5642023346303502
p = 8369
8310	2770	3
4145	4165	2	0.49879663056558365
1343	1427	0	0.4848375451263538
p = 8377
8280	1380	6
4122	4158	0	0.49782608695652175
670	710	0	0.4855072463768116
p = 8387
8550	475	18
4255	4295	2	0.4976608187134503
211	264	2	0.4442105263157895
p = 8389
8226	2742	3
4155	4071	0	0.5051057622173596
1377	1365	0	0.5021881838074398
p = 8419
8334	1389	6
4084	4250	0	0.4900407967362611
669	720	0	0.4816414686825054
p = 8423
8268	2756	3
4145	4123	2	0.5013304305757136
1417	1339	2	0.5141509433962265
p = 8429
8472	353	24
4194	4278	2	0.495042492917847
157	196	0	0.4447592067988669
p = 8431
8316	693	12
4198	4118	0	0.5048100048100048
333	360	0	0.4805194805194805
p = 8443
8361	929	9
4215	4146	2	0.5041263006817366
467	462	0	0.5026910656620022
p = 8447
8496	1416	6
4206	4290	0	0.4950564971751412
727	689	0	0.5134180790960452
p = 8461
8442	938	9
4301	4141	2	0.5094764273868752
455	483	0	0.48507462686567165
p = 8467
8316	462	18
4108	4208	0	0.493987493987494
186	276	0	0.4025974025974026
p = 8501
8601	2867	3
4345	4256	2	0.5051738169980234
1467	1400	2	0.5116846878269968
p = 8513
8424	78	108
4248	4176	0	0.5042735042735043
44	34	0	0.5641025641025641
p = 8521
8433	2811	3
4211	4222	0	0.4993478003083126
1373	1438	0	0.48843827819281393
p = 8527
8613	957	9
4319	4294	2	0.5014512945547428
475	482	0	0.49634273772204807
p = 8537
8520	710	12
4260	4260	0	0.5
362	348	0	0.5098591549295775
p = 8539
8604	2868	3
4382	4222	0	0.5092980009298
1470	1398	0	0.5125523012552301
p = 8543
8469	2823	3
4161	4308	2	0.49132128940843073
1389	1434	0	0.4920297555791711
p = 8563
8469	2823	3
4301	4168	0	0.5078521667257055
1475	1348	0	0.5224938009210061
p = 8573
8640	360	24
4318	4322	2	0.4997685185185185
180	180	0	0.5
p = 8581
8622	1437	6
4345	4277	0	0.5039434006031084
759	678	0	0.5281837160751566
p = 8597
8646	1441	6
4315	4331	2	0.49907471663196856
709	732	0	0.49201943095072864
p = 8599
8694	46	189
4413	4281	0	0.5075914423740511
23	23	0	0.5
p = 8609
8751	2917	3
4323	4428	0	0.4940006856359273
1439	1478	0	0.49331504970860474
p = 8623
8694	483	18
4384	4310	0	0.5042558086036347
249	234	0	0.515527950310559
p = 8627
8619	2873	3
4297	4322	2	0.49854971574428586
1457	1416	0	0.5071353985381135
p = 8629
8622	2874	3
4302	4320	2	0.4989561586638831
1452	1422	0	0.5052192066805845
p = 8641
8712	2904	3
4358	4354	0	0.5002295684113865
1494	1410	0	0.5144628099173554
p = 8647
8784	732	12
4389	4395	2	0.4996584699453552
384	348	0	0.5245901639344263
p = 8663
8736	28	312
4345	4391	2	0.4973672161172161
17	11	0	0.6071428571428571
p = 8669
8568	357	24
4270	4298	2	0.49836601307189543
169	188	0	0.4733893557422969
p = 8677
8631	959	9
4327	4304	0	0.5013324064418955
453	506	0	0.47236704900938475
p = 8681
8544	2848	3
4200	4344	2	0.49157303370786515
1428	1420	0	0.5014044943820225
p = 8689
8559	2853	3
4321	4238	0	0.5048486972777193
1399	1454	0	0.49036102348405186
p = 8693
8820	245	36
4450	4370	2	0.5045351473922902
117	128	0	0.4775510204081633
p = 8699
8784	1464	6
4403	4381	2	0.501252276867031
743	721	0	0.5075136612021858
p = 8707
8622	1437	6
4236	4386	2	0.4913013221990257
677	760	0	0.4711203897007655
p = 8713
8604	717	12
4222	4382	0	0.4907019990701999
363	354	0	0.5062761506276151
p = 8719
8613	261	33
4301	4312	0	0.49936143039591313
145	116	0	0.5555555555555556
p = 8731
8712	1452	6
4415	4297	2	0.5067722681359045
725	727	0	0.49931129476584024
p = 8737
8676	1446	6
4380	4296	2	0.5048409405255878
716	730	0	0.4951590594744122
p = 8741
8868	1478	6
4366	4502	2	0.4923319801533604
695	783	0	0.4702300405953992
p = 8747
8760	40	219
4387	4373	2	0.5007990867579909
19	21	0	0.475
p = 8753
8745	2915	3
4353	4392	0	0.49777015437392796
1493	1422	0	0.5121783876500857
p = 8761
8721	969	9
4299	4422	2	0.4929480564155487
473	496	0	0.48813209494324045
p = 8779
8865	2955	3
4461	4404	2	0.5032148900169204
1537	1418	0	0.5201353637901861
p = 8783
8664	722	12
4306	4358	0	0.4969990766389658
360	362	0	0.4986149584487535
p = 8803
8883	987	9
4437	4446	2	0.49949341438703143
509	478	0	0.5157041540020263
p = 8807
8634	2878	3
4251	4383	0	0.4923558026407227
1403	1475	0	0.48749131341209173
p = 8819
8685	965	9
4391	4294	0	0.5055843408175015
467	498	0	0.48393782383419687
p = 8821
8748	486	18
4300	4448	2	0.4915409236396891
226	260	0	0.46502057613168724
p = 8831
8910	2970	3
4389	4521	0	0.4925925925925926
1465	1505	0	0.49326599326599324
p = 8837
8868	1478	6
4515	4353	0	0.5091339648173207
764	714	0	0.516914749661705
p = 8839
8730	582	15
4349	4381	2	0.4981672394043528
251	331	0	0.43127147766323026
p = 8849
8790	1465	6
4431	4359	0	0.5040955631399318
761	704	0	0.5194539249146758
p = 8861
8796	1466	6
4341	4455	0	0.49351978171896316
704	762	0	0.48021828103683495
p = 8863
8856	1476	6
4476	4380	0	0.505420054200542
740	736	0	0.5013550135501355
p = 8867
8697	2899	3
4423	4274	2	0.5085661722433023
1459	1440	2	0.5032769920662298
p = 8887
8865	2955	3
4409	4456	0	0.4973491257755217
1501	1454	0	0.5079526226734349
p = 8893
8856	984	9
4409	4447	2	0.4978545618789521
479	505	0	0.4867886178861789
p = 8923
8766	2922	3
4375	4391	0	0.49908738307095596
1447	1475	0	0.4952087611225188
p = 8929
9072	504	18
4536	4536	2	0.5
249	255	0	0.49404761904761907
p = 8933
8958	2986	3
4423	4535	2	0.4937486045992409
1477	1509	2	0.49464166108506363
p = 8941
8829	327	27
4381	4448	0	0.4962056858081323
161	166	0	0.4923547400611621
p = 8951
8829	2943	3
4377	4452	2	0.4957526333673123
1449	1494	0	0.4923547400611621
p = 8963
9039	3013	3
4429	4610	0	0.48998783051222483
1489	1524	0	0.49419183538001993
p = 8969
8856	2952	3
4460	4396	2	0.503613369467028
1480	1472	2	0.5013550135501355
p = 8971
9099	3033	3
4603	4496	0	0.5058797670073635
1591	1442	0	0.5245631388064622
p = 8999
9084	757	12
4503	4581	0	0.49570673712021135
349	408	0	0.4610303830911493
p = 9001
9000	1000	9
4510	4490	0	0.5011111111111111
536	464	0	0.536
p = 9007
9018	1002	9
4472	4546	0	0.4958970946994899
490	512	0	0.48902195608782434
p = 9011
8958	2986	3
4407	4551	2	0.4919624916275954
1471	1515	2	0.4926322839919625
p = 9013
9108	1518	6
4566	4542	2	0.5013175230566534
754	764	0	0.49670619235836627
p = 9029
8889	2963	3
4427	4462	0	0.4980312746090674
1453	1510	0	0.4903813702328721
p = 9041
9186	1531	6
4557	4629	0	0.4960809928151535
761	770	0	0.4970607446113651
p = 9043
8928	93	96
4468	4460	2	0.5004480286738351
55	38	0	0.5913978494623656
p = 9049
8964	996	9
4560	4404	2	0.5087014725568942
468	528	0	0.46987951807228917
p = 9059
9084	3028	3
4543	4541	2	0.5001100836635843
1505	1523	0	0.49702774108322323
p = 9067
9072	756	12
4490	4582	0	0.4949294532627866
372	384	0	0.49206349206349204
p = 9091
9108	1518	6
4487	4621	2	0.49264382960035136
771	747	0	0.5079051383399209
p = 9103
8928	1488	6
4422	4506	0	0.4952956989247312
714	774	0	0.4798387096774194
p = 9109
9261	343	27
4691	4570	0	0.5065327718388943
163	180	0	0.4752186588921283
p = 9127
9126	1014	9
4503	4623	0	0.49342537804076264
507	507	0	0.5
p = 9133
9072	336	27
4483	4589	2	0.494157848324515
161	175	0	0.4791666666666667
p = 9137
9012	3004	3
4477	4535	2	0.4967820683533067
1501	1503	0	0.49966711051930757
p = 9151
9072	504	18
4580	4492	0	0.5048500881834215
250	254	0	0.49603174603174605
p = 9157
9189	3063	3
4671	4518	0	0.5083251714005876
1601	1462	0	0.5226901730329742
p = 9161
9204	1534	6
4675	4529	0	0.5079313342025207
747	787	0	0.4869621903520209
p = 9173
9297	3099	3
4639	4658	2	0.4989781649994622
1495	1604	0	0.48241368183284933
p = 9181
9180	510	18
4624	4556	2	0.5037037037037037
264	246	0	0.5176470588235295
p = 9187
9180	102	90
4638	4542	2	0.5052287581699346
46	56	0	0.45098039215686275
p = 9199
9288	43	216
4669	4619	2	0.5026916451335056
27	16	0	0.627906976744186
p = 9203
9333	3111	3
4653	4680	0	0.49855351976856316
1603	1508	0	0.5152684024429444
p = 9209
9072	756	12
4459	4613	0	0.49151234567901236
337	419	0	0.44576719576719576
p = 9221
9090	303	30
4632	4458	2	0.5095709570957095
175	128	0	0.5775577557755776
p = 9227
9096	3032	3
4583	4513	2	0.5038478452066842
1503	1529	0	0.495712401055409
p = 9239
9183	3061	3
4617	4566	0	0.5027768703038222
1531	1530	0	0.5001633453119896
p = 9241
9117	3039	3
4515	4602	0	0.4952286936492267
1515	1524	0	0.49851924975320827
p = 9257
9240	44	210
4575	4665	0	0.49512987012987014
17	27	0	0.38636363636363635
p = 9277
9333	3111	3
4721	4612	2	0.5058394942676524
1601	1510	0	0.5146255223400836
p = 9281
9375	3125	3
4737	4638	2	0.50528
1535	1590	2	0.4912
p = 9283
9315	621	15
4635	4680	0	0.4975845410628019
309	312	0	0.4975845410628019
p = 9293
9132	3044	3
4602	4530	0	0.5039421813403416
1494	1550	0	0.4908015768725361
p = 9311
9174	3058	3
4631	4543	0	0.5047961630695443
1519	1539	0	0.49672988881621977
p = 9319
9225	3075	3
4693	4532	0	0.5087262872628726
1623	1452	0	0.5278048780487805
p = 9323
9405	1045	9
4705	4700	0	0.5002658160552897
553	492	0	0.5291866028708134
p = 9337
9342	3114	3
4654	4688	0	0.49818026118604153
1604	1510	0	0.5150931278098908
p = 9341
9165	3055	3
4647	4518	0	0.5070376432078559
1521	1534	0	0.4978723404255319
p = 9343
9414	523	18
4764	4650	2	0.5060548119821542
285	238	0	0.5449330783938815
p = 9349
9333	3111	3
4685	4648	0	0.5019822136504876
1553	1558	0	0.499196399871424
p = 9371
9345	3115	3
4691	4654	2	0.5019796682718031
1531	1584	2	0.4914927768860353
p = 9377
9534	1589	6
4810	4724	2	0.5045101741136984
805	784	2	0.5066079295154186
p = 9391
9405	3135	3
4705	4700	0	0.5002658160552897
1539	1596	0	0.4909090909090909
p = 9397
9216	1536	6
4642	4574	0	0.5036892361111112
800	736	0	0.5208333333333334
p = 9403
9351	3117	3
4705	4646	0	0.5031547428082558
1609	1508	0	0.5162014757779917
p = 9413
9348	779	12
4762	4586	2	0.5094137783483098
389	390	0	0.4993581514762516
p = 9419
9492	3164	3
4734	4758	2	0.49873577749683945
1524	1640	0	0.48166877370417194
p = 9421
9342	173	54
4693	4649	0	0.5023549561121815
79	94	0	0.45664739884393063
p = 9431
9402	3134	3
4763	4639	2	0.5065943416294405
1529	1605	0	0.48787492022973833
p = 9433
9432	1572	6
4668	4764	2	0.494910941475827
769	803	0	0.4891857506361323
p = 9437
9588	1598	6
4861	4727	2	0.5069879015435962
837	761	0	0.5237797246558198
p = 9439
9432	3144	3
4712	4720	2	0.49957591178965227
1582	1562	0	0.5031806615776081
p = 9461
9432	3144	3
4719	4713	2	0.5003180661577609
1629	1515	2	0.5181297709923665
p = 9463
9612	267	36
4798	4814	0	0.49916770703287555
153	114	0	0.5730337078651685
p = 9467
9381	3127	3
4635	4746	2	0.4940837863767189
1565	1562	0	0.5004796929964822
p = 9473
9324	1554	6
4592	4732	2	0.4924924924924925
754	800	2	0.4851994851994852
p = 9479
9366	1561	6
4671	4695	0	0.49871877001921844
819	742	0	0.5246636771300448
p = 9491
9408	392	24
4731	4677	2	0.5028698979591837
197	195	0	0.5025510204081632
p = 9497
9489	3163	3
4783	4706	0	0.5040573295394668
1637	1526	0	0.5175466329434082
p = 9511
9648	804	12
4855	4793	0	0.5032131011608624
417	387	0	0.5186567164179104
p = 9521
9612	534	18
4860	4752	2	0.5056179775280899
280	254	2	0.5243445692883895
p = 9533
9600	1600	6
4753	4847	0	0.4951041666666667
787	813	0	0.491875
p = 9539
9645	3215	3
4765	4880	2	0.4940383618455158
1603	1612	0	0.49860031104199065
p = 9547
9504	528	18
4729	4775	2	0.4975799663299663
247	281	0	0.4678030303030303
p = 9551
9648	1608	6
4769	4879	2	0.4942993366500829
855	753	2	0.5317164179104478
p = 9587
9450	3150	3
4729	4721	2	0.5004232804232804
1533	1617	0	0.4866666666666667
p = 9601
9477	3159	3
4829	4648	0	0.5095494354753614
1613	1546	0	0.5106046217157328
p = 9613
9693	1077	9
4803	4890	2	0.49551222531723926
535	542	0	0.49675023212627667
p = 9619
9747	361	27
4877	4870	2	0.5003590848466195
183	178	0	0.5069252077562327
p = 9623
9705	647	15
4861	4844	2	0.500875837197321
305	342	0	0.4714064914992272
p = 9629
9606	3202	3
4735	4871	2	0.4929210909848012
1617	1585	2	0.5049968769519051
p = 9631
9504	176	54
4837	4667	2	0.5089436026936027
81	95	0	0.4602272727272727
p = 9643
9675	3225	3
4741	4934	0	0.4900258397932817
1559	1666	0	0.4834108527131783
p = 9649
9738	3246	3
4823	4915	2	0.4952762374204149
1605	1641	2	0.4944547134935305
p = 9661
9792	816	12
4881	4911	0	0.49846813725490197
387	429	0	0.4742647058823529
p = 9677
9720	405	24
4882	4838	2	0.5022633744855967
201	204	0	0.4962962962962963
p = 9679
9792	51	192
4862	4930	2	0.4965277777777778
31	20	0	0.6078431372549019
p = 9689
9804	1634	6
4875	4929	2	0.4972460220318237
789	845	0	0.4828641370869033
p = 9697
9720	9	1080
4865	4855	0	0.5005144032921811
7	2	0	0.7777777777777778
p = 9719
9912	413	24
4993	4919	2	0.5037328490718321
221	192	0	0.5351089588377724
p = 9721
9684	3228	3
4853	4831	0	0.5011358942585709
1655	1573	0	0.5127013630731103
p = 9733
9882	1098	9
4886	4996	2	0.49443432503541795
534	564	0	0.48633879781420764
p = 9739
9765	3255	3
4875	4890	0	0.49923195084485406
1597	1658	0	0.49062980030721964
p = 9743
9759	3253	3
4861	4898	2	0.49810431396659494
1625	1628	0	0.49953888718106365
p = 9749
9687	3229	3
4827	4860	0	0.4982966862805822
1663	1566	0	0.5150201300712295
p = 9767
9786	3262	3
4817	4969	2	0.4922338033926017
1657	1605	2	0.5079705702023298
p = 9769
9891	3297	3
4885	5006	2	0.4938833282782327
1663	1634	0	0.5043979375189567
p = 9781
9837	3279	3
4967	4870	2	0.5049303649486632
1717	1562	0	0.5236352546508082
p = 9787
9909	367	27
5011	4898	2	0.5057018871732768
193	174	0	0.5258855585831063
p = 9791
9843	3281	3
4911	4932	0	0.4989332520572996
1623	1658	0	0.494666260286498
p = 9803
9945	3315	3
4937	5008	2	0.4964303670186023
1679	1636	0	0.5064856711915535
p = 9811
9864	822	12
4861	5003	2	0.4928021086780211
401	421	0	0.4878345498783455
p = 9817
9882	1098	9
4939	4943	2	0.49979761181946974
579	519	2	0.5273224043715847
p = 9829
9801	1089	9
4975	4826	0	0.5076012651770228
545	544	0	0.5004591368227732
p = 9833
9792	408	24
4887	4905	0	0.4990808823529412
202	206	0	0.4950980392156863
p = 9839
9990	3330	3
4968	5022	0	0.4972972972972973
1634	1696	0	0.4906906906906907
p = 9851
9702	1617	6
4851	4851	0	0.5
857	760	0	0.5299938157081014
p = 9857
9852	3284	3
4938	4914	2	0.5012180267965896
1694	1590	0	0.5158343483556638
p = 9859
9792	1632	6
4952	4840	2	0.505718954248366
806	826	0	0.49387254901960786
p = 9871
9963	3321	3
4947	5016	2	0.49653718759409815
1635	1686	2	0.49232158988256547
p = 9883
10062	43	234
4988	5074	0	0.49572649572649574
17	26	0	0.3953488372093023
p = 9887
9996	1666	6
5000	4996	0	0.5002000800320128
802	864	0	0.48139255702280914
p = 9901
9774	362	27
4829	4945	0	0.4940658890935134
169	193	0	0.46685082872928174
p = 9907
9729	3243	3
4821	4908	0	0.4955288313290163
1637	1606	0	0.5047795251310515
p = 9923
9960	3320	3
5070	4890	0	0.5090361445783133
1734	1586	0	0.522289156626506
p = 9929
10071	3357	3
5083	4988	0	0.5047165127594082
1703	1654	0	0.5072981829014
p = 9931
10026	3342	3
4958	5068	0	0.4945142629164173
1718	1624	0	0.514063435068821
p = 9941
10002	3334	3
5060	4942	2	0.5058988202359528
1744	1590	0	0.5230953809238152
p = 9949
10017	1113	9
4963	5054	2	0.4954577218728162
569	544	0	0.5112309074573226
p = 9967
9882	1647	6
4912	4970	0	0.49706537138231127
761	886	0	0.4620522161505768
p = 9973
10008	278	36
4937	5071	0	0.49330535571542766
141	137	0	0.5071942446043165
p = 10007
9876	1646	6
5030	4846	0	0.5093155123531794
824	822	0	0.5006075334143378
p = 10009
10044	279	36
5038	5006	2	0.5015929908403026
155	124	0	0.5555555555555556
p = 10037
10140	130	78
5031	5109	0	0.49615384615384617
56	74	0	0.4307692307692308
p = 10039
9900	1650	6
4979	4921	2	0.5029292929292929
841	809	0	0.5096969696969696
p = 10061
10176	3392	3
5055	5121	0	0.4967570754716981
1645	1747	0	0.4849646226415094
p = 10067
10002	3334	3
5004	4998	2	0.5002999400119976
1662	1672	2	0.498500299940012
p = 10069
10044	372	27
5020	5024	2	0.49980087614496216
182	190	0	0.489247311827957
p = 10079
10143	1127	9
5095	5048	2	0.5023168687764961
607	520	0	0.5385980479148181
p = 10091
10098	1683	6
5134	4964	0	0.5084175084175084
843	840	0	0.5008912655971479
p = 10093
10152	564	18
5039	5113	2	0.49635539795114264
283	281	0	0.50177304964539
p = 10099
10008	417	24
5088	4920	0	0.5083932853717026
207	210	0	0.49640287769784175
p = 10103
10152	423	24
5157	4995	0	0.5079787234042553
233	190	0	0.5508274231678487
p = 10111
10044	372	27
5029	5015	0	0.5006969334926324
175	197	0	0.47043010752688175
p = 10133
10146	3382	3
5101	5045	2	0.5027597082594126
1759	1623	0	0.5201064458900059
p = 10139
10131	307	33
5035	5096	0	0.4969894383575165
175	132	0	0.5700325732899023
p = 10141
10080	840	12
5091	4989	2	0.5050595238095238
377	463	0	0.4488095238095238
p = 10151
10242	569	18
5035	5207	2	0.49160320249951184
261	308	0	0.45869947275922673
p = 10159
10080	840	12
5093	4987	2	0.5052579365079365
426	414	0	0.5071428571428571
p = 10163
10185	3395	3
5053	5132	2	0.49612174766813943
1657	1738	0	0.4880706921944035
p = 10169
10113	3371	3
5023	5090	2	0.49668743201819443
1637	1734	2	0.48561257787006823
p = 10177
10350	1725	6
5209	5141	2	0.5032850241545894
901	824	0	0.5223188405797101
p = 10181
10107	3369	3
5145	4962	2	0.5090531314930247
1763	1606	0	0.5233006826951617
p = 10193
10128	3376	3
5101	5027	2	0.5036532385466035
1747	1629	0	0.5174763033175356
p = 10211
10359	3453	3
5167	5192	0	0.4987933198185153
1783	1670	0	0.5163625832609325
p = 10223
10209	3403	3
5047	5162	0	0.49436771476148494
1651	1752	0	0.48516015280634733
p = 10243
10152	564	18
5127	5025	2	0.5050236406619385
275	289	2	0.4875886524822695
p = 10247
10128	1688	6
5068	5060	0	0.5003949447077409
869	819	0	0.5148104265402843
p = 10253
10119	3373	3
5057	5062	2	0.49975294001383536
1651	1722	0	0.4894752445893863
p = 10259
10362	1727	6
5119	5243	2	0.4940165991121405
867	860	2	0.5020266357845976
p = 10267
10332	492	21
5092	5240	0	0.49283778552071233
244	248	0	0.4959349593495935
p = 10271
10110	1685	6
5020	5090	2	0.49653808110781406
855	830	0	0.5074183976261127
p = 10273
10359	3453	3
5269	5090	0	0.5086398300994305
1757	1696	0	0.508832898928468
p = 10289
10329	3443	3
5173	5156	2	0.5008229257430535
1679	1764	0	0.48765611385419694
p = 10301
10284	3428	3
5233	5051	2	0.5088486970050564
1767	1661	2	0.5154609101516919
p = 10303
10368	1728	6
5170	5198	0	0.49864969135802467
846	882	0	0.4895833333333333
p = 10313
10392	3464	3
5184	5208	2	0.49884526558891457
1692	1772	0	0.4884526558891455
p = 10321
10404	3468	3
5172	5232	0	0.497116493656286
1782	1686	0	0.513840830449827
p = 10331
10269	163	63
5113	5156	2	0.4979063199922096
73	90	0	0.44785276073619634
p = 10333
10341	1149	9
5081	5260	2	0.4913451310318151
581	568	0	0.5056570931244561
p = 10337
10197	3399	3
5077	5120	0	0.49789153672648817
1713	1686	0	0.5039717563989409
p = 10343
10458	498	21
5231	5227	2	0.5001912411550966
267	231	0	0.536144578313253
p = 10357
10404	867	12
5272	5132	2	0.5067281814686659
431	436	0	0.497116493656286
p = 10369
10485	699	15
5201	5284	0	0.4960419647114926
335	364	0	0.4792560801144492
p = 10391
10257	3419	3
5097	5160	0	0.4969289265867213
1711	1708	0	0.5004387247733255
p = 10399
10548	1758	6
5331	5217	2	0.5054038680318543
874	884	0	0.49715585893060293
p = 10427
10446	3482	3
5260	5186	0	0.5035420256557533
1732	1750	0	0.4974152785755313
p = 10429
10404	3468	3
5107	5297	2	0.4908688965782391
1711	1757	0	0.4933679354094579
p = 10433
10521	3507	3
5229	5292	0	0.49700598802395207
1733	1774	0	0.4941545480467636
p = 10453
10395	1155	9
5197	5198	2	0.4999518999518999
531	624	0	0.4597402597402597
p = 10457
10584	28	378
5284	5300	2	0.499244142101285
17	11	0	0.6071428571428571
p = 10459
10449	387	27
5257	5192	2	0.5031103454876065
215	172	0	0.5555555555555556
p = 10463
10647	273	39
5385	5262	2	0.5057762750070443
155	118	0	0.5677655677655677
p = 10477
10638	197	54
5301	5337	2	0.4983079526226734
85	112	0	0.43147208121827413
p = 10487
10626	3542	3
5259	5367	0	0.49491812535290797
1723	1819	0	0.48644833427442125
p = 10499
10425	3475	3
5125	5300	2	0.49160671462829736
1683	1792	0	0.48431654676258995
p = 10501
10503	3501	3
5253	5250	0	0.5001428163381891
1725	1776	0	0.49271636675235647
p = 10513
10386	1154	9
5249	5137	0	0.5053918736761025
575	579	0	0.4982668977469671
p = 10529
10674	1186	9
5354	5320	0	0.5015926550496533
576	610	0	0.4856661045531197
p = 10531
10494	3498	3
5222	5272	0	0.4976176862969316
1774	1724	0	0.5071469411092052
p = 10559
10611	3537	3
5287	5324	2	0.49825652624634814
1707	1830	0	0.48261238337574214
p = 10567
10503	389	27
5225	5278	2	0.49747691135865946
181	208	0	0.4652956298200514
p = 10589
10611	3537	3
5283	5328	0	0.49787955894826125
1791	1746	0	0.5063613231552163
p = 10597
10458	1743	6
5198	5260	0	0.4970357620960031
891	852	0	0.5111876075731497
p = 10601
10479	3493	3
5191	5288	0	0.4953716957724974
1785	1708	0	0.5110220440881763
p = 10607
10656	3552	3
5365	5291	2	0.5034722222222222
1839	1713	0	0.5177364864864865
p = 10613
10554	1759	6
5253	5301	2	0.4977259806708357
913	846	0	0.519044911881751
p = 10627
10656	1776	6
5414	5242	0	0.5080705705705706
858	918	0	0.4831081081081081
p = 10631
10659	209	51
5329	5330	2	0.4999530912843606
105	104	0	0.5023923444976076
p = 10639
10566	1174	9
5335	5231	0	0.5049214461480219
625	549	0	0.5323679727427598
p = 10651
10656	888	12
5360	5296	0	0.503003003003003
421	467	0	0.4740990990990991
p = 10657
10584	196	54
5296	5288	0	0.5003779289493575
88	108	0	0.4489795918367347
p = 10663
10827	1203	9
5431	5396	2	0.5016163295465041
619	584	0	0.514546965918537
p = 10667
10725	3575	3
5337	5388	2	0.4976223776223776
1797	1778	2	0.5026573426573426
p = 10687
10620	1770	6
5365	5255	2	0.5051789077212806
857	913	0	0.48418079096045197
p = 10691
10572	1762	6
5362	5210	2	0.5071888006053726
894	868	0	0.5073779795686719
p = 10709
10755	1195	9
5397	5358	0	0.501813110181311
555	640	0	0.46443514644351463
p = 10711
10665	1185	9
5367	5298	2	0.5032348804500704
609	576	0	0.5139240506329114
p = 10723
10800	300	36
5405	5395	2	0.500462962962963
163	137	0	0.5433333333333333
p = 10729
10692	33	324
5337	5355	2	0.49915824915824913
25	8	0	0.7575757575757576
p = 10733
10728	1788	6
5382	5346	0	0.5016778523489933
914	874	0	0.5111856823266219
p = 10739
10788	3596	3
5317	5471	2	0.492862439747868
1733	1863	0	0.48192436040044495
p = 10753
10737	3579	3
5323	5414	2	0.4957623172208252
1773	1806	2	0.4953897736797988
p = 10771
10908	1212	9
5367	5541	0	0.49202420242024203
621	591	0	0.5123762376237624
p = 10781
10710	1190	9
5326	5384	2	0.4972922502334267
578	612	0	0.4857142857142857
p = 10789
10755	3585	3
5401	5354	2	0.502185030218503
1831	1754	2	0.5107391910739191
p = 10799
10869	3623	3
5501	5368	0	0.5061183181525439
1877	1746	0	0.5180789401048854
p = 10831
10917	3639	3
5499	5418	2	0.5037098103874691
1837	1802	0	0.5048090134652377
p = 10837
10881	1209	9
5493	5388	2	0.5048249241797629
571	638	0	0.47229114971050457
p = 10847
10962	3654	3
5479	5483	2	0.4998175515416895
1883	1771	2	0.5153256704980843
p = 10853
10875	3625	3
5437	5438	2	0.4999540229885057
1795	1830	2	0.49517241379310345
p = 10859
10872	1812	6
5442	5430	2	0.5005518763796909
902	910	0	0.4977924944812362
p = 10861
10899	3633	3
5537	5362	0	0.5080282594733462
1909	1724	0	0.5254610514726121
p = 10867
10836	602	18
5350	5486	0	0.49372462163159836
272	330	0	0.45182724252491696
p = 10883
10785	3595	3
5449	5336	2	0.5052387575336115
1779	1816	0	0.4948539638386648
p = 10889
10794	3598	3
5332	5462	0	0.4939781360014823
1810	1788	0	0.5030572540300167
p = 10891
10854	402	27
5484	5370	2	0.5052515201768933
218	184	0	0.5422885572139303
p = 10903
10800	30	360
5494	5306	0	0.5087037037037037
12	18	0	0.4
p = 10909
11034	3678	3
5481	5553	2	0.4967373572593801
1851	1827	2	0.5032626427406199
p = 10937
10881	3627	3
5391	5490	0	0.49545078577336643
1761	1866	0	0.4855252274607113
p = 10939
10800	450	24
5411	5389	0	0.5010185185185185
209	241	0	0.46444444444444444
p = 10949
11100	100	111
5523	5577	2	0.4975675675675676
53	47	0	0.53
p = 10957
10944	912	12
5549	5395	0	0.5070358187134503
425	487	0	0.46600877192982454
p = 10973
10890	165	66
5410	5480	2	0.4967860422405877
91	74	0	0.5515151515151515
p = 10979
10920	1820	6
5490	5430	0	0.5027472527472527
942	878	0	0.5175824175824176
p = 10987
11016	612	18
5438	5578	0	0.49364560639070443
310	302	0	0.5065359477124183
p = 10993
10890	3630	3
5492	5398	0	0.504315886134068
1826	1804	0	0.503030303030303
p = 11003
10947	3649	3
5561	5386	2	0.5079930574586645
1789	1860	0	0.4902713072074541
p = 11027
11064	3688	3
5519	5545	0	0.498825018076645
1833	1855	0	0.4970173535791757
p = 11047
10872	906	12
5417	5455	2	0.498252391464312
411	495	0	0.45364238410596025
p = 11057
11076	3692	3
5547	5529	0	0.5008125677139762
1807	1885	0	0.4894366197183099
p = 11059
11160	3720	3
5516	5644	0	0.4942652329749104
1816	1904	0	0.4881720430107527
p = 11069
10986	1831	6
5454	5532	0	0.4964500273074823
885	946	0	0.4833424358274167
p = 11071
11115	3705	3
5525	5590	0	0.49707602339181284
1847	1858	0	0.49851551956815116
p = 11083
11079	3693	3
5471	5608	2	0.49381713151006407
1831	1862	2	0.495802870295153
p = 11087
11124	309	36
5598	5526	0	0.5032362459546925
165	144	0	0.5339805825242718
p = 11093
11079	3693	3
5511	5568	0	0.4974275656647712
1853	1840	0	0.5017600866504197
p = 11113
11295	753	15
5583	5712	0	0.4942895086321381
363	390	0	0.4820717131474104
p = 11117
11076	3692	3
5612	5464	2	0.5066811123149151
1896	1796	0	0.5135427952329361
p = 11119
11052	921	12
5501	5551	0	0.4977379659790083
455	466	0	0.494028230184582
p = 11131
11043	1227	9
5453	5590	0	0.49379697545956713
641	586	0	0.5224123879380603
p = 11149
11214	623	18
5598	5616	2	0.49919743178170145
293	330	0	0.47030497592295345
p = 11159
11214	623	18
5515	5699	2	0.4917959693240592
333	290	0	0.5345104333868379
p = 11161
10980	3660	3
5509	5471	0	0.5017304189435337
1795	1865	0	0.49043715846994534
p = 11171
10995	3665	3
5427	5568	2	0.4935879945429741
1767	1898	2	0.4821282401091405
p = 11173
11268	939	12
5663	5605	0	0.5025736599219027
473	466	0	0.503727369542066
p = 11177
11184	932	12
5598	5586	2	0.5005364806866953
467	465	0	0.5010729613733905
p = 11197
11151	1239	9
5565	5586	0	0.4990583804143126
633	606	0	0.5108958837772397
p = 11213
11268	626	18
5689	5579	0	0.5048810791622294
294	332	0	0.4696485623003195
p = 11239
11205	3735	3
5545	5660	0	0.49486836233824183
1903	1832	0	0.5095046854082999
p = 11243
11166	3722	3
5615	5551	0	0.5028658427368798
1877	1845	0	0.5042987641053197
p = 11251
11385	3795	3
5707	5678	0	0.5012736056214318
1903	1892	0	0.5014492753623189
p = 11257
11349	3783	3
5699	5650	0	0.502158780509296
1881	1902	0	0.4972244250594766
p = 11261
11109	3703	3
5547	5562	0	0.4993248717256279
1823	1880	0	0.49230353767215773
p = 11273
11463	3821	3
5641	5822	0	0.4921050335863212
1923	1898	0	0.503271394922795
p = 11279
11424	112	102
5723	5701	2	0.5009628851540616
57	55	0	0.5089285714285714
p = 11287
11322	1887	6
5747	5575	0	0.5075958311252429
919	968	0	0.48701642819289875
p = 11299
11196	1866	6
5585	5611	2	0.4988388710253662
900	966	0	0.48231511254019294
p = 11311
11286	209	54
5547	5739	2	0.4914938862307283
111	98	0	0.5311004784688995
p = 11317
11304	3768	3
5618	5686	2	0.4969922151450814
1868	1900	0	0.49575371549893843
p = 11321
11310	3770	3
5597	5713	0	0.4948717948717949
1909	1861	0	0.5063660477453581
p = 11329
11448	1272	9
5823	5625	2	0.5086477987421384
661	611	0	0.5196540880503144
p = 11351
11376	474	24
5683	5693	2	0.4995604781997187
225	249	0	0.47468354430379744
p = 11353
11412	3804	3
5807	5605	0	0.5088503329828251
1981	1823	0	0.5207676130389064
p = 11369
11328	3776	3
5660	5668	0	0.4996468926553672
1892	1884	0	0.5010593220338984
p = 11383
11241	3747	3
5615	5626	2	0.4995107196868606
1801	1946	0	0.48065118761676007
p = 11393
11316	3772	3
5708	5608	2	0.504418522446094
1844	1928	2	0.48886532343584305
p = 11399
11211	3737	3
5519	5692	2	0.4922843635714923
1789	1948	0	0.4787262510034787
p = 11411
11430	1270	9
5725	5705	0	0.5008748906386702
631	639	0	0.4968503937007874
p = 11423
11445	763	15
5677	5768	2	0.4960244648318043
413	350	0	0.5412844036697247
p = 11437
11340	1890	6
5712	5628	0	0.5037037037037037
998	892	0	0.5280423280423281
p = 11443
11610	3870	3
5768	5842	0	0.49681309216192937
1910	1960	0	0.4935400516795866
p = 11447
11526	3842	3
5772	5754	0	0.5007808433107757
1908	1934	0	0.4966163456533056
p = 11467
11295	1255	9
5723	5572	0	0.5066843736166445
661	594	0	0.5266932270916335
p = 11471
11592	276	42
5850	5742	0	0.5046583850931677
147	129	0	0.532608695652174
p = 11483
11460	1910	6
5797	5663	2	0.5058464223385689
994	916	0	0.5204188481675392
p = 11489
11412	3804	3
5656	5756	0	0.4956186470382054
1876	1928	0	0.4931650893796004
p = 11491
11547	3849	3
5675	5872	2	0.4914696457954447
1915	1934	0	0.49753182644842814
p = 11497
11484	3828	3
5692	5792	2	0.4956461163357715
1896	1932	0	0.4952978056426332
p = 11503
11511	3837	3
5797	5714	0	0.5036052471548953
1909	1928	0	0.4975241073755538
p = 11519
11406	3802	3
5754	5652	0	0.5044713308784851
1928	1874	0	0.507101525512888
p = 11527
11412	3804	3
5613	5799	2	0.49185068349106204
1881	1923	2	0.4944794952681388
p = 11549
11760	196	60
5855	5905	0	0.49787414965986393
107	89	0	0.5459183673469388
p = 11551
11457	3819	3
5699	5758	2	0.4974251549271188
1897	1922	0	0.4967268918565069
p = 11579
11424	3808	3
5768	5656	2	0.5049019607843137
1924	1884	0	0.5052521008403361
p = 11587
11664	27	432
5903	5761	2	0.5060871056241426
13	14	0	0.48148148148148145
p = 11593
11448	159	72
5684	5764	2	0.4965059399021663
75	84	0	0.4716981132075472
p = 11597
11655	3885	3
5803	5852	2	0.4978978978978979
1931	1954	0	0.49703989703989704
p = 11617
11700	1950	6
5819	5881	0	0.49735042735042734
930	1020	0	0.47692307692307695
p = 11621
11778	1963	6
5925	5853	0	0.5030565461029037
1007	956	0	0.5129903209373408
p = 11633
11748	1958	6
5805	5943	0	0.49412665985699694
998	960	0	0.5097037793667007
p = 11657
11622	1937	6
5853	5769	2	0.503613835828601
933	1004	0	0.481672689726381
p = 11677
11673	3891	3
5889	5784	2	0.50449755846826
2003	1888	0	0.5147776921099975
p = 11681
11679	3893	3
5837	5842	0	0.4997859405771042
1973	1920	0	0.5068070896480863
p = 11689
11574	3858	3
5825	5749	2	0.5032832210126145
1879	1979	0	0.4870399170554692
p = 11699
11688	487	24
5914	5774	0	0.5059890485968515
255	232	0	0.5236139630390144
p = 11701
11673	3891	3
5797	5876	0	0.4966161226762615
1979	1912	0	0.508609611924955
p = 11717
11565	1285	9
5717	5848	0	0.49433635970600953
629	656	0	0.4894941634241245
p = 11719
11583	143	81
5867	5716	0	0.5065181731848398
73	70	0	0.5104895104895105
p = 11731
11844	1974	6
5966	5878	0	0.5037149611617697
952	1022	0	0.48226950354609927
p = 11743
11817	3939	3
5975	5842	2	0.5056274858255057
1995	1944	2	0.5064737242955065
p = 11777
11760	1960	6
5777	5983	0	0.49124149659863947
914	1046	0	0.4663265306122449
p = 11779
11646	3882	3
5913	5733	2	0.5077279752704791
1989	1893	2	0.5123647604327666
p = 11783
11748	979	12
5784	5964	0	0.4923391215526047
479	500	0	0.48927477017364657
p = 11789
11592	322	36
5751	5841	0	0.49611801242236025
175	147	0	0.5434782608695652
p = 11801
11751	3917	3
5783	5968	0	0.49212832950387203
1953	1964	0	0.49859586418177176
p = 11807
11760	980	12
5789	5971	2	0.4922619047619048
515	465	0	0.5255102040816326
p = 11813
11688	3896	3
5916	5772	0	0.5061601642710473
1904	1992	0	0.4887063655030801
p = 11821
11664	1296	9
5786	5878	0	0.4960562414266118
652	644	0	0.5030864197530864
p = 11827
11691	433	27
5935	5756	0	0.507655461466085
207	226	0	0.4780600461893764
p = 11831
12000	500	24
6071	5929	2	0.5059166666666667
261	239	0	0.522
p = 11833
11718	1302	9
5839	5879	0	0.4982932240996757
617	685	0	0.4738863287250384
p = 11839
11655	555	21
5841	5814	2	0.5011583011583012
261	294	0	0.4702702702702703
p = 11863
11898	3966	3
5876	6022	0	0.4938645150445453
1892	2074	0	0.47705496722138174
p = 11867
11970	798	15
5976	5994	0	0.4992481203007519
412	386	0	0.5162907268170426
p = 11887
11853	1317	9
5873	5980	0	0.4954863747574454
613	704	0	0.4654517843583903
p = 11897
12000	4000	3
5946	6054	0	0.4955
2006	1994	0	0.5015
p = 11903
11760	980	12
5820	5940	0	0.49489795918367346
509	471	0	0.5193877551020408
p = 11909
12000	160	75
6016	5984	0	0.5013333333333333
90	70	0	0.5625
p = 11923
11835	1315	9
5867	5968	2	0.4957329953527672
655	660	0	0.49809885931558934
p = 11927
11760	1960	6
5820	5940	0	0.49489795918367346
969	991	0	0.4943877551020408
p = 11933
11823	3941	3
5867	5956	2	0.4962361498773577
1977	1964	0	0.501649327581832
p = 11939
11868	989	12
5886	5982	2	0.4959555106167846
515	474	0	0.5207280080889788
p = 11941
11934	1326	9
5990	5944	0	0.501927266633149
648	678	0	0.48868778280542985
p = 11953
11817	3939	3
5917	5900	0	0.5007193026995007
1911	2028	0	0.48514851485148514
p = 11959
12114	4038	3
6138	5976	2	0.5066864784546805
2028	2010	2	0.5022288261515602
p = 11969
11817	1313	9
5889	5928	0	0.49834983498349833
647	666	0	0.49276466108149275
p = 11971
11988	74	162
6001	5987	2	0.5005839172505839
35	39	0	0.47297297297297297
p = 11981
11898	3966	3
5859	6039	0	0.4924357034795764
1903	2063	0	0.47982854261220376
p = 11987
11847	359	33
5903	5944	2	0.4982696041191863
169	190	0	0.47075208913649025
p = 12007
11817	1313	9
5913	5904	2	0.5003808073115004
669	644	0	0.5095201827875095
p = 12011
11856	1976	6
5947	5909	2	0.5016025641025641
951	1025	0	0.4812753036437247
p = 12037
12015	1335	9
6019	5996	0	0.5009571369121931
643	692	0	0.48164794007490636
p = 12041
12168	169	72
6171	5997	0	0.5071499013806706
89	80	0	0.5266272189349113
p = 12043
12204	452	27
6128	6076	0	0.5021304490331039
244	208	0	0.5398230088495575
p = 12049
11889	3963	3
6035	5854	0	0.5076120783917907
2053	1910	0	0.5180418874589957
p = 12071
11880	990	12
5941	5939	2	0.5000841750841751
477	513	0	0.4818181818181818
p = 12073
12186	4062	3
6068	6118	2	0.4979484654521582
2068	1994	0	0.5091088133924175
p = 12097
12231	151	81
6163	6068	0	0.5038835745237511
73	78	0	0.48344370860927155
p = 12101
12267	4089	3
6203	6064	0	0.5056656069128557
2085	2004	0	0.5099046221570066
p = 12107
11970	1995	6
5979	5991	0	0.49949874686716794
987	1008	0	0.49473684210526314
p = 12109
12276	372	33
6144	6132	2	0.5004887585532747
202	170	0	0.543010752688172
p = 12113
12081	4027	3
5989	6092	0	0.49573710785531
1963	2064	0	0.48745964738018377
p = 12119
12042	4014	3
5937	6105	2	0.49302441454907825
2039	1975	0	0.5079720976581963
p = 12143
12180	290	42
6138	6042	0	0.5039408866995074
159	131	0	0.5482758620689655
p = 12149
12234	2039	6
6197	6037	0	0.5065391531796632
1031	1008	0	0.5056400196174595
p = 12157
12186	2031	6
5989	6197	0	0.4914656162809782
1021	1010	0	0.5027080256031512
p = 12161
12270	4090	3
6149	6121	0	0.5011409942950286
2071	2019	0	0.506356968215159
p = 12163
12375	1375	9
6139	6236	2	0.49608080808080807
683	692	0	0.49672727272727274
p = 12197
12285	4095	3
6123	6162	0	0.4984126984126984
1989	2106	0	0.4857142857142857
p = 12203
12300	4100	3
6154	6146	0	0.5003252032520326
2026	2074	0	0.49414634146341463
p = 12211
12168	1014	12
6084	6084	0	0.5
472	542	0	0.46548323471400394
p = 12227
12285	4095	3
6045	6240	2	0.49206349206349204
2051	2044	0	0.5008547008547009
p = 12239
12315	4105	3
6207	6108	2	0.5040194884287454
2023	2082	2	0.4928136419001218
p = 12241
12276	2046	6
6105	6171	2	0.49731182795698925
1057	989	0	0.5166177908113392
p = 12251
12354	4118	3
6277	6077	0	0.5080945442771572
2143	1975	0	0.5203982515784361
p = 12253
12186	4062	3
6141	6045	0	0.5039389463318562
2013	2049	0	0.49556868537666177
p = 12263
12441	4147	3
6321	6120	0	0.5080781287677839
2133	2014	0	0.514347721244273
p = 12269
12369	4123	3
6205	6164	0	0.5016573692295254
2065	2058	0	0.5008488964346349
p = 12277
12366	1374	9
6185	6181	2	0.5001617337861879
723	651	0	0.5262008733624454
p = 12281
12435	829	15
6191	6244	0	0.49786891837555286
401	428	0	0.4837153196622437
p = 12289
12321	1369	9
6209	6112	2	0.5039363688012337
665	704	2	0.48575602629656683
p = 12301
12375	4125	3
6225	6150	0	0.503030303030303
2035	2090	0	0.49333333333333335
p = 12323
12447	4149	3
6327	6120	2	0.5083152566883586
2107	2042	0	0.5078332128223668
p = 12329
12336	4112	3
6123	6213	0	0.496352140077821
1993	2119	0	0.48467898832684825
p = 12343
12429	4143	3
6145	6284	2	0.49440823879636336
2107	2036	0	0.5085686700458605
p = 12347
12285	273	45
6047	6238	2	0.4922262922262922
133	140	0	0.48717948717948717
p = 12373
12447	1383	9
6237	6210	2	0.5010845986984815
679	704	0	0.4909616775126536
p = 12377
12210	2035	6
6166	6044	2	0.504995904995905
1061	974	0	0.5213759213759214
p = 12379
12402	2067	6
6165	6237	2	0.49709724238026126
1075	992	2	0.5200774068698597
p = 12391
12231	1359	9
6157	6074	0	0.5033930177418036
693	666	0	0.5099337748344371
p = 12401
12594	2099	6
6291	6303	2	0.4995235826584088
1037	1062	0	0.4940447832301096
p = 12409
12240	2040	6
6154	6086	2	0.5027777777777778
968	1072	2	0.4745098039215686
p = 12413
12504	1042	12
6195	6309	0	0.4954414587332054
495	547	0	0.4750479846449136
p = 12421
12366	1374	9
6076	6290	0	0.4913472424389455
690	684	0	0.5021834061135371
p = 12433
12609	4203	3
6305	6304	2	0.5000396542152431
2063	2140	0	0.49083987627884845
p = 12437
12651	4217	3
6315	6336	2	0.49917002608489447
2127	2090	0	0.5043870049798435
p = 12451
12600	60	210
6290	6310	2	0.4992063492063492
24	36	0	0.4
p = 12457
12537	4179	3
6207	6330	0	0.4950945202201484
2121	2058	0	0.507537688442211
p = 12473
12411	1379	9
6301	6110	2	0.5076947868826042
659	720	0	0.47788252356780275
p = 12479
12375	4125	3
6107	6268	0	0.4934949494949495
2019	2106	0	0.4894545454545455
p = 12487
12330	2055	6
6156	6174	0	0.4992700729927007
1091	964	0	0.5309002433090024
p = 12491
12468	2078	6
6202	6266	0	0.4974334295797241
1032	1046	0	0.4966313763233879
p = 12497
12690	4230	3
6390	6300	2	0.5035460992907801
2158	2072	0	0.5101654846335697
p = 12503
12606	2101	6
6283	6323	2	0.49841345391083614
1063	1038	0	0.5059495478343646
p = 12511
12708	2118	6
6423	6285	2	0.5054296506137866
1074	1044	0	0.5070821529745042
p = 12517
12312	228	54
6110	6202	2	0.4962638076673164
120	108	0	0.5263157894736842
p = 12527
12720	4240	3
6339	6381	0	0.4983490566037736
2059	2181	0	0.4856132075471698
p = 12539
12324	2054	6
6165	6159	0	0.5002434274586174
1041	1013	0	0.5068159688412853
p = 12541
12537	4179	3
6333	6204	0	0.5051447714764298
2161	2018	0	0.5171093563053362
p = 12547
12654	2109	6
6305	6349	2	0.4982614193140509
1037	1072	2	0.4917022285443338
p = 12553
12420	690	18
6213	6207	0	0.5002415458937198
359	331	0	0.5202898550724637
p = 12569
12696	529	24
6417	6279	0	0.5054347826086957
241	288	0	0.4555765595463138
p = 12577
12420	345	36
6244	6176	0	0.5027375201288244
171	174	0	0.4956521739130435
p = 12583
12681	1409	9
6435	6246	0	0.5074520936834634
673	736	0	0.47764371894960966
p = 12589
12690	4230	3
6382	6308	0	0.5029156816390858
2108	2122	0	0.4983451536643026
p = 12601
12636	702	18
6356	6280	2	0.5030072807850585
319	383	0	0.4544159544159544
p = 12611
12636	4212	3
6324	6312	0	0.5004748338081672
2104	2108	0	0.49952516619183285
p = 12613
12528	2088	6
6294	6234	2	0.5023946360153256
1056	1032	0	0.5057471264367817
p = 12619
12636	52	243
6339	6297	0	0.501661918328585
15	37	0	0.28846153846153844
p = 12637
12699	4233	3
6363	6336	2	0.5010630758327428
2081	2152	2	0.4916135128750295
p = 12641
12495	4165	3
6185	6310	2	0.49499799919967985
2091	2074	2	0.5020408163265306
p = 12647
12711	4237	3
6443	6268	2	0.5068838014318306
2199	2038	2	0.5189992919518527
p = 12653
12810	427	30
6445	6365	2	0.5031225604996097
219	208	0	0.5128805620608899
p = 12659
12696	2116	6
6409	6287	2	0.5048046628859484
1026	1090	0	0.4848771266540643
p = 12671
12600	40	315
6271	6329	2	0.4976984126984127
11	29	0	0.275
p = 12689
12885	4295	3
6397	6488	2	0.4964687621265037
2151	2144	0	0.50081490104773
p = 12697
12636	2106	6
6288	6348	2	0.4976258309591643
1056	1050	0	0.5014245014245015
p = 12703
12690	2115	6
6434	6256	2	0.5070133963750985
1067	1048	0	0.5044917257683215
p = 12713
12648	4216	3
6263	6385	2	0.49517710309930424
2129	2087	0	0.5049810246679317
p = 12721
12879	477	27
6495	6384	0	0.5043093407873283
253	224	0	0.5303983228511531
p = 12739
12744	1416	9
6385	6359	0	0.5010200878844947
691	725	0	0.4879943502824859
p = 12743
12693	4231	3
6299	6394	2	0.4962577798786733
2059	2172	0	0.48664618293547623
p = 12757
12870	2145	6
6514	6356	0	0.5061383061383061
1071	1074	0	0.4993006993006993
p = 12763
12816	534	24
6463	6353	2	0.5042915106117354
271	263	0	0.5074906367041199
p = 12781
12852	1428	9
6446	6406	0	0.5015561780267662
702	726	0	0.49159663865546216
p = 12791
12702	2117	6
6403	6299	0	0.5040938434892143
1065	1052	0	0.5030703826169107
p = 12799
12690	1410	9
6427	6263	0	0.506461780929866
679	731	0	0.48156028368794324
p = 12809
12804	1067	12
6406	6398	2	0.500312402374258
535	532	0	0.5014058106841612
p = 12821
12714	326	39
6282	6432	2	0.49410099103350635
160	166	0	0.49079754601226994
p = 12823
12708	2118	6
6313	6395	2	0.4967736858671703
1041	1077	0	0.4915014164305949
p = 12829
12852	4284	3
6347	6505	2	0.49385309679427325
2181	2103	2	0.5091036414565826
p = 12841
12852	2142	6
6342	6510	2	0.4934640522875817
1054	1088	2	0.49206349206349204
p = 12853
12780	710	18
6380	6400	2	0.49921752738654146
327	383	0	0.46056338028169014
p = 12889
12915	4305	3
6515	6400	2	0.5044521873790166
2231	2074	0	0.5182346109175378
p = 12893
12828	2138	6
6382	6446	2	0.49750545681322106
992	1146	0	0.4639850327408793
p = 12899
13035	11	1185
6467	6568	2	0.4961258151131569
3	8	0	0.2727272727272727
p = 12907
12762	1418	9
6391	6371	2	0.5007835762419683
711	707	0	0.501410437235543
p = 12911
12912	269	48
6440	6472	0	0.49876084262701365
149	120	0	0.5539033457249071
p = 12917
13080	4360	3
6570	6510	0	0.5022935779816514
2214	2146	0	0.5077981651376147
p = 12919
12924	2154	6
6540	6384	0	0.5060352831940576
1096	1058	0	0.5088207985143919
p = 12923
12924	1436	9
6385	6539	2	0.49404209223150725
745	691	2	0.5188022284122563
p = 12941
12732	2122	6
6373	6359	0	0.5005497957901351
1092	1030	0	0.5146088595664468
p = 12953
12825	855	15
6371	6454	0	0.49676413255360624
401	454	0	0.46900584795321637
p = 12959
12930	4310	3
6375	6555	0	0.49303944315545245
2141	2169	0	0.49675174013921114
p = 12967
13068	2178	6
6536	6532	0	0.5001530456075911
1070	1108	0	0.49127640036730946
p = 12973
12861	4287	3
6385	6476	2	0.4964621724593733
2111	2176	2	0.49241894098437133
p = 12979
13104	728	18
6634	6470	0	0.5062576312576312
390	338	0	0.5357142857142857
p = 12983
12843	4281	3
6419	6424	0	0.4998053414311298
2067	2214	0	0.48283111422564823
p = 13001
13068	1089	12
6520	6548	2	0.4989286807468626
551	538	0	0.5059687786960514
p = 13003
12888	1074	12
6347	6541	2	0.4924736188702669
523	551	0	0.48696461824953446
p = 13007
13146	4382	3
6594	6552	0	0.5015974440894568
2226	2156	0	0.5079872204472844
p = 13009
12852	714	18
6399	6453	0	0.49789915966386555
331	383	0	0.4635854341736695
p = 13033
12978	1442	9
6557	6421	0	0.5052396363075975
733	709	0	0.5083217753120666
p = 13037
13101	4367	3
6513	6588	2	0.4971376230822075
2195	2172	0	0.5026333867643691
p = 13043
13080	4360	3
6567	6513	0	0.5020642201834863
2239	2121	0	0.5135321100917432
p = 13049
12852	238	54
6419	6433	0	0.49945533769063183
121	117	0	0.5084033613445378
p = 13063
13095	1455	9
6477	6618	0	0.4946162657502864
707	748	0	0.4859106529209622
p = 13093
12924	4308	3
6408	6516	0	0.4958217270194986
2132	2176	0	0.4948932219127205
p = 13099
13257	4419	3
6653	6604	2	0.5018480802594856
2175	2244	0	0.4921928038017651
p = 13103
12897	1433	9
6447	6450	0	0.4998836938822982
775	658	0	0.5408234473133287
p = 13109
13149	4383	3
6635	6514	2	0.504601110350597
2145	2238	2	0.4893908281998631
p = 13121
13269	4423	3
6699	6570	0	0.5048609541035496
2237	2186	0	0.5057653176576984
p = 13127
13320	1110	12
6733	6587	0	0.5054804804804804
591	519	0	0.5324324324324324
p = 13147
13167	4389	3
6473	6694	0	0.4916078073972811
2089	2300	0	0.4759626338573707
p = 13151
13179	4393	3
6637	6542	0	0.5036042188329919
2217	2176	0	0.5046665149100842
p = 13159
13014	723	18
6607	6407	0	0.5076840325802982
369	354	0	0.5103734439834025
p = 13163
13011	4337	3
6455	6556	0	0.4961186688186919
2151	2186	0	0.49596495273230345
p = 13171
13248	2208	6
6563	6685	2	0.4953955314009662
1084	1124	0	0.49094202898550726
p = 13177
13266	2211	6
6569	6697	0	0.49517563696668176
1103	1108	0	0.49886928991406604
p = 13183
12996	2166	6
6553	6443	2	0.5042320714065867
1037	1129	0	0.47876269621421974
p = 13187
13065	871	15
6457	6608	2	0.4942212016838883
465	406	0	0.5338691159586682
p = 13217
13116	4372	3
6472	6644	2	0.4934431229033242
2200	2172	0	0.5032021957913998
p = 13219
13068	4356	3
6470	6598	0	0.495102540557086
2098	2258	0	0.48163452708907256
p = 13229
13329	1481	9
6737	6592	0	0.5054392677620226
757	724	0	0.5111411208642809
p = 13241
13212	1101	12
6676	6536	2	0.5052982137450802
543	558	0	0.49318801089918257
p = 13249
13374	2229	6
6603	6771	2	0.493719156572454
1097	1132	0	0.4921489457155675
p = 13259
13308	2218	6
6632	6676	0	0.4983468590321611
1126	1092	0	0.5076645626690712
p = 13267
13140	2190	6
6614	6526	0	0.5033485540334856
1040	1150	0	0.4748858447488584
p = 13291
13266	1474	9
6584	6682	0	0.4963063470526157
724	750	0	0.49118046132971505
p = 13297
13275	4425	3
6717	6558	0	0.5059887005649718
2259	2166	0	0.5105084745762711
p = 13309
13500	375	36
6638	6862	2	0.4917037037037037
201	174	0	0.536
p = 13313
13335	889	15
6653	6682	2	0.49891263592050994
421	468	0	0.4735658042744657
p = 13327
13410	4470	3
6683	6727	2	0.49835943325876214
2205	2265	0	0.49328859060402686
p = 13331
13527	4509	3
6757	6770	2	0.49951947955939974
2223	2286	0	0.4930139720558882
p = 13337
13146	4382	3
6594	6552	0	0.5015974440894568
2150	2232	0	0.4906435417617526
p = 13339
13491	4497	3
6763	6728	0	0.5012971610703432
2271	2226	0	0.505003335557038
p = 13367
13320	4440	3
6732	6588	0	0.5054054054054054
2238	2202	0	0.504054054054054
p = 13381
13365	891	15
6681	6684	2	0.49988776655443323
461	430	0	0.5173961840628507
p = 13397
13485	4495	3
6843	6642	0	0.5074527252502781
2307	2188	0	0.5132369299221357
p = 13399
13383	4461	3
6665	6718	2	0.4980198759620414
2173	2288	0	0.48711051333781663
p = 13411
13392	1488	9
6800	6592	0	0.5077658303464755
716	772	0	0.48118279569892475
p = 13417
13428	2238	6
6646	6782	0	0.4949359547214775
1094	1144	0	0.48882931188561213
p = 13421
13494	2249	6
6825	6669	0	0.5057803468208093
1165	1084	0	0.5180080035571365
p = 13441
13581	1509	9
6819	6762	2	0.5020985199911642
737	772	0	0.48840291583830353
p = 13451
13380	4460	3
6594	6786	0	0.4928251121076233
2232	2228	0	0.5004484304932736
p = 13457
13419	639	21
6759	6660	2	0.5036887994634474
319	320	0	0.49921752738654146
p = 13463
13470	2245	6
6754	6716	2	0.5014105419450631
1117	1128	0	0.49755011135857463
p = 13469
13350	2225	6
6611	6739	2	0.4952059925093633
1107	1118	0	0.49752808988764047
p = 13477
13563	4521	3
6763	6800	0	0.49863599498635996
2251	2270	0	0.4978986949789869
p = 13487
13572	2262	6
6738	6834	0	0.4964633068081344
1127	1135	0	0.4982316534040672
p = 13499
13557	4519	3
6789	6768	0	0.5007745076344324
2311	2208	0	0.5113963266209338
p = 13513
13680	4560	3
6838	6842	2	0.49985380116959066
2254	2306	2	0.49429824561403507
p = 13523
13575	181	75
6715	6860	2	0.49465930018416204
83	98	0	0.4585635359116022
p = 13537
13770	1530	9
6886	6884	1	0.5000726216412491
766	764	1	0.5006535947712418
p = 13553
13500	1500	9
6817	6683	0	0.504962962962963
755	745	0	0.5033333333333333
p = 13567
13608	2268	6
6816	6792	0	0.5008818342151675
1160	1108	0	0.5114638447971781
p = 13577
13650	2275	6
6890	6760	2	0.5047619047619047
1141	1134	0	0.5015384615384615
p = 13591
13680	570	24
6743	6937	2	0.4929093567251462
284	286	0	0.4982456140350877
p = 13597
13608	168	81
6795	6813	0	0.49933862433862436
97	71	0	0.5773809523809523
p = 13613
13617	4539	3
6849	6768	0	0.5029742233972241
2323	2216	0	0.5117867371667768
p = 13619
13482	2247	6
6687	6795	2	0.4959946595460614
1101	1146	0	0.48998664886515353
p = 13627
13464	2244	6
6631	6833	0	0.49249851455733806
1143	1101	0	0.5093582887700535
p = 13633
13725	915	15
6933	6792	2	0.5051366120218579
467	448	0	0.5103825136612021
p = 13649
13755	4585	3
6841	6914	2	0.4973464194838241
2301	2284	0	0.5018538713195202
p = 13669
13788	4596	3
6853	6935	0	0.49702639976791413
2251	2345	0	0.48977371627502175
p = 13679
13572	29	468
6697	6875	2	0.49344238137341584
13	16	0	0.4482758620689655
p = 13681
13734	763	18
6875	6859	2	0.50058249599534
339	424	0	0.4442988204456094
p = 13687
13581	503	27
6873	6708	2	0.5060746631323172
251	252	0	0.4990059642147117
p = 13691
13695	4565	3
6957	6738	0	0.5079956188389924
2353	2212	0	0.5154435925520263
p = 13693
13491	4497	3
6701	6790	2	0.4967015047068416
2207	2290	2	0.49077162552812986
p = 13697
13695	4565	3
6865	6830	2	0.5012778386272362
2291	2274	2	0.5018619934282584
p = 13709
13788	2298	6
6853	6935	0	0.49702639976791413
1157	1141	0	0.5034812880765883
p = 13711
13590	4530	3
6830	6760	2	0.5025754231052244
2282	2248	0	0.5037527593818985
p = 13721
13890	2315	6
6960	6930	0	0.5010799136069114
1195	1120	0	0.5161987041036717
p = 13723
13878	4626	3
7007	6871	0	0.504899841475717
2289	2337	0	0.49481193255512324
p = 13729
13617	267	51
6813	6804	2	0.5003304692663583
163	104	0	0.6104868913857678
p = 13751
13953	4651	3
7049	6904	2	0.5051960151938651
2409	2242	0	0.5179531283594926
p = 13757
13626	4542	3
6844	6782	0	0.5022750623807427
2300	2242	0	0.5063848524878908
p = 13759
13887	4629	3
6899	6988	0	0.49679556419673077
2309	2320	0	0.49881183841002374
p = 13763
13758	4586	3
6832	6926	2	0.4965838057857247
2294	2292	0	0.5002180549498474
p = 13781
13755	4585	3
6923	6832	0	0.5033078880407125
2271	2314	0	0.49531079607415485
p = 13789
13914	1546	9
6938	6976	0	0.49863446888026447
746	800	0	0.48253557567917205
p = 13799
13692	2282	6
6799	6893	0	0.49656733859187846
1137	1145	0	0.4982471516213848
p = 13807
13680	152	90
6735	6945	0	0.4923245614035088
69	83	0	0.45394736842105265
