"37.a1"	37	[0, 0, 1, -1, 0]	[[0, 0]]
"57.a1"	57	[0, -1, 1, -2, 2]	[[2, 1]]
"58.a1"	58	[1, -1, 0, -1, 1]	[[0, 1]]
"65.a1"	65	[1, 0, 0, -1, 0]	[[1, 0]]
"65.a2"	65	[1, 0, 0, 4, 1]	[[1, 2]]
"77.a1"	77	[0, 0, 1, 2, 0]	[[2, 3]]
"82.a1"	82	[1, 0, 1, -12, -16]	[[-2, 1]]
"82.a2"	82	[1, 0, 1, -2, 0]	[[0, 0]]
"83.a1"	83	[1, 1, 1, 1, 0]	[[0, 0]]
"89.a1"	89	[1, 1, 1, -1, 0]	[[0, 0]]
"91.b2"	91	[0, 1, 1, -7, 5]	[[3, 4]]
"92.a1"	92	[0, 0, 0, -1, 1]	[[1, 1]]
"99.a2"	99	[1, -1, 1, -2, 0]	[[0, 0]]
"102.a1"	102	[1, 1, 0, -2, 0]	[[2, 2]]
"102.a2"	102	[1, 1, 0, 8, 10]	[[1, 4]]
"112.a1"	112	[0, 1, 0, -40, 84]	[[2, 4]]
"112.a2"	112	[0, 1, 0, 0, 4]	[[0, 2]]
"117.a1"	117	[1, -1, 1, -626, 6180]	[[8, 36]]
"117.a2"	117	[1, -1, 1, -176, -768]	[[-6, 9]]
"117.a3"	117	[1, -1, 1, -41, 96]	[[6, 3]]
"117.a4"	117	[1, -1, 1, 4, 6]	[[0, 2]]
"118.a1"	118	[1, 1, 0, 1, 1]	[[0, 1]]
"122.a1"	122	[1, 0, 1, 2, 0]	[[1, 1]]
"123.a1"	123	[0, 1, 1, -10, 10]	[[1, 1]]
"124.a2"	124	[0, 1, 0, 18, -11]	[[9, 31]]
"128.a2"	128	[0, 1, 0, 1, 1]	[[0, 1]]
"130.a1"	130	[1, 0, 1, -208, -1122]	[[-8, 10]]
"130.a2"	130	[1, 0, 1, -33, 68]	[[2, 2]]
"130.a3"	130	[1, 0, 1, -13, 156]	[[5, 12]]
"130.a4"	130	[1, 0, 1, 112, -4194]	[[17, 43]]
"131.a1"	131	[0, -1, 1, 1, 0]	[[0, 0]]
"135.a1"	135	[0, 0, 1, -3, 4]	[[4, 7]]
"136.a1"	136	[0, 1, 0, -4, 0]	[[2, 2]]
"136.a2"	136	[0, 1, 0, 16, 16]	[[0, 4]]
"138.a1"	138	[1, 1, 0, -31, 55]	[[3, -1]]
"138.a2"	138	[1, 1, 0, -1, 1]	[[0, 1]]
"141.a1"	141	[0, 1, 1, -12, 2]	[[-3, 4]]
"141.d1"	141	[0, -1, 1, -1, 0]	[[0, 0]]
"142.a1"	142	[1, 1, 0, -1, -1]	[[-1, 1]]
"142.d1"	142	[1, -1, 1, -12, 15]	[[1, 1]]
"143.a1"	143	[0, -1, 1, -1, -2]	[[4, 6]]
"145.a1"	145	[1, -1, 1, -3, 2]	[[0, 1]]
"145.a2"	145	[1, -1, 1, 2, 6]	[[0, 2]]
"152.a1"	152	[0, 1, 0, -1, 3]	[[-1, 2]]
"153.a1"	153	[0, 0, 1, -3, 2]	[[0, 1]]
"153.b1"	153	[0, 0, 1, -534, 4752]	[[14, 4]]
"153.b2"	153	[0, 0, 1, 6, 27]	[[5, 13]]
"154.a1"	154	[1, -1, 0, -469, 4029]	[[11, 5]]
"154.a2"	154	[1, -1, 0, -29, 69]	[[2, 3]]
"155.a2"	155	[0, -1, 1, 10, 6]	[[2, 5]]
"156.a1"	156	[0, -1, 0, -20, -24]	[[-2, 2]]
"156.a2"	156	[0, -1, 0, -5, 6]	[[1, 1]]
"160.a1"	160	[0, 1, 0, -6, 4]	[[0, 2]]
"160.a2"	160	[0, 1, 0, -1, 15]	[[-1, 4]]
"162.a1"	162	[1, -1, 0, -6, 8]	[[4, 4]]
"162.a2"	162	[1, -1, 0, 39, -19]	[[10, 31]]
"166.a1"	166	[1, 1, 0, -6, 4]	[[0, 2]]
"170.b1"	170	[1, 0, 1, -8, 6]	[[0, 2]]
"170.b2"	170	[1, 0, 1, 12, 38]	[[-1, 5]]
"171.b1"	171	[0, 0, 1, -6924, 221760]	[[62, 175]]
"171.b2"	171	[0, 0, 1, -84, 315]	[[5, 4]]
"171.b3"	171	[0, 0, 1, 6, 0]	[[2, 4]]
"175.a1"	175	[0, -1, 1, -148, 748]	[[7, 2]]
"175.a2"	175	[0, -1, 1, 2, -2]	[[2, 2]]
"175.b1"	175	[0, -1, 1, -3283, -74657]	[[397, 7812]]
"175.b3"	175	[0, -1, 1, 217, -282]	[[12, 62]]
"176.a1"	176	[0, -1, 0, -77, 289]	[[-3, 22]]
"176.a2"	176	[0, -1, 0, 3, 1]	[[1, 2]]
"184.a1"	184	[0, -1, 0, 0, 1]	[[0, 1]]
"184.b1"	184	[0, -1, 0, -4, 5]	[[2, 1]]
"185.c1"	185	[1, 0, 1, -4, -3]	[[3, 2]]
"185.c2"	185	[1, 0, 1, 1, -9]	[[3, 3]]
"189.a1"	189	[0, 0, 1, -3, 0]	[[-1, 1]]
"189.b1"	189	[0, 0, 1, -3834, -91375]	[[-143/2, -3/2]]
"189.b2"	189	[0, 0, 1, -54, -88]	[[-6, 4]]
"189.b3"	189	[0, 0, 1, -24, 45]	[[-3, 9]]
"192.a1"	192	[0, -1, 0, -129, 609]	[[8, 5]]
"192.a2"	192	[0, -1, 0, -9, 9]	[[5, 8]]
"192.a3"	192	[0, -1, 0, -4, -2]	[[3, 2]]
"196.a1"	196	[0, -1, 0, -142, 701]	[[7, 1]]
"196.a2"	196	[0, -1, 0, -2, 1]	[[0, 1]]
"197.a1"	197	[0, 0, 1, -5, 4]	[[1, 0]]
"198.a1"	198	[1, -1, 0, -3168, 69430]	[[35, 5]]
"198.a2"	198	[1, -1, 0, -198, 1120]	[[6, 8]]
"198.a3"	198	[1, -1, 0, -108, 2074]	[[-7, 53]]
"198.a4"	198	[1, -1, 0, -18, 4]	[[-1, 5]]
"200.b1"	200	[0, 1, 0, -28, 48]	[[2, 2]]
"200.b2"	200	[0, 1, 0, -3, -2]	[[3, 5]]
"201.a1"	201	[0, -1, 1, 2, 0]	[[1, 1]]
"201.b1"	201	[1, 0, 0, -1, 2]	[[-1, 2]]
"201.c1"	201	[1, 1, 0, -794, 8289]	[[16, -7]]
"203.b1"	203	[1, 1, 1, 0, -2]	[[2, 2]]
"205.a1"	205	[1, -1, 1, -232, -1286]	[[-8, 6]]
"205.a2"	205	[1, -1, 1, -27, 26]	[[6, 4]]
"205.a3"	205	[1, -1, 1, -22, 44]	[[-1, 8]]
"205.a4"	205	[1, -1, 1, 98, 126]	[[1, 14]]
"207.a2"	207	[1, -1, 1, -5, 20]	[[0, 4]]
"208.a1"	208	[0, -1, 0, -7352, 245104]	[[60, 128]]
"208.a2"	208	[0, -1, 0, -72, 496]	[[36, 208]]
"208.a3"	208	[0, -1, 0, 8, -16]	[[4, 8]]
"208.b1"	208	[0, -1, 0, -16, 32]	[[4, 4]]
"210.a1"	210	[1, 1, 0, -373, 2623]	[[13, 7]]
"210.a2"	210	[1, 1, 0, -23, 33]	[[4, 3]]
"210.a3"	210	[1, 1, 0, -3, -3]	[[2, 1]]
"210.a4"	210	[1, 1, 0, 7, 147]	[[1, 12]]
"214.a1"	214	[1, 0, 1, 1, 0]	[[0, 0]]
"214.c1"	214	[1, 0, 0, -12, 16]	[[0, 4]]
"216.a1"	216	[0, 0, 0, -12, 20]	[[-2, 6]]
"218.a1"	218	[1, 0, 0, -2, 4]	[[4, 6]]
"218.a2"	218	[1, 0, 0, 18, -104]	[[36, 200]]
"219.a1"	219	[0, -1, 1, -6, 8]	[[2, 0]]
"219.c1"	219	[1, 1, 0, -1297, -18530]	[[207/2, 1691/2]]
"219.c2"	219	[1, 1, 0, -82, -305]	[[-6, 7]]
"220.a1"	220	[0, 1, 0, -7100, -232652]	[[131, 1050]]
"220.a2"	220	[0, 1, 0, -445, -3720]	[[-12, 6]]
"220.a3"	220	[0, 1, 0, -100, -252]	[[-8, 10]]
"220.a4"	220	[0, 1, 0, -45, 100]	[[3, 1]]
"224.a1"	224	[0, 1, 0, -8, -8]	[[-2, 2]]
"224.a2"	224	[0, 1, 0, 2, 0]	[[1, 2]]
"225.a1"	225	[0, 0, 1, -75, 256]	[[-5, 22]]
"225.a2"	225	[0, 0, 1, 375, -12344]	[[100, 1012]]
"225.c1"	225	[0, 0, 1, 0, -34]	[[6, 13]]
"225.c2"	225	[0, 0, 1, 0, 1]	[[1, 1]]
"226.a1"	226	[1, 0, 0, -45, -119]	[[-4, 3]]
"228.a1"	228	[0, -1, 0, 3, 9]	[[3, 6]]
"229.a1"	229	[1, 0, 0, -2, -1]	[[-1, 1]]
"232.a1"	232	[0, -1, 0, 8, -4]	[[2, 4]]
"234.a1"	234	[1, -1, 0, -63, 209]	[[8, 9]]
"236.a1"	236	[0, -1, 0, -1, 2]	[[1, 1]]
"238.a1"	238	[1, -1, 0, -8, 6]	[[5, 6]]
"238.a2"	238	[1, -1, 0, 2, 0]	[[1, 1]]
"238.c2"	238	[1, 0, 0, -60, 16]	[[-4, 16]]
"240.a1"	240	[0, -1, 0, -216, 1296]	[[8, 4]]
"240.a2"	240	[0, -1, 0, -136, -560]	[[-6, 2]]
"240.a3"	240	[0, -1, 0, -16, 16]	[[0, 4]]
"240.a4"	240	[0, -1, 0, 4, 0]	[[1, 2]]
"242.b1"	242	[1, 0, 0, -52, 144]	[[8, 12]]
"242.b2"	242	[1, 0, 0, 3, 1]	[[0, 1]]
"243.a1"	243	[0, 0, 1, 0, -1]	[[1, 0]]
"243.a2"	243	[0, 0, 1, 0, 20]	[[-2, 3]]
"245.a1"	245	[0, 0, 1, -7, 12]	[[7, 17]]
"245.c1"	245	[0, -1, 1, -6435, 210006]	[[40, 122]]
"245.c2"	245	[0, -1, 1, -65, -204]	[[12, 24]]
"245.c3"	245	[0, -1, 1, 425, 433]	[[89, 857]]
"246.a1"	246	[1, 1, 0, -66, 180]	[[3, 3]]
"249.a1"	249	[1, 1, 1, -55, 134]	[[4, -3]]
"254.b1"	254	[1, 0, 0, -24432, -1471934]	[[-36131/20, 361313/20]]
"254.b2"	254	[1, 0, 0, -302, -2036]	[[-10, 8]]
"256.a1"	256	[0, 1, 0, -13, -21]	[[5, 8]]
"256.a2"	256	[0, 1, 0, -3, 1]	[[0, 1]]
"256.b2"	256	[0, 0, 0, 8, 0]	[[1, 3]]
"262.a1"	262	[1, -1, 0, -2, 2]	[[1, 0]]
"262.b1"	262	[1, 0, 0, 1, 25]	[[-2, 5]]
"265.a1"	265	[1, -1, 1, -138, 656]	[[6, 1]]
"265.a2"	265	[1, -1, 1, -133, 702]	[[0, 26]]
"272.a1"	272	[0, 1, 0, -48, -140]	[[-4, 2]]
"272.a2"	272	[0, 1, 0, -8, 4]	[[0, 2]]
"272.b1"	272	[0, 0, 0, -1451, 21274]	[[31, 78]]
"272.b2"	272	[0, 0, 0, -91, 330]	[[7, 6]]
"272.b3"	272	[0, 0, 0, -11, -6]	[[5, 8]]
"272.b4"	272	[0, 0, 0, -11, 890]	[[-1, 30]]
"273.a1"	273	[0, -1, 1, -26, 68]	[[11, 31]]
"274.a1"	274	[1, -1, 0, -2846, 59156]	[[31, -15]]
"274.b1"	274	[1, -1, 0, -2, 0]	[[2, 0]]
"274.b2"	274	[1, -1, 0, 8, -6]	[[1, 1]]
"274.c1"	274	[1, 0, 0, -7, 9]	[[2, 1]]
"275.a1"	275	[1, -1, 1, -1480, 22272]	[[24, 0]]
"275.a2"	275	[1, -1, 1, -730, -7228]	[[-16, 20]]
"275.a3"	275	[1, -1, 1, -105, 272]	[[0, 16]]
"275.a4"	275	[1, -1, 1, 20, 22]	[[8, 21]]
"277.a1"	277	[1, 0, 1, 0, -1]	[[1, 0]]
"282.a1"	282	[1, 1, 1, -255, 1461]	[[9, -4]]
"282.a2"	282	[1, 1, 1, -15, 21]	[[1, 2]]
"285.a1"	285	[1, 0, 0, -76, -19]	[[-7, 17]]
"285.a2"	285	[1, 0, 0, 19, 0]	[[1, 4]]
"285.b1"	285	[1, 1, 0, -93, -378]	[[-6, 6]]
"285.b2"	285	[1, 1, 0, 2, -17]	[[6, 13]]
"286.b1"	286	[1, 1, 0, -33, 61]	[[1, 5]]
"288.a2"	288	[0, 0, 0, 3, 0]	[[1, 2]]
"288.b1"	288	[0, 0, 0, -291, -1910]	[[26, 90]]
"288.b3"	288	[0, 0, 0, -21, -20]	[[-3, 4]]
"289.a1"	289	[1, -1, 1, -26209, -1626560]	[[625, 14715]]
"289.a2"	289	[1, -1, 1, -1644, -24922]	[[-589/5, 3594/5]]
"289.a3"	289	[1, -1, 1, -199, -68272]	[[239/2, 2647/2]]
"289.a4"	289	[1, -1, 1, -199, 510]	[[-12, 38]]
"290.a1"	290	[1, -1, 0, -70, -204]	[[-5, 4]]
"290.a2"	290	[1, -1, 0, 10, -700]	[[16, 50]]
"291.c1"	291	[1, 1, 1, -18, -36]	[[-3, 2]]
"291.c2"	291	[1, 1, 1, -3, 0]	[[0, 0]]
"294.c2"	294	[1, 0, 1, 2, 32]	[[1, 5]]
"298.a1"	298	[1, -1, 0, 1, -1]	[[1, 0]]
"300.a1"	300	[0, -1, 0, -13, 22]	[[1, 3]]
"300.a2"	300	[0, -1, 0, 12, 72]	[[2, 10]]
"302.b1"	302	[1, -1, 1, 0, 3]	[[1, 1]]
"304.a1"	304	[0, 1, 0, -21, 31]	[[3, 2]]
"304.b1"	304	[0, -1, 0, -8, 16]	[[0, 4]]
"304.d1"	304	[0, 1, 0, -1120, 15604]	[[-30, 152]]
"304.d2"	304	[0, 1, 0, 0, -76]	[[10, 32]]
"306.a1"	306	[1, -1, 0, -1017, 8883]	[[7, 42]]
"306.a2"	306	[1, -1, 0, -927, 11097]	[[9, 54]]
"306.a3"	306	[1, -1, 0, -387, -2835]	[[-11, 6]]
"306.a4"	306	[1, -1, 0, -27, -27]	[[-3, 6]]
"310.a1"	310	[1, 0, 0, -2046, 15376]	[[0, 124]]
"310.a2"	310	[1, 0, 0, -1706, 26980]	[[36, 94]]
"310.a3"	310	[1, 0, 0, -106, 420]	[[6, 0]]
"310.a4"	310	[1, 0, 0, 454, 1876]	[[-2, 32]]
"312.b1"	312	[0, -1, 0, -3, 0]	[[3, 3]]
"312.b2"	312	[0, -1, 0, 12, -12]	[[2, 4]]
"312.d1"	312	[0, 1, 0, -60, 144]	[[6, 6]]
"312.d2"	312	[0, 1, 0, 5, 14]	[[-1, 3]]
"314.a1"	314	[1, -1, 0, 13, -11]	[[6, 13]]
"315.a1"	315	[1, -1, 1, -1013, 12656]	[[0, 112]]
"315.a2"	315	[1, -1, 1, -68, 182]	[[0, 13]]
"315.a3"	315	[1, -1, 1, -23, -34]	[[6, 1]]
"315.a4"	315	[1, -1, 1, 157, 992]	[[0, 31]]
"320.a1"	320	[0, 1, 0, -165, 763]	[[6, 5]]
"320.a2"	320	[0, 1, 0, -145, 975]	[[-5, 40]]
"320.a3"	320	[0, 1, 0, -5, -5]	[[3, 4]]
"320.a4"	320	[0, 1, 0, 15, -17]	[[3, 8]]
"320.c1"	320	[0, 0, 0, -428, -3408]	[[24, 12]]
"320.c2"	320	[0, 0, 0, -28, -48]	[[-3, 3]]
"320.c3"	320	[0, 0, 0, -8, 8]	[[1, 1]]
"320.c4"	320	[0, 0, 0, 52, -272]	[[6, 16]]
"322.c2"	322	[1, 0, 0, -14, 4]	[[0, 2]]
"324.a1"	324	[0, 0, 0, -189, -999]	[[-8, 1]]
"325.b1"	325	[0, -1, 1, -53, -132]	[[-4, 0]]
"325.b2"	325	[0, -1, 1, -3, 3]	[[1, 0]]
"326.b1"	326	[1, -1, 0, -80, -256]	[[-5, 3]]
"326.c1"	326	[1, 0, 0, -6, 4]	[[0, 2]]
"328.a1"	328	[0, 0, 0, -11, -10]	[[-2, 2]]
"328.a2"	328	[0, 0, 0, 29, -66]	[[6, 18]]
"330.b1"	330	[1, 1, 0, -1602, 24024]	[[23, -9]]
"330.b2"	330	[1, 1, 0, -102, 324]	[[8, 6]]
"330.b3"	330	[1, 1, 0, -22, -44]	[[-3, 4]]
"330.b4"	330	[1, 1, 0, 118, 1776]	[[2, 44]]
"331.a1"	331	[1, 0, 0, -5, 4]	[[1, 0]]
"333.a2"	333	[1, -1, 1, 1, -2]	[[2, 1]]
"333.c1"	333	[1, -1, 0, -123, 494]	[[-2, 28]]
"333.c2"	333	[1, -1, 0, 12, 35]	[[2, 7]]
"335.a1"	335	[0, 0, 1, -2, 2]	[[2, 2]]
"336.a1"	336	[0, -1, 0, -12544, 544960]	[[90, 370]]
"336.a2"	336	[0, -1, 0, -784, 8704]	[[18, 10]]
"336.a3"	336	[0, -1, 0, -624, -5760]	[[-14, 6]]
"336.a5"	336	[0, -1, 0, -64, 64]	[[0, 8]]
"338.a1"	338	[1, -1, 0, -35944, -2868878]	[[3613/3, 180227/3]]
"338.a2"	338	[1, -1, 0, -454, 5812]	[[23, 73]]
"338.c1"	338	[1, -1, 0, -389, -2859]	[[26, 51]]
"338.c2"	338	[1, -1, 0, 1, 1]	[[0, 1]]
"338.d1"	338	[1, 1, 1, -322, 2127]	[[5, 23]]
"338.d2"	338	[1, 1, 1, 3, -5]	[[5, 10]]
"339.a1"	339	[0, 1, 1, -2, 2]	[[1, 1]]
"339.b1"	339	[0, 1, 1, -441, 3422]	[[18, 40]]
"340.a1"	340	[0, 0, 0, -28, 57]	[[2, 3]]
"340.a2"	340	[0, 0, 0, -23, 78]	[[-1, 10]]
"342.a1"	342	[1, -1, 0, -33, -65]	[[-3, 2]]
"342.c1"	342	[1, -1, 0, -3852, 92988]	[[42, 42]]
"342.c2"	342	[1, -1, 0, -3762, 97470]	[[39, 75]]
"346.a1"	346	[1, 1, 1, -7, -3]	[[-1, 2]]
"347.a1"	347	[0, 1, 1, 2, 0]	[[0, 0]]
"348.b1"	348	[0, -1, 0, 2, 1]	[[0, 1]]
"350.a1"	350	[1, 1, 0, -45, -185]	[[31, 156]]
"350.d1"	350	[1, -1, 1, -180, 1047]	[[-1, 35]]
"354.a1"	354	[1, 1, 0, -715, 7069]	[[13, 7]]
"359.b1"	359	[1, 0, 1, -23, 39]	[[3, -1]]
"360.a1"	360	[0, 0, 0, -963, 11502]	[[19, 8]]
"360.a2"	360	[0, 0, 0, -63, 162]	[[9, 18]]
"360.a3"	360	[0, 0, 0, -18, -27]	[[6, 9]]
"360.a4"	360	[0, 0, 0, 117, 918]	[[3, 36]]
"361.a1"	361	[0, 0, 1, -13718, -619025]	[[2527, 126891]]
"361.a2"	361	[0, 0, 1, -38, 90]	[[0, 9]]
"362.a1"	362	[1, 1, 0, -4, 2]	[[1, 0]]
"362.b1"	362	[1, 1, 1, 6, 7]	[[1, 3]]
"366.b1"	366	[1, 0, 1, -5, 20]	[[3, 4]]
"366.d1"	366	[1, 1, 1, -32, 65]	[[-3, 13]]
"368.a1"	368	[0, 0, 0, -55, 157]	[[4, 1]]
"368.b1"	368	[0, -1, 0, -18, 43]	[[9, 23]]
"368.b2"	368	[0, -1, 0, 2, -1]	[[1, 1]]
"368.c1"	368	[0, 0, 0, -35, -62]	[[-3, 4]]
"368.c2"	368	[0, 0, 0, 5, -6]	[[3, 6]]
"368.e1"	368	[0, 1, 0, 0, -1]	[[1, 1]]
"369.a1"	369	[0, 0, 1, 6, 13]	[[1, 4]]
"370.b1"	370	[1, -1, 0, -395, -2925]	[[45, 240]]
"370.b2"	370	[1, -1, 0, -25, -39]	[[-3, 3]]
"370.b3"	370	[1, -1, 0, -5, 5]	[[1, 0]]
"370.b4"	370	[1, -1, 0, 25, -209]	[[7, 13]]
"374.a1"	374	[1, -1, 0, -32, 0]	[[-1, 6]]
"374.a2"	374	[1, -1, 0, 128, -96]	[[5, 23]]
"377.a1"	377	[1, -1, 0, -158, -725]	[[22, 67]]
"377.a2"	377	[1, -1, 0, -13, 0]	[[-9/2, 39/2]]
"377.a3"	377	[1, -1, 0, -8, 11]	[[-2, 5]]
"377.a4"	377	[1, -1, 0, 52, -39]	[[127/6, 2509/6]]
"378.b1"	378	[1, -1, 0, -141, 681]	[[4, 11]]
"378.b2"	378	[1, -1, 0, -96, 1088]	[[8, 24]]
"378.b3"	378	[1, -1, 0, 849, -25939]	[[62, 481]]
"378.c1"	378	[1, -1, 0, 0, 4]	[[2, 2]]
"380.a1"	380	[0, 0, 0, -103, -402]	[[14, 30]]
"380.a2"	380	[0, 0, 0, -8, -3]	[[-1, 2]]
"384.b1"	384	[0, -1, 0, -3, 3]	[[2, 1]]
"384.e2"	384	[0, 1, 0, -25, 119]	[[-1, 12]]
"385.a1"	385	[1, 0, 0, -55, 150]	[[5, 0]]
"385.a2"	385	[1, 0, 0, 0, 7]	[[-1, 3]]
"385.b1"	385	[1, -1, 1, -10267, 402966]	[[61, -1]]
"385.b2"	385	[1, -1, 1, -697, 5294]	[[2, 61]]
"385.b3"	385	[1, -1, 1, -642, 6416]	[[6, 49]]
"385.b4"	385	[1, -1, 1, -37, 124]	[[2, 6]]
"387.b1"	387	[1, -1, 1, -2, 2]	[[0, 1]]
"387.d1"	387	[1, -1, 0, -15, -46]	[[10, 22]]
"390.a1"	390	[1, 1, 0, -483, -4293]	[[-13, 7]]
"390.a2"	390	[1, 1, 0, -33, -63]	[[-4, 7]]
"390.a3"	390	[1, 1, 0, -13, 13]	[[1, 1]]
"390.a4"	390	[1, 1, 0, 97, -297]	[[9, 33]]
"392.c1"	392	[0, -1, 0, -16, 29]	[[-2, 7]]
"392.d1"	392	[0, 0, 0, -14651, -682570]	[[1306/3, 13420/3]]
"392.d3"	392	[0, 0, 0, -931, -10290]	[[107, 1056]]
"399.a1"	399	[1, 1, 1, -48, 90]	[[0, 9]]
"399.c1"	399	[1, 1, 0, -1925, 31458]	[[22, 8]]
"399.c2"	399	[1, 1, 0, -210, -441]	[[-10, 33]]
"400.d1"	400	[0, -1, 0, -2008, 35312]	[[28, 16]]
"400.d2"	400	[0, -1, 0, -1208, -19088]	[[92, 800]]
"400.d4"	400	[0, -1, 0, 8792, 140912]	[[68, 1024]]
"400.e1"	400	[0, 0, 0, -2675, 53250]	[[29, 8]]
"400.e2"	400	[0, 0, 0, -175, 750]	[[1, 24]]
"400.e3"	400	[0, 0, 0, -50, -125]	[[15, 50]]
"400.e4"	400	[0, 0, 0, 325, 4250]	[[-5, 50]]
"402.a1"	402	[1, 1, 0, -2, -12]	[[4, 6]]
"402.b1"	402	[1, 0, 1, -10255, -438718]	[[8799/5, 764372/5]]
"402.b2"	402	[1, 0, 1, -145, 692]	[[7, 2]]
"402.b3"	402	[1, 0, 1, 800, 1070]	[[25, 179]]
"405.a1"	405	[0, 0, 1, -3, -2]	[[-1, 0]]
"405.b1"	405	[1, -1, 1, -2027, 35776]	[[76, 524]]
"405.b2"	405	[1, -1, 1, -2, -26]	[[4, 2]]
"405.e1"	405	[1, -1, 0, -225, -1250]	[[18, 8]]
"405.e2"	405	[1, -1, 0, 0, 1]	[[0, 1]]
"406.a1"	406	[1, -1, 0, -4942, 134964]	[[41, -19]]
"406.a2"	406	[1, -1, 0, -302, 2260]	[[9, 10]]
"406.b1"	406	[1, 0, 1, -15, 210]	[[3, 12]]
"406.b2"	406	[1, 0, 1, 130, -5648]	[[37, 205]]
"406.d1"	406	[1, 1, 1, -102, 355]	[[7, 3]]
"408.b1"	408	[0, 1, 0, -17, 51]	[[7, 18]]
"410.b1"	410	[1, -1, 0, -214, 1260]	[[9, -3]]
"410.b2"	410	[1, -1, 0, -14, 20]	[[1, 2]]
"410.c2"	410	[1, 0, 0, 64, 16]	[[6, 22]]
"414.a1"	414	[1, -1, 0, -2223, -39785]	[[-27, 16]]
"414.a2"	414	[1, -1, 0, -963, 11371]	[[15, 4]]
"414.a3"	414	[1, -1, 0, -153, -455]	[[-4, -7]]
"414.a4"	414	[1, -1, 0, 27, -59]	[[5, 11]]
"414.b1"	414	[1, -1, 1, -1532, 23455]	[[25, 5]]
"414.b2"	414	[1, -1, 1, -92, 415]	[[1, 17]]
"416.a1"	416	[0, -1, 0, 0, 4]	[[0, 2]]
"418.a1"	418	[1, 1, 1, 66, -5]	[[5, 19]]
"423.b1"	423	[0, 0, 1, -237, 1404]	[[8, 4]]
"423.d1"	423	[1, -1, 0, -6768, -212625]	[[6867/2, 561393/2]]
"423.d3"	423	[1, -1, 0, -423, -3240]	[[1716, 70206]]
"423.d4"	423	[1, -1, 0, -18, -81]	[[18, 63]]
"425.a1"	425	[1, 0, 0, -213, -1208]	[[-9, 5]]
"425.a2"	425	[1, 0, 0, -88, -2583]	[[37, 194]]
"425.c1"	425	[1, 1, 0, -75, 250]	[[10, 20]]
"425.d1"	425	[1, -1, 0, -2267, -40984]	[[1589/4, 50597/4]]
"425.d2"	425	[1, -1, 0, -142, -609]	[[94, 853]]
"425.d3"	425	[1, -1, 0, -17, -1734]	[[14, 18]]
"425.d4"	425	[1, -1, 0, -17, 16]	[[0, 4]]
"426.a1"	426	[1, 1, 0, -4606, 118420]	[[21, 167]]
"426.a2"	426	[1, 1, 0, -286, 1780]	[[7, 10]]
"427.a1"	427	[1, 0, 0, -28, -59]	[[-3, 2]]
"427.c1"	427	[1, 0, 1, -8, 7]	[[1, 0]]
"429.a1"	429	[1, 1, 1, -13, 8]	[[4, 4]]
"429.a2"	429	[1, 1, 1, 2, 2]	[[0, 1]]
"429.b1"	429	[1, 0, 0, -6864, 218313]	[[104, 743]]
"429.b2"	429	[1, 0, 0, -3009, -61770]	[[-34, 56]]
"429.b3"	429	[1, 0, 0, -474, 2619]	[[5, 17]]
"429.b4"	429	[1, 0, 0, -429, 3384]	[[24, 72]]
"429.b6"	429	[1, 0, 0, 1341, 18228]	[[17, 206]]
"430.c1"	430	[1, 0, 0, -5626, -162894]	[[771/2, 18699/2]]
"430.c2"	430	[1, 0, 0, -36, -440]	[[10, 10]]
"431.a1"	431	[1, 0, 0, 0, -1]	[[1, 0]]
"432.b1"	432	[0, 0, 0, -459, 3834]	[[-3, 72]]
"432.b2"	432	[0, 0, 0, -219, -1654]	[[29, 128]]
"432.b3"	432	[0, 0, 0, 21, 26]	[[5, 16]]
"432.d1"	432	[0, 0, 0, 0, -4]	[[2, 2]]
"432.d2"	432	[0, 0, 0, 0, 108]	[[6, 18]]
"434.c2"	434	[1, 0, 0, 21, 49]	[[0, 7]]
"437.a1"	437	[0, -1, 1, 19, 100]	[[10, 34]]
"438.a1"	438	[1, 1, 0, -65, -231]	[[-5, 3]]
"438.a2"	438	[1, 1, 0, -5, -3]	[[-2, 3]]
"438.b1"	438	[1, 0, 1, -98, 362]	[[6, -2]]
"438.c2"	438	[1, 0, 1, -31106, 2108972]	[[192, 1699]]
"438.c4"	438	[1, 0, 1, -1946, 32780]	[[24, -5]]
"438.e1"	438	[1, 1, 1, -1559, -24343]	[[159, 1864]]
"438.e2"	438	[1, 1, 1, -99, -399]	[[-7, 6]]
"438.e4"	438	[1, 1, 1, 81, -1479]	[[11, 24]]
"440.a1"	440	[0, 0, 0, -38, -87]	[[-4, 1]]
"440.a2"	440	[0, 0, 0, 17, -318]	[[7, 12]]
"440.b1"	440	[0, 0, 0, -23, -38]	[[-3, 2]]
"440.b2"	440	[0, 0, 0, 2, -3]	[[2, 3]]
"441.c2"	441	[1, -1, 1, -965, -13940]	[[46, 170]]
"441.c3"	441	[1, -1, 1, -335, 2440]	[[16, 23]]
"441.f1"	441	[1, -1, 0, -345753, -78165914]	[[234399/10, 108307823/10]]
"441.f2"	441	[1, -1, 0, -21618, -1216265]	[[9255/2, 879115/2]]
"441.f4"	441	[1, -1, 0, -15003, -1979636]	[[296, 4262]]
"441.f5"	441	[1, -1, 0, -1773, -5720]	[[-4, 38]]
"442.b1"	442	[1, -1, 1, -1212, 16175]	[[27, 37]]
"442.b2"	442	[1, -1, 1, -172, -465]	[[-9, 21]]
"443.a1"	443	[1, 0, 0, -3, -2]	[[-1, 1]]
"443.b1"	443	[0, 1, 1, 1, 1]	[[-1, 0]]
"444.b1"	444	[0, 1, 0, -9, 0]	[[3, 3]]
"444.b2"	444	[0, 1, 0, 36, 36]	[[0, 6]]
"446.b1"	446	[1, 1, 0, -30, 52]	[[4, 2]]
"446.c1"	446	[1, 1, 1, -39, -35]	[[-5, 10]]
"448.d1"	448	[0, 0, 0, -1196, 15920]	[[29, 75]]
"448.d3"	448	[0, 0, 0, -76, 240]	[[8, 12]]
"448.e1"	448	[0, 0, 0, -1196, -15920]	[[124, 1320]]
"448.e3"	448	[0, 0, 0, -76, -240]	[[12, 24]]
"450.a1"	450	[1, -1, 0, -5442, -39034]	[[-41, 358]]
"450.a2"	450	[1, -1, 0, -3192, 70216]	[[29, 23]]
"450.a4"	450	[1, -1, 0, 1308, -5284]	[[14, 118]]
"450.b4"	450	[1, -1, 0, -27, 81]	[[0, 9]]
"451.a1"	451	[0, 1, 1, 3, 7]	[[7, 20]]
"455.a1"	455	[1, -1, 1, -397, -2796]	[[-11, 17]]
"455.a2"	455	[1, -1, 1, -72, 194]	[[2, 6]]
"455.a3"	455	[1, -1, 1, -67, 226]	[[14, 36]]
"455.a4"	455	[1, -1, 1, 173, 1076]	[[-4, 19]]
"455.b1"	455	[1, -1, 0, -4670, -121675]	[[14797/12, 1102837/12]]
"455.b2"	455	[1, -1, 0, -295, -1800]	[[-41/2, 107/2]]
"455.b3"	455	[1, -1, 0, -50, 111]	[[2, 3]]
"455.b4"	455	[1, -1, 0, 160, -7169]	[[1087/6, 30553/6]]
"456.a1"	456	[0, -1, 0, 55, 93]	[[23, 114]]
"456.c1"	456	[0, 1, 0, -57, 171]	[[3, 6]]
"459.f1"	459	[1, -1, 0, 0, -1]	[[2, 1]]
"460.a1"	460	[0, -1, 0, -10, 17]	[[4, 5]]
"460.c1"	460	[0, 1, 0, -46, 529]	[[-6, 25]]
"460.c2"	460	[0, 1, 0, 414, -13915]	[[613/3, 15625/3]]
"462.a1"	462	[1, 1, 0, -226, -1406]	[[-9, 5]]
"462.a2"	462	[1, 1, 0, -126, 486]	[[5, 1]]
"462.a3"	462	[1, 1, 0, -16, -20]	[[-3, 5]]
"462.a4"	462	[1, 1, 0, 4, 0]	[[1, 2]]
"462.b1"	462	[1, 1, 0, -105, -441]	[[-7, 7]]
"462.e1"	462	[1, 1, 1, -7445, 244091]	[[47, 4]]
"464.b1"	464	[0, -1, 0, -80, 304]	[[6, 2]]
"464.d1"	464	[0, 1, 0, 8, 4]	[[0, 2]]
"465.a1"	465	[1, 0, 0, -170, 837]	[[9, 3]]
"465.a2"	465	[1, 0, 0, -15, 0]	[[5, 5]]
"465.a3"	465	[1, 0, 0, -10, -13]	[[7, 13]]
"465.a4"	465	[1, 0, 0, 60, 15]	[[2, 11]]
"465.b1"	465	[1, 1, 0, -162, 729]	[[8, 1]]
"465.b2"	465	[1, 1, 0, -7, 16]	[[0, 4]]
"467.a1"	467	[0, 0, 1, -4, 3]	[[1, 0]]
"468.b1"	468	[0, 0, 0, -36, 81]	[[0, 9]]
"468.b2"	468	[0, 0, 0, 9, 270]	[[3, 18]]
"469.a1"	469	[1, -1, 1, -12, 18]	[[2, -1]]
"472.a1"	472	[0, 0, 0, 2, 1]	[[0, 1]]
"472.b1"	472	[0, -1, 0, 4, 4]	[[0, 2]]
"474.a1"	474	[1, 1, 0, 81, -27]	[[14, 57]]
"474.b1"	474	[1, 0, 1, -7, 14]	[[1, 2]]
"475.a1"	475	[1, -1, 1, -25, 52]	[[4, 0]]
"475.a2"	475	[1, -1, 1, 0, 2]	[[0, 1]]
"475.c1"	475	[1, -1, 0, -617, 5916]	[[8, 34]]
"475.c2"	475	[1, -1, 0, 8, 291]	[[10, 31]]
"480.b1"	480	[0, -1, 0, -81, -255]	[[11, 8]]
"480.b2"	480	[0, -1, 0, -56, 180]	[[4, 2]]
"480.b3"	480	[0, -1, 0, -6, 0]	[[-1, 2]]
"480.b4"	480	[0, -1, 0, 24, -24]	[[5, 14]]
"480.c1"	480	[0, -1, 0, -480, 4212]	[[17, 26]]
"480.c2"	480	[0, -1, 0, -80, -168]	[[-3, 6]]
"480.c3"	480	[0, -1, 0, -30, 72]	[[2, 4]]
"480.c4"	480	[0, -1, 0, 15, 225]	[[0, 15]]
"481.a1"	481	[1, -1, 0, -1693, 27240]	[[87/2, 63/2]]
"481.a2"	481	[1, -1, 0, -1688, 27405]	[[36, 93]]
"484.a1"	484	[0, 1, 0, -9357, 347279]	[[205, 2662]]
"484.a2"	484	[0, 1, 0, 323, 2671]	[[18, 121]]
"486.a1"	486	[1, -1, 0, -96, 386]	[[5, 1]]
"486.a2"	486	[1, -1, 0, -6, -4]	[[-1, 1]]
"486.d1"	486	[1, -1, 1, -1109, -13931]	[[-19, 8]]
"490.b2"	490	[1, 1, 0, 3, 1]	[[0, 1]]
"490.f1"	490	[1, 0, 0, -1191, 15721]	[[18, 5]]
"490.f2"	490	[1, 0, 0, -71, 265]	[[-2, 21]]
"493.a1"	493	[1, -1, 1, -57, 222]	[[40, 226]]
"494.a1"	494	[1, 1, 0, 13, 13]	[[3, 8]]
"495.a1"	495	[1, -1, 1, -533, -4598]	[[-13, 7]]
"495.a2"	495	[1, -1, 1, -263, 1666]	[[8, 1]]
"495.a3"	495	[1, -1, 1, -38, -44]	[[-4, 7]]
"495.a4"	495	[1, -1, 1, 7, -8]	[[2, 2]]
"496.a1"	496	[0, 0, 0, 1, 1]	[[0, 1]]
"496.b1"	496	[0, 0, 0, -5291, -148134]	[[847/3, 11690/3]]
"496.b2"	496	[0, 0, 0, -491, 154]	[[-3, 40]]
"496.b3"	496	[0, 0, 0, -331, -2310]	[[39, 210]]
"496.b4"	496	[0, 0, 0, -11, -70]	[[7, 14]]
"497.a1"	497	[1, 1, 0, 25, -14]	[[2, 6]]
"498.a1"	498	[1, 0, 1, -9, 28]	[[-1, 6]]
"503.b1"	503	[1, 0, 1, -32, -71]	[[7, 4]]
"504.a1"	504	[0, 0, 0, -111, 450]	[[7, 4]]
"504.b1"	504	[0, 0, 0, -1371, -19514]	[[-21, 4]]
"504.b2"	504	[0, 0, 0, -111, -110]	[[-7, 18]]
"504.b3"	504	[0, 0, 0, -66, 205]	[[6, 5]]
"504.b4"	504	[0, 0, 0, 429, -866]	[[11, 72]]
"504.d1"	504	[0, 0, 0, -6, 5]	[[2, 1]]
"504.d2"	504	[0, 0, 0, 9, 26]	[[1, 6]]
"506.a1"	506	[1, 0, 1, -48, -130]	[[-4, 2]]
"507.a1"	507	[1, 1, 1, -11749, -495058]	[[200, 2181]]
"507.a2"	507	[1, 1, 1, -3299, 64670]	[[44, 62]]
"507.a3"	507	[1, 1, 1, -764, -7324]	[[-18, 40]]
"507.a4"	507	[1, 1, 1, 81, -564]	[[94/3, 913/3]]
"507.b1"	507	[1, 1, 1, -75, -1422]	[[106, 1040]]
"507.b2"	507	[1, 1, 1, -10, 8]	[[2, 0]]
"510.c1"	510	[1, 1, 1, -6541, -206341]	[[-47, 24]]
"510.c2"	510	[1, 1, 1, -421, -3157]	[[-13, 24]]
"510.c3"	510	[1, 1, 1, -101, 299]	[[3, 4]]
"510.c4"	510	[1, 1, 1, 579, -14757]	[[21, 74]]
"513.a1"	513	[1, -1, 1, -5, 6]	[[2, 0]]
"514.a1"	514	[1, 0, 0, -4, 0]	[[2, 0]]
"514.a2"	514	[1, 0, 0, 16, 4]	[[0, 2]]
"514.b1"	514	[1, -1, 1, -21931, -1244565]	[[565, 12620]]
"514.b2"	514	[1, -1, 1, -1371, -19189]	[[51, 178]]
"514.b3"	514	[1, -1, 1, -1291, -21589]	[[457/3, 4826/3]]
"516.a1"	516	[0, -1, 0, 11, -47]	[[7, 18]]
"520.a1"	520	[0, 0, 0, -563, -5138]	[[169/2, 1725/2]]
"520.a2"	520	[0, 0, 0, -43, -42]	[[-2, 6]]
"520.a3"	520	[0, 0, 0, -23, 42]	[[2, 2]]
"520.a4"	520	[0, 0, 0, 157, -322]	[[38, 246]]
"522.b1"	522	[1, -1, 0, -4095, 102577]	[[36, 11]]
"522.b2"	522	[1, -1, 0, 45, -203]	[[6, 13]]
"524.a1"	524	[0, 1, 0, -309, 1991]	[[10, 1]]
"525.a1"	525	[1, 1, 1, -2813, -58594]	[[-31, 17]]
"525.a2"	525	[1, 1, 1, -188, -844]	[[-6, -8]]
"525.a3"	525	[1, 1, 1, -63, 156]	[[6, 3]]
"525.a4"	525	[1, 1, 1, 437, -4594]	[[20, 102]]
"525.b1"	525	[1, 0, 0, -18, 27]	[[3, 0]]
"525.b2"	525	[1, 0, 0, 7, 102]	[[1, 10]]
"525.c1"	525	[1, 1, 0, -450, 3375]	[[14, 1]]
"525.c2"	525	[1, 1, 0, 175, 12750]	[[10, 120]]
"528.c1"	528	[0, -1, 0, -8, 0]	[[4, 4]]
"528.c2"	528	[0, -1, 0, 32, -32]	[[4, 12]]
"528.d1"	528	[0, -1, 0, -1288, 18160]	[[18, 22]]
"528.d2"	528	[0, -1, 0, -648, 35568]	[[-28, 176]]
"528.d3"	528	[0, -1, 0, -88, -272]	[[-6, 2]]
"528.d4"	528	[0, -1, 0, 72, -1296]	[[20, 88]]
"528.g1"	528	[0, 1, 0, -2344, -44428]	[[-28, 6]]
"528.g2"	528	[0, 1, 0, -184, -364]	[[20, 66]]
"528.g3"	528	[0, 1, 0, -104, 372]	[[4, 6]]
"530.b1"	530	[1, -1, 0, -4, 0]	[[4, 4]]
"530.b2"	530	[1, -1, 0, 16, -12]	[[2, 4]]
"530.d1"	530	[1, 1, 1, 9, 13]	[[1, 4]]
"534.a2"	534	[1, 1, 1, 26, 107]	[[-1, 9]]
"540.a1"	540	[0, 0, 0, -513, -4563]	[[28, 55]]
"540.a2"	540	[0, 0, 0, 27, -27]	[[1, 1]]
"540.b1"	540	[0, 0, 0, -648, 6372]	[[21, 45]]
"540.b2"	540	[0, 0, 0, 1512, 33588]	[[-11, 125]]
"540.d1"	540	[0, 0, 0, -57, 169]	[[5, 3]]
"540.d2"	540	[0, 0, 0, 3, 1]	[[0, 1]]
"544.c1"	544	[0, 0, 0, -5, 4]	[[0, 2]]
"544.c2"	544	[0, 0, 0, 5, 18]	[[2, 6]]
"545.a1"	545	[1, -1, 0, -914, -8277]	[[222, 3159]]
"545.a2"	545	[1, -1, 0, -289, 1848]	[[-8, 64]]
"545.a3"	545	[1, -1, 0, -284, 1915]	[[6, 17]]
"545.a4"	545	[1, -1, 0, 256, 7625]	[[136, 1527]]
"546.b1"	546	[1, 0, 1, -1957, 33140]	[[28, 8]]
"546.b2"	546	[1, 0, 1, -137, 380]	[[0, 19]]
"546.b3"	546	[1, 0, 1, -57, -164]	[[-4, 3]]
"546.b4"	546	[1, 0, 1, 403, 2756]	[[-3, 40]]
"549.a2"	549	[1, -1, 1, 25, -26]	[[2, 4]]
"549.b2"	549	[1, -1, 0, 3, 0]	[[4, 6]]
"550.c1"	550	[1, 0, 1, -106, 408]	[[3, 9]]
"550.c2"	550	[1, 0, 1, -6, 8]	[[1, 1]]
"550.d1"	550	[1, 1, 0, -25, 125]	[[5, 10]]
"550.d2"	550	[1, 1, 0, 225, -3125]	[[15, 55]]
"550.e1"	550	[1, 0, 1, -758201, 254051548]	[[502, -189]]
"550.e2"	550	[1, 0, 1, -701, -7202]	[[52, 286]]
"550.e3"	550	[1, 0, 1, 4924, 75298]	[[52, 661]]
"550.h1"	550	[1, -1, 1, -15, 87]	[[-1, 10]]
"550.i1"	550	[1, 1, 1, -2213, 39531]	[[-35, 292]]
"550.i2"	550	[1, 1, 1, 7412, 212781]	[[5, 497]]
"551.a1"	551	[0, 1, 1, -116, 444]	[[9, 14]]
"551.b1"	551	[1, 0, 0, -11, 14]	[[5, 7]]
"551.d1"	551	[0, 1, 1, -2376, -61851]	[[509/2, 10465/2]]
"552.a1"	552	[0, -1, 0, -1144, -14516]	[[45, 152]]
"552.a2"	552	[0, -1, 0, -64, -260]	[[18, 64]]
"552.c1"	552	[0, -1, 0, -752, 6972]	[[46, 260]]
"552.c2"	552	[0, -1, 0, -212, -1020]	[[-8, 10]]
"552.c3"	552	[0, -1, 0, -207, -1080]	[[17, 5]]
"552.c4"	552	[0, -1, 0, 248, -5252]	[[38, 240]]
"552.e1"	552	[0, 1, 0, -2944, 60512]	[[133/2, 177/2]]
"552.e2"	552	[0, 1, 0, -304, -544]	[[19, 30]]
"552.e3"	552	[0, 1, 0, -184, 896]	[[11, 18]]
"552.e4"	552	[0, 1, 0, -4, 32]	[[-2, 6]]
"558.a1"	558	[1, -1, 0, -12555, 544887]	[[279, 4185]]
"558.a2"	558	[1, -1, 0, 135, -243]	[[9, 36]]
"558.b1"	558	[1, -1, 0, 0, 2]	[[1, 1]]
"558.e1"	558	[1, -1, 1, -434, -7343]	[[91, 791]]
"558.e2"	558	[1, -1, 1, 46, 209]	[[-3, 7]]
"558.f1"	558	[1, -1, 1, -149, 749]	[[9, 4]]
"560.c1"	560	[0, -1, 0, -805, 9065]	[[17, 2]]
"560.d1"	560	[0, 0, 0, -4283, 107882]	[[37, 8]]
"560.d2"	560	[0, 0, 0, -1403, -18902]	[[-17, 6]]
"560.d3"	560	[0, 0, 0, -283, 1482]	[[-3, 48]]
"561.a1"	561	[0, 1, 1, -8, 8]	[[1, 1]]
"561.d1"	561	[0, 1, 1, -269, 1628]	[[34, 181]]
"564.a1"	564	[0, -1, 0, -221, -1191]	[[-8, 1]]
"564.b1"	564	[0, 1, 0, -517, -4681]	[[-14, 3]]
"564.b2"	564	[0, 1, 0, -37, 71]	[[2, 3]]
"566.a1"	566	[1, -1, 0, -2, 4]	[[0, 2]]
"567.a1"	567	[1, -1, 1, -2, 82]	[[10, 26]]
"567.b1"	567	[1, -1, 0, 0, -3]	[[4, 5]]
"570.b1"	570	[1, 1, 0, -1618, 24388]	[[16, 46]]
"570.b2"	570	[1, 1, 0, -98, 372]	[[4, 6]]
"570.c1"	570	[1, 1, 0, -397, 2881]	[[-8, 79]]
"570.c2"	570	[1, 1, 0, -17, 69]	[[-2, 11]]
"570.e1"	570	[1, 0, 1, -968, -11662]	[[-18, 7]]
"570.e2"	570	[1, 0, 1, -448, 3506]	[[7, 23]]
"570.e3"	570	[1, 0, 1, -68, -142]	[[-3, 7]]
"570.e4"	570	[1, 0, 1, 12, -14]	[[2, 3]]
"574.b1"	574	[1, 1, 0, -2, -2]	[[-1, 1]]
"574.c1"	574	[1, 0, 1, -2335, -43598]	[[-28, 17]]
"574.c2"	574	[1, 0, 1, -80, 190]	[[-2, 19]]
"574.d2"	574	[1, 1, 0, -2061, 35165]	[[17, 65]]
"574.g1"	574	[1, -1, 1, -9611313, -11466507927]	[[-402671/15, 3021062/15]]
"574.g2"	574	[1, -1, 1, -19353, 958713]	[[61, 18]]
"574.h1"	574	[1, 1, 1, -21, -5]	[[-1, 4]]
"574.j2"	574	[1, -1, 1, 3, 5]	[[1, 2]]
"575.c1"	575	[1, -1, 1, -55, 72]	[[-6, 15]]
"575.d1"	575	[1, -1, 0, -2, 1]	[[0, 1]]
"576.b1"	576	[0, 0, 0, -13836, -626416]	[[157, 1035]]
"576.b3"	576	[0, 0, 0, -876, -9520]	[[-16, 20]]
"576.b4"	576	[0, 0, 0, -156, 560]	[[2, 16]]
"576.b6"	576	[0, 0, 0, 564, -37744]	[[34, 144]]
"576.c1"	576	[0, 0, 0, -396, -3024]	[[-11, 1]]
"576.c3"	576	[0, 0, 0, -36, 0]	[[-3, 9]]
"576.c4"	576	[0, 0, 0, 9, 0]	[[4, 10]]
"576.e3"	576	[0, 0, 0, 0, -216]	[[10, 28]]
"579.a1"	579	[1, 0, 0, -3, 0]	[[3, 3]]
"579.a2"	579	[1, 0, 0, 12, 3]	[[2, 5]]
"580.a1"	580	[0, 0, 0, -8, -7]	[[4, 5]]
"580.a2"	580	[0, 0, 0, 17, -42]	[[3, 6]]
"580.b1"	580	[0, 0, 0, -32, -31]	[[-2, 5]]
"580.b2"	580	[0, 0, 0, 113, -234]	[[7, 30]]
"582.a1"	582	[1, 1, 0, -15, -27]	[[6, 9]]
"582.a2"	582	[1, 1, 0, 25, -99]	[[5, 11]]
"582.b1"	582	[1, 1, 1, -514, 4271]	[[13, -5]]
"582.b2"	582	[1, 1, 1, -34, 47]	[[1, 3]]
"585.a1"	585	[0, 0, 1, -3, 18]	[[-1, 4]]
"585.c1"	585	[0, 0, 1, -597, 8820]	[[8, 67]]
"585.d2"	585	[1, -1, 1, -218, 1432]	[[8, 8]]
"585.f1"	585	[0, 0, 1, -42, 105]	[[5, 4]]
"585.f2"	585	[0, 0, 1, 108, 560]	[[30, 175]]
"585.g1"	585	[1, -1, 0, -1170000, 487402461]	[[588, 1281]]
"585.g2"	585	[1, -1, 0, -73125, 7629336]	[[120, 696]]
"585.g3"	585	[1, -1, 0, -71370, 8011575]	[[519/2, 7167/2]]
"585.g4"	585	[1, -1, 0, -4680, 114075]	[[78, 429]]
"585.g5"	585	[1, -1, 0, -1035, -10584]	[[40, 84]]
"585.g6"	585	[1, -1, 0, -990, -11745]	[[238, 3513]]
"585.g7"	585	[1, -1, 0, 1890, -61479]	[[115/2, 897/2]]
"585.g8"	585	[1, -1, 0, 5445, 533250]	[[-30, 600]]
"585.h1"	585	[1, -1, 0, -9, 0]	[[4, 2]]
"585.h2"	585	[1, -1, 0, 36, -27]	[[4, 11]]
"588.b2"	588	[0, -1, 0, -9, -6]	[[5, 7]]
"588.c1"	588	[0, -1, 0, -89588, 10350936]	[[257, 2058]]
"588.c2"	588	[0, -1, 0, -5553, 165894]	[[26, 196]]
"588.c3"	588	[0, -1, 0, -1388, 6840]	[[-2, 98]]
"588.c4"	588	[0, -1, 0, 327, 666]	[[5, 49]]
"590.d1"	590	[1, 0, 0, -350, 2500]	[[10, 0]]
"591.a1"	591	[0, -1, 1, -3, 2]	[[0, 1]]
"592.a1"	592	[0, -1, 0, -29973, 2007325]	[[100, 5]]
"598.a1"	598	[1, -1, 0, 44, 496]	[[-5, 14]]
"598.b1"	598	[1, -1, 0, -1802, 29898]	[[27, 6]]
"598.b2"	598	[1, -1, 0, -112, 492]	[[1, 19]]
"600.c1"	600	[0, -1, 0, -80008, -8683988]	[[2373/2, 98725/2]]
"600.c2"	600	[0, -1, 0, -5008, -133988]	[[-39, 22]]
"600.c3"	600	[0, -1, 0, -2008, -295988]	[[561, 13222]]
"600.c4"	600	[0, -1, 0, -508, 1012]	[[-3, 50]]
"600.c5"	600	[0, -1, 0, -383, 3012]	[[11, 3]]
"600.c6"	600	[0, -1, 0, 1992, 6012]	[[2, 100]]
"603.e1"	603	[1, -1, 0, -9, -54]	[[6, 6]]
"605.b1"	605	[1, -1, 1, -7162, -231426]	[[-48, 26]]
"605.b2"	605	[1, -1, 1, -3532, 79786]	[[14, 174]]
"605.b3"	605	[1, -1, 1, -507, -2494]	[[26, 24]]
"605.b4"	605	[1, -1, 1, 98, -316]	[[84/5, 563/5]]
"608.a1"	608	[0, 0, 0, 5, -2]	[[1, 2]]
"608.b1"	608	[0, 0, 0, -8, 16]	[[0, 4]]
"608.c1"	608	[0, 0, 0, -8, -16]	[[4, 4]]
"608.d1"	608	[0, 0, 0, -56, -4848]	[[128, 1444]]
"609.a1"	609	[1, 1, 1, -204624, 35542050]	[[1317, 44646]]
"609.a2"	609	[1, 1, 1, -42469, -2756140]	[[-153, 511]]
"609.a3"	609	[1, 1, 1, -13034, 528806]	[[50, 47]]
"609.a4"	609	[1, 1, 1, -12789, 551346]	[[-104, 929]]
"609.a5"	609	[1, 1, 1, -784, 8720]	[[-5, 114]]
"609.b2"	609	[1, 1, 0, 0, 3]	[[2, 3]]
"610.b1"	610	[1, -1, 0, -2744, -54500]	[[106, 862]]
"610.b2"	610	[1, -1, 0, -244, 0]	[[-9, 42]]
"610.b3"	610	[1, -1, 0, -164, 848]	[[7, -6]]
"610.b4"	610	[1, -1, 0, 976, -732]	[[2, 34]]
"612.a1"	612	[0, 0, 0, -4104, -101196]	[[93, 567]]
"612.a2"	612	[0, 0, 0, -24, -284]	[[8, 6]]
"612.b1"	612	[0, 0, 0, -48, 196]	[[-4, 18]]
"614.a1"	614	[1, 0, 0, -373, -2991]	[[96, 873]]
"615.a1"	615	[1, 1, 1, -6, -6]	[[4, 5]]
"615.a2"	615	[1, 1, 1, 19, -16]	[[3, 7]]
"616.b1"	616	[0, -1, 0, -1, 197]	[[29, 154]]
"616.c1"	616	[0, 0, 0, -251, 1510]	[[19, 60]]
"616.c2"	616	[0, 0, 0, -31, -30]	[[-3, 6]]
"616.c3"	616	[0, 0, 0, -26, -51]	[[6, 3]]
"616.c4"	616	[0, 0, 0, 109, -226]	[[11, 48]]
"616.d1"	616	[0, 0, 0, -355, 702]	[[18, 12]]
"618.a1"	618	[1, 1, 0, 2, 4]	[[0, 2]]
"618.b1"	618	[1, 1, 0, -2819, -58803]	[[61, -1]]
"618.c2"	618	[1, 0, 1, 325, -7018]	[[15, 28]]
"618.d1"	618	[1, 0, 1, -21, 34]	[[4, 2]]
"618.d2"	618	[1, 0, 1, 54, 196]	[[28, 140]]
"618.e1"	618	[1, 1, 1, 1, 5]	[[-1, 2]]
"618.f1"	618	[1, 0, 0, -185, 1401]	[[10, 19]]
"620.b1"	620	[0, 0, 0, -1207, 9006]	[[87, 750]]
"620.b2"	620	[0, 0, 0, -1052, 13129]	[[18, 5]]
"620.c1"	620	[0, 1, 0, -101, 359]	[[2, 13]]
"620.c2"	620	[0, 1, 0, 59, 1495]	[[-6, 31]]
"624.a1"	624	[0, -1, 0, -60, -144]	[[-4, 4]]
"624.a2"	624	[0, -1, 0, 5, -14]	[[6, 14]]
"624.b1"	624	[0, -1, 0, -748, 7564]	[[21, 26]]
"624.b2"	624	[0, -1, 0, -733, 7888]	[[12, 26]]
"624.b3"	624	[0, -1, 0, -148, -644]	[[45, 286]]
"624.b4"	624	[0, -1, 0, -13, 4]	[[0, 2]]
"624.c1"	624	[0, -1, 0, -68, 240]	[[4, 4]]
"624.c2"	624	[0, -1, 0, -3, 6]	[[2, 2]]
"624.f1"	624	[0, 1, 0, -304, 1892]	[[8, 6]]
"624.f2"	624	[0, 1, 0, -44, -84]	[[-5, 6]]
"624.f3"	624	[0, 1, 0, -39, -108]	[[12, 36]]
"624.f4"	624	[0, 1, 0, 136, -444]	[[7, 30]]
"626.a1"	626	[1, -1, 0, -17, -13]	[[-1, 2]]
"629.c1"	629	[1, -1, 0, 11, -18]	[[2, 2]]
"630.b1"	630	[1, -1, 0, -151200, 22667386]	[[227, -55]]
"630.b2"	630	[1, -1, 0, -9450, 355936]	[[63, 56]]
"630.b3"	630	[1, -1, 0, -8820, 404950]	[[45, 290]]
"630.b4"	630	[1, -1, 0, -3330, -69080]	[[-34, 80]]
"630.b5"	630	[1, -1, 0, -630, 4900]	[[0, 70]]
"630.b6"	630	[1, -1, 0, 90, 436]	[[5, 29]]
"630.d1"	630	[1, -1, 0, -2409, 46115]	[[31, 7]]
"630.d2"	630	[1, -1, 0, -789, -7777]	[[37, 94]]
"630.d3"	630	[1, -1, 0, -159, 665]	[[1, 22]]
"630.d4"	630	[1, -1, 0, 21, 53]	[[2, 9]]
"637.c1"	637	[1, -1, 0, -107, 454]	[[6, -2]]
"637.c2"	637	[1, -1, 0, 628, -17823]	[[104, 1027]]
"637.d1"	637	[1, -1, 0, -5252, -145223]	[[4776/7, 158761/7]]
"637.d2"	637	[1, -1, 0, 30763, 6051758]	[[-38, 2216]]
"639.a2"	639	[1, -1, 1, 4, -34]	[[6, 10]]
"640.b1"	640	[0, 1, 0, -265, 1575]	[[5, 20]]
"640.b2"	640	[0, 1, 0, -15, 25]	[[0, 5]]
"640.c1"	640	[0, 0, 0, -13, 18]	[[-2, 6]]
"640.c2"	640	[0, 0, 0, -8, 32]	[[1, 5]]
"640.d1"	640	[0, 0, 0, -13, -18]	[[17/2, 15/2]]
"640.d2"	640	[0, 0, 0, -8, -32]	[[9, 25]]
"640.e1"	640	[0, 0, 0, -52, 144]	[[5, 3]]
"640.e2"	640	[0, 0, 0, -2, 4]	[[0, 2]]
"642.c1"	642	[1, 1, 1, 79, 335]	[[15, 64]]
"644.a1"	644	[0, -1, 0, 2, -7]	[[4, 7]]
"644.b1"	644	[0, 1, 0, 6, -43]	[[13, 49]]
"645.b1"	645	[0, 1, 1, 10, 44]	[[1, 7]]
"646.d1"	646	[1, -1, 1, -6486, 202661]	[[51, 25]]
"646.d2"	646	[1, -1, 1, -406, 3237]	[[9, 11]]
"648.b1"	648	[0, 0, 0, -3, 14]	[[-1, 4]]
"648.c1"	648	[0, 0, 0, -27, 27]	[[-3, 9]]
"649.a1"	649	[1, 0, 0, -1, 4]	[[3, 4]]
"650.a1"	650	[1, -1, 0, -22, 46]	[[5, 4]]
"650.b1"	650	[1, 0, 1, -26, 48]	[[7, 11]]
"650.d1"	650	[1, -1, 0, -34667, -2475759]	[[399, 6663]]
"650.d2"	650	[1, -1, 0, -2167, -38259]	[[-27, 9]]
"650.d3"	650	[1, -1, 0, -1667, -56759]	[[84, 583]]
"650.d4"	650	[1, -1, 0, -167, -259]	[[-2, 9]]
"650.f1"	650	[1, 1, 0, -11330, -468940]	[[124, 166]]
"650.f2"	650	[1, 1, 0, -130, -780]	[[84, 726]]
"651.a1"	651	[1, 0, 0, -3044, -64887]	[[-32, 19]]
"651.a3"	651	[1, 0, 0, -209, -816]	[[-5, -8]]
"651.a4"	651	[1, 0, 0, 36, -81]	[[3, 6]]
"651.e2"	651	[1, 0, 1, 3, -5]	[[5, 9]]
"654.a1"	654	[1, 0, 1, -174, 880]	[[17, 45]]
"656.b1"	656	[0, 0, 0, -11, 10]	[[3, 2]]
"656.b2"	656	[0, 0, 0, 29, 66]	[[-1, 6]]
"657.a2"	657	[1, -1, 1, 34, 46]	[[1, 8]]
"658.d1"	658	[1, -1, 1, -18, 33]	[[3, -3]]
"658.e1"	658	[1, 1, 1, 24, -23]	[[5, 13]]
"658.f2"	658	[1, -1, 1, 1668, 19775]	[[5, 165]]
"659.a1"	659	[1, 1, 0, -79, -306]	[[-50/3, 76/3]]
"660.b1"	660	[0, -1, 0, -76, 280]	[[6, 2]]
"660.c1"	660	[0, 1, 0, -1556, -13356]	[[189/2, 1155/2]]
"660.c2"	660	[0, 1, 0, -716, 7140]	[[24, 66]]
"660.c4"	660	[0, 1, 0, 319, -1356]	[[16, 90]]
"662.a1"	662	[1, 0, 1, 32, -210]	[[25, 115]]
"663.a1"	663	[1, 1, 1, -20174, -1111138]	[[-329/2, 427/2]]
"663.a2"	663	[1, 1, 1, -1389, -14094]	[[-27, 81]]
"663.a3"	663	[1, 1, 1, -544, 4496]	[[79, 640]]
"663.a4"	663	[1, 1, 1, -539, 4592]	[[9, 19]]
"663.a5"	663	[1, 1, 1, 221, 17042]	[[6, 133]]
"663.a6"	663	[1, 1, 1, 3876, -89910]	[[25, 140]]
"663.b1"	663	[1, 0, 0, -98, 279]	[[1, 13]]
"663.b2"	663	[1, 0, 0, -33, -72]	[[-3, 3]]
"664.b1"	664	[0, -1, 0, -3, 4]	[[1, 1]]
"664.c1"	664	[0, 1, 0, 1, 2]	[[-1, 1]]
"665.a1"	665	[0, -1, 1, -16660, -1081562]	[[18757/6, 2475991/6]]
"665.a2"	665	[0, -1, 1, -210, 6798]	[[-18, 66]]
"665.c1"	665	[1, 1, 1, 64, 258]	[[4, 22]]
"665.d1"	665	[1, 1, 0, -2, 1]	[[0, 1]]
"665.e1"	665	[1, -1, 0, -194, 1085]	[[71/2, 367/2]]
"665.e2"	665	[1, -1, 0, -19, 0]	[[16, 52]]
"665.e3"	665	[1, -1, 0, -14, -17]	[[46/3, 67/3]]
"665.e4"	665	[1, -1, 0, 76, -57]	[[2, 9]]
"666.a1"	666	[1, -1, 0, -1332, 19062]	[[21, -6]]
"666.a2"	666	[1, -1, 0, 18, 108]	[[3, 12]]
"666.d1"	666	[1, -1, 1, 13, 1235]	[[27, 130]]
"666.e1"	666	[1, -1, 1, -26, 57]	[[5, 3]]
"669.a1"	669	[1, 1, 0, -1, -2]	[[2, 2]]
"670.b1"	670	[1, -1, 0, -524, -8920]	[[31, 47]]
"672.b1"	672	[0, -1, 0, -224, 1368]	[[13, 22]]
"672.b3"	672	[0, -1, 0, -14, 24]	[[4, 4]]
"672.b4"	672	[0, -1, 0, 16, 84]	[[1, 10]]
"672.c1"	672	[0, -1, 0, -33, 81]	[[5, 4]]
"672.c2"	672	[0, -1, 0, 2, 4]	[[0, 2]]
"672.e1"	672	[0, 1, 0, -1505, 17199]	[[7, 84]]
"672.f1"	672	[0, 1, 0, -224, -1368]	[[27, 114]]
"672.f3"	672	[0, 1, 0, -14, -24]	[[6, 12]]
"672.f4"	672	[0, 1, 0, 16, -84]	[[21/2, 105/2]]
"674.a1"	674	[1, 0, 1, 3, 0]	[[0, 0]]
"674.c2"	674	[1, -1, 1, 14, 21]	[[1, 5]]
"675.e1"	675	[0, 0, 1, -6750, -213469]	[[145, 1362]]
"675.e2"	675	[0, 0, 1, -750, 7906]	[[10, 37]]
"675.e3"	675	[0, 0, 1, 0, -844]	[[10, 12]]
"675.e4"	675	[0, 0, 1, 0, 31]	[[5, 12]]
"677.a1"	677	[1, 1, 1, 2, 0]	[[0, 0]]
"678.b1"	678	[1, 0, 1, 6, -20]	[[5, 9]]
"678.c1"	678	[1, 1, 1, -148, -427]	[[-7, 21]]
"678.c2"	678	[1, 1, 1, 492, -2475]	[[25, 149]]
"680.b1"	680	[0, 0, 0, -1163, -14938]	[[46, 170]]
"680.b2"	680	[0, 0, 0, -163, 462]	[[2, 12]]
"680.b3"	680	[0, 0, 0, -143, 658]	[[6, 4]]
"680.b4"	680	[0, 0, 0, 517, 3318]	[[138, 1644]]
"681.b1"	681	[0, -1, 1, -13, 24]	[[4, 4]]
"681.c1"	681	[0, 1, 1, -179, 881]	[[7, 4]]
"682.a1"	682	[1, 0, 0, -2003, -39269]	[[527/2, 10753/2]]
"682.a3"	682	[1, 0, 0, 167, 225]	[[0, 15]]
"684.a1"	684	[0, 0, 0, -831, -8890]	[[-17, 18]]
"684.b1"	684	[0, 0, 0, -192, 1028]	[[4, 18]]
"688.a1"	688	[0, 0, 0, 4, -4]	[[1, 1]]
"689.a1"	689	[1, 0, 0, -14, 19]	[[1, 2]]
"689.a2"	689	[1, 0, 0, -9, 34]	[[-1, 7]]
"690.a1"	690	[1, 1, 0, -1748, -25392]	[[-23, 69]]
"690.a2"	690	[1, 1, 0, 172, -1968]	[[11, 32]]
"690.e1"	690	[1, 0, 1, -10644, 420826]	[[56, 6]]
"690.e2"	690	[1, 0, 1, -924, 922]	[[-4, 69]]
"690.e3"	690	[1, 0, 1, -604, -5734]	[[-14, 2]]
"690.e4"	690	[1, 0, 1, 3676, 8282]	[[18, 274]]
"690.g1"	690	[1, 1, 1, -116, 413]	[[-1, 23]]
"690.g2"	690	[1, 1, 1, 4, 29]	[[-1, 5]]
"696.a1"	696	[0, -1, 0, 56, -1415]	[[12, 29]]
"700.e1"	700	[0, 0, 0, -125, 625]	[[0, 25]]
"700.f1"	700	[0, 0, 0, -2000, -34375]	[[-26, 7]]
"700.f2"	700	[0, 0, 0, -1375, -56250]	[[99, 882]]
"702.d1"	702	[1, -1, 0, -8952, -323776]	[[-217/2, 227/2]]
"702.d3"	702	[1, -1, 0, -132, 618]	[[7/2, 151/2]]
"702.e1"	702	[1, -1, 0, -9, -19]	[[5, 4]]
"702.l1"	702	[1, -1, 1, -83, 595]	[[25, 104]]
"703.a1"	703	[0, 0, 1, 1, -8]	[[7, 18]]
"706.a1"	706	[1, 1, 0, 1, -1]	[[1, 1]]
"706.b1"	706	[1, 0, 0, -178, -924]	[[-8, 6]]
"706.b2"	706	[1, 0, 0, -18, 4]	[[0, 2]]
"706.c2"	706	[1, -1, 1, 3, -25]	[[27/2, 101/2]]
"706.d1"	706	[1, -1, 1, -118, 2693]	[[41, 235]]
"711.a1"	711	[1, -1, 1, 25, 28]	[[4, 11]]
"711.b1"	711	[1, -1, 0, 3, -2]	[[2, 2]]
"713.a1"	713	[1, 0, 1, -1, 1]	[[-1, 1]]
"714.d1"	714	[1, 1, 0, -55174, 4965268]	[[139, 7]]
"714.d2"	714	[1, 1, 0, -3334, 81940]	[[13, 196]]
"714.e1"	714	[1, 1, 1, -5079, 137205]	[[41, -18]]
"714.e2"	714	[1, 1, 1, -679, -3883]	[[-19, 60]]
"714.e3"	714	[1, 1, 1, -319, 2021]	[[7, 10]]
"720.a1"	720	[0, 0, 0, -123, 522]	[[1, 20]]
"720.a2"	720	[0, 0, 0, -3, 18]	[[1, 4]]
"720.c1"	720	[0, 0, 0, -311043, -66769598]	[[767, 12078]]
"720.c2"	720	[0, 0, 0, -19443, -1042958]	[[-81, 22]]
"720.c3"	720	[0, 0, 0, -15843, -1441118]	[[279, 3982]]
"720.c4"	720	[0, 0, 0, -11523, 476098]	[[63, 14]]
"720.c5"	720	[0, 0, 0, -1443, -9758]	[[-9, 50]]
"720.c6"	720	[0, 0, 0, -723, 7378]	[[9, 40]]
"720.c7"	720	[0, 0, 0, -3, 322]	[[-1, 18]]
"720.c8"	720	[0, 0, 0, 5037, -73262]	[[23, 234]]
"720.f1"	720	[0, 0, 0, -1947, -33046]	[[-25, 2]]
"720.f2"	720	[0, 0, 0, -1227, 16346]	[[25, 36]]
"720.f3"	720	[0, 0, 0, -147, -286]	[[-7, 20]]
"720.f4"	720	[0, 0, 0, 33, -34]	[[5, 16]]
"720.g1"	720	[0, 0, 0, -18387, 959634]	[[73, 80]]
"720.g2"	720	[0, 0, 0, -1107, 16146]	[[15, 54]]
"720.g3"	720	[0, 0, 0, -387, -766]	[[-7, 40]]
"720.g4"	720	[0, 0, 0, 93, -94]	[[7, 30]]
"722.a1"	722	[1, -1, 0, -1, -11]	[[5, 7]]
"722.d1"	722	[1, 1, 1, -93, 307]	[[7, 4]]
"722.d2"	722	[1, 1, 1, 2, 3]	[[-1, 1]]
"722.e1"	722	[1, 1, 1, -30873, 16782247]	[[3247, 183208]]
"722.e2"	722	[1, 1, 1, -5603, -163815]	[[93, 314]]
"722.e3"	722	[1, 1, 1, 3422, -612177]	[[359, 6679]]
"723.a1"	723	[1, 1, 1, -4, -4]	[[2, 0]]
"723.a2"	723	[1, 1, 1, 11, -10]	[[1, 1]]
"725.a1"	725	[1, -1, 0, -67, 216]	[[8, 8]]
"725.a2"	725	[1, -1, 0, 58, 841]	[[0, 29]]
"726.b1"	726	[1, 1, 0, -475, -4187]	[[-13, 8]]
"726.b2"	726	[1, 1, 0, -35, -51]	[[-5, 8]]
"726.d1"	726	[1, 0, 1, -1217868, 517205302]	[[6283/3, 63767/3]]
"726.d2"	726	[1, 0, 1, -1216658, 518284622]	[[582, 2431]]
"726.d3"	726	[1, 0, 1, -5448, -113258]	[[-34, 198]]
"726.d4"	726	[1, 0, 1, 13912, -732778]	[[120, 1573]]
"726.e1"	726	[1, 0, 1, -14, 20]	[[3, 1]]
"726.f1"	726	[1, 1, 1, 179, 1475]	[[17, 90]]
"730.a1"	730	[1, -1, 0, -4, -2]	[[-1, 1]]
"730.e1"	730	[1, -1, 0, -949, 11493]	[[17, -1]]
"730.e2"	730	[1, -1, 0, -929, 11985]	[[-4, 127]]
"730.i1"	730	[1, 1, 1, -26, 39]	[[1, 3]]
"730.j1"	730	[1, 1, 1, -405, -1925]	[[-7, 28]]
"731.a1"	731	[1, 0, 1, -539, 4765]	[[13, -5]]
"732.c1"	732	[0, 1, 0, -164, -828]	[[-8, 6]]
"732.c2"	732	[0, 1, 0, -29, 36]	[[1, 3]]
"735.c1"	735	[1, 0, 0, -105841, 13244636]	[[188, -88]]
"735.c2"	735	[1, 0, 0, -6616, 206471]	[[53, 47]]
"735.c3"	735	[1, 0, 0, -5391, 285606]	[[-45, 684]]
"735.c4"	735	[1, 0, 0, -3921, -94830]	[[74, 110]]
"735.c5"	735	[1, 0, 0, -491, 1896]	[[1, 37]]
"735.c6"	735	[1, 0, 0, -246, -1485]	[[-9, 9]]
"735.c7"	735	[1, 0, 0, -1, -64]	[[13, 40]]
"735.c8"	735	[1, 0, 0, 1714, 14685]	[[4, 145]]
"735.d2"	735	[0, -1, 1, 5, 6]	[[0, 2]]
"738.b1"	738	[1, -1, 0, -2430, 46732]	[[41, 101]]
"738.c1"	738	[1, -1, 0, 66, 116]	[[1, 13]]
"740.b1"	740	[0, 1, 0, -12021, -511321]	[[-2291/6, 125/6]]
"740.b2"	740	[0, 1, 0, -181, -425]	[[-3, 10]]
"741.a1"	741	[0, 1, 1, -5, 23]	[[7, 19]]
"742.f1"	742	[1, 1, 1, -14, 75]	[[9, 23]]
"747.a1"	747	[1, -1, 1, -191, 892]	[[4, 11]]
"747.a2"	747	[1, -1, 1, -56, -134]	[[-4, 5]]
"747.d1"	747	[1, -1, 0, 9, 4]	[[0, 2]]
"752.a1"	752	[0, 0, 0, -155, 714]	[[5, 8]]
"752.a2"	752	[0, 0, 0, 5, 42]	[[-1, 6]]
"753.a1"	753	[0, 1, 1, 5, 7]	[[-1, 1]]
"754.a1"	754	[1, 0, 1, -7, -6]	[[3, 0]]
"754.a2"	754	[1, 0, 1, 13, -30]	[[5, 10]]
"754.b1"	754	[1, 0, 1, -10758, 428760]	[[60, -16]]
"754.d1"	754	[1, 0, 0, 43, -31]	[[14, 51]]
"755.a1"	755	[0, 0, 1, 2, -1]	[[1, 1]]
"756.b1"	756	[0, 0, 0, -264, 1636]	[[8, 6]]
"756.b2"	756	[0, 0, 0, -24, -44]	[[-3, 1]]
"756.c1"	756	[0, 0, 0, -48, -124]	[[-4, 2]]
"758.a1"	758	[1, 0, 1, 11, 0]	[[3, 6]]
"759.a2"	759	[1, 1, 1, -23, -628]	[[10, 11]]
"759.b1"	759	[1, 0, 0, -93104, -10942305]	[[117555/14, 32678505/14]]
"759.b2"	759	[1, 0, 0, -5819, -171336]	[[499/2, 7691/2]]
"759.b3"	759	[1, 0, 0, -5654, -181467]	[[112099/30, 25991797/30]]
"759.b4"	759	[1, 0, 0, -1409, 17538]	[[3, 114]]
"759.b5"	759	[1, 0, 0, -374, -2541]	[[34, 139]]
"759.b6"	759	[1, 0, 0, 31, -192]	[[7, 16]]
"760.a1"	760	[0, 1, 0, -35, 58]	[[1, 5]]
"760.a2"	760	[0, 1, 0, 60, 400]	[[0, 20]]
"760.c1"	760	[0, 0, 0, -2027, 35126]	[[35, 84]]
"760.c2"	760	[0, 0, 0, -227, -434]	[[-5, 24]]
"760.c3"	760	[0, 0, 0, -127, 546]	[[5, 6]]
"760.c4"	760	[0, 0, 0, -2, 21]	[[6, 15]]
"762.e1"	762	[1, 0, 0, -267, 1521]	[[6, 9]]
"763.a1"	763	[0, 0, 1, -5, 10]	[[-2, 3]]
"765.a1"	765	[1, -1, 1, -77, 276]	[[6, -1]]
"765.a2"	765	[1, -1, 1, -32, 564]	[[2, 21]]
"768.a1"	768	[0, -1, 0, -2589, -49851]	[[260, 4097]]
"768.a3"	768	[0, -1, 0, -29, 69]	[[4, 1]]
"768.b1"	768	[0, -1, 0, -23, 51]	[[2, 3]]
"768.e1"	768	[0, 1, 0, -2589, 49851]	[[30, 9]]
"768.e3"	768	[0, 1, 0, -29, -69]	[[6, 3]]
"768.f1"	768	[0, 1, 0, -93, 315]	[[6, 3]]
"770.d1"	770	[1, -1, 0, -20909, -1158507]	[[189, 1176]]
"770.d3"	770	[1, -1, 0, -1309, -17787]	[[-21, 0]]
"770.d4"	770	[1, -1, 0, -29, -635]	[[19, 64]]
"770.f1"	770	[1, 0, 0, -26116, -1580604]	[[-96, 258]]
"770.f2"	770	[1, 0, 0, -3576, 81280]	[[38, 6]]
"770.f3"	770	[1, 0, 0, -56, 3136]	[[6, 52]]
"770.f4"	770	[1, 0, 0, 504, -84560]	[[58, 346]]
"774.b1"	774	[1, -1, 0, -18, 0]	[[6, 6]]
"774.b2"	774	[1, -1, 0, 72, -54]	[[3, 12]]
"774.f1"	774	[1, -1, 1, -209, 1217]	[[9, -8]]
"776.a1"	776	[0, 0, 0, -31, 66]	[[1, 6]]
"776.a2"	776	[0, 0, 0, -11, 150]	[[3, 12]]
"777.c1"	777	[1, 1, 1, -4144, 100952]	[[39, 4]]
"777.c2"	777	[1, 1, 1, -294, 1020]	[[-10, 60]]
"777.c3"	777	[1, 1, 1, -259, 1496]	[[8, 0]]
"777.c4"	777	[1, 1, 1, -14, 26]	[[4, 5]]
"777.g2"	777	[1, 0, 1, -1317, -18245]	[[89, 711]]
"777.g3"	777	[1, 0, 1, -1312, -18391]	[[43, 50]]
"777.g4"	777	[1, 0, 1, -102, -50321]	[[47, 198]]
"780.a1"	780	[0, -1, 0, -105, 450]	[[5, 5]]
"780.a2"	780	[0, -1, 0, -60, 792]	[[-6, 30]]
"780.c1"	780	[0, 1, 0, -81, 0]	[[-3, 15]]
"780.c2"	780	[0, 1, 0, 324, 324]	[[12, 78]]
"782.a1"	782	[1, 0, 1, -35, 54]	[[6, 5]]
"782.a2"	782	[1, 0, 1, 5, 6]	[[0, 2]]
"784.b1"	784	[0, 1, 0, -2140728, -1206278060]	[[33604/3, 5590214/3]]
"784.b2"	784	[0, 1, 0, -133688, -18913196]	[[548, 8526]]
"784.b3"	784	[0, 1, 0, -27848, -1475468]	[[-124, 294]]
"784.b4"	784	[0, 1, 0, -8248, 285396]	[[44, 98]]
"784.b5"	784	[0, 1, 0, -408, 6292]	[[-12, 98]]
"784.b6"	784	[0, 1, 0, 3512, -133260]	[[156, 2058]]
"784.f1"	784	[0, 0, 0, -29155, -1915998]	[[743, 19662]]
"784.f2"	784	[0, 0, 0, -1715, -33614]	[[57, 232]]
"784.f3"	784	[0, 0, 0, -595, 5586]	[[7, 42]]
"784.f4"	784	[0, 0, 0, -35, 98]	[[1, 8]]
"784.g1"	784	[0, 1, 0, -142, -701]	[[-65/3, 1/3]]
"784.g2"	784	[0, 1, 0, -2, -1]	[[-1, 1]]
"786.a1"	786	[1, 1, 0, -281, 1701]	[[10, -1]]
"786.c1"	786	[1, 1, 0, -8, 6]	[[1, 0]]
"786.e1"	786	[1, 1, 0, 1217, 6622405]	[[12085, 1322560]]
"786.g1"	786	[1, 0, 1, -17, 56]	[[-3, 10]]
"786.h1"	786	[1, 0, 1, -103, -406]	[[-6, 4]]
"786.i1"	786	[1, 1, 1, 10, 11]	[[3, 7]]
"786.j1"	786	[1, 1, 1, -861, 9267]	[[-9, 132]]
"786.l1"	786	[1, 0, 0, -42, 36]	[[0, 6]]
"790.a1"	790	[1, 0, 0, -425, 3337]	[[-8, 83]]
"790.a2"	790	[1, 0, 0, -25, 57]	[[2, 3]]
"791.a1"	791	[1, -1, 1, -4219, -104412]	[[48769/24, 4580395/24]]
"791.a2"	791	[1, -1, 1, -264, -1582]	[[619/3, 13898/3]]
"792.b1"	792	[0, 0, 0, -4251, -106666]	[[286, 4698]]
"792.b2"	792	[0, 0, 0, -291, -1330]	[[22, 54]]
"792.b3"	792	[0, 0, 0, -111, 434]	[[5, 2]]
"792.b4"	792	[0, 0, 0, 789, -8890]	[[14, 70]]
"792.c2"	792	[0, 0, 0, -135, -486]	[[-5, 8]]
"792.d1"	792	[0, 0, 0, -75, -234]	[[-5, 4]]
"792.d2"	792	[0, 0, 0, -15, 18]	[[1, 2]]
"793.a1"	793	[1, -1, 0, -16, -21]	[[82/3, 497/3]]
"793.a2"	793	[1, -1, 0, -11, -38]	[[34, 178]]
"794.b1"	794	[1, 0, 0, -281373, -57471035]	[[103405/4, 32929675/4]]
"794.b2"	794	[1, 0, 0, -3473, -79127]	[[86, 467]]
"794.c1"	794	[1, 1, 1, 4, -3]	[[1, 1]]
"795.c1"	795	[1, 1, 0, -848, -9867]	[[949/4, 23127/4]]
"795.c2"	795	[1, 1, 0, -53, -168]	[[56, 392]]
"795.c3"	795	[1, 1, 0, -8, 3]	[[-2, 5]]
"795.c4"	795	[1, 1, 0, 22, -513]	[[223/2, 3151/2]]
"798.a1"	798	[1, 1, 0, -150, 648]	[[6, 0]]
"798.a2"	798	[1, 1, 0, -10, 4]	[[0, 2]]
"798.b2"	798	[1, 0, 1, -22, 830]	[[4, 26]]
"798.c1"	798	[1, 0, 1, -18152, 939764]	[[78, -35]]
"798.c2"	798	[1, 0, 1, -1142, 14420]	[[24, 19]]
"798.c3"	798	[1, 0, 1, -162, -476]	[[-4, 12]]
"798.c4"	798	[1, 0, 1, 188, 46340]	[[-14, 209]]
"798.g2"	798	[1, 1, 1, 766, -12049]	[[27, 157]]
"798.h1"	798	[1, 0, 0, -3255, -57879]	[[-24, 93]]
"798.h2"	798	[1, 0, 0, -1015, 11561]	[[8, 59]]
"799.a1"	799	[1, 1, 1, -353, -2120]	[[23, 39]]
"799.a2"	799	[1, 1, 1, -118, 418]	[[-2, 26]]
"800.a1"	800	[0, 1, 0, -158, -812]	[[-8, 2]]
"800.a2"	800	[0, 1, 0, -33, -1937]	[[23, 100]]
"800.b1"	800	[0, -1, 0, -208, 1412]	[[-8, 50]]
"800.d1"	800	[0, 0, 0, -275, -1750]	[[-86/3, 62/3]]
"800.d2"	800	[0, 0, 0, -275, 1750]	[[9, 2]]
"800.d3"	800	[0, 0, 0, -25, 0]	[[-4, 6]]
"800.d4"	800	[0, 0, 0, 100, 0]	[[5, 25]]
"800.e1"	800	[0, 0, 0, -5, 0]	[[-1, 2]]
"800.e2"	800	[0, 0, 0, 20, 0]	[[4, 12]]
"800.g1"	800	[0, 1, 0, -8, 8]	[[2, 2]]
"801.c1"	801	[0, 0, 1, -30, -90]	[[8, 13]]
"801.c2"	801	[0, 0, 1, 240, 1233]	[[-1, 31]]
"804.a1"	804	[0, -1, 0, -12, 24]	[[2, 2]]
"804.d1"	804	[0, 1, 0, 84, 36]	[[12, 54]]
"805.c1"	805	[0, -1, 1, 23004, 2393001]	[[181/2, 15015/2]]
"806.a1"	806	[1, 1, 0, 52, -176]	[[5, 13]]
"810.b1"	810	[1, -1, 0, -24, 80]	[[4, 4]]
"810.b2"	810	[1, -1, 0, 201, -1315]	[[14, 57]]
"810.e1"	810	[1, -1, 1, -38, 181]	[[5, 7]]
"810.e2"	810	[1, -1, 1, 322, -3563]	[[23, 113]]
"812.a1"	812	[0, -1, 0, -36, 232]	[[-6, 14]]
"813.a1"	813	[0, 1, 1, -115243, -15096572]	[[-10750211/234, -6403697/234]]
"813.a2"	813	[0, 1, 1, -1423, -21113]	[[-91/2, 11/2]]
"813.a3"	813	[0, 1, 1, -73, 190]	[[2, 7]]
"814.a1"	814	[1, 0, 1, -50, -828]	[[12, 12]]
"814.a2"	814	[1, 0, 1, 5, 30]	[[-2, 4]]
"816.b1"	816	[0, -1, 0, -443904, 113984640]	[[360, 840]]
"816.b2"	816	[0, -1, 0, -27744, 1787904]	[[146, 910]]
"816.b3"	816	[0, -1, 0, -26304, 1980288]	[[81, 612]]
"816.b4"	816	[0, -1, 0, -1824, 25344]	[[50, 238]]
"816.b5"	816	[0, -1, 0, -544, -4352]	[[-14, 18]]
"816.b6"	816	[0, -1, 0, 3616, 142848]	[[18, 462]]
"816.c1"	816	[0, -1, 0, -48, 144]	[[6, 6]]
"816.c2"	816	[0, -1, 0, -8, 336]	[[2, 18]]
"816.e1"	816	[0, -1, 0, -5, 9]	[[1, 2]]
"816.h1"	816	[0, 1, 0, -40, -76]	[[-4, 6]]
"816.i1"	816	[0, 1, 0, -1621, 24623]	[[-1, 162]]
"819.b1"	819	[1, -1, 1, -5, 4]	[[-2, 2]]
"819.b2"	819	[1, -1, 1, 10, 16]	[[2, 5]]
"819.d1"	819	[1, -1, 0, -42, -73]	[[14, 37]]
"819.d2"	819	[1, -1, 0, 93, -532]	[[8, 22]]
"822.a1"	822	[1, 1, 0, -3, -9]	[[3, 3]]
"822.b1"	822	[1, 0, 1, 31, 20]	[[3, 10]]
"825.a2"	825	[1, 0, 0, -288, 567]	[[-9, 54]]
"825.a3"	825	[1, 0, 0, -163, -808]	[[-7, 5]]
"825.a4"	825	[1, 0, 0, 1087, 4692]	[[7, 109]]
"825.b1"	825	[0, -1, 1, -23, 53]	[[1, 5]]
"825.b2"	825	[0, -1, 1, 127, 38]	[[76, 665]]
"825.c1"	825	[0, 1, 1, -583, 5494]	[[14, 16]]
"825.c2"	825	[0, 1, 1, 3167, 11119]	[[181/2, 3989/2]]
"827.a1"	827	[0, 0, 1, -10, 12]	[[2, 0]]
"828.a2"	828	[0, 0, 0, -216, -1215]	[[-8, 1]]
"828.c1"	828	[0, 0, 0, -9, -27]	[[4, 1]]
"830.c1"	830	[1, 1, 1, -11185, 456015]	[[63, 48]]
"831.a1"	831	[1, 0, 0, -68, 285]	[[13, 34]]
"832.a1"	832	[0, 0, 0, -13612, 670672]	[[42, 416]]
"832.a2"	832	[0, 0, 0, -172, -1328]	[[42, 256]]
"832.b1"	832	[0, -1, 0, -1, -31]	[[5, 8]]
"832.d1"	832	[0, -1, 0, -29409, -1931423]	[[649, 15872]]
"832.d2"	832	[0, -1, 0, -289, -3679]	[[25, 64]]
"832.d3"	832	[0, -1, 0, 31, 97]	[[9, 32]]
"832.f1"	832	[0, 0, 0, -16, 24]	[[1, 3]]
"832.f2"	832	[0, 0, 0, 4, 80]	[[-2, 8]]
"832.g1"	832	[0, 1, 0, -1, 31]	[[3, 8]]
"832.h1"	832	[0, 1, 0, -65, 191]	[[-1, 16]]
"834.a1"	834	[1, 0, 1, 0, 10]	[[-1, 3]]
"834.g1"	834	[1, 0, 0, -1090, -40504]	[[52, 184]]
"840.a1"	840	[0, -1, 0, -1736, 26796]	[[33, 66]]
"840.a2"	840	[0, -1, 0, -336, -1764]	[[-7, 14]]
"840.a3"	840	[0, -1, 0, -316, -2060]	[[54, 368]]
"840.a4"	840	[0, -1, 0, 744, -11700]	[[209, 3038]]
"840.b1"	840	[0, -1, 0, -456, 3900]	[[14, 8]]
"840.b2"	840	[0, -1, 0, -336, -2244]	[[-10, 4]]
"840.b3"	840	[0, -1, 0, -36, 36]	[[0, 6]]
"840.b4"	840	[0, -1, 0, 9, 0]	[[1, 3]]
"840.d1"	840	[0, -1, 0, -10480, -409460]	[[493/2, 3159/2]]
"840.d2"	840	[0, -1, 0, -680, -5700]	[[-15, 30]]
"840.d3"	840	[0, -1, 0, -180, 900]	[[5, 10]]
"840.d4"	840	[0, -1, 0, -175, 952]	[[17, 51]]
"840.d5"	840	[0, -1, 0, 240, 4092]	[[-2, 60]]
"840.d6"	840	[0, -1, 0, 1120, -32340]	[[57, 462]]
"840.g1"	840	[0, 1, 0, -2896, 59024]	[[32, 12]]
"840.g2"	840	[0, 1, 0, -196, 704]	[[2, 18]]
"840.g3"	840	[0, 1, 0, -71, -246]	[[-5, 3]]
"840.g4"	840	[0, 1, 0, 504, 5184]	[[0, 72]]
"842.a1"	842	[1, 0, 1, -10, -12]	[[-2, 1]]
"842.b1"	842	[1, 0, 0, -59, 145]	[[-2, 17]]
"843.a1"	843	[1, 1, 0, 5, 4]	[[0, 2]]
"846.a1"	846	[1, -1, 0, -31518, 2160364]	[[93, 118]]
"846.a2"	846	[1, -1, 0, -19278, -1012100]	[[-75, 125]]
"846.a3"	846	[1, -1, 0, -2358, 20020]	[[-3, 166]]
"846.a4"	846	[1, -1, 0, 522, 2164]	[[-1, 41]]
"846.b1"	846	[1, -1, 0, -87, 323]	[[7, 1]]
"846.b2"	846	[1, -1, 0, 3, 17]	[[1, 4]]
"847.a1"	847	[1, 1, 1, -6234, -177484]	[[138, 1201]]
"847.a2"	847	[1, 1, 1, 421, -12440]	[[116, 1212]]
"847.b1"	847	[0, 0, 1, 242, -333]	[[55, 423]]
"849.a1"	849	[1, 1, 1, 5, -4]	[[2, 3]]
"854.a1"	854	[1, 0, 1, -722, 7396]	[[13, 9]]
"854.b1"	854	[1, 0, 1, -56176, -5122754]	[[-31079/15, 493549/15]]
"854.b2"	854	[1, 0, 1, -2801, 49924]	[[-53, 250]]
"854.b3"	854	[1, 0, 1, -2706, 53940]	[[-15, 309]]
"854.c1"	854	[1, 1, 1, -399, 1237]	[[-19, 58]]
"854.d1"	854	[1, 1, 1, -13, 3]	[[-1, 4]]
"855.b1"	855	[1, -1, 1, -842, 9366]	[[26, 54]]
"855.b2"	855	[1, -1, 1, 13, 474]	[[2, 21]]
"856.a1"	856	[0, -1, 0, -28, 68]	[[4, 2]]
"856.d1"	856	[0, -1, 0, -432, -3316]	[[137, 1578]]
"858.c1"	858	[1, 0, 1, -65176, -6409114]	[[585, 12187]]
"858.c2"	858	[1, 0, 1, -3736, -117658]	[[967/2, 28009/2]]
"858.e1"	858	[1, 1, 1, -572, 118685]	[[-9, 355]]
"858.g1"	858	[1, 1, 1, -46, 107]	[[5, 3]]
"861.b1"	861	[1, 0, 0, -7, 14]	[[-1, 5]]
"861.c1"	861	[1, 0, 0, 2941, 18606]	[[-5, 64]]
"861.d1"	861	[1, 0, 1, 706, -64375]	[[45, 220]]
"862.a1"	862	[1, -1, 0, -70, 244]	[[4, 2]]
"862.b1"	862	[1, 0, 1, 1, -2]	[[1, 0]]
"862.c1"	862	[1, 1, 1, -2, 15]	[[1, 3]]
"862.d1"	862	[1, 1, 1, -2460, 45949]	[[23, 35]]
"862.d2"	862	[1, 1, 1, 15380, -102531]	[[3127/3, 181057/3]]
"864.b1"	864	[0, 0, 0, 24, 16]	[[0, 4]]
"864.c1"	864	[0, 0, 0, 24, -16]	[[4, 12]]
"864.d1"	864	[0, 0, 0, -216, 1296]	[[0, 36]]
"864.i1"	864	[0, 0, 0, -24, 48]	[[4, 4]]
"866.a1"	866	[1, 0, 0, -8, 64]	[[4, 8]]
"866.a2"	866	[1, 0, 0, 72, -1712]	[[144, 1660]]
"867.a1"	867	[1, 1, 1, -23, 20]	[[0, 4]]
"867.a2"	867	[1, 1, 1, 62, 224]	[[1, 16]]
"867.c1"	867	[0, -1, 1, -17147, -859018]	[[789/2, 14735/2]]
"867.c2"	867	[0, -1, 1, 193, -5023]	[[57, 433]]
"867.d1"	867	[0, -1, 1, -244012, -46313805]	[[255513157/606, 2440282876849/606]]
"867.d2"	867	[0, -1, 1, 1638, -13693]	[[301/6, 4805/6]]
"869.a1"	869	[0, 1, 1, 10, -2]	[[11, 39]]
"870.a1"	870	[1, 1, 0, -4017, -99681]	[[-37, 21]]
"870.a2"	870	[1, 1, 0, -267, -1431]	[[-7, -9]]
"870.a3"	870	[1, 1, 0, -87, 261]	[[2, 9]]
"870.a4"	870	[1, 1, 0, 603, -7869]	[[17, 79]]
"870.b1"	870	[1, 0, 1, -524364, -146193014]	[[4380397/12, 9139039879/12]]
"870.b2"	870	[1, 0, 1, -32844, -2275958]	[[-389/2, 595/2]]
"870.b3"	870	[1, 0, 1, -7149, -156728]	[[-70, 78]]
"870.b4"	870	[1, 0, 1, -2829, 55816]	[[26, -9]]
"870.c1"	870	[1, 0, 1, -2533, -49264]	[[67, 254]]
"870.c2"	870	[1, 0, 1, -2413, -54112]	[[267/2, 2039/2]]
"870.c3"	870	[1, 0, 1, -58, 56]	[[0, 7]]
"870.c4"	870	[1, 0, 1, 212, 488]	[[-2, 8]]
"870.e1"	870	[1, 1, 1, -131, -631]	[[-7, 4]]
"870.e2"	870	[1, 1, 1, -11, -7]	[[-3, 4]]
"870.f1"	870	[1, 1, 1, -1760, 27137]	[[17, 41]]
"870.f2"	870	[1, 1, 1, 160, 85505]	[[-7, 293]]
"872.a1"	872	[0, 1, 0, 0, 16]	[[0, 4]]
"873.a1"	873	[0, 0, 1, -3, 22]	[[1, 4]]
"873.c1"	873	[1, -1, 0, -5886, 153679]	[[-70, 503]]
"873.c2"	873	[1, -1, 0, -1521, -20048]	[[14601/8, 1675471/8]]
"873.c3"	873	[1, -1, 0, -1476, -21461]	[[275/2, 3289/2]]
"873.c4"	873	[1, -1, 0, 2124, -103883]	[[3623/2, 214627/2]]
"873.d1"	873	[0, 0, 1, -19569, -4064513]	[[227473/16, 106817593/16]]
"874.d1"	874	[1, 1, 1, -142320, -20724857]	[[-9623549/210, 1005550321/210]]
"874.d2"	874	[1, 1, 1, -410, 903]	[[-3, 47]]
"880.a1"	880	[0, 0, 0, -67, 226]	[[-3, 20]]
"880.b1"	880	[0, 1, 0, -60, -200]	[[15, 50]]
"880.b2"	880	[0, 1, 0, -5, -2]	[[-2, 2]]
"880.d1"	880	[0, -1, 0, -16, -64]	[[8, 16]]
"880.d2"	880	[0, -1, 0, 144, 1600]	[[16, 88]]
"880.e1"	880	[0, 0, 0, -23, 38]	[[1, 4]]
"880.e2"	880	[0, 0, 0, 2, 3]	[[3, 6]]
"880.g1"	880	[0, 0, 0, -7547, 12986]	[[97, 440]]
"880.g2"	880	[0, 0, 0, -5047, -137514]	[[137, 1320]]
"880.g3"	880	[0, 0, 0, -5042, -137801]	[[103, 660]]
"880.g4"	880	[0, 0, 0, -2627, -269646]	[[83, 290]]
"880.i1"	880	[0, 1, 0, -95040, 11245748]	[[178, 8]]
"880.i2"	880	[0, 1, 0, 160, 3188]	[[26, 160]]
"882.a1"	882	[1, -1, 0, -4566, 119916]	[[39, -15]]
"882.a2"	882	[1, -1, 0, 579, 366533]	[[37, 643]]
"882.b2"	882	[1, -1, 0, -403083, -97454421]	[[-339, 552]]
"882.b3"	882	[1, -1, 0, -45873, 1349865]	[[-96, 2253]]
"882.b4"	882	[1, -1, 0, -37053, 2752245]	[[121, 111]]
"882.b6"	882	[1, -1, 0, 170217, 10295991]	[[247, 8084]]
"882.d1"	882	[1, -1, 0, -1269, -17739]	[[45, 99]]
"882.d2"	882	[1, -1, 0, -9, 27]	[[3, 3]]
"882.g1"	882	[1, -1, 1, -6404, 199847]	[[51, 37]]
"882.g2"	882	[1, -1, 1, 211, 1397]	[[51, 352]]
"882.h1"	882	[1, -1, 1, -839, 9559]	[[13, 20]]
"882.h2"	882	[1, -1, 1, 1, 39]	[[-1, 6]]
"885.a1"	885	[0, 1, 1, -19330, -1040876]	[[-323/2, 17/2]]
"885.a2"	885	[0, 1, 1, -280, 1684]	[[8, 4]]
"885.b1"	885	[0, 1, 1, -5, -4]	[[-2, 1]]
"885.c1"	885	[1, 1, 0, -472, 3481]	[[63/2, 67/2]]
"885.c2"	885	[1, 1, 0, -97, -344]	[[12, 14]]
"885.c3"	885	[1, 1, 0, -92, -381]	[[58, 411]]
"885.c4"	885	[1, 1, 0, 198, -1701]	[[18, 81]]
"886.a1"	886	[1, 0, 1, -1203, 15950]	[[20, -10]]
"888.b1"	888	[0, -1, 0, -188, -924]	[[-8, 2]]
"888.b2"	888	[0, -1, 0, -3, -36]	[[5, 7]]
"888.c1"	888	[0, 1, 0, -7104, -232848]	[[147, 1386]]
"888.c2"	888	[0, 1, 0, -444, -3744]	[[36, 168]]
"888.c3"	888	[0, 1, 0, -264, -6624]	[[141/2, 1365/2]]
"888.c4"	888	[0, 1, 0, -39, -18]	[[-6, 6]]
"890.a1"	890	[1, 0, 1, -109, -444]	[[-6, 3]]
"890.a2"	890	[1, 0, 1, -9, -4]	[[-2, 3]]
"890.b1"	890	[1, 0, 1, -1138, -14844]	[[-20, 7]]
"890.b2"	890	[1, 0, 1, -818, -23292]	[[69, 465]]
"890.c1"	890	[1, -1, 0, -55, 171]	[[5, -1]]
"890.c2"	890	[1, -1, 0, -5, 1]	[[0, 1]]
"890.g1"	890	[1, 1, 1, -2040, -38093]	[[1915/6, 12823/6]]
"891.b1"	891	[1, -1, 1, 7, 10]	[[2, 4]]
"892.a1"	892	[0, -1, 0, -12, -8]	[[-2, 2]]
"892.b1"	892	[0, 1, 0, -388, -1580]	[[-27/2, 223/2]]
"892.b2"	892	[0, 1, 0, -188, 932]	[[-16, 10]]
"894.c1"	894	[1, 0, 1, -13, -16]	[[-2, 2]]
"896.a2"	896	[0, 0, 0, -5, 2]	[[-2, 2]]
"896.b1"	896	[0, 0, 0, -20, 16]	[[0, 4]]
"896.c2"	896	[0, 0, 0, -10, 12]	[[3, 3]]
"897.a1"	897	[1, 1, 1, -219, 1146]	[[11, 9]]
"897.a2"	897	[1, 1, 1, -24, -24]	[[-2, 5]]
"897.a3"	897	[1, 1, 1, -19, -40]	[[6, 7]]
"897.a4"	897	[1, 1, 1, 91, -70]	[[4, 17]]
"897.c1"	897	[1, 0, 0, -65, -204]	[[-5, 4]]
"897.c2"	897	[1, 0, 0, 0, -9]	[[3, 3]]
"897.d1"	897	[1, 0, 0, -5037552, 4351465395]	[[1302, -261]]
"897.d2"	897	[1, 0, 0, -316062, 67420593]	[[-99, 9936]]
"897.d3"	897	[1, 0, 0, -314847, 67971960]	[[327, -66]]
"897.d4"	897	[1, 0, 0, -19602, 1069443]	[[63, 261]]
"897.f1"	897	[1, 0, 1, -1725581, -795628249]	[[-627, 6631]]
"897.f2"	897	[1, 0, 1, 130884, -59725523]	[[2987, 162774]]
"899.a1"	899	[1, 0, 1, -3, -1]	[[-1, 1]]
"900.b1"	900	[0, 0, 0, -9300, 345125]	[[35, 250]]
"900.b2"	900	[0, 0, 0, -8175, 431750]	[[70, 450]]
"900.b3"	900	[0, 0, 0, -300, -1375]	[[-10, 25]]
"900.b4"	900	[0, 0, 0, 825, -9250]	[[35, 250]]
"900.d1"	900	[0, 0, 0, 0, -2700]	[[21, 81]]
"900.d2"	900	[0, 0, 0, 0, 100]	[[-4, 6]]
"900.e1"	900	[0, 0, 0, -10920, 439220]	[[61, 9]]
"900.e2"	900	[0, 0, 0, -120, 740]	[[16, 54]]
"901.b1"	901	[1, -1, 1, -85, -220]	[[-4, 8]]
"901.b2"	901	[1, -1, 1, 180, -1492]	[[49, 326]]
"901.d1"	901	[1, 1, 1, -29863, 1910608]	[[757/3, 265/3]]
"901.d2"	901	[1, 1, 1, -29598, 1947602]	[[90, 106]]
"904.a1"	904	[0, 0, 0, -35, 78]	[[2, 4]]
"904.a2"	904	[0, 0, 0, 5, 246]	[[10, 36]]
"905.b1"	905	[1, 1, 0, -18, 23]	[[-1/2, 43/2]]
"905.b2"	905	[1, 1, 0, -13, 42]	[[6, 12]]
"906.b1"	906	[1, 1, 0, -16, -32]	[[-3, 2]]
"906.c1"	906	[1, 0, 1, -1970, 18500]	[[-22, 237]]
"906.c2"	906	[1, 0, 1, -1715, 27182]	[[12, 85]]
"906.d1"	906	[1, 0, 1, -52716, -4662998]	[[12697/3, 1391501/3]]
"906.d2"	906	[1, 0, 1, -621, -7064]	[[35, 102]]
"906.e1"	906	[1, 1, 1, -21, -45]	[[-3, 2]]
"906.h1"	906	[1, 0, 0, -152, 576]	[[-8, 40]]
"910.a1"	910	[1, 0, 1, -14669, -685008]	[[-70, 38]]
"910.a2"	910	[1, 0, 1, -949, -9984]	[[-21, 38]]
"910.a3"	910	[1, 0, 1, -304, 456]	[[-6, 48]]
"910.a4"	910	[1, 0, 1, -234, 1352]	[[8, -1]]
"910.c1"	910	[1, -1, 0, -29, -47]	[[-3, 4]]
"910.c2"	910	[1, -1, 0, 41, -285]	[[11, 32]]
"910.h1"	910	[1, 0, 0, -5625, -151943]	[[-46, 123]]
"910.h2"	910	[1, 0, 0, -1145, 12025]	[[10, 35]]
"910.j1"	910	[1, -1, 1, -33898, 2219177]	[[137, 295]]
"910.j2"	910	[1, -1, 1, 37782, 10304681]	[[-119, 2087]]
"912.a1"	912	[0, -1, 0, -57, -171]	[[12, 27]]
"912.b1"	912	[0, -1, 0, -1624, -24656]	[[58, 270]]
"912.b2"	912	[0, -1, 0, -104, -336]	[[-6, 6]]
"912.b4"	912	[0, -1, 0, 136, -1872]	[[18, 78]]
"912.d1"	912	[0, -1, 0, -70245, 7189389]	[[156, 57]]
"912.d2"	912	[0, -1, 0, 315, 2349]	[[36, 243]]
"912.f1"	912	[0, 1, 0, 3, -9]	[[3, 6]]
"914.a2"	914	[1, -1, 0, -52, -48]	[[-1, 2]]
"915.a1"	915	[1, 0, 0, -255, 900]	[[15, 15]]
"915.a2"	915	[1, 0, 0, 50, 107]	[[-1, 8]]
"915.b1"	915	[1, 1, 0, -367, -2756]	[[-12, 16]]
"915.b2"	915	[1, 1, 0, -62, 111]	[[22, 89]]
"915.b3"	915	[1, 1, 0, -57, 144]	[[0, 12]]
"915.b4"	915	[1, 1, 0, 163, 966]	[[79/2, 811/2]]
"916.d1"	916	[0, 1, 0, -157, -416]	[[60, 458]]
"916.d2"	916	[0, 1, 0, -77, 236]	[[8, 14]]
"918.g2"	918	[1, -1, 1, 3886, -555983]	[[287, 4769]]
"918.i1"	918	[1, -1, 1, -245, -2429]	[[155/2, 1541/2]]
"920.a1"	920	[0, 0, 0, -187, 991]	[[7, 5]]
"920.b1"	920	[0, -1, 0, 0, -23]	[[4, 5]]
"920.c1"	920	[0, 0, 0, 1468, -2844]	[[302, 5290]]
"920.d1"	920	[0, 1, 0, 4, 5]	[[2, 5]]
"921.b1"	921	[0, 1, 1, -23, 41]	[[-5, 7]]
"921.b2"	921	[0, 1, 1, 157, -130]	[[85/2, 917/2]]
"924.f2"	924	[0, 1, 0, 59978, 4520981]	[[-55, 1029]]
"925.b1"	925	[0, -1, 1, -46833, -3885432]	[[-15078/11, -653/11]]
"925.b2"	925	[0, -1, 1, -583, -5057]	[[-13, 12]]
"925.c1"	925	[0, 1, 1, -133, 519]	[[3, 12]]
"927.a1"	927	[1, -1, 0, -54, -243]	[[12, 21]]
"928.b1"	928	[0, 1, 0, -1, -17]	[[3, 4]]
"930.b1"	930	[1, 1, 0, -6628, 204952]	[[47, -19]]
"930.b2"	930	[1, 1, 0, -428, 2832]	[[7, 12]]
"930.b3"	930	[1, 1, 0, -108, -432]	[[-7, 10]]
"930.b4"	930	[1, 1, 0, 652, 16008]	[[-11, 93]]
"930.c1"	930	[1, 1, 0, -47, 99]	[[5, 2]]
"930.c2"	930	[1, 1, 0, 3, 9]	[[0, 3]]
"930.d1"	930	[1, 1, 0, -37442, 2585844]	[[68, 566]]
"930.d2"	930	[1, 1, 0, 2238, 181236]	[[-13, 394]]
"930.h1"	930	[1, 0, 1, -2013, -12344]	[[95, 762]]
"930.h2"	930	[1, 0, 1, 467, -1432]	[[19, 110]]
"930.l1"	930	[1, 1, 1, -161, 119]	[[-7, 34]]
"930.l2"	930	[1, 1, 1, 39, 39]	[[1, 8]]
"933.a1"	933	[0, -1, 1, -3, -1]	[[-1, 0]]
"935.a1"	935	[0, 1, 1, -1, -4]	[[2, 2]]
"936.b1"	936	[0, 0, 0, -7491, 249550]	[[54, 50]]
"936.b2"	936	[0, 0, 0, -471, 3850]	[[2, 54]]
"936.b3"	936	[0, 0, 0, -66, -119]	[[-4, 9]]
"936.b4"	936	[0, 0, 0, 69, 12166]	[[-9, 104]]
"936.d1"	936	[0, 0, 0, -30, 29]	[[-2, 9]]
"936.e1"	936	[0, 0, 0, -615, 5866]	[[5, 54]]
"936.e2"	936	[0, 0, 0, -30, 133]	[[2, 9]]
"938.a1"	938	[1, 0, 1, -11085, 446696]	[[70, 87]]
"938.a2"	938	[1, 0, 1, -365, 13608]	[[3, 110]]
"938.c1"	938	[1, 1, 1, -56, -135]	[[-5, 9]]
"939.a1"	939	[0, 1, 1, 4, 14]	[[1, 4]]
"939.b1"	939	[0, -1, 1, -321, -9817]	[[29, 66]]
"939.c2"	939	[1, 0, 1, 9, -23]	[[43/2, 247/2]]
"940.c1"	940	[0, 1, 0, -31516, -1956716]	[[-1061/3, 9890/3]]
"942.d1"	942	[1, 0, 0, 146, 37508]	[[-28, 122]]
"944.e1"	944	[0, -1, 0, -9, -8]	[[4, 2]]
"944.e2"	944	[0, -1, 0, 31, -68]	[[24, 118]]
"944.f1"	944	[0, 1, 0, 8, -44]	[[6, 16]]
"944.g1"	944	[0, 1, 0, -276, 1676]	[[10, 4]]
"944.h1"	944	[0, 1, 0, 4, -4]	[[2, 4]]
"944.j1"	944	[0, 1, 0, -400, -3308]	[[66, 512]]
"944.j2"	944	[0, 1, 0, 1840, 162452]	[[146, 1888]]
"950.b1"	950	[1, 0, 1, -1751, -31352]	[[52, 111]]
"950.b2"	950	[1, 0, 1, -1, 148]	[[2, 11]]
"950.d1"	950	[1, 1, 1, -2138, -306969]	[[105, 747]]
"954.i1"	954	[1, -1, 1, -248, 1563]	[[11, 3]]
"960.b1"	960	[0, -1, 0, -641, 6465]	[[16, 7]]
"960.b2"	960	[0, -1, 0, -161, -639]	[[-5, 4]]
"960.b3"	960	[0, -1, 0, -41, 105]	[[1, 8]]
"960.b4"	960	[0, -1, 0, 4, 6]	[[3, 6]]
"960.c1"	960	[0, -1, 0, -12801, -553215]	[[131, 28]]
"960.c2"	960	[0, -1, 0, -801, -8415]	[[-16, 7]]
"960.c3"	960	[0, -1, 0, -321, -18879]	[[80, 679]]
"960.c4"	960	[0, -1, 0, -81, 81]	[[0, 9]]
"960.c5"	960	[0, -1, 0, -61, 205]	[[4, 3]]
"960.c6"	960	[0, -1, 0, 319, 321]	[[3, 36]]
"960.f1"	960	[0, -1, 0, -225, -1215]	[[-8, 3]]
"960.f2"	960	[0, -1, 0, -25, 25]	[[0, 5]]
"960.f3"	960	[0, -1, 0, -20, 42]	[[7, 14]]
"960.f4"	960	[0, -1, 0, 95, 97]	[[3, 20]]
"960.i1"	960	[0, 1, 0, -1921, 31775]	[[26, 9]]
"960.i2"	960	[0, 1, 0, -321, -1665]	[[-9, 24]]
"960.i3"	960	[0, 1, 0, -121, 455]	[[2, 15]]
"960.i4"	960	[0, 1, 0, 4, 30]	[[1, 6]]
"960.j1"	960	[0, 1, 0, -12801, 553215]	[[47, 240]]
"960.j2"	960	[0, 1, 0, -801, 8415]	[[-1, 96]]
"960.j3"	960	[0, 1, 0, -321, 18879]	[[5, 132]]
"960.j4"	960	[0, 1, 0, -81, -81]	[[-6, 15]]
"960.j5"	960	[0, 1, 0, -61, -205]	[[11, 24]]
"960.j6"	960	[0, 1, 0, 319, -321]	[[7, 48]]
"960.m1"	960	[0, 1, 0, -1985, -19617]	[[-29, 120]]
"960.m2"	960	[0, 1, 0, -905, 9975]	[[25, 60]]
"960.m3"	960	[0, 1, 0, -900, 10098]	[[21, 30]]
"960.m4"	960	[0, 1, 0, 95, 31775]	[[5, 180]]
"966.a2"	966	[1, 1, 0, 18, 0]	[[2, 6]]
"966.b1"	966	[1, 1, 0, -3346, 63700]	[[43, 19]]
"966.b2"	966	[1, 1, 0, 334, 5556]	[[11, 98]]
"966.c2"	966	[1, 1, 0, -14744, 836928]	[[-121, 992]]
"966.e1"	966	[1, 0, 1, -361, 2564]	[[4, 32]]
"966.e2"	966	[1, 0, 1, -1, 116]	[[-2, 11]]
"966.g1"	966	[1, 1, 1, -79134, -8601153]	[[-1463/3, 2371/3]]
"966.g2"	966	[1, 1, 1, -17714, 900047]	[[79, -1]]
"966.g3"	966	[1, 1, 1, -5074, -128689]	[[-45, 127]]
"966.g4"	966	[1, 1, 1, -1154, 12431]	[[7, 65]]
"966.g5"	966	[1, 1, 1, 126, 1167]	[[1, 35]]
"966.g6"	966	[1, 1, 1, 6266, -609505]	[[117, 1261]]
"968.b1"	968	[0, 0, 0, -11, 22]	[[3, 4]]
"968.d1"	968	[0, 1, 0, 15, -13]	[[7, 22]]
"972.a1"	972	[0, 0, 0, 0, -972]	[[13, 35]]
"972.a2"	972	[0, 0, 0, 0, 36]	[[-3, 3]]
"972.b1"	972	[0, 0, 0, 0, -243]	[[7, 10]]
"972.b2"	972	[0, 0, 0, 0, 9]	[[3, 6]]
"974.g1"	974	[1, 1, 1, -91, 297]	[[3, 6]]
"974.h1"	974	[1, 1, 1, -5, 3]	[[1, 0]]
"975.e1"	975	[1, 0, 0, 12, 117]	[[-3, 9]]
"975.i1"	975	[1, 1, 0, -3250000, -2256492875]	[[47745136965/2684, 9934123193216195/2684]]
"975.i2"	975	[1, 1, 0, -203125, -35321000]	[[-878361/58, 27647851/58]]
"975.i3"	975	[1, 1, 0, -198250, -37090625]	[[7765202319/3538, 380236785822631/3538]]
"975.i4"	975	[1, 1, 0, -13000, -528125]	[[-321/2, 959/2]]
"975.i5"	975	[1, 1, 0, -2875, 49000]	[[-60, 130]]
"975.i6"	975	[1, 1, 0, -2750, 54375]	[[26, 23]]
"975.i7"	975	[1, 1, 0, 5250, 284625]	[[-635/4, 9295/4]]
"975.i8"	975	[1, 1, 0, 15125, -2468750]	[[250, 4000]]
"978.e1"	978	[1, 0, 1, -5, 2]	[[0, 1]]
"978.f1"	978	[1, 1, 1, -121, 455]	[[-1, 24]]
"978.g1"	978	[1, 0, 0, -132, 144]	[[-6, 30]]
"979.b2"	979	[1, 1, 0, -14041, -747030]	[[17079/10, 1283247/10]]
"980.c1"	980	[0, -1, 0, -39461, 3030385]	[[96, 343]]
"980.c2"	980	[0, -1, 0, -261, 8065]	[[-9, 98]]
"980.f1"	980	[0, 1, 0, 19, -1]	[[2, 7]]
"981.a1"	981	[1, -1, 1, -74, 262]	[[4, 2]]
"981.b1"	981	[1, -1, 0, 36, 81]	[[0, 9]]
"986.b1"	986	[1, 1, 0, -10407, -413003]	[[126, 481]]
"986.c1"	986	[1, 1, 0, -276, 1616]	[[-1, 44]]
"986.c2"	986	[1, 1, 0, 44, 5520]	[[48, 324]]
"986.f1"	986	[1, 0, 0, 8, 16]	[[6, 14]]
"987.b1"	987	[1, 0, 0, -6909, 79524]	[[0, 282]]
"987.b2"	987	[1, 0, 0, 1596, 9783]	[[-3, 72]]
"988.b1"	988	[0, 0, 0, 16, 36]	[[8, 26]]
"990.a1"	990	[1, -1, 0, -15, 25]	[[0, 5]]
"990.a2"	990	[1, -1, 0, 15, 91]	[[3, 11]]
"990.c1"	990	[1, -1, 0, -34965, 2525175]	[[111, -6]]
"990.c2"	990	[1, -1, 0, -10575, -415935]	[[-59, 30]]
"990.c3"	990	[1, -1, 0, -2295, 35721]	[[12, 93]]
"990.c4"	990	[1, -1, 0, -675, -6075]	[[-15, 30]]
"990.c5"	990	[1, -1, 0, 45, -459]	[[15, 51]]
"990.c6"	990	[1, -1, 0, 4455, 201771]	[[-27, 261]]
"990.h1"	990	[1, -1, 1, -14423, -663069]	[[-69, 36]]
"990.h2"	990	[1, -1, 1, -923, -9669]	[[-19, 36]]
"990.h3"	990	[1, -1, 1, -203, 987]	[[5, 6]]
"990.h4"	990	[1, -1, 1, 1057, -46893]	[[47, 300]]
"990.i1"	990	[1, -1, 1, -96608, -11533373]	[[793, 19853]]
"990.i2"	990	[1, -1, 1, -95528, -11804669]	[[1027, 30671]]
"990.i3"	990	[1, -1, 1, -1568, -4669]	[[-5, 57]]
"990.i4"	990	[1, -1, 1, 6112, -41533]	[[13, 193]]
"994.b1"	994	[1, 0, 1, -1, 4]	[[-1, 2]]
"994.c1"	994	[1, 0, 1, -1611, -39690]	[[591, 14040]]
"994.c2"	994	[1, 0, 1, 164, 922]	[[65, 503]]
"994.e1"	994	[1, 0, 0, -52238, -4587140]	[[-130, 170]]
"994.e2"	994	[1, 0, 0, -52198, -4594524]	[[318, 3156]]
"994.g1"	994	[1, -1, 1, -1516, 23091]	[[133, 1403]]
"994.g2"	994	[1, -1, 1, -96, 371]	[[7, -1]]
"994.g4"	994	[1, -1, 1, 44, 1267]	[[-7, 27]]
"995.a1"	995	[0, 1, 1, -15, 19]	[[7, 17]]
"995.a2"	995	[0, 1, 1, 85, 64]	[[62, 497]]
"996.b1"	996	[0, 1, 0, -12, 36]	[[3, 6]]
"996.b2"	996	[0, 1, 0, 108, -876]	[[11, 42]]
"996.c1"	996	[0, 1, 0, 164, -8764]	[[20, 54]]
"997.b1"	997	[0, -1, 1, -18, 36]	[[3, 0]]
"999.b1"	999	[1, -1, 0, -69, -208]	[[32, 156]]
"1001.c1"	1001	[0, -1, 1, -15881, 778423]	[[61, 181]]
"1002.d1"	1002	[1, 0, 1, -125, -544]	[[14, 15]]
"1005.a1"	1005	[0, 1, 1, -3001, -70904]	[[542, 12562]]
"1005.a2"	1005	[0, 1, 1, 239, 295]	[[-1, 7]]
"1006.b1"	1006	[1, 0, 1, -2, 4]	[[1, 1]]
"1006.d1"	1006	[1, 1, 1, -23, 45]	[[3, 2]]
"1007.a1"	1007	[0, 0, 1, 61, -105]	[[9/2, 49/2]]
"1008.c1"	1008	[0, 0, 0, -6, -5]	[[3, 2]]
"1008.d1"	1008	[0, 0, 0, -2691, 53730]	[[31, 10]]
"1008.d3"	1008	[0, 0, 0, -171, 810]	[[3, 18]]
"1008.d4"	1008	[0, 0, 0, 9, 54]	[[1, 8]]
"1008.e2"	1008	[0, 0, 0, -111, 110]	[[-2, 18]]
"1008.e3"	1008	[0, 0, 0, -66, -205]	[[11, 20]]
"1008.g1"	1008	[0, 0, 0, -16455, -812446]	[[1225/2, 38259/2]]
"1008.g2"	1008	[0, 0, 0, -1020, -12913]	[[49, 234]]
"1008.g3"	1008	[0, 0, 0, -255, -502]	[[-14, 18]]
"1008.g4"	1008	[0, 0, 0, 60, -61]	[[13, 54]]
"1008.h1"	1008	[0, 0, 0, -393195, -94898662]	[[821, 11648]]
"1008.h2"	1008	[0, 0, 0, -24555, -1485286]	[[3223, 182754]]
"1008.h3"	1008	[0, 0, 0, -5115, -115414]	[[-35, 144]]
"1008.h4"	1008	[0, 0, 0, -1515, 22682]	[[13, 72]]
"1008.h5"	1008	[0, 0, 0, -75, 506]	[[5, 16]]
"1008.h6"	1008	[0, 0, 0, 645, -10582]	[[31, 198]]
"1008.i1"	1008	[0, 0, 0, -54, 135]	[[7, 10]]
"1012.b1"	1012	[0, 1, 0, -10, 109]	[[-3, 11]]
"1012.c1"	1012	[0, 1, 0, -2278, -42635]	[[1345/3, 46585/3]]
"1012.c2"	1012	[0, 1, 0, 22, -223]	[[14, 55]]
"1014.b1"	1014	[1, 0, 1, -70997, 7275296]	[[147, 70]]
"1014.b2"	1014	[1, 0, 1, -4437, 113440]	[[40, -1]]
"1014.b3"	1014	[1, 0, 1, -212, -466]	[[-9, 31]]
"1014.b4"	1014	[1, 0, 1, 48, -50]	[[5, 15]]
"1014.f2"	1014	[1, 0, 0, 523, -6111]	[[82, 727]]
"1015.c1"	1015	[0, 1, 1, -582247911, -5407862107580]	[[26785172701/858, 2933954541607519/858]]
"1015.c3"	1015	[0, 1, 1, 448219, -27594650]	[[2234, 110127]]
"1019.b1"	1019	[0, 1, 1, -1961, 32779]	[[101/2, -3/2]]
"1020.b1"	1020	[0, -1, 0, -1230, 17025]	[[20, 5]]
"1020.c1"	1020	[0, -1, 0, -25, -38]	[[7, 9]]
"1020.c2"	1020	[0, -1, 0, 20, -200]	[[10, 30]]
"1020.e1"	1020	[0, 1, 0, -6, 9]	[[2, 3]]
"1020.e2"	1020	[0, 1, 0, 54, -195]	[[5, 15]]
"1020.h1"	1020	[0, 1, 0, -170, 6225]	[[10, 75]]
"1022.b2"	1022	[1, 0, 0, 8, 0]	[[2, 4]]
"1022.c1"	1022	[1, -1, 1, -87211, 9934747]	[[173, -36]]
"1022.c2"	1022	[1, -1, 1, -5611, 146715]	[[79, 398]]
"1022.c3"	1022	[1, -1, 1, -5451, 156251]	[[41, 0]]
"1022.c4"	1022	[1, -1, 1, -331, 2651]	[[15, 22]]
"1025.a1"	1025	[1, 0, 0, -688, 6867]	[[17, 4]]
"1025.a2"	1025	[1, 0, 0, -63, -8]	[[-3, 14]]
"1028.b1"	1028	[0, 0, 0, -41, 101]	[[4, 1]]
"1032.a1"	1032	[0, -1, 0, 24, -36]	[[2, 4]]
"1034.b1"	1034	[1, 0, 0, 11, 33]	[[2, 7]]
"1034.c1"	1034	[1, -1, 1, -895, 68775]	[[15, 234]]
"1035.a1"	1035	[0, 0, 1, 267, 2344]	[[16, 103]]
"1035.d1"	1035	[0, 0, 1, -12, -45]	[[5, 4]]
"1038.a1"	1038	[1, 1, 0, -5, 3]	[[1, 0]]
"1038.b1"	1038	[1, 0, 0, 10, 36]	[[4, 10]]
"1038.c1"	1038	[1, 0, 0, -3439, 77753]	[[86, 605]]
"1040.c1"	1040	[0, 1, 0, -20, 28]	[[3, 2]]
"1040.c2"	1040	[0, 1, 0, 0, 100]	[[0, 10]]
"1040.d1"	1040	[0, 0, 0, -563, 5138]	[[13, 4]]
"1040.d2"	1040	[0, 0, 0, -43, 42]	[[-3, 12]]
"1040.d3"	1040	[0, 0, 0, -23, -42]	[[6, 6]]
"1040.d4"	1040	[0, 0, 0, 157, 322]	[[7, 42]]
"1042.a1"	1042	[1, -1, 0, -8, 0]	[[-1, 3]]
"1042.a2"	1042	[1, -1, 0, 32, -24]	[[7, 19]]
"1044.a1"	1044	[0, 0, 0, 3, 5]	[[1, 3]]
"1045.a1"	1045	[1, 0, 0, -31, 60]	[[1, 5]]
"1045.a2"	1045	[1, 0, 0, -6, -5]	[[3, 1]]
"1045.b1"	1045	[1, -1, 0, -1016789, -346894930]	[[-35486/7, 1167396/7]]
"1045.b2"	1045	[1, -1, 0, -982414, -374539305]	[[5206, 365617]]
"1045.b3"	1045	[1, -1, 0, -982409, -374543312]	[[13348/3, 1000658/3]]
"1045.b4"	1045	[1, -1, 0, -948119, -401927292]	[[1292, 22344]]
"1048.a1"	1048	[0, 1, 0, -1024, -12960]	[[47, 212]]
"1050.a1"	1050	[1, 1, 0, -161275, 15616375]	[[1095, 33415]]
"1050.a2"	1050	[1, 1, 0, -144025, 20978125]	[[225, 50]]
"1050.a3"	1050	[1, 1, 0, -67525, -6602375]	[[-155, 490]]
"1050.a4"	1050	[1, 1, 0, -67025, -6706875]	[[334, 2715]]
"1050.a5"	1050	[1, 1, 0, -9025, 323125]	[[15, 430]]
"1050.a6"	1050	[1, 1, 0, -2025, 820125]	[[55, 910]]
"1050.a7"	1050	[1, 1, 0, -1025, -4875]	[[-5, 15]]
"1050.a8"	1050	[1, 1, 0, 18225, -22123125]	[[531, 11466]]
"1050.d1"	1050	[1, 1, 0, -80, 0]	[[-5, 20]]
"1050.d2"	1050	[1, 1, 0, 320, 400]	[[4, 40]]
"1050.g1"	1050	[1, 0, 1, -171, 838]	[[2, 21]]
"1050.g2"	1050	[1, 0, 1, -71, 1838]	[[-3, 46]]
"1050.i1"	1050	[1, 0, 1, -33601, 2367848]	[[112, 56]]
"1050.i2"	1050	[1, 0, 1, -22851, -1318652]	[[-82, 114]]
"1050.i3"	1050	[1, 0, 1, -2601, 17848]	[[77, 486]]
"1050.i4"	1050	[1, 0, 1, -2101, 36848]	[[7, 146]]
"1050.i5"	1050	[1, 0, 1, -101, 848]	[[3, 22]]
"1050.i6"	1050	[1, 0, 1, 9649, 140348]	[[42, 766]]
"1051.a1"	1051	[0, 1, 1, -5, 3]	[[1, 0]]
"1053.a1"	1053	[0, 0, 1, -27, -34]	[[-3, 4]]
"1054.a1"	1054	[1, -1, 1, -160, 803]	[[-1, 31]]
"1054.a2"	1054	[1, -1, 1, 0, 35]	[[1, 5]]
"1056.a1"	1056	[0, -1, 0, -10, 16]	[[0, 4]]
"1056.c2"	1056	[0, -1, 0, 6, -36]	[[4, 6]]
"1056.d1"	1056	[0, -1, 0, -98, 408]	[[4, 8]]
"1056.e1"	1056	[0, -1, 0, -313632, -67500540]	[[217993/3, 101750770/3]]
"1056.e3"	1056	[0, -1, 0, -19602, -1049760]	[[24219, 3768930]]
"1056.e4"	1056	[0, -1, 0, -18392, -1186248]	[[147109/30, 10381877/30]]
"1056.g1"	1056	[0, 1, 0, -129, 495]	[[3, 12]]
"1056.g2"	1056	[0, 1, 0, 6, 36]	[[0, 6]]
"1056.h1"	1056	[0, 1, 0, -529, 4511]	[[-5, 84]]
"1056.h2"	1056	[0, 1, 0, -144, -648]	[[-6, 6]]
"1056.h3"	1056	[0, 1, 0, -34, 56]	[[5, 6]]
"1056.h4"	1056	[0, 1, 0, 56, 380]	[[-1, 18]]
"1062.a1"	1062	[1, -1, 0, -211599, 37407469]	[[329, 1658]]
"1062.a2"	1062	[1, -1, 0, -119439, 70124269]	[[599, 14303]]
"1062.b1"	1062	[1, -1, 0, -225, -1283]	[[18, 7]]
"1062.b2"	1062	[1, -1, 0, 1035, 68017]	[[228, 3367]]
"1062.c2"	1062	[1, -1, 0, -177, 413]	[[2, 7]]
"1062.d1"	1062	[1, -1, 0, -27, 49]	[[5, 2]]
"1062.d2"	1062	[1, -1, 0, 63, 247]	[[-1, 14]]
"1062.g1"	1062	[1, -1, 1, 499, 5685]	[[-1, 72]]
"1062.h1"	1062	[1, -1, 1, -5801, -168285]	[[-675/4, 1451/4]]
"1062.h2"	1062	[1, -1, 1, -491, -489]	[[-9, 60]]
"1062.h3"	1062	[1, -1, 1, -311, 2175]	[[9, 2]]
"1062.h4"	1062	[1, -1, 1, 1939, -5349]	[[207/2, 3639/2]]
"1062.i1"	1062	[1, -1, 1, -260, -1545]	[[-9, 5]]
"1062.i2"	1062	[1, -1, 1, -20, -9]	[[-3, 5]]
"1066.b1"	1066	[1, 0, 1, -172, 2026]	[[17, 55]]
"1066.c1"	1066	[1, 0, 1, -1693, 26680]	[[26, 7]]
"1066.d1"	1066	[1, -1, 1, -7246, -235563]	[[207, 2561]]
"1066.d2"	1066	[1, -1, 1, -486, -3019]	[[-11, 35]]
"1066.d3"	1066	[1, -1, 1, -166, 821]	[[5, 7]]
"1066.d4"	1066	[1, -1, 1, 1154, -20075]	[[71, 609]]
"1072.a1"	1072	[0, 1, 0, 3, 7]	[[-1, 2]]
"1074.d1"	1074	[1, 1, 0, 1, 3]	[[-1, 2]]
"1074.f1"	1074	[1, 1, 1, -9, 567]	[[15, 56]]
"1074.g1"	1074	[1, 1, 1, -44, -475]	[[39, 223]]
"1074.h1"	1074	[1, 0, 0, -4, 80]	[[2, 8]]
"1077.b1"	1077	[1, 0, 0, -5, 6]	[[1, 1]]
"1078.a1"	1078	[1, -1, 0, -30634, -2056076]	[[-101, 53]]
"1078.g1"	1078	[1, -1, 1, -6, -3]	[[-1, 1]]
"1078.i1"	1078	[1, 1, 1, -5678, 162315]	[[43, -21]]
"1078.i2"	1078	[1, 1, 1, -78, 139]	[[1, 7]]
"1078.j1"	1078	[1, -1, 1, -253021, 49050397]	[[289, -96]]
"1078.j2"	1078	[1, -1, 1, -29581, -744579]	[[-47, 758]]
"1078.j3"	1078	[1, -1, 1, -15861, 764621]	[[97, 314]]
"1078.j4"	1078	[1, -1, 1, -181, 30797]	[[-1, 176]]
"1080.c1"	1080	[0, 0, 0, 12, -12]	[[4, 10]]
"1080.d1"	1080	[0, 0, 0, -3, 7]	[[-1, 3]]
"1080.e1"	1080	[0, 0, 0, -3, 3]	[[1, 1]]
"1080.g1"	1080	[0, 0, 0, -1647, 26811]	[[27, 45]]
"1080.h1"	1080	[0, 0, 0, 33, 151]	[[17, 75]]
"1080.i1"	1080	[0, 0, 0, 108, 324]	[[18, 90]]
"1083.b1"	1083	[1, 0, 0, -663, 6516]	[[15, -9]]
"1083.b2"	1083	[1, 0, 0, 2, -1]	[[1, 1]]
"1083.c1"	1083	[1, 1, 0, -239350, -45171941]	[[53859172782/7987, 9391164040457921/7987]]
"1083.c2"	1083	[1, 1, 0, 715, 8292]	[[4, 104]]
"1083.e1"	1083	[0, 1, 1, -842, -10633]	[[157/2, 1079/2]]
"1085.b1"	1085	[1, 0, 0, -186, 961]	[[0, 31]]
"1085.b2"	1085	[1, 0, 0, -11, 16]	[[1, 2]]
"1086.d1"	1086	[1, 0, 0, -382, 836]	[[-4, 50]]
"1088.b1"	1088	[0, 1, 0, -89, 295]	[[3, 8]]
"1088.b2"	1088	[0, 1, 0, -4, 6]	[[1, 2]]
"1088.c2"	1088	[0, 1, 0, -33, -65]	[[-3, 4]]
"1088.e1"	1088	[0, 1, 0, -17, -17]	[[-3, 4]]
"1088.e2"	1088	[0, 1, 0, 63, -65]	[[5, 20]]
"1088.f1"	1088	[0, 0, 0, -20, 32]	[[4, 4]]
"1088.f2"	1088	[0, 0, 0, 20, 144]	[[0, 12]]
"1088.g1"	1088	[0, 0, 0, -20, -32]	[[6, 8]]
"1088.g2"	1088	[0, 0, 0, 20, -144]	[[5, 9]]
"1088.h1"	1088	[0, 0, 0, -5804, 170192]	[[26, 192]]
"1088.h2"	1088	[0, 0, 0, -364, 2640]	[[28, 120]]
"1088.h3"	1088	[0, 0, 0, -44, -48]	[[-4, 8]]
"1088.h4"	1088	[0, 0, 0, -44, 7120]	[[-3, 85]]
"1088.k1"	1088	[0, -1, 0, -89, -295]	[[13, 24]]
"1088.k2"	1088	[0, -1, 0, -4, -6]	[[31/3, 82/3]]
"1088.l1"	1088	[0, -1, 0, -7233, -161215]	[[113, 672]]
"1088.l2"	1088	[0, -1, 0, -6593, -203839]	[[2713/3, 135296/3]]
"1088.l3"	1088	[0, -1, 0, -2753, 56513]	[[49, 192]]
"1088.l4"	1088	[0, -1, 0, -193, 705]	[[3, 12]]
"1089.b1"	1089	[0, 0, 1, -8516343, -9565943918]	[[35585/2, 6292843/2]]
"1089.b2"	1089	[0, 0, 1, -11253, -832208]	[[737/2, 14637/2]]
"1089.b3"	1089	[0, 0, 1, -363, 6322]	[[11, 60]]
"1089.c1"	1089	[1, -1, 1, -32693, -2267130]	[[212, 438]]
"1089.c2"	1089	[1, -1, 1, -23, 168]	[[14, 42]]
"1089.i1"	1089	[1, -1, 0, -2745, -215726]	[[470, 9872]]
"1089.i2"	1089	[1, -1, 0, -270, 1777]	[[8, 5]]
"1089.j1"	1089	[1, -1, 0, -159561, 24548134]	[[-382, 5636]]
"1089.j2"	1089	[1, -1, 0, -12546, 173047]	[[5603/2, 412357/2]]
"1089.j3"	1089	[1, -1, 0, -7101, -226616]	[[1400, 51572]]
"1089.j4"	1089	[1, -1, 0, 47349, 1311052]	[[419/2, 21361/2]]
"1090.b1"	1090	[1, 1, 0, -92, 304]	[[5, -2]]
"1090.e1"	1090	[1, 0, 0, -436726, -111069020]	[[-384, 410]]
"1091.a1"	1091	[1, 0, 0, -4, -3]	[[-1, 1]]
"1092.a1"	1092	[0, -1, 0, -484, 4264]	[[14, 6]]
"1092.e1"	1092	[0, 1, 0, -404, 2436]	[[16, 18]]
"1094.b1"	1094	[1, -1, 1, 20, -145]	[[5, 5]]
"1095.a1"	1095	[1, 0, 0, -1181, -15714]	[[-315/4, 741/4]]
"1095.a2"	1095	[1, 0, 0, -86, -165]	[[-6, 15]]
"1095.a3"	1095	[1, 0, 0, -41, 96]	[[3, 0]]
"1095.a4"	1095	[1, 0, 0, 289, -1140]	[[168, 2106]]
"1096.b1"	1096	[0, 1, 0, -88, -144]	[[-5, 14]]
"1096.b2"	1096	[0, 1, 0, -48, 112]	[[3, 2]]
"1096.c1"	1096	[0, 0, 0, 13, -18]	[[2, 4]]
"1098.d1"	1098	[1, -1, 0, -69, 251]	[[1, 13]]
"1098.h1"	1098	[1, -1, 1, 22, -7]	[[3, 7]]
"1098.i1"	1098	[1, -1, 1, -8213, 291053]	[[159, 1648]]
"1099.a1"	1099	[1, -1, 1, 2, 0]	[[0, 0]]
"1100.a1"	1100	[0, 1, 0, -1508, 21988]	[[28, 50]]
"1100.a2"	1100	[0, 1, 0, -133, -12]	[[-7, 25]]
"1100.c1"	1100	[0, 0, 0, -295, 1950]	[[11, 6]]
"1100.c2"	1100	[0, 0, 0, -20, 25]	[[0, 5]]
"1100.d1"	1100	[0, 0, 0, -7375, 243750]	[[550, 12750]]
"1100.d2"	1100	[0, 0, 0, -500, 3125]	[[19, 22]]
"1104.b1"	1104	[0, -1, 0, -12328, -85904]	[[-30, 506]]
"1104.b2"	1104	[0, -1, 0, -9208, -337040]	[[114, 286]]
"1104.b3"	1104	[0, -1, 0, -568, -5264]	[[60, 416]]
"1104.b4"	1104	[0, -1, 0, 3032, -12176]	[[10, 138]]
"1104.c1"	1104	[0, -1, 0, -248, 1584]	[[10, 2]]
"1104.c2"	1104	[0, -1, 0, -8, 48]	[[2, 6]]
"1104.d1"	1104	[0, 1, 0, -1144, 14516]	[[20, 6]]
"1104.d2"	1104	[0, 1, 0, -64, 260]	[[2, 12]]
"1106.b1"	1106	[1, -1, 0, -182, 980]	[[7, 0]]
"1106.b2"	1106	[1, -1, 0, -22, -12]	[[-3, 6]]
"1106.e2"	1106	[1, -1, 1, -2221, -39283]	[[-27, 34]]
"1106.e3"	1106	[1, -1, 1, -261, 701]	[[1, 20]]
"1106.e4"	1106	[1, -1, 1, 59, 61]	[[1, 10]]
"1108.a1"	1108	[0, 1, 0, -228, 1252]	[[-4, 46]]
"1108.a2"	1108	[0, 1, 0, -28, 3540]	[[67, 554]]
"1110.a1"	1110	[1, 1, 0, -358318108, -2610814913072]	[[200739610880201683197/94952731, 564132176203253638279313019034/94952731]]
"1110.a2"	1110	[1, 1, 0, -22394908, -40800879152]	[[31520549709/1619, 5047520569416127/1619]]
"1110.a3"	1110	[1, 1, 0, -22016028, -42247518768]	[[32930080659254493661/52340651, 170611294795375230919907322407/52340651]]
"1110.a4"	1110	[1, 1, 0, -1423388, -615252528]	[[-483649/25, 81909524/25]]
"1110.c1"	1110	[1, 1, 0, -3, 3]	[[-1, 3]]
"1110.e1"	1110	[1, 0, 1, -7089, -230588]	[[439/2, 4057/2]]
"1110.e2"	1110	[1, 0, 1, 126, -1484]	[[8, 3]]
"1110.j1"	1110	[1, 1, 1, -130, 527]	[[17, 51]]
"1110.m1"	1110	[1, 0, 0, -281, 2361]	[[16, 37]]
"1113.b2"	1113	[1, 1, 1, 1, -4]	[[2, 2]]
"1115.a1"	1115	[1, 0, 0, -5, 2]	[[-1, 3]]
"1116.e1"	1116	[0, 0, 0, -21, -263]	[[8, 9]]
"1120.i1"	1120	[0, 0, 0, -13067, 574926]	[[-103, 910]]
"1120.i2"	1120	[0, 0, 0, -1067, 3026]	[[2, 30]]
"1120.i3"	1120	[0, 0, 0, -817, 8976]	[[7, 60]]
"1120.i4"	1120	[0, 0, 0, -572, 14464]	[[58, 420]]
"1122.b1"	1122	[1, 1, 0, -2984, -63840]	[[-33, 9]]
"1122.b2"	1122	[1, 1, 0, -264, -192]	[[-1, 9]]
"1122.d1"	1122	[1, 0, 1, -1227, -9650]	[[-10, 45]]
"1122.d2"	1122	[1, 0, 1, -547, 4766]	[[7, 32]]
"1122.e1"	1122	[1, 1, 1, -394944, -95697123]	[[2393, 111363]]
"1122.e2"	1122	[1, 1, 1, -24684, -1502979]	[[215, 1677]]
"1122.e3"	1122	[1, 1, 1, -24344, -1545955]	[[1933/3, 45317/3]]
"1122.e4"	1122	[1, 1, 1, -1564, -23299]	[[47, 75]]
"1122.e5"	1122	[1, 1, 1, -284, 1277]	[[5, 1]]
"1122.e6"	1122	[1, 1, 1, 1076, -90883]	[[39, 91]]
"1122.f1"	1122	[1, 1, 1, -9, -9]	[[3, 0]]
"1122.f2"	1122	[1, 1, 1, 31, -25]	[[5, 14]]
"1122.i1"	1122	[1, 0, 0, -904, 10304]	[[20, 8]]
"1122.i2"	1122	[1, 0, 0, -264, 24768]	[[6, 150]]
"1128.a1"	1128	[0, -1, 0, -7523664, 7945078284]	[[605/2, 660209/2]]
"1128.a2"	1128	[0, -1, 0, -437784, 142107228]	[[182, 8272]]
"1128.c1"	1128	[0, -1, 0, -112, 460]	[[9, 10]]
"1128.c2"	1128	[0, -1, 0, 8, 28]	[[1, 6]]
"1128.d1"	1128	[0, -1, 0, -9, -3]	[[-1, 2]]
"1128.e1"	1128	[0, 1, 0, -4577, 117651]	[[37, 18]]
"1128.g1"	1128	[0, 1, 0, -48, -48]	[[8, 12]]
"1128.g2"	1128	[0, 1, 0, 12, 0]	[[2, 6]]
"1130.c2"	1130	[1, -1, 1, -6933, -192019]	[[-49, 192]]
"1130.c4"	1130	[1, -1, 1, 11147, -1038163]	[[177, 2452]]
"1131.a1"	1131	[1, 1, 1, -53, 38]	[[8, 10]]
"1131.a2"	1131	[1, 1, 1, 12, 12]	[[0, 3]]
"1132.b1"	1132	[0, 1, 0, -93, 316]	[[1, 15]]
"1132.b2"	1132	[0, 1, 0, -13, 912]	[[29/2, 283/2]]
"1132.c1"	1132	[0, 0, 0, 4, 1]	[[0, 1]]
"1134.b1"	1134	[1, -1, 0, -225, 1357]	[[6, 11]]
"1134.c1"	1134	[1, -1, 0, 9, -35]	[[3, 2]]
"1134.e1"	1134	[1, -1, 1, -74, 649]	[[7, 17]]
"1134.e2"	1134	[1, -1, 1, 646, -14903]	[[19, 53]]
"1134.f1"	1134	[1, -1, 1, 79, 865]	[[13, 56]]
"1135.a1"	1135	[0, 0, 1, -73, -241]	[[41/2, 71/2]]
"1136.b1"	1136	[0, -1, 0, -928, 10880]	[[-22, 142]]
"1136.b2"	1136	[0, -1, 0, -128, -512]	[[-6, 2]]
"1136.e1"	1136	[0, 1, 0, -72, 212]	[[4, 2]]
"1138.a1"	1138	[1, -1, 0, -11, 17]	[[1, 2]]
"1138.a2"	1138	[1, -1, 0, -1, 39]	[[3, 6]]
"1139.a1"	1139	[1, 0, 0, -80, 151]	[[1, 8]]
"1139.a2"	1139	[1, 0, 0, 255, 1156]	[[0, 34]]
"1140.a1"	1140	[0, -1, 0, -3476, 72360]	[[14, 162]]
"1140.a2"	1140	[0, -1, 0, -3381, 76806]	[[33, 9]]
"1140.c1"	1140	[0, 1, 0, -116, 420]	[[4, 6]]
"1140.c2"	1140	[0, 1, 0, -21, -36]	[[-3, 3]]
"1143.c1"	1143	[0, 0, 1, -102, 324]	[[14, 40]]
"1144.a1"	1144	[0, 1, 0, -2881, 73171]	[[-3, 286]]
"1145.a1"	1145	[1, 0, 0, -596, 5551]	[[13, 0]]
"1145.a2"	1145	[1, 0, 0, -591, 5650]	[[3, 61]]
"1146.b1"	1146	[1, 0, 0, -12224, 519180]	[[580/3, -610/3]]
"1146.b2"	1146	[1, 0, 0, -824, 6708]	[[24, 18]]
"1146.b3"	1146	[1, 0, 0, -764, 8064]	[[18, 6]]
"1147.a2"	1147	[0, -1, 1, -26790, 1696662]	[[117, 387]]
"1149.a1"	1149	[0, -1, 1, -9, -7]	[[-1, 0]]
"1149.b1"	1149	[0, 1, 1, -67, 190]	[[4, 1]]
"1150.a1"	1150	[1, 0, 1, -72826, -7570452]	[[-1403/3, 2099/3]]
"1150.a2"	1150	[1, 0, 1, -951, -9202]	[[-23, 36]]
"1150.f1"	1150	[1, 0, 0, -23, -23]	[[-2, 5]]
"1150.g1"	1150	[1, -1, 1, -5005, 137397]	[[39, 0]]
"1152.e1"	1152	[0, 0, 0, -36, -80]	[[-3, 1]]
"1152.f2"	1152	[0, 0, 0, -81, -270]	[[102, 1026]]
"1152.g1"	1152	[0, 0, 0, -36, 80]	[[2, 4]]
"1152.g2"	1152	[0, 0, 0, -6, -4]	[[4, 6]]
"1152.j1"	1152	[0, 0, 0, -30, -52]	[[7, 9]]
"1152.j2"	1152	[0, 0, 0, 60, -304]	[[10, 36]]
"1152.k2"	1152	[0, 0, 0, 60, 304]	[[5, 27]]
"1152.m2"	1152	[0, 0, 0, 6, -20]	[[3, 5]]
"1152.n1"	1152	[0, 0, 0, -24, 32]	[[1, 3]]
"1152.n2"	1152	[0, 0, 0, -9, -10]	[[10, 30]]
"1154.a1"	1154	[1, -1, 1, -55, -121]	[[-3, 4]]
"1154.a2"	1154	[1, -1, 1, -15, 23]	[[1, 2]]
"1155.a1"	1155	[0, -1, 1, 0, 8]	[[-1, 2]]
"1155.b1"	1155	[0, 1, 1, -126, 506]	[[9, 13]]
"1155.c1"	1155	[0, 1, 1, -26790, -31917424]	[[6197/2, 483149/2]]
"1155.c2"	1155	[0, 1, 1, -8940, 378056]	[[5, 577]]
"1155.d1"	1155	[1, 1, 1, -881, 9698]	[[17, -7]]
"1155.d2"	1155	[1, 1, 1, -56, 128]	[[6, 4]]
"1155.d3"	1155	[1, 1, 1, -11, -16]	[[-2, 2]]
"1155.d4"	1155	[1, 1, 1, 49, 674]	[[-1, 25]]
"1155.e1"	1155	[1, 1, 1, -13250, -592540]	[[-67, 38]]
"1155.e2"	1155	[1, 1, 1, -875, -8440]	[[-22, 38]]
"1155.e3"	1155	[1, 1, 1, -270, 1482]	[[12, 6]]
"1155.e4"	1155	[1, 1, 1, -265, 1550]	[[34, 165]]
"1155.e5"	1155	[1, 1, 1, 255, 7152]	[[-9, 69]]
"1155.e6"	1155	[1, 1, 1, 1820, -47248]	[[52, 411]]
"1155.g1"	1155	[0, -1, 1, -131, 1916]	[[16, 60]]
"1155.h1"	1155	[0, 1, 1, -841, -9674]	[[205/2, 2321/2]]
"1155.h2"	1155	[0, 1, 1, -1, -35]	[[11, 37]]
"1155.i1"	1155	[0, 1, 1, 545, 2734]	[[26, 187]]
"1155.k1"	1155	[1, 1, 0, -20702, -333459]	[[212, 2099]]
"1155.k2"	1155	[1, 1, 0, -16247, -803016]	[[248, 3116]]
"1155.k3"	1155	[1, 1, 0, -16242, -803529]	[[182, 1429]]
"1155.k4"	1155	[1, 1, 0, -11872, -1239641]	[[2507/2, 120913/2]]
"1155.l1"	1155	[1, 0, 1, -2054, -35989]	[[219/2, 803/2]]
"1155.l3"	1155	[1, 0, 1, -129, -569]	[[41, 231]]
"1155.l4"	1155	[1, 0, 1, -4, -19]	[[91/3, 706/3]]
"1155.n1"	1155	[0, -1, 1, 8294, 284721]	[[10149/2, 1022895/2]]
"1157.b1"	1157	[0, 1, 1, -3, -3]	[[-1, 0]]
"1158.b1"	1158	[1, 0, 1, -73276, -7640710]	[[3429279/26, 6296779685/26]]
"1158.d1"	1158	[1, 1, 1, -68, 185]	[[5, -1]]
"1158.d2"	1158	[1, 1, 1, -8, -7]	[[3, 1]]
"1160.a1"	1160	[0, 1, 0, -36, -80]	[[-4, 4]]
"1160.a2"	1160	[0, 1, 0, -11, 10]	[[1, 1]]
"1160.b1"	1160	[0, 0, 0, -827, -7546]	[[-17, 40]]
"1160.b2"	1160	[0, 0, 0, -247, 1386]	[[2, 30]]
"1160.b3"	1160	[0, 0, 0, -242, 1449]	[[-16, 35]]
"1160.b4"	1160	[0, 0, 0, 253, 6286]	[[22, 150]]
"1160.c1"	1160	[0, -1, 0, -676, -6540]	[[246, 3828]]
"1160.c2"	1160	[0, -1, 0, -51, -40]	[[-1, 3]]
"1161.d1"	1161	[0, 0, 1, 9, -3]	[[9/2, 39/2]]
"1162.a1"	1162	[1, 1, 0, -21, -49]	[[5, -1]]
"1162.b1"	1162	[1, -1, 1, -25, 121]	[[7, 12]]
"1166.b1"	1166	[1, 0, 1, -1, -8]	[[5, 8]]
"1167.a1"	1167	[0, -1, 1, -60, 200]	[[6, 4]]
"1167.b1"	1167	[0, 1, 1, -47, -115]	[[-5, 4]]
"1168.a2"	1168	[0, 0, 0, 61, 130]	[[7, 30]]
"1170.a1"	1170	[1, -1, 0, -81135, 8915611]	[[165, -76]]
"1170.a2"	1170	[1, -1, 0, -7605, -253175]	[[-49, 29]]
"1170.a3"	1170	[1, -1, 0, -5085, 139441]	[[48, 41]]
"1170.a4"	1170	[1, -1, 0, -1035, 352471]	[[-33, 608]]
"1170.a5"	1170	[1, -1, 0, -585, -1859]	[[-13, 65]]
"1170.b1"	1170	[1, -1, 0, -12480, 539756]	[[67, -2]]
"1170.b2"	1170	[1, -1, 0, -780, 8576]	[[7, 55]]
"1170.b3"	1170	[1, -1, 0, -600, 12500]	[[-2, 118]]
"1170.b4"	1170	[1, -1, 0, -60, 80]	[[1, 4]]
"1170.c1"	1170	[1, -1, 0, -4524, 71288]	[[59, 55]]
"1170.c2"	1170	[1, -1, 0, -3999, 98343]	[[67, 324]]
"1170.d1"	1170	[1, -1, 0, -7569, 255325]	[[41, 92]]
"1170.d2"	1170	[1, -1, 0, -6849, 305293]	[[-18, 659]]
"1170.h1"	1170	[1, -1, 1, -35993, -2619269]	[[8167/6, 174821/6]]
"1170.h2"	1170	[1, -1, 1, -2243, -40769]	[[463/2, 8443/2]]
"1170.h3"	1170	[1, -1, 1, -503, -2473]	[[25, -2]]
"1170.j1"	1170	[1, -1, 1, -7673, 260601]	[[53, 0]]
"1170.j2"	1170	[1, -1, 1, -473, 4281]	[[5, 42]]
"1173.a1"	1173	[0, 1, 1, -18, 20]	[[0, 4]]
"1173.b1"	1173	[1, 1, 1, -20, 26]	[[2, -1]]
"1173.c1"	1173	[1, 0, 0, 17, -34]	[[5, 11]]
"1173.e1"	1173	[0, 1, 1, -1689, 12098]	[[-42, 103]]
"1173.f1"	1173	[1, 0, 1, 15139, -1830679]	[[123, 1315]]
"1176.d1"	1176	[0, -1, 0, -457, -10163]	[[33, 98]]
"1176.e1"	1176	[0, 1, 0, -9, 27]	[[3, 6]]
"1176.f1"	1176	[0, 1, 0, -197584, -33870544]	[[527, 2940]]
"1176.f3"	1176	[0, 1, 0, -12364, -530944]	[[-64, 48]]
"1178.a1"	1178	[1, 0, 0, -202, -1122]	[[67/2, 63/2]]
"1178.a2"	1178	[1, 0, 0, -12, -20]	[[12, 34]]
"1178.b1"	1178	[1, 1, 1, 13, 9]	[[9, 26]]
"1183.a1"	1183	[0, 1, 1, -19829, -2655480]	[[1850, 79345]]
"1183.a3"	1183	[0, 1, 1, 2141, 84179]	[[-9, 253]]
"1184.c1"	1184	[0, -1, 0, -13, 5]	[[-1, 4]]
"1184.d1"	1184	[0, 0, 0, -49, -132]	[[21, 90]]
"1184.d2"	1184	[0, 0, 0, -44, -160]	[[10, 20]]
"1184.f1"	1184	[0, 1, 0, -13, -5]	[[-3, 4]]
"1185.a1"	1185	[1, 1, 1, -351, -2226]	[[24, 50]]
"1185.a2"	1185	[1, 1, 1, 44, -172]	[[4, 7]]
"1185.c1"	1185	[1, 0, 0, -421, 3290]	[[13, 1]]
"1185.c2"	1185	[1, 0, 0, -26, 51]	[[3, 0]]
"1186.a1"	1186	[1, 0, 0, 6, 4]	[[0, 2]]
"1186.b1"	1186	[1, -1, 1, -10, 9]	[[-3, 3]]
"1186.b2"	1186	[1, -1, 1, 30, 41]	[[-1, 3]]
"1188.b2"	1188	[0, 0, 0, 945, -3834]	[[34, 260]]
"1188.c1"	1188	[0, 0, 0, -15, -26]	[[6, 10]]
"1190.a1"	1190	[1, -1, 0, -4145, -101379]	[[-37, 1]]
"1190.a2"	1190	[1, -1, 0, -145, -2979]	[[43, 241]]
"1190.f1"	1190	[1, -1, 1, -1381048, 625030331]	[[681, -239]]
"1190.f2"	1190	[1, -1, 1, -102328, 5913787]	[[-137, 4233]]
"1190.f3"	1190	[1, -1, 1, -86328, 9779387]	[[137, 645]]
"1190.f4"	1190	[1, -1, 1, -4408, 211131]	[[61, 377]]
"1194.a1"	1194	[1, 1, 0, -42110, 3359604]	[[-20, 2058]]
"1195.a1"	1195	[0, 1, 1, -30, 54]	[[3, 0]]
"1196.a1"	1196	[0, 0, 0, -556, 1641]	[[26, 69]]
"1196.a2"	1196	[0, 0, 0, 2089, 12750]	[[3, 138]]
"1197.b1"	1197	[1, -1, 1, -515, 4618]	[[14, -4]]
"1197.d1"	1197	[1, -1, 0, -57, -152]	[[12, 22]]
"1197.d2"	1197	[1, -1, 0, -42, -245]	[[14, 35]]
"1200.a1"	1200	[0, -1, 0, -333, -2088]	[[-12, 6]]
"1200.a2"	1200	[0, -1, 0, 292, -9588]	[[517, 11750]]
"1200.d1"	1200	[0, -1, 0, -9608, 365712]	[[56, 12]]
"1200.d2"	1200	[0, -1, 0, -1608, -24288]	[[77, 550]]
"1200.d3"	1200	[0, -1, 0, -608, 5712]	[[8, 36]]
"1200.d4"	1200	[0, -1, 0, -108, -288]	[[-4, 8]]
"1200.d5"	1200	[0, -1, 0, 17, -38]	[[18, 76]]
"1200.d6"	1200	[0, -1, 0, 392, 21712]	[[2, 150]]
"1200.f1"	1200	[0, -1, 0, -30333, 2043537]	[[101, 2]]
"1200.g1"	1200	[0, -1, 0, -13248, -580608]	[[-64, 32]]
"1200.g2"	1200	[0, -1, 0, -848, 9792]	[[16, 8]]
"1200.g3"	1200	[0, -1, 0, -448, -17408]	[[42, 190]]
"1200.k1"	1200	[0, 1, 0, -2133408, 1198675188]	[[842, 48]]
"1200.k2"	1200	[0, 1, 0, -181408, 3987188]	[[4, 1806]]
"1200.k3"	1200	[0, 1, 0, -133408, 18675188]	[[68, 3150]]
"1200.k4"	1200	[0, 1, 0, -115408, -15128812]	[[-196, 6]]
"1200.k5"	1200	[0, 1, 0, -27408, 1495188]	[[42, 648]]
"1200.k6"	1200	[0, 1, 0, -7408, -224812]	[[-52, 150]]
"1200.k7"	1200	[0, 1, 0, -5408, 499188]	[[-12, 750]]
"1200.l1"	1200	[0, 1, 0, -168, 468]	[[-6, 36]]
"1200.l2"	1200	[0, 1, 0, 32, 68]	[[2, 12]]
"1200.n1"	1200	[0, 1, 0, -1213, 15863]	[[19, 6]]
"1204.a1"	1204	[0, -1, 0, -4445, -113239]	[[595, 14406]]
"1206.b1"	1206	[1, -1, 0, -24, 52]	[[2, 2]]
"1206.c1"	1206	[1, -1, 1, -12866, -558475]	[[441, 8689]]
"1206.c2"	1206	[1, -1, 1, -806, -8539]	[[-17, 3]]
"1206.c3"	1206	[1, -1, 1, -266, -20203]	[[37, 121]]
"1206.c4"	1206	[1, -1, 1, -86, 101]	[[1, 3]]
"1206.d1"	1206	[1, -1, 1, -23, 303]	[[11, 30]]
"1209.b1"	1209	[0, 1, 1, -13, 16]	[[2, 1]]
"1210.a1"	1210	[1, -1, 0, 5, -5]	[[3, 4]]
"1210.b1"	1210	[1, 1, 0, -718742, 234235786]	[[4465/3, 623/3]]
"1210.b2"	1210	[1, 1, 0, 1208, 65696]	[[127, 1449]]
"1210.c1"	1210	[1, 1, 0, -2, 4]	[[0, 2]]
"1210.f1"	1210	[1, 0, 1, -608, 5806]	[[25, 67]]
"1210.f2"	1210	[1, 0, 1, 2417, 27586]	[[-17/3, 4108/3]]
"1210.g1"	1210	[1, 1, 0, -450848, 116307008]	[[664, 10168]]
"1210.g2"	1210	[1, 1, 0, -24928, 2245632]	[[1408/3, 37984/3]]
"1210.i1"	1210	[1, 1, 1, -195, 1057]	[[17, 46]]
"1210.k1"	1210	[1, 0, 0, -10711, -431639]	[[318, 5165]]
"1210.k2"	1210	[1, 0, 0, 35874, -2229820]	[[76, 930]]
"1215.a1"	1215	[0, 0, 1, 27, -16]	[[4, 12]]
"1215.b1"	1215	[1, -1, 1, -47, -104]	[[-4, 4]]
"1215.h1"	1215	[1, -1, 0, -15, 26]	[[2, 0]]
"1216.b1"	1216	[0, 1, 0, -3077, 64681]	[[32, 3]]
"1216.b2"	1216	[0, 1, 0, -37, 81]	[[8, 19]]
"1216.b3"	1216	[0, 1, 0, 3, 1]	[[0, 1]]
"1216.i1"	1216	[0, 0, 0, -14, 606]	[[-7, 19]]
"1216.j1"	1216	[0, 0, 0, -2, 2]	[[1, 1]]
"1216.m1"	1216	[0, 1, 0, -5473, 1251871]	[[4111/3, 262144/3]]
"1216.m2"	1216	[0, 1, 0, -993, -12385]	[[55, 320]]
"1216.m3"	1216	[0, 1, 0, 607, -45601]	[[455, 9728]]
"1216.o1"	1216	[0, -1, 0, -3077, -64681]	[[8026/7, 668541/7]]
"1216.o2"	1216	[0, -1, 0, -37, -81]	[[18, 69]]
"1216.o3"	1216	[0, -1, 0, 3, -1]	[[2, 3]]
"1218.c2"	1218	[1, 0, 1, 109, 110]	[[6, 28]]
"1218.e1"	1218	[1, 1, 1, -4843, -131527]	[[-41, 6]]
"1221.a1"	1221	[1, 0, 0, -253, 1316]	[[5, 11]]
"1221.a2"	1221	[1, 0, 0, -68, -201]	[[-5, 7]]
"1221.c1"	1221	[1, 0, 1, -595, -5629]	[[1087/6, 10591/6]]
"1221.c2"	1221	[1, 0, 1, -205, 1043]	[[93, 841]]
"1221.c3"	1221	[1, 0, 1, -40, -79]	[[55/2, 301/2]]
"1224.a1"	1224	[0, 0, 0, 4596, 46676]	[[10, 306]]
"1224.c1"	1224	[0, 0, 0, 12, 4]	[[2, 6]]
"1224.d1"	1224	[0, 0, 0, -435, -3346]	[[-10, 2]]
"1224.d2"	1224	[0, 0, 0, -75, 182]	[[-2, 18]]
"1224.f1"	1224	[0, 0, 0, 108, -108]	[[12, 54]]
"1224.h1"	1224	[0, 0, 0, -156, -1532]	[[32, 162]]
"1225.a1"	1225	[0, 1, 1, -7268, -242126]	[[338, 6002]]
"1225.a2"	1225	[0, 1, 1, 82, 424]	[[23, 122]]
"1225.g1"	1225	[1, 0, 1, -5202076, -4567245077]	[[14222544712537937/344191, 1693402407380764960626706/344191]]
"1225.g2"	1225	[1, 0, 1, -201, 1173]	[[27, 111]]
"1227.a1"	1227	[0, -1, 1, 3, -1]	[[1, 1]]
"1227.b1"	1227	[0, -1, 1, -38, -79]	[[45/2, 221/2]]
"1230.a2"	1230	[1, 1, 0, -152, -276]	[[-7, 26]]
"1230.c1"	1230	[1, 0, 1, -5249, 145916]	[[44, 3]]
"1230.c3"	1230	[1, 0, 1, -329, 2252]	[[3, 34]]
"1230.c4"	1230	[1, 0, 1, -9, 76]	[[4, 8]]
"1230.d2"	1230	[1, 0, 1, 197, -352]	[[4, 20]]
"1230.e1"	1230	[1, 1, 1, -861, 9363]	[[19, 8]]
"1230.h1"	1230	[1, 0, 0, -12756, -555264]	[[-66, 48]]
"1230.h2"	1230	[1, 0, 0, -10256, -778764]	[[184, 1798]]
"1230.h3"	1230	[1, 0, 0, -516, 3600]	[[6, 24]]
"1230.h4"	1230	[1, 0, 0, 1084, 21840]	[[-14, 70]]
"1232.a1"	1232	[0, 1, 0, -824, -8684]	[[36, 98]]
"1232.c2"	1232	[0, 1, 0, -232, 1332]	[[4, 22]]
"1232.d1"	1232	[0, -1, 0, -1429, -20323]	[[44, 7]]
"1232.d2"	1232	[0, -1, 0, -789, -39203]	[[244, 3773]]
"1232.d3"	1232	[0, -1, 0, 7051, 1019197]	[[-36, 847]]
"1232.g1"	1232	[0, 0, 0, -355, -702]	[[-9, 42]]
"1232.g2"	1232	[0, 0, 0, 85, -86]	[[3, 14]]
"1232.j1"	1232	[0, 1, 0, -21, -49]	[[7, 14]]
"1234.a1"	1234	[1, 0, 1, -451, 3646]	[[-1, 64]]
"1236.a1"	1236	[0, -1, 0, -260, 1704]	[[10, 2]]
"1240.c1"	1240	[0, 0, 0, -5323, 149478]	[[-82, 186]]
"1240.c2"	1240	[0, 0, 0, -323, 2478]	[[11, 16]]
"1242.b1"	1242	[1, -1, 0, -2148, -50860]	[[286, 4618]]
"1242.c1"	1242	[1, -1, 0, -243, 1525]	[[6, 13]]
"1242.j1"	1242	[1, -1, 1, -8, -5]	[[-1, 1]]
"1242.k1"	1242	[1, -1, 1, -113, 33]	[[-1, 12]]
"1246.b2"	1246	[1, 0, 1, 472, 22902]	[[-22, 55]]
"1246.e1"	1246	[1, 0, 1, 6, 0]	[[3, 5]]
"1246.h1"	1246	[1, 1, 1, -41, 87]	[[1, 6]]
"1246.i2"	1246	[1, -1, 1, -30, 173]	[[1, 11]]
"1248.a1"	1248	[0, -1, 0, -14, -12]	[[-2, 2]]
"1248.a2"	1248	[0, -1, 0, 31, -111]	[[5, 12]]
"1248.b1"	1248	[0, -1, 0, -3744, -86940]	[[949/2, 28083/2]]
"1248.b3"	1248	[0, -1, 0, -234, -1296]	[[234, 3564]]
"1248.b4"	1248	[0, -1, 0, -104, -2856]	[[733/6, 11935/6]]
"1248.c1"	1248	[0, -1, 0, -33, -15]	[[-1, 4]]
"1248.c2"	1248	[0, -1, 0, -18, 36]	[[0, 6]]
"1248.f1"	1248	[0, 1, 0, -3744, 86940]	[[39, 42]]
"1248.f2"	1248	[0, 1, 0, -369, -513]	[[-6, 39]]
"1248.f3"	1248	[0, 1, 0, -234, 1296]	[[0, 36]]
"1248.f4"	1248	[0, 1, 0, -104, 2856]	[[19, 90]]
"1248.g1"	1248	[0, 1, 0, -14, 12]	[[4, 6]]
"1248.g2"	1248	[0, 1, 0, 31, 111]	[[1, 12]]
"1248.h2"	1248	[0, 1, 0, -98, 132]	[[-2, 18]]
"1254.a1"	1254	[1, 1, 0, -1282, 17140]	[[21, -5]]
"1254.d1"	1254	[1, 0, 1, -37, 80]	[[4, -1]]
"1254.d2"	1254	[1, 0, 1, 3, 256]	[[2, 15]]
"1254.e1"	1254	[1, 0, 1, -206, 896]	[[14, 21]]
"1254.f1"	1254	[1, 1, 1, -148049, -21987223]	[[-1568027/84, 74688167/84]]
"1254.f2"	1254	[1, 1, 1, -9539, -324259]	[[-569/3, 5600/3]]
"1254.f3"	1254	[1, 1, 1, -2319, 36741]	[[17, 42]]
"1254.f4"	1254	[1, 1, 1, -2239, 39845]	[[25, 4]]
"1254.f5"	1254	[1, 1, 1, 3621, 200685]	[[611, 14892]]
"1254.f6"	1254	[1, 1, 1, 13451, -1620895]	[[129319/30, 47126837/30]]
"1254.g1"	1254	[1, 1, 1, -42359, -3373225]	[[49527/14, 3663869/14]]
"1254.g2"	1254	[1, 1, 1, -2649, -53469]	[[775/2, 20011/2]]
"1254.g3"	1254	[1, 1, 1, -1659, -92673]	[[6943/6, 542633/6]]
"1254.g4"	1254	[1, 1, 1, -229, -229]	[[-3, 22]]
"1254.g6"	1254	[1, 1, 1, 911, -685]	[[111, 1162]]
"1254.i1"	1254	[1, 0, 0, -9054, -332100]	[[-54, 36]]
"1254.i2"	1254	[1, 0, 0, -694, -2716]	[[-16, 74]]
"1254.i4"	1254	[1, 0, 0, 2546, -20212]	[[38, 344]]
"1259.c1"	1259	[0, 1, 1, 3, 1]	[[1, 2]]
"1260.a1"	1260	[0, 0, 0, -48, -47]	[[-4, 9]]
"1260.a2"	1260	[0, 0, 0, 177, -362]	[[11, 54]]
"1260.d1"	1260	[0, 0, 0, -18063, -934362]	[[-2783/6, 935/6]]
"1260.d2"	1260	[0, 0, 0, -1188, -12987]	[[-87/2, 405/2]]
"1260.d3"	1260	[0, 0, 0, -423, 1342]	[[3, 10]]
"1260.d4"	1260	[0, 0, 0, -348, 2497]	[[6, 25]]
"1260.f1"	1260	[0, 0, 0, -87, -306]	[[-5, 2]]
"1260.f2"	1260	[0, 0, 0, -12, 9]	[[0, 3]]
"1260.i1"	1260	[0, 0, 0, -2712, 50209]	[[20, 63]]
"1260.i2"	1260	[0, 0, 0, -552, -4979]	[[47, 270]]
"1260.i3"	1260	[0, 0, 0, -327, -9074]	[[110, 1134]]
"1260.i4"	1260	[0, 0, 0, 2913, 231334]	[[38, 630]]
"1264.a1"	1264	[0, 1, 0, -144, -620]	[[-6, 8]]
"1264.a2"	1264	[0, 1, 0, 16, -44]	[[4, 10]]
"1264.f1"	1264	[0, 1, 0, -374080, 87936052]	[[-204, 12482]]
"1264.f2"	1264	[0, 1, 0, -6720, -212428]	[[-44, 2]]
"1266.a1"	1266	[1, 1, 0, -37, 73]	[[4, 1]]
"1267.a1"	1267	[0, 1, 1, -63, -387]	[[59, 452]]
"1267.a2"	1267	[0, 1, 1, 7, 12]	[[6, 17]]
"1269.b1"	1269	[0, 0, 1, 135, -736]	[[7, 23]]
"1269.c1"	1269	[1, -1, 1, -29, 82]	[[4, 2]]
"1269.d1"	1269	[1, -1, 0, -3, -2]	[[6, 10]]
"1269.e1"	1269	[0, 0, 1, -42525, 3375317]	[[465/2, 419/2]]
"1271.a1"	1271	[1, -1, 0, -166, -783]	[[909/4, 24627/4]]
"1271.a2"	1271	[1, -1, 0, -11, -8]	[[-9/2, 19/2]]
"1274.e1"	1274	[1, -1, 0, -107, -6651]	[[86, 741]]
"1274.f1"	1274	[1, -1, 0, -2, 20]	[[4, 6]]
"1274.i1"	1274	[1, 0, 0, -274, -1716]	[[-10, 12]]
"1274.j1"	1274	[1, 1, 1, -767488, 258474999]	[[2019/2, -1827/2]]
"1274.j2"	1274	[1, 1, 1, -9458, 352407]	[[27, 329]]
"1274.j3"	1274	[1, 1, 1, 342, 2743]	[[-1, 49]]
"1275.a1"	1275	[0, -1, 1, -2708, -69682]	[[67, 212]]
"1278.b1"	1278	[1, -1, 0, -522, 4590]	[[-23, 75]]
"1278.b2"	1278	[1, -1, 0, -72, -216]	[[-5, 3]]
"1278.c1"	1278	[1, -1, 0, 6, -4]	[[1, 1]]
"1278.g1"	1278	[1, -1, 1, -23636, -1386953]	[[-91, 109]]
"1278.h1"	1278	[1, -1, 1, -371, 2827]	[[13, 2]]
"1278.h2"	1278	[1, -1, 1, -11, 91]	[[1, 8]]
"1278.i1"	1278	[1, -1, 1, 52, 55]	[[7, 23]]
"1284.d1"	1284	[0, 1, 0, -106, 281]	[[2, 9]]
"1284.e1"	1284	[0, 1, 0, -26, 33]	[[-2, 9]]
"1287.a1"	1287	[1, -1, 1, -1799, -28284]	[[-22, 27]]
"1287.a2"	1287	[1, -1, 1, 16, -1422]	[[14, 30]]
"1287.b1"	1287	[0, 0, 1, -12, 58]	[[2, 6]]
"1287.d1"	1287	[1, -1, 0, -117, -338]	[[-6, 14]]
"1287.d2"	1287	[1, -1, 0, 18, -41]	[[6, 13]]
"1288.a1"	1288	[0, 0, 0, 53, -5]	[[29, 161]]
"1288.c1"	1288	[0, 1, 0, -16968, 118384]	[[203, 2254]]
"1288.c2"	1288	[0, 1, 0, 4192, 16816]	[[19, 322]]
"1288.d1"	1288	[0, 0, 0, -979, 11790]	[[22, 30]]
"1288.e1"	1288	[0, 1, 0, -28, 49]	[[0, 7]]
"1290.c1"	1290	[1, 0, 1, -66374, 6575672]	[[150, -59]]
"1290.c3"	1290	[1, 0, 1, -4454, 86456]	[[54, 37]]
"1290.c4"	1290	[1, 0, 1, 666, 8632]	[[-10, 36]]
"1290.g1"	1290	[1, 0, 1, -238, -1384]	[[-8, 8]]
"1290.g2"	1290	[1, 0, 1, -38, 56]	[[0, 7]]
"1290.m1"	1290	[1, 0, 0, -191, 921]	[[-2, 37]]
"1290.m2"	1290	[1, 0, 0, 209, 4361]	[[8, 77]]
"1293.a1"	1293	[0, 1, 1, -111940, -14420480]	[[-787/2, 1289/2]]
"1293.a2"	1293	[0, 1, 1, -6370, 193540]	[[44, 19]]
"1293.d1"	1293	[1, 0, 1, -5, -7]	[[3, 1]]
"1295.a1"	1295	[0, 1, 1, -70, 324]	[[21, 92]]
"1295.b1"	1295	[0, -1, 1, 18965, -2171027]	[[89, 462]]
"1296.b1"	1296	[0, 0, 0, -189, 999]	[[6, 9]]
"1296.b2"	1296	[0, 0, 0, -9, -9]	[[-2, 1]]
"1296.d1"	1296	[0, 0, 0, -3, -14]	[[3, 2]]
"1296.f1"	1296	[0, 0, 0, -17235, -870894]	[[217, 2368]]
"1296.f2"	1296	[0, 0, 0, -13635, -1244862]	[[1761, 73728]]
"1296.f3"	1296	[0, 0, 0, -675, 7074]	[[33, 144]]
"1296.f4"	1296	[0, 0, 0, 45, 18]	[[1, 8]]
"1296.h1"	1296	[0, 0, 0, -27, 378]	[[3, 18]]
"1298.b1"	1298	[1, 0, 0, -1106, 21764]	[[-28, 190]]
"1299.b1"	1299	[1, 0, 0, -25, -34]	[[-2, 4]]
"1299.b2"	1299	[1, 0, 0, -10, 11]	[[1, 1]]
"1299.c1"	1299	[1, 0, 0, -62352, -5997915]	[[11707/6, 581209/6]]
"1299.c2"	1299	[1, 0, 0, -3897, -93960]	[[531/2, 9999/2]]
"1299.c4"	1299	[1, 0, 0, -252, -1377]	[[-7, 11]]
"1300.a1"	1300	[0, 1, 0, -7033, 224688]	[[47, 13]]
"1300.a2"	1300	[0, 1, 0, -6908, 233188]	[[-32, 650]]
"1300.d1"	1300	[0, 0, 0, -100, -375]	[[-6, 3]]
"1300.d2"	1300	[0, 0, 0, 25, -1250]	[[15, 50]]
"1302.b2"	1302	[1, 1, 0, 291, -4515]	[[23, 111]]
"1302.d2"	1302	[1, 0, 1, -32, 110]	[[0, 10]]
"1302.e2"	1302	[1, 0, 1, 12473, -1567720]	[[94, 614]]
"1302.f1"	1302	[1, 0, 1, -101, -394]	[[-6, 4]]
"1302.f2"	1302	[1, 0, 1, -11, 2]	[[0, 1]]
"1302.j1"	1302	[1, 1, 1, -5249664, -4631807703]	[[25147/3, 1318621/3]]
"1302.j2"	1302	[1, 1, 1, -328104, -72474519]	[[2119, 92495]]
"1302.j3"	1302	[1, 1, 1, -326864, -73047895]	[[1454863/33, 1532893237/33]]
"1302.j4"	1302	[1, 1, 1, -40744, 1418345]	[[-13, 1401]]
"1302.j5"	1302	[1, 1, 1, -20584, -1129879]	[[-77, 115]]
"1302.k1"	1302	[1, 1, 1, 0, 9]	[[3, 5]]
"1302.m1"	1302	[1, 0, 0, -1252, 18704]	[[104, 956]]
"1304.a1"	1304	[0, 1, 0, 7, -5]	[[1, 2]]
"1305.c1"	1305	[0, 0, 1, 708, 29605]	[[13, 202]]
"1306.a1"	1306	[1, -1, 1, 2, 13]	[[1, 3]]
"1308.b1"	1308	[0, -1, 0, -2, -3]	[[3, 3]]
"1310.a1"	1310	[1, 0, 1, 1, -78]	[[6, 9]]
"1311.a1"	1311	[0, 1, 1, 18, 830]	[[75, 655]]
"1311.c1"	1311	[0, -1, 1, -1411, 51723]	[[-11, 256]]
"1311.d1"	1311	[0, 1, 1, -465, 3728]	[[6, 34]]
"1312.a1"	1312	[0, 1, 0, -24, -20]	[[-1, 2]]
"1312.b1"	1312	[0, -1, 0, -24, 20]	[[-4, 6]]
"1314.b1"	1314	[1, -1, 0, -656442, 204875892]	[[1644, 58902]]
"1314.b2"	1314	[1, -1, 0, -656082, 205111548]	[[80553/7, 20204463/7]]
"1314.b3"	1314	[1, -1, 0, -8442, 258228]	[[33, 105]]
"1314.b4"	1314	[1, -1, 0, 14598, 1405620]	[[-53, 720]]
"1314.c2"	1314	[1, -1, 0, -891, 9877]	[[2, 89]]
"1314.c4"	1314	[1, -1, 0, 729, 40657]	[[-9, 187]]
"1314.d1"	1314	[1, -1, 1, -18446, 968861]	[[81, -5]]
"1314.d2"	1314	[1, -1, 1, -1166, 15005]	[[9, 67]]
"1314.f1"	1314	[1, -1, 1, -590, 5649]	[[17, 9]]
"1314.f2"	1314	[1, -1, 1, -50, 33]	[[-1, 9]]
"1315.c1"	1315	[0, -1, 1, -15, 28]	[[2, 1]]
"1315.d1"	1315	[1, -1, 0, -29, 68]	[[4, 0]]
"1315.e1"	1315	[0, 0, 1, -203, 1113]	[[33/2, -3/2]]
"1320.b1"	1320	[0, -1, 0, -236, 1476]	[[8, 6]]
"1320.b2"	1320	[0, -1, 0, -11, 36]	[[1, 5]]
"1320.c1"	1320	[0, -1, 0, -11, 0]	[[-1, 3]]
"1320.c2"	1320	[0, -1, 0, 44, -44]	[[6, 20]]
"1320.e1"	1320	[0, -1, 0, -1200, 16380]	[[22, 12]]
"1320.e2"	1320	[0, -1, 0, -1000, -11780]	[[-18, 8]]
"1320.e3"	1320	[0, -1, 0, -100, 100]	[[0, 10]]
"1320.e4"	1320	[0, -1, 0, 25, 0]	[[1, 5]]
"1320.f1"	1320	[0, -1, 0, -52800, 4687452]	[[169, 750]]
"1320.f2"	1320	[0, -1, 0, -28000, -1759508]	[[-767/3, 602/3]]
"1320.f3"	1320	[0, -1, 0, -3800, 50652]	[[-18, 336]]
"1320.f4"	1320	[0, -1, 0, -3300, 74052]	[[32, 14]]
"1320.f5"	1320	[0, -1, 0, -175, 1552]	[[4, 30]]
"1320.f6"	1320	[0, -1, 0, 12400, 355212]	[[333/2, 11193/2]]
"1320.g1"	1320	[0, -1, 0, -360, 2652]	[[17, 34]]
"1320.g2"	1320	[0, -1, 0, -60, -108]	[[-3, 6]]
"1320.g3"	1320	[0, -1, 0, -55, -140]	[[12, 28]]
"1320.g4"	1320	[0, -1, 0, 160, -900]	[[10, 40]]
"1320.i1"	1320	[0, 1, 0, -131, 534]	[[7, 3]]
"1320.k1"	1320	[0, 1, 0, -1716, 17424]	[[0, 132]]
"1320.m1"	1320	[0, 1, 0, -31520, -2131632]	[[-104, 180]]
"1320.m2"	1320	[0, 1, 0, -4020, 46368]	[[6, 150]]
"1320.m3"	1320	[0, 1, 0, -3415, 75650]	[[35, 15]]
"1320.m4"	1320	[0, 1, 0, 13800, 360000]	[[0, 600]]
"1323.a1"	1323	[0, 0, 1, -189, 992]	[[0, 31]]
"1323.b1"	1323	[0, 0, 1, -147, -86]	[[-7, 24]]
"1323.e1"	1323	[1, -1, 1, 1, 4]	[[2, 2]]
"1323.h1"	1323	[0, 0, 1, -20874, -1160798]	[[-2086/5, -38/5]]
"1323.h2"	1323	[0, 0, 1, -10584, 419060]	[[42, 220]]
"1323.h3"	1323	[0, 0, 1, -294, -1115]	[[-7, 24]]
"1323.j1"	1323	[0, 0, 1, 0, -2]	[[2, 2]]
"1323.j2"	1323	[0, 0, 1, 0, 47]	[[-3, 4]]
"1323.k1"	1323	[0, 0, 1, 0, -16207]	[[49, 318]]
"1323.k2"	1323	[0, 0, 1, 0, 600]	[[22/3, 656/3]]
"1323.o1"	1323	[1, -1, 0, 12, -127]	[[16, 55]]
"1323.q1"	1323	[0, 0, 1, -1029, 12605]	[[49/2, 339/2]]
"1324.b1"	1324	[0, -1, 0, -685, 7134]	[[15, 3]]
"1325.b1"	1325	[0, 1, 1, -13, 14]	[[2, 0]]
"1325.c1"	1325	[0, -1, 1, -333, 2443]	[[17, 37]]
"1326.a1"	1326	[1, 1, 0, -1091, 13425]	[[19, -7]]
"1326.a2"	1326	[1, 1, 0, -331, -2279]	[[-9, 13]]
"1326.a3"	1326	[1, 1, 0, -71, 165]	[[7, 5]]
"1326.a4"	1326	[1, 1, 0, 9, 21]	[[-1, 4]]
"1326.b1"	1326	[1, 1, 0, -19110, -990828]	[[732, 19074]]
"1326.b2"	1326	[1, 1, 0, 7930, -3537996]	[[241, 3407]]
"1326.c1"	1326	[1, 0, 1, -281, 1784]	[[9, -8]]
"1326.c2"	1326	[1, 0, 1, -21, 16]	[[-1, 6]]
"1326.d1"	1326	[1, 1, 1, -17778, 904959]	[[81, 27]]
"1326.d2"	1326	[1, 1, 1, -1138, 13055]	[[-7, 147]]
"1326.e1"	1326	[1, 0, 0, -1769, -10407]	[[-14, 115]]
"1326.e2"	1326	[1, 0, 0, 6551, -78631]	[[50, 587]]
"1328.a1"	1328	[0, -1, 0, 1, -2]	[[2, 2]]
"1328.b1"	1328	[0, 1, 0, -104, -460]	[[14, 32]]
"1328.c1"	1328	[0, 1, 0, 16, 20]	[[2, 8]]
"1328.d1"	1328	[0, 1, 0, -3, -4]	[[4, 8]]
"1329.a1"	1329	[1, 0, 1, 2, 5]	[[1, 2]]
"1330.a1"	1330	[1, -1, 0, -19, 133]	[[2, 9]]
"1330.c1"	1330	[1, 1, 0, 2517, 98557]	[[-26, 141]]
"1330.e1"	1330	[1, 0, 1, -344, 2422]	[[13, 7]]
"1330.e2"	1330	[1, 0, 1, 41, 7546]	[[71, 572]]
"1330.h1"	1330	[1, 0, 0, -1635, 26497]	[[24, 23]]
"1330.h2"	1330	[1, 0, 0, 8765, 53217]	[[2, 265]]
"1332.a1"	1332	[0, 0, 0, -591, -5530]	[[113/2, 143/2]]
"1332.b1"	1332	[0, 0, 0, -255, -826]	[[-5, 18]]
"1332.b2"	1332	[0, 0, 0, -120, 497]	[[4, 9]]
"1332.c1"	1332	[0, 0, 0, -84, -83]	[[11, 18]]
"1332.c2"	1332	[0, 0, 0, 321, -650]	[[150, 1850]]
"1332.d1"	1332	[0, 0, 0, -5319, 149310]	[[43, 10]]
"1339.a1"	1339	[1, 1, 0, -137, -602]	[[-6, 10]]
"1342.a1"	1342	[1, 0, 1, -37, -86]	[[-4, 2]]
"1344.a2"	1344	[0, -1, 0, -5, 21]	[[1, 4]]
"1344.c2"	1344	[0, -1, 0, -49, 49]	[[0, 7]]
"1344.c3"	1344	[0, -1, 0, -29, -51]	[[13, 40]]
"1344.c4"	1344	[0, -1, 0, 191, 193]	[[3, 28]]
"1344.d2"	1344	[0, -1, 0, -89, -231]	[[-5, 8]]
"1344.d3"	1344	[0, -1, 0, -84, -270]	[[11, 4]]
"1344.d4"	1344	[0, -1, 0, 191, -1631]	[[23, 120]]
"1344.g1"	1344	[0, -1, 0, -50177, -4309503]	[[4771, 329140]]
"1344.g2"	1344	[0, -1, 0, -3137, -66495]	[[67, 140]]
"1344.g4"	1344	[0, -1, 0, -2177, -108927]	[[3187/7, 48980/7]]
"1344.g5"	1344	[0, -1, 0, -257, -255]	[[-8, 35]]
"1344.i1"	1344	[0, -1, 0, -86017, -9681503]	[[14271/5, 1408144/5]]
"1344.i2"	1344	[0, -1, 0, -58497, 5412897]	[[123, 252]]
"1344.i3"	1344	[0, -1, 0, -6657, -71775]	[[-25, 280]]
"1344.i4"	1344	[0, -1, 0, -5377, -149855]	[[535, 12240]]
"1344.i5"	1344	[0, -1, 0, -257, -3423]	[[23, 48]]
"1344.i6"	1344	[0, -1, 0, 24703, -579807]	[[423, 9240]]
"1344.l1"	1344	[0, 1, 0, -449, -3585]	[[-11, 12]]
"1344.l2"	1344	[0, 1, 0, -89, 231]	[[1, 12]]
"1344.l3"	1344	[0, 1, 0, -84, 270]	[[9, 18]]
"1344.l4"	1344	[0, 1, 0, 191, 1631]	[[2, 45]]
"1344.m1"	1344	[0, 1, 0, -16129, 783071]	[[74, 15]]
"1344.m3"	1344	[0, 1, 0, -1009, 11951]	[[5, 84]]
"1344.o1"	1344	[0, 1, 0, -7313, 238287]	[[43, 72]]
"1344.o2"	1344	[0, 1, 0, -453, 3675]	[[11, 12]]
"1344.o3"	1344	[0, 1, 0, -113, 111]	[[-5, 24]]
"1344.o4"	1344	[0, 1, 0, 27, 27]	[[3, 12]]
"1349.b1"	1349	[0, 0, 1, -8, 17]	[[11, 35]]
"1350.a1"	1350	[1, -1, 0, -4092, -94384]	[[-40, 84]]
"1350.c1"	1350	[1, -1, 0, -42, -134]	[[9, 8]]
"1350.c2"	1350	[1, -1, 0, 333, 1741]	[[29, 173]]
"1350.e1"	1350	[1, -1, 0, -312, -2044]	[[-10, 6]]
"1350.e2"	1350	[1, -1, 0, -12, 16]	[[0, 4]]
"1350.f1"	1350	[1, -1, 0, -16242, -799084]	[[260, 3406]]
"1350.g2"	1350	[1, -1, 0, 3, 1]	[[0, 1]]
"1350.m1"	1350	[1, -1, 1, -455, 3647]	[[9, 10]]
"1350.m2"	1350	[1, -1, 1, -80, -253]	[[-5, 3]]
"1352.b1"	1352	[0, 1, 0, -2760, -59344]	[[199, 2704]]
"1354.a1"	1354	[1, 0, 1, -701, 7192]	[[67, 478]]
"1356.b1"	1356	[0, -1, 0, 11, 1]	[[0, 1]]
"1356.c1"	1356	[0, 1, 0, -17, 24]	[[4, 6]]
"1356.c2"	1356	[0, 1, 0, 103, 36]	[[0, 6]]
"1357.a1"	1357	[1, 0, 0, -52, -149]	[[9, 7]]
"1358.a2"	1358	[1, 0, 1, 3, -40]	[[4, 4]]
"1358.b1"	1358	[1, 0, 1, -311, 2080]	[[-11/4, 3055/4]]
"1358.b2"	1358	[1, 0, 1, -256, 2854]	[[14, 38]]
"1358.b3"	1358	[1, 0, 1, 2169, -55734]	[[108, 1146]]
"1358.c1"	1358	[1, -1, 1, -576, 5475]	[[29, 97]]
"1358.d1"	1358	[1, 0, 0, 1, -7]	[[2, 1]]
"1360.a1"	1360	[0, 0, 0, -163, 802]	[[9, 8]]
"1360.b1"	1360	[0, 1, 0, -136, 564]	[[4, 10]]
"1360.b2"	1360	[0, 1, 0, -56, 1300]	[[4, 34]]
"1360.c1"	1360	[0, 1, 0, -3540, 79900]	[[30, 40]]
"1360.c2"	1360	[0, 1, 0, -3520, 80868]	[[16, 170]]
"1360.e1"	1360	[0, -1, 0, -40, -400]	[[20, 80]]
"1360.e2"	1360	[0, -1, 0, 360, 10480]	[[12, 128]]
"1360.g1"	1360	[0, 0, 0, -28, -57]	[[121/4, 819/4]]
"1360.g2"	1360	[0, 0, 0, -23, -78]	[[26, 130]]
"1360.h1"	1360	[0, 1, 0, 0, 20]	[[-2, 4]]
"1360.i1"	1360	[0, -1, 0, -66696, 1326320]	[[-398/3, 55250/3]]
"1360.i2"	1360	[0, -1, 0, -40856, -3164944]	[[1036, 32640]]
"1360.i3"	1360	[0, -1, 0, -39576, -3373840]	[[386, 6222]]
"1360.i4"	1360	[0, -1, 0, 260984, 10239216]	[[37626/13, 19568190/13]]
"1362.a1"	1362	[1, 0, 1, -2, -4]	[[2, 0]]
"1362.c1"	1362	[1, 1, 1, -413, 3059]	[[11, -8]]
"1362.d1"	1362	[1, 0, 0, 16, 768]	[[16, 64]]
"1364.a1"	1364	[0, 1, 0, 10, 1]	[[4, 11]]
"1365.b1"	1365	[1, 0, 0, -24161, 1442310]	[[73, 226]]
"1365.b2"	1365	[1, 0, 0, -1866, 10971]	[[3, 72]]
"1365.b3"	1365	[1, 0, 0, -1021, -12520]	[[-19, 20]]
"1365.b4"	1365	[1, 0, 0, 6909, 86436]	[[0, 294]]
"1368.a1"	1368	[0, 0, 0, -2727, 54810]	[[31, 8]]
"1368.a2"	1368	[0, 0, 0, -162, 945]	[[4, 19]]
"1368.c1"	1368	[0, 0, 0, -11451, -458570]	[[-231/2, 805/2]]
"1368.c2"	1368	[0, 0, 0, -1731, 17710]	[[3, 112]]
"1368.c4"	1368	[0, 0, 0, 5109, 123046]	[[174, 2506]]
"1368.d1"	1368	[0, 0, 0, 492, -3004]	[[46, 342]]
"1368.e1"	1368	[0, 0, 0, -15, -14]	[[5, 6]]
"1368.e2"	1368	[0, 0, 0, 45, -98]	[[3, 8]]
"1368.h1"	1368	[0, 0, 0, -12, -92]	[[8, 18]]
"1369.b1"	1369	[1, -1, 1, -1663, -25680]	[[75, 479]]
"1369.c1"	1369	[0, 1, 1, -2564593, -1581651042]	[[-4028939/66, -145117/66]]
"1369.c2"	1369	[0, 1, 1, -31943, -2138543]	[[-3971/6, 50545/6]]
"1369.c3"	1369	[0, 1, 1, -4563, 116200]	[[85/2, 1365/2]]
"1369.d1"	1369	[1, -1, 0, -2276219, -1321241558]	[[421055215896628564251093/15118249772, 90485547485451381407629665671951171/15118249772]]
"1369.d2"	1369	[1, -1, 0, 3166, -59359]	[[1981/4, 91377/4]]
"1370.a1"	1370	[1, -1, 0, -9215, -338419]	[[142, 1025]]
"1370.b1"	1370	[1, 0, 0, -66, 196]	[[6, 2]]
"1370.b2"	1370	[1, 0, 0, 14, 660]	[[-2, 26]]
"1378.d1"	1378	[1, 0, 0, -52, 2704]	[[-6, 56]]
"1378.d2"	1378	[1, 0, 0, 468, -72904]	[[2806/3, 144668/3]]
"1380.c1"	1380	[0, 1, 0, -1381, -20425]	[[50, 195]]
"1380.c2"	1380	[0, 1, 0, 59, -121]	[[2, 3]]
"1383.a1"	1383	[1, 1, 1, 4, 2]	[[0, 1]]
"1386.b1"	1386	[1, -1, 0, -46473, 3867749]	[[125, -57]]
"1386.b2"	1386	[1, -1, 0, -5433, -57835]	[[-37, 321]]
"1386.b3"	1386	[1, -1, 0, -2913, 60605]	[[37, 31]]
"1386.b4"	1386	[1, -1, 0, -33, 2429]	[[-5, 52]]
"1386.d1"	1386	[1, -1, 0, -231, -451]	[[25, 82]]
"1386.d2"	1386	[1, -1, 0, 849, -4123]	[[17, 114]]
"1386.g1"	1386	[1, -1, 1, -828041, -289811415]	[[-525, 264]]
"1386.g2"	1386	[1, -1, 1, -51881, -4494999]	[[-133, 264]]
"1386.g3"	1386	[1, -1, 1, -13001, -11104599]	[[515, 10632]]
"1386.g4"	1386	[1, -1, 1, -5801, 57705]	[[-1, 252]]
"1386.h1"	1386	[1, -1, 1, -26, 25]	[[-1, 7]]
"1386.h2"	1386	[1, -1, 1, 94, 121]	[[7, 29]]
"1387.a1"	1387	[0, 0, 1, 1, -2]	[[1, 0]]
"1392.c1"	1392	[0, -1, 0, 8, 16]	[[0, 4]]
"1392.e1"	1392	[0, -1, 0, -104176, 13014592]	[[192, 232]]
"1392.e2"	1392	[0, -1, 0, -16, -8768]	[[24, 64]]
"1392.g1"	1392	[0, -1, 0, -2, 3]	[[1, 1]]
"1392.m1"	1392	[0, 1, 0, -80, 276]	[[10, 24]]
"1394.b1"	1394	[1, -1, 0, -13, 21]	[[3, 0]]
"1394.b2"	1394	[1, -1, 0, 7, 65]	[[1, 8]]
"1394.c1"	1394	[1, -1, 0, -10937, 442989]	[[65, 27]]
"1394.c2"	1394	[1, -1, 0, -697, 6765]	[[19, 1]]
"1394.d1"	1394	[1, -1, 0, -236, -1328]	[[-9, 7]]
"1394.d2"	1394	[1, -1, 0, -76, -3216]	[[23, 71]]
"1394.e1"	1394	[1, 1, 0, -770391, -253658539]	[[-5886809/102, -997490363/102]]
"1394.e2"	1394	[1, 1, 0, -115031, 9402965]	[[-1457/2, 15635/2]]
"1394.f1"	1394	[1, 1, 1, -47, 117]	[[3, 2]]
"1394.g1"	1394	[1, 0, 0, -5392, -152846]	[[672835/66, 450678883/66]]
"1394.g2"	1394	[1, 0, 0, -62, -244]	[[146, 1690]]
"1395.a1"	1395	[1, -1, 1, -1463, -21144]	[[-22, 6]]
"1395.a2"	1395	[1, -1, 1, -68, -498]	[[20, 66]]
"1395.b1"	1395	[0, 0, 1, -12, -23]	[[5, 6]]
"1398.a1"	1398	[1, 1, 1, -33, -33]	[[7, 8]]
"1398.a2"	1398	[1, 1, 1, 127, -97]	[[3, 16]]
"1400.b1"	1400	[0, 1, 0, -8, 13]	[[-2, 5]]
"1400.d1"	1400	[0, -1, 0, 7, 157]	[[17, 70]]
"1400.i1"	1400	[0, 1, 0, -4208, -106912]	[[83, 350]]
"1404.c1"	1404	[0, 0, 0, 3, -3]	[[1, 1]]
"1405.a1"	1405	[0, -1, 1, -56, -144]	[[-4, 0]]
"1406.a1"	1406	[1, 1, 0, -76, -304]	[[11, 13]]
"1406.c1"	1406	[1, 1, 0, -2088, -36544]	[[-25, 41]]
"1406.d1"	1406	[1, -1, 1, -1191, 507615]	[[13, 696]]
"1406.e1"	1406	[1, -1, 1, -7, 7]	[[1, 0]]
"1406.f1"	1406	[1, 0, 0, -19, -95]	[[18, 65]]
"1407.c1"	1407	[1, 0, 0, -262947, -51904818]	[[-294, 42]]
"1407.c2"	1407	[1, 0, 0, -133637, 18388500]	[[175, 520]]
"1407.c3"	1407	[1, 0, 0, -18732, -570825]	[[-93, 654]]
"1407.c4"	1407	[1, 0, 0, 3713, -63568]	[[41, 377]]
"1407.e2"	1407	[1, 0, 1, -11, -79]	[[9, 19]]
"1408.c1"	1408	[0, 0, 0, -14, -20]	[[7, 15]]
"1408.c2"	1408	[0, 0, 0, -4, -48]	[[6, 12]]
"1410.a1"	1410	[1, 1, 0, -103, 253]	[[9, 8]]
"1410.a2"	1410	[1, 1, 0, 17, 37]	[[1, 7]]
"1410.h1"	1410	[1, 1, 1, -3996, -89571]	[[-39, 113]]
"1410.h2"	1410	[1, 1, 1, 324, -6627]	[[21, 89]]
"1411.a1"	1411	[1, 0, 0, -443, -3626]	[[26, 38]]
"1411.a2"	1411	[1, 0, 0, -28, -57]	[[-3, 3]]
"1420.a1"	1420	[0, -1, 0, -380, -2728]	[[34, 150]]
"1420.a2"	1420	[0, -1, 0, -25, -30]	[[-3, 3]]
"1421.d1"	1421	[1, 0, 0, -1, 622]	[[-3, 26]]
"1422.c1"	1422	[1, -1, 0, -78, -172]	[[-4, 10]]
"1422.e1"	1422	[1, -1, 1, -62, 205]	[[1, 11]]
"1422.g1"	1422	[1, -1, 1, 724, 1455]	[[53, 405]]
"1424.a2"	1424	[0, 1, 0, 56, -204]	[[4, 10]]
"1425.a1"	1425	[1, 1, 1, -2538, 48156]	[[30, -3]]
"1425.a2"	1425	[1, 1, 1, -163, 656]	[[4, 7]]
"1425.a3"	1425	[1, 1, 1, -38, -94]	[[-4, 5]]
"1425.a4"	1425	[1, 1, 1, 212, 3656]	[[-5, 52]]
"1425.i1"	1425	[0, -1, 1, -109758, -13959457]	[[10452669/58, 33587977123/58]]
"1425.i2"	1425	[0, -1, 1, 492, -4957]	[[309/2, 5585/2]]
"1426.a1"	1426	[1, 0, 1, -58, 132]	[[0, 11]]
"1426.a2"	1426	[1, 0, 1, -18, -28]	[[5, 1]]
"1426.c1"	1426	[1, 0, 1, -531, -5394]	[[159, 1904]]
"1426.c2"	1426	[1, 0, 1, 44, 34]	[[17, 67]]
"1428.d2"	1428	[0, 1, 0, 13323, 265191]	[[50, 1029]]
"1430.a1"	1430	[1, 1, 0, 27, 13]	[[1, 6]]
"1430.c1"	1430	[1, 0, 1, -93288, -11081802]	[[17587/6, 1620205/6]]
"1430.c2"	1430	[1, 0, 1, -488, 5788]	[[-26, 45]]
"1430.c3"	1430	[1, 0, 1, 3887, -78212]	[[122, 1427]]
"1430.e1"	1430	[1, -1, 1, -3057, 133281]	[[591, 14004]]
"1430.g1"	1430	[1, 1, 1, -936, 10633]	[[19, 3]]
"1434.a1"	1434	[1, 0, 0, -13819, 624113]	[[8, 713]]
"1434.a2"	1434	[1, 0, 0, -859, 9809]	[[14, 17]]
"1434.b1"	1434	[1, 0, 0, -59, 165]	[[6, 3]]
"1434.b2"	1434	[1, 0, 0, 1, 9]	[[0, 3]]
"1435.a1"	1435	[0, -1, 1, -180, -10194]	[[235, 3587]]
"1440.b1"	1440	[0, 0, 0, -243, -1242]	[[21, 54]]
"1440.b2"	1440	[0, 0, 0, 27, -108]	[[4, 8]]
"1440.c1"	1440	[0, 0, 0, -1443, 21098]	[[26, 34]]
"1440.c2"	1440	[0, 0, 0, -363, -2338]	[[-11, 18]]
"1440.c3"	1440	[0, 0, 0, -93, 308]	[[-1, 20]]
"1440.c4"	1440	[0, 0, 0, 132, 1568]	[[-2, 36]]
"1440.g1"	1440	[0, 0, 0, -32412, -2245984]	[[472, 9360]]
"1440.g2"	1440	[0, 0, 0, -4467, 63974]	[[13, 90]]
"1440.g3"	1440	[0, 0, 0, -2037, -34684]	[[-28, 20]]
"1440.g4"	1440	[0, 0, 0, 213, -107134]	[[62, 380]]
"1440.h1"	1440	[0, 0, 0, -27, 46]	[[5, 6]]
"1440.h2"	1440	[0, 0, 0, 3, 4]	[[0, 2]]
"1440.l1"	1440	[0, 0, 0, -57, 164]	[[5, 2]]
"1440.l2"	1440	[0, 0, 0, -12, 416]	[[2, 20]]
"1442.a1"	1442	[1, 0, 1, -297, 1940]	[[10, -5]]
"1442.e2"	1442	[1, -1, 1, -186, 761]	[[1, 23]]
"1443.b1"	1443	[1, 0, 0, -154, 713]	[[11, 14]]
"1443.b2"	1443	[1, 0, 0, -19, -16]	[[5, 2]]
"1444.a1"	1444	[0, 1, 0, -7701, 258583]	[[-51, 722]]
"1445.a1"	1445	[0, 1, 1, -248925, -47885601]	[[-226103/28, 8275/28]]
"1445.b1"	1445	[0, -1, 1, -861, -9443]	[[-1063/8, -253/8]]
"1445.b2"	1445	[0, -1, 1, -11, -8]	[[-2, 1]]
"1446.f1"	1446	[1, 0, 0, -2309, 42513]	[[28, -11]]
"1450.a2"	1450	[1, 1, 0, 575, 15965]	[[529, 11930]]
"1450.b1"	1450	[1, -1, 0, -992, 12416]	[[19, 3]]
"1450.c1"	1450	[1, 0, 1, -11376, -471102]	[[201, 2217]]
"1450.c2"	1450	[1, 0, 1, 124, 898]	[[1, 31]]
"1450.d1"	1450	[1, 1, 0, -5950, -182250]	[[13761, 1607433]]
"1450.e1"	1450	[1, 0, 0, -238, -1458]	[[99/2, 615/2]]
"1450.e2"	1450	[1, 0, 0, 12, -8]	[[6, 14]]
"1450.h2"	1450	[1, 0, 0, 14362, 1966892]	[[-566/3, 25238/3]]
"1452.a1"	1452	[0, -1, 0, 4, 24]	[[2, 6]]
"1452.b1"	1452	[0, -1, 0, 444, -33768]	[[81, 726]]
"1452.c1"	1452	[0, -1, 0, -156372, -23747832]	[[2798, 146410]]
"1455.b1"	1455	[0, -1, 1, -501, 4466]	[[6, 40]]
"1455.d1"	1455	[1, 1, 0, -47, -144]	[[32, 164]]
"1455.d2"	1455	[1, 1, 0, -2, -351]	[[8, 11]]
"1455.f1"	1455	[0, -1, 1, -297640, 62600043]	[[1141/2, 7271/2]]
"1456.c1"	1456	[0, 1, 0, 1071, -8501]	[[30, 227]]
"1456.d1"	1456	[0, -1, 0, -250608, 48371776]	[[288, 40]]
"1456.d2"	1456	[0, -1, 0, -3088, 67520]	[[8, 208]]
"1456.d3"	1456	[0, -1, 0, 112, 448]	[[24, 128]]
"1456.i1"	1456	[0, 0, 0, -946139, -354106230]	[[-14169/5, 34146/5]]
"1456.i2"	1456	[0, 0, 0, -500699, 133740682]	[[-771, 7840]]
"1456.i3"	1456	[0, 0, 0, -68059, -3752310]	[[-65, 630]]
"1456.j1"	1456	[0, 1, 0, -8, 20]	[[2, 4]]
"1456.k1"	1456	[0, -1, 0, -1877, 77789]	[[-20, 327]]
"1460.a1"	1460	[0, -1, 0, -121, -474]	[[7057/12, 570223/12]]
"1460.a2"	1460	[0, -1, 0, -116, -520]	[[193, 2670]]
"1462.a1"	1462	[1, 1, 0, 6, 4]	[[0, 2]]
"1464.a1"	1464	[0, -1, 0, -316224, 68550300]	[[446, 4004]]
"1464.a2"	1464	[0, -1, 0, -20984, 936924]	[[-42, 1320]]
"1464.a3"	1464	[0, -1, 0, -19764, 1076004]	[[80, 22]]
"1464.a4"	1464	[0, -1, 0, -1159, 19240]	[[81, 671]]
"1464.c1"	1464	[0, -1, 0, 0, -36]	[[6, 12]]
"1464.e1"	1464	[0, 1, 0, -19, 26]	[[1, 3]]
"1464.e2"	1464	[0, 1, 0, -4, 80]	[[4, 12]]
"1464.f1"	1464	[0, 1, 0, 1640, 6752]	[[92, 972]]
"1466.c1"	1466	[1, 1, 1, -28, 45]	[[3, -1]]
"1470.a1"	1470	[1, 1, 0, -613, 15373]	[[1, 121]]
"1470.d1"	1470	[1, 1, 0, -261342, 51314796]	[[297, -81]]
"1470.d2"	1470	[1, 1, 0, -22222, 164284]	[[3, 311]]
"1470.d3"	1470	[1, 1, 0, -16342, 795796]	[[27, 599]]
"1470.d4"	1470	[1, 1, 0, -14137, -652889]	[[-69, 37]]
"1470.d5"	1470	[1, 1, 0, -3357, 63099]	[[55, 193]]
"1470.d6"	1470	[1, 1, 0, -907, -9911]	[[-20, 37]]
"1470.d7"	1470	[1, 1, 0, -662, 21204]	[[13, 116]]
"1470.d8"	1470	[1, 1, 0, 73, -699]	[[10, 29]]
"1470.e1"	1470	[1, 1, 0, -32, -174]	[[17, 59]]
"1470.e2"	1470	[1, 1, 0, 283, 3669]	[[-7, 41]]
"1470.j1"	1470	[1, 1, 1, -94119201, 351412332249]	[[10868973/44, -91255899/44]]
"1470.j2"	1470	[1, 1, 1, -5882451, 5488977549]	[[1431, 1308]]
"1470.j3"	1470	[1, 1, 1, -5845701, 5560992849]	[[19221/4, 1020837/4]]
"1470.j4"	1470	[1, 1, 1, -738431, -244478347]	[[-491, 98]]
"1470.j5"	1470	[1, 1, 1, -369951, 84522549]	[[181, 4760]]
"1470.j6"	1470	[1, 1, 1, -52431, -2731947]	[[451, 7874]]
"1470.j7"	1470	[1, 1, 1, 10289, -298411]	[[41, 420]]
"1470.j8"	1470	[1, 1, 1, 62229, 270705693]	[[867, 30828]]
"1470.k1"	1470	[1, 1, 1, -36, 69]	[[1, 5]]
"1470.l1"	1470	[1, 1, 1, -2990, 71147]	[[27, 91]]
"1472.c1"	1472	[0, -1, 0, -73, -271]	[[16, 49]]
"1472.c2"	1472	[0, -1, 0, 7, 1]	[[0, 1]]
"1472.d1"	1472	[0, -1, 0, -17, -23]	[[8, 17]]
"1472.j1"	1472	[0, 1, 0, -73, 271]	[[-6, 23]]
"1472.j2"	1472	[0, 1, 0, 7, -1]	[[2, 5]]
"1472.k1"	1472	[0, 1, 0, -17, 23]	[[2, 1]]
"1475.a1"	1475	[1, 0, 0, -513, -2108]	[[27, 49]]
"1475.a2"	1475	[1, 0, 0, 112, -233]	[[3, 10]]
"1475.b1"	1475	[1, 1, 0, -20, -25]	[[10, 25]]
"1475.b2"	1475	[1, 1, 0, 5, 0]	[[16/3, 92/3]]
"1478.c1"	1478	[1, 1, 0, -95, -379]	[[-5, 4]]
"1479.a1"	1479	[0, -1, 1, 20, -90]	[[6, 14]]
"1479.b1"	1479	[0, 1, 1, -272, -7558]	[[112, 1174]]
"1479.c1"	1479	[0, 1, 1, -6070, 181852]	[[44, 43]]
"1479.c2"	1479	[0, 1, 1, 39320, -6363488]	[[257149/30, 143564543/30]]
"1479.d1"	1479	[0, -1, 1, -17, 35]	[[7, 14]]
"1479.e1"	1479	[0, -1, 1, -6175, 239664]	[[54, 246]]
"1479.f1"	1479	[1, 0, 1, 8, -1]	[[1, 2]]
"1480.b1"	1480	[0, 1, 0, -60, 160]	[[3, 4]]
"1480.b2"	1480	[0, 1, 0, -40, 288]	[[-4, 20]]
"1482.c1"	1482	[1, 0, 1, -1195667, 492194990]	[[375, 9640]]
"1482.c2"	1482	[1, 0, 1, -168147, -15399890]	[[479, 3504]]
"1482.c3"	1482	[1, 0, 1, -147667, -21846994]	[[-224, 53]]
"1482.c4"	1482	[1, 0, 1, 531693, -110298194]	[[743, 25992]]
"1482.g1"	1482	[1, 1, 1, -6, -105]	[[9, 21]]
"1482.h1"	1482	[1, 1, 1, 19, 35]	[[-1, 4]]
"1482.i1"	1482	[1, 0, 0, -202, 1124]	[[2, 26]]
"1482.j1"	1482	[1, 0, 0, -11865912, -15733564044]	[[14024, 1597994]]
"1482.j2"	1482	[1, 0, 0, -133932, -25444656]	[[504, 5676]]
"1482.j3"	1482	[1, 0, 0, 12948, 421776]	[[-30, 96]]
"1484.b1"	1484	[0, 0, 0, -55, -114]	[[-5, 6]]
"1484.b2"	1484	[0, 0, 0, -20, 33]	[[2, 1]]
"1485.e2"	1485	[0, 0, 1, -42, -105]	[[-15/2, -3/2]]
"1488.h1"	1488	[0, -1, 0, -264, 1776]	[[20, 64]]
"1488.i1"	1488	[0, 1, 0, -32, 84]	[[-2, 12]]
"1488.j1"	1488	[0, 1, 0, -1336, 20948]	[[14, 72]]
"1488.l1"	1488	[0, 1, 0, -6, -9]	[[3, 3]]
"1494.c1"	1494	[1, -1, 1, -8, 75]	[[5, 9]]
"1495.c1"	1495	[0, 1, 1, -88535, -10341429]	[[1421/2, 14231/2]]
"1496.b1"	1496	[0, 0, 0, -198155, -33951242]	[[1001079/23, 970928816/23]]
"1496.b2"	1496	[0, 0, 0, -198115, -33965634]	[[142282077350/8671, 52025012504946294/8671]]
"1496.c1"	1496	[0, 0, 0, -20, 36]	[[2, 2]]
"1498.a1"	1498	[1, -1, 0, -1141, -14553]	[[179/2, 1021/2]]
"1505.a1"	1505	[0, 1, 1, 0, -86]	[[28, 150]]
"1506.b1"	1506	[1, 0, 1, 14, -124]	[[13, 41]]
"1506.d1"	1506	[1, 0, 1, -183, -2150]	[[46, 272]]
"1506.f1"	1506	[1, 0, 0, 703, 12681]	[[10, 139]]
"1507.c1"	1507	[1, 1, 0, -61, -210]	[[-185/6, 365/6]]
"1507.c2"	1507	[1, 1, 0, -6, -1]	[[-1/2, 7/2]]
"1512.d1"	1512	[0, 0, 0, -108, 324]	[[0, 18]]
"1512.e1"	1512	[0, 0, 0, -243, 1566]	[[15, 36]]
"1512.f1"	1512	[0, 0, 0, -1188, 7236]	[[-30, 126]]
"1512.g1"	1512	[0, 0, 0, -12, -12]	[[-2, 2]]
"1512.h1"	1512	[0, 0, 0, 93, -978]	[[7, 4]]
"1512.j1"	1512	[0, 0, 0, -132, -268]	[[-4, 14]]
"1518.e1"	1518	[1, 1, 0, -21589, -1229987]	[[421, 7822]]
"1518.e2"	1518	[1, 1, 0, -1589, -12483]	[[-9, 39]]
"1518.e3"	1518	[1, 1, 0, -1349, -19635]	[[53, 221]]
"1518.e4"	1518	[1, 1, 0, -69, -435]	[[115/3, 670/3]]
"1518.g1"	1518	[1, 0, 1, -349235, -79466290]	[[-1365/2, 1367/2]]
"1518.g2"	1518	[1, 0, 1, -4580, -95038]	[[-24, 46]]
"1518.n1"	1518	[1, 1, 1, -198, -621]	[[-9, 27]]
"1518.n2"	1518	[1, 1, 1, 42, -45]	[[3, 9]]
"1518.p1"	1518	[1, 0, 0, -4807, -128671]	[[-40, 23]]
"1520.b1"	1520	[0, 1, 0, -921, -10346]	[[62, 418]]
"1520.b2"	1520	[0, 1, 0, 884, -44280]	[[229/2, 3553/2]]
"1520.c1"	1520	[0, 1, 0, -20, -20]	[[-2, 4]]
"1520.c2"	1520	[0, 1, 0, 5, 0]	[[4, 10]]
"1520.d1"	1520	[0, -1, 0, -44480, 3625600]	[[120, 40]]
"1520.d2"	1520	[0, -1, 0, -480, 6400]	[[0, 80]]
"1520.f1"	1520	[0, 0, 0, -2027, -35126]	[[2089/6, 44605/6]]
"1520.f2"	1520	[0, 0, 0, -227, 434]	[[-11, 40]]
"1520.f3"	1520	[0, 0, 0, -127, -546]	[[97/2, 825/2]]
"1520.f4"	1520	[0, 0, 0, -2, -21]	[[23, 110]]
"1520.h1"	1520	[0, -1, 0, -416660, 103658192]	[[364, 300]]
"1520.h2"	1520	[0, -1, 0, -26035, 1626942]	[[381/2, 375/2]]
"1521.c1"	1521	[0, 0, 1, 0, -88]	[[12, 40]]
"1522.a1"	1522	[1, 1, 0, -186, -1036]	[[-77/3, -7/3]]
"1522.a2"	1522	[1, 1, 0, -26, 20]	[[-5, 10]]
"1522.c1"	1522	[1, 0, 0, -44, -112]	[[-4, 4]]
"1526.a1"	1526	[1, 0, 1, 122, 600]	[[21, 101]]
"1526.b1"	1526	[1, 0, 1, -14750, 688240]	[[-3728/9, 837991/9]]
"1526.b2"	1526	[1, 0, 1, -14605, 702472]	[[86, 247]]
"1526.b3"	1526	[1, 0, 1, 73140, 2049930]	[[-65/6, 299219/6]]
"1526.c1"	1526	[1, 0, 1, -18, -30]	[[6, 6]]
"1526.e1"	1526	[1, 1, 1, -11, 57]	[[3, 6]]
"1526.f1"	1526	[1, 1, 1, -5060, -142437]	[[191191/30, 75493021/30]]
"1526.f2"	1526	[1, 1, 1, 50, 363]	[[21, 95]]
"1530.c2"	1530	[1, -1, 0, -29475, 1955745]	[[96, 15]]
"1530.c3"	1530	[1, -1, 0, -5895, 168021]	[[57, 93]]
"1530.c4"	1530	[1, -1, 0, 225, 10125]	[[6, 105]]
"1530.d2"	1530	[1, -1, 0, -3789, 81445]	[[66, 307]]
"1530.d3"	1530	[1, -1, 0, -909, -8987]	[[-13, 29]]
"1530.d4"	1530	[1, -1, 0, 5211, 403645]	[[21, 712]]
"1530.e1"	1530	[1, -1, 0, -1329954, 590670260]	[[671, -123]]
"1530.f2"	1530	[1, -1, 0, -1494, -21762]	[[-21, 6]]
"1530.f3"	1530	[1, -1, 0, -144, 108]	[[-6, 30]]
"1530.f4"	1530	[1, -1, 0, 36, 0]	[[4, 12]]
"1530.i2"	1530	[1, -1, 1, -6503, 206111]	[[3, 430]]
"1530.j1"	1530	[1, -1, 1, -68, -169]	[[-5, 7]]
"1530.j2"	1530	[1, -1, 1, 112, -1033]	[[13, 43]]
"1530.m1"	1530	[1, -1, 1, -4157, 103381]	[[41, 4]]
"1530.m2"	1530	[1, -1, 1, -77, 3829]	[[7, 56]]
"1539.b1"	1539	[1, -1, 1, -14, -18]	[[6, 6]]
"1539.e1"	1539	[1, -1, 0, -123, 602]	[[2, 18]]
"1540.a1"	1540	[0, 1, 0, -196140, -33466412]	[[-1043/2, 1029/2]]
"1540.a2"	1540	[0, 1, 0, -196085, -33486080]	[[1328, 45276]]
"1540.a3"	1540	[0, 1, 0, -9140, 285988]	[[36, 70]]
"1540.a4"	1540	[0, 1, 0, -2485, -44100]	[[-35, 35]]
"1540.b1"	1540	[0, 0, 0, -47, 86]	[[7, 10]]
"1540.b2"	1540	[0, 0, 0, 8, 9]	[[0, 3]]
"1542.a1"	1542	[1, 0, 1, -49, 128]	[[1, 8]]
"1542.b2"	1542	[1, 1, 1, -263, 5789]	[[-3, 82]]
"1547.a1"	1547	[1, 0, 0, -13, 0]	[[-1, 4]]
"1547.a2"	1547	[1, 0, 0, 52, 13]	[[4, 15]]
"1548.a1"	1548	[0, 0, 0, -39, 254]	[[7, 18]]
"1549.a1"	1549	[1, -1, 1, -1, -2]	[[2, 0]]
"1550.a1"	1550	[1, 0, 1, -26651, -1676802]	[[212, 1381]]
"1550.a2"	1550	[1, 0, 1, -1651, -26802]	[[87, 656]]
"1550.c1"	1550	[1, -1, 0, -8267, 291391]	[[55, 1]]
"1550.c2"	1550	[1, -1, 0, -767, -109]	[[29, 23]]
"1550.c3"	1550	[1, -1, 0, -517, 4641]	[[5, 44]]
"1550.c4"	1550	[1, -1, 0, -17, 141]	[[-1, 13]]
"1550.d1"	1550	[1, 0, 1, -31, 178]	[[-4, 17]]
"1550.f1"	1550	[1, 1, 1, -763, 22281]	[[135, 1482]]
"1554.a1"	1554	[1, 1, 0, 53, -707]	[[9, 20]]
"1554.b1"	1554	[1, 0, 1, -11673, -474308]	[[-61, 138]]
"1554.b2"	1554	[1, 0, 1, 167, -24388]	[[64, 467]]
"1554.c1"	1554	[1, 0, 1, -22102, 1262840]	[[49, 521]]
"1554.c2"	1554	[1, 0, 1, -1382, 19640]	[[20, 0]]
"1554.c3"	1554	[1, 0, 1, -1142, 26744]	[[41, 201]]
"1554.c4"	1554	[1, 0, 1, -102, 184]	[[-2, 20]]
"1554.d1"	1554	[1, 0, 1, -5632, 74786]	[[7, 185]]
"1554.d2"	1554	[1, 0, 1, 1228, 8930]	[[0, 94]]
"1554.e1"	1554	[1, 0, 1, 17, 44]	[[4, 11]]
"1554.f1"	1554	[1, 0, 1, -633, 6070]	[[16, 2]]
"1554.g1"	1554	[1, 1, 1, -7, 5]	[[1, 0]]
"1554.h1"	1554	[1, 1, 1, -9478, -30781]	[[-89, 387]]
"1554.i1"	1554	[1, 1, 1, -405, -4197]	[[27, 60]]
"1554.k1"	1554	[1, 0, 0, 38, 356]	[[-4, 14]]
"1554.l1"	1554	[1, 0, 0, -159177, -34893381]	[[16595/2, 2110831/2]]
"1554.l2"	1554	[1, 0, 0, -4767, 127449]	[[48, 75]]
"1554.l3"	1554	[1, 0, 0, 15753, 666801]	[[-4, 779]]
"1556.a1"	1556	[0, 0, 0, -32, 68]	[[4, 2]]
"1560.a1"	1560	[0, -1, 0, -7696, 261820]	[[54, 28]]
"1560.a2"	1560	[0, -1, 0, -7176, -230724]	[[-50, 24]]
"1560.a3"	1560	[0, -1, 0, -676, 676]	[[0, 26]]
"1560.a4"	1560	[0, -1, 0, 169, 0]	[[1, 13]]
"1560.g1"	1560	[0, 1, 0, -1656, -26400]	[[92, 780]]
"1560.g2"	1560	[0, 1, 0, -156, 0]	[[-4, 24]]
"1560.g3"	1560	[0, 1, 0, -111, 414]	[[5, 3]]
"1560.g4"	1560	[0, 1, 0, 624, 624]	[[35, 258]]
"1560.h1"	1560	[0, 1, 0, 9719, 245915]	[[59, 1014]]
"1560.j1"	1560	[0, 1, 0, -105, 603]	[[-9, 30]]
"1566.f1"	1566	[1, -1, 0, -639, 6381]	[[21, 33]]
"1566.k1"	1566	[1, -1, 1, 31, -111]	[[9, 24]]
"1566.n1"	1566	[1, -1, 1, -170, -791]	[[-7, 7]]
"1568.c1"	1568	[0, 1, 0, -72, -260]	[[11, 20]]
"1568.e1"	1568	[0, 0, 0, -539, -4802]	[[49, 294]]
"1568.e2"	1568	[0, 0, 0, -539, 4802]	[[-14, 98]]
"1568.e3"	1568	[0, 0, 0, -49, 0]	[[25, 120]]
"1568.e4"	1568	[0, 0, 0, 196, 0]	[[2, 20]]
"1568.g1"	1568	[0, -1, 0, -3544, 82104]	[[361/3, 1448/3]]
"1570.b1"	1570	[1, -1, 0, -2000, -31250]	[[-251/3, 1658/3]]
"1570.b2"	1570	[1, -1, 0, -430, 2976]	[[7, 13]]
"1570.b3"	1570	[1, -1, 0, -410, 3300]	[[8, 18]]
"1570.b4"	1570	[1, -1, 0, 820, 16226]	[[257, 4013]]
"1570.c1"	1570	[1, 0, 0, -31391, -3185075]	[[61763/14, 11286409/14]]
"1570.c3"	1570	[1, 0, 0, 3149, 66081]	[[66, 717]]
"1575.c1"	1575	[1, -1, 1, -176405, 28561722]	[[243, -115]]
"1575.c2"	1575	[1, -1, 1, -11030, 447972]	[[68, 60]]
"1575.c3"	1575	[1, -1, 1, -8780, -312528]	[[-51, 0]]
"1575.c4"	1575	[1, -1, 1, -7655, 724722]	[[14, 780]]
"1575.c5"	1575	[1, -1, 1, -905, 2472]	[[-6, 90]]
"1575.c6"	1575	[1, -1, 1, 220, 222]	[[8, 45]]
"1575.d1"	1575	[1, -1, 1, -65, 162]	[[8, 6]]
"1575.d2"	1575	[1, -1, 1, 10, 12]	[[0, 3]]
"1575.i1"	1575	[1, -1, 0, -162, -729]	[[30, 129]]
"1575.i2"	1575	[1, -1, 0, 63, -2754]	[[18, 54]]
"1575.j2"	1575	[1, -1, 0, 93, -424]	[[8, 24]]
"1578.b1"	1578	[1, 0, 1, -27, 40]	[[4, -1]]
"1578.c1"	1578	[1, 0, 1, -3451, 77726]	[[34, -16]]
"1578.c2"	1578	[1, 0, 1, -211, 1262]	[[7, 8]]
"1578.e1"	1578	[1, 0, 0, -492, 7056]	[[12, 48]]
"1580.a1"	1580	[0, 0, 0, -463, -3738]	[[1986, 88500]]
"1580.a2"	1580	[0, 0, 0, -68, 133]	[[-9, 4]]
"1582.a1"	1582	[1, -1, 1, -2461, -46303]	[[243, 3574]]
"1582.a2"	1582	[1, -1, 1, -201, -199]	[[17, 24]]
"1582.a4"	1582	[1, -1, 1, 779, -2159]	[[55/3, 1334/3]]
"1584.b1"	1584	[0, 0, 0, -267, -1670]	[[-9, 2]]
"1584.b2"	1584	[0, 0, 0, -27, 10]	[[-3, 8]]
"1584.d1"	1584	[0, 0, 0, -4251, 106666]	[[41, 36]]
"1584.d2"	1584	[0, 0, 0, -291, 1330]	[[3, 22]]
"1584.d3"	1584	[0, 0, 0, -111, -434]	[[-6, 4]]
"1584.d4"	1584	[0, 0, 0, 789, 8890]	[[-1, 90]]
"1584.f1"	1584	[0, 0, 0, -50691, -4392830]	[[311, 3150]]
"1584.f2"	1584	[0, 0, 0, -3171, -68510]	[[-33, 14]]
"1584.f4"	1584	[0, 0, 0, -291, 34]	[[-1, 18]]
"1584.h1"	1584	[0, 0, 0, -11595, -478726]	[[-65, 18]]
"1584.h2"	1584	[0, 0, 0, -5835, -954502]	[[127, 594]]
"1584.h3"	1584	[0, 0, 0, -795, 8138]	[[7, 54]]
"1584.h4"	1584	[0, 0, 0, 645, 34346]	[[7, 198]]
"1584.j1"	1584	[0, 0, 0, -75, 74]	[[-5, 18]]
"1584.j2"	1584	[0, 0, 0, 285, 578]	[[7, 54]]
"1584.k1"	1584	[0, 0, 0, -21195, -296838]	[[-17, 242]]
"1584.k2"	1584	[0, 0, 0, -16395, -808006]	[[223, 2574]]
"1584.k3"	1584	[0, 0, 0, -12555, 537786]	[[15, 594]]
"1584.k4"	1584	[0, 0, 0, -1035, -12358]	[[-17, 18]]
"1584.l2"	1584	[0, 0, 0, -15, -18]	[[-2, 2]]
"1584.p1"	1584	[0, 0, 0, -696, -7108]	[[38, 146]]
"1584.p2"	1584	[0, 0, 0, 24, -52]	[[2, 2]]
"1585.b1"	1585	[1, -1, 1, -33, -64]	[[22, 86]]
"1585.b2"	1585	[1, -1, 1, -28, -88]	[[8, 8]]
"1586.a1"	1586	[1, 1, 0, -111, 613]	[[-3, 32]]
"1587.e1"	1587	[1, 0, 1, -8211, 284719]	[[1699/6, 6433/6]]
"1587.e2"	1587	[1, 0, 1, -276, 8581]	[[343, 6176]]
"1590.b1"	1590	[1, 1, 0, 7, -3]	[[1, 2]]
"1590.c1"	1590	[1, 1, 0, -3200058, -2204690988]	[[234059753/319, 1621068070669/319]]
"1590.c2"	1590	[1, 1, 0, -200058, -34490988]	[[-6421/5, 38223/5]]
"1590.c3"	1590	[1, 1, 0, -149178, -52390572]	[[5583059/55, 12694554813/55]]
"1590.c4"	1590	[1, 1, 0, -15738, -244332]	[[-93, 699]]
"1590.f1"	1590	[1, 0, 1, -294, -1958]	[[-10, 6]]
"1590.f2"	1590	[1, 0, 1, -24, -14]	[[-4, 6]]
"1590.h1"	1590	[1, 0, 1, 258361, 36727562]	[[246, 10609]]
"1590.i1"	1590	[1, 0, 1, -2803, -42802]	[[-26, 125]]
"1590.i2"	1590	[1, 0, 1, 6917, -272194]	[[100, 1142]]
"1590.j1"	1590	[1, 1, 1, -136, -667]	[[17, 39]]
"1590.j2"	1590	[1, 1, 1, -106, -931]	[[67/2, 317/2]]
"1590.l1"	1590	[1, 1, 1, -110021, 14000843]	[[71, 2524]]
"1590.o1"	1590	[1, 1, 1, -650, -5833]	[[-13, 31]]
"1590.o2"	1590	[1, 1, 1, -170, 695]	[[3, 13]]
"1590.s1"	1590	[1, 0, 0, -406, 3620]	[[8, 26]]
"1592.a1"	1592	[0, 1, 0, 4, 1]	[[0, 1]]
"1595.b1"	1595	[1, 0, 0, -20, -5]	[[-3, 7]]
"1595.b2"	1595	[1, 0, 0, 5, 0]	[[1, 2]]
"1596.a1"	1596	[0, -1, 0, -1468, -14696]	[[-30, 38]]
"1596.a2"	1596	[0, -1, 0, 247, -1662]	[[7, 19]]
"1596.d1"	1596	[0, 1, 0, -4884, 129636]	[[36, 42]]
"1598.a1"	1598	[1, -1, 1, -1009, 12581]	[[347/2, 5701/2]]
"1598.a2"	1598	[1, -1, 1, -409, -2955]	[[43, 218]]
"1598.a3"	1598	[1, -1, 1, -69, 173]	[[9, 10]]
"1598.a4"	1598	[1, -1, 1, 11, 13]	[[1, 4]]
"1599.b1"	1599	[1, 1, 1, -7, -10]	[[-2, 1]]
"1599.c1"	1599	[1, 1, 0, -318, 369]	[[-16, 49]]
"1600.b1"	1600	[0, 0, 0, 500, 10000]	[[50, 400]]
"1600.c1"	1600	[0, 1, 0, -4133, -103637]	[[143, 1500]]
"1600.c2"	1600	[0, 1, 0, -3633, -129137]	[[253, 3900]]
"1600.c3"	1600	[0, 1, 0, -133, 363]	[[-2, 25]]
"1600.c4"	1600	[0, 1, 0, 367, 2863]	[[13, 100]]
"1600.d1"	1600	[0, 1, 0, -113, -497]	[[-6, 1]]
"1600.d2"	1600	[0, 1, 0, -13, 3]	[[-2, 5]]
"1600.e1"	1600	[0, 1, 0, -633, 5863]	[[18, 25]]
"1600.e2"	1600	[0, 1, 0, -8, 238]	[[13, 50]]
"1600.h1"	1600	[0, -1, 0, -33, 97]	[[1, 8]]
"1600.l1"	1600	[0, 0, 0, -500, 0]	[[-4, 44]]
"1600.l2"	1600	[0, 0, 0, 125, 0]	[[121/2, 1419/2]]
"1600.m1"	1600	[0, 0, 0, -20, 0]	[[5, 5]]
"1600.m2"	1600	[0, 0, 0, 5, 0]	[[20, 90]]
"1600.o1"	1600	[0, 0, 0, -10700, -426000]	[[4360/3, 280700/3]]
"1600.o2"	1600	[0, 0, 0, -700, -6000]	[[-19, 21]]
"1600.o3"	1600	[0, 0, 0, -200, 1000]	[[6, 4]]
"1600.o4"	1600	[0, 0, 0, 1300, -34000]	[[110, 1200]]
"1600.p1"	1600	[0, 1, 0, -8033, 274463]	[[23, 320]]
"1600.p2"	1600	[0, 1, 0, -4833, -157537]	[[247, 3712]]
"1600.p3"	1600	[0, 1, 0, -33, 863]	[[7, 32]]
"1600.p4"	1600	[0, 1, 0, 35167, 1162463]	[[2183, 102400]]
"1600.r1"	1600	[0, 1, 0, -33, -97]	[[7, 8]]
"1600.t1"	1600	[0, -1, 0, -633, -5863]	[[32, 75]]
"1600.t2"	1600	[0, -1, 0, -8, -238]	[[187, 2550]]
"1600.u1"	1600	[0, -1, 0, -2833, -56463]	[[4467, 298500]]
"1600.u2"	1600	[0, -1, 0, -333, 1037]	[[-19, 12]]
"1602.c1"	1602	[1, -1, 1, -6161, -184575]	[[-45, 24]]
"1605.c1"	1605	[0, 1, 1, -625, -6224]	[[-59/2, 11/2]]
"1607.a1"	1607	[1, 0, 0, -7, -8]	[[3, -1]]
"1610.a1"	1610	[1, -1, 0, -15610, -746700]	[[2215/2, 99035/2]]
"1610.c1"	1610	[1, 0, 0, -1691, -26675]	[[50, 95]]
"1610.c2"	1610	[1, 0, 0, -441, -64925]	[[1675/6, 22145/6]]
"1610.c3"	1610	[1, 0, 0, -151, 681]	[[8, -3]]
"1610.c4"	1610	[1, 0, 0, 49, 2401]	[[-12, 17]]
"1610.d1"	1610	[1, 0, 0, -25120, -1116288]	[[-116, 548]]
"1610.d2"	1610	[1, 0, 0, -9120, 320512]	[[44, 48]]
"1610.e1"	1610	[1, -1, 1, -1348, 6631]	[[-5, 117]]
"1610.e2"	1610	[1, -1, 1, 5052, 47591]	[[31, 467]]
"1610.f1"	1610	[1, -1, 1, -36598, 2703961]	[[113, -15]]
"1610.f2"	1610	[1, -1, 1, -2298, 42281]	[[15, 97]]
"1610.f4"	1610	[1, -1, 1, 2, 121401]	[[61, 557]]
"1610.g1"	1610	[1, -1, 1, -8587, -304111]	[[1749/4, 11413/4]]
"1610.g2"	1610	[1, -1, 1, -537, -4651]	[[59, 378]]
"1610.g3"	1610	[1, -1, 1, -487, -5591]	[[2119/6, 81833/6]]
"1611.b1"	1611	[1, -1, 1, 13, 20]	[[0, 4]]
"1617.a1"	1617	[0, -1, 1, 572, 18906]	[[33, 269]]
"1617.b1"	1617	[0, 1, 1, 12, -52]	[[6, 16]]
"1617.e2"	1617	[1, 0, 0, -13917, 618120]	[[39, 348]]
"1617.e3"	1617	[1, 0, 0, -1912, -18145]	[[-13, 74]]
"1617.e4"	1617	[1, 0, 0, -1667, -26328]	[[-1919/9, 6533/9]]
"1617.e5"	1617	[1, 0, 0, 1518, 1917747]	[[186, 2847]]
"1617.e6"	1617	[1, 0, 0, 6173, -129718]	[[526, 11932]]
"1617.i1"	1617	[1, 0, 1, -174466, -17340319]	[[-167, 2756]]
"1617.i2"	1617	[1, 0, 1, 33049, -1901203]	[[537, 12799]]
"1620.b1"	1620	[0, 0, 0, -63, 198]	[[6, 6]]
"1620.b2"	1620	[0, 0, 0, 297, 702]	[[-2, 10]]
"1620.d1"	1620	[0, 0, 0, -3672, -85644]	[[-35, 1]]
"1620.d2"	1620	[0, 0, 0, -72, 36]	[[0, 6]]
"1620.e1"	1620	[0, 0, 0, -567, -5346]	[[250/3, 496/3]]
"1620.e2"	1620	[0, 0, 0, 33, -26]	[[15, 62]]
"1620.f1"	1620	[0, 0, 0, -60912, -5786316]	[[-1283/3, 35/3]]
"1628.a1"	1628	[0, 0, 0, -71, -210]	[[-15/2, 15/2]]
"1628.a2"	1628	[0, 0, 0, -16, 21]	[[-1, 6]]
"1632.a1"	1632	[0, -1, 0, 3, 21]	[[-1, 4]]
"1632.b1"	1632	[0, -1, 0, -221, 3669]	[[-5, 68]]
"1632.d1"	1632	[0, -1, 0, -458, -3624]	[[38, 180]]
"1632.d2"	1632	[0, -1, 0, -448, -3800]	[[525/2, 11815/2]]
"1632.f1"	1632	[0, -1, 0, -1632, -24840]	[[857/4, 12565/4]]
"1632.f2"	1632	[0, -1, 0, -192, 468]	[[-12, 30]]
"1632.f3"	1632	[0, -1, 0, -102, -360]	[[44, 280]]
"1632.f4"	1632	[0, -1, 0, -17, -1023]	[[13, 28]]
"1632.g1"	1632	[0, 1, 0, 3, -21]	[[5, 12]]
"1632.h1"	1632	[0, 1, 0, -141, 603]	[[9, 12]]
"1632.i1"	1632	[0, 1, 0, -221, -3669]	[[73, 612]]
"1632.j1"	1632	[0, 1, 0, -458, 3624]	[[13, 6]]
"1632.k1"	1632	[0, 1, 0, 275, -229]	[[5, 36]]
"1634.a1"	1634	[1, 0, 1, 8, 6]	[[1, 3]]
"1638.d1"	1638	[1, -1, 0, -3753, -87561]	[[-35, 18]]
"1638.d2"	1638	[1, -1, 0, -243, -1215]	[[-9, 18]]
"1638.d3"	1638	[1, -1, 0, -63, 189]	[[3, 3]]
"1638.d4"	1638	[1, -1, 0, 387, -6885]	[[33, 186]]
"1638.e1"	1638	[1, -1, 0, -1932, -14896]	[[56, 196]]
"1638.e2"	1638	[1, -1, 0, -957, 11637]	[[-9, 144]]
"1638.e3"	1638	[1, -1, 0, -897, 13113]	[[12, 57]]
"1638.e4"	1638	[1, -1, 0, 6708, -116848]	[[64, 724]]
"1638.l2"	1638	[1, -1, 1, -1094, 133589]	[[27, 337]]
"1638.l3"	1638	[1, -1, 1, 121, -4921]	[[81, 688]]
"1639.b1"	1639	[0, 1, 1, 65, -147]	[[87, 819]]
"1639.c1"	1639	[1, 0, 1, -452, 3655]	[[13, -2]]
"1640.a1"	1640	[0, 1, 0, -260, 1408]	[[6, 10]]
"1640.a2"	1640	[0, 1, 0, -55, -150]	[[-5, 5]]
"1640.b1"	1640	[0, 1, 0, -120, 448]	[[8, 8]]
"1640.d1"	1640	[0, 0, 0, -156307, 22257294]	[[438, 6150]]
"1640.d2"	1640	[0, 0, 0, -31307, -1717706]	[[663, 16400]]
"1641.b1"	1641	[0, 1, 1, -24, 38]	[[3, 1]]
"1641.d1"	1641	[0, -1, 1, -3, 92]	[[12, 40]]
"1646.b1"	1646	[1, 0, 0, -756, -368]	[[-24, 76]]
"1646.c1"	1646	[1, -1, 1, -37, 93]	[[3, 0]]
"1650.a1"	1650	[1, 1, 0, -22575, 1297125]	[[110, 345]]
"1650.b1"	1650	[1, 1, 0, -97125, -11690625]	[[-181, 76]]
"1650.b2"	1650	[1, 1, 0, -29375, 1925625]	[[100, -25]]
"1650.b3"	1650	[1, 1, 0, -6375, -165375]	[[95, 265]]
"1650.b4"	1650	[1, 1, 0, -1875, 28125]	[[5, 135]]
"1650.b5"	1650	[1, 1, 0, 125, 2125]	[[-5, 40]]
"1650.b6"	1650	[1, 1, 0, 12375, -934125]	[[65, 355]]
"1650.d1"	1650	[1, 1, 0, -14450, 676500]	[[71, 86]]
"1650.d2"	1650	[1, 1, 0, 125, -1925]	[[31, 166]]
"1650.g1"	1650	[1, 0, 1, -3051, -133802]	[[143, 1464]]
"1650.g2"	1650	[1, 0, 1, 324, 3898]	[[-7, 39]]
"1650.h1"	1650	[1, 0, 1, -4277126, -3405034852]	[[-1194, 601]]
"1650.h3"	1650	[1, 0, 1, -267626, -53092852]	[[-303, 601]]
"1650.h4"	1650	[1, 0, 1, -130126, -107542852]	[[667, 9791]]
"1650.h5"	1650	[1, 0, 1, -25626, 147148]	[[-19, 801]]
"1650.h6"	1650	[1, 0, 1, 6374, 19148]	[[22, 401]]
"1650.l1"	1650	[1, 1, 1, -13, 131]	[[5, 12]]
"1650.n1"	1650	[1, 1, 1, -11463, -526659]	[[139, 698]]
"1651.a1"	1651	[0, 0, 1, 16, 6]	[[0, 2]]
"1654.a1"	1654	[1, -1, 0, -253, -1467]	[[-9, 9]]
"1656.a1"	1656	[0, 0, 0, -507, 4070]	[[19, 36]]
"1656.a2"	1656	[0, 0, 0, 33, 290]	[[1, 18]]
"1656.c1"	1656	[0, 0, 0, -495, 4239]	[[13, 1]]
"1656.d1"	1656	[0, 0, 0, -419835, -104704666]	[[13315, 1534572]]
"1656.d2"	1656	[0, 0, 0, -26175, -1644478]	[[193, 702]]
"1656.e1"	1656	[0, 0, 0, -315, -1674]	[[30, 126]]
"1656.e2"	1656	[0, 0, 0, 45, -162]	[[6, 18]]
"1656.f1"	1656	[0, 0, 0, -26499, -1660322]	[[4706/5, 18396/5]]
"1656.f2"	1656	[0, 0, 0, -2739, 11950]	[[-42, 230]]
"1656.f3"	1656	[0, 0, 0, -1659, -25850]	[[122, 1260]]
"1656.f4"	1656	[0, 0, 0, -39, -902]	[[14, 36]]
"1659.a1"	1659	[1, 0, 0, -504, 3969]	[[9, 9]]
"1659.a2"	1659	[1, 0, 0, -109, -376]	[[-7, 11]]
"1659.a3"	1659	[1, 0, 0, -104, -417]	[[19, 58]]
"1659.a4"	1659	[1, 0, 0, 206, -2077]	[[14, 53]]
"1664.b1"	1664	[0, 0, 0, -1, -2]	[[2, 2]]
"1664.c1"	1664	[0, 1, 0, -34, 66]	[[-1, 10]]
"1664.c2"	1664	[0, 1, 0, -29, 91]	[[1, 8]]
"1664.f1"	1664	[0, 1, 0, -137, -665]	[[18, 55]]
"1664.f2"	1664	[0, 1, 0, -7, -15]	[[5, 10]]
"1664.h1"	1664	[0, -1, 0, 39, 169]	[[13, 52]]
"1664.i1"	1664	[0, -1, 0, -185, 1033]	[[9, 4]]
"1664.k1"	1664	[0, 1, 0, 39, -169]	[[13, 52]]
"1664.l1"	1664	[0, 1, 0, -46, 106]	[[3, 2]]
"1664.m1"	1664	[0, 1, 0, 10, 26]	[[-1, 4]]
"1664.n1"	1664	[0, 1, 0, -185, -1033]	[[17, 32]]
"1664.o1"	1664	[0, -1, 0, -304649, 64823033]	[[283, 1092]]
"1664.o2"	1664	[0, -1, 0, -19039, 1017759]	[[75, 78]]
"1664.p1"	1664	[0, -1, 0, -34, -66]	[[733/6, 18415/6]]
"1664.p2"	1664	[0, -1, 0, -29, -91]	[[79, 696]]
"1665.b1"	1665	[1, -1, 1, -32, 74]	[[-6, 7]]
"1665.b2"	1665	[1, -1, 1, 13, 236]	[[4, 16]]
"1665.e1"	1665	[0, 0, 1, -12, 765]	[[-7, 22]]
"1666.a1"	1666	[1, -1, 0, -74881, -28409795]	[[19602/7, 738305/7]]
"1666.c1"	1666	[1, 0, 1, -222, 1418]	[[-16, 38]]
"1666.c2"	1666	[1, 0, 1, 1493, -5442]	[[4, 22]]
"1666.d1"	1666	[1, 1, 0, -221, -1679]	[[20, 39]]
"1666.f1"	1666	[1, 0, 1, -5, 4]	[[1, 0]]
"1666.g1"	1666	[1, 1, 0, -4, -6]	[[3, 3]]
"1666.g2"	1666	[1, 1, 0, 31, 29]	[[7, 22]]
"1666.h1"	1666	[1, -1, 0, -1528, 83264]	[[-464/3, 4792/3]]
"1666.j2"	1666	[1, -1, 1, -1896, 16391]	[[81, 583]]
"1666.j3"	1666	[1, -1, 1, -916, -10265]	[[-17, 21]]
"1666.j4"	1666	[1, -1, 1, 6434, 116351]	[[2083/6, 171743/6]]
"1666.k1"	1666	[1, -1, 1, 407, -43095]	[[135, 1500]]
"1666.l1"	1666	[1, -1, 1, 8, 123]	[[-3, 9]]
"1668.a1"	1668	[0, 1, 0, -21, 36]	[[3, 3]]
"1671.a1"	1671	[0, -1, 1, -7, 9]	[[1, 1]]
"1672.c1"	1672	[0, 1, 0, -5192, 142832]	[[221/2, 1331/2]]
"1674.c1"	1674	[1, -1, 0, -30417, -2033443]	[[338, 4951]]
"1674.f1"	1674	[1, -1, 1, -326, -1835]	[[-11, 23]]
"1674.h2"	1674	[1, -1, 1, 25, 2323]	[[11, 56]]
"1674.i1"	1674	[1, -1, 1, -9425, -349811]	[[-2009/6, 5929/6]]
"1674.i2"	1674	[1, -1, 1, -3380, 76439]	[[33, -11]]
"1674.i3"	1674	[1, -1, 1, -125, -379]	[[-5, 12]]
"1675.a1"	1675	[0, -1, 1, -308, -1982]	[[22, 37]]
"1675.c1"	1675	[0, 0, 1, -50, 281]	[[5, 12]]
"1675.d1"	1675	[0, -1, 1, -13, 23]	[[3, 1]]
"1675.d2"	1675	[0, -1, 1, 37, 88]	[[-2, 1]]
"1677.a1"	1677	[1, 1, 1, -72, 204]	[[4, -4]]
"1677.a2"	1677	[1, 1, 1, -7, -4]	[[-2, 3]]
"1677.b1"	1677	[1, 0, 0, -222, -1287]	[[-9, 6]]
"1677.b2"	1677	[1, 0, 0, -7, -40]	[[5, 5]]
"1678.b1"	1678	[1, -1, 1, -22, 37]	[[1, 3]]
"1680.c1"	1680	[0, -1, 0, -656, -6240]	[[-14, 2]]
"1680.c2"	1680	[0, -1, 0, -56, 0]	[[-4, 12]]
"1680.c3"	1680	[0, -1, 0, -36, 96]	[[5, 4]]
"1680.c4"	1680	[0, -1, 0, 224, -224]	[[10, 54]]
"1680.f1"	1680	[0, -1, 0, -1800, 30000]	[[26, 10]]
"1680.f2"	1680	[0, -1, 0, -120, 432]	[[2, 14]]
"1680.f3"	1680	[0, -1, 0, -40, -80]	[[-3, 2]]
"1680.f4"	1680	[0, -1, 0, 280, 2352]	[[2, 54]]
"1680.g1"	1680	[0, -1, 0, -5619720, 5129544432]	[[1538, 11050]]
"1680.g2"	1680	[0, -1, 0, -351240, 80233200]	[[2, 8918]]
"1680.g3"	1680	[0, -1, 0, -325640, 92398320]	[[842, 20358]]
"1680.g4"	1680	[0, -1, 0, -69720, 6984432]	[[124, 480]]
"1680.g5"	1680	[0, -1, 0, -23560, 1065712]	[[-3, 1066]]
"1680.g6"	1680	[0, -1, 0, -9240, -176400]	[[-70, 350]]
"1680.g7"	1680	[0, -1, 0, -7960, -270608]	[[-51, 10]]
"1680.g8"	1680	[0, -1, 0, 30760, -1328400]	[[90, 1470]]
"1680.h1"	1680	[0, -1, 0, -6720, -209808]	[[97, 204]]
"1680.h2"	1680	[0, -1, 0, -6480, 202272]	[[44, 20]]
"1680.h3"	1680	[0, -1, 0, -600, 0]	[[-3, 42]]
"1680.h4"	1680	[0, -1, 0, -420, -3168]	[[52, 336]]
"1680.h5"	1680	[0, -1, 0, -15, -90]	[[118/3, 1144/3]]
"1680.h6"	1680	[0, -1, 0, 2400, -2400]	[[10, 150]]
"1680.m1"	1680	[0, 1, 0, -1736, -26796]	[[-20, 18]]
"1680.m2"	1680	[0, 1, 0, -336, 1764]	[[0, 42]]
"1680.m3"	1680	[0, 1, 0, -316, 2060]	[[11, 6]]
"1680.m4"	1680	[0, 1, 0, 744, 11700]	[[-6, 84]]
"1680.p1"	1680	[0, 1, 0, -24400, 1458548]	[[92, 30]]
"1680.p2"	1680	[0, 1, 0, -1720, 16100]	[[8, 54]]
"1680.p3"	1680	[0, 1, 0, -740, -7812]	[[-17, 12]]
"1680.p4"	1680	[0, 1, 0, -735, -7920]	[[48, 264]]
"1680.p5"	1680	[0, 1, 0, 160, -24732]	[[43, 252]]
"1680.p6"	1680	[0, 1, 0, 5280, 119700]	[[15, 450]]
"1682.d1"	1682	[1, 0, 1, -382673, -91764536]	[[18889/5, 841652/5]]
"1682.d2"	1682	[1, 0, 1, 4187, 173584]	[[563, 13174]]
"1682.g1"	1682	[1, 0, 0, -61, -191]	[[12, 23]]
"1682.g2"	1682	[1, 0, 0, 374, 7204]	[[12, 110]]
"1683.a1"	1683	[0, 0, 1, 63, -34]	[[12, 49]]
"1683.b1"	1683	[1, -1, 1, -596, 3862]	[[-10, 98]]
"1683.b2"	1683	[1, -1, 1, 1699, 24976]	[[17, 233]]
"1683.e1"	1683	[0, 0, 1, -33564, 2366788]	[[106, 4]]
"1683.f1"	1683	[0, 0, 1, -2424, -46386]	[[134, 1426]]
"1683.i1"	1683	[1, -1, 0, -66, -121]	[[10, 7]]
"1683.i2"	1683	[1, -1, 0, 189, -988]	[[23/2, 107/2]]
"1683.j1"	1683	[0, 0, 1, -75, -297]	[[41/2, 23/2]]
"1686.a1"	1686	[1, 0, 1, -16, -34]	[[9, 19]]
"1690.b1"	1690	[1, -1, 0, -234350, -43607680]	[[101917/12, 20173639/12]]
"1690.b2"	1690	[1, -1, 0, -14650, -678300]	[[-281/2, 455/2]]
"1690.b3"	1690	[1, -1, 0, -11270, -1002104]	[[868, 24916]]
"1690.b4"	1690	[1, -1, 0, -1130, -5004]	[[-28, 78]]
"1691.a1"	1691	[0, 0, 1, 7, 17]	[[17/2, 85/2]]
"1694.b1"	1694	[1, -1, 0, -50, -236]	[[12, 22]]
"1694.c2"	1694	[1, -1, 0, -73046, -2899748]	[[-419/3, 17671/3]]
"1694.c3"	1694	[1, -1, 0, -39166, 2961492]	[[61, 862]]
"1694.e1"	1694	[1, 0, 0, -330393, 73068601]	[[362, 787]]
"1694.e3"	1694	[1, 0, 0, -4298, 88540]	[[54, 94]]
"1694.e4"	1694	[1, 0, 0, -1273, -17577]	[[403/2, 7099/2]]
"1694.e5"	1694	[1, 0, 0, -63, -395]	[[98, 919]]
"1694.e6"	1694	[1, 0, 0, 542, 8196]	[[10, 116]]
"1694.h1"	1694	[1, -1, 1, -6073, 332313]	[[333, 5762]]
"1695.a1"	1695	[0, -1, 1, 4, 2]	[[1, 2]]
"1695.d1"	1695	[0, 1, 1, 19, -19]	[[7, 22]]
"1698.c1"	1698	[1, 0, 0, -354, 2628]	[[12, 6]]
"1700.a1"	1700	[0, -1, 0, -188, -968]	[[18, 34]]
"1700.a2"	1700	[0, -1, 0, 12, -8]	[[1, 2]]
"1700.c1"	1700	[0, 1, 0, -4708, -130412]	[[46447/21, 6887672/21]]
"1700.c2"	1700	[0, 1, 0, 292, -412]	[[92, 902]]
"1701.b1"	1701	[0, 0, 1, 81, -952]	[[36, 220]]
"1701.d1"	1701	[1, -1, 1, -2, -2]	[[2, -1]]
"1701.i1"	1701	[0, 0, 1, 9, 35]	[[1/2, 45/2]]
"1704.a1"	1704	[0, -1, 0, -104, -276]	[[13, 20]]
"1704.a2"	1704	[0, -1, 0, 16, -36]	[[5, 12]]
"1704.c1"	1704	[0, 1, 0, -27264, 1723680]	[[405/2, 855/2]]
"1704.c2"	1704	[0, 1, 0, -2064, 14112]	[[51, 210]]
"1704.c3"	1704	[0, 1, 0, -1704, 26496]	[[27, 30]]
"1704.c4"	1704	[0, 1, 0, -84, 576]	[[0, 24]]
"1710.a1"	1710	[1, -1, 0, -4875, -128539]	[[-37, 6]]
"1710.c1"	1710	[1, -1, 0, -270, 1750]	[[5, 20]]
"1710.c2"	1710	[1, -1, 0, 0, 76]	[[2, 8]]
"1710.e1"	1710	[1, -1, 0, -4432320, -3590548484]	[[44367, 9312250]]
"1710.e2"	1710	[1, -1, 0, -280440, -54592700]	[[-310, 1730]]
"1710.e3"	1710	[1, -1, 0, -277020, -56050304]	[[627, 3743]]
"1710.e4"	1710	[1, -1, 0, -17100, -895280]	[[323, 5054]]
"1710.h1"	1710	[1, -1, 0, -399, 1805]	[[19, 19]]
"1710.h2"	1710	[1, -1, 0, 81, 173]	[[-1, 10]]
"1710.i1"	1710	[1, -1, 0, -5589, 161995]	[[41, 2]]
"1710.i2"	1710	[1, -1, 0, -459, 913]	[[-3, 49]]
"1710.i3"	1710	[1, -1, 0, -279, -1715]	[[-9, 7]]
"1710.i4"	1710	[1, -1, 0, 1791, 5863]	[[17, 194]]
"1710.l1"	1710	[1, -1, 1, -8708, 314867]	[[57, 7]]
"1710.l2"	1710	[1, -1, 1, -4028, -94669]	[[-35, 67]]
"1710.l3"	1710	[1, -1, 1, -608, 3827]	[[3, 43]]
"1710.l4"	1710	[1, -1, 1, 112, 371]	[[3, 25]]
"1710.m1"	1710	[1, -1, 1, -3593, -45143]	[[-37, 208]]
"1710.m2"	1710	[1, -1, 1, 727, -5399]	[[23, 140]]
"1710.p1"	1710	[1, -1, 1, -542, 4941]	[[11, 9]]
"1710.p2"	1710	[1, -1, 1, -62, -51]	[[-3, 11]]
"1710.q1"	1710	[1, -1, 1, -17987, 931011]	[[71, 54]]
"1710.q2"	1710	[1, -1, 1, -707, 25539]	[[-13, 186]]
"1712.a1"	1712	[0, 1, 0, -432, 3316]	[[12, 2]]
"1712.g1"	1712	[0, 1, 0, -28, -68]	[[6, 4]]
"1712.j1"	1712	[0, -1, 0, 24, -16]	[[2, 6]]
"1714.a1"	1714	[1, 0, 1, -61, -144]	[[-6, 6]]
"1714.a2"	1714	[1, 0, 1, -21, 32]	[[-5, 6]]
"1714.b1"	1714	[1, -1, 0, -17, -23]	[[6, 5]]
"1714.b2"	1714	[1, -1, 0, -7, -57]	[[23/2, 43/2]]
"1716.a1"	1716	[0, -1, 0, -668, 2376]	[[25, 26]]
"1716.a2"	1716	[0, -1, 0, -533, 4914]	[[10, 22]]
"1716.b1"	1716	[0, 1, 0, -11044, 438020]	[[68, 78]]
"1716.b2"	1716	[0, 1, 0, -109, 18116]	[[-19, 117]]
"1719.b2"	1719	[1, -1, 0, 27, 0]	[[36, 198]]
"1722.a1"	1722	[1, 1, 0, -44, 96]	[[4, 0]]
"1722.d1"	1722	[1, 1, 0, -126, 12642]	[[413, 8197]]
"1722.f1"	1722	[1, 0, 1, -43, -490]	[[31, 152]]
"1722.h2"	1722	[1, 1, 1, -480, -4419]	[[537, 12179]]
"1722.i1"	1722	[1, 1, 1, -43939, 3526745]	[[121, -54]]
"1722.i2"	1722	[1, 1, 1, -7699, -193159]	[[-59, 274]]
"1722.i3"	1722	[1, 1, 1, -2779, 52841]	[[37, 30]]
"1722.i4"	1722	[1, 1, 1, 101, 3305]	[[5, 60]]
"1722.j2"	1722	[1, 1, 1, -378, 2823]	[[9, 11]]
"1722.k1"	1722	[1, 1, 1, -5425, 187343]	[[-53, 600]]
"1722.n1"	1722	[1, 0, 0, -32, 384]	[[-2, 22]]
"1725.a1"	1725	[0, 1, 1, 742, -10606]	[[88, 862]]
"1725.c1"	1725	[1, 1, 1, -763, 7706]	[[-4, 105]]
"1725.g1"	1725	[1, 0, 0, -20763, 654642]	[[27, 324]]
"1725.h1"	1725	[1, 0, 0, -138, 267]	[[11, 5]]
"1725.h2"	1725	[1, 0, 0, 487, 2142]	[[13, 97]]
"1725.i1"	1725	[0, -1, 1, -113, -427]	[[13, 11]]
"1725.k1"	1725	[0, -1, 1, -33, 218]	[[12, 37]]
"1725.l1"	1725	[0, 1, 1, -6283, -208331]	[[1133/2, 36497/2]]
"1725.l2"	1725	[0, 1, 1, 467, 244]	[[2, 34]]
"1725.p1"	1725	[1, 1, 0, -5, 0]	[[4, 6]]
"1725.p2"	1725	[1, 1, 0, 20, 25]	[[0, 5]]
"1725.r1"	1725	[1, 0, 1, -15261, 724333]	[[23, 609]]
"1728.d2"	1728	[0, 0, 0, -204, -1136]	[[18, 32]]
"1728.e1"	1728	[0, 0, 0, -6, 6]	[[1, 1]]
"1728.f1"	1728	[0, 0, 0, 54, -54]	[[1, 1]]
"1728.n1"	1728	[0, 0, 0, -1080, -13662]	[[871, 25687]]
"1728.n2"	1728	[0, 0, 0, -120, 506]	[[7, 3]]
"1728.n3"	1728	[0, 0, 0, 0, -54]	[[7, 17]]
"1728.n4"	1728	[0, 0, 0, 0, 2]	[[-1, 1]]
"1728.o1"	1728	[0, 0, 0, -1080, 13662]	[[19, 1]]
"1728.o2"	1728	[0, 0, 0, -120, -506]	[[51, 355]]
"1728.o3"	1728	[0, 0, 0, 0, -2]	[[3, 5]]
"1728.o4"	1728	[0, 0, 0, 0, 54]	[[3, 9]]
"1728.s1"	1728	[0, 0, 0, -12, -272]	[[14, 48]]
"1728.u1"	1728	[0, 0, 0, -54, -162]	[[9, 9]]
"1728.v1"	1728	[0, 0, 0, 6, 2]	[[1, 3]]
"1731.b2"	1731	[1, 0, 0, 36, 9]	[[0, 3]]
"1731.c1"	1731	[0, 1, 1, 1, 2]	[[0, 1]]
"1734.b1"	1734	[1, 1, 0, -216900, -29485872]	[[1896, 78924]]
"1734.b2"	1734	[1, 1, 0, -73845, 7690221]	[[162, 27]]
"1734.b3"	1734	[1, 1, 0, -62285, 10194117]	[[-127, 4073]]
"1734.b4"	1734	[1, 1, 0, 522940, -186183984]	[[7295/2, 654223/2]]
"1734.c1"	1734	[1, 1, 0, -235, -1667]	[[102, 973]]
"1734.c2"	1734	[1, 1, 0, 20, 16]	[[0, 4]]
"1734.d1"	1734	[1, 1, 0, -21094, -1153910]	[[885, 25525]]
"1734.d2"	1734	[1, 1, 0, -20924, -1173732]	[[254, 3032]]
"1734.d3"	1734	[1, 1, 0, -2904, 59040]	[[33, 6]]
"1734.d4"	1734	[1, 1, 0, -184, 832]	[[1, 25]]
"1734.f1"	1734	[1, 0, 1, -68066, -7713868]	[[109061/5, 35678901/5]]
"1735.a1"	1735	[1, -1, 0, -25420, 1566325]	[[92, -41]]
"1736.a1"	1736	[0, 0, 0, -348619, -79003818]	[[38939/5, 7022988/5]]
"1736.a2"	1736	[0, 0, 0, -12479, -2296670]	[[213, 2170]]
"1736.b1"	1736	[0, 0, 0, -139, -618]	[[19, 60]]
"1736.b2"	1736	[0, 0, 0, 1, -30]	[[5, 10]]
"1737.a1"	1737	[0, 0, 1, -21, -284]	[[13, 40]]
"1737.b1"	1737	[1, -1, 0, -27, 0]	[[12, 30]]
"1737.b2"	1737	[1, -1, 0, 108, -81]	[[39/2, 303/2]]
"1739.a1"	1739	[0, 0, 1, -1897, -31802]	[[463/3, 2206/3]]
"1740.a1"	1740	[0, -1, 0, -741, -7434]	[[-15, 9]]
"1740.a2"	1740	[0, -1, 0, -116, -20184]	[[58, 406]]
"1740.c1"	1740	[0, -1, 0, -125, 570]	[[2, 18]]
"1740.c2"	1740	[0, -1, 0, 20, 1672]	[[9, 50]]
"1740.e1"	1740	[0, 1, 0, -486, -20115]	[[57, 375]]
"1742.a1"	1742	[1, 1, 1, -39, -131]	[[17, 58]]
"1744.b1"	1744	[0, -1, 0, -32, -256]	[[10, 18]]
"1744.b2"	1744	[0, -1, 0, 288, 6656]	[[74, 654]]
"1745.e1"	1745	[1, 1, 1, -36, 68]	[[-6, 13]]
"1745.e2"	1745	[1, 1, 1, -31, 94]	[[4, 5]]
"1746.c1"	1746	[1, -1, 0, -4626, -119948]	[[-39, 22]]
"1746.c2"	1746	[1, -1, 0, -306, -1580]	[[-7, 17]]
"1746.d1"	1746	[1, -1, 0, -27936, 1804194]	[[103, 56]]
"1746.d2"	1746	[1, -1, 0, -1746, 28512]	[[27, 9]]
"1746.d3"	1746	[1, -1, 0, -1476, 37422]	[[-23, 254]]
"1746.d4"	1746	[1, -1, 0, -126, 324]	[[0, 18]]
"1746.e1"	1746	[1, -1, 1, -140, 591]	[[-1, 27]]
"1746.e2"	1746	[1, -1, 1, 220, 2895]	[[11, 75]]
"1748.a1"	1748	[0, 1, 0, -157, 1599]	[[-11, 46]]
"1748.a2"	1748	[0, 1, 0, 1363, -35489]	[[490/3, 12167/3]]
"1748.b1"	1748	[0, 1, 0, -389, 3319]	[[10, 23]]
"1748.d1"	1748	[0, 0, 0, -32, -1468]	[[16, 46]]
"1748.e1"	1748	[0, 0, 0, -3992, 97092]	[[32, 46]]
"1748.f1"	1748	[0, 0, 0, -3061, -65491]	[[631/3, 6859/3]]
"1752.d2"	1752	[0, -1, 0, -1992, 33660]	[[70/3, 3680/3]]
"1752.d3"	1752	[0, -1, 0, -1972, 34372]	[[1, 180]]
"1752.d4"	1752	[0, -1, 0, 928, 121260]	[[7033/12, 915515/12]]
"1752.f1"	1752	[0, 1, 0, 343, 1419]	[[25, 162]]
"1752.g1"	1752	[0, 1, 0, -388, 2816]	[[10, 6]]
"1752.g2"	1752	[0, 1, 0, -23, 42]	[[3, 3]]
"1752.i2"	1752	[0, 1, 0, 57, -126]	[[3, 9]]
"1755.b1"	1755	[0, 0, 1, 3, 0]	[[0, 0]]
"1755.c1"	1755	[0, 0, 1, -438, 3528]	[[-158/3, 2044/3]]
"1755.c2"	1755	[0, 0, 1, -378, 4529]	[[21, 76]]
"1755.c3"	1755	[0, 0, 1, 3132, -76552]	[[97/2, 931/2]]
"1755.d1"	1755	[0, 0, 1, -3942, -95263]	[[3625/6, 156961/6]]
"1755.d2"	1755	[0, 0, 1, -42, -168]	[[90, 851]]
"1755.d3"	1755	[0, 0, 1, 348, 2835]	[[-7, 7]]
"1755.e1"	1755	[0, 0, 1, 27, -7]	[[1/2, -3/2]]
"1758.a1"	1758	[1, 1, 0, -22, -50]	[[-3, 2]]
"1758.d1"	1758	[1, 1, 1, -15, -16107]	[[91, 818]]
"1758.e1"	1758	[1, 0, 0, -64, 128]	[[-4, 20]]
"1760.a1"	1760	[0, 1, 0, -126, 124]	[[12, 22]]
"1760.a2"	1760	[0, 1, 0, 479, 1455]	[[1, 44]]
"1760.b2"	1760	[0, 1, 0, -10, -12]	[[-2, 2]]
"1760.c1"	1760	[0, 1, 0, -4225, 99375]	[[25, 100]]
"1760.c2"	1760	[0, 1, 0, -4170, 102268]	[[36, 10]]
"1760.d1"	1760	[0, -1, 0, -3256, -70444]	[[68, 134]]
"1760.g1"	1760	[0, 0, 0, -587, -5474]	[[385/2, 7287/2]]
"1760.g2"	1760	[0, 0, 0, -92, 224]	[[13, 35]]
"1760.g3"	1760	[0, 0, 0, -37, -84]	[[95, 924]]
"1760.g4"	1760	[0, 0, 0, 13, -294]	[[265/6, 3059/6]]
"1760.h1"	1760	[0, 0, 0, -587, 5474]	[[50, 318]]
"1760.h2"	1760	[0, 0, 0, -92, -224]	[[-3, 5]]
"1760.h3"	1760	[0, 0, 0, -37, 84]	[[-5, 12]]
"1760.h4"	1760	[0, 0, 0, 13, 294]	[[-15/2, 111/2]]
"1760.j1"	1760	[0, 1, 0, 0, 8]	[[-2, 2]]
"1760.k1"	1760	[0, 1, 0, -3000, 275000]	[[-50, 550]]
"1760.l1"	1760	[0, -1, 0, -126, -124]	[[-10, 6]]
"1760.l2"	1760	[0, -1, 0, 479, -1455]	[[21, 132]]
"1761.b1"	1761	[0, -1, 1, 1, -4]	[[2, 1]]
"1762.a2"	1762	[1, 0, 0, 3, 85]	[[2, 9]]
"1763.a1"	1763	[0, 1, 1, 1, -2]	[[2, 3]]
"1763.d1"	1763	[0, 1, 1, -94, 321]	[[21/2, -3/2]]
"1764.a1"	1764	[0, 0, 0, -62769, 6052921]	[[144, 13]]
"1764.a2"	1764	[0, 0, 0, -1029, 2401]	[[0, 49]]
"1764.d1"	1764	[0, 0, 0, 0, -28]	[[4, 6]]
"1764.d2"	1764	[0, 0, 0, 0, 756]	[[-3, 27]]
"1764.e1"	1764	[0, 0, 0, -6615, 203742]	[[-66, 594]]
"1764.e2"	1764	[0, 0, 0, -735, -7546]	[[-17, 6]]
"1764.e3"	1764	[0, 0, 0, 0, -343]	[[14, 49]]
"1764.e4"	1764	[0, 0, 0, 0, 9261]	[[7, 98]]
"1765.a1"	1765	[1, 0, 1, -4, 1]	[[-1, 2]]
"1768.a1"	1768	[0, 1, 0, -1412, -18752]	[[-18, 34]]
"1768.a2"	1768	[0, 1, 0, 1968, -91760]	[[48, 340]]
"1768.c1"	1768	[0, 0, 0, -95, 354]	[[5, 2]]
"1768.c2"	1768	[0, 0, 0, -10, -3]	[[-2, 3]]
"1770.a1"	1770	[1, 1, 0, -33, -2763]	[[34, 175]]
"1770.d1"	1770	[1, 0, 1, 787, 115688]	[[-21, 310]]
"1771.a1"	1771	[1, 0, 0, -105, -374]	[[-7, 9]]
"1771.a2"	1771	[1, 0, 0, 10, -29]	[[3, 4]]
"1771.b1"	1771	[1, 1, 1, -6, -8]	[[-2, 1]]
"1772.a1"	1772	[0, -1, 0, -29, 73]	[[3, 2]]
"1775.b1"	1775	[0, -1, 1, -2383, -44707]	[[57, 37]]
"1775.b2"	1775	[0, -1, 1, 117, -332]	[[32, 187]]
"1776.c1"	1776	[0, -1, 0, -2368, 45184]	[[-24, 296]]
"1776.c2"	1776	[0, -1, 0, 32, 256]	[[0, 16]]
"1776.g1"	1776	[0, 1, 0, -200, 1044]	[[10, 12]]
"1776.h1"	1776	[0, 1, 0, 272, -10924]	[[74, 648]]
"1776.i1"	1776	[0, 1, 0, -28, -40]	[[-11/2, 39/2]]
"1776.i2"	1776	[0, 1, 0, -13, 14]	[[-2, 6]]
"1776.j1"	1776	[0, 1, 0, -188, 924]	[[-2, 36]]
"1776.j2"	1776	[0, 1, 0, -3, 36]	[[0, 6]]
"1780.a1"	1780	[0, 0, 0, -148, 693]	[[-9, 36]]
"1780.a2"	1780	[0, 0, 0, -143, 742]	[[6, 10]]
"1780.b1"	1780	[0, -1, 0, -13201, -579414]	[[2215/3, 89623/3]]
"1780.b2"	1780	[0, -1, 0, -13196, -579880]	[[934, 28302]]
"1782.d1"	1782	[1, -1, 0, -99, -363]	[[22, 77]]
"1782.h1"	1782	[1, -1, 1, -164, -1133]	[[17, 19]]
"1782.h2"	1782	[1, -1, 1, 16, 19]	[[-1, 1]]
"1782.i1"	1782	[1, -1, 1, -2513, 50113]	[[31, 20]]
"1782.j1"	1782	[1, -1, 1, -893, 10693]	[[1, 98]]
"1784.a1"	1784	[0, 1, 0, -24, 32]	[[4, 4]]
"1785.c1"	1785	[1, 0, 0, -1686, 26505]	[[24, -9]]
"1785.c2"	1785	[1, 0, 0, -536, -4485]	[[31, 79]]
"1785.c3"	1785	[1, 0, 0, -111, 360]	[[9, 6]]
"1785.c4"	1785	[1, 0, 0, 14, 35]	[[-1, 5]]
"1785.e1"	1785	[1, 0, 0, -71740, -7387525]	[[490, 8425]]
"1785.e2"	1785	[1, 0, 0, -6115, -24400]	[[-55, 410]]
"1785.e3"	1785	[1, 0, 0, -3910, 93347]	[[29, 53]]
"1785.e4"	1785	[1, 0, 0, -3905, 93600]	[[45, 75]]
"1785.e5"	1785	[1, 0, 0, -1785, 194922]	[[63, 546]]
"1785.e6"	1785	[1, 0, 0, 24230, -188263]	[[64, 1243]]
"1785.n1"	1785	[1, 0, 1, -13654, 611777]	[[315/2, 983/2]]
"1785.n2"	1785	[1, 0, 1, -11784, -490979]	[[-61, 72]]
"1785.n3"	1785	[1, 0, 1, -1159, 2021]	[[49, 227]]
"1785.n4"	1785	[1, 0, 1, 286, 287]	[[55/3, 1192/3]]
"1790.a1"	1790	[1, 1, 0, -12, 4]	[[-2, 6]]
"1790.c1"	1790	[1, 1, 1, -45355, -3735555]	[[-1109/3, 740/3]]
"1792.a1"	1792	[0, 1, 0, -525, 4459]	[[14, 7]]
"1792.b2"	1792	[0, 1, 0, -19, -39]	[[5, 4]]
"1792.c1"	1792	[0, 1, 0, -77, 235]	[[6, 5]]
"1792.e2"	1792	[0, -1, 0, -35, -49]	[[-2, 3]]
"1793.b1"	1793	[0, 0, 1, -148, -750]	[[22, 81]]
"1793.c1"	1793	[0, 1, 1, 1, -26]	[[29/2, 159/2]]
"1794.a1"	1794	[1, 1, 0, -79871, 8655045]	[[157, 48]]
"1794.a2"	1794	[1, 1, 0, -4991, 133701]	[[35, 41]]
"1794.c1"	1794	[1, 1, 0, -994, -8510]	[[-15, 65]]
"1794.c2"	1794	[1, 1, 0, 176, -788]	[[6, 20]]
"1794.f1"	1794	[1, 0, 1, -1071, 13330]	[[11, 48]]
"1794.f2"	1794	[1, 0, 1, -31, 434]	[[4, 17]]
"1794.g1"	1794	[1, 1, 1, -495, 3561]	[[3, 44]]
"1794.g2"	1794	[1, 1, 1, 45, 321]	[[-3, 14]]
"1794.h1"	1794	[1, 1, 1, -16303, 794357]	[[67, 58]]
"1794.h2"	1794	[1, 1, 1, -943, 14069]	[[91, 786]]
"1798.a1"	1798	[1, 1, 0, -70274, 7140596]	[[148, 22]]
"1798.b1"	1798	[1, 0, 0, -1097, -13079]	[[-20, 41]]
"1798.b2"	1798	[1, 0, 0, -217, 1209]	[[8, -3]]
"1798.c1"	1798	[1, -1, 1, -31, -57]	[[-3, 2]]
"1800.d1"	1800	[0, 0, 0, -315, 2150]	[[11, 4]]
"1800.d2"	1800	[0, 0, 0, -15, 50]	[[1, 6]]
"1800.e1"	1800	[0, 0, 0, 60, 20]	[[4, 18]]
"1800.g1"	1800	[0, 0, 0, -37875, 1768750]	[[374, 6318]]
"1800.g2"	1800	[0, 0, 0, 7125, 193750]	[[-1, 432]]
"1800.i1"	1800	[0, 0, 0, -3075, -65250]	[[70, 250]]
"1800.j1"	1800	[0, 0, 0, -255, -1550]	[[-9, 4]]
"1800.j2"	1800	[0, 0, 0, -30, 25]	[[0, 5]]
"1800.k1"	1800	[0, 0, 0, -1500, 22500]	[[0, 150]]
"1800.m1"	1800	[0, 0, 0, -86475, 9787750]	[[206, 846]]
"1800.m2"	1800	[0, 0, 0, -14475, -670250]	[[-69, 4]]
"1800.m3"	1800	[0, 0, 0, -5475, 148750]	[[75, 400]]
"1800.m4"	1800	[0, 0, 0, -975, -8750]	[[-19, 54]]
"1800.m5"	1800	[0, 0, 0, 150, -875]	[[14, 63]]
"1800.m6"	1800	[0, 0, 0, 3525, 589750]	[[30, 850]]
"1800.n1"	1800	[0, 0, 0, -720075, 235187750]	[[430, 2250]]
"1800.n2"	1800	[0, 0, 0, -45075, 3662750]	[[139, 288]]
"1800.n3"	1800	[0, 0, 0, -18075, 8009750]	[[-86, 2988]]
"1800.n4"	1800	[0, 0, 0, -4575, -22750]	[[85, 450]]
"1800.n5"	1800	[0, 0, 0, -3450, -77875]	[[-34, 11]]
"1800.n6"	1800	[0, 0, 0, 17925, -180250]	[[35, 700]]
"1800.u1"	1800	[0, 0, 0, -70875, -7256250]	[[379, 4508]]
"1800.u2"	1800	[0, 0, 0, -3375, -168750]	[[129, 1242]]
"1802.b1"	1802	[1, 1, 0, -282051, -57698611]	[[-7891/5, 29188/5]]
"1802.b2"	1802	[1, 1, 0, -200131, -91793715]	[[16390/3, 1993655/3]]
"1802.c1"	1802	[1, 0, 0, -1, -3]	[[2, 1]]
"1804.a1"	1804	[0, 1, 0, -877, -10296]	[[36, 78]]
"1806.a1"	1806	[1, 1, 0, -842, -9732]	[[-17, 3]]
"1806.d1"	1806	[1, 0, 1, -927, 10774]	[[16, 2]]
"1806.d2"	1806	[1, 0, 1, -487, -4090]	[[-12, 13]]
"1806.d3"	1806	[1, 0, 1, -67, 110]	[[0, 10]]
"1806.d4"	1806	[1, 0, 1, 13, 14]	[[8, 21]]
"1806.e1"	1806	[1, 0, 1, -14666, 682364]	[[69, -47]]
"1806.e2"	1806	[1, 0, 1, -906, 10876]	[[8, 60]]
"1806.i1"	1806	[1, 1, 1, -853, -9745]	[[-17, 22]]
"1808.a1"	1808	[0, 1, 0, -32, 52]	[[4, 2]]
"1808.a2"	1808	[0, 1, 0, 48, 340]	[[-4, 10]]
"1808.c1"	1808	[0, -1, 0, -720, 7616]	[[8, 48]]
"1808.c2"	1808	[0, -1, 0, -80, -64]	[[10, 6]]
"1813.b3"	1813	[0, -1, 1, -163, -743]	[[-7, 2]]
"1814.a1"	1814	[1, -1, 1, -1, -3]	[[3, 2]]
"1815.b1"	1815	[0, 1, 1, -724951, -237822920]	[[4421/2, 141371/2]]
"1815.b2"	1815	[0, 1, 1, -6211, -530909]	[[107, 202]]
"1815.d1"	1815	[1, 1, 0, -261362, 51320691]	[[270, 591]]
"1815.d2"	1815	[1, 1, 0, -16337, 796536]	[[783/2, 17367/2]]
"1815.d3"	1815	[1, 1, 0, -13312, 1104481]	[[6871/6, 488797/6]]
"1815.d4"	1815	[1, 1, 0, -9682, -370751]	[[555/2, 7369/2]]
"1815.d5"	1815	[1, 1, 0, -1212, 7011]	[[42, 159]]
"1815.d6"	1815	[1, 1, 0, -607, -5936]	[[48, 256]]
"1815.d7"	1815	[1, 1, 0, -2, -249]	[[550/7, 10443/7]]
"1815.d8"	1815	[1, 1, 0, 4233, 58194]	[[18, 366]]
"1816.a1"	1816	[0, 0, 0, -4, -12]	[[4, 6]]
"1824.b1"	1824	[0, -1, 0, 19, -123]	[[11, 36]]
"1824.d1"	1824	[0, -1, 0, -18, -24]	[[7, 12]]
"1824.f1"	1824	[0, -1, 0, -1149, 15381]	[[15, 36]]
"1824.g1"	1824	[0, 1, 0, -1824, -30600]	[[75, 510]]
"1824.g2"	1824	[0, 1, 0, -209, 351]	[[1, 12]]
"1824.g3"	1824	[0, 1, 0, -114, -504]	[[18, 60]]
"1824.g4"	1824	[0, 1, 0, -24, -1188]	[[69/2, 495/2]]
"1824.h1"	1824	[0, 1, 0, -1501, 29963]	[[-19, 228]]
"1824.i1"	1824	[0, 1, 0, 19, 123]	[[1, 12]]
"1825.a1"	1825	[1, -1, 1, -30, -28]	[[-2, 5]]
"1825.a2"	1825	[1, -1, 1, 95, -278]	[[4, 10]]
"1827.b2"	1827	[1, -1, 1, -5, -84]	[[12, 32]]
"1827.c1"	1827	[1, -1, 0, 0, 49]	[[0, 7]]
"1827.d1"	1827	[1, -1, 0, -1841616, -961476971]	[[4503639/50, 4831881187/50]]
"1827.d3"	1827	[1, -1, 0, -117306, -14395073]	[[5712231/62, 13073380789/62]]
"1827.d4"	1827	[1, -1, 0, -115101, -15001448]	[[5943/2, 438907/2]]
"1827.d5"	1827	[1, -1, 0, -7056, -242501]	[[1470, 55517]]
"1827.d6"	1827	[1, -1, 0, 112329, -64042160]	[[5047493410335/58838, 11369659432888723585/58838]]
"1830.c1"	1830	[1, 0, 1, -654, 6376]	[[-4, 96]]
"1830.c2"	1830	[1, 0, 1, -69, 17392]	[[-22, 102]]
"1830.d1"	1830	[1, 0, 1, 32, 56]	[[10, 32]]
"1830.e1"	1830	[1, 0, 1, -4978, 133748]	[[49, 65]]
"1830.e2"	1830	[1, 0, 1, -98, 4916]	[[-3, 73]]
"1830.j1"	1830	[1, 0, 0, 19, 81]	[[-2, 7]]
"1830.l1"	1830	[1, 0, 0, -8755, 350177]	[[14, 473]]
"1832.b1"	1832	[0, -1, 0, -15, 28]	[[3, 1]]
"1832.d1"	1832	[0, 1, 0, -12, -16]	[[-2, 2]]
"1840.a1"	1840	[0, 0, 0, -73, -2453]	[[26, 115]]
"1840.b1"	1840	[0, -1, 0, 4, -5]	[[3, 5]]
"1840.e1"	1840	[0, 0, 0, -8, 12]	[[2, 2]]
"1840.g1"	1840	[0, 1, 0, 0, 23]	[[1, 5]]
"1845.a1"	1845	[1, -1, 1, -248, -1434]	[[-9, 6]]
"1845.a2"	1845	[1, -1, 1, -23, 6]	[[0, 2]]
"1845.g1"	1845	[1, -1, 0, -189, 1048]	[[12, 14]]
"1845.g2"	1845	[1, -1, 0, -144, 1525]	[[-4, 47]]
"1848.a1"	1848	[0, -1, 0, -12, 21]	[[2, 1]]
"1848.c1"	1848	[0, -1, 0, -448, -3476]	[[25, 18]]
"1848.d1"	1848	[0, -1, 0, -640232, -139597332]	[[-479, 7546]]
"1848.d2"	1848	[0, -1, 0, -586992, -172882980]	[[962, 12320]]
"1848.d3"	1848	[0, -1, 0, -586972, -172895372]	[[5958, 455840]]
"1848.d4"	1848	[0, -1, 0, -534072, -205375860]	[[23861/5, 1548316/5]]
"1848.g1"	1848	[0, 1, 0, -47264, -3967008]	[[-491/2, 105/2]]
"1848.g2"	1848	[0, 1, 0, -3704, -29184]	[[-32, 240]]
"1848.g3"	1848	[0, 1, 0, -2084, 35616]	[[31, 42]]
"1848.g4"	1848	[0, 1, 0, -2079, 35802]	[[42, 156]]
"1848.g5"	1848	[0, 1, 0, -544, 88592]	[[-13, 306]]
"1848.g6"	1848	[0, 1, 0, 13936, -212640]	[[115, 1710]]
"1850.a2"	1850	[1, 0, 1, 4149, -216202]	[[967/3, 31304/3]]
"1850.b1"	1850	[1, 0, 1, -1, -12]	[[3, 2]]
"1850.d1"	1850	[1, -1, 0, -242, 1916]	[[19, 53]]
"1850.e1"	1850	[1, -1, 0, -13657, -610899]	[[2199, 101853]]
"1850.e2"	1850	[1, -1, 0, -857, -9299]	[[-15, 4]]
"1850.f1"	1850	[1, 1, 0, -131875, -18487875]	[[563410/33, 250098685/33]]
"1850.f2"	1850	[1, 1, 0, -131375, -18634375]	[[1780, 72535]]
"1850.f3"	1850	[1, 1, 0, -1875, -17875]	[[-19, 116]]
"1850.f4"	1850	[1, 1, 0, 6125, -121875]	[[30, 285]]
"1850.h1"	1850	[1, -1, 1, -3105, 72177]	[[183, 2276]]
"1850.i1"	1850	[1, 0, 0, 312, -3008]	[[12, 44]]
"1850.j1"	1850	[1, -1, 1, -341430, -76703803]	[[-337, 171]]
"1850.j2"	1850	[1, -1, 1, -21430, -1183803]	[[-87, 171]]
"1850.k1"	1850	[1, -1, 1, -9880, -375503]	[[72649/24, 7563175/24]]
"1850.k2"	1850	[1, -1, 1, -630, -5503]	[[-53/2, 205/2]]
"1850.k3"	1850	[1, -1, 1, -130, 497]	[[-7, 35]]
"1850.k4"	1850	[1, -1, 1, 620, -25503]	[[831/2, 23215/2]]
"1850.l1"	1850	[1, -1, 1, -10, 17]	[[-1, 5]]
"1850.m1"	1850	[1, 0, 0, -3, -13]	[[19/2, 55/2]]
"1854.c1"	1854	[1, -1, 0, 9, -131]	[[5, 2]]
"1854.f1"	1854	[1, -1, 1, -25376, 1562307]	[[125, 513]]
"1854.g1"	1854	[1, -1, 1, -128, 675]	[[5, 9]]
"1856.a1"	1856	[0, 0, 0, -19324, 1033936]	[[80, 4]]
"1856.g1"	1856	[0, -1, 0, 0, -2]	[[3, 4]]
"1856.i1"	1856	[0, 1, 0, -17, -49]	[[5, 4]]
"1856.i2"	1856	[0, 1, 0, 143, 751]	[[21, 116]]
"1856.l1"	1856	[0, 1, 0, 0, 2]	[[1, 2]]
"1856.n1"	1856	[0, -1, 0, -37, -75]	[[73/3, 260/3]]
"1856.n2"	1856	[0, -1, 0, -17, -175]	[[25, 120]]
"1857.a1"	1857	[0, -1, 1, 3, 2]	[[0, 1]]
"1859.b1"	1859	[0, -1, 1, -1321636, -584371175]	[[1158131342675917/51474, 39412566954338806189979/51474]]
"1859.b2"	1859	[0, -1, 1, -1746, -50295]	[[7045/6, 573985/6]]
"1859.b3"	1859	[0, -1, 1, -56, 405]	[[-3/2, 165/2]]
"1860.a1"	1860	[0, -1, 0, -140, 600]	[[10, 10]]
"1860.a2"	1860	[0, -1, 0, 15, 42]	[[-1, 5]]
"1860.b1"	1860	[0, 1, 0, -300, 900]	[[0, 30]]
"1860.b2"	1860	[0, 1, 0, -145, -712]	[[-7, 3]]
"1862.e1"	1862	[1, -1, 1, -622, -17027]	[[37, 79]]
"1864.a1"	1864	[0, -1, 0, -8, 28]	[[2, 4]]
"1866.e1"	1866	[1, 1, 0, -2266, 40588]	[[27, -13]]
"1866.f1"	1866	[1, 0, 1, -122, 500]	[[8, 3]]
"1866.h1"	1866	[1, 0, 0, -17, 9]	[[-2, 7]]
"1869.a1"	1869	[0, -1, 1, 6, -4]	[[2, 3]]
"1870.h1"	1870	[1, 1, 1, -2439835, 1467522537]	[[867, 1766]]
"1870.h2"	1870	[1, 1, 1, 17283565, -17141361543]	[[9265/3, 1113446/3]]
"1872.d2"	1872	[0, 0, 0, 9, -10]	[[2, 4]]
"1872.e1"	1872	[0, 0, 0, -7491, -249550]	[[146, 1330]]
"1872.e2"	1872	[0, 0, 0, -471, -3850]	[[38, 182]]
"1872.e3"	1872	[0, 0, 0, -66, 119]	[[-5, 18]]
"1872.f1"	1872	[0, 0, 0, -36, -81]	[[9, 18]]
"1872.f2"	1872	[0, 0, 0, 9, -270]	[[58, 442]]
"1872.m1"	1872	[0, 0, 0, -30627, -2263518]	[[217, 1144]]
"1872.m2"	1872	[0, 0, 0, -387, 4482]	[[1, 64]]
"1872.n1"	1872	[0, 0, 0, -2739, -53822]	[[-31, 36]]
"1872.n2"	1872	[0, 0, 0, -399, 1870]	[[30, 130]]
"1872.n3"	1872	[0, 0, 0, -354, 2563]	[[-1, 54]]
"1872.n4"	1872	[0, 0, 0, 1221, 13210]	[[3, 130]]
"1872.o1"	1872	[0, 0, 0, -459, 2538]	[[19, 26]]
"1872.o2"	1872	[0, 0, 0, 81, 270]	[[-2, 10]]
"1878.a1"	1878	[1, 1, 0, -134, 540]	[[7, -1]]
"1878.b1"	1878	[1, 0, 1, -583, -5458]	[[-14, 8]]
"1881.a1"	1881	[0, 0, 1, -12, 36]	[[2, 4]]
"1881.b1"	1881	[0, 0, 1, -270570, 54171090]	[[278, 661]]
"1881.b2"	1881	[0, 0, 1, -3270, 77589]	[[-19, 364]]
"1881.c2"	1881	[0, 0, 1, 1734, 10044]	[[10593/2, 1090387/2]]
"1882.b1"	1882	[1, -1, 0, -47, -113]	[[9, 7]]
"1882.c1"	1882	[1, 1, 0, 3, 5]	[[-1, 2]]
"1883.a1"	1883	[0, 1, 1, -14, 16]	[[2, 0]]
"1884.a1"	1884	[0, 1, 0, -49, -148]	[[8, 6]]
"1884.a2"	1884	[0, 1, 0, -4, -364]	[[635, 16014]]
"1884.b1"	1884	[0, 1, 0, -68, 36]	[[0, 6]]
"1884.b2"	1884	[0, 1, 0, -53, 132]	[[1, 9]]
"1885.a1"	1885	[1, 1, 1, -28471, 1837204]	[[88, 107]]
"1885.a2"	1885	[1, 1, 1, -28466, 1837888]	[[86, 144]]
"1885.b1"	1885	[0, -1, 1, -2211, -39288]	[[-1314/7, -169/7]]
"1885.d1"	1885	[0, 1, 1, -265, -1554]	[[-12, 6]]
"1885.d2"	1885	[0, 1, 1, -65, 181]	[[-7, 18]]
"1885.e1"	1885	[1, 0, 1, -189, 887]	[[13, 19]]
"1885.e2"	1885	[1, 0, 1, -44, -99]	[[11, 22]]
"1886.a1"	1886	[1, -1, 0, -1313, 18045]	[[17, 12]]
"1886.a2"	1886	[1, -1, 0, 527, 63309]	[[-25, 197]]
"1886.b1"	1886	[1, 1, 0, -491, -4399]	[[79, 637]]
"1886.b2"	1886	[1, 1, 0, -31, -75]	[[-3, 3]]
"1886.e1"	1886	[1, -1, 1, -886, -9919]	[[93, 793]]
"1886.e2"	1886	[1, -1, 1, -526, 4705]	[[145/3, 175/3]]
"1886.e3"	1886	[1, -1, 1, -66, -79]	[[11, 15]]
"1888.a1"	1888	[0, 0, 0, -517, 4528]	[[29, 118]]
"1888.c1"	1888	[0, 1, 0, -2, -4]	[[2, 2]]
"1890.c1"	1890	[1, -1, 0, -219945, 39757665]	[[232, 969]]
"1890.c2"	1890	[1, -1, 0, -219660, 39865616]	[[280, 364]]
"1890.c3"	1890	[1, -1, 0, 567525, 211833125]	[[182, 17829]]
"1890.d1"	1890	[1, -1, 0, 0, -14]	[[3, 1]]
"1890.j2"	1890	[1, -1, 0, 6, -12]	[[4, 6]]
"1890.q1"	1890	[1, -1, 1, -338, 12881]	[[15, 97]]
"1890.q2"	1890	[1, -1, 1, 37, -469]	[[25, 112]]
"1892.b2"	1892	[0, 1, 0, -198, 1009]	[[2, 25]]
"1892.e1"	1892	[0, 0, 0, -5, 1]	[[0, 1]]
"1896.b1"	1896	[0, -1, 0, -24, 60]	[[2, 4]]
"1900.c1"	1900	[0, 0, 0, -2575, -50250]	[[-29, 6]]
"1900.c2"	1900	[0, 0, 0, -200, -375]	[[-4, 19]]
"1904.a2"	1904	[0, 1, 0, -288, 1780]	[[12, 14]]
"1904.c2"	1904	[0, 0, 0, 29, -30]	[[2, 6]]
"1904.d1"	1904	[0, 0, 0, -8459, 299322]	[[29, 280]]
"1904.d2"	1904	[0, 0, 0, -619, 2970]	[[23, 30]]
"1904.d3"	1904	[0, 0, 0, -299, -1958]	[[-9, 2]]
"1904.d4"	1904	[0, 0, 0, 2101, 22010]	[[-65/3, 2170/3]]
"1906.a1"	1906	[1, -1, 0, -17, 29]	[[1, 3]]
"1906.a2"	1906	[1, -1, 0, 23, 117]	[[9, 27]]
"1910.a1"	1910	[1, -1, 1, -103, -373]	[[15, 28]]
"1911.a1"	1911	[0, 1, 1, -1290, -20842]	[[72, 514]]
"1911.b1"	1911	[1, 1, 1, 20, 146]	[[14, 51]]
"1911.e1"	1911	[0, 1, 1, 5, 88]	[[2, 10]]
"1911.f1"	1911	[1, 0, 1, -3407, 76241]	[[-3, 295]]
"1911.f2"	1911	[1, 0, 1, -957, -10391]	[[-53/2, 55/2]]
"1911.f3"	1911	[1, 0, 1, -222, 1075]	[[-1, 36]]
"1911.f4"	1911	[1, 0, 1, 23, 95]	[[37/3, 371/3]]
"1914.c1"	1914	[1, 1, 0, -26535, -1378251]	[[-95, 592]]
"1914.c2"	1914	[1, 1, 0, -7975, 251317]	[[33, 143]]
"1914.e1"	1914	[1, 0, 1, -4242, 105964]	[[38, -15]]
"1914.e2"	1914	[1, 0, 1, -1442, -19924]	[[-18, 25]]
"1914.e3"	1914	[1, 0, 1, -282, 1420]	[[5, 9]]
"1914.e4"	1914	[1, 0, 1, 38, 140]	[[-2, 8]]
"1914.h1"	1914	[1, 1, 1, -594, -3873]	[[-15, 51]]
"1914.h2"	1914	[1, 1, 1, 1726, -24289]	[[43, 341]]
"1914.m1"	1914	[1, 0, 0, -35547, -2589999]	[[434, 7769]]
"1914.m2"	1914	[1, 0, 0, 933, -18351]	[[18, 57]]
"1914.n1"	1914	[1, 0, 0, -260898, -51312870]	[[95085/4, 29018625/4]]
"1914.n2"	1914	[1, 0, 0, -17008, -730084]	[[-52, 146]]
"1914.n3"	1914	[1, 0, 0, -5748, 53928]	[[-78, 210]]
"1914.n4"	1914	[1, 0, 0, -4588, 119120]	[[8, 284]]
"1917.b1"	1917	[0, 0, 1, 918, -32299]	[[135, 1597]]
"1917.c1"	1917	[0, 0, 1, -6, 5]	[[1, 0]]
"1918.a1"	1918	[1, 0, 1, -183, 242]	[[-2, 25]]
"1918.a2"	1918	[1, 0, 1, -143, 642]	[[6, 0]]
"1918.c1"	1918	[1, -1, 0, -1111, 5187]	[[137, 1484]]
"1918.e1"	1918	[1, 0, 0, -4283475, -3412655711]	[[2766, 75449]]
"1918.f2"	1918	[1, -1, 1, 9, -49]	[[7, 14]]
"1920.c1"	1920	[0, -1, 0, -306, 2106]	[[5, 26]]
"1920.c2"	1920	[0, -1, 0, 99, 6885]	[[-9, 72]]
"1920.e1"	1920	[0, -1, 0, -41, -39]	[[8, 9]]
"1920.e2"	1920	[0, -1, 0, 9, -9]	[[3, 6]]
"1920.g1"	1920	[0, -1, 0, -25, -23]	[[-3, 4]]
"1920.g2"	1920	[0, -1, 0, 5, -5]	[[2, 3]]
"1920.h1"	1920	[0, -1, 0, -10, 10]	[[-3, 2]]
"1920.h2"	1920	[0, -1, 0, 35, 37]	[[4, 15]]
"1920.j1"	1920	[0, -1, 0, -8330, 295422]	[[49, 50]]
"1920.j2"	1920	[0, -1, 0, -8285, 298725]	[[20, 375]]
"1920.k1"	1920	[0, -1, 0, -1225, -15623]	[[-21, 20]]
"1920.k2"	1920	[0, -1, 0, 25, -873]	[[14, 45]]
"1920.n1"	1920	[0, 1, 0, -41, 39]	[[7, 12]]
"1920.n2"	1920	[0, 1, 0, 9, 9]	[[0, 3]]
"1920.o1"	1920	[0, 1, 0, -281, 1719]	[[7, 12]]
"1920.o2"	1920	[0, 1, 0, -11, 45]	[[1, 6]]
"1920.s1"	1920	[0, 1, 0, -2425, 44375]	[[35, 60]]
"1920.s2"	1920	[0, 1, 0, 5, 2093]	[[-4, 45]]
"1920.t1"	1920	[0, 1, 0, -1225, 15623]	[[11, 60]]
"1920.t2"	1920	[0, 1, 0, 25, 873]	[[1, 30]]
"1922.b1"	1922	[1, 0, 1, -153300, -23112558]	[[1041, 30231]]
"1922.b2"	1922	[1, 0, 1, -4345, 64840]	[[119, 1052]]
"1922.c1"	1922	[1, -1, 1, -76332, 8136267]	[[639/2, -641/2]]
"1922.c2"	1922	[1, -1, 1, -72, -117]	[[-3, 9]]
"1922.d1"	1922	[1, -1, 1, -317791, -68874615]	[[25237419818650411/1089534, 3994045625106542444756791/1089534]]
"1922.d2"	1922	[1, -1, 1, -29491, 79057]	[[-275159/40, 18635919/40]]
"1922.d3"	1922	[1, -1, 1, -19881, -1070299]	[[225517435/103, 3374899848614/103]]
"1922.d4"	1922	[1, -1, 1, -661, -32419]	[[21257, 3088538]]
"1925.b1"	1925	[1, 0, 0, -1168, 14427]	[[13, 32]]
"1925.b2"	1925	[1, 0, 0, 57, 952]	[[-3, 29]]
"1925.e1"	1925	[0, 1, 1, -1783, -29581]	[[-99/2, -1/2]]
"1925.f2"	1925	[0, -1, 1, -1233, 77493]	[[-47, 171]]
"1925.f3"	1925	[0, -1, 1, 11017, -1998882]	[[128, 1221]]
"1925.g1"	1925	[0, -1, 1, -44583, -3608432]	[[-203944/41, 137960/41]]
"1925.i1"	1925	[1, -1, 0, -256667, 50114116]	[[20761/8, 405431/8]]
"1925.i2"	1925	[1, -1, 0, -17417, 644366]	[[-86, 1268]]
"1925.i3"	1925	[1, -1, 0, -16042, 785991]	[[174, 1713]]
"1925.j1"	1925	[1, 1, 0, -1375, 18750]	[[30, 60]]
"1925.k1"	1925	[1, 1, 0, -1305, -18700]	[[80, 590]]
"1925.k2"	1925	[1, 1, 0, -80, -325]	[[565/4, 12055/4]]
"1926.c2"	1926	[1, -1, 0, -96, -208]	[[-4, 12]]
"1926.e1"	1926	[1, -1, 1, -71, -205]	[[-5, 4]]
"1926.e2"	1926	[1, -1, 1, -11, 11]	[[1, 0]]
"1926.f1"	1926	[1, -1, 1, -446, -2739]	[[-13, 33]]
"1926.f2"	1926	[1, -1, 1, 994, -17715]	[[35, 225]]
"1928.a2"	1928	[0, 0, 0, -59, -410]	[[115/3, 820/3]]
"1930.a1"	1930	[1, -1, 0, -79, -147]	[[-3, 9]]
"1930.a2"	1930	[1, -1, 0, 241, -1235]	[[6, 17]]
"1935.b1"	1935	[1, -1, 1, -83, -268]	[[-5, 3]]
"1935.b2"	1935	[1, -1, 1, -8, 2]	[[0, 1]]
"1935.c1"	1935	[1, -1, 1, -1250003, -537603588]	[[9790979/65, 25744593603/65]]
"1935.c2"	1935	[1, -1, 1, -78128, -8384838]	[[-7936/7, 36282/7]]
"1936.a1"	1936	[0, 1, 0, -4880, -514604]	[[100, 86]]
"1936.a2"	1936	[0, 1, 0, -480, 3892]	[[12, 2]]
"1936.b1"	1936	[0, 1, 0, -58120, -5412684]	[[524, 10406]]
"1936.b2"	1936	[0, 1, 0, -40, 372]	[[-4, 22]]
"1936.j1"	1936	[0, -1, 0, -100712, 12669296]	[[202, 726]]
"1936.j2"	1936	[0, -1, 0, 5768, 62064]	[[18, 414]]
"1936.k1"	1936	[0, -1, 0, -832, -9216]	[[90, 798]]
"1936.k2"	1936	[0, -1, 0, 48, -64]	[[2, 6]]
"1938.b2"	1938	[1, 1, 0, -9, 63]	[[-1, 9]]
"1938.c1"	1938	[1, 1, 0, -2399088229, -45229971251315]	[[4922713727549526625503/210249607, 303307135175318943516376150635262/210249607]]
"1938.c2"	1938	[1, 1, 0, -151531109, -691030827123]	[[-1999123069231/16045, 562182219603463157/16045]]
"1938.e1"	1938	[1, 0, 1, -552, 4936]	[[16, 8]]
"1938.e2"	1938	[1, 0, 1, -42, 40]	[[-1, 9]]
"1938.e3"	1938	[1, 0, 1, -22, -40]	[[6, 4]]
"1938.e4"	1938	[1, 0, 1, 148, 344]	[[2, 24]]
"1938.g1"	1938	[1, 1, 1, -434, 3251]	[[17, 25]]
"1938.g2"	1938	[1, 1, 1, -54, -93]	[[-5, 11]]
"1938.h1"	1938	[1, 0, 0, -139, -271]	[[14, 17]]
"1938.h2"	1938	[1, 0, 0, 501, -1935]	[[18, 105]]
"1939.a1"	1939	[1, 0, 0, -97, -378]	[[13, 18]]
"1944.c1"	1944	[0, 0, 0, -36, 84]	[[4, 2]]
"1944.d1"	1944	[0, 0, 0, 9, -6]	[[1, 2]]
"1944.f1"	1944	[0, 0, 0, -27, -42]	[[-2, 2]]
"1944.g1"	1944	[0, 0, 0, -54, 153]	[[4, 1]]
"1946.a1"	1946	[1, -1, 0, -26, -60]	[[8, 10]]
"1947.d1"	1947	[1, 0, 1, -947, 11129]	[[-7, 135]]
"1947.d2"	1947	[1, 0, 1, -62, 155]	[[39/2, 137/2]]
"1947.d3"	1947	[1, 0, 1, -17, -25]	[[9, 19]]
"1947.d4"	1947	[1, 0, 1, 103, 881]	[[175/6, 7747/6]]
"1950.b1"	1950	[1, 1, 0, -29900, -1901250]	[[-85, 230]]
"1950.b2"	1950	[1, 1, 0, -5150, 139500]	[[5, 335]]
"1950.b3"	1950	[1, 1, 0, -150, 4500]	[[5, 60]]
"1950.b4"	1950	[1, 1, 0, 1350, -120000]	[[50, 250]]
"1950.c1"	1950	[1, 1, 0, -160, -200]	[[15, 25]]
"1950.c2"	1950	[1, 1, 0, 40, 0]	[[1, 6]]
"1950.g2"	1950	[1, 0, 1, -222451, -40401202]	[[-272, 149]]
"1950.i2"	1950	[1, 0, 1, -16, -22]	[[-2, 2]]
"1950.n1"	1950	[1, 1, 1, -2163213, 1223706531]	[[849, -412]]
"1950.n2"	1950	[1, 1, 1, -155213, 13034531]	[[-285, 5992]]
"1950.n3"	1950	[1, 1, 1, -135213, 19074531]	[[225, 212]]
"1950.n4"	1950	[1, 1, 1, -7213, 386531]	[[-5, 652]]
"1950.v2"	1950	[1, 0, 0, -323, -63]	[[-2, 25]]
"1950.w1"	1950	[1, 0, 0, -518488, 143656592]	[[422, 14]]
"1950.w2"	1950	[1, 0, 0, -58488, -1851408]	[[-42, 750]]
"1950.w3"	1950	[1, 0, 0, -32488, 2230592]	[[8, 1400]]
"1953.a1"	1953	[1, -1, 1, -32, -30]	[[8, 9]]
"1953.a2"	1953	[1, -1, 1, 103, -300]	[[8, 27]]
"1953.b1"	1953	[1, -1, 1, -284, 1640]	[[0, 40]]
"1953.b2"	1953	[1, -1, 1, 31, 128]	[[4, 15]]
"1953.c1"	1953	[1, -1, 1, -806684, 279072456]	[[518, -228]]
"1953.c2"	1953	[1, -1, 1, -50369, 4378848]	[[84, 815]]
"1953.d1"	1953	[0, 0, 1, -54, 182]	[[0, 13]]
"1953.e1"	1953	[0, 0, 1, -6, -7]	[[3, 1]]
"1953.g2"	1953	[1, -1, 0, -11646, -464265]	[[4615/2, 307375/2]]
"1953.g3"	1953	[1, -1, 0, -1881, 22032]	[[1152, 38484]]
"1953.g4"	1953	[1, -1, 0, 324, 2187]	[[22, 129]]
"1954.a1"	1954	[1, -1, 0, -79, 291]	[[5, -1]]
"1954.b1"	1954	[1, -1, 0, -28, -48]	[[-3, 3]]
"1958.a2"	1958	[1, -1, 1, -246, 1121]	[[-83/3, 1471/3]]
"1958.a4"	1958	[1, -1, 1, 644, 6817]	[[1897/24, 1279409/24]]
"1960.b1"	1960	[0, 1, 0, -11776, -353760]	[[367, 6700]]
"1960.c1"	1960	[0, -1, 0, 1944, -204644]	[[58, 316]]
"1960.f1"	1960	[0, -1, 0, 215, 3725]	[[5, 70]]
"1960.h1"	1960	[0, 1, 0, -121, 475]	[[9, 14]]
"1960.l1"	1960	[0, 1, 0, 40, 608]	[[-4, 20]]
"1961.a1"	1961	[1, -1, 0, -311, -1980]	[[352/3, 5170/3]]
"1961.a2"	1961	[1, -1, 0, -46, 87]	[[-241/10, 14603/10]]
"1961.a3"	1961	[1, -1, 0, -41, 112]	[[-9/2, 119/2]]
"1961.a4"	1961	[1, -1, 0, 139, 494]	[[263719/210, 332448383/210]]
"1962.a2"	1962	[1, -1, 0, 3, -11]	[[5, 8]]
"1962.c1"	1962	[1, -1, 0, -18, -108]	[[12, 30]]
"1962.c2"	1962	[1, -1, 0, 162, 2808]	[[6, 60]]
"1966.a1"	1966	[1, -1, 1, -28, 95]	[[5, 5]]
"1968.a1"	1968	[0, -1, 0, -165, -819]	[[20, 59]]
"1968.b1"	1968	[0, -1, 0, -7024, 228928]	[[48, 8]]
"1968.b2"	1968	[0, -1, 0, -464, 3264]	[[-8, 80]]
"1968.b4"	1968	[0, -1, 0, 976, 18240]	[[10, 170]]
"1968.f2"	1968	[0, -1, 0, -2800, 1782208]	[[-728/3, 32768/3]]
"1968.h1"	1968	[0, 1, 0, -1064, -13644]	[[-20, 6]]
"1968.h2"	1968	[0, 1, 0, -424, -29260]	[[62, 432]]
"1968.i1"	1968	[0, 1, 0, -369, -4293]	[[54, 369]]
"1968.j1"	1968	[0, 1, 0, 11, 35]	[[-2, 3]]
"1968.m1"	1968	[0, 1, 0, -4320, 107892]	[[42, 48]]
"1970.a1"	1970	[1, -1, 0, -19, -27]	[[14, 41]]
"1970.a2"	1970	[1, -1, 0, 1, -95]	[[6, 7]]
"1970.b1"	1970	[1, 0, 0, -680, -6908]	[[32, 50]]
"1970.b2"	1970	[1, 0, 0, 20, -48]	[[2, 0]]
"1971.b1"	1971	[0, 0, 1, 27, 20]	[[0, 4]]
"1974.b1"	1974	[1, 0, 1, -133451, -17161738]	[[-177, 1048]]
"1974.b3"	1974	[1, 0, 1, -1116, 50842]	[[17, 183]]
"1974.b4"	1974	[1, 0, 1, 9909, -1277450]	[[491/2, 10215/2]]
"1974.c2"	1974	[1, 0, 1, -1, -28]	[[7, 14]]
"1974.d1"	1974	[1, 1, 1, -98189, -11863549]	[[-187, 46]]
"1974.d2"	1974	[1, 1, 1, -4109, -310525]	[[185, 2210]]
"1974.e1"	1974	[1, 1, 1, -1488, 21393]	[[19, 11]]
"1974.e2"	1974	[1, 1, 1, -48, 657]	[[-3, 29]]
"1974.f1"	1974	[1, 1, 1, -56447, 5138381]	[[125, 172]]
"1974.f2"	1974	[1, 1, 1, -3527, 79229]	[[29, 34]]
"1974.h1"	1974	[1, 0, 0, -1768704, 905232528]	[[1074, 15108]]
"1974.h2"	1974	[1, 0, 0, -255324, -29648892]	[[21056/5, 2295706/5]]
"1974.h3"	1974	[1, 0, 0, -111264, 13943664]	[[266, 1652]]
"1974.h4"	1974	[1, 0, 0, -110544, 14137344]	[[194, -46]]
"1974.h5"	1974	[1, 0, 0, -6864, 223488]	[[54, 78]]
"1974.h6"	1974	[1, 0, 0, 21276, 45143580]	[[-220/7, 2302910/7]]
"1974.i1"	1974	[1, 0, 0, -1614, -25026]	[[227/2, 1843/2]]
"1974.i2"	1974	[1, 0, 0, -1554, 23370]	[[461/4, 2417/4]]
"1974.i3"	1974	[1, 0, 0, -144, -36]	[[20, 62]]
"1974.i4"	1974	[1, 0, 0, 36, 0]	[[2, 8]]
"1975.b1"	1975	[0, 1, 1, -3, 4]	[[-2, 2]]
"1975.c1"	1975	[1, 0, 1, -16626, -826477]	[[287, 4106]]
"1975.c2"	1975	[1, 0, 1, -1001, -13977]	[[2037/4, 84719/4]]
"1975.d1"	1975	[1, -1, 0, -52667, 4665366]	[[359774/31, 176402478/31]]
"1975.d2"	1975	[1, -1, 0, -3917, 44116]	[[84, 508]]
"1975.d3"	1975	[1, -1, 0, -3292, 73491]	[[1149/4, 26577/4]]
"1975.d4"	1975	[1, -1, 0, -167, 1616]	[[64, 468]]
"1975.e1"	1975	[1, 0, 1, -51, 123]	[[3, -1]]
"1975.f2"	1975	[0, 1, 1, 7492, -700481]	[[917/2, 28971/2]]
"1977.a1"	1977	[1, 0, 0, -21, -18]	[[-3, 6]]
"1977.b1"	1977	[1, 1, 0, -15, 18]	[[2, 0]]
"1978.b1"	1978	[1, 1, 0, 0, 2]	[[-1, 2]]
"1978.d1"	1978	[1, 0, 0, -93, 433]	[[6, 7]]
"1978.d2"	1978	[1, 0, 0, 707, -4335]	[[8, 39]]
"1980.b1"	1980	[0, 0, 0, -543, -4858]	[[-13, 2]]
"1980.b2"	1980	[0, 0, 0, -48, -7]	[[-2, 9]]
"1980.c1"	1980	[0, 0, 0, -14007, 346606]	[[15, 374]]
"1980.c2"	1980	[0, 0, 0, -6447, -199226]	[[545/2, 9639/2]]
"1980.c3"	1980	[0, 0, 0, -372, -3611]	[[35, 162]]
"1980.c4"	1980	[0, 0, 0, 2868, 39481]	[[-10, 99]]
"1980.d1"	1980	[0, 0, 0, -3567, 81974]	[[43, 90]]
"1984.a1"	1984	[0, 1, 0, -129, 127]	[[-1, 16]]
"1984.a2"	1984	[0, 1, 0, 31, 31]	[[1, 8]]
"1984.f1"	1984	[0, 0, 0, -21164, 1185072]	[[11704/9, 779660/9]]
"1984.f3"	1984	[0, 0, 0, -1324, 18480]	[[120, 1260]]
"1984.f4"	1984	[0, 0, 0, -44, 560]	[[-8, 20]]
"1984.g1"	1984	[0, 0, 0, -21164, -1185072]	[[13874604/287, 4048997280/287]]
"1984.g3"	1984	[0, 0, 0, -1324, -18480]	[[5420/7, 373920/7]]
"1984.g4"	1984	[0, 0, 0, -44, -560]	[[108, 1120]]
"1984.j1"	1984	[0, -1, 0, -129, -127]	[[17, 48]]
"1984.j2"	1984	[0, -1, 0, 31, -31]	[[19, 84]]
"1986.c1"	1986	[1, 1, 0, -5, -51]	[[10, 27]]
"1988.a1"	1988	[0, 1, 0, -12, -28]	[[4, 2]]
"1989.e1"	1989	[1, -1, 0, -181566, 29819155]	[[-22, 5825]]
"1989.e2"	1989	[1, -1, 0, -12501, 368032]	[[2709/4, 106967/4]]
"1989.e3"	1989	[1, -1, 0, -4896, -126293]	[[162, 1739]]
"1989.e4"	1989	[1, -1, 0, -4851, -128840]	[[2136/5, 28876/5]]
"1989.e5"	1989	[1, -1, 0, 1989, -458150]	[[98, 770]]
"1989.e6"	1989	[1, -1, 0, 34884, 2462449]	[[271197/52, 363963683/52]]
"1990.a1"	1990	[1, -1, 0, -49, -117]	[[9, 6]]
"1995.d1"	1995	[1, 0, 0, -45801, 3768930]	[[119, 26]]
"1995.d2"	1995	[1, 0, 0, -10051, -324520]	[[-56, 280]]
"1995.d3"	1995	[1, 0, 0, -2926, 55955]	[[19, 76]]
"1995.d4"	1995	[1, 0, 0, 199, 4080]	[[69, 555]]
"1996.a1"	1996	[0, 0, 0, 4, -3]	[[3, 6]]
"1998.a1"	1998	[1, -1, 0, -6, -12]	[[4, 2]]
"1998.a2"	1998	[1, -1, 0, 54, 288]	[[-2, 14]]
"1998.e1"	1998	[1, -1, 0, -24723, 1502433]	[[364/3, 19793/3]]
"2005.a1"	2005	[1, -1, 1, -7, 6]	[[0, 2]]
"2005.a2"	2005	[1, -1, 1, 18, 26]	[[5, 12]]
"2005.b1"	2005	[1, -1, 1, -53467, -4745166]	[[716197/44, 418555099/44]]
"2005.b2"	2005	[1, -1, 1, -3342, -73516]	[[1677/4, 50899/4]]
"2005.b3"	2005	[1, -1, 1, -3217, -79366]	[[738277/84, 472091159/84]]
"2005.b4"	2005	[1, -1, 1, -217, -1016]	[[97, 891]]
"2006.b1"	2006	[1, 1, 0, 1003, -52883]	[[42, 235]]
"2006.d1"	2006	[1, -1, 0, -1232, -16340]	[[180, 2270]]
"2006.d2"	2006	[1, -1, 0, -1222, -16626]	[[1077/4, 26661/4]]
"2006.h1"	2006	[1, 1, 1, -12, -35]	[[7, 13]]
"2006.j1"	2006	[1, -1, 1, -630, 6239]	[[63/2, -13/2]]
"2006.j2"	2006	[1, -1, 1, -40, 103]	[[1, 7]]
"2010.c1"	2010	[1, 1, 0, -57, -189]	[[-5, 4]]
"2010.c2"	2010	[1, 1, 0, -7, 1]	[[0, 1]]
"2010.e1"	2010	[1, 0, 1, -273, -1244]	[[-10, 27]]
"2010.e2"	2010	[1, 0, 1, 727, -8044]	[[30, 187]]
"2010.h1"	2010	[1, 0, 0, -31, -55]	[[-4, 5]]
"2010.h2"	2010	[1, 0, 0, 69, -315]	[[6, 15]]
"2010.i1"	2010	[1, 0, 0, -6466, -91324]	[[-52, 350]]
"2010.i2"	2010	[1, 0, 0, -3266, 70596]	[[28, 22]]
"2015.b1"	2015	[0, 1, 1, -1201, -16504]	[[92, 812]]
"2015.b2"	2015	[0, 1, 1, 39, -105]	[[9, 32]]
"2016.b3"	2016	[0, 0, 0, -201, 880]	[[12, 14]]
"2016.b4"	2016	[0, 0, 0, 429, 5290]	[[-6, 50]]
"2016.d1"	2016	[0, 0, 0, -300, -1888]	[[-11, 9]]
"2016.d2"	2016	[0, 0, 0, 15, -124]	[[7, 18]]
"2016.e1"	2016	[0, 0, 0, -75, 142]	[[9, 14]]
"2016.e2"	2016	[0, 0, 0, 15, 16]	[[0, 4]]
"2016.i1"	2016	[0, 0, 0, -300, 1888]	[[2, 36]]
"2016.l1"	2016	[0, 0, 0, -2019, -34918]	[[74, 470]]
"2016.l3"	2016	[0, 0, 0, -129, -520]	[[20, 70]]
"2016.l4"	2016	[0, 0, 0, 141, -2410]	[[17, 70]]
"2019.a1"	2019	[0, 1, 1, 68, 502]	[[-4, 13]]
"2019.b1"	2019	[1, 0, 0, -10, 101]	[[5, 11]]
"2019.c1"	2019	[1, 0, 0, -158, -759]	[[-8, 7]]
"2019.c2"	2019	[1, 0, 0, -23, 24]	[[1, 1]]
"2019.d1"	2019	[0, 1, 1, -30606, -2071141]	[[1389/2, 43295/2]]
"2022.e1"	2022	[1, 1, 1, -28894, -1902325]	[[-881/3, 1399/3]]
"2022.e2"	2022	[1, 1, 1, -1934, -25909]	[[-23, 95]]
"2022.e4"	2022	[1, 1, 1, 4546, -155509]	[[139, 1715]]
"2022.f1"	2022	[1, 1, 1, -1543, -23971]	[[-23, 12]]
"2022.g1"	2022	[1, 1, 1, -10, 23]	[[1, 3]]
"2022.h1"	2022	[1, 0, 0, 348, -1584]	[[6, 24]]
"2022.i1"	2022	[1, 0, 0, -1159, 15089]	[[20, -7]]
"2022.i2"	2022	[1, 0, 0, -79, 185]	[[2, 5]]
"2022.j1"	2022	[1, 0, 0, -65543, 6453129]	[[150, -27]]
"2022.j2"	2022	[1, 0, 0, -4103, 100233]	[[22, 133]]
"2024.a1"	2024	[0, -1, 0, -8, -11]	[[6, 11]]
"2024.b1"	2024	[0, -1, 0, -1352, 5996]	[[-35, 96]]
"2025.b1"	2025	[1, -1, 1, -5630, -161878]	[[184, 2145]]
"2025.b2"	2025	[1, -1, 1, -5, 122]	[[4, 10]]
"2025.c1"	2025	[0, 0, 1, -2700, -51469]	[[-35, 12]]
"2025.d1"	2025	[0, 0, 1, -4050, -98719]	[[-35, 12]]
"2025.d2"	2025	[0, 0, 1, -300, 1906]	[[-10, 62]]
"2028.e1"	2028	[0, 1, 0, -126468, -16112316]	[[875, 23322]]
"2028.e2"	2028	[0, 1, 0, -123933, -16834284]	[[1200, 39546]]
"2028.e3"	2028	[0, 1, 0, -25068, 1515060]	[[147, 1014]]
"2028.e4"	2028	[0, 1, 0, -2253, 144]	[[108, 1014]]
"2030.a1"	2030	[1, -1, 0, -764, 8308]	[[19, 10]]
"2030.a2"	2030	[1, -1, 0, -644, -6100]	[[-14, 2]]
"2030.a3"	2030	[1, -1, 0, -64, 48]	[[-1, 11]]
"2030.a4"	2030	[1, -1, 0, 16, 0]	[[9, 24]]
"2031.b1"	2031	[0, 1, 1, -7, 4]	[[2, 1]]
"2031.c1"	2031	[0, -1, 1, -201848, 29995379]	[[181/2, 36615/2]]
"2031.d1"	2031	[0, -1, 1, -78, -241]	[[-19/2, -3/2]]
"2032.c1"	2032	[0, 0, 0, -86699, -9825830]	[[13618807255/4641, 1371113113886270/4641]]
"2032.c2"	2032	[0, 0, 0, -6059, -114982]	[[-1571/5, 16592/5]]
"2032.c3"	2032	[0, 0, 0, -5419, -153510]	[[173623/17, 71774430/17]]
"2032.e1"	2032	[0, -1, 0, -128, 128]	[[-8, 24]]
"2037.a1"	2037	[0, -1, 1, -190, 1074]	[[9, 3]]
"2037.b1"	2037	[1, 1, 1, -90, -354]	[[-6, 6]]
"2037.b2"	2037	[1, 1, 1, 45, -1164]	[[21, 87]]
"2040.a1"	2040	[0, -1, 0, 7644, -1273275]	[[86, 113]]
"2040.c1"	2040	[0, -1, 0, -1096, -13604]	[[81, 650]]
"2040.c2"	2040	[0, -1, 0, -76, -140]	[[-6, 8]]
"2040.c3"	2040	[0, -1, 0, -31, 76]	[[3, 1]]
"2040.c4"	2040	[0, -1, 0, 224, -1220]	[[9, 38]]
"2040.e1"	2040	[0, -1, 0, 0, -3]	[[2, 1]]
"2040.f1"	2040	[0, -1, 0, -4000, -27140]	[[-43, 252]]
"2040.f2"	2040	[0, -1, 0, -2300, 42900]	[[25, 20]]
"2040.f3"	2040	[0, -1, 0, -2295, 43092]	[[92, 776]]
"2040.f4"	2040	[0, -1, 0, -680, 100572]	[[17, 306]]
"2040.g1"	2040	[0, -1, 0, 20, 25]	[[0, 5]]
"2040.i1"	2040	[0, 1, 0, -516, 4869]	[[42, 243]]
"2040.j1"	2040	[0, 1, 0, 2104, 114705]	[[184, 2601]]
"2040.k1"	2040	[0, 1, 0, -1816, -30400]	[[56, 216]]
"2040.k2"	2040	[0, 1, 0, -416, 2640]	[[24, 84]]
"2040.k3"	2040	[0, 1, 0, -116, -480]	[[-6, 6]]
"2040.k4"	2040	[0, 1, 0, 9, -30]	[[11, 39]]
"2040.m1"	2040	[0, 1, 0, -2840, 81813]	[[346, 6375]]
"2040.o1"	2040	[0, 1, 0, -220, 1193]	[[-4, 45]]
"2043.b1"	2043	[0, 0, 1, -3882, 93096]	[[32, 40]]
"2043.c1"	2043	[0, 0, 1, -120, -536]	[[16, 40]]
"2046.a1"	2046	[1, 1, 0, -62, 0]	[[-2, 12]]
"2046.a2"	2046	[1, 1, 0, 248, 310]	[[7, 46]]
"2046.c1"	2046	[1, 1, 0, -40265, 3092421]	[[82, 551]]
"2046.c2"	2046	[1, 1, 0, -35305, 3888997]	[[113, 1109]]
"2046.e1"	2046	[1, 0, 1, -2652, 52330]	[[5, 195]]
"2046.e2"	2046	[1, 0, 1, -172, 746]	[[1, 23]]
"2046.h1"	2046	[1, 0, 0, -102969, -2474631]	[[-36, 1107]]
"2046.h2"	2046	[1, 0, 0, -63289, 6088313]	[[92, 977]]
"2050.e1"	2050	[1, -1, 1, -5355, 152147]	[[49, 50]]
"2050.e2"	2050	[1, -1, 1, -355, 2147]	[[-1, 50]]
"2054.c1"	2054	[1, -1, 0, 26, -108]	[[7, 16]]
"2054.d1"	2054	[1, -1, 1, -276, -1693]	[[33, 139]]
"2054.d2"	2054	[1, -1, 1, -16, -29]	[[7, 9]]
"2054.e1"	2054	[1, -1, 1, 42, -11035]	[[97, 899]]
"2054.f1"	2054	[1, -1, 1, -1160136, 481252619]	[[621, -263]]
"2055.b1"	2055	[1, 1, 1, -685, -7180]	[[-140/3, 265/3]]
"2055.c1"	2055	[1, 0, 0, -26, 45]	[[1, 4]]
"2056.c1"	2056	[0, 0, 0, -83, -290]	[[195, 2720]]
"2056.c2"	2056	[0, 0, 0, -43, -570]	[[4874/5, 340068/5]]
"2056.d1"	2056	[0, -1, 0, -248, 1589]	[[10, 3]]
"2056.e1"	2056	[0, -1, 0, -128, 44]	[[-35/3, 584/3]]
"2056.e2"	2056	[0, -1, 0, -88, 348]	[[-3, 24]]
"2057.b1"	2057	[0, 1, 1, -12019, 1156194]	[[-114, 1028]]
"2057.b2"	2057	[0, 1, 1, 1291, -35051]	[[149/2, 2053/2]]
"2062.a1"	2062	[1, -1, 0, -137, 653]	[[7, -3]]
"2062.b1"	2062	[1, 1, 1, 5, 1]	[[1, 2]]
"2064.e1"	2064	[0, -1, 0, -3912, -91728]	[[-326/3, 910/3]]
"2064.e2"	2064	[0, -1, 0, -472, 1840]	[[2, 30]]
"2064.e4"	2064	[0, -1, 0, 1688, 12208]	[[218, 3270]]
"2064.l1"	2064	[0, 1, 0, 24, 36]	[[0, 6]]
"2065.a1"	2065	[1, 1, 1, 0, 2]	[[0, 1]]
"2067.b1"	2067	[0, 1, 1, -1963, -34139]	[[1885/6, 20807/6]]
"2068.a1"	2068	[0, 1, 0, -2188, -40140]	[[405/2, 7095/2]]
"2068.a2"	2068	[0, 1, 0, 12, -188]	[[16, 66]]
"2068.c1"	2068	[0, 1, 0, 619, 13463]	[[-7, 94]]
"2068.d1"	2068	[0, 1, 0, 595, 1007]	[[2, 47]]
"2070.b1"	2070	[1, -1, 0, -993600, -380962764]	[[2847, 139503]]
"2070.b2"	2070	[1, -1, 0, -232470, 37012950]	[[-105, 7815]]
"2070.b3"	2070	[1, -1, 0, -63720, -5613300]	[[-177, 399]]
"2070.b4"	2070	[1, -1, 0, -62100, -5940864]	[[363, 4206]]
"2070.b5"	2070	[1, -1, 0, -3780, -97200]	[[120, 1020]]
"2070.b6"	2070	[1, -1, 0, 79110, -27294894]	[[237, 2055]]
"2070.d1"	2070	[1, -1, 0, -39, 95]	[[1, 7]]
"2070.d2"	2070	[1, -1, 0, -9, -7]	[[4, 1]]
"2070.e1"	2070	[1, -1, 0, -1044, -12200]	[[-19, 32]]
"2070.e2"	2070	[1, -1, 0, 36, -752]	[[17, 59]]
"2070.g1"	2070	[1, -1, 0, -7074, 160380]	[[81, 297]]
"2070.g2"	2070	[1, -1, 0, 1206, 16308]	[[12, 174]]
"2070.i1"	2070	[1, -1, 0, -1078509, -430806235]	[[-599, 472]]
"2070.l1"	2070	[1, -1, 1, -1883, -30069]	[[-27, 36]]
"2070.l2"	2070	[1, -1, 1, 37, -1653]	[[15, 38]]
"2070.m1"	2070	[1, -1, 1, -13253, 590537]	[[67, -30]]
"2070.m2"	2070	[1, -1, 1, -833, 9281]	[[21, 16]]
"2070.m3"	2070	[1, -1, 1, -113, -223]	[[-3, 10]]
"2070.m4"	2070	[1, -1, 1, 67, 27641]	[[-9, 166]]
"2070.p1"	2070	[1, -1, 1, -35372, -2273129]	[[-89, 449]]
"2070.p2"	2070	[1, -1, 1, -34292, -2435561]	[[379, 6047]]
"2070.p3"	2070	[1, -1, 1, -8372, 296471]	[[49, 21]]
"2070.p4"	2070	[1, -1, 1, -692, 1559]	[[27, 31]]
"2070.q1"	2070	[1, -1, 1, -15737, 669849]	[[137, 966]]
"2070.q2"	2070	[1, -1, 1, 1543, 54681]	[[11, 264]]
"2071.a1"	2071	[1, 1, 1, 3, 2]	[[0, 1]]
"2072.c1"	2072	[0, 0, 0, -10, 9]	[[0, 3]]
"2072.c2"	2072	[0, 0, 0, 25, 58]	[[7, 24]]
"2072.d1"	2072	[0, 0, 0, 4, -12]	[[2, 2]]
"2072.e1"	2072	[0, -1, 0, -1464, -20596]	[[10765/6, 1105417/6]]
"2074.a1"	2074	[1, 0, 1, -1317, -18496]	[[79, 570]]
"2074.a2"	2074	[1, 0, 1, -1297, -19080]	[[57, 276]]
"2074.b1"	2074	[1, -1, 1, -7, -13]	[[11, 28]]
"2076.b1"	2076	[0, 1, 0, 10, -3]	[[1, 3]]
"2077.a1"	2077	[0, -1, 1, -3, 0]	[[0, 0]]
"2077.b1"	2077	[0, 1, 1, -130, 525]	[[21/2, 27/2]]
"2079.a1"	2079	[0, 0, 1, -1917, -28546]	[[-21, 49]]
"2079.b1"	2079	[0, 0, 1, -108, -385]	[[-5, 5]]
"2079.c1"	2079	[0, 0, 1, -12, 14]	[[-2, 5]]
"2079.d1"	2079	[0, 0, 1, -213, 1057]	[[17/2, 117/2]]
"2080.c1"	2080	[0, 0, 0, -433, 3468]	[[11, 6]]
"2080.c2"	2080	[0, 0, 0, -428, 3552]	[[2, 52]]
"2085.a1"	2085	[1, 1, 1, 155, -3268]	[[102, 991]]
"2088.d1"	2088	[0, 0, 0, -723, 7486]	[[15, 4]]
"2089.b1"	2089	[1, 1, 1, -5, -6]	[[-2, 1]]
"2090.a1"	2090	[1, -1, 0, -3801610, 3306953716]	[[2353, 84761]]
"2090.b3"	2090	[1, 0, 1, -474, 5486]	[[16, 37]]
"2090.e1"	2090	[1, -1, 0, -185, -559]	[[-8, 23]]
"2090.e2"	2090	[1, -1, 0, 35, -75]	[[6, 15]]
"2090.f1"	2090	[1, -1, 0, -23474, 1390180]	[[91, -8]]
"2090.f2"	2090	[1, -1, 0, -1474, 21780]	[[1, 142]]
"2090.f3"	2090	[1, -1, 0, -194, -492]	[[-3, 9]]
"2090.f4"	2090	[1, -1, 0, 46, 63428]	[[-8, 254]]
"2090.h1"	2090	[1, 1, 0, -633, -3103]	[[-16, 65]]
"2090.h2"	2090	[1, 1, 0, -533, -4963]	[[31, 82]]
"2090.j1"	2090	[1, 0, 0, -431, -3479]	[[-12, 7]]
"2093.a1"	2093	[0, -1, 1, -42, 120]	[[3, 3]]
"2093.e1"	2093	[0, 1, 1, -553, -5182]	[[-14, 3]]
"2093.e2"	2093	[0, 1, 1, -33, 57]	[[-1, 9]]
"2093.h1"	2093	[0, 1, 1, -14829659, -21985816061]	[[14674995661/1230, 1608233748263209/1230]]
"2096.a1"	2096	[0, -1, 0, -9, -11]	[[4, 1]]
"2096.c1"	2096	[0, 0, 0, -35, -94]	[[7, 2]]
"2096.e1"	2096	[0, -1, 0, -1024, 12960]	[[18, 6]]
"2097.a1"	2097	[0, 0, 1, -93, 360]	[[2, 13]]
"2100.h1"	2100	[0, -1, 0, -133, 262]	[[-3, 25]]
"2100.h2"	2100	[0, -1, 0, 492, 1512]	[[2, 50]]
"2100.k1"	2100	[0, 1, 0, -14133, 641988]	[[63, 75]]
"2100.k2"	2100	[0, 1, 0, -13508, 701988]	[[-32, 1050]]
"2100.o2"	2100	[0, 1, 0, 3842, 4013]	[[89, 1029]]
"2103.a1"	2103	[0, -1, 1, -214034, -38041660]	[[1403, 49207]]
"2106.f1"	2106	[1, -1, 1, -20, 55]	[[5, 5]]
"2106.f2"	2106	[1, -1, 1, 160, -809]	[[37, 215]]
"2108.a1"	2108	[0, 1, 0, -218, 1169]	[[-7, 49]]
"2108.a2"	2108	[0, 1, 0, -118, 2341]	[[-15, 31]]
"2110.b1"	2110	[1, 1, 0, 13, -71]	[[8, 21]]
"2110.c1"	2110	[1, 0, 1, -152413, -22918664]	[[37990723/33, 233521204478/33]]
"2112.d1"	2112	[0, -1, 0, -1889, -30975]	[[56, 189]]
"2112.d2"	2112	[0, -1, 0, -129, -351]	[[-5, 12]]
"2112.d3"	2112	[0, -1, 0, -49, 145]	[[3, 4]]
"2112.d4"	2112	[0, -1, 0, 351, -2751]	[[43, 300]]
"2112.g1"	2112	[0, -1, 0, -393, -2871]	[[25, 48]]
"2112.g2"	2112	[0, -1, 0, -353, -3519]	[[45, 264]]
"2112.h1"	2112	[0, -1, 0, -33, 33]	[[-1, 8]]
"2112.h2"	2112	[0, -1, 0, 127, 129]	[[1, 16]]
"2112.j1"	2112	[0, -1, 0, -9377, -346047]	[[141, 1056]]
"2112.j2"	2112	[0, -1, 0, -737, -2175]	[[-21, 60]]
"2112.j3"	2112	[0, -1, 0, -417, 3393]	[[11, 4]]
"2112.j4"	2112	[0, -1, 0, 2783, -19775]	[[163/3, 5140/3]]
"2112.n1"	2112	[0, -1, 0, -644161, -198779327]	[[688259289/595, 16170174629888/595]]
"2112.n3"	2112	[0, -1, 0, -2881, 44353]	[[-33, 320]]
"2112.p1"	2112	[0, 1, 0, -32065, 2199359]	[[101, 36]]
"2112.p2"	2112	[0, 1, 0, -31905, 2222559]	[[-9, 1584]]
"2112.r1"	2112	[0, 1, 0, -22529, -1309089]	[[2253/2, 102765/2]]
"2112.r2"	2112	[0, 1, 0, -1409, -20769]	[[555, 13056]]
"2112.r4"	2112	[0, 1, 0, -129, -33]	[[-7, 24]]
"2112.v1"	2112	[0, 1, 0, -5153, 140127]	[[21, 204]]
"2112.v2"	2112	[0, 1, 0, -2593, 281951]	[[-25, 576]]
"2112.v3"	2112	[0, 1, 0, -353, -2529]	[[-11, 12]]
"2112.v4"	2112	[0, 1, 0, 287, -10081]	[[23, 96]]
"2112.w1"	2112	[0, 1, 0, -393, 2871]	[[9, 12]]
"2112.y1"	2112	[0, 1, 0, -2817, -58497]	[[194, 2595]]
"2112.y3"	2112	[0, 1, 0, -177, -945]	[[18, 45]]
"2114.b1"	2114	[1, 1, 0, -85925, 7941773]	[[6468001/15, 16400586679/15]]
"2114.b2"	2114	[1, 1, 0, 10715, 732429]	[[28746, 4859547]]
"2114.c1"	2114	[1, 1, 0, -1610, 24206]	[[7, 112]]
"2114.c2"	2114	[1, 1, 0, -100, 348]	[[6, 0]]
"2114.d1"	2114	[1, -1, 1, -44770, 3650273]	[[89, 559]]
"2114.d2"	2114	[1, -1, 1, -3810, 13025]	[[1, 95]]
"2116.a1"	2116	[0, 0, 0, -529, -12167]	[[69, 529]]
"2116.d1"	2116	[0, 1, 0, -9698, 446045]	[[733/3, 12167/3]]
"2116.d2"	2116	[0, 1, 0, 882, -4663]	[[61, 529]]
"2118.e1"	2118	[1, 1, 1, 55, 119]	[[3, 16]]
"2124.b1"	2124	[0, 0, 0, -12, -43]	[[11, 34]]
"2130.b1"	2130	[1, 1, 0, -733, 6493]	[[-7, 110]]
"2130.b2"	2130	[1, 1, 0, 67, 573]	[[-1, 23]]
"2130.d1"	2130	[1, 0, 1, -959, 11342]	[[0, 106]]
"2130.d2"	2130	[1, 0, 1, -59, 182]	[[3, 4]]
"2130.f1"	2130	[1, 0, 1, -24575999, -46895788078]	[[511483779/154, 11190843895195/154]]
"2130.f2"	2130	[1, 0, 1, -1535999, -732844078]	[[325851/14, 97006421/14]]
"2130.f3"	2130	[1, 0, 1, -303584, -64272994]	[[1416, 47722]]
"2130.f4"	2130	[1, 0, 1, -11984, -1753954]	[[201, 1891]]
"2130.h1"	2130	[1, 1, 1, -2011, 33833]	[[7, 138]]
"2130.h2"	2130	[1, 1, 1, -91, 809]	[[-1, 30]]
"2130.i1"	2130	[1, 1, 1, -251, -1501]	[[71/2, -25/2]]
"2130.i2"	2130	[1, 1, 1, 19, -97]	[[11, 34]]
"2130.j1"	2130	[1, 1, 1, -136320, 19315785]	[[215, -51]]
"2130.j2"	2130	[1, 1, 1, -8720, 284105]	[[75, 205]]
"2130.j3"	2130	[1, 1, 1, -8520, 299145]	[[55, -1]]
"2130.j4"	2130	[1, 1, 1, -520, 4745]	[[5, 45]]
"2130.l1"	2130	[1, 1, 1, -194505, -33098523]	[[8237/4, 103929/4]]
"2130.l2"	2130	[1, 1, 1, -30005, 1284077]	[[10687/6, 900601/6]]
"2130.l3"	2130	[1, 1, 1, -12255, -512223]	[[287, 4296]]
"2130.l4"	2130	[1, 1, 1, 245, -27223]	[[37, 166]]
"2132.a1"	2132	[0, 1, 0, -177, -968]	[[17, 35]]
"2132.a2"	2132	[0, 1, 0, -172, -1020]	[[28, 130]]
"2133.a1"	2133	[0, 0, 1, -15, 22]	[[2, 0]]
"2135.b1"	2135	[1, 0, 0, -3955, 95400]	[[35, -5]]
"2135.b2"	2135	[1, 0, 0, -3710, 107797]	[[-41, 458]]
"2135.c1"	2135	[1, 0, 0, -25, -50]	[[-3, 2]]
"2135.d3"	2135	[0, 1, 1, 29379, -108390]	[[6361/12, 1952261/12]]
"2135.e1"	2135	[1, 1, 0, -423, -1442]	[[214, 3018]]
"2135.f1"	2135	[1, 1, 0, -142, -681]	[[-33/2, 3/2]]
"2135.f2"	2135	[1, 1, 0, 103, -2494]	[[22, 94]]
"2139.c1"	2139	[1, 1, 0, -495, -4452]	[[523/2, 11309/2]]
"2139.c2"	2139	[1, 1, 0, -30, -81]	[[130, 1423]]
"2139.e1"	2139	[1, 0, 1, -127, 215]	[[-5, 29]]
"2139.e2"	2139	[1, 0, 1, 28, 29]	[[3, 10]]
"2140.a1"	2140	[0, 0, 0, 8, 49]	[[-2, 5]]
"2141.a1"	2141	[1, -1, 0, -1, -2]	[[2, 0]]
"2142.c1"	2142	[1, -1, 0, -4758, 127466]	[[43, 10]]
"2142.c2"	2142	[1, -1, 0, -348, 1340]	[[1, 31]]
"2142.c3"	2142	[1, -1, 0, -168, -784]	[[-7, 7]]
"2142.c4"	2142	[1, -1, 0, 1182, 8990]	[[5, 120]]
"2142.d1"	2142	[1, -1, 0, -252, -122]	[[-3, 26]]
"2142.d2"	2142	[1, -1, 0, -162, 832]	[[6, 4]]
"2142.h1"	2142	[1, -1, 0, -123467436, 528082919464]	[[162581/5, 1117864/5]]
"2142.h2"	2142	[1, -1, 0, -7731396, 8219774992]	[[992, 38564]]
"2142.h3"	2142	[1, -1, 0, -2633436, 18893883640]	[[3015, 194335]]
"2142.h4"	2142	[1, -1, 0, -816516, -71166128]	[[-513, 14834]]
"2142.h5"	2142	[1, -1, 0, -632196, -193075376]	[[-447, -4]]
"2142.h6"	2142	[1, -1, 0, 3149244, -562127216]	[[6608, 552356]]
"2142.l1"	2142	[1, -1, 1, -1157, 3165]	[[41, 132]]
"2142.l2"	2142	[1, -1, 1, 283, 285]	[[3, 32]]
"2144.a1"	2144	[0, 1, 0, -13, 27]	[[1, 4]]
"2146.b1"	2146	[1, 1, 0, -14938, 696596]	[[100, 414]]
"2148.c1"	2148	[0, -1, 0, -5, 33]	[[-1, 6]]
"2150.a1"	2150	[1, -1, 0, 83, -59]	[[5, 19]]
"2150.f1"	2150	[1, 1, 0, -140650, -20361750]	[[728445/41, 22687290/41]]
"2150.f2"	2150	[1, 1, 0, -900, -55000]	[[275, 4400]]
"2150.f3"	2150	[1, 1, 0, 100, 2000]	[[-5, 40]]
"2150.j1"	2150	[1, -1, 1, -15, -33]	[[13, 36]]
"2150.k1"	2150	[1, -1, 1, -303930, 64568697]	[[-31, 8615]]
"2150.l1"	2150	[1, 1, 1, -368, 2841]	[[-21, 53]]
"2150.p1"	2150	[1, 0, 0, 137, -983]	[[18, 77]]
"2154.c1"	2154	[1, 1, 0, -24, -30]	[[5, 0]]
"2154.c2"	2154	[1, 1, 0, 6, 0]	[[2, 4]]
"2154.e1"	2154	[1, 0, 1, 129, 760]	[[-4, 15]]
"2154.g1"	2154	[1, 0, 0, -2087, -36819]	[[-26, 7]]
"2154.h1"	2154	[1, 0, 0, -4, 8]	[[2, 2]]
"2154.i1"	2154	[1, 0, 0, -16710, -775836]	[[-84, 234]]
"2156.a1"	2156	[0, -1, 0, -3789, 91561]	[[40, 49]]
"2156.a2"	2156	[0, -1, 0, 131, 617]	[[19, 98]]
"2157.c1"	2157	[0, -1, 1, -16313, -796540]	[[-61736/29, -12177/29]]
"2158.c1"	2158	[1, 0, 0, 15, 41]	[[4, 11]]
"2160.b1"	2160	[0, 0, 0, -22923, 1336122]	[[69, 288]]
"2160.b2"	2160	[0, 0, 0, 117, 6458]	[[101, 1024]]
"2160.c1"	2160	[0, 0, 0, -33, -73]	[[14, 47]]
"2160.c2"	2160	[0, 0, 0, 27, -297]	[[6, 9]]
"2160.e1"	2160	[0, 0, 0, -3, -3]	[[4, 7]]
"2160.g1"	2160	[0, 0, 0, 12, 12]	[[1, 5]]
"2160.i1"	2160	[0, 0, 0, 297, 4077]	[[4, 73]]
"2160.j1"	2160	[0, 0, 0, -48, -272]	[[9, 5]]
"2160.m1"	2160	[0, 0, 0, -27, 81]	[[0, 9]]
"2160.o1"	2160	[0, 0, 0, -297, 1971]	[[10, 1]]
"2160.o2"	2160	[0, 0, 0, 3, 11]	[[2, 5]]
"2160.p1"	2160	[0, 0, 0, -27, 74]	[[5, 8]]
"2160.s1"	2160	[0, 0, 0, -72, 236]	[[2, 10]]
"2160.s2"	2160	[0, 0, 0, 168, 1244]	[[-2, 30]]
"2160.u1"	2160	[0, 0, 0, 33, -151]	[[8, 25]]
"2161.a1"	2161	[1, -1, 0, 1, 2]	[[2, 2]]
"2163.a1"	2163	[1, 0, 0, -1810, -29779]	[[-25, 14]]
"2163.a2"	2163	[1, 0, 0, -95, -624]	[[13, 13]]
"2163.c1"	2163	[1, 0, 0, -3847, 91520]	[[29, 53]]
"2163.c2"	2163	[1, 0, 0, -557, -3078]	[[-14, 52]]
"2163.c3"	2163	[1, 0, 0, -242, 1395]	[[7, 4]]
"2163.c4"	2163	[1, 0, 0, 3, 72]	[[21, 87]]
"2166.b1"	2166	[1, 1, 0, -1090, 14068]	[[36, 134]]
"2166.c1"	2166	[1, 0, 1, 87, 412]	[[-1, 18]]
"2166.d1"	2166	[1, 0, 1, -31606280, 68389818806]	[[81156/5, -196894/5]]
"2166.d2"	2166	[1, 0, 1, -1975400, 1068459446]	[[777, 1291]]
"2166.d4"	2166	[1, 0, 1, -127080, 15656374]	[[68, 2673]]
"2170.a1"	2170	[1, 0, 1, -59, 96]	[[8, 8]]
"2170.a2"	2170	[1, 0, 1, 11, 12]	[[1, 4]]
"2170.d1"	2170	[1, 0, 1, -21269, -1195424]	[[-3005/6, 7457/6]]
"2170.j2"	2170	[1, 0, 0, -2716, 176400]	[[28, 336]]
"2170.l1"	2170	[1, 1, 1, -5149395, -4499762135]	[[-11795/3, 17680/3]]
"2170.m1"	2170	[1, -1, 1, -41193, 3225737]	[[107, 132]]
"2170.m2"	2170	[1, -1, 1, -1993, 74057]	[[-37, 328]]
"2170.p1"	2170	[1, 0, 0, -6, -4]	[[-2, 2]]
"2172.a1"	2172	[0, -1, 0, -204, -792]	[[-19/2, 55/2]]
"2172.a2"	2172	[0, -1, 0, -69, 234]	[[2, 10]]
"2172.c1"	2172	[0, 1, 0, 2, 5]	[[1, 3]]
"2173.a1"	2173	[0, 1, 1, -3, -2]	[[-2, 0]]
"2175.c1"	2175	[1, 1, 1, -243, 1356]	[[10, 2]]
"2175.c2"	2175	[1, 1, 1, -18, 6]	[[0, 2]]
"2175.d2"	2175	[0, -1, 1, 1217, 7593]	[[-3, 62]]
"2175.j1"	2175	[0, -1, 1, -17458, -882057]	[[1180533/82, 659971191/82]]
"2178.b1"	2178	[1, -1, 0, -87687, -9934083]	[[1246, 41969]]
"2178.b2"	2178	[1, -1, 0, -44127, -19839627]	[[2487/2, 108591/2]]
"2178.b3"	2178	[1, -1, 0, -6012, 170748]	[[58, 92]]
"2178.b4"	2178	[1, -1, 0, 4878, 713070]	[[-41, 686]]
"2178.d1"	2178	[1, -1, 0, 1611, -38219]	[[26, 131]]
"2178.e1"	2178	[1, -1, 0, -14724, 771876]	[[-30, 1104]]
"2178.f1"	2178	[1, -1, 0, -468, -3888]	[[72, 540]]
"2178.f2"	2178	[1, -1, 0, 27, -27]	[[6, 15]]
"2178.h1"	2178	[1, -1, 1, -1115885, 453986965]	[[641, 1010]]
"2178.h2"	2178	[1, -1, 1, -70445, 6956821]	[[47, 1912]]
"2178.h3"	2178	[1, -1, 1, -17810, 233093]	[[201, 2077]]
"2178.h4"	2178	[1, -1, 1, -10550, -411595]	[[531, 11713]]
"2178.i1"	2178	[1, -1, 1, -4280, 108771]	[[47, 75]]
"2178.i2"	2178	[1, -1, 1, -320, 1059]	[[-7, 57]]
"2182.b1"	2182	[1, -1, 1, -67, 67]	[[-5, 18]]
"2184.d1"	2184	[0, -1, 0, -203, 1176]	[[7, 7]]
"2184.d2"	2184	[0, -1, 0, -68, 2580]	[[-2, 52]]
"2184.f1"	2184	[0, -1, 0, -13592, -605412]	[[158, 1080]]
"2184.f2"	2184	[0, -1, 0, -1632, 11100]	[[62, 380]]
"2184.f3"	2184	[0, -1, 0, -852, -9180]	[[-16, 10]]
"2184.f4"	2184	[0, -1, 0, -7, -392]	[[33, 185]]
"2184.i1"	2184	[0, 1, 0, 23, 59]	[[-1, 6]]
"2184.j1"	2184	[0, 1, 0, -151424, -22730400]	[[675, 13530]]
"2184.j2"	2184	[0, 1, 0, -9464, -357504]	[[168, 1680]]
"2184.j3"	2184	[0, 1, 0, -8624, -422688]	[[669/2, 13485/2]]
"2184.j4"	2184	[0, 1, 0, -644, -4704]	[[31, 78]]
"2184.j5"	2184	[0, 1, 0, -239, 1290]	[[7, 3]]
"2184.j6"	2184	[0, 1, 0, 1696, -29040]	[[19, 102]]
"2184.k1"	2184	[0, 1, 0, -2668, -32656]	[[-22, 126]]
"2184.k2"	2184	[0, 1, 0, 517, -3354]	[[19, 117]]
"2184.l1"	2184	[0, 1, 0, -166388, 26068080]	[[232, 84]]
"2188.b1"	2188	[0, 0, 0, -80, 276]	[[5, 1]]
"2189.a1"	2189	[0, 1, 1, -28027, 1796670]	[[-771/2, 2185/2]]
"2189.a2"	2189	[0, 1, 1, -26157, 2048647]	[[175, 1691]]
"2190.b1"	2190	[1, 1, 0, 148, -426]	[[13, 56]]
"2190.d1"	2190	[1, 0, 1, -18494, -969808]	[[205739/14, 91063785/14]]
"2190.d2"	2190	[1, 0, 1, -14, 182]	[[18, 67]]
"2190.d3"	2190	[1, 0, 1, 121, -4894]	[[1046, 33312]]
"2190.e1"	2190	[1, 0, 1, -3543, -65444]	[[-40, 132]]
"2190.e2"	2190	[1, 0, 1, -1113, 13288]	[[14, 15]]
"2190.f1"	2190	[1, 0, 1, 7, -4]	[[2, 3]]
"2190.i1"	2190	[1, 1, 1, -18926, -1034197]	[[209, 1943]]
"2190.j1"	2190	[1, 1, 1, -15146, -231307]	[[-1013/6, 92923/6]]
"2190.j2"	2190	[1, 1, 1, -8576, 299549]	[[147/2, 1361/2]]
"2190.j3"	2190	[1, 1, 1, -8556, 301053]	[[37, 173]]
"2190.j4"	2190	[1, 1, 1, -2326, 734549]	[[771/2, 21125/2]]
"2190.k1"	2190	[1, 1, 1, -30, 27]	[[7, 11]]
"2190.k2"	2190	[1, 1, 1, 90, 315]	[[3, 23]]
"2190.l1"	2190	[1, 1, 1, -95, 317]	[[5, -2]]
"2190.n1"	2190	[1, 0, 0, -4646, 121476]	[[46, 52]]
"2190.p1"	2190	[1, 0, 0, -260, 3600]	[[40, 220]]
"2192.c1"	2192	[0, 0, 0, 13, 18]	[[-1, 2]]
"2192.d1"	2192	[0, -1, 0, -112, -576]	[[18, 54]]
"2192.f1"	2192	[0, -1, 0, -88, 144]	[[0, 12]]
"2192.f2"	2192	[0, -1, 0, -48, -112]	[[14, 42]]
"2193.b1"	2193	[1, 0, 1, -1824, 30883]	[[29, 36]]
"2196.a2"	2196	[0, 0, 0, 249, -3490]	[[19, 90]]
"2196.c1"	2196	[0, 0, 0, -975, 11718]	[[6, 78]]
"2196.d1"	2196	[0, 0, 0, -8775, -316386]	[[115, 442]]
"2196.e1"	2196	[0, 0, 0, -1479, 20878]	[[14, 54]]
"2196.e2"	2196	[0, 0, 0, -264, -1235]	[[35, 180]]
"2198.a1"	2198	[1, 1, 0, 196, 2992]	[[-9, 29]]
"2198.b1"	2198	[1, -1, 0, -308, -2352]	[[56, 364]]
"2198.c1"	2198	[1, 0, 1, -31, 64]	[[44, 268]]
"2198.c2"	2198	[1, 0, 1, 144, 246]	[[27/2, 283/2]]
"2198.d1"	2198	[1, 1, 1, 3, 19]	[[-1, 4]]
"2200.b1"	2200	[0, 1, 0, -2208, -32912]	[[-28, 88]]
"2200.b2"	2200	[0, 1, 0, 292, -2912]	[[24, 136]]
"2200.c1"	2200	[0, 1, 0, -5708, -104912]	[[-42, 250]]
"2200.c2"	2200	[0, 1, 0, -5083, -141162]	[[-41, 1]]
"2200.h1"	2200	[0, 1, 0, 32, -32]	[[3, 10]]
"2202.a1"	2202	[1, 0, 1, -172830, -27669488]	[[-294131/35, 5128927/35]]
"2202.a2"	2202	[1, 0, 1, -2175, -36590]	[[-25, 60]]
"2202.a3"	2202	[1, 0, 1, -420, 3262]	[[5, 33]]
"2202.c1"	2202	[1, 0, 0, -71, 9]	[[-2, 13]]
"2204.b1"	2204	[0, -1, 0, -133301, 18926849]	[[1600/3, 24389/3]]
"2205.c1"	2205	[1, -1, 1, -167, 634]	[[2, 16]]
"2205.c2"	2205	[1, -1, 1, -62, -164]	[[-4, 4]]
"2205.d1"	2205	[0, 0, 1, -1848, -30641]	[[79, 562]]
"2205.d2"	2205	[0, 0, 1, 42, -212]	[[16, 67]]
"2205.e1"	2205	[0, 0, 1, -57918, -5612252]	[[518, 10167]]
"2205.e2"	2205	[0, 0, 1, -588, 6088]	[[14, 24]]
"2205.e3"	2205	[0, 0, 1, 3822, -15521]	[[77, 857]]
"2205.f1"	2205	[0, 0, 1, -90552, 10509777]	[[197, 562]]
"2205.f2"	2205	[0, 0, 1, 2058, 72630]	[[98, 1102]]
"2205.h1"	2205	[1, -1, 0, -73509, 5506388]	[[52, 1324]]
"2205.h2"	2205	[1, -1, 0, -27204, -1652365]	[[-94, 307]]
"2205.j1"	2205	[0, 0, 1, -63, -331]	[[49/2, 213/2]]
"2208.a1"	2208	[0, -1, 0, -24, 24]	[[5, 2]]
"2208.a2"	2208	[0, -1, 0, 6, 0]	[[2, 4]]
"2208.b1"	2208	[0, -1, 0, -88, 340]	[[4, 6]]
"2208.b2"	2208	[0, -1, 0, 2, 16]	[[0, 4]]
"2208.d1"	2208	[0, -1, 0, -19272, 829080]	[[2165, 100510]]
"2208.d2"	2208	[0, -1, 0, 2598, 76752]	[[-22, 92]]
"2208.g2"	2208	[0, 1, 0, 22, -24]	[[4, 12]]
"2208.h1"	2208	[0, 1, 0, -88, -340]	[[11, 12]]
"2208.h2"	2208	[0, 1, 0, 2, -16]	[[5, 12]]
"2210.a1"	2210	[1, 0, 1, -96298, -11483244]	[[-180, 252]]
"2210.a2"	2210	[1, 0, 1, -8418, -23692]	[[-76, 460]]
"2210.a3"	2210	[1, 0, 1, -5673, 150506]	[[122, 1069]]
"2210.a4"	2210	[1, 0, 1, -5543, 158358]	[[34, 80]]
"2210.b1"	2210	[1, 1, 0, -35507, -2590099]	[[235, 1336]]
"2210.b2"	2210	[1, 1, 0, -2227, -40851]	[[-27, 36]]
"2210.c1"	2210	[1, 0, 0, -306, 1156]	[[0, 34]]
"2210.c2"	2210	[1, 0, 0, 974, 8580]	[[-4, 70]]
"2210.d1"	2210	[1, 0, 0, -2440, -45408]	[[-26, 38]]
"2210.d2"	2210	[1, 0, 0, -360, 1600]	[[0, 40]]
"2210.e1"	2210	[1, -1, 1, -18, 17]	[[5, 3]]
"2210.e2"	2210	[1, -1, 1, 62, 81]	[[3, 15]]
"2210.f1"	2210	[1, -1, 1, -36862, -2712451]	[[267, 2401]]
"2210.f2"	2210	[1, -1, 1, -2862, -19651]	[[97, 731]]
"2210.f3"	2210	[1, -1, 1, -1582, 24381]	[[21, -1]]
"2210.f4"	2210	[1, -1, 1, 10658, -160259]	[[19, 211]]
"2210.g1"	2210	[1, -1, 1, -187, -789]	[[-9, 14]]
"2210.g2"	2210	[1, -1, 1, 333, -4741]	[[17, 66]]
"2211.a1"	2211	[0, -1, 1, -96152, -11445040]	[[442, 5675]]
"2211.b1"	2211	[1, 1, 1, -39, 2214]	[[12, 54]]
"2211.c1"	2211	[0, 1, 1, -15837, -773128]	[[203261/10, 91481209/10]]
"2211.d1"	2211	[1, 1, 0, -440, 3009]	[[8, 5]]
"2211.d2"	2211	[1, 1, 0, -105, -408]	[[-68/3, -34/3]]
"2214.a1"	2214	[1, -1, 0, -4443, 115109]	[[38, -11]]
"2214.b1"	2214	[1, -1, 0, -45, 157]	[[9, 16]]
"2219.b1"	2219	[0, 1, 1, -1, -3]	[[3, 5]]
"2221.a1"	2221	[0, -1, 1, -11, 18]	[[2, 0]]
"2223.c1"	2223	[1, -1, 1, -23, 60]	[[2, 3]]
"2223.d1"	2223	[1, -1, 1, 50134, 1174254]	[[26, 1566]]
"2223.e1"	2223	[0, 0, 1, -48, -675]	[[17, 58]]
"2226.b1"	2226	[1, 1, 0, -17059, 836437]	[[389, 7103]]
"2226.b2"	2226	[1, 1, 0, -2219, -21315]	[[-35, 140]]
"2226.b3"	2226	[1, 1, 0, -1899, -32643]	[[-1249/7, 3144/7]]
"2226.b4"	2226	[1, 1, 0, 7501, -147675]	[[1069/5, 60268/5]]
"2226.c2"	2226	[1, 1, 0, 21, 45]	[[2, 9]]
"2226.d1"	2226	[1, 1, 0, -2249, 40125]	[[25, 5]]
"2226.d2"	2226	[1, 1, 0, -129, 693]	[[-6, 39]]
"2226.h1"	2226	[1, 1, 1, -459, -3009]	[[-57/2, 291/2]]
"2226.h2"	2226	[1, 1, 1, 71, -253]	[[35, 198]]
"2230.a1"	2230	[1, -1, 1, -27, -21]	[[-3, 6]]
"2230.b1"	2230	[1, -1, 1, -192, 1059]	[[7, 1]]
"2230.d1"	2230	[1, 1, 1, -10010, -119385]	[[-87, 363]]
"2230.e1"	2230	[1, 0, 0, -51991, -4567229]	[[-67155941/714, 24144458087/714]]
"2230.e2"	2230	[1, 0, 0, -701, -5095]	[[-80/3, 695/3]]
"2230.e3"	2230	[1, 0, 0, -261, 1601]	[[4, 23]]
"2232.e1"	2232	[0, 0, 0, -270, 1701]	[[10, 1]]
"2232.i1"	2232	[0, 0, 0, -8139, -226730]	[[-45, 220]]
"2232.i2"	2232	[0, 0, 0, -2559, 46690]	[[17, 90]]
"2232.i3"	2232	[0, 0, 0, -2514, 48517]	[[54, 265]]
"2232.i4"	2232	[0, 0, 0, 2301, 203182]	[[179, 2520]]
"2235.a1"	2235	[0, 1, 1, -3470, -94654]	[[381/2, 5351/2]]
"2235.a2"	2235	[0, 1, 1, -20, 506]	[[0, 22]]
"2235.b1"	2235	[1, 1, 1, -15045, 125850]	[[-1699/5, 118761/5]]
"2235.b2"	2235	[1, 1, 1, -11320, 458120]	[[-62, 993]]
"2235.b3"	2235	[1, 1, 1, -11315, 458552]	[[6014/7, 310897/7]]
"2235.b4"	2235	[1, 1, 1, -7675, 762842]	[[32, 726]]
"2235.c1"	2235	[0, -1, 1, -41, 116]	[[4, 0]]
"2235.d1"	2235	[1, 1, 0, -7152, -235809]	[[102, 279]]
"2235.d2"	2235	[1, 1, 0, -447, -3816]	[[18413/4, 2462649/4]]
"2235.d3"	2235	[1, 1, 0, -222, -7371]	[[290159/110, 40727457/110]]
"2235.d4"	2235	[1, 1, 0, -42, -9]	[[-1/2, 11/2]]
"2240.b1"	2240	[0, 0, 0, 2, -2]	[[1, 1]]
"2240.k2"	2240	[0, -1, 0, -5, 7]	[[2, 1]]
"2240.m1"	2240	[0, 0, 0, -52268, -4599408]	[[444, 7728]]
"2240.m2"	2240	[0, 0, 0, -4268, -24208]	[[-58, 168]]
"2240.m3"	2240	[0, 0, 0, -3268, -71808]	[[94, 672]]
"2240.m4"	2240	[0, 0, 0, -143, -1808]	[[208/3, 2296/3]]
"2240.p1"	2240	[0, 0, 0, -332, -2256]	[[-10, 8]]
"2240.p2"	2240	[0, 0, 0, -52, 96]	[[-3, 15]]
"2240.p3"	2240	[0, 0, 0, -47, 124]	[[25/2, 69/2]]
"2240.p4"	2240	[0, 0, 0, 148, 656]	[[5, 39]]
"2240.u2"	2240	[0, 1, 0, -5, -7]	[[8, 23]]
"2240.u3"	2240	[0, 1, 0, 35, 25]	[[0, 5]]
"2242.a1"	2242	[1, 0, 0, 22, 4]	[[6, 16]]
"2244.b1"	2244	[0, 1, 0, 11, -25]	[[2, 3]]
"2244.c1"	2244	[0, 1, 0, -32493, -2265345]	[[210, 465]]
"2244.c2"	2244	[0, 1, 0, -93, -7713]	[[21, 6]]
"2254.b2"	2254	[1, 0, 1, -215, 1194]	[[6, 8]]
"2254.c2"	2254	[1, -1, 0, -499, 5109]	[[6, 45]]
"2254.d1"	2254	[1, -1, 0, -11671, -480873]	[[151, 1012]]
"2254.d2"	2254	[1, -1, 0, -401, -14295]	[[53, 307]]
"2254.e1"	2254	[1, 1, 0, -168291, -26643175]	[[161833/9, 62897192/9]]
"2254.e2"	2254	[1, 1, 0, -10511, -420139]	[[1981, 87088]]
"2256.d1"	2256	[0, -1, 0, -81, -243]	[[-4, 1]]
"2256.e1"	2256	[0, -1, 0, -421, 3469]	[[12, 1]]
"2256.g1"	2256	[0, -1, 0, -12032, -504000]	[[1162, 39410]]
"2256.g2"	2256	[0, -1, 0, -992, -2112]	[[874/5, 8582/5]]
"2256.g3"	2256	[0, -1, 0, -752, -7680]	[[34, 70]]
"2256.g4"	2256	[0, -1, 0, -32, -192]	[[16, 56]]
"2256.h1"	2256	[0, 1, 0, -4080, -101676]	[[404, 8022]]
"2256.h2"	2256	[0, 1, 0, -240, -1836]	[[20, 42]]
"2256.l1"	2256	[0, 1, 0, -2288, 41364]	[[28, 6]]
"2256.l2"	2256	[0, 1, 0, -128, 756]	[[4, 18]]
"2256.m1"	2256	[0, 1, 0, -985, 10931]	[[-10, 141]]
"2261.a1"	2261	[1, 1, 1, -844, -9788]	[[322/3, 1831/3]]
"2261.a2"	2261	[1, 1, 1, -749, -11954]	[[989, 30615]]
"2262.a1"	2262	[1, 1, 0, -1107, 13725]	[[26, 45]]
"2262.a2"	2262	[1, 1, 0, -67, 205]	[[3, 5]]
"2262.f1"	2262	[1, 0, 1, -891, -13370]	[[331/2, 5215/2]]
"2262.f2"	2262	[1, 0, 1, 84, 202]	[[8, 33]]
"2262.g1"	2262	[1, 0, 1, -18163426, -29796563788]	[[26317, 4196249]]
"2262.g2"	2262	[1, 0, 1, -1124066, -475233100]	[[1866, 61720]]
"2264.a1"	2264	[0, -1, 0, -4, -12]	[[6, 12]]
"2265.b1"	2265	[0, -1, 1, -28800, 1891208]	[[234, 2812]]
"2265.c1"	2265	[1, 1, 1, -610, -1960]	[[28, 48]]
"2265.c2"	2265	[1, 1, 1, 145, -148]	[[2, 11]]
"2265.e2"	2265	[1, 0, 0, -430, -3325]	[[-13, 17]]
"2265.e3"	2265	[1, 0, 0, -425, -3408]	[[37, 160]]
"2265.e4"	2265	[1, 0, 0, 245, -12640]	[[32, 152]]
"2265.f1"	2265	[0, 1, 1, -121, 475]	[[7, 4]]
"2265.f2"	2265	[0, 1, 1, 239, 2716]	[[34, 226]]
"2265.i1"	2265	[0, -1, 1, -10, 111]	[[13/2, 77/2]]
"2268.b1"	2268	[0, 0, 0, -405, -3159]	[[256/3, 2465/3]]
"2268.b2"	2268	[0, 0, 0, 15, -23]	[[9, 29]]
"2268.c1"	2268	[0, 0, 0, -45, 117]	[[4, 1]]
"2268.c2"	2268	[0, 0, 0, 135, 621]	[[12, 63]]
"2271.b1"	2271	[0, 1, 1, -48, 56]	[[-3, 13]]
"2271.c1"	2271	[0, -1, 1, -17, -22]	[[-2, 0]]
"2271.d2"	2271	[0, 1, 1, -163, 748]	[[14, 37]]
"2272.c1"	2272	[0, 1, 0, -8, -4]	[[-1, 2]]
"2272.d1"	2272	[0, 0, 0, -91, -334]	[[-50/3, 8/3]]
"2274.a1"	2274	[1, 0, 1, -1053, 15400]	[[-25, 174]]
"2275.a1"	2275	[0, 1, 1, -8, 4]	[[-1, 3]]
"2275.c1"	2275	[1, -1, 1, -116755, -15326128]	[[599, 11075]]
"2275.c2"	2275	[1, -1, 1, -7380, -232378]	[[-45, 106]]
"2275.c3"	2275	[1, -1, 1, -1255, 12622]	[[4, 85]]
"2275.c4"	2275	[1, -1, 1, 3995, -892128]	[[2095/2, 94123/2]]
"2275.d1"	2275	[0, -1, 1, -2933, -149732]	[[72988/31, 7273216/31]]
"2275.d3"	2275	[0, -1, 1, 317, 4643]	[[33, 223]]
"2277.b1"	2277	[1, -1, 0, -837936, 295442235]	[[3015/2, 73575/2]]
"2277.b2"	2277	[1, -1, 0, -52371, 4626072]	[[564, 12138]]
"2277.b3"	2277	[1, -1, 0, -50886, 4899609]	[[168, 951]]
"2277.b4"	2277	[1, -1, 0, -12681, -473526]	[[16011/10, 1177461/10]]
"2277.b5"	2277	[1, -1, 0, -3366, 68607]	[[243/2, 2097/2]]
"2277.b6"	2277	[1, -1, 0, 279, 5184]	[[0, 72]]
"2280.a1"	2280	[0, -1, 0, -30400, 2050300]	[[105, 70]]
"2280.a2"	2280	[0, -1, 0, -2280, 18972]	[[-6, 180]]
"2280.a3"	2280	[0, -1, 0, -1900, 32500]	[[30, 40]]
"2280.a4"	2280	[0, -1, 0, -95, 732]	[[4, 20]]
"2280.f1"	2280	[0, 1, 0, -101576, -12494160]	[[1111, 35316]]
"2280.f2"	2280	[0, 1, 0, -27096, 1525104]	[[135, 588]]
"2280.f3"	2280	[0, 1, 0, -6576, -182160]	[[-36, 96]]
"2280.f4"	2280	[0, 1, 0, 644, -14656]	[[35, 228]]
"2280.g1"	2280	[0, 1, 0, -360, -2592]	[[-12, 12]]
"2280.g2"	2280	[0, 1, 0, 20, -160]	[[8, 24]]
"2286.b1"	2286	[1, -1, 0, -1863, 31421]	[[25, -11]]
"2286.c1"	2286	[1, -1, 0, -26802, 1695654]	[[105, 123]]
"2286.c2"	2286	[1, -1, 0, -72, 5832]	[[51, 339]]
"2286.f1"	2286	[1, -1, 0, -201249954, 1098934153596]	[[192891/5, 8735496/5]]
"2286.f2"	2286	[1, -1, 0, -917514, -334851084]	[[-12741/5, 85713/5]]
"2286.j1"	2286	[1, -1, 1, -50, 209]	[[3, 7]]
"2288.b1"	2288	[0, 1, 0, -1056, 17908]	[[-22, 176]]
"2288.c1"	2288	[0, 1, 0, 0, 52]	[[2, 8]]
"2288.e1"	2288	[0, -1, 0, -2881, -73171]	[[172, 2119]]
"2288.j1"	2288	[0, 1, 0, -21, 131]	[[-2, 13]]
"2288.k1"	2288	[0, 1, 0, -446880, 114862196]	[[7684/5, 322102/5]]
"2288.k2"	2288	[0, 1, 0, 4480, -16204]	[[20, 286]]
"2289.a1"	2289	[0, -1, 1, -180, 992]	[[9, 4]]
"2289.b2"	2289	[1, 0, 0, -2342, -43485]	[[57937, 13916554]]
"2289.b3"	2289	[1, 0, 0, -2337, -43680]	[[3258949/15, 5858812877/15]]
"2289.b4"	2289	[1, 0, 0, -707, -102672]	[[1972624/195, 34588328/195]]
"2289.c1"	2289	[1, 1, 0, -4069, -101618]	[[161839/30, 58077353/30]]
"2289.c2"	2289	[1, 1, 0, -359, -300]	[[700, 18180]]
"2289.c3"	2289	[1, 1, 0, -254, -1665]	[[823/6, 13001/6]]
"2289.c4"	2289	[1, 1, 0, -9, -48]	[[79/2, 635/2]]
"2289.d2"	2289	[1, 0, 1, 4, 5]	[[59/2, 399/2]]
"2290.a1"	2290	[1, 0, 1, -19, -18]	[[-2, 4]]
"2290.a2"	2290	[1, 0, 1, 61, -114]	[[3, 8]]
"2290.c1"	2290	[1, 1, 1, -3280, -186795]	[[685/3, 1885/3]]
"2290.c2"	2290	[1, 1, 1, -180, 1525]	[[5, 25]]
"2290.d1"	2290	[1, 0, 0, -5, 5]	[[2, 1]]
"2295.a1"	2295	[0, 0, 1, 27, 128]	[[6, 22]]
"2295.c1"	2295	[0, 0, 1, -198, -1197]	[[21, 62]]
"2295.c2"	2295	[0, 0, 1, 1302, 3528]	[[6, 107]]
"2295.g2"	2295	[0, 0, 1, 11718, -95263]	[[145/2, 4909/2]]
"2295.i1"	2295	[0, 0, 1, -111057102, -450471809815]	[[3230721937/442, 129103745620251/442]]
"2295.i2"	2295	[0, 0, 1, -1369602, -619325440]	[[18057/2, 2335001/2]]
"2298.a1"	2298	[1, 1, 0, -3591, 91125]	[[27, 108]]
"2298.c1"	2298	[1, 0, 1, -101, -376]	[[-6, 7]]
"2298.f1"	2298	[1, 0, 0, -24, -6]	[[35/2, 139/2]]
"2298.f2"	2298	[1, 0, 0, 6, 0]	[[8, 20]]
"2298.g1"	2298	[1, 0, 0, -6309, 128385]	[[18, 135]]
"2298.h1"	2298	[1, 0, 0, -49024, 4173848]	[[1162/3, -1022/3]]
"2298.h2"	2298	[1, 0, 0, -3184, 59624]	[[46, 82]]
"2298.h3"	2298	[1, 0, 0, -3064, 65024]	[[34, 4]]
"2298.h4"	2298	[1, 0, 0, -184, 1088]	[[2, 26]]
"2300.a1"	2300	[0, 0, 0, -1825, 306625]	[[-15, 575]]
"2300.b1"	2300	[0, 1, 0, -1108, -14412]	[[-21, 6]]
"2300.b2"	2300	[0, 1, 0, -108, 388]	[[4, 6]]
"2300.c1"	2300	[0, -1, 0, -458, -4463]	[[72, 575]]
"2300.c2"	2300	[0, -1, 0, 42, 37]	[[7, 25]]
"2300.f1"	2300	[0, 1, 0, -258, 1613]	[[13, 25]]
"2300.g1"	2300	[0, -1, 0, -27708, -1746088]	[[-94, 138]]
"2300.g2"	2300	[0, -1, 0, -2708, 53912]	[[13, 144]]
"2301.a1"	2301	[1, 1, 1, -128, 470]	[[8, 2]]
"2301.a2"	2301	[1, 1, 1, 7, 38]	[[-2, 5]]
"2304.a1"	2304	[0, 0, 0, -72, 0]	[[9, 9]]
"2304.b1"	2304	[0, 0, 0, -5826, -171160]	[[103, 567]]
"2304.b2"	2304	[0, 0, 0, -5736, -176704]	[[1264, 44856]]
"2304.b3"	2304	[0, 0, 0, -66, 200]	[[7, 9]]
"2304.b4"	2304	[0, 0, 0, 24, 704]	[[1, 27]]
"2304.c1"	2304	[0, 0, 0, -6, 0]	[[3, 3]]
"2304.c2"	2304	[0, 0, 0, 24, 0]	[[1, 5]]
"2304.g1"	2304	[0, 0, 0, -840, -9344]	[[65, 459]]
"2304.g2"	2304	[0, 0, 0, -30, -272]	[[11, 27]]
"2304.h1"	2304	[0, 0, 0, -120, -448]	[[-7, 7]]
"2304.j1"	2304	[0, 0, 0, -840, 9344]	[[8, 56]]
"2304.j2"	2304	[0, 0, 0, -30, 272]	[[-2, 18]]
"2304.l1"	2304	[0, 0, 0, -23304, -1369280]	[[10817/7, 706635/7]]
"2304.l3"	2304	[0, 0, 0, -264, 1600]	[[0, 40]]
"2304.m1"	2304	[0, 0, 0, -54, 0]	[[-2, 10]]
"2304.m2"	2304	[0, 0, 0, 216, 0]	[[25, 145]]
"2310.a1"	2310	[1, 1, 0, -152078, 22739028]	[[233, 32]]
"2310.a2"	2310	[1, 1, 0, -12078, 143028]	[[9, 183]]
"2310.a3"	2310	[1, 1, 0, -6958, -224588]	[[-51, 55]]
"2310.a4"	2310	[1, 1, 0, 46002, 1176852]	[[-13, 766]]
"2310.c1"	2310	[1, 1, 0, -12183, 510237]	[[51, 132]]
"2310.c2"	2310	[1, 1, 0, -1183, -2363]	[[-9, 92]]
"2310.c3"	2310	[1, 1, 0, -863, -10107]	[[-17, 5]]
"2310.c4"	2310	[1, 1, 0, 4697, -12947]	[[33, 407]]
"2310.d1"	2310	[1, 1, 0, -2137, 37129]	[[28, 1]]
"2310.d2"	2310	[1, 1, 0, -157, 301]	[[-5, 34]]
"2310.d3"	2310	[1, 1, 0, -77, -291]	[[-5, 3]]
"2310.d4"	2310	[1, 1, 0, 543, 2961]	[[15, 114]]
"2310.f2"	2310	[1, 0, 1, -9444, -335954]	[[-46, 63]]
"2310.f3"	2310	[1, 0, 1, -1744, 21326]	[[61, 347]]
"2310.f4"	2310	[1, 0, 1, 256, 2126]	[[9, 67]]
"2310.g1"	2310	[1, 0, 1, -864, -9764]	[[-16, 3]]
"2310.g2"	2310	[1, 0, 1, -94, 92]	[[-5, 23]]
"2310.g3"	2310	[1, 0, 1, -74, 236]	[[6, 1]]
"2310.g4"	2310	[1, 0, 1, 356, 812]	[[10, 68]]
"2310.h1"	2310	[1, 0, 1, -25467989, -49471735264]	[[-1165779/20, 8314259/20]]
"2310.h2"	2310	[1, 0, 1, -1616469, -747850208]	[[7019/2, 334227/2]]
"2310.h3"	2310	[1, 0, 1, -437774, -9825928]	[[756, 9184]]
"2310.h4"	2310	[1, 0, 1, -305749, 50640416]	[[32065/8, 2341939/8]]
"2310.h5"	2310	[1, 0, 1, -286854, 58872856]	[[269, 957]]
"2310.h6"	2310	[1, 0, 1, -286534, 59011352]	[[334, 605]]
"2310.h7"	2310	[1, 0, 1, -141054, 118709176]	[[170, 9897]]
"2310.h8"	2310	[1, 0, 1, 1263531, -3122122208]	[[150899/10, 46374087/10]]
"2310.j1"	2310	[1, 0, 1, -9538, -358762]	[[-56, 5]]
"2310.j2"	2310	[1, 0, 1, -7718, 258806]	[[60, 82]]
"2310.j3"	2310	[1, 0, 1, -788, -1762]	[[-6, 55]]
"2310.j4"	2310	[1, 0, 1, 192, -194]	[[5, 27]]
"2310.k1"	2310	[1, 0, 1, -266113, 52815788]	[[304, 35]]
"2310.k2"	2310	[1, 0, 1, -18033, 676876]	[[32, 348]]
"2310.k3"	2310	[1, 0, 1, -16633, 824156]	[[82, 74]]
"2310.k4"	2310	[1, 0, 1, -953, 15068]	[[12, 67]]
"2310.n1"	2310	[1, 1, 1, -47345, -3984325]	[[-125, 74]]
"2310.n2"	2310	[1, 1, 1, -19725, 1058067]	[[81, -36]]
"2310.n3"	2310	[1, 1, 1, -3245, -50605]	[[-35, 164]]
"2310.n4"	2310	[1, 1, 1, -1245, 15795]	[[25, 20]]
"2310.n5"	2310	[1, 1, 1, 35, 947]	[[-5, 28]]
"2310.n6"	2310	[1, 1, 1, 8855, -326485]	[[215, 3294]]
"2310.q1"	2310	[1, 0, 0, -96831, 11589561]	[[186, 57]]
"2310.q2"	2310	[1, 0, 0, -6111, 176985]	[[-6, 465]]
"2310.q3"	2310	[1, 0, 0, -991, -8359]	[[38, 77]]
"2310.q4"	2310	[1, 0, 0, 2689, 646905]	[[34, 865]]
"2312.b1"	2312	[0, 1, 0, -106448, -13392656]	[[-22677/11, 130286/11]]
"2312.b2"	2312	[0, 1, 0, -8188, -107904]	[[-25, 286]]
"2312.c1"	2312	[0, -1, 0, -368, -2596]	[[109/2, 663/2]]
"2312.c2"	2312	[0, -1, 0, -28, -12]	[[-3, 6]]
"2314.a1"	2314	[1, 1, 0, 7, -281]	[[69, 544]]
"2315.a1"	2315	[0, -1, 1, -111, -1479]	[[15, 2]]
"2318.a1"	2318	[1, 1, 0, 9, 19]	[[9, 26]]
"2318.c1"	2318	[1, 0, 0, -120, -752]	[[14, 12]]
"2320.a1"	2320	[0, 1, 0, -156, 700]	[[6, 4]]
"2320.a2"	2320	[0, 1, 0, -11, 4]	[[0, 2]]
"2320.b1"	2320	[0, 1, 0, -676, 6540]	[[14, 4]]
"2320.b2"	2320	[0, 1, 0, -51, 40]	[[-4, 14]]
"2320.c1"	2320	[0, 0, 0, -8, 7]	[[-3, 2]]
"2320.c2"	2320	[0, 0, 0, 17, 42]	[[114, 1218]]
"2320.f1"	2320	[0, 0, 0, -827, 7546]	[[27, 70]]
"2320.f2"	2320	[0, 0, 0, -247, -1386]	[[38, 210]]
"2320.f3"	2320	[0, 0, 0, -242, -1449]	[[297/4, 1365/4]]
"2320.f4"	2320	[0, 0, 0, 253, -6286]	[[4915, 344578]]
"2320.g1"	2320	[0, 0, 0, -32, 31]	[[-3, 10]]
"2320.g2"	2320	[0, 0, 0, 113, 234]	[[18, 90]]
"2320.h1"	2320	[0, -1, 0, -36, 80]	[[-4, 12]]
"2320.h2"	2320	[0, -1, 0, -11, -10]	[[37/2, 195/2]]
"2322.a1"	2322	[1, -1, 0, -42, -748]	[[11, 0]]
"2322.b1"	2322	[1, -1, 0, -4062, 100668]	[[4699/7, 246156/7]]
"2322.b2"	2322	[1, -1, 0, -3957, 106037]	[[1, 319]]
"2322.b3"	2322	[1, -1, 0, 25068, -187696]	[[3143/2, 176487/2]]
"2322.g1"	2322	[1, -1, 1, -5, 29]	[[3, 4]]
"2322.h1"	2322	[1, -1, 1, -36560, -2681477]	[[5107/3, 332831/3]]
"2322.h2"	2322	[1, -1, 1, -440, -3781]	[[61, 409]]
"2322.h3"	2322	[1, -1, 1, 2785, 6023]	[[3, 118]]
"2325.a1"	2325	[0, -1, 1, -1458, -20932]	[[-22, 3]]
"2325.b1"	2325	[0, 1, 1, -63478, 2539234]	[[-256, 1441]]
"2325.c1"	2325	[1, 1, 1, -388, 2906]	[[10, 7]]
"2325.d1"	2325	[1, 0, 0, -4063, 99242]	[[47, 89]]
"2325.d2"	2325	[1, 0, 0, -188, 2367]	[[7, 34]]
"2325.e1"	2325	[1, 0, 0, 337, 8142]	[[13, 115]]
"2325.f1"	2325	[0, -1, 1, -83, 68]	[[-8, 12]]
"2325.g1"	2325	[0, 1, 1, -3, -1]	[[-1, 1]]
"2325.h1"	2325	[1, 1, 0, 8425, 1017750]	[[-74/5, 124734/5]]
"2325.i1"	2325	[1, 1, 0, -4250, 104625]	[[40, 5]]
"2325.i2"	2325	[1, 1, 0, -375, 0]	[[80, 660]]
"2325.i3"	2325	[1, 1, 0, -250, -1625]	[[-591/8, 1517/8]]
"2325.i4"	2325	[1, 1, 0, 1500, 1875]	[[1205/4, 45015/4]]
"2325.j1"	2325	[1, 0, 1, -16, 23]	[[1, 2]]
"2325.k1"	2325	[0, -1, 1, -1586958, 320578193]	[[-307/2, 168171/2]]
"2325.l1"	2325	[0, 1, 1, -58, -191]	[[-19/2, -1/2]]
"2328.a1"	2328	[0, -1, 0, -1184, 16044]	[[25, 38]]
"2328.a2"	2328	[0, -1, 0, -104, 60]	[[-2, 16]]
"2328.b1"	2328	[0, -1, 0, -28, -44]	[[-3, 2]]
"2328.b2"	2328	[0, -1, 0, 32, -260]	[[9, 26]]
"2328.c1"	2328	[0, -1, 0, -288, 1980]	[[9, 6]]
"2328.c2"	2328	[0, -1, 0, -248, 2508]	[[17, 54]]
"2328.e1"	2328	[0, 1, 0, -608, 5520]	[[16, 12]]
"2328.e2"	2328	[0, 1, 0, -68, -96]	[[-2, 6]]
"2330.d1"	2330	[1, 1, 0, -2692, -51504]	[[-33, 69]]
"2330.d2"	2330	[1, 1, 0, 2428, -218416]	[[328, 5836]]
"2331.a1"	2331	[1, -1, 1, -1712, 27550]	[[28, 17]]
"2331.a2"	2331	[1, -1, 1, -47, 910]	[[-2, 32]]
"2331.b1"	2331	[1, -1, 1, -1859, 31110]	[[20, 30]]
"2331.b2"	2331	[1, -1, 1, -194, -192]	[[-4, 24]]
"2331.b3"	2331	[1, -1, 1, -149, -660]	[[18, 38]]
"2331.b4"	2331	[1, -1, 1, 751, -2082]	[[12, 86]]
"2331.c1"	2331	[1, -1, 1, -23504, -626272]	[[169, 370]]
"2331.c2"	2331	[1, -1, 1, -11849, 492608]	[[106, 594]]
"2331.c3"	2331	[1, -1, 1, -11804, 496550]	[[1624/5, -703/5]]
"2331.c4"	2331	[1, -1, 1, -914, 1358660]	[[-30, 1180]]
"2331.e1"	2331	[0, 0, 1, 78, -9216]	[[38, 220]]
"2331.g1"	2331	[0, 0, 1, -22787553, -41873464535]	[[11003637829478432203592984661004129/1023974905536586, 1004180797746833075941171643371613899892329558272283/1023974905536586]]
"2338.c1"	2338	[1, -1, 0, -71, 247]	[[7, 4]]
"2340.a1"	2340	[0, 0, 0, -948, -11203]	[[91, 810]]
"2340.a2"	2340	[0, 0, 0, -543, -20842]	[[86, 754]]
"2340.c1"	2340	[0, 0, 0, -183, -882]	[[-9, 6]]
"2340.c2"	2340	[0, 0, 0, 12, -63]	[[6, 15]]
"2340.f1"	2340	[0, 0, 0, -1992, 39076]	[[32, 90]]
"2340.f2"	2340	[0, 0, 0, 168, -236]	[[5, 27]]
"2340.g1"	2340	[0, 0, 0, 48, -796]	[[28, 150]]
"2341.a1"	2341	[0, 1, 1, -6, -8]	[[-2, 0]]
"2342.a1"	2342	[1, -1, 0, -328, 2368]	[[16, 24]]
"2342.b1"	2342	[1, 1, 1, -106, 375]	[[5, -1]]
"2343.c1"	2343	[0, -1, 1, -30, 74]	[[3, 1]]
"2343.d1"	2343	[0, 1, 1, -346, -2288]	[[-10, 16]]
"2343.e1"	2343	[0, -1, 1, -5, -1]	[[-1, 1]]
"2343.f1"	2343	[0, 1, 1, -7037, -229573]	[[-195/2, -1/2]]
"2344.a1"	2344	[0, 0, 0, 5, -26]	[[3, 4]]
"2345.b1"	2345	[0, 0, 1, -262, -1638]	[[20, 33]]
"2346.a1"	2346	[1, 1, 0, 57, -1899]	[[11, 9]]
"2346.b1"	2346	[1, 1, 0, -6005, 176301]	[[47, 2]]
"2346.b2"	2346	[1, 1, 0, -245, 4653]	[[-13, 83]]
"2346.d1"	2346	[1, 1, 0, -138, -4140]	[[20, 30]]
"2346.e1"	2346	[1, 0, 1, -2830, -58168]	[[1389/4, 35179/4]]
"2346.e2"	2346	[1, 0, 1, -25, -130]	[[22, 89]]
"2346.f1"	2346	[1, 0, 1, -726, -6386]	[[-16, 42]]
"2346.f2"	2346	[1, 0, 1, 84, -554]	[[8, 21]]
"2346.g1"	2346	[1, 0, 1, 379, -1984]	[[23, 126]]
"2346.h1"	2346	[1, 1, 1, 4, 5]	[[-1, 1]]
"2346.i1"	2346	[1, 0, 0, 2488, -7104]	[[112, 1240]]
"2350.j1"	2350	[1, 1, 1, -158688, 16577281]	[[-35, 4717]]
"2350.j2"	2350	[1, 1, 1, -144313, 21041031]	[[215, -8]]
"2352.a1"	2352	[0, -1, 0, -1780, -28244]	[[61, 294]]
"2352.b2"	2352	[0, -1, 0, 40, -2064]	[[26, 126]]
"2352.f1"	2352	[0, -1, 0, -2256, -42048]	[[56, 64]]
"2352.f2"	2352	[0, -1, 0, -16, 64]	[[0, 8]]
"2352.g1"	2352	[0, -1, 0, 1944, 73872]	[[-16, 196]]
"2352.j1"	2352	[0, -1, 0, -2172, 36828]	[[21, 6]]
"2352.j2"	2352	[0, -1, 0, -457, -2960]	[[5472, 404740]]
"2352.k1"	2352	[0, -1, 0, 6403, -44463]	[[13, 202]]
"2352.l1"	2352	[0, -1, 0, -1053712, 416675008]	[[1818, 67130]]
"2352.l3"	2352	[0, -1, 0, -81552, 3199680]	[[1722, 70470]]
"2352.l4"	2352	[0, -1, 0, -65872, 6523840]	[[154, 90]]
"2352.l6"	2352	[0, -1, 0, 302608, 24405312]	[[23434/15, 25489898/15]]
"2352.o1"	2352	[0, 1, 0, 131, 167]	[[23, 126]]
"2352.q2"	2352	[0, 1, 0, -604, 1196]	[[-25, 36]]
"2352.q3"	2352	[0, 1, 0, -359, -2724]	[[3028/3, 166600/3]]
"2352.r2"	2352	[0, 1, 0, 12, -36]	[[3, 6]]
"2352.t1"	2352	[0, 1, 0, -110560, 14643572]	[[506, 9408]]
"2352.t2"	2352	[0, 1, 0, -800, -20364]	[[114, 1176]]
"2352.u1"	2352	[0, 1, 0, 40, -204]	[[10, 36]]
"2354.b1"	2354	[1, -1, 0, -224, 3072]	[[-13, 67]]
"2358.a2"	2358	[1, -1, 0, -279, 13189]	[[-7, 125]]
"2358.b1"	2358	[1, -1, 0, -737466, -82987084]	[[-155, 5329]]
"2358.g1"	2358	[1, -1, 0, -69, -19]	[[-5, 16]]
"2358.i2"	2358	[1, -1, 0, 24, -18]	[[1, 2]]
"2358.j1"	2358	[1, -1, 0, -378, -972]	[[-9, 45]]
"2358.m1"	2358	[1, -1, 1, -50306, -4330263]	[[863, 23949]]
"2358.m2"	2358	[1, -1, 1, -3146, -66999]	[[-33, 9]]
"2358.m3"	2358	[1, -1, 1, -2066, -114519]	[[75, 347]]
"2358.n1"	2358	[1, -1, 1, -56, 55]	[[-7, 11]]
"2358.n2"	2358	[1, -1, 1, 214, 271]	[[-1/2, 115/2]]
"2358.o1"	2358	[1, -1, 1, -923, 10955]	[[15, 10]]
"2358.p1"	2358	[1, -1, 1, -8, 3]	[[-1, 3]]
"2358.t1"	2358	[1, -1, 1, -30767, 2084847]	[[101, -42]]
"2358.x1"	2358	[1, -1, 1, -81941, 3100909]	[[31, 752]]
"2360.a1"	2360	[0, 0, 0, -647, 6314]	[[13, 10]]
"2360.a2"	2360	[0, 0, 0, -22, 189]	[[-2, 15]]
"2361.a1"	2361	[0, -1, 1, 5, -3]	[[1, 1]]
"2363.a1"	2363	[0, -1, 1, -22, 64]	[[-4, 8]]
"2364.b1"	2364	[0, 1, 0, -45, -81]	[[-3, 6]]
"2365.a1"	2365	[0, -1, 1, -10, -2]	[[-1, 2]]
"2365.c1"	2365	[0, 1, 1, -481, -4194]	[[-51/2, 39/2]]
"2365.c2"	2365	[0, 1, 1, -41, 85]	[[5/2, 45/2]]
"2365.e1"	2365	[1, 0, 1, -323, 2203]	[[19, 45]]
"2366.e1"	2366	[1, 0, 1, -2647051, -1657865324]	[[2111092/3, 3064092680/3]]
"2366.e2"	2366	[1, 0, 1, -32621, -2285216]	[[2986/3, 126229/3]]
"2366.i1"	2366	[1, 0, 0, 29, 129]	[[2, 13]]
"2366.m1"	2366	[1, 0, 0, -778840, 264955456]	[[534, 916]]
"2368.b1"	2368	[0, 0, 0, -4, -2]	[[-1, 1]]
"2370.a1"	2370	[1, 1, 0, -198, 972]	[[9, 0]]
"2370.a2"	2370	[1, 1, 0, 2, 52]	[[1, 7]]
"2370.b2"	2370	[1, 0, 1, 1066, -378904]	[[6397/3, 502391/3]]
"2370.i1"	2370	[1, 1, 1, 0, -15]	[[3, 3]]
"2370.j1"	2370	[1, 1, 1, -13651200, 19407835185]	[[3615, 129785]]
"2370.j2"	2370	[1, 1, 1, -1511300, -225493135]	[[1339585/21, 1397237339/21]]
"2370.j3"	2370	[1, 1, 1, -855200, 301486385]	[[5647/3, 86611/3]]
"2370.j4"	2370	[1, 1, 1, -853200, 302980785]	[[623, 3393]]
"2370.j5"	2370	[1, 1, 1, -231100, 732864305]	[[-327755/33, 1006007243/33]]
"2370.j6"	2370	[1, 1, 1, -53200, 4740785]	[[93, 733]]
"2373.c1"	2373	[0, -1, 1, -7, 12]	[[0, 3]]
"2373.f2"	2373	[1, 0, 1, -1831, -29923]	[[-23, 23]]
"2376.b1"	2376	[0, 0, 0, -540, -13932]	[[46, 242]]
"2378.b1"	2378	[1, 0, 1, 802, 23764]	[[139, 1611]]
"2382.c1"	2382	[1, 1, 1, -479, 3845]	[[15, 10]]
"2388.b1"	2388	[0, -1, 0, -10, -71]	[[10, 27]]
"2390.b1"	2390	[1, -1, 1, -170662, 27179061]	[[241, -61]]
"2390.b2"	2390	[1, -1, 1, -10662, 427061]	[[41, 219]]
"2394.a2"	2394	[1, -1, 0, 6, 464]	[[-2, 22]]
"2394.b3"	2394	[1, -1, 0, -693, 6885]	[[6, 51]]
"2394.b4"	2394	[1, -1, 0, 27, 405]	[[3, 21]]
"2394.c2"	2394	[1, -1, 0, -139692, 20130768]	[[-147, 6195]]
"2394.c3"	2394	[1, -1, 0, -139452, 20203200]	[[204, 360]]
"2394.d1"	2394	[1, -1, 0, -11922, 364940]	[[179, 1896]]
"2394.d2"	2394	[1, -1, 0, -10977, 445419]	[[271, 4026]]
"2394.d4"	2394	[1, -1, 0, -687, 7065]	[[24, 51]]
"2394.e1"	2394	[1, -1, 0, -3186, 56020]	[[83, 557]]
"2394.e2"	2394	[1, -1, 0, 6894, 332212]	[[51, 877]]
"2394.g1"	2394	[1, -1, 1, -5387, 153515]	[[45, 4]]
"2394.g2"	2394	[1, -1, 1, -347, 2315]	[[3, 34]]
"2394.h1"	2394	[1, -1, 1, -56516, -5157169]	[[-137, 73]]
"2394.h2"	2394	[1, -1, 1, -3596, -76849]	[[-39, 73]]
"2394.h4"	2394	[1, -1, 1, 3244, -339505]	[[75, 529]]
"2394.i1"	2394	[1, -1, 1, -1355, -18849]	[[-21, 8]]
"2394.i2"	2394	[1, -1, 1, -95, -201]	[[-3, 8]]
"2394.j2"	2394	[1, -1, 1, -5505035, 4972852379]	[[1491, 8074]]
"2394.j4"	2394	[1, -1, 1, -100580, -352249]	[[-21, 1333]]
"2394.j5"	2394	[1, -1, 1, -71465, -6871507]	[[663, 15058]]
"2394.j6"	2394	[1, -1, 1, -70205, -7142155]	[[897, 25066]]
"2397.a1"	2397	[0, 1, 1, -11517, -479578]	[[-8975/12, 4049/12]]
"2397.a2"	2397	[0, 1, 1, -237, 245]	[[-15, 25]]
"2397.b1"	2397	[0, 1, 1, -1751, 27527]	[[-17, 229]]
"2400.b1"	2400	[0, -1, 0, -12008, -502488]	[[973/2, 26425/2]]
"2400.b2"	2400	[0, -1, 0, -2008, 25012]	[[12, 50]]
"2400.b3"	2400	[0, -1, 0, -758, -7488]	[[-17, 14]]
"2400.b4"	2400	[0, -1, 0, 367, -28863]	[[47, 300]]
"2400.c1"	2400	[0, -1, 0, -48, -108]	[[-4, 2]]
"2400.c2"	2400	[0, -1, 0, 2, -8]	[[3, 4]]
"2400.g1"	2400	[0, -1, 0, -333, -3963]	[[23, 4]]
"2400.i1"	2400	[0, -1, 0, -4008, 99012]	[[137, 1450]]
"2400.i2"	2400	[0, -1, 0, -1008, -10488]	[[-19, 38]]
"2400.i3"	2400	[0, -1, 0, -258, 1512]	[[6, 12]]
"2400.i4"	2400	[0, -1, 0, 367, 7137]	[[7, 100]]
"2400.l1"	2400	[0, -1, 0, -733, -7403]	[[51, 292]]
"2400.o1"	2400	[0, -1, 0, -13458, 605412]	[[66, 18]]
"2400.o2"	2400	[0, -1, 0, -12833, 663537]	[[-8, 875]]
"2400.t1"	2400	[0, 1, 0, -538, 4628]	[[8, 30]]
"2400.t2"	2400	[0, 1, 0, -513, 5103]	[[3, 60]]
"2400.v1"	2400	[0, 1, 0, -733, 7403]	[[17, 12]]
"2400.y2"	2400	[0, 1, 0, -1408, 19688]	[[14, 54]]
"2400.y3"	2400	[0, 1, 0, -158, -312]	[[-3, 12]]
"2400.y4"	2400	[0, 1, 0, 592, -1812]	[[147, 1812]]
"2400.z1"	2400	[0, 1, 0, -4008, -99012]	[[293/2, 609/2]]
"2400.z2"	2400	[0, 1, 0, -1008, 10488]	[[-22, 150]]
"2400.z3"	2400	[0, 1, 0, -258, -1512]	[[42, 252]]
"2400.z4"	2400	[0, 1, 0, 367, -7137]	[[18, 75]]
"2400.be1"	2400	[0, 1, 0, -1208, -15912]	[[-18, 18]]
"2400.be2"	2400	[0, 1, 0, 42, -912]	[[89, 846]]
"2402.a1"	2402	[1, -1, 1, -196, -953]	[[-7, 9]]
"2402.a2"	2402	[1, -1, 1, -36, 71]	[[1, 5]]
"2403.c1"	2403	[1, -1, 1, -11882, -495530]	[[-1003/4, 1975/4]]
"2403.d1"	2403	[1, -1, 1, -29, 66]	[[3, -1]]
"2403.e1"	2403	[1, -1, 1, -29, -80]	[[8, 8]]
"2403.l1"	2403	[0, 0, 1, -567, 5231]	[[49/2, 85/2]]
"2405.c1"	2405	[1, 1, 1, -60165, 5655122]	[[132, 121]]
"2405.c2"	2405	[1, 1, 1, -59320, 5822770]	[[-2, 2438]]
"2406.d1"	2406	[1, 1, 1, 8, -7]	[[1, 1]]
"2406.e1"	2406	[1, 0, 0, -734, 7620]	[[28, 82]]
"2406.f1"	2406	[1, 0, 0, -2709, -120447]	[[72, 207]]
"2406.g1"	2406	[1, 0, 0, -23, 105]	[[-2, 13]]
"2408.b1"	2408	[0, 1, 0, -1832, -30800]	[[799/3, 19360/3]]
"2408.b2"	2408	[0, 1, 0, -112, -528]	[[84, 768]]
"2408.c1"	2408	[0, 0, 0, -629291, 192143366]	[[602446/33, 131150278/33]]
"2408.c2"	2408	[0, 0, 0, -41051, 2725270]	[[154606/21, 51913070/21]]
"2408.c3"	2408	[0, 0, 0, -39331, 3002190]	[[3142/3, 152306/3]]
"2409.c1"	2409	[1, 0, 0, -200, -819]	[[-9, 21]]
"2409.c2"	2409	[1, 0, 0, -185, -984]	[[19, 40]]
"2409.f1"	2409	[0, -1, 1, -60, 335]	[[29/2, 117/2]]
"2410.a1"	2410	[1, -1, 1, -112, 479]	[[9, 7]]
"2410.a2"	2410	[1, -1, 1, -12, -1]	[[-1, 3]]
"2412.d1"	2412	[0, 0, 0, 753, -218]	[[2, 36]]
"2413.a1"	2413	[1, -1, 1, -10, 14]	[[2, -1]]
"2413.c1"	2413	[0, 1, 1, 10, 27]	[[21/2, 123/2]]
"2414.a1"	2414	[1, 1, 0, -1071, 7909]	[[-15, 152]]
"2414.b1"	2414	[1, 1, 0, -145, -651]	[[33, 162]]
"2414.b2"	2414	[1, 1, 0, 15, -43]	[[67/3, 533/3]]
"2414.f1"	2414	[1, 0, 0, -72038, -7448020]	[[-34886/15, 266558/15]]
"2415.a1"	2415	[1, 1, 1, -5051, 136064]	[[41, -17]]
"2415.a2"	2415	[1, 1, 1, -326, 1874]	[[6, 10]]
"2415.a3"	2415	[1, 1, 1, -81, -282]	[[-6, 8]]
"2415.a4"	2415	[1, 1, 1, 479, 10568]	[[-9, 79]]
"2415.c1"	2415	[1, 0, 0, -4430, -113505]	[[-38, 1]]
"2415.c2"	2415	[1, 0, 0, -405, 0]	[[27, 81]]
"2415.c3"	2415	[1, 0, 0, -280, 1775]	[[11, 2]]
"2415.c4"	2415	[1, 0, 0, 1620, 405]	[[12, 141]]
"2415.d1"	2415	[1, 0, 0, -230, -1173]	[[19, 28]]
"2415.d2"	2415	[1, 0, 0, 395, -6298]	[[29, 158]]
"2415.g1"	2415	[0, 1, 1, -21, 110]	[[-6, 7]]
"2415.g2"	2415	[0, 1, 1, 189, -2809]	[[53/2, 371/2]]
"2415.i1"	2415	[1, 0, 1, -1438, -21037]	[[79, 560]]
"2415.i2"	2415	[1, 0, 1, -813, -39287]	[[59, 315]]
"2420.a1"	2420	[0, 1, 0, -5001, 134440]	[[29, 121]]
"2420.a2"	2420	[0, 1, 0, -4396, 168804]	[[40, 242]]
"2420.a3"	2420	[0, 1, 0, -161, -596]	[[40, 242]]
"2420.a4"	2420	[0, 1, 0, 444, -3500]	[[27, 170]]
"2420.e1"	2420	[0, 1, 0, -52796, -4688620]	[[1690288555/2091, 52382089028870/2091]]
"2420.e2"	2420	[0, 1, 0, 444, -24796]	[[3148/3, 177146/3]]
"2420.f2"	2420	[0, 1, 0, 4, 20]	[[-1, 4]]
"2421.a1"	2421	[0, 0, 1, -3684, 84330]	[[-40, 409]]
"2421.a2"	2421	[0, 0, 1, -444, -3555]	[[-13, 4]]
"2421.b1"	2421	[0, 0, 1, -18, 20]	[[0, 4]]
"2422.d1"	2422	[1, 0, 1, -8, 4]	[[-2, 4]]
"2425.b1"	2425	[0, -1, 1, -172783, -27586282]	[[-86658/19, 20008/19]]
"2425.b2"	2425	[0, -1, 1, -3033, -1907]	[[-13, 187]]
"2429.c1"	2429	[1, 0, 1, -227, 1293]	[[9, -3]]
"2430.a1"	2430	[1, -1, 0, -10950, 443780]	[[56, 34]]
"2430.a2"	2430	[1, -1, 0, -150, 500]	[[-4, 34]]
"2430.d1"	2430	[1, -1, 0, -3174, -70732]	[[92, 594]]
"2430.e1"	2430	[1, -1, 0, -744, -7552]	[[-16, 0]]
"2430.e2"	2430	[1, -1, 0, -69, 233]	[[4, 1]]
"2430.j1"	2430	[1, -1, 1, -623, -5669]	[[-13, 16]]
"2430.k1"	2430	[1, -1, 1, -353, 2737]	[[13, 8]]
"2430.k2"	2430	[1, -1, 1, 1807, 6481]	[[5, 122]]
"2430.o2"	2430	[1, -1, 1, -1217, -16031]	[[-179/3, 256/3]]
"2431.a1"	2431	[0, 1, 1, -55, 140]	[[2, 6]]
"2431.b1"	2431	[0, 1, 1, -10031, -394013]	[[635, 15801]]
"2432.c1"	2432	[0, -1, 0, -122, -482]	[[21, 76]]
"2432.e1"	2432	[0, 1, 0, -489, -4345]	[[37, 172]]
"2432.g1"	2432	[0, 1, 0, -2, 2]	[[-1, 2]]
"2434.a1"	2434	[1, 0, 0, -708, -7280]	[[-16, 4]]
"2434.a2"	2434	[1, 0, 0, -68, 16]	[[0, 4]]
"2434.b1"	2434	[1, -1, 1, -25, 53]	[[11, 26]]
"2434.b2"	2434	[1, -1, 1, -15, 89]	[[43/2, 217/2]]
"2434.c1"	2434	[1, 1, 1, -24, -55]	[[15, 49]]
"2434.c2"	2434	[1, 1, 1, -4, -119]	[[133/3, 1345/3]]
"2436.a1"	2436	[0, -1, 0, -124, 88]	[[-2, 18]]
"2436.a2"	2436	[0, -1, 0, -89, 354]	[[5, 3]]
"2436.b2"	2436	[0, -1, 0, 1967, 485590]	[[249/4, 46139/4]]
"2442.a2"	2442	[1, 1, 0, -350466, 79709940]	[[315, 675]]
"2442.a3"	2442	[1, 1, 0, -336386, 86426100]	[[68, 7958]]
"2442.a4"	2442	[1, 1, 0, -22786, 1132276]	[[53, 251]]
"2442.b1"	2442	[1, 1, 0, -476, -4164]	[[25, 6]]
"2442.b2"	2442	[1, 1, 0, -106, -10010]	[[23, 8]]
"2442.e1"	2442	[1, 0, 1, -1016, -12538]	[[65, 411]]
"2442.e2"	2442	[1, 0, 1, -56, -250]	[[36, 193]]
"2442.f1"	2442	[1, 0, 1, -36946, 2629412]	[[130, 101]]
"2442.f2"	2442	[1, 0, 1, 17814, 9770116]	[[-166, 1581]]
"2442.h1"	2442	[1, 0, 0, -1080598, -432448912]	[[1256, 13232]]
"2442.h2"	2442	[1, 0, 0, -67538, -6761100]	[[-150, 90]]
"2442.h3"	2442	[1, 0, 0, -13378, -590716]	[[-70, 98]]
"2442.h4"	2442	[1, 0, 0, -1538, 8388]	[[4, 46]]
"2443.a1"	2443	[0, 1, 1, -89, 292]	[[-4, 24]]
"2443.b1"	2443	[1, 0, 1, -80, -867]	[[23, 86]]
"2445.d1"	2445	[0, -1, 1, -14400, 2898281]	[[1125/2, 36671/2]]
"2448.a1"	2448	[0, 0, 0, -4104, 101196]	[[42, 54]]
"2448.a2"	2448	[0, 0, 0, -24, 284]	[[22, 102]]
"2448.b1"	2448	[0, 0, 0, 4596, -46676]	[[41, 459]]
"2448.e1"	2448	[0, 0, 0, -48, -196]	[[10, 18]]
"2448.f1"	2448	[0, 0, 0, 12, -4]	[[1, 3]]
"2448.h1"	2448	[0, 0, 0, -435, -3454]	[[-13, 2]]
"2448.h2"	2448	[0, 0, 0, -75, -8998]	[[49, 324]]
"2448.j1"	2448	[0, 0, 0, -435, 3346]	[[5, 36]]
"2448.j2"	2448	[0, 0, 0, -75, -182]	[[-3, 4]]
"2448.m1"	2448	[0, 0, 0, -432, 3888]	[[9, 27]]
"2448.o1"	2448	[0, 0, 0, -13059, -574398]	[[159, 1170]]
"2448.o2"	2448	[0, 0, 0, -819, -8910]	[[-17, 10]]
"2448.o3"	2448	[0, 0, 0, -99, -24030]	[[55, 370]]
"2448.o4"	2448	[0, 0, 0, -99, 162]	[[1, 8]]
"2448.p1"	2448	[0, 0, 0, -3995139, -3073590142]	[[52232599/65, 372218327118/65]]
"2448.p2"	2448	[0, 0, 0, -249699, -48023710]	[[-35065/11, 29770/11]]
"2448.p4"	2448	[0, 0, 0, -16419, -667870]	[[-97, 110]]
"2448.p5"	2448	[0, 0, 0, -4899, 122402]	[[31, 18]]
"2448.p6"	2448	[0, 0, 0, 32541, -3889438]	[[2471/5, 67606/5]]
"2450.b1"	2450	[1, -1, 0, -161317, 24978841]	[[184, 1133]]
"2450.b2"	2450	[1, -1, 0, 1124933, -236901659]	[[1654, 77573]]
"2450.g2"	2450	[1, 1, 0, -3700, -106000]	[[139, 1376]]
"2450.g3"	2450	[1, 1, 0, -25, 575]	[[-1, 25]]
"2450.i1"	2450	[1, -1, 0, -107, -379]	[[-5, 6]]
"2450.j1"	2450	[1, -1, 0, -6827, -215419]	[[139, 1158]]
"2450.j2"	2450	[1, -1, 0, -2, 6]	[[-1, 3]]
"2450.o1"	2450	[1, 1, 0, -4575, 117125]	[[35, 20]]
"2450.o2"	2450	[1, 1, 0, -200, -1000]	[[-11, 1]]
"2450.p1"	2450	[1, 1, 0, -12275, -528625]	[[505, 10810]]
"2450.p2"	2450	[1, 1, 0, -25, -1875]	[[15, 30]]
"2450.t1"	2450	[1, 0, 0, -3344888, 2354339392]	[[1068, 152]]
"2450.t3"	2450	[1, 0, 0, -43513, 2860017]	[[32, 1209]]
"2450.t4"	2450	[1, 0, 0, -12888, -563858]	[[527/2, 845/2]]
"2450.t5"	2450	[1, 0, 0, -638, -12608]	[[88, 740]]
"2450.t6"	2450	[1, 0, 0, 5487, 263017]	[[-24, 355]]
"2450.u1"	2450	[1, 0, 0, -183, 937]	[[6, 5]]
"2450.u2"	2450	[1, 0, 0, -8, -8]	[[-2, 2]]
"2450.v1"	2450	[1, 0, 0, -3963, 166417]	[[222, 3089]]
"2450.v2"	2450	[1, 0, 0, 412, -4208]	[[22, 114]]
"2450.y1"	2450	[1, -1, 1, -2680, -50053]	[[-31, 65]]
"2450.ba1"	2450	[1, -1, 1, -8363305, 9311358697]	[[919, 48540]]
"2450.ba2"	2450	[1, -1, 1, -2680, -233803]	[[1229/4, 3635/4]]
"2450.bc2"	2450	[1, 0, 0, 62, -8]	[[12, 44]]
"2450.bd1"	2450	[1, 0, 0, -153763, 23195017]	[[228, -65]]
"2450.bd2"	2450	[1, 0, 0, -638, 73142]	[[-61/2, 2315/2]]
"2450.bd3"	2450	[1, 0, 0, -148, -848]	[[18, 40]]
"2450.bd4"	2450	[1, 0, 0, 1077, 6257]	[[46, 369]]
"2451.d1"	2451	[1, 0, 0, -8, 9]	[[1, 1]]
"2454.b1"	2454	[1, 1, 0, -519, -1035]	[[-3, 24]]
"2454.b2"	2454	[1, 1, 0, 2041, -5643]	[[509, 11288]]
"2457.a1"	2457	[0, 0, 1, -1161, 14924]	[[7, 84]]
"2457.c1"	2457	[1, -1, 1, 58, 42]	[[26, 123]]
"2457.e1"	2457	[0, 0, 1, -395274, 95652315]	[[321, 1358]]
"2457.e2"	2457	[0, 0, 1, -25164, -1431763]	[[-95, 318]]
"2457.e3"	2457	[0, 0, 1, -4884, 130980]	[[-30, 500]]
"2457.h1"	2457	[1, -1, 0, 525, -1666]	[[14, 84]]
"2460.a1"	2460	[0, -1, 0, -361, -2510]	[[-11, 3]]
"2460.a2"	2460	[0, -1, 0, -156, -5544]	[[30, 126]]
"2464.a1"	2464	[0, 1, 0, -49, -129]	[[-5, 4]]
"2464.a2"	2464	[0, 1, 0, 6, -8]	[[2, 4]]
"2464.b1"	2464	[0, 1, 0, -1288, -18228]	[[43, 88]]
"2464.g1"	2464	[0, 0, 0, -115, 474]	[[10, 18]]
"2464.h1"	2464	[0, 1, 0, -77, 539]	[[-7, 28]]
"2464.i1"	2464	[0, 1, 0, -32285, 2222891]	[[209, 2156]]
"2464.k1"	2464	[0, -1, 0, -1288, 18228]	[[12, 66]]
"2466.c1"	2466	[1, -1, 0, -528, -11008]	[[32, 48]]
"2466.e1"	2466	[1, -1, 1, -59, 427]	[[-5, 26]]
"2466.i1"	2466	[1, -1, 1, 283, -547]	[[27, 148]]
"2470.a1"	2470	[1, 1, 0, 81710302, 576603336052]	[[-65889840684/5033, 75209641096843142/5033]]
"2470.c3"	2470	[1, 0, 1, 11921, -203294]	[[175/3, 4844/3]]
"2472.a1"	2472	[0, -1, 0, 88, 108]	[[1, 14]]
"2475.d1"	2475	[1, -1, 1, -1055, -70928]	[[88, 671]]
"2475.f1"	2475	[0, 0, 1, -210, -1229]	[[31, 148]]
"2475.f2"	2475	[0, 0, 1, 1140, -2174]	[[4, 49]]
"2475.i1"	2475	[1, -1, 0, -13317, -588034]	[[-265/2, 363/2]]
"2475.i2"	2475	[1, -1, 0, -6567, 201716]	[[28, 184]]
"2475.i3"	2475	[1, -1, 0, -942, -6409]	[[-10, 49]]
"2475.i4"	2475	[1, -1, 0, 183, -784]	[[68, 534]]
"2475.j2"	2475	[1, -1, 0, -42, -9]	[[-2, 9]]
"2478.c1"	2478	[1, 0, 1, -15226, -360724]	[[-35, 377]]
"2478.c2"	2478	[1, 0, 1, -12986, -570388]	[[1307/2, 42579/2]]
"2478.c3"	2478	[1, 0, 1, -7351, 241934]	[[49, -28]]
"2478.c4"	2478	[1, 0, 1, -491, 3206]	[[-21, 76]]
"2478.d1"	2478	[1, 1, 1, -68511744, -218299350495]	[[31511, 5361297]]
"2478.d2"	2478	[1, 1, 1, -4281984, -3412265439]	[[2837, 83925]]
"2478.d3"	2478	[1, 1, 1, -4277504, -3419755999]	[[25531/3, 2266105/3]]
"2478.d4"	2478	[1, 1, 1, -267904, -53283295]	[[-285, -5]]
"2478.f1"	2478	[1, 1, 1, 0, 33]	[[1, 5]]
"2478.h1"	2478	[1, 0, 0, -224, 0]	[[-8, 40]]
"2478.h2"	2478	[1, 0, 0, 896, 224]	[[20, 152]]
"2480.a1"	2480	[0, 0, 0, -38452, 2902204]	[[153, 775]]
"2480.c1"	2480	[0, 1, 0, -17056, 851700]	[[74, 16]]
"2480.c2"	2480	[0, 1, 0, -1056, 13300]	[[12, 50]]
"2480.d1"	2480	[0, 1, 0, -96, -380]	[[-6, 4]]
"2480.d2"	2480	[0, 1, 0, 4, -20]	[[6, 16]]
"2480.g1"	2480	[0, 0, 0, -5323, -149478]	[[154, 1638]]
"2480.g2"	2480	[0, 0, 0, -323, -2478]	[[29, 112]]
"2480.j1"	2480	[0, 1, 0, -7201, 234715]	[[54, 79]]
"2480.m1"	2480	[0, 1, 0, -13445, 596723]	[[38, 377]]
"2483.a1"	2483	[0, 0, 1, -16, -25]	[[5, 4]]
"2484.b1"	2484	[0, 0, 0, -1404, -18171]	[[-17, 28]]
"2484.b2"	2484	[0, 0, 0, -324, 2241]	[[10, 1]]
"2484.f1"	2484	[0, 0, 0, -6372, 195777]	[[46, 1]]
"2484.g1"	2484	[0, 0, 0, -12, -7]	[[-2, 3]]
"2485.b1"	2485	[0, -1, 1, 755, 5848]	[[32, 248]]
"2485.c1"	2485	[0, 1, 1, -1645, 25149]	[[-39, 177]]
"2485.c2"	2485	[0, 1, 1, 1155, 101134]	[[-4223/12, 357047/12]]
"2485.d1"	2485	[1, 0, 1, -288, -637]	[[-11, 40]]
"2485.d2"	2485	[1, 0, 1, 67, -69]	[[5, 17]]
"2486.b1"	2486	[1, -1, 1, -120, 533]	[[31/2, 7/2]]
"2488.a1"	2488	[0, -1, 0, -24, -52]	[[29/2, 81/2]]
"2490.a1"	2490	[1, 1, 0, -218, -1332]	[[-9, 6]]
"2490.a2"	2490	[1, 1, 0, -18, -12]	[[-4, 6]]
"2490.h1"	2490	[1, 1, 1, -40, -103]	[[7, 1]]
"2490.h2"	2490	[1, 1, 1, 60, -423]	[[5, 3]]
"2490.j1"	2490	[1, 0, 0, -3515, 78225]	[[40, 25]]
"2490.j2"	2490	[1, 0, 0, 485, 247025]	[[-40, 425]]
"2493.b1"	2493	[1, -1, 0, -612, -7695]	[[40, 155]]
"2496.a1"	2496	[0, -1, 0, -2605, -47219]	[[-27, 52]]
"2496.a2"	2496	[0, -1, 0, 2255, -207599]	[[99, 988]]
"2496.c1"	2496	[0, -1, 0, -3329, -72831]	[[67, 20]]
"2496.c2"	2496	[0, -1, 0, -209, -1071]	[[-8, 5]]
"2496.c3"	2496	[0, -1, 0, -29, 45]	[[1, 4]]
"2496.c4"	2496	[0, -1, 0, 31, -3615]	[[40, 245]]
"2496.h2"	2496	[0, -1, 0, -2933, -60171]	[[116, 1071]]
"2496.h4"	2496	[0, -1, 0, -53, 21]	[[-3, 12]]
"2496.j1"	2496	[0, -1, 0, -13, 13]	[[4, 3]]
"2496.j2"	2496	[0, -1, 0, 47, 49]	[[0, 7]]
"2496.l1"	2496	[0, -1, 0, -14977, 710497]	[[96, 385]]
"2496.l2"	2496	[0, -1, 0, -937, 11305]	[[15, 20]]
"2496.l3"	2496	[0, -1, 0, -417, 23265]	[[67, 540]]
"2496.l4"	2496	[0, -1, 0, -92, -18]	[[-11/2, 115/2]]
"2496.p1"	2496	[0, 1, 0, -2605, 47219]	[[14, 117]]
"2496.p2"	2496	[0, 1, 0, 2255, 207599]	[[5, 468]]
"2496.r1"	2496	[0, 1, 0, -11609, 477447]	[[34, 351]]
"2496.r2"	2496	[0, 1, 0, -624, 9486]	[[21, 78]]
"2496.s1"	2496	[0, 1, 0, -3329, 72831]	[[69, 420]]
"2496.s2"	2496	[0, 1, 0, -209, 1071]	[[10, 9]]
"2496.s3"	2496	[0, 1, 0, -29, -45]	[[-2, 3]]
"2496.s4"	2496	[0, 1, 0, 31, 3615]	[[-6, 57]]
"2496.u1"	2496	[0, 1, 0, -13, -13]	[[-2, 3]]
"2496.u2"	2496	[0, 1, 0, 47, -49]	[[10, 39]]
"2496.v1"	2496	[0, 1, 0, -2993, 57519]	[[18, 99]]
"2496.v2"	2496	[0, 1, 0, -2933, 60171]	[[30, 9]]
"2496.v3"	2496	[0, 1, 0, -593, -5745]	[[-14, 3]]
"2496.v4"	2496	[0, 1, 0, -53, -21]	[[-2, 9]]
"2496.w1"	2496	[0, 1, 0, -73, 215]	[[2, 9]]
"2496.w2"	2496	[0, 1, 0, -8, -6]	[[-3/2, 3/2]]
"2496.y1"	2496	[0, 1, 0, -393, -1449]	[[-6, 27]]
"2496.y2"	2496	[0, 1, 0, -328, -2398]	[[41, 234]]
"2496.z1"	2496	[0, 1, 0, -57, -153]	[[-6, 3]]
"2496.z2"	2496	[0, 1, 0, 8, -10]	[[53, 390]]
"2498.a1"	2498	[1, -1, 1, -21, -19]	[[7, 8]]
"2498.a2"	2498	[1, -1, 1, 59, -179]	[[5, 12]]
"2499.d1"	2499	[0, -1, 1, -2907, 61340]	[[68, 416]]
"2499.d2"	2499	[0, -1, 1, 33, 335]	[[5, 24]]
"2499.f1"	2499	[0, 1, 1, -65, 200]	[[10, 25]]
"2499.h1"	2499	[0, 1, 1, 174669, -25358938]	[[618, 17860]]
"2502.e1"	2502	[1, -1, 0, -9243, -340187]	[[566, 12965]]
"2502.h1"	2502	[1, -1, 1, -521, -4439]	[[-13, 8]]
"2502.h2"	2502	[1, -1, 1, -41, -23]	[[-5, 8]]
"2502.i1"	2502	[1, -1, 1, -536, 4907]	[[15, 1]]
"2502.j1"	2502	[1, -1, 1, -13440551, -18962546209]	[[-103673/7, 378834/7]]
"2502.j2"	2502	[1, -1, 1, -843431, -293614369]	[[-509, 2158]]
"2502.j3"	2502	[1, -1, 1, -106151, 6311135]	[[3, 2446]]
"2502.j4"	2502	[1, -1, 1, -42791, -828762145]	[[4495, 297394]]
"2506.a2"	2506	[1, 1, 0, -21010, -1247232]	[[2283/2, 102969/2]]
"2507.a1"	2507	[0, 1, 1, -913, -10932]	[[189/2, 1849/2]]
"2510.c1"	2510	[1, 0, 0, -2285, -42215]	[[-28, 17]]
"2510.c2"	2510	[1, 0, 0, -85, 225]	[[2, 7]]
"2516.a1"	2516	[0, 1, 0, -209, 1096]	[[7, 5]]
"2516.a2"	2516	[0, 1, 0, -204, 1156]	[[0, 34]]
"2516.b1"	2516	[0, 1, 0, -157, 703]	[[-3, 34]]
"2517.c1"	2517	[1, 0, 1, -6, -23]	[[5, 6]]
"2520.c1"	2520	[0, 0, 0, -783, 4482]	[[31, 100]]
"2520.d1"	2520	[0, 0, 0, -20163, 1101998]	[[83, 16]]
"2520.d2"	2520	[0, 0, 0, -1263, 17138]	[[1, 126]]
"2520.d3"	2520	[0, 0, 0, -363, 41078]	[[11, 196]]
"2520.d4"	2520	[0, 0, 0, -138, -187]	[[-2, 9]]
"2520.g1"	2520	[0, 0, 0, -219603, 39600398]	[[1537/2, 27657/2]]
"2520.g2"	2520	[0, 0, 0, -15483, 450182]	[[-41, 1008]]
"2520.g3"	2520	[0, 0, 0, -6663, -204262]	[[-46, 70]]
"2520.g4"	2520	[0, 0, 0, -6618, -207223]	[[97, 252]]
"2520.g5"	2520	[0, 0, 0, 1437, -669202]	[[103, 756]]
"2520.g6"	2520	[0, 0, 0, 47517, 3184382]	[[134, 3458]]
"2520.h1"	2520	[0, 0, 0, -318, 2133]	[[6, 21]]
"2520.m1"	2520	[0, 0, 0, -87, -166]	[[-7, 10]]
"2520.m2"	2520	[0, 0, 0, 18, -19]	[[2, 5]]
"2520.n1"	2520	[0, 0, 0, -26067, -1619714]	[[1670, 67914]]
"2520.n2"	2520	[0, 0, 0, -1767, -20774]	[[-33, 40]]
"2520.n3"	2520	[0, 0, 0, -642, 6001]	[[5, 54]]
"2520.n4"	2520	[0, 0, 0, 4533, -135434]	[[30, 166]]
"2520.q1"	2520	[0, 0, 0, -2862, -57591]	[[-32, 35]]
"2520.q2"	2520	[0, 0, 0, 513, -185166]	[[103, 980]]
"2520.r1"	2520	[0, 0, 0, -33627, 2373446]	[[107, 20]]
"2520.r2"	2520	[0, 0, 0, -5907, -127906]	[[-37, 200]]
"2520.r3"	2520	[0, 0, 0, -2127, 36146]	[[37, 90]]
"2520.r4"	2520	[0, 0, 0, 78, 2189]	[[-2, 45]]
"2526.a1"	2526	[1, 1, 0, -3196, 68176]	[[19, 112]]
"2526.c1"	2526	[1, 0, 0, -30, 36]	[[0, 6]]
"2528.c1"	2528	[0, 1, 0, -97, -401]	[[-6, 1]]
"2529.a1"	2529	[1, -1, 1, 40, -66]	[[2, 3]]
"2530.a1"	2530	[1, 1, 0, -7, 11]	[[5, 9]]
"2530.c1"	2530	[1, -1, 0, -539, -5555]	[[51, 287]]
"2530.d1"	2530	[1, 1, 0, 8, -6]	[[3, 6]]
"2530.e1"	2530	[1, 0, 0, -15816, -766904]	[[154, 598]]
"2530.e2"	2530	[1, 0, 0, -176, -1280]	[[16, 0]]
"2530.f1"	2530	[1, 0, 0, -1331, 1771561]	[[88, 1485]]
"2530.f2"	2530	[1, 0, 0, 11979, -47829485]	[[15565/4, 1872475/4]]
"2530.g1"	2530	[1, 1, 1, -6375, 198685]	[[283, 4458]]
"2530.i1"	2530	[1, -1, 1, -28, 127]	[[-5, 13]]
"2530.j1"	2530	[1, -1, 1, 152, 12331]	[[13, 121]]
"2530.k1"	2530	[1, 0, 0, -32811, -2293615]	[[2890/3, 117335/3]]
"2530.k2"	2530	[1, 0, 0, 629, -15119]	[[18, 37]]
"2534.b1"	2534	[1, 0, 1, -81, 324]	[[-6, 27]]
"2534.c1"	2534	[1, 0, 1, -136, 862]	[[8, 13]]
"2534.c2"	2534	[1, 0, 1, 1089, -12270]	[[54, 425]]
"2534.h1"	2534	[1, 0, 0, -1208, 16064]	[[26, 36]]
"2535.c1"	2535	[0, 1, 1, -30, 56]	[[0, 7]]
"2535.e1"	2535	[1, 0, 0, -1726, 27455]	[[23, -4]]
"2535.e2"	2535	[1, 0, 0, -101, 480]	[[1, 19]]
"2535.g1"	2535	[0, -1, 1, 35, 93]	[[9, 32]]
"2535.i1"	2535	[0, 1, 1, -3215, -87694]	[[70, 187]]
"2535.i2"	2535	[0, 1, 1, 295, 1109]	[[31, 202]]
"2535.j1"	2535	[1, 1, 0, -365043, -85043772]	[[139441789/348, 1323572725861/348]]
"2535.j2"	2535	[1, 1, 0, -22818, -1335537]	[[35989/12, 4866403/12]]
"2535.j3"	2535	[1, 1, 0, -18593, -1840002]	[[132567229/732, 1113712635343/732]]
"2535.j4"	2535	[1, 1, 0, -13523, 599682]	[[943/2, 25083/2]]
"2535.j5"	2535	[1, 1, 0, -1693, -13112]	[[-113/2, 1031/2]]
"2535.j6"	2535	[1, 1, 0, -848, 9027]	[[14, 5]]
"2535.j7"	2535	[1, 1, 0, -3, 408]	[[56, 396]]
"2535.j8"	2535	[1, 1, 0, 5912, -90683]	[[44, 485]]
"2537.e1"	2537	[0, -1, 1, -284, -1751]	[[253/2, 3827/2]]
"2538.b1"	2538	[1, -1, 0, -12, -16]	[[5, 3]]
"2538.e1"	2538	[1, -1, 1, -110, 541]	[[7, 5]]
"2539.a1"	2539	[0, 0, 1, -11, 14]	[[2, 0]]
"2541.d1"	2541	[1, 1, 1, -3220, 69158]	[[86, 618]]
"2541.g1"	2541	[1, 1, 0, 361, -14406]	[[50, 338]]
"2541.l1"	2541	[0, -1, 1, -84740, 9490535]	[[445/2, 9555/2]]
"2544.f1"	2544	[0, 1, 0, 32, 500]	[[2, 24]]
"2548.b1"	2548	[0, 1, 0, -13148, -591116]	[[163, 1274]]
"2548.b2"	2548	[0, 1, 0, 572, -3900]	[[11, 62]]
"2548.d1"	2548	[0, -1, 0, -82434, 5727541]	[[705/4, 94471/4]]
"2548.d2"	2548	[0, -1, 0, -34414, -2445463]	[[-106, 13]]
"2548.j1"	2548	[0, -1, 0, -268, 1800]	[[9, 6]]
"2548.j2"	2548	[0, -1, 0, 12, 8]	[[2, 6]]
"2550.c1"	2550	[1, 1, 0, -693600, -222626250]	[[1775, 63475]]
"2550.c2"	2550	[1, 1, 0, -43350, -3492000]	[[-121, 70]]
"2550.c3"	2550	[1, 1, 0, -41100, -3867750]	[[329, 4120]]
"2550.c4"	2550	[1, 1, 0, -2850, -49500]	[[-40, 70]]
"2550.c5"	2550	[1, 1, 0, -850, 8500]	[[4, 70]]
"2550.c6"	2550	[1, 1, 0, 5650, -279000]	[[45, 240]]
"2550.d1"	2550	[1, 1, 0, -4650, -123750]	[[-39, 6]]
"2550.d2"	2550	[1, 1, 0, -4150, 100750]	[[45, 65]]
"2550.d3"	2550	[1, 1, 0, -400, -500]	[[-5, 40]]
"2550.d4"	2550	[1, 1, 0, 100, 0]	[[4, 20]]
"2550.j1"	2550	[1, 0, 1, -16576, -489202]	[[-441/2, 713/2]]
"2550.j2"	2550	[1, 0, 1, -7201, 234548]	[[46, 11]]
"2550.s1"	2550	[1, 1, 1, -7253, 234731]	[[45, 22]]
"2550.u1"	2550	[1, 1, 1, -18763, -755719]	[[-61, 438]]
"2550.u2"	2550	[1, 1, 1, -6388, 193781]	[[41, 33]]
"2550.u3"	2550	[1, 1, 1, -5388, 257781]	[[15, 417]]
"2550.u4"	2550	[1, 1, 1, 45237, -4723719]	[[195, 3302]]
"2550.bb1"	2550	[1, 0, 0, -1938, 25092]	[[12, 54]]
"2550.bc1"	2550	[1, 0, 0, -1154838, 477536292]	[[672, 1914]]
"2550.bc2"	2550	[1, 0, 0, -66838, 8608292]	[[32, 2534]]
"2554.a1"	2554	[1, 0, 1, -10, 10]	[[2, -1]]
"2555.f1"	2555	[0, 1, 1, -26, -65]	[[149/2, 1821/2]]
"2557.a1"	2557	[1, 0, 0, -5, -4]	[[-1, 1]]
"2562.b1"	2562	[1, 1, 0, -2, 12]	[[1, 3]]
"2562.i1"	2562	[1, 1, 1, -5597, -248173]	[[1043, 33092]]
"2562.l1"	2562	[1, 1, 1, 155, 2603]	[[7, 60]]
"2562.n1"	2562	[1, 0, 0, -242, 1476]	[[10, 4]]
"2568.b1"	2568	[0, -1, 0, -20, -27]	[[-2, 1]]
"2568.e1"	2568	[0, -1, 0, -40, -212]	[[13, 36]]
"2568.h1"	2568	[0, -1, 0, -149444, -21955623]	[[-2084/3, 11449/3]]
"2571.a1"	2571	[0, 1, 1, -1, -8]	[[2, 1]]
"2574.e1"	2574	[1, -1, 0, -119403, 15807325]	[[225, 430]]
"2574.e2"	2574	[1, -1, 0, -12483, -123755]	[[-18, 317]]
"2574.e3"	2574	[1, -1, 0, -9603, -359339]	[[-55, 41]]
"2574.e4"	2574	[1, -1, 0, 48357, -1012019]	[[29, 629]]
"2574.f1"	2574	[1, -1, 0, 0, 22]	[[-1, 5]]
"2574.h1"	2574	[1, -1, 0, -372, -1952]	[[-12, 32]]
"2574.h2"	2574	[1, -1, 0, -132, 592]	[[11, 14]]
"2574.k1"	2574	[1, -1, 0, -594, 7852]	[[17, 41]]
"2574.l1"	2574	[1, -1, 0, -8331, -278011]	[[-50, 133]]
"2574.l2"	2574	[1, -1, 0, 309, -17083]	[[49, 313]]
"2574.m1"	2574	[1, -1, 0, -370656, -86764370]	[[705, 1045]]
"2574.m2"	2574	[1, -1, 0, -24156, -1228766]	[[-67, 326]]
"2574.m3"	2574	[1, -1, 0, -23166, -1351328]	[[419, 7688]]
"2574.r1"	2574	[1, -1, 1, -59, -1141]	[[39, 214]]
"2574.r2"	2574	[1, -1, 1, 526, 30449]	[[33, 271]]
"2574.s1"	2574	[1, -1, 1, -926, 10605]	[[23, 21]]
"2574.s2"	2574	[1, -1, 1, 34, 621]	[[-3, 23]]
"2574.t1"	2574	[1, -1, 1, -44951, 3679431]	[[125, -18]]
"2574.t2"	2574	[1, -1, 1, -6791, -134553]	[[-27, 182]]
"2574.t3"	2574	[1, -1, 1, -2831, 57111]	[[-9, 290]]
"2574.u1"	2574	[1, -1, 1, -586580, 173046071]	[[429, 253]]
"2574.u3"	2574	[1, -1, 1, -16205, -448315]	[[-39, 370]]
"2574.u4"	2574	[1, -1, 1, 3235, -51739]	[[27, 220]]
"2574.v2"	2574	[1, -1, 1, -1190, -14795]	[[-19, 35]]
"2576.a1"	2576	[0, 0, 0, -8419, -301667]	[[404, 7889]]
"2576.c1"	2576	[0, 1, 0, -9688, -346860]	[[-68, 46]]
"2576.c2"	2576	[0, 1, 0, 552, -23276]	[[23, 46]]
"2576.e1"	2576	[0, 1, 0, -2672, -51212]	[[-33, 46]]
"2576.g1"	2576	[0, -1, 0, 6, 43]	[[1, 7]]
"2576.h1"	2576	[0, -1, 0, -28, -49]	[[7, 7]]
"2576.j1"	2576	[0, 0, 0, -1979, -33878]	[[199, 2730]]
"2576.j2"	2576	[0, 0, 0, -139, -390]	[[15, 30]]
"2576.j4"	2576	[0, 0, 0, 421, -2742]	[[79/3, 1090/3]]
"2576.k1"	2576	[0, 0, 0, -979, -11790]	[[103, 990]]
"2576.l1"	2576	[0, 1, 0, 2, 7]	[[3, 7]]
"2576.m1"	2576	[0, -1, 0, -2784, -55552]	[[176, 2208]]
"2576.n1"	2576	[0, -1, 0, -16968, -118384]	[[-88, 828]]
"2581.a1"	2581	[1, 1, 1, 99, 592]	[[8, 40]]
"2584.a1"	2584	[0, 1, 0, -84, -320]	[[-6, 2]]
"2584.a2"	2584	[0, 1, 0, 1, -14]	[[3, 5]]
"2586.a1"	2586	[1, 1, 1, -279, 1671]	[[39/2, -33/2]]
"2592.d1"	2592	[0, 0, 0, -108, 864]	[[-6, 36]]
"2592.e1"	2592	[0, 0, 0, -12, 32]	[[2, 4]]
"2595.b1"	2595	[1, 1, 1, -15, 12]	[[0, 3]]
"2595.b2"	2595	[1, 1, 1, 30, 120]	[[-2, 8]]
"2595.c1"	2595	[1, 1, 0, -3093, -65262]	[[-24697/26, 766715/26]]
"2595.c2"	2595	[1, 1, 0, -498, 2727]	[[-97/2, 383/2]]
"2595.c3"	2595	[1, 1, 0, -453, 3528]	[[-24, 48]]
"2595.c4"	2595	[1, 1, 0, 1377, 20352]	[[-5737/22, 599773/22]]
"2598.b1"	2598	[1, 1, 0, -70, -236]	[[-5, 7]]
"2598.b2"	2598	[1, 1, 0, 90, -972]	[[27, 135]]
"2598.f1"	2598	[1, 0, 0, -393, 2961]	[[12, -3]]
"2598.f2"	2598	[1, 0, 0, -33, 9]	[[0, 3]]
"2600.c1"	2600	[0, 1, 0, -508, -4512]	[[-13, 8]]
"2600.c2"	2600	[0, 1, 0, -8, -12512]	[[28, 100]]
"2600.h1"	2600	[0, 0, 0, -14075, -642250]	[[-3286/7, 2388/7]]
"2600.h2"	2600	[0, 0, 0, -1075, -5250]	[[-14, 84]]
"2600.h3"	2600	[0, 0, 0, -575, 5250]	[[11, 16]]
"2600.h4"	2600	[0, 0, 0, 3925, -40250]	[[270, 4550]]
"2601.b1"	2601	[0, 0, 1, -867, 11054]	[[-17, 144]]
"2601.h1"	2601	[1, -1, 0, -3, -4]	[[4, 4]]
"2601.l1"	2601	[0, 0, 1, -7803, -298465]	[[1305/2, 45167/2]]
"2604.b2"	2604	[0, 1, 0, -22713, -1325016]	[[-87, 9]]
"2604.d1"	2604	[0, 1, 0, -29828, -1984428]	[[-101, 90]]
"2604.d2"	2604	[0, 1, 0, -29793, -1989300]	[[1900/3, 29260/3]]
"2604.d4"	2604	[0, 1, 0, -393, -2448]	[[-7, 3]]
"2605.a1"	2605	[1, 1, 0, -37, -84]	[[-89/6, 277/6]]
"2605.a2"	2605	[1, 1, 0, -12, 11]	[[-1/2, 31/2]]
"2608.a1"	2608	[0, 1, 0, -40, -108]	[[-4, 2]]
"2608.c1"	2608	[0, 0, 0, -1283, 17666]	[[1, 128]]
"2608.f1"	2608	[0, -1, 0, 7, 5]	[[4, 9]]
"2609.a1"	2609	[1, 1, 0, -1, 2]	[[-2, 2]]
"2610.a1"	2610	[1, -1, 0, -15840, -748544]	[[-73, 158]]
"2610.a2"	2610	[1, -1, 0, 1440, -2307200]	[[311, 5150]]
"2610.b1"	2610	[1, -1, 0, -19229490, 32459523606]	[[10023/2, 5115/2]]
"2610.b2"	2610	[1, -1, 0, -19229220, 32460480540]	[[2508, 834]]
"2610.b3"	2610	[1, -1, 0, -390240, -93157344]	[[-1497/2, 6339/2]]
"2610.b4"	2610	[1, -1, 0, -40320, 691200]	[[-192, 1248]]
"2610.d1"	2610	[1, -1, 0, -315, -2025]	[[-9, 9]]
"2610.d2"	2610	[1, -1, 0, -45, 81]	[[0, 9]]
"2610.f1"	2610	[1, -1, 0, -1179, 15853]	[[17, 14]]
"2610.f2"	2610	[1, -1, 0, -99, 85]	[[-1, 14]]
"2610.i1"	2610	[1, -1, 1, -26198, 1124197]	[[25, 683]]
"2610.i2"	2610	[1, -1, 1, 4522, 116581]	[[1, 347]]
"2610.j1"	2610	[1, -1, 1, -36158, 2655231]	[[3807/2, 226623/2]]
"2610.j2"	2610	[1, -1, 1, -2408, 36231]	[[41, 51]]
"2610.j3"	2610	[1, -1, 1, -788, -7833]	[[35, 63]]
"2610.j4"	2610	[1, -1, 1, 5422, 217887]	[[-97/2, 2235/2]]
"2610.k1"	2610	[1, -1, 1, -200453, 34593581]	[[265, 42]]
"2610.k2"	2610	[1, -1, 1, -12533, 542477]	[[33, 388]]
"2610.k3"	2610	[1, -1, 1, -8933, 857837]	[[57, 700]]
"2610.k4"	2610	[1, -1, 1, -1013, 3341]	[[-9, 112]]
"2610.l1"	2610	[1, -1, 1, -632, 6139]	[[7, 41]]
"2610.l2"	2610	[1, -1, 1, 88, 18811]	[[11, 139]]
"2610.m1"	2610	[1, -1, 1, -467, 3859]	[[7, 26]]
"2610.m2"	2610	[1, -1, 1, 13, 211]	[[1, 14]]
"2616.a1"	2616	[0, -1, 0, -27, 0]	[[-1, 5]]
"2616.a2"	2616	[0, -1, 0, 108, -108]	[[26, 140]]
"2616.c1"	2616	[0, 1, 0, -24, -855]	[[12, 27]]
"2616.d1"	2616	[0, 1, 0, -48, 117]	[[6, 9]]
"2618.c1"	2618	[1, 1, 0, -1220450, -506254732]	[[1321, 13084]]
"2618.c2"	2618	[1, 1, 0, 18590, -26250636]	[[18708, 2549622]]
"2619.b1"	2619	[0, 0, 1, 6, -5]	[[1, 1]]
"2619.c1"	2619	[0, 0, 1, 54, 128]	[[-2, 3]]
"2620.a1"	2620	[0, 1, 0, -90, -755]	[[13, 21]]
"2622.a1"	2622	[1, 1, 1, -294739, 61466321]	[[307, 30]]
"2622.a2"	2622	[1, 1, 1, -18259, 972497]	[[-29, 1230]]
"2624.d1"	2624	[0, 0, 0, -44, -80]	[[-3, 5]]
"2624.d2"	2624	[0, 0, 0, 116, -528]	[[29, 165]]
"2624.f2"	2624	[0, -1, 0, 31, -511]	[[127/3, 1360/3]]
"2624.g1"	2624	[0, -1, 0, -737, -7327]	[[-128/3, 235/3]]
"2624.g2"	2624	[0, -1, 0, -97, 225]	[[0, 15]]
"2628.b1"	2628	[0, 0, 0, -552, -5708]	[[77, 639]]
"2630.c1"	2630	[1, -1, 0, 25, 125]	[[-2, 9]]
"2632.a1"	2632	[0, -1, 0, 0, 28]	[[-2, 4]]
"2632.c1"	2632	[0, 1, 0, -960, 11216]	[[40, 196]]
"2634.a1"	2634	[1, 1, 0, 4358, -717932]	[[3291/2, 186133/2]]
"2634.b1"	2634	[1, 1, 1, -45, 99]	[[3, 0]]
"2634.c1"	2634	[1, 0, 0, 78, 36]	[[6, 24]]
"2638.c1"	2638	[1, 0, 1, -6, 0]	[[0, 0]]
"2640.a1"	2640	[0, -1, 0, -5996, 180720]	[[44, 12]]
"2640.a2"	2640	[0, -1, 0, -371, 2970]	[[14, 18]]
"2640.c1"	2640	[0, -1, 0, -1716, -17424]	[[-12, 36]]
"2640.c2"	2640	[0, -1, 0, 309, -2034]	[[330, 5994]]
"2640.f1"	2640	[0, -1, 0, -1556, 13356]	[[-35, 154]]
"2640.f2"	2640	[0, -1, 0, -716, -7140]	[[469/2, 9821/2]]
"2640.f3"	2640	[0, -1, 0, -41, -120]	[[116, 1242]]
"2640.f4"	2640	[0, -1, 0, 319, 1356]	[[8, 66]]
"2640.g1"	2640	[0, -1, 0, -77440, 8320480]	[[602, 13398]]
"2640.g2"	2640	[0, -1, 0, -4840, 131200]	[[45, 50]]
"2640.g3"	2640	[0, -1, 0, -4240, 164320]	[[21, 290]]
"2640.g4"	2640	[0, -1, 0, -2320, -41168]	[[-26, 30]]
"2640.g5"	2640	[0, -1, 0, -340, 1600]	[[0, 40]]
"2640.g6"	2640	[0, -1, 0, 65, 142]	[[14, 60]]
"2640.k1"	2640	[0, 1, 0, -1616, 23220]	[[36, 114]]
"2640.k2"	2640	[0, 1, 0, -296, -1596]	[[-8, 18]]
"2640.k3"	2640	[0, 1, 0, -276, -1860]	[[26, 96]]
"2640.l1"	2640	[0, 1, 0, -11, 0]	[[4, 6]]
"2640.l2"	2640	[0, 1, 0, 44, 44]	[[2, 12]]
"2640.m1"	2640	[0, 1, 0, -76, -280]	[[61/2, 387/2]]
"2640.n1"	2640	[0, 1, 0, -66616, -5083180]	[[-178, 1080]]
"2640.n2"	2640	[0, 1, 0, -22616, 1235220]	[[52, 450]]
"2640.n3"	2640	[0, 1, 0, -22296, 1274004]	[[84, 30]]
"2640.n4"	2640	[0, 1, 0, 16264, 5076564]	[[-20, 2178]]
"2640.p1"	2640	[0, 1, 0, -10931, 436260]	[[64, 54]]
"2640.r1"	2640	[0, 1, 0, -10560, 414180]	[[63, 54]]
"2640.r2"	2640	[0, 1, 0, -660, 6300]	[[3, 66]]
"2640.r3"	2640	[0, 1, 0, -440, 10788]	[[46, 300]]
"2640.r4"	2640	[0, 1, 0, -55, 8]	[[8, 12]]
"2640.s1"	2640	[0, 1, 0, -360, -2652]	[[23, 42]]
"2640.s2"	2640	[0, 1, 0, -60, 108]	[[11, 30]]
"2640.s3"	2640	[0, 1, 0, -55, 140]	[[52/3, 188/3]]
"2640.s4"	2640	[0, 1, 0, 160, 900]	[[0, 30]]
"2642.a1"	2642	[1, -1, 1, -43, -97]	[[11, 20]]
"2645.b1"	2645	[0, 1, 1, -15, -69]	[[15, 57]]
"2646.e1"	2646	[1, -1, 0, -129075, 17999477]	[[86, 2701]]
"2646.f1"	2646	[1, -1, 0, -52047, -4557281]	[[387, 5564]]
"2646.f2"	2646	[1, -1, 0, -597, -7043]	[[93, 811]]
"2646.i1"	2646	[1, -1, 0, -9, -1359]	[[16, 41]]
"2646.q1"	2646	[1, -1, 1, -62264, 5995567]	[[149, 23]]
"2646.q2"	2646	[1, -1, 1, -524, 13647]	[[51, 317]]
"2646.q3"	2646	[1, -1, 1, 4621, -327981]	[[443, 9186]]
"2646.u1"	2646	[1, -1, 1, -293, 2013]	[[23, 72]]
"2646.w1"	2646	[1, -1, 1, -20, 39]	[[3, -1]]
"2646.w2"	2646	[1, -1, 1, 85, 123]	[[11, 42]]
"2646.y1"	2646	[1, -1, 1, -468425, 123515011]	[[1583/2, -1489/2]]
"2646.y2"	2646	[1, -1, 1, -5375, 195535]	[[65, 310]]
"2646.y3"	2646	[1, -1, 1, 505, -2817]	[[51, 366]]
"2648.b1"	2648	[0, 0, 0, 1, -14]	[[3, 4]]
"2650.a1"	2650	[1, -1, 0, -21892, 1252816]	[[85, -16]]
"2650.c1"	2650	[1, 1, 0, 50, -100]	[[25, 120]]
"2650.j1"	2650	[1, 0, 0, -188, 992]	[[2, 24]]
"2651.a1"	2651	[0, -1, 1, -670, 6910]	[[85/2, 337/2]]
"2651.a2"	2651	[0, -1, 1, 4720, -73170]	[[1485/2, 58077/2]]
"2651.c1"	2651	[0, -1, 1, 3, -3]	[[1, 0]]
"2652.b1"	2652	[0, -1, 0, -33, -54]	[[-3, 3]]
"2652.b2"	2652	[0, -1, 0, 52, -360]	[[14, 54]]
"2652.c1"	2652	[0, -1, 0, -2452, 47560]	[[30, 10]]
"2652.c2"	2652	[0, -1, 0, -157, 742]	[[3, 17]]
"2652.e1"	2652	[0, 1, 0, -1249, 16580]	[[32, 102]]
"2652.e2"	2652	[0, 1, 0, -1204, 17876]	[[11, 78]]
"2652.g1"	2652	[0, 1, 0, -4628, 119652]	[[48, 102]]
"2652.g2"	2652	[0, 1, 0, -293, 1740]	[[-3, 51]]
"2655.a1"	2655	[0, 0, 1, -1137, -14720]	[[-20, 4]]
"2655.c1"	2655	[0, 0, 1, -228, -1321]	[[-9, 1]]
"2655.d1"	2655	[0, 0, 1, -48, 54]	[[-4, 13]]
"2655.f1"	2655	[0, 0, 1, -2052, 35660]	[[18, 67]]
"2655.h1"	2655	[0, 0, 1, -173973, 27929673]	[[953/2, 527/2]]
"2655.h2"	2655	[0, 0, 1, -2523, -47997]	[[-127/2, 77/2]]
"2656.a1"	2656	[0, 0, 0, -61, -344]	[[31, 166]]
"2656.b1"	2656	[0, -1, 0, 2, -4]	[[2, 2]]
"2656.d1"	2656	[0, 1, 0, 2, 4]	[[0, 2]]
"2656.e1"	2656	[0, 1, 0, -42, 92]	[[4, 2]]
"2658.f1"	2658	[1, 0, 0, -639, 5913]	[[6, 45]]
"2660.a1"	2660	[0, 0, 0, 10817, -32618]	[[54, 842]]
"2660.b1"	2660	[0, 1, 0, -180, 868]	[[8, 2]]
"2660.b2"	2660	[0, 1, 0, -5, 28]	[[1, 5]]
"2660.c1"	2660	[0, 1, 0, -6860, -6860]	[[-77, 266]]
"2660.c2"	2660	[0, 1, 0, -4660, 120900]	[[-37, 494]]
"2660.c3"	2660	[0, 1, 0, -285, 1900]	[[8, 14]]
"2660.c4"	2660	[0, 1, 0, 1715, 0]	[[28, 266]]
"2660.d1"	2660	[0, -1, 0, -141, -839]	[[43, 266]]
"2660.e1"	2660	[0, 1, 0, -3276, -73276]	[[76, 350]]
"2660.f1"	2660	[0, 1, 0, -1940, 32948]	[[23, 32]]
"2660.g1"	2660	[0, 1, 0, 2275, -1350625]	[[125, 950]]
"2660.h1"	2660	[0, 1, 0, -180, -2860]	[[43, 266]]
"2660.h2"	2660	[0, 1, 0, 20, 100]	[[3, 14]]
"2664.a1"	2664	[0, 0, 0, -102, 385]	[[8, 9]]
"2664.a2"	2664	[0, 0, 0, 33, 1330]	[[-1, 36]]
"2664.b1"	2664	[0, 0, 0, 189, 1566]	[[6, 54]]
"2664.c1"	2664	[0, 0, 0, -300, -1996]	[[-10, 2]]
"2664.d1"	2664	[0, 0, 0, -1695, 26642]	[[19, 36]]
"2664.d2"	2664	[0, 0, 0, -30, 1001]	[[-8, 27]]
"2665.a1"	2665	[1, 0, 0, -136, 591]	[[5, 4]]
"2665.a2"	2665	[1, 0, 0, -11, 1666]	[[-9, 37]]
"2665.c1"	2665	[1, 1, 1, -136, 558]	[[-4, 34]]
"2666.b1"	2666	[1, -1, 0, -24134, 773172]	[[143, 409]]
"2667.a1"	2667	[0, 1, 1, 2, -2]	[[1, 1]]
"2667.c1"	2667	[1, 0, 0, -613, 5546]	[[17, 2]]
"2667.c2"	2667	[1, 0, 0, 22, 339]	[[-5, 13]]
"2670.a1"	2670	[1, 1, 0, -143, 597]	[[2, 17]]
"2670.a2"	2670	[1, 1, 0, -43, 1537]	[[7, 37]]
"2670.c2"	2670	[1, 1, 1, -15005, 492275]	[[-57, 1108]]
"2670.e1"	2670	[1, 0, 0, -155685, -23656743]	[[-228, 123]]
"2670.e2"	2670	[1, 0, 0, -9885, -357903]	[[-48, -57]]
"2670.e4"	2670	[1, 0, 0, 7915, -1500663]	[[112, 835]]
"2674.c2"	2674	[1, 1, 0, -30, -76]	[[68, 530]]
"2678.b1"	2678	[1, 0, 1, -305916, -64308166]	[[2619/2, 29567/2]]
"2678.g1"	2678	[1, 1, 0, -7383720, -7725631168]	[[10267920557760973/830139, 1017553372463320146205547/830139]]
"2678.g2"	2678	[1, 1, 0, -461480, -120858304]	[[374185237/159, 7200985349543/159]]
"2678.l1"	2678	[1, 0, 0, -6186, -187228]	[[-44, 6]]
"2678.m1"	2678	[1, 0, 0, -85, -287]	[[-6, 7]]
"2679.d1"	2679	[0, -1, 1, -1082, -6685]	[[-35/2, 357/2]]
"2680.a1"	2680	[0, 0, 0, -7, 19]	[[3, 5]]
"2680.c1"	2680	[0, -1, 0, 4, 1]	[[0, 1]]
"2680.f1"	2680	[0, 1, 0, -80, -547]	[[26, 125]]
"2682.c1"	2682	[1, -1, 0, -285, -1531]	[[-11, 19]]
"2682.g1"	2682	[1, -1, 0, -2223, -21843]	[[-33, 138]]
"2682.m1"	2682	[1, -1, 1, -32, 67]	[[1, 5]]
"2684.a1"	2684	[0, -1, 0, -34, 89]	[[4, 1]]
"2685.a1"	2685	[0, -1, 1, -10, 6]	[[0, 2]]
"2685.b1"	2685	[0, 1, 1, -136, 46]	[[-1, 13]]
"2686.a1"	2686	[1, -1, 1, -35605, -1948179]	[[-81, 672]]
"2686.a2"	2686	[1, -1, 1, 5355, -195091]	[[63, 592]]
"2686.b1"	2686	[1, 0, 0, -398812, -87740384]	[[-181226/21, 26040442/21]]
"2686.d1"	2686	[1, 1, 1, -13133, 525763]	[[-97, 996]]
"2686.d2"	2686	[1, 1, 1, -2893, -51773]	[[247, 3668]]
"2688.c2"	2688	[0, -1, 0, 6, -6]	[[29, 154]]
"2688.d2"	2688	[0, -1, 0, -218, 1314]	[[5, 18]]
"2688.e2"	2688	[0, -1, 0, -138, -234]	[[-3, 12]]
"2688.g1"	2688	[0, -1, 0, -553, 2425]	[[-11, 84]]
"2688.j2"	2688	[0, -1, 0, 23, 25]	[[0, 5]]
"2688.k2"	2688	[0, -1, 0, -42, 990]	[[17, 70]]
"2688.m1"	2688	[0, 1, 0, -105, -441]	[[-6, 3]]
"2688.n2"	2688	[0, 1, 0, 6, 6]	[[5/2, 33/2]]
"2688.o1"	2688	[0, 1, 0, -439, 3377]	[[8, 21]]
"2688.o2"	2688	[0, 1, 0, -169, 7751]	[[5, 84]]
"2688.r1"	2688	[0, 1, 0, -873, 9639]	[[3, 84]]
"2688.r2"	2688	[0, 1, 0, -63, 81]	[[0, 9]]
"2688.s1"	2688	[0, 1, 0, -92393, -9069753]	[[-182, 1323]]
"2688.s2"	2688	[0, 1, 0, -26783, 1545945]	[[61, 378]]
"2688.t1"	2688	[0, 1, 0, -253, -901]	[[-7, 24]]
"2688.u1"	2688	[0, 1, 0, -1853, 30075]	[[1, 168]]
"2688.v2"	2688	[0, 1, 0, -42, -990]	[[45/2, 75/2]]
"2690.a1"	2690	[1, -1, 0, -25, 55]	[[3, -1]]
"2690.d1"	2690	[1, 0, 0, -45, -685]	[[487/6, 6107/6]]
"2690.d2"	2690	[1, 0, 0, 5, 25]	[[12, 37]]
"2691.b1"	2691	[1, -1, 1, -35, -16]	[[-2, 7]]
"2691.b2"	2691	[1, -1, 1, -20, 38]	[[4, 1]]
"2691.g1"	2691	[1, -1, 0, -1971, -32918]	[[291/2, 3329/2]]
"2691.g2"	2691	[1, -1, 0, -216, 427]	[[66, 487]]
"2691.g4"	2691	[1, -1, 0, 819, 2704]	[[0, 52]]
"2694.b1"	2694	[1, 1, 0, -2663048, 1671637824]	[[1315, 20457]]
"2694.e1"	2694	[1, 0, 1, 22, 20]	[[0, 4]]
"2694.f1"	2694	[1, 1, 1, 1466, 2627]	[[1, 63]]
"2694.g1"	2694	[1, 1, 1, -36, 165]	[[-3, 17]]
"2694.h1"	2694	[1, 0, 0, -1084567, -434833489]	[[35891/2, 6715711/2]]
"2694.h2"	2694	[1, 0, 0, -12937, -639631]	[[164, 1205]]
"2694.i1"	2694	[1, 0, 0, -43, 113]	[[4, 1]]
"2694.i2"	2694	[1, 0, 0, 257, 5]	[[10, 55]]
"2695.a1"	2695	[1, -1, 1, -503068, -137211294]	[[30211/6, 1113631/6]]
"2695.a3"	2695	[1, -1, 1, -31443, -2137894]	[[601, 13691]]
"2696.a1"	2696	[0, 1, 0, -64, -224]	[[45/2, 197/2]]
"2697.a1"	2697	[1, 0, 1, 14, 65]	[[1, 8]]
"2698.a1"	2698	[1, -1, 0, -51881, -4535475]	[[6491125/153, 4984368740/153]]
"2698.a2"	2698	[1, -1, 0, -3241, -70323]	[[10837/9, 950111/9]]
"2700.b1"	2700	[0, 0, 0, 0, -13500]	[[60, 450]]
"2700.b2"	2700	[0, 0, 0, 0, 500]	[[5, 25]]
"2700.e1"	2700	[0, 0, 0, 15, 25]	[[5, 15]]
"2700.f1"	2700	[0, 0, 0, -825, 9125]	[[20, 25]]
"2700.f2"	2700	[0, 0, 0, 675, 37125]	[[105, 1125]]
"2700.j1"	2700	[0, 0, 0, 0, -16875]	[[679/3, 17342/3]]
"2700.j2"	2700	[0, 0, 0, 0, 625]	[[6, 29]]
"2700.n1"	2700	[0, 0, 0, -15375, 733750]	[[71, 6]]
"2700.n2"	2700	[0, 0, 0, -375, -1250]	[[-6, 28]]
"2700.p1"	2700	[0, 0, 0, 3375, -84375]	[[25, 125]]
"2700.r1"	2700	[0, 0, 0, -1425, 21125]	[[20, 25]]
"2700.r2"	2700	[0, 0, 0, 75, 125]	[[5, 25]]
"2702.b1"	2702	[1, -1, 1, -2095, 37423]	[[29, 6]]
"2702.b2"	2702	[1, -1, 1, -135, 575]	[[1, 20]]
"2704.c1"	2704	[0, -1, 0, -4, -1]	[[-1, 1]]
"2704.d1"	2704	[0, -1, 0, -2760, 59344]	[[-30, 338]]
"2704.j1"	2704	[0, 1, 0, -5152, -146444]	[[108, 754]]
"2704.j2"	2704	[0, 1, 0, 48, 404]	[[4, 26]]
"2704.k1"	2704	[0, 1, 0, -870744, -318254572]	[[1079686/29, 636673024/29]]
"2704.k2"	2704	[0, 1, 0, 8056, 855284]	[[1070, 35152]]
"2706.a1"	2706	[1, 1, 0, -25, 37]	[[-6, 7]]
"2706.a2"	2706	[1, 1, 0, 15, 189]	[[3, 15]]
"2706.d1"	2706	[1, 0, 1, -28, -58]	[[6, -2]]
"2706.d2"	2706	[1, 0, 1, -18, -98]	[[14, 42]]
"2706.e2"	2706	[1, 0, 1, 6900, 1005130]	[[-5/2, 7987/2]]
"2706.f1"	2706	[1, 0, 1, -479, 5618]	[[39, 196]]
"2706.g1"	2706	[1, 0, 1, -36461, 1232936]	[[370721/40, 139018899/40]]
"2706.g2"	2706	[1, 0, 1, -30686, 2066384]	[[222, 2380]]
"2706.g3"	2706	[1, 0, 1, -30526, 2089040]	[[4, 1400]]
"2706.g4"	2706	[1, 0, 1, 127379, 9293864]	[[3019/2, 182107/2]]
"2706.j1"	2706	[1, 1, 1, -38055, -2324259]	[[-121, 786]]
"2706.j2"	2706	[1, 1, 1, -11815, 457181]	[[43, 154]]
"2706.l1"	2706	[1, 1, 1, -11, 17]	[[5, 8]]
"2706.n1"	2706	[1, 1, 1, -493, -4255]	[[-45/2, 5/2]]
"2706.n2"	2706	[1, 1, 1, -83, 173]	[[-1, 16]]
"2706.o1"	2706	[1, 0, 0, -1750, -28324]	[[50, 74]]
"2706.o2"	2706	[1, 0, 0, -110, -444]	[[-6, 6]]
"2706.p1"	2706	[1, 0, 0, -25379, -1558287]	[[-92, 49]]
"2706.p2"	2706	[1, 0, 0, -1619, -23391]	[[-26, 49]]
"2706.p4"	2706	[1, 0, 0, 1661, -105391]	[[44, 209]]
"2706.r1"	2706	[1, 0, 0, -116468, -15233904]	[[-188, 256]]
"2706.r2"	2706	[1, 0, 0, -11508, 69264]	[[-60, 768]]
"2708.a1"	2708	[0, 1, 0, -28, 52]	[[3, 2]]
"2712.e1"	2712	[0, 1, 0, -41, -117]	[[9, 18]]
"2712.g1"	2712	[0, 1, 0, 15, 387]	[[-3, 18]]
"2714.a1"	2714	[1, -1, 0, -34628, 2882896]	[[93, 632]]
"2714.c1"	2714	[1, 0, 0, 50, 4]	[[6, 20]]
"2715.b1"	2715	[1, 0, 0, -770, 5487]	[[39, 168]]
"2715.b2"	2715	[1, 0, 0, 135, 600]	[[5, 35]]
"2715.c1"	2715	[1, 0, 1, -963, 11413]	[[17, -3]]
"2715.c2"	2715	[1, 0, 1, -58, 191]	[[7, 8]]
"2717.b1"	2717	[0, 1, 1, -25563, -1581258]	[[-371/2, 161/2]]
"2717.b2"	2717	[0, 1, 1, -863, 6705]	[[7, 32]]
"2717.b3"	2717	[0, 1, 1, -793, 8336]	[[-27/2, 923/2]]
"2718.e1"	2718	[1, -1, 0, 3, -91]	[[5, 3]]
"2718.g1"	2718	[1, -1, 0, -54, 162]	[[3, 3]]
"2718.k1"	2718	[1, -1, 1, -20279, 1116559]	[[79, 14]]
"2720.b1"	2720	[0, 1, 0, -1926, 31900]	[[21, 34]]
"2720.b2"	2720	[0, 1, 0, -1921, 32079]	[[17, 68]]
"2720.d1"	2720	[0, 1, 0, 64, -136]	[[2, 2]]
"2720.f1"	2720	[0, 0, 0, -5443, -155242]	[[7189/3, 606842/3]]
"2724.b1"	2724	[0, -1, 0, 27, 81]	[[0, 9]]
"2724.c1"	2724	[0, 1, 0, -653, -10401]	[[42, 195]]
"2724.c2"	2724	[0, 1, 0, 67, 255]	[[-3, 6]]
"2726.d1"	2726	[1, 1, 0, -3, -1]	[[-1, 2]]
"2730.a1"	2730	[1, 1, 0, -1315758, -581449788]	[[2641, 118567]]
"2730.a2"	2730	[1, 1, 0, -85438, -8366732]	[[444, 6218]]
"2730.a3"	2730	[1, 1, 0, -22718, 1179252]	[[59, 191]]
"2730.a4"	2730	[1, 1, 0, 141362, -44972252]	[[363, 7190]]
"2730.d1"	2730	[1, 1, 0, -7843, 264103]	[[51, -22]]
"2730.d2"	2730	[1, 1, 0, -1143, -9477]	[[-17, 82]]
"2730.d3"	2730	[1, 1, 0, -493, 3913]	[[9, 13]]
"2730.d4"	2730	[1, 1, 0, 7, 213]	[[-2, 15]]
"2730.e1"	2730	[1, 1, 0, -75183, 7787493]	[[141, 51]]
"2730.e2"	2730	[1, 1, 0, -3503, 22109157]	[[-269, 2052]]
"2730.h1"	2730	[1, 1, 0, -1534592, 692407296]	[[527, 5249]]
"2730.h2"	2730	[1, 1, 0, 1154528, 2863602784]	[[-747, 40186]]
"2730.i1"	2730	[1, 1, 0, -2912, 59286]	[[37, 44]]
"2730.i2"	2730	[1, 1, 0, -332, -966]	[[-5, 27]]
"2730.i3"	2730	[1, 1, 0, -182, 864]	[[5, 8]]
"2730.i4"	2730	[1, 1, 0, -2, 36]	[[0, 6]]
"2730.n1"	2730	[1, 0, 1, -10739, -428218]	[[-60, 61]]
"2730.n2"	2730	[1, 0, 1, -939, -938]	[[-4, 54]]
"2730.n3"	2730	[1, 0, 1, -619, 5846]	[[16, 2]]
"2730.n4"	2730	[1, 0, 1, 3741, -6554]	[[14, 213]]
"2730.r1"	2730	[1, 1, 1, -91, 233]	[[-1, 18]]
"2730.r2"	2730	[1, 1, 1, 189, 1689]	[[9, 60]]
"2730.v1"	2730	[1, 1, 1, -230, 227]	[[-3, 31]]
"2730.v2"	2730	[1, 1, 1, 890, 2915]	[[13, 123]]
"2730.x1"	2730	[1, 1, 1, -462410, -121097185]	[[-397, 523]]
"2730.x2"	2730	[1, 1, 1, -332850, 73774335]	[[333, -157]]
"2730.x3"	2730	[1, 1, 1, -36530, -828673]	[[-33, 601]]
"2730.x4"	2730	[1, 1, 1, -20850, 1140735]	[[93, 83]]
"2730.x5"	2730	[1, 1, 1, -370, 43007]	[[-3, 211]]
"2730.x6"	2730	[1, 1, 1, 138470, -6288673]	[[87, 2491]]
"2730.y1"	2730	[1, 0, 0, -2856, -58824]	[[-30, 6]]
"2730.y2"	2730	[1, 0, 0, -2776, 55880]	[[38, 56]]
"2730.y3"	2730	[1, 0, 0, -256, -64]	[[26, 92]]
"2730.y4"	2730	[1, 0, 0, 64, 0]	[[4, 16]]
"2735.b1"	2735	[0, 1, 1, -1, 5]	[[-1, 2]]
"2736.c1"	2736	[0, 0, 0, -110784, -14192656]	[[161305/11, 62532117/11]]
"2736.c2"	2736	[0, 0, 0, -1344, -20176]	[[97, 873]]
"2736.c3"	2736	[0, 0, 0, 96, -16]	[[1, 9]]
"2736.e1"	2736	[0, 0, 0, -11451, 458570]	[[73, 108]]
"2736.e2"	2736	[0, 0, 0, -1731, -17710]	[[-29, 90]]
"2736.e3"	2736	[0, 0, 0, -1551, -23506]	[[77, 560]]
"2736.e4"	2736	[0, 0, 0, 5109, -123046]	[[47, 470]]
"2736.f1"	2736	[0, 0, 0, -531, 4690]	[[17, 24]]
"2736.f2"	2736	[0, 0, 0, -51, -14]	[[-1, 6]]
"2736.j1"	2736	[0, 0, 0, -13755, -620822]	[[317, 5184]]
"2736.l1"	2736	[0, 0, 0, -135, -378]	[[13, 8]]
"2736.l2"	2736	[0, 0, 0, 405, -2646]	[[25, 152]]
"2736.m1"	2736	[0, 0, 0, -15, 14]	[[5, 8]]
"2736.n1"	2736	[0, 0, 0, -12315, -4231222]	[[26261/11, 2424832/11]]
"2736.n2"	2736	[0, 0, 0, -2235, 40682]	[[29, 16]]
"2736.n3"	2736	[0, 0, 0, 1365, 154586]	[[-43, 128]]
"2736.o1"	2736	[0, 0, 0, -61635, -5889598]	[[1793, 75152]]
"2736.o2"	2736	[0, 0, 0, -60195, -6177886]	[[313, 2376]]
"2736.o3"	2736	[0, 0, 0, -1155, 1154]	[[65, 448]]
"2736.o4"	2736	[0, 0, 0, 4605, 9218]	[[17, 304]]
"2736.p1"	2736	[0, 0, 0, -12, 92]	[[1, 9]]
"2736.r1"	2736	[0, 0, 0, -4779, -126630]	[[-38, 10]]
"2736.t1"	2736	[0, 0, 0, 24, 268]	[[2, 18]]
"2738.a1"	2738	[1, 0, 1, -64372, 6322098]	[[124, 438]]
"2738.a2"	2738	[1, 0, 1, 188893, 33674718]	[[114, 7472]]
"2739.b1"	2739	[0, -1, 1, 1, 2]	[[0, 1]]
"2739.c2"	2739	[1, 1, 0, -2382, -45585]	[[54555/2, 12688365/2]]
"2739.g1"	2739	[0, -1, 1, -120, -475]	[[1789/2, 75557/2]]
"2740.b1"	2740	[0, 1, 0, -20, 100]	[[4, 10]]
"2740.b2"	2740	[0, 1, 0, 180, -2540]	[[19, 90]]
"2742.c1"	2742	[1, 1, 0, -760, -8384]	[[112, 1096]]
"2742.c2"	2742	[1, 1, 0, -600, -11808]	[[447/2, 8787/2]]
"2745.b1"	2745	[0, 0, 1, -57, 612]	[[17, 67]]
"2745.c2"	2745	[1, -1, 1, -563, -3558]	[[-10, 36]]
"2745.c3"	2745	[1, -1, 1, -518, -4404]	[[36, 132]]
"2745.c4"	2745	[1, -1, 1, 1462, -24618]	[[30, 198]]
"2748.b1"	2748	[0, -1, 0, -105052, -13070552]	[[-453289549371/49270, 545039376052267/49270]]
"2748.b2"	2748	[0, -1, 0, -6637, -197870]	[[-177414/65, 19460134/65]]
"2749.a1"	2749	[1, 0, 1, -2, -3]	[[5, 8]]
"2751.d1"	2751	[1, 1, 0, -9429, 346860]	[[-136/5, 79202/5]]
"2751.d2"	2751	[1, 1, 0, -924, -1845]	[[8503/6, 754081/6]]
"2751.d4"	2751	[1, 1, 0, 3661, -10098]	[[10246399/210, 32889276587/210]]
"2752.a1"	2752	[0, 1, 0, -53, -173]	[[14, 45]]
"2752.e1"	2752	[0, -1, 0, -53, 173]	[[4, 3]]
"2752.e2"	2752	[0, -1, 0, 267, 365]	[[68, 573]]
"2754.b1"	2754	[1, -1, 0, 9, -3]	[[1, 2]]
"2754.c1"	2754	[1, -1, 0, -2796, 168272]	[[11, 367]]
"2754.d1"	2754	[1, -1, 1, 79, 1]	[[1, 8]]
"2754.e1"	2754	[1, -1, 1, -311, -6129]	[[27, 54]]
"2755.a1"	2755	[1, -1, 1, -12523, -65578]	[[350, 6016]]
"2755.a2"	2755	[1, -1, 1, 3102, -9328]	[[3868/7, 277901/7]]
"2756.a1"	2756	[0, 1, 0, -13, 0]	[[-4, 2]]
"2756.a2"	2756	[0, 1, 0, 52, 52]	[[211, 3074]]
"2758.g1"	2758	[1, 0, 0, -131663, -18399367]	[[-1886/3, 2839/3]]
"2760.e1"	2760	[0, -1, 0, -870880, -301514900]	[[-25975/7, 1132230/7]]
"2760.e2"	2760	[0, -1, 0, -141880, 14287900]	[[65, 2310]]
"2760.e3"	2760	[0, -1, 0, -129380, 17952900]	[[190, 440]]
"2760.e4"	2760	[0, -1, 0, -129375, 17954352]	[[649, 14385]]
"2760.e5"	2760	[0, -1, 0, -116960, 21524892]	[[1381/2, 37675/2]]
"2760.e6"	2760	[0, -1, 0, 387120, 95330700]	[[21745/3, 3321010/3]]
"2760.h1"	2760	[0, 1, 0, -2160176, -1222750176]	[[2515, 96222]]
"2760.h2"	2760	[0, 1, 0, -209696, 4219680]	[[2629/2, 98223/2]]
"2760.h3"	2760	[0, 1, 0, -135176, -19090176]	[[640, 12528]]
"2760.h4"	2760	[0, 1, 0, -3956, -614400]	[[112, 600]]
"2763.a1"	2763	[0, 0, 1, 9, 20]	[[0, 4]]
"2763.e1"	2763	[0, 0, 1, -72, 236]	[[6, 4]]
"2763.h1"	2763	[0, 0, 1, -27525, 1757677]	[[385/2, 59/2]]
"2766.g1"	2766	[1, 0, 0, -471, 3897]	[[12, -9]]
"2768.c1"	2768	[0, 1, 0, -112, -44]	[[18, 64]]
"2770.a1"	2770	[1, 1, 0, -23, -43]	[[-17/2, 23/2]]
"2770.a2"	2770	[1, 1, 0, 57, -187]	[[14, 53]]
"2770.b1"	2770	[1, 0, 0, -316, 2136]	[[30, 126]]
"2770.b2"	2770	[1, 0, 0, -206, 3670]	[[-29/2, 583/2]]
"2770.c1"	2770	[1, 0, 0, -45, 337]	[[-6, 23]]
"2770.d1"	2770	[1, 1, 1, -1, 3]	[[-1, 2]]
"2770.f1"	2770	[1, -1, 1, 2918, -200188711]	[[1847, 77201]]
"2770.g1"	2770	[1, -1, 1, -22, 69]	[[-3, 11]]
"2770.h1"	2770	[1, 0, 0, -173806, -27904280]	[[1472577820/1599, 31304802523480/1599]]
"2770.h2"	2770	[1, 0, 0, -2066, -41404]	[[1786/3, 70636/3]]
"2772.b2"	2772	[0, 0, 0, 351, 621]	[[12, 81]]
"2772.c1"	2772	[0, 0, 0, -489, 7369]	[[17, 63]]
"2772.c2"	2772	[0, 0, 0, 51, -191]	[[8, 27]]
"2772.g1"	2772	[0, 0, 0, -15357, 732517]	[[77, 81]]
"2774.a1"	2774	[1, -1, 0, -812, 9112]	[[19, 7]]
"2775.d1"	2775	[0, -1, 1, -4920133, -4198980207]	[[334577, 193523587]]
"2775.g1"	2775	[0, 1, 1, -83, -781]	[[43, 277]]
"2776.a1"	2776	[0, -1, 0, -17, 37]	[[3, 2]]
"2778.a1"	2778	[1, 1, 0, -80, -312]	[[13, 26]]
"2778.b1"	2778	[1, 0, 1, 2, 2]	[[0, 1]]
"2778.c1"	2778	[1, 0, 0, -59, 2193]	[[22, 97]]
"2779.a1"	2779	[0, 0, 1, 1, -18]	[[3, 3]]
"2780.a1"	2780	[0, -1, 0, -26, 61]	[[3, 1]]
"2780.c1"	2780	[0, -1, 0, -19601, 195110]	[[468406/9, 320456438/9]]
"2780.c2"	2780	[0, -1, 0, 77004, 1470296]	[[1574805805/522, 62561146784327/522]]
"2781.b1"	2781	[0, 0, 1, -189, -979]	[[73/2, 321/2]]
"2784.b1"	2784	[0, -1, 0, -4177, -102527]	[[65787/7, 16847480/7]]
"2784.b2"	2784	[0, -1, 0, -552, 2772]	[[-4, 70]]
"2784.b3"	2784	[0, -1, 0, -262, -1520]	[[1342, 49140]]
"2784.b4"	2784	[0, -1, 0, 8, -4760]	[[33549/5, 6142682/5]]
"2784.c1"	2784	[0, 1, 0, 24, -72]	[[6, 18]]
"2786.b2"	2786	[1, 1, 1, 925, -99597]	[[72259/30, 18000463/30]]
"2786.c1"	2786	[1, -1, 1, -40, -7]	[[-1/2, 11/2]]
"2786.c2"	2786	[1, -1, 1, -30, -55]	[[125, 1329]]
"2787.a1"	2787	[1, 0, 0, 2, 23]	[[-1, 5]]
"2787.c1"	2787	[1, 0, 1, -526, -4681]	[[9331/3, 887224/3]]
"2788.b1"	2788	[0, 1, 0, -1738, -28475]	[[-875/6, 55/6]]
"2790.b1"	2790	[1, -1, 0, -2283810, -1327854700]	[[118056499/207, 1010253730195/207]]
"2790.b2"	2790	[1, -1, 0, -141090, -21224044]	[[51715/9, 8655184/9]]
"2790.f1"	2790	[1, -1, 0, -5949, 178105]	[[44, -31]]
"2790.f2"	2790	[1, -1, 0, -369, 2893]	[[9, 11]]
"2790.g1"	2790	[1, -1, 0, -6414, -230572]	[[391/2, 1715/2]]
"2790.g2"	2790	[1, -1, 0, 561, 1773]	[[-3, 9]]
"2790.h1"	2790	[1, -1, 0, -9594, 364108]	[[57, -26]]
"2790.h2"	2790	[1, -1, 0, -594, 5908]	[[12, 14]]
"2790.p1"	2790	[1, -1, 1, -18113, 333281]	[[-75, 1162]]
"2790.p2"	2790	[1, -1, 1, 4207, 38657]	[[15, 316]]
"2790.q1"	2790	[1, -1, 1, -713, 8777]	[[15, 28]]
"2790.q2"	2790	[1, -1, 1, 5047, -52919]	[[73, 800]]
"2790.x1"	2790	[1, -1, 1, -2, 9]	[[-1, 3]]
"2790.z1"	2790	[1, -1, 1, -253757, 49264389]	[[287, -24]]
"2790.z2"	2790	[1, -1, 1, -15677, 791301]	[[-49, 1224]]
"2793.a1"	2793	[0, -1, 1, -215126, 38476850]	[[287, 541]]
"2793.a2"	2793	[0, -1, 1, 964, 12830]	[[2, 121]]
"2793.c1"	2793	[1, 1, 1, -22835, -987694]	[[-64, 497]]
"2793.c2"	2793	[1, 1, 1, -21120, -1190064]	[[-84, 51]]
"2793.e1"	2793	[1, 0, 0, -2353, -37990]	[[-31, 89]]
"2793.g1"	2793	[0, -1, 1, -9, 20]	[[0, 4]]
"2793.i1"	2793	[1, 1, 0, -4974, -137115]	[[3415/6, 99025/6]]
"2793.i2"	2793	[1, 1, 0, -319, -2120]	[[143/2, 1327/2]]
"2800.a1"	2800	[0, 0, 0, -1000, -12500]	[[50, 250]]
"2800.d1"	2800	[0, 1, 0, -208, -2037]	[[29, 131]]
"2800.g1"	2800	[0, 1, 0, -1092208, 438981588]	[[594, 384]]
"2800.g2"	2800	[0, 1, 0, -68208, 6853588]	[[148, 150]]
"2800.g3"	2800	[0, 1, 0, -14208, 529588]	[[-6, 784]]
"2800.g4"	2800	[0, 1, 0, -4208, -106412]	[[-38, 8]]
"2800.g5"	2800	[0, 1, 0, -208, -2412]	[[34, 176]]
"2800.h1"	2800	[0, -1, 0, -18208, 1334912]	[[58, 686]]
"2800.h2"	2800	[0, -1, 0, 1792, -25088]	[[42, 350]]
"2800.j1"	2800	[0, -1, 0, -4208, 106912]	[[92, 700]]
"2800.o1"	2800	[0, 0, 0, -80, 275]	[[1, 14]]
"2800.o2"	2800	[0, 0, 0, -55, 450]	[[10, 30]]
"2800.p1"	2800	[0, 0, 0, -7475, -248750]	[[175, 1950]]
"2800.p2"	2800	[0, 0, 0, -1475, 17250]	[[5, 100]]
"2800.p3"	2800	[0, 0, 0, -475, -3750]	[[-11, 12]]
"2800.p4"	2800	[0, 0, 0, 25, -250]	[[41, 264]]
"2800.v1"	2800	[0, 1, 0, -168, 788]	[[4, 14]]
"2800.w1"	2800	[0, 1, 0, -2373, -45517]	[[478, 10405]]
"2800.x1"	2800	[0, 1, 0, -728, 10388]	[[14, 56]]
"2800.x2"	2800	[0, 1, 0, 72, -172]	[[22, 112]]
"2800.z1"	2800	[0, 1, 0, -52533, 4830563]	[[1342/3, 15625/3]]
"2800.ba1"	2800	[0, -1, 0, -2458, 47787]	[[33, 39]]
"2805.b1"	2805	[0, 1, 1, -1871, 31436]	[[22, 37]]
"2805.b2"	2805	[0, 1, 1, 8839, 116045]	[[1261/2, 46871/2]]
"2805.d2"	2805	[1, 0, 1, -91854, 10421227]	[[83, 1794]]
"2805.d3"	2805	[1, 0, 1, -13729, -391273]	[[-35, 233]]
"2805.d4"	2805	[1, 0, 1, 25021, 35151977]	[[1707/2, 87227/2]]
"2806.a1"	2806	[1, 0, 1, -432, 3422]	[[0, 58]]
"2806.a2"	2806	[1, 0, 1, 833, 17682]	[[-10, 96]]
"2806.b1"	2806	[1, -1, 0, -1041131, 590570501]	[[3799/2, 167367/2]]
"2806.c1"	2806	[1, 1, 0, -2, 2]	[[1, 1]]
"2808.d1"	2808	[0, 0, 0, -3, 11]	[[1, 3]]
"2808.h1"	2808	[0, 0, 0, -75, -218]	[[-6, 4]]
"2810.b1"	2810	[1, 0, 1, -273, 1706]	[[10, -3]]
"2810.b2"	2810	[1, 0, 1, -23, 6]	[[0, 2]]
"2812.b1"	2812	[0, 1, 0, -149, 647]	[[2, 19]]
"2814.a1"	2814	[1, 0, 1, -16222, -796480]	[[-74, 44]]
"2814.a3"	2814	[1, 0, 1, -1102, -10240]	[[40, 80]]
"2814.a4"	2814	[1, 0, 1, 178, -1024]	[[6, 13]]
"2815.a1"	2815	[1, 0, 0, 10, -25]	[[5, 10]]
"2817.a2"	2817	[1, -1, 1, 85, 614]	[[-3, 19]]
"2817.c1"	2817	[0, 0, 1, 33, -351]	[[41/2, 257/2]]
"2818.a1"	2818	[1, -1, 1, -9147, 338987]	[[55, -22]]
"2820.d1"	2820	[0, 1, 0, -62036, -8056236]	[[331, 2790]]
"2824.a1"	2824	[0, 0, 0, -203, -1114]	[[169/2, 2051/2]]
"2825.a1"	2825	[1, 1, 1, -463, -4094]	[[55, 347]]
"2825.b1"	2825	[1, 0, 1, -51, -127]	[[-21/2, 23/2]]
"2825.b2"	2825	[1, 0, 1, 74, -627]	[[17, 66]]
"2826.e1"	2826	[1, -1, 0, -246, 1540]	[[8, 2]]
"2826.e2"	2826	[1, -1, 0, -6, 52]	[[-1, 8]]
"2826.i2"	2826	[1, -1, 1, 1105, 73495]	[[415, 8270]]
"2829.a1"	2829	[1, 1, 1, -45264, -3725478]	[[1107/2, 16849/2]]
"2829.a2"	2829	[1, 1, 1, -2829, -59094]	[[225, 3167]]
"2829.a3"	2829	[1, 1, 1, -2714, -63970]	[[71, 292]]
"2829.a4"	2829	[1, 1, 1, -184, -904]	[[-10, 12]]
"2829.d1"	2829	[0, 1, 1, -5, 2]	[[0, 1]]
"2829.f1"	2829	[1, 1, 0, -61, -200]	[[88, 784]]
"2829.f2"	2829	[1, 1, 0, 54, -729]	[[351/2, 6291/2]]
"2829.g1"	2829	[1, 0, 1, -1715, 24761]	[[135/2, 461/2]]
"2829.g2"	2829	[1, 0, 1, 130, 1883]	[[3, 46]]
"2830.a1"	2830	[1, 0, 1, 4442, -54444]	[[15, 117]]
"2830.f1"	2830	[1, 0, 0, 49, 505]	[[-2, 21]]
"2830.g1"	2830	[1, 1, 1, 4, 93]	[[1, 9]]
"2830.h2"	2830	[1, 0, 0, -2031, 88145]	[[112/3, 6707/3]]
"2830.h3"	2830	[1, 0, 0, 17779, -2039449]	[[52449091/114, 377068995563/114]]
"2832.f1"	2832	[0, 1, 0, -10312, -405772]	[[-58, 24]]
"2832.f2"	2832	[0, 1, 0, -872, -1740]	[[-20, 90]]
"2832.f3"	2832	[0, 1, 0, -552, 4788]	[[12, 6]]
"2832.f4"	2832	[0, 1, 0, 3448, -10380]	[[28, 330]]
"2834.a1"	2834	[1, -1, 0, 10, -8]	[[3, 5]]
"2834.d1"	2834	[1, 1, 1, -622, -7685]	[[67, 473]]
"2835.e1"	2835	[0, 0, 1, -1242, -14263]	[[-15, 31]]
"2835.e2"	2835	[0, 0, 1, -342, 2432]	[[10, 3]]
"2838.a1"	2838	[1, 1, 0, -27, 57]	[[-4, 13]]
"2838.b1"	2838	[1, 0, 1, -59, -250]	[[15, 40]]
"2838.c1"	2838	[1, 0, 1, -195152, 33175838]	[[249, 67]]
"2838.c2"	2838	[1, 0, 1, 112513, 124592978]	[[53439/5, 12449252/5]]
"2838.d2"	2838	[1, 0, 0, 7996, 134160]	[[-8, 268]]
"2838.e1"	2838	[1, 0, 0, -1065329, -423316035]	[[-14894/5, 37781/5]]
"2838.e2"	2838	[1, 0, 0, -66869, -6558831]	[[-152, 391]]
"2838.e3"	2838	[1, 0, 0, -8549, 147969]	[[10, 247]]
"2838.e5"	2838	[1, 0, 0, -1529, -18803547]	[[574, 12733]]
"2838.e6"	2838	[1, 0, 0, 29291, 1109105]	[[20, 1295]]
"2838.f2"	2838	[1, 0, 0, 82, -1116]	[[16, 58]]
"2840.b1"	2840	[0, 0, 0, -83, 158]	[[11, 24]]
"2840.b2"	2840	[0, 0, 0, 17, 18]	[[1, 6]]
"2842.b1"	2842	[1, 1, 0, -711, -72827]	[[202, 2741]]
"2842.b2"	2842	[1, 1, 0, 6394, 1943572]	[[188, 3042]]
"2842.e1"	2842	[1, 0, 0, -22296, 1288244]	[[88, 54]]
"2842.e2"	2842	[1, 0, 0, 244, -2416]	[[32, 180]]
"2844.a1"	2844	[0, 0, 0, -7167, -234970]	[[151, 1458]]
"2844.b1"	2844	[0, 0, 0, -3711, 86870]	[[22, 126]]
"2845.a1"	2845	[0, 0, 1, -97, -180]	[[-7, 12]]
"2847.a2"	2847	[1, 1, 1, -113, -3166]	[[17, 5]]
"2847.b1"	2847	[1, 0, 0, -1553, 21534]	[[31, 43]]
"2848.c1"	2848	[0, 0, 0, -29, -60]	[[47, 320]]
"2848.c2"	2848	[0, 0, 0, -19, -102]	[[1174/5, 40032/5]]
"2849.a1"	2849	[1, -1, 1, -180, 938]	[[4, 14]]
"2849.a2"	2849	[1, -1, 1, 5, 50]	[[6, 13]]
"2850.a1"	2850	[1, 1, 0, -76000, 8032750]	[[165, 55]]
"2850.a2"	2850	[1, 1, 0, -5500, 81250]	[[9, 176]]
"2850.a3"	2850	[1, 1, 0, -4750, 124000]	[[45, 40]]
"2850.a4"	2850	[1, 1, 0, -250, 2500]	[[0, 50]]
"2850.e1"	2850	[1, 1, 0, -1320586125, -18471882009375]	[[34076766980/649, 5485070538042165/649]]
"2850.e2"	2850	[1, 1, 0, -82536625, -288649002875]	[[292470172465266602910/120251263, 4352619315608951027501283745385/120251263]]
"2850.e3"	2850	[1, 1, 0, -2198625, -1081996875]	[[1730, 16335]]
"2850.e4"	2850	[1, 1, 0, 233375, -92172875]	[[35421, 6649418]]
"2850.h1"	2850	[1, 0, 1, -12312001, 16627013648]	[[2026, -994]]
"2850.h2"	2850	[1, 0, 1, -779001, 253003648]	[[-103, 18276]]
"2850.h3"	2850	[1, 0, 1, -769501, 259748648]	[[526, 506]]
"2850.h4"	2850	[1, 0, 1, -47501, 4160648]	[[51, 1342]]
"2850.i1"	2850	[1, 0, 1, -63951, 6219298]	[[148, -31]]
"2850.i2"	2850	[1, 0, 1, -3951, 99298]	[[23, 132]]
"2850.k1"	2850	[1, 0, 1, -786, 4318]	[[26, 27]]
"2850.n1"	2850	[1, 0, 1, -751, -7852]	[[42, 166]]
"2850.n2"	2850	[1, 0, 1, -1, -352]	[[12, 31]]
"2850.q1"	2850	[1, 1, 1, -186938, -30118969]	[[-235, 1067]]
"2850.q2"	2850	[1, 1, 1, -27563, 1737281]	[[65, 442]]
"2850.q3"	2850	[1, 1, 1, -563, 63281]	[[-25, 262]]
"2850.q4"	2850	[1, 1, 1, 5062, -1702969]	[[125, 887]]
"2850.s1"	2850	[1, 1, 1, -19638, 539781]	[[3959/2, 242859/2]]
"2850.s2"	2850	[1, 1, 1, 4112, 64781]	[[985, 30507]]
"2850.t1"	2850	[1, 1, 1, -2558, 48731]	[[5, 187]]
"2850.t2"	2850	[1, 1, 1, -158, 731]	[[5, 7]]
"2850.w1"	2850	[1, 0, 0, -513, 4617]	[[12, 9]]
"2850.y1"	2850	[1, 0, 0, -40463, 3129417]	[[112, 19]]
"2850.z1"	2850	[1, 0, 0, -496888, -134878108]	[[29984/5, 3867538/5]]
"2852.a2"	2852	[0, 1, 0, -548, 15284]	[[23, 124]]
"2855.a1"	2855	[0, 1, 1, 85, 681]	[[-5, 12]]
"2856.b1"	2856	[0, -1, 0, -2192, -38772]	[[73, 430]]
"2856.b2"	2856	[0, -1, 0, -992, 12012]	[[109/2, 535/2]]
"2856.b3"	2856	[0, -1, 0, -152, -420]	[[22, 80]]
"2860.a2"	2860	[0, 1, 0, 2379, 135079]	[[-14, 315]]
"2862.b1"	2862	[1, -1, 0, -43728, 3165056]	[[85, 196]]
"2862.f1"	2862	[1, -1, 1, -1556, -20745]	[[-27, 45]]
"2862.h1"	2862	[1, -1, 1, -5915, -172205]	[[-43, 56]]
"2862.h2"	2862	[1, -1, 1, -515, 4483]	[[11, 2]]
"2864.c1"	2864	[0, -1, 0, -288, -1792]	[[32, 144]]
"2864.c2"	2864	[0, -1, 0, 512, -9600]	[[264, 4296]]
"2865.b1"	2865	[0, -1, 1, -5, 8]	[[2, 1]]
"2868.b1"	2868	[0, -1, 0, 14, -23]	[[4, 9]]
"2868.c1"	2868	[0, 1, 0, -162, -2331]	[[21, 63]]
"2868.c2"	2868	[0, 1, 0, 18, 81]	[[-3, 3]]
"2868.d1"	2868	[0, 1, 0, -10, -19]	[[5, 9]]
"2868.e1"	2868	[0, 1, 0, -9770, 368517]	[[37, 243]]
"2869.a1"	2869	[0, -1, 1, -38920, -2941820]	[[-451/2, 147/2]]
"2869.a2"	2869	[0, -1, 1, -1110, 14580]	[[69/2, 127/2]]
"2869.b1"	2869	[0, 1, 1, -12237, -525128]	[[-3146/7, -162/7]]
"2869.b2"	2869	[0, 1, 1, -157, -705]	[[-453/7, 2052/7]]
"2870.b1"	2870	[1, 0, 1, -79159, 5261082]	[[-54, 3089]]
"2870.b3"	2870	[1, 0, 1, -70144, 7218006]	[[156, 201]]
"2870.d1"	2870	[1, -1, 0, -35, -59]	[[-3, 5]]
"2870.d2"	2870	[1, -1, 0, 65, -399]	[[15, 54]]
"2871.a1"	2871	[0, 0, 1, -333, 2342]	[[13, 14]]
"2871.b1"	2871	[1, -1, 1, -4424, -111990]	[[110, 795]]
"2871.b2"	2871	[1, -1, 1, -3119, -180372]	[[479, 10155]]
"2874.b1"	2874	[1, 1, 1, -39889, 3049775]	[[115, -60]]
"2874.c1"	2874	[1, 1, 1, -54, -153]	[[9, 9]]
"2874.d1"	2874	[1, 1, 1, 2, 59]	[[1, 7]]
"2874.e1"	2874	[1, 1, 1, -2582, 49421]	[[215/2, 1891/2]]
"2877.a1"	2877	[1, 1, 1, -63, -138]	[[-5, 11]]
"2877.a2"	2877	[1, 1, 1, -28, 44]	[[2, 0]]
"2880.b1"	2880	[0, 0, 0, -7788, -264368]	[[-51, 13]]
"2880.b2"	2880	[0, 0, 0, -4908, 130768]	[[-6, 400]]
"2880.b3"	2880	[0, 0, 0, -588, -2288]	[[-6, 32]]
"2880.b4"	2880	[0, 0, 0, 132, -272]	[[8, 36]]
"2880.f1"	2880	[0, 0, 0, -1488, -22088]	[[78, 580]]
"2880.f2"	2880	[0, 0, 0, -1308, -27632]	[[62, 360]]
"2880.f3"	2880	[0, 0, 0, -48, 88]	[[6, 4]]
"2880.f4"	2880	[0, 0, 0, 132, 592]	[[6, 40]]
"2880.g1"	2880	[0, 0, 0, -108, 368]	[[-2, 24]]
"2880.g2"	2880	[0, 0, 0, 12, 32]	[[2, 8]]
"2880.i1"	2880	[0, 0, 0, -2028, -34832]	[[-24, 4]]
"2880.i2"	2880	[0, 0, 0, -228, 448]	[[-6, 40]]
"2880.i3"	2880	[0, 0, 0, -183, 952]	[[12, 22]]
"2880.i4"	2880	[0, 0, 0, 852, 3472]	[[2, 72]]
"2880.j1"	2880	[0, 0, 0, -2028, 34832]	[[34, 72]]
"2880.j2"	2880	[0, 0, 0, -228, -448]	[[22, 72]]
"2880.j3"	2880	[0, 0, 0, -183, -952]	[[28, 126]]
"2880.j4"	2880	[0, 0, 0, 852, -3472]	[[13, 99]]
"2880.k1"	2880	[0, 0, 0, -73548, -7677072]	[[334, 2240]]
"2880.k2"	2880	[0, 0, 0, -4428, -129168]	[[2724, 142128]]
"2880.k3"	2880	[0, 0, 0, -1548, 6128]	[[-2, 96]]
"2880.k4"	2880	[0, 0, 0, 372, 752]	[[4, 48]]
"2880.l1"	2880	[0, 0, 0, -108, -368]	[[-6, 8]]
"2880.l2"	2880	[0, 0, 0, 12, -32]	[[6, 16]]
"2880.n1"	2880	[0, 0, 0, -4428, 112752]	[[46, 80]]
"2880.n2"	2880	[0, 0, 0, -108, 3888]	[[-2, 64]]
"2880.q1"	2880	[0, 0, 0, -3072108, -2072539568]	[[60634256/35, 471846682404/35]]
"2880.q2"	2880	[0, 0, 0, -261228, -6994352]	[[-198, 6080]]
"2880.q3"	2880	[0, 0, 0, -192108, -32347568]	[[12944/5, 330372/5]]
"2880.q4"	2880	[0, 0, 0, -166188, 26076112]	[[234, 32]]
"2880.q5"	2880	[0, 0, 0, -39468, -2599472]	[[-99, 581]]
"2880.q6"	2880	[0, 0, 0, -10668, 384208]	[[29, 315]]
"2880.q7"	2880	[0, 0, 0, -7788, -865712]	[[272, 4140]]
"2880.q8"	2880	[0, 0, 0, 852, 29392]	[[-16, 108]]
"2880.t1"	2880	[0, 0, 0, -3852, 92016]	[[40, 44]]
"2880.t2"	2880	[0, 0, 0, -252, 1296]	[[0, 36]]
"2880.t3"	2880	[0, 0, 0, -72, -216]	[[10, 8]]
"2880.t4"	2880	[0, 0, 0, 468, 7344]	[[-2, 80]]
"2880.u1"	2880	[0, 0, 0, -13932, 165456]	[[-38, 800]]
"2880.u2"	2880	[0, 0, 0, -8172, -284336]	[[218, 2880]]
"2880.u3"	2880	[0, 0, 0, -492, -4784]	[[80, 684]]
"2880.u4"	2880	[0, 0, 0, 3348, 20304]	[[48, 540]]
"2880.w1"	2880	[0, 0, 0, -492, 4176]	[[10, 16]]
"2880.w2"	2880	[0, 0, 0, -12, 144]	[[0, 12]]
"2880.x1"	2880	[0, 0, 0, -115212, 15052016]	[[197, 25]]
"2880.x2"	2880	[0, 0, 0, -7212, 234416]	[[-8, 540]]
"2880.x3"	2880	[0, 0, 0, -2892, 512624]	[[-2, 720]]
"2880.x4"	2880	[0, 0, 0, -732, -1456]	[[-20, 72]]
"2880.x5"	2880	[0, 0, 0, -552, -4984]	[[50, 304]]
"2880.x6"	2880	[0, 0, 0, 2868, -11536]	[[20, 232]]
"2880.y1"	2880	[0, 0, 0, -1244172, 534156784]	[[1085, 21483]]
"2880.y2"	2880	[0, 0, 0, -77772, 8343664]	[[168, 140]]
"2880.y3"	2880	[0, 0, 0, -63372, 11528944]	[[-120, 4172]]
"2880.y4"	2880	[0, 0, 0, -46092, -3808784]	[[276, 2120]]
"2880.y5"	2880	[0, 0, 0, -5772, 78064]	[[8, 180]]
"2880.y6"	2880	[0, 0, 0, -2892, -59024]	[[116, 1080]]
"2880.y7"	2880	[0, 0, 0, -12, -2576]	[[20, 72]]
"2880.y8"	2880	[0, 0, 0, 20148, 586096]	[[62, 1440]]
"2880.z1"	2880	[0, 0, 0, -5772, -168784]	[[100, 504]]
"2880.z2"	2880	[0, 0, 0, -1452, 18704]	[[10, 72]]
"2880.z3"	2880	[0, 0, 0, -372, -2464]	[[-10, 16]]
"2880.z4"	2880	[0, 0, 0, 33, -196]	[[20, 92]]
"2880.ba1"	2880	[0, 0, 0, -5772, 168784]	[[45, 13]]
"2880.ba2"	2880	[0, 0, 0, -1452, -18704]	[[-18, 40]]
"2880.ba3"	2880	[0, 0, 0, -372, 2464]	[[5, 27]]
"2880.ba4"	2880	[0, 0, 0, 33, 196]	[[0, 14]]
"2881.a1"	2881	[0, 1, 1, 11, -7]	[[7, 21]]
"2886.b1"	2886	[1, 1, 1, -1034, -13225]	[[-19, 7]]
"2886.b2"	2886	[1, 1, 1, -74, -169]	[[-3, 7]]
"2888.a1"	2888	[0, -1, 0, -43440, 6433996]	[[-171, 2972]]
"2888.b1"	2888	[0, -1, 0, -3008, 91948]	[[89, 722]]
"2888.d1"	2888	[0, 1, 0, -120, -976]	[[91, 866]]
"2888.f1"	2888	[0, -1, 0, -481, -23211]	[[108, 1083]]
"2890.a1"	2890	[1, -1, 0, -36445555, -84681498425]	[[3470820551/611, 139555175287800/611]]
"2890.a2"	2890	[1, -1, 0, -40225, 4580221]	[[217, 2348]]
"2890.e1"	2890	[1, 1, 0, -728, 31432]	[[-33, 161]]
"2890.e2"	2890	[1, 1, 0, 6497, -811003]	[[463/2, 9363/2]]
"2890.f1"	2890	[1, -1, 0, -190, 1050]	[[13, 19]]
"2890.f2"	2890	[1, -1, 0, -20, -4]	[[-2, 6]]
"2890.h1"	2890	[1, 1, 0, -2173, 32877]	[[171, 2082]]
"2890.h2"	2890	[1, 1, 0, 3607, 184313]	[[1, 433]]
"2890.n1"	2890	[1, 1, 1, -1919255, -1057200723]	[[11527, 1222486]]
"2890.n2"	2890	[1, 1, 1, 115305, -4630355]	[[103, 2838]]
"2890.o1"	2890	[1, 1, 1, -40, 105]	[[3, 3]]
"2890.o2"	2890	[1, 1, 1, 300, -983]	[[37, 231]]
"2890.p2"	2890	[1, 0, 0, 86694, -5435464]	[[423004/9, 273651292/9]]
"2890.q1"	2890	[1, 0, 0, 470, 3652]	[[24, 158]]
"2891.a1"	2891	[1, 1, 0, -11, -20]	[[8, 18]]
"2891.b1"	2891	[1, 0, 1, -565, 5191]	[[5, 47]]
"2895.a1"	2895	[0, -1, 1, -60, 2198]	[[14, 62]]
"2895.b1"	2895	[1, 0, 0, -90776, -10531995]	[[2188, 100231]]
"2895.b2"	2895	[1, 0, 0, -6401, -120120]	[[-56, 280]]
"2895.b3"	2895	[1, 0, 0, -2756, 54111]	[[25, 19]]
"2895.b4"	2895	[1, 0, 0, 19654, -844449]	[[355/2, 9767/2]]
"2895.c1"	2895	[0, -1, 1, -15, -19]	[[5, 2]]
"2895.d1"	2895	[0, 1, 1, -5211, -2267509]	[[2072317/66, 2919778127/66]]
"2895.d2"	2895	[0, 1, 1, -1581, 23681]	[[27, 37]]
"2895.d3"	2895	[0, 1, 1, 579, 83810]	[[-99/2, 1871/2]]
"2895.e1"	2895	[0, -1, 1, -670, 8931]	[[-75/2, 961/2]]
"2896.a1"	2896	[0, 1, 0, 96, -268]	[[4, 14]]
"2898.c1"	2898	[1, -1, 0, -15, 27]	[[3, 0]]
"2898.d1"	2898	[1, -1, 0, -5535, 160429]	[[5, 362]]
"2898.e1"	2898	[1, -1, 0, 336, 6272]	[[7, 91]]
"2898.h1"	2898	[1, -1, 0, -126, 490]	[[3, 10]]
"2898.h2"	2898	[1, -1, 0, -36, -68]	[[-3, 4]]
"2898.k1"	2898	[1, -1, 1, -46184, 3850539]	[[509, 10329]]
"2898.m1"	2898	[1, -1, 1, 37, -245]	[[19, 74]]
"2898.n1"	2898	[1, -1, 1, -3245, -69235]	[[-35, 40]]
"2898.n2"	2898	[1, -1, 1, -5, -3139]	[[27, 112]]
"2898.p1"	2898	[1, -1, 1, -5450, -143607]	[[-39, 111]]
"2898.q1"	2898	[1, -1, 1, -137, -593]	[[139/2, 1369/2]]
"2900.c1"	2900	[0, 0, 0, -200, -875]	[[-9, 14]]
"2900.c2"	2900	[0, 0, 0, 425, -5250]	[[89/2, 987/2]]
"2904.a1"	2904	[0, -1, 0, -164600, -720564]	[[-651/2, 37293/2]]
"2904.a2"	2904	[0, -1, 0, -111360, 14293116]	[[170, 496]]
"2904.e1"	2904	[0, -1, 0, 224, -548]	[[46, 324]]
"2904.g1"	2904	[0, -1, 0, -57152, -5239188]	[[-124811/30, 472787/30]]
"2904.g2"	2904	[0, -1, 0, -3912, -64260]	[[3249, 185130]]
"2904.g3"	2904	[0, -1, 0, -1492, 21892]	[[8, 102]]
"2904.g4"	2904	[0, -1, 0, 10608, -441780]	[[29233/3, 4999870/3]]
"2904.h1"	2904	[0, -1, 0, -172, -812]	[[18, 40]]
"2904.h2"	2904	[0, -1, 0, -7, -20]	[[7, 15]]
"2904.j1"	2904	[0, 1, 0, -84, -288]	[[-6, 6]]
"2904.j2"	2904	[0, 1, 0, 136, -1344]	[[16, 72]]
"2904.l1"	2904	[0, 1, 0, -1008, -3984]	[[-115/2, 363/2]]
"2904.l2"	2904	[0, 1, 0, 3832, -27216]	[[1195, 41382]]
"2907.a1"	2907	[1, -1, 1, -941, 11306]	[[6, 73]]
"2907.a2"	2907	[1, -1, 1, -86, 20]	[[0, 4]]
"2910.b1"	2910	[1, 1, 0, -82, -74]	[[-3, 14]]
"2910.b2"	2910	[1, 1, 0, -52, 124]	[[3, 1]]
"2910.c1"	2910	[1, 1, 0, -15277, -803651]	[[913, 26881]]
"2910.d1"	2910	[1, 0, 1, -39, -38]	[[-4, 9]]
"2910.d2"	2910	[1, 0, 1, 141, -254]	[[8, 33]]
"2910.e1"	2910	[1, 0, 1, -82789, -9175504]	[[340, 1247]]
"2910.e2"	2910	[1, 0, 1, -9509, 128432]	[[114, 670]]
"2910.e3"	2910	[1, 0, 1, -5189, -142864]	[[-42, 58]]
"2910.e4"	2910	[1, 0, 1, -69, -5648]	[[44, 255]]
"2910.g1"	2910	[1, 1, 1, -9796, -376771]	[[159, 1375]]
"2910.g2"	2910	[1, 1, 1, -796, -2371]	[[-7, 57]]
"2910.g3"	2910	[1, 1, 1, -476, 3773]	[[9, 13]]
"2910.g4"	2910	[1, 1, 1, 3084, -14787]	[[187, 2579]]
"2910.h1"	2910	[1, 1, 1, -100, 485]	[[-7, 33]]
"2910.k1"	2910	[1, 0, 0, -975, 5625]	[[30, 45]]
"2910.k2"	2910	[1, 0, 0, 3345, 42777]	[[-6, 153]]
"2914.a1"	2914	[1, 1, 0, 4, 16]	[[0, 4]]
"2914.c1"	2914	[1, 0, 1, -2632, -52178]	[[-475/4, 949/4]]
"2914.c2"	2914	[1, 0, 1, -47, -8]	[[-35/4, 627/4]]
"2914.f1"	2914	[1, 0, 0, -11532, -476656]	[[-62, 0]]
"2914.f2"	2914	[1, 0, 0, -652, 5776]	[[0, 76]]
"2915.a1"	2915	[1, -1, 1, -7237, 238474]	[[52, 1]]
"2915.c1"	2915	[1, 0, 0, -55, 502]	[[9, 23]]
"2919.b1"	2919	[1, 0, 0, -14, -147]	[[7, 7]]
"2919.c1"	2919	[1, 1, 0, 144, 81]	[[0, 9]]
"2919.d1"	2919	[1, 0, 1, -5205, 144079]	[[41, -27]]
"2919.d2"	2919	[1, 0, 1, -340, 2021]	[[-5, 62]]
"2919.d3"	2919	[1, 0, 1, -95, -331]	[[21, 73]]
"2919.d4"	2919	[1, 0, 1, 605, 11471]	[[43/2, 1063/2]]
"2922.c1"	2922	[1, 1, 1, -32, -385]	[[99/2, 869/2]]
"2922.e1"	2922	[1, 1, 1, -146, -745]	[[15, 19]]
"2922.g1"	2922	[1, 1, 1, 1575, -33177]	[[31, 200]]
"2924.b1"	2924	[0, 1, 0, 3, -4]	[[1, 1]]
"2925.e1"	2925	[1, -1, 1, 2695, -392178]	[[68, 285]]
"2925.f1"	2925	[1, -1, 1, -230, -228]	[[24, 75]]
"2925.f2"	2925	[1, -1, 1, 895, -2478]	[[14, 105]]
"2925.i2"	2925	[0, 0, 1, 2700, 70031]	[[15, 337]]
"2925.k1"	2925	[0, 0, 1, -9450, -355219]	[[465, 9787]]
"2925.k2"	2925	[0, 0, 1, 300, -2594]	[[10, 37]]
"2925.q1"	2925	[0, 0, 1, -42825, -3502719]	[[1985/2, 78971/2]]
"2928.a1"	2928	[0, -1, 0, -72, -1296]	[[18, 54]]
"2928.a2"	2928	[0, -1, 0, 648, 34416]	[[42, 366]]
"2928.d1"	2928	[0, -1, 0, -3280, 73408]	[[34, 6]]
"2928.f1"	2928	[0, -1, 0, -8240, 364608]	[[144, 1464]]
"2928.f2"	2928	[0, -1, 0, -80, -2112]	[[24, 96]]
"2928.i1"	2928	[0, 1, 0, -244, -244]	[[-10, 36]]
"2928.i2"	2928	[0, 1, 0, 61, 0]	[[4, 18]]
"2928.k1"	2928	[0, 1, 0, -316224, -68550300]	[[2925/2, 76635/2]]
"2928.k2"	2928	[0, 1, 0, -20984, -936924]	[[-62, 360]]
"2928.k3"	2928	[0, 1, 0, -19764, -1076004]	[[594, 14040]]
"2928.l1"	2928	[0, 1, 0, -113536, 14690996]	[[170, 576]]
"2928.m1"	2928	[0, 1, 0, 0, 36]	[[0, 6]]
"2928.o2"	2928	[0, 1, 0, 28, -120]	[[37/2, 255/2]]
"2930.a1"	2930	[1, -1, 0, 26, -332]	[[12, 34]]
"2930.b1"	2930	[1, -1, 0, -25, 45]	[[1, 4]]
"2930.b2"	2930	[1, -1, 0, 55, 221]	[[-2, 11]]
"2931.a1"	2931	[0, 1, 1, -7, 22]	[[2, 4]]
"2934.a1"	2934	[1, -1, 0, -138, -580]	[[-7, 6]]
"2934.a2"	2934	[1, -1, 0, -18, 20]	[[1, 1]]
"2934.c1"	2934	[1, -1, 0, -54, -108]	[[-3, 6]]
"2934.d1"	2934	[1, -1, 0, -1089, -13379]	[[-19, 23]]
"2934.g1"	2934	[1, -1, 1, 943, -29375]	[[55, 404]]
"2934.j1"	2934	[1, -1, 1, -722, 7633]	[[13, 11]]
"2936.a1"	2936	[0, 1, 0, -12, 13]	[[2, 1]]
"2937.b1"	2937	[1, 0, 0, -2, -3]	[[3, 3]]
"2938.e1"	2938	[1, -1, 1, -4440, 114971]	[[39, -17]]
"2938.f1"	2938	[1, 0, 0, -14426, 931172]	[[-124, 966]]
"2940.a2"	2940	[0, -1, 0, -30641, -1998534]	[[-89, 125]]
"2940.c1"	2940	[0, -1, 0, -261, -510]	[[26, 98]]
"2940.c2"	2940	[0, -1, 0, 964, -4920]	[[89, 882]]
"2940.j1"	2940	[0, 1, 0, -1500, -14652]	[[-24, 90]]
"2940.j2"	2940	[0, 1, 0, -625, 5648]	[[11, 15]]
"2940.l1"	2940	[0, 1, 0, -199005, -22785372]	[[-159, 2205]]
"2940.l2"	2940	[0, 1, 0, 566620, -155085372]	[[436, 13230]]
"2943.a1"	2943	[0, 0, 1, -21, -90]	[[15, 54]]
"2943.c1"	2943	[1, -1, 1, -5, -2]	[[-1, 1]]
"2943.e1"	2943	[0, 0, 1, -15, 35]	[[25/2, 105/2]]
"2943.f1"	2943	[0, 0, 1, -189, 2423]	[[-71/2, 105/2]]
"2944.a1"	2944	[0, 1, 0, -125, -581]	[[25, 112]]
"2944.a2"	2944	[0, 1, 0, -10, -6]	[[-1, 2]]
"2950.d1"	2950	[1, 1, 0, 0, 40]	[[9, 25]]
"2950.e1"	2950	[1, 1, 0, -40325, 13202125]	[[219, 3755]]
"2950.e2"	2950	[1, 1, 0, 359675, -339197875]	[[44046139/209, 291227246554/209]]
"2950.g1"	2950	[1, -1, 0, -46367, 3854541]	[[125, -54]]
"2950.h1"	2950	[1, 0, 1, -626, 6148]	[[13, 9]]
"2950.h2"	2950	[1, 0, 1, 2874, -315852]	[[63, 309]]
"2950.i1"	2950	[1, 1, 0, -5, 5]	[[1, 1]]
"2950.i2"	2950	[1, 1, 0, 45, -85]	[[11, 38]]
"2950.k1"	2950	[1, 0, 0, -138, 892]	[[6, 14]]
"2950.k2"	2950	[1, 0, 0, 1112, -12858]	[[399/2, 7965/2]]
"2950.l1"	2950	[1, 0, 0, 1387, -26783]	[[82, 759]]
"2950.o1"	2950	[1, -1, 1, -1855, 31207]	[[25, -12]]
"2950.q1"	2950	[1, 0, 0, -1613, 105617]	[[32, 279]]
"2950.q2"	2950	[1, 0, 0, 14387, -2713583]	[[3424/3, 200243/3]]
"2950.r1"	2950	[1, 0, 0, -13, 5017]	[[-12, 65]]
"2950.t1"	2950	[1, 1, 1, -47713, -4520969]	[[1255/2, 25891/2]]
"2952.b2"	2952	[0, 0, 0, 69, -1690]	[[11, 20]]
"2955.b1"	2955	[0, 1, 1, -389715, -93771619]	[[-1443/2, -1/2]]
"2960.b1"	2960	[0, 1, 0, 0, 148]	[[6, 20]]
"2960.c1"	2960	[0, 1, 0, 200, 1620]	[[38, 256]]
"2960.d1"	2960	[0, -1, 0, -12021, 511321]	[[81, 250]]
"2960.j1"	2960	[0, -1, 0, -856, -9360]	[[36, 72]]
"2960.j2"	2960	[0, -1, 0, -296, -21904]	[[148, 1776]]
"2960.j3"	2960	[0, -1, 0, 2664, 589040]	[[140, 1920]]
"2960.l1"	2960	[0, -1, 0, -60, -160]	[[133/3, 1196/3]]
"2960.l2"	2960	[0, -1, 0, -40, -288]	[[54, 390]]
"2962.b1"	2962	[1, -1, 1, -75, -165]	[[-5, 10]]
"2964.a1"	2964	[0, -1, 0, -266477, -52857831]	[[683, 9126]]
"2964.b1"	2964	[0, -1, 0, -1308, 18648]	[[22, 6]]
"2964.b2"	2964	[0, -1, 0, -73, 370]	[[3, 13]]
"2964.d1"	2964	[0, -1, 0, -242, 1533]	[[11, 9]]
"2964.e1"	2964	[0, 1, 0, -3957, 99639]	[[33, 78]]
"2964.e2"	2964	[0, 1, 0, 21963, 147591]	[[18, 741]]
"2967.a1"	2967	[1, 0, 0, -520, 10193]	[[-1, 104]]
"2968.b2"	2968	[0, 1, 0, 20, -96]	[[4, 8]]
"2968.e1"	2968	[0, 1, 0, 16, 80]	[[8, 28]]
"2968.f1"	2968	[0, -1, 0, -1128, -14212]	[[358/3, 1288/3]]
"2970.e1"	2970	[1, -1, 0, -495, 4365]	[[13, -6]]
"2970.f1"	2970	[1, -1, 0, -150, 2600]	[[10, 40]]
"2970.f2"	2970	[1, -1, 0, 1335, -64819]	[[98, 951]]
"2970.g1"	2970	[1, -1, 0, -3292530, -2314599724]	[[1504436/5, 1840651326/5]]
"2970.g2"	2970	[1, -1, 0, 121485, -16895755]	[[326, 7405]]
"2970.j1"	2970	[1, -1, 0, -17211084, -27210609712]	[[-9817/2, 134367/2]]
"2970.m1"	2970	[1, -1, 0, -609, -14275]	[[50, 255]]
"2970.m2"	2970	[1, -1, 0, 66, 440]	[[-4, 12]]
"2970.q1"	2970	[1, -1, 1, -31268, -2119769]	[[-103, 61]]
"2970.s1"	2970	[1, -1, 1, -1028, -12419]	[[-653/6, 2291/6]]
"2970.bc1"	2970	[1, -1, 1, -17, -91]	[[7, 6]]
"2970.bc2"	2970	[1, -1, 1, 148, 2351]	[[-9, 19]]
"2976.a1"	2976	[0, -1, 0, 8, 4]	[[0, 2]]
"2976.c1"	2976	[0, -1, 0, -2016, 36612]	[[32, 62]]
"2976.e1"	2976	[0, 1, 0, -129, -369]	[[-9, 12]]
"2976.e2"	2976	[0, 1, 0, 26, -28]	[[2, 6]]
"2982.a2"	2982	[1, 1, 0, -791, 10965]	[[-2, 113]]
"2982.b1"	2982	[1, 1, 0, -8605, 303787]	[[39, 152]]
"2982.c1"	2982	[1, 0, 1, -792, 8236]	[[26, 60]]
"2982.c2"	2982	[1, 0, 1, 18, 460]	[[-1, 21]]
"2982.e1"	2982	[1, 0, 1, -11, 110]	[[6, 13]]
"2982.e2"	2982	[1, 0, 1, 94, -2956]	[[59/2, 267/2]]
"2982.f1"	2982	[1, 1, 1, -74, 215]	[[5, -5]]
"2982.g1"	2982	[1, 1, 1, -75369, -7995465]	[[-159, 86]]
"2982.g3"	2982	[1, 1, 1, -4809, -120969]	[[-47, 86]]
"2982.g4"	2982	[1, 1, 1, 311, -8329]	[[19, 60]]
"2982.h1"	2982	[1, 0, 0, 176, -1792]	[[32, 176]]
"2982.i1"	2982	[1, 0, 0, -203, 2769]	[[-14, 61]]
"2989.a1"	2989	[1, 1, 1, -1373, 18864]	[[-8, 175]]
"2989.b1"	2989	[1, 1, 1, -99, -442]	[[78, 649]]
"2990.a1"	2990	[1, -1, 0, -4910, 133660]	[[43, 4]]
"2990.a2"	2990	[1, -1, 0, -830, -6324]	[[33, 21]]
"2990.a3"	2990	[1, -1, 0, -310, 2100]	[[3, 33]]
"2990.a4"	2990	[1, -1, 0, 10, 116]	[[5, 14]]
"2991.a1"	2991	[1, 1, 0, -6544, 253531]	[[-10, 569]]
"2992.a1"	2992	[0, 0, 0, -496, 4252]	[[18, 34]]
"2992.e1"	2992	[0, 0, 0, -515, 514]	[[-17, 66]]
"2992.g1"	2992	[0, 0, 0, -683, -6870]	[[35, 110]]
"2992.g2"	2992	[0, 0, 0, -643, -7710]	[[455, 9690]]
"3003.c1"	3003	[0, -1, 1, -1, -15]	[[7, 16]]
"3006.d1"	3006	[1, -1, 1, -1121, 14681]	[[21, -2]]
"3006.d2"	3006	[1, -1, 1, -41, 425]	[[3, 16]]
"3006.e1"	3006	[1, -1, 1, -7745, 264255]	[[239/2, 639/2]]
"3006.e2"	3006	[1, -1, 1, -455, 4731]	[[-1, 72]]
"3008.a2"	3008	[0, 0, 0, 20, -336]	[[56, 420]]
"3008.b2"	3008	[0, 0, 0, 20, 336]	[[12, 48]]
"3009.a1"	3009	[0, 1, 1, -1, -548]	[[20, 88]]
"3010.e1"	3010	[1, 1, 1, -25, -3033]	[[47, 296]]
"3012.a1"	3012	[0, 1, 0, 43, -9]	[[1, 6]]
"3012.e1"	3012	[0, 1, 0, -29, -81]	[[10, 27]]
"3014.a1"	3014	[1, -1, 0, -1922392, 1026394944]	[[39579/7, -20922/7]]
"3014.a2"	3014	[1, -1, 0, -120152, 16059200]	[[139, 1355]]
"3015.b1"	3015	[0, 0, 1, -18, -61]	[[9, 22]]
"3016.c1"	3016	[0, -1, 0, -124, -492]	[[622/3, 15184/3]]
"3016.c2"	3016	[0, -1, 0, -104, -676]	[[274, 4524]]
"3018.b1"	3018	[1, 1, 0, -11, -3]	[[-2, 5]]
"3018.e1"	3018	[1, 0, 0, -50542, -4377676]	[[-130, 68]]
"3020.a1"	3020	[0, 0, 0, 752, -10572]	[[221, 3309]]
"3024.a1"	3024	[0, 0, 0, 7053, 93490]	[[41, 672]]
"3024.b1"	3024	[0, 0, 0, -27, 810]	[[9, 36]]
"3024.d1"	3024	[0, 0, 0, -264, -1636]	[[-10, 2]]
"3024.d2"	3024	[0, 0, 0, -24, 44]	[[2, 2]]
"3024.g1"	3024	[0, 0, 0, -1188, -7236]	[[-23, 89]]
"3024.h1"	3024	[0, 0, 0, -243, -1566]	[[19, 26]]
"3024.j1"	3024	[0, 0, 0, 837, -26406]	[[27, 126]]
"3024.k1"	3024	[0, 0, 0, -48, 124]	[[2, 6]]
"3024.o1"	3024	[0, 0, 0, -16995, -852766]	[[185, 1528]]
"3024.o2"	3024	[0, 0, 0, -195, -1342]	[[17, 16]]
"3024.o3"	3024	[0, 0, 0, 1485, 13554]	[[105, 1152]]
"3024.q1"	3024	[0, 0, 0, -27, 58]	[[3, 2]]
"3024.s1"	3024	[0, 0, 0, -40332, 3071612]	[[-79, 2401]]
"3024.u1"	3024	[0, 0, 0, -432, 432]	[[1, 1]]
"3024.w1"	3024	[0, 0, 0, 93, 978]	[[19, 98]]
"3024.x1"	3024	[0, 0, 0, -12, 12]	[[1, 1]]
"3024.y1"	3024	[0, 0, 0, -6816, -216592]	[[-25207/23, 781/23]]
"3024.y2"	3024	[0, 0, 0, -3456, 78192]	[[33, 9]]
"3024.y3"	3024	[0, 0, 0, -96, -208]	[[-7, 11]]
"3026.c1"	3026	[1, 1, 1, -59665, -5634447]	[[673758696859/13110, 547610205017802607/13110]]
"3026.e1"	3026	[1, 1, 1, -1899, 31061]	[[63, 376]]
"3026.e2"	3026	[1, 1, 1, -119, 445]	[[5, 0]]
"3033.a1"	3033	[1, -1, 1, -176, 1014]	[[-4, 42]]
"3036.a1"	3036	[0, -1, 0, -10220, -392184]	[[-59, 44]]
"3036.a2"	3036	[0, -1, 0, -10205, -393414]	[[134, 792]]
"3036.d2"	3036	[0, -1, 0, -93, -306]	[[-5, 3]]
"3036.f1"	3036	[0, 1, 0, -1380, 19044]	[[0, 138]]
"3036.f2"	3036	[0, 1, 0, -165, -396]	[[-3, 9]]
"3036.g1"	3036	[0, 1, 0, -386, -7767]	[[54, 363]]
"3038.b1"	3038	[1, -1, 0, -2312, -41000]	[[79, 475]]
"3038.d1"	3038	[1, -1, 0, -457, -1443]	[[-11, 52]]
"3038.d2"	3038	[1, -1, 0, 103, -211]	[[11, 41]]
"3038.i1"	3038	[1, 1, 1, -165327, 25818295]	[[2581/4, 112455/4]]
"3038.i2"	3038	[1, 1, 1, -197, -5685]	[[27, 84]]
"3038.i3"	3038	[1, 1, 1, 1763, 147195]	[[-15, 350]]
"3040.b1"	3040	[0, 0, 0, -268, -192]	[[-12, 36]]
"3040.b2"	3040	[0, 0, 0, -173, 872]	[[7, 2]]
"3042.b2"	3042	[1, -1, 0, -4848, -249040]	[[92, 232]]
"3042.c1"	3042	[1, -1, 0, -107985708, -431887255344]	[[73243000/23, 624166030428/23]]
"3042.c2"	3042	[1, -1, 0, -6747948, -6749406000]	[[2547569664376/8579, 4043432938769613772/8579]]
"3042.c3"	3042	[1, -1, 0, -321723, 26662689]	[[634, 8471]]
"3042.c4"	3042	[1, -1, 0, 73737, 3172365]	[[22, 2181]]
"3042.g1"	3042	[1, -1, 0, -2898, -60332]	[[231, 3284]]
"3042.g2"	3042	[1, -1, 0, 27, 157]	[[-3, 8]]
"3042.i1"	3042	[1, -1, 1, -94334, -19502323]	[[465, 5851]]
"3042.i2"	3042	[1, -1, 1, 795451, 364884797]	[[465, 28666]]
"3042.l1"	3042	[1, -1, 1, -323498, 77783203]	[[3431/10, 8150791/10]]
"3042.l2"	3042	[1, -1, 1, -4088, -152837]	[[101, 625]]
"3045.a1"	3045	[1, 1, 1, -3261, 70314]	[[33, -13]]
"3045.a2"	3045	[1, 1, 1, -1091, -13462]	[[-16, 22]]
"3045.a3"	3045	[1, 1, 1, -216, 888]	[[4, 8]]
"3045.a4"	3045	[1, 1, 1, 29, 104]	[[-2, 7]]
"3045.b1"	3045	[1, 1, 1, -11, 8]	[[-4, 4]]
"3045.b2"	3045	[1, 1, 1, 14, 68]	[[2, 9]]
"3045.c1"	3045	[1, 1, 1, -1856910, -974718630]	[[-119717009/390, 23467010341/390]]
"3045.c2"	3045	[1, 1, 1, -116185, -15231010]	[[-6977/6, 70873/6]]
"3045.c3"	3045	[1, 1, 1, -57460, -30546490]	[[2702431/42, 4313733775/42]]
"3045.c4"	3045	[1, 1, 1, -11060, 33140]	[[-77, 698]]
"3045.c5"	3045	[1, 1, 1, -7935, 268140]	[[48, 3]]
"3045.c6"	3045	[1, 1, 1, -7930, 268502]	[[172, 1921]]
"3045.c7"	3045	[1, 1, 1, -4890, 480072]	[[657, 16446]]
"3045.c8"	3045	[1, 1, 1, 44065, 319790]	[[0, 565]]
"3045.d1"	3045	[1, 0, 0, -2321, 42846]	[[30, 6]]
"3045.d2"	3045	[1, 0, 0, -146, 651]	[[1, 22]]
"3045.d3"	3045	[1, 0, 0, -21, -24]	[[5, -1]]
"3045.e1"	3045	[1, 0, 0, -49315, 4204592]	[[119, 98]]
"3045.e2"	3045	[1, 0, 0, -33690, 6920217]	[[-201, 2463]]
"3045.h1"	3045	[0, -1, 1, -166, -789]	[[101/2, 815/2]]
"3047.a1"	3047	[0, -1, 1, 498, -11640]	[[97, 969]]
"3047.b1"	3047	[1, 1, 0, -5, 2]	[[-2, 4]]
"3048.a1"	3048	[0, -1, 0, -81, 309]	[[5, 2]]
"3050.g1"	3050	[1, 0, 0, 2, 12]	[[2, 4]]
"3050.h1"	3050	[1, -1, 1, -68605, -6881103]	[[3579, 211710]]
"3050.h2"	3050	[1, -1, 1, -6105, -6103]	[[-65, 368]]
"3050.h3"	3050	[1, -1, 1, -4105, 101897]	[[35, -4]]
"3050.h4"	3050	[1, -1, 1, 24395, -67103]	[[485/4, 52527/4]]
"3050.i1"	3050	[1, -1, 1, -880, -10253]	[[49, 225]]
"3050.j1"	3050	[1, 1, 1, -109233, -13941169]	[[495, 7072]]
"3050.j2"	3050	[1, 1, 1, -6833, -219569]	[[-49, 0]]
"3052.b1"	3052	[0, -1, 0, -29, -55]	[[7, 6]]
"3054.c1"	3054	[1, 0, 1, -54, -152]	[[-4, 3]]
"3054.d1"	3054	[1, 0, 1, -26010, 1597024]	[[371, 6375]]
"3054.f1"	3054	[1, 1, 1, -18, -33]	[[-3, 3]]
"3054.h1"	3054	[1, 0, 0, -604, 4880]	[[8, 20]]
"3054.i1"	3054	[1, 0, 0, -686, -636]	[[-20, 82]]
"3055.a1"	3055	[0, 1, 1, -1586, -25130]	[[959, 29687]]
"3055.b1"	3055	[0, 1, 1, -455, -5366]	[[26, 32]]
"3055.b2"	3055	[0, 1, 1, 45, 109]	[[79/3, 944/3]]
"3059.a1"	3059	[1, -1, 1, -44284, -3575784]	[[35965/3, 6756304/3]]
"3059.a2"	3059	[1, -1, 1, -3574, -19892]	[[-56, 75]]
"3059.a3"	3059	[1, -1, 1, -2769, -55312]	[[3994, 250370]]
"3059.a4"	3059	[1, -1, 1, -124, -1354]	[[3496/15, 30299/15]]
"3059.b1"	3059	[1, 1, 1, -64838, -6381668]	[[2698/3, 25931/3]]
"3059.b2"	3059	[1, 1, 1, -4003, -103496]	[[81178/33, 3636374/33]]
"3060.a1"	3060	[0, 0, 0, -1533, -169607]	[[296, 5031]]
"3060.d2"	3060	[0, 0, 0, 567, 155493]	[[12, 405]]
"3060.i1"	3060	[0, 0, 0, -22437, -1293759]	[[192, 1215]]
"3060.l1"	3060	[0, 0, 0, -57, -299]	[[20, 81]]
"3060.l2"	3060	[0, 0, 0, 483, 5749]	[[-7, 45]]
"3062.a1"	3062	[1, 1, 0, -10, -12]	[[-3, 3]]
"3062.b1"	3062	[1, -1, 1, -400, -2957]	[[-11, 9]]
"3066.a2"	3066	[1, 1, 0, -10, 592]	[[3, 23]]
"3066.c2"	3066	[1, 1, 0, -4035, -97587]	[[-33, 48]]
"3066.f2"	3066	[1, 0, 1, 213, -380]	[[14, 66]]
"3071.a1"	3071	[1, 1, 1, -26, 40]	[[2, 0]]
"3075.b1"	3075	[0, 1, 1, -16198, 788134]	[[-16, 1021]]
"3075.b2"	3075	[0, 1, 1, 74792, 2979994]	[[44, 2521]]
"3075.d1"	3075	[0, -1, 1, -143, -622]	[[16, 30]]
"3075.d2"	3075	[0, -1, 1, 7, -7]	[[1, 0]]
"3075.f1"	3075	[0, -1, 1, -87083, 9920318]	[[168, 61]]
"3075.f2"	3075	[0, -1, 1, -49583, 18460943]	[[20793, 2998063]]
"3075.g1"	3075	[0, 1, 1, -3483, 77969]	[[-57, 307]]
"3075.g2"	3075	[0, 1, 1, -1983, 146894]	[[-1931/6, 68813/6]]
"3075.h1"	3075	[0, 1, 1, -3583, -84881]	[[70597/14, 18504611/14]]
"3075.h2"	3075	[0, 1, 1, 167, -506]	[[358, 6787]]
"3075.j1"	3075	[1, 0, 1, 4, -7]	[[3, 4]]
"3075.l1"	3075	[0, -1, 1, -404958, 99326693]	[[1493/2, 1521/2]]
"3075.l2"	3075	[0, -1, 1, 2992, 22643]	[[373/2, 8401/2]]
"3078.b1"	3078	[1, -1, 0, 156, -604]	[[50, 336]]
"3078.d1"	3078	[1, -1, 1, 31, 2097]	[[15, 68]]
"3080.c1"	3080	[0, 0, 0, -3265883, -2270597418]	[[2428462/21, 3547463282/21]]
"3080.c2"	3080	[0, 0, 0, -1901003, 993848998]	[[2877262/23, 4736696118/23]]
"3080.c3"	3080	[0, 0, 0, -240883, -21812418]	[[5382, 393162]]
"3081.b1"	3081	[1, 0, 1, -55, 89]	[[1, 5]]
"3081.b2"	3081	[1, 0, 1, 10, 11]	[[15, 52]]
"3082.a1"	3082	[1, -1, 1, 18, -3]	[[1, 3]]
"3084.a1"	3084	[0, -1, 0, 3, -6]	[[2, 2]]
"3084.b1"	3084	[0, 1, 0, -421, -12292]	[[83, 729]]
"3084.c1"	3084	[0, 1, 0, -1018, -12619]	[[-19, 15]]
"3084.c2"	3084	[0, 1, 0, -118, 449]	[[5, 3]]
"3088.a1"	3088	[0, 0, 0, -107, -70]	[[-1, 6]]
"3088.a2"	3088	[0, 0, 0, -67, 210]	[[3, 6]]
"3090.a1"	3090	[1, 1, 0, -87893, 9992973]	[[177, 54]]
"3090.a2"	3090	[1, 1, 0, -5493, 154413]	[[39, 18]]
"3090.a3"	3090	[1, 1, 0, -5013, 183117]	[[71, 402]]
"3090.a4"	3090	[1, 1, 0, -373, 1837]	[[3, 26]]
"3090.b1"	3090	[1, 0, 1, -135709, -19253704]	[[60565/4, 14710943/4]]
"3090.c1"	3090	[1, 0, 1, -9784, -711418]	[[8401/3, 752825/3]]
"3090.c2"	3090	[1, 0, 1, -454, 3692]	[[19, 35]]
"3090.c3"	3090	[1, 0, 1, 1031, 19676]	[[-5, 122]]
"3090.d1"	3090	[1, 0, 1, -25379, 2528606]	[[78, 973]]
"3090.d2"	3090	[1, 0, 1, 211006, -43619308]	[[7419/2, 648827/2]]
"3090.e1"	3090	[1, 0, 1, 5662, -428812]	[[69, 505]]
"3090.g1"	3090	[1, 1, 1, -3045361, -2070744817]	[[2431, 68784]]
"3090.j1"	3090	[1, 0, 0, -6, -180]	[[18, 66]]
"3091.a1"	3091	[0, 1, 1, 0, -3]	[[5/2, 3/2]]
"3094.a1"	3094	[1, 0, 1, -1446, 21240]	[[21, 5]]
"3094.b1"	3094	[1, 0, 1, -46, 124]	[[-1, 13]]
"3094.b2"	3094	[1, 0, 1, 279, -84]	[[3, 26]]
"3094.d1"	3094	[1, 0, 0, -38738, -2876300]	[[-126, 154]]
"3094.d2"	3094	[1, 0, 0, -4738, 123588]	[[44, 6]]
"3094.d3"	3094	[1, 0, 0, -578, 334084]	[[34, 578]]
"3094.d4"	3094	[1, 0, 0, 5202, -9019112]	[[212, 1168]]
"3096.b2"	3096	[0, 0, 0, 189, -9234]	[[43, 280]]
"3096.f1"	3096	[0, 0, 0, -1539, -19170]	[[-95/2, 505/2]]
"3096.f2"	3096	[0, 0, 0, -459, 3510]	[[-17, 80]]
"3097.a1"	3097	[0, 0, 1, -59, -178]	[[20, 81]]
"3099.b1"	3099	[1, 1, 0, -20, 27]	[[-2, 9]]
"3099.b2"	3099	[1, 1, 0, -5, 84]	[[-5/2, 81/2]]
"3100.b1"	3100	[0, -1, 0, -2533, 49937]	[[32, 25]]
"3100.b2"	3100	[0, -1, 0, 1467, 183937]	[[127, 1550]]
"3100.f1"	3100	[0, -1, 0, -58, 237]	[[3, 9]]
"3100.f2"	3100	[0, -1, 0, 442, -2263]	[[16, 93]]
"3102.d2"	3102	[1, 0, 1, 82, 272]	[[0, 16]]
"3102.f1"	3102	[1, 0, 1, 59, 20]	[[1, 8]]
"3102.g1"	3102	[1, 0, 1, -295433926, -1955090784616]	[[53524472691322034147752371/11864341946, 390862672079902830019400341958519422619/11864341946]]
"3102.j1"	3102	[1, 0, 0, -308, 2064]	[[16, 28]]
"3105.a1"	3105	[0, 0, 1, -357, 2600]	[[-2, 57]]
"3105.c1"	3105	[1, -1, 1, -482, 4214]	[[12, 1]]
"3105.d1"	3105	[1, -1, 1, 808, 6616]	[[-4, 59]]
"3106.a1"	3106	[1, 0, 0, -27, -47]	[[6, 1]]
"3106.a2"	3106	[1, 0, 0, 53, -255]	[[4, 3]]
"3106.b1"	3106	[1, 1, 1, -43, 7]	[[-5/6, 691/6]]
"3106.b2"	3106	[1, 1, 1, -33, 59]	[[3/2, 41/2]]
"3108.b1"	3108	[0, -1, 0, -348, -2376]	[[-10, 2]]
"3108.b2"	3108	[0, -1, 0, -33, 18]	[[-3, 9]]
"3108.f1"	3108	[0, 1, 0, -7068, -231084]	[[99, 222]]
"3108.f2"	3108	[0, 1, 0, -453, -3528]	[[-12, 18]]
"3108.g1"	3108	[0, 1, 0, -33348, 883764]	[[315, 4662]]
"3108.g2"	3108	[0, 1, 0, -27228, 1720260]	[[216, 2442]]
"3108.g3"	3108	[0, 1, 0, -17913, -919044]	[[504, 10878]]
"3108.g4"	3108	[0, 1, 0, -1713, 26064]	[[27, 15]]
"3109.a1"	3109	[0, -1, 1, -7, -5]	[[-1, 0]]
"3110.a1"	3110	[1, 0, 1, 781, 22542]	[[36, 294]]
"3112.b1"	3112	[0, 0, 0, -212, 1188]	[[8, 2]]
"3114.a1"	3114	[1, -1, 0, -144, 702]	[[7, -3]]
"3114.b1"	3114	[1, -1, 0, -30951, -2099331]	[[3525/4, 77343/4]]
"3114.e1"	3114	[1, -1, 0, 90, -972]	[[9, 18]]
"3116.a1"	3116	[0, 0, 0, -56, 212]	[[13, 41]]
"3118.a1"	3118	[1, 1, 0, -22, 32]	[[2, 0]]
"3120.b2"	3120	[0, -1, 0, -3296, -71424]	[[-32, 16]]
"3120.b4"	3120	[0, -1, 0, 864, 61440]	[[-16, 208]]
"3120.c1"	3120	[0, -1, 0, -9896, 183696]	[[8, 324]]
"3120.c2"	3120	[0, -1, 0, -4896, -128304]	[[-40, 44]]
"3120.c3"	3120	[0, -1, 0, -4876, -129440]	[[81, 22]]
"3120.c4"	3120	[0, -1, 0, -216, -367920]	[[194, 2618]]
"3120.e1"	3120	[0, -1, 0, -221, 1521]	[[13, 26]]
"3120.e2"	3120	[0, -1, 0, 19, -15]	[[1, 2]]
"3120.i1"	3120	[0, -1, 0, -561600, 162177552]	[[449, 580]]
"3120.i2"	3120	[0, -1, 0, -35100, 2542752]	[[104, 80]]
"3120.i3"	3120	[0, -1, 0, -33480, 2786400]	[[45, 1170]]
"3120.i4"	3120	[0, -1, 0, -2295, 36450]	[[10, 120]]
"3120.l1"	3120	[0, -1, 0, -200, -1008]	[[-8, 4]]
"3120.l2"	3120	[0, -1, 0, 0, -48]	[[8, 20]]
"3120.o1"	3120	[0, 1, 0, -736, 6644]	[[2, 72]]
"3120.p1"	3120	[0, 1, 0, -5816, -172620]	[[-44, 6]]
"3120.p2"	3120	[0, 1, 0, -3016, 61460]	[[26, 36]]
"3120.p3"	3120	[0, 1, 0, -416, -1980]	[[-8, 30]]
"3120.p4"	3120	[0, 1, 0, 84, -180]	[[6, 24]]
"3120.q1"	3120	[0, 1, 0, -7736, 259284]	[[52, 18]]
"3120.q2"	3120	[0, 1, 0, -536, 2964]	[[4, 30]]
"3120.q3"	3120	[0, 1, 0, -216, -1260]	[[-9, 6]]
"3120.r1"	3120	[0, 1, 0, -7696, -261820]	[[-49, 6]]
"3120.r2"	3120	[0, 1, 0, -7176, 230724]	[[54, 60]]
"3120.r3"	3120	[0, 1, 0, -676, -676]	[[-13, 78]]
"3120.r4"	3120	[0, 1, 0, 169, 0]	[[52, 390]]
"3120.t1"	3120	[0, 1, 0, 195, 195975]	[[15, 450]]
"3120.v1"	3120	[0, 1, 0, -4280, 74100]	[[10, 180]]
"3120.w1"	3120	[0, 1, 0, -144240, 21037140]	[[218, 24]]
"3120.w2"	3120	[0, 1, 0, -13520, -609132]	[[156, 1050]]
"3120.w3"	3120	[0, 1, 0, -9040, 324500]	[[34, 240]]
"3120.w4"	3120	[0, 1, 0, -1840, 834260]	[[124, 1590]]
"3120.w5"	3120	[0, 1, 0, -1040, -5100]	[[-20, 90]]
"3120.w6"	3120	[0, 1, 0, 240, -492]	[[11, 60]]
"3122.a1"	3122	[1, -1, 0, -2276, -3120]	[[-7, 115]]
"3122.a2"	3122	[1, -1, 0, -1636, -25008]	[[-23, 4]]
"3122.b1"	3122	[1, 0, 1, -33226, -2233604]	[[-91, 241]]
"3122.b2"	3122	[1, 0, 1, -5351, 149374]	[[37, 30]]
"3122.c1"	3122	[1, 0, 0, -4774, 126564]	[[40, -18]]
"3122.c2"	3122	[1, 0, 0, -294, 2020]	[[8, 10]]
"3122.d1"	3122	[1, -1, 1, -16651, 831145]	[[7385/8, 308385/8]]
"3122.d2"	3122	[1, -1, 1, -1111, 11361]	[[3283/6, 165823/6]]
"3122.d3"	3122	[1, -1, 1, -1041, 13181]	[[91, 770]]
"3122.d4"	3122	[1, -1, 1, -61, 245]	[[-7, 20]]
"3122.e1"	3122	[1, 0, 0, -18, 20]	[[-2, 8]]
"3122.f1"	3122	[1, 1, 1, -3654, -86539]	[[96311803/138, 938592485165/138]]
"3122.f2"	3122	[1, 1, 1, -224, -1475]	[[9065/23, 7845/23]]
"3123.a1"	3123	[0, 0, 1, 15, 9]	[[9/2, 55/2]]
"3128.a1"	3128	[0, 1, 0, -3040, -62496]	[[-29, 46]]
"3128.a2"	3128	[0, 1, 0, -3000, -64256]	[[96, 736]]
"3128.b1"	3128	[0, 1, 0, -1224, 16085]	[[22, 17]]
"3129.a2"	3129	[1, 0, 0, 7, 0]	[[9, 24]]
"3132.a1"	3132	[0, 0, 0, -336, -2396]	[[24, 58]]
"3132.b1"	3132	[0, 0, 0, -28215, 1083726]	[[-113, 1682]]
"3134.b1"	3134	[1, 1, 0, -964, 10448]	[[104, 972]]
"3135.b1"	3135	[1, 1, 1, -526, 4424]	[[8, 24]]
"3135.b2"	3135	[1, 1, 1, -31, 68]	[[2, 3]]
"3135.c1"	3135	[1, 1, 1, -5710, 163382]	[[51, 64]]
"3135.c2"	3135	[1, 1, 1, -4940, -135070]	[[-42, 43]]
"3135.c3"	3135	[1, 1, 1, -485, 362]	[[-4, 49]]
"3135.c4"	3135	[1, 1, 1, 120, 120]	[[24, 120]]
"3135.e1"	3135	[1, 0, 0, -29185, -1920790]	[[1363/2, 40763/2]]
"3135.e2"	3135	[1, 0, 0, -2110, -20125]	[[70, 385]]
"3135.e3"	3135	[1, 0, 0, -985, 11600]	[[25, 40]]
"3135.e4"	3135	[1, 0, 0, -980, 11727]	[[82, 655]]
"3135.e5"	3135	[1, 0, 0, 60, 35217]	[[69, 573]]
"3135.e6"	3135	[1, 0, 0, 6965, -145360]	[[757/4, 32989/4]]
"3135.h1"	3135	[0, 1, 1, 14, -59]	[[13/2, 41/2]]
"3136.a1"	3136	[0, 0, 0, -28, -56]	[[-3, 1]]
"3136.c2"	3136	[0, 1, 0, -65, -11201]	[[37, 196]]
"3136.f1"	3136	[0, 1, 0, -1633, 13887]	[[58, 343]]
"3136.k1"	3136	[0, -1, 0, -569, -5039]	[[-336/5, 13/5]]
"3136.l1"	3136	[0, 0, 0, -7, 0]	[[4, 6]]
"3136.m3"	3136	[0, 0, 0, -196, 0]	[[18, 48]]
"3136.m4"	3136	[0, 0, 0, 49, 0]	[[16/3, 260/3]]
"3136.o1"	3136	[0, 0, 0, -116620, -15327984]	[[931200/13, 896827212/13]]
"3136.o4"	3136	[0, 0, 0, -140, 784]	[[0, 28]]
"3136.p1"	3136	[0, 0, 0, -58604, 5460560]	[[28, 1960]]
"3136.p2"	3136	[0, 0, 0, -11564, -378672]	[[266, 3920]]
"3136.p3"	3136	[0, 0, 0, -3724, 82320]	[[92, 720]]
"3136.r1"	3136	[0, 0, 0, -343, 0]	[[484/5, 3102/5]]
"3136.y1"	3136	[0, -1, 0, -1633, -13887]	[[117, 1176]]
"3136.z1"	3136	[0, -1, 0, -8562913, -9641661567]	[[2642430522499/22035, 3465439960080553532/22035]]
"3136.z2"	3136	[0, -1, 0, -534753, -150770815]	[[5179019/65, 8831271372/65]]
"3136.z3"	3136	[0, -1, 0, -111393, -11692351]	[[-16216/11, 1198785/11]]
"3136.z5"	3136	[0, -1, 0, -1633, 51969]	[[75, 588]]
"3136.z6"	3136	[0, -1, 0, 14047, -1080127]	[[1651/5, 45276/5]]
"3138.c1"	3138	[1, 1, 0, -25, -59]	[[-3, 2]]
"3138.d1"	3138	[1, 0, 1, -278381, -56556760]	[[-42612961/374, 8006516835/374]]
"3138.d2"	3138	[1, 0, 1, -3806, -60208]	[[-153/2, 1529/2]]
"3138.d3"	3138	[1, 0, 1, -1511, 22466]	[[18, 25]]
"3138.e1"	3138	[1, 1, 1, -12, -21]	[[-9/2, 7/2]]
"3138.f1"	3138	[1, 0, 0, -164, -240]	[[-8, 28]]
"3140.a1"	3140	[0, 1, 0, -7106, 186049]	[[25, 157]]
"3140.b1"	3140	[0, 1, 0, -28146, 1729429]	[[77, 157]]
"3140.b2"	3140	[0, 1, 0, -27806, 1775425]	[[54, 659]]
"3143.a1"	3143	[1, 0, 0, -7, 0]	[[-1, 3]]
"3143.a2"	3143	[1, 0, 0, 28, 7]	[[6, 17]]
"3144.c1"	3144	[0, 1, 0, 8, 32]	[[4, 12]]
"3146.e1"	3146	[1, -1, 0, 3910, -16076]	[[243/2, 5081/2]]
"3146.g1"	3146	[1, 0, 1, -579956, -148279694]	[[-959159/45, 431201051/45]]
"3146.h1"	3146	[1, 1, 0, -7988, 376424]	[[787, 21568]]
"3146.j1"	3146	[1, 0, 0, -789, -57023]	[[54, 215]]
"3146.j2"	3146	[1, 0, 0, 7076, 1508112]	[[164, 2580]]
"3146.m1"	3146	[1, -1, 1, 32, 3]	[[3, 9]]
"3146.n1"	3146	[1, 0, 0, -55602, 5041796]	[[142, 50]]
"3146.n2"	3146	[1, 0, 0, -547, 9769]	[[-12, 127]]
"3146.n3"	3146	[1, 0, 0, 58, -274]	[[95/2, 873/2]]
"3146.o2"	3146	[1, 0, 0, -1218, -16444]	[[-20, 6]]
"3150.d1"	3150	[1, -1, 0, -18117, -108459]	[[138, 3]]
"3150.d2"	3150	[1, -1, 0, 71883, -918459]	[[270, 6039]]
"3150.g1"	3150	[1, -1, 0, -23667, -1393759]	[[-91, 58]]
"3150.g2"	3150	[1, -1, 0, -16917, -2210509]	[[179, 598]]
"3150.g3"	3150	[1, -1, 0, -1167, 13741]	[[9, 58]]
"3150.g4"	3150	[1, -1, 0, 1833, 70741]	[[-1, 263]]
"3150.h1"	3150	[1, -1, 0, -57, 181]	[[5, -1]]
"3150.h2"	3150	[1, -1, 0, 93, 791]	[[-5, 16]]
"3150.l1"	3150	[1, -1, 0, -162, -754]	[[-7, 4]]
"3150.l2"	3150	[1, -1, 0, -12, -4]	[[-2, 4]]
"3150.o1"	3150	[1, -1, 0, -12867, -559459]	[[1507/2, 53897/2]]
"3150.o2"	3150	[1, -1, 0, 258, -3834]	[[33, 183]]
"3150.p1"	3150	[1, -1, 0, -511617, 140980541]	[[418, -41]]
"3150.p2"	3150	[1, -1, 0, -31617, 2260541]	[[50, 871]]
"3150.t1"	3150	[1, -1, 0, -84042, -9356634]	[[-167, 84]]
"3150.t2"	3150	[1, -1, 0, -5292, -142884]	[[-42, 84]]
"3150.t3"	3150	[1, -1, 0, -792, 5616]	[[4, 48]]
"3150.t4"	3150	[1, -1, 0, 1458, -487134]	[[99, 738]]
"3150.v1"	3150	[1, -1, 1, -4055, -98303]	[[-145/2, 83/2]]
"3150.v2"	3150	[1, -1, 1, -305, -803]	[[-5, 26]]
"3150.w1"	3150	[1, -1, 1, -3780005, 2829643247]	[[4591/2, 7055/2]]
"3150.w2"	3150	[1, -1, 1, -236255, 44255747]	[[303, 496]]
"3150.w3"	3150	[1, -1, 1, -220505, 50398247]	[[687/2, 32843/2]]
"3150.w4"	3150	[1, -1, 1, -83255, -8718253]	[[-141, 520]]
"3150.w5"	3150	[1, -1, 1, -15755, 596747]	[[9, 670]]
"3150.w6"	3150	[1, -1, 1, 2245, 56747]	[[3, 250]]
"3150.z1"	3150	[1, -1, 1, -20465, 1131937]	[[79, 20]]
"3150.z2"	3150	[1, -1, 1, -1265, 18337]	[[-1, 140]]
"3150.ba1"	3150	[1, -1, 1, -1451480, -423093603]	[[-1953/2, 105955/2]]
"3150.ba2"	3150	[1, -1, 1, -1296230, -567705603]	[[-657, 335]]
"3150.ba3"	3150	[1, -1, 1, -607730, 177656397]	[[293, 4821]]
"3150.ba4"	3150	[1, -1, 1, -603230, 180482397]	[[443, -15]]
"3150.ba5"	3150	[1, -1, 1, -81230, -8805603]	[[-171, 335]]
"3150.ba6"	3150	[1, -1, 1, -18230, -22161603]	[[459, 7895]]
"3150.ba7"	3150	[1, -1, 1, -9230, 122397]	[[9, 195]]
"3150.ba8"	3150	[1, -1, 1, 164020, 597488397]	[[30413/4, 5582169/4]]
"3150.bf1"	3150	[1, -1, 1, 9070, 951697]	[[169, 2615]]
"3150.bg2"	3150	[1, -1, 1, 220, 47]	[[3, 25]]
"3150.bh1"	3150	[1, -1, 1, -128105, 17641897]	[[229, 410]]
"3150.bh2"	3150	[1, -1, 1, -80105, 30985897]	[[-91, 6170]]
"3150.bk1"	3150	[1, -1, 1, -725, -723]	[[-7, 66]]
"3150.bk2"	3150	[1, -1, 1, 2875, -7923]	[[29, 300]]
"3155.a1"	3155	[0, 1, 1, -702775, -226997616]	[[632178918294143557/23688678, 269924495074018983501791363/23688678]]
"3155.a2"	3155	[0, 1, 1, -8675, -314021]	[[2498029/78, 3840750809/78]]
"3155.a3"	3155	[0, 1, 1, 75, -1646]	[[406, 8192]]
"3155.b1"	3155	[0, 1, 1, 4, 1]	[[5/2, 21/2]]
"3159.a1"	3159	[0, 0, 1, -9, 14]	[[4, 6]]
"3159.e1"	3159	[1, -1, 0, -195, -1096]	[[20, 42]]
"3159.f1"	3159	[0, 0, 1, -81, -385]	[[121/2, 1257/2]]
"3160.a1"	3160	[0, 1, 0, -1015, -12762]	[[-19, 5]]
"3160.a2"	3160	[0, 1, 0, -620, -22400]	[[60, 400]]
"3160.c1"	3160	[0, 0, 0, -187, -906]	[[145/2, 1599/2]]
"3160.c2"	3160	[0, 0, 0, 13, -66]	[[35, 208]]
"3165.a1"	3165	[1, 1, 1, -3798000, 2847339492]	[[1167, 1886]]
"3165.a2"	3165	[1, 1, 1, -238430, 43999400]	[[218, 1453]]
"3165.a3"	3165	[1, 1, 1, -237375, 44415492]	[[112, 4331]]
"3165.a4"	3165	[1, 1, 1, -14770, 695870]	[[28, 538]]
"3165.b1"	3165	[0, 1, 1, -3285, 55181]	[[-45, 337]]
"3166.a1"	3166	[1, 0, 0, -15, -7]	[[-2, 5]]
"3168.b1"	3168	[0, 0, 0, -81, -216]	[[-5, 8]]
"3168.b2"	3168	[0, 0, 0, 189, -1350]	[[22, 116]]
"3168.d1"	3168	[0, 0, 0, -11961, -503496]	[[180, 1782]]
"3168.d2"	3168	[0, 0, 0, -11691, -527310]	[[3177/2, 177309/2]]
"3168.k1"	3168	[0, 0, 0, -540, -864]	[[-3, 27]]
"3168.k2"	3168	[0, 0, 0, -405, -3132]	[[96, 918]]
"3168.l1"	3168	[0, 0, 0, -60, 32]	[[-2, 12]]
"3168.l2"	3168	[0, 0, 0, -45, 116]	[[5, 4]]
"3168.n2"	3168	[0, 0, 0, -45, -116]	[[8, 6]]
"3168.p1"	3168	[0, 0, 0, -540, 864]	[[-2, 44]]
"3168.p2"	3168	[0, 0, 0, -405, 3132]	[[13, 8]]
"3168.q1"	3168	[0, 0, 0, -9, 8]	[[4, 6]]
"3168.q2"	3168	[0, 0, 0, 21, 50]	[[2, 10]]
"3168.r1"	3168	[0, 0, 0, -1164, -14528]	[[-19, 27]]
"3168.r2"	3168	[0, 0, 0, 51, -920]	[[20, 90]]
"3168.s2"	3168	[0, 0, 0, -1299, -16198]	[[-79/2, 335/2]]
"3168.s3"	3168	[0, 0, 0, -309, 1820]	[[5, 20]]
"3168.t1"	3168	[0, 0, 0, -1329, 18648]	[[19, 16]]
"3168.t2"	3168	[0, 0, 0, -1299, 19530]	[[22, 40]]
"3168.u1"	3168	[0, 0, 0, -4764, -126560]	[[1385/4, 21195/4]]
"3168.u2"	3168	[0, 0, 0, -1299, 16198]	[[29, 54]]
"3168.u3"	3168	[0, 0, 0, -309, -1820]	[[68, 540]]
"3168.u4"	3168	[0, 0, 0, 501, -9758]	[[146, 1782]]
"3171.b1"	3171	[0, -1, 1, -7, -9]	[[5, 7]]
"3171.c1"	3171	[0, 1, 1, -14, 3677]	[[-35/2, 449/2]]
"3172.a1"	3172	[0, 0, 0, -16, -15]	[[-2, 3]]
"3172.a2"	3172	[0, 0, 0, 49, -106]	[[11, 42]]
"3172.b1"	3172	[0, 0, 0, -122524, 16501677]	[[3651/7, 957090/7]]
"3172.b2"	3172	[0, 0, 0, -103919, 21685030]	[[511561/70, 1186887309/70]]
"3174.d1"	3174	[1, 0, 1, -407606, -17146360]	[[-17069/6, 1852873/6]]
"3174.d2"	3174	[1, 0, 1, -304451, -64683358]	[[872, 17814]]
"3174.d3"	3174	[1, 0, 1, -18791, -1038310]	[[251, 3048]]
"3174.d4"	3174	[1, 0, 1, 100234, -2114296]	[[11997/4, 1399513/4]]
"3174.e1"	3174	[1, 1, 1, -130674, -18233199]	[[33604939/182, 177260259847/182]]
"3174.e2"	3174	[1, 1, 1, -56614, 4992017]	[[-201/2, 22415/2]]
"3174.e3"	3174	[1, 1, 1, -9004, -226039]	[[6497/7, 308433/7]]
"3174.e4"	3174	[1, 1, 1, 1576, -22903]	[[111, 1183]]
"3174.g1"	3174	[1, 1, 1, -195, 1569]	[[19, 62]]
"3175.a1"	3175	[0, -1, 1, -1133, -23832]	[[72, 512]]
"3179.a1"	3179	[0, 1, 1, -2260076, -1308527588]	[[298301765/86, 5148525445821/86]]
"3179.a2"	3179	[0, 1, 1, -2986, -114768]	[[333/2, 3753/2]]
"3179.a3"	3179	[0, 1, 1, -96, 832]	[[28, 144]]
"3179.b1"	3179	[0, -1, 1, -28707, -4272975]	[[1197/2, 29763/2]]
"3179.b2"	3179	[0, -1, 1, 3083, 129940]	[[-28, 144]]
"3179.e1"	3179	[0, 0, 1, 17, -13]	[[25/2, 143/2]]
"3179.f1"	3179	[0, 0, 1, 4913, -62641]	[[577/2, 15275/2]]
"3184.b1"	3184	[0, 1, 0, -4, 3]	[[1, 1]]
"3185.d1"	3185	[1, 1, 1, -50, -2108]	[[20, 63]]
"3186.a1"	3186	[1, -1, 0, 6, 4]	[[0, 2]]
"3186.h1"	3186	[1, -1, 0, -147225, 323394349]	[[-255, 18683]]
"3186.i1"	3186	[1, -1, 0, -966, -11318]	[[-867/7, 3037/7]]
"3186.n1"	3186	[1, -1, 1, -26, -39]	[[-3, 3]]
"3186.o1"	3186	[1, -1, 1, -1052, 13407]	[[45, 213]]
"3186.s1"	3186	[1, -1, 1, -3809, 91423]	[[143/2, -137/2]]
"3190.b1"	3190	[1, 0, 1, -103638, -12716824]	[[-1667/3, 12343/3]]
"3190.b2"	3190	[1, 0, 1, -9863, 366906]	[[47, 64]]
"3190.b3"	3190	[1, 0, 1, -1238, -510744]	[[3565/4, 198113/4]]
"3190.b4"	3190	[1, 0, 1, 137, 18906]	[[20, 162]]
"3192.a1"	3192	[0, -1, 0, -106435, -13329764]	[[4301, 281199]]
"3192.a2"	3192	[0, -1, 0, -106300, -13365404]	[[396, 2546]]
"3192.d1"	3192	[0, -1, 0, -17024, -849300]	[[501, 10776]]
"3192.d2"	3192	[0, -1, 0, -1064, -12996]	[[45, 168]]
"3192.d3"	3192	[0, -1, 0, -784, -20276]	[[397/3, 4600/3]]
"3192.f1"	3192	[0, -1, 0, -708, -7020]	[[34, 84]]
"3192.f2"	3192	[0, -1, 0, -43, -104]	[[15, 49]]
"3192.g1"	3192	[0, -1, 0, -360088, 83283964]	[[330, 532]]
"3192.g2"	3192	[0, -1, 0, -23948, 1131348]	[[22, 784]]
"3192.j2"	3192	[0, -1, 0, 128, 2860]	[[5, 60]]
"3192.k1"	3192	[0, 1, 0, -35, -66]	[[7, 9]]
"3192.l1"	3192	[0, 1, 0, -320, -816]	[[-8, 36]]
"3192.m2"	3192	[0, 1, 0, -1464, -21600]	[[-21, 18]]
"3192.m3"	3192	[0, 1, 0, -204, 576]	[[0, 24]]
"3192.m4"	3192	[0, 1, 0, 41, 86]	[[14, 60]]
"3192.o1"	3192	[0, 1, 0, -628, 5456]	[[20, 36]]
"3192.p2"	3192	[0, 1, 0, -4283112, -5439217680]	[[15531, 1916910]]
"3195.a1"	3195	[1, -1, 1, -2147, 38814]	[[29, 3]]
"3195.a2"	3195	[1, -1, 1, -122, 744]	[[2, 21]]
"3195.d1"	3195	[1, -1, 0, -17055, -853034]	[[462875/38, 273891163/38]]
"3195.d2"	3195	[1, -1, 0, -3105, 50836]	[[-105/2, 2803/2]]
"3195.d3"	3195	[1, -1, 0, -1080, -12749]	[[1235/2, 41857/2]]
"3195.d4"	3195	[1, -1, 0, 45, -824]	[[308, 5246]]
"3198.c1"	3198	[1, 0, 1, -34, 68]	[[1, 5]]
"3198.d1"	3198	[1, 1, 1, -65, -1]	[[-7, 16]]
"3198.e1"	3198	[1, 1, 1, -29960040, 63106639209]	[[3069, 7253]]
"3198.f1"	3198	[1, 0, 0, -802, 8516]	[[-4, 110]]
"3199.b1"	3199	[1, -1, 0, -7, 0]	[[-9/2, 3/2]]
"3199.b2"	3199	[1, -1, 0, 28, -21]	[[31/6, 293/6]]
"3200.e1"	3200	[0, 1, 0, -233, -1337]	[[-11, 4]]
"3200.e2"	3200	[0, 1, 0, 17, -87]	[[8, 25]]
"3200.f1"	3200	[0, 1, 0, -1658, 25438]	[[19, 34]]
"3200.f2"	3200	[0, 1, 0, -1533, 29563]	[[-7, 200]]
"3200.h1"	3200	[0, 1, 0, -58, 138]	[[-1, 14]]
"3200.h2"	3200	[0, 1, 0, 67, 763]	[[-2, 25]]
"3200.j1"	3200	[0, -1, 0, 167, 2537]	[[17, 100]]
"3200.l1"	3200	[0, -1, 0, 2, 2]	[[1, 2]]
"3200.o1"	3200	[0, 0, 0, -1300, 18000]	[[16, 36]]
"3200.o2"	3200	[0, 0, 0, -50, 500]	[[-5, 25]]
"3200.q1"	3200	[0, 1, 0, 7, 23]	[[-1, 4]]
"3200.u1"	3200	[0, -1, 0, -58, -138]	[[-111/5, 438/5]]
"3200.u2"	3200	[0, -1, 0, 67, -763]	[[52, 375]]
"3200.v1"	3200	[0, -1, 0, -1658, -25438]	[[648037/66, 497820475/66]]
"3200.v2"	3200	[0, -1, 0, -1533, -29563]	[[5263/3, 380600/3]]
"3200.w1"	3200	[0, -1, 0, -6633, 210137]	[[11, 372]]
"3200.w2"	3200	[0, -1, 0, -383, 3887]	[[22, 75]]
"3201.a1"	3201	[1, 1, 1, -518, 4322]	[[10, 11]]
"3201.a2"	3201	[1, 1, 1, -33, 54]	[[2, 0]]
"3201.b1"	3201	[1, 0, 0, -4754, 125769]	[[40, -17]]
"3201.b2"	3201	[1, 0, 0, -299, 1920]	[[7, 10]]
"3201.c1"	3201	[1, 0, 0, -178, 899]	[[10, 7]]
"3201.c2"	3201	[1, 0, 0, -13, 8]	[[-1, 5]]
"3201.d1"	3201	[0, 1, 1, -67, 205]	[[-1, 16]]
"3201.h1"	3201	[0, -1, 1, 2478, 96347]	[[-91/2, 1327/2]]
"3202.a2"	3202	[1, -1, 1, 9, 215]	[[1, 14]]
"3204.c1"	3204	[0, 0, 0, -864, 9828]	[[24, 54]]
"3205.a1"	3205	[1, -1, 1, -142, -614]	[[14, -6]]
"3205.b1"	3205	[1, -1, 1, -11557, 50364]	[[-78, 726]]
"3205.b2"	3205	[1, -1, 1, -8352, 295226]	[[46, 59]]
"3205.b3"	3205	[1, -1, 1, -8347, 295594]	[[43/2, 3593/2]]
"3205.b4"	3205	[1, -1, 1, -5227, 516476]	[[171, 2059]]
"3206.d1"	3206	[1, 1, 0, 0, -4]	[[2, 2]]
"3206.f1"	3206	[1, 1, 1, -2735905, -1742945301]	[[-859769/30, 13091789/30]]
"3206.f2"	3206	[1, 1, 1, -14445, 535459]	[[19, 508]]
"3210.c2"	3210	[1, 1, 1, -275, -9133]	[[103/2, 223/2]]
"3210.e1"	3210	[1, 1, 1, -34240, -2452915]	[[705, 17659]]
"3210.e2"	3210	[1, 1, 1, -2140, -38995]	[[63, 253]]
"3210.e3"	3210	[1, 1, 1, -2040, -42675]	[[565/3, 6853/3]]
"3210.f2"	3210	[1, 0, 0, 126790, 5168100]	[[-20, 1630]]
"3210.g1"	3210	[1, 0, 0, -755, 1017]	[[-8, 85]]
"3211.a1"	3211	[0, 1, 1, -130017, -18088053]	[[2773, 144748]]
"3211.a2"	3211	[0, 1, 1, -1577, -26178]	[[56, 253]]
"3211.a3"	3211	[0, 1, 1, 113, 17]	[[17, 84]]
"3213.a1"	3213	[0, 0, 1, 20337, -1330840]	[[352, 7031]]
"3213.e1"	3213	[1, -1, 1, -1576262, -761317622]	[[1472, 9574]]
"3213.f1"	3213	[1, -1, 1, -1892, 32212]	[[16, 68]]
"3213.j1"	3213	[0, 0, 1, 4104, 135236]	[[82, 1011]]
"3213.k1"	3213	[0, 0, 1, -1103490, -427069591]	[[-2783/2, 15781/2]]
"3213.k2"	3213	[0, 0, 1, -177390, 28599392]	[[174, 1732]]
"3213.n1"	3213	[0, 0, 1, 456, -5009]	[[17, 87]]
"3213.p1"	3213	[1, -1, 0, -771, 8486]	[[14, 10]]
"3213.v1"	3213	[0, 0, 1, 183033, 35932673]	[[9153/2, 892139/2]]
"3214.a1"	3214	[1, 1, 0, -36, 976]	[[40, 236]]
"3216.c1"	3216	[0, -1, 0, 84, -36]	[[5, 22]]
"3216.e1"	3216	[0, -1, 0, -22872, -1323792]	[[21234/5, 3039498/5]]
"3216.e2"	3216	[0, -1, 0, -1432, -20240]	[[844, 24480]]
"3216.e3"	3216	[0, -1, 0, -472, -47888]	[[7594/3, 661130/3]]
"3216.e4"	3216	[0, -1, 0, -152, 240]	[[-6, 30]]
"3216.g1"	3216	[0, 1, 0, -12, -24]	[[11, 36]]
"3216.i1"	3216	[0, 1, 0, -1373, 19191]	[[19, 18]]
"3220.b1"	3220	[0, -1, 0, 2995, 65497]	[[99, 1150]]
"3220.d1"	3220	[0, 1, 0, 102230, 8114725]	[[645, 18515]]
"3222.a1"	3222	[1, -1, 0, -162, -756]	[[15, -3]]
"3222.a2"	3222	[1, -1, 0, 288, -4050]	[[513/7, 99/7]]
"3222.b1"	3222	[1, -1, 0, -36, -2160]	[[48, 300]]
"3222.e1"	3222	[1, -1, 1, -77, -75]	[[-7, 12]]
"3222.e2"	3222	[1, -1, 1, 283, -795]	[[5, 24]]
"3222.g1"	3222	[1, -1, 1, 490, -4827]	[[41, 267]]
"3222.i1"	3222	[1, -1, 1, -2165, 39309]	[[23, 24]]
"3222.j1"	3222	[1, -1, 1, -52664, -4453905]	[[-3699/5, 45111/5]]
"3222.j2"	3222	[1, -1, 1, -8924, 235023]	[[27, 101]]
"3222.j4"	3222	[1, -1, 1, 23296, 1523823]	[[3249, 183755]]
"3225.a1"	3225	[0, 1, 1, -419508, 106073894]	[[-387, 14512]]
"3225.c1"	3225	[1, 0, 0, -563, 4992]	[[7, 34]]
"3225.c2"	3225	[1, 0, 0, 62, 15617]	[[-13, 119]]
"3225.e1"	3225	[0, -1, 1, -55833, -5060932]	[[1908, 82648]]
"3225.e2"	3225	[0, -1, 1, 417, -26557]	[[33, 148]]
"3226.a1"	3226	[1, 1, 1, -2, 3]	[[1, 1]]
"3228.b1"	3228	[0, 1, 0, -21, -9]	[[-3, 6]]
"3229.a1"	3229	[1, 1, 1, -9, -14]	[[-2, 1]]
"3230.a1"	3230	[1, -1, 0, -1630, -24924]	[[-23, 13]]
"3230.a2"	3230	[1, -1, 0, -110, -300]	[[-7, 13]]
"3230.d1"	3230	[1, -1, 1, -89913, -1212583]	[[463, 7268]]
"3230.d2"	3230	[1, -1, 1, -65593, -6436519]	[[-145, 172]]
"3231.b2"	3231	[1, -1, 1, -14, 668]	[[-6, 25]]
"3234.e2"	3234	[1, 1, 0, -4505, 115557]	[[-1, 347]]
"3234.k1"	3234	[1, 0, 1, -5171, 135776]	[[18, 211]]
"3234.l1"	3234	[1, 0, 1, -285941, -58875904]	[[755, 12102]]
"3234.q1"	3234	[1, 1, 1, -692518, 221512829]	[[1943/2, -525/2]]
"3234.q2"	3234	[1, 1, 1, -40328, 3942245]	[[153, 1099]]
"3234.q3"	3234	[1, 1, 1, -17788, -465403]	[[155, 651]]
"3234.q4"	3234	[1, 1, 1, 3772, -51451]	[[57, 565]]
"3234.u1"	3234	[1, 0, 0, -52459, 4620209]	[[134, -31]]
"3234.u2"	3234	[1, 0, 0, -3179, 76593]	[[22, 121]]
"3235.a1"	3235	[0, 0, 1, -17, 30]	[[3, 2]]
"3238.b1"	3238	[1, 0, 0, 12, 16]	[[0, 4]]
"3240.b1"	3240	[0, 0, 0, -3, -98]	[[6, 10]]
"3245.a1"	3245	[1, 0, 0, -286, -1815]	[[23, 51]]
"3245.a2"	3245	[1, 0, 0, 9, -104]	[[5, 6]]
"3245.b1"	3245	[1, -1, 0, 11, -2]	[[2, 4]]
"3245.c1"	3245	[1, 0, 1, -314, -2163]	[[21, 14]]
"3245.c2"	3245	[1, 0, 1, -19, -39]	[[129/5, 7/5]]
"3248.b1"	3248	[0, 1, 0, -35768, -2615564]	[[-110, 4]]
"3248.b2"	3248	[0, 1, 0, -2128, -45468]	[[58, 172]]
"3248.f1"	3248	[0, -1, 0, -232, -13456]	[[58, 406]]
"3248.f2"	3248	[0, -1, 0, 2088, 361456]	[[34, 686]]
"3248.i1"	3248	[0, 0, 0, -79075, -8558622]	[[622, 13524]]
"3248.m1"	3248	[0, 1, 0, 0, 116]	[[4, 14]]
"3248.n1"	3248	[0, -1, 0, -504, -3136]	[[-16, 24]]
"3248.n2"	3248	[0, -1, 0, 76, -352]	[[52/3, 424/3]]
"3249.a1"	3249	[0, 0, 1, -14264193, -20735753270]	[[879985/14, 207599981/14]]
"3249.a2"	3249	[0, 0, 1, 63897, -7100780]	[[247, 4873]]
"3249.b1"	3249	[0, 0, 1, -7581, 279504]	[[152, 1624]]
"3249.d1"	3249	[0, 0, 1, -2499564, -1521053555]	[[386593/14, 95931851/14]]
"3249.d2"	3249	[0, 0, 1, -30324, -2162300]	[[817/2, 3245/2]]
"3249.d3"	3249	[0, 0, 1, 2166, -1715]	[[133, 1624]]
"3249.f1"	3249	[1, -1, 0, -5967, -175932]	[[4512/7, 60150/7]]
"3249.f2"	3249	[1, -1, 0, 18, 27]	[[6, 15]]
"3249.g1"	3249	[1, -1, 0, -329841, 72994702]	[[2, 8504]]
"3249.g2"	3249	[1, -1, 0, -21186, 1078087]	[[-34/7, 358679/7]]
"3249.g3"	3249	[1, -1, 0, -4941, -114296]	[[4856/5, 299764/5]]
"3255.b1"	3255	[1, 1, 1, -8420, 293870]	[[53, -22]]
"3255.b2"	3255	[1, 1, 1, -545, 4070]	[[8, 13]]
"3255.b3"	3255	[1, 1, 1, -140, -628]	[[-8, 11]]
"3255.b4"	3255	[1, 1, 1, 850, 23042]	[[12, 181]]
"3255.c1"	3255	[1, 1, 1, -213605, -37759300]	[[-257, 623]]
"3255.c2"	3255	[1, 1, 1, -23730, 443550]	[[-12, 858]]
"3255.c3"	3255	[1, 1, 1, -18925, 993242]	[[202, 2236]]
"3255.c4"	3255	[1, 1, 1, -18920, 993800]	[[25856/17, 588935/17]]
"3255.c5"	3255	[1, 1, 1, -14200, 1507322]	[[4861/5, 297644/5]]
"3255.c6"	3255	[1, 1, 1, 89265, 3562212]	[[-8, 1691]]
"3255.e1"	3255	[1, 1, 0, -1142862, -470737071]	[[44187/2, 9199533/2]]
"3255.e2"	3255	[1, 1, 0, -70987, -7472696]	[[328, 1996]]
"3258.a2"	3258	[1, -1, 0, 66, -316]	[[8, 22]]
"3258.f1"	3258	[1, -1, 0, 54, -140]	[[3, 5]]
"3258.h1"	3258	[1, -1, 1, -41, -93]	[[75/2, 513/2]]
"3262.b1"	3262	[1, -1, 0, -154, -696]	[[-7, 5]]
"3262.b2"	3262	[1, -1, 0, -14, 4]	[[0, 2]]
"3262.e1"	3262	[1, -1, 1, -649, -6135]	[[-15, 0]]
"3262.e2"	3262	[1, -1, 1, -9, -247]	[[11, 24]]
"3264.a1"	3264	[0, -1, 0, -237, -1329]	[[26, 97]]
"3264.a2"	3264	[0, -1, 0, 3, -9]	[[2, 1]]
"3264.d1"	3264	[0, -1, 0, -6529, 205249]	[[63, 200]]
"3264.d2"	3264	[0, -1, 0, -769, -2975]	[[-8, 51]]
"3264.d3"	3264	[0, -1, 0, -409, 3289]	[[9, 16]]
"3264.d4"	3264	[0, -1, 0, -4, 130]	[[11, 36]]
"3264.g1"	3264	[0, -1, 0, -1833, 30825]	[[24, 9]]
"3264.g2"	3264	[0, -1, 0, -1793, 32193]	[[19, 68]]
"3264.h1"	3264	[0, -1, 0, -193, -959]	[[-8, 3]]
"3264.h2"	3264	[0, -1, 0, -33, -2655]	[[24, 99]]
"3264.i1"	3264	[0, -1, 0, -48033, -3047391]	[[-120, 987]]
"3264.i2"	3264	[0, -1, 0, -16353, 810081]	[[72, 27]]
"3264.i3"	3264	[0, -1, 0, -13793, 1069665]	[[-77, 1292]]
"3264.i4"	3264	[0, -1, 0, 115807, -19464159]	[[26888/7, 4958829/7]]
"3264.k1"	3264	[0, -1, 0, -35, 93]	[[4, 1]]
"3264.o1"	3264	[0, -1, 0, 1, -3]	[[4, 7]]
"3264.r1"	3264	[0, 1, 0, -237, 1329]	[[8, 3]]
"3264.r2"	3264	[0, 1, 0, 3, 9]	[[0, 3]]
"3264.v1"	3264	[0, 1, 0, 69, 63]	[[6, 27]]
"3264.w1"	3264	[0, 1, 0, -48033, 3047391]	[[-171, 2508]]
"3264.w2"	3264	[0, 1, 0, -16353, -810081]	[[-75, 12]]
"3264.w3"	3264	[0, 1, 0, -13793, -1069665]	[[247, 3264]]
"3264.w4"	3264	[0, 1, 0, 115807, 19464159]	[[583, 16896]]
"3264.x1"	3264	[0, 1, 0, -193, 959]	[[5, 12]]
"3264.x2"	3264	[0, 1, 0, -33, 2655]	[[-9, 48]]
"3264.z1"	3264	[0, 1, 0, -55, 431]	[[14, 51]]
"3267.f2"	3267	[0, 0, 1, -3630, -84186]	[[1089/2, 34965/2]]
"3267.f3"	3267	[0, 0, 1, 0, -333]	[[33/2, 117/2]]
"3270.a1"	3270	[1, 1, 0, -2367, -45279]	[[-28, 9]]
"3270.a2"	3270	[1, 1, 0, -187, -371]	[[18, 41]]
"3270.a3"	3270	[1, 1, 0, -107, 381]	[[5, -4]]
"3270.a4"	3270	[1, 1, 0, 713, -1991]	[[9, 68]]
"3272.a1"	3272	[0, 0, 0, -179, 238]	[[-26/3, 730/3]]
"3272.a2"	3272	[0, 0, 0, -139, 630]	[[-2, 30]]
"3276.a1"	3276	[0, 0, 0, -1431, -8370]	[[43, 98]]
"3276.a2"	3276	[0, 0, 0, 324, -999]	[[16, 91]]
"3276.d2"	3276	[0, 0, 0, -2820, -111823]	[[88, 567]]
"3276.i1"	3276	[0, 0, 0, -3639, -69410]	[[273/2, 95/2]]
"3280.a1"	3280	[0, 1, 0, -336, 2260]	[[2, 40]]
"3280.a2"	3280	[0, 1, 0, -256, 3444]	[[4, 50]]
"3280.c1"	3280	[0, 1, 0, -440, -3692]	[[-12, 2]]
"3280.g2"	3280	[0, 0, 0, -31307, 1717706]	[[157, 820]]
"3280.h1"	3280	[0, 0, 0, -8747, 314874]	[[225/2, 231/2]]
"3280.h2"	3280	[0, 0, 0, -547, 4914]	[[5, 48]]
"3280.h3"	3280	[0, 0, 0, -347, 8554]	[[10, 78]]
"3280.h4"	3280	[0, 0, 0, -47, 14]	[[-2, 10]]
"3280.k2"	3280	[0, -1, 0, 1024, -1024]	[[370, 7134]]
"3280.l1"	3280	[0, -1, 0, -50280, -2085520]	[[-422/3, 11026/3]]
"3280.l2"	3280	[0, -1, 0, -42680, -3379600]	[[250, 1230]]
"3280.l3"	3280	[0, -1, 0, -24680, 1478000]	[[10, 1110]]
"3282.b1"	3282	[1, 0, 1, -41, 1640]	[[9, 40]]
"3282.b2"	3282	[1, 0, 1, 364, -44206]	[[729, 19327]]
"3283.e1"	3283	[0, -1, 1, -604, 5921]	[[69/2, 143/2]]
"3288.a1"	3288	[0, -1, 0, -352, -2564]	[[26, 72]]
"3288.c1"	3288	[0, -1, 0, -30940, 2168548]	[[108, 274]]
"3290.a2"	3290	[1, 0, 1, -274, 1572]	[[6, 9]]
"3290.b1"	3290	[1, 0, 1, -15128, -717402]	[[217, 2387]]
"3290.b2"	3290	[1, 0, 1, -14928, -737242]	[[7807/6, 515867/6]]
"3290.b3"	3290	[1, 0, 1, -253, -252]	[[-6, 35]]
"3290.b4"	3290	[1, 0, 1, 997, -1752]	[[44, 335]]
"3290.f1"	3290	[1, -1, 1, -7513, 252481]	[[-55, 732]]
"3290.f2"	3290	[1, -1, 1, -513, 3281]	[[3, 40]]
"3290.f3"	3290	[1, -1, 1, -193, -943]	[[-7, 8]]
"3290.f4"	3290	[1, -1, 1, 1367, 20577]	[[97, 980]]
"3293.b1"	3293	[1, 0, 1, -258, 1569]	[[9, -4]]
"3294.a1"	3294	[1, -1, 0, -42, 8]	[[-2, 10]]
"3294.c1"	3294	[1, -1, 0, -662217, 203785613]	[[2962/3, 120485/3]]
"3294.c2"	3294	[1, -1, 0, -658842, 206000180]	[[-908, 7870]]
"3294.d1"	3294	[1, -1, 0, -117, 517]	[[6, -1]]
"3294.e1"	3294	[1, -1, 0, -69, 2357]	[[-13, 37]]
"3294.h1"	3294	[1, -1, 1, -8, -85]	[[25, 109]]
"3294.i1"	3294	[1, -1, 1, -5, 1]	[[-1, 2]]
"3294.j1"	3294	[1, -1, 1, -73580, -7523089]	[[-171, 277]]
"3294.j2"	3294	[1, -1, 1, -73205, -7605235]	[[-3899/5, 9686/5]]
"3294.l1"	3294	[1, -1, 1, -1055, -12905]	[[-19, 8]]
"3295.a1"	3295	[0, -1, 1, 14, -158]	[[16, 62]]
"3295.c1"	3295	[0, 0, 1, 227, 3628]	[[-11/3, 1549/3]]
"3300.b1"	3300	[0, -1, 0, -6249908, -6011849688]	[[81253/2, 22976075/2]]
"3300.b2"	3300	[0, -1, 0, -390533, -93880938]	[[782, 8850]]
"3300.d1"	3300	[0, -1, 0, 6667, 129537]	[[-8, 275]]
"3300.f1"	3300	[0, -1, 0, -308, -888]	[[22, 50]]
"3300.f2"	3300	[0, -1, 0, 67, -138]	[[7, 25]]
"3300.k2"	3300	[0, 1, 0, -1933, 37388]	[[-7, 225]]
"3300.l1"	3300	[0, 1, 0, -428, -2652]	[[-8, 18]]
"3300.l2"	3300	[0, 1, 0, -153, 648]	[[3, 15]]
"3300.n1"	3300	[0, 1, 0, 267, 1143]	[[9, 66]]
"3300.o1"	3300	[0, 1, 0, -1013, -10572]	[[-23, 33]]
"3300.o2"	3300	[0, 1, 0, 2012, -58972]	[[32, 198]]
"3300.q1"	3300	[0, 1, 0, -9908, -382812]	[[168, 1650]]
"3300.q2"	3300	[0, 1, 0, -533, -7812]	[[43, 225]]
"3302.b1"	3302	[1, 0, 0, -2347, 43569]	[[22, 41]]
"3302.d1"	3302	[1, 0, 0, 6, -124]	[[40, 234]]
"3306.f1"	3306	[1, 0, 1, -5046, -138200]	[[-40, 24]]
"3306.g1"	3306	[1, 1, 1, -320, -2329]	[[-41/2, 43/2]]
"3308.a1"	3308	[0, -1, 0, 3, -23]	[[3, 2]]
"3311.b1"	3311	[1, 1, 0, -2515, -49608]	[[2083/6, 5119/6]]
"3311.b2"	3311	[1, 1, 0, -150, -889]	[[155/2, 1693/2]]
"3312.a1"	3312	[0, 0, 0, -507, -4070]	[[-13, 18]]
"3312.a2"	3312	[0, 0, 0, 33, -290]	[[14, 54]]
"3312.d2"	3312	[0, 0, 0, -15411, -712334]	[[143, 90]]
"3312.d3"	3312	[0, 0, 0, -2451, 31570]	[[-9, 230]]
"3312.d4"	3312	[0, 0, 0, 429, 3346]	[[-1, 54]]
"3312.e2"	3312	[0, 0, 0, -1911, -29450]	[[557, 13104]]
"3312.e3"	3312	[0, 0, 0, -1866, -31025]	[[23999/13, 3520440/13]]
"3312.e4"	3312	[0, 0, 0, 2229, -139574]	[[41, 144]]
"3312.f1"	3312	[0, 0, 0, -315, 1674]	[[15, 18]]
"3312.f2"	3312	[0, 0, 0, 45, 162]	[[3, 18]]
"3312.g1"	3312	[0, 0, 0, -165, -997]	[[146, 1757]]
"3312.g2"	3312	[0, 0, 0, 15, 11]	[[2, 7]]
"3312.h1"	3312	[0, 0, 0, -110955, 2430362]	[[1543, 59202]]
"3312.h2"	3312	[0, 0, 0, -82875, 9182954]	[[143, 506]]
"3312.h3"	3312	[0, 0, 0, -5115, 147242]	[[13, 288]]
"3312.h4"	3312	[0, 0, 0, 27285, 301466]	[[7, 702]]
"3312.i1"	3312	[0, 0, 0, -495, -4239]	[[1192, 41147]]
"3312.j2"	3312	[0, 0, 0, -26175, 1644478]	[[113, 360]]
"3312.k1"	3312	[0, 0, 0, -2235, -40534]	[[55, 54]]
"3312.k2"	3312	[0, 0, 0, -75, -1222]	[[31, 162]]
"3312.l1"	3312	[0, 0, 0, -39, 18]	[[-6, 6]]
"3312.l2"	3312	[0, 0, 0, -24, -45]	[[45, 300]]
"3312.n1"	3312	[0, 0, 0, -4539, 117610]	[[47, 90]]
"3312.n2"	3312	[0, 0, 0, -219, 2698]	[[-1, 54]]
"3312.r1"	3312	[0, 0, 0, -3, 25]	[[0, 5]]
"3313.b1"	3313	[1, 0, 1, -6, 5]	[[1, 0]]
"3314.a1"	3314	[1, 0, 0, -4764702, -4003545844]	[[94248114183274/39585, 912499854364645191562/39585]]
"3314.a2"	3314	[1, 0, 0, -58822, -5496476]	[[83944/15, 16083698/15]]
"3314.a3"	3314	[1, 0, 0, 58, -22684]	[[104, 1002]]
"3314.b1"	3314	[1, 0, 0, -11, 17]	[[2, 1]]
"3315.c1"	3315	[1, 0, 0, -20, -33]	[[-3, 3]]
"3315.c2"	3315	[1, 0, 0, 25, -150]	[[7, 16]]
"3315.f1"	3315	[1, 1, 0, -26110558, 51340332637]	[[185516, 79782167]]
"3315.f2"	3315	[1, 1, 0, -8591808, -9068791113]	[[41439/2, 8014011/2]]
"3315.f3"	3315	[1, 1, 0, -1726183, 703739512]	[[1848, 60956]]
"3315.f4"	3315	[1, 1, 0, 226942, 65848887]	[[6694/5, 1493137/5]]
"3318.d1"	3318	[1, 0, 1, -3468, -78878]	[[-34, 18]]
"3318.d2"	3318	[1, 0, 1, -228, -1118]	[[-7, -9]]
"3318.f1"	3318	[1, 0, 1, -10, 8]	[[3, 1]]
"3318.f2"	3318	[1, 0, 1, 20, 56]	[[0, 7]]
"3320.a1"	3320	[0, 0, 0, -178, -1427]	[[74, 625]]
"3320.b1"	3320	[0, 1, 0, -16, -80]	[[12, 40]]
"3321.a1"	3321	[1, -1, 1, -77, 278]	[[-2, 21]]
"3322.c1"	3322	[1, -1, 1, -171, -817]	[[67, 500]]
"3324.b1"	3324	[0, -1, 0, -108, 264]	[[5/2, 91/2]]
"3324.b2"	3324	[0, -1, 0, -93, 378]	[[2, 14]]
"3325.b1"	3325	[1, 1, 1, -13, 6]	[[0, 2]]
"3325.d1"	3325	[1, -1, 1, -4855, 130772]	[[38, -29]]
"3325.d2"	3325	[1, -1, 1, -480, -478]	[[24, 25]]
"3325.d3"	3325	[1, -1, 1, -355, -2478]	[[214, 3005]]
"3325.d4"	3325	[1, -1, 1, 1895, -5228]	[[34, 295]]
"3325.e1"	3325	[1, 0, 0, -63, 242]	[[7, 9]]
"3325.g1"	3325	[1, 0, 1, -326, 1423]	[[-17, 54]]
"3325.j1"	3325	[0, 1, 1, -416508, -136028231]	[[1007470501357/14842, 1000491562510383081/14842]]
"3325.j2"	3325	[0, 1, 1, -5258, 839269]	[[677/2, 17571/2]]
"3328.d1"	3328	[0, -1, 0, 19, -11]	[[3, 8]]
"3328.e1"	3328	[0, -1, 0, 5, -1]	[[1, 2]]
"3328.g1"	3328	[0, 1, 0, -7, -11]	[[3, 2]]
"3328.g2"	3328	[0, 1, 0, -7, 661]	[[3, 26]]
"3328.h1"	3328	[0, 1, 0, 19, 11]	[[5, 16]]
"3328.i1"	3328	[0, 1, 0, 5, 1]	[[0, 1]]
"3328.j1"	3328	[0, 1, 0, -29, -5317]	[[101, 1016]]
"3328.j2"	3328	[0, 1, 0, -29, 59]	[[5, 8]]
"3330.a1"	3330	[1, -1, 0, 930, -4204]	[[43, 316]]
"3330.c1"	3330	[1, -1, 0, -3069045, -2068673675]	[[610605/7, 469986320/7]]
"3330.c2"	3330	[1, -1, 0, -2728125, 1727522941]	[[1311, 19417]]
"3330.c3"	3330	[1, -1, 0, -263925, -5795339]	[[-169, 5912]]
"3330.c4"	3330	[1, -1, 0, -191925, -32248139]	[[12413, 1375856]]
"3330.c6"	3330	[1, -1, 0, 1048275, -46998419]	[[17889/5, 4042427/5]]
"3330.d1"	3330	[1, -1, 0, -47475, 3993381]	[[6850/7, 69287/7]]
"3330.d2"	3330	[1, -1, 0, -47295, 4025025]	[[300, 3945]]
"3330.d3"	3330	[1, -1, 0, -675, 3861]	[[-3, 78]]
"3330.d4"	3330	[1, -1, 0, 2205, 26325]	[[-2, 149]]
"3330.e1"	3330	[1, -1, 0, -7785, 266341]	[[53, -4]]
"3330.f1"	3330	[1, -1, 0, -2529, -63747]	[[87, 564]]
"3330.g1"	3330	[1, -1, 0, -560994, 164964500]	[[481, 2257]]
"3330.i1"	3330	[1, -1, 0, -5739, -165907]	[[89, 105]]
"3330.n1"	3330	[1, -1, 1, -62333, -6089019]	[[395, 5352]]
"3330.o1"	3330	[1, -1, 1, -638, 6357]	[[15, -7]]
"3330.t1"	3330	[1, -1, 1, 103, 121]	[[1, 14]]
"3330.u1"	3330	[1, -1, 1, -63797, 6225869]	[[147, 16]]
"3330.u2"	3330	[1, -1, 1, 1138, 40061]	[[291, 4849]]
"3330.v1"	3330	[1, -1, 1, -482, -3949]	[[351/2, 5963/2]]
"3330.v2"	3330	[1, -1, 1, -167, -9241]	[[57, 376]]
"3335.b1"	3335	[0, -1, 1, -98021, 11844826]	[[-122, 4687]]
"3336.c1"	3336	[0, -1, 0, 5, 4]	[[1, 3]]
"3336.d1"	3336	[0, -1, 0, -31696, 2182588]	[[102, 20]]
"3337.b1"	3337	[1, 1, 1, -3125503, -2128207562]	[[132892/7, 32706155/7]]
"3339.f2"	3339	[1, -1, 0, 9, 112]	[[32, 164]]
"3340.a1"	3340	[0, 1, 0, -25, 48]	[[3, 3]]
"3340.a2"	3340	[0, 1, 0, 175, -212]	[[8, 42]]
"3341.a1"	3341	[1, -1, 1, -75, -226]	[[-17/2, 7/2]]
"3341.a2"	3341	[1, -1, 1, -10, 8]	[[-1, 4]]
"3344.e1"	3344	[0, -1, 0, -5192, -142832]	[[96, 484]]
"3344.h1"	3344	[0, 1, 0, 1056, 2420]	[[58, 512]]
"3344.i1"	3344	[0, 1, 0, -5, 47]	[[11, 38]]
"3345.a1"	3345	[0, -1, 1, 1184, -8328]	[[103, 1093]]
"3345.b1"	3345	[0, -1, 1, -21, 227]	[[3, 13]]
"3345.c1"	3345	[0, -1, 1, -7250, -236719]	[[725/2, 16721/2]]
"3346.b1"	3346	[1, 1, 0, -127375, 384549]	[[-1139435/87, 2698050256/87]]
"3346.b2"	3346	[1, 1, 0, -86415, -9781723]	[[-78564238337/22011, 775119623201764/22011]]
"3348.a1"	3348	[0, 0, 0, -12, -15]	[[-2, 1]]
"3348.c1"	3348	[0, 0, 0, -216, -3564]	[[45, 279]]
"3348.d1"	3348	[0, 0, 0, -540, 1269]	[[-5, 62]]
"3348.f1"	3348	[0, 0, 0, -120, 628]	[[-3, 31]]
"3348.g1"	3348	[0, 0, 0, -1080, -16956]	[[40, 62]]
"3349.a1"	3349	[0, 0, 1, -79, 270]	[[5, 0]]
"3350.a1"	3350	[1, -1, 0, -32, -64]	[[8, 8]]
"3354.a1"	3354	[1, 1, 0, -301, 1849]	[[0, 43]]
"3354.a2"	3354	[1, 1, 0, -41, -75]	[[7, 3]]
"3360.a1"	3360	[0, -1, 0, -376, -2684]	[[25, 54]]
"3360.a2"	3360	[0, -1, 0, -176, 936]	[[13, 26]]
"3360.a3"	3360	[0, -1, 0, -26, -24]	[[-2, 4]]
"3360.a4"	3360	[0, -1, 0, 79, -255]	[[19, 88]]
"3360.b1"	3360	[0, -1, 0, -26, 60]	[[4, 2]]
"3360.b2"	3360	[0, -1, 0, -1, 145]	[[1, 12]]
"3360.c1"	3360	[0, -1, 0, -317521, -68760575]	[[1497339/23, 1792389016/23]]
"3360.c2"	3360	[0, -1, 0, -22296, -786060]	[[-124, 238]]
"3360.c3"	3360	[0, -1, 0, -19846, -1069280]	[[2808, 148580]]
"3360.c4"	3360	[0, -1, 0, -17416, -1343384]	[[4054509/38, 8153356825/38]]
"3360.d1"	3360	[0, -1, 0, -324016, 71098216]	[[7245/2, 589127/2]]
"3360.d2"	3360	[0, -1, 0, -29016, 67716]	[[-563/2, 9273/2]]
"3360.d3"	3360	[0, -1, 0, -20266, 1114216]	[[78, 44]]
"3360.d4"	3360	[0, -1, 0, -11761, 2048065]	[[1779, 74888]]
"3360.e1"	3360	[0, -1, 0, -2416, 46516]	[[28, 6]]
"3360.e3"	3360	[0, -1, 0, -166, 616]	[[-5, 36]]
"3360.e4"	3360	[0, -1, 0, 464, 3640]	[[9, 92]]
"3360.j1"	3360	[0, -1, 0, -210, -900]	[[20, 50]]
"3360.j2"	3360	[0, -1, 0, 415, -5775]	[[25, 140]]
"3360.k1"	3360	[0, -1, 0, -14120, 650532]	[[24, 570]]
"3360.k2"	3360	[0, -1, 0, -2240, -26520]	[[157, 1862]]
"3360.k3"	3360	[0, -1, 0, -890, 10200]	[[22, 28]]
"3360.k4"	3360	[0, -1, 0, 335, 34945]	[[-13, 168]]
"3360.o1"	3360	[0, 1, 0, -2416, -46516]	[[167, 2058]]
"3360.o3"	3360	[0, 1, 0, -166, -616]	[[17, 42]]
"3360.o4"	3360	[0, 1, 0, 464, -3640]	[[11, 54]]
"3360.p1"	3360	[0, 1, 0, -317521, 68760575]	[[341, 504]]
"3360.p2"	3360	[0, 1, 0, -22296, 786060]	[[159, 1134]]
"3360.p3"	3360	[0, 1, 0, -19846, 1069280]	[[26, 756]]
"3360.p4"	3360	[0, 1, 0, -17416, 1343384]	[[14, 1050]]
"3360.r1"	3360	[0, 1, 0, -26, -60]	[[6, 6]]
"3360.r2"	3360	[0, 1, 0, -1, -145]	[[11, 36]]
"3360.u1"	3360	[0, 1, 0, -680, 6600]	[[19, 30]]
"3360.u2"	3360	[0, 1, 0, -400, -3172]	[[23, 18]]
"3360.u3"	3360	[0, 1, 0, -50, 48]	[[-2, 12]]
"3360.u4"	3360	[0, 1, 0, 175, 543]	[[13, 72]]
"3360.w1"	3360	[0, 1, 0, -210, 900]	[[0, 30]]
"3360.w2"	3360	[0, 1, 0, 415, 5775]	[[-5, 60]]
"3360.z1"	3360	[0, 1, 0, -84000, 9342648]	[[171, 90]]
"3360.z2"	3360	[0, 1, 0, -5880, 107100]	[[15, 150]]
"3360.z3"	3360	[0, 1, 0, -5250, 144648]	[[36, 60]]
"3360.z4"	3360	[0, 1, 0, -4625, 181023]	[[1, 420]]
"3362.a1"	3362	[1, 0, 1, -3500, -79974]	[[222, 3066]]
"3362.a2"	3362	[1, 0, 1, -220, -1254]	[[-8, 6]]
"3362.b1"	3362	[1, 1, 0, -19366, -1027446]	[[-6359/9, 122986/9]]
"3362.b2"	3362	[1, 1, 0, -2556, 24860]	[[-37, 284]]
"3362.c1"	3362	[1, 1, 0, -5882694, -5494222780]	[[-375127975614357221/16367265, 2985417272000212508425303/16367265]]
"3362.c2"	3362	[1, 1, 0, -369014, -85302700]	[[-181040525/709, 428594878630/709]]
"3363.a1"	3363	[0, -1, 1, -151, -675]	[[43, 265]]
"3365.b1"	3365	[0, 0, 1, -8, 8]	[[2, 0]]
"3365.c1"	3365	[0, 1, 1, -2980, 61631]	[[125/2, 1/2]]
"3366.a1"	3366	[1, -1, 0, -1764, 28944]	[[16, 60]]
"3366.a2"	3366	[1, -1, 0, -1404, 40824]	[[-9, 234]]
"3366.c1"	3366	[1, -1, 0, -1638, -25110]	[[-23, 12]]
"3366.c2"	3366	[1, -1, 0, -108, -324]	[[-6, 12]]
"3366.e1"	3366	[1, -1, 0, -12638223, 17296430445]	[[2065, -70]]
"3366.e2"	3366	[1, -1, 0, -789903, 270394605]	[[382, 4737]]
"3366.e3"	3366	[1, -1, 0, -738063, 307377261]	[[-21, 17979]]
"3366.e4"	3366	[1, -1, 0, -52623, 3646701]	[[183, 255]]
"3366.f1"	3366	[1, -1, 0, -149351112, 702560755008]	[[-1083637136/337, 43123967468216/337]]
"3366.f2"	3366	[1, -1, 0, -149349672, 702574979040]	[[657633/8, 254800995/8]]
"3366.f3"	3366	[1, -1, 0, -1849032, 958443840]	[[3969, 234936]]
"3366.f4"	3366	[1, -1, 0, -374472, 2443915584]	[[-1095, 39792]]
"3366.g1"	3366	[1, -1, 0, -1782, -28512]	[[57, 201]]
"3366.g2"	3366	[1, -1, 0, -1692, -31590]	[[87, 645]]
"3366.h1"	3366	[1, -1, 0, -4902, 133334]	[[41, -17]]
"3366.h2"	3366	[1, -1, 0, -312, 2060]	[[7, 10]]
"3366.j1"	3366	[1, -1, 0, -81, 157]	[[-6, 23]]
"3366.j2"	3366	[1, -1, 0, 279, 949]	[[5, 47]]
"3366.k1"	3366	[1, -1, 0, -3554496, 2580267820]	[[1095, -190]]
"3366.k2"	3366	[1, -1, 0, -222156, 40358272]	[[281, 107]]
"3366.k3"	3366	[1, -1, 0, -219096, 41521684]	[[125, 3947]]
"3366.k4"	3366	[1, -1, 0, -14076, 614992]	[[89, 203]]
"3366.k5"	3366	[1, -1, 0, -2556, -37040]	[[-37, 95]]
"3366.k6"	3366	[1, -1, 0, 9684, 2463520]	[[-55, 1355]]
"3366.l1"	3366	[1, -1, 1, -26861, 1696821]	[[107, 144]]
"3366.l2"	3366	[1, -1, 1, -2381, 2805]	[[-37, 216]]
"3366.n1"	3366	[1, -1, 1, -290, 289]	[[-7, 47]]
"3366.n2"	3366	[1, -1, 1, 1150, 1441]	[[7, 95]]
"3370.b1"	3370	[1, 0, 1, -14, -38]	[[16, 54]]
"3374.a1"	3374	[1, 1, 0, -135, 341]	[[-13, 17]]
"3374.a2"	3374	[1, 1, 0, 25, 53]	[[286, 4705]]
"3376.b1"	3376	[0, 0, 0, 13, 178]	[[9, 32]]
"3378.a1"	3378	[1, 1, 0, -13, -35]	[[5, 5]]
"3378.b1"	3378	[1, 0, 1, 60, -830]	[[17, 63]]
"3378.c1"	3378	[1, 0, 1, 20, 68]	[[-2, 5]]
"3378.d1"	3378	[1, 0, 0, -7619, 261825]	[[22, 313]]
"3380.c1"	3380	[0, 1, 0, -6985, -226992]	[[-49, 5]]
"3380.c2"	3380	[0, 1, 0, -6140, -283100]	[[160, 1690]]
"3380.c3"	3380	[0, 1, 0, -225, 820]	[[-12, 44]]
"3380.c4"	3380	[0, 1, 0, 620, 6228]	[[43, 338]]
"3380.h1"	3380	[0, 1, 0, -85570, -9663107]	[[-1523/3, 1/3]]
"3380.j1"	3380	[0, -1, 0, -47545, 4006170]	[[117, 177]]
"3380.j2"	3380	[0, -1, 0, -46700, 4154552]	[[334, 5070]]
"3381.a1"	3381	[1, 1, 1, -36, 90]	[[-6, 14]]
"3381.b1"	3381	[1, 1, 1, -33664, -2398306]	[[371518/13, 223281586/13]]
"3381.c1"	3381	[1, 0, 0, -687, 6894]	[[-3, 96]]
"3381.d1"	3381	[1, 0, 0, -1765, -36226]	[[85, 613]]
"3381.m1"	3381	[0, -1, 1, 82, -253]	[[13/2, 45/2]]
"3384.c1"	3384	[0, 0, 0, -8868, 304004]	[[394, 7614]]
"3384.d2"	3384	[0, 0, 0, 105, 106]	[[2, 18]]
"3384.e1"	3384	[0, 0, 0, -732, -7292]	[[-16, 18]]
"3385.a1"	3385	[0, 0, 1, -32, 62]	[[2, 2]]
"3388.b2"	3388	[0, 1, 0, -29, -68]	[[-3, 1]]
"3388.c1"	3388	[0, 1, 0, -84, -332]	[[11, 14]]
"3388.c2"	3388	[0, 1, 0, 356, -1212]	[[76, 686]]
"3388.g1"	3388	[0, 1, 0, 241355, -77200169]	[[645, 18634]]
"3390.b1"	3390	[1, 0, 1, -64, 206]	[[1, 11]]
"3390.c1"	3390	[1, 0, 1, -190773, -43940672]	[[659, 10470]]
"3391.a1"	3391	[1, 0, 0, -4, 1]	[[0, 1]]
"3392.a1"	3392	[0, 0, 0, 20, -176]	[[10, 32]]
"3392.c1"	3392	[0, 1, 0, -577, 14271]	[[143, 1696]]
"3392.c2"	3392	[0, 1, 0, 63, -449]	[[15, 64]]
"3392.e1"	3392	[0, 1, 0, -1761, -29057]	[[51, 128]]
"3392.i1"	3392	[0, -1, 0, -481, -3967]	[[77, 640]]
"3392.k1"	3392	[0, 1, 0, -1574593, 759977791]	[[15, 27136]]
"3392.k2"	3392	[0, 1, 0, -18113, 1185599]	[[119/5, 131072/5]]
"3392.l1"	3392	[0, 1, 0, -17, 47]	[[-1, 8]]
"3392.p1"	3392	[0, -1, 0, -69, 245]	[[-4, 21]]
"3392.p2"	3392	[0, -1, 0, -49, 369]	[[9, 24]]
"3393.c1"	3393	[1, -1, 1, -1424, 20998]	[[26, 19]]
"3393.c2"	3393	[1, -1, 1, -119, 118]	[[-8, 26]]
"3393.c3"	3393	[1, -1, 1, -74, -224]	[[20, 67]]
"3393.c4"	3393	[1, -1, 1, 466, 586]	[[5, 52]]
"3393.e1"	3393	[1, -1, 0, -477, -1508]	[[-4, 20]]
"3393.e2"	3393	[1, -1, 0, 108, -221]	[[146, 1691]]
"3394.b1"	3394	[1, 0, 0, -10, 4]	[[0, 2]]
"3395.a1"	3395	[0, 0, 1, -178, -917]	[[661/3, 16678/3]]
"3395.b1"	3395	[0, -1, 1, 210, -43857]	[[141/2, 621/2]]
"3395.c1"	3395	[0, 1, 1, -456, 3721]	[[61/2, 183/2]]
"3396.a1"	3396	[0, 1, 0, 71, 152]	[[-1, 9]]
"3397.a1"	3397	[1, 1, 1, -19, 18]	[[8, 17]]
"3399.a2"	3399	[1, 0, 1, -41, 47]	[[-3, 13]]
"3400.a1"	3400	[0, 1, 0, -88508, -10164512]	[[20472/7, 1747600/7]]
"3400.a2"	3400	[0, 1, 0, -88008, -10284512]	[[588, 11900]]
"3400.d1"	3400	[0, 0, 0, -29075, -1867250]	[[-12986/11, 173538/11]]
"3400.d2"	3400	[0, 0, 0, -4075, 57750]	[[-66, 198]]
"3400.d3"	3400	[0, 0, 0, -3575, 82250]	[[34, 2]]
"3400.d4"	3400	[0, 0, 0, 12925, 414750]	[[-1946/9, 219142/9]]
"3400.g1"	3400	[0, -1, 0, -108, 212]	[[-7, 24]]
"3400.g2"	3400	[0, -1, 0, 392, 1212]	[[42, 300]]
"3402.a2"	3402	[1, -1, 0, 714, 7028]	[[-4, 66]]
"3402.f1"	3402	[1, -1, 0, -987, -11683]	[[-73/2, 83/2]]
"3402.f2"	3402	[1, -1, 0, -42, 98]	[[1, 7]]
"3402.k1"	3402	[1, -1, 1, -7184, 234739]	[[43, 41]]
"3404.a1"	3404	[0, 0, 0, -25, -59]	[[12, 37]]
"3405.a1"	3405	[0, -1, 1, 5, -12]	[[4, 7]]
"3408.c1"	3408	[0, -1, 0, -232, -1232]	[[18, 10]]
"3408.c2"	3408	[0, -1, 0, 8, -80]	[[10, 30]]
"3408.g1"	3408	[0, 1, 0, -104, 276]	[[12, 30]]
"3408.g2"	3408	[0, 1, 0, 16, 36]	[[0, 6]]
"3410.a1"	3410	[1, 0, 1, -349, -1944]	[[-9, 26]]
"3410.a2"	3410	[1, 0, 1, 51, -184]	[[8, 23]]
"3411.a1"	3411	[1, -1, 0, -18, -77]	[[6, -1]]
"3414.b1"	3414	[1, 0, 0, -19, 65]	[[2, 5]]
"3416.a1"	3416	[0, 0, 0, -19, -2]	[[-1, 4]]
"3417.b1"	3417	[0, 1, 1, -495626, 134135924]	[[409, 100]]
"3417.d1"	3417	[0, -1, 1, -549, -8113]	[[455, 9681]]
"3417.f2"	3417	[1, 0, 1, -77, -205]	[[3255/2, 182465/2]]
"3417.f3"	3417	[1, 0, 1, -72, -239]	[[52081/16, 11463713/16]]
"3417.f4"	3417	[1, 0, 1, 178, -1225]	[[19121/56, 1129269/56]]
"3419.b1"	3419	[1, 1, 0, -2347, 42798]	[[111/2, -105/2]]
"3420.a1"	3420	[0, 0, 0, -687, 1366]	[[-13, 90]]
"3420.a2"	3420	[0, 0, 0, 168, 169]	[[8, 45]]
"3420.b1"	3420	[0, 0, 0, -31287, -1922434]	[[-98, 450]]
"3420.b2"	3420	[0, 0, 0, -30432, -2043331]	[[203, 380]]
"3420.d1"	3420	[0, 0, 0, -927, 10854]	[[3, 90]]
"3420.d2"	3420	[0, 0, 0, -72, 81]	[[0, 9]]
"3420.e1"	3420	[0, 0, 0, -332607, 73806694]	[[323, 270]]
"3420.e2"	3420	[0, 0, 0, -23952, 778921]	[[135, 76]]
"3420.e3"	3420	[0, 0, 0, -11847, -370514]	[[-247/2, 2835/2]]
"3420.e4"	3420	[0, 0, 0, -10992, -443531]	[[9955/9, 181412/9]]
"3421.a1"	3421	[0, -1, 1, 23, -35]	[[29, 155]]
"3422.b1"	3422	[1, 0, 1, -15, -22]	[[-2, 1]]
"3422.c1"	3422	[1, 0, 1, -15989, -779136]	[[-662/3, 517/3]]
"3422.d1"	3422	[1, 0, 1, -253, -7400]	[[595/3, 13018/3]]
"3422.e1"	3422	[1, -1, 1, -786, 8673]	[[7, 55]]
"3422.g1"	3422	[1, 1, 1, -61939, -5959085]	[[-876749/78, 33956879/78]]
"3423.a1"	3423	[0, 1, 1, -554, 4946]	[[-8, 94]]
"3423.b1"	3423	[1, 0, 0, -763, -7546]	[[35, 77]]
"3423.b2"	3423	[1, 0, 0, 52, -537]	[[7, 10]]
"3423.d1"	3423	[1, 0, 1, -1320, 12703]	[[161, 1914]]
"3423.d2"	3423	[1, 0, 1, -505, -4249]	[[-879/8, 9245/8]]
"3423.d3"	3423	[1, 0, 1, -500, -4339]	[[66091/45, 9398926/45]]
"3423.d4"	3423	[1, 0, 1, 230, -15421]	[[64041/40, 14144041/40]]
"3424.b1"	3424	[0, 0, 0, -11, 18]	[[2, 2]]
"3429.a1"	3429	[0, 0, 1, -6, 32]	[[16, 63]]
"3429.b1"	3429	[0, 0, 1, -54, -871]	[[79, 698]]
"3431.b1"	3431	[1, 0, 1, -1868, 31525]	[[-29, 262]]
"3432.b1"	3432	[0, -1, 0, -4856, -152436]	[[365/2, 3159/2]]
"3432.e1"	3432	[0, 1, 0, -1704, -27600]	[[119, 1212]]
"3432.e2"	3432	[0, 1, 0, -1464, 20976]	[[223/3, 620/3]]
"3432.e3"	3432	[0, 1, 0, -144, -144]	[[15, 36]]
"3432.e4"	3432	[0, 1, 0, 36, 0]	[[3, 12]]
"3432.f1"	3432	[0, 1, 0, -40888, -2941984]	[[-100, 396]]
"3432.f2"	3432	[0, 1, 0, 2852, -212608]	[[71, 594]]
"3435.a1"	3435	[0, 1, 1, -131536, 18318016]	[[209, 1]]
"3435.b1"	3435	[1, 0, 0, -1221, -16524]	[[41, 32]]
"3435.b2"	3435	[1, 0, 0, -76, -265]	[[499/7, 505/7]]
"3435.d2"	3435	[1, 0, 1, 151, -889]	[[21, 97]]
"3438.a1"	3438	[1, -1, 0, -828, -8906]	[[41, 137]]
"3438.a2"	3438	[1, -1, 0, -18, -320]	[[14, 38]]
"3438.b1"	3438	[1, -1, 0, -110016, -14017860]	[[62415/11, 10492965/11]]
"3438.b3"	3438	[1, -1, 0, -6876, -217728]	[[459, 9423]]
"3444.a1"	3444	[0, -1, 0, -12, -24]	[[5, 4]]
"3444.b1"	3444	[0, -1, 0, -43977092, -242078256696]	[[26842, 4232758]]
"3444.d1"	3444	[0, -1, 0, 44, 3304]	[[18, 98]]
"3444.e1"	3444	[0, -1, 0, -3260, 73224]	[[25, 82]]
"3445.b1"	3445	[1, 0, 1, -359, -2643]	[[89, 775]]
"3445.b2"	3445	[1, 0, 1, -354, -2719]	[[25, 52]]
"3447.a1"	3447	[0, 0, 1, -84, 265]	[[1, 13]]
"3450.c1"	3450	[1, 1, 0, -19650, -742500]	[[-75, 600]]
"3450.c2"	3450	[1, 1, 0, 3350, -75500]	[[380, 7310]]
"3450.e1"	3450	[1, 1, 0, -3450, 76500]	[[60, 270]]
"3450.g1"	3450	[1, 1, 0, -54075, 3052125]	[[-186, 2685]]
"3450.h1"	3450	[1, 0, 1, -71, 218]	[[3, 4]]
"3450.i1"	3450	[1, 0, 1, -66701, -4248952]	[[-157, 1614]]
"3450.i2"	3450	[1, 0, 1, -27326, 1736048]	[[93, -11]]
"3450.j1"	3450	[1, 0, 1, -34560276, -78204168302]	[[18956, 2455926]]
"3450.j2"	3450	[1, 0, 1, -2528276, -777224302]	[[-618, 23746]]
"3450.j3"	3450	[1, 0, 1, -2160276, -1221768302]	[[-838, 906]]
"3450.j4"	3450	[1, 0, 1, -112276, -25736302]	[[4642, 313091]]
"3450.k1"	3450	[1, 0, 1, -6176, 186248]	[[42, 16]]
"3450.k2"	3450	[1, 0, 1, -2676, -51752]	[[-28, 51]]
"3450.k3"	3450	[1, 0, 1, -426, 2248]	[[2, 36]]
"3450.k4"	3450	[1, 0, 1, 74, 248]	[[1, 17]]
"3450.o1"	3450	[1, 1, 1, -19263, 167781]	[[141, 458]]
"3450.o2"	3450	[1, 1, 1, -14388, 658281]	[[69, -33]]
"3450.o3"	3450	[1, 1, 1, -888, 10281]	[[15, 17]]
"3450.o4"	3450	[1, 1, 1, 4737, 23781]	[[45, 552]]
"3450.r1"	3450	[1, 1, 1, -2668, -35059]	[[-31, 153]]
"3450.r2"	3450	[1, 1, 1, -1093, 13451]	[[11, 48]]
"3450.s1"	3450	[1, 1, 1, -1763, 27281]	[[-15, 232]]
"3450.v1"	3450	[1, 0, 0, -2163, 24417]	[[-18, 249]]
"3450.w1"	3450	[1, 0, 0, -138, 612]	[[6, 0]]
"3451.c1"	3451	[0, 0, 1, 1100, -195356]	[[2617/6, 111871/6]]
"3452.a1"	3452	[0, -1, 0, 2, 5]	[[-1, 1]]
"3454.d1"	3454	[1, 0, 0, -12, -32]	[[6, 8]]
"3454.g1"	3454	[1, 0, 0, 0, -4]	[[4, 6]]
"3454.h1"	3454	[1, 0, 0, -78788, -8518900]	[[236970700/609, 3138691959250/609]]
"3454.h2"	3454	[1, 0, 0, -288, -27712]	[[874/3, 23764/3]]
"3454.h3"	3454	[1, 0, 0, 32, 1024]	[[-6, 28]]
"3455.b1"	3455	[0, 1, 1, 19, 0]	[[4, 12]]
"3456.f1"	3456	[0, 0, 0, 27, -54]	[[6, 18]]
"3456.g1"	3456	[0, 0, 0, 12, -16]	[[2, 4]]
"3458.d1"	3458	[1, 0, 0, -60892, -5789676]	[[600, 12882]]
"3458.f1"	3458	[1, -1, 1, -418, 3745]	[[19, 39]]
"3459.a2"	3459	[1, 1, 1, -8, -100]	[[35/2, 157/2]]
"3462.a1"	3462	[1, 1, 1, -44, 71]	[[23/2, 31/2]]
"3462.b1"	3462	[1, 1, 1, -4108, 99629]	[[37, -15]]
"3462.b2"	3462	[1, 1, 1, -268, 1325]	[[5, 9]]
"3465.d1"	3465	[1, -1, 1, -18482, 971696]	[[79, -36]]
"3465.d2"	3465	[1, -1, 1, -1832, -4084]	[[69, 406]]
"3465.d3"	3465	[1, -1, 1, -1157, 15356]	[[24, 19]]
"3465.d4"	3465	[1, -1, 1, -32, 506]	[[0, 22]]
"3465.e1"	3465	[1, -1, 1, -677, -6506]	[[34, 77]]
"3465.e2"	3465	[1, -1, 1, -2, -296]	[[8, 8]]
"3465.g1"	3465	[1, -1, 1, -19112, 1010724]	[[92, 111]]
"3465.g2"	3465	[1, -1, 1, -2237, -15276]	[[92, 696]]
"3465.g3"	3465	[1, -1, 1, -1832, -29694]	[[-24, 9]]
"3465.g4"	3465	[1, -1, 1, 8158, -123384]	[[71, 864]]
"3465.h1"	3465	[0, 0, 1, 4902, -68922]	[[14, 49]]
"3465.j1"	3465	[0, 0, 1, -7572, 253620]	[[50, 4]]
"3465.j2"	3465	[0, 0, 1, -12, 927]	[[5, 31]]
"3465.m2"	3465	[1, -1, 0, 0, 11]	[[2, 3]]
"3465.o1"	3465	[1, -1, 0, -38445, -1310454]	[[222, 918]]
"3465.o2"	3465	[1, -1, 0, 8430, -157329]	[[22, 185]]
"3465.r1"	3465	[0, 0, 1, -241113, 861529329]	[[-778216519/2774, 634971242218919/2774]]
"3465.r2"	3465	[0, 0, 1, -80463, -10287981]	[[1889/2, 60413/2]]
"3465.t1"	3465	[0, 0, 1, -1137, -14805]	[[8225/2, 745835/2]]
"3468.d1"	3468	[0, -1, 0, -72057, 7506882]	[[193, 867]]
"3468.e1"	3468	[0, 1, 0, -249, 1440]	[[3, 27]]
"3468.g1"	3468	[0, 1, 0, -468565, -123784009]	[[929, 15606]]
"3468.h1"	3468	[0, 1, 0, -45, 2511]	[[45, 306]]
"3470.b1"	3470	[1, 0, 1, -14, 16]	[[1, 1]]
"3471.c1"	3471	[1, 1, 0, -12, -117]	[[14, 45]]
"3472.g1"	3472	[0, -1, 0, -2224, -29760]	[[-24, 96]]
"3472.g2"	3472	[0, -1, 0, 336, -3136]	[[26, 150]]
"3474.a2"	3474	[1, -1, 0, -6948, 224640]	[[51, 6]]
"3474.a3"	3474	[1, -1, 0, -6408, 260604]	[[-47, 699]]
"3474.a4"	3474	[1, -1, 0, -468, 3024]	[[3, 39]]
"3474.c1"	3474	[1, -1, 0, -612, -5612]	[[-13, 2]]
"3474.c2"	3474	[1, -1, 0, -72, 112]	[[-4, 20]]
"3474.f1"	3474	[1, -1, 1, -302, 2045]	[[-3, 55]]
"3474.f2"	3474	[1, -1, 1, 58, 6365]	[[3, 79]]
"3477.a1"	3477	[1, 0, 0, 9, -18]	[[9, 24]]
"3477.b2"	3477	[1, 1, 0, -7411, -228830]	[[117931/30, 26178331/30]]
"3477.b3"	3477	[1, 1, 0, -1616, 20355]	[[1555/6, 34855/6]]
"3477.b4"	3477	[1, 1, 0, 189, 1944]	[[4/3, 1210/3]]
"3479.f1"	3479	[1, 0, 1, 1199, 8425]	[[-1, 85]]
"3480.b1"	3480	[0, -1, 0, 24, -15]	[[8, 25]]
"3480.c1"	3480	[0, -1, 0, -10416, -405684]	[[6161/4, 463855/4]]
"3480.c2"	3480	[0, -1, 0, -696, -5220]	[[-19, 28]]
"3480.d1"	3480	[0, -1, 0, -3720, -86100]	[[485/2, 8875/2]]
"3480.d2"	3480	[0, -1, 0, -240, -1188]	[[-7, 10]]
"3480.d3"	3480	[0, -1, 0, -60, 180]	[[2, 8]]
"3480.d4"	3480	[0, -1, 0, 360, -6708]	[[113, 1210]]
"3480.f1"	3480	[0, -1, 0, -40, -68]	[[-3, 4]]
"3480.f2"	3480	[0, -1, 0, 80, -500]	[[21, 100]]
"3480.j1"	3480	[0, 1, 0, -1336, 12464]	[[-5, 138]]
"3480.j2"	3480	[0, 1, 0, -1216, 15920]	[[19, 6]]
"3480.m1"	3480	[0, 1, 0, -4036, 97385]	[[-28, 435]]
"3480.n1"	3480	[0, 1, 0, -36, 0]	[[6, 6]]
"3480.n2"	3480	[0, 1, 0, 144, 144]	[[0, 12]]
"3480.r1"	3480	[0, 1, 0, -1099040, -424917600]	[[-605, 4350]]
"3480.r2"	3480	[0, 1, 0, -190760, 23409408]	[[91, 2610]]
"3480.r3"	3480	[0, 1, 0, -176180, 28401600]	[[250, 210]]
"3480.r4"	3480	[0, 1, 0, -176175, 28403298]	[[291, 1365]]
"3480.r5"	3480	[0, 1, 0, -161680, 33285200]	[[-40, 6300]]
"3480.r6"	3480	[0, 1, 0, 484240, 152469408]	[[3091, 176610]]
"3483.b1"	3483	[1, -1, 1, -452, 3808]	[[22, 53]]
"3483.c1"	3483	[0, 0, 1, -12, 16]	[[2, 0]]
"3483.d1"	3483	[0, 0, 1, -108, -439]	[[85, 777]]
"3483.e1"	3483	[1, -1, 0, -4065, -98758]	[[4094/5, 227168/5]]
"3486.a1"	3486	[1, 1, 0, -30376, 1910080]	[[48, 728]]
"3486.a2"	3486	[1, 1, 0, 24504, 8111520]	[[391, 8617]]
"3486.b1"	3486	[1, 1, 0, 12495, 5812821]	[[159, 3363]]
"3486.c1"	3486	[1, 1, 0, -10, 28]	[[1, 4]]
"3486.g1"	3486	[1, 1, 1, -3777, 87771]	[[27, 66]]
"3486.g2"	3486	[1, 1, 1, -3707, 91271]	[[115/2, 661/2]]
"3486.k1"	3486	[1, 0, 0, 273, 441]	[[0, 21]]
"3486.m1"	3486	[1, 0, 0, -644, -6240]	[[-14, 16]]
"3486.m2"	3486	[1, 0, 0, -84, 144]	[[0, 12]]
"3494.a1"	3494	[1, 1, 0, -141, -707]	[[37, 197]]
"3494.b1"	3494	[1, 0, 0, 30, 68]	[[4, 14]]
"3496.e1"	3496	[0, 0, 0, 28, 52]	[[12, 46]]
"3496.f1"	3496	[0, 1, 0, -5528, 156641]	[[44, 23]]
"3496.g1"	3496	[0, 1, 0, 48, -367]	[[7, 19]]
"3497.c1"	3497	[0, -1, 1, -187, 1040]	[[12, 19]]
"3501.b1"	3501	[0, 0, 1, -543, -4865]	[[-55/2, 7/2]]
"3504.a1"	3504	[0, -1, 0, -1560, -23184]	[[-22, 2]]
"3504.a2"	3504	[0, -1, 0, -120, -144]	[[-6, 18]]
"3504.f1"	3504	[0, -1, 0, -308, 1440]	[[4, 16]]
"3504.f2"	3504	[0, -1, 0, 57, 126]	[[62, 488]]
"3504.g2"	3504	[0, -1, 0, -48, 2880]	[[-6, 54]]
"3504.h1"	3504	[0, -1, 0, -88, -224]	[[-3, 2]]
"3504.h2"	3504	[0, -1, 0, -28, 64]	[[0, 8]]
"3504.i2"	3504	[0, -1, 0, -23, -42]	[[406/5, 7504/5]]
"3504.j4"	3504	[0, -1, 0, -31128, -2097936]	[[-2644/5, 704/5]]
"3504.l1"	3504	[0, -1, 0, -152, 720]	[[10, 10]]
"3504.o1"	3504	[0, 1, 0, -20760, 1144404]	[[84, 18]]
"3504.o2"	3504	[0, 1, 0, -1320, 16884]	[[12, 54]]
"3504.t1"	3504	[0, 1, 0, -408, -3276]	[[-12, 6]]
"3504.t2"	3504	[0, 1, 0, -48, 36]	[[0, 6]]
"3504.u1"	3504	[0, 1, 0, -1048, 12692]	[[28, 78]]
"3504.u2"	3504	[0, 1, 0, -88, 20]	[[-4, 18]]
"3504.w1"	3504	[0, 1, 0, -5232, 99828]	[[84, 510]]
"3504.w2"	3504	[0, 1, 0, -1992, -33660]	[[-24, 30]]
"3504.w3"	3504	[0, 1, 0, -1972, -34372]	[[74, 480]]
"3504.w4"	3504	[0, 1, 0, 928, -121260]	[[70, 540]]
"3507.c1"	3507	[0, -1, 1, -77, 2969]	[[31, 171]]
"3508.a1"	3508	[0, 1, 0, -29, 47]	[[2, 1]]
"3509.d1"	3509	[0, 0, 1, -1331, 18301]	[[121/2, 601/2]]
"3510.h2"	3510	[1, -1, 0, -879, -29395]	[[430/3, 4475/3]]
"3510.h3"	3510	[1, -1, 0, 96, 960]	[[16, 72]]
"3510.m1"	3510	[1, -1, 1, -23708, -898073]	[[-1013/3, 17131/3]]
"3514.d1"	3514	[1, -1, 1, -894, -4851]	[[-23, 67]]
"3514.f1"	3514	[1, 0, 0, -21, -31]	[[-2, 3]]
"3519.a1"	3519	[1, -1, 1, 136255, 49428326]	[[282, 10357]]
"3519.b1"	3519	[0, 0, 1, -6, -3]	[[-1, 1]]
"3519.c1"	3519	[0, 0, 1, -4746, -121595]	[[-35, 40]]
"3519.f1"	3519	[1, -1, 0, 153, 918]	[[6, 42]]
"3519.h1"	3519	[0, 0, 1, -165, -711]	[[-31/2, 77/2]]
"3520.c2"	3520	[0, 1, 0, -21, -5]	[[-1, 4]]
"3520.e1"	3520	[0, 1, 0, -41, 55]	[[1, 4]]
"3520.e2"	3520	[0, 1, 0, -16, -30]	[[17, 70]]
"3520.f1"	3520	[0, 1, 0, -505, -1497]	[[-14, 55]]
"3520.f2"	3520	[0, 1, 0, 120, -122]	[[21, 110]]
"3520.g1"	3520	[0, -1, 0, -1, 65]	[[1, 8]]
"3520.h1"	3520	[0, -1, 0, -380161, 90346145]	[[469, 3872]]
"3520.h2"	3520	[0, -1, 0, 639, 24865]	[[-11, 128]]
"3520.j1"	3520	[0, -1, 0, -13025, 576577]	[[69, 40]]
"3520.k1"	3520	[0, -1, 0, -65, 577]	[[17, 64]]
"3520.k2"	3520	[0, -1, 0, 575, -13375]	[[145, 1760]]
"3520.o1"	3520	[0, 0, 0, -2348, 43792]	[[37, 87]]
"3520.o2"	3520	[0, 0, 0, -148, 672]	[[4, 12]]
"3520.o3"	3520	[0, 0, 0, -23, -28]	[[-7/2, 21/2]]
"3520.o4"	3520	[0, 0, 0, 52, 2352]	[[24, 132]]
"3520.t1"	3520	[0, 0, 0, -152, -696]	[[-7, 5]]
"3520.t2"	3520	[0, 0, 0, 68, -2544]	[[32, 180]]
"3520.u1"	3520	[0, 0, 0, -152, 696]	[[2, 20]]
"3520.u2"	3520	[0, 0, 0, 68, 2544]	[[8, 60]]
"3520.w1"	3520	[0, 1, 0, -12001, -2212001]	[[495, 10648]]
"3520.y1"	3520	[0, 1, 0, -380161, -90346145]	[[362331/7, 217332128/7]]
"3520.y2"	3520	[0, 1, 0, 639, -24865]	[[139, 1664]]
"3520.ba1"	3520	[0, 1, 0, -65, -577]	[[47, 320]]
"3520.ba2"	3520	[0, 1, 0, 575, 13375]	[[15, 160]]
"3520.be1"	3520	[0, -1, 0, -16681, 834825]	[[39, 492]]
"3520.be2"	3520	[0, -1, 0, -1056, 12950]	[[349/6, 12833/6]]
"3520.bf1"	3520	[0, -1, 0, -241, -1359]	[[171, 2220]]
"3520.bf2"	3520	[0, -1, 0, -21, 5]	[[-4, 3]]
"3525.b1"	3525	[0, -1, 1, 12, 8]	[[8, 23]]
"3525.d1"	3525	[1, 1, 1, -26938, -1296094]	[[-101, 688]]
"3525.d2"	3525	[1, 1, 1, -9313, 325406]	[[40, 117]]
"3525.d3"	3525	[1, 1, 1, -9188, 335156]	[[176, 1963]]
"3525.d4"	3525	[1, 1, 1, 6312, 1325406]	[[-80, 602]]
"3525.h1"	3525	[0, 1, 1, -33, -31]	[[-1, 1]]
"3525.i1"	3525	[1, 1, 0, -900, 10125]	[[20, 15]]
"3525.m1"	3525	[0, -1, 1, -308, 893]	[[-11/2, 327/2]]
"3526.a1"	3526	[1, 0, 1, -78892, -8535486]	[[1078, 33511]]
"3526.a2"	3526	[1, 0, 1, -4932, -133630]	[[-40, 25]]
"3526.b1"	3526	[1, 0, 0, -16, 24]	[[2, 0]]
"3526.c1"	3526	[1, 0, 0, -393, 2969]	[[16, 21]]
"3526.c2"	3526	[1, 0, 0, 487, 13673]	[[-16, 51]]
"3526.d1"	3526	[1, 0, 0, 638, -65852]	[[36, 46]]
"3528.a1"	3528	[0, 0, 0, -111132, 14261940]	[[294, 2646]]
"3528.c1"	3528	[0, 0, 0, -252, 1540]	[[8, 6]]
"3528.d1"	3528	[0, 0, 0, -169491, -26857586]	[[4662, 317030]]
"3528.d2"	3528	[0, 0, 0, -28371, 1839166]	[[95, 36]]
"3528.d3"	3528	[0, 0, 0, -10731, -408170]	[[126, 490]]
"3528.d4"	3528	[0, 0, 0, -1911, 24010]	[[63, 392]]
"3528.d5"	3528	[0, 0, 0, 294, 2401]	[[0, 49]]
"3528.d6"	3528	[0, 0, 0, 6909, -1618274]	[[18617/2, 2540565/2]]
"3528.e1"	3528	[0, 0, 0, -48951, 4167450]	[[133, 98]]
"3528.e2"	3528	[0, 0, 0, -2646, 83349]	[[-14, 343]]
"3528.k1"	3528	[0, 0, 0, -63, -189]	[[-5, 1]]
"3528.n2"	3528	[0, 0, 0, 5145, 369754]	[[275, 4752]]
"3528.o1"	3528	[0, 0, 0, -147, -882]	[[18, 48]]
"3528.q1"	3528	[0, 0, 0, 17493, 2012038]	[[-82, 162]]
"3528.s1"	3528	[0, 0, 0, -64827, -8168202]	[[1918494/31, 2634224382/31]]
"3528.t1"	3528	[0, 0, 0, -294, -1715]	[[-10, 15]]
"3528.t2"	3528	[0, 0, 0, 441, -8918]	[[21, 98]]
"3528.x1"	3528	[0, 0, 0, -131859, 18429390]	[[310, 2710]]
"3528.x2"	3528	[0, 0, 0, -26019, -1278018]	[[-279/2, 3555/2]]
"3528.x3"	3528	[0, 0, 0, -8379, 277830]	[[-33, 720]]
"3528.x4"	3528	[0, 0, 0, 441, 18522]	[[-14, 98]]
"3530.a1"	3530	[1, 1, 0, -388, 2768]	[[8, 12]]
"3530.b1"	3530	[1, 0, 1, -68, -194]	[[-5, 7]]
"3531.a1"	3531	[1, 0, 0, 2, 5]	[[-1, 2]]
"3531.b1"	3531	[0, 1, 1, 3, -25]	[[3, 4]]
"3536.b1"	3536	[0, 1, 0, -872, 9268]	[[12, 26]]
"3536.b2"	3536	[0, 1, 0, 408, 35380]	[[-12, 170]]
"3536.c1"	3536	[0, 1, 0, -952, -11628]	[[54, 312]]
"3536.c2"	3536	[0, 1, 0, -872, -13580]	[[188, 2550]]
"3536.e1"	3536	[0, 0, 0, -19387, -1015830]	[[-73, 102]]
"3536.e2"	3536	[0, 0, 0, -2747, 32490]	[[71, 442]]
"3536.h1"	3536	[0, 0, 0, -419, 3122]	[[-11, 80]]
"3536.h2"	3536	[0, 0, 0, -79, -210]	[[298/3, 4940/3]]
"3536.h3"	3536	[0, 0, 0, -74, -245]	[[6145/24, 185345/24]]
"3536.h4"	3536	[0, 0, 0, 181, -1302]	[[74, 646]]
"3536.j1"	3536	[0, 0, 0, -187483, -31245750]	[[12519/5, 83022/5]]
"3536.j2"	3536	[0, 0, 0, -11723, -487750]	[[325, 5480]]
"3536.k1"	3536	[0, -1, 0, -2192, -7840]	[[445/3, 1270/3]]
"3536.k2"	3536	[0, -1, 0, -1672, -25728]	[[48, 48]]
"3538.a1"	3538	[1, -1, 0, -668, -6466]	[[-131/3, 94/3]]
"3538.a2"	3538	[1, -1, 0, -58, 0]	[[-1, 8]]
"3538.a3"	3538	[1, -1, 0, -38, 100]	[[3, 1]]
"3538.a4"	3538	[1, -1, 0, 232, -174]	[[57, 414]]
"3538.b1"	3538	[1, -1, 0, 186922, 356878753012]	[[499421547388/4857, 358369431501868594/4857]]
"3540.c1"	3540	[0, -1, 0, -1765, 29137]	[[24, 5]]
"3540.d1"	3540	[0, -1, 0, -58300, -5398760]	[[2262, 106918]]
"3540.d2"	3540	[0, -1, 0, -3625, -84350]	[[75, 245]]
"3540.e1"	3540	[0, -1, 0, -125, -375]	[[-5, 10]]
"3540.f1"	3540	[0, 1, 0, -9141, -338841]	[[-54, 15]]
"3540.f2"	3540	[0, 1, 0, -501, 3735]	[[9, 6]]
"3540.h1"	3540	[0, 1, 0, -60, -60]	[[8, 6]]
"3542.d1"	3542	[1, 1, 0, -49, 101]	[[-2, 15]]
"3542.e1"	3542	[1, 1, 0, -12897, -568907]	[[-3198/7, 7097/7]]
"3542.f1"	3542	[1, -1, 0, -5047, 136857]	[[49, 49]]
"3542.f2"	3542	[1, -1, 0, 13, 6309]	[[5, 78]]
"3542.g1"	3542	[1, -1, 0, -1899511, -1007177763]	[[6423/2, 65607/2]]
"3542.i1"	3542	[1, 1, 0, -152390, -22912054]	[[-233, 1]]
"3542.i2"	3542	[1, 1, 0, -5980, -628452]	[[207, 2553]]
"3542.k1"	3542	[1, 0, 0, -473, 3901]	[[10, 9]]
"3542.l1"	3542	[1, 0, 0, -779898, -31326092]	[[-434, 15232]]
"3542.l2"	3542	[1, 0, 0, -501578, 136684324]	[[406, -112]]
"3542.l4"	3542	[1, 0, 0, 193462, -3877340]	[[1820, 78950]]
"3542.o1"	3542	[1, 1, 1, -31502345, -68068456437]	[[-729641/15, 5792722/15]]
"3542.o2"	3542	[1, 1, 1, -258685, 47043603]	[[-73, 8132]]
"3542.p1"	3542	[1, -1, 1, -94836604, 355501196993]	[[67577201451/3262, 3242229696715675/3262]]
"3542.p2"	3542	[1, -1, 1, -6567664, 4282243921]	[[12929241931/1890, 1115852156591509/1890]]
"3542.p3"	3542	[1, -1, 1, -5927574, 5555254913]	[[697691/14, 466813971/14]]
"3542.p4"	3542	[1, -1, 1, -330754, 106190961]	[[-1653/2, 106621/2]]
"3542.q1"	3542	[1, 0, 0, -2547, -48031]	[[-26, 41]]
"3542.r1"	3542	[1, 0, 0, -328, -2426]	[[24541/12, 3677359/12]]
"3542.r2"	3542	[1, 0, 0, 22, -4]	[[170, 2134]]
"3545.a1"	3545	[1, 0, 1, -74, -249]	[[911/7, 20644/7]]
"3545.a2"	3545	[1, 0, 1, -69, -283]	[[71, 559]]
"3549.c1"	3549	[1, 0, 1, -132500, -18574957]	[[379291/30, 12989549/30]]
"3549.c2"	3549	[1, 0, 1, -8285, -290509]	[[-843/4, 349/4]]
"3549.c4"	3549	[1, 0, 1, -5750, -471001]	[[131, 948]]
"3549.c5"	3549	[1, 0, 1, -680, -1519]	[[-21, 70]]
"3549.c6"	3549	[1, 0, 1, 165, -167]	[[89/5, 2427/5]]
"3550.d1"	3550	[1, 1, 0, -1450, -21250]	[[-25, 0]]
"3550.d2"	3550	[1, 1, 0, -200, 1000]	[[5, 10]]
"3550.j1"	3550	[1, -1, 1, -65655, 6464847]	[[-61, 3230]]
"3550.k1"	3550	[1, -1, 1, -1030, -12403]	[[39, 55]]
"3550.k2"	3550	[1, -1, 1, -30, -403]	[[19, 65]]
"3552.a1"	3552	[0, -1, 0, -8, -12]	[[4, 2]]
"3552.c1"	3552	[0, -1, 0, -76527553, 257702035153]	[[-3903, 704924]]
"3552.c2"	3552	[0, -1, 0, -4783018, 4027708300]	[[-118036/11, 117281514/11]]
"3552.e1"	3552	[0, 1, 0, -193, -913]	[[-7, 12]]
"3552.e2"	3552	[0, 1, 0, -58, 140]	[[2, 6]]
"3553.c1"	3553	[1, 1, 0, -36, 59]	[[-1/2, 67/2]]
"3553.c2"	3553	[1, 1, 0, 59, 420]	[[69/4, 1647/4]]
"3554.a1"	3554	[1, -1, 1, -36, -73]	[[15, 43]]
"3554.a2"	3554	[1, -1, 1, -16, -169]	[[133/3, 1181/3]]
"3555.f1"	3555	[1, -1, 0, -3159, 56938]	[[2, 224]]
"3555.f2"	3555	[1, -1, 0, 396, 5035]	[[26, 167]]
"3558.a1"	3558	[1, 1, 0, -256, 2560]	[[13, 34]]
"3560.b1"	3560	[0, 1, 0, -476, -4160]	[[32, 120]]
"3560.b2"	3560	[0, 1, 0, -31, -66]	[[-3, 3]]
"3560.e1"	3560	[0, 0, 0, -23, -22]	[[-2, 4]]
"3560.e2"	3560	[0, 0, 0, 77, -162]	[[18, 84]]
"3560.g1"	3560	[0, -1, 0, -1516, 1716]	[[10/3, 152/3]]
"3560.g2"	3560	[0, -1, 0, -1071, 13820]	[[11, 57]]
"3562.b1"	3562	[1, -1, 0, -535538, -151493772]	[[96471061751/199, 29954105328536716/199]]
"3562.c1"	3562	[1, -1, 1, 8822, -117815]	[[145, 1975]]
"3562.d1"	3562	[1, -1, 1, -1513, -22967]	[[49, 112]]
"3562.e1"	3562	[1, -1, 1, -2194, -35345]	[[4585/8, 193343/8]]
"3562.e2"	3562	[1, -1, 1, -504, 3863]	[[611/10, 27861/10]]
"3562.e3"	3562	[1, -1, 1, -484, 4215]	[[27/2, 249/2]]
"3562.e4"	3562	[1, -1, 1, 866, 20303]	[[2916579/170, 4967501093/170]]
"3563.a1"	3563	[0, 1, 1, -168, 796]	[[7, 3]]
"3568.a1"	3568	[0, 0, 0, -415, -3254]	[[-47/2, 1/2]]
"3568.b1"	3568	[0, 1, 0, -608, 5236]	[[10, 16]]
"3568.b2"	3568	[0, 1, 0, 32, 372]	[[-4, 14]]
"3568.f1"	3568	[0, 1, 0, -488, -4300]	[[-13, 4]]
"3569.a1"	3569	[1, 0, 1, -78, -1593]	[[15, 18]]
"3570.b1"	3570	[1, 1, 0, -37683, -2827827]	[[-111, 3]]
"3570.b2"	3570	[1, 1, 0, -1683, -70227]	[[86, 613]]
"3570.c1"	3570	[1, 1, 0, -518, 3132]	[[19, 15]]
"3570.d1"	3570	[1, 1, 0, -40957, -3207491]	[[585, 12878]]
"3570.e1"	3570	[1, 1, 0, -8099997, 8869726359]	[[1613, 1276]]
"3570.g1"	3570	[1, 1, 0, -1822, -30704]	[[-25, 14]]
"3570.g2"	3570	[1, 1, 0, -122, -444]	[[-5, -6]]
"3570.g3"	3570	[1, 1, 0, -42, 84]	[[5, 3]]
"3570.g4"	3570	[1, 1, 0, 298, -2376]	[[13, 56]]
"3570.j1"	3570	[1, 0, 1, -15284, -722854]	[[635/2, 6771/2]]
"3570.j2"	3570	[1, 0, 1, -1319, 17732]	[[24, -5]]
"3570.j3"	3570	[1, 0, 1, -284, -26854]	[[65, 447]]
"3570.j4"	3570	[1, 0, 1, 31, 992]	[[6, 34]]
"3570.l1"	3570	[1, 0, 1, -3737723, -2781668122]	[[-1116, 670]]
"3570.l2"	3570	[1, 0, 1, -751803, 200572006]	[[830, 11772]]
"3570.l3"	3570	[1, 0, 1, -237723, -41868122]	[[-316, 1470]]
"3570.l4"	3570	[1, 0, 1, 13157, -2831194]	[[160, 1757]]
"3570.m1"	3570	[1, 0, 1, -1438, 20858]	[[-8, 182]]
"3570.o1"	3570	[1, 0, 1, -188653, -26848744]	[[-305, 1682]]
"3570.o2"	3570	[1, 0, 1, -52573, 4231928]	[[82, 647]]
"3570.o3"	3570	[1, 0, 1, -51293, 4466936]	[[132, -41]]
"3570.o4"	3570	[1, 0, 1, 63027, 20277208]	[[-88, 3792]]
"3570.r1"	3570	[1, 1, 1, -111251, -14305951]	[[-187, 44]]
"3570.r2"	3570	[1, 1, 1, -91571, 10568993]	[[257, 1894]]
