"77.a1"	77	[0, 0, 1, 2, 0]	[[2, 3]]
"82.a1"	82	[1, 0, 1, -12, -16]	[[-2, 1]]
"82.a2"	82	[1, 0, 1, -2, 0]	[[0, 0]]
"99.a1"	99	[1, -1, 1, -17, 30]	[[0, 5]]
"99.a2"	99	[1, -1, 1, -2, 0]	[[0, 0]]
"102.a1"	102	[1, 1, 0, -2, 0]	[[2, 2]]
"102.a2"	102	[1, 1, 0, 8, 10]	[[1, 4]]
"112.a1"	112	[0, 1, 0, -40, 84]	[[2, 4]]
"118.a1"	118	[1, 1, 0, 1, 1]	[[0, 1]]
"121.b1"	121	[0, -1, 1, -887, -10143]	[[81, 665]]
"121.b2"	121	[0, -1, 1, -7, 10]	[[4, 5]]
"128.a2"	128	[0, 1, 0, 1, 1]	[[0, 1]]
"136.a1"	136	[0, 1, 0, -4, 0]	[[2, 2]]
"136.a2"	136	[0, 1, 0, 16, 16]	[[0, 4]]
"138.a1"	138	[1, 1, 0, -31, 55]	[[3, -1]]
"138.a2"	138	[1, 1, 0, -1, 1]	[[0, 1]]
"145.a1"	145	[1, -1, 1, -3, 2]	[[0, 1]]
"145.a2"	145	[1, -1, 1, 2, 6]	[[0, 2]]
"152.a1"	152	[0, 1, 0, -1, 3]	[[-1, 2]]
"153.b1"	153	[0, 0, 1, -534, 4752]	[[14, 4]]
"154.a1"	154	[1, -1, 0, -469, 4029]	[[11, 5]]
"155.a1"	155	[0, -1, 1, -840, -9114]	[[67, 480]]
"155.a2"	155	[0, -1, 1, 10, 6]	[[2, 5]]
"155.c1"	155	[0, -1, 1, -1, 1]	[[1, 0]]
"160.a1"	160	[0, 1, 0, -6, 4]	[[0, 2]]
"160.a2"	160	[0, 1, 0, -1, 15]	[[-1, 4]]
"170.b1"	170	[1, 0, 1, -8, 6]	[[0, 2]]
"170.b2"	170	[1, 0, 1, 12, 38]	[[-1, 5]]
"171.b1"	171	[0, 0, 1, -6924, 221760]	[[62, 175]]
"171.b2"	171	[0, 0, 1, -84, 315]	[[5, 4]]
"172.a1"	172	[0, 1, 0, -13, 15]	[[2, 1]]
"176.a2"	176	[0, -1, 0, 3, 1]	[[1, 2]]
"185.c1"	185	[1, 0, 1, -4, -3]	[[3, 2]]
"185.c2"	185	[1, 0, 1, 1, -9]	[[3, 3]]
"189.b1"	189	[0, 0, 1, -3834, -91375]	[[-143/2, -3/2]]
"189.b2"	189	[0, 0, 1, -54, -88]	[[-6, 4]]
"189.b3"	189	[0, 0, 1, -24, 45]	[[-3, 9]]
"192.a1"	192	[0, -1, 0, -129, 609]	[[8, 5]]
"192.a2"	192	[0, -1, 0, -9, 9]	[[5, 8]]
"192.a3"	192	[0, -1, 0, -4, -2]	[[3, 2]]
"196.a1"	196	[0, -1, 0, -142, 701]	[[7, 1]]
"196.a2"	196	[0, -1, 0, -2, 1]	[[0, 1]]
"198.a1"	198	[1, -1, 0, -3168, 69430]	[[35, 5]]
"198.a2"	198	[1, -1, 0, -198, 1120]	[[6, 8]]
"198.a4"	198	[1, -1, 0, -18, 4]	[[-1, 5]]
"200.b1"	200	[0, 1, 0, -28, 48]	[[2, 2]]
"205.a2"	205	[1, -1, 1, -27, 26]	[[6, 4]]
"205.a3"	205	[1, -1, 1, -22, 44]	[[-1, 8]]
"205.a4"	205	[1, -1, 1, 98, 126]	[[1, 14]]
"207.a1"	207	[1, -1, 1, -140, 668]	[[6, 1]]
"207.a2"	207	[1, -1, 1, -5, 20]	[[0, 4]]
"209.a1"	209	[0, 1, 1, -27, 55]	[[-5, 9]]
"210.a1"	210	[1, 1, 0, -373, 2623]	[[13, 7]]
"210.a2"	210	[1, 1, 0, -23, 33]	[[4, 3]]
"210.a3"	210	[1, 1, 0, -3, -3]	[[2, 1]]
"210.a4"	210	[1, 1, 0, 7, 147]	[[1, 12]]
"212.a1"	212	[0, -1, 0, -4, 8]	[[2, 2]]
"218.a1"	218	[1, 0, 0, -2, 4]	[[4, 6]]
"218.a2"	218	[1, 0, 0, 18, -104]	[[36, 200]]
"219.b2"	219	[0, 1, 1, 3, 2]	[[2, 4]]
"219.c1"	219	[1, 1, 0, -1297, -18530]	[[207/2, 1691/2]]
"219.c2"	219	[1, 1, 0, -82, -305]	[[-6, 7]]
"220.a1"	220	[0, 1, 0, -7100, -232652]	[[131, 1050]]
"220.a2"	220	[0, 1, 0, -445, -3720]	[[-12, 6]]
"220.a3"	220	[0, 1, 0, -100, -252]	[[-8, 10]]
"220.a4"	220	[0, 1, 0, -45, 100]	[[3, 1]]
"224.a1"	224	[0, 1, 0, -8, -8]	[[-2, 2]]
"224.a2"	224	[0, 1, 0, 2, 0]	[[1, 2]]
"226.a1"	226	[1, 0, 0, -45, -119]	[[-4, 3]]
"226.a2"	226	[1, 0, 0, -5, 1]	[[0, 1]]
"238.a1"	238	[1, -1, 0, -8, 6]	[[5, 6]]
"238.a2"	238	[1, -1, 0, 2, 0]	[[1, 1]]
"238.c2"	238	[1, 0, 0, -60, 16]	[[-4, 16]]
"240.a1"	240	[0, -1, 0, -216, 1296]	[[8, 4]]
"240.a2"	240	[0, -1, 0, -136, -560]	[[-6, 2]]
"240.a3"	240	[0, -1, 0, -16, 16]	[[0, 4]]
"240.a4"	240	[0, -1, 0, 4, 0]	[[1, 2]]
"243.a2"	243	[0, 0, 1, 0, 20]	[[-2, 3]]
"246.a1"	246	[1, 1, 0, -66, 180]	[[3, 3]]
"252.a1"	252	[0, 0, 0, -327, 2270]	[[7, 18]]
"252.a2"	252	[0, 0, 0, -12, 65]	[[-2, 9]]
"254.b1"	254	[1, 0, 0, -24432, -1471934]	[[-36131/20, 361313/20]]
"254.b2"	254	[1, 0, 0, -302, -2036]	[[-10, 8]]
"256.a2"	256	[0, 1, 0, -3, 1]	[[0, 1]]
"256.b1"	256	[0, 0, 0, -2, 0]	[[2, 2]]
"256.b2"	256	[0, 0, 0, 8, 0]	[[1, 3]]
"265.a1"	265	[1, -1, 1, -138, 656]	[[6, 1]]
"265.a2"	265	[1, -1, 1, -133, 702]	[[0, 26]]
"269.a1"	269	[0, 0, 1, -2, -1]	[[-1, 0]]
"272.a1"	272	[0, 1, 0, -48, -140]	[[-4, 2]]
"272.a2"	272	[0, 1, 0, -8, 4]	[[0, 2]]
"272.b1"	272	[0, 0, 0, -1451, 21274]	[[31, 78]]
"272.b2"	272	[0, 0, 0, -91, 330]	[[7, 6]]
"272.b3"	272	[0, 0, 0, -11, -6]	[[5, 8]]
"272.b4"	272	[0, 0, 0, -11, 890]	[[-1, 30]]
"274.a1"	274	[1, -1, 0, -2846, 59156]	[[31, -15]]
"274.b2"	274	[1, -1, 0, 8, -6]	[[1, 1]]
"274.c1"	274	[1, 0, 0, -7, 9]	[[2, 1]]
"275.a3"	275	[1, -1, 1, -105, 272]	[[0, 16]]
"275.a4"	275	[1, -1, 1, 20, 22]	[[8, 21]]
"282.a1"	282	[1, 1, 1, -255, 1461]	[[9, -4]]
"285.a1"	285	[1, 0, 0, -76, -19]	[[-7, 17]]
"285.a2"	285	[1, 0, 0, 19, 0]	[[1, 4]]
"285.b1"	285	[1, 1, 0, -93, -378]	[[-6, 6]]
"285.b2"	285	[1, 1, 0, 2, -17]	[[6, 13]]
"288.a1"	288	[0, 0, 0, -12, 0]	[[-2, 4]]
"288.a2"	288	[0, 0, 0, 3, 0]	[[1, 2]]
"288.b1"	288	[0, 0, 0, -291, -1910]	[[26, 90]]
"288.b2"	288	[0, 0, 0, -156, 736]	[[5, 9]]
"288.b3"	288	[0, 0, 0, -21, -20]	[[-3, 4]]
"288.b4"	288	[0, 0, 0, 69, -146]	[[5, 18]]
"289.a1"	289	[1, -1, 1, -26209, -1626560]	[[625, 14715]]
"289.a2"	289	[1, -1, 1, -1644, -24922]	[[-589/5, 3594/5]]
"289.a3"	289	[1, -1, 1, -199, -68272]	[[239/2, 2647/2]]
"289.a4"	289	[1, -1, 1, -199, 510]	[[-12, 38]]
"290.a1"	290	[1, -1, 0, -70, -204]	[[-5, 4]]
"290.a2"	290	[1, -1, 0, 10, -700]	[[16, 50]]
"291.c1"	291	[1, 1, 1, -18, -36]	[[-3, 2]]
"291.c2"	291	[1, 1, 1, -3, 0]	[[0, 0]]
"294.c1"	294	[1, 0, 1, -138, 592]	[[-1, 27]]
"294.c2"	294	[1, 0, 1, 2, 32]	[[1, 5]]
"296.a1"	296	[0, -1, 0, -9, 13]	[[1, 2]]
"300.a1"	300	[0, -1, 0, -13, 22]	[[1, 3]]
"302.b1"	302	[1, -1, 1, 0, 3]	[[1, 1]]
"302.c1"	302	[1, 1, 1, -230, 1251]	[[7, 3]]
"302.c2"	302	[1, 1, 1, 1650, -27389]	[[803, 22399]]
"304.a1"	304	[0, 1, 0, -21, 31]	[[3, 2]]
"306.a1"	306	[1, -1, 0, -1017, 8883]	[[7, 42]]
"306.a2"	306	[1, -1, 0, -927, 11097]	[[9, 54]]
"306.a3"	306	[1, -1, 0, -387, -2835]	[[-11, 6]]
"306.a4"	306	[1, -1, 0, -27, -27]	[[-3, 6]]
"308.a1"	308	[0, -1, 0, -21, 49]	[[7, 14]]
"310.a2"	310	[1, 0, 0, -1706, 26980]	[[36, 94]]
"310.a3"	310	[1, 0, 0, -106, 420]	[[6, 0]]
"315.a1"	315	[1, -1, 1, -1013, 12656]	[[0, 112]]
"315.a2"	315	[1, -1, 1, -68, 182]	[[0, 13]]
"315.a3"	315	[1, -1, 1, -23, -34]	[[6, 1]]
"320.a1"	320	[0, 1, 0, -165, 763]	[[6, 5]]
"320.a2"	320	[0, 1, 0, -145, 975]	[[-5, 40]]
"320.a3"	320	[0, 1, 0, -5, -5]	[[3, 4]]
"320.a4"	320	[0, 1, 0, 15, -17]	[[3, 8]]
"320.c1"	320	[0, 0, 0, -428, -3408]	[[24, 12]]
"320.c2"	320	[0, 0, 0, -28, -48]	[[-3, 3]]
"320.c3"	320	[0, 0, 0, -8, 8]	[[1, 1]]
"320.c4"	320	[0, 0, 0, 52, -272]	[[6, 16]]
"322.c2"	322	[1, 0, 0, -14, 4]	[[0, 2]]
"324.a1"	324	[0, 0, 0, -189, -999]	[[-8, 1]]
"327.a1"	327	[1, 0, 0, 4, -3]	[[1, 1]]
"328.a1"	328	[0, 0, 0, -11, -10]	[[-2, 2]]
"328.a2"	328	[0, 0, 0, 29, -66]	[[6, 18]]
"330.b1"	330	[1, 1, 0, -1602, 24024]	[[23, -9]]
"330.b2"	330	[1, 1, 0, -102, 324]	[[8, 6]]
"330.b3"	330	[1, 1, 0, -22, -44]	[[-3, 4]]
"331.a1"	331	[1, 0, 0, -5, 4]	[[1, 0]]
"333.a1"	333	[1, -1, 1, -14, -14]	[[-2, 2]]
"333.a2"	333	[1, -1, 1, 1, -2]	[[2, 1]]
"333.b1"	333	[0, 0, 1, -16860, 842625]	[[-351/2, 10261/2]]
"333.b2"	333	[0, 0, 1, -210, 1134]	[[6, 9]]
"333.c1"	333	[1, -1, 0, -123, 494]	[[-2, 28]]
"333.c2"	333	[1, -1, 0, 12, 35]	[[2, 7]]
"335.a1"	335	[0, 0, 1, -2, 2]	[[2, 2]]
"336.a1"	336	[0, -1, 0, -12544, 544960]	[[90, 370]]
"336.a2"	336	[0, -1, 0, -784, 8704]	[[18, 10]]
"336.a3"	336	[0, -1, 0, -624, -5760]	[[-14, 6]]
"336.a4"	336	[0, -1, 0, -544, 13888]	[[32, 168]]
"336.a5"	336	[0, -1, 0, -64, 64]	[[0, 8]]
"339.a1"	339	[0, 1, 1, -2, 2]	[[1, 1]]
"339.b1"	339	[0, 1, 1, -441, 3422]	[[18, 40]]
"340.a1"	340	[0, 0, 0, -28, 57]	[[2, 3]]
"340.a2"	340	[0, 0, 0, -23, 78]	[[-1, 10]]
"342.a1"	342	[1, -1, 0, -33, -65]	[[-3, 2]]
"342.c1"	342	[1, -1, 0, -3852, 92988]	[[42, 42]]
"342.c2"	342	[1, -1, 0, -3762, 97470]	[[39, 75]]
"342.c3"	342	[1, -1, 0, -72, 0]	[[-3, 15]]
"347.a1"	347	[0, 1, 1, 2, 0]	[[0, 0]]
"356.a1"	356	[0, -1, 0, 4, -8]	[[2, 2]]
"359.a1"	359	[1, -1, 1, -7, 8]	[[2, -1]]
"359.b1"	359	[1, 0, 1, -23, 39]	[[3, -1]]
"360.a1"	360	[0, 0, 0, -963, 11502]	[[19, 8]]
"360.a2"	360	[0, 0, 0, -63, 162]	[[9, 18]]
"360.a3"	360	[0, 0, 0, -18, -27]	[[6, 9]]
"360.a4"	360	[0, 0, 0, 117, 918]	[[3, 36]]
"361.a1"	361	[0, 0, 1, -13718, -619025]	[[2527, 126891]]
"361.a2"	361	[0, 0, 1, -38, 90]	[[0, 9]]
"368.b2"	368	[0, -1, 0, 2, -1]	[[1, 1]]
"368.c1"	368	[0, 0, 0, -35, -62]	[[-3, 4]]
"368.c2"	368	[0, 0, 0, 5, -6]	[[3, 6]]
"369.a1"	369	[0, 0, 1, 6, 13]	[[1, 4]]
"370.b1"	370	[1, -1, 0, -395, -2925]	[[45, 240]]
"370.b2"	370	[1, -1, 0, -25, -39]	[[-3, 3]]
"370.b3"	370	[1, -1, 0, -5, 5]	[[1, 0]]
"370.b4"	370	[1, -1, 0, 25, -209]	[[7, 13]]
"372.a1"	372	[0, -1, 0, -6, 9]	[[0, 3]]
"374.a1"	374	[1, -1, 0, -32, 0]	[[-1, 6]]
"374.a2"	374	[1, -1, 0, 128, -96]	[[5, 23]]
"378.b1"	378	[1, -1, 0, -141, 681]	[[4, 11]]
"378.b2"	378	[1, -1, 0, -96, 1088]	[[8, 24]]
"378.b3"	378	[1, -1, 0, 849, -25939]	[[62, 481]]
"380.a2"	380	[0, 0, 0, -8, -3]	[[-1, 2]]
"384.b1"	384	[0, -1, 0, -3, 3]	[[2, 1]]
"384.e1"	384	[0, 1, 0, -35, 69]	[[1, 6]]
"385.a2"	385	[1, 0, 0, 0, 7]	[[-1, 3]]
"385.b1"	385	[1, -1, 1, -10267, 402966]	[[61, -1]]
"385.b3"	385	[1, -1, 1, -642, 6416]	[[6, 49]]
"385.b4"	385	[1, -1, 1, -37, 124]	[[2, 6]]
"392.a1"	392	[0, 0, 0, -7, 7]	[[1, 1]]
"392.c1"	392	[0, -1, 0, -16, 29]	[[-2, 7]]
"392.d1"	392	[0, 0, 0, -14651, -682570]	[[1306/3, 13420/3]]
"392.d3"	392	[0, 0, 0, -931, -10290]	[[107, 1056]]
"396.a1"	396	[0, 0, 0, -111, 214]	[[-1, 18]]
"396.a2"	396	[0, 0, 0, 24, 25]	[[2, 9]]
"399.c2"	399	[1, 1, 0, -210, -441]	[[-10, 33]]
"400.d1"	400	[0, -1, 0, -2008, 35312]	[[28, 16]]
"400.d4"	400	[0, -1, 0, 8792, 140912]	[[68, 1024]]
"400.e1"	400	[0, 0, 0, -2675, 53250]	[[29, 8]]
"400.e2"	400	[0, 0, 0, -175, 750]	[[1, 24]]
"400.e4"	400	[0, 0, 0, 325, 4250]	[[-5, 50]]
"402.b1"	402	[1, 0, 1, -10255, -438718]	[[8799/5, 764372/5]]
"402.b3"	402	[1, 0, 1, 800, 1070]	[[25, 179]]
"405.a1"	405	[0, 0, 1, -3, -2]	[[-1, 0]]
"405.c1"	405	[0, 0, 1, -108, -412]	[[-6, 4]]
"405.c2"	405	[0, 0, 1, -18, 29]	[[1, 3]]
"406.a1"	406	[1, -1, 0, -4942, 134964]	[[41, -19]]
"406.a2"	406	[1, -1, 0, -302, 2260]	[[9, 10]]
"406.b1"	406	[1, 0, 1, -15, 210]	[[3, 12]]
"406.b2"	406	[1, 0, 1, 130, -5648]	[[37, 205]]
"410.b1"	410	[1, -1, 0, -214, 1260]	[[9, -3]]
"410.c2"	410	[1, 0, 0, 64, 16]	[[6, 22]]
"414.a1"	414	[1, -1, 0, -2223, -39785]	[[-27, 16]]
"414.a2"	414	[1, -1, 0, -963, 11371]	[[15, 4]]
"414.a3"	414	[1, -1, 0, -153, -455]	[[-4, -7]]
"414.a4"	414	[1, -1, 0, 27, -59]	[[5, 11]]
"414.b1"	414	[1, -1, 1, -1532, 23455]	[[25, 5]]
"414.b2"	414	[1, -1, 1, -92, 415]	[[1, 17]]
"422.a1"	422	[1, -1, 0, 1, -3]	[[2, 1]]
"423.c1"	423	[0, 0, 1, -12, 4]	[[-2, 4]]
"423.d1"	423	[1, -1, 0, -6768, -212625]	[[6867/2, 561393/2]]
"423.d2"	423	[1, -1, 0, -558, -891]	[[-12, 69]]
"423.d3"	423	[1, -1, 0, -423, -3240]	[[1716, 70206]]
"423.d4"	423	[1, -1, 0, -18, -81]	[[18, 63]]
"425.a1"	425	[1, 0, 0, -213, -1208]	[[-9, 5]]
"425.a2"	425	[1, 0, 0, -88, -2583]	[[37, 194]]
"425.c1"	425	[1, 1, 0, -75, 250]	[[10, 20]]
"425.d1"	425	[1, -1, 0, -2267, -40984]	[[1589/4, 50597/4]]
"425.d2"	425	[1, -1, 0, -142, -609]	[[94, 853]]
"425.d3"	425	[1, -1, 0, -17, -1734]	[[14, 18]]
"425.d4"	425	[1, -1, 0, -17, 16]	[[0, 4]]
"426.a2"	426	[1, 1, 0, -286, 1780]	[[7, 10]]
"427.c1"	427	[1, 0, 1, -8, 7]	[[1, 0]]
"430.c1"	430	[1, 0, 0, -5626, -162894]	[[771/2, 18699/2]]
"430.c2"	430	[1, 0, 0, -36, -440]	[[10, 10]]
"432.b2"	432	[0, 0, 0, -219, -1654]	[[29, 128]]
"432.b3"	432	[0, 0, 0, 21, 26]	[[5, 16]]
"432.d1"	432	[0, 0, 0, 0, -4]	[[2, 2]]
"434.a2"	434	[1, -1, 0, -7, -3]	[[6, 9]]
"438.a1"	438	[1, 1, 0, -65, -231]	[[-5, 3]]
"438.a2"	438	[1, 1, 0, -5, -3]	[[-2, 3]]
"438.b1"	438	[1, 0, 1, -98, 362]	[[6, -2]]
"438.b2"	438	[1, 0, 1, -8, 2]	[[0, 1]]
"438.c2"	438	[1, 0, 1, -31106, 2108972]	[[192, 1699]]
"438.c3"	438	[1, 0, 1, -9641, -337876]	[[-66, 142]]
"438.c4"	438	[1, 0, 1, -1946, 32780]	[[24, -5]]
"438.e1"	438	[1, 1, 1, -1559, -24343]	[[159, 1864]]
"438.e2"	438	[1, 1, 1, -99, -399]	[[-7, 6]]
"438.e4"	438	[1, 1, 1, 81, -1479]	[[11, 24]]
"440.a1"	440	[0, 0, 0, -38, -87]	[[-4, 1]]
"440.a2"	440	[0, 0, 0, 17, -318]	[[7, 12]]
"440.b1"	440	[0, 0, 0, -23, -38]	[[-3, 2]]
"440.b2"	440	[0, 0, 0, 2, -3]	[[2, 3]]
"441.c1"	441	[1, -1, 1, -16400, -804212]	[[-74, 41]]
"441.c2"	441	[1, -1, 1, -965, -13940]	[[46, 170]]
"441.d1"	441	[0, 0, 1, 0, -331]	[[21, 94]]
"441.d2"	441	[0, 0, 1, 0, 12]	[[2, 4]]
"441.f1"	441	[1, -1, 0, -345753, -78165914]	[[234399/10, 108307823/10]]
"441.f2"	441	[1, -1, 0, -21618, -1216265]	[[9255/2, 879115/2]]
"441.f3"	441	[1, -1, 0, -17208, 867901]	[[20, 719]]
"441.f4"	441	[1, -1, 0, -15003, -1979636]	[[296, 4262]]
"441.f5"	441	[1, -1, 0, -1773, -5720]	[[-4, 38]]
"444.b1"	444	[0, 1, 0, -9, 0]	[[3, 3]]
"444.b2"	444	[0, 1, 0, 36, 36]	[[0, 6]]
"446.b1"	446	[1, 1, 0, -30, 52]	[[4, 2]]
"448.d1"	448	[0, 0, 0, -1196, 15920]	[[29, 75]]
"448.d3"	448	[0, 0, 0, -76, 240]	[[8, 12]]
"448.e1"	448	[0, 0, 0, -1196, -15920]	[[124, 1320]]
"448.e3"	448	[0, 0, 0, -76, -240]	[[12, 24]]
"450.a4"	450	[1, -1, 0, 1308, -5284]	[[14, 118]]
"450.b1"	450	[1, -1, 0, -7452, -244944]	[[-51, 3]]
"450.b2"	450	[1, -1, 0, -477, 4131]	[[9, 18]]
"458.b1"	458	[1, 1, 1, -16, -15]	[[-3, 5]]
"460.c2"	460	[0, 1, 0, 414, -13915]	[[613/3, 15625/3]]
"462.a1"	462	[1, 1, 0, -226, -1406]	[[-9, 5]]
"462.a2"	462	[1, 1, 0, -126, 486]	[[5, 1]]
"462.a3"	462	[1, 1, 0, -16, -20]	[[-3, 5]]
"462.a4"	462	[1, 1, 0, 4, 0]	[[1, 2]]
"462.b1"	462	[1, 1, 0, -105, -441]	[[-7, 7]]
"462.e1"	462	[1, 1, 1, -7445, 244091]	[[47, 4]]
"465.a2"	465	[1, 0, 0, -15, 0]	[[5, 5]]
"465.a3"	465	[1, 0, 0, -10, -13]	[[7, 13]]
"465.a4"	465	[1, 0, 0, 60, 15]	[[2, 11]]
"465.b2"	465	[1, 1, 0, -7, 16]	[[0, 4]]
"467.a1"	467	[0, 0, 1, -4, 3]	[[1, 0]]
"469.b1"	469	[1, 0, 1, -80, -275]	[[-5, 4]]
"474.a1"	474	[1, 1, 0, 81, -27]	[[14, 57]]
"475.a2"	475	[1, -1, 1, 0, 2]	[[0, 1]]
"475.c2"	475	[1, -1, 0, 8, 291]	[[10, 31]]
"480.b1"	480	[0, -1, 0, -81, -255]	[[11, 8]]
"480.b2"	480	[0, -1, 0, -56, 180]	[[4, 2]]
"480.b3"	480	[0, -1, 0, -6, 0]	[[-1, 2]]
"480.b4"	480	[0, -1, 0, 24, -24]	[[5, 14]]
"480.c1"	480	[0, -1, 0, -480, 4212]	[[17, 26]]
"480.c2"	480	[0, -1, 0, -80, -168]	[[-3, 6]]
"480.c3"	480	[0, -1, 0, -30, 72]	[[2, 4]]
"480.c4"	480	[0, -1, 0, 15, 225]	[[0, 15]]
"484.a1"	484	[0, 1, 0, -9357, 347279]	[[205, 2662]]
"484.a2"	484	[0, 1, 0, 323, 2671]	[[18, 121]]
"486.a1"	486	[1, -1, 0, -96, 386]	[[5, 1]]
"486.b1"	486	[1, -1, 0, -177, 953]	[[8, -5]]
"486.d1"	486	[1, -1, 1, -1109, -13931]	[[-19, 8]]
"486.d2"	486	[1, -1, 1, -29, 37]	[[1, 2]]
"490.c1"	490	[1, 0, 1, -1594, -26708]	[[53, 169]]
"490.c2"	490	[1, 0, 1, 121, 46]	[[1, 12]]
"490.f1"	490	[1, 0, 0, -1191, 15721]	[[18, 5]]
"495.a1"	495	[1, -1, 1, -533, -4598]	[[-13, 7]]
"495.a3"	495	[1, -1, 1, -38, -44]	[[-4, 7]]
"495.a4"	495	[1, -1, 1, 7, -8]	[[2, 2]]
"496.a1"	496	[0, 0, 0, 1, 1]	[[0, 1]]
"496.b1"	496	[0, 0, 0, -5291, -148134]	[[847/3, 11690/3]]
"496.b2"	496	[0, 0, 0, -491, 154]	[[-3, 40]]
"496.b3"	496	[0, 0, 0, -331, -2310]	[[39, 210]]
"504.a1"	504	[0, 0, 0, -111, 450]	[[7, 4]]
"504.a2"	504	[0, 0, 0, -6, 9]	[[0, 3]]
"504.b1"	504	[0, 0, 0, -1371, -19514]	[[-21, 4]]
"504.b2"	504	[0, 0, 0, -111, -110]	[[-7, 18]]
"504.b3"	504	[0, 0, 0, -66, 205]	[[6, 5]]
"504.b4"	504	[0, 0, 0, 429, -866]	[[11, 72]]
"504.d1"	504	[0, 0, 0, -6, 5]	[[2, 1]]
"504.d2"	504	[0, 0, 0, 9, 26]	[[1, 6]]
"505.a1"	505	[1, -1, 0, -10, 15]	[[6, 9]]
"505.a2"	505	[1, -1, 0, -5, 26]	[[-2, 6]]
"506.f1"	506	[1, -1, 1, -4, -1]	[[-1, 1]]
"510.c1"	510	[1, 1, 1, -6541, -206341]	[[-47, 24]]
"510.c2"	510	[1, 1, 1, -421, -3157]	[[-13, 24]]
"510.c3"	510	[1, 1, 1, -101, 299]	[[3, 4]]
"510.c4"	510	[1, 1, 1, 579, -14757]	[[21, 74]]
"513.a1"	513	[1, -1, 1, -5, 6]	[[2, 0]]
"513.b1"	513	[1, -1, 0, -42, -127]	[[8, -3]]
"514.a1"	514	[1, 0, 0, -4, 0]	[[2, 0]]
"514.a2"	514	[1, 0, 0, 16, 4]	[[0, 2]]
"514.b1"	514	[1, -1, 1, -21931, -1244565]	[[565, 12620]]
"514.b2"	514	[1, -1, 1, -1371, -19189]	[[51, 178]]
"514.b3"	514	[1, -1, 1, -1291, -21589]	[[457/3, 4826/3]]
"514.b4"	514	[1, -1, 1, -91, -245]	[[-7, 6]]
"516.a1"	516	[0, -1, 0, 11, -47]	[[7, 18]]
"525.a1"	525	[1, 1, 1, -2813, -58594]	[[-31, 17]]
"525.a2"	525	[1, 1, 1, -188, -844]	[[-6, -8]]
"525.a3"	525	[1, 1, 1, -63, 156]	[[6, 3]]
"525.b1"	525	[1, 0, 0, -18, 27]	[[3, 0]]
"525.c1"	525	[1, 1, 0, -450, 3375]	[[14, 1]]
"528.c1"	528	[0, -1, 0, -8, 0]	[[4, 4]]
"528.c2"	528	[0, -1, 0, 32, -32]	[[4, 12]]
"528.d3"	528	[0, -1, 0, -88, -272]	[[-6, 2]]
"528.d4"	528	[0, -1, 0, 72, -1296]	[[20, 88]]
"528.g1"	528	[0, 1, 0, -2344, -44428]	[[-28, 6]]
"528.g2"	528	[0, 1, 0, -184, -364]	[[20, 66]]
"528.g4"	528	[0, 1, 0, 696, -2124]	[[6, 48]]
"530.b1"	530	[1, -1, 0, -4, 0]	[[4, 4]]
"530.b2"	530	[1, -1, 0, 16, -12]	[[2, 4]]
"534.a2"	534	[1, 1, 1, 26, 107]	[[-1, 9]]
"539.a1"	539	[0, 1, 1, -383196, 91174234]	[[1429/2, 45/2]]
"539.a2"	539	[0, 1, 1, -506, 7774]	[[44, 269]]
"539.a3"	539	[0, 1, 1, -16, -66]	[[9, 24]]
"540.a1"	540	[0, 0, 0, -513, -4563]	[[28, 55]]
"540.b2"	540	[0, 0, 0, 1512, 33588]	[[-11, 125]]
"540.d1"	540	[0, 0, 0, -57, 169]	[[5, 3]]
"540.d2"	540	[0, 0, 0, 3, 1]	[[0, 1]]
"544.c1"	544	[0, 0, 0, -5, 4]	[[0, 2]]
"544.c2"	544	[0, 0, 0, 5, 18]	[[2, 6]]
"545.a2"	545	[1, -1, 0, -289, 1848]	[[-8, 64]]
"545.a3"	545	[1, -1, 0, -284, 1915]	[[6, 17]]
"549.a1"	549	[1, -1, 1, -110, -134]	[[-8, 17]]
"549.a2"	549	[1, -1, 1, 25, -26]	[[2, 4]]
"549.b1"	549	[1, -1, 0, -12, 9]	[[0, 3]]
"549.b2"	549	[1, -1, 0, 3, 0]	[[4, 6]]
"550.c2"	550	[1, 0, 1, -6, 8]	[[1, 1]]
"552.a1"	552	[0, -1, 0, -1144, -14516]	[[45, 152]]
"552.a2"	552	[0, -1, 0, -64, -260]	[[18, 64]]
"552.c1"	552	[0, -1, 0, -752, 6972]	[[46, 260]]
"552.c2"	552	[0, -1, 0, -212, -1020]	[[-8, 10]]
"552.c3"	552	[0, -1, 0, -207, -1080]	[[17, 5]]
"552.c4"	552	[0, -1, 0, 248, -5252]	[[38, 240]]
"552.e1"	552	[0, 1, 0, -2944, 60512]	[[133/2, 177/2]]
"552.e2"	552	[0, 1, 0, -304, -544]	[[19, 30]]
"552.e3"	552	[0, 1, 0, -184, 896]	[[11, 18]]
"552.e4"	552	[0, 1, 0, -4, 32]	[[-2, 6]]
"557.a1"	557	[1, 1, 0, 0, 1]	[[0, 1]]
"558.e2"	558	[1, -1, 1, 46, 209]	[[-3, 7]]
"560.c1"	560	[0, -1, 0, -805, 9065]	[[17, 2]]
"560.d1"	560	[0, 0, 0, -4283, 107882]	[[37, 8]]
"560.d2"	560	[0, 0, 0, -1403, -18902]	[[-17, 6]]
"560.d3"	560	[0, 0, 0, -283, 1482]	[[-3, 48]]
"564.b1"	564	[0, 1, 0, -517, -4681]	[[-14, 3]]
"570.b1"	570	[1, 1, 0, -1618, 24388]	[[16, 46]]
"570.b2"	570	[1, 1, 0, -98, 372]	[[4, 6]]
"570.c1"	570	[1, 1, 0, -397, 2881]	[[-8, 79]]
"570.c2"	570	[1, 1, 0, -17, 69]	[[-2, 11]]
"570.e1"	570	[1, 0, 1, -968, -11662]	[[-18, 7]]
"570.e2"	570	[1, 0, 1, -448, 3506]	[[7, 23]]
"570.e3"	570	[1, 0, 1, -68, -142]	[[-3, 7]]
"570.e4"	570	[1, 0, 1, 12, -14]	[[2, 3]]
"574.c1"	574	[1, 0, 1, -2335, -43598]	[[-28, 17]]
"574.c2"	574	[1, 0, 1, -80, 190]	[[-2, 19]]
"574.d2"	574	[1, 1, 0, -2061, 35165]	[[17, 65]]
"574.g1"	574	[1, -1, 1, -9611313, -11466507927]	[[-402671/15, 3021062/15]]
"574.j2"	574	[1, -1, 1, 3, 5]	[[1, 2]]
"575.a1"	575	[0, 1, 1, -18, 24]	[[3, 2]]
"575.b1"	575	[0, 0, 1, 175, -1344]	[[45, 312]]
"576.b1"	576	[0, 0, 0, -13836, -626416]	[[157, 1035]]
"576.b2"	576	[0, 0, 0, -2316, 42896]	[[26, 16]]
"576.b3"	576	[0, 0, 0, -876, -9520]	[[-16, 20]]
"576.b4"	576	[0, 0, 0, -156, 560]	[[2, 16]]
"576.b5"	576	[0, 0, 0, 24, 56]	[[1, 9]]
"576.c1"	576	[0, 0, 0, -396, -3024]	[[-11, 1]]
"576.c3"	576	[0, 0, 0, -36, 0]	[[-3, 9]]
"576.c4"	576	[0, 0, 0, 9, 0]	[[4, 10]]
"576.e1"	576	[0, 0, 0, -540, -4752]	[[-14, 8]]
"576.e2"	576	[0, 0, 0, -60, 176]	[[2, 8]]
"576.e3"	576	[0, 0, 0, 0, -216]	[[10, 28]]
"576.e4"	576	[0, 0, 0, 0, 8]	[[1, 3]]
"579.a1"	579	[1, 0, 0, -3, 0]	[[3, 3]]
"579.a2"	579	[1, 0, 0, 12, 3]	[[2, 5]]
"580.a1"	580	[0, 0, 0, -8, -7]	[[4, 5]]
"580.a2"	580	[0, 0, 0, 17, -42]	[[3, 6]]
"580.b1"	580	[0, 0, 0, -32, -31]	[[-2, 5]]
"580.b2"	580	[0, 0, 0, 113, -234]	[[7, 30]]
"582.a2"	582	[1, 1, 0, 25, -99]	[[5, 11]]
"582.b1"	582	[1, 1, 1, -514, 4271]	[[13, -5]]
"586.b1"	586	[1, 1, 1, -9, 7]	[[1, 0]]
"586.c1"	586	[1, 1, 1, -18, 415]	[[-7, 19]]
"588.b1"	588	[0, -1, 0, -44, 120]	[[2, 6]]
"588.c2"	588	[0, -1, 0, -5553, 165894]	[[26, 196]]
"588.c4"	588	[0, -1, 0, 327, 666]	[[5, 49]]
"591.a1"	591	[0, -1, 1, -3, 2]	[[0, 1]]
"592.a1"	592	[0, -1, 0, -29973, 2007325]	[[100, 5]]
"592.a2"	592	[0, -1, 0, -373, 2813]	[[4, 37]]
"592.a3"	592	[0, -1, 0, -53, -131]	[[-4, 1]]
"592.c1"	592	[0, 1, 0, -9, -13]	[[-2, 1]]
"600.c1"	600	[0, -1, 0, -80008, -8683988]	[[2373/2, 98725/2]]
"600.c2"	600	[0, -1, 0, -5008, -133988]	[[-39, 22]]
"600.c3"	600	[0, -1, 0, -2008, -295988]	[[561, 13222]]
"600.c4"	600	[0, -1, 0, -508, 1012]	[[-3, 50]]
"600.c5"	600	[0, -1, 0, -383, 3012]	[[11, 3]]
"605.b3"	605	[1, -1, 1, -507, -2494]	[[26, 24]]
"605.b4"	605	[1, -1, 1, 98, -316]	[[84/5, 563/5]]
"608.b1"	608	[0, 0, 0, -8, 16]	[[0, 4]]
"608.c1"	608	[0, 0, 0, -8, -16]	[[4, 4]]
"608.d1"	608	[0, 0, 0, -56, -4848]	[[128, 1444]]
"609.a1"	609	[1, 1, 1, -204624, 35542050]	[[1317, 44646]]
"609.a2"	609	[1, 1, 1, -42469, -2756140]	[[-153, 511]]
"609.a3"	609	[1, 1, 1, -13034, 528806]	[[50, 47]]
"609.a4"	609	[1, 1, 1, -12789, 551346]	[[-104, 929]]
"609.a5"	609	[1, 1, 1, -784, 8720]	[[-5, 114]]
"609.a6"	609	[1, 1, 1, 12481, 2376092]	[[78, 1918]]
"609.b1"	609	[1, 1, 0, -35, 66]	[[2, 2]]
"609.b2"	609	[1, 1, 0, 0, 3]	[[2, 3]]
"610.b1"	610	[1, -1, 0, -2744, -54500]	[[106, 862]]
"610.b2"	610	[1, -1, 0, -244, 0]	[[-9, 42]]
"610.b3"	610	[1, -1, 0, -164, 848]	[[7, -6]]
"610.b4"	610	[1, -1, 0, 976, -732]	[[2, 34]]
"612.a1"	612	[0, 0, 0, -4104, -101196]	[[93, 567]]
"614.a1"	614	[1, 0, 0, -373, -2991]	[[96, 873]]
"614.a2"	614	[1, 0, 0, 27, 1]	[[0, 1]]
"614.b1"	614	[1, -1, 1, -61, 197]	[[5, -4]]
"615.a2"	615	[1, 1, 1, 19, -16]	[[3, 7]]
"616.c1"	616	[0, 0, 0, -251, 1510]	[[19, 60]]
"616.c2"	616	[0, 0, 0, -31, -30]	[[-3, 6]]
"616.c3"	616	[0, 0, 0, -26, -51]	[[6, 3]]
"616.c4"	616	[0, 0, 0, 109, -226]	[[11, 48]]
"616.d1"	616	[0, 0, 0, -355, 702]	[[18, 12]]
"618.a1"	618	[1, 1, 0, 2, 4]	[[0, 2]]
"618.b1"	618	[1, 1, 0, -2819, -58803]	[[61, -1]]
"618.c1"	618	[1, 0, 1, -20330, -1118500]	[[477, 9649]]
"618.d1"	618	[1, 0, 1, -21, 34]	[[4, 2]]
"618.d2"	618	[1, 0, 1, 54, 196]	[[28, 140]]
"618.e1"	618	[1, 1, 1, 1, 5]	[[-1, 2]]
"620.a1"	620	[0, 0, 0, 8, 4]	[[0, 2]]
"620.b2"	620	[0, 0, 0, -1052, 13129]	[[18, 5]]
"620.c1"	620	[0, 1, 0, -101, 359]	[[2, 13]]
"620.c2"	620	[0, 1, 0, 59, 1495]	[[-6, 31]]
"622.a1"	622	[1, -1, 1, 8, -5]	[[1, 1]]
"626.a1"	626	[1, -1, 0, -17, -13]	[[-1, 2]]
"626.a2"	626	[1, -1, 0, -7, 9]	[[0, 3]]
"629.b1"	629	[0, 0, 1, -40, 48]	[[-6, 8]]
"630.b1"	630	[1, -1, 0, -151200, 22667386]	[[227, -55]]
"630.b2"	630	[1, -1, 0, -9450, 355936]	[[63, 56]]
"630.b3"	630	[1, -1, 0, -8820, 404950]	[[45, 290]]
"630.b5"	630	[1, -1, 0, -630, 4900]	[[0, 70]]
"630.b6"	630	[1, -1, 0, 90, 436]	[[5, 29]]
"630.d1"	630	[1, -1, 0, -2409, 46115]	[[31, 7]]
"630.d2"	630	[1, -1, 0, -789, -7777]	[[37, 94]]
"630.d3"	630	[1, -1, 0, -159, 665]	[[1, 22]]
"630.d4"	630	[1, -1, 0, 21, 53]	[[2, 9]]
"635.b1"	635	[0, 1, 1, -45, -209]	[[37/2, 123/2]]
"635.b2"	635	[0, 1, 1, 5, 6]	[[30, 167]]
"639.a1"	639	[1, -1, 1, -131, -520]	[[-6, 7]]
"639.a2"	639	[1, -1, 1, 4, -34]	[[6, 10]]
"640.b1"	640	[0, 1, 0, -265, 1575]	[[5, 20]]
"640.b2"	640	[0, 1, 0, -15, 25]	[[0, 5]]
"640.c1"	640	[0, 0, 0, -13, 18]	[[-2, 6]]
"640.c2"	640	[0, 0, 0, -8, 32]	[[1, 5]]
"640.d1"	640	[0, 0, 0, -13, -18]	[[17/2, 15/2]]
"640.d2"	640	[0, 0, 0, -8, -32]	[[9, 25]]
"640.e1"	640	[0, 0, 0, -52, 144]	[[5, 3]]
"640.e2"	640	[0, 0, 0, -2, 4]	[[0, 2]]
"644.b1"	644	[0, 1, 0, 6, -43]	[[13, 49]]
"646.d1"	646	[1, -1, 1, -6486, 202661]	[[51, 25]]
"646.d2"	646	[1, -1, 1, -406, 3237]	[[9, 11]]
"651.a1"	651	[1, 0, 0, -3044, -64887]	[[-32, 19]]
"651.a2"	651	[1, 0, 0, -1294, 17195]	[[17, 5]]
"651.a3"	651	[1, 0, 0, -209, -816]	[[-5, -8]]
"651.a4"	651	[1, 0, 0, 36, -81]	[[3, 6]]
"651.e1"	651	[1, 0, 1, -32, -61]	[[-3, 4]]
"651.e2"	651	[1, 0, 1, 3, -5]	[[5, 9]]
"654.b1"	654	[1, 1, 1, -56, 1145]	[[-3, 37]]
"656.b1"	656	[0, 0, 0, -11, 10]	[[3, 2]]
"656.b2"	656	[0, 0, 0, 29, 66]	[[-1, 6]]
"657.a1"	657	[1, -1, 1, -11, 10]	[[4, 2]]
"657.a2"	657	[1, -1, 1, 34, 46]	[[1, 8]]
"657.c1"	657	[0, 0, 1, -246, 2043]	[[-7, 58]]
"657.c2"	657	[0, 0, 1, 24, -36]	[[2, 4]]
"658.d1"	658	[1, -1, 1, -18, 33]	[[3, -3]]
"658.e1"	658	[1, 1, 1, 24, -23]	[[5, 13]]
"658.f2"	658	[1, -1, 1, 1668, 19775]	[[5, 165]]
"659.a1"	659	[1, 1, 0, -79, -306]	[[-50/3, 76/3]]
"660.b1"	660	[0, -1, 0, -76, 280]	[[6, 2]]
"660.b2"	660	[0, -1, 0, -1, 10]	[[1, 3]]
"660.c1"	660	[0, 1, 0, -1556, -13356]	[[189/2, 1155/2]]
"660.c2"	660	[0, 1, 0, -716, 7140]	[[24, 66]]
"660.c3"	660	[0, 1, 0, -41, 120]	[[4, 6]]
"660.c4"	660	[0, 1, 0, 319, -1356]	[[16, 90]]
"662.a1"	662	[1, 0, 1, 32, -210]	[[25, 115]]
"665.a1"	665	[0, -1, 1, -16660, -1081562]	[[18757/6, 2475991/6]]
"665.a2"	665	[0, -1, 1, -210, 6798]	[[-18, 66]]
"665.c1"	665	[1, 1, 1, 64, 258]	[[4, 22]]
"665.d1"	665	[1, 1, 0, -2, 1]	[[0, 1]]
"665.e1"	665	[1, -1, 0, -194, 1085]	[[71/2, 367/2]]
"665.e2"	665	[1, -1, 0, -19, 0]	[[16, 52]]
"665.e3"	665	[1, -1, 0, -14, -17]	[[46/3, 67/3]]
"666.a1"	666	[1, -1, 0, -1332, 19062]	[[21, -6]]
"669.a1"	669	[1, 1, 0, -1, -2]	[[2, 2]]
"670.a1"	670	[1, 0, 1, -23, -174]	[[22, 89]]
"670.a2"	670	[1, 0, 1, 2, 6]	[[2, 3]]
"672.b1"	672	[0, -1, 0, -224, 1368]	[[13, 22]]
"672.b3"	672	[0, -1, 0, -14, 24]	[[4, 4]]
"672.b4"	672	[0, -1, 0, 16, 84]	[[1, 10]]
"672.c2"	672	[0, -1, 0, 2, 4]	[[0, 2]]
"672.e2"	672	[0, 1, 0, 210, 1764]	[[0, 42]]
"672.f1"	672	[0, 1, 0, -224, -1368]	[[27, 114]]
"672.f2"	672	[0, 1, 0, -49, 95]	[[2, 3]]
"672.f3"	672	[0, 1, 0, -14, -24]	[[6, 12]]
"672.f4"	672	[0, 1, 0, 16, -84]	[[21/2, 105/2]]
"674.c1"	674	[1, -1, 1, -6, 5]	[[3, 1]]
"674.c2"	674	[1, -1, 1, 14, 21]	[[1, 5]]
"677.a1"	677	[1, 1, 1, 2, 0]	[[0, 0]]
"678.c1"	678	[1, 1, 1, -148, -427]	[[-7, 21]]
"678.c2"	678	[1, 1, 1, 492, -2475]	[[25, 149]]
"680.b1"	680	[0, 0, 0, -1163, -14938]	[[46, 170]]
"680.b2"	680	[0, 0, 0, -163, 462]	[[2, 12]]
"680.b3"	680	[0, 0, 0, -143, 658]	[[6, 4]]
"680.b4"	680	[0, 0, 0, 517, 3318]	[[138, 1644]]
"681.b1"	681	[0, -1, 1, -13, 24]	[[4, 4]]
"681.c1"	681	[0, 1, 1, -179, 881]	[[7, 4]]
"682.a1"	682	[1, 0, 0, -2003, -39269]	[[527/2, 10753/2]]
"682.a2"	682	[1, 0, 0, -33, 73]	[[6, 7]]
"682.a3"	682	[1, 0, 0, 167, 225]	[[0, 15]]
"682.b1"	682	[1, -1, 1, 359, -6663]	[[15, 36]]
"684.a1"	684	[0, 0, 0, -831, -8890]	[[-17, 18]]
"684.a2"	684	[0, 0, 0, 24, -511]	[[10, 27]]
"690.a1"	690	[1, 1, 0, -1748, -25392]	[[-23, 69]]
"690.a2"	690	[1, 1, 0, 172, -1968]	[[11, 32]]
"690.e1"	690	[1, 0, 1, -10644, 420826]	[[56, 6]]
"690.e2"	690	[1, 0, 1, -924, 922]	[[-4, 69]]
"690.e3"	690	[1, 0, 1, -604, -5734]	[[-14, 2]]
"690.e4"	690	[1, 0, 1, 3676, 8282]	[[18, 274]]
"690.g1"	690	[1, 1, 1, -116, 413]	[[-1, 23]]
"690.g2"	690	[1, 1, 1, 4, 29]	[[-1, 5]]
"693.c1"	693	[0, 0, 1, 18, -7]	[[1, 3]]
"696.f1"	696	[0, 1, 0, -4, 5]	[[2, 3]]
"700.f1"	700	[0, 0, 0, -2000, -34375]	[[-26, 7]]
"700.f2"	700	[0, 0, 0, -1375, -56250]	[[99, 882]]
"704.e1"	704	[0, -1, 0, 1, 1]	[[0, 1]]
"706.b1"	706	[1, 0, 0, -178, -924]	[[-8, 6]]
"706.b2"	706	[1, 0, 0, -18, 4]	[[0, 2]]
"706.c2"	706	[1, -1, 1, 3, -25]	[[27/2, 101/2]]
"714.d1"	714	[1, 1, 0, -55174, 4965268]	[[139, 7]]
"714.d2"	714	[1, 1, 0, -3334, 81940]	[[13, 196]]
"714.e1"	714	[1, 1, 1, -5079, 137205]	[[41, -18]]
"714.e2"	714	[1, 1, 1, -679, -3883]	[[-19, 60]]
"714.e3"	714	[1, 1, 1, -319, 2021]	[[7, 10]]
"720.a2"	720	[0, 0, 0, -3, 18]	[[1, 4]]
"720.c1"	720	[0, 0, 0, -311043, -66769598]	[[767, 12078]]
"720.c2"	720	[0, 0, 0, -19443, -1042958]	[[-81, 22]]
"720.c3"	720	[0, 0, 0, -15843, -1441118]	[[279, 3982]]
"720.c4"	720	[0, 0, 0, -11523, 476098]	[[63, 14]]
"720.c5"	720	[0, 0, 0, -1443, -9758]	[[-9, 50]]
"720.c6"	720	[0, 0, 0, -723, 7378]	[[9, 40]]
"720.c8"	720	[0, 0, 0, 5037, -73262]	[[23, 234]]
"720.f1"	720	[0, 0, 0, -1947, -33046]	[[-25, 2]]
"720.f2"	720	[0, 0, 0, -1227, 16346]	[[25, 36]]
"720.f3"	720	[0, 0, 0, -147, -286]	[[-7, 20]]
"720.f4"	720	[0, 0, 0, 33, -34]	[[5, 16]]
"720.g1"	720	[0, 0, 0, -18387, 959634]	[[73, 80]]
"720.g2"	720	[0, 0, 0, -1107, 16146]	[[15, 54]]
"722.c1"	722	[1, 0, 1, -33581, -2375576]	[[1474, 55398]]
"722.c2"	722	[1, 0, 1, 714, -16080]	[[27444/13, 4423160/13]]
"722.d1"	722	[1, 1, 1, -93, 307]	[[7, 4]]
"722.d2"	722	[1, 1, 1, 2, 3]	[[-1, 1]]
"723.a1"	723	[1, 1, 1, -4, -4]	[[2, 0]]
"723.a2"	723	[1, 1, 1, 11, -10]	[[1, 1]]
"725.a1"	725	[1, -1, 0, -67, 216]	[[8, 8]]
"725.a2"	725	[1, -1, 0, 58, 841]	[[0, 29]]
"726.b1"	726	[1, 1, 0, -475, -4187]	[[-13, 8]]
"726.d1"	726	[1, 0, 1, -1217868, 517205302]	[[6283/3, 63767/3]]
"730.e1"	730	[1, -1, 0, -949, 11493]	[[17, -1]]
"730.e2"	730	[1, -1, 0, -929, 11985]	[[-4, 127]]
"732.c1"	732	[0, 1, 0, -164, -828]	[[-8, 6]]
"732.c2"	732	[0, 1, 0, -29, 36]	[[1, 3]]
"735.c1"	735	[1, 0, 0, -105841, 13244636]	[[188, -88]]
"735.c2"	735	[1, 0, 0, -6616, 206471]	[[53, 47]]
"735.c4"	735	[1, 0, 0, -3921, -94830]	[[74, 110]]
"735.c5"	735	[1, 0, 0, -491, 1896]	[[1, 37]]
"735.c6"	735	[1, 0, 0, -246, -1485]	[[-9, 9]]
"735.c7"	735	[1, 0, 0, -1, -64]	[[13, 40]]
"735.c8"	735	[1, 0, 0, 1714, 14685]	[[4, 145]]
"738.b1"	738	[1, -1, 0, -2430, 46732]	[[41, 101]]
"740.b1"	740	[0, 1, 0, -12021, -511321]	[[-2291/6, 125/6]]
"740.b2"	740	[0, 1, 0, -181, -425]	[[-3, 10]]
"742.a1"	742	[1, -1, 0, -5, 7]	[[3, 2]]
"742.c2"	742	[1, 1, 0, -29612, 2027600]	[[277, 3757]]
"744.b1"	744	[0, -1, 0, 4, -3]	[[2, 3]]
"747.a1"	747	[1, -1, 1, -191, 892]	[[4, 11]]
"747.a2"	747	[1, -1, 1, -56, -134]	[[-4, 5]]
"749.a1"	749	[1, 0, 0, -4, -5]	[[3, 2]]
"752.a1"	752	[0, 0, 0, -155, 714]	[[5, 8]]
"753.a1"	753	[0, 1, 1, 5, 7]	[[-1, 1]]
"756.b2"	756	[0, 0, 0, -24, -44]	[[-3, 1]]
"759.a1"	759	[1, 1, 1, -1238, -17152]	[[-22, 5]]
"759.a2"	759	[1, 1, 1, -23, -628]	[[10, 11]]
"759.b1"	759	[1, 0, 0, -93104, -10942305]	[[117555/14, 32678505/14]]
"759.b2"	759	[1, 0, 0, -5819, -171336]	[[499/2, 7691/2]]
"759.b3"	759	[1, 0, 0, -5654, -181467]	[[112099/30, 25991797/30]]
"759.b4"	759	[1, 0, 0, -1409, 17538]	[[3, 114]]
"759.b5"	759	[1, 0, 0, -374, -2541]	[[34, 139]]
"759.b6"	759	[1, 0, 0, 31, -192]	[[7, 16]]
"760.a1"	760	[0, 1, 0, -35, 58]	[[1, 5]]
"760.c1"	760	[0, 0, 0, -2027, 35126]	[[35, 84]]
"760.c2"	760	[0, 0, 0, -227, -434]	[[-5, 24]]
"760.c3"	760	[0, 0, 0, -127, 546]	[[5, 6]]
"760.c4"	760	[0, 0, 0, -2, 21]	[[6, 15]]
"762.d1"	762	[1, 1, 1, -21, 27]	[[1, 2]]
"765.a1"	765	[1, -1, 1, -77, 276]	[[6, -1]]
"765.a2"	765	[1, -1, 1, -32, 564]	[[2, 21]]
"768.a1"	768	[0, -1, 0, -2589, -49851]	[[260, 4097]]
"768.a3"	768	[0, -1, 0, -29, 69]	[[4, 1]]
"768.b1"	768	[0, -1, 0, -23, 51]	[[2, 3]]
"768.e1"	768	[0, 1, 0, -2589, 49851]	[[30, 9]]
"768.e3"	768	[0, 1, 0, -29, -69]	[[6, 3]]
"768.f1"	768	[0, 1, 0, -93, 315]	[[6, 3]]
"768.f2"	768	[0, 1, 0, -3, 9]	[[0, 3]]
"770.b1"	770	[1, 0, 1, -848, 9006]	[[5, 67]]
"770.d1"	770	[1, -1, 0, -20909, -1158507]	[[189, 1176]]
"770.d3"	770	[1, -1, 0, -1309, -17787]	[[-21, 0]]
"770.d4"	770	[1, -1, 0, -29, -635]	[[19, 64]]
"770.f1"	770	[1, 0, 0, -26116, -1580604]	[[-96, 258]]
"770.f2"	770	[1, 0, 0, -3576, 81280]	[[38, 6]]
"770.f3"	770	[1, 0, 0, -56, 3136]	[[6, 52]]
"770.f4"	770	[1, 0, 0, 504, -84560]	[[58, 346]]
"774.b1"	774	[1, -1, 0, -18, 0]	[[6, 6]]
"774.b2"	774	[1, -1, 0, 72, -54]	[[3, 12]]
"775.a1"	775	[0, 1, 1, -33, 94]	[[-2, 12]]
"776.a2"	776	[0, 0, 0, -11, 150]	[[3, 12]]
"777.c1"	777	[1, 1, 1, -4144, 100952]	[[39, 4]]
"777.c3"	777	[1, 1, 1, -259, 1496]	[[8, 0]]
"777.c4"	777	[1, 1, 1, -14, 26]	[[4, 5]]
"777.g1"	777	[1, 0, 1, -2612, 23195]	[[9, 16]]
"777.g2"	777	[1, 0, 1, -1317, -18245]	[[89, 711]]
"777.g3"	777	[1, 0, 1, -1312, -18391]	[[43, 50]]
"777.g4"	777	[1, 0, 1, -102, -50321]	[[47, 198]]
"782.a1"	782	[1, 0, 1, -35, 54]	[[6, 5]]
"782.a2"	782	[1, 0, 1, 5, 6]	[[0, 2]]
"784.a1"	784	[0, 0, 0, -343, 2401]	[[0, 49]]
"784.b1"	784	[0, 1, 0, -2140728, -1206278060]	[[33604/3, 5590214/3]]
"784.b2"	784	[0, 1, 0, -133688, -18913196]	[[548, 8526]]
"784.b5"	784	[0, 1, 0, -408, 6292]	[[-12, 98]]
"784.b6"	784	[0, 1, 0, 3512, -133260]	[[156, 2058]]
"784.f1"	784	[0, 0, 0, -29155, -1915998]	[[743, 19662]]
"784.g1"	784	[0, 1, 0, -142, -701]	[[-65/3, 1/3]]
"784.g2"	784	[0, 1, 0, -2, -1]	[[-1, 1]]
"784.h1"	784	[0, 1, 0, -16, -29]	[[-3, 1]]
"790.a1"	790	[1, 0, 0, -425, 3337]	[[-8, 83]]
"790.a2"	790	[1, 0, 0, -25, 57]	[[2, 3]]
"791.a1"	791	[1, -1, 1, -4219, -104412]	[[48769/24, 4580395/24]]
"791.a2"	791	[1, -1, 1, -264, -1582]	[[619/3, 13898/3]]
"791.a3"	791	[1, -1, 1, -229, -2044]	[[527/2, 11447/2]]
"791.a4"	791	[1, -1, 1, -19, -14]	[[68, 522]]
"792.b1"	792	[0, 0, 0, -4251, -106666]	[[286, 4698]]
"792.b2"	792	[0, 0, 0, -291, -1330]	[[22, 54]]
"792.b4"	792	[0, 0, 0, 789, -8890]	[[14, 70]]
"792.c1"	792	[0, 0, 0, -675, 6318]	[[7, 44]]
"792.c2"	792	[0, 0, 0, -135, -486]	[[-5, 8]]
"792.d1"	792	[0, 0, 0, -75, -234]	[[-5, 4]]
"794.b1"	794	[1, 0, 0, -281373, -57471035]	[[103405/4, 32929675/4]]
"794.b2"	794	[1, 0, 0, -3473, -79127]	[[86, 467]]
"795.c1"	795	[1, 1, 0, -848, -9867]	[[949/4, 23127/4]]
"795.c2"	795	[1, 1, 0, -53, -168]	[[56, 392]]
"795.c3"	795	[1, 1, 0, -8, 3]	[[-2, 5]]
"795.c4"	795	[1, 1, 0, 22, -513]	[[223/2, 3151/2]]
"798.a1"	798	[1, 1, 0, -150, 648]	[[6, 0]]
"798.a2"	798	[1, 1, 0, -10, 4]	[[0, 2]]
"798.b2"	798	[1, 0, 1, -22, 830]	[[4, 26]]
"798.c1"	798	[1, 0, 1, -18152, 939764]	[[78, -35]]
"798.c2"	798	[1, 0, 1, -1142, 14420]	[[24, 19]]
"798.c4"	798	[1, 0, 1, 188, 46340]	[[-14, 209]]
"798.g2"	798	[1, 1, 1, 766, -12049]	[[27, 157]]
"798.h1"	798	[1, 0, 0, -3255, -57879]	[[-24, 93]]
"798.h2"	798	[1, 0, 0, -1015, 11561]	[[8, 59]]
"799.a1"	799	[1, 1, 1, -353, -2120]	[[23, 39]]
"799.a2"	799	[1, 1, 1, -118, 418]	[[-2, 26]]
"800.a1"	800	[0, 1, 0, -158, -812]	[[-8, 2]]
"800.a2"	800	[0, 1, 0, -33, -1937]	[[23, 100]]
"800.d1"	800	[0, 0, 0, -275, -1750]	[[-86/3, 62/3]]
"800.d2"	800	[0, 0, 0, -275, 1750]	[[9, 2]]
"800.d3"	800	[0, 0, 0, -25, 0]	[[-4, 6]]
"800.d4"	800	[0, 0, 0, 100, 0]	[[5, 25]]
"800.e1"	800	[0, 0, 0, -5, 0]	[[-1, 2]]
"800.e2"	800	[0, 0, 0, 20, 0]	[[4, 12]]
"801.c2"	801	[0, 0, 1, 240, 1233]	[[-1, 31]]
"801.d1"	801	[1, -1, 0, -9, -14]	[[6, 8]]
"810.b2"	810	[1, -1, 0, 201, -1315]	[[14, 57]]
"810.e1"	810	[1, -1, 1, -38, 181]	[[5, 7]]
"810.e2"	810	[1, -1, 1, 322, -3563]	[[23, 113]]
"811.a1"	811	[0, 0, 1, -2, -2]	[[2, 1]]
"813.a1"	813	[0, 1, 1, -115243, -15096572]	[[-10750211/234, -6403697/234]]
"813.a2"	813	[0, 1, 1, -1423, -21113]	[[-91/2, 11/2]]
"813.a3"	813	[0, 1, 1, -73, 190]	[[2, 7]]
"814.a2"	814	[1, 0, 1, 5, 30]	[[-2, 4]]
"815.a1"	815	[0, 1, 1, -985, -12244]	[[38, 81]]
"815.a2"	815	[0, 1, 1, 15, -69]	[[3, 3]]
"816.b1"	816	[0, -1, 0, -443904, 113984640]	[[360, 840]]
"816.b2"	816	[0, -1, 0, -27744, 1787904]	[[146, 910]]
"816.b3"	816	[0, -1, 0, -26304, 1980288]	[[81, 612]]
"816.b4"	816	[0, -1, 0, -1824, 25344]	[[50, 238]]
"816.b5"	816	[0, -1, 0, -544, -4352]	[[-14, 18]]
"816.b6"	816	[0, -1, 0, 3616, 142848]	[[18, 462]]
"816.c1"	816	[0, -1, 0, -48, 144]	[[6, 6]]
"816.c2"	816	[0, -1, 0, -8, 336]	[[2, 18]]
"816.h1"	816	[0, 1, 0, -40, -76]	[[-4, 6]]
"816.h2"	816	[0, 1, 0, 120, -396]	[[6, 24]]
"822.a1"	822	[1, 1, 0, -3, -9]	[[3, 3]]
"825.a1"	825	[1, 0, 0, -3663, 84942]	[[33, 0]]
"825.a2"	825	[1, 0, 0, -288, 567]	[[-9, 54]]
"825.a3"	825	[1, 0, 0, -163, -808]	[[-7, 5]]
"825.c2"	825	[0, 1, 1, 3167, 11119]	[[181/2, 3989/2]]
"827.a1"	827	[0, 0, 1, -10, 12]	[[2, 0]]
"828.a1"	828	[0, 0, 0, -351, 486]	[[-9, 54]]
"828.a2"	828	[0, 0, 0, -216, -1215]	[[-8, 1]]
"834.g1"	834	[1, 0, 0, -1090, -40504]	[[52, 184]]
"834.g2"	834	[1, 0, 0, -70, 356]	[[4, 10]]
"840.a1"	840	[0, -1, 0, -1736, 26796]	[[33, 66]]
"840.a2"	840	[0, -1, 0, -336, -1764]	[[-7, 14]]
"840.a3"	840	[0, -1, 0, -316, -2060]	[[54, 368]]
"840.a4"	840	[0, -1, 0, 744, -11700]	[[209, 3038]]
"840.b1"	840	[0, -1, 0, -456, 3900]	[[14, 8]]
"840.b2"	840	[0, -1, 0, -336, -2244]	[[-10, 4]]
"840.b3"	840	[0, -1, 0, -36, 36]	[[0, 6]]
"840.b4"	840	[0, -1, 0, 9, 0]	[[1, 3]]
"840.d1"	840	[0, -1, 0, -10480, -409460]	[[493/2, 3159/2]]
"840.d2"	840	[0, -1, 0, -680, -5700]	[[-15, 30]]
"840.d3"	840	[0, -1, 0, -180, 900]	[[5, 10]]
"840.d4"	840	[0, -1, 0, -175, 952]	[[17, 51]]
"840.d5"	840	[0, -1, 0, 240, 4092]	[[-2, 60]]
"840.d6"	840	[0, -1, 0, 1120, -32340]	[[57, 462]]
"840.g1"	840	[0, 1, 0, -2896, 59024]	[[32, 12]]
"840.g2"	840	[0, 1, 0, -196, 704]	[[2, 18]]
"840.g3"	840	[0, 1, 0, -71, -246]	[[-5, 3]]
"840.g4"	840	[0, 1, 0, 504, 5184]	[[0, 72]]
"843.a1"	843	[1, 1, 0, 5, 4]	[[0, 2]]
"846.a2"	846	[1, -1, 0, -19278, -1012100]	[[-75, 125]]
"846.a3"	846	[1, -1, 0, -2358, 20020]	[[-3, 166]]
"846.a4"	846	[1, -1, 0, 522, 2164]	[[-1, 41]]
"846.b1"	846	[1, -1, 0, -87, 323]	[[7, 1]]
"846.b2"	846	[1, -1, 0, 3, 17]	[[1, 4]]
"847.a1"	847	[1, 1, 1, -6234, -177484]	[[138, 1201]]
"847.b1"	847	[0, 0, 1, 242, -333]	[[55, 423]]
"854.b1"	854	[1, 0, 1, -56176, -5122754]	[[-31079/15, 493549/15]]
"854.b2"	854	[1, 0, 1, -2801, 49924]	[[-53, 250]]
"854.b3"	854	[1, 0, 1, -2706, 53940]	[[-15, 309]]
"854.c1"	854	[1, 1, 1, -399, 1237]	[[-19, 58]]
"854.d1"	854	[1, 1, 1, -13, 3]	[[-1, 4]]
"855.b2"	855	[1, -1, 1, 13, 474]	[[2, 21]]
"861.c1"	861	[1, 0, 0, 2941, 18606]	[[-5, 64]]
"862.d1"	862	[1, 1, 1, -2460, 45949]	[[23, 35]]
"867.a1"	867	[1, 1, 1, -23, 20]	[[0, 4]]
"867.a2"	867	[1, 1, 1, 62, 224]	[[1, 16]]
"867.c1"	867	[0, -1, 1, -17147, -859018]	[[789/2, 14735/2]]
"867.d1"	867	[0, -1, 1, -244012, -46313805]	[[255513157/606, 2440282876849/606]]
"870.a1"	870	[1, 1, 0, -4017, -99681]	[[-37, 21]]
"870.a2"	870	[1, 1, 0, -267, -1431]	[[-7, -9]]
"870.a3"	870	[1, 1, 0, -87, 261]	[[2, 9]]
"870.a4"	870	[1, 1, 0, 603, -7869]	[[17, 79]]
"870.b1"	870	[1, 0, 1, -524364, -146193014]	[[4380397/12, 9139039879/12]]
"870.b2"	870	[1, 0, 1, -32844, -2275958]	[[-389/2, 595/2]]
"870.b3"	870	[1, 0, 1, -7149, -156728]	[[-70, 78]]
"870.b4"	870	[1, 0, 1, -2829, 55816]	[[26, -9]]
"870.c1"	870	[1, 0, 1, -2533, -49264]	[[67, 254]]
"870.c2"	870	[1, 0, 1, -2413, -54112]	[[267/2, 2039/2]]
"870.c3"	870	[1, 0, 1, -58, 56]	[[0, 7]]
"870.c4"	870	[1, 0, 1, 212, 488]	[[-2, 8]]
"870.e1"	870	[1, 1, 1, -131, -631]	[[-7, 4]]
"870.f1"	870	[1, 1, 1, -1760, 27137]	[[17, 41]]
"872.a1"	872	[0, 1, 0, 0, 16]	[[0, 4]]
"873.c1"	873	[1, -1, 0, -5886, 153679]	[[-70, 503]]
"873.c2"	873	[1, -1, 0, -1521, -20048]	[[14601/8, 1675471/8]]
"873.c3"	873	[1, -1, 0, -1476, -21461]	[[275/2, 3289/2]]
"873.c4"	873	[1, -1, 0, 2124, -103883]	[[3623/2, 214627/2]]
"874.b1"	874	[1, 1, 0, -38, 76]	[[3, -1]]
"874.d1"	874	[1, 1, 1, -142320, -20724857]	[[-9623549/210, 1005550321/210]]
"874.d2"	874	[1, 1, 1, -410, 903]	[[-3, 47]]
"874.e1"	874	[1, 0, 0, -12, -16]	[[-2, 2]]
"880.b2"	880	[0, 1, 0, -5, -2]	[[-2, 2]]
"880.d1"	880	[0, -1, 0, -16, -64]	[[8, 16]]
"880.e1"	880	[0, 0, 0, -23, 38]	[[1, 4]]
"880.e2"	880	[0, 0, 0, 2, 3]	[[3, 6]]
"880.g2"	880	[0, 0, 0, -5047, -137514]	[[137, 1320]]
"880.g3"	880	[0, 0, 0, -5042, -137801]	[[103, 660]]
"880.g4"	880	[0, 0, 0, -2627, -269646]	[[83, 290]]
"880.i1"	880	[0, 1, 0, -95040, 11245748]	[[178, 8]]
"882.a1"	882	[1, -1, 0, -4566, 119916]	[[39, -15]]
"882.a2"	882	[1, -1, 0, 579, 366533]	[[37, 643]]
"882.b1"	882	[1, -1, 0, -592713, 175784769]	[[408, 1119]]
"882.b2"	882	[1, -1, 0, -403083, -97454421]	[[-339, 552]]
"882.b3"	882	[1, -1, 0, -45873, 1349865]	[[-96, 2253]]
"882.b4"	882	[1, -1, 0, -37053, 2752245]	[[121, 111]]
"882.b6"	882	[1, -1, 0, 170217, 10295991]	[[247, 8084]]
"882.g1"	882	[1, -1, 1, -6404, 199847]	[[51, 37]]
"885.a1"	885	[0, 1, 1, -19330, -1040876]	[[-323/2, 17/2]]
"885.a2"	885	[0, 1, 1, -280, 1684]	[[8, 4]]
"885.c1"	885	[1, 1, 0, -472, 3481]	[[63/2, 67/2]]
"885.c2"	885	[1, 1, 0, -97, -344]	[[12, 14]]
"885.c3"	885	[1, 1, 0, -92, -381]	[[58, 411]]
"886.a1"	886	[1, 0, 1, -1203, 15950]	[[20, -10]]
"886.d1"	886	[1, -1, 1, -4, 7]	[[1, 1]]
"888.b1"	888	[0, -1, 0, -188, -924]	[[-8, 2]]
"888.b2"	888	[0, -1, 0, -3, -36]	[[5, 7]]
"888.c1"	888	[0, 1, 0, -7104, -232848]	[[147, 1386]]
"888.c2"	888	[0, 1, 0, -444, -3744]	[[36, 168]]
"888.c3"	888	[0, 1, 0, -264, -6624]	[[141/2, 1365/2]]
"888.c4"	888	[0, 1, 0, -39, -18]	[[-6, 6]]
"890.a1"	890	[1, 0, 1, -109, -444]	[[-6, 3]]
"890.b1"	890	[1, 0, 1, -1138, -14844]	[[-20, 7]]
"890.b2"	890	[1, 0, 1, -818, -23292]	[[69, 465]]
"890.c1"	890	[1, -1, 0, -55, 171]	[[5, -1]]
"890.g1"	890	[1, 1, 1, -2040, -38093]	[[1915/6, 12823/6]]
"892.b1"	892	[0, 1, 0, -388, -1580]	[[-27/2, 223/2]]
"892.b2"	892	[0, 1, 0, -188, 932]	[[-16, 10]]
"894.a1"	894	[1, 1, 0, -59, -201]	[[-5, 3]]
"894.b1"	894	[1, 1, 0, -18630, 971028]	[[81, 0]]
"896.a2"	896	[0, 0, 0, -5, 2]	[[-2, 2]]
"896.b1"	896	[0, 0, 0, -20, 16]	[[0, 4]]
"896.c2"	896	[0, 0, 0, -10, 12]	[[3, 3]]
"898.a1"	898	[1, 0, 1, -202, 1084]	[[8, -4]]
"898.c1"	898	[1, 1, 1, -4, -3]	[[-1, 1]]
"899.a1"	899	[1, 0, 1, -3, -1]	[[-1, 1]]
"900.b2"	900	[0, 0, 0, -8175, 431750]	[[70, 450]]
"900.b4"	900	[0, 0, 0, 825, -9250]	[[35, 250]]
"900.d1"	900	[0, 0, 0, 0, -2700]	[[21, 81]]
"901.b1"	901	[1, -1, 1, -85, -220]	[[-4, 8]]
"901.b2"	901	[1, -1, 1, 180, -1492]	[[49, 326]]
"901.d1"	901	[1, 1, 1, -29863, 1910608]	[[757/3, 265/3]]
"901.d2"	901	[1, 1, 1, -29598, 1947602]	[[90, 106]]
"902.a1"	902	[1, 0, 1, -2382, 77312]	[[5, 253]]
"904.a1"	904	[0, 0, 0, -35, 78]	[[2, 4]]
"904.a2"	904	[0, 0, 0, 5, 246]	[[10, 36]]
"905.b1"	905	[1, 1, 0, -18, 23]	[[-1/2, 43/2]]
"905.b2"	905	[1, 1, 0, -13, 42]	[[6, 12]]
"906.d1"	906	[1, 0, 1, -52716, -4662998]	[[12697/3, 1391501/3]]
"906.d2"	906	[1, 0, 1, -621, -7064]	[[35, 102]]
"912.b1"	912	[0, -1, 0, -1624, -24656]	[[58, 270]]
"912.b2"	912	[0, -1, 0, -104, -336]	[[-6, 6]]
"912.b4"	912	[0, -1, 0, 136, -1872]	[[18, 78]]
"912.h2"	912	[0, 1, 0, -1368, 27540]	[[-18, 216]]
"914.a2"	914	[1, -1, 0, -52, -48]	[[-1, 2]]
"915.a1"	915	[1, 0, 0, -255, 900]	[[15, 15]]
"915.a2"	915	[1, 0, 0, 50, 107]	[[-1, 8]]
"915.b1"	915	[1, 1, 0, -367, -2756]	[[-12, 16]]
"915.b2"	915	[1, 1, 0, -62, 111]	[[22, 89]]
"915.b3"	915	[1, 1, 0, -57, 144]	[[0, 12]]
"915.b4"	915	[1, 1, 0, 163, 966]	[[79/2, 811/2]]
"916.d1"	916	[0, 1, 0, -157, -416]	[[60, 458]]
"916.d2"	916	[0, 1, 0, -77, 236]	[[8, 14]]
"918.a2"	918	[1, -1, 0, 24, 48]	[[4, 12]]
"918.d1"	918	[1, -1, 0, -27, 99]	[[-5, 12]]
"918.g2"	918	[1, -1, 1, 3886, -555983]	[[287, 4769]]
"918.i1"	918	[1, -1, 1, -245, -2429]	[[155/2, 1541/2]]
"921.b1"	921	[0, 1, 1, -23, 41]	[[-5, 7]]
"921.b2"	921	[0, 1, 1, 157, -130]	[[85/2, 917/2]]
"924.f1"	924	[0, 1, 0, -17242, 875009]	[[89, 231]]
"924.f2"	924	[0, 1, 0, 59978, 4520981]	[[-55, 1029]]
"925.b1"	925	[0, -1, 1, -46833, -3885432]	[[-15078/11, -653/11]]
"925.b2"	925	[0, -1, 1, -583, -5057]	[[-13, 12]]
"925.b3"	925	[0, -1, 1, -83, 318]	[[2, 12]]
"930.b1"	930	[1, 1, 0, -6628, 204952]	[[47, -19]]
"930.b2"	930	[1, 1, 0, -428, 2832]	[[7, 12]]
"930.b3"	930	[1, 1, 0, -108, -432]	[[-7, 10]]
"930.b4"	930	[1, 1, 0, 652, 16008]	[[-11, 93]]
"930.c1"	930	[1, 1, 0, -47, 99]	[[5, 2]]
"930.d1"	930	[1, 1, 0, -37442, 2585844]	[[68, 566]]
"930.h2"	930	[1, 0, 1, 467, -1432]	[[19, 110]]
"930.l1"	930	[1, 1, 1, -161, 119]	[[-7, 34]]
"935.a1"	935	[0, 1, 1, -1, -4]	[[2, 2]]
"938.a1"	938	[1, 0, 1, -11085, 446696]	[[70, 87]]
"939.c1"	939	[1, 0, 1, -6, -5]	[[11, 30]]
"939.c2"	939	[1, 0, 1, 9, -23]	[[43/2, 247/2]]
"940.c1"	940	[0, 1, 0, -31516, -1956716]	[[-1061/3, 9890/3]]
"944.e1"	944	[0, -1, 0, -9, -8]	[[4, 2]]
"946.b2"	946	[1, 0, 1, 14, -8]	[[5, 11]]
"954.a1"	954	[1, -1, 0, -81, 783]	[[-3, 33]]
"954.a2"	954	[1, -1, 0, 9, -27]	[[3, 3]]
"954.c1"	954	[1, -1, 0, -221427, 40159989]	[[310, 957]]
"954.c2"	954	[1, -1, 0, -2547, 63477]	[[166, 1965]]
"960.b1"	960	[0, -1, 0, -641, 6465]	[[16, 7]]
"960.b2"	960	[0, -1, 0, -161, -639]	[[-5, 4]]
"960.b3"	960	[0, -1, 0, -41, 105]	[[1, 8]]
"960.b4"	960	[0, -1, 0, 4, 6]	[[3, 6]]
"960.c1"	960	[0, -1, 0, -12801, -553215]	[[131, 28]]
"960.c2"	960	[0, -1, 0, -801, -8415]	[[-16, 7]]
"960.c3"	960	[0, -1, 0, -321, -18879]	[[80, 679]]
"960.c4"	960	[0, -1, 0, -81, 81]	[[0, 9]]
"960.c5"	960	[0, -1, 0, -61, 205]	[[4, 3]]
"960.c6"	960	[0, -1, 0, 319, 321]	[[3, 36]]
"960.f1"	960	[0, -1, 0, -225, -1215]	[[-8, 3]]
"960.f2"	960	[0, -1, 0, -25, 25]	[[0, 5]]
"960.f3"	960	[0, -1, 0, -20, 42]	[[7, 14]]
"960.f4"	960	[0, -1, 0, 95, 97]	[[3, 20]]
"960.i1"	960	[0, 1, 0, -1921, 31775]	[[26, 9]]
"960.i2"	960	[0, 1, 0, -321, -1665]	[[-9, 24]]
"960.i3"	960	[0, 1, 0, -121, 455]	[[2, 15]]
"960.i4"	960	[0, 1, 0, 4, 30]	[[1, 6]]
"960.j2"	960	[0, 1, 0, -801, 8415]	[[-1, 96]]
"960.j3"	960	[0, 1, 0, -321, 18879]	[[5, 132]]
"960.j4"	960	[0, 1, 0, -81, -81]	[[-6, 15]]
"960.j5"	960	[0, 1, 0, -61, -205]	[[11, 24]]
"960.m1"	960	[0, 1, 0, -1985, -19617]	[[-29, 120]]
"960.m2"	960	[0, 1, 0, -905, 9975]	[[25, 60]]
"960.m3"	960	[0, 1, 0, -900, 10098]	[[21, 30]]
"960.m4"	960	[0, 1, 0, 95, 31775]	[[5, 180]]
"966.a2"	966	[1, 1, 0, 18, 0]	[[2, 6]]
"966.b1"	966	[1, 1, 0, -3346, 63700]	[[43, 19]]
"966.b2"	966	[1, 1, 0, 334, 5556]	[[11, 98]]
"966.c2"	966	[1, 1, 0, -14744, 836928]	[[-121, 992]]
"966.e1"	966	[1, 0, 1, -361, 2564]	[[4, 32]]
"966.e2"	966	[1, 0, 1, -1, 116]	[[-2, 11]]
"966.g1"	966	[1, 1, 1, -79134, -8601153]	[[-1463/3, 2371/3]]
"966.g2"	966	[1, 1, 1, -17714, 900047]	[[79, -1]]
"966.g3"	966	[1, 1, 1, -5074, -128689]	[[-45, 127]]
"966.g4"	966	[1, 1, 1, -1154, 12431]	[[7, 65]]
"966.g5"	966	[1, 1, 1, 126, 1167]	[[1, 35]]
"966.g6"	966	[1, 1, 1, 6266, -609505]	[[117, 1261]]
"968.a1"	968	[0, 0, 0, -484, -5324]	[[44, 242]]
"972.a1"	972	[0, 0, 0, 0, -972]	[[13, 35]]
"972.a2"	972	[0, 0, 0, 0, 36]	[[-3, 3]]
"972.b1"	972	[0, 0, 0, 0, -243]	[[7, 10]]
"973.a1"	973	[0, 1, 1, -11373, -470630]	[[-62, 3]]
"973.a2"	973	[0, 1, 1, -253, 441]	[[-9, 45]]
"973.a3"	973	[0, 1, 1, -203, 1048]	[[74/5, 2682/5]]
"974.e1"	974	[1, -1, 1, 51, 117]	[[-1, 8]]
"974.h1"	974	[1, 1, 1, -5, 3]	[[1, 0]]
"979.b2"	979	[1, 1, 0, -14041, -747030]	[[17079/10, 1283247/10]]
"986.c1"	986	[1, 1, 0, -276, 1616]	[[-1, 44]]
"986.c2"	986	[1, 1, 0, 44, 5520]	[[48, 324]]
"987.b2"	987	[1, 0, 0, 1596, 9783]	[[-3, 72]]
"990.a2"	990	[1, -1, 0, 15, 91]	[[3, 11]]
"990.c1"	990	[1, -1, 0, -34965, 2525175]	[[111, -6]]
"990.c2"	990	[1, -1, 0, -10575, -415935]	[[-59, 30]]
"990.c3"	990	[1, -1, 0, -2295, 35721]	[[12, 93]]
"990.c4"	990	[1, -1, 0, -675, -6075]	[[-15, 30]]
"990.c5"	990	[1, -1, 0, 45, -459]	[[15, 51]]
"990.h1"	990	[1, -1, 1, -14423, -663069]	[[-69, 36]]
"990.h2"	990	[1, -1, 1, -923, -9669]	[[-19, 36]]
"990.h4"	990	[1, -1, 1, 1057, -46893]	[[47, 300]]
"990.i1"	990	[1, -1, 1, -96608, -11533373]	[[793, 19853]]
"990.i2"	990	[1, -1, 1, -95528, -11804669]	[[1027, 30671]]
"990.i3"	990	[1, -1, 1, -1568, -4669]	[[-5, 57]]
"990.i4"	990	[1, -1, 1, 6112, -41533]	[[13, 193]]
"994.c1"	994	[1, 0, 1, -1611, -39690]	[[591, 14040]]
"994.c2"	994	[1, 0, 1, 164, 922]	[[65, 503]]
"994.e1"	994	[1, 0, 0, -52238, -4587140]	[[-130, 170]]
"994.e2"	994	[1, 0, 0, -52198, -4594524]	[[318, 3156]]
"994.e3"	994	[1, 0, 0, -3238, 65508]	[[24, 30]]
"994.e4"	994	[1, 0, 0, -678, -5660]	[[30, 20]]
"994.g1"	994	[1, -1, 1, -1516, 23091]	[[133, 1403]]
"994.g2"	994	[1, -1, 1, -96, 371]	[[7, -1]]
"994.g3"	994	[1, -1, 1, -16, -13]	[[5, 1]]
"994.g4"	994	[1, -1, 1, 44, 1267]	[[-7, 27]]
"995.a1"	995	[0, 1, 1, -15, 19]	[[7, 17]]
"995.a2"	995	[0, 1, 1, 85, 64]	[[62, 497]]
"996.b2"	996	[0, 1, 0, 108, -876]	[[11, 42]]
"1002.c1"	1002	[1, 0, 1, -3264, 71590]	[[32, -3]]
"1002.d1"	1002	[1, 0, 1, -125, -544]	[[14, 15]]
"1002.d2"	1002	[1, 0, 1, -5, -16]	[[6, 10]]
"1002.e1"	1002	[1, 0, 0, -27, 81]	[[6, 9]]
"1007.a1"	1007	[0, 0, 1, 61, -105]	[[9/2, 49/2]]
"1008.c1"	1008	[0, 0, 0, -6, -5]	[[3, 2]]
"1008.c2"	1008	[0, 0, 0, 9, -26]	[[5, 12]]
"1008.d1"	1008	[0, 0, 0, -2691, 53730]	[[31, 10]]
"1008.d3"	1008	[0, 0, 0, -171, 810]	[[3, 18]]
"1008.d4"	1008	[0, 0, 0, 9, 54]	[[1, 8]]
"1008.e1"	1008	[0, 0, 0, -1371, 19514]	[[19, 18]]
"1008.e2"	1008	[0, 0, 0, -111, 110]	[[-2, 18]]
"1008.e3"	1008	[0, 0, 0, -66, -205]	[[11, 20]]
"1008.e4"	1008	[0, 0, 0, 429, 866]	[[1, 36]]
"1008.g1"	1008	[0, 0, 0, -16455, -812446]	[[1225/2, 38259/2]]
"1008.g2"	1008	[0, 0, 0, -1020, -12913]	[[49, 234]]
"1008.g3"	1008	[0, 0, 0, -255, -502]	[[-14, 18]]
"1008.g4"	1008	[0, 0, 0, 60, -61]	[[13, 54]]
"1008.h1"	1008	[0, 0, 0, -393195, -94898662]	[[821, 11648]]
"1008.h2"	1008	[0, 0, 0, -24555, -1485286]	[[3223, 182754]]
"1008.h3"	1008	[0, 0, 0, -5115, -115414]	[[-35, 144]]
"1008.h4"	1008	[0, 0, 0, -1515, 22682]	[[13, 72]]
"1008.h5"	1008	[0, 0, 0, -75, 506]	[[5, 16]]
"1008.h6"	1008	[0, 0, 0, 645, -10582]	[[31, 198]]
"1008.i1"	1008	[0, 0, 0, -54, 135]	[[7, 10]]
"1008.i2"	1008	[0, 0, 0, 81, 702]	[[1, 28]]
"1012.c1"	1012	[0, 1, 0, -2278, -42635]	[[1345/3, 46585/3]]
"1012.c2"	1012	[0, 1, 0, 22, -223]	[[14, 55]]
"1015.b1"	1015	[0, 0, 1, 2, 3]	[[1, 2]]
"1015.c1"	1015	[0, 1, 1, -582247911, -5407862107580]	[[26785172701/858, 2933954541607519/858]]
"1015.c2"	1015	[0, 1, 1, -7112371, -7584550689]	[[10647, 1060062]]
"1015.c3"	1015	[0, 1, 1, 448219, -27594650]	[[2234, 110127]]
"1018.a1"	1018	[1, 0, 1, -7, 10]	[[-1, 4]]
"1020.c1"	1020	[0, -1, 0, -25, -38]	[[7, 9]]
"1020.c2"	1020	[0, -1, 0, 20, -200]	[[10, 30]]
"1020.e1"	1020	[0, 1, 0, -6, 9]	[[2, 3]]
"1020.e2"	1020	[0, 1, 0, 54, -195]	[[5, 15]]
"1022.b2"	1022	[1, 0, 0, 8, 0]	[[2, 4]]
"1022.c1"	1022	[1, -1, 1, -87211, 9934747]	[[173, -36]]
"1022.c3"	1022	[1, -1, 1, -5451, 156251]	[[41, 0]]
"1022.c4"	1022	[1, -1, 1, -331, 2651]	[[15, 22]]
"1026.b1"	1026	[1, -1, 0, -4041, 99891]	[[-125/2, 3657/2]]
"1026.b3"	1026	[1, -1, 0, -51, 141]	[[1, 9]]
"1026.d1"	1026	[1, -1, 0, -1197, 16245]	[[22, 3]]
"1026.d2"	1026	[1, -1, 0, 3, 69]	[[10, 27]]
"1026.e1"	1026	[1, -1, 0, 6, 52]	[[3, 8]]
"1026.l1"	1026	[1, -1, 1, 52, -1457]	[[49, 317]]
"1042.a1"	1042	[1, -1, 0, -8, 0]	[[-1, 3]]
"1042.a2"	1042	[1, -1, 0, 32, -24]	[[7, 19]]
"1045.a2"	1045	[1, 0, 0, -6, -5]	[[3, 1]]
"1045.b2"	1045	[1, -1, 0, -982414, -374539305]	[[5206, 365617]]
"1045.b3"	1045	[1, -1, 0, -982409, -374543312]	[[13348/3, 1000658/3]]
"1050.a1"	1050	[1, 1, 0, -161275, 15616375]	[[1095, 33415]]
"1050.a2"	1050	[1, 1, 0, -144025, 20978125]	[[225, 50]]
"1050.a3"	1050	[1, 1, 0, -67525, -6602375]	[[-155, 490]]
"1050.a4"	1050	[1, 1, 0, -67025, -6706875]	[[334, 2715]]
"1050.a5"	1050	[1, 1, 0, -9025, 323125]	[[15, 430]]
"1050.a6"	1050	[1, 1, 0, -2025, 820125]	[[55, 910]]
"1050.a7"	1050	[1, 1, 0, -1025, -4875]	[[-5, 15]]
"1050.a8"	1050	[1, 1, 0, 18225, -22123125]	[[531, 11466]]
"1050.d1"	1050	[1, 1, 0, -80, 0]	[[-5, 20]]
"1050.g1"	1050	[1, 0, 1, -171, 838]	[[2, 21]]
"1050.i1"	1050	[1, 0, 1, -33601, 2367848]	[[112, 56]]
"1050.i2"	1050	[1, 0, 1, -22851, -1318652]	[[-82, 114]]
"1050.i3"	1050	[1, 0, 1, -2601, 17848]	[[77, 486]]
"1050.i4"	1050	[1, 0, 1, -2101, 36848]	[[7, 146]]
"1050.i5"	1050	[1, 0, 1, -101, 848]	[[3, 22]]
"1050.i6"	1050	[1, 0, 1, 9649, 140348]	[[42, 766]]
"1051.a1"	1051	[0, 1, 1, -5, 3]	[[1, 0]]
"1054.a2"	1054	[1, -1, 1, 0, 35]	[[1, 5]]
"1056.a2"	1056	[0, -1, 0, 0, 36]	[[0, 6]]
"1056.c1"	1056	[0, -1, 0, -129, -495]	[[-7, 4]]
"1056.c2"	1056	[0, -1, 0, 6, -36]	[[4, 6]]
"1056.e1"	1056	[0, -1, 0, -313632, -67500540]	[[217993/3, 101750770/3]]
"1056.e2"	1056	[0, -1, 0, -20817, -911007]	[[-112, 55]]
"1056.e3"	1056	[0, -1, 0, -19602, -1049760]	[[24219, 3768930]]
"1056.e4"	1056	[0, -1, 0, -18392, -1186248]	[[147109/30, 10381877/30]]
"1056.g1"	1056	[0, 1, 0, -129, 495]	[[3, 12]]
"1056.g2"	1056	[0, 1, 0, 6, 36]	[[0, 6]]
"1056.h2"	1056	[0, 1, 0, -144, -648]	[[-6, 6]]
"1056.h3"	1056	[0, 1, 0, -34, 56]	[[5, 6]]
"1056.h4"	1056	[0, 1, 0, 56, 380]	[[-1, 18]]
"1062.a1"	1062	[1, -1, 0, -211599, 37407469]	[[329, 1658]]
"1062.b1"	1062	[1, -1, 0, -225, -1283]	[[18, 7]]
"1062.b2"	1062	[1, -1, 0, 1035, 68017]	[[228, 3367]]
"1062.c1"	1062	[1, -1, 0, -2337, 44045]	[[22, 43]]
"1062.c2"	1062	[1, -1, 0, -177, 413]	[[2, 7]]
"1062.d1"	1062	[1, -1, 0, -27, 49]	[[5, 2]]
"1062.d2"	1062	[1, -1, 0, 63, 247]	[[-1, 14]]
"1062.h1"	1062	[1, -1, 1, -5801, -168285]	[[-675/4, 1451/4]]
"1062.h2"	1062	[1, -1, 1, -491, -489]	[[-9, 60]]
"1062.h4"	1062	[1, -1, 1, 1939, -5349]	[[207/2, 3639/2]]
"1062.i1"	1062	[1, -1, 1, -260, -1545]	[[-9, 5]]
"1072.a1"	1072	[0, 1, 0, 3, 7]	[[-1, 2]]
"1078.e1"	1078	[1, 0, 1, -271, -1718]	[[-10, 8]]
"1078.e2"	1078	[1, 0, 1, -26, 46]	[[-2, 10]]
"1078.j2"	1078	[1, -1, 1, -29581, -744579]	[[-47, 758]]
"1078.j3"	1078	[1, -1, 1, -15861, 764621]	[[97, 314]]
"1085.b1"	1085	[1, 0, 0, -186, 961]	[[0, 31]]
"1085.d1"	1085	[0, 0, 1, 2, -147]	[[9, 24]]
"1088.b1"	1088	[0, 1, 0, -89, 295]	[[3, 8]]
"1088.b2"	1088	[0, 1, 0, -4, 6]	[[1, 2]]
"1088.c2"	1088	[0, 1, 0, -33, -65]	[[-3, 4]]
"1088.e1"	1088	[0, 1, 0, -17, -17]	[[-3, 4]]
"1088.e2"	1088	[0, 1, 0, 63, -65]	[[5, 20]]
"1088.f1"	1088	[0, 0, 0, -20, 32]	[[4, 4]]
"1088.f2"	1088	[0, 0, 0, 20, 144]	[[0, 12]]
"1088.g1"	1088	[0, 0, 0, -20, -32]	[[6, 8]]
"1088.g2"	1088	[0, 0, 0, 20, -144]	[[5, 9]]
"1088.h1"	1088	[0, 0, 0, -5804, 170192]	[[26, 192]]
"1088.h2"	1088	[0, 0, 0, -364, 2640]	[[28, 120]]
"1088.h3"	1088	[0, 0, 0, -44, -48]	[[-4, 8]]
"1088.h4"	1088	[0, 0, 0, -44, 7120]	[[-3, 85]]
"1088.k1"	1088	[0, -1, 0, -89, -295]	[[13, 24]]
"1088.k2"	1088	[0, -1, 0, -4, -6]	[[31/3, 82/3]]
"1088.l2"	1088	[0, -1, 0, -6593, -203839]	[[2713/3, 135296/3]]
"1088.l4"	1088	[0, -1, 0, -193, 705]	[[3, 12]]
"1089.a1"	1089	[0, 0, 1, 33, -14]	[[4, 13]]
"1089.b1"	1089	[0, 0, 1, -8516343, -9565943918]	[[35585/2, 6292843/2]]
"1089.b2"	1089	[0, 0, 1, -11253, -832208]	[[737/2, 14637/2]]
"1089.b3"	1089	[0, 0, 1, -363, 6322]	[[11, 60]]
"1089.j1"	1089	[1, -1, 0, -159561, 24548134]	[[-382, 5636]]
"1089.j2"	1089	[1, -1, 0, -12546, 173047]	[[5603/2, 412357/2]]
"1089.j3"	1089	[1, -1, 0, -7101, -226616]	[[1400, 51572]]
"1089.k1"	1089	[0, 0, 1, 3993, 18301]	[[121/2, 3263/2]]
"1090.b1"	1090	[1, 1, 0, -92, 304]	[[5, -2]]
"1090.d1"	1090	[1, 1, 1, -35, -63]	[[-3, 6]]
"1090.e1"	1090	[1, 0, 0, -436726, -111069020]	[[-384, 410]]
"1090.e2"	1090	[1, 0, 0, -16886, 663716]	[[44, 58]]
"1095.a1"	1095	[1, 0, 0, -1181, -15714]	[[-315/4, 741/4]]
"1095.a2"	1095	[1, 0, 0, -86, -165]	[[-6, 15]]
"1095.a3"	1095	[1, 0, 0, -41, 96]	[[3, 0]]
"1095.a4"	1095	[1, 0, 0, 289, -1140]	[[168, 2106]]
"1096.b1"	1096	[0, 1, 0, -88, -144]	[[-5, 14]]
"1096.b2"	1096	[0, 1, 0, -48, 112]	[[3, 2]]
"1096.c1"	1096	[0, 0, 0, 13, -18]	[[2, 4]]
"1100.c1"	1100	[0, 0, 0, -295, 1950]	[[11, 6]]
"1100.d1"	1100	[0, 0, 0, -7375, 243750]	[[550, 12750]]
"1104.b1"	1104	[0, -1, 0, -12328, -85904]	[[-30, 506]]
"1104.b2"	1104	[0, -1, 0, -9208, -337040]	[[114, 286]]
"1104.b3"	1104	[0, -1, 0, -568, -5264]	[[60, 416]]
"1104.b4"	1104	[0, -1, 0, 3032, -12176]	[[10, 138]]
"1104.c1"	1104	[0, -1, 0, -248, 1584]	[[10, 2]]
"1104.c2"	1104	[0, -1, 0, -8, 48]	[[2, 6]]
"1104.d1"	1104	[0, 1, 0, -1144, 14516]	[[20, 6]]
"1104.d2"	1104	[0, 1, 0, -64, 260]	[[2, 12]]
"1106.b2"	1106	[1, -1, 0, -22, -12]	[[-3, 6]]
"1106.e2"	1106	[1, -1, 1, -2221, -39283]	[[-27, 34]]
"1106.e3"	1106	[1, -1, 1, -261, 701]	[[1, 20]]
"1106.e4"	1106	[1, -1, 1, 59, 61]	[[1, 10]]
"1107.b1"	1107	[1, -1, 0, 39, -100]	[[8, 22]]
"1108.a2"	1108	[0, 1, 0, -28, 3540]	[[67, 554]]
"1110.a1"	1110	[1, 1, 0, -358318108, -2610814913072]	[[200739610880201683197/94952731, 564132176203253638279313019034/94952731]]
"1110.a2"	1110	[1, 1, 0, -22394908, -40800879152]	[[31520549709/1619, 5047520569416127/1619]]
"1110.a3"	1110	[1, 1, 0, -22016028, -42247518768]	[[32930080659254493661/52340651, 170611294795375230919907322407/52340651]]
"1110.a4"	1110	[1, 1, 0, -1423388, -615252528]	[[-483649/25, 81909524/25]]
"1110.b1"	1110	[1, 1, 0, 2, -2]	[[1, 1]]
"1110.e1"	1110	[1, 0, 1, -7089, -230588]	[[439/2, 4057/2]]
"1111.a1"	1111	[0, 0, 1, -8704, 313290]	[[342, 6110]]
"1113.b1"	1113	[1, 1, 1, -34, -88]	[[-4, 3]]
"1113.b2"	1113	[1, 1, 1, 1, -4]	[[2, 2]]
"1113.c1"	1113	[0, -1, 1, -1, 3]	[[1, 1]]
"1115.a1"	1115	[1, 0, 0, -5, 2]	[[-1, 3]]
"1120.i1"	1120	[0, 0, 0, -13067, 574926]	[[-103, 910]]
"1120.i2"	1120	[0, 0, 0, -1067, 3026]	[[2, 30]]
"1120.i3"	1120	[0, 0, 0, -817, 8976]	[[7, 60]]
"1120.i4"	1120	[0, 0, 0, -572, 14464]	[[58, 420]]
"1122.b1"	1122	[1, 1, 0, -2984, -63840]	[[-33, 9]]
"1122.b2"	1122	[1, 1, 0, -264, -192]	[[-1, 9]]
"1122.d1"	1122	[1, 0, 1, -1227, -9650]	[[-10, 45]]
"1122.e1"	1122	[1, 1, 1, -394944, -95697123]	[[2393, 111363]]
"1122.e2"	1122	[1, 1, 1, -24684, -1502979]	[[215, 1677]]
"1122.e3"	1122	[1, 1, 1, -24344, -1545955]	[[1933/3, 45317/3]]
"1122.e4"	1122	[1, 1, 1, -1564, -23299]	[[47, 75]]
"1122.e6"	1122	[1, 1, 1, 1076, -90883]	[[39, 91]]
"1122.f1"	1122	[1, 1, 1, -9, -9]	[[3, 0]]
"1122.f2"	1122	[1, 1, 1, 31, -25]	[[5, 14]]
"1122.i1"	1122	[1, 0, 0, -904, 10304]	[[20, 8]]
"1122.i2"	1122	[1, 0, 0, -264, 24768]	[[6, 150]]
"1128.c1"	1128	[0, -1, 0, -112, 460]	[[9, 10]]
"1128.c2"	1128	[0, -1, 0, 8, 28]	[[1, 6]]
"1128.g1"	1128	[0, 1, 0, -48, -48]	[[8, 12]]
"1130.c1"	1130	[1, -1, 1, -106933, -13432019]	[[1195, 38952]]
"1130.c2"	1130	[1, -1, 1, -6933, -192019]	[[-49, 192]]
"1130.c3"	1130	[1, -1, 1, -1813, 27117]	[[13, 68]]
"1130.c4"	1130	[1, -1, 1, 11147, -1038163]	[[177, 2452]]
"1134.c1"	1134	[1, -1, 0, 9, -35]	[[3, 2]]
"1134.f1"	1134	[1, -1, 1, 79, 865]	[[13, 56]]
"1135.a1"	1135	[0, 0, 1, -73, -241]	[[41/2, 71/2]]
"1136.b1"	1136	[0, -1, 0, -928, 10880]	[[-22, 142]]
"1136.b2"	1136	[0, -1, 0, -128, -512]	[[-6, 2]]
"1138.a1"	1138	[1, -1, 0, -11, 17]	[[1, 2]]
"1138.a2"	1138	[1, -1, 0, -1, 39]	[[3, 6]]
"1139.a1"	1139	[1, 0, 0, -80, 151]	[[1, 8]]
"1139.a2"	1139	[1, 0, 0, 255, 1156]	[[0, 34]]
"1139.b1"	1139	[0, 1, 1, -107, -464]	[[26, 122]]
"1140.a1"	1140	[0, -1, 0, -3476, 72360]	[[14, 162]]
"1140.a2"	1140	[0, -1, 0, -3381, 76806]	[[33, 9]]
"1140.c1"	1140	[0, 1, 0, -116, 420]	[[4, 6]]
"1140.c2"	1140	[0, 1, 0, -21, -36]	[[-3, 3]]
"1145.a1"	1145	[1, 0, 0, -596, 5551]	[[13, 0]]
"1145.a2"	1145	[1, 0, 0, -591, 5650]	[[3, 61]]
"1146.b1"	1146	[1, 0, 0, -12224, 519180]	[[580/3, -610/3]]
"1146.b2"	1146	[1, 0, 0, -824, 6708]	[[24, 18]]
"1146.b3"	1146	[1, 0, 0, -764, 8064]	[[18, 6]]
"1146.b4"	1146	[1, 0, 0, -44, 144]	[[0, 12]]
"1150.a1"	1150	[1, 0, 1, -72826, -7570452]	[[-1403/3, 2099/3]]
"1150.a2"	1150	[1, 0, 1, -951, -9202]	[[-23, 36]]
"1152.b1"	1152	[0, 0, 0, -1272, 17440]	[[17, 27]]
"1152.b2"	1152	[0, 0, 0, -57, 430]	[[2, 18]]
"1152.e1"	1152	[0, 0, 0, -36, -80]	[[-3, 1]]
"1152.e2"	1152	[0, 0, 0, -6, 4]	[[0, 2]]
"1152.f1"	1152	[0, 0, 0, -216, 864]	[[4, 8]]
"1152.f2"	1152	[0, 0, 0, -81, -270]	[[102, 1026]]
"1152.g2"	1152	[0, 0, 0, -6, -4]	[[4, 6]]
"1152.i1"	1152	[0, 0, 0, -120, -416]	[[-7, 9]]
"1152.i2"	1152	[0, 0, 0, 15, -38]	[[14, 54]]
"1152.j1"	1152	[0, 0, 0, -30, -52]	[[7, 9]]
"1152.k1"	1152	[0, 0, 0, -30, 52]	[[-1, 9]]
"1152.k2"	1152	[0, 0, 0, 60, 304]	[[5, 27]]
"1152.m2"	1152	[0, 0, 0, 6, -20]	[[3, 5]]
"1152.n1"	1152	[0, 0, 0, -24, 32]	[[1, 3]]
"1152.n2"	1152	[0, 0, 0, -9, -10]	[[10, 30]]
"1154.a1"	1154	[1, -1, 1, -55, -121]	[[-3, 4]]
"1155.c1"	1155	[0, 1, 1, -26790, -31917424]	[[6197/2, 483149/2]]
"1155.d1"	1155	[1, 1, 1, -881, 9698]	[[17, -7]]
"1155.d2"	1155	[1, 1, 1, -56, 128]	[[6, 4]]
"1155.d3"	1155	[1, 1, 1, -11, -16]	[[-2, 2]]
"1155.d4"	1155	[1, 1, 1, 49, 674]	[[-1, 25]]
"1155.e1"	1155	[1, 1, 1, -13250, -592540]	[[-67, 38]]
"1155.e2"	1155	[1, 1, 1, -875, -8440]	[[-22, 38]]
"1155.e3"	1155	[1, 1, 1, -270, 1482]	[[12, 6]]
"1155.e4"	1155	[1, 1, 1, -265, 1550]	[[34, 165]]
"1155.e5"	1155	[1, 1, 1, 255, 7152]	[[-9, 69]]
"1155.h1"	1155	[0, 1, 1, -841, -9674]	[[205/2, 2321/2]]
"1155.k2"	1155	[1, 1, 0, -16247, -803016]	[[248, 3116]]
"1155.k3"	1155	[1, 1, 0, -16242, -803529]	[[182, 1429]]
"1155.k4"	1155	[1, 1, 0, -11872, -1239641]	[[2507/2, 120913/2]]
"1155.l1"	1155	[1, 0, 1, -2054, -35989]	[[219/2, 803/2]]
"1155.l3"	1155	[1, 0, 1, -129, -569]	[[41, 231]]
"1155.l4"	1155	[1, 0, 1, -4, -19]	[[91/3, 706/3]]
"1158.b1"	1158	[1, 0, 1, -73276, -7640710]	[[3429279/26, 6296779685/26]]
"1158.b2"	1158	[1, 0, 1, -901, -10648]	[[5070, 358471]]
"1158.d1"	1158	[1, 1, 1, -68, 185]	[[5, -1]]
"1160.a1"	1160	[0, 1, 0, -36, -80]	[[-4, 4]]
"1160.a2"	1160	[0, 1, 0, -11, 10]	[[1, 1]]
"1160.b1"	1160	[0, 0, 0, -827, -7546]	[[-17, 40]]
"1160.b2"	1160	[0, 0, 0, -247, 1386]	[[2, 30]]
"1160.b3"	1160	[0, 0, 0, -242, 1449]	[[-16, 35]]
"1160.b4"	1160	[0, 0, 0, 253, 6286]	[[22, 150]]
"1160.c1"	1160	[0, -1, 0, -676, -6540]	[[246, 3828]]
"1160.c2"	1160	[0, -1, 0, -51, -40]	[[-1, 3]]
"1162.a1"	1162	[1, 1, 0, -21, -49]	[[5, -1]]
"1162.b1"	1162	[1, -1, 1, -25, 121]	[[7, 12]]
"1168.a2"	1168	[0, 0, 0, 61, 130]	[[7, 30]]
"1175.c1"	1175	[1, 0, 1, -88776, -10188177]	[[-29007/13, 203072/13]]
"1176.f1"	1176	[0, 1, 0, -197584, -33870544]	[[527, 2940]]
"1176.f2"	1176	[0, 1, 0, -19224, 116640]	[[-12, 588]]
"1176.f3"	1176	[0, 1, 0, -12364, -530944]	[[-64, 48]]
"1176.f4"	1176	[0, 1, 0, -359, -17130]	[[37, 147]]
"1178.a1"	1178	[1, 0, 0, -202, -1122]	[[67/2, 63/2]]
"1178.a2"	1178	[1, 0, 0, -12, -20]	[[12, 34]]
"1184.a1"	1184	[0, 0, 0, -232, 1360]	[[8, 4]]
"1184.d1"	1184	[0, 0, 0, -49, -132]	[[21, 90]]
"1184.d2"	1184	[0, 0, 0, -44, -160]	[[10, 20]]
"1184.f1"	1184	[0, 1, 0, -13, -5]	[[-3, 4]]
"1185.a1"	1185	[1, 1, 1, -351, -2226]	[[24, 50]]
"1185.a2"	1185	[1, 1, 1, 44, -172]	[[4, 7]]
"1185.c1"	1185	[1, 0, 0, -421, 3290]	[[13, 1]]
"1185.c2"	1185	[1, 0, 0, -26, 51]	[[3, 0]]
"1186.b1"	1186	[1, -1, 1, -10, 9]	[[-3, 3]]
"1186.b2"	1186	[1, -1, 1, 30, 41]	[[-1, 3]]
"1188.b1"	1188	[0, 0, 0, -135, 702]	[[7, 10]]
"1188.b2"	1188	[0, 0, 0, 945, -3834]	[[34, 260]]
"1188.c1"	1188	[0, 0, 0, -15, -26]	[[6, 10]]
"1190.a2"	1190	[1, -1, 0, -145, -2979]	[[43, 241]]
"1190.f1"	1190	[1, -1, 1, -1381048, 625030331]	[[681, -239]]
"1190.f2"	1190	[1, -1, 1, -102328, 5913787]	[[-137, 4233]]
"1190.f3"	1190	[1, -1, 1, -86328, 9779387]	[[137, 645]]
"1190.f4"	1190	[1, -1, 1, -4408, 211131]	[[61, 377]]
"1197.b1"	1197	[1, -1, 1, -515, 4618]	[[14, -4]]
"1197.b2"	1197	[1, -1, 1, -380, 6994]	[[8, 62]]
"1197.d1"	1197	[1, -1, 0, -57, -152]	[[12, 22]]
"1197.d2"	1197	[1, -1, 0, -42, -245]	[[14, 35]]
"1200.a1"	1200	[0, -1, 0, -333, -2088]	[[-12, 6]]
"1200.d1"	1200	[0, -1, 0, -9608, 365712]	[[56, 12]]
"1200.d2"	1200	[0, -1, 0, -1608, -24288]	[[77, 550]]
"1200.d3"	1200	[0, -1, 0, -608, 5712]	[[8, 36]]
"1200.d4"	1200	[0, -1, 0, -108, -288]	[[-4, 8]]
"1200.d5"	1200	[0, -1, 0, 17, -38]	[[18, 76]]
"1200.d6"	1200	[0, -1, 0, 392, 21712]	[[2, 150]]
"1200.f1"	1200	[0, -1, 0, -30333, 2043537]	[[101, 2]]
"1200.g1"	1200	[0, -1, 0, -13248, -580608]	[[-64, 32]]
"1200.g2"	1200	[0, -1, 0, -848, 9792]	[[16, 8]]
"1200.g3"	1200	[0, -1, 0, -448, -17408]	[[42, 190]]
"1200.g4"	1200	[0, -1, 0, -48, 192]	[[2, 10]]
"1200.k1"	1200	[0, 1, 0, -2133408, 1198675188]	[[842, 48]]
"1200.k2"	1200	[0, 1, 0, -181408, 3987188]	[[4, 1806]]
"1200.k3"	1200	[0, 1, 0, -133408, 18675188]	[[68, 3150]]
"1200.k4"	1200	[0, 1, 0, -115408, -15128812]	[[-196, 6]]
"1200.k5"	1200	[0, 1, 0, -27408, 1495188]	[[42, 648]]
"1200.k6"	1200	[0, 1, 0, -7408, -224812]	[[-52, 150]]
"1200.k7"	1200	[0, 1, 0, -5408, 499188]	[[-12, 750]]
"1200.k8"	1200	[0, 1, 0, 592, -16812]	[[28, 150]]
"1200.l1"	1200	[0, 1, 0, -168, 468]	[[-6, 36]]
"1200.l2"	1200	[0, 1, 0, 32, 68]	[[2, 12]]
"1206.c1"	1206	[1, -1, 1, -12866, -558475]	[[441, 8689]]
"1206.c2"	1206	[1, -1, 1, -806, -8539]	[[-17, 3]]
"1206.c3"	1206	[1, -1, 1, -266, -20203]	[[37, 121]]
"1206.d1"	1206	[1, -1, 1, -23, 303]	[[11, 30]]
"1208.a1"	1208	[0, -1, 0, -48, -116]	[[9, 10]]
"1210.f1"	1210	[1, 0, 1, -608, 5806]	[[25, 67]]
"1210.f2"	1210	[1, 0, 1, 2417, 27586]	[[-17/3, 4108/3]]
"1210.g2"	1210	[1, 1, 0, -24928, 2245632]	[[1408/3, 37984/3]]
"1215.e1"	1215	[0, 0, 1, -2268, 41573]	[[31, 32]]
"1215.e2"	1215	[0, 0, 1, -18, 98]	[[16, 62]]
"1216.b1"	1216	[0, 1, 0, -3077, 64681]	[[32, 3]]
"1216.b2"	1216	[0, 1, 0, -37, 81]	[[8, 19]]
"1216.b3"	1216	[0, 1, 0, 3, 1]	[[0, 1]]
"1216.i1"	1216	[0, 0, 0, -14, 606]	[[-7, 19]]
"1216.j1"	1216	[0, 0, 0, -2, 2]	[[1, 1]]
"1216.o1"	1216	[0, -1, 0, -3077, -64681]	[[8026/7, 668541/7]]
"1216.o2"	1216	[0, -1, 0, -37, -81]	[[18, 69]]
"1216.o3"	1216	[0, -1, 0, 3, -1]	[[2, 3]]
"1218.c1"	1218	[1, 0, 1, -451, 782]	[[-5, 56]]
"1218.c2"	1218	[1, 0, 1, 109, 110]	[[6, 28]]
"1221.a1"	1221	[1, 0, 0, -253, 1316]	[[5, 11]]
"1221.a2"	1221	[1, 0, 0, -68, -201]	[[-5, 7]]
"1221.c1"	1221	[1, 0, 1, -595, -5629]	[[1087/6, 10591/6]]
"1221.c3"	1221	[1, 0, 1, -40, -79]	[[55/2, 301/2]]
"1221.c4"	1221	[1, 0, 1, 5, -7]	[[13, 41]]
"1224.d1"	1224	[0, 0, 0, -435, -3346]	[[-10, 2]]
"1224.d2"	1224	[0, 0, 0, -75, 182]	[[-2, 18]]
"1225.b1"	1225	[1, 1, 1, -208083, -36621194]	[[1190, 36857]]
"1225.b2"	1225	[1, 1, 1, -8, 6]	[[0, 2]]
"1225.g1"	1225	[1, 0, 1, -5202076, -4567245077]	[[14222544712537937/344191, 1693402407380764960626706/344191]]
"1225.g2"	1225	[1, 0, 1, -201, 1173]	[[27, 111]]
"1227.a1"	1227	[0, -1, 1, 3, -1]	[[1, 1]]
"1230.a1"	1230	[1, 1, 0, -1402, 19474]	[[33, 86]]
"1230.c1"	1230	[1, 0, 1, -5249, 145916]	[[44, 3]]
"1230.c2"	1230	[1, 0, 1, -529, -868]	[[-12, 67]]
"1230.c3"	1230	[1, 0, 1, -329, 2252]	[[3, 34]]
"1230.c4"	1230	[1, 0, 1, -9, 76]	[[4, 8]]
"1230.d1"	1230	[1, 0, 1, -53, -52]	[[9, 10]]
"1230.d2"	1230	[1, 0, 1, 197, -352]	[[4, 20]]
"1230.e1"	1230	[1, 1, 1, -861, 9363]	[[19, 8]]
"1230.h1"	1230	[1, 0, 0, -12756, -555264]	[[-66, 48]]
"1230.h2"	1230	[1, 0, 0, -10256, -778764]	[[184, 1798]]
"1230.h4"	1230	[1, 0, 0, 1084, 21840]	[[-14, 70]]
"1232.a1"	1232	[0, 1, 0, -824, -8684]	[[36, 98]]
"1232.c2"	1232	[0, 1, 0, -232, 1332]	[[4, 22]]
"1232.d1"	1232	[0, -1, 0, -1429, -20323]	[[44, 7]]
"1232.d2"	1232	[0, -1, 0, -789, -39203]	[[244, 3773]]
"1232.d3"	1232	[0, -1, 0, 7051, 1019197]	[[-36, 847]]
"1232.g1"	1232	[0, 0, 0, -355, -702]	[[-9, 42]]
"1232.i1"	1232	[0, 1, 0, -1, -197]	[[6, 7]]
"1234.a1"	1234	[1, 0, 1, -451, 3646]	[[-1, 64]]
"1240.b1"	1240	[0, -1, 0, -25, 77]	[[-1, 10]]
"1240.c1"	1240	[0, 0, 0, -5323, 149478]	[[-82, 186]]
"1246.b2"	1246	[1, 0, 1, 472, 22902]	[[-22, 55]]
"1246.e1"	1246	[1, 0, 1, 6, 0]	[[3, 5]]
"1246.i2"	1246	[1, -1, 1, -30, 173]	[[1, 11]]
"1251.a1"	1251	[1, -1, 1, 229, -1740]	[[50, 339]]
"1251.b1"	1251	[1, -1, 1, -32, 78]	[[2, 3]]
"1254.a1"	1254	[1, 1, 0, -1282, 17140]	[[21, -5]]
"1254.a2"	1254	[1, 1, 0, -1122, 21780]	[[11, 99]]
"1254.d1"	1254	[1, 0, 1, -37, 80]	[[4, -1]]
"1254.e1"	1254	[1, 0, 1, -206, 896]	[[14, 21]]
"1254.f1"	1254	[1, 1, 1, -148049, -21987223]	[[-1568027/84, 74688167/84]]
"1254.f2"	1254	[1, 1, 1, -9539, -324259]	[[-569/3, 5600/3]]
"1254.f3"	1254	[1, 1, 1, -2319, 36741]	[[17, 42]]
"1254.f5"	1254	[1, 1, 1, 3621, 200685]	[[611, 14892]]
"1254.f6"	1254	[1, 1, 1, 13451, -1620895]	[[129319/30, 47126837/30]]
"1254.g1"	1254	[1, 1, 1, -42359, -3373225]	[[49527/14, 3663869/14]]
"1254.g2"	1254	[1, 1, 1, -2649, -53469]	[[775/2, 20011/2]]
"1254.g3"	1254	[1, 1, 1, -1659, -92673]	[[6943/6, 542633/6]]
"1254.g4"	1254	[1, 1, 1, -229, -229]	[[-3, 22]]
"1254.g6"	1254	[1, 1, 1, 911, -685]	[[111, 1162]]
"1254.i1"	1254	[1, 0, 0, -9054, -332100]	[[-54, 36]]
"1254.i2"	1254	[1, 0, 0, -694, -2716]	[[-16, 74]]
"1254.i3"	1254	[1, 0, 0, -374, 2724]	[[10, -8]]
"1254.i4"	1254	[1, 0, 0, 2546, -20212]	[[38, 344]]
"1260.a1"	1260	[0, 0, 0, -48, -47]	[[-4, 9]]
"1260.a2"	1260	[0, 0, 0, 177, -362]	[[11, 54]]
"1260.d1"	1260	[0, 0, 0, -18063, -934362]	[[-2783/6, 935/6]]
"1260.d2"	1260	[0, 0, 0, -1188, -12987]	[[-87/2, 405/2]]
"1260.d3"	1260	[0, 0, 0, -423, 1342]	[[3, 10]]
"1260.f1"	1260	[0, 0, 0, -87, -306]	[[-5, 2]]
"1260.f2"	1260	[0, 0, 0, -12, 9]	[[0, 3]]
"1260.i1"	1260	[0, 0, 0, -2712, 50209]	[[20, 63]]
"1260.i2"	1260	[0, 0, 0, -552, -4979]	[[47, 270]]
"1260.i3"	1260	[0, 0, 0, -327, -9074]	[[110, 1134]]
"1264.a1"	1264	[0, 1, 0, -144, -620]	[[-6, 8]]
"1264.a2"	1264	[0, 1, 0, 16, -44]	[[4, 10]]
"1264.e1"	1264	[0, 1, 0, -56, -172]	[[-4, 2]]
"1267.a2"	1267	[0, 1, 1, 7, 12]	[[6, 17]]
"1269.d1"	1269	[1, -1, 0, -3, -2]	[[6, 10]]
"1271.a2"	1271	[1, -1, 0, -11, -8]	[[-9/2, 19/2]]
"1275.a1"	1275	[0, -1, 1, -2708, -69682]	[[67, 212]]
"1278.b1"	1278	[1, -1, 0, -522, 4590]	[[-23, 75]]
"1278.c1"	1278	[1, -1, 0, 6, -4]	[[1, 1]]
"1278.d1"	1278	[1, -1, 0, -1959, -33283]	[[67, 331]]
"1278.h1"	1278	[1, -1, 1, -371, 2827]	[[13, 2]]
"1278.i1"	1278	[1, -1, 1, 52, 55]	[[7, 23]]
"1278.j1"	1278	[1, -1, 1, -218, 1305]	[[17, 39]]
"1281.d1"	1281	[0, -1, 1, -448, 4401]	[[181/2, 2183/2]]
"1282.a1"	1282	[1, -1, 1, -10, -439]	[[17, 55]]
"1288.c1"	1288	[0, 1, 0, -16968, 118384]	[[203, 2254]]
"1288.c2"	1288	[0, 1, 0, 4192, 16816]	[[19, 322]]
"1288.d1"	1288	[0, 0, 0, -979, 11790]	[[22, 30]]
"1288.d2"	1288	[0, 0, 0, -59, 198]	[[-1, 16]]
"1290.c1"	1290	[1, 0, 1, -66374, 6575672]	[[150, -59]]
"1290.c2"	1290	[1, 0, 1, -24454, -1401544]	[[-74, 101]]
"1290.c3"	1290	[1, 0, 1, -4454, 86456]	[[54, 37]]
"1290.c4"	1290	[1, 0, 1, 666, 8632]	[[-10, 36]]
"1290.g1"	1290	[1, 0, 1, -238, -1384]	[[-8, 8]]
"1290.g2"	1290	[1, 0, 1, -38, 56]	[[0, 7]]
"1290.m1"	1290	[1, 0, 0, -191, 921]	[[-2, 37]]
"1290.m2"	1290	[1, 0, 0, 209, 4361]	[[8, 77]]
"1293.a2"	1293	[0, 1, 1, -6370, 193540]	[[44, 19]]
"1295.b1"	1295	[0, -1, 1, 18965, -2171027]	[[89, 462]]
"1296.b2"	1296	[0, 0, 0, -9, -9]	[[-2, 1]]
"1296.f1"	1296	[0, 0, 0, -17235, -870894]	[[217, 2368]]
"1296.f4"	1296	[0, 0, 0, 45, 18]	[[1, 8]]
"1299.b1"	1299	[1, 0, 0, -25, -34]	[[-2, 4]]
"1299.b2"	1299	[1, 0, 0, -10, 11]	[[1, 1]]
"1299.c1"	1299	[1, 0, 0, -62352, -5997915]	[[11707/6, 581209/6]]
"1299.c2"	1299	[1, 0, 0, -3897, -93960]	[[531/2, 9999/2]]
"1299.c3"	1299	[1, 0, 0, -3762, -100737]	[[1046, 33251]]
"1299.c4"	1299	[1, 0, 0, -252, -1377]	[[-7, 11]]
"1302.b1"	1302	[1, 1, 0, -189, -963]	[[-9, 15]]
"1302.b2"	1302	[1, 1, 0, 291, -4515]	[[23, 111]]
"1302.d1"	1302	[1, 0, 1, -592, 5486]	[[13, -1]]
"1302.e1"	1302	[1, 0, 1, -9397, -316756]	[[-68, 128]]
"1302.e2"	1302	[1, 0, 1, 12473, -1567720]	[[94, 614]]
"1302.f1"	1302	[1, 0, 1, -101, -394]	[[-6, 4]]
"1302.f2"	1302	[1, 0, 1, -11, 2]	[[0, 1]]
"1302.j1"	1302	[1, 1, 1, -5249664, -4631807703]	[[25147/3, 1318621/3]]
"1302.j2"	1302	[1, 1, 1, -328104, -72474519]	[[2119, 92495]]
"1302.j3"	1302	[1, 1, 1, -326864, -73047895]	[[1454863/33, 1532893237/33]]
"1302.j5"	1302	[1, 1, 1, -20584, -1129879]	[[-77, 115]]
"1305.a1"	1305	[0, 0, 1, 3, 2]	[[0, 1]]
"1311.d1"	1311	[0, 1, 1, -465, 3728]	[[6, 34]]
"1312.a1"	1312	[0, 1, 0, -24, -20]	[[-1, 2]]
"1312.b1"	1312	[0, -1, 0, -24, 20]	[[-4, 6]]
"1314.a1"	1314	[1, -1, 0, -117, 513]	[[3, 12]]
"1314.b1"	1314	[1, -1, 0, -656442, 204875892]	[[1644, 58902]]
"1314.b2"	1314	[1, -1, 0, -656082, 205111548]	[[80553/7, 20204463/7]]
"1314.b3"	1314	[1, -1, 0, -8442, 258228]	[[33, 105]]
"1314.b4"	1314	[1, -1, 0, 14598, 1405620]	[[-53, 720]]
"1314.c1"	1314	[1, -1, 0, -14031, 643225]	[[8, 725]]
"1314.c2"	1314	[1, -1, 0, -891, 9877]	[[2, 89]]
"1314.c3"	1314	[1, -1, 0, -171, -635]	[[-7, 17]]
"1314.c4"	1314	[1, -1, 0, 729, 40657]	[[-9, 187]]
"1314.d1"	1314	[1, -1, 1, -18446, 968861]	[[81, -5]]
"1314.d2"	1314	[1, -1, 1, -1166, 15005]	[[9, 67]]
"1314.f1"	1314	[1, -1, 1, -590, 5649]	[[17, 9]]
"1315.d1"	1315	[1, -1, 0, -29, 68]	[[4, 0]]
"1320.b1"	1320	[0, -1, 0, -236, 1476]	[[8, 6]]
"1320.c1"	1320	[0, -1, 0, -11, 0]	[[-1, 3]]
"1320.e1"	1320	[0, -1, 0, -1200, 16380]	[[22, 12]]
"1320.e2"	1320	[0, -1, 0, -1000, -11780]	[[-18, 8]]
"1320.e3"	1320	[0, -1, 0, -100, 100]	[[0, 10]]
"1320.e4"	1320	[0, -1, 0, 25, 0]	[[1, 5]]
"1320.f1"	1320	[0, -1, 0, -52800, 4687452]	[[169, 750]]
"1320.f2"	1320	[0, -1, 0, -28000, -1759508]	[[-767/3, 602/3]]
"1320.f3"	1320	[0, -1, 0, -3800, 50652]	[[-18, 336]]
"1320.f4"	1320	[0, -1, 0, -3300, 74052]	[[32, 14]]
"1320.f6"	1320	[0, -1, 0, 12400, 355212]	[[333/2, 11193/2]]
"1320.g1"	1320	[0, -1, 0, -360, 2652]	[[17, 34]]
"1320.g2"	1320	[0, -1, 0, -60, -108]	[[-3, 6]]
"1320.g3"	1320	[0, -1, 0, -55, -140]	[[12, 28]]
"1320.i1"	1320	[0, 1, 0, -131, 534]	[[7, 3]]
"1320.k2"	1320	[0, 1, 0, 309, 2034]	[[-3, 33]]
"1320.m1"	1320	[0, 1, 0, -31520, -2131632]	[[-104, 180]]
"1320.m2"	1320	[0, 1, 0, -4020, 46368]	[[6, 150]]
"1320.m3"	1320	[0, 1, 0, -3415, 75650]	[[35, 15]]
"1320.m4"	1320	[0, 1, 0, 13800, 360000]	[[0, 600]]
"1323.b1"	1323	[0, 0, 1, -147, -86]	[[-7, 24]]
"1323.e1"	1323	[1, -1, 1, 1, 4]	[[2, 2]]
"1323.j1"	1323	[0, 0, 1, 0, -2]	[[2, 2]]
"1323.j2"	1323	[0, 0, 1, 0, 47]	[[-3, 4]]
"1323.k1"	1323	[0, 0, 1, 0, -16207]	[[49, 318]]
"1323.k2"	1323	[0, 0, 1, 0, 600]	[[22/3, 656/3]]
"1323.o1"	1323	[1, -1, 0, 12, -127]	[[16, 55]]
"1324.b1"	1324	[0, -1, 0, -685, 7134]	[[15, 3]]
"1325.b1"	1325	[0, 1, 1, -13, 14]	[[2, 0]]
"1325.c1"	1325	[0, -1, 1, -333, 2443]	[[17, 37]]
"1328.c1"	1328	[0, 1, 0, 16, 20]	[[2, 8]]
"1328.d1"	1328	[0, 1, 0, -3, -4]	[[4, 8]]
"1330.a1"	1330	[1, -1, 0, -19, 133]	[[2, 9]]
"1330.b1"	1330	[1, 0, 1, -4, 12]	[[-2, 4]]
"1330.c1"	1330	[1, 1, 0, 2517, 98557]	[[-26, 141]]
"1330.e1"	1330	[1, 0, 1, -344, 2422]	[[13, 7]]
"1330.e2"	1330	[1, 0, 1, 41, 7546]	[[71, 572]]
"1330.j1"	1330	[1, -1, 1, 17, -9]	[[3, 6]]
"1332.a1"	1332	[0, 0, 0, -591, -5530]	[[113/2, 143/2]]
"1332.a2"	1332	[0, 0, 0, -36, -91]	[[19, 78]]
"1332.b1"	1332	[0, 0, 0, -255, -826]	[[-5, 18]]
"1332.b2"	1332	[0, 0, 0, -120, 497]	[[4, 9]]
"1332.c1"	1332	[0, 0, 0, -84, -83]	[[11, 18]]
"1332.c2"	1332	[0, 0, 0, 321, -650]	[[150, 1850]]
"1332.d1"	1332	[0, 0, 0, -5319, 149310]	[[43, 10]]
"1332.d2"	1332	[0, 0, 0, -324, 2457]	[[6, 27]]
"1340.b1"	1340	[0, 1, 0, -6, 5]	[[1, 1]]
"1344.a2"	1344	[0, -1, 0, -5, 21]	[[1, 4]]
"1344.c2"	1344	[0, -1, 0, -49, 49]	[[0, 7]]
"1344.c3"	1344	[0, -1, 0, -29, -51]	[[13, 40]]
"1344.c4"	1344	[0, -1, 0, 191, 193]	[[3, 28]]
"1344.d2"	1344	[0, -1, 0, -89, -231]	[[-5, 8]]
"1344.d3"	1344	[0, -1, 0, -84, -270]	[[11, 4]]
"1344.d4"	1344	[0, -1, 0, 191, -1631]	[[23, 120]]
"1344.g1"	1344	[0, -1, 0, -50177, -4309503]	[[4771, 329140]]
"1344.g2"	1344	[0, -1, 0, -3137, -66495]	[[67, 140]]
"1344.g4"	1344	[0, -1, 0, -2177, -108927]	[[3187/7, 48980/7]]
"1344.g5"	1344	[0, -1, 0, -257, -255]	[[-8, 35]]
"1344.i1"	1344	[0, -1, 0, -86017, -9681503]	[[14271/5, 1408144/5]]
"1344.i3"	1344	[0, -1, 0, -6657, -71775]	[[-25, 280]]
"1344.i4"	1344	[0, -1, 0, -5377, -149855]	[[535, 12240]]
"1344.i6"	1344	[0, -1, 0, 24703, -579807]	[[423, 9240]]
"1344.l1"	1344	[0, 1, 0, -449, -3585]	[[-11, 12]]
"1344.l2"	1344	[0, 1, 0, -89, 231]	[[1, 12]]
"1344.l3"	1344	[0, 1, 0, -84, 270]	[[9, 18]]
"1344.l4"	1344	[0, 1, 0, 191, 1631]	[[2, 45]]
"1344.m1"	1344	[0, 1, 0, -16129, 783071]	[[74, 15]]
"1344.m3"	1344	[0, 1, 0, -1009, 11951]	[[5, 84]]
"1344.m4"	1344	[0, 1, 0, -29, 387]	[[-2, 21]]
"1344.o2"	1344	[0, 1, 0, -453, 3675]	[[11, 12]]
"1344.o4"	1344	[0, 1, 0, 27, 27]	[[3, 12]]
"1350.a1"	1350	[1, -1, 0, -4092, -94384]	[[-40, 84]]
"1350.a2"	1350	[1, -1, 0, -717, 7541]	[[14, 3]]
"1350.f1"	1350	[1, -1, 0, -16242, -799084]	[[260, 3406]]
"1350.f2"	1350	[1, -1, 0, 633, -5959]	[[10, 31]]
"1350.g1"	1350	[1, -1, 0, -72, 256]	[[8, 8]]
"1350.g2"	1350	[1, -1, 0, 3, 1]	[[0, 1]]
"1350.m2"	1350	[1, -1, 1, -80, -253]	[[-5, 3]]
"1353.c1"	1353	[1, 0, 1, -34, -85]	[[7, 2]]
"1354.a1"	1354	[1, 0, 1, -701, 7192]	[[67, 478]]
"1356.b1"	1356	[0, -1, 0, 11, 1]	[[0, 1]]
"1356.c1"	1356	[0, 1, 0, -17, 24]	[[4, 6]]
"1356.c2"	1356	[0, 1, 0, 103, 36]	[[0, 6]]
"1358.a1"	1358	[1, 0, 1, -157, -744]	[[-8, 7]]
"1358.a2"	1358	[1, 0, 1, 3, -40]	[[4, 4]]
"1358.b1"	1358	[1, 0, 1, -311, 2080]	[[-11/4, 3055/4]]
"1358.b2"	1358	[1, 0, 1, -256, 2854]	[[14, 38]]
"1358.b3"	1358	[1, 0, 1, 2169, -55734]	[[108, 1146]]
"1360.b1"	1360	[0, 1, 0, -136, 564]	[[4, 10]]
"1360.b2"	1360	[0, 1, 0, -56, 1300]	[[4, 34]]
"1360.c1"	1360	[0, 1, 0, -3540, 79900]	[[30, 40]]
"1360.c2"	1360	[0, 1, 0, -3520, 80868]	[[16, 170]]
"1360.e2"	1360	[0, -1, 0, 360, 10480]	[[12, 128]]
"1360.g1"	1360	[0, 0, 0, -28, -57]	[[121/4, 819/4]]
"1360.g2"	1360	[0, 0, 0, -23, -78]	[[26, 130]]
"1360.i1"	1360	[0, -1, 0, -66696, 1326320]	[[-398/3, 55250/3]]
"1360.i2"	1360	[0, -1, 0, -40856, -3164944]	[[1036, 32640]]
"1360.i3"	1360	[0, -1, 0, -39576, -3373840]	[[386, 6222]]
"1360.i4"	1360	[0, -1, 0, 260984, 10239216]	[[37626/13, 19568190/13]]
"1362.c1"	1362	[1, 1, 1, -413, 3059]	[[11, -8]]
"1364.a1"	1364	[0, 1, 0, 10, 1]	[[4, 11]]
"1368.a1"	1368	[0, 0, 0, -2727, 54810]	[[31, 8]]
"1368.a2"	1368	[0, 0, 0, -162, 945]	[[4, 19]]
"1368.c1"	1368	[0, 0, 0, -11451, -458570]	[[-231/2, 805/2]]
"1368.c2"	1368	[0, 0, 0, -1731, 17710]	[[3, 112]]
"1368.c4"	1368	[0, 0, 0, 5109, 123046]	[[174, 2506]]
"1368.e2"	1368	[0, 0, 0, 45, -98]	[[3, 8]]
"1369.b1"	1369	[1, -1, 1, -1663, -25680]	[[75, 479]]
"1369.b2"	1369	[1, -1, 1, 2, -2]	[[1, 0]]
"1369.d1"	1369	[1, -1, 0, -2276219, -1321241558]	[[421055215896628564251093/15118249772, 90485547485451381407629665671951171/15118249772]]
"1369.d2"	1369	[1, -1, 0, 3166, -59359]	[[1981/4, 91377/4]]
"1370.b2"	1370	[1, 0, 0, 14, 660]	[[-2, 26]]
"1380.c1"	1380	[0, 1, 0, -1381, -20425]	[[50, 195]]
"1380.c2"	1380	[0, 1, 0, 59, -121]	[[2, 3]]
"1386.b1"	1386	[1, -1, 0, -46473, 3867749]	[[125, -57]]
"1386.b2"	1386	[1, -1, 0, -5433, -57835]	[[-37, 321]]
"1386.b3"	1386	[1, -1, 0, -2913, 60605]	[[37, 31]]
"1386.b4"	1386	[1, -1, 0, -33, 2429]	[[-5, 52]]
"1386.d1"	1386	[1, -1, 0, -231, -451]	[[25, 82]]
"1386.d2"	1386	[1, -1, 0, 849, -4123]	[[17, 114]]
"1386.g1"	1386	[1, -1, 1, -828041, -289811415]	[[-525, 264]]
"1386.g2"	1386	[1, -1, 1, -51881, -4494999]	[[-133, 264]]
"1386.g3"	1386	[1, -1, 1, -13001, -11104599]	[[515, 10632]]
"1387.a1"	1387	[0, 0, 1, 1, -2]	[[1, 0]]
"1394.b1"	1394	[1, -1, 0, -13, 21]	[[3, 0]]
"1394.b2"	1394	[1, -1, 0, 7, 65]	[[1, 8]]
"1394.c1"	1394	[1, -1, 0, -10937, 442989]	[[65, 27]]
"1394.c2"	1394	[1, -1, 0, -697, 6765]	[[19, 1]]
"1394.d1"	1394	[1, -1, 0, -236, -1328]	[[-9, 7]]
"1394.d2"	1394	[1, -1, 0, -76, -3216]	[[23, 71]]
"1394.e1"	1394	[1, 1, 0, -770391, -253658539]	[[-5886809/102, -997490363/102]]
"1394.e2"	1394	[1, 1, 0, -115031, 9402965]	[[-1457/2, 15635/2]]
"1394.g1"	1394	[1, 0, 0, -5392, -152846]	[[672835/66, 450678883/66]]
"1395.a1"	1395	[1, -1, 1, -1463, -21144]	[[-22, 6]]
"1395.a2"	1395	[1, -1, 1, -68, -498]	[[20, 66]]
"1395.b1"	1395	[0, 0, 1, -12, -23]	[[5, 6]]
"1395.e1"	1395	[0, 0, 1, -7563, 253633]	[[161/2, 957/2]]
"1395.e2"	1395	[0, 0, 1, 87, -257]	[[41/2, 327/2]]
"1398.a1"	1398	[1, 1, 1, -33, -33]	[[7, 8]]
"1398.a2"	1398	[1, 1, 1, 127, -97]	[[3, 16]]
"1400.c1"	1400	[0, 1, 0, -28, -147]	[[14, 49]]
"1400.k1"	1400	[0, 1, 0, -33, 563]	[[13, 50]]
"1405.a1"	1405	[0, -1, 1, -56, -144]	[[-4, 0]]
"1406.a1"	1406	[1, 1, 0, -76, -304]	[[11, 13]]
"1407.a1"	1407	[0, 1, 1, -68, 2822]	[[64, 514]]
"1407.c1"	1407	[1, 0, 0, -262947, -51904818]	[[-294, 42]]
"1407.c2"	1407	[1, 0, 0, -133637, 18388500]	[[175, 520]]
"1407.c3"	1407	[1, 0, 0, -18732, -570825]	[[-93, 654]]
"1407.c4"	1407	[1, 0, 0, 3713, -63568]	[[41, 377]]
"1407.d1"	1407	[0, 1, 1, -29, 56]	[[-2, 10]]
"1407.e1"	1407	[1, 0, 1, -346, -2491]	[[-11, 8]]
"1407.e2"	1407	[1, 0, 1, -11, -79]	[[9, 19]]
"1408.c1"	1408	[0, 0, 0, -14, -20]	[[7, 15]]
"1410.a1"	1410	[1, 1, 0, -103, 253]	[[9, 8]]
"1410.a2"	1410	[1, 1, 0, 17, 37]	[[1, 7]]
"1411.a1"	1411	[1, 0, 0, -443, -3626]	[[26, 38]]
"1411.a2"	1411	[1, 0, 0, -28, -57]	[[-3, 3]]
"1414.a1"	1414	[1, 0, 1, -325, 2224]	[[11, -2]]
"1420.a2"	1420	[0, -1, 0, -25, -30]	[[-3, 3]]
"1421.e1"	1421	[0, 1, 1, -3887, -92823]	[[-33, 24]]
"1421.e2"	1421	[0, 1, 1, -457, 3560]	[[10, 9]]
"1422.h1"	1422	[1, -1, 1, -32, -57]	[[-3, 3]]
"1424.a2"	1424	[0, 1, 0, 56, -204]	[[4, 10]]
"1424.b1"	1424	[0, 1, 0, -10952, -444812]	[[2164, 100570]]
"1424.b2"	1424	[0, 1, 0, -712, -6540]	[[-20, 10]]
"1424.d1"	1424	[0, 1, 0, 4, 8]	[[-1, 2]]
"1425.a2"	1425	[1, 1, 1, -163, 656]	[[4, 7]]
"1425.a3"	1425	[1, 1, 1, -38, -94]	[[-4, 5]]
"1425.a4"	1425	[1, 1, 1, 212, 3656]	[[-5, 52]]
"1426.a1"	1426	[1, 0, 1, -58, 132]	[[0, 11]]
"1426.c2"	1426	[1, 0, 1, 44, 34]	[[17, 67]]
"1428.d2"	1428	[0, 1, 0, 13323, 265191]	[[50, 1029]]
"1431.b1"	1431	[1, -1, 0, -3, 2]	[[2, 0]]
"1434.a2"	1434	[1, 0, 0, -859, 9809]	[[14, 17]]
"1434.b1"	1434	[1, 0, 0, -59, 165]	[[6, 3]]
"1435.b1"	1435	[0, -1, 1, 0, -2]	[[2, 1]]
"1435.c1"	1435	[0, 0, 1, 88, -28]	[[2, 12]]
"1439.a1"	1439	[1, 1, 0, 2, -1]	[[2, 3]]
"1440.b1"	1440	[0, 0, 0, -243, -1242]	[[21, 54]]
"1440.b2"	1440	[0, 0, 0, 27, -108]	[[4, 8]]
"1440.c1"	1440	[0, 0, 0, -1443, 21098]	[[26, 34]]
"1440.c2"	1440	[0, 0, 0, -363, -2338]	[[-11, 18]]
"1440.c3"	1440	[0, 0, 0, -93, 308]	[[-1, 20]]
"1440.g1"	1440	[0, 0, 0, -32412, -2245984]	[[472, 9360]]
"1440.g3"	1440	[0, 0, 0, -2037, -34684]	[[-28, 20]]
"1440.g4"	1440	[0, 0, 0, 213, -107134]	[[62, 380]]
"1440.h1"	1440	[0, 0, 0, -27, 46]	[[5, 6]]
"1440.h2"	1440	[0, 0, 0, 3, 4]	[[0, 2]]
"1440.l1"	1440	[0, 0, 0, -57, 164]	[[5, 2]]
"1440.l2"	1440	[0, 0, 0, -12, 416]	[[2, 20]]
"1441.a1"	1441	[0, -1, 1, -525, 4815]	[[1, 65]]
"1442.a1"	1442	[1, 0, 1, -297, 1940]	[[10, -5]]
"1442.a2"	1442	[1, 0, 1, -17, 36]	[[2, 2]]
"1442.e1"	1442	[1, -1, 1, -2746, 56057]	[[5, 203]]
"1442.e2"	1442	[1, -1, 1, -186, 761]	[[1, 23]]
"1444.a1"	1444	[0, 1, 0, -7701, 258583]	[[-51, 722]]
"1445.a1"	1445	[0, 1, 1, -248925, -47885601]	[[-226103/28, 8275/28]]
"1445.a2"	1445	[0, 1, 1, -3275, -57546]	[[-44, 57]]
"1445.b1"	1445	[0, -1, 1, -861, -9443]	[[-1063/8, -253/8]]
"1446.f1"	1446	[1, 0, 0, -2309, 42513]	[[28, -11]]
"1450.a1"	1450	[1, 1, 0, -425, 3205]	[[9, 10]]
"1450.a2"	1450	[1, 1, 0, 575, 15965]	[[529, 11930]]
"1450.e1"	1450	[1, 0, 0, -238, -1458]	[[99/2, 615/2]]
"1450.h1"	1450	[1, 0, 0, -10638, 421892]	[[76, 194]]
"1450.h2"	1450	[1, 0, 0, 14362, 1966892]	[[-566/3, 25238/3]]
"1452.c1"	1452	[0, -1, 0, -156372, -23747832]	[[2798, 146410]]
"1455.d1"	1455	[1, 1, 0, -47, -144]	[[32, 164]]
"1455.d2"	1455	[1, 1, 0, -2, -351]	[[8, 11]]
"1460.a1"	1460	[0, -1, 0, -121, -474]	[[7057/12, 570223/12]]
"1460.a2"	1460	[0, -1, 0, -116, -520]	[[193, 2670]]
"1464.a1"	1464	[0, -1, 0, -316224, 68550300]	[[446, 4004]]
"1464.a2"	1464	[0, -1, 0, -20984, 936924]	[[-42, 1320]]
"1464.a3"	1464	[0, -1, 0, -19764, 1076004]	[[80, 22]]
"1464.a4"	1464	[0, -1, 0, -1159, 19240]	[[81, 671]]
"1464.e1"	1464	[0, 1, 0, -19, 26]	[[1, 3]]
"1464.e2"	1464	[0, 1, 0, -4, 80]	[[4, 12]]
"1466.c1"	1466	[1, 1, 1, -28, 45]	[[3, -1]]
"1468.a1"	1468	[0, 1, 0, 2, -3]	[[1, 1]]
"1470.d1"	1470	[1, 1, 0, -261342, 51314796]	[[297, -81]]
"1470.d2"	1470	[1, 1, 0, -22222, 164284]	[[3, 311]]
"1470.d3"	1470	[1, 1, 0, -16342, 795796]	[[27, 599]]
"1470.d4"	1470	[1, 1, 0, -14137, -652889]	[[-69, 37]]
"1470.d5"	1470	[1, 1, 0, -3357, 63099]	[[55, 193]]
"1470.d6"	1470	[1, 1, 0, -907, -9911]	[[-20, 37]]
"1470.d7"	1470	[1, 1, 0, -662, 21204]	[[13, 116]]
"1470.d8"	1470	[1, 1, 0, 73, -699]	[[10, 29]]
"1470.j1"	1470	[1, 1, 1, -94119201, 351412332249]	[[10868973/44, -91255899/44]]
"1470.j2"	1470	[1, 1, 1, -5882451, 5488977549]	[[1431, 1308]]
"1470.j3"	1470	[1, 1, 1, -5845701, 5560992849]	[[19221/4, 1020837/4]]
"1470.j4"	1470	[1, 1, 1, -738431, -244478347]	[[-491, 98]]
"1470.j5"	1470	[1, 1, 1, -369951, 84522549]	[[181, 4760]]
"1470.j6"	1470	[1, 1, 1, -52431, -2731947]	[[451, 7874]]
"1470.j7"	1470	[1, 1, 1, 10289, -298411]	[[41, 420]]
"1470.j8"	1470	[1, 1, 1, 62229, 270705693]	[[867, 30828]]
"1475.a2"	1475	[1, 0, 0, 112, -233]	[[3, 10]]
"1475.b2"	1475	[1, 1, 0, 5, 0]	[[16/3, 92/3]]
"1478.b1"	1478	[1, 1, 0, 0, -2]	[[1, 0]]
"1478.d1"	1478	[1, 0, 0, -733, -9455]	[[240, 3575]]
"1479.c2"	1479	[0, 1, 1, 39320, -6363488]	[[257149/30, 143564543/30]]
"1480.b1"	1480	[0, 1, 0, -60, 160]	[[3, 4]]
"1480.b2"	1480	[0, 1, 0, -40, 288]	[[-4, 20]]
"1484.b1"	1484	[0, 0, 0, -55, -114]	[[-5, 6]]
"1484.b2"	1484	[0, 0, 0, -20, 33]	[[2, 1]]
"1485.e1"	1485	[0, 0, 1, -102, 252]	[[2, 7]]
"1485.e2"	1485	[0, 0, 1, -42, -105]	[[-15/2, -3/2]]
"1492.a1"	1492	[0, -1, 0, -13, -7]	[[-1, 2]]
"1494.c1"	1494	[1, -1, 1, -8, 75]	[[5, 9]]
"1494.d1"	1494	[1, -1, 1, -77, -763]	[[21, 70]]
"1496.b1"	1496	[0, 0, 0, -198155, -33951242]	[[1001079/23, 970928816/23]]
"1496.b2"	1496	[0, 0, 0, -198115, -33965634]	[[142282077350/8671, 52025012504946294/8671]]
"1498.a1"	1498	[1, -1, 0, -1141, -14553]	[[179/2, 1021/2]]
"1505.a1"	1505	[0, 1, 1, 0, -86]	[[28, 150]]
"1505.b1"	1505	[0, 1, 1, -91, 551]	[[7, 17]]
"1505.b2"	1505	[0, 1, 1, 769, -10500]	[[54, 437]]
"1507.c1"	1507	[1, 1, 0, -61, -210]	[[-185/6, 365/6]]
"1507.c2"	1507	[1, 1, 0, -6, -1]	[[-1/2, 7/2]]
"1510.a1"	1510	[1, -1, 0, -490, 4300]	[[15, 5]]
"1512.d1"	1512	[0, 0, 0, -108, 324]	[[0, 18]]
"1512.g1"	1512	[0, 0, 0, -12, -12]	[[-2, 2]]
"1518.e1"	1518	[1, 1, 0, -21589, -1229987]	[[421, 7822]]
"1518.e2"	1518	[1, 1, 0, -1589, -12483]	[[-9, 39]]
"1518.e3"	1518	[1, 1, 0, -1349, -19635]	[[53, 221]]
"1518.e4"	1518	[1, 1, 0, -69, -435]	[[115/3, 670/3]]
"1518.g1"	1518	[1, 0, 1, -349235, -79466290]	[[-1365/2, 1367/2]]
"1518.g2"	1518	[1, 0, 1, -4580, -95038]	[[-24, 46]]
"1518.n1"	1518	[1, 1, 1, -198, -621]	[[-9, 27]]
"1518.n2"	1518	[1, 1, 1, 42, -45]	[[3, 9]]
"1518.p1"	1518	[1, 0, 0, -4807, -128671]	[[-40, 23]]
"1520.b2"	1520	[0, 1, 0, 884, -44280]	[[229/2, 3553/2]]
"1520.c1"	1520	[0, 1, 0, -20, -20]	[[-2, 4]]
"1520.c2"	1520	[0, 1, 0, 5, 0]	[[4, 10]]
"1520.d1"	1520	[0, -1, 0, -44480, 3625600]	[[120, 40]]
"1520.f1"	1520	[0, 0, 0, -2027, -35126]	[[2089/6, 44605/6]]
"1520.f2"	1520	[0, 0, 0, -227, 434]	[[-11, 40]]
"1520.f3"	1520	[0, 0, 0, -127, -546]	[[97/2, 825/2]]
"1520.h1"	1520	[0, -1, 0, -416660, 103658192]	[[364, 300]]
"1520.h2"	1520	[0, -1, 0, -26035, 1626942]	[[381/2, 375/2]]
"1522.a1"	1522	[1, 1, 0, -186, -1036]	[[-77/3, -7/3]]
"1522.a2"	1522	[1, 1, 0, -26, 20]	[[-5, 10]]
"1522.c1"	1522	[1, 0, 0, -44, -112]	[[-4, 4]]
"1526.b1"	1526	[1, 0, 1, -14750, 688240]	[[-3728/9, 837991/9]]
"1526.b2"	1526	[1, 0, 1, -14605, 702472]	[[86, 247]]
"1526.b3"	1526	[1, 0, 1, 73140, 2049930]	[[-65/6, 299219/6]]
"1526.f1"	1526	[1, 1, 1, -5060, -142437]	[[191191/30, 75493021/30]]
"1530.c1"	1530	[1, -1, 0, -471645, 124790571]	[[213, 5721]]
"1530.c2"	1530	[1, -1, 0, -29475, 1955745]	[[96, 15]]
"1530.c3"	1530	[1, -1, 0, -5895, 168021]	[[57, 93]]
"1530.d2"	1530	[1, -1, 0, -3789, 81445]	[[66, 307]]
"1530.d3"	1530	[1, -1, 0, -909, -8987]	[[-13, 29]]
"1530.d4"	1530	[1, -1, 0, 5211, 403645]	[[21, 712]]
"1530.e1"	1530	[1, -1, 0, -1329954, 590670260]	[[671, -123]]
"1530.e2"	1530	[1, -1, 0, -81474, 9627668]	[[127, 1084]]
"1530.f2"	1530	[1, -1, 0, -1494, -21762]	[[-21, 6]]
"1530.f3"	1530	[1, -1, 0, -144, 108]	[[-6, 30]]
"1530.f4"	1530	[1, -1, 0, 36, 0]	[[4, 12]]
"1530.j1"	1530	[1, -1, 1, -68, -169]	[[-5, 7]]
"1530.j2"	1530	[1, -1, 1, 112, -1033]	[[13, 43]]
"1530.m1"	1530	[1, -1, 1, -4157, 103381]	[[41, 4]]
"1535.a1"	1535	[0, -1, 1, -13930, 637478]	[[69, 7]]
"1540.a1"	1540	[0, 1, 0, -196140, -33466412]	[[-1043/2, 1029/2]]
"1540.a2"	1540	[0, 1, 0, -196085, -33486080]	[[1328, 45276]]
"1540.a3"	1540	[0, 1, 0, -9140, 285988]	[[36, 70]]
"1540.a4"	1540	[0, 1, 0, -2485, -44100]	[[-35, 35]]
"1540.b2"	1540	[0, 0, 0, 8, 9]	[[0, 3]]
"1542.b1"	1542	[1, 1, 1, -423, 3165]	[[13, 2]]
"1542.b2"	1542	[1, 1, 1, -263, 5789]	[[-3, 82]]
"1550.a1"	1550	[1, 0, 1, -26651, -1676802]	[[212, 1381]]
"1550.a2"	1550	[1, 0, 1, -1651, -26802]	[[87, 656]]
"1550.c1"	1550	[1, -1, 0, -8267, 291391]	[[55, 1]]
"1550.c2"	1550	[1, -1, 0, -767, -109]	[[29, 23]]
"1550.c3"	1550	[1, -1, 0, -517, 4641]	[[5, 44]]
"1550.d1"	1550	[1, 0, 1, -31, 178]	[[-4, 17]]
"1550.f1"	1550	[1, 1, 1, -763, 22281]	[[135, 1482]]
"1554.b1"	1554	[1, 0, 1, -11673, -474308]	[[-61, 138]]
"1554.c1"	1554	[1, 0, 1, -22102, 1262840]	[[49, 521]]
"1554.c2"	1554	[1, 0, 1, -1382, 19640]	[[20, 0]]
"1554.c3"	1554	[1, 0, 1, -1142, 26744]	[[41, 201]]
"1554.c4"	1554	[1, 0, 1, -102, 184]	[[-2, 20]]
"1554.d1"	1554	[1, 0, 1, -5632, 74786]	[[7, 185]]
"1554.l1"	1554	[1, 0, 0, -159177, -34893381]	[[16595/2, 2110831/2]]
"1554.l3"	1554	[1, 0, 0, 15753, 666801]	[[-4, 779]]
"1566.a1"	1566	[1, -1, 0, 39, 251]	[[-1, 15]]
"1566.f1"	1566	[1, -1, 0, -639, 6381]	[[21, 33]]
"1568.c1"	1568	[0, 1, 0, -72, -260]	[[11, 20]]
"1568.e3"	1568	[0, 0, 0, -49, 0]	[[25, 120]]
"1568.e4"	1568	[0, 0, 0, 196, 0]	[[2, 20]]
"1568.g1"	1568	[0, -1, 0, -3544, 82104]	[[361/3, 1448/3]]
"1570.b1"	1570	[1, -1, 0, -2000, -31250]	[[-251/3, 1658/3]]
"1570.b2"	1570	[1, -1, 0, -430, 2976]	[[7, 13]]
"1570.b3"	1570	[1, -1, 0, -410, 3300]	[[8, 18]]
"1570.b4"	1570	[1, -1, 0, 820, 16226]	[[257, 4013]]
"1570.c1"	1570	[1, 0, 0, -31391, -3185075]	[[61763/14, 11286409/14]]
"1570.c2"	1570	[1, 0, 0, -1011, 12385]	[[18, 1]]
"1570.c3"	1570	[1, 0, 0, 3149, 66081]	[[66, 717]]
"1575.c1"	1575	[1, -1, 1, -176405, 28561722]	[[243, -115]]
"1575.c2"	1575	[1, -1, 1, -11030, 447972]	[[68, 60]]
"1575.c3"	1575	[1, -1, 1, -8780, -312528]	[[-51, 0]]
"1575.c4"	1575	[1, -1, 1, -7655, 724722]	[[14, 780]]
"1575.c5"	1575	[1, -1, 1, -905, 2472]	[[-6, 90]]
"1575.c6"	1575	[1, -1, 1, 220, 222]	[[8, 45]]
"1575.d2"	1575	[1, -1, 1, 10, 12]	[[0, 3]]
"1575.i1"	1575	[1, -1, 0, -162, -729]	[[30, 129]]
"1575.j1"	1575	[1, -1, 0, -582, -3799]	[[-16, 43]]
"1575.j2"	1575	[1, -1, 0, 93, -424]	[[8, 24]]
"1578.b1"	1578	[1, 0, 1, -27, 40]	[[4, -1]]
"1578.b2"	1578	[1, 0, 1, 3, 4]	[[1, 2]]
"1578.c1"	1578	[1, 0, 1, -3451, 77726]	[[34, -16]]
"1578.c2"	1578	[1, 0, 1, -211, 1262]	[[7, 8]]
"1578.f1"	1578	[1, 0, 0, 9, 9]	[[0, 3]]
"1580.a1"	1580	[0, 0, 0, -463, -3738]	[[1986, 88500]]
"1580.a2"	1580	[0, 0, 0, -68, 133]	[[-9, 4]]
"1582.a1"	1582	[1, -1, 1, -2461, -46303]	[[243, 3574]]
"1582.a2"	1582	[1, -1, 1, -201, -199]	[[17, 24]]
"1582.a3"	1582	[1, -1, 1, -121, 537]	[[9, 6]]
"1582.a4"	1582	[1, -1, 1, 779, -2159]	[[55/3, 1334/3]]
"1584.b1"	1584	[0, 0, 0, -267, -1670]	[[-9, 2]]
"1584.c1"	1584	[0, 0, 0, -11631, 482794]	[[50, 162]]
"1584.c2"	1584	[0, 0, 0, -696, 8215]	[[17, 36]]
"1584.d1"	1584	[0, 0, 0, -4251, 106666]	[[41, 36]]
"1584.d2"	1584	[0, 0, 0, -291, 1330]	[[3, 22]]
"1584.d3"	1584	[0, 0, 0, -111, -434]	[[-6, 4]]
"1584.d4"	1584	[0, 0, 0, 789, 8890]	[[-1, 90]]
"1584.f1"	1584	[0, 0, 0, -50691, -4392830]	[[311, 3150]]
"1584.f2"	1584	[0, 0, 0, -3171, -68510]	[[-33, 14]]
"1584.f3"	1584	[0, 0, 0, -1731, -131006]	[[89, 648]]
"1584.h1"	1584	[0, 0, 0, -11595, -478726]	[[-65, 18]]
"1584.h2"	1584	[0, 0, 0, -5835, -954502]	[[127, 594]]
"1584.h3"	1584	[0, 0, 0, -795, 8138]	[[7, 54]]
"1584.h4"	1584	[0, 0, 0, 645, 34346]	[[7, 198]]
"1584.j2"	1584	[0, 0, 0, 285, 578]	[[7, 54]]
"1584.k1"	1584	[0, 0, 0, -21195, -296838]	[[-17, 242]]
"1584.k2"	1584	[0, 0, 0, -16395, -808006]	[[223, 2574]]
"1584.k4"	1584	[0, 0, 0, -1035, -12358]	[[-17, 18]]
"1584.l1"	1584	[0, 0, 0, -75, 234]	[[3, 6]]
"1584.l2"	1584	[0, 0, 0, -15, -18]	[[-2, 2]]
"1584.p1"	1584	[0, 0, 0, -696, -7108]	[[38, 146]]
"1584.p2"	1584	[0, 0, 0, 24, -52]	[[2, 2]]
"1585.b1"	1585	[1, -1, 1, -33, -64]	[[22, 86]]
"1585.b2"	1585	[1, -1, 1, -28, -88]	[[8, 8]]
"1587.e1"	1587	[1, 0, 1, -8211, 284719]	[[1699/6, 6433/6]]
"1587.e2"	1587	[1, 0, 1, -276, 8581]	[[343, 6176]]
"1588.a1"	1588	[0, 1, 0, 12, 4]	[[0, 2]]
"1590.c1"	1590	[1, 1, 0, -3200058, -2204690988]	[[234059753/319, 1621068070669/319]]
"1590.c2"	1590	[1, 1, 0, -200058, -34490988]	[[-6421/5, 38223/5]]
"1590.c3"	1590	[1, 1, 0, -149178, -52390572]	[[5583059/55, 12694554813/55]]
"1590.c4"	1590	[1, 1, 0, -15738, -244332]	[[-93, 699]]
"1590.f1"	1590	[1, 0, 1, -294, -1958]	[[-10, 6]]
"1590.f2"	1590	[1, 0, 1, -24, -14]	[[-4, 6]]
"1590.i1"	1590	[1, 0, 1, -2803, -42802]	[[-26, 125]]
"1590.j2"	1590	[1, 1, 1, -106, -931]	[[67/2, 317/2]]
"1590.o1"	1590	[1, 1, 1, -650, -5833]	[[-13, 31]]
"1595.b2"	1595	[1, 0, 0, 5, 0]	[[1, 2]]
"1596.a2"	1596	[0, -1, 0, 247, -1662]	[[7, 19]]
"1596.d1"	1596	[0, 1, 0, -4884, 129636]	[[36, 42]]
"1596.d2"	1596	[0, 1, 0, -229, 3020]	[[-13, 63]]
"1598.a1"	1598	[1, -1, 1, -1009, 12581]	[[347/2, 5701/2]]
"1598.a2"	1598	[1, -1, 1, -409, -2955]	[[43, 218]]
"1598.a3"	1598	[1, -1, 1, -69, 173]	[[9, 10]]
"1600.a1"	1600	[0, 0, 0, 20, -80]	[[6, 16]]
"1600.c1"	1600	[0, 1, 0, -4133, -103637]	[[143, 1500]]
"1600.c2"	1600	[0, 1, 0, -3633, -129137]	[[253, 3900]]
"1600.c4"	1600	[0, 1, 0, 367, 2863]	[[13, 100]]
"1600.d1"	1600	[0, 1, 0, -113, -497]	[[-6, 1]]
"1600.e2"	1600	[0, 1, 0, -8, 238]	[[13, 50]]
"1600.h1"	1600	[0, -1, 0, -33, 97]	[[1, 8]]
"1600.l1"	1600	[0, 0, 0, -500, 0]	[[-4, 44]]
"1600.l2"	1600	[0, 0, 0, 125, 0]	[[121/2, 1419/2]]
"1600.o1"	1600	[0, 0, 0, -10700, -426000]	[[4360/3, 280700/3]]
"1600.o2"	1600	[0, 0, 0, -700, -6000]	[[-19, 21]]
"1600.o3"	1600	[0, 0, 0, -200, 1000]	[[6, 4]]
"1600.o4"	1600	[0, 0, 0, 1300, -34000]	[[110, 1200]]
"1600.q1"	1600	[0, 1, 0, -200833, -34709537]	[[10531/3, 986048/3]]
"1600.q2"	1600	[0, 1, 0, -833, -109537]	[[59, 224]]
"1600.q3"	1600	[0, 1, 0, -193, 1183]	[[27, 128]]
"1600.q4"	1600	[0, 1, 0, 1407, -8737]	[[163/3, 4096/3]]
"1600.t2"	1600	[0, -1, 0, -8, -238]	[[187, 2550]]
"1600.u2"	1600	[0, -1, 0, -333, 1037]	[[-19, 12]]
"1602.a1"	1602	[1, -1, 0, -4986, 136836]	[[40, -6]]
"1602.c1"	1602	[1, -1, 1, -6161, -184575]	[[-45, 24]]
"1602.c2"	1602	[1, -1, 1, -401, -2559]	[[-9, 20]]
"1605.c1"	1605	[0, 1, 1, -625, -6224]	[[-59/2, 11/2]]
"1605.c2"	1605	[0, 1, 1, -25, 31]	[[-5, 7]]
"1607.a1"	1607	[1, 0, 0, -7, -8]	[[3, -1]]
"1610.a1"	1610	[1, -1, 0, -15610, -746700]	[[2215/2, 99035/2]]
"1610.c1"	1610	[1, 0, 0, -1691, -26675]	[[50, 95]]
"1610.c2"	1610	[1, 0, 0, -441, -64925]	[[1675/6, 22145/6]]
"1610.c4"	1610	[1, 0, 0, 49, 2401]	[[-12, 17]]
"1610.d1"	1610	[1, 0, 0, -25120, -1116288]	[[-116, 548]]
"1610.e1"	1610	[1, -1, 1, -1348, 6631]	[[-5, 117]]
"1610.f1"	1610	[1, -1, 1, -36598, 2703961]	[[113, -15]]
"1610.f2"	1610	[1, -1, 1, -2298, 42281]	[[15, 97]]
"1610.f4"	1610	[1, -1, 1, 2, 121401]	[[61, 557]]
"1610.g1"	1610	[1, -1, 1, -8587, -304111]	[[1749/4, 11413/4]]
"1610.g2"	1610	[1, -1, 1, -537, -4651]	[[59, 378]]
"1610.g3"	1610	[1, -1, 1, -487, -5591]	[[2119/6, 81833/6]]
"1611.f1"	1611	[0, 0, 1, -1506, 24354]	[[32, 94]]
"1611.g1"	1611	[1, -1, 0, -27, 38]	[[-2, 10]]
"1611.g2"	1611	[1, -1, 0, -12, -13]	[[19/2, 17/2]]
"1615.a1"	1615	[0, 1, 1, 0, 4]	[[1, 2]]
"1615.c1"	1615	[0, -1, 1, -305, -2022]	[[24, 62]]
"1616.b1"	1616	[0, 0, 0, -11, 26]	[[1, 4]]
"1616.d1"	1616	[0, 0, 0, 61, 11202]	[[161, 2048]]
"1617.e1"	1617	[1, 0, 0, -221432, 40087473]	[[-59, 7306]]
"1617.e2"	1617	[1, 0, 0, -13917, 618120]	[[39, 348]]
"1617.e3"	1617	[1, 0, 0, -1912, -18145]	[[-13, 74]]
"1617.e4"	1617	[1, 0, 0, -1667, -26328]	[[-1919/9, 6533/9]]
"1617.e5"	1617	[1, 0, 0, 1518, 1917747]	[[186, 2847]]
"1617.e6"	1617	[1, 0, 0, 6173, -129718]	[[526, 11932]]
"1617.i1"	1617	[1, 0, 1, -174466, -17340319]	[[-167, 2756]]
"1617.i2"	1617	[1, 0, 1, 33049, -1901203]	[[537, 12799]]
"1620.b2"	1620	[0, 0, 0, 297, 702]	[[-2, 10]]
"1620.d1"	1620	[0, 0, 0, -3672, -85644]	[[-35, 1]]
"1620.d2"	1620	[0, 0, 0, -72, 36]	[[0, 6]]
"1620.e1"	1620	[0, 0, 0, -567, -5346]	[[250/3, 496/3]]
"1620.e2"	1620	[0, 0, 0, 33, -26]	[[15, 62]]
"1620.f1"	1620	[0, 0, 0, -60912, -5786316]	[[-1283/3, 35/3]]
"1620.f2"	1620	[0, 0, 0, -912, -4316]	[[-27, 25]]
"1624.a1"	1624	[0, 1, 0, -504, 3136]	[[0, 56]]
"1624.c1"	1624	[0, 1, 0, 7, 11]	[[-1, 2]]
"1626.a1"	1626	[1, 0, 1, 34, -1996]	[[39, 223]]
"1628.a1"	1628	[0, 0, 0, -71, -210]	[[-15/2, 15/2]]
"1628.a2"	1628	[0, 0, 0, -16, 21]	[[-1, 6]]
"1632.d1"	1632	[0, -1, 0, -458, -3624]	[[38, 180]]
"1632.d2"	1632	[0, -1, 0, -448, -3800]	[[525/2, 11815/2]]
"1632.f1"	1632	[0, -1, 0, -1632, -24840]	[[857/4, 12565/4]]
"1632.f2"	1632	[0, -1, 0, -192, 468]	[[-12, 30]]
"1632.f3"	1632	[0, -1, 0, -102, -360]	[[44, 280]]
"1632.f4"	1632	[0, -1, 0, -17, -1023]	[[13, 28]]
"1632.h1"	1632	[0, 1, 0, -141, 603]	[[9, 12]]
"1632.j1"	1632	[0, 1, 0, -458, 3624]	[[13, 6]]
"1632.j2"	1632	[0, 1, 0, -448, 3800]	[[2, 54]]
"1639.b1"	1639	[0, 1, 1, 65, -147]	[[87, 819]]
"1640.a2"	1640	[0, 1, 0, -55, -150]	[[-5, 5]]
"1640.b1"	1640	[0, 1, 0, -120, 448]	[[8, 8]]
"1640.d1"	1640	[0, 0, 0, -156307, 22257294]	[[438, 6150]]
"1641.b1"	1641	[0, 1, 1, -24, 38]	[[3, 1]]
"1645.a1"	1645	[0, 1, 1, -5, -9]	[[3, 3]]
"1646.c1"	1646	[1, -1, 1, -37, 93]	[[3, 0]]
"1649.a1"	1649	[1, 0, 0, 1, 2]	[[-1, 1]]
"1650.a1"	1650	[1, 1, 0, -22575, 1297125]	[[110, 345]]
"1650.a2"	1650	[1, 1, 0, 250, -600]	[[70, 570]]
"1650.b1"	1650	[1, 1, 0, -97125, -11690625]	[[-181, 76]]
"1650.b2"	1650	[1, 1, 0, -29375, 1925625]	[[100, -25]]
"1650.b3"	1650	[1, 1, 0, -6375, -165375]	[[95, 265]]
"1650.b4"	1650	[1, 1, 0, -1875, 28125]	[[5, 135]]
"1650.b5"	1650	[1, 1, 0, 125, 2125]	[[-5, 40]]
"1650.b6"	1650	[1, 1, 0, 12375, -934125]	[[65, 355]]
"1650.f1"	1650	[1, 0, 1, -1, 8]	[[1, 2]]
"1650.g1"	1650	[1, 0, 1, -3051, -133802]	[[143, 1464]]
"1650.g2"	1650	[1, 0, 1, 324, 3898]	[[-7, 39]]
"1650.h1"	1650	[1, 0, 1, -4277126, -3405034852]	[[-1194, 601]]
"1650.h3"	1650	[1, 0, 1, -267626, -53092852]	[[-303, 601]]
"1650.h5"	1650	[1, 0, 1, -25626, 147148]	[[-19, 801]]
"1650.h6"	1650	[1, 0, 1, 6374, 19148]	[[22, 401]]
"1656.a1"	1656	[0, 0, 0, -507, 4070]	[[19, 36]]
"1656.a2"	1656	[0, 0, 0, 33, 290]	[[1, 18]]
"1656.d1"	1656	[0, 0, 0, -419835, -104704666]	[[13315, 1534572]]
"1656.d2"	1656	[0, 0, 0, -26175, -1644478]	[[193, 702]]
"1656.e1"	1656	[0, 0, 0, -315, -1674]	[[30, 126]]
"1656.e2"	1656	[0, 0, 0, 45, -162]	[[6, 18]]
"1656.f1"	1656	[0, 0, 0, -26499, -1660322]	[[4706/5, 18396/5]]
"1656.f2"	1656	[0, 0, 0, -2739, 11950]	[[-42, 230]]
"1656.f3"	1656	[0, 0, 0, -1659, -25850]	[[122, 1260]]
"1656.f4"	1656	[0, 0, 0, -39, -902]	[[14, 36]]
"1659.a1"	1659	[1, 0, 0, -504, 3969]	[[9, 9]]
"1659.a2"	1659	[1, 0, 0, -109, -376]	[[-7, 11]]
"1659.a3"	1659	[1, 0, 0, -104, -417]	[[19, 58]]
"1659.a4"	1659	[1, 0, 0, 206, -2077]	[[14, 53]]
"1660.a1"	1660	[0, 0, 0, 8, 1]	[[2, 5]]
"1665.b1"	1665	[1, -1, 1, -32, 74]	[[-6, 7]]
"1665.b2"	1665	[1, -1, 1, 13, 236]	[[4, 16]]
"1665.c1"	1665	[0, 0, 1, -48, -122]	[[-4, 2]]
"1665.d1"	1665	[0, 0, 1, -1771248, 907333974]	[[878, 5386]]
"1666.c1"	1666	[1, 0, 1, -222, 1418]	[[-16, 38]]
"1666.c2"	1666	[1, 0, 1, 1493, -5442]	[[4, 22]]
"1666.j1"	1666	[1, -1, 1, -25906, 1610655]	[[351/2, 331/2]]
"1666.j2"	1666	[1, -1, 1, -1896, 16391]	[[81, 583]]
"1666.j3"	1666	[1, -1, 1, -916, -10265]	[[-17, 21]]
"1666.j4"	1666	[1, -1, 1, 6434, 116351]	[[2083/6, 171743/6]]
"1666.l1"	1666	[1, -1, 1, 8, 123]	[[-3, 9]]
"1671.a1"	1671	[0, -1, 1, -7, 9]	[[1, 1]]
"1674.c1"	1674	[1, -1, 0, -30417, -2033443]	[[338, 4951]]
"1674.c2"	1674	[1, -1, 0, -1122, 11348]	[[28, 22]]
"1674.c3"	1674	[1, -1, 0, -1047, 13305]	[[40, 165]]
"1674.g1"	1674	[1, -1, 1, 4, 15]	[[-1, 3]]
"1674.h1"	1674	[1, -1, 1, -155, 779]	[[1, 24]]
"1674.h2"	1674	[1, -1, 1, 25, 2323]	[[11, 56]]
"1674.i1"	1674	[1, -1, 1, -9425, -349811]	[[-2009/6, 5929/6]]
"1674.i3"	1674	[1, -1, 1, -125, -379]	[[-5, 12]]
"1675.a1"	1675	[0, -1, 1, -308, -1982]	[[22, 37]]
"1675.b1"	1675	[0, 1, 1, -333, 2244]	[[4, 31]]
"1675.b2"	1675	[0, 1, 1, 917, 12869]	[[-3, 100]]
"1675.c1"	1675	[0, 0, 1, -50, 281]	[[5, 12]]
"1678.b1"	1678	[1, -1, 1, -22, 37]	[[1, 3]]
"1680.c1"	1680	[0, -1, 0, -656, -6240]	[[-14, 2]]
"1680.c2"	1680	[0, -1, 0, -56, 0]	[[-4, 12]]
"1680.c3"	1680	[0, -1, 0, -36, 96]	[[5, 4]]
"1680.c4"	1680	[0, -1, 0, 224, -224]	[[10, 54]]
"1680.f1"	1680	[0, -1, 0, -1800, 30000]	[[26, 10]]
"1680.f2"	1680	[0, -1, 0, -120, 432]	[[2, 14]]
"1680.f3"	1680	[0, -1, 0, -40, -80]	[[-3, 2]]
"1680.f4"	1680	[0, -1, 0, 280, 2352]	[[2, 54]]
"1680.g1"	1680	[0, -1, 0, -5619720, 5129544432]	[[1538, 11050]]
"1680.g2"	1680	[0, -1, 0, -351240, 80233200]	[[2, 8918]]
"1680.g3"	1680	[0, -1, 0, -325640, 92398320]	[[842, 20358]]
"1680.g5"	1680	[0, -1, 0, -23560, 1065712]	[[-3, 1066]]
"1680.g6"	1680	[0, -1, 0, -9240, -176400]	[[-70, 350]]
"1680.g7"	1680	[0, -1, 0, -7960, -270608]	[[-51, 10]]
"1680.g8"	1680	[0, -1, 0, 30760, -1328400]	[[90, 1470]]
"1680.h1"	1680	[0, -1, 0, -6720, -209808]	[[97, 204]]
"1680.h3"	1680	[0, -1, 0, -600, 0]	[[-3, 42]]
"1680.h4"	1680	[0, -1, 0, -420, -3168]	[[52, 336]]
"1680.h5"	1680	[0, -1, 0, -15, -90]	[[118/3, 1144/3]]
"1680.h6"	1680	[0, -1, 0, 2400, -2400]	[[10, 150]]
"1680.m1"	1680	[0, 1, 0, -1736, -26796]	[[-20, 18]]
"1680.m2"	1680	[0, 1, 0, -336, 1764]	[[0, 42]]
"1680.m3"	1680	[0, 1, 0, -316, 2060]	[[11, 6]]
"1680.p1"	1680	[0, 1, 0, -24400, 1458548]	[[92, 30]]
"1680.p2"	1680	[0, 1, 0, -1720, 16100]	[[8, 54]]
"1680.p3"	1680	[0, 1, 0, -740, -7812]	[[-17, 12]]
"1680.p4"	1680	[0, 1, 0, -735, -7920]	[[48, 264]]
"1680.p5"	1680	[0, 1, 0, 160, -24732]	[[43, 252]]
"1680.p6"	1680	[0, 1, 0, 5280, 119700]	[[15, 450]]
"1682.d1"	1682	[1, 0, 1, -382673, -91764536]	[[18889/5, 841652/5]]
"1682.d2"	1682	[1, 0, 1, 4187, 173584]	[[563, 13174]]
"1683.b1"	1683	[1, -1, 1, -596, 3862]	[[-10, 98]]
"1683.b2"	1683	[1, -1, 1, 1699, 24976]	[[17, 233]]
"1683.i1"	1683	[1, -1, 0, -66, -121]	[[10, 7]]
"1683.i2"	1683	[1, -1, 0, 189, -988]	[[23/2, 107/2]]
"1692.a1"	1692	[0, 0, 0, -24, 36]	[[0, 6]]
"1694.c2"	1694	[1, -1, 0, -73046, -2899748]	[[-419/3, 17671/3]]
"1694.c3"	1694	[1, -1, 0, -39166, 2961492]	[[61, 862]]
"1694.e1"	1694	[1, 0, 0, -330393, 73068601]	[[362, 787]]
"1694.e3"	1694	[1, 0, 0, -4298, 88540]	[[54, 94]]
"1694.e4"	1694	[1, 0, 0, -1273, -17577]	[[403/2, 7099/2]]
"1694.e5"	1694	[1, 0, 0, -63, -395]	[[98, 919]]
"1694.e6"	1694	[1, 0, 0, 542, 8196]	[[10, 116]]
"1694.h1"	1694	[1, -1, 1, -6073, 332313]	[[333, 5762]]
"1700.c1"	1700	[0, 1, 0, -4708, -130412]	[[46447/21, 6887672/21]]
"1701.d1"	1701	[1, -1, 1, -2, -2]	[[2, -1]]
"1701.g1"	1701	[1, -1, 0, -15, 62]	[[-2, 10]]
"1704.a1"	1704	[0, -1, 0, -104, -276]	[[13, 20]]
"1704.a2"	1704	[0, -1, 0, 16, -36]	[[5, 12]]
"1704.c1"	1704	[0, 1, 0, -27264, 1723680]	[[405/2, 855/2]]
"1704.c2"	1704	[0, 1, 0, -2064, 14112]	[[51, 210]]
"1704.c3"	1704	[0, 1, 0, -1704, 26496]	[[27, 30]]
"1704.c4"	1704	[0, 1, 0, -84, 576]	[[0, 24]]
"1710.a1"	1710	[1, -1, 0, -4875, -128539]	[[-37, 6]]
"1710.a2"	1710	[1, -1, 0, -555, 1925]	[[-5, 70]]
"1710.c2"	1710	[1, -1, 0, 0, 76]	[[2, 8]]
"1710.d1"	1710	[1, -1, 0, -25020, 1529550]	[[85, 65]]
"1710.e1"	1710	[1, -1, 0, -4432320, -3590548484]	[[44367, 9312250]]
"1710.e2"	1710	[1, -1, 0, -280440, -54592700]	[[-310, 1730]]
"1710.e3"	1710	[1, -1, 0, -277020, -56050304]	[[627, 3743]]
"1710.h2"	1710	[1, -1, 0, 81, 173]	[[-1, 10]]
"1710.i1"	1710	[1, -1, 0, -5589, 161995]	[[41, 2]]
"1710.i2"	1710	[1, -1, 0, -459, 913]	[[-3, 49]]
"1710.i3"	1710	[1, -1, 0, -279, -1715]	[[-9, 7]]
"1710.i4"	1710	[1, -1, 0, 1791, 5863]	[[17, 194]]
"1710.l1"	1710	[1, -1, 1, -8708, 314867]	[[57, 7]]
"1710.l2"	1710	[1, -1, 1, -4028, -94669]	[[-35, 67]]
"1710.l3"	1710	[1, -1, 1, -608, 3827]	[[3, 43]]
"1710.l4"	1710	[1, -1, 1, 112, 371]	[[3, 25]]
"1710.m1"	1710	[1, -1, 1, -3593, -45143]	[[-37, 208]]
"1710.m2"	1710	[1, -1, 1, 727, -5399]	[[23, 140]]
"1710.p2"	1710	[1, -1, 1, -62, -51]	[[-3, 11]]
"1710.q2"	1710	[1, -1, 1, -707, 25539]	[[-13, 186]]
"1712.c1"	1712	[0, -1, 0, -3080, -64784]	[[84, 512]]
"1712.d2"	1712	[0, -1, 0, 32, -256]	[[16, 64]]
"1713.a1"	1713	[1, 0, 0, 1, 18]	[[1, 4]]
"1714.a1"	1714	[1, 0, 1, -61, -144]	[[-6, 6]]
"1714.a2"	1714	[1, 0, 1, -21, 32]	[[-5, 6]]
"1714.b1"	1714	[1, -1, 0, -17, -23]	[[6, 5]]
"1714.b2"	1714	[1, -1, 0, -7, -57]	[[23/2, 43/2]]
"1719.b1"	1719	[1, -1, 0, -108, 81]	[[0, 9]]
"1719.b2"	1719	[1, -1, 0, 27, 0]	[[36, 198]]
"1722.h2"	1722	[1, 1, 1, -480, -4419]	[[537, 12179]]
"1722.i1"	1722	[1, 1, 1, -43939, 3526745]	[[121, -54]]
"1722.i2"	1722	[1, 1, 1, -7699, -193159]	[[-59, 274]]
"1722.i3"	1722	[1, 1, 1, -2779, 52841]	[[37, 30]]
"1722.i4"	1722	[1, 1, 1, 101, 3305]	[[5, 60]]
"1722.j2"	1722	[1, 1, 1, -378, 2823]	[[9, 11]]
"1725.h1"	1725	[1, 0, 0, -138, 267]	[[11, 5]]
"1725.h2"	1725	[1, 0, 0, 487, 2142]	[[13, 97]]
"1725.l1"	1725	[0, 1, 1, -6283, -208331]	[[1133/2, 36497/2]]
"1725.p1"	1725	[1, 1, 0, -5, 0]	[[4, 6]]
"1728.d1"	1728	[0, 0, 0, -7884, 357264]	[[82, 512]]
"1728.d2"	1728	[0, 0, 0, -204, -1136]	[[18, 32]]
"1728.d3"	1728	[0, 0, 0, 756, -5616]	[[66, 576]]
"1728.f1"	1728	[0, 0, 0, 54, -54]	[[1, 1]]
"1728.k1"	1728	[0, 0, 0, -108, 1296]	[[18, 72]]
"1728.r1"	1728	[0, 0, 0, -12, 272]	[[2, 16]]
"1731.b1"	1731	[1, 0, 0, -9, 0]	[[3, 0]]
"1731.b2"	1731	[1, 0, 0, 36, 9]	[[0, 3]]
"1731.c1"	1731	[0, 1, 1, 1, 2]	[[0, 1]]
"1734.b1"	1734	[1, 1, 0, -216900, -29485872]	[[1896, 78924]]
"1734.b2"	1734	[1, 1, 0, -73845, 7690221]	[[162, 27]]
"1734.b3"	1734	[1, 1, 0, -62285, 10194117]	[[-127, 4073]]
"1734.b4"	1734	[1, 1, 0, 522940, -186183984]	[[7295/2, 654223/2]]
"1734.c1"	1734	[1, 1, 0, -235, -1667]	[[102, 973]]
"1734.d1"	1734	[1, 1, 0, -21094, -1153910]	[[885, 25525]]
"1734.d2"	1734	[1, 1, 0, -20924, -1173732]	[[254, 3032]]
"1734.d3"	1734	[1, 1, 0, -2904, 59040]	[[33, 6]]
"1734.d4"	1734	[1, 1, 0, -184, 832]	[[1, 25]]
"1734.f1"	1734	[1, 0, 1, -68066, -7713868]	[[109061/5, 35678901/5]]
"1735.a1"	1735	[1, -1, 0, -25420, 1566325]	[[92, -41]]
"1736.a1"	1736	[0, 0, 0, -348619, -79003818]	[[38939/5, 7022988/5]]
"1736.b1"	1736	[0, 0, 0, -139, -618]	[[19, 60]]
"1737.b1"	1737	[1, -1, 0, -27, 0]	[[12, 30]]
"1737.b2"	1737	[1, -1, 0, 108, -81]	[[39/2, 303/2]]
"1740.a1"	1740	[0, -1, 0, -741, -7434]	[[-15, 9]]
"1740.a2"	1740	[0, -1, 0, -116, -20184]	[[58, 406]]
"1740.c1"	1740	[0, -1, 0, -125, 570]	[[2, 18]]
"1740.c2"	1740	[0, -1, 0, 20, 1672]	[[9, 50]]
"1740.e1"	1740	[0, 1, 0, -486, -20115]	[[57, 375]]
"1744.a1"	1744	[0, 0, 0, -131, 578]	[[7, 2]]
"1744.b1"	1744	[0, -1, 0, -32, -256]	[[10, 18]]
"1744.b2"	1744	[0, -1, 0, 288, 6656]	[[74, 654]]
"1745.e1"	1745	[1, 1, 1, -36, 68]	[[-6, 13]]
"1745.e2"	1745	[1, 1, 1, -31, 94]	[[4, 5]]
"1745.f1"	1745	[0, 0, 1, -22, -33]	[[-3, 2]]
"1745.g1"	1745	[0, -1, 1, -5, 3]	[[-1, 2]]
"1746.c1"	1746	[1, -1, 0, -4626, -119948]	[[-39, 22]]
"1746.c2"	1746	[1, -1, 0, -306, -1580]	[[-7, 17]]
"1746.d1"	1746	[1, -1, 0, -27936, 1804194]	[[103, 56]]
"1746.d2"	1746	[1, -1, 0, -1746, 28512]	[[27, 9]]
"1746.d4"	1746	[1, -1, 0, -126, 324]	[[0, 18]]
"1746.e2"	1746	[1, -1, 1, 220, 2895]	[[11, 75]]
"1748.a2"	1748	[0, 1, 0, 1363, -35489]	[[490/3, 12167/3]]
"1748.b1"	1748	[0, 1, 0, -389, 3319]	[[10, 23]]
"1748.e1"	1748	[0, 0, 0, -3992, 97092]	[[32, 46]]
"1752.d2"	1752	[0, -1, 0, -1992, 33660]	[[70/3, 3680/3]]
"1752.d3"	1752	[0, -1, 0, -1972, 34372]	[[1, 180]]
"1752.d4"	1752	[0, -1, 0, 928, 121260]	[[7033/12, 915515/12]]
"1752.g1"	1752	[0, 1, 0, -388, 2816]	[[10, 6]]
"1752.g2"	1752	[0, 1, 0, -23, 42]	[[3, 3]]
"1752.i1"	1752	[0, 1, 0, -308, -1440]	[[22, 54]]
"1752.i2"	1752	[0, 1, 0, 57, -126]	[[3, 9]]
"1757.a1"	1757	[0, 1, 1, -19, 26]	[[2, 0]]
"1760.a2"	1760	[0, 1, 0, 479, 1455]	[[1, 44]]
"1760.b2"	1760	[0, 1, 0, -10, -12]	[[-2, 2]]
"1760.c1"	1760	[0, 1, 0, -4225, 99375]	[[25, 100]]
"1760.c2"	1760	[0, 1, 0, -4170, 102268]	[[36, 10]]
"1760.g1"	1760	[0, 0, 0, -587, -5474]	[[385/2, 7287/2]]
"1760.g3"	1760	[0, 0, 0, -37, -84]	[[95, 924]]
"1760.g4"	1760	[0, 0, 0, 13, -294]	[[265/6, 3059/6]]
"1760.h1"	1760	[0, 0, 0, -587, 5474]	[[50, 318]]
"1760.h3"	1760	[0, 0, 0, -37, 84]	[[-5, 12]]
"1760.h4"	1760	[0, 0, 0, 13, 294]	[[-15/2, 111/2]]
"1760.l1"	1760	[0, -1, 0, -126, -124]	[[-10, 6]]
"1760.l2"	1760	[0, -1, 0, 479, -1455]	[[21, 132]]
"1761.a1"	1761	[0, -1, 1, -89, 356]	[[2, 13]]
"1762.a1"	1762	[1, 0, 0, -17, 25]	[[0, 5]]
"1762.a2"	1762	[1, 0, 0, 3, 85]	[[2, 9]]
"1764.a1"	1764	[0, 0, 0, -62769, 6052921]	[[144, 13]]
"1764.a2"	1764	[0, 0, 0, -1029, 2401]	[[0, 49]]
"1764.e1"	1764	[0, 0, 0, -6615, 203742]	[[-66, 594]]
"1764.e2"	1764	[0, 0, 0, -735, -7546]	[[-17, 6]]
"1764.e3"	1764	[0, 0, 0, 0, -343]	[[14, 49]]
"1764.e4"	1764	[0, 0, 0, 0, 9261]	[[7, 98]]
"1765.a1"	1765	[1, 0, 1, -4, 1]	[[-1, 2]]
"1771.a1"	1771	[1, 0, 0, -105, -374]	[[-7, 9]]
"1771.a2"	1771	[1, 0, 0, 10, -29]	[[3, 4]]
"1775.c1"	1775	[0, 0, 1, -125, 781]	[[25/2, 121/2]]
"1776.c1"	1776	[0, -1, 0, -2368, 45184]	[[-24, 296]]
"1776.c2"	1776	[0, -1, 0, 32, 256]	[[0, 16]]
"1776.i1"	1776	[0, 1, 0, -28, -40]	[[-11/2, 39/2]]
"1776.i2"	1776	[0, 1, 0, -13, 14]	[[-2, 6]]
"1776.j1"	1776	[0, 1, 0, -188, 924]	[[-2, 36]]
"1776.j2"	1776	[0, 1, 0, -3, 36]	[[0, 6]]
"1780.a1"	1780	[0, 0, 0, -148, 693]	[[-9, 36]]
"1780.a2"	1780	[0, 0, 0, -143, 742]	[[6, 10]]
"1780.b1"	1780	[0, -1, 0, -13201, -579414]	[[2215/3, 89623/3]]
"1780.b2"	1780	[0, -1, 0, -13196, -579880]	[[934, 28302]]
"1782.h1"	1782	[1, -1, 1, -164, -1133]	[[17, 19]]
"1784.a1"	1784	[0, 1, 0, -24, 32]	[[4, 4]]
"1785.c1"	1785	[1, 0, 0, -1686, 26505]	[[24, -9]]
"1785.c3"	1785	[1, 0, 0, -111, 360]	[[9, 6]]
"1785.c4"	1785	[1, 0, 0, 14, 35]	[[-1, 5]]
"1785.e1"	1785	[1, 0, 0, -71740, -7387525]	[[490, 8425]]
"1785.e2"	1785	[1, 0, 0, -6115, -24400]	[[-55, 410]]
"1785.e3"	1785	[1, 0, 0, -3910, 93347]	[[29, 53]]
"1785.e4"	1785	[1, 0, 0, -3905, 93600]	[[45, 75]]
"1785.e5"	1785	[1, 0, 0, -1785, 194922]	[[63, 546]]
"1785.e6"	1785	[1, 0, 0, 24230, -188263]	[[64, 1243]]
"1785.n1"	1785	[1, 0, 1, -13654, 611777]	[[315/2, 983/2]]
"1785.n3"	1785	[1, 0, 1, -1159, 2021]	[[49, 227]]
"1785.n4"	1785	[1, 0, 1, 286, 287]	[[55/3, 1192/3]]
"1790.a1"	1790	[1, 1, 0, -12, 4]	[[-2, 6]]
"1790.c1"	1790	[1, 1, 1, -45355, -3735555]	[[-1109/3, 740/3]]
"1790.c2"	1790	[1, 1, 1, -1455, 20725]	[[13, 58]]
"1790.d1"	1790	[1, -1, 1, 2, -19]	[[5, 7]]
"1792.a1"	1792	[0, 1, 0, -525, 4459]	[[14, 7]]
"1792.b2"	1792	[0, 1, 0, -19, -39]	[[5, 4]]
"1792.c1"	1792	[0, 1, 0, -77, 235]	[[6, 5]]
"1792.e2"	1792	[0, -1, 0, -35, -49]	[[-2, 3]]
"1793.c1"	1793	[0, 1, 1, 1, -26]	[[29/2, 159/2]]
"1797.a1"	1797	[1, 0, 0, 3, -18]	[[3, 3]]
"1798.a1"	1798	[1, 1, 0, -70274, 7140596]	[[148, 22]]
"1798.c1"	1798	[1, -1, 1, -31, -57]	[[-3, 2]]
"1800.d1"	1800	[0, 0, 0, -315, 2150]	[[11, 4]]
"1800.g1"	1800	[0, 0, 0, -37875, 1768750]	[[374, 6318]]
"1800.g2"	1800	[0, 0, 0, 7125, 193750]	[[-1, 432]]
"1800.i1"	1800	[0, 0, 0, -3075, -65250]	[[70, 250]]
"1800.j1"	1800	[0, 0, 0, -255, -1550]	[[-9, 4]]
"1800.j2"	1800	[0, 0, 0, -30, 25]	[[0, 5]]
"1800.m1"	1800	[0, 0, 0, -86475, 9787750]	[[206, 846]]
"1800.m2"	1800	[0, 0, 0, -14475, -670250]	[[-69, 4]]
"1800.m3"	1800	[0, 0, 0, -5475, 148750]	[[75, 400]]
"1800.m4"	1800	[0, 0, 0, -975, -8750]	[[-19, 54]]
"1800.m5"	1800	[0, 0, 0, 150, -875]	[[14, 63]]
"1800.m6"	1800	[0, 0, 0, 3525, 589750]	[[30, 850]]
"1800.n2"	1800	[0, 0, 0, -45075, 3662750]	[[139, 288]]
"1800.n3"	1800	[0, 0, 0, -18075, 8009750]	[[-86, 2988]]
"1800.n4"	1800	[0, 0, 0, -4575, -22750]	[[85, 450]]
"1800.n5"	1800	[0, 0, 0, -3450, -77875]	[[-34, 11]]
"1800.n6"	1800	[0, 0, 0, 17925, -180250]	[[35, 700]]
"1800.u1"	1800	[0, 0, 0, -70875, -7256250]	[[379, 4508]]
"1802.b1"	1802	[1, 1, 0, -282051, -57698611]	[[-7891/5, 29188/5]]
"1802.b2"	1802	[1, 1, 0, -200131, -91793715]	[[16390/3, 1993655/3]]
"1804.a1"	1804	[0, 1, 0, -877, -10296]	[[36, 78]]
"1804.a2"	1804	[0, 1, 0, 3, -44]	[[3, 1]]
"1805.a2"	1805	[0, 1, 1, -36581, 2679900]	[[-78, 2250]]
"1806.b1"	1806	[1, 1, 0, -37, -83]	[[-3, 5]]
"1806.d1"	1806	[1, 0, 1, -927, 10774]	[[16, 2]]
"1806.d2"	1806	[1, 0, 1, -487, -4090]	[[-12, 13]]
"1806.d3"	1806	[1, 0, 1, -67, 110]	[[0, 10]]
"1806.d4"	1806	[1, 0, 1, 13, 14]	[[8, 21]]
"1806.e1"	1806	[1, 0, 1, -14666, 682364]	[[69, -47]]
"1806.e2"	1806	[1, 0, 1, -906, 10876]	[[8, 60]]
"1806.i1"	1806	[1, 1, 1, -853, -9745]	[[-17, 22]]
"1808.a1"	1808	[0, 1, 0, -32, 52]	[[4, 2]]
"1808.a2"	1808	[0, 1, 0, 48, 340]	[[-4, 10]]
"1808.c1"	1808	[0, -1, 0, -720, 7616]	[[8, 48]]
"1808.c2"	1808	[0, -1, 0, -80, -64]	[[10, 6]]
"1811.a1"	1811	[0, -1, 1, 3, 0]	[[0, 0]]
"1815.b1"	1815	[0, 1, 1, -724951, -237822920]	[[4421/2, 141371/2]]
"1815.b2"	1815	[0, 1, 1, -6211, -530909]	[[107, 202]]
"1815.c1"	1815	[0, 1, 1, -5991, 176501]	[[27, 187]]
"1815.c2"	1815	[0, 1, 1, -51, 380]	[[-6, 22]]
"1815.d2"	1815	[1, 1, 0, -16337, 796536]	[[783/2, 17367/2]]
"1815.d3"	1815	[1, 1, 0, -13312, 1104481]	[[6871/6, 488797/6]]
"1815.d4"	1815	[1, 1, 0, -9682, -370751]	[[555/2, 7369/2]]
"1815.d5"	1815	[1, 1, 0, -1212, 7011]	[[42, 159]]
"1815.d6"	1815	[1, 1, 0, -607, -5936]	[[48, 256]]
"1815.d7"	1815	[1, 1, 0, -2, -249]	[[550/7, 10443/7]]
"1815.d8"	1815	[1, 1, 0, 4233, 58194]	[[18, 366]]
"1816.a1"	1816	[0, 0, 0, -4, -12]	[[4, 6]]
"1817.a1"	1817	[1, 0, 1, -24, -45]	[[-3, 2]]
"1818.a1"	1818	[1, -1, 0, -11826, 1752916]	[[959, 29045]]
"1818.e1"	1818	[1, -1, 0, -297, 2047]	[[11, -1]]
"1824.b1"	1824	[0, -1, 0, 19, -123]	[[11, 36]]
"1824.d1"	1824	[0, -1, 0, -18, -24]	[[7, 12]]
"1824.d2"	1824	[0, -1, 0, -8, -60]	[[8, 18]]
"1824.f1"	1824	[0, -1, 0, -1149, 15381]	[[15, 36]]
"1824.g1"	1824	[0, 1, 0, -1824, -30600]	[[75, 510]]
"1824.g2"	1824	[0, 1, 0, -209, 351]	[[1, 12]]
"1824.g3"	1824	[0, 1, 0, -114, -504]	[[18, 60]]
"1824.g4"	1824	[0, 1, 0, -24, -1188]	[[69/2, 495/2]]
"1825.a1"	1825	[1, -1, 1, -30, -28]	[[-2, 5]]
"1825.a2"	1825	[1, -1, 1, 95, -278]	[[4, 10]]
"1827.b1"	1827	[1, -1, 1, -320, -2100]	[[-10, 9]]
"1827.b2"	1827	[1, -1, 1, -5, -84]	[[12, 32]]
"1827.d1"	1827	[1, -1, 0, -1841616, -961476971]	[[4503639/50, 4831881187/50]]
"1827.d2"	1827	[1, -1, 0, -382221, 74033554]	[[8870/7, 1093604/7]]
"1827.d3"	1827	[1, -1, 0, -117306, -14395073]	[[5712231/62, 13073380789/62]]
"1827.d4"	1827	[1, -1, 0, -115101, -15001448]	[[5943/2, 438907/2]]
"1827.d5"	1827	[1, -1, 0, -7056, -242501]	[[1470, 55517]]
"1827.d6"	1827	[1, -1, 0, 112329, -64042160]	[[5047493410335/58838, 11369659432888723585/58838]]
"1830.c1"	1830	[1, 0, 1, -654, 6376]	[[-4, 96]]
"1830.e1"	1830	[1, 0, 1, -4978, 133748]	[[49, 65]]
"1830.e2"	1830	[1, 0, 1, -98, 4916]	[[-3, 73]]
"1832.c1"	1832	[0, -1, 0, -664, 6812]	[[14, 8]]
"1832.d1"	1832	[0, 1, 0, -12, -16]	[[-2, 2]]
"1845.a1"	1845	[1, -1, 1, -248, -1434]	[[-9, 6]]
"1845.c1"	1845	[0, 0, 1, -432, -3463]	[[27, 67]]
"1845.d1"	1845	[0, 0, 1, 708, 6480]	[[68, 607]]
"1845.g1"	1845	[1, -1, 0, -189, 1048]	[[12, 14]]
"1845.g2"	1845	[1, -1, 0, -144, 1525]	[[-4, 47]]
"1848.a1"	1848	[0, -1, 0, -12, 21]	[[2, 1]]
"1848.c1"	1848	[0, -1, 0, -448, -3476]	[[25, 18]]
"1848.d1"	1848	[0, -1, 0, -640232, -139597332]	[[-479, 7546]]
"1848.d2"	1848	[0, -1, 0, -586992, -172882980]	[[962, 12320]]
"1848.d3"	1848	[0, -1, 0, -586972, -172895372]	[[5958, 455840]]
"1848.d4"	1848	[0, -1, 0, -534072, -205375860]	[[23861/5, 1548316/5]]
"1848.g1"	1848	[0, 1, 0, -47264, -3967008]	[[-491/2, 105/2]]
"1848.g2"	1848	[0, 1, 0, -3704, -29184]	[[-32, 240]]
"1848.g3"	1848	[0, 1, 0, -2084, 35616]	[[31, 42]]
"1848.g4"	1848	[0, 1, 0, -2079, 35802]	[[42, 156]]
"1848.g5"	1848	[0, 1, 0, -544, 88592]	[[-13, 306]]
"1848.g6"	1848	[0, 1, 0, 13936, -212640]	[[115, 1710]]
"1850.a1"	1850	[1, 0, 1, -476, 9498]	[[17, 71]]
"1850.a2"	1850	[1, 0, 1, 4149, -216202]	[[967/3, 31304/3]]
"1850.d1"	1850	[1, -1, 0, -242, 1916]	[[19, 53]]
"1850.e1"	1850	[1, -1, 0, -13657, -610899]	[[2199, 101853]]
"1850.e2"	1850	[1, -1, 0, -857, -9299]	[[-15, 4]]
"1850.f1"	1850	[1, 1, 0, -131875, -18487875]	[[563410/33, 250098685/33]]
"1850.f2"	1850	[1, 1, 0, -131375, -18634375]	[[1780, 72535]]
"1850.f3"	1850	[1, 1, 0, -1875, -17875]	[[-19, 116]]
"1850.f4"	1850	[1, 1, 0, 6125, -121875]	[[30, 285]]
"1850.i1"	1850	[1, 0, 0, 312, -3008]	[[12, 44]]
"1850.j1"	1850	[1, -1, 1, -341430, -76703803]	[[-337, 171]]
"1850.j2"	1850	[1, -1, 1, -21430, -1183803]	[[-87, 171]]
"1850.k1"	1850	[1, -1, 1, -9880, -375503]	[[72649/24, 7563175/24]]
"1850.k2"	1850	[1, -1, 1, -630, -5503]	[[-53/2, 205/2]]
"1850.k3"	1850	[1, -1, 1, -130, 497]	[[-7, 35]]
"1850.k4"	1850	[1, -1, 1, 620, -25503]	[[831/2, 23215/2]]
"1850.l1"	1850	[1, -1, 1, -10, 17]	[[-1, 5]]
"1851.a1"	1851	[1, 0, 0, -35, 54]	[[1, 4]]
"1854.c1"	1854	[1, -1, 0, 9, -131]	[[5, 2]]
"1856.l1"	1856	[0, 1, 0, 0, 2]	[[1, 2]]
"1856.n1"	1856	[0, -1, 0, -37, -75]	[[73/3, 260/3]]
"1856.n2"	1856	[0, -1, 0, -17, -175]	[[25, 120]]
"1857.a1"	1857	[0, -1, 1, 3, 2]	[[0, 1]]
"1858.a1"	1858	[1, -1, 1, -12, -13]	[[5, 3]]
"1860.a2"	1860	[0, -1, 0, 15, 42]	[[-1, 5]]
"1860.b2"	1860	[0, 1, 0, -145, -712]	[[-7, 3]]
"1866.f1"	1866	[1, 0, 1, -122, 500]	[[8, 3]]
"1866.f2"	1866	[1, 0, 1, -2, 20]	[[0, 4]]
"1866.g1"	1866	[1, 1, 1, -98, 335]	[[3, 7]]
"1870.h2"	1870	[1, 1, 1, 17283565, -17141361543]	[[9265/3, 1113446/3]]
"1876.a1"	1876	[0, 1, 0, -5, -4]	[[-1, 1]]
"1878.a1"	1878	[1, 1, 0, -134, 540]	[[7, -1]]
"1878.a2"	1878	[1, 1, 0, -14, -12]	[[4, 2]]
"1878.b1"	1878	[1, 0, 1, -583, -5458]	[[-14, 8]]
"1878.b2"	1878	[1, 0, 1, -43, -58]	[[-5, 8]]
"1881.b1"	1881	[0, 0, 1, -270570, 54171090]	[[278, 661]]
"1884.a1"	1884	[0, 1, 0, -49, -148]	[[8, 6]]
"1884.a2"	1884	[0, 1, 0, -4, -364]	[[635, 16014]]
"1884.b1"	1884	[0, 1, 0, -68, 36]	[[0, 6]]
"1884.b2"	1884	[0, 1, 0, -53, 132]	[[1, 9]]
"1886.a1"	1886	[1, -1, 0, -1313, 18045]	[[17, 12]]
"1886.a2"	1886	[1, -1, 0, 527, 63309]	[[-25, 197]]
"1886.b1"	1886	[1, 1, 0, -491, -4399]	[[79, 637]]
"1886.b2"	1886	[1, 1, 0, -31, -75]	[[-3, 3]]
"1886.e1"	1886	[1, -1, 1, -886, -9919]	[[93, 793]]
"1886.e2"	1886	[1, -1, 1, -526, 4705]	[[145/3, 175/3]]
"1886.e3"	1886	[1, -1, 1, -66, -79]	[[11, 15]]
"1888.a1"	1888	[0, 0, 0, -517, 4528]	[[29, 118]]
"1888.c1"	1888	[0, 1, 0, -2, -4]	[[2, 2]]
"1890.c1"	1890	[1, -1, 0, -219945, 39757665]	[[232, 969]]
"1890.c2"	1890	[1, -1, 0, -219660, 39865616]	[[280, 364]]
"1890.c3"	1890	[1, -1, 0, 567525, 211833125]	[[182, 17829]]
"1890.j1"	1890	[1, -1, 0, -54, 360]	[[6, 12]]
"1890.j2"	1890	[1, -1, 0, 6, -12]	[[4, 6]]
"1890.q1"	1890	[1, -1, 1, -338, 12881]	[[15, 97]]
"1890.q2"	1890	[1, -1, 1, 37, -469]	[[25, 112]]
"1892.b1"	1892	[0, 1, 0, -298, -219]	[[-11, 43]]
"1892.b2"	1892	[0, 1, 0, -198, 1009]	[[2, 25]]
"1892.c1"	1892	[0, 1, 0, -22, 33]	[[2, 1]]
"1892.e1"	1892	[0, 0, 0, -5, 1]	[[0, 1]]
"1893.b1"	1893	[0, 1, 1, -27, -61]	[[-3, 1]]
"1900.c1"	1900	[0, 0, 0, -2575, -50250]	[[-29, 6]]
"1904.a2"	1904	[0, 1, 0, -288, 1780]	[[12, 14]]
"1904.c2"	1904	[0, 0, 0, 29, -30]	[[2, 6]]
"1904.d1"	1904	[0, 0, 0, -8459, 299322]	[[29, 280]]
"1904.d2"	1904	[0, 0, 0, -619, 2970]	[[23, 30]]
"1904.d3"	1904	[0, 0, 0, -299, -1958]	[[-9, 2]]
"1904.d4"	1904	[0, 0, 0, 2101, 22010]	[[-65/3, 2170/3]]
"1906.a1"	1906	[1, -1, 0, -17, 29]	[[1, 3]]
"1906.a2"	1906	[1, -1, 0, 23, 117]	[[9, 27]]
"1908.b1"	1908	[0, 0, 0, -39, -178]	[[26, 128]]
"1910.a1"	1910	[1, -1, 1, -103, -373]	[[15, 28]]
"1910.a2"	1910	[1, -1, 1, -3, -13]	[[5, 6]]
"1914.c1"	1914	[1, 1, 0, -26535, -1378251]	[[-95, 592]]
"1914.c2"	1914	[1, 1, 0, -7975, 251317]	[[33, 143]]
"1914.d1"	1914	[1, 1, 0, -7, 13]	[[3, 4]]
"1914.e1"	1914	[1, 0, 1, -4242, 105964]	[[38, -15]]
"1914.e3"	1914	[1, 0, 1, -282, 1420]	[[5, 9]]
"1914.e4"	1914	[1, 0, 1, 38, 140]	[[-2, 8]]
"1914.h2"	1914	[1, 1, 1, 1726, -24289]	[[43, 341]]
"1914.i1"	1914	[1, 1, 1, 649, -3283]	[[71, 602]]
"1914.m1"	1914	[1, 0, 0, -35547, -2589999]	[[434, 7769]]
"1914.m2"	1914	[1, 0, 0, 933, -18351]	[[18, 57]]
"1914.n1"	1914	[1, 0, 0, -260898, -51312870]	[[95085/4, 29018625/4]]
"1914.n2"	1914	[1, 0, 0, -17008, -730084]	[[-52, 146]]
"1914.n3"	1914	[1, 0, 0, -5748, 53928]	[[-78, 210]]
"1914.n4"	1914	[1, 0, 0, -4588, 119120]	[[8, 284]]
"1918.a1"	1918	[1, 0, 1, -183, 242]	[[-2, 25]]
"1918.a2"	1918	[1, 0, 1, -143, 642]	[[6, 0]]
"1918.c1"	1918	[1, -1, 0, -1111, 5187]	[[137, 1484]]
"1918.e1"	1918	[1, 0, 0, -4283475, -3412655711]	[[2766, 75449]]
"1918.f2"	1918	[1, -1, 1, 9, -49]	[[7, 14]]
"1920.c1"	1920	[0, -1, 0, -306, 2106]	[[5, 26]]
"1920.c2"	1920	[0, -1, 0, 99, 6885]	[[-9, 72]]
"1920.e1"	1920	[0, -1, 0, -41, -39]	[[8, 9]]
"1920.e2"	1920	[0, -1, 0, 9, -9]	[[3, 6]]
"1920.g2"	1920	[0, -1, 0, 5, -5]	[[2, 3]]
"1920.h1"	1920	[0, -1, 0, -10, 10]	[[-3, 2]]
"1920.h2"	1920	[0, -1, 0, 35, 37]	[[4, 15]]
"1920.j1"	1920	[0, -1, 0, -8330, 295422]	[[49, 50]]
"1920.j2"	1920	[0, -1, 0, -8285, 298725]	[[20, 375]]
"1920.k1"	1920	[0, -1, 0, -1225, -15623]	[[-21, 20]]
"1920.k2"	1920	[0, -1, 0, 25, -873]	[[14, 45]]
"1920.n1"	1920	[0, 1, 0, -41, 39]	[[7, 12]]
"1920.n2"	1920	[0, 1, 0, 9, 9]	[[0, 3]]
"1920.s1"	1920	[0, 1, 0, -2425, 44375]	[[35, 60]]
"1920.s2"	1920	[0, 1, 0, 5, 2093]	[[-4, 45]]
"1920.t1"	1920	[0, 1, 0, -1225, 15623]	[[11, 60]]
"1920.t2"	1920	[0, 1, 0, 25, 873]	[[1, 30]]
"1922.b1"	1922	[1, 0, 1, -153300, -23112558]	[[1041, 30231]]
"1922.b2"	1922	[1, 0, 1, -4345, 64840]	[[119, 1052]]
"1922.d1"	1922	[1, -1, 1, -317791, -68874615]	[[25237419818650411/1089534, 3994045625106542444756791/1089534]]
"1922.d3"	1922	[1, -1, 1, -19881, -1070299]	[[225517435/103, 3374899848614/103]]
"1925.b2"	1925	[1, 0, 0, 57, 952]	[[-3, 29]]
"1925.c1"	1925	[1, 0, 0, -1288, 16317]	[[7, 84]]
"1925.e1"	1925	[0, 1, 1, -1783, -29581]	[[-99/2, -1/2]]
"1925.f1"	1925	[0, -1, 1, -2233, 41368]	[[28, 3]]
"1925.f2"	1925	[0, -1, 1, -1233, 77493]	[[-47, 171]]
"1925.f3"	1925	[0, -1, 1, 11017, -1998882]	[[128, 1221]]
"1925.i1"	1925	[1, -1, 0, -256667, 50114116]	[[20761/8, 405431/8]]
"1925.i3"	1925	[1, -1, 0, -16042, 785991]	[[174, 1713]]
"1925.j1"	1925	[1, 1, 0, -1375, 18750]	[[30, 60]]
"1925.j2"	1925	[1, 1, 0, 0, 875]	[[59/2, 469/2]]
"1925.k2"	1925	[1, 1, 0, -80, -325]	[[565/4, 12055/4]]
"1926.a1"	1926	[1, -1, 0, -162, 3024]	[[-14, 56]]
"1926.c1"	1926	[1, -1, 0, -636, 6164]	[[10, 22]]
"1926.c2"	1926	[1, -1, 0, -96, -208]	[[-4, 12]]
"1926.e1"	1926	[1, -1, 1, -71, -205]	[[-5, 4]]
"1926.e2"	1926	[1, -1, 1, -11, 11]	[[1, 0]]
"1926.f1"	1926	[1, -1, 1, -446, -2739]	[[-13, 33]]
"1926.f2"	1926	[1, -1, 1, 994, -17715]	[[35, 225]]
"1928.a2"	1928	[0, 0, 0, -59, -410]	[[115/3, 820/3]]
"1930.a1"	1930	[1, -1, 0, -79, -147]	[[-3, 9]]
"1930.a2"	1930	[1, -1, 0, 241, -1235]	[[6, 17]]
"1935.b1"	1935	[1, -1, 1, -83, -268]	[[-5, 3]]
"1935.b2"	1935	[1, -1, 1, -8, 2]	[[0, 1]]
"1935.c1"	1935	[1, -1, 1, -1250003, -537603588]	[[9790979/65, 25744593603/65]]
"1935.c2"	1935	[1, -1, 1, -78128, -8384838]	[[-7936/7, 36282/7]]
"1936.a1"	1936	[0, 1, 0, -4880, -514604]	[[100, 86]]
"1936.a2"	1936	[0, 1, 0, -480, 3892]	[[12, 2]]
"1936.d1"	1936	[0, -1, 0, 1775, -24451]	[[124/3, 1331/3]]
"1936.e1"	1936	[0, -1, 0, 15, 13]	[[4, 11]]
"1936.i1"	1936	[0, 1, 0, -15140165, -22679876749]	[[76910076374/445, 21328167502260157/445]]
"1936.i2"	1936	[0, 1, 0, -20005, -1979309]	[[15894/5, 1947253/5]]
"1936.i3"	1936	[0, 1, 0, -645, 14771]	[[-26, 121]]
"1936.j2"	1936	[0, -1, 0, 5768, 62064]	[[18, 414]]
"1938.b2"	1938	[1, 1, 0, -9, 63]	[[-1, 9]]
"1938.c1"	1938	[1, 1, 0, -2399088229, -45229971251315]	[[4922713727549526625503/210249607, 303307135175318943516376150635262/210249607]]
"1938.c2"	1938	[1, 1, 0, -151531109, -691030827123]	[[-1999123069231/16045, 562182219603463157/16045]]
"1938.e1"	1938	[1, 0, 1, -552, 4936]	[[16, 8]]
"1938.e2"	1938	[1, 0, 1, -42, 40]	[[-1, 9]]
"1938.e3"	1938	[1, 0, 1, -22, -40]	[[6, 4]]
"1938.e4"	1938	[1, 0, 1, 148, 344]	[[2, 24]]
"1938.f1"	1938	[1, 0, 1, -4628, 125714]	[[129, 1231]]
"1938.g1"	1938	[1, 1, 1, -434, 3251]	[[17, 25]]
"1938.g2"	1938	[1, 1, 1, -54, -93]	[[-5, 11]]
"1938.h1"	1938	[1, 0, 0, -139, -271]	[[14, 17]]
"1946.a1"	1946	[1, -1, 0, -26, -60]	[[8, 10]]
"1947.d2"	1947	[1, 0, 1, -62, 155]	[[39/2, 137/2]]
"1947.d3"	1947	[1, 0, 1, -17, -25]	[[9, 19]]
"1947.d4"	1947	[1, 0, 1, 103, 881]	[[175/6, 7747/6]]
"1949.a1"	1949	[0, 1, 1, -7, -10]	[[-2, 0]]
"1953.a1"	1953	[1, -1, 1, -32, -30]	[[8, 9]]
"1953.a2"	1953	[1, -1, 1, 103, -300]	[[8, 27]]
"1953.b1"	1953	[1, -1, 1, -284, 1640]	[[0, 40]]
"1953.b2"	1953	[1, -1, 1, 31, 128]	[[4, 15]]
"1953.c1"	1953	[1, -1, 1, -806684, 279072456]	[[518, -228]]
"1953.g1"	1953	[1, -1, 0, -27396, 1751949]	[[60, 537]]
"1953.g2"	1953	[1, -1, 0, -11646, -464265]	[[4615/2, 307375/2]]
"1953.g3"	1953	[1, -1, 0, -1881, 22032]	[[1152, 38484]]
"1958.a2"	1958	[1, -1, 1, -246, 1121]	[[-83/3, 1471/3]]
"1958.a4"	1958	[1, -1, 1, 644, 6817]	[[1897/24, 1279409/24]]
"1960.b1"	1960	[0, 1, 0, -11776, -353760]	[[367, 6700]]
"1961.a1"	1961	[1, -1, 0, -311, -1980]	[[352/3, 5170/3]]
"1961.a2"	1961	[1, -1, 0, -46, 87]	[[-241/10, 14603/10]]
"1961.a3"	1961	[1, -1, 0, -41, 112]	[[-9/2, 119/2]]
"1961.a4"	1961	[1, -1, 0, 139, 494]	[[263719/210, 332448383/210]]
"1962.a1"	1962	[1, -1, 0, -57, -143]	[[-4, 5]]
"1962.a2"	1962	[1, -1, 0, 3, -11]	[[5, 8]]
"1962.b1"	1962	[1, -1, 0, -504, -31424]	[[176, 2216]]
"1962.c1"	1962	[1, -1, 0, -18, -108]	[[12, 30]]
"1962.c2"	1962	[1, -1, 0, 162, 2808]	[[6, 60]]
"1968.b1"	1968	[0, -1, 0, -7024, 228928]	[[48, 8]]
"1968.b2"	1968	[0, -1, 0, -464, 3264]	[[-8, 80]]
"1968.b4"	1968	[0, -1, 0, 976, 18240]	[[10, 170]]
"1968.h2"	1968	[0, 1, 0, -424, -29260]	[[62, 432]]
"1970.a1"	1970	[1, -1, 0, -19, -27]	[[14, 41]]
"1970.a2"	1970	[1, -1, 0, 1, -95]	[[6, 7]]
"1970.b1"	1970	[1, 0, 0, -680, -6908]	[[32, 50]]
"1971.b1"	1971	[0, 0, 1, 27, 20]	[[0, 4]]
"1971.d1"	1971	[0, 0, 1, -54, -153]	[[9, 9]]
"1971.d2"	1971	[0, 0, 1, 6, -468]	[[1362/13, 21312/13]]
"1971.e1"	1971	[0, 0, 1, -486, 4124]	[[-87/2, 527/2]]
"1971.e2"	1971	[0, 0, 1, 54, 12629]	[[37, 255]]
"1971.g1"	1971	[0, 0, 1, 3, -1]	[[1/2, -3/2]]
"1974.b1"	1974	[1, 0, 1, -133451, -17161738]	[[-177, 1048]]
"1974.b2"	1974	[1, 0, 1, -28556, 1850906]	[[93, -5]]
"1974.b3"	1974	[1, 0, 1, -1116, 50842]	[[17, 183]]
"1974.b4"	1974	[1, 0, 1, 9909, -1277450]	[[491/2, 10215/2]]
"1974.c1"	1974	[1, 0, 1, -141, -644]	[[-7, 6]]
"1974.c2"	1974	[1, 0, 1, -1, -28]	[[7, 14]]
"1974.h1"	1974	[1, 0, 0, -1768704, 905232528]	[[1074, 15108]]
"1974.h2"	1974	[1, 0, 0, -255324, -29648892]	[[21056/5, 2295706/5]]
"1974.h3"	1974	[1, 0, 0, -111264, 13943664]	[[266, 1652]]
"1974.h4"	1974	[1, 0, 0, -110544, 14137344]	[[194, -46]]
"1974.h6"	1974	[1, 0, 0, 21276, 45143580]	[[-220/7, 2302910/7]]
"1974.i1"	1974	[1, 0, 0, -1614, -25026]	[[227/2, 1843/2]]
"1974.i2"	1974	[1, 0, 0, -1554, 23370]	[[461/4, 2417/4]]
"1974.i3"	1974	[1, 0, 0, -144, -36]	[[20, 62]]
"1975.a1"	1975	[0, -1, 1, -83, 693]	[[17, 62]]
"1975.b1"	1975	[0, 1, 1, -3, 4]	[[-2, 2]]
"1975.c2"	1975	[1, 0, 1, -1001, -13977]	[[2037/4, 84719/4]]
"1975.d3"	1975	[1, -1, 0, -3292, 73491]	[[1149/4, 26577/4]]
"1975.d4"	1975	[1, -1, 0, -167, 1616]	[[64, 468]]
"1975.f1"	1975	[0, 1, 1, -1258, 17019]	[[117/2, 621/2]]
"1975.f2"	1975	[0, 1, 1, 7492, -700481]	[[917/2, 28971/2]]
"1978.d1"	1978	[1, 0, 0, -93, 433]	[[6, 7]]
"1980.b1"	1980	[0, 0, 0, -543, -4858]	[[-13, 2]]
"1980.b2"	1980	[0, 0, 0, -48, -7]	[[-2, 9]]
"1980.c1"	1980	[0, 0, 0, -14007, 346606]	[[15, 374]]
"1980.c2"	1980	[0, 0, 0, -6447, -199226]	[[545/2, 9639/2]]
"1980.c3"	1980	[0, 0, 0, -372, -3611]	[[35, 162]]
"1980.c4"	1980	[0, 0, 0, 2868, 39481]	[[-10, 99]]
"1980.d1"	1980	[0, 0, 0, -3567, 81974]	[[43, 90]]
"1982.a1"	1982	[1, 1, 1, -12, 13]	[[1, 1]]
"1984.f1"	1984	[0, 0, 0, -21164, 1185072]	[[11704/9, 779660/9]]
"1984.f3"	1984	[0, 0, 0, -1324, 18480]	[[120, 1260]]
"1984.g1"	1984	[0, 0, 0, -21164, -1185072]	[[13874604/287, 4048997280/287]]
"1984.g3"	1984	[0, 0, 0, -1324, -18480]	[[5420/7, 373920/7]]
"1984.k1"	1984	[0, -1, 0, -1, 9]	[[0, 3]]
"1986.d1"	1986	[1, 0, 1, 5, 2]	[[1, 2]]
"1990.a1"	1990	[1, -1, 0, -49, -117]	[[9, 6]]
"1990.a2"	1990	[1, -1, 0, 1, -7]	[[4, 5]]
"1995.d2"	1995	[1, 0, 0, -10051, -324520]	[[-56, 280]]
"1995.d3"	1995	[1, 0, 0, -2926, 55955]	[[19, 76]]
"1995.d4"	1995	[1, 0, 0, 199, 4080]	[[69, 555]]
"1996.a1"	1996	[0, 0, 0, 4, -3]	[[3, 6]]
"1998.a1"	1998	[1, -1, 0, -6, -12]	[[4, 2]]
"1998.a2"	1998	[1, -1, 0, 54, 288]	[[-2, 14]]
"1998.c1"	1998	[1, -1, 0, 660, -21808]	[[31, 151]]
"1998.d1"	1998	[1, -1, 0, -15, 89]	[[4, 7]]
"1998.e1"	1998	[1, -1, 0, -24723, 1502433]	[[364/3, 19793/3]]
"1998.e2"	1998	[1, -1, 0, -303, 2157]	[[22, 65]]
"1998.e3"	1998	[1, -1, 0, 1362, 7892]	[[172, 2218]]
"1998.i1"	1998	[1, -1, 1, 73, 783]	[[27, 134]]
"2005.a1"	2005	[1, -1, 1, -7, 6]	[[0, 2]]
"2005.a2"	2005	[1, -1, 1, 18, 26]	[[5, 12]]
"2005.b1"	2005	[1, -1, 1, -53467, -4745166]	[[716197/44, 418555099/44]]
"2005.b2"	2005	[1, -1, 1, -3342, -73516]	[[1677/4, 50899/4]]
"2005.b3"	2005	[1, -1, 1, -3217, -79366]	[[738277/84, 472091159/84]]
"2006.b1"	2006	[1, 1, 0, 1003, -52883]	[[42, 235]]
"2006.d1"	2006	[1, -1, 0, -1232, -16340]	[[180, 2270]]
"2006.d2"	2006	[1, -1, 0, -1222, -16626]	[[1077/4, 26661/4]]
"2006.h1"	2006	[1, 1, 1, -12, -35]	[[7, 13]]
"2006.j1"	2006	[1, -1, 1, -630, 6239]	[[63/2, -13/2]]
"2006.j2"	2006	[1, -1, 1, -40, 103]	[[1, 7]]
"2010.b1"	2010	[1, 1, 0, -281067, 101322621]	[[717, 16044]]
"2010.c1"	2010	[1, 1, 0, -57, -189]	[[-5, 4]]
"2010.e2"	2010	[1, 0, 1, 727, -8044]	[[30, 187]]
"2010.h2"	2010	[1, 0, 0, 69, -315]	[[6, 15]]
"2010.i1"	2010	[1, 0, 0, -6466, -91324]	[[-52, 350]]
"2016.b1"	2016	[0, 0, 0, -3036, 64384]	[[29, 27]]
"2016.b3"	2016	[0, 0, 0, -201, 880]	[[12, 14]]
"2016.b4"	2016	[0, 0, 0, 429, 5290]	[[-6, 50]]
"2016.c1"	2016	[0, 0, 0, -7020, 226368]	[[46, 28]]
"2016.c2"	2016	[0, 0, 0, -405, 4104]	[[3, 54]]
"2016.d1"	2016	[0, 0, 0, -300, -1888]	[[-11, 9]]
"2016.d2"	2016	[0, 0, 0, 15, -124]	[[7, 18]]
"2016.e2"	2016	[0, 0, 0, 15, 16]	[[0, 4]]
"2016.h1"	2016	[0, 0, 0, -780, 8384]	[[13, 21]]
"2016.h2"	2016	[0, 0, 0, -45, 152]	[[-1, 14]]
"2016.i2"	2016	[0, 0, 0, 15, 124]	[[3, 14]]
"2016.l1"	2016	[0, 0, 0, -2019, -34918]	[[74, 470]]
"2016.l2"	2016	[0, 0, 0, -444, 3008]	[[4, 36]]
"2016.l3"	2016	[0, 0, 0, -129, -520]	[[20, 70]]
"2019.c1"	2019	[1, 0, 0, -158, -759]	[[-8, 7]]
"2019.c2"	2019	[1, 0, 0, -23, 24]	[[1, 1]]
"2020.a1"	2020	[0, 1, 0, -25, 0]	[[5, 5]]
"2020.a2"	2020	[0, 1, 0, 100, 100]	[[0, 10]]
"2020.b1"	2020	[0, 0, 0, -32, 69]	[[-1, 10]]
"2020.b2"	2020	[0, 0, 0, -7, 174]	[[1/2, 105/2]]
"2022.e1"	2022	[1, 1, 1, -28894, -1902325]	[[-881/3, 1399/3]]
"2022.e2"	2022	[1, 1, 1, -1934, -25909]	[[-23, 95]]
"2022.e3"	2022	[1, 1, 1, -654, 5835]	[[9, 23]]
"2022.e4"	2022	[1, 1, 1, 4546, -155509]	[[139, 1715]]
"2022.f1"	2022	[1, 1, 1, -1543, -23971]	[[-23, 12]]
"2022.f2"	2022	[1, 1, 1, -103, -355]	[[-7, 12]]
"2022.i1"	2022	[1, 0, 0, -1159, 15089]	[[20, -7]]
"2022.i2"	2022	[1, 0, 0, -79, 185]	[[2, 5]]
"2022.j1"	2022	[1, 0, 0, -65543, 6453129]	[[150, -27]]
"2022.j2"	2022	[1, 0, 0, -4103, 100233]	[[22, 133]]
"2025.a1"	2025	[0, 0, 1, -675, 5906]	[[-15, 112]]
"2025.c1"	2025	[0, 0, 1, -2700, -51469]	[[-35, 12]]
"2025.c2"	2025	[0, 0, 1, -450, 3656]	[[10, 12]]
"2025.d1"	2025	[0, 0, 1, -4050, -98719]	[[-35, 12]]
"2025.d2"	2025	[0, 0, 1, -300, 1906]	[[-10, 62]]
"2025.f1"	2025	[0, 0, 1, -75, -219]	[[-15/2, 21/2]]
"2030.a1"	2030	[1, -1, 0, -764, 8308]	[[19, 10]]
"2030.a2"	2030	[1, -1, 0, -644, -6100]	[[-14, 2]]
"2030.a3"	2030	[1, -1, 0, -64, 48]	[[-1, 11]]
"2030.a4"	2030	[1, -1, 0, 16, 0]	[[9, 24]]
"2032.c1"	2032	[0, 0, 0, -86699, -9825830]	[[13618807255/4641, 1371113113886270/4641]]
"2032.c2"	2032	[0, 0, 0, -6059, -114982]	[[-1571/5, 16592/5]]
"2032.c3"	2032	[0, 0, 0, -5419, -153510]	[[173623/17, 71774430/17]]
"2032.c4"	2032	[0, 0, 0, -299, -2982]	[[599, 14654]]
"2032.e1"	2032	[0, -1, 0, -128, 128]	[[-8, 24]]
"2032.e2"	2032	[0, -1, 0, 32, 0]	[[18, 78]]
"2037.a1"	2037	[0, -1, 1, -190, 1074]	[[9, 3]]
"2037.b1"	2037	[1, 1, 1, -90, -354]	[[-6, 6]]
"2037.b2"	2037	[1, 1, 1, 45, -1164]	[[21, 87]]
"2040.c1"	2040	[0, -1, 0, -1096, -13604]	[[81, 650]]
"2040.c2"	2040	[0, -1, 0, -76, -140]	[[-6, 8]]
"2040.c3"	2040	[0, -1, 0, -31, 76]	[[3, 1]]
"2040.c4"	2040	[0, -1, 0, 224, -1220]	[[9, 38]]
"2040.f1"	2040	[0, -1, 0, -4000, -27140]	[[-43, 252]]
"2040.f2"	2040	[0, -1, 0, -2300, 42900]	[[25, 20]]
"2040.f3"	2040	[0, -1, 0, -2295, 43092]	[[92, 776]]
"2040.f4"	2040	[0, -1, 0, -680, 100572]	[[17, 306]]
"2040.k1"	2040	[0, 1, 0, -1816, -30400]	[[56, 216]]
"2040.k2"	2040	[0, 1, 0, -416, 2640]	[[24, 84]]
"2040.k3"	2040	[0, 1, 0, -116, -480]	[[-6, 6]]
"2040.k4"	2040	[0, 1, 0, 9, -30]	[[11, 39]]
"2046.a2"	2046	[1, 1, 0, 248, 310]	[[7, 46]]
"2046.b1"	2046	[1, 1, 0, 4, 24]	[[-1, 5]]
"2046.c2"	2046	[1, 1, 0, -35305, 3888997]	[[113, 1109]]
"2046.d1"	2046	[1, 1, 0, -59009, 5493237]	[[161, 365]]
"2046.e2"	2046	[1, 0, 1, -172, 746]	[[1, 23]]
"2046.h1"	2046	[1, 0, 0, -102969, -2474631]	[[-36, 1107]]
"2046.h2"	2046	[1, 0, 0, -63289, 6088313]	[[92, 977]]
"2050.e1"	2050	[1, -1, 1, -5355, 152147]	[[49, 50]]
"2052.a1"	2052	[0, 0, 0, 9, 14]	[[-1, 2]]
"2052.b1"	2052	[0, 0, 0, 81, -378]	[[6, 18]]
"2056.c1"	2056	[0, 0, 0, -83, -290]	[[195, 2720]]
"2056.c2"	2056	[0, 0, 0, -43, -570]	[[4874/5, 340068/5]]
"2056.e1"	2056	[0, -1, 0, -128, 44]	[[-35/3, 584/3]]
"2056.e2"	2056	[0, -1, 0, -88, 348]	[[-3, 24]]
"2060.a1"	2060	[0, 1, 0, -1, 4]	[[0, 2]]
"2062.a1"	2062	[1, -1, 0, -137, 653]	[[7, -3]]
"2062.b1"	2062	[1, 1, 1, 5, 1]	[[1, 2]]
"2064.e1"	2064	[0, -1, 0, -3912, -91728]	[[-326/3, 910/3]]
"2064.e2"	2064	[0, -1, 0, -472, 1840]	[[2, 30]]
"2064.e3"	2064	[0, -1, 0, -392, 3120]	[[4, 40]]
"2064.e4"	2064	[0, -1, 0, 1688, 12208]	[[218, 3270]]
"2064.i1"	2064	[0, 1, 0, -30664, -2073484]	[[-100, 54]]
"2064.i2"	2064	[0, 1, 0, -20424, -3470220]	[[222, 1728]]
"2068.a1"	2068	[0, 1, 0, -2188, -40140]	[[405/2, 7095/2]]
"2068.b1"	2068	[0, 1, 0, -9581, -364177]	[[113, 94]]
"2070.b1"	2070	[1, -1, 0, -993600, -380962764]	[[2847, 139503]]
"2070.b2"	2070	[1, -1, 0, -232470, 37012950]	[[-105, 7815]]
"2070.b3"	2070	[1, -1, 0, -63720, -5613300]	[[-177, 399]]
"2070.b4"	2070	[1, -1, 0, -62100, -5940864]	[[363, 4206]]
"2070.b5"	2070	[1, -1, 0, -3780, -97200]	[[120, 1020]]
"2070.b6"	2070	[1, -1, 0, 79110, -27294894]	[[237, 2055]]
"2070.c2"	2070	[1, -1, 0, -2205, 40581]	[[15, 96]]
"2070.e2"	2070	[1, -1, 0, 36, -752]	[[17, 59]]
"2070.g1"	2070	[1, -1, 0, -7074, 160380]	[[81, 297]]
"2070.i2"	2070	[1, -1, 0, -62829, -7673947]	[[367, 4129]]
"2070.l1"	2070	[1, -1, 1, -1883, -30069]	[[-27, 36]]
"2070.l2"	2070	[1, -1, 1, 37, -1653]	[[15, 38]]
"2070.m1"	2070	[1, -1, 1, -13253, 590537]	[[67, -30]]
"2070.m2"	2070	[1, -1, 1, -833, 9281]	[[21, 16]]
"2070.m4"	2070	[1, -1, 1, 67, 27641]	[[-9, 166]]
"2070.p1"	2070	[1, -1, 1, -35372, -2273129]	[[-89, 449]]
"2070.p2"	2070	[1, -1, 1, -34292, -2435561]	[[379, 6047]]
"2070.p3"	2070	[1, -1, 1, -8372, 296471]	[[49, 21]]
"2070.q2"	2070	[1, -1, 1, 1543, 54681]	[[11, 264]]
"2072.c1"	2072	[0, 0, 0, -10, 9]	[[0, 3]]
"2072.c2"	2072	[0, 0, 0, 25, 58]	[[7, 24]]
"2072.e1"	2072	[0, -1, 0, -1464, -20596]	[[10765/6, 1105417/6]]
"2074.a1"	2074	[1, 0, 1, -1317, -18496]	[[79, 570]]
"2074.a2"	2074	[1, 0, 1, -1297, -19080]	[[57, 276]]
"2076.b1"	2076	[0, 1, 0, 10, -3]	[[1, 3]]
"2077.b1"	2077	[0, 1, 1, -130, 525]	[[21/2, 27/2]]
"2079.a1"	2079	[0, 0, 1, -1917, -28546]	[[-21, 49]]
"2079.c1"	2079	[0, 0, 1, -12, 14]	[[-2, 5]]
"2082.a1"	2082	[1, 0, 1, -118, 584]	[[13, 29]]
"2090.a1"	2090	[1, -1, 0, -3801610, 3306953716]	[[2353, 84761]]
"2090.b1"	2090	[1, 0, 1, -1239, -10438]	[[-17, 84]]
"2090.b2"	2090	[1, 0, 1, -524, 4566]	[[11, 7]]
"2090.b3"	2090	[1, 0, 1, -474, 5486]	[[16, 37]]
"2090.b4"	2090	[1, 0, 1, 3761, -72438]	[[70, 696]]
"2090.e2"	2090	[1, -1, 0, 35, -75]	[[6, 15]]
"2090.f1"	2090	[1, -1, 0, -23474, 1390180]	[[91, -8]]
"2090.f2"	2090	[1, -1, 0, -1474, 21780]	[[1, 142]]
"2090.f3"	2090	[1, -1, 0, -194, -492]	[[-3, 9]]
"2090.h1"	2090	[1, 1, 0, -633, -3103]	[[-16, 65]]
"2090.h2"	2090	[1, 1, 0, -533, -4963]	[[31, 82]]
"2090.j1"	2090	[1, 0, 0, -431, -3479]	[[-12, 7]]
"2090.j2"	2090	[1, 0, 0, -31, -39]	[[-4, 7]]
"2100.k2"	2100	[0, 1, 0, -13508, 701988]	[[-32, 1050]]
"2100.o2"	2100	[0, 1, 0, 3842, 4013]	[[89, 1029]]
"2108.a1"	2108	[0, 1, 0, -218, 1169]	[[-7, 49]]
"2110.a1"	2110	[1, 1, 0, -12, 16]	[[0, 4]]
"2110.b1"	2110	[1, 1, 0, 13, -71]	[[8, 21]]
"2110.c1"	2110	[1, 0, 1, -152413, -22918664]	[[37990723/33, 233521204478/33]]
"2110.c2"	2110	[1, 0, 1, -63, 3906]	[[15, 72]]
"2110.c3"	2110	[1, 0, 1, 562, -105344]	[[34885, 6498237]]
"2112.c1"	2112	[0, -1, 0, -49, -47]	[[-3, 8]]
"2112.c2"	2112	[0, -1, 0, 11, -11]	[[4, 9]]
"2112.d1"	2112	[0, -1, 0, -1889, -30975]	[[56, 189]]
"2112.d2"	2112	[0, -1, 0, -129, -351]	[[-5, 12]]
"2112.d4"	2112	[0, -1, 0, 351, -2751]	[[43, 300]]
"2112.g1"	2112	[0, -1, 0, -393, -2871]	[[25, 48]]
"2112.g2"	2112	[0, -1, 0, -353, -3519]	[[45, 264]]
"2112.j1"	2112	[0, -1, 0, -9377, -346047]	[[141, 1056]]
"2112.j2"	2112	[0, -1, 0, -737, -2175]	[[-21, 60]]
"2112.j4"	2112	[0, -1, 0, 2783, -19775]	[[163/3, 5140/3]]
"2112.n1"	2112	[0, -1, 0, -644161, -198779327]	[[688259289/595, 16170174629888/595]]
"2112.p2"	2112	[0, 1, 0, -31905, 2222559]	[[-9, 1584]]
"2112.r1"	2112	[0, 1, 0, -22529, -1309089]	[[2253/2, 102765/2]]
"2112.r2"	2112	[0, 1, 0, -1409, -20769]	[[555, 13056]]
"2112.t1"	2112	[0, 1, 0, -5169, 141327]	[[39, 24]]
"2112.t2"	2112	[0, 1, 0, -309, 2331]	[[6, 27]]
"2112.y1"	2112	[0, 1, 0, -2817, -58497]	[[194, 2595]]
"2112.y2"	2112	[0, 1, 0, -417, 1887]	[[-1, 48]]
"2112.y3"	2112	[0, 1, 0, -177, -945]	[[18, 45]]
"2112.y4"	2112	[0, 1, 0, 3, -45]	[[6, 15]]
"2114.a1"	2114	[1, 1, 0, -79, 677]	[[1, 24]]
"2114.b1"	2114	[1, 1, 0, -85925, 7941773]	[[6468001/15, 16400586679/15]]
"2114.c1"	2114	[1, 1, 0, -1610, 24206]	[[7, 112]]
"2114.d2"	2114	[1, -1, 1, -3810, 13025]	[[1, 95]]
"2116.d1"	2116	[0, 1, 0, -9698, 446045]	[[733/3, 12167/3]]
"2118.f1"	2118	[1, 0, 0, 8, -16]	[[2, 2]]
"2130.b1"	2130	[1, 1, 0, -733, 6493]	[[-7, 110]]
"2130.d2"	2130	[1, 0, 1, -59, 182]	[[3, 4]]
"2130.f1"	2130	[1, 0, 1, -24575999, -46895788078]	[[511483779/154, 11190843895195/154]]
"2130.f2"	2130	[1, 0, 1, -1535999, -732844078]	[[325851/14, 97006421/14]]
"2130.f3"	2130	[1, 0, 1, -303584, -64272994]	[[1416, 47722]]
"2130.f4"	2130	[1, 0, 1, -11984, -1753954]	[[201, 1891]]
"2130.h2"	2130	[1, 1, 1, -91, 809]	[[-1, 30]]
"2130.i1"	2130	[1, 1, 1, -251, -1501]	[[71/2, -25/2]]
"2130.j1"	2130	[1, 1, 1, -136320, 19315785]	[[215, -51]]
"2130.j2"	2130	[1, 1, 1, -8720, 284105]	[[75, 205]]
"2130.j3"	2130	[1, 1, 1, -8520, 299145]	[[55, -1]]
"2130.l1"	2130	[1, 1, 1, -194505, -33098523]	[[8237/4, 103929/4]]
"2130.l2"	2130	[1, 1, 1, -30005, 1284077]	[[10687/6, 900601/6]]
"2130.l3"	2130	[1, 1, 1, -12255, -512223]	[[287, 4296]]
"2130.l4"	2130	[1, 1, 1, 245, -27223]	[[37, 166]]
"2135.b1"	2135	[1, 0, 0, -3955, 95400]	[[35, -5]]
"2135.b2"	2135	[1, 0, 0, -3710, 107797]	[[-41, 458]]
"2135.d1"	2135	[0, 1, 1, -4891, 130040]	[[4, 332]]
"2135.d2"	2135	[0, 1, 1, -4781, 136281]	[[-63, 437]]
"2135.d3"	2135	[0, 1, 1, 29379, -108390]	[[6361/12, 1952261/12]]
"2135.e1"	2135	[1, 1, 0, -423, -1442]	[[214, 3018]]
"2135.f1"	2135	[1, 1, 0, -142, -681]	[[-33/2, 3/2]]
"2135.f2"	2135	[1, 1, 0, 103, -2494]	[[22, 94]]
"2139.c1"	2139	[1, 1, 0, -495, -4452]	[[523/2, 11309/2]]
"2139.c2"	2139	[1, 1, 0, -30, -81]	[[130, 1423]]
"2139.e1"	2139	[1, 0, 1, -127, 215]	[[-5, 29]]
"2139.e2"	2139	[1, 0, 1, 28, 29]	[[3, 10]]
"2142.c1"	2142	[1, -1, 0, -4758, 127466]	[[43, 10]]
"2142.c2"	2142	[1, -1, 0, -348, 1340]	[[1, 31]]
"2142.c3"	2142	[1, -1, 0, -168, -784]	[[-7, 7]]
"2142.c4"	2142	[1, -1, 0, 1182, 8990]	[[5, 120]]
"2142.d1"	2142	[1, -1, 0, -252, -122]	[[-3, 26]]
"2142.d2"	2142	[1, -1, 0, -162, 832]	[[6, 4]]
"2142.h1"	2142	[1, -1, 0, -123467436, 528082919464]	[[162581/5, 1117864/5]]
"2142.h2"	2142	[1, -1, 0, -7731396, 8219774992]	[[992, 38564]]
"2142.h3"	2142	[1, -1, 0, -2633436, 18893883640]	[[3015, 194335]]
"2142.h4"	2142	[1, -1, 0, -816516, -71166128]	[[-513, 14834]]
"2142.h5"	2142	[1, -1, 0, -632196, -193075376]	[[-447, -4]]
"2142.h6"	2142	[1, -1, 0, 3149244, -562127216]	[[6608, 552356]]
"2142.l1"	2142	[1, -1, 1, -1157, 3165]	[[41, 132]]
"2142.l2"	2142	[1, -1, 1, 283, 285]	[[3, 32]]
"2144.a1"	2144	[0, 1, 0, -13, 27]	[[1, 4]]
"2146.c1"	2146	[1, 0, 0, -14, 20]	[[2, 0]]
"2148.b1"	2148	[0, -1, 0, -117, -2511]	[[63, 486]]
"2150.a1"	2150	[1, -1, 0, 83, -59]	[[5, 19]]
"2150.l1"	2150	[1, 1, 1, -368, 2841]	[[-21, 53]]
"2154.c1"	2154	[1, 1, 0, -24, -30]	[[5, 0]]
"2154.g1"	2154	[1, 0, 0, -2087, -36819]	[[-26, 7]]
"2154.g2"	2154	[1, 0, 0, -107, 369]	[[4, 1]]
"2154.i1"	2154	[1, 0, 0, -16710, -775836]	[[-84, 234]]
"2156.a1"	2156	[0, -1, 0, -3789, 91561]	[[40, 49]]
"2156.a2"	2156	[0, -1, 0, 131, 617]	[[19, 98]]
"2160.b2"	2160	[0, 0, 0, 117, 6458]	[[101, 1024]]
"2160.c1"	2160	[0, 0, 0, -33, -73]	[[14, 47]]
"2160.o1"	2160	[0, 0, 0, -297, 1971]	[[10, 1]]
"2160.p1"	2160	[0, 0, 0, -27, 74]	[[5, 8]]
"2160.s1"	2160	[0, 0, 0, -72, 236]	[[2, 10]]
"2160.u1"	2160	[0, 0, 0, 33, -151]	[[8, 25]]
"2161.a1"	2161	[1, -1, 0, 1, 2]	[[2, 2]]
"2163.a1"	2163	[1, 0, 0, -1810, -29779]	[[-25, 14]]
"2163.a2"	2163	[1, 0, 0, -95, -624]	[[13, 13]]
"2163.c1"	2163	[1, 0, 0, -3847, 91520]	[[29, 53]]
"2163.c2"	2163	[1, 0, 0, -557, -3078]	[[-14, 52]]
"2163.c3"	2163	[1, 0, 0, -242, 1395]	[[7, 4]]
"2163.c4"	2163	[1, 0, 0, 3, 72]	[[21, 87]]
"2166.d1"	2166	[1, 0, 1, -31606280, 68389818806]	[[81156/5, -196894/5]]
"2166.d2"	2166	[1, 0, 1, -1975400, 1068459446]	[[777, 1291]]
"2170.a1"	2170	[1, 0, 1, -59, 96]	[[8, 8]]
"2170.d1"	2170	[1, 0, 1, -21269, -1195424]	[[-3005/6, 7457/6]]
"2170.d2"	2170	[1, 0, 1, -654, 4152]	[[-12, 107]]
"2170.d3"	2170	[1, 0, 1, -589, 5446]	[[640/9, 23093/9]]
"2170.j2"	2170	[1, 0, 0, -2716, 176400]	[[28, 336]]
"2170.l1"	2170	[1, 1, 1, -5149395, -4499762135]	[[-11795/3, 17680/3]]
"2170.m1"	2170	[1, -1, 1, -41193, 3225737]	[[107, 132]]
"2172.a1"	2172	[0, -1, 0, -204, -792]	[[-19/2, 55/2]]
"2172.a2"	2172	[0, -1, 0, -69, 234]	[[2, 10]]
"2178.b1"	2178	[1, -1, 0, -87687, -9934083]	[[1246, 41969]]
"2178.b3"	2178	[1, -1, 0, -6012, 170748]	[[58, 92]]
"2178.b4"	2178	[1, -1, 0, 4878, 713070]	[[-41, 686]]
"2178.h1"	2178	[1, -1, 1, -1115885, 453986965]	[[641, 1010]]
"2178.h2"	2178	[1, -1, 1, -70445, 6956821]	[[47, 1912]]
"2178.h3"	2178	[1, -1, 1, -17810, 233093]	[[201, 2077]]
"2178.h4"	2178	[1, -1, 1, -10550, -411595]	[[531, 11713]]
"2178.i1"	2178	[1, -1, 1, -4280, 108771]	[[47, 75]]
"2178.i2"	2178	[1, -1, 1, -320, 1059]	[[-7, 57]]
"2185.b1"	2185	[1, 1, 0, -3, 2]	[[2, 2]]
"2190.a1"	2190	[1, 1, 0, -1133, -20913]	[[389, 7460]]
"2190.c1"	2190	[1, 1, 0, -537, 4581]	[[15, 6]]
"2190.d1"	2190	[1, 0, 1, -18494, -969808]	[[205739/14, 91063785/14]]
"2190.d3"	2190	[1, 0, 1, 121, -4894]	[[1046, 33312]]
"2190.e1"	2190	[1, 0, 1, -3543, -65444]	[[-40, 132]]
"2190.e2"	2190	[1, 0, 1, -1113, 13288]	[[14, 15]]
"2190.h1"	2190	[1, 1, 1, 59, 203]	[[-1, 12]]
"2190.j1"	2190	[1, 1, 1, -15146, -231307]	[[-1013/6, 92923/6]]
"2190.j2"	2190	[1, 1, 1, -8576, 299549]	[[147/2, 1361/2]]
"2190.j3"	2190	[1, 1, 1, -8556, 301053]	[[37, 173]]
"2190.k2"	2190	[1, 1, 1, 90, 315]	[[3, 23]]
"2190.m1"	2190	[1, 1, 1, 406710, 668247]	[[5257, 381371]]
"2190.n1"	2190	[1, 0, 0, -4646, 121476]	[[46, 52]]
"2192.c1"	2192	[0, 0, 0, 13, 18]	[[-1, 2]]
"2192.d1"	2192	[0, -1, 0, -112, -576]	[[18, 54]]
"2192.f1"	2192	[0, -1, 0, -88, 144]	[[0, 12]]
"2192.f2"	2192	[0, -1, 0, -48, -112]	[[14, 42]]
"2196.a1"	2196	[0, 0, 0, -156, -655]	[[-8, 9]]
"2196.a2"	2196	[0, 0, 0, 249, -3490]	[[19, 90]]
"2196.c1"	2196	[0, 0, 0, -975, 11718]	[[6, 78]]
"2196.c2"	2196	[0, 0, 0, -60, 189]	[[3, 6]]
"2196.d1"	2196	[0, 0, 0, -8775, -316386]	[[115, 442]]
"2196.d2"	2196	[0, 0, 0, -540, -5103]	[[54, 351]]
"2196.e1"	2196	[0, 0, 0, -1479, 20878]	[[14, 54]]
"2196.e2"	2196	[0, 0, 0, -264, -1235]	[[35, 180]]
"2200.b2"	2200	[0, 1, 0, 292, -2912]	[[24, 136]]
"2200.c2"	2200	[0, 1, 0, -5083, -141162]	[[-41, 1]]
"2202.a1"	2202	[1, 0, 1, -172830, -27669488]	[[-294131/35, 5128927/35]]
"2202.a2"	2202	[1, 0, 1, -2175, -36590]	[[-25, 60]]
"2202.a3"	2202	[1, 0, 1, -420, 3262]	[[5, 33]]
"2204.a1"	2204	[0, 0, 0, 17, -74]	[[11, 38]]
"2205.c1"	2205	[1, -1, 1, -167, 634]	[[2, 16]]
"2205.c2"	2205	[1, -1, 1, -62, -164]	[[-4, 4]]
"2205.f1"	2205	[0, 0, 1, -90552, 10509777]	[[197, 562]]
"2205.h1"	2205	[1, -1, 0, -73509, 5506388]	[[52, 1324]]
"2205.h2"	2205	[1, -1, 0, -27204, -1652365]	[[-94, 307]]
"2208.a1"	2208	[0, -1, 0, -24, 24]	[[5, 2]]
"2208.a2"	2208	[0, -1, 0, 6, 0]	[[2, 4]]
"2208.b1"	2208	[0, -1, 0, -88, 340]	[[4, 6]]
"2208.b2"	2208	[0, -1, 0, 2, 16]	[[0, 4]]
"2208.d1"	2208	[0, -1, 0, -19272, 829080]	[[2165, 100510]]
"2208.d2"	2208	[0, -1, 0, 2598, 76752]	[[-22, 92]]
"2208.g1"	2208	[0, 1, 0, -113, -321]	[[-5, 12]]
"2208.g2"	2208	[0, 1, 0, 22, -24]	[[4, 12]]
"2208.h1"	2208	[0, 1, 0, -88, -340]	[[11, 12]]
"2208.h2"	2208	[0, 1, 0, 2, -16]	[[5, 12]]
"2211.c1"	2211	[0, 1, 1, -15837, -773128]	[[203261/10, 91481209/10]]
"2211.c3"	2211	[0, 1, 1, 243, -4705]	[[2031, 91555]]
"2211.d1"	2211	[1, 1, 0, -440, 3009]	[[8, 5]]
"2211.d2"	2211	[1, 1, 0, -105, -408]	[[-68/3, -34/3]]
"2214.b1"	2214	[1, -1, 0, -45, 157]	[[9, 16]]
"2221.a1"	2221	[0, -1, 1, -11, 18]	[[2, 0]]
"2222.b1"	2222	[1, 0, 0, 2, -60]	[[8, 18]]
"2226.b1"	2226	[1, 1, 0, -17059, 836437]	[[389, 7103]]
"2226.b2"	2226	[1, 1, 0, -2219, -21315]	[[-35, 140]]
"2226.b3"	2226	[1, 1, 0, -1899, -32643]	[[-1249/7, 3144/7]]
"2226.b4"	2226	[1, 1, 0, 7501, -147675]	[[1069/5, 60268/5]]
"2226.c1"	2226	[1, 1, 0, -119, 297]	[[-4, 29]]
"2226.c2"	2226	[1, 1, 0, 21, 45]	[[2, 9]]
"2226.i1"	2226	[1, 1, 1, 2710, -89737]	[[561, 13075]]
"2230.e1"	2230	[1, 0, 0, -51991, -4567229]	[[-67155941/714, 24144458087/714]]
"2230.e2"	2230	[1, 0, 0, -701, -5095]	[[-80/3, 695/3]]
"2232.c1"	2232	[0, 0, 0, -3, -29]	[[5, 9]]
"2232.e1"	2232	[0, 0, 0, -270, 1701]	[[10, 1]]
"2232.e2"	2232	[0, 0, 0, -135, 3402]	[[9, 54]]
"2232.i1"	2232	[0, 0, 0, -8139, -226730]	[[-45, 220]]
"2232.i2"	2232	[0, 0, 0, -2559, 46690]	[[17, 90]]
"2232.i3"	2232	[0, 0, 0, -2514, 48517]	[[54, 265]]
"2232.i4"	2232	[0, 0, 0, 2301, 203182]	[[179, 2520]]
"2233.b1"	2233	[0, 1, 1, -63, 271]	[[31, 170]]
"2233.b2"	2233	[0, 1, 1, 517, -4340]	[[278, 4658]]
"2235.a1"	2235	[0, 1, 1, -3470, -94654]	[[381/2, 5351/2]]
"2235.a2"	2235	[0, 1, 1, -20, 506]	[[0, 22]]
"2235.b1"	2235	[1, 1, 1, -15045, 125850]	[[-1699/5, 118761/5]]
"2235.b2"	2235	[1, 1, 1, -11320, 458120]	[[-62, 993]]
"2235.b3"	2235	[1, 1, 1, -11315, 458552]	[[6014/7, 310897/7]]
"2235.b4"	2235	[1, 1, 1, -7675, 762842]	[[32, 726]]
"2235.d2"	2235	[1, 1, 0, -447, -3816]	[[18413/4, 2462649/4]]
"2235.d3"	2235	[1, 1, 0, -222, -7371]	[[290159/110, 40727457/110]]
"2235.d4"	2235	[1, 1, 0, -42, -9]	[[-1/2, 11/2]]
"2240.b1"	2240	[0, 0, 0, 2, -2]	[[1, 1]]
"2240.m1"	2240	[0, 0, 0, -52268, -4599408]	[[444, 7728]]
"2240.m2"	2240	[0, 0, 0, -4268, -24208]	[[-58, 168]]
"2240.m3"	2240	[0, 0, 0, -3268, -71808]	[[94, 672]]
"2240.m4"	2240	[0, 0, 0, -143, -1808]	[[208/3, 2296/3]]
"2240.p1"	2240	[0, 0, 0, -332, -2256]	[[-10, 8]]
"2240.p2"	2240	[0, 0, 0, -52, 96]	[[-3, 15]]
"2240.p3"	2240	[0, 0, 0, -47, 124]	[[25/2, 69/2]]
"2240.p4"	2240	[0, 0, 0, 148, 656]	[[5, 39]]
"2244.c1"	2244	[0, 1, 0, -32493, -2265345]	[[210, 465]]
"2254.b2"	2254	[1, 0, 1, -215, 1194]	[[6, 8]]
"2254.c2"	2254	[1, -1, 0, -499, 5109]	[[6, 45]]
"2254.d1"	2254	[1, -1, 0, -11671, -480873]	[[151, 1012]]
"2254.d2"	2254	[1, -1, 0, -401, -14295]	[[53, 307]]
"2254.e1"	2254	[1, 1, 0, -168291, -26643175]	[[161833/9, 62897192/9]]
"2254.e2"	2254	[1, 1, 0, -10511, -420139]	[[1981, 87088]]
"2256.b1"	2256	[0, -1, 0, -517, 4681]	[[-15, 94]]
"2256.b2"	2256	[0, -1, 0, -37, -71]	[[-3, 2]]
"2256.d1"	2256	[0, -1, 0, -81, -243]	[[-4, 1]]
"2256.g1"	2256	[0, -1, 0, -12032, -504000]	[[1162, 39410]]
"2256.g2"	2256	[0, -1, 0, -992, -2112]	[[874/5, 8582/5]]
"2256.g3"	2256	[0, -1, 0, -752, -7680]	[[34, 70]]
"2256.h1"	2256	[0, 1, 0, -4080, -101676]	[[404, 8022]]
"2256.j1"	2256	[0, 1, 0, -221, 1191]	[[7, 6]]
"2256.l1"	2256	[0, 1, 0, -2288, 41364]	[[28, 6]]
"2259.b1"	2259	[0, 0, 1, -84, -630]	[[26, 121]]
"2259.b2"	2259	[0, 0, 1, 726, 13545]	[[17, 175]]
"2261.a1"	2261	[1, 1, 1, -844, -9788]	[[322/3, 1831/3]]
"2261.a2"	2261	[1, 1, 1, -749, -11954]	[[989, 30615]]
"2261.b2"	2261	[0, 1, 1, -57, 147]	[[3, 3]]
"2261.d1"	2261	[0, 1, 1, -2413, -46479]	[[57, 66]]
"2261.d2"	2261	[0, 1, 1, 37, -272]	[[436/3, 9244/3]]
"2265.c2"	2265	[1, 1, 1, 145, -148]	[[2, 11]]
"2265.d1"	2265	[1, 1, 1, -261605, 51488552]	[[1532, 56236]]
"2265.e1"	2265	[1, 0, 0, -1185, 11322]	[[9, 33]]
"2265.e2"	2265	[1, 0, 0, -430, -3325]	[[-13, 17]]
"2265.e3"	2265	[1, 0, 0, -425, -3408]	[[37, 160]]
"2265.e4"	2265	[1, 0, 0, 245, -12640]	[[32, 152]]
"2265.f1"	2265	[0, 1, 1, -121, 475]	[[7, 4]]
"2265.g1"	2265	[1, 1, 0, 3, 6]	[[2, 4]]
"2268.b1"	2268	[0, 0, 0, -405, -3159]	[[256/3, 2465/3]]
"2268.b2"	2268	[0, 0, 0, 15, -23]	[[9, 29]]
"2268.c1"	2268	[0, 0, 0, -45, 117]	[[4, 1]]
"2268.c2"	2268	[0, 0, 0, 135, 621]	[[12, 63]]
"2269.a1"	2269	[0, 0, 1, -7, -7]	[[-7/2, -1/2]]
"2272.a1"	2272	[0, 0, 0, -91, 334]	[[5, 2]]
"2277.b1"	2277	[1, -1, 0, -837936, 295442235]	[[3015/2, 73575/2]]
"2277.b2"	2277	[1, -1, 0, -52371, 4626072]	[[564, 12138]]
"2277.b3"	2277	[1, -1, 0, -50886, 4899609]	[[168, 951]]
"2277.b4"	2277	[1, -1, 0, -12681, -473526]	[[16011/10, 1177461/10]]
"2277.b5"	2277	[1, -1, 0, -3366, 68607]	[[243/2, 2097/2]]
"2277.b6"	2277	[1, -1, 0, 279, 5184]	[[0, 72]]
"2280.a1"	2280	[0, -1, 0, -30400, 2050300]	[[105, 70]]
"2280.a3"	2280	[0, -1, 0, -1900, 32500]	[[30, 40]]
"2280.a4"	2280	[0, -1, 0, -95, 732]	[[4, 20]]
"2280.f1"	2280	[0, 1, 0, -101576, -12494160]	[[1111, 35316]]
"2280.f2"	2280	[0, 1, 0, -27096, 1525104]	[[135, 588]]
"2280.f3"	2280	[0, 1, 0, -6576, -182160]	[[-36, 96]]
"2280.g1"	2280	[0, 1, 0, -360, -2592]	[[-12, 12]]
"2280.g2"	2280	[0, 1, 0, 20, -160]	[[8, 24]]
"2282.b1"	2282	[1, -1, 1, 152, 43]	[[1, 13]]
"2286.b1"	2286	[1, -1, 0, -1863, 31421]	[[25, -11]]
"2286.c1"	2286	[1, -1, 0, -26802, 1695654]	[[105, 123]]
"2286.c2"	2286	[1, -1, 0, -72, 5832]	[[51, 339]]
"2286.e1"	2286	[1, -1, 0, -189, -923]	[[-7, 8]]
"2286.h1"	2286	[1, -1, 0, -219888, 39742218]	[[69621/19, 13857315/19]]
"2286.h2"	2286	[1, -1, 0, -2718, 54972]	[[-33, 345]]
"2286.h3"	2286	[1, -1, 0, -198, -972]	[[-9, 9]]
"2286.j1"	2286	[1, -1, 1, -50, 209]	[[3, 7]]
"2289.b1"	2289	[1, 0, 0, -4057, 28202]	[[-67, 53]]
"2289.b2"	2289	[1, 0, 0, -2342, -43485]	[[57937, 13916554]]
"2289.b3"	2289	[1, 0, 0, -2337, -43680]	[[3258949/15, 5858812877/15]]
"2289.b4"	2289	[1, 0, 0, -707, -102672]	[[1972624/195, 34588328/195]]
"2289.c1"	2289	[1, 1, 0, -4069, -101618]	[[161839/30, 58077353/30]]
"2289.c2"	2289	[1, 1, 0, -359, -300]	[[700, 18180]]
"2289.c3"	2289	[1, 1, 0, -254, -1665]	[[823/6, 13001/6]]
"2289.c4"	2289	[1, 1, 0, -9, -48]	[[79/2, 635/2]]
"2289.d1"	2289	[1, 0, 1, -31, 47]	[[-5, 11]]
"2290.a1"	2290	[1, 0, 1, -19, -18]	[[-2, 4]]
"2290.a2"	2290	[1, 0, 1, 61, -114]	[[3, 8]]
"2290.c1"	2290	[1, 1, 1, -3280, -186795]	[[685/3, 1885/3]]
"2295.b1"	2295	[0, 0, 1, -78, 279]	[[9, 17]]
"2295.c2"	2295	[0, 0, 1, 1302, 3528]	[[6, 107]]
"2295.g2"	2295	[0, 0, 1, 11718, -95263]	[[145/2, 4909/2]]
"2295.i1"	2295	[0, 0, 1, -111057102, -450471809815]	[[3230721937/442, 129103745620251/442]]
"2295.i2"	2295	[0, 0, 1, -1369602, -619325440]	[[18057/2, 2335001/2]]
"2298.a1"	2298	[1, 1, 0, -3591, 91125]	[[27, 108]]
"2298.f1"	2298	[1, 0, 0, -24, -6]	[[35/2, 139/2]]
"2298.h1"	2298	[1, 0, 0, -49024, 4173848]	[[1162/3, -1022/3]]
"2298.h2"	2298	[1, 0, 0, -3184, 59624]	[[46, 82]]
"2298.h3"	2298	[1, 0, 0, -3064, 65024]	[[34, 4]]
"2299.d1"	2299	[0, 0, 1, 1331, -40263]	[[121/2, 1327/2]]
"2300.b1"	2300	[0, 1, 0, -1108, -14412]	[[-21, 6]]
"2300.b2"	2300	[0, 1, 0, -108, 388]	[[4, 6]]
"2300.e1"	2300	[0, 0, 0, -200, -1500]	[[20, 50]]
"2300.f1"	2300	[0, 1, 0, -258, 1613]	[[13, 25]]
"2304.a1"	2304	[0, 0, 0, -72, 0]	[[9, 9]]
"2304.a2"	2304	[0, 0, 0, 18, 0]	[[3, 9]]
"2304.b1"	2304	[0, 0, 0, -5826, -171160]	[[103, 567]]
"2304.b3"	2304	[0, 0, 0, -66, 200]	[[7, 9]]
"2304.b4"	2304	[0, 0, 0, 24, 704]	[[1, 27]]
"2304.c1"	2304	[0, 0, 0, -6, 0]	[[3, 3]]
"2304.c2"	2304	[0, 0, 0, 24, 0]	[[1, 5]]
"2304.g1"	2304	[0, 0, 0, -840, -9344]	[[65, 459]]
"2304.g2"	2304	[0, 0, 0, -30, -272]	[[11, 27]]
"2304.h1"	2304	[0, 0, 0, -120, -448]	[[-7, 7]]
"2304.l1"	2304	[0, 0, 0, -23304, -1369280]	[[10817/7, 706635/7]]
"2304.l2"	2304	[0, 0, 0, -1434, -22088]	[[191, 2583]]
"2304.l3"	2304	[0, 0, 0, -264, 1600]	[[0, 40]]
"2304.l4"	2304	[0, 0, 0, 6, 88]	[[-1, 9]]
"2304.m1"	2304	[0, 0, 0, -54, 0]	[[-2, 10]]
"2304.m2"	2304	[0, 0, 0, 216, 0]	[[25, 145]]
"2307.c1"	2307	[0, -1, 1, -87, -286]	[[16, 46]]
"2310.a1"	2310	[1, 1, 0, -152078, 22739028]	[[233, 32]]
"2310.a2"	2310	[1, 1, 0, -12078, 143028]	[[9, 183]]
"2310.a3"	2310	[1, 1, 0, -6958, -224588]	[[-51, 55]]
"2310.a4"	2310	[1, 1, 0, 46002, 1176852]	[[-13, 766]]
"2310.c1"	2310	[1, 1, 0, -12183, 510237]	[[51, 132]]
"2310.c2"	2310	[1, 1, 0, -1183, -2363]	[[-9, 92]]
"2310.c3"	2310	[1, 1, 0, -863, -10107]	[[-17, 5]]
"2310.c4"	2310	[1, 1, 0, 4697, -12947]	[[33, 407]]
"2310.d2"	2310	[1, 1, 0, -157, 301]	[[-5, 34]]
"2310.d3"	2310	[1, 1, 0, -77, -291]	[[-5, 3]]
"2310.d4"	2310	[1, 1, 0, 543, 2961]	[[15, 114]]
"2310.f2"	2310	[1, 0, 1, -9444, -335954]	[[-46, 63]]
"2310.f3"	2310	[1, 0, 1, -1744, 21326]	[[61, 347]]
"2310.f4"	2310	[1, 0, 1, 256, 2126]	[[9, 67]]
"2310.g1"	2310	[1, 0, 1, -864, -9764]	[[-16, 3]]
"2310.g2"	2310	[1, 0, 1, -94, 92]	[[-5, 23]]
"2310.g3"	2310	[1, 0, 1, -74, 236]	[[6, 1]]
"2310.g4"	2310	[1, 0, 1, 356, 812]	[[10, 68]]
"2310.h1"	2310	[1, 0, 1, -25467989, -49471735264]	[[-1165779/20, 8314259/20]]
"2310.h2"	2310	[1, 0, 1, -1616469, -747850208]	[[7019/2, 334227/2]]
"2310.h3"	2310	[1, 0, 1, -437774, -9825928]	[[756, 9184]]
"2310.h4"	2310	[1, 0, 1, -305749, 50640416]	[[32065/8, 2341939/8]]
"2310.h5"	2310	[1, 0, 1, -286854, 58872856]	[[269, 957]]
"2310.h6"	2310	[1, 0, 1, -286534, 59011352]	[[334, 605]]
"2310.h7"	2310	[1, 0, 1, -141054, 118709176]	[[170, 9897]]
"2310.h8"	2310	[1, 0, 1, 1263531, -3122122208]	[[150899/10, 46374087/10]]
"2310.j1"	2310	[1, 0, 1, -9538, -358762]	[[-56, 5]]
"2310.j2"	2310	[1, 0, 1, -7718, 258806]	[[60, 82]]
"2310.j3"	2310	[1, 0, 1, -788, -1762]	[[-6, 55]]
"2310.j4"	2310	[1, 0, 1, 192, -194]	[[5, 27]]
"2310.k1"	2310	[1, 0, 1, -266113, 52815788]	[[304, 35]]
"2310.k2"	2310	[1, 0, 1, -18033, 676876]	[[32, 348]]
"2310.k3"	2310	[1, 0, 1, -16633, 824156]	[[82, 74]]
"2310.k4"	2310	[1, 0, 1, -953, 15068]	[[12, 67]]
"2310.n1"	2310	[1, 1, 1, -47345, -3984325]	[[-125, 74]]
"2310.n2"	2310	[1, 1, 1, -19725, 1058067]	[[81, -36]]
"2310.n3"	2310	[1, 1, 1, -3245, -50605]	[[-35, 164]]
"2310.n4"	2310	[1, 1, 1, -1245, 15795]	[[25, 20]]
"2310.n5"	2310	[1, 1, 1, 35, 947]	[[-5, 28]]
"2310.n6"	2310	[1, 1, 1, 8855, -326485]	[[215, 3294]]
"2310.q1"	2310	[1, 0, 0, -96831, 11589561]	[[186, 57]]
"2310.q2"	2310	[1, 0, 0, -6111, 176985]	[[-6, 465]]
"2310.q3"	2310	[1, 0, 0, -991, -8359]	[[38, 77]]
"2310.q4"	2310	[1, 0, 0, 2689, 646905]	[[34, 865]]
"2312.b1"	2312	[0, 1, 0, -106448, -13392656]	[[-22677/11, 130286/11]]
"2312.b2"	2312	[0, 1, 0, -8188, -107904]	[[-25, 286]]
"2312.c1"	2312	[0, -1, 0, -368, -2596]	[[109/2, 663/2]]
"2312.c2"	2312	[0, -1, 0, -28, -12]	[[-3, 6]]
"2315.a1"	2315	[0, -1, 1, -111, -1479]	[[15, 2]]
"2320.a1"	2320	[0, 1, 0, -156, 700]	[[6, 4]]
"2320.a2"	2320	[0, 1, 0, -11, 4]	[[0, 2]]
"2320.b1"	2320	[0, 1, 0, -676, 6540]	[[14, 4]]
"2320.b2"	2320	[0, 1, 0, -51, 40]	[[-4, 14]]
"2320.c1"	2320	[0, 0, 0, -8, 7]	[[-3, 2]]
"2320.c2"	2320	[0, 0, 0, 17, 42]	[[114, 1218]]
"2320.f1"	2320	[0, 0, 0, -827, 7546]	[[27, 70]]
"2320.f2"	2320	[0, 0, 0, -247, -1386]	[[38, 210]]
"2320.f3"	2320	[0, 0, 0, -242, -1449]	[[297/4, 1365/4]]
"2320.f4"	2320	[0, 0, 0, 253, -6286]	[[4915, 344578]]
"2320.g1"	2320	[0, 0, 0, -32, 31]	[[-3, 10]]
"2320.g2"	2320	[0, 0, 0, 113, 234]	[[18, 90]]
"2320.h1"	2320	[0, -1, 0, -36, 80]	[[-4, 12]]
"2320.h2"	2320	[0, -1, 0, -11, -10]	[[37/2, 195/2]]
"2322.a1"	2322	[1, -1, 0, -42, -748]	[[11, 0]]
"2322.b1"	2322	[1, -1, 0, -4062, 100668]	[[4699/7, 246156/7]]
"2322.b2"	2322	[1, -1, 0, -3957, 106037]	[[1, 319]]
"2322.b3"	2322	[1, -1, 0, 25068, -187696]	[[3143/2, 176487/2]]
"2322.g1"	2322	[1, -1, 1, -5, 29]	[[3, 4]]
"2322.h1"	2322	[1, -1, 1, -36560, -2681477]	[[5107/3, 332831/3]]
"2322.h2"	2322	[1, -1, 1, -440, -3781]	[[61, 409]]
"2322.h3"	2322	[1, -1, 1, 2785, 6023]	[[3, 118]]
"2325.c1"	2325	[1, 1, 1, -388, 2906]	[[10, 7]]
"2325.d2"	2325	[1, 0, 0, -188, 2367]	[[7, 34]]
"2325.e1"	2325	[1, 0, 0, 337, 8142]	[[13, 115]]
"2325.h1"	2325	[1, 1, 0, 8425, 1017750]	[[-74/5, 124734/5]]
"2325.i2"	2325	[1, 1, 0, -375, 0]	[[80, 660]]
"2325.i3"	2325	[1, 1, 0, -250, -1625]	[[-591/8, 1517/8]]
"2325.i4"	2325	[1, 1, 0, 1500, 1875]	[[1205/4, 45015/4]]
"2325.j1"	2325	[1, 0, 1, -16, 23]	[[1, 2]]
"2328.a1"	2328	[0, -1, 0, -1184, 16044]	[[25, 38]]
"2328.b1"	2328	[0, -1, 0, -28, -44]	[[-3, 2]]
"2328.b2"	2328	[0, -1, 0, 32, -260]	[[9, 26]]
"2328.c1"	2328	[0, -1, 0, -288, 1980]	[[9, 6]]
"2328.c2"	2328	[0, -1, 0, -248, 2508]	[[17, 54]]
"2328.e1"	2328	[0, 1, 0, -608, 5520]	[[16, 12]]
"2330.b1"	2330	[1, 1, 0, -60707, -5831411]	[[2198, 101301]]
"2330.d1"	2330	[1, 1, 0, -2692, -51504]	[[-33, 69]]
"2330.d2"	2330	[1, 1, 0, 2428, -218416]	[[328, 5836]]
"2331.a2"	2331	[1, -1, 1, -47, 910]	[[-2, 32]]
"2331.b1"	2331	[1, -1, 1, -1859, 31110]	[[20, 30]]
"2331.b2"	2331	[1, -1, 1, -194, -192]	[[-4, 24]]
"2331.b3"	2331	[1, -1, 1, -149, -660]	[[18, 38]]
"2331.c1"	2331	[1, -1, 1, -23504, -626272]	[[169, 370]]
"2331.c2"	2331	[1, -1, 1, -11849, 492608]	[[106, 594]]
"2331.c3"	2331	[1, -1, 1, -11804, 496550]	[[1624/5, -703/5]]
"2331.c4"	2331	[1, -1, 1, -914, 1358660]	[[-30, 1180]]
"2331.d1"	2331	[0, 0, 1, -1524, 22900]	[[22, 4]]
"2338.c1"	2338	[1, -1, 0, -71, 247]	[[7, 4]]
"2342.a1"	2342	[1, -1, 0, -328, 2368]	[[16, 24]]
"2342.b1"	2342	[1, 1, 1, -106, 375]	[[5, -1]]
"2343.f1"	2343	[0, 1, 1, -7037, -229573]	[[-195/2, -1/2]]
"2344.a1"	2344	[0, 0, 0, 5, -26]	[[3, 4]]
"2346.a1"	2346	[1, 1, 0, 57, -1899]	[[11, 9]]
"2346.b1"	2346	[1, 1, 0, -6005, 176301]	[[47, 2]]
"2346.b2"	2346	[1, 1, 0, -245, 4653]	[[-13, 83]]
"2346.e1"	2346	[1, 0, 1, -2830, -58168]	[[1389/4, 35179/4]]
"2346.f1"	2346	[1, 0, 1, -726, -6386]	[[-16, 42]]
"2346.f2"	2346	[1, 0, 1, 84, -554]	[[8, 21]]
"2350.c1"	2350	[1, 1, 0, 300, 250]	[[1, 23]]
"2350.l1"	2350	[1, 0, 0, -768, 8192]	[[28, 80]]
"2352.a2"	2352	[0, -1, 0, -65, -804]	[[124, 1372]]
"2352.b1"	2352	[0, -1, 0, -2200, -37904]	[[-30, 14]]
"2352.b2"	2352	[0, -1, 0, 40, -2064]	[[26, 126]]
"2352.f1"	2352	[0, -1, 0, -2256, -42048]	[[56, 64]]
"2352.f2"	2352	[0, -1, 0, -16, 64]	[[0, 8]]
"2352.g1"	2352	[0, -1, 0, 1944, 73872]	[[-16, 196]]
"2352.j1"	2352	[0, -1, 0, -2172, 36828]	[[21, 6]]
"2352.j2"	2352	[0, -1, 0, -457, -2960]	[[5472, 404740]]
"2352.l1"	2352	[0, -1, 0, -1053712, 416675008]	[[1818, 67130]]
"2352.l3"	2352	[0, -1, 0, -81552, 3199680]	[[1722, 70470]]
"2352.l4"	2352	[0, -1, 0, -65872, 6523840]	[[154, 90]]
"2352.l6"	2352	[0, -1, 0, 302608, 24405312]	[[23434/15, 25489898/15]]
"2352.q1"	2352	[0, 1, 0, -7464, 245412]	[[48, 6]]
"2352.q2"	2352	[0, 1, 0, -604, 1196]	[[-25, 36]]
"2352.q3"	2352	[0, 1, 0, -359, -2724]	[[3028/3, 166600/3]]
"2352.q4"	2352	[0, 1, 0, 2336, 11780]	[[58, 588]]
"2352.r1"	2352	[0, 1, 0, -128, -540]	[[-8, 6]]
"2352.r2"	2352	[0, 1, 0, 12, -36]	[[3, 6]]
"2352.t1"	2352	[0, 1, 0, -110560, 14643572]	[[506, 9408]]
"2352.t2"	2352	[0, 1, 0, -800, -20364]	[[114, 1176]]
"2352.u1"	2352	[0, 1, 0, 40, -204]	[[10, 36]]
"2354.b1"	2354	[1, -1, 0, -224, 3072]	[[-13, 67]]
"2358.a1"	2358	[1, -1, 0, -639, 6349]	[[17, 5]]
"2358.a2"	2358	[1, -1, 0, -279, 13189]	[[-7, 125]]
"2358.i1"	2358	[1, -1, 0, -6, 0]	[[3, 0]]
"2358.i2"	2358	[1, -1, 0, 24, -18]	[[1, 2]]
"2358.j1"	2358	[1, -1, 0, -378, -972]	[[-9, 45]]
"2358.m1"	2358	[1, -1, 1, -50306, -4330263]	[[863, 23949]]
"2358.m2"	2358	[1, -1, 1, -3146, -66999]	[[-33, 9]]
"2358.m3"	2358	[1, -1, 1, -2066, -114519]	[[75, 347]]
"2358.m4"	2358	[1, -1, 1, -266, -183]	[[-1, 9]]
"2358.n1"	2358	[1, -1, 1, -56, 55]	[[-7, 11]]
"2358.n2"	2358	[1, -1, 1, 214, 271]	[[-1/2, 115/2]]
"2358.p1"	2358	[1, -1, 1, -8, 3]	[[-1, 3]]
"2358.x1"	2358	[1, -1, 1, -81941, 3100909]	[[31, 752]]
"2360.a1"	2360	[0, 0, 0, -647, 6314]	[[13, 10]]
"2363.a1"	2363	[0, -1, 1, -22, 64]	[[-4, 8]]
"2365.c2"	2365	[0, 1, 1, -41, 85]	[[5/2, 45/2]]
"2365.e1"	2365	[1, 0, 1, -323, 2203]	[[19, 45]]
"2368.b1"	2368	[0, 0, 0, -4, -2]	[[-1, 1]]
"2368.e1"	2368	[0, -1, 0, -3, 1]	[[0, 1]]
"2368.p1"	2368	[0, 0, 0, -262, -1630]	[[-83/3, 37/3]]
"2370.a1"	2370	[1, 1, 0, -198, 972]	[[9, 0]]
"2370.a2"	2370	[1, 1, 0, 2, 52]	[[1, 7]]
"2370.b2"	2370	[1, 0, 1, 1066, -378904]	[[6397/3, 502391/3]]
"2370.j1"	2370	[1, 1, 1, -13651200, 19407835185]	[[3615, 129785]]
"2370.j2"	2370	[1, 1, 1, -1511300, -225493135]	[[1339585/21, 1397237339/21]]
"2370.j3"	2370	[1, 1, 1, -855200, 301486385]	[[5647/3, 86611/3]]
"2370.j4"	2370	[1, 1, 1, -853200, 302980785]	[[623, 3393]]
"2370.j5"	2370	[1, 1, 1, -231100, 732864305]	[[-327755/33, 1006007243/33]]
"2370.j6"	2370	[1, 1, 1, -53200, 4740785]	[[93, 733]]
"2373.c1"	2373	[0, -1, 1, -7, 12]	[[0, 3]]
"2373.f1"	2373	[1, 0, 1, -3546, 34561]	[[-7, 246]]
"2373.f2"	2373	[1, 0, 1, -1831, -29923]	[[-23, 23]]
"2382.d1"	2382	[1, 1, 1, -7426, 243215]	[[49, -21]]
"2382.f1"	2382	[1, 0, 0, -15, 9]	[[0, 3]]
"2385.a1"	2385	[0, 0, 1, 3, 20]	[[3, 7]]
"2385.e1"	2385	[0, 0, 1, -1992, 34330]	[[58, 337]]
"2385.i1"	2385	[0, 0, 1, 27, -547]	[[81/2, 725/2]]
"2390.b1"	2390	[1, -1, 1, -170662, 27179061]	[[241, -61]]
"2390.b2"	2390	[1, -1, 1, -10662, 427061]	[[41, 219]]
"2394.a1"	2394	[1, -1, 0, -54, 164]	[[1, 10]]
"2394.a2"	2394	[1, -1, 0, 6, 464]	[[-2, 22]]
"2394.b1"	2394	[1, -1, 0, -10953, 443961]	[[24, 429]]
"2394.b3"	2394	[1, -1, 0, -693, 6885]	[[6, 51]]
"2394.b4"	2394	[1, -1, 0, 27, 405]	[[3, 21]]
"2394.c1"	2394	[1, -1, 0, -152187, 16325477]	[[91, 1750]]
"2394.c2"	2394	[1, -1, 0, -139692, 20130768]	[[-147, 6195]]
"2394.c3"	2394	[1, -1, 0, -139452, 20203200]	[[204, 360]]
"2394.c4"	2394	[1, -1, 0, 400773, 107342693]	[[-202, 4357]]
"2394.d1"	2394	[1, -1, 0, -11922, 364940]	[[179, 1896]]
"2394.d2"	2394	[1, -1, 0, -10977, 445419]	[[271, 4026]]
"2394.d4"	2394	[1, -1, 0, -687, 7065]	[[24, 51]]
"2394.e2"	2394	[1, -1, 0, 6894, 332212]	[[51, 877]]
"2394.g1"	2394	[1, -1, 1, -5387, 153515]	[[45, 4]]
"2394.h1"	2394	[1, -1, 1, -56516, -5157169]	[[-137, 73]]
"2394.h2"	2394	[1, -1, 1, -3596, -76849]	[[-39, 73]]
"2394.h4"	2394	[1, -1, 1, 3244, -339505]	[[75, 529]]
"2394.i1"	2394	[1, -1, 1, -1355, -18849]	[[-21, 8]]
"2394.i2"	2394	[1, -1, 1, -95, -201]	[[-3, 8]]
"2394.j1"	2394	[1, -1, 1, -88080395, 318197707931]	[[7827, 325090]]
"2394.j2"	2394	[1, -1, 1, -5505035, 4972852379]	[[1491, 8074]]
"2394.j3"	2394	[1, -1, 1, -1088420, 435877895]	[[645, 1045]]
"2394.j4"	2394	[1, -1, 1, -100580, -352249]	[[-21, 1333]]
"2394.j5"	2394	[1, -1, 1, -71465, -6871507]	[[663, 15058]]
"2394.j6"	2394	[1, -1, 1, -70205, -7142155]	[[897, 25066]]
"2397.a1"	2397	[0, 1, 1, -11517, -479578]	[[-8975/12, 4049/12]]
"2397.b1"	2397	[0, 1, 1, -1751, 27527]	[[-17, 229]]
"2400.b1"	2400	[0, -1, 0, -12008, -502488]	[[973/2, 26425/2]]
"2400.b2"	2400	[0, -1, 0, -2008, 25012]	[[12, 50]]
"2400.b3"	2400	[0, -1, 0, -758, -7488]	[[-17, 14]]
"2400.b4"	2400	[0, -1, 0, 367, -28863]	[[47, 300]]
"2400.c1"	2400	[0, -1, 0, -48, -108]	[[-4, 2]]
"2400.c2"	2400	[0, -1, 0, 2, -8]	[[3, 4]]
"2400.i1"	2400	[0, -1, 0, -4008, 99012]	[[137, 1450]]
"2400.i2"	2400	[0, -1, 0, -1008, -10488]	[[-19, 38]]
"2400.i3"	2400	[0, -1, 0, -258, 1512]	[[6, 12]]
"2400.o1"	2400	[0, -1, 0, -13458, 605412]	[[66, 18]]
"2400.t2"	2400	[0, 1, 0, -513, 5103]	[[3, 60]]
"2400.x1"	2400	[0, 1, 0, -4333, 815963]	[[-67, 900]]
"2400.y1"	2400	[0, 1, 0, -2033, -35937]	[[63, 300]]
"2400.y2"	2400	[0, 1, 0, -1408, 19688]	[[14, 54]]
"2400.y3"	2400	[0, 1, 0, -158, -312]	[[-3, 12]]
"2400.y4"	2400	[0, 1, 0, 592, -1812]	[[147, 1812]]
"2400.z1"	2400	[0, 1, 0, -4008, -99012]	[[293/2, 609/2]]
"2400.z3"	2400	[0, 1, 0, -258, -1512]	[[42, 252]]
"2400.be1"	2400	[0, 1, 0, -1208, -15912]	[[-18, 18]]
"2400.be2"	2400	[0, 1, 0, 42, -912]	[[89, 846]]
"2402.a1"	2402	[1, -1, 1, -196, -953]	[[-7, 9]]
"2402.a2"	2402	[1, -1, 1, -36, 71]	[[1, 5]]
"2403.i1"	2403	[1, -1, 0, -3, 4]	[[0, 2]]
"2406.d1"	2406	[1, 1, 1, 8, -7]	[[1, 1]]
"2408.b1"	2408	[0, 1, 0, -1832, -30800]	[[799/3, 19360/3]]
"2408.c1"	2408	[0, 0, 0, -629291, 192143366]	[[602446/33, 131150278/33]]
"2408.c2"	2408	[0, 0, 0, -41051, 2725270]	[[154606/21, 51913070/21]]
"2408.c3"	2408	[0, 0, 0, -39331, 3002190]	[[3142/3, 152306/3]]
"2409.c1"	2409	[1, 0, 0, -200, -819]	[[-9, 21]]
"2409.c2"	2409	[1, 0, 0, -185, -984]	[[19, 40]]
"2410.a1"	2410	[1, -1, 1, -112, 479]	[[9, 7]]
"2410.a2"	2410	[1, -1, 1, -12, -1]	[[-1, 3]]
"2412.a1"	2412	[0, 0, 0, -2487, 23870]	[[-38, 252]]
"2412.a2"	2412	[0, 0, 0, 528, 2765]	[[43, 324]]
"2413.a1"	2413	[1, -1, 1, -10, 14]	[[2, -1]]
"2413.c1"	2413	[0, 1, 1, 10, 27]	[[21/2, 123/2]]
"2414.b1"	2414	[1, 1, 0, -145, -651]	[[33, 162]]
"2414.b2"	2414	[1, 1, 0, 15, -43]	[[67/3, 533/3]]
"2414.f1"	2414	[1, 0, 0, -72038, -7448020]	[[-34886/15, 266558/15]]
"2415.a1"	2415	[1, 1, 1, -5051, 136064]	[[41, -17]]
"2415.a2"	2415	[1, 1, 1, -326, 1874]	[[6, 10]]
"2415.a3"	2415	[1, 1, 1, -81, -282]	[[-6, 8]]
"2415.a4"	2415	[1, 1, 1, 479, 10568]	[[-9, 79]]
"2415.c1"	2415	[1, 0, 0, -4430, -113505]	[[-38, 1]]
"2415.c2"	2415	[1, 0, 0, -405, 0]	[[27, 81]]
"2415.c3"	2415	[1, 0, 0, -280, 1775]	[[11, 2]]
"2415.c4"	2415	[1, 0, 0, 1620, 405]	[[12, 141]]
"2415.d1"	2415	[1, 0, 0, -230, -1173]	[[19, 28]]
"2415.d2"	2415	[1, 0, 0, 395, -6298]	[[29, 158]]
"2415.g2"	2415	[0, 1, 1, 189, -2809]	[[53/2, 371/2]]
"2415.i1"	2415	[1, 0, 1, -1438, -21037]	[[79, 560]]
"2415.i2"	2415	[1, 0, 1, -813, -39287]	[[59, 315]]
"2416.c1"	2416	[0, 1, 0, -48, 116]	[[4, 2]]
"2420.a2"	2420	[0, 1, 0, -4396, 168804]	[[40, 242]]
"2420.a4"	2420	[0, 1, 0, 444, -3500]	[[27, 170]]
"2420.e1"	2420	[0, 1, 0, -52796, -4688620]	[[1690288555/2091, 52382089028870/2091]]
"2421.a1"	2421	[0, 0, 1, -3684, 84330]	[[-40, 409]]
"2421.a2"	2421	[0, 0, 1, -444, -3555]	[[-13, 4]]
"2421.b1"	2421	[0, 0, 1, -18, 20]	[[0, 4]]
"2422.a1"	2422	[1, 0, 1, -69458, -7050636]	[[-151, 89]]
"2422.d1"	2422	[1, 0, 1, -8, 4]	[[-2, 4]]
"2426.a1"	2426	[1, 1, 0, 2, -4]	[[1, 0]]
"2429.c1"	2429	[1, 0, 1, -227, 1293]	[[9, -3]]
"2430.a1"	2430	[1, -1, 0, -10950, 443780]	[[56, 34]]
"2430.d1"	2430	[1, -1, 0, -3174, -70732]	[[92, 594]]
"2430.d2"	2430	[1, -1, 0, 201, -307]	[[2, 9]]
"2430.e1"	2430	[1, -1, 0, -744, -7552]	[[-16, 0]]
"2430.e2"	2430	[1, -1, 0, -69, 233]	[[4, 1]]
"2430.j1"	2430	[1, -1, 1, -623, -5669]	[[-13, 16]]
"2430.j2"	2430	[1, -1, 1, -83, 307]	[[5, -2]]
"2430.k1"	2430	[1, -1, 1, -353, 2737]	[[13, 8]]
"2430.k2"	2430	[1, -1, 1, 1807, 6481]	[[5, 122]]
"2430.o1"	2430	[1, -1, 1, -1352, -12149]	[[-29, 59]]
"2430.o2"	2430	[1, -1, 1, -1217, -16031]	[[-179/3, 256/3]]
"2432.c1"	2432	[0, -1, 0, -122, -482]	[[21, 76]]
"2434.a1"	2434	[1, 0, 0, -708, -7280]	[[-16, 4]]
"2434.b2"	2434	[1, -1, 1, -15, 89]	[[43/2, 217/2]]
"2434.c2"	2434	[1, 1, 1, -4, -119]	[[133/3, 1345/3]]
"2436.a1"	2436	[0, -1, 0, -124, 88]	[[-2, 18]]
"2436.a2"	2436	[0, -1, 0, -89, 354]	[[5, 3]]
"2436.b1"	2436	[0, -1, 0, -82068, 8788248]	[[257, 2146]]
"2436.b2"	2436	[0, -1, 0, 1967, 485590]	[[249/4, 46139/4]]
"2439.b1"	2439	[0, 0, 1, -1037190, 406570248]	[[2324, 102703]]
"2439.b2"	2439	[0, 0, 1, -12810, 557235]	[[83, 256]]
"2442.a1"	2442	[1, 1, 0, -5607426, 5108517876]	[[-1276, 101574]]
"2442.a2"	2442	[1, 1, 0, -350466, 79709940]	[[315, 675]]
"2442.a4"	2442	[1, 1, 0, -22786, 1132276]	[[53, 251]]
"2442.b1"	2442	[1, 1, 0, -476, -4164]	[[25, 6]]
"2442.b2"	2442	[1, 1, 0, -106, -10010]	[[23, 8]]
"2442.c1"	2442	[1, 1, 0, -55, 121]	[[0, 11]]
"2442.c2"	2442	[1, 1, 0, 5, 13]	[[1, 4]]
"2442.e1"	2442	[1, 0, 1, -1016, -12538]	[[65, 411]]
"2442.e2"	2442	[1, 0, 1, -56, -250]	[[36, 193]]
"2442.f2"	2442	[1, 0, 1, 17814, 9770116]	[[-166, 1581]]
"2442.g1"	2442	[1, 1, 1, 38, -25]	[[5, 15]]
"2442.h1"	2442	[1, 0, 0, -1080598, -432448912]	[[1256, 13232]]
"2442.h2"	2442	[1, 0, 0, -67538, -6761100]	[[-150, 90]]
"2442.h3"	2442	[1, 0, 0, -13378, -590716]	[[-70, 98]]
"2448.a1"	2448	[0, 0, 0, -4104, 101196]	[[42, 54]]
"2448.f1"	2448	[0, 0, 0, 12, -4]	[[1, 3]]
"2448.h1"	2448	[0, 0, 0, -435, -3454]	[[-13, 2]]
"2448.h2"	2448	[0, 0, 0, -75, -8998]	[[49, 324]]
"2448.j1"	2448	[0, 0, 0, -435, 3346]	[[5, 36]]
"2448.j2"	2448	[0, 0, 0, -75, -182]	[[-3, 4]]
"2448.o1"	2448	[0, 0, 0, -13059, -574398]	[[159, 1170]]
"2448.o2"	2448	[0, 0, 0, -819, -8910]	[[-17, 10]]
"2448.o3"	2448	[0, 0, 0, -99, -24030]	[[55, 370]]
"2448.o4"	2448	[0, 0, 0, -99, 162]	[[1, 8]]
"2448.p1"	2448	[0, 0, 0, -3995139, -3073590142]	[[52232599/65, 372218327118/65]]
"2448.p2"	2448	[0, 0, 0, -249699, -48023710]	[[-35065/11, 29770/11]]
"2448.p3"	2448	[0, 0, 0, -236739, -53231038]	[[1081, 30888]]
"2448.p4"	2448	[0, 0, 0, -16419, -667870]	[[-97, 110]]
"2448.p5"	2448	[0, 0, 0, -4899, 122402]	[[31, 18]]
"2448.p6"	2448	[0, 0, 0, 32541, -3889438]	[[2471/5, 67606/5]]
"2450.c1"	2450	[1, -1, 0, 18758, -18059084]	[[244, 878]]
"2450.t1"	2450	[1, 0, 0, -3344888, 2354339392]	[[1068, 152]]
"2450.t3"	2450	[1, 0, 0, -43513, 2860017]	[[32, 1209]]
"2450.t4"	2450	[1, 0, 0, -12888, -563858]	[[527/2, 845/2]]
"2450.t5"	2450	[1, 0, 0, -638, -12608]	[[88, 740]]
"2450.t6"	2450	[1, 0, 0, 5487, 263017]	[[-24, 355]]
"2450.u2"	2450	[1, 0, 0, -8, -8]	[[-2, 2]]
"2450.v2"	2450	[1, 0, 0, 412, -4208]	[[22, 114]]
"2450.bc2"	2450	[1, 0, 0, 62, -8]	[[12, 44]]
"2450.bd1"	2450	[1, 0, 0, -153763, 23195017]	[[228, -65]]
"2450.bd2"	2450	[1, 0, 0, -638, 73142]	[[-61/2, 2315/2]]
"2450.bd3"	2450	[1, 0, 0, -148, -848]	[[18, 40]]
"2450.bd4"	2450	[1, 0, 0, 1077, 6257]	[[46, 369]]
"2454.b1"	2454	[1, 1, 0, -519, -1035]	[[-3, 24]]
"2454.b2"	2454	[1, 1, 0, 2041, -5643]	[[509, 11288]]
"2460.a1"	2460	[0, -1, 0, -361, -2510]	[[-11, 3]]
"2460.a2"	2460	[0, -1, 0, -156, -5544]	[[30, 126]]
"2464.a2"	2464	[0, 1, 0, 6, -8]	[[2, 4]]
"2464.b1"	2464	[0, 1, 0, -1288, -18228]	[[43, 88]]
"2464.g1"	2464	[0, 0, 0, -115, 474]	[[10, 18]]
"2464.k1"	2464	[0, -1, 0, -1288, 18228]	[[12, 66]]
"2475.i1"	2475	[1, -1, 0, -13317, -588034]	[[-265/2, 363/2]]
"2475.i3"	2475	[1, -1, 0, -942, -6409]	[[-10, 49]]
"2475.i4"	2475	[1, -1, 0, 183, -784]	[[68, 534]]
"2475.j1"	2475	[1, -1, 0, -417, 3366]	[[10, 6]]
"2475.j2"	2475	[1, -1, 0, -42, -9]	[[-2, 9]]
"2478.c1"	2478	[1, 0, 1, -15226, -360724]	[[-35, 377]]
"2478.c2"	2478	[1, 0, 1, -12986, -570388]	[[1307/2, 42579/2]]
"2478.c3"	2478	[1, 0, 1, -7351, 241934]	[[49, -28]]
"2478.c4"	2478	[1, 0, 1, -491, 3206]	[[-21, 76]]
"2478.d1"	2478	[1, 1, 1, -68511744, -218299350495]	[[31511, 5361297]]
"2478.d2"	2478	[1, 1, 1, -4281984, -3412265439]	[[2837, 83925]]
"2478.d3"	2478	[1, 1, 1, -4277504, -3419755999]	[[25531/3, 2266105/3]]
"2478.f1"	2478	[1, 1, 1, 0, 33]	[[1, 5]]
"2478.h2"	2478	[1, 0, 0, 896, 224]	[[20, 152]]
"2480.a1"	2480	[0, 0, 0, -38452, 2902204]	[[153, 775]]
"2480.c1"	2480	[0, 1, 0, -17056, 851700]	[[74, 16]]
"2480.d1"	2480	[0, 1, 0, -96, -380]	[[-6, 4]]
"2480.d2"	2480	[0, 1, 0, 4, -20]	[[6, 16]]
"2480.g1"	2480	[0, 0, 0, -5323, -149478]	[[154, 1638]]
"2480.g2"	2480	[0, 0, 0, -323, -2478]	[[29, 112]]
"2480.j1"	2480	[0, 1, 0, -7201, 234715]	[[54, 79]]
"2480.k1"	2480	[0, 1, 0, -21, -61]	[[22, 103]]
"2480.l1"	2480	[0, 1, 0, -25, -77]	[[6, 5]]
"2480.m1"	2480	[0, 1, 0, -13445, 596723]	[[38, 377]]
"2480.m2"	2480	[0, 1, 0, 155, -557]	[[6, 25]]
"2482.b1"	2482	[1, 0, 1, -56, 174]	[[4, 2]]
"2484.b1"	2484	[0, 0, 0, -1404, -18171]	[[-17, 28]]
"2485.b1"	2485	[0, -1, 1, 755, 5848]	[[32, 248]]
"2485.c1"	2485	[0, 1, 1, -1645, 25149]	[[-39, 177]]
"2485.c2"	2485	[0, 1, 1, 1155, 101134]	[[-4223/12, 357047/12]]
"2485.d1"	2485	[1, 0, 1, -288, -637]	[[-11, 40]]
"2485.d2"	2485	[1, 0, 1, 67, -69]	[[5, 17]]
"2486.b1"	2486	[1, -1, 1, -120, 533]	[[31/2, 7/2]]
"2486.b2"	2486	[1, -1, 1, -10, 5]	[[5, 5]]
"2488.a1"	2488	[0, -1, 0, -24, -52]	[[29/2, 81/2]]
"2490.a1"	2490	[1, 1, 0, -218, -1332]	[[-9, 6]]
"2490.h1"	2490	[1, 1, 1, -40, -103]	[[7, 1]]
"2490.h2"	2490	[1, 1, 1, 60, -423]	[[5, 3]]
"2490.j1"	2490	[1, 0, 0, -3515, 78225]	[[40, 25]]
"2490.j2"	2490	[1, 0, 0, 485, 247025]	[[-40, 425]]
"2498.a1"	2498	[1, -1, 1, -21, -19]	[[7, 8]]
"2498.a2"	2498	[1, -1, 1, 59, -179]	[[5, 12]]
"2499.a1"	2499	[0, -1, 1, -2074, -41952]	[[54, 24]]
"2499.i1"	2499	[1, 1, 0, -4, 1]	[[0, 1]]
"2499.m1"	2499	[0, -1, 1, 964, 7685]	[[13/2, 829/2]]
"2502.h1"	2502	[1, -1, 1, -521, -4439]	[[-13, 8]]
"2502.h2"	2502	[1, -1, 1, -41, -23]	[[-5, 8]]
"2502.j1"	2502	[1, -1, 1, -13440551, -18962546209]	[[-103673/7, 378834/7]]
"2502.j2"	2502	[1, -1, 1, -843431, -293614369]	[[-509, 2158]]
"2502.j3"	2502	[1, -1, 1, -106151, 6311135]	[[3, 2446]]
"2502.j4"	2502	[1, -1, 1, -42791, -828762145]	[[4495, 297394]]
"2506.a1"	2506	[1, 1, 0, -341420, -76928074]	[[-21647/8, 90347/8]]
"2506.a2"	2506	[1, 1, 0, -21010, -1247232]	[[2283/2, 102969/2]]
"2507.a2"	2507	[0, 1, 1, 7, -53]	[[11959/3, 1308284/3]]
"2510.c1"	2510	[1, 0, 0, -2285, -42215]	[[-28, 17]]
"2512.b1"	2512	[0, 0, 0, -35, 82]	[[3, 2]]
"2516.a1"	2516	[0, 1, 0, -209, 1096]	[[7, 5]]
"2516.a2"	2516	[0, 1, 0, -204, 1156]	[[0, 34]]
"2516.b1"	2516	[0, 1, 0, -157, 703]	[[-3, 34]]
"2520.c1"	2520	[0, 0, 0, -783, 4482]	[[31, 100]]
"2520.c2"	2520	[0, 0, 0, 162, 513]	[[4, 35]]
"2520.d1"	2520	[0, 0, 0, -20163, 1101998]	[[83, 16]]
"2520.d2"	2520	[0, 0, 0, -1263, 17138]	[[1, 126]]
"2520.d3"	2520	[0, 0, 0, -363, 41078]	[[11, 196]]
"2520.d4"	2520	[0, 0, 0, -138, -187]	[[-2, 9]]
"2520.g1"	2520	[0, 0, 0, -219603, 39600398]	[[1537/2, 27657/2]]
"2520.g2"	2520	[0, 0, 0, -15483, 450182]	[[-41, 1008]]
"2520.g3"	2520	[0, 0, 0, -6663, -204262]	[[-46, 70]]
"2520.g4"	2520	[0, 0, 0, -6618, -207223]	[[97, 252]]
"2520.g6"	2520	[0, 0, 0, 47517, 3184382]	[[134, 3458]]
"2520.h1"	2520	[0, 0, 0, -318, 2133]	[[6, 21]]
"2520.h2"	2520	[0, 0, 0, 57, 6858]	[[-11, 70]]
"2520.m2"	2520	[0, 0, 0, 18, -19]	[[2, 5]]
"2520.n1"	2520	[0, 0, 0, -26067, -1619714]	[[1670, 67914]]
"2520.n2"	2520	[0, 0, 0, -1767, -20774]	[[-33, 40]]
"2520.n3"	2520	[0, 0, 0, -642, 6001]	[[5, 54]]
"2520.n4"	2520	[0, 0, 0, 4533, -135434]	[[30, 166]]
"2520.q2"	2520	[0, 0, 0, 513, -185166]	[[103, 980]]
"2520.r1"	2520	[0, 0, 0, -33627, 2373446]	[[107, 20]]
"2520.r2"	2520	[0, 0, 0, -5907, -127906]	[[-37, 200]]
"2520.r3"	2520	[0, 0, 0, -2127, 36146]	[[37, 90]]
"2520.r4"	2520	[0, 0, 0, 78, 2189]	[[-2, 45]]
"2525.a1"	2525	[1, -1, 1, -255, 1622]	[[10, -4]]
"2525.a2"	2525	[1, -1, 1, -130, 3122]	[[8, 46]]
"2529.a1"	2529	[1, -1, 1, 40, -66]	[[2, 3]]
"2530.a1"	2530	[1, 1, 0, -7, 11]	[[5, 9]]
"2530.d1"	2530	[1, 1, 0, 8, -6]	[[3, 6]]
"2530.e1"	2530	[1, 0, 0, -15816, -766904]	[[154, 598]]
"2530.f1"	2530	[1, 0, 0, -1331, 1771561]	[[88, 1485]]
"2530.f2"	2530	[1, 0, 0, 11979, -47829485]	[[15565/4, 1872475/4]]
"2530.j1"	2530	[1, -1, 1, 152, 12331]	[[13, 121]]
"2530.k1"	2530	[1, 0, 0, -32811, -2293615]	[[2890/3, 117335/3]]
"2534.a1"	2534	[1, -1, 0, -113, 541]	[[18, 55]]
"2534.c1"	2534	[1, 0, 1, -136, 862]	[[8, 13]]
"2538.a1"	2538	[1, -1, 0, -1905, 32597]	[[23, 12]]
"2538.d1"	2538	[1, -1, 1, -2189, -232523]	[[151, 1616]]
"2544.f1"	2544	[0, 1, 0, 32, 500]	[[2, 24]]
"2550.c1"	2550	[1, 1, 0, -693600, -222626250]	[[1775, 63475]]
"2550.c2"	2550	[1, 1, 0, -43350, -3492000]	[[-121, 70]]
"2550.c3"	2550	[1, 1, 0, -41100, -3867750]	[[329, 4120]]
"2550.c4"	2550	[1, 1, 0, -2850, -49500]	[[-40, 70]]
"2550.c5"	2550	[1, 1, 0, -850, 8500]	[[4, 70]]
"2550.c6"	2550	[1, 1, 0, 5650, -279000]	[[45, 240]]
"2550.d1"	2550	[1, 1, 0, -4650, -123750]	[[-39, 6]]
"2550.d2"	2550	[1, 1, 0, -4150, 100750]	[[45, 65]]
"2550.d3"	2550	[1, 1, 0, -400, -500]	[[-5, 40]]
"2550.d4"	2550	[1, 1, 0, 100, 0]	[[4, 20]]
"2550.i2"	2550	[1, 0, 1, 349, 6698]	[[-3, 76]]
"2550.j1"	2550	[1, 0, 1, -16576, -489202]	[[-441/2, 713/2]]
"2550.u1"	2550	[1, 1, 1, -18763, -755719]	[[-61, 438]]
"2550.u2"	2550	[1, 1, 1, -6388, 193781]	[[41, 33]]
"2550.u3"	2550	[1, 1, 1, -5388, 257781]	[[15, 417]]
"2550.u4"	2550	[1, 1, 1, 45237, -4723719]	[[195, 3302]]
"2550.bc1"	2550	[1, 0, 0, -1154838, 477536292]	[[672, 1914]]
"2556.a1"	2556	[0, 0, 0, -87, -130]	[[-2, 6]]
"2556.a2"	2556	[0, 0, 0, -72, -235]	[[43, 276]]
"2562.b1"	2562	[1, 1, 0, -2, 12]	[[1, 3]]
"2562.i1"	2562	[1, 1, 1, -5597, -248173]	[[1043, 33092]]
"2565.a1"	2565	[0, 0, 1, -67743, -488302]	[[-8, 230]]
"2565.b1"	2565	[0, 0, 1, -318, 2178]	[[-18, 45]]
"2565.b2"	2565	[0, 0, 1, -18, -27]	[[-3, 0]]
"2568.e1"	2568	[0, -1, 0, -40, -212]	[[13, 36]]
"2571.a1"	2571	[0, 1, 1, -1, -8]	[[2, 1]]
"2575.a1"	2575	[1, 1, 1, 2, 6]	[[0, 2]]
"2576.c1"	2576	[0, 1, 0, -9688, -346860]	[[-68, 46]]
"2576.c2"	2576	[0, 1, 0, 552, -23276]	[[23, 46]]
"2576.e1"	2576	[0, 1, 0, -2672, -51212]	[[-33, 46]]
"2576.j1"	2576	[0, 0, 0, -1979, -33878]	[[199, 2730]]
"2576.j2"	2576	[0, 0, 0, -139, -390]	[[15, 30]]
"2576.j4"	2576	[0, 0, 0, 421, -2742]	[[79/3, 1090/3]]
"2576.k1"	2576	[0, 0, 0, -979, -11790]	[[103, 990]]
"2576.m1"	2576	[0, -1, 0, -2784, -55552]	[[176, 2208]]
"2576.n1"	2576	[0, -1, 0, -16968, -118384]	[[-88, 828]]
"2577.a1"	2577	[0, -1, 1, -4, -12]	[[4, 4]]
"2581.a1"	2581	[1, 1, 1, 99, 592]	[[8, 40]]
"2583.b1"	2583	[0, 0, 1, -150, 843]	[[-1, 31]]
"2583.b2"	2583	[0, 0, 1, 1080, -5758]	[[12, 94]]
"2584.a1"	2584	[0, 1, 0, -84, -320]	[[-6, 2]]
"2584.a2"	2584	[0, 1, 0, 1, -14]	[[3, 5]]
"2586.a1"	2586	[1, 1, 1, -279, 1671]	[[39/2, -33/2]]
"2590.b1"	2590	[1, 1, 0, -303, 803]	[[-13, 59]]
"2595.b1"	2595	[1, 1, 1, -15, 12]	[[0, 3]]
"2595.b2"	2595	[1, 1, 1, 30, 120]	[[-2, 8]]
"2595.c1"	2595	[1, 1, 0, -3093, -65262]	[[-24697/26, 766715/26]]
"2595.c2"	2595	[1, 1, 0, -498, 2727]	[[-97/2, 383/2]]
"2595.c3"	2595	[1, 1, 0, -453, 3528]	[[-24, 48]]
"2595.c4"	2595	[1, 1, 0, 1377, 20352]	[[-5737/22, 599773/22]]
"2598.b1"	2598	[1, 1, 0, -70, -236]	[[-5, 7]]
"2598.b2"	2598	[1, 1, 0, 90, -972]	[[27, 135]]
"2598.f1"	2598	[1, 0, 0, -393, 2961]	[[12, -3]]
"2598.f2"	2598	[1, 0, 0, -33, 9]	[[0, 3]]
"2604.b1"	2604	[0, 1, 0, -24428, -1115100]	[[-68, 486]]
"2604.b2"	2604	[0, 1, 0, -22713, -1325016]	[[-87, 9]]
"2604.c1"	2604	[0, 1, 0, -68, 84]	[[-5, 18]]
"2604.d1"	2604	[0, 1, 0, -29828, -1984428]	[[-101, 90]]
"2604.d2"	2604	[0, 1, 0, -29793, -1989300]	[[1900/3, 29260/3]]
"2604.d3"	2604	[0, 1, 0, -2108, 34596]	[[19, 42]]
"2604.d4"	2604	[0, 1, 0, -393, -2448]	[[-7, 3]]
"2605.a1"	2605	[1, 1, 0, -37, -84]	[[-89/6, 277/6]]
"2605.a2"	2605	[1, 1, 0, -12, 11]	[[-1/2, 31/2]]
"2609.a1"	2609	[1, 1, 0, -1, 2]	[[-2, 2]]
"2610.a1"	2610	[1, -1, 0, -15840, -748544]	[[-73, 158]]
"2610.a2"	2610	[1, -1, 0, 1440, -2307200]	[[311, 5150]]
"2610.b1"	2610	[1, -1, 0, -19229490, 32459523606]	[[10023/2, 5115/2]]
"2610.b3"	2610	[1, -1, 0, -390240, -93157344]	[[-1497/2, 6339/2]]
"2610.d1"	2610	[1, -1, 0, -315, -2025]	[[-9, 9]]
"2610.f2"	2610	[1, -1, 0, -99, 85]	[[-1, 14]]
"2610.i1"	2610	[1, -1, 1, -26198, 1124197]	[[25, 683]]
"2610.j1"	2610	[1, -1, 1, -36158, 2655231]	[[3807/2, 226623/2]]
"2610.j2"	2610	[1, -1, 1, -2408, 36231]	[[41, 51]]
"2610.j4"	2610	[1, -1, 1, 5422, 217887]	[[-97/2, 2235/2]]
"2610.k1"	2610	[1, -1, 1, -200453, 34593581]	[[265, 42]]
"2610.k2"	2610	[1, -1, 1, -12533, 542477]	[[33, 388]]
"2610.k3"	2610	[1, -1, 1, -8933, 857837]	[[57, 700]]
"2610.l2"	2610	[1, -1, 1, 88, 18811]	[[11, 139]]
"2610.m2"	2610	[1, -1, 1, 13, 211]	[[1, 14]]
"2616.a1"	2616	[0, -1, 0, -27, 0]	[[-1, 5]]
"2616.a2"	2616	[0, -1, 0, 108, -108]	[[26, 140]]
"2618.c1"	2618	[1, 1, 0, -1220450, -506254732]	[[1321, 13084]]
"2619.b1"	2619	[0, 0, 1, 6, -5]	[[1, 1]]
"2620.a1"	2620	[0, 1, 0, -90, -755]	[[13, 21]]
"2622.a1"	2622	[1, 1, 1, -294739, 61466321]	[[307, 30]]
"2622.a2"	2622	[1, 1, 1, -18259, 972497]	[[-29, 1230]]
"2624.d1"	2624	[0, 0, 0, -44, -80]	[[-3, 5]]
"2624.d2"	2624	[0, 0, 0, 116, -528]	[[29, 165]]
"2624.f2"	2624	[0, -1, 0, 31, -511]	[[127/3, 1360/3]]
"2624.g1"	2624	[0, -1, 0, -737, -7327]	[[-128/3, 235/3]]
"2624.g2"	2624	[0, -1, 0, -97, 225]	[[0, 15]]
"2629.a1"	2629	[1, 0, 1, -4, 3]	[[1, 0]]
"2630.c1"	2630	[1, -1, 0, 25, 125]	[[-2, 9]]
"2631.b1"	2631	[1, 1, 0, -1, -8]	[[8, 20]]
"2632.a1"	2632	[0, -1, 0, 0, 28]	[[-2, 4]]
"2632.c1"	2632	[0, 1, 0, -960, 11216]	[[40, 196]]
"2632.d2"	2632	[0, -1, 0, -112, -420]	[[858/7, 17760/7]]
"2638.c1"	2638	[1, 0, 1, -6, 0]	[[0, 0]]
"2640.a1"	2640	[0, -1, 0, -5996, 180720]	[[44, 12]]
"2640.a2"	2640	[0, -1, 0, -371, 2970]	[[14, 18]]
"2640.c1"	2640	[0, -1, 0, -1716, -17424]	[[-12, 36]]
"2640.c2"	2640	[0, -1, 0, 309, -2034]	[[330, 5994]]
"2640.f1"	2640	[0, -1, 0, -1556, 13356]	[[-35, 154]]
"2640.f2"	2640	[0, -1, 0, -716, -7140]	[[469/2, 9821/2]]
"2640.f3"	2640	[0, -1, 0, -41, -120]	[[116, 1242]]
"2640.f4"	2640	[0, -1, 0, 319, 1356]	[[8, 66]]
"2640.g1"	2640	[0, -1, 0, -77440, 8320480]	[[602, 13398]]
"2640.g2"	2640	[0, -1, 0, -4840, 131200]	[[45, 50]]
"2640.g3"	2640	[0, -1, 0, -4240, 164320]	[[21, 290]]
"2640.g5"	2640	[0, -1, 0, -340, 1600]	[[0, 40]]
"2640.g6"	2640	[0, -1, 0, 65, 142]	[[14, 60]]
"2640.k1"	2640	[0, 1, 0, -1616, 23220]	[[36, 114]]
"2640.k2"	2640	[0, 1, 0, -296, -1596]	[[-8, 18]]
"2640.k3"	2640	[0, 1, 0, -276, -1860]	[[26, 96]]
"2640.k4"	2640	[0, 1, 0, 704, -9196]	[[14, 60]]
"2640.l1"	2640	[0, 1, 0, -11, 0]	[[4, 6]]
"2640.l2"	2640	[0, 1, 0, 44, 44]	[[2, 12]]
"2640.m1"	2640	[0, 1, 0, -76, -280]	[[61/2, 387/2]]
"2640.m2"	2640	[0, 1, 0, -1, -10]	[[14, 54]]
"2640.n1"	2640	[0, 1, 0, -66616, -5083180]	[[-178, 1080]]
"2640.n2"	2640	[0, 1, 0, -22616, 1235220]	[[52, 450]]
"2640.n4"	2640	[0, 1, 0, 16264, 5076564]	[[-20, 2178]]
"2640.p1"	2640	[0, 1, 0, -10931, 436260]	[[64, 54]]
"2640.r1"	2640	[0, 1, 0, -10560, 414180]	[[63, 54]]
"2640.r2"	2640	[0, 1, 0, -660, 6300]	[[3, 66]]
"2640.r3"	2640	[0, 1, 0, -440, 10788]	[[46, 300]]
"2640.r4"	2640	[0, 1, 0, -55, 8]	[[8, 12]]
"2640.s1"	2640	[0, 1, 0, -360, -2652]	[[23, 42]]
"2640.s2"	2640	[0, 1, 0, -60, 108]	[[11, 30]]
"2640.s3"	2640	[0, 1, 0, -55, 140]	[[52/3, 188/3]]
"2642.a1"	2642	[1, -1, 1, -43, -97]	[[11, 20]]
"2646.e1"	2646	[1, -1, 0, -129075, 17999477]	[[86, 2701]]
"2646.x2"	2646	[1, -1, 1, 4180, -50641]	[[13, 69]]
"2648.b1"	2648	[0, 0, 0, 1, -14]	[[3, 4]]
"2650.a1"	2650	[1, -1, 0, -21892, 1252816]	[[85, -16]]
"2650.c1"	2650	[1, 1, 0, 50, -100]	[[25, 120]]
"2651.a1"	2651	[0, -1, 1, -670, 6910]	[[85/2, 337/2]]
"2651.a2"	2651	[0, -1, 1, 4720, -73170]	[[1485/2, 58077/2]]
"2655.c1"	2655	[0, 0, 1, -228, -1321]	[[-9, 1]]
"2656.a1"	2656	[0, 0, 0, -61, -344]	[[31, 166]]
"2656.d1"	2656	[0, 1, 0, 2, 4]	[[0, 2]]
"2656.e1"	2656	[0, 1, 0, -42, 92]	[[4, 2]]
"2660.a1"	2660	[0, 0, 0, 10817, -32618]	[[54, 842]]
"2660.b1"	2660	[0, 1, 0, -180, 868]	[[8, 2]]
"2660.c1"	2660	[0, 1, 0, -6860, -6860]	[[-77, 266]]
"2660.c2"	2660	[0, 1, 0, -4660, 120900]	[[-37, 494]]
"2660.c3"	2660	[0, 1, 0, -285, 1900]	[[8, 14]]
"2660.e1"	2660	[0, 1, 0, -3276, -73276]	[[76, 350]]
"2660.f1"	2660	[0, 1, 0, -1940, 32948]	[[23, 32]]
"2660.h1"	2660	[0, 1, 0, -180, -2860]	[[43, 266]]
"2660.h2"	2660	[0, 1, 0, 20, 100]	[[3, 14]]
"2664.a1"	2664	[0, 0, 0, -102, 385]	[[8, 9]]
"2664.a2"	2664	[0, 0, 0, 33, 1330]	[[-1, 36]]
"2664.d1"	2664	[0, 0, 0, -1695, 26642]	[[19, 36]]
"2664.d2"	2664	[0, 0, 0, -30, 1001]	[[-8, 27]]
"2667.a1"	2667	[0, 1, 1, 2, -2]	[[1, 1]]
"2667.c1"	2667	[1, 0, 0, -613, 5546]	[[17, 2]]
"2667.c2"	2667	[1, 0, 0, 22, 339]	[[-5, 13]]
"2670.a1"	2670	[1, 1, 0, -143, 597]	[[2, 17]]
"2670.a2"	2670	[1, 1, 0, -43, 1537]	[[7, 37]]
"2670.c1"	2670	[1, 1, 1, -219805, 39568115]	[[295, 564]]
"2670.e1"	2670	[1, 0, 0, -155685, -23656743]	[[-228, 123]]
"2670.e2"	2670	[1, 0, 0, -9885, -357903]	[[-48, -57]]
"2670.e4"	2670	[1, 0, 0, 7915, -1500663]	[[112, 835]]
"2672.a1"	2672	[0, 0, 0, -11, 58]	[[-3, 8]]
"2674.f2"	2674	[1, -1, 1, 24, -2389]	[[21, 73]]
"2679.b1"	2679	[0, -1, 1, -1256, 17558]	[[22, 9]]
"2679.c1"	2679	[0, 1, 1, -35, 62]	[[10, 28]]
"2680.a1"	2680	[0, 0, 0, -7, 19]	[[3, 5]]
"2680.b1"	2680	[0, 1, 0, 55, 43]	[[1, 10]]
"2680.c1"	2680	[0, -1, 0, 4, 1]	[[0, 1]]
"2680.f1"	2680	[0, 1, 0, -80, -547]	[[26, 125]]
"2686.a1"	2686	[1, -1, 1, -35605, -1948179]	[[-81, 672]]
"2686.a2"	2686	[1, -1, 1, 5355, -195091]	[[63, 592]]
"2686.b1"	2686	[1, 0, 0, -398812, -87740384]	[[-181226/21, 26040442/21]]
"2686.d1"	2686	[1, 1, 1, -13133, 525763]	[[-97, 996]]
"2686.d2"	2686	[1, 1, 1, -2893, -51773]	[[247, 3668]]
"2688.d1"	2688	[0, -1, 0, -253, 901]	[[15, 16]]
"2688.d2"	2688	[0, -1, 0, -218, 1314]	[[5, 18]]
"2688.e2"	2688	[0, -1, 0, -138, -234]	[[-3, 12]]
"2688.g1"	2688	[0, -1, 0, -553, 2425]	[[-11, 84]]
"2688.j2"	2688	[0, -1, 0, 23, 25]	[[0, 5]]
"2688.m1"	2688	[0, 1, 0, -105, -441]	[[-6, 3]]
"2688.m2"	2688	[0, 1, 0, -15, 9]	[[0, 3]]
"2688.n1"	2688	[0, 1, 0, -29, 27]	[[-2, 9]]
"2688.n2"	2688	[0, 1, 0, 6, 6]	[[5/2, 33/2]]
"2688.o1"	2688	[0, 1, 0, -439, 3377]	[[8, 21]]
"2688.r1"	2688	[0, 1, 0, -873, 9639]	[[3, 84]]
"2688.r2"	2688	[0, 1, 0, -63, 81]	[[0, 9]]
"2688.s1"	2688	[0, 1, 0, -92393, -9069753]	[[-182, 1323]]
"2688.t1"	2688	[0, 1, 0, -253, -901]	[[-7, 24]]
"2688.t2"	2688	[0, 1, 0, -218, -1314]	[[19, 42]]
"2688.v1"	2688	[0, 1, 0, -1757, -28773]	[[-26, 3]]
"2688.v2"	2688	[0, 1, 0, -42, -990]	[[45/2, 75/2]]
"2690.d1"	2690	[1, 0, 0, -45, -685]	[[487/6, 6107/6]]
"2694.b1"	2694	[1, 1, 0, -2663048, 1671637824]	[[1315, 20457]]
"2694.e1"	2694	[1, 0, 1, 22, 20]	[[0, 4]]
"2694.f1"	2694	[1, 1, 1, 1466, 2627]	[[1, 63]]
"2694.g1"	2694	[1, 1, 1, -36, 165]	[[-3, 17]]
"2694.h1"	2694	[1, 0, 0, -1084567, -434833489]	[[35891/2, 6715711/2]]
"2694.h2"	2694	[1, 0, 0, -12937, -639631]	[[164, 1205]]
"2694.i1"	2694	[1, 0, 0, -43, 113]	[[4, 1]]
"2694.i2"	2694	[1, 0, 0, 257, 5]	[[10, 55]]
"2695.a1"	2695	[1, -1, 1, -503068, -137211294]	[[30211/6, 1113631/6]]
"2695.a3"	2695	[1, -1, 1, -31443, -2137894]	[[601, 13691]]
"2696.a1"	2696	[0, 1, 0, -64, -224]	[[45/2, 197/2]]
"2697.a1"	2697	[1, 0, 1, 14, 65]	[[1, 8]]
"2698.a1"	2698	[1, -1, 0, -51881, -4535475]	[[6491125/153, 4984368740/153]]
"2700.f1"	2700	[0, 0, 0, -825, 9125]	[[20, 25]]
"2700.f2"	2700	[0, 0, 0, 675, 37125]	[[105, 1125]]
"2700.j1"	2700	[0, 0, 0, 0, -16875]	[[679/3, 17342/3]]
"2700.j2"	2700	[0, 0, 0, 0, 625]	[[6, 29]]
"2700.l1"	2700	[0, 0, 0, 0, -135]	[[6, 9]]
"2700.l2"	2700	[0, 0, 0, 0, 5]	[[-1, 2]]
"2700.n2"	2700	[0, 0, 0, -375, -1250]	[[-6, 28]]
"2702.b1"	2702	[1, -1, 1, -2095, 37423]	[[29, 6]]
"2702.b2"	2702	[1, -1, 1, -135, 575]	[[1, 20]]
"2706.a1"	2706	[1, 1, 0, -25, 37]	[[-6, 7]]
"2706.d1"	2706	[1, 0, 1, -28, -58]	[[6, -2]]
"2706.e1"	2706	[1, 0, 1, -7245, 236872]	[[50, -9]]
"2706.e2"	2706	[1, 0, 1, 6900, 1005130]	[[-5/2, 7987/2]]
"2706.f1"	2706	[1, 0, 1, -479, 5618]	[[39, 196]]
"2706.g1"	2706	[1, 0, 1, -36461, 1232936]	[[370721/40, 139018899/40]]
"2706.g2"	2706	[1, 0, 1, -30686, 2066384]	[[222, 2380]]
"2706.g3"	2706	[1, 0, 1, -30526, 2089040]	[[4, 1400]]
"2706.g4"	2706	[1, 0, 1, 127379, 9293864]	[[3019/2, 182107/2]]
"2706.j1"	2706	[1, 1, 1, -38055, -2324259]	[[-121, 786]]
"2706.k1"	2706	[1, 1, 1, 9, -3]	[[1, 2]]
"2706.m1"	2706	[1, 1, 1, -150151, -37246675]	[[37505, 7244274]]
"2706.n1"	2706	[1, 1, 1, -493, -4255]	[[-45/2, 5/2]]
"2706.o1"	2706	[1, 0, 0, -1750, -28324]	[[50, 74]]
"2706.p1"	2706	[1, 0, 0, -25379, -1558287]	[[-92, 49]]
"2706.p2"	2706	[1, 0, 0, -1619, -23391]	[[-26, 49]]
"2706.p3"	2706	[1, 0, 0, -339, 1953]	[[6, 9]]
"2706.r1"	2706	[1, 0, 0, -116468, -15233904]	[[-188, 256]]
"2708.a1"	2708	[0, 1, 0, -28, 52]	[[3, 2]]
"2712.e1"	2712	[0, 1, 0, -41, -117]	[[9, 18]]
"2712.g1"	2712	[0, 1, 0, 15, 387]	[[-3, 18]]
"2714.c1"	2714	[1, 0, 0, 50, 4]	[[6, 20]]
"2715.b1"	2715	[1, 0, 0, -770, 5487]	[[39, 168]]
"2715.b2"	2715	[1, 0, 0, 135, 600]	[[5, 35]]
"2715.c1"	2715	[1, 0, 1, -963, 11413]	[[17, -3]]
"2715.c2"	2715	[1, 0, 1, -58, 191]	[[7, 8]]
"2718.e1"	2718	[1, -1, 0, 3, -91]	[[5, 3]]
"2718.j1"	2718	[1, -1, 0, -2070, -35852]	[[2671/3, 132131/3]]
"2718.j2"	2718	[1, -1, 0, 14850, 754348]	[[1111/3, 55336/3]]
"2720.b1"	2720	[0, 1, 0, -1926, 31900]	[[21, 34]]
"2720.b2"	2720	[0, 1, 0, -1921, 32079]	[[17, 68]]
"2724.b1"	2724	[0, -1, 0, 27, 81]	[[0, 9]]
"2724.c1"	2724	[0, 1, 0, -653, -10401]	[[42, 195]]
"2724.c2"	2724	[0, 1, 0, 67, 255]	[[-3, 6]]
"2728.d1"	2728	[0, -1, 0, -48972, -4155019]	[[1133/2, 17193/2]]
"2728.e1"	2728	[0, -1, 0, -8, 44]	[[1, 6]]
"2735.b1"	2735	[0, 1, 1, -1, 5]	[[-1, 2]]
"2736.c1"	2736	[0, 0, 0, -110784, -14192656]	[[161305/11, 62532117/11]]
"2736.c2"	2736	[0, 0, 0, -1344, -20176]	[[97, 873]]
"2736.e1"	2736	[0, 0, 0, -11451, 458570]	[[73, 108]]
"2736.e2"	2736	[0, 0, 0, -1731, -17710]	[[-29, 90]]
"2736.e3"	2736	[0, 0, 0, -1551, -23506]	[[77, 560]]
"2736.e4"	2736	[0, 0, 0, 5109, -123046]	[[47, 470]]
"2736.f1"	2736	[0, 0, 0, -531, 4690]	[[17, 24]]
"2736.l1"	2736	[0, 0, 0, -135, -378]	[[13, 8]]
"2736.l2"	2736	[0, 0, 0, 405, -2646]	[[25, 152]]
"2736.m1"	2736	[0, 0, 0, -15, 14]	[[5, 8]]
"2736.m2"	2736	[0, 0, 0, 45, 98]	[[1, 12]]
"2736.n1"	2736	[0, 0, 0, -12315, -4231222]	[[26261/11, 2424832/11]]
"2736.n3"	2736	[0, 0, 0, 1365, 154586]	[[-43, 128]]
"2736.o1"	2736	[0, 0, 0, -61635, -5889598]	[[1793, 75152]]
"2736.o2"	2736	[0, 0, 0, -60195, -6177886]	[[313, 2376]]
"2736.o3"	2736	[0, 0, 0, -1155, 1154]	[[65, 448]]
"2736.r1"	2736	[0, 0, 0, -4779, -126630]	[[-38, 10]]
"2736.r2"	2736	[0, 0, 0, -459, 378]	[[-6, 54]]
"2736.t1"	2736	[0, 0, 0, 24, 268]	[[2, 18]]
"2738.a1"	2738	[1, 0, 1, -64372, 6322098]	[[124, 438]]
"2738.a2"	2738	[1, 0, 1, 188893, 33674718]	[[114, 7472]]
"2738.b1"	2738	[1, 1, 0, -28, -156]	[[15, 48]]
"2739.b1"	2739	[0, -1, 1, 1, 2]	[[0, 1]]
"2739.c1"	2739	[1, 1, 0, -3597, 4230]	[[10/3, 400/3]]
"2739.c2"	2739	[1, 1, 0, -2382, -45585]	[[54555/2, 12688365/2]]
"2739.g1"	2739	[0, -1, 1, -120, -475]	[[1789/2, 75557/2]]
"2740.b2"	2740	[0, 1, 0, 180, -2540]	[[19, 90]]
"2742.c2"	2742	[1, 1, 0, -600, -11808]	[[447/2, 8787/2]]
"2745.c1"	2745	[1, -1, 1, -3308, 71106]	[[20, 102]]
"2745.c2"	2745	[1, -1, 1, -563, -3558]	[[-10, 36]]
"2745.c3"	2745	[1, -1, 1, -518, -4404]	[[36, 132]]
"2745.c4"	2745	[1, -1, 1, 1462, -24618]	[[30, 198]]
"2748.b1"	2748	[0, -1, 0, -105052, -13070552]	[[-453289549371/49270, 545039376052267/49270]]
"2748.b2"	2748	[0, -1, 0, -6637, -197870]	[[-177414/65, 19460134/65]]
"2749.a1"	2749	[1, 0, 1, -2, -3]	[[5, 8]]
"2751.a1"	2751	[1, 1, 1, 7, -16]	[[2, 2]]
"2751.d1"	2751	[1, 1, 0, -9429, 346860]	[[-136/5, 79202/5]]
"2751.d2"	2751	[1, 1, 0, -924, -1845]	[[8503/6, 754081/6]]
"2751.d3"	2751	[1, 1, 0, -679, -7088]	[[236, 3494]]
"2751.d4"	2751	[1, 1, 0, 3661, -10098]	[[10246399/210, 32889276587/210]]
"2755.a1"	2755	[1, -1, 1, -12523, -65578]	[[350, 6016]]
"2755.a2"	2755	[1, -1, 1, 3102, -9328]	[[3868/7, 277901/7]]
"2757.b1"	2757	[0, 1, 1, -343, -893]	[[205/2, 2753/2]]
"2758.a1"	2758	[1, 1, 0, -17, -35]	[[-3, 2]]
"2758.g1"	2758	[1, 0, 0, -131663, -18399367]	[[-1886/3, 2839/3]]
"2758.g2"	2758	[1, 0, 0, -1743, -21511]	[[-26, 93]]
"2760.e1"	2760	[0, -1, 0, -870880, -301514900]	[[-25975/7, 1132230/7]]
"2760.e2"	2760	[0, -1, 0, -141880, 14287900]	[[65, 2310]]
"2760.e3"	2760	[0, -1, 0, -129380, 17952900]	[[190, 440]]
"2760.e4"	2760	[0, -1, 0, -129375, 17954352]	[[649, 14385]]
"2760.e5"	2760	[0, -1, 0, -116960, 21524892]	[[1381/2, 37675/2]]
"2760.e6"	2760	[0, -1, 0, 387120, 95330700]	[[21745/3, 3321010/3]]
"2760.f1"	2760	[0, -1, 0, 15, 117]	[[9, 30]]
"2760.h1"	2760	[0, 1, 0, -2160176, -1222750176]	[[2515, 96222]]
"2760.h2"	2760	[0, 1, 0, -209696, 4219680]	[[2629/2, 98223/2]]
"2760.h3"	2760	[0, 1, 0, -135176, -19090176]	[[640, 12528]]
"2760.h4"	2760	[0, 1, 0, -3956, -614400]	[[112, 600]]
"2763.a1"	2763	[0, 0, 1, 9, 20]	[[0, 4]]
"2763.b1"	2763	[0, 0, 1, 15, 4]	[[1, 4]]
"2763.f1"	2763	[0, 0, 1, -210, -1323]	[[17, 4]]
"2763.f2"	2763	[0, 0, 1, 1410, 4914]	[[-166/7, 3235/7]]
"2765.a1"	2765	[0, 1, 1, -5871, -174939]	[[-45, 12]]
"2766.b1"	2766	[1, 1, 0, -530, 4692]	[[29, 107]]
"2766.c1"	2766	[1, 1, 0, 4, -48]	[[8, 20]]
"2766.g1"	2766	[1, 0, 0, -471, 3897]	[[12, -9]]
"2768.c1"	2768	[0, 1, 0, -112, -44]	[[18, 64]]
"2770.a1"	2770	[1, 1, 0, -23, -43]	[[-17/2, 23/2]]
"2770.a2"	2770	[1, 1, 0, 57, -187]	[[14, 53]]
"2770.b2"	2770	[1, 0, 0, -206, 3670]	[[-29/2, 583/2]]
"2770.d1"	2770	[1, 1, 1, -1, 3]	[[-1, 2]]
"2770.e1"	2770	[1, 1, 1, -65, -945]	[[13, 18]]
"2770.h1"	2770	[1, 0, 0, -173806, -27904280]	[[1472577820/1599, 31304802523480/1599]]
"2770.h2"	2770	[1, 0, 0, -2066, -41404]	[[1786/3, 70636/3]]
"2770.h3"	2770	[1, 0, 0, 174, 260]	[[10, 50]]
"2772.a1"	2772	[0, 0, 0, -5967, -152010]	[[-41, 154]]
"2772.a2"	2772	[0, 0, 0, 648, -13095]	[[42, 297]]
"2772.b2"	2772	[0, 0, 0, 351, 621]	[[12, 81]]
"2772.c2"	2772	[0, 0, 0, 51, -191]	[[8, 27]]
"2772.e1"	2772	[0, 0, 0, -192, -1132]	[[29, 133]]
"2774.a1"	2774	[1, -1, 0, -812, 9112]	[[19, 7]]
"2776.a1"	2776	[0, -1, 0, -17, 37]	[[3, 2]]
"2778.a1"	2778	[1, 1, 0, -80, -312]	[[13, 26]]
"2778.b1"	2778	[1, 0, 1, 2, 2]	[[0, 1]]
"2778.c1"	2778	[1, 0, 0, -59, 2193]	[[22, 97]]
"2780.a1"	2780	[0, -1, 0, -26, 61]	[[3, 1]]
"2780.c1"	2780	[0, -1, 0, -19601, 195110]	[[468406/9, 320456438/9]]
"2780.c2"	2780	[0, -1, 0, 77004, 1470296]	[[1574805805/522, 62561146784327/522]]
"2781.b1"	2781	[0, 0, 1, -189, -979]	[[73/2, 321/2]]
"2784.b1"	2784	[0, -1, 0, -4177, -102527]	[[65787/7, 16847480/7]]
"2784.b2"	2784	[0, -1, 0, -552, 2772]	[[-4, 70]]
"2784.b3"	2784	[0, -1, 0, -262, -1520]	[[1342, 49140]]
"2784.b4"	2784	[0, -1, 0, 8, -4760]	[[33549/5, 6142682/5]]
"2785.b1"	2785	[1, 1, 1, -320, 2070]	[[10, -6]]
"2786.b2"	2786	[1, 1, 1, 925, -99597]	[[72259/30, 18000463/30]]
"2786.d1"	2786	[1, 0, 0, -812, -8974]	[[30887/26, 3522033/26]]
"2787.d1"	2787	[1, 0, 1, 3, 13]	[[-1, 3]]
"2788.b1"	2788	[0, 1, 0, -1738, -28475]	[[-875/6, 55/6]]
"2790.b1"	2790	[1, -1, 0, -2283810, -1327854700]	[[118056499/207, 1010253730195/207]]
"2790.f1"	2790	[1, -1, 0, -5949, 178105]	[[44, -31]]
"2790.g1"	2790	[1, -1, 0, -6414, -230572]	[[391/2, 1715/2]]
"2790.g2"	2790	[1, -1, 0, 561, 1773]	[[-3, 9]]
"2790.h1"	2790	[1, -1, 0, -9594, 364108]	[[57, -26]]
"2790.h2"	2790	[1, -1, 0, -594, 5908]	[[12, 14]]
"2790.q1"	2790	[1, -1, 1, -713, 8777]	[[15, 28]]
"2790.z1"	2790	[1, -1, 1, -253757, 49264389]	[[287, -24]]
"2793.c2"	2793	[1, 1, 1, -21120, -1190064]	[[-84, 51]]
"2793.i1"	2793	[1, 1, 0, -4974, -137115]	[[3415/6, 99025/6]]
"2793.i2"	2793	[1, 1, 0, -319, -2120]	[[143/2, 1327/2]]
"2793.i4"	2793	[1, 1, 0, 416, -9617]	[[314, 5429]]
"2800.g1"	2800	[0, 1, 0, -1092208, 438981588]	[[594, 384]]
"2800.g3"	2800	[0, 1, 0, -14208, 529588]	[[-6, 784]]
"2800.g4"	2800	[0, 1, 0, -4208, -106412]	[[-38, 8]]
"2800.g5"	2800	[0, 1, 0, -208, -2412]	[[34, 176]]
"2800.h1"	2800	[0, -1, 0, -18208, 1334912]	[[58, 686]]
"2800.j1"	2800	[0, -1, 0, -4208, 106912]	[[92, 700]]
"2800.o1"	2800	[0, 0, 0, -80, 275]	[[1, 14]]
"2800.p1"	2800	[0, 0, 0, -7475, -248750]	[[175, 1950]]
"2800.p2"	2800	[0, 0, 0, -1475, 17250]	[[5, 100]]
"2800.p3"	2800	[0, 0, 0, -475, -3750]	[[-11, 12]]
"2800.p4"	2800	[0, 0, 0, 25, -250]	[[41, 264]]
"2800.w1"	2800	[0, 1, 0, -2373, -45517]	[[478, 10405]]
"2800.w2"	2800	[0, 1, 0, 27, 83]	[[-2, 5]]
"2800.x1"	2800	[0, 1, 0, -728, 10388]	[[14, 56]]
"2800.x2"	2800	[0, 1, 0, 72, -172]	[[22, 112]]
"2800.ba1"	2800	[0, -1, 0, -2458, 47787]	[[33, 39]]
"2800.ba2"	2800	[0, -1, 0, 42, 287]	[[17, 75]]
"2805.b2"	2805	[0, 1, 1, 8839, 116045]	[[1261/2, 46871/2]]
"2805.d2"	2805	[1, 0, 1, -91854, 10421227]	[[83, 1794]]
"2805.d3"	2805	[1, 0, 1, -13729, -391273]	[[-35, 233]]
"2805.d4"	2805	[1, 0, 1, 25021, 35151977]	[[1707/2, 87227/2]]
"2806.a1"	2806	[1, 0, 1, -432, 3422]	[[0, 58]]
"2806.a2"	2806	[1, 0, 1, 833, 17682]	[[-10, 96]]
"2806.b1"	2806	[1, -1, 0, -1041131, 590570501]	[[3799/2, 167367/2]]
"2806.c1"	2806	[1, 1, 0, -2, 2]	[[1, 1]]
"2810.b1"	2810	[1, 0, 1, -273, 1706]	[[10, -3]]
"2812.b1"	2812	[0, 1, 0, -149, 647]	[[2, 19]]
"2814.a1"	2814	[1, 0, 1, -16222, -796480]	[[-74, 44]]
"2814.a3"	2814	[1, 0, 1, -1102, -10240]	[[40, 80]]
"2814.a4"	2814	[1, 0, 1, 178, -1024]	[[6, 13]]
"2815.a1"	2815	[1, 0, 0, 10, -25]	[[5, 10]]
"2817.a1"	2817	[1, -1, 1, -50, 128]	[[6, 1]]
"2817.a2"	2817	[1, -1, 1, 85, 614]	[[-3, 19]]
"2820.d1"	2820	[0, 1, 0, -62036, -8056236]	[[331, 2790]]
"2820.d2"	2820	[0, 1, 0, 6004, 135780]	[[-20, 90]]
"2825.a1"	2825	[1, 1, 1, -463, -4094]	[[55, 347]]
"2825.b1"	2825	[1, 0, 1, -51, -127]	[[-21/2, 23/2]]
"2825.b2"	2825	[1, 0, 1, 74, -627]	[[17, 66]]
"2826.e1"	2826	[1, -1, 0, -246, 1540]	[[8, 2]]
"2826.e2"	2826	[1, -1, 0, -6, 52]	[[-1, 8]]
"2826.i1"	2826	[1, -1, 1, -1295, 18263]	[[3, 118]]
"2826.j1"	2826	[1, -1, 1, 115, 181]	[[7, 32]]
"2829.a1"	2829	[1, 1, 1, -45264, -3725478]	[[1107/2, 16849/2]]
"2829.a2"	2829	[1, 1, 1, -2829, -59094]	[[225, 3167]]
"2829.a3"	2829	[1, 1, 1, -2714, -63970]	[[71, 292]]
"2829.a4"	2829	[1, 1, 1, -184, -904]	[[-10, 12]]
"2829.f1"	2829	[1, 1, 0, -61, -200]	[[88, 784]]
"2829.f2"	2829	[1, 1, 0, 54, -729]	[[351/2, 6291/2]]
"2829.g1"	2829	[1, 0, 1, -1715, 24761]	[[135/2, 461/2]]
"2829.g2"	2829	[1, 0, 1, 130, 1883]	[[3, 46]]
"2830.c1"	2830	[1, 0, 1, -1133, -15194]	[[40, 42]]
"2830.d1"	2830	[1, 0, 1, -38, 88]	[[4, 0]]
"2830.g1"	2830	[1, 1, 1, 4, 93]	[[1, 9]]
"2830.h1"	2830	[1, 0, 0, -2791, 56521]	[[6, 197]]
"2830.h2"	2830	[1, 0, 0, -2031, 88145]	[[112/3, 6707/3]]
"2830.h3"	2830	[1, 0, 0, 17779, -2039449]	[[52449091/114, 377068995563/114]]
"2832.a2"	2832	[0, -1, 0, 152, 496]	[[10, 54]]
"2832.f1"	2832	[0, 1, 0, -10312, -405772]	[[-58, 24]]
"2832.f2"	2832	[0, 1, 0, -872, -1740]	[[-20, 90]]
"2832.f4"	2832	[0, 1, 0, 3448, -10380]	[[28, 330]]
"2835.e2"	2835	[0, 0, 1, -342, 2432]	[[10, 3]]
"2838.a1"	2838	[1, 1, 0, -27, 57]	[[-4, 13]]
"2838.b1"	2838	[1, 0, 1, -59, -250]	[[15, 40]]
"2838.c1"	2838	[1, 0, 1, -195152, 33175838]	[[249, 67]]
"2838.c2"	2838	[1, 0, 1, 112513, 124592978]	[[53439/5, 12449252/5]]
"2838.d1"	2838	[1, 0, 0, -2244, 17424]	[[0, 132]]
"2838.e1"	2838	[1, 0, 0, -1065329, -423316035]	[[-14894/5, 37781/5]]
"2838.e2"	2838	[1, 0, 0, -66869, -6558831]	[[-152, 391]]
"2838.e3"	2838	[1, 0, 0, -8549, 147969]	[[10, 247]]
"2838.e5"	2838	[1, 0, 0, -1529, -18803547]	[[574, 12733]]
"2838.e6"	2838	[1, 0, 0, 29291, 1109105]	[[20, 1295]]
"2840.b1"	2840	[0, 0, 0, -83, 158]	[[11, 24]]
"2844.b1"	2844	[0, 0, 0, -3711, 86870]	[[22, 126]]
"2844.b2"	2844	[0, 0, 0, -156, 2261]	[[-5, 54]]
"2848.c2"	2848	[0, 0, 0, -19, -102]	[[1174/5, 40032/5]]
"2849.a1"	2849	[1, -1, 1, -180, 938]	[[4, 14]]
"2849.a2"	2849	[1, -1, 1, 5, 50]	[[6, 13]]
"2850.a1"	2850	[1, 1, 0, -76000, 8032750]	[[165, 55]]
"2850.a2"	2850	[1, 1, 0, -5500, 81250]	[[9, 176]]
"2850.a3"	2850	[1, 1, 0, -4750, 124000]	[[45, 40]]
"2850.a4"	2850	[1, 1, 0, -250, 2500]	[[0, 50]]
"2850.e2"	2850	[1, 1, 0, -82536625, -288649002875]	[[292470172465266602910/120251263, 4352619315608951027501283745385/120251263]]
"2850.h1"	2850	[1, 0, 1, -12312001, 16627013648]	[[2026, -994]]
"2850.h3"	2850	[1, 0, 1, -769501, 259748648]	[[526, 506]]
"2850.i1"	2850	[1, 0, 1, -63951, 6219298]	[[148, -31]]
"2850.i2"	2850	[1, 0, 1, -3951, 99298]	[[23, 132]]
"2850.k1"	2850	[1, 0, 1, -786, 4318]	[[26, 27]]
"2850.k2"	2850	[1, 0, 1, 164, 518]	[[7, 41]]
"2850.n1"	2850	[1, 0, 1, -751, -7852]	[[42, 166]]
"2850.n2"	2850	[1, 0, 1, -1, -352]	[[12, 31]]
"2850.q1"	2850	[1, 1, 1, -186938, -30118969]	[[-235, 1067]]
"2850.q2"	2850	[1, 1, 1, -27563, 1737281]	[[65, 442]]
"2850.q3"	2850	[1, 1, 1, -563, 63281]	[[-25, 262]]
"2850.q4"	2850	[1, 1, 1, 5062, -1702969]	[[125, 887]]
"2850.s1"	2850	[1, 1, 1, -19638, 539781]	[[3959/2, 242859/2]]
"2850.s2"	2850	[1, 1, 1, 4112, 64781]	[[985, 30507]]
"2850.t1"	2850	[1, 1, 1, -2558, 48731]	[[5, 187]]
"2850.t2"	2850	[1, 1, 1, -158, 731]	[[5, 7]]
"2850.u1"	2850	[1, 1, 1, 987, -56469]	[[135, 1532]]
"2850.y2"	2850	[1, 0, 0, -2463, 51417]	[[-18, 309]]
"2850.z1"	2850	[1, 0, 0, -496888, -134878108]	[[29984/5, 3867538/5]]
"2852.a1"	2852	[0, 1, 0, -828, 8900]	[[4/3, 2494/3]]
"2856.b1"	2856	[0, -1, 0, -2192, -38772]	[[73, 430]]
"2856.b2"	2856	[0, -1, 0, -992, 12012]	[[109/2, 535/2]]
"2856.b3"	2856	[0, -1, 0, -152, -420]	[[22, 80]]
"2862.b1"	2862	[1, -1, 0, -43728, 3165056]	[[85, 196]]
"2862.d1"	2862	[1, -1, 0, -339, 2357]	[[22, 61]]
"2862.f1"	2862	[1, -1, 1, -1556, -20745]	[[-27, 45]]
"2862.g1"	2862	[1, -1, 1, -38, -75]	[[-3, 3]]
"2862.h1"	2862	[1, -1, 1, -5915, -172205]	[[-43, 56]]
"2862.h2"	2862	[1, -1, 1, -515, 4483]	[[11, 2]]
"2864.c1"	2864	[0, -1, 0, -288, -1792]	[[32, 144]]
"2865.b1"	2865	[0, -1, 1, -5, 8]	[[2, 1]]
"2867.a1"	2867	[1, -1, 0, 7, -18]	[[2, 0]]
"2868.c1"	2868	[0, 1, 0, -162, -2331]	[[21, 63]]
"2868.c2"	2868	[0, 1, 0, 18, 81]	[[-3, 3]]
"2868.e1"	2868	[0, 1, 0, -9770, 368517]	[[37, 243]]
"2869.a1"	2869	[0, -1, 1, -38920, -2941820]	[[-451/2, 147/2]]
"2869.a2"	2869	[0, -1, 1, -1110, 14580]	[[69/2, 127/2]]
"2869.b1"	2869	[0, 1, 1, -12237, -525128]	[[-3146/7, -162/7]]
"2869.b2"	2869	[0, 1, 1, -157, -705]	[[-453/7, 2052/7]]
"2870.b1"	2870	[1, 0, 1, -79159, 5261082]	[[-54, 3089]]
"2870.b2"	2870	[1, 0, 1, -70344, 7175126]	[[161, 91]]
"2870.b3"	2870	[1, 0, 1, -70144, 7218006]	[[156, 201]]
"2870.b4"	2870	[1, 0, 1, 240841, 37133082]	[[360, 12878]]
"2870.d1"	2870	[1, -1, 0, -35, -59]	[[-3, 5]]
"2871.b1"	2871	[1, -1, 1, -4424, -111990]	[[110, 795]]
"2871.b2"	2871	[1, -1, 1, -3119, -180372]	[[479, 10155]]
"2874.c1"	2874	[1, 1, 1, -54, -153]	[[9, 9]]
"2874.e1"	2874	[1, 1, 1, -2582, 49421]	[[215/2, 1891/2]]
"2877.a1"	2877	[1, 1, 1, -63, -138]	[[-5, 11]]
"2877.a2"	2877	[1, 1, 1, -28, 44]	[[2, 0]]
"2878.a1"	2878	[1, -1, 0, -4, 16]	[[0, 4]]
"2880.b1"	2880	[0, 0, 0, -7788, -264368]	[[-51, 13]]
"2880.b3"	2880	[0, 0, 0, -588, -2288]	[[-6, 32]]
"2880.f1"	2880	[0, 0, 0, -1488, -22088]	[[78, 580]]
"2880.f2"	2880	[0, 0, 0, -1308, -27632]	[[62, 360]]
"2880.f3"	2880	[0, 0, 0, -48, 88]	[[6, 4]]
"2880.f4"	2880	[0, 0, 0, 132, 592]	[[6, 40]]
"2880.g2"	2880	[0, 0, 0, 12, 32]	[[2, 8]]
"2880.i1"	2880	[0, 0, 0, -2028, -34832]	[[-24, 4]]
"2880.i2"	2880	[0, 0, 0, -228, 448]	[[-6, 40]]
"2880.i3"	2880	[0, 0, 0, -183, 952]	[[12, 22]]
"2880.j1"	2880	[0, 0, 0, -2028, 34832]	[[34, 72]]
"2880.j2"	2880	[0, 0, 0, -228, -448]	[[22, 72]]
"2880.j3"	2880	[0, 0, 0, -183, -952]	[[28, 126]]
"2880.j4"	2880	[0, 0, 0, 852, -3472]	[[13, 99]]
"2880.k1"	2880	[0, 0, 0, -73548, -7677072]	[[334, 2240]]
"2880.l2"	2880	[0, 0, 0, 12, -32]	[[6, 16]]
"2880.n1"	2880	[0, 0, 0, -4428, 112752]	[[46, 80]]
"2880.n2"	2880	[0, 0, 0, -108, 3888]	[[-2, 64]]
"2880.q1"	2880	[0, 0, 0, -3072108, -2072539568]	[[60634256/35, 471846682404/35]]
"2880.q3"	2880	[0, 0, 0, -192108, -32347568]	[[12944/5, 330372/5]]
"2880.q5"	2880	[0, 0, 0, -39468, -2599472]	[[-99, 581]]
"2880.q6"	2880	[0, 0, 0, -10668, 384208]	[[29, 315]]
"2880.t1"	2880	[0, 0, 0, -3852, 92016]	[[40, 44]]
"2880.t2"	2880	[0, 0, 0, -252, 1296]	[[0, 36]]
"2880.t3"	2880	[0, 0, 0, -72, -216]	[[10, 8]]
"2880.t4"	2880	[0, 0, 0, 468, 7344]	[[-2, 80]]
"2880.u2"	2880	[0, 0, 0, -8172, -284336]	[[218, 2880]]
"2880.w1"	2880	[0, 0, 0, -492, 4176]	[[10, 16]]
"2880.w2"	2880	[0, 0, 0, -12, 144]	[[0, 12]]
"2880.x1"	2880	[0, 0, 0, -115212, 15052016]	[[197, 25]]
"2880.x2"	2880	[0, 0, 0, -7212, 234416]	[[-8, 540]]
"2880.x3"	2880	[0, 0, 0, -2892, 512624]	[[-2, 720]]
"2880.x4"	2880	[0, 0, 0, -732, -1456]	[[-20, 72]]
"2880.x5"	2880	[0, 0, 0, -552, -4984]	[[50, 304]]
"2880.x6"	2880	[0, 0, 0, 2868, -11536]	[[20, 232]]
"2880.y1"	2880	[0, 0, 0, -1244172, 534156784]	[[1085, 21483]]
"2880.y2"	2880	[0, 0, 0, -77772, 8343664]	[[168, 140]]
"2880.y3"	2880	[0, 0, 0, -63372, 11528944]	[[-120, 4172]]
"2880.y4"	2880	[0, 0, 0, -46092, -3808784]	[[276, 2120]]
"2880.y5"	2880	[0, 0, 0, -5772, 78064]	[[8, 180]]
"2880.y6"	2880	[0, 0, 0, -2892, -59024]	[[116, 1080]]
"2880.y8"	2880	[0, 0, 0, 20148, 586096]	[[62, 1440]]
"2880.z1"	2880	[0, 0, 0, -5772, -168784]	[[100, 504]]
"2880.z3"	2880	[0, 0, 0, -372, -2464]	[[-10, 16]]
"2880.z4"	2880	[0, 0, 0, 33, -196]	[[20, 92]]
"2880.ba1"	2880	[0, 0, 0, -5772, 168784]	[[45, 13]]
"2880.ba2"	2880	[0, 0, 0, -1452, -18704]	[[-18, 40]]
"2880.ba3"	2880	[0, 0, 0, -372, 2464]	[[5, 27]]
"2880.ba4"	2880	[0, 0, 0, 33, 196]	[[0, 14]]
"2881.a1"	2881	[0, 1, 1, 11, -7]	[[7, 21]]
"2888.a1"	2888	[0, -1, 0, -43440, 6433996]	[[-171, 2972]]
"2888.d1"	2888	[0, 1, 0, -120, -976]	[[91, 866]]
"2888.f1"	2888	[0, -1, 0, -481, -23211]	[[108, 1083]]
"2890.a1"	2890	[1, -1, 0, -36445555, -84681498425]	[[3470820551/611, 139555175287800/611]]
"2890.e2"	2890	[1, 1, 0, 6497, -811003]	[[463/2, 9363/2]]
"2890.f1"	2890	[1, -1, 0, -190, 1050]	[[13, 19]]
"2890.f2"	2890	[1, -1, 0, -20, -4]	[[-2, 6]]
"2890.h1"	2890	[1, 1, 0, -2173, 32877]	[[171, 2082]]
"2890.h2"	2890	[1, 1, 0, 3607, 184313]	[[1, 433]]
"2890.n1"	2890	[1, 1, 1, -1919255, -1057200723]	[[11527, 1222486]]
"2890.o2"	2890	[1, 1, 1, 300, -983]	[[37, 231]]
"2890.p2"	2890	[1, 0, 0, 86694, -5435464]	[[423004/9, 273651292/9]]
"2891.a1"	2891	[1, 1, 0, -11, -20]	[[8, 18]]
"2891.b1"	2891	[1, 0, 1, -565, 5191]	[[5, 47]]
"2895.b1"	2895	[1, 0, 0, -90776, -10531995]	[[2188, 100231]]
"2895.b2"	2895	[1, 0, 0, -6401, -120120]	[[-56, 280]]
"2895.b3"	2895	[1, 0, 0, -2756, 54111]	[[25, 19]]
"2895.b4"	2895	[1, 0, 0, 19654, -844449]	[[355/2, 9767/2]]
"2895.d1"	2895	[0, 1, 1, -5211, -2267509]	[[2072317/66, 2919778127/66]]
"2895.d3"	2895	[0, 1, 1, 579, 83810]	[[-99/2, 1871/2]]
"2896.a1"	2896	[0, 1, 0, 96, -268]	[[4, 14]]
"2898.c1"	2898	[1, -1, 0, -15, 27]	[[3, 0]]
"2898.h1"	2898	[1, -1, 0, -126, 490]	[[3, 10]]
"2898.h2"	2898	[1, -1, 0, -36, -68]	[[-3, 4]]
"2898.n1"	2898	[1, -1, 1, -3245, -69235]	[[-35, 40]]
"2898.n2"	2898	[1, -1, 1, -5, -3139]	[[27, 112]]
"2898.p1"	2898	[1, -1, 1, -5450, -143607]	[[-39, 111]]
"2900.c1"	2900	[0, 0, 0, -200, -875]	[[-9, 14]]
"2900.c2"	2900	[0, 0, 0, 425, -5250]	[[89/2, 987/2]]
"2904.a1"	2904	[0, -1, 0, -164600, -720564]	[[-651/2, 37293/2]]
"2904.g1"	2904	[0, -1, 0, -57152, -5239188]	[[-124811/30, 472787/30]]
"2904.g2"	2904	[0, -1, 0, -3912, -64260]	[[3249, 185130]]
"2904.g4"	2904	[0, -1, 0, 10608, -441780]	[[29233/3, 4999870/3]]
"2904.h1"	2904	[0, -1, 0, -172, -812]	[[18, 40]]
"2904.h2"	2904	[0, -1, 0, -7, -20]	[[7, 15]]
"2904.j2"	2904	[0, 1, 0, 136, -1344]	[[16, 72]]
"2904.n1"	2904	[0, 1, 0, -73, 251]	[[-1, 18]]
"2907.a1"	2907	[1, -1, 1, -941, 11306]	[[6, 73]]
"2907.a2"	2907	[1, -1, 1, -86, 20]	[[0, 4]]
"2910.b1"	2910	[1, 1, 0, -82, -74]	[[-3, 14]]
"2910.b2"	2910	[1, 1, 0, -52, 124]	[[3, 1]]
"2910.d1"	2910	[1, 0, 1, -39, -38]	[[-4, 9]]
"2910.d2"	2910	[1, 0, 1, 141, -254]	[[8, 33]]
"2910.e1"	2910	[1, 0, 1, -82789, -9175504]	[[340, 1247]]
"2910.e3"	2910	[1, 0, 1, -5189, -142864]	[[-42, 58]]
"2910.e4"	2910	[1, 0, 1, -69, -5648]	[[44, 255]]
"2910.g2"	2910	[1, 1, 1, -796, -2371]	[[-7, 57]]
"2910.g3"	2910	[1, 1, 1, -476, 3773]	[[9, 13]]
"2910.g4"	2910	[1, 1, 1, 3084, -14787]	[[187, 2579]]
"2910.k2"	2910	[1, 0, 0, 3345, 42777]	[[-6, 153]]
"2914.c1"	2914	[1, 0, 1, -2632, -52178]	[[-475/4, 949/4]]
"2914.c2"	2914	[1, 0, 1, -47, -8]	[[-35/4, 627/4]]
"2914.d1"	2914	[1, 1, 1, -6, -5]	[[-1, 1]]
"2914.f1"	2914	[1, 0, 0, -11532, -476656]	[[-62, 0]]
"2914.f2"	2914	[1, 0, 0, -652, 5776]	[[0, 76]]
"2919.c1"	2919	[1, 1, 0, 144, 81]	[[0, 9]]
"2919.d1"	2919	[1, 0, 1, -5205, 144079]	[[41, -27]]
"2919.d2"	2919	[1, 0, 1, -340, 2021]	[[-5, 62]]
"2919.d3"	2919	[1, 0, 1, -95, -331]	[[21, 73]]
"2919.d4"	2919	[1, 0, 1, 605, 11471]	[[43/2, 1063/2]]
"2922.c1"	2922	[1, 1, 1, -32, -385]	[[99/2, 869/2]]
"2923.a1"	2923	[0, -1, 1, -198, 717]	[[13/2, 75/2]]
"2928.a1"	2928	[0, -1, 0, -72, -1296]	[[18, 54]]
"2928.a2"	2928	[0, -1, 0, 648, 34416]	[[42, 366]]
"2928.i1"	2928	[0, 1, 0, -244, -244]	[[-10, 36]]
"2928.i2"	2928	[0, 1, 0, 61, 0]	[[4, 18]]
"2928.k1"	2928	[0, 1, 0, -316224, -68550300]	[[2925/2, 76635/2]]
"2928.k2"	2928	[0, 1, 0, -20984, -936924]	[[-62, 360]]
"2928.k3"	2928	[0, 1, 0, -19764, -1076004]	[[594, 14040]]
"2928.k4"	2928	[0, 1, 0, -1159, -19240]	[[284, 4758]]
"2928.o1"	2928	[0, 1, 0, -17, -30]	[[10, 30]]
"2928.o2"	2928	[0, 1, 0, 28, -120]	[[37/2, 255/2]]
"2930.b1"	2930	[1, -1, 0, -25, 45]	[[1, 4]]
"2930.b2"	2930	[1, -1, 0, 55, 221]	[[-2, 11]]
"2931.a1"	2931	[0, 1, 1, -7, 22]	[[2, 4]]
"2934.a1"	2934	[1, -1, 0, -138, -580]	[[-7, 6]]
"2934.a2"	2934	[1, -1, 0, -18, 20]	[[1, 1]]
"2934.b1"	2934	[1, -1, 0, -27, -243]	[[9, 9]]
"2934.b2"	2934	[1, -1, 0, 243, 6399]	[[-9, 63]]
"2934.g1"	2934	[1, -1, 1, 943, -29375]	[[55, 404]]
"2936.a1"	2936	[0, 1, 0, -12, 13]	[[2, 1]]
"2940.a1"	2940	[0, -1, 0, -73516, 4878616]	[[-14, 2430]]
"2940.a2"	2940	[0, -1, 0, -30641, -1998534]	[[-89, 125]]
"2940.j1"	2940	[0, 1, 0, -1500, -14652]	[[-24, 90]]
"2940.l1"	2940	[0, 1, 0, -199005, -22785372]	[[-159, 2205]]
"2943.f1"	2943	[0, 0, 1, -189, 2423]	[[-71/2, 105/2]]
"2944.a1"	2944	[0, 1, 0, -125, -581]	[[25, 112]]
"2944.a2"	2944	[0, 1, 0, -10, -6]	[[-1, 2]]
"2950.d1"	2950	[1, 1, 0, 0, 40]	[[9, 25]]
"2950.h1"	2950	[1, 0, 1, -626, 6148]	[[13, 9]]
"2950.h2"	2950	[1, 0, 1, 2874, -315852]	[[63, 309]]
"2950.j1"	2950	[1, 1, 0, -8750, 312500]	[[55, 10]]
"2950.k2"	2950	[1, 0, 0, 1112, -12858]	[[399/2, 7965/2]]
"2950.q2"	2950	[1, 0, 0, 14387, -2713583]	[[3424/3, 200243/3]]
"2952.b2"	2952	[0, 0, 0, 69, -1690]	[[11, 20]]
"2952.d1"	2952	[0, 0, 0, 60, -668]	[[14, 54]]
"2954.a1"	2954	[1, 0, 1, -17882, -921972]	[[189, 1473]]
"2954.a2"	2954	[1, 0, 1, 53, -4122]	[[19, 52]]
"2955.b1"	2955	[0, 1, 1, -389715, -93771619]	[[-1443/2, -1/2]]
"2959.a1"	2959	[0, 0, 1, -1642, 25614]	[[38, 134]]
"2960.b1"	2960	[0, 1, 0, 0, 148]	[[6, 20]]
"2960.c1"	2960	[0, 1, 0, 200, 1620]	[[38, 256]]
"2960.d1"	2960	[0, -1, 0, -12021, 511321]	[[81, 250]]
"2960.h1"	2960	[0, 1, 0, -45, -25]	[[-5, 10]]
"2960.j1"	2960	[0, -1, 0, -856, -9360]	[[36, 72]]
"2960.j2"	2960	[0, -1, 0, -296, -21904]	[[148, 1776]]
"2960.j3"	2960	[0, -1, 0, 2664, 589040]	[[140, 1920]]
"2960.l1"	2960	[0, -1, 0, -60, -160]	[[133/3, 1196/3]]
"2960.l2"	2960	[0, -1, 0, -40, -288]	[[54, 390]]
"2961.a1"	2961	[0, 0, 1, -18597, -2718954]	[[347, 5710]]
"2961.d1"	2961	[0, 0, 1, -6, 7]	[[1, 1]]
"2968.b1"	2968	[0, 1, 0, -15, -26]	[[5, 7]]
"2968.b2"	2968	[0, 1, 0, 20, -96]	[[4, 8]]
"2968.f1"	2968	[0, -1, 0, -1128, -14212]	[[358/3, 1288/3]]
"2970.c1"	2970	[1, -1, 0, -120, -704]	[[48, 296]]
"2970.f1"	2970	[1, -1, 0, -150, 2600]	[[10, 40]]
"2970.f2"	2970	[1, -1, 0, 1335, -64819]	[[98, 951]]
"2970.g1"	2970	[1, -1, 0, -3292530, -2314599724]	[[1504436/5, 1840651326/5]]
"2970.j1"	2970	[1, -1, 0, -17211084, -27210609712]	[[-9817/2, 134367/2]]
"2970.j2"	2970	[1, -1, 0, -1601709, 760293413]	[[577, 4999]]
"2970.m1"	2970	[1, -1, 0, -609, -14275]	[[50, 255]]
"2970.m2"	2970	[1, -1, 0, 66, 440]	[[-4, 12]]
"2970.q1"	2970	[1, -1, 1, -31268, -2119769]	[[-103, 61]]
"2970.s1"	2970	[1, -1, 1, -1028, -12419]	[[-653/6, 2291/6]]
"2970.s2"	2970	[1, -1, 1, -38, 77]	[[-5, 13]]
"2970.bc1"	2970	[1, -1, 1, -17, -91]	[[7, 6]]
"2970.bc2"	2970	[1, -1, 1, 148, 2351]	[[-9, 19]]
"2976.e2"	2976	[0, 1, 0, 26, -28]	[[2, 6]]
"2979.a1"	2979	[1, -1, 1, -56, -188]	[[10, 8]]
"2979.c1"	2979	[1, -1, 0, -6, 9]	[[0, 3]]
"2982.b1"	2982	[1, 1, 0, -8605, 303787]	[[39, 152]]
"2982.c1"	2982	[1, 0, 1, -792, 8236]	[[26, 60]]
"2982.e1"	2982	[1, 0, 1, -11, 110]	[[6, 13]]
"2982.e2"	2982	[1, 0, 1, 94, -2956]	[[59/2, 267/2]]
"2982.f1"	2982	[1, 1, 1, -74, 215]	[[5, -5]]
"2982.g1"	2982	[1, 1, 1, -75369, -7995465]	[[-159, 86]]
"2982.g2"	2982	[1, 1, 1, -16169, 646967]	[[11, 680]]
"2982.g3"	2982	[1, 1, 1, -4809, -120969]	[[-47, 86]]
"2982.g4"	2982	[1, 1, 1, 311, -8329]	[[19, 60]]
"2982.h1"	2982	[1, 0, 0, 176, -1792]	[[32, 176]]
"2982.i1"	2982	[1, 0, 0, -203, 2769]	[[-14, 61]]
"2989.a1"	2989	[1, 1, 1, -1373, 18864]	[[-8, 175]]
"2992.a1"	2992	[0, 0, 0, -496, 4252]	[[18, 34]]
"2992.e1"	2992	[0, 0, 0, -515, 514]	[[-17, 66]]
"2992.g1"	2992	[0, 0, 0, -683, -6870]	[[35, 110]]
"2992.g2"	2992	[0, 0, 0, -643, -7710]	[[455, 9690]]
"2994.c1"	2994	[1, 1, 1, 25, 29]	[[3, 10]]
"3006.a1"	3006	[1, -1, 0, -6, 26]	[[1, 4]]
"3006.b1"	3006	[1, -1, 0, -243, -2187]	[[21, 30]]
"3006.c1"	3006	[1, -1, 1, 5071, -45471]	[[23, 276]]
"3006.d1"	3006	[1, -1, 1, -1121, 14681]	[[21, -2]]
"3006.d2"	3006	[1, -1, 1, -41, 425]	[[3, 16]]
"3006.e1"	3006	[1, -1, 1, -7745, 264255]	[[239/2, 639/2]]
"3006.f1"	3006	[1, -1, 1, -29372, -1932937]	[[303, 3961]]
"3010.b1"	3010	[1, 1, 0, -142, 596]	[[7, -1]]
"3010.e1"	3010	[1, 1, 1, -25, -3033]	[[47, 296]]
"3010.i1"	3010	[1, 0, 0, 35, 25]	[[0, 5]]
"3012.a1"	3012	[0, 1, 0, 43, -9]	[[1, 6]]
"3012.c1"	3012	[0, 1, 0, 1699, -237969]	[[58, 243]]
"3012.e1"	3012	[0, 1, 0, -29, -81]	[[10, 27]]
"3014.a1"	3014	[1, -1, 0, -1922392, 1026394944]	[[39579/7, -20922/7]]
"3014.a2"	3014	[1, -1, 0, -120152, 16059200]	[[139, 1355]]
"3017.a1"	3017	[1, 0, 0, 3, 2]	[[1, 2]]
"3018.e1"	3018	[1, 0, 0, -50542, -4377676]	[[-130, 68]]
"3023.a1"	3023	[1, -1, 1, -4, 0]	[[0, 0]]
"3024.d1"	3024	[0, 0, 0, -264, -1636]	[[-10, 2]]
"3024.h1"	3024	[0, 0, 0, -243, -1566]	[[19, 26]]
"3024.k1"	3024	[0, 0, 0, -48, 124]	[[2, 6]]
"3024.o1"	3024	[0, 0, 0, -16995, -852766]	[[185, 1528]]
"3024.o2"	3024	[0, 0, 0, -195, -1342]	[[17, 16]]
"3024.y1"	3024	[0, 0, 0, -6816, -216592]	[[-25207/23, 781/23]]
"3024.y3"	3024	[0, 0, 0, -96, -208]	[[-7, 11]]
"3025.d1"	3025	[0, 1, 1, -22183, -1312206]	[[145482, 55490055]]
"3025.d2"	3025	[0, 1, 1, -183, 919]	[[7, 5]]
"3026.c1"	3026	[1, 1, 1, -59665, -5634447]	[[673758696859/13110, 547610205017802607/13110]]
"3026.e1"	3026	[1, 1, 1, -1899, 31061]	[[63, 376]]
"3026.e2"	3026	[1, 1, 1, -119, 445]	[[5, 0]]
"3030.b1"	3030	[1, 1, 0, -488, 7488]	[[16, 56]]
"3030.c1"	3030	[1, 1, 0, -29932, -2020784]	[[89400/13, 24519188/13]]
"3030.e1"	3030	[1, 1, 0, -3232, -72086]	[[123, 1126]]
"3030.e2"	3030	[1, 1, 0, -202, -1184]	[[-9, 7]]
"3030.e3"	3030	[1, 1, 0, -52, -2714]	[[21, 67]]
"3030.e4"	3030	[1, 1, 0, -22, 4]	[[0, 2]]
"3030.h2"	3030	[1, 0, 1, 21, -44]	[[4, 8]]
"3030.i1"	3030	[1, 0, 1, -7554, 252052]	[[53, 9]]
"3030.k1"	3030	[1, 0, 1, -36237508, -82514558782]	[[-90257901/154, 67872569395/154]]
"3030.k2"	3030	[1, 0, 1, -4780228, 2092941506]	[[1755/2, 69851/2]]
"3030.k3"	3030	[1, 0, 1, -4128133, 3179409968]	[[-2286, 27055]]
"3030.k4"	3030	[1, 0, 1, -4110853, 3207742256]	[[1170, -593]]
"3030.l1"	3030	[1, 0, 1, -68, -1534]	[[17, 39]]
"3030.l2"	3030	[1, 0, 1, 7, 56]	[[-3, 4]]
"3030.p1"	3030	[1, 1, 1, -161796, -25094907]	[[-231, 257]]
"3030.p2"	3030	[1, 1, 1, -122916, -37412091]	[[1713, 68297]]
"3030.q1"	3030	[1, 1, 1, -775, -6115]	[[-17, 58]]
"3030.q2"	3030	[1, 1, 1, -295, 1757]	[[7, 6]]
"3030.r2"	3030	[1, 0, 0, 139, 1191]	[[51/2, 519/2]]
"3030.s1"	3030	[1, 0, 0, -224331, -56425455]	[[1368, 46191]]
"3036.a1"	3036	[0, -1, 0, -10220, -392184]	[[-59, 44]]
"3036.a2"	3036	[0, -1, 0, -10205, -393414]	[[134, 792]]
"3036.d1"	3036	[0, -1, 0, -228, 936]	[[2, 22]]
"3036.d2"	3036	[0, -1, 0, -93, -306]	[[-5, 3]]
"3036.f1"	3036	[0, 1, 0, -1380, 19044]	[[0, 138]]
"3036.f2"	3036	[0, 1, 0, -165, -396]	[[-3, 9]]
"3036.g1"	3036	[0, 1, 0, -386, -7767]	[[54, 363]]
"3036.h1"	3036	[0, 1, 0, -1606, 38093]	[[41, 207]]
"3036.i1"	3036	[0, 1, 0, -10, 17]	[[2, 3]]
"3038.b1"	3038	[1, -1, 0, -2312, -41000]	[[79, 475]]
"3038.b2"	3038	[1, -1, 0, -352, 1728]	[[23, 62]]
"3038.d2"	3038	[1, -1, 0, 103, -211]	[[11, 41]]
"3040.b1"	3040	[0, 0, 0, -268, -192]	[[-12, 36]]
"3040.b2"	3040	[0, 0, 0, -173, 872]	[[7, 2]]
"3045.a1"	3045	[1, 1, 1, -3261, 70314]	[[33, -13]]
"3045.a2"	3045	[1, 1, 1, -1091, -13462]	[[-16, 22]]
"3045.a3"	3045	[1, 1, 1, -216, 888]	[[4, 8]]
"3045.a4"	3045	[1, 1, 1, 29, 104]	[[-2, 7]]
"3045.c1"	3045	[1, 1, 1, -1856910, -974718630]	[[-119717009/390, 23467010341/390]]
"3045.c2"	3045	[1, 1, 1, -116185, -15231010]	[[-6977/6, 70873/6]]
"3045.c3"	3045	[1, 1, 1, -57460, -30546490]	[[2702431/42, 4313733775/42]]
"3045.c4"	3045	[1, 1, 1, -11060, 33140]	[[-77, 698]]
"3045.c5"	3045	[1, 1, 1, -7935, 268140]	[[48, 3]]
"3045.c6"	3045	[1, 1, 1, -7930, 268502]	[[172, 1921]]
"3045.c7"	3045	[1, 1, 1, -4890, 480072]	[[657, 16446]]
"3045.c8"	3045	[1, 1, 1, 44065, 319790]	[[0, 565]]
"3045.d1"	3045	[1, 0, 0, -2321, 42846]	[[30, 6]]
"3045.d2"	3045	[1, 0, 0, -146, 651]	[[1, 22]]
"3045.d3"	3045	[1, 0, 0, -21, -24]	[[5, -1]]
"3045.d4"	3045	[1, 0, 0, 29, 2156]	[[-5, 46]]
"3045.h1"	3045	[0, -1, 1, -166, -789]	[[101/2, 815/2]]
"3047.a1"	3047	[0, -1, 1, 498, -11640]	[[97, 969]]
"3047.b1"	3047	[1, 1, 0, -5, 2]	[[-2, 4]]
"3050.h2"	3050	[1, -1, 1, -6105, -6103]	[[-65, 368]]
"3050.h3"	3050	[1, -1, 1, -4105, 101897]	[[35, -4]]
"3050.h4"	3050	[1, -1, 1, 24395, -67103]	[[485/4, 52527/4]]
"3050.j2"	3050	[1, 1, 1, -6833, -219569]	[[-49, 0]]
"3059.a1"	3059	[1, -1, 1, -44284, -3575784]	[[35965/3, 6756304/3]]
"3059.a3"	3059	[1, -1, 1, -2769, -55312]	[[3994, 250370]]
"3059.a4"	3059	[1, -1, 1, -124, -1354]	[[3496/15, 30299/15]]
"3059.b1"	3059	[1, 1, 1, -64838, -6381668]	[[2698/3, 25931/3]]
"3059.b2"	3059	[1, 1, 1, -4003, -103496]	[[81178/33, 3636374/33]]
"3060.a1"	3060	[0, 0, 0, -1533, -169607]	[[296, 5031]]
"3060.c1"	3060	[0, 0, 0, 27, -243]	[[9, 27]]
"3060.d1"	3060	[0, 0, 0, -2493, 47917]	[[29, 3]]
"3060.d2"	3060	[0, 0, 0, 567, 155493]	[[12, 405]]
"3060.i1"	3060	[0, 0, 0, -22437, -1293759]	[[192, 1215]]
"3060.i2"	3060	[0, 0, 0, 63, -5759]	[[17, 15]]
"3060.k1"	3060	[0, 0, 0, 3, 9]	[[0, 3]]
"3060.l1"	3060	[0, 0, 0, -57, -299]	[[20, 81]]
"3066.a1"	3066	[1, 1, 0, -70, 196]	[[7, 7]]
"3066.a2"	3066	[1, 1, 0, -10, 592]	[[3, 23]]
"3066.c2"	3066	[1, 1, 0, -4035, -97587]	[[-33, 48]]
"3066.f1"	3066	[1, 0, 1, -57, -56]	[[-4, 12]]
"3066.f2"	3066	[1, 0, 1, 213, -380]	[[14, 66]]
"3074.a1"	3074	[1, -1, 0, -35, 149]	[[7, 11]]
"3075.g2"	3075	[0, 1, 1, -1983, 146894]	[[-1931/6, 68813/6]]
"3075.h1"	3075	[0, 1, 1, -3583, -84881]	[[70597/14, 18504611/14]]
"3075.h2"	3075	[0, 1, 1, 167, -506]	[[358, 6787]]
"3078.b1"	3078	[1, -1, 0, 156, -604]	[[50, 336]]
"3080.c1"	3080	[0, 0, 0, -3265883, -2270597418]	[[2428462/21, 3547463282/21]]
"3080.c2"	3080	[0, 0, 0, -1901003, 993848998]	[[2877262/23, 4736696118/23]]
"3080.c3"	3080	[0, 0, 0, -240883, -21812418]	[[5382, 393162]]
"3084.c1"	3084	[0, 1, 0, -1018, -12619]	[[-19, 15]]
"3088.a1"	3088	[0, 0, 0, -107, -70]	[[-1, 6]]
"3090.a1"	3090	[1, 1, 0, -87893, 9992973]	[[177, 54]]
"3090.a2"	3090	[1, 1, 0, -5493, 154413]	[[39, 18]]
"3090.a3"	3090	[1, 1, 0, -5013, 183117]	[[71, 402]]
"3090.a4"	3090	[1, 1, 0, -373, 1837]	[[3, 26]]
"3090.b1"	3090	[1, 0, 1, -135709, -19253704]	[[60565/4, 14710943/4]]
"3090.c1"	3090	[1, 0, 1, -9784, -711418]	[[8401/3, 752825/3]]
"3090.c3"	3090	[1, 0, 1, 1031, 19676]	[[-5, 122]]
"3090.d2"	3090	[1, 0, 1, 211006, -43619308]	[[7419/2, 648827/2]]
"3096.b1"	3096	[0, 0, 0, -351, -2430]	[[-11, 10]]
"3096.b2"	3096	[0, 0, 0, 189, -9234]	[[43, 280]]
"3096.e1"	3096	[0, 0, 0, 36, -108]	[[6, 18]]
"3096.f1"	3096	[0, 0, 0, -1539, -19170]	[[-95/2, 505/2]]
"3096.f2"	3096	[0, 0, 0, -459, 3510]	[[-17, 80]]
"3098.a1"	3098	[1, 0, 1, 14, 4]	[[2, 5]]
"3099.b1"	3099	[1, 1, 0, -20, 27]	[[-2, 9]]
"3099.b2"	3099	[1, 1, 0, -5, 84]	[[-5/2, 81/2]]
"3100.b1"	3100	[0, -1, 0, -2533, 49937]	[[32, 25]]
"3100.b2"	3100	[0, -1, 0, 1467, 183937]	[[127, 1550]]
"3102.b1"	3102	[1, 1, 0, 11, -467]	[[9, 17]]
"3102.c1"	3102	[1, 0, 1, 7, 2]	[[0, 1]]
"3102.d1"	3102	[1, 0, 1, -458, 2432]	[[3, 31]]
"3102.d2"	3102	[1, 0, 1, 82, 272]	[[0, 16]]
"3102.e1"	3102	[1, 0, 1, 883, 21224]	[[42, 343]]
"3102.g1"	3102	[1, 0, 1, -295433926, -1955090784616]	[[53524472691322034147752371/11864341946, 390862672079902830019400341958519422619/11864341946]]
"3102.g2"	3102	[1, 0, 1, 2018969, -9981207190]	[[3078976134/1087, 144632216854639/1087]]
"3102.h1"	3102	[1, 1, 1, -760, -11719]	[[133, 1437]]
"3102.i1"	3102	[1, 1, 1, -79572, 16472853]	[[-39, 4437]]
"3102.j1"	3102	[1, 0, 0, -308, 2064]	[[16, 28]]
"3106.a2"	3106	[1, 0, 0, 53, -255]	[[4, 3]]
"3106.b1"	3106	[1, 1, 1, -43, 7]	[[-5/6, 691/6]]
"3106.b2"	3106	[1, 1, 1, -33, 59]	[[3/2, 41/2]]
"3108.b1"	3108	[0, -1, 0, -348, -2376]	[[-10, 2]]
"3108.b2"	3108	[0, -1, 0, -33, 18]	[[-3, 9]]
"3108.f1"	3108	[0, 1, 0, -7068, -231084]	[[99, 222]]
"3108.f2"	3108	[0, 1, 0, -453, -3528]	[[-12, 18]]
"3108.g2"	3108	[0, 1, 0, -27228, 1720260]	[[216, 2442]]
"3108.g3"	3108	[0, 1, 0, -17913, -919044]	[[504, 10878]]
"3108.g4"	3108	[0, 1, 0, -1713, 26064]	[[27, 15]]
"3110.a1"	3110	[1, 0, 1, 781, 22542]	[[36, 294]]
"3116.a1"	3116	[0, 0, 0, -56, 212]	[[13, 41]]
"3122.a2"	3122	[1, -1, 0, -1636, -25008]	[[-23, 4]]
"3122.b1"	3122	[1, 0, 1, -33226, -2233604]	[[-91, 241]]
"3122.b2"	3122	[1, 0, 1, -5351, 149374]	[[37, 30]]
"3122.c1"	3122	[1, 0, 0, -4774, 126564]	[[40, -18]]
"3122.d1"	3122	[1, -1, 1, -16651, 831145]	[[7385/8, 308385/8]]
"3122.d2"	3122	[1, -1, 1, -1111, 11361]	[[3283/6, 165823/6]]
"3122.d3"	3122	[1, -1, 1, -1041, 13181]	[[91, 770]]
"3122.e1"	3122	[1, 0, 0, -18, 20]	[[-2, 8]]
"3122.f1"	3122	[1, 1, 1, -3654, -86539]	[[96311803/138, 938592485165/138]]
"3123.a1"	3123	[0, 0, 1, 15, 9]	[[9/2, 55/2]]
"3128.a1"	3128	[0, 1, 0, -3040, -62496]	[[-29, 46]]
"3128.a2"	3128	[0, 1, 0, -3000, -64256]	[[96, 736]]
"3129.a1"	3129	[1, 0, 0, -28, -7]	[[-1, 5]]
"3129.a2"	3129	[1, 0, 0, 7, 0]	[[9, 24]]
"3130.a1"	3130	[1, 1, 0, 7, 13]	[[-1, 3]]
"3130.b1"	3130	[1, 0, 1, -56153, -5266244]	[[640, 14547]]
"3130.b2"	3130	[1, 0, 1, 3222, -26244]	[[130/3, 3919/3]]
"3135.b2"	3135	[1, 1, 1, -31, 68]	[[2, 3]]
"3135.c1"	3135	[1, 1, 1, -5710, 163382]	[[51, 64]]
"3135.c3"	3135	[1, 1, 1, -485, 362]	[[-4, 49]]
"3135.c4"	3135	[1, 1, 1, 120, 120]	[[24, 120]]
"3135.e1"	3135	[1, 0, 0, -29185, -1920790]	[[1363/2, 40763/2]]
"3135.e2"	3135	[1, 0, 0, -2110, -20125]	[[70, 385]]
"3135.e3"	3135	[1, 0, 0, -985, 11600]	[[25, 40]]
"3135.e4"	3135	[1, 0, 0, -980, 11727]	[[82, 655]]
"3135.e5"	3135	[1, 0, 0, 60, 35217]	[[69, 573]]
"3135.e6"	3135	[1, 0, 0, 6965, -145360]	[[757/4, 32989/4]]
"3136.a1"	3136	[0, 0, 0, -28, -56]	[[-3, 1]]
"3136.b1"	3136	[0, 0, 0, -1372, -19208]	[[-19, 1]]
"3136.c2"	3136	[0, 1, 0, -65, -11201]	[[37, 196]]
"3136.f1"	3136	[0, 1, 0, -1633, 13887]	[[58, 343]]
"3136.h1"	3136	[0, -1, 0, -27897, -1784159]	[[-96, 1]]
"3136.h2"	3136	[0, -1, 0, -457, -559]	[[-16, 49]]
"3136.k1"	3136	[0, -1, 0, -569, -5039]	[[-336/5, 13/5]]
"3136.k2"	3136	[0, -1, 0, -9, 1]	[[0, 1]]
"3136.l1"	3136	[0, 0, 0, -7, 0]	[[4, 6]]
"3136.m3"	3136	[0, 0, 0, -196, 0]	[[18, 48]]
"3136.m4"	3136	[0, 0, 0, 49, 0]	[[16/3, 260/3]]
"3136.o1"	3136	[0, 0, 0, -116620, -15327984]	[[931200/13, 896827212/13]]
"3136.o2"	3136	[0, 0, 0, -6860, -268912]	[[5506, 408512]]
"3136.o4"	3136	[0, 0, 0, -140, 784]	[[0, 28]]
"3136.p1"	3136	[0, 0, 0, -58604, 5460560]	[[28, 1960]]
"3136.p2"	3136	[0, 0, 0, -11564, -378672]	[[266, 3920]]
"3136.p3"	3136	[0, 0, 0, -3724, 82320]	[[92, 720]]
"3136.r1"	3136	[0, 0, 0, -343, 0]	[[484/5, 3102/5]]
"3136.r2"	3136	[0, 0, 0, 1372, 0]	[[50, 440]]
"3136.t1"	3136	[0, 1, 0, -3201, 63671]	[[10, 181]]
"3136.u1"	3136	[0, 1, 0, -65, 167]	[[2, 7]]
"3136.y1"	3136	[0, -1, 0, -1633, -13887]	[[117, 1176]]
"3136.y2"	3136	[0, -1, 0, 327, -1735]	[[23, 132]]
"3136.z1"	3136	[0, -1, 0, -8562913, -9641661567]	[[2642430522499/22035, 3465439960080553532/22035]]
"3136.z2"	3136	[0, -1, 0, -534753, -150770815]	[[5179019/65, 8831271372/65]]
"3136.z3"	3136	[0, -1, 0, -111393, -11692351]	[[-16216/11, 1198785/11]]
"3136.z5"	3136	[0, -1, 0, -1633, 51969]	[[75, 588]]
"3136.z6"	3136	[0, -1, 0, 14047, -1080127]	[[1651/5, 45276/5]]
"3138.c1"	3138	[1, 1, 0, -25, -59]	[[-3, 2]]
"3138.d1"	3138	[1, 0, 1, -278381, -56556760]	[[-42612961/374, 8006516835/374]]
"3138.d2"	3138	[1, 0, 1, -3806, -60208]	[[-153/2, 1529/2]]
"3138.d3"	3138	[1, 0, 1, -1511, 22466]	[[18, 25]]
"3138.e1"	3138	[1, 1, 1, -12, -21]	[[-9/2, 7/2]]
"3138.f1"	3138	[1, 0, 0, -164, -240]	[[-8, 28]]
"3140.b1"	3140	[0, 1, 0, -28146, 1729429]	[[77, 157]]
"3140.b2"	3140	[0, 1, 0, -27806, 1775425]	[[54, 659]]
"3140.c1"	3140	[0, 1, 0, -10, -15]	[[-2, 1]]
"3143.a1"	3143	[1, 0, 0, -7, 0]	[[-1, 3]]
"3143.a2"	3143	[1, 0, 0, 28, 7]	[[6, 17]]
"3150.d1"	3150	[1, -1, 0, -18117, -108459]	[[138, 3]]
"3150.g1"	3150	[1, -1, 0, -23667, -1393759]	[[-91, 58]]
"3150.g2"	3150	[1, -1, 0, -16917, -2210509]	[[179, 598]]
"3150.g3"	3150	[1, -1, 0, -1167, 13741]	[[9, 58]]
"3150.g4"	3150	[1, -1, 0, 1833, 70741]	[[-1, 263]]
"3150.l1"	3150	[1, -1, 0, -162, -754]	[[-7, 4]]
"3150.l2"	3150	[1, -1, 0, -12, -4]	[[-2, 4]]
"3150.n1"	3150	[1, -1, 0, -984492, 376227666]	[[573, -282]]
"3150.o1"	3150	[1, -1, 0, -12867, -559459]	[[1507/2, 53897/2]]
"3150.p2"	3150	[1, -1, 0, -31617, 2260541]	[[50, 871]]
"3150.t1"	3150	[1, -1, 0, -84042, -9356634]	[[-167, 84]]
"3150.t2"	3150	[1, -1, 0, -5292, -142884]	[[-42, 84]]
"3150.t3"	3150	[1, -1, 0, -792, 5616]	[[4, 48]]
"3150.t4"	3150	[1, -1, 0, 1458, -487134]	[[99, 738]]
"3150.v1"	3150	[1, -1, 1, -4055, -98303]	[[-145/2, 83/2]]
"3150.v2"	3150	[1, -1, 1, -305, -803]	[[-5, 26]]
"3150.w1"	3150	[1, -1, 1, -3780005, 2829643247]	[[4591/2, 7055/2]]
"3150.w2"	3150	[1, -1, 1, -236255, 44255747]	[[303, 496]]
"3150.w3"	3150	[1, -1, 1, -220505, 50398247]	[[687/2, 32843/2]]
"3150.w4"	3150	[1, -1, 1, -83255, -8718253]	[[-141, 520]]
"3150.w5"	3150	[1, -1, 1, -15755, 596747]	[[9, 670]]
"3150.z2"	3150	[1, -1, 1, -1265, 18337]	[[-1, 140]]
"3150.ba1"	3150	[1, -1, 1, -1451480, -423093603]	[[-1953/2, 105955/2]]
"3150.ba2"	3150	[1, -1, 1, -1296230, -567705603]	[[-657, 335]]
"3150.ba3"	3150	[1, -1, 1, -607730, 177656397]	[[293, 4821]]
"3150.ba4"	3150	[1, -1, 1, -603230, 180482397]	[[443, -15]]
"3150.ba5"	3150	[1, -1, 1, -81230, -8805603]	[[-171, 335]]
"3150.ba6"	3150	[1, -1, 1, -18230, -22161603]	[[459, 7895]]
"3150.ba7"	3150	[1, -1, 1, -9230, 122397]	[[9, 195]]
"3150.ba8"	3150	[1, -1, 1, 164020, 597488397]	[[30413/4, 5582169/4]]
"3150.bg2"	3150	[1, -1, 1, 220, 47]	[[3, 25]]
"3150.bh1"	3150	[1, -1, 1, -128105, 17641897]	[[229, 410]]
"3150.bh2"	3150	[1, -1, 1, -80105, 30985897]	[[-91, 6170]]
"3150.bk1"	3150	[1, -1, 1, -725, -723]	[[-7, 66]]
"3150.bk2"	3150	[1, -1, 1, 2875, -7923]	[[29, 300]]
"3155.a1"	3155	[0, 1, 1, -702775, -226997616]	[[632178918294143557/23688678, 269924495074018983501791363/23688678]]
"3155.a2"	3155	[0, 1, 1, -8675, -314021]	[[2498029/78, 3840750809/78]]
"3155.a3"	3155	[0, 1, 1, 75, -1646]	[[406, 8192]]
"3158.d1"	3158	[1, 1, 1, -2, -5]	[[5, 9]]
"3160.a1"	3160	[0, 1, 0, -1015, -12762]	[[-19, 5]]
"3160.a2"	3160	[0, 1, 0, -620, -22400]	[[60, 400]]
"3160.c1"	3160	[0, 0, 0, -187, -906]	[[145/2, 1599/2]]
"3160.c2"	3160	[0, 0, 0, 13, -66]	[[35, 208]]
"3160.d1"	3160	[0, 1, 0, -25, 43]	[[3, 2]]
"3163.a1"	3163	[1, 0, 1, 3, -1]	[[1, 1]]
"3165.a1"	3165	[1, 1, 1, -3798000, 2847339492]	[[1167, 1886]]
"3165.a2"	3165	[1, 1, 1, -238430, 43999400]	[[218, 1453]]
"3165.a3"	3165	[1, 1, 1, -237375, 44415492]	[[112, 4331]]
"3165.a4"	3165	[1, 1, 1, -14770, 695870]	[[28, 538]]
"3168.b2"	3168	[0, 0, 0, 189, -1350]	[[22, 116]]
"3168.d1"	3168	[0, 0, 0, -11961, -503496]	[[180, 1782]]
"3168.i1"	3168	[0, 0, 0, 72, 3024]	[[-8, 44]]
"3168.k1"	3168	[0, 0, 0, -540, -864]	[[-3, 27]]
"3168.k2"	3168	[0, 0, 0, -405, -3132]	[[96, 918]]
"3168.l1"	3168	[0, 0, 0, -60, 32]	[[-2, 12]]
"3168.l2"	3168	[0, 0, 0, -45, 116]	[[5, 4]]
"3168.n1"	3168	[0, 0, 0, -60, -32]	[[-4, 12]]
"3168.n2"	3168	[0, 0, 0, -45, -116]	[[8, 6]]
"3168.p1"	3168	[0, 0, 0, -540, 864]	[[-2, 44]]
"3168.p2"	3168	[0, 0, 0, -405, 3132]	[[13, 8]]
"3168.q1"	3168	[0, 0, 0, -9, 8]	[[4, 6]]
"3168.q2"	3168	[0, 0, 0, 21, 50]	[[2, 10]]
"3168.r1"	3168	[0, 0, 0, -1164, -14528]	[[-19, 27]]
"3168.r2"	3168	[0, 0, 0, 51, -920]	[[20, 90]]
"3168.s2"	3168	[0, 0, 0, -1299, -16198]	[[-79/2, 335/2]]
"3168.s3"	3168	[0, 0, 0, -309, 1820]	[[5, 20]]
"3168.s4"	3168	[0, 0, 0, 501, 9758]	[[-11, 54]]
"3168.t2"	3168	[0, 0, 0, -1299, 19530]	[[22, 40]]
"3168.u1"	3168	[0, 0, 0, -4764, -126560]	[[1385/4, 21195/4]]
"3168.u2"	3168	[0, 0, 0, -1299, 16198]	[[29, 54]]
"3168.u3"	3168	[0, 0, 0, -309, -1820]	[[68, 540]]
"3170.b1"	3170	[1, 1, 0, -2708, -56752]	[[2248/3, 100948/3]]
"3174.d1"	3174	[1, 0, 1, -407606, -17146360]	[[-17069/6, 1852873/6]]
"3174.d2"	3174	[1, 0, 1, -304451, -64683358]	[[872, 17814]]
"3174.d3"	3174	[1, 0, 1, -18791, -1038310]	[[251, 3048]]
"3174.d4"	3174	[1, 0, 1, 100234, -2114296]	[[11997/4, 1399513/4]]
"3174.e1"	3174	[1, 1, 1, -130674, -18233199]	[[33604939/182, 177260259847/182]]
"3174.e2"	3174	[1, 1, 1, -56614, 4992017]	[[-201/2, 22415/2]]
"3174.e3"	3174	[1, 1, 1, -9004, -226039]	[[6497/7, 308433/7]]
"3174.e4"	3174	[1, 1, 1, 1576, -22903]	[[111, 1183]]
"3179.a1"	3179	[0, 1, 1, -2260076, -1308527588]	[[298301765/86, 5148525445821/86]]
"3179.a2"	3179	[0, 1, 1, -2986, -114768]	[[333/2, 3753/2]]
"3179.b1"	3179	[0, -1, 1, -28707, -4272975]	[[1197/2, 29763/2]]
"3179.e1"	3179	[0, 0, 1, 17, -13]	[[25/2, 143/2]]
"3179.f1"	3179	[0, 0, 1, 4913, -62641]	[[577/2, 15275/2]]
"3186.a1"	3186	[1, -1, 0, 6, 4]	[[0, 2]]
"3186.g1"	3186	[1, -1, 0, -120, 544]	[[-3, 31]]
"3186.l1"	3186	[1, -1, 1, 2071, -15831]	[[9, 54]]
"3190.b1"	3190	[1, 0, 1, -103638, -12716824]	[[-1667/3, 12343/3]]
"3190.b2"	3190	[1, 0, 1, -9863, 366906]	[[47, 64]]
"3190.b3"	3190	[1, 0, 1, -1238, -510744]	[[3565/4, 198113/4]]
"3190.b4"	3190	[1, 0, 1, 137, 18906]	[[20, 162]]
"3192.a1"	3192	[0, -1, 0, -106435, -13329764]	[[4301, 281199]]
"3192.a2"	3192	[0, -1, 0, -106300, -13365404]	[[396, 2546]]
"3192.d1"	3192	[0, -1, 0, -17024, -849300]	[[501, 10776]]
"3192.d2"	3192	[0, -1, 0, -1064, -12996]	[[45, 168]]
"3192.d3"	3192	[0, -1, 0, -784, -20276]	[[397/3, 4600/3]]
"3192.e1"	3192	[0, -1, 0, -43, 124]	[[1, 9]]
"3192.e2"	3192	[0, -1, 0, -28, 196]	[[0, 14]]
"3192.f1"	3192	[0, -1, 0, -708, -7020]	[[34, 84]]
"3192.f2"	3192	[0, -1, 0, -43, -104]	[[15, 49]]
"3192.g2"	3192	[0, -1, 0, -23948, 1131348]	[[22, 784]]
"3192.j2"	3192	[0, -1, 0, 128, 2860]	[[5, 60]]
"3192.k1"	3192	[0, 1, 0, -35, -66]	[[7, 9]]
"3192.k2"	3192	[0, 1, 0, 100, -336]	[[10, 42]]
"3192.l1"	3192	[0, 1, 0, -320, -816]	[[-8, 36]]
"3192.m1"	3192	[0, 1, 0, -2864, 58032]	[[4, 216]]
"3192.m2"	3192	[0, 1, 0, -1464, -21600]	[[-21, 18]]
"3192.m3"	3192	[0, 1, 0, -204, 576]	[[0, 24]]
"3192.m4"	3192	[0, 1, 0, 41, 86]	[[14, 60]]
"3192.o1"	3192	[0, 1, 0, -628, 5456]	[[20, 36]]
"3192.o2"	3192	[0, 1, 0, 37, 402]	[[1, 21]]
"3192.p2"	3192	[0, 1, 0, -4283112, -5439217680]	[[15531, 1916910]]
"3195.a1"	3195	[1, -1, 1, -2147, 38814]	[[29, 3]]
"3195.b1"	3195	[0, 0, 1, -858, 9828]	[[-16, 139]]
"3195.d1"	3195	[1, -1, 0, -17055, -853034]	[[462875/38, 273891163/38]]
"3195.d3"	3195	[1, -1, 0, -1080, -12749]	[[1235/2, 41857/2]]
"3195.d4"	3195	[1, -1, 0, 45, -824]	[[308, 5246]]
"3197.a1"	3197	[0, -1, 1, -4, -1]	[[-3/2, 5/2]]
"3199.b1"	3199	[1, -1, 0, -7, 0]	[[-9/2, 3/2]]
"3199.b2"	3199	[1, -1, 0, 28, -21]	[[31/6, 293/6]]
"3200.e1"	3200	[0, 1, 0, -233, -1337]	[[-11, 4]]
"3200.e2"	3200	[0, 1, 0, 17, -87]	[[8, 25]]
"3200.f1"	3200	[0, 1, 0, -1658, 25438]	[[19, 34]]
"3200.f2"	3200	[0, 1, 0, -1533, 29563]	[[-7, 200]]
"3200.h1"	3200	[0, 1, 0, -58, 138]	[[-1, 14]]
"3200.h2"	3200	[0, 1, 0, 67, 763]	[[-2, 25]]
"3200.j1"	3200	[0, -1, 0, 167, 2537]	[[17, 100]]
"3200.o1"	3200	[0, 0, 0, -1300, 18000]	[[16, 36]]
"3200.o2"	3200	[0, 0, 0, -50, 500]	[[-5, 25]]
"3200.t1"	3200	[0, 1, 0, 167, -2537]	[[33, 200]]
"3200.u1"	3200	[0, -1, 0, -58, -138]	[[-111/5, 438/5]]
"3200.u2"	3200	[0, -1, 0, 67, -763]	[[52, 375]]
"3200.v1"	3200	[0, -1, 0, -1658, -25438]	[[648037/66, 497820475/66]]
"3200.v2"	3200	[0, -1, 0, -1533, -29563]	[[5263/3, 380600/3]]
"3200.w1"	3200	[0, -1, 0, -6633, 210137]	[[11, 372]]
"3200.w2"	3200	[0, -1, 0, -383, 3887]	[[22, 75]]
"3201.a2"	3201	[1, 1, 1, -33, 54]	[[2, 0]]
"3201.b1"	3201	[1, 0, 0, -4754, 125769]	[[40, -17]]
"3201.b2"	3201	[1, 0, 0, -299, 1920]	[[7, 10]]
"3201.c1"	3201	[1, 0, 0, -178, 899]	[[10, 7]]
"3201.c2"	3201	[1, 0, 0, -13, 8]	[[-1, 5]]
"3202.a2"	3202	[1, -1, 1, 9, 215]	[[1, 14]]
"3204.b1"	3204	[0, 0, 0, 33, 182]	[[2, 16]]
"3204.c1"	3204	[0, 0, 0, -864, 9828]	[[24, 54]]
"3205.a1"	3205	[1, -1, 1, -142, -614]	[[14, -6]]
"3205.b1"	3205	[1, -1, 1, -11557, 50364]	[[-78, 726]]
"3205.b2"	3205	[1, -1, 1, -8352, 295226]	[[46, 59]]
"3205.b3"	3205	[1, -1, 1, -8347, 295594]	[[43/2, 3593/2]]
"3205.b4"	3205	[1, -1, 1, -5227, 516476]	[[171, 2059]]
"3206.f1"	3206	[1, 1, 1, -2735905, -1742945301]	[[-859769/30, 13091789/30]]
"3206.f2"	3206	[1, 1, 1, -14445, 535459]	[[19, 508]]
"3210.c1"	3210	[1, 1, 1, -525, -4833]	[[27, 26]]
"3210.c2"	3210	[1, 1, 1, -275, -9133]	[[103/2, 223/2]]
"3210.e1"	3210	[1, 1, 1, -34240, -2452915]	[[705, 17659]]
"3210.e2"	3210	[1, 1, 1, -2140, -38995]	[[63, 253]]
"3210.e3"	3210	[1, 1, 1, -2040, -42675]	[[565/3, 6853/3]]
"3210.e4"	3210	[1, 1, 1, -140, -595]	[[-5, 5]]
"3210.f1"	3210	[1, 0, 0, -33210, 656100]	[[180, 630]]
"3210.f2"	3210	[1, 0, 0, 126790, 5168100]	[[-20, 1630]]
"3210.g1"	3210	[1, 0, 0, -755, 1017]	[[-8, 85]]
"3210.g2"	3210	[1, 0, 0, -555, 4977]	[[12, 3]]
"3212.a1"	3212	[0, 0, 0, -16, -188]	[[28, 146]]
"3213.a1"	3213	[0, 0, 1, 20337, -1330840]	[[352, 7031]]
"3213.e1"	3213	[1, -1, 1, -1576262, -761317622]	[[1472, 9574]]
"3213.f1"	3213	[1, -1, 1, -1892, 32212]	[[16, 68]]
"3213.k1"	3213	[0, 0, 1, -1103490, -427069591]	[[-2783/2, 15781/2]]
"3213.k2"	3213	[0, 0, 1, -177390, 28599392]	[[174, 1732]]
"3213.k3"	3213	[0, 0, 1, -177120, 28691253]	[[-1479/2, 52839/2]]
"3213.v1"	3213	[0, 0, 1, 183033, 35932673]	[[9153/2, 892139/2]]
"3214.a1"	3214	[1, 1, 0, -36, 976]	[[40, 236]]
"3216.e1"	3216	[0, -1, 0, -22872, -1323792]	[[21234/5, 3039498/5]]
"3216.e2"	3216	[0, -1, 0, -1432, -20240]	[[844, 24480]]
"3216.e3"	3216	[0, -1, 0, -472, -47888]	[[7594/3, 661130/3]]
"3216.i1"	3216	[0, 1, 0, -1373, 19191]	[[19, 18]]
"3222.a2"	3222	[1, -1, 0, 288, -4050]	[[513/7, 99/7]]
"3222.e1"	3222	[1, -1, 1, -77, -75]	[[-7, 12]]
"3222.e2"	3222	[1, -1, 1, 283, -795]	[[5, 24]]
"3222.h1"	3222	[1, -1, 1, -660605, -206496831]	[[38918183/166, 184043438157/166]]
"3222.h2"	3222	[1, -1, 1, -660515, -206555979]	[[78268229925077/123596, 678239279929512517137/123596]]
"3222.j1"	3222	[1, -1, 1, -52664, -4453905]	[[-3699/5, 45111/5]]
"3222.j2"	3222	[1, -1, 1, -8924, 235023]	[[27, 101]]
"3222.j3"	3222	[1, -1, 1, -8204, 288015]	[[45, 69]]
"3222.j4"	3222	[1, -1, 1, 23296, 1523823]	[[3249, 183755]]
"3225.c1"	3225	[1, 0, 0, -563, 4992]	[[7, 34]]
"3225.e1"	3225	[0, -1, 1, -55833, -5060932]	[[1908, 82648]]
"3225.e2"	3225	[0, -1, 1, 417, -26557]	[[33, 148]]
"3226.a1"	3226	[1, 1, 1, -2, 3]	[[1, 1]]
"3228.b1"	3228	[0, 1, 0, -21, -9]	[[-3, 6]]
"3229.a1"	3229	[1, 1, 1, -9, -14]	[[-2, 1]]
"3230.a1"	3230	[1, -1, 0, -1630, -24924]	[[-23, 13]]
"3230.a2"	3230	[1, -1, 0, -110, -300]	[[-7, 13]]
"3230.d1"	3230	[1, -1, 1, -89913, -1212583]	[[463, 7268]]
"3230.d2"	3230	[1, -1, 1, -65593, -6436519]	[[-145, 172]]
"3231.b1"	3231	[1, -1, 1, -1229, 16706]	[[18, 4]]
"3231.b2"	3231	[1, -1, 1, -14, 668]	[[-6, 25]]
"3232.c1"	3232	[0, -1, 0, -134, 644]	[[-2, 30]]
"3232.c2"	3232	[0, -1, 0, -129, 689]	[[5, 12]]
"3234.e2"	3234	[1, 1, 0, -4505, 115557]	[[-1, 347]]
"3234.k1"	3234	[1, 0, 1, -5171, 135776]	[[18, 211]]
"3234.l1"	3234	[1, 0, 1, -285941, -58875904]	[[755, 12102]]
"3234.l2"	3234	[1, 0, 1, -2966, -107656]	[[69, 97]]
"3234.q1"	3234	[1, 1, 1, -692518, 221512829]	[[1943/2, -525/2]]
"3234.q3"	3234	[1, 1, 1, -17788, -465403]	[[155, 651]]
"3234.u1"	3234	[1, 0, 0, -52459, 4620209]	[[134, -31]]
"3234.u2"	3234	[1, 0, 0, -3179, 76593]	[[22, 121]]
"3238.b1"	3238	[1, 0, 0, 12, 16]	[[0, 4]]
"3240.d1"	3240	[0, 0, 0, -12, 4]	[[0, 2]]
"3240.e1"	3240	[0, 0, 0, -8532, 303156]	[[12, 450]]
"3245.a2"	3245	[1, 0, 0, 9, -104]	[[5, 6]]
"3245.b1"	3245	[1, -1, 0, 11, -2]	[[2, 4]]
"3245.c2"	3245	[1, 0, 1, -19, -39]	[[129/5, 7/5]]
"3248.a1"	3248	[0, 0, 0, -40, 124]	[[-2, 14]]
"3248.b1"	3248	[0, 1, 0, -35768, -2615564]	[[-110, 4]]
"3248.b2"	3248	[0, 1, 0, -2128, -45468]	[[58, 172]]
"3248.f2"	3248	[0, -1, 0, 2088, 361456]	[[34, 686]]
"3248.i1"	3248	[0, 0, 0, -79075, -8558622]	[[622, 13524]]
"3248.i2"	3248	[0, 0, 0, -4835, -139806]	[[110, 812]]
"3248.n1"	3248	[0, -1, 0, -504, -3136]	[[-16, 24]]
"3248.n2"	3248	[0, -1, 0, 76, -352]	[[52/3, 424/3]]
"3249.g1"	3249	[1, -1, 0, -329841, 72994702]	[[2, 8504]]
"3249.g2"	3249	[1, -1, 0, -21186, 1078087]	[[-34/7, 358679/7]]
"3249.g4"	3249	[1, -1, 0, 27549, 5279044]	[[3155/2, 178789/2]]
"3255.b1"	3255	[1, 1, 1, -8420, 293870]	[[53, -22]]
"3255.b2"	3255	[1, 1, 1, -545, 4070]	[[8, 13]]
"3255.b3"	3255	[1, 1, 1, -140, -628]	[[-8, 11]]
"3255.c1"	3255	[1, 1, 1, -213605, -37759300]	[[-257, 623]]
"3255.c2"	3255	[1, 1, 1, -23730, 443550]	[[-12, 858]]
"3255.c3"	3255	[1, 1, 1, -18925, 993242]	[[202, 2236]]
"3255.c4"	3255	[1, 1, 1, -18920, 993800]	[[25856/17, 588935/17]]
"3255.c5"	3255	[1, 1, 1, -14200, 1507322]	[[4861/5, 297644/5]]
"3255.e1"	3255	[1, 1, 0, -1142862, -470737071]	[[44187/2, 9199533/2]]
"3258.a1"	3258	[1, -1, 0, -474, -3016]	[[-14, 34]]
"3258.a2"	3258	[1, -1, 0, 66, -316]	[[8, 22]]
"3258.b1"	3258	[1, -1, 0, -2151, 38151]	[[9, 135]]
"3258.b2"	3258	[1, -1, 0, -261, -1539]	[[-9, 9]]
"3258.e1"	3258	[1, -1, 0, -144, -608]	[[-7, 8]]
"3258.f1"	3258	[1, -1, 0, 54, -140]	[[3, 5]]
"3258.j1"	3258	[1, -1, 1, -1247, 17223]	[[17, 18]]
"3259.b1"	3259	[0, -1, 1, -54, 172]	[[5, 1]]
"3262.b1"	3262	[1, -1, 0, -154, -696]	[[-7, 5]]
"3262.b2"	3262	[1, -1, 0, -14, 4]	[[0, 2]]
"3262.e2"	3262	[1, -1, 1, -9, -247]	[[11, 24]]
"3264.d1"	3264	[0, -1, 0, -6529, 205249]	[[63, 200]]
"3264.d2"	3264	[0, -1, 0, -769, -2975]	[[-8, 51]]
"3264.d3"	3264	[0, -1, 0, -409, 3289]	[[9, 16]]
"3264.d4"	3264	[0, -1, 0, -4, 130]	[[11, 36]]
"3264.g1"	3264	[0, -1, 0, -1833, 30825]	[[24, 9]]
"3264.g2"	3264	[0, -1, 0, -1793, 32193]	[[19, 68]]
"3264.h1"	3264	[0, -1, 0, -193, -959]	[[-8, 3]]
"3264.h2"	3264	[0, -1, 0, -33, -2655]	[[24, 99]]
"3264.i1"	3264	[0, -1, 0, -48033, -3047391]	[[-120, 987]]
"3264.i2"	3264	[0, -1, 0, -16353, 810081]	[[72, 27]]
"3264.i3"	3264	[0, -1, 0, -13793, 1069665]	[[-77, 1292]]
"3264.i4"	3264	[0, -1, 0, 115807, -19464159]	[[26888/7, 4958829/7]]
"3264.w1"	3264	[0, 1, 0, -48033, 3047391]	[[-171, 2508]]
"3264.w2"	3264	[0, 1, 0, -16353, -810081]	[[-75, 12]]
"3264.x1"	3264	[0, 1, 0, -193, 959]	[[5, 12]]
"3267.b1"	3267	[1, -1, 1, -56, 190]	[[4, 2]]
"3267.c1"	3267	[1, -1, 1, 1429, 20980]	[[58, 515]]
"3267.k1"	3267	[0, 0, 1, -9801, -386323]	[[2409/2, 116519/2]]
"3270.a2"	3270	[1, 1, 0, -187, -371]	[[18, 41]]
"3270.a3"	3270	[1, 1, 0, -107, 381]	[[5, -4]]
"3270.a4"	3270	[1, 1, 0, 713, -1991]	[[9, 68]]
"3272.a1"	3272	[0, 0, 0, -179, 238]	[[-26/3, 730/3]]
"3272.a2"	3272	[0, 0, 0, -139, 630]	[[-2, 30]]
"3280.a2"	3280	[0, 1, 0, -256, 3444]	[[4, 50]]
"3280.c1"	3280	[0, 1, 0, -440, -3692]	[[-12, 2]]
"3280.g1"	3280	[0, 0, 0, -156307, -22257294]	[[-233, 1230]]
"3280.h1"	3280	[0, 0, 0, -8747, 314874]	[[225/2, 231/2]]
"3280.h2"	3280	[0, 0, 0, -547, 4914]	[[5, 48]]
"3280.h3"	3280	[0, 0, 0, -347, 8554]	[[10, 78]]
"3280.k2"	3280	[0, -1, 0, 1024, -1024]	[[370, 7134]]
"3280.l1"	3280	[0, -1, 0, -50280, -2085520]	[[-422/3, 11026/3]]
"3280.l3"	3280	[0, -1, 0, -24680, 1478000]	[[10, 1110]]
"3280.l4"	3280	[0, -1, 0, -2680, -51600]	[[-30, 30]]
"3288.c1"	3288	[0, -1, 0, -30940, 2168548]	[[108, 274]]
"3288.e1"	3288	[0, 1, 0, 4, 48]	[[-2, 6]]
"3288.f1"	3288	[0, 1, 0, 5, 2]	[[1, 3]]
"3290.a2"	3290	[1, 0, 1, -274, 1572]	[[6, 9]]
"3290.b1"	3290	[1, 0, 1, -15128, -717402]	[[217, 2387]]
"3290.b2"	3290	[1, 0, 1, -14928, -737242]	[[7807/6, 515867/6]]
"3290.b3"	3290	[1, 0, 1, -253, -252]	[[-6, 35]]
"3290.b4"	3290	[1, 0, 1, 997, -1752]	[[44, 335]]
"3290.d1"	3290	[1, 1, 0, -16403, -815443]	[[214, 2245]]
"3290.d2"	3290	[1, 1, 0, -15603, -897523]	[[887, 25712]]
"3290.f1"	3290	[1, -1, 1, -7513, 252481]	[[-55, 732]]
"3290.f2"	3290	[1, -1, 1, -513, 3281]	[[3, 40]]
"3290.f3"	3290	[1, -1, 1, -193, -943]	[[-7, 8]]
"3290.f4"	3290	[1, -1, 1, 1367, 20577]	[[97, 980]]
"3291.a1"	3291	[1, 1, 0, -4, 13]	[[4, 7]]
"3291.b1"	3291	[1, 0, 1, 1638, 18361]	[[-7, 84]]
"3293.c1"	3293	[0, 0, 1, -155, -743]	[[-719/10, -429/10]]
"3294.h1"	3294	[1, -1, 1, -8, -85]	[[25, 109]]
"3294.j2"	3294	[1, -1, 1, -73205, -7605235]	[[-3899/5, 9686/5]]
"3300.b1"	3300	[0, -1, 0, -6249908, -6011849688]	[[81253/2, 22976075/2]]
"3300.b3"	3300	[0, -1, 0, -78908, -7829688]	[[-167, 814]]
"3300.f1"	3300	[0, -1, 0, -308, -888]	[[22, 50]]
"3300.k1"	3300	[0, 1, 0, -32308, 2224388]	[[92, 198]]
"3300.l1"	3300	[0, 1, 0, -428, -2652]	[[-8, 18]]
"3300.o2"	3300	[0, 1, 0, 2012, -58972]	[[32, 198]]
"3300.q1"	3300	[0, 1, 0, -9908, -382812]	[[168, 1650]]
"3306.f1"	3306	[1, 0, 1, -5046, -138200]	[[-40, 24]]
"3306.f2"	3306	[1, 0, 1, -406, -856]	[[-8, 47]]
"3306.g1"	3306	[1, 1, 1, -320, -2329]	[[-41/2, 43/2]]
"3308.a1"	3308	[0, -1, 0, 3, -23]	[[3, 2]]
"3311.b1"	3311	[1, 1, 0, -2515, -49608]	[[2083/6, 5119/6]]
"3312.a1"	3312	[0, 0, 0, -507, -4070]	[[-13, 18]]
"3312.a2"	3312	[0, 0, 0, 33, -290]	[[14, 54]]
"3312.d1"	3312	[0, 0, 0, -35571, 2581810]	[[113, 72]]
"3312.d2"	3312	[0, 0, 0, -15411, -712334]	[[143, 90]]
"3312.d3"	3312	[0, 0, 0, -2451, 31570]	[[-9, 230]]
"3312.d4"	3312	[0, 0, 0, 429, 3346]	[[-1, 54]]
"3312.e1"	3312	[0, 0, 0, -6771, 181474]	[[-85, 378]]
"3312.e2"	3312	[0, 0, 0, -1911, -29450]	[[557, 13104]]
"3312.e3"	3312	[0, 0, 0, -1866, -31025]	[[23999/13, 3520440/13]]
"3312.e4"	3312	[0, 0, 0, 2229, -139574]	[[41, 144]]
"3312.f1"	3312	[0, 0, 0, -315, 1674]	[[15, 18]]
"3312.f2"	3312	[0, 0, 0, 45, 162]	[[3, 18]]
"3312.g1"	3312	[0, 0, 0, -165, -997]	[[146, 1757]]
"3312.h1"	3312	[0, 0, 0, -110955, 2430362]	[[1543, 59202]]
"3312.h2"	3312	[0, 0, 0, -82875, 9182954]	[[143, 506]]
"3312.h3"	3312	[0, 0, 0, -5115, 147242]	[[13, 288]]
"3312.h4"	3312	[0, 0, 0, 27285, 301466]	[[7, 702]]
"3312.j1"	3312	[0, 0, 0, -419835, 104704666]	[[299, 2430]]
"3312.j2"	3312	[0, 0, 0, -26175, 1644478]	[[113, 360]]
"3312.k1"	3312	[0, 0, 0, -2235, -40534]	[[55, 54]]
"3312.k2"	3312	[0, 0, 0, -75, -1222]	[[31, 162]]
"3312.l1"	3312	[0, 0, 0, -39, 18]	[[-6, 6]]
"3312.l2"	3312	[0, 0, 0, -24, -45]	[[45, 300]]
"3312.n1"	3312	[0, 0, 0, -4539, 117610]	[[47, 90]]
"3312.n2"	3312	[0, 0, 0, -219, 2698]	[[-1, 54]]
"3313.b1"	3313	[1, 0, 1, -6, 5]	[[1, 0]]
"3314.a1"	3314	[1, 0, 0, -4764702, -4003545844]	[[94248114183274/39585, 912499854364645191562/39585]]
"3314.a2"	3314	[1, 0, 0, -58822, -5496476]	[[83944/15, 16083698/15]]
"3314.b1"	3314	[1, 0, 0, -11, 17]	[[2, 1]]
"3318.d1"	3318	[1, 0, 1, -3468, -78878]	[[-34, 18]]
"3318.f1"	3318	[1, 0, 1, -10, 8]	[[3, 1]]
"3318.f2"	3318	[1, 0, 1, 20, 56]	[[0, 7]]
"3320.b1"	3320	[0, 1, 0, -16, -80]	[[12, 40]]
"3324.b1"	3324	[0, -1, 0, -108, 264]	[[5/2, 91/2]]
"3324.b2"	3324	[0, -1, 0, -93, 378]	[[2, 14]]
"3325.d1"	3325	[1, -1, 1, -4855, 130772]	[[38, -29]]
"3325.d2"	3325	[1, -1, 1, -480, -478]	[[24, 25]]
"3325.d3"	3325	[1, -1, 1, -355, -2478]	[[214, 3005]]
"3325.e1"	3325	[1, 0, 0, -63, 242]	[[7, 9]]
"3330.c1"	3330	[1, -1, 0, -3069045, -2068673675]	[[610605/7, 469986320/7]]
"3330.c2"	3330	[1, -1, 0, -2728125, 1727522941]	[[1311, 19417]]
"3330.c3"	3330	[1, -1, 0, -263925, -5795339]	[[-169, 5912]]
"3330.c4"	3330	[1, -1, 0, -191925, -32248139]	[[12413, 1375856]]
"3330.c5"	3330	[1, -1, 0, -7605, -876875]	[[125, 275]]
"3330.c6"	3330	[1, -1, 0, 1048275, -46998419]	[[17889/5, 4042427/5]]
"3330.d1"	3330	[1, -1, 0, -47475, 3993381]	[[6850/7, 69287/7]]
"3330.d2"	3330	[1, -1, 0, -47295, 4025025]	[[300, 3945]]
"3330.d3"	3330	[1, -1, 0, -675, 3861]	[[-3, 78]]
"3330.d4"	3330	[1, -1, 0, 2205, 26325]	[[-2, 149]]
"3330.i1"	3330	[1, -1, 0, -5739, -165907]	[[89, 105]]
"3330.i2"	3330	[1, -1, 0, -339, -2827]	[[49, 286]]
"3330.j1"	3330	[1, -1, 0, -190314, 31995220]	[[221, 722]]
"3330.j2"	3330	[1, -1, 0, -10314, 639220]	[[-49, 1037]]
"3330.o1"	3330	[1, -1, 1, -638, 6357]	[[15, -7]]
"3330.o2"	3330	[1, -1, 1, -38, 117]	[[3, 3]]
"3330.u2"	3330	[1, -1, 1, 1138, 40061]	[[291, 4849]]
"3330.v1"	3330	[1, -1, 1, -482, -3949]	[[351/2, 5963/2]]
"3330.v2"	3330	[1, -1, 1, -167, -9241]	[[57, 376]]
"3339.b1"	3339	[0, 0, 1, -633, -7308]	[[83, 715]]
"3339.e1"	3339	[0, 0, 1, 438, 1039]	[[13, 94]]
"3339.f1"	3339	[1, -1, 0, -306, 2065]	[[8, 5]]
"3339.f2"	3339	[1, -1, 0, 9, 112]	[[32, 164]]
"3340.a2"	3340	[0, 1, 0, 175, -212]	[[8, 42]]
"3342.a1"	3342	[1, 0, 1, -12, 16]	[[2, 0]]
"3342.b1"	3342	[1, 1, 1, -3363, 75585]	[[3, 254]]
"3342.c1"	3342	[1, 0, 0, 187, 705]	[[-2, 19]]
"3344.i1"	3344	[0, 1, 0, -5, 47]	[[11, 38]]
"3346.b2"	3346	[1, 1, 0, -86415, -9781723]	[[-78564238337/22011, 775119623201764/22011]]
"3347.a1"	3347	[0, 1, 1, 2, 3]	[[-3/2, 7/2]]
"3348.a1"	3348	[0, 0, 0, -12, -15]	[[-2, 1]]
"3348.g1"	3348	[0, 0, 0, -1080, -16956]	[[40, 62]]
"3349.a1"	3349	[0, 0, 1, -79, 270]	[[5, 0]]
"3355.b1"	3355	[0, 1, 1, -11, 30]	[[2, 4]]
"3360.a1"	3360	[0, -1, 0, -376, -2684]	[[25, 54]]
"3360.a2"	3360	[0, -1, 0, -176, 936]	[[13, 26]]
"3360.a3"	3360	[0, -1, 0, -26, -24]	[[-2, 4]]
"3360.a4"	3360	[0, -1, 0, 79, -255]	[[19, 88]]
"3360.b1"	3360	[0, -1, 0, -26, 60]	[[4, 2]]
"3360.c1"	3360	[0, -1, 0, -317521, -68760575]	[[1497339/23, 1792389016/23]]
"3360.c2"	3360	[0, -1, 0, -22296, -786060]	[[-124, 238]]
"3360.c3"	3360	[0, -1, 0, -19846, -1069280]	[[2808, 148580]]
"3360.c4"	3360	[0, -1, 0, -17416, -1343384]	[[4054509/38, 8153356825/38]]
"3360.d1"	3360	[0, -1, 0, -324016, 71098216]	[[7245/2, 589127/2]]
"3360.d2"	3360	[0, -1, 0, -29016, 67716]	[[-563/2, 9273/2]]
"3360.d3"	3360	[0, -1, 0, -20266, 1114216]	[[78, 44]]
"3360.d4"	3360	[0, -1, 0, -11761, 2048065]	[[1779, 74888]]
"3360.e1"	3360	[0, -1, 0, -2416, 46516]	[[28, 6]]
"3360.e3"	3360	[0, -1, 0, -166, 616]	[[-5, 36]]
"3360.e4"	3360	[0, -1, 0, 464, 3640]	[[9, 92]]
"3360.j1"	3360	[0, -1, 0, -210, -900]	[[20, 50]]
"3360.j2"	3360	[0, -1, 0, 415, -5775]	[[25, 140]]
"3360.k2"	3360	[0, -1, 0, -2240, -26520]	[[157, 1862]]
"3360.k3"	3360	[0, -1, 0, -890, 10200]	[[22, 28]]
"3360.k4"	3360	[0, -1, 0, 335, 34945]	[[-13, 168]]
"3360.o1"	3360	[0, 1, 0, -2416, -46516]	[[167, 2058]]
"3360.o2"	3360	[0, 1, 0, -1041, 12159]	[[9, 60]]
"3360.o3"	3360	[0, 1, 0, -166, -616]	[[17, 42]]
"3360.o4"	3360	[0, 1, 0, 464, -3640]	[[11, 54]]
"3360.p1"	3360	[0, 1, 0, -317521, 68760575]	[[341, 504]]
"3360.p2"	3360	[0, 1, 0, -22296, 786060]	[[159, 1134]]
"3360.p3"	3360	[0, 1, 0, -19846, 1069280]	[[26, 756]]
"3360.r1"	3360	[0, 1, 0, -26, -60]	[[6, 6]]
"3360.u1"	3360	[0, 1, 0, -680, 6600]	[[19, 30]]
"3360.u2"	3360	[0, 1, 0, -400, -3172]	[[23, 18]]
"3360.u3"	3360	[0, 1, 0, -50, 48]	[[-2, 12]]
"3360.u4"	3360	[0, 1, 0, 175, 543]	[[13, 72]]
"3360.z1"	3360	[0, 1, 0, -84000, 9342648]	[[171, 90]]
"3360.z2"	3360	[0, 1, 0, -5880, 107100]	[[15, 150]]
"3360.z3"	3360	[0, 1, 0, -5250, 144648]	[[36, 60]]
"3362.a1"	3362	[1, 0, 1, -3500, -79974]	[[222, 3066]]
"3362.a2"	3362	[1, 0, 1, -220, -1254]	[[-8, 6]]
"3362.b1"	3362	[1, 1, 0, -19366, -1027446]	[[-6359/9, 122986/9]]
"3362.b2"	3362	[1, 1, 0, -2556, 24860]	[[-37, 284]]
"3362.c1"	3362	[1, 1, 0, -5882694, -5494222780]	[[-375127975614357221/16367265, 2985417272000212508425303/16367265]]
"3362.c2"	3362	[1, 1, 0, -369014, -85302700]	[[-181040525/709, 428594878630/709]]
"3365.b1"	3365	[0, 0, 1, -8, 8]	[[2, 0]]
"3365.c1"	3365	[0, 1, 1, -2980, 61631]	[[125/2, 1/2]]
"3366.a2"	3366	[1, -1, 0, -1404, 40824]	[[-9, 234]]
"3366.c1"	3366	[1, -1, 0, -1638, -25110]	[[-23, 12]]
"3366.e1"	3366	[1, -1, 0, -12638223, 17296430445]	[[2065, -70]]
"3366.e2"	3366	[1, -1, 0, -789903, 270394605]	[[382, 4737]]
"3366.e4"	3366	[1, -1, 0, -52623, 3646701]	[[183, 255]]
"3366.f1"	3366	[1, -1, 0, -149351112, 702560755008]	[[-1083637136/337, 43123967468216/337]]
"3366.f2"	3366	[1, -1, 0, -149349672, 702574979040]	[[657633/8, 254800995/8]]
"3366.f3"	3366	[1, -1, 0, -1849032, 958443840]	[[3969, 234936]]
"3366.f4"	3366	[1, -1, 0, -374472, 2443915584]	[[-1095, 39792]]
"3366.g1"	3366	[1, -1, 0, -1782, -28512]	[[57, 201]]
"3366.g2"	3366	[1, -1, 0, -1692, -31590]	[[87, 645]]
"3366.h1"	3366	[1, -1, 0, -4902, 133334]	[[41, -17]]
"3366.h2"	3366	[1, -1, 0, -312, 2060]	[[7, 10]]
"3366.k1"	3366	[1, -1, 0, -3554496, 2580267820]	[[1095, -190]]
"3366.k2"	3366	[1, -1, 0, -222156, 40358272]	[[281, 107]]
"3366.k3"	3366	[1, -1, 0, -219096, 41521684]	[[125, 3947]]
"3366.k4"	3366	[1, -1, 0, -14076, 614992]	[[89, 203]]
"3366.k5"	3366	[1, -1, 0, -2556, -37040]	[[-37, 95]]
"3366.k6"	3366	[1, -1, 0, 9684, 2463520]	[[-55, 1355]]
"3366.l2"	3366	[1, -1, 1, -2381, 2805]	[[-37, 216]]
"3366.n1"	3366	[1, -1, 1, -290, 289]	[[-7, 47]]
"3370.c1"	3370	[1, 0, 1, -113, -4244]	[[112, 1123]]
"3370.c2"	3370	[1, 0, 1, 12, 156]	[[12, 39]]
"3374.a2"	3374	[1, 1, 0, 25, 53]	[[286, 4705]]
"3378.a1"	3378	[1, 1, 0, -13, -35]	[[5, 5]]
"3381.b1"	3381	[1, 1, 1, -33664, -2398306]	[[371518/13, 223281586/13]]
"3384.d1"	3384	[0, 0, 0, -435, 862]	[[-1, 36]]
"3384.d2"	3384	[0, 0, 0, 105, 106]	[[2, 18]]
"3388.b2"	3388	[0, 1, 0, -29, -68]	[[-3, 1]]
"3388.g1"	3388	[0, 1, 0, 241355, -77200169]	[[645, 18634]]
"3391.a1"	3391	[1, 0, 0, -4, 1]	[[0, 1]]
"3392.e1"	3392	[0, 1, 0, -1761, -29057]	[[51, 128]]
"3392.i1"	3392	[0, -1, 0, -481, -3967]	[[77, 640]]
"3392.p1"	3392	[0, -1, 0, -69, 245]	[[-4, 21]]
"3392.p2"	3392	[0, -1, 0, -49, 369]	[[9, 24]]
"3392.q1"	3392	[0, -1, 0, -1, -63]	[[9, 24]]
"3394.b1"	3394	[1, 0, 0, -10, 4]	[[0, 2]]
"3395.a1"	3395	[0, 0, 1, -178, -917]	[[661/3, 16678/3]]
"3395.b1"	3395	[0, -1, 1, 210, -43857]	[[141/2, 621/2]]
"3395.c1"	3395	[0, 1, 1, -456, 3721]	[[61/2, 183/2]]
"3397.a1"	3397	[1, 1, 1, -19, 18]	[[8, 17]]
"3399.a1"	3399	[1, 0, 1, -556, 4991]	[[13, -4]]
"3399.a2"	3399	[1, 0, 1, -41, 47]	[[-3, 13]]
"3400.a1"	3400	[0, 1, 0, -88508, -10164512]	[[20472/7, 1747600/7]]
"3400.a2"	3400	[0, 1, 0, -88008, -10284512]	[[588, 11900]]
"3400.d1"	3400	[0, 0, 0, -29075, -1867250]	[[-12986/11, 173538/11]]
"3400.d2"	3400	[0, 0, 0, -4075, 57750]	[[-66, 198]]
"3400.d3"	3400	[0, 0, 0, -3575, 82250]	[[34, 2]]
"3400.d4"	3400	[0, 0, 0, 12925, 414750]	[[-1946/9, 219142/9]]
"3400.g1"	3400	[0, -1, 0, -108, 212]	[[-7, 24]]
"3400.g2"	3400	[0, -1, 0, 392, 1212]	[[42, 300]]
"3402.a1"	3402	[1, -1, 0, -231, 1421]	[[10, 1]]
"3402.a2"	3402	[1, -1, 0, 714, 7028]	[[-4, 66]]
"3402.c1"	3402	[1, -1, 0, -15, -1]	[[-1, 4]]
"3402.f1"	3402	[1, -1, 0, -987, -11683]	[[-73/2, 83/2]]
"3402.k1"	3402	[1, -1, 1, -7184, 234739]	[[43, 41]]
"3402.l1"	3402	[1, -1, 1, -299, 2107]	[[11, 2]]
"3402.o1"	3402	[1, -1, 1, -78950, 8557813]	[[161, -53]]
"3403.b1"	3403	[0, -1, 1, -5, 7]	[[1, 1]]
"3408.c1"	3408	[0, -1, 0, -232, -1232]	[[18, 10]]
"3408.e1"	3408	[0, -1, 0, -368104, -85867664]	[[157540/9, 59007104/9]]
"3408.e2"	3408	[0, -1, 0, 234536, -329878544]	[[154060/3, 60489728/3]]
"3408.g1"	3408	[0, 1, 0, -104, 276]	[[12, 30]]
"3410.c1"	3410	[1, -1, 1, -13, -33]	[[27/2, 69/2]]
"3417.f1"	3417	[1, 0, 1, -412, 3011]	[[-23, 32]]
"3417.f2"	3417	[1, 0, 1, -77, -205]	[[3255/2, 182465/2]]
"3417.f3"	3417	[1, 0, 1, -72, -239]	[[52081/16, 11463713/16]]
"3417.f4"	3417	[1, 0, 1, 178, -1225]	[[19121/56, 1129269/56]]
"3420.a2"	3420	[0, 0, 0, 168, 169]	[[8, 45]]
"3420.b1"	3420	[0, 0, 0, -31287, -1922434]	[[-98, 450]]
"3420.d2"	3420	[0, 0, 0, -72, 81]	[[0, 9]]
"3420.e1"	3420	[0, 0, 0, -332607, 73806694]	[[323, 270]]
"3420.e2"	3420	[0, 0, 0, -23952, 778921]	[[135, 76]]
"3420.e3"	3420	[0, 0, 0, -11847, -370514]	[[-247/2, 2835/2]]
"3420.e4"	3420	[0, 0, 0, -10992, -443531]	[[9955/9, 181412/9]]
"3422.g1"	3422	[1, 1, 1, -61939, -5959085]	[[-876749/78, 33956879/78]]
"3423.a1"	3423	[0, 1, 1, -554, 4946]	[[-8, 94]]
"3423.b2"	3423	[1, 0, 0, 52, -537]	[[7, 10]]
"3423.c1"	3423	[1, 0, 0, 10, 9]	[[1, 4]]
"3423.d2"	3423	[1, 0, 1, -505, -4249]	[[-879/8, 9245/8]]
"3423.d3"	3423	[1, 0, 1, -500, -4339]	[[66091/45, 9398926/45]]
"3423.d4"	3423	[1, 0, 1, 230, -15421]	[[64041/40, 14144041/40]]
"3434.a1"	3434	[1, 0, 0, -34577, 2471785]	[[112, 29]]
"3434.a2"	3434	[1, 0, 0, -2257, 34857]	[[-22, 283]]
"3435.a1"	3435	[0, 1, 1, -131536, 18318016]	[[209, 1]]
"3435.b2"	3435	[1, 0, 0, -76, -265]	[[499/7, 505/7]]
"3435.c1"	3435	[0, 1, 1, -15, 29]	[[3, 4]]
"3435.d1"	3435	[1, 0, 1, -994, -9133]	[[-17, 62]]
"3435.d2"	3435	[1, 0, 1, 151, -889]	[[21, 97]]
"3438.a1"	3438	[1, -1, 0, -828, -8906]	[[41, 137]]
"3438.a2"	3438	[1, -1, 0, -18, -320]	[[14, 38]]
"3438.b1"	3438	[1, -1, 0, -110016, -14017860]	[[62415/11, 10492965/11]]
"3438.b2"	3438	[1, -1, 0, -7416, -181116]	[[-30, 132]]
"3438.b3"	3438	[1, -1, 0, -6876, -217728]	[[459, 9423]]
"3438.b4"	3438	[1, -1, 0, -396, -3888]	[[27, 54]]
"3440.b1"	3440	[0, 0, 0, -128, 752]	[[1, 25]]
"3448.b1"	3448	[0, 1, 0, -20, 32]	[[2, 2]]
"3450.c2"	3450	[1, 1, 0, 3350, -75500]	[[380, 7310]]
"3450.i1"	3450	[1, 0, 1, -66701, -4248952]	[[-157, 1614]]
"3450.j1"	3450	[1, 0, 1, -34560276, -78204168302]	[[18956, 2455926]]
"3450.j2"	3450	[1, 0, 1, -2528276, -777224302]	[[-618, 23746]]
"3450.j3"	3450	[1, 0, 1, -2160276, -1221768302]	[[-838, 906]]
"3450.j4"	3450	[1, 0, 1, -112276, -25736302]	[[4642, 313091]]
"3450.k2"	3450	[1, 0, 1, -2676, -51752]	[[-28, 51]]
"3450.k3"	3450	[1, 0, 1, -426, 2248]	[[2, 36]]
"3450.k4"	3450	[1, 0, 1, 74, 248]	[[1, 17]]
"3450.o1"	3450	[1, 1, 1, -19263, 167781]	[[141, 458]]
"3450.o2"	3450	[1, 1, 1, -14388, 658281]	[[69, -33]]
"3450.o3"	3450	[1, 1, 1, -888, 10281]	[[15, 17]]
"3450.o4"	3450	[1, 1, 1, 4737, 23781]	[[45, 552]]
"3450.t2"	3450	[1, 0, 0, 4162, -51708]	[[22, 214]]
"3451.a1"	3451	[0, -1, 1, -379, 2971]	[[13, 8]]
"3452.a1"	3452	[0, -1, 0, 2, 5]	[[-1, 1]]
"3454.c1"	3454	[1, 1, 0, -11, 61]	[[6, 13]]
"3454.h1"	3454	[1, 0, 0, -78788, -8518900]	[[236970700/609, 3138691959250/609]]
"3454.h2"	3454	[1, 0, 0, -288, -27712]	[[874/3, 23764/3]]
"3456.g1"	3456	[0, 0, 0, 12, -16]	[[2, 4]]
"3459.a1"	3459	[1, 1, 1, -23, -52]	[[9, 19]]
"3459.a2"	3459	[1, 1, 1, -8, -100]	[[35/2, 157/2]]
"3462.a1"	3462	[1, 1, 1, -44, 71]	[[23/2, 31/2]]
"3462.a2"	3462	[1, 1, 1, -14, -25]	[[5, 5]]
"3462.b1"	3462	[1, 1, 1, -4108, 99629]	[[37, -15]]
"3465.d1"	3465	[1, -1, 1, -18482, 971696]	[[79, -36]]
"3465.d2"	3465	[1, -1, 1, -1832, -4084]	[[69, 406]]
"3465.d3"	3465	[1, -1, 1, -1157, 15356]	[[24, 19]]
"3465.d4"	3465	[1, -1, 1, -32, 506]	[[0, 22]]
"3465.e2"	3465	[1, -1, 1, -2, -296]	[[8, 8]]
"3465.f2"	3465	[1, -1, 1, 75868, 4172014]	[[82, 3266]]
"3465.g2"	3465	[1, -1, 1, -2237, -15276]	[[92, 696]]
"3465.g3"	3465	[1, -1, 1, -1832, -29694]	[[-24, 9]]
"3465.g4"	3465	[1, -1, 1, 8158, -123384]	[[71, 864]]
"3465.j1"	3465	[0, 0, 1, -7572, 253620]	[[50, 4]]
"3465.m2"	3465	[1, -1, 0, 0, 11]	[[2, 3]]
"3465.o2"	3465	[1, -1, 0, 8430, -157329]	[[22, 185]]
"3465.r1"	3465	[0, 0, 1, -241113, 861529329]	[[-778216519/2774, 634971242218919/2774]]
"3469.a1"	3469	[1, 0, 0, -26, 49]	[[3, -1]]
"3470.b1"	3470	[1, 0, 1, -14, 16]	[[1, 1]]
"3470.d1"	3470	[1, 0, 0, -66, 200]	[[4, 0]]
"3472.b1"	3472	[0, -1, 0, 0, -32]	[[4, 4]]
"3472.g1"	3472	[0, -1, 0, -2224, -29760]	[[-24, 96]]
"3474.a1"	3474	[1, -1, 0, -111168, 14294340]	[[66, 2658]]
"3474.a2"	3474	[1, -1, 0, -6948, 224640]	[[51, 6]]
"3474.a3"	3474	[1, -1, 0, -6408, 260604]	[[-47, 699]]
"3474.a4"	3474	[1, -1, 0, -468, 3024]	[[3, 39]]
"3474.c1"	3474	[1, -1, 0, -612, -5612]	[[-13, 2]]
"3474.c2"	3474	[1, -1, 0, -72, 112]	[[-4, 20]]
"3474.f1"	3474	[1, -1, 1, -302, 2045]	[[-3, 55]]
"3474.f2"	3474	[1, -1, 1, 58, 6365]	[[3, 79]]
"3477.b1"	3477	[1, 1, 0, -24701, 1483944]	[[472, 9524]]
"3477.b2"	3477	[1, 1, 0, -7411, -228830]	[[117931/30, 26178331/30]]
"3477.b3"	3477	[1, 1, 0, -1616, 20355]	[[1555/6, 34855/6]]
"3477.b4"	3477	[1, 1, 0, 189, 1944]	[[4/3, 1210/3]]
"3479.e1"	3479	[1, 0, 1, -5, -3]	[[-1, 1]]
"3480.c2"	3480	[0, -1, 0, -696, -5220]	[[-19, 28]]
"3480.d1"	3480	[0, -1, 0, -3720, -86100]	[[485/2, 8875/2]]
"3480.d2"	3480	[0, -1, 0, -240, -1188]	[[-7, 10]]
"3480.d3"	3480	[0, -1, 0, -60, 180]	[[2, 8]]
"3480.d4"	3480	[0, -1, 0, 360, -6708]	[[113, 1210]]
"3480.e1"	3480	[0, -1, 0, 1820, -41303]	[[24, 125]]
"3480.f1"	3480	[0, -1, 0, -40, -68]	[[-3, 4]]
"3480.f2"	3480	[0, -1, 0, 80, -500]	[[21, 100]]
"3480.j1"	3480	[0, 1, 0, -1336, 12464]	[[-5, 138]]
"3480.j2"	3480	[0, 1, 0, -1216, 15920]	[[19, 6]]
"3480.n2"	3480	[0, 1, 0, 144, 144]	[[0, 12]]
"3480.r1"	3480	[0, 1, 0, -1099040, -424917600]	[[-605, 4350]]
"3480.r2"	3480	[0, 1, 0, -190760, 23409408]	[[91, 2610]]
"3480.r3"	3480	[0, 1, 0, -176180, 28401600]	[[250, 210]]
"3480.r4"	3480	[0, 1, 0, -176175, 28403298]	[[291, 1365]]
"3480.r5"	3480	[0, 1, 0, -161680, 33285200]	[[-40, 6300]]
"3480.r6"	3480	[0, 1, 0, 484240, 152469408]	[[3091, 176610]]
"3482.a1"	3482	[1, -1, 1, -61, 5]	[[-1, 8]]
"3483.c1"	3483	[0, 0, 1, -12, 16]	[[2, 0]]
"3483.d1"	3483	[0, 0, 1, -108, -439]	[[85, 777]]
"3486.a2"	3486	[1, 1, 0, 24504, 8111520]	[[391, 8617]]
"3486.b1"	3486	[1, 1, 0, 12495, 5812821]	[[159, 3363]]
"3486.c1"	3486	[1, 1, 0, -10, 28]	[[1, 4]]
"3486.g1"	3486	[1, 1, 1, -3777, 87771]	[[27, 66]]
"3486.g2"	3486	[1, 1, 1, -3707, 91271]	[[115/2, 661/2]]
"3486.m1"	3486	[1, 0, 0, -644, -6240]	[[-14, 16]]
"3488.a1"	3488	[0, 0, 0, 4, 32]	[[-2, 4]]
"3494.a1"	3494	[1, 1, 0, -141, -707]	[[37, 197]]
"3496.e1"	3496	[0, 0, 0, 28, 52]	[[12, 46]]
"3496.h1"	3496	[0, 1, 0, -24, -16]	[[-5, 2]]
"3504.a1"	3504	[0, -1, 0, -1560, -23184]	[[-22, 2]]
"3504.c2"	3504	[0, -1, 0, 43, -99]	[[4, 11]]
"3504.e3"	3504	[0, -1, 0, -15008, 612096]	[[98, 270]]
"3504.e4"	3504	[0, -1, 0, 25952, 3331840]	[[1730, 72270]]
"3504.f1"	3504	[0, -1, 0, -308, 1440]	[[4, 16]]
"3504.f2"	3504	[0, -1, 0, 57, 126]	[[62, 488]]
"3504.g2"	3504	[0, -1, 0, -48, 2880]	[[-6, 54]]
"3504.h1"	3504	[0, -1, 0, -88, -224]	[[-3, 2]]
"3504.h2"	3504	[0, -1, 0, -28, 64]	[[0, 8]]
"3504.i1"	3504	[0, -1, 0, -388, -2816]	[[64, 480]]
"3504.i2"	3504	[0, -1, 0, -23, -42]	[[406/5, 7504/5]]
"3504.j2"	3504	[0, -1, 0, -497688, -134974224]	[[220418, 103482610]]
"3504.j4"	3504	[0, -1, 0, -31128, -2097936]	[[-2644/5, 704/5]]
"3504.l1"	3504	[0, -1, 0, -152, 720]	[[10, 10]]
"3504.l2"	3504	[0, -1, 0, -32, -48]	[[-2, 2]]
"3504.o1"	3504	[0, 1, 0, -20760, 1144404]	[[84, 18]]
"3504.t1"	3504	[0, 1, 0, -408, -3276]	[[-12, 6]]
"3504.u1"	3504	[0, 1, 0, -1048, 12692]	[[28, 78]]
"3504.u2"	3504	[0, 1, 0, -88, 20]	[[-4, 18]]
"3504.w1"	3504	[0, 1, 0, -5232, 99828]	[[84, 510]]
"3504.w2"	3504	[0, 1, 0, -1992, -33660]	[[-24, 30]]
"3504.w3"	3504	[0, 1, 0, -1972, -34372]	[[74, 480]]
"3504.w4"	3504	[0, 1, 0, 928, -121260]	[[70, 540]]
"3507.a1"	3507	[1, 0, 0, -1798, 29165]	[[23, -1]]
"3508.a1"	3508	[0, 1, 0, -29, 47]	[[2, 1]]
"3515.b1"	3515	[0, -1, 1, -151, -434]	[[-4, 9]]
"3520.c2"	3520	[0, 1, 0, -21, -5]	[[-1, 4]]
"3520.e1"	3520	[0, 1, 0, -41, 55]	[[1, 4]]
"3520.e2"	3520	[0, 1, 0, -16, -30]	[[17, 70]]
"3520.f2"	3520	[0, 1, 0, 120, -122]	[[21, 110]]
"3520.g1"	3520	[0, -1, 0, -1, 65]	[[1, 8]]
"3520.k1"	3520	[0, -1, 0, -65, 577]	[[17, 64]]
"3520.k2"	3520	[0, -1, 0, 575, -13375]	[[145, 1760]]
"3520.o1"	3520	[0, 0, 0, -2348, 43792]	[[37, 87]]
"3520.o2"	3520	[0, 0, 0, -148, 672]	[[4, 12]]
"3520.o3"	3520	[0, 0, 0, -23, -28]	[[-7/2, 21/2]]
"3520.o4"	3520	[0, 0, 0, 52, 2352]	[[24, 132]]
"3520.t1"	3520	[0, 0, 0, -152, -696]	[[-7, 5]]
"3520.u1"	3520	[0, 0, 0, -152, 696]	[[2, 20]]
"3520.w1"	3520	[0, 1, 0, -12001, -2212001]	[[495, 10648]]
"3520.y1"	3520	[0, 1, 0, -380161, -90346145]	[[362331/7, 217332128/7]]
"3520.y2"	3520	[0, 1, 0, 639, -24865]	[[139, 1664]]
"3520.be1"	3520	[0, -1, 0, -16681, 834825]	[[39, 492]]
"3520.be2"	3520	[0, -1, 0, -1056, 12950]	[[349/6, 12833/6]]
"3520.bf2"	3520	[0, -1, 0, -21, 5]	[[-4, 3]]
"3525.d1"	3525	[1, 1, 1, -26938, -1296094]	[[-101, 688]]
"3525.d2"	3525	[1, 1, 1, -9313, 325406]	[[40, 117]]
"3525.d3"	3525	[1, 1, 1, -9188, 335156]	[[176, 1963]]
"3525.g1"	3525	[0, 1, 1, -144533, 21693719]	[[103, 2812]]
"3526.a2"	3526	[1, 0, 1, -4932, -133630]	[[-40, 25]]
"3526.c1"	3526	[1, 0, 0, -393, 2969]	[[16, 21]]
"3528.d1"	3528	[0, 0, 0, -169491, -26857586]	[[4662, 317030]]
"3528.d2"	3528	[0, 0, 0, -28371, 1839166]	[[95, 36]]
"3528.d3"	3528	[0, 0, 0, -10731, -408170]	[[126, 490]]
"3528.d4"	3528	[0, 0, 0, -1911, 24010]	[[63, 392]]
"3528.d5"	3528	[0, 0, 0, 294, 2401]	[[0, 49]]
"3528.d6"	3528	[0, 0, 0, 6909, -1618274]	[[18617/2, 2540565/2]]
"3528.e2"	3528	[0, 0, 0, -2646, 83349]	[[-14, 343]]
"3528.k1"	3528	[0, 0, 0, -63, -189]	[[-5, 1]]
"3528.m1"	3528	[0, 0, 0, -1155, -13426]	[[-17, 36]]
"3528.n1"	3528	[0, 0, 0, -56595, 4605118]	[[71, 972]]
"3528.n2"	3528	[0, 0, 0, 5145, 369754]	[[275, 4752]]
"3528.p1"	3528	[0, 0, 0, -147, -637]	[[-7, 7]]
"3528.t1"	3528	[0, 0, 0, -294, -1715]	[[-10, 15]]
"3528.t2"	3528	[0, 0, 0, 441, -8918]	[[21, 98]]
"3528.x1"	3528	[0, 0, 0, -131859, 18429390]	[[310, 2710]]
"3528.x2"	3528	[0, 0, 0, -26019, -1278018]	[[-279/2, 3555/2]]
"3528.x3"	3528	[0, 0, 0, -8379, 277830]	[[-33, 720]]
"3530.a1"	3530	[1, 1, 0, -388, 2768]	[[8, 12]]
"3530.b1"	3530	[1, 0, 1, -68, -194]	[[-5, 7]]
"3538.a1"	3538	[1, -1, 0, -668, -6466]	[[-131/3, 94/3]]
"3538.a2"	3538	[1, -1, 0, -58, 0]	[[-1, 8]]
"3538.a3"	3538	[1, -1, 0, -38, 100]	[[3, 1]]
"3538.a4"	3538	[1, -1, 0, 232, -174]	[[57, 414]]
"3540.d1"	3540	[0, -1, 0, -58300, -5398760]	[[2262, 106918]]
"3540.d2"	3540	[0, -1, 0, -3625, -84350]	[[75, 245]]
"3540.f1"	3540	[0, 1, 0, -9141, -338841]	[[-54, 15]]
"3540.h1"	3540	[0, 1, 0, -60, -60]	[[8, 6]]
"3540.h2"	3540	[0, 1, 0, 15, 0]	[[3, 9]]
"3542.a1"	3542	[1, -1, 0, -502, -46988]	[[41, -11]]
"3542.b1"	3542	[1, -1, 0, -1771, 89989]	[[35, 247]]
"3542.f1"	3542	[1, -1, 0, -5047, 136857]	[[49, 49]]
"3542.f2"	3542	[1, -1, 0, 13, 6309]	[[5, 78]]
"3542.g1"	3542	[1, -1, 0, -1899511, -1007177763]	[[6423/2, 65607/2]]
"3542.j1"	3542	[1, -1, 1, -54, 165]	[[5, -5]]
"3542.k1"	3542	[1, 0, 0, -473, 3901]	[[10, 9]]
"3542.l1"	3542	[1, 0, 0, -779898, -31326092]	[[-434, 15232]]
"3542.l2"	3542	[1, 0, 0, -501578, 136684324]	[[406, -112]]
"3542.l4"	3542	[1, 0, 0, 193462, -3877340]	[[1820, 78950]]
"3542.m1"	3542	[1, 1, 1, 31, -993]	[[31, 160]]
"3542.o1"	3542	[1, 1, 1, -31502345, -68068456437]	[[-729641/15, 5792722/15]]
"3542.p1"	3542	[1, -1, 1, -94836604, 355501196993]	[[67577201451/3262, 3242229696715675/3262]]
"3542.p2"	3542	[1, -1, 1, -6567664, 4282243921]	[[12929241931/1890, 1115852156591509/1890]]
"3542.p3"	3542	[1, -1, 1, -5927574, 5555254913]	[[697691/14, 466813971/14]]
"3542.p4"	3542	[1, -1, 1, -330754, 106190961]	[[-1653/2, 106621/2]]
"3542.r1"	3542	[1, 0, 0, -328, -2426]	[[24541/12, 3677359/12]]
"3542.r2"	3542	[1, 0, 0, 22, -4]	[[170, 2134]]
"3545.a1"	3545	[1, 0, 1, -74, -249]	[[911/7, 20644/7]]
"3545.a2"	3545	[1, 0, 1, -69, -283]	[[71, 559]]
"3547.b1"	3547	[0, 1, 1, 3, 3]	[[-1, 0]]
"3550.e1"	3550	[1, 1, 0, -1450, 21500]	[[19, 26]]
"3550.k1"	3550	[1, -1, 1, -1030, -12403]	[[39, 55]]
"3550.k2"	3550	[1, -1, 1, -30, -403]	[[19, 65]]
"3550.l1"	3550	[1, 0, 0, -58, 172]	[[18, 62]]
"3552.c1"	3552	[0, -1, 0, -76527553, 257702035153]	[[-3903, 704924]]
"3552.c2"	3552	[0, -1, 0, -4783018, 4027708300]	[[-118036/11, 117281514/11]]
"3552.e1"	3552	[0, 1, 0, -193, -913]	[[-7, 12]]
"3552.e2"	3552	[0, 1, 0, -58, 140]	[[2, 6]]
"3553.c1"	3553	[1, 1, 0, -36, 59]	[[-1/2, 67/2]]
"3553.c2"	3553	[1, 1, 0, 59, 420]	[[69/4, 1647/4]]
"3554.a1"	3554	[1, -1, 1, -36, -73]	[[15, 43]]
"3554.a2"	3554	[1, -1, 1, -16, -169]	[[133/3, 1181/3]]
"3555.f1"	3555	[1, -1, 0, -3159, 56938]	[[2, 224]]
"3555.f2"	3555	[1, -1, 0, 396, 5035]	[[26, 167]]
"3560.b2"	3560	[0, 1, 0, -31, -66]	[[-3, 3]]
"3560.e1"	3560	[0, 0, 0, -23, -22]	[[-2, 4]]
"3560.e2"	3560	[0, 0, 0, 77, -162]	[[18, 84]]
"3560.f1"	3560	[0, 1, 0, -7160, -235600]	[[155, 1550]]
"3560.g1"	3560	[0, -1, 0, -1516, 1716]	[[10/3, 152/3]]
"3560.g2"	3560	[0, -1, 0, -1071, 13820]	[[11, 57]]
"3563.a1"	3563	[0, 1, 1, -168, 796]	[[7, 3]]
"3568.b1"	3568	[0, 1, 0, -608, 5236]	[[10, 16]]
"3569.a1"	3569	[1, 0, 1, -78, -1593]	[[15, 18]]
"3570.c1"	3570	[1, 1, 0, -518, 3132]	[[19, 15]]
"3570.d1"	3570	[1, 1, 0, -40957, -3207491]	[[585, 12878]]
"3570.e1"	3570	[1, 1, 0, -8099997, 8869726359]	[[1613, 1276]]
"3570.g1"	3570	[1, 1, 0, -1822, -30704]	[[-25, 14]]
"3570.g2"	3570	[1, 1, 0, -122, -444]	[[-5, -6]]
"3570.g3"	3570	[1, 1, 0, -42, 84]	[[5, 3]]
"3570.g4"	3570	[1, 1, 0, 298, -2376]	[[13, 56]]
"3570.j1"	3570	[1, 0, 1, -15284, -722854]	[[635/2, 6771/2]]
"3570.j2"	3570	[1, 0, 1, -1319, 17732]	[[24, -5]]
"3570.j3"	3570	[1, 0, 1, -284, -26854]	[[65, 447]]
"3570.l1"	3570	[1, 0, 1, -3737723, -2781668122]	[[-1116, 670]]
"3570.l2"	3570	[1, 0, 1, -751803, 200572006]	[[830, 11772]]
"3570.l3"	3570	[1, 0, 1, -237723, -41868122]	[[-316, 1470]]
"3570.l4"	3570	[1, 0, 1, 13157, -2831194]	[[160, 1757]]
"3570.m1"	3570	[1, 0, 1, -1438, 20858]	[[-8, 182]]
"3570.o2"	3570	[1, 0, 1, -52573, 4231928]	[[82, 647]]
"3570.o3"	3570	[1, 0, 1, -51293, 4466936]	[[132, -41]]
"3570.o4"	3570	[1, 0, 1, 63027, 20277208]	[[-88, 3792]]
"3570.r1"	3570	[1, 1, 1, -111251, -14305951]	[[-187, 44]]
"3570.r2"	3570	[1, 1, 1, -91571, 10568993]	[[257, 1894]]
