10	"65.a1"	65	[1, 0, 0, -1, 0]	[[1, 0]]
10	"65.a2"	65	[1, 0, 0, 4, 1]	[[1, 2]]
14	"79.a1"	79	[1, 1, 1, -2, 0]	[[0, 0]]
14	"82.a1"	82	[1, 0, 1, -12, -16]	[[-2, 1]]
18	"91.a1"	91	[0, 0, 1, 1, 0]	[[0, 0]]
12	"91.b2"	91	[0, 1, 1, -7, 5]	[[3, 4]]
14	"101.a1"	101	[0, 1, 1, -1, -1]	[[-1, 0]]
12	"102.a2"	102	[1, 1, 0, 8, 10]	[[1, 4]]
12	"112.a2"	112	[0, 1, 0, 0, 4]	[[0, 2]]
16	"117.a2"	117	[1, -1, 1, -176, -768]	[[-6, 9]]
16	"117.a3"	117	[1, -1, 1, -41, 96]	[[6, 3]]
16	"117.a4"	117	[1, -1, 1, 4, 6]	[[0, 2]]
15	"123.a1"	123	[0, 1, 1, -10, 10]	[[1, 1]]
18	"124.a1"	124	[0, 1, 0, -2, 1]	[[2, 3]]
18	"124.a2"	124	[0, 1, 0, 18, -11]	[[9, 31]]
10	"128.a2"	128	[0, 1, 0, 1, 1]	[[0, 1]]
18	"130.a3"	130	[1, 0, 1, -13, 156]	[[5, 12]]
12	"131.a1"	131	[0, -1, 1, 1, 0]	[[0, 0]]
18	"136.a2"	136	[0, 1, 0, 16, 16]	[[0, 4]]
18	"138.a1"	138	[1, 1, 0, -31, 55]	[[3, -1]]
15	"141.d1"	141	[0, -1, 1, -1, 0]	[[0, 0]]
18	"145.a2"	145	[1, -1, 1, 2, 6]	[[0, 2]]
10	"155.a2"	155	[0, -1, 1, 10, 6]	[[2, 5]]
16	"156.a1"	156	[0, -1, 0, -20, -24]	[[-2, 2]]
16	"160.a1"	160	[0, 1, 0, -6, 4]	[[0, 2]]
18	"163.a1"	163	[0, 0, 1, -2, 1]	[[1, 0]]
14	"170.b2"	170	[1, 0, 1, 12, 38]	[[-1, 5]]
15	"171.b1"	171	[0, 0, 1, -6924, 221760]	[[62, 175]]
15	"172.a1"	172	[0, 1, 0, -13, 15]	[[2, 1]]
15	"172.a2"	172	[0, 1, 0, 67, 79]	[[10, 43]]
15	"175.a1"	175	[0, -1, 1, -148, 748]	[[7, 2]]
15	"175.b1"	175	[0, -1, 1, -3283, -74657]	[[397, 7812]]
15	"175.b3"	175	[0, -1, 1, 217, -282]	[[12, 62]]
12	"185.c1"	185	[1, 0, 1, -4, -3]	[[3, 2]]
12	"185.c2"	185	[1, 0, 1, 1, -9]	[[3, 3]]
18	"189.b1"	189	[0, 0, 1, -3834, -91375]	[[-143/2, -3/2]]
16	"192.a1"	192	[0, -1, 0, -129, 609]	[[8, 5]]
16	"192.a2"	192	[0, -1, 0, -9, 9]	[[5, 8]]
16	"192.a3"	192	[0, -1, 0, -4, -2]	[[3, 2]]
16	"192.a4"	192	[0, -1, 0, 31, 33]	[[1, 8]]
15	"196.a1"	196	[0, -1, 0, -142, 701]	[[7, 1]]
16	"200.b1"	200	[0, 1, 0, -28, 48]	[[2, 2]]
16	"200.b2"	200	[0, 1, 0, -3, -2]	[[3, 5]]
12	"205.a1"	205	[1, -1, 1, -232, -1286]	[[-8, 6]]
12	"205.a2"	205	[1, -1, 1, -27, 26]	[[6, 4]]
12	"205.a4"	205	[1, -1, 1, 98, 126]	[[1, 14]]
16	"207.a1"	207	[1, -1, 1, -140, 668]	[[6, 1]]
16	"207.a2"	207	[1, -1, 1, -5, 20]	[[0, 4]]
18	"208.a3"	208	[0, -1, 0, 8, -16]	[[4, 8]]
16	"210.a1"	210	[1, 1, 0, -373, 2623]	[[13, 7]]
16	"210.a2"	210	[1, 1, 0, -23, 33]	[[4, 3]]
16	"210.a3"	210	[1, 1, 0, -3, -3]	[[2, 1]]
16	"210.a4"	210	[1, 1, 0, 7, 147]	[[1, 12]]
16	"219.a1"	219	[0, -1, 1, -6, 8]	[[2, 0]]
12	"219.b1"	219	[0, 1, 1, -27, -85]	[[23, 109]]
12	"219.b2"	219	[0, 1, 1, 3, 2]	[[2, 4]]
16	"219.c1"	219	[1, 1, 0, -1297, -18530]	[[207/2, 1691/2]]
16	"224.a2"	224	[0, 1, 0, 2, 0]	[[1, 2]]
12	"225.c1"	225	[0, 0, 1, 0, -34]	[[6, 13]]
16	"226.a1"	226	[1, 0, 0, -45, -119]	[[-4, 3]]
16	"226.a2"	226	[1, 0, 0, -5, 1]	[[0, 1]]
15	"232.a1"	232	[0, -1, 0, 8, -4]	[[2, 4]]
16	"234.a1"	234	[1, -1, 0, -63, 209]	[[8, 9]]
16	"234.a2"	234	[1, -1, 0, -3, 5]	[[1, 1]]
14	"238.a2"	238	[1, -1, 0, 2, 0]	[[1, 1]]
18	"238.c1"	238	[1, 0, 0, -700, 7056]	[[14, 0]]
18	"238.c2"	238	[1, 0, 0, -60, 16]	[[-4, 16]]
12	"240.a2"	240	[0, -1, 0, -136, -560]	[[-6, 2]]
12	"240.a3"	240	[0, -1, 0, -16, 16]	[[0, 4]]
12	"240.a4"	240	[0, -1, 0, 4, 0]	[[1, 2]]
16	"246.a2"	246	[1, 1, 0, -26, 444]	[[1, 20]]
14	"248.a1"	248	[0, 1, 0, 0, 1]	[[0, 1]]
10	"248.c1"	248	[0, 0, 0, 1, -1]	[[1, 1]]
14	"252.a2"	252	[0, 0, 0, -12, 65]	[[-2, 9]]
15	"254.b1"	254	[1, 0, 0, -24432, -1471934]	[[-36131/20, 361313/20]]
15	"254.b2"	254	[1, 0, 0, -302, -2036]	[[-10, 8]]
15	"254.b3"	254	[1, 0, 0, -22, 36]	[[2, 0]]
12	"256.b2"	256	[0, 0, 0, 8, 0]	[[1, 3]]
10	"262.a1"	262	[1, -1, 0, -2, 2]	[[1, 0]]
18	"262.b1"	262	[1, 0, 0, 1, 25]	[[-2, 5]]
12	"265.a1"	265	[1, -1, 1, -138, 656]	[[6, 1]]
12	"265.a2"	265	[1, -1, 1, -133, 702]	[[0, 26]]
15	"269.a1"	269	[0, 0, 1, -2, -1]	[[-1, 0]]
14	"272.a1"	272	[0, 1, 0, -48, -140]	[[-4, 2]]
14	"272.a2"	272	[0, 1, 0, -8, 4]	[[0, 2]]
12	"272.b1"	272	[0, 0, 0, -1451, 21274]	[[31, 78]]
12	"272.b2"	272	[0, 0, 0, -91, 330]	[[7, 6]]
12	"272.b4"	272	[0, 0, 0, -11, 890]	[[-1, 30]]
16	"274.b1"	274	[1, -1, 0, -2, 0]	[[2, 0]]
16	"274.b2"	274	[1, -1, 0, 8, -6]	[[1, 1]]
12	"282.a1"	282	[1, 1, 1, -255, 1461]	[[9, -4]]
18	"285.a2"	285	[1, 0, 0, 19, 0]	[[1, 4]]
14	"285.b2"	285	[1, 1, 0, 2, -17]	[[6, 13]]
12	"288.a1"	288	[0, 0, 0, -12, 0]	[[-2, 4]]
12	"288.a2"	288	[0, 0, 0, 3, 0]	[[1, 2]]
16	"288.b1"	288	[0, 0, 0, -291, -1910]	[[26, 90]]
16	"288.b2"	288	[0, 0, 0, -156, 736]	[[5, 9]]
16	"288.b3"	288	[0, 0, 0, -21, -20]	[[-3, 4]]
16	"288.b4"	288	[0, 0, 0, 69, -146]	[[5, 18]]
12	"289.a2"	289	[1, -1, 1, -1644, -24922]	[[-589/5, 3594/5]]
16	"291.c1"	291	[1, 1, 1, -18, -36]	[[-3, 2]]
16	"291.c2"	291	[1, 1, 1, -3, 0]	[[0, 0]]
16	"294.c2"	294	[1, 0, 1, 2, 32]	[[1, 5]]
16	"300.a1"	300	[0, -1, 0, -13, 22]	[[1, 3]]
16	"300.a2"	300	[0, -1, 0, 12, 72]	[[2, 10]]
18	"303.a1"	303	[0, 1, 1, -6, 2]	[[0, 1]]
14	"303.b1"	303	[0, 1, 1, -197, -208]	[[-2, 13]]
14	"304.b1"	304	[0, -1, 0, -8, 16]	[[0, 4]]
14	"304.d1"	304	[0, 1, 0, -1120, 15604]	[[-30, 152]]
14	"304.d2"	304	[0, 1, 0, 0, -76]	[[10, 32]]
18	"306.a1"	306	[1, -1, 0, -1017, 8883]	[[7, 42]]
18	"306.a3"	306	[1, -1, 0, -387, -2835]	[[-11, 6]]
12	"310.a1"	310	[1, 0, 0, -2046, 15376]	[[0, 124]]
12	"310.a2"	310	[1, 0, 0, -1706, 26980]	[[36, 94]]
14	"312.b1"	312	[0, -1, 0, -3, 0]	[[3, 3]]
14	"312.b2"	312	[0, -1, 0, 12, -12]	[[2, 4]]
14	"312.d1"	312	[0, 1, 0, -60, 144]	[[6, 6]]
14	"312.d2"	312	[0, 1, 0, 5, 14]	[[-1, 3]]
12	"315.a2"	315	[1, -1, 1, -68, 182]	[[0, 13]]
12	"315.a3"	315	[1, -1, 1, -23, -34]	[[6, 1]]
18	"316.a1"	316	[0, 0, 0, -7, -2]	[[-1, 2]]
12	"320.a1"	320	[0, 1, 0, -165, 763]	[[6, 5]]
12	"320.a3"	320	[0, 1, 0, -5, -5]	[[3, 4]]
16	"320.c1"	320	[0, 0, 0, -428, -3408]	[[24, 12]]
16	"320.c2"	320	[0, 0, 0, -28, -48]	[[-3, 3]]
16	"320.c3"	320	[0, 0, 0, -8, 8]	[[1, 1]]
16	"322.a1"	322	[1, -1, 0, -238, 1470]	[[7, 7]]
16	"322.a2"	322	[1, -1, 0, -8, 44]	[[-2, 8]]
14	"322.c1"	322	[1, 0, 0, -174, 868]	[[6, 4]]
14	"322.c2"	322	[1, 0, 0, -14, 4]	[[0, 2]]
15	"324.a1"	324	[0, 0, 0, -189, -999]	[[-8, 1]]
18	"325.b1"	325	[0, -1, 1, -53, -132]	[[-4, 0]]
18	"325.b2"	325	[0, -1, 1, -3, 3]	[[1, 0]]
18	"325.c1"	325	[0, 1, 1, -1333, -19131]	[[-21, 6]]
18	"325.c2"	325	[0, 1, 1, -83, 244]	[[2, 9]]
12	"326.b1"	326	[1, -1, 0, -80, -256]	[[-5, 3]]
16	"326.c1"	326	[1, 0, 0, -6, 4]	[[0, 2]]
12	"328.a2"	328	[0, 0, 0, 29, -66]	[[6, 18]]
16	"333.a1"	333	[1, -1, 1, -14, -14]	[[-2, 2]]
16	"333.a2"	333	[1, -1, 1, 1, -2]	[[2, 1]]
8	"333.c1"	333	[1, -1, 0, -123, 494]	[[-2, 28]]
8	"333.c2"	333	[1, -1, 0, 12, 35]	[[2, 7]]
16	"336.a1"	336	[0, -1, 0, -12544, 544960]	[[90, 370]]
16	"336.a2"	336	[0, -1, 0, -784, 8704]	[[18, 10]]
16	"336.a3"	336	[0, -1, 0, -624, -5760]	[[-14, 6]]
16	"336.a5"	336	[0, -1, 0, -64, 64]	[[0, 8]]
16	"336.a6"	336	[0, -1, 0, 16, 0]	[[2, 6]]
16	"338.c1"	338	[1, -1, 0, -389, -2859]	[[26, 51]]
16	"338.c2"	338	[1, -1, 0, 1, 1]	[[0, 1]]
10	"340.a2"	340	[0, 0, 0, -23, 78]	[[-1, 10]]
14	"342.a1"	342	[1, -1, 0, -33, -65]	[[-3, 2]]
14	"342.a2"	342	[1, -1, 0, -3, 1]	[[0, 1]]
12	"342.c2"	342	[1, -1, 0, -3762, 97470]	[[39, 75]]
12	"342.c4"	342	[1, -1, 0, 288, -216]	[[15, 78]]
16	"346.a1"	346	[1, 1, 1, -7, -3]	[[-1, 2]]
9	"350.a1"	350	[1, 1, 0, -45, -185]	[[31, 156]]
16	"360.a1"	360	[0, 0, 0, -963, 11502]	[[19, 8]]
16	"360.a2"	360	[0, 0, 0, -63, 162]	[[9, 18]]
16	"360.a3"	360	[0, 0, 0, -18, -27]	[[6, 9]]
16	"360.a4"	360	[0, 0, 0, 117, 918]	[[3, 36]]
15	"366.b2"	366	[1, 0, 1, 40, -538]	[[81, 691]]
12	"368.b2"	368	[0, -1, 0, 2, -1]	[[1, 1]]
16	"370.b1"	370	[1, -1, 0, -395, -2925]	[[45, 240]]
16	"370.b2"	370	[1, -1, 0, -25, -39]	[[-3, 3]]
16	"370.b3"	370	[1, -1, 0, -5, 5]	[[1, 0]]
16	"370.b4"	370	[1, -1, 0, 25, -209]	[[7, 13]]
12	"371.a1"	371	[1, 1, 0, -35, -98]	[[14, 42]]
16	"377.a2"	377	[1, -1, 0, -13, 0]	[[-9/2, 39/2]]
16	"377.a3"	377	[1, -1, 0, -8, 11]	[[-2, 5]]
16	"377.a4"	377	[1, -1, 0, 52, -39]	[[127/6, 2509/6]]
9	"378.b3"	378	[1, -1, 0, 849, -25939]	[[62, 481]]
16	"380.a1"	380	[0, 0, 0, -103, -402]	[[14, 30]]
16	"380.a2"	380	[0, 0, 0, -8, -3]	[[-1, 2]]
16	"384.b1"	384	[0, -1, 0, -3, 3]	[[2, 1]]
16	"384.b2"	384	[0, -1, 0, 7, 9]	[[1, 4]]
16	"384.e1"	384	[0, 1, 0, -35, 69]	[[1, 6]]
16	"384.e2"	384	[0, 1, 0, -25, 119]	[[-1, 12]]
12	"390.a1"	390	[1, 1, 0, -483, -4293]	[[-13, 7]]
12	"390.a2"	390	[1, 1, 0, -33, -63]	[[-4, 7]]
12	"390.a4"	390	[1, 1, 0, 97, -297]	[[9, 33]]
16	"392.d1"	392	[0, 0, 0, -14651, -682570]	[[1306/3, 13420/3]]
16	"392.d2"	392	[0, 0, 0, -2891, 47334]	[[14, 98]]
16	"392.d3"	392	[0, 0, 0, -931, -10290]	[[107, 1056]]
16	"392.d4"	392	[0, 0, 0, 49, -686]	[[9, 22]]
14	"399.a1"	399	[1, 1, 1, -48, 90]	[[0, 9]]
14	"399.c1"	399	[1, 1, 0, -1925, 31458]	[[22, 8]]
14	"399.c2"	399	[1, 1, 0, -210, -441]	[[-10, 33]]
16	"400.e1"	400	[0, 0, 0, -2675, 53250]	[[29, 8]]
16	"400.e2"	400	[0, 0, 0, -175, 750]	[[1, 24]]
16	"400.e3"	400	[0, 0, 0, -50, -125]	[[15, 50]]
16	"400.e4"	400	[0, 0, 0, 325, 4250]	[[-5, 50]]
12	"402.b1"	402	[1, 0, 1, -10255, -438718]	[[8799/5, 764372/5]]
12	"402.b3"	402	[1, 0, 1, 800, 1070]	[[25, 179]]
14	"404.b1"	404	[0, 0, 0, -8, 4]	[[0, 2]]
16	"406.a1"	406	[1, -1, 0, -4942, 134964]	[[41, -19]]
16	"406.a2"	406	[1, -1, 0, -302, 2260]	[[9, 10]]
18	"410.b1"	410	[1, -1, 0, -214, 1260]	[[9, -3]]
18	"410.b2"	410	[1, -1, 0, -14, 20]	[[1, 2]]
10	"410.c1"	410	[1, 0, 0, -16, 0]	[[-2, 6]]
10	"410.c2"	410	[1, 0, 0, 64, 16]	[[6, 22]]
12	"414.a1"	414	[1, -1, 0, -2223, -39785]	[[-27, 16]]
12	"414.a3"	414	[1, -1, 0, -153, -455]	[[-4, -7]]
12	"414.a4"	414	[1, -1, 0, 27, -59]	[[5, 11]]
14	"414.b1"	414	[1, -1, 1, -1532, 23455]	[[25, 5]]
14	"414.b2"	414	[1, -1, 1, -92, 415]	[[1, 17]]
16	"423.d1"	423	[1, -1, 0, -6768, -212625]	[[6867/2, 561393/2]]
16	"423.d2"	423	[1, -1, 0, -558, -891]	[[-12, 69]]
16	"423.d3"	423	[1, -1, 0, -423, -3240]	[[1716, 70206]]
16	"423.d4"	423	[1, -1, 0, -18, -81]	[[18, 63]]
16	"425.b1"	425	[1, 0, 0, -3, 2]	[[1, 0]]
16	"425.c1"	425	[1, 1, 0, -75, 250]	[[10, 20]]
12	"425.d1"	425	[1, -1, 0, -2267, -40984]	[[1589/4, 50597/4]]
12	"425.d2"	425	[1, -1, 0, -142, -609]	[[94, 853]]
12	"425.d3"	425	[1, -1, 0, -17, -1734]	[[14, 18]]
14	"426.a2"	426	[1, 1, 0, -286, 1780]	[[7, 10]]
18	"430.c1"	430	[1, 0, 0, -5626, -162894]	[[771/2, 18699/2]]
18	"430.c2"	430	[1, 0, 0, -36, -440]	[[10, 10]]
15	"432.b2"	432	[0, 0, 0, -219, -1654]	[[29, 128]]
15	"432.b3"	432	[0, 0, 0, 21, 26]	[[5, 16]]
12	"432.d1"	432	[0, 0, 0, 0, -4]	[[2, 2]]
14	"434.a1"	434	[1, -1, 0, -47, 133]	[[3, 2]]
14	"434.c1"	434	[1, 0, 0, -139, 465]	[[2, 13]]
8	"438.a1"	438	[1, 1, 0, -65, -231]	[[-5, 3]]
10	"438.b1"	438	[1, 0, 1, -98, 362]	[[6, -2]]
10	"438.b2"	438	[1, 0, 1, -8, 2]	[[0, 1]]
18	"438.c2"	438	[1, 0, 1, -31106, 2108972]	[[192, 1699]]
18	"438.c3"	438	[1, 0, 1, -9641, -337876]	[[-66, 142]]
18	"438.c4"	438	[1, 0, 1, -1946, 32780]	[[24, -5]]
12	"438.e1"	438	[1, 1, 1, -1559, -24343]	[[159, 1864]]
12	"438.e2"	438	[1, 1, 1, -99, -399]	[[-7, 6]]
12	"438.e3"	438	[1, 1, 1, -19, 17]	[[1, 0]]
12	"438.e4"	438	[1, 1, 1, 81, -1479]	[[11, 24]]
16	"441.c2"	441	[1, -1, 1, -965, -13940]	[[46, 170]]
16	"441.c4"	441	[1, -1, 1, -20, 46]	[[2, 2]]
16	"441.f1"	441	[1, -1, 0, -345753, -78165914]	[[234399/10, 108307823/10]]
16	"441.f2"	441	[1, -1, 0, -21618, -1216265]	[[9255/2, 879115/2]]
16	"441.f5"	441	[1, -1, 0, -1773, -5720]	[[-4, 38]]
16	"441.f6"	441	[1, -1, 0, 432, -869]	[[30, 181]]
16	"444.b1"	444	[0, 1, 0, -9, 0]	[[3, 3]]
16	"444.b2"	444	[0, 1, 0, 36, 36]	[[0, 6]]
16	"448.b1"	448	[0, 1, 0, -33, 31]	[[-1, 8]]
16	"448.b2"	448	[0, 1, 0, 7, 7]	[[1, 4]]
8	"448.d1"	448	[0, 0, 0, -1196, 15920]	[[29, 75]]
8	"448.d3"	448	[0, 0, 0, -76, 240]	[[8, 12]]
8	"448.d4"	448	[0, 0, 0, 4, 16]	[[0, 4]]
16	"448.e1"	448	[0, 0, 0, -1196, -15920]	[[124, 1320]]
16	"448.e2"	448	[0, 0, 0, -236, 1104]	[[5, 7]]
16	"448.e3"	448	[0, 0, 0, -76, -240]	[[12, 24]]
16	"448.e4"	448	[0, 0, 0, 4, -16]	[[4, 8]]
18	"450.a1"	450	[1, -1, 0, -5442, -39034]	[[-41, 358]]
18	"450.a3"	450	[1, -1, 0, -192, 1216]	[[-1, 38]]
18	"450.a4"	450	[1, -1, 0, 1308, -5284]	[[14, 118]]
14	"450.b3"	450	[1, -1, 0, -252, -7344]	[[39, 183]]
12	"455.a1"	455	[1, -1, 1, -397, -2796]	[[-11, 17]]
12	"455.a2"	455	[1, -1, 1, -72, 194]	[[2, 6]]
12	"455.a3"	455	[1, -1, 1, -67, 226]	[[14, 36]]
12	"455.a4"	455	[1, -1, 1, 173, 1076]	[[-4, 19]]
12	"455.b1"	455	[1, -1, 0, -4670, -121675]	[[14797/12, 1102837/12]]
12	"455.b2"	455	[1, -1, 0, -295, -1800]	[[-41/2, 107/2]]
12	"455.b3"	455	[1, -1, 0, -50, 111]	[[2, 3]]
12	"455.b4"	455	[1, -1, 0, 160, -7169]	[[1087/6, 30553/6]]
12	"459.c1"	459	[1, -1, 1, -2, 28]	[[-2, 5]]
12	"459.f1"	459	[1, -1, 0, 0, -1]	[[2, 1]]
18	"460.c2"	460	[0, 1, 0, 414, -13915]	[[613/3, 15625/3]]
16	"465.a1"	465	[1, 0, 0, -170, 837]	[[9, 3]]
16	"465.a2"	465	[1, 0, 0, -15, 0]	[[5, 5]]
16	"465.a3"	465	[1, 0, 0, -10, -13]	[[7, 13]]
16	"465.a4"	465	[1, 0, 0, 60, 15]	[[2, 11]]
16	"465.b1"	465	[1, 1, 0, -162, 729]	[[8, 1]]
16	"465.b2"	465	[1, 1, 0, -7, 16]	[[0, 4]]
10	"468.b2"	468	[0, 0, 0, 9, 270]	[[3, 18]]
12	"469.a1"	469	[1, -1, 1, -12, 18]	[[2, -1]]
12	"469.b1"	469	[1, 0, 1, -80, -275]	[[-5, 4]]
15	"470.b1"	470	[1, 0, 1, -44, 106]	[[1, 7]]
12	"471.a1"	471	[1, 1, 1, 1, 2]	[[0, 1]]
12	"472.b1"	472	[0, -1, 0, 4, 4]	[[0, 2]]
16	"475.a1"	475	[1, -1, 1, -25, 52]	[[4, 0]]
16	"475.a2"	475	[1, -1, 1, 0, 2]	[[0, 1]]
16	"475.c1"	475	[1, -1, 0, -617, 5916]	[[8, 34]]
16	"475.c2"	475	[1, -1, 0, 8, 291]	[[10, 31]]
16	"480.b1"	480	[0, -1, 0, -81, -255]	[[11, 8]]
16	"480.b3"	480	[0, -1, 0, -6, 0]	[[-1, 2]]
16	"480.b4"	480	[0, -1, 0, 24, -24]	[[5, 14]]
12	"480.c1"	480	[0, -1, 0, -480, 4212]	[[17, 26]]
12	"480.c2"	480	[0, -1, 0, -80, -168]	[[-3, 6]]
12	"480.c3"	480	[0, -1, 0, -30, 72]	[[2, 4]]
12	"480.c4"	480	[0, -1, 0, 15, 225]	[[0, 15]]
14	"481.a2"	481	[1, -1, 0, -1688, 27405]	[[36, 93]]
8	"482.a1"	482	[1, 0, 1, -44, -150]	[[17, 55]]
18	"486.b1"	486	[1, -1, 0, -177, 953]	[[8, -5]]
18	"486.b2"	486	[1, -1, 0, 3, 5]	[[2, 3]]
18	"486.d1"	486	[1, -1, 1, -1109, -13931]	[[-19, 8]]
18	"490.b1"	490	[1, 1, 0, -32, 64]	[[8, 16]]
18	"490.b2"	490	[1, 1, 0, 3, 1]	[[0, 1]]
18	"490.c1"	490	[1, 0, 1, -1594, -26708]	[[53, 169]]
18	"490.c2"	490	[1, 0, 1, 121, 46]	[[1, 12]]
16	"490.f1"	490	[1, 0, 0, -1191, 15721]	[[18, 5]]
16	"490.f2"	490	[1, 0, 0, -71, 265]	[[-2, 21]]
14	"496.a1"	496	[0, 0, 0, 1, 1]	[[0, 1]]
12	"496.b1"	496	[0, 0, 0, -5291, -148134]	[[847/3, 11690/3]]
12	"496.b3"	496	[0, 0, 0, -331, -2310]	[[39, 210]]
18	"496.c1"	496	[0, 0, 0, -17, 27]	[[2, 1]]
14	"504.a1"	504	[0, 0, 0, -111, 450]	[[7, 4]]
14	"504.a2"	504	[0, 0, 0, -6, 9]	[[0, 3]]
12	"504.b1"	504	[0, 0, 0, -1371, -19514]	[[-21, 4]]
12	"504.b2"	504	[0, 0, 0, -111, -110]	[[-7, 18]]
12	"504.b3"	504	[0, 0, 0, -66, 205]	[[6, 5]]
12	"504.b4"	504	[0, 0, 0, 429, -866]	[[11, 72]]
18	"504.d1"	504	[0, 0, 0, -6, 5]	[[2, 1]]
18	"504.d2"	504	[0, 0, 0, 9, 26]	[[1, 6]]
14	"505.a1"	505	[1, -1, 0, -10, 15]	[[6, 9]]
14	"505.a2"	505	[1, -1, 0, -5, 26]	[[-2, 6]]
16	"507.a2"	507	[1, 1, 1, -3299, 64670]	[[44, 62]]
16	"507.a3"	507	[1, 1, 1, -764, -7324]	[[-18, 40]]
16	"507.a4"	507	[1, 1, 1, 81, -564]	[[94/3, 913/3]]
16	"510.c1"	510	[1, 1, 1, -6541, -206341]	[[-47, 24]]
16	"510.c2"	510	[1, 1, 1, -421, -3157]	[[-13, 24]]
16	"510.c4"	510	[1, 1, 1, 579, -14757]	[[21, 74]]
16	"514.a1"	514	[1, 0, 0, -4, 0]	[[2, 0]]
16	"514.a2"	514	[1, 0, 0, 16, 4]	[[0, 2]]
16	"514.b1"	514	[1, -1, 1, -21931, -1244565]	[[565, 12620]]
16	"514.b2"	514	[1, -1, 1, -1371, -19189]	[[51, 178]]
16	"514.b3"	514	[1, -1, 1, -1291, -21589]	[[457/3, 4826/3]]
16	"514.b4"	514	[1, -1, 1, -91, -245]	[[-7, 6]]
16	"520.a1"	520	[0, 0, 0, -563, -5138]	[[169/2, 1725/2]]
16	"520.a2"	520	[0, 0, 0, -43, -42]	[[-2, 6]]
16	"520.a4"	520	[0, 0, 0, 157, -322]	[[38, 246]]
12	"524.a1"	524	[0, 1, 0, -309, 1991]	[[10, 1]]
12	"525.a1"	525	[1, 1, 1, -2813, -58594]	[[-31, 17]]
12	"525.a2"	525	[1, 1, 1, -188, -844]	[[-6, -8]]
12	"525.a3"	525	[1, 1, 1, -63, 156]	[[6, 3]]
12	"525.a4"	525	[1, 1, 1, 437, -4594]	[[20, 102]]
18	"525.b1"	525	[1, 0, 0, -18, 27]	[[3, 0]]
18	"525.c1"	525	[1, 1, 0, -450, 3375]	[[14, 1]]
18	"525.c2"	525	[1, 1, 0, 175, 12750]	[[10, 120]]
12	"530.b1"	530	[1, -1, 0, -4, 0]	[[4, 4]]
12	"530.b2"	530	[1, -1, 0, 16, -12]	[[2, 4]]
16	"530.d1"	530	[1, 1, 1, 9, 13]	[[1, 4]]
16	"534.a1"	534	[1, 1, 1, -14, 11]	[[3, 1]]
16	"534.a2"	534	[1, 1, 1, 26, 107]	[[-1, 9]]
6	"540.a1"	540	[0, 0, 0, -513, -4563]	[[28, 55]]
18	"540.b2"	540	[0, 0, 0, 1512, 33588]	[[-11, 125]]
18	"540.d2"	540	[0, 0, 0, 3, 1]	[[0, 1]]
16	"544.c2"	544	[0, 0, 0, 5, 18]	[[2, 6]]
8	"545.a1"	545	[1, -1, 0, -914, -8277]	[[222, 3159]]
8	"545.a2"	545	[1, -1, 0, -289, 1848]	[[-8, 64]]
8	"545.a4"	545	[1, -1, 0, 256, 7625]	[[136, 1527]]
16	"546.b1"	546	[1, 0, 1, -1957, 33140]	[[28, 8]]
16	"546.b2"	546	[1, 0, 1, -137, 380]	[[0, 19]]
16	"546.b3"	546	[1, 0, 1, -57, -164]	[[-4, 3]]
8	"549.a1"	549	[1, -1, 1, -110, -134]	[[-8, 17]]
8	"549.a2"	549	[1, -1, 1, 25, -26]	[[2, 4]]
16	"549.b1"	549	[1, -1, 0, -12, 9]	[[0, 3]]
16	"549.b2"	549	[1, -1, 0, 3, 0]	[[4, 6]]
15	"551.b1"	551	[1, 0, 0, -11, 14]	[[5, 7]]
15	"551.d1"	551	[0, 1, 1, -2376, -61851]	[[509/2, 10465/2]]
14	"552.a1"	552	[0, -1, 0, -1144, -14516]	[[45, 152]]
16	"552.c1"	552	[0, -1, 0, -752, 6972]	[[46, 260]]
16	"552.c2"	552	[0, -1, 0, -212, -1020]	[[-8, 10]]
16	"552.c3"	552	[0, -1, 0, -207, -1080]	[[17, 5]]
16	"552.c4"	552	[0, -1, 0, 248, -5252]	[[38, 240]]
12	"552.e1"	552	[0, 1, 0, -2944, 60512]	[[133/2, 177/2]]
12	"552.e2"	552	[0, 1, 0, -304, -544]	[[19, 30]]
12	"552.e3"	552	[0, 1, 0, -184, 896]	[[11, 18]]
15	"558.b1"	558	[1, -1, 0, 0, 2]	[[1, 1]]
15	"558.e2"	558	[1, -1, 1, 46, 209]	[[-3, 7]]
16	"560.d2"	560	[0, 0, 0, -1403, -18902]	[[-17, 6]]
16	"560.d3"	560	[0, 0, 0, -283, 1482]	[[-3, 48]]
16	"560.d4"	560	[0, 0, 0, 37, 138]	[[-1, 10]]
15	"564.b1"	564	[0, 1, 0, -517, -4681]	[[-14, 3]]
15	"566.a1"	566	[1, -1, 0, -2, 4]	[[0, 2]]
14	"567.a1"	567	[1, -1, 1, -2, 82]	[[10, 26]]
10	"567.b1"	567	[1, -1, 0, 0, -3]	[[4, 5]]
18	"570.b2"	570	[1, 1, 0, -98, 372]	[[4, 6]]
14	"570.c2"	570	[1, 1, 0, -17, 69]	[[-2, 11]]
16	"570.e1"	570	[1, 0, 1, -968, -11662]	[[-18, 7]]
16	"570.e3"	570	[1, 0, 1, -68, -142]	[[-3, 7]]
16	"570.e4"	570	[1, 0, 1, 12, -14]	[[2, 3]]
12	"574.b1"	574	[1, 1, 0, -2, -2]	[[-1, 1]]
18	"574.d1"	574	[1, 1, 0, -2221, 29181]	[[39, 42]]
18	"574.d2"	574	[1, 1, 0, -2061, 35165]	[[17, 65]]
14	"574.g1"	574	[1, -1, 1, -9611313, -11466507927]	[[-402671/15, 3021062/15]]
14	"574.j1"	574	[1, -1, 1, -37, 85]	[[1, 6]]
16	"576.b1"	576	[0, 0, 0, -13836, -626416]	[[157, 1035]]
16	"576.b2"	576	[0, 0, 0, -2316, 42896]	[[26, 16]]
16	"576.b3"	576	[0, 0, 0, -876, -9520]	[[-16, 20]]
16	"576.b4"	576	[0, 0, 0, -156, 560]	[[2, 16]]
16	"576.b5"	576	[0, 0, 0, 24, 56]	[[1, 9]]
16	"576.b6"	576	[0, 0, 0, 564, -37744]	[[34, 144]]
12	"576.c1"	576	[0, 0, 0, -396, -3024]	[[-11, 1]]
12	"576.c2"	576	[0, 0, 0, -396, 3024]	[[10, 8]]
12	"576.c3"	576	[0, 0, 0, -36, 0]	[[-3, 9]]
12	"576.c4"	576	[0, 0, 0, 9, 0]	[[4, 10]]
12	"576.e1"	576	[0, 0, 0, -540, -4752]	[[-14, 8]]
12	"576.e2"	576	[0, 0, 0, -60, 176]	[[2, 8]]
12	"576.e3"	576	[0, 0, 0, 0, -216]	[[10, 28]]
12	"576.e4"	576	[0, 0, 0, 0, 8]	[[1, 3]]
18	"579.a1"	579	[1, 0, 0, -3, 0]	[[3, 3]]
18	"579.a2"	579	[1, 0, 0, 12, 3]	[[2, 5]]
14	"580.a1"	580	[0, 0, 0, -8, -7]	[[4, 5]]
14	"580.a2"	580	[0, 0, 0, 17, -42]	[[3, 6]]
16	"580.b1"	580	[0, 0, 0, -32, -31]	[[-2, 5]]
16	"580.b2"	580	[0, 0, 0, 113, -234]	[[7, 30]]
8	"582.a1"	582	[1, 1, 0, -15, -27]	[[6, 9]]
8	"582.a2"	582	[1, 1, 0, 25, -99]	[[5, 11]]
12	"582.b1"	582	[1, 1, 1, -514, 4271]	[[13, -5]]
12	"582.b2"	582	[1, 1, 1, -34, 47]	[[1, 3]]
16	"585.d1"	585	[1, -1, 1, -3593, 83782]	[[28, 53]]
16	"585.d2"	585	[1, -1, 1, -218, 1432]	[[8, 8]]
16	"585.g2"	585	[1, -1, 0, -73125, 7629336]	[[120, 696]]
16	"585.g3"	585	[1, -1, 0, -71370, 8011575]	[[519/2, 7167/2]]
16	"585.g4"	585	[1, -1, 0, -4680, 114075]	[[78, 429]]
16	"585.g5"	585	[1, -1, 0, -1035, -10584]	[[40, 84]]
16	"585.g6"	585	[1, -1, 0, -990, -11745]	[[238, 3513]]
16	"585.g7"	585	[1, -1, 0, 1890, -61479]	[[115/2, 897/2]]
14	"585.h1"	585	[1, -1, 0, -9, 0]	[[4, 2]]
12	"586.b1"	586	[1, 1, 1, -9, 7]	[[1, 0]]
16	"586.c1"	586	[1, 1, 1, -18, 415]	[[-7, 19]]
18	"588.c1"	588	[0, -1, 0, -89588, 10350936]	[[257, 2058]]
18	"588.c2"	588	[0, -1, 0, -5553, 165894]	[[26, 196]]
18	"588.c3"	588	[0, -1, 0, -1388, 6840]	[[-2, 98]]
10	"591.a1"	591	[0, -1, 1, -3, 2]	[[0, 1]]
15	"592.a3"	592	[0, -1, 0, -53, -131]	[[-4, 1]]
16	"593.b1"	593	[1, 0, 1, -2, 1]	[[1, 0]]
14	"598.a1"	598	[1, -1, 0, 44, 496]	[[-5, 14]]
14	"598.b1"	598	[1, -1, 0, -1802, 29898]	[[27, 6]]
18	"598.c1"	598	[1, 1, 1, 4, -1443]	[[21, 81]]
16	"600.c1"	600	[0, -1, 0, -80008, -8683988]	[[2373/2, 98725/2]]
16	"600.c2"	600	[0, -1, 0, -5008, -133988]	[[-39, 22]]
16	"600.c3"	600	[0, -1, 0, -2008, -295988]	[[561, 13222]]
16	"600.c4"	600	[0, -1, 0, -508, 1012]	[[-3, 50]]
16	"600.c5"	600	[0, -1, 0, -383, 3012]	[[11, 3]]
16	"600.c6"	600	[0, -1, 0, 1992, 6012]	[[2, 100]]
14	"608.a1"	608	[0, 0, 0, 5, -2]	[[1, 2]]
8	"609.a1"	609	[1, 1, 1, -204624, 35542050]	[[1317, 44646]]
8	"609.a2"	609	[1, 1, 1, -42469, -2756140]	[[-153, 511]]
8	"609.a3"	609	[1, 1, 1, -13034, 528806]	[[50, 47]]
8	"609.a4"	609	[1, 1, 1, -12789, 551346]	[[-104, 929]]
8	"609.a5"	609	[1, 1, 1, -784, 8720]	[[-5, 114]]
8	"609.a6"	609	[1, 1, 1, 12481, 2376092]	[[78, 1918]]
12	"609.b2"	609	[1, 1, 0, 0, 3]	[[2, 3]]
16	"610.b1"	610	[1, -1, 0, -2744, -54500]	[[106, 862]]
16	"610.b2"	610	[1, -1, 0, -244, 0]	[[-9, 42]]
16	"610.b4"	610	[1, -1, 0, 976, -732]	[[2, 34]]
15	"612.a1"	612	[0, 0, 0, -4104, -101196]	[[93, 567]]
10	"615.a1"	615	[1, 1, 1, -6, -6]	[[4, 5]]
10	"615.a2"	615	[1, 1, 1, 19, -16]	[[3, 7]]
16	"620.b1"	620	[0, 0, 0, -1207, 9006]	[[87, 750]]
16	"620.b2"	620	[0, 0, 0, -1052, 13129]	[[18, 5]]
10	"624.a2"	624	[0, -1, 0, 5, -14]	[[6, 14]]
12	"624.b1"	624	[0, -1, 0, -748, 7564]	[[21, 26]]
12	"624.b3"	624	[0, -1, 0, -148, -644]	[[45, 286]]
12	"624.b4"	624	[0, -1, 0, -13, 4]	[[0, 2]]
18	"624.c1"	624	[0, -1, 0, -68, 240]	[[4, 4]]
18	"624.c2"	624	[0, -1, 0, -3, 6]	[[2, 2]]
12	"624.f2"	624	[0, 1, 0, -44, -84]	[[-5, 6]]
12	"624.f3"	624	[0, 1, 0, -39, -108]	[[12, 36]]
12	"624.f4"	624	[0, 1, 0, 136, -444]	[[7, 30]]
12	"626.a1"	626	[1, -1, 0, -17, -13]	[[-1, 2]]
12	"626.a2"	626	[1, -1, 0, -7, 9]	[[0, 3]]
16	"630.b1"	630	[1, -1, 0, -151200, 22667386]	[[227, -55]]
16	"630.b2"	630	[1, -1, 0, -9450, 355936]	[[63, 56]]
16	"630.b3"	630	[1, -1, 0, -8820, 404950]	[[45, 290]]
16	"630.b4"	630	[1, -1, 0, -3330, -69080]	[[-34, 80]]
16	"630.b5"	630	[1, -1, 0, -630, 4900]	[[0, 70]]
16	"630.b6"	630	[1, -1, 0, 90, 436]	[[5, 29]]
16	"630.d1"	630	[1, -1, 0, -2409, 46115]	[[31, 7]]
16	"630.d2"	630	[1, -1, 0, -789, -7777]	[[37, 94]]
16	"630.d3"	630	[1, -1, 0, -159, 665]	[[1, 22]]
16	"630.d4"	630	[1, -1, 0, 21, 53]	[[2, 9]]
15	"635.b2"	635	[0, 1, 1, 5, 6]	[[30, 167]]
15	"637.c1"	637	[1, -1, 0, -107, 454]	[[6, -2]]
15	"637.c2"	637	[1, -1, 0, 628, -17823]	[[104, 1027]]
15	"637.d1"	637	[1, -1, 0, -5252, -145223]	[[4776/7, 158761/7]]
15	"637.d2"	637	[1, -1, 0, 30763, 6051758]	[[-38, 2216]]
12	"639.a1"	639	[1, -1, 1, -131, -520]	[[-6, 7]]
12	"639.a2"	639	[1, -1, 1, 4, -34]	[[6, 10]]
14	"640.b2"	640	[0, 1, 0, -15, 25]	[[0, 5]]
6	"640.c2"	640	[0, 0, 0, -8, 32]	[[1, 5]]
18	"640.d1"	640	[0, 0, 0, -13, -18]	[[17/2, 15/2]]
18	"640.d2"	640	[0, 0, 0, -8, -32]	[[9, 25]]
18	"640.e1"	640	[0, 0, 0, -52, 144]	[[5, 3]]
18	"640.e2"	640	[0, 0, 0, -2, 4]	[[0, 2]]
14	"644.a1"	644	[0, -1, 0, 2, -7]	[[4, 7]]
12	"650.d1"	650	[1, -1, 0, -34667, -2475759]	[[399, 6663]]
12	"650.d2"	650	[1, -1, 0, -2167, -38259]	[[-27, 9]]
12	"650.d3"	650	[1, -1, 0, -1667, -56759]	[[84, 583]]
15	"650.f1"	650	[1, 1, 0, -11330, -468940]	[[124, 166]]
12	"651.a1"	651	[1, 0, 0, -3044, -64887]	[[-32, 19]]
12	"651.a3"	651	[1, 0, 0, -209, -816]	[[-5, -8]]
12	"651.a4"	651	[1, 0, 0, 36, -81]	[[3, 6]]
14	"651.e2"	651	[1, 0, 1, 3, -5]	[[5, 9]]
12	"656.b2"	656	[0, 0, 0, 29, 66]	[[-1, 6]]
10	"657.a1"	657	[1, -1, 1, -11, 10]	[[4, 2]]
10	"657.a2"	657	[1, -1, 1, 34, 46]	[[1, 8]]
12	"657.c1"	657	[0, 0, 1, -246, 2043]	[[-7, 58]]
12	"657.c2"	657	[0, 0, 1, 24, -36]	[[2, 4]]
14	"658.f1"	658	[1, -1, 1, -8572, 183615]	[[-63, 717]]
14	"658.f2"	658	[1, -1, 1, 1668, 19775]	[[5, 165]]
12	"659.a1"	659	[1, 1, 0, -79, -306]	[[-50/3, 76/3]]
8	"663.a1"	663	[1, 1, 1, -20174, -1111138]	[[-329/2, 427/2]]
8	"663.a2"	663	[1, 1, 1, -1389, -14094]	[[-27, 81]]
8	"663.a3"	663	[1, 1, 1, -544, 4496]	[[79, 640]]
8	"663.a5"	663	[1, 1, 1, 221, 17042]	[[6, 133]]
8	"663.a6"	663	[1, 1, 1, 3876, -89910]	[[25, 140]]
14	"663.b2"	663	[1, 0, 0, -33, -72]	[[-3, 3]]
15	"664.c1"	664	[0, 1, 0, 1, 2]	[[-1, 1]]
15	"665.a1"	665	[0, -1, 1, -16660, -1081562]	[[18757/6, 2475991/6]]
16	"665.e1"	665	[1, -1, 0, -194, 1085]	[[71/2, 367/2]]
16	"665.e2"	665	[1, -1, 0, -19, 0]	[[16, 52]]
16	"665.e3"	665	[1, -1, 0, -14, -17]	[[46/3, 67/3]]
16	"665.e4"	665	[1, -1, 0, 76, -57]	[[2, 9]]
8	"672.b1"	672	[0, -1, 0, -224, 1368]	[[13, 22]]
8	"672.b3"	672	[0, -1, 0, -14, 24]	[[4, 4]]
8	"672.b4"	672	[0, -1, 0, 16, 84]	[[1, 10]]
14	"672.c2"	672	[0, -1, 0, 2, 4]	[[0, 2]]
14	"672.e1"	672	[0, 1, 0, -1505, 17199]	[[7, 84]]
16	"672.f1"	672	[0, 1, 0, -224, -1368]	[[27, 114]]
16	"672.f3"	672	[0, 1, 0, -14, -24]	[[6, 12]]
16	"672.f4"	672	[0, 1, 0, 16, -84]	[[21/2, 105/2]]
10	"674.c2"	674	[1, -1, 1, 14, 21]	[[1, 5]]
12	"675.e1"	675	[0, 0, 1, -6750, -213469]	[[145, 1362]]
12	"675.e3"	675	[0, 0, 1, 0, -844]	[[10, 12]]
12	"675.e4"	675	[0, 0, 1, 0, 31]	[[5, 12]]
15	"677.a1"	677	[1, 1, 1, 2, 0]	[[0, 0]]
18	"678.a1"	678	[1, 1, 0, -12, 12]	[[2, 0]]
10	"678.b1"	678	[1, 0, 1, 6, -20]	[[5, 9]]
16	"678.c1"	678	[1, 1, 1, -148, -427]	[[-7, 21]]
16	"678.c2"	678	[1, 1, 1, 492, -2475]	[[25, 149]]
12	"680.b2"	680	[0, 0, 0, -163, 462]	[[2, 12]]
12	"680.b4"	680	[0, 0, 0, 517, 3318]	[[138, 1644]]
14	"684.a2"	684	[0, 0, 0, 24, -511]	[[10, 27]]
6	"690.a2"	690	[1, 1, 0, 172, -1968]	[[11, 32]]
16	"690.e2"	690	[1, 0, 1, -924, 922]	[[-4, 69]]
16	"690.e3"	690	[1, 0, 1, -604, -5734]	[[-14, 2]]
16	"690.e4"	690	[1, 0, 1, 3676, 8282]	[[18, 274]]
15	"696.b1"	696	[0, -1, 0, -88, 349]	[[6, 1]]
12	"700.f1"	700	[0, 0, 0, -2000, -34375]	[[-26, 7]]
12	"700.f2"	700	[0, 0, 0, -1375, -56250]	[[99, 882]]
15	"702.d1"	702	[1, -1, 0, -8952, -323776]	[[-217/2, 227/2]]
15	"702.d3"	702	[1, -1, 0, -132, 618]	[[7/2, 151/2]]
16	"706.b1"	706	[1, 0, 0, -178, -924]	[[-8, 6]]
16	"706.b2"	706	[1, 0, 0, -18, 4]	[[0, 2]]
16	"706.c1"	706	[1, -1, 1, -7, -5]	[[7, 12]]
16	"706.c2"	706	[1, -1, 1, 3, -25]	[[27/2, 101/2]]
14	"710.a1"	710	[1, 1, 0, -27, -59]	[[-3, 4]]
18	"710.c1"	710	[1, 1, 1, -70, 195]	[[3, 3]]
14	"714.a1"	714	[1, 1, 0, -381, 2709]	[[9, 6]]
18	"714.d2"	714	[1, 1, 0, -3334, 81940]	[[13, 196]]
12	"714.e1"	714	[1, 1, 1, -5079, 137205]	[[41, -18]]
12	"714.e3"	714	[1, 1, 1, -319, 2021]	[[7, 10]]
18	"718.c1"	718	[1, -1, 1, -514, 4609]	[[13, -5]]
14	"720.a2"	720	[0, 0, 0, -3, 18]	[[1, 4]]
16	"720.c1"	720	[0, 0, 0, -311043, -66769598]	[[767, 12078]]
16	"720.c2"	720	[0, 0, 0, -19443, -1042958]	[[-81, 22]]
16	"720.c3"	720	[0, 0, 0, -15843, -1441118]	[[279, 3982]]
16	"720.c4"	720	[0, 0, 0, -11523, 476098]	[[63, 14]]
16	"720.c5"	720	[0, 0, 0, -1443, -9758]	[[-9, 50]]
16	"720.c6"	720	[0, 0, 0, -723, 7378]	[[9, 40]]
16	"720.c8"	720	[0, 0, 0, 5037, -73262]	[[23, 234]]
12	"720.f1"	720	[0, 0, 0, -1947, -33046]	[[-25, 2]]
12	"720.f2"	720	[0, 0, 0, -1227, 16346]	[[25, 36]]
12	"720.f3"	720	[0, 0, 0, -147, -286]	[[-7, 20]]
12	"720.f4"	720	[0, 0, 0, 33, -34]	[[5, 16]]
14	"722.a1"	722	[1, -1, 0, -1, -11]	[[5, 7]]
9	"722.c1"	722	[1, 0, 1, -33581, -2375576]	[[1474, 55398]]
9	"722.c2"	722	[1, 0, 1, 714, -16080]	[[27444/13, 4423160/13]]
18	"722.e1"	722	[1, 1, 1, -30873, 16782247]	[[3247, 183208]]
18	"722.e2"	722	[1, 1, 1, -5603, -163815]	[[93, 314]]
18	"722.e3"	722	[1, 1, 1, 3422, -612177]	[[359, 6679]]
10	"723.a1"	723	[1, 1, 1, -4, -4]	[[2, 0]]
10	"723.a2"	723	[1, 1, 1, 11, -10]	[[1, 1]]
18	"725.a1"	725	[1, -1, 0, -67, 216]	[[8, 8]]
18	"730.e2"	730	[1, -1, 0, -929, 11985]	[[-4, 127]]
12	"732.c1"	732	[0, 1, 0, -164, -828]	[[-8, 6]]
16	"735.c1"	735	[1, 0, 0, -105841, 13244636]	[[188, -88]]
16	"735.c2"	735	[1, 0, 0, -6616, 206471]	[[53, 47]]
16	"735.c4"	735	[1, 0, 0, -3921, -94830]	[[74, 110]]
16	"735.c5"	735	[1, 0, 0, -491, 1896]	[[1, 37]]
16	"735.c6"	735	[1, 0, 0, -246, -1485]	[[-9, 9]]
16	"735.c7"	735	[1, 0, 0, -1, -64]	[[13, 40]]
16	"735.c8"	735	[1, 0, 0, 1714, 14685]	[[4, 145]]
15	"740.b1"	740	[0, 1, 0, -12021, -511321]	[[-2291/6, 125/6]]
12	"742.c1"	742	[1, 1, 0, -479052, 127421360]	[[383, 365]]
12	"742.c2"	742	[1, 1, 0, -29612, 2027600]	[[277, 3757]]
14	"744.c1"	744	[0, -1, 0, -140, 753]	[[44, 279]]
12	"747.a1"	747	[1, -1, 1, -191, 892]	[[4, 11]]
12	"747.a2"	747	[1, -1, 1, -56, -134]	[[-4, 5]]
9	"747.c1"	747	[1, -1, 0, -495, -4118]	[[26, -4]]
15	"747.d1"	747	[1, -1, 0, 9, 4]	[[0, 2]]
12	"754.a1"	754	[1, 0, 1, -7, -6]	[[3, 0]]
12	"756.b1"	756	[0, 0, 0, -264, 1636]	[[8, 6]]
12	"756.b2"	756	[0, 0, 0, -24, -44]	[[-3, 1]]
16	"760.a1"	760	[0, 1, 0, -35, 58]	[[1, 5]]
16	"760.a2"	760	[0, 1, 0, 60, 400]	[[0, 20]]
16	"760.c1"	760	[0, 0, 0, -2027, 35126]	[[35, 84]]
16	"760.c2"	760	[0, 0, 0, -227, -434]	[[-5, 24]]
16	"760.c3"	760	[0, 0, 0, -127, 546]	[[5, 6]]
16	"760.c4"	760	[0, 0, 0, -2, 21]	[[6, 15]]
14	"765.a1"	765	[1, -1, 1, -77, 276]	[[6, -1]]
14	"765.a2"	765	[1, -1, 1, -32, 564]	[[2, 21]]
12	"768.a1"	768	[0, -1, 0, -2589, -49851]	[[260, 4097]]
12	"768.a2"	768	[0, -1, 0, -159, -765]	[[17, 34]]
12	"768.a3"	768	[0, -1, 0, -29, 69]	[[4, 1]]
12	"768.a4"	768	[0, -1, 0, 1, 3]	[[1, 2]]
8	"768.b2"	768	[0, -1, 0, -13, 85]	[[3, 8]]
12	"768.e1"	768	[0, 1, 0, -2589, 49851]	[[30, 9]]
12	"768.e2"	768	[0, 1, 0, -159, 765]	[[3, 18]]
12	"768.e3"	768	[0, 1, 0, -29, -69]	[[6, 3]]
12	"768.e4"	768	[0, 1, 0, 1, -3]	[[3, 6]]
16	"768.f1"	768	[0, 1, 0, -93, 315]	[[6, 3]]
16	"768.f2"	768	[0, 1, 0, -3, 9]	[[0, 3]]
8	"774.b2"	774	[1, -1, 0, 72, -54]	[[3, 12]]
15	"774.f2"	774	[1, -1, 1, 511, 6049]	[[109, 1106]]
12	"776.a1"	776	[0, 0, 0, -31, 66]	[[1, 6]]
12	"776.a2"	776	[0, 0, 0, -11, 150]	[[3, 12]]
12	"777.c1"	777	[1, 1, 1, -4144, 100952]	[[39, 4]]
12	"777.c2"	777	[1, 1, 1, -294, 1020]	[[-10, 60]]
12	"777.c3"	777	[1, 1, 1, -259, 1496]	[[8, 0]]
12	"777.c4"	777	[1, 1, 1, -14, 26]	[[4, 5]]
12	"777.g2"	777	[1, 0, 1, -1317, -18245]	[[89, 711]]
12	"777.g3"	777	[1, 0, 1, -1312, -18391]	[[43, 50]]
12	"777.g4"	777	[1, 0, 1, -102, -50321]	[[47, 198]]
14	"780.a2"	780	[0, -1, 0, -60, 792]	[[-6, 30]]
12	"782.a2"	782	[1, 0, 1, 5, 6]	[[0, 2]]
12	"784.b1"	784	[0, 1, 0, -2140728, -1206278060]	[[33604/3, 5590214/3]]
12	"784.b2"	784	[0, 1, 0, -133688, -18913196]	[[548, 8526]]
12	"784.b3"	784	[0, 1, 0, -27848, -1475468]	[[-124, 294]]
12	"784.b4"	784	[0, 1, 0, -8248, 285396]	[[44, 98]]
12	"784.b5"	784	[0, 1, 0, -408, 6292]	[[-12, 98]]
12	"784.b6"	784	[0, 1, 0, 3512, -133260]	[[156, 2058]]
16	"784.f1"	784	[0, 0, 0, -29155, -1915998]	[[743, 19662]]
16	"784.f2"	784	[0, 0, 0, -1715, -33614]	[[57, 232]]
16	"784.f3"	784	[0, 0, 0, -595, 5586]	[[7, 42]]
16	"784.f4"	784	[0, 0, 0, -35, 98]	[[1, 8]]
18	"786.e1"	786	[1, 1, 0, 1217, 6622405]	[[12085, 1322560]]
14	"786.i1"	786	[1, 1, 1, 10, 11]	[[3, 7]]
16	"790.a1"	790	[1, 0, 0, -425, 3337]	[[-8, 83]]
16	"790.a2"	790	[1, 0, 0, -25, 57]	[[2, 3]]
16	"791.a1"	791	[1, -1, 1, -4219, -104412]	[[48769/24, 4580395/24]]
16	"791.a2"	791	[1, -1, 1, -264, -1582]	[[619/3, 13898/3]]
16	"791.a3"	791	[1, -1, 1, -229, -2044]	[[527/2, 11447/2]]
16	"791.a4"	791	[1, -1, 1, -19, -14]	[[68, 522]]
8	"793.a1"	793	[1, -1, 0, -16, -21]	[[82/3, 497/3]]
12	"794.b1"	794	[1, 0, 0, -281373, -57471035]	[[103405/4, 32929675/4]]
12	"794.b2"	794	[1, 0, 0, -3473, -79127]	[[86, 467]]
16	"794.c1"	794	[1, 1, 1, 4, -3]	[[1, 1]]
12	"794.d1"	794	[1, 0, 0, -57, 161]	[[-8, 15]]
12	"794.d2"	794	[1, 0, 0, 13, 539]	[[83/2, 711/2]]
16	"795.c1"	795	[1, 1, 0, -848, -9867]	[[949/4, 23127/4]]
16	"795.c2"	795	[1, 1, 0, -53, -168]	[[56, 392]]
16	"795.c3"	795	[1, 1, 0, -8, 3]	[[-2, 5]]
16	"795.c4"	795	[1, 1, 0, 22, -513]	[[223/2, 3151/2]]
10	"798.a2"	798	[1, 1, 0, -10, 4]	[[0, 2]]
14	"798.b1"	798	[1, 0, 1, -92, 326]	[[3, 7]]
16	"798.c1"	798	[1, 0, 1, -18152, 939764]	[[78, -35]]
16	"798.c2"	798	[1, 0, 1, -1142, 14420]	[[24, 19]]
16	"798.c4"	798	[1, 0, 1, 188, 46340]	[[-14, 209]]
10	"798.g1"	798	[1, 1, 1, -354, -2193]	[[-9, 23]]
18	"798.h1"	798	[1, 0, 0, -3255, -57879]	[[-24, 93]]
12	"799.a1"	799	[1, 1, 1, -353, -2120]	[[23, 39]]
8	"800.a1"	800	[0, 1, 0, -158, -812]	[[-8, 2]]
12	"800.d1"	800	[0, 0, 0, -275, -1750]	[[-86/3, 62/3]]
12	"800.d3"	800	[0, 0, 0, -25, 0]	[[-4, 6]]
12	"800.d4"	800	[0, 0, 0, 100, 0]	[[5, 25]]
12	"800.e1"	800	[0, 0, 0, -5, 0]	[[-1, 2]]
12	"800.e2"	800	[0, 0, 0, 20, 0]	[[4, 12]]
18	"801.c1"	801	[0, 0, 1, -30, -90]	[[8, 13]]
18	"801.c2"	801	[0, 0, 1, 240, 1233]	[[-1, 31]]
10	"801.d1"	801	[1, -1, 0, -9, -14]	[[6, 8]]
10	"806.a1"	806	[1, 1, 0, 52, -176]	[[5, 13]]
12	"806.b1"	806	[1, 0, 1, -3, 30]	[[6, 12]]
18	"810.b2"	810	[1, -1, 0, 201, -1315]	[[14, 57]]
15	"810.e1"	810	[1, -1, 1, -38, 181]	[[5, 7]]
15	"810.e2"	810	[1, -1, 1, 322, -3563]	[[23, 113]]
8	"811.a1"	811	[0, 0, 1, -2, -2]	[[2, 1]]
12	"813.a1"	813	[0, 1, 1, -115243, -15096572]	[[-10750211/234, -6403697/234]]
12	"813.a2"	813	[0, 1, 1, -1423, -21113]	[[-91/2, 11/2]]
12	"815.a1"	815	[0, 1, 1, -985, -12244]	[[38, 81]]
12	"815.a2"	815	[0, 1, 1, 15, -69]	[[3, 3]]
8	"816.b2"	816	[0, -1, 0, -27744, 1787904]	[[146, 910]]
8	"816.b3"	816	[0, -1, 0, -26304, 1980288]	[[81, 612]]
8	"816.b4"	816	[0, -1, 0, -1824, 25344]	[[50, 238]]
8	"816.b6"	816	[0, -1, 0, 3616, 142848]	[[18, 462]]
12	"816.c2"	816	[0, -1, 0, -8, 336]	[[2, 18]]
12	"816.h1"	816	[0, 1, 0, -40, -76]	[[-4, 6]]
12	"816.h2"	816	[0, 1, 0, 120, -396]	[[6, 24]]
12	"819.b1"	819	[1, -1, 1, -5, 4]	[[-2, 2]]
12	"819.d1"	819	[1, -1, 0, -42, -73]	[[14, 37]]
12	"819.d2"	819	[1, -1, 0, 93, -532]	[[8, 22]]
16	"828.a1"	828	[0, 0, 0, -351, 486]	[[-9, 54]]
16	"828.a2"	828	[0, 0, 0, -216, -1215]	[[-8, 1]]
12	"829.a1"	829	[0, 0, 1, -4, -3]	[[-1, 0]]
18	"832.d1"	832	[0, -1, 0, -29409, -1931423]	[[649, 15872]]
18	"832.d2"	832	[0, -1, 0, -289, -3679]	[[25, 64]]
18	"832.d3"	832	[0, -1, 0, 31, 97]	[[9, 32]]
10	"832.g1"	832	[0, 1, 0, -1, 31]	[[3, 8]]
15	"834.g1"	834	[1, 0, 0, -1090, -40504]	[[52, 184]]
8	"840.a1"	840	[0, -1, 0, -1736, 26796]	[[33, 66]]
8	"840.a2"	840	[0, -1, 0, -336, -1764]	[[-7, 14]]
8	"840.a3"	840	[0, -1, 0, -316, -2060]	[[54, 368]]
8	"840.a4"	840	[0, -1, 0, 744, -11700]	[[209, 3038]]
16	"840.b1"	840	[0, -1, 0, -456, 3900]	[[14, 8]]
16	"840.b2"	840	[0, -1, 0, -336, -2244]	[[-10, 4]]
16	"840.b3"	840	[0, -1, 0, -36, 36]	[[0, 6]]
16	"840.b4"	840	[0, -1, 0, 9, 0]	[[1, 3]]
16	"840.d1"	840	[0, -1, 0, -10480, -409460]	[[493/2, 3159/2]]
16	"840.d2"	840	[0, -1, 0, -680, -5700]	[[-15, 30]]
16	"840.d3"	840	[0, -1, 0, -180, 900]	[[5, 10]]
16	"840.d4"	840	[0, -1, 0, -175, 952]	[[17, 51]]
16	"840.d5"	840	[0, -1, 0, 240, 4092]	[[-2, 60]]
16	"840.d6"	840	[0, -1, 0, 1120, -32340]	[[57, 462]]
16	"840.g1"	840	[0, 1, 0, -2896, 59024]	[[32, 12]]
16	"840.g2"	840	[0, 1, 0, -196, 704]	[[2, 18]]
16	"840.g3"	840	[0, 1, 0, -71, -246]	[[-5, 3]]
16	"840.g4"	840	[0, 1, 0, 504, 5184]	[[0, 72]]
12	"846.a2"	846	[1, -1, 0, -19278, -1012100]	[[-75, 125]]
12	"846.a3"	846	[1, -1, 0, -2358, 20020]	[[-3, 166]]
12	"846.a4"	846	[1, -1, 0, 522, 2164]	[[-1, 41]]
14	"846.b1"	846	[1, -1, 0, -87, 323]	[[7, 1]]
14	"846.b2"	846	[1, -1, 0, 3, 17]	[[1, 4]]
16	"850.a1"	850	[1, -1, 0, 8, 16]	[[4, 8]]
8	"850.c1"	850	[1, 0, 1, 33924, -387702]	[[21, 567]]
15	"854.b1"	854	[1, 0, 1, -56176, -5122754]	[[-31079/15, 493549/15]]
10	"855.b1"	855	[1, -1, 1, -842, 9366]	[[26, 54]]
10	"855.b2"	855	[1, -1, 1, 13, 474]	[[2, 21]]
14	"861.b1"	861	[1, 0, 0, -7, 14]	[[-1, 5]]
18	"861.c1"	861	[1, 0, 0, 2941, 18606]	[[-5, 64]]
18	"861.d1"	861	[1, 0, 1, 706, -64375]	[[45, 220]]
18	"864.d1"	864	[0, 0, 0, -216, 1296]	[[0, 36]]
15	"864.g1"	864	[0, 0, 0, -27, -162]	[[9, 18]]
8	"867.a2"	867	[1, 1, 1, 62, 224]	[[1, 16]]
9	"867.c1"	867	[0, -1, 1, -17147, -859018]	[[789/2, 14735/2]]
9	"867.c2"	867	[0, -1, 1, 193, -5023]	[[57, 433]]
12	"870.a1"	870	[1, 1, 0, -4017, -99681]	[[-37, 21]]
12	"870.a2"	870	[1, 1, 0, -267, -1431]	[[-7, -9]]
12	"870.a4"	870	[1, 1, 0, 603, -7869]	[[17, 79]]
18	"870.b1"	870	[1, 0, 1, -524364, -146193014]	[[4380397/12, 9139039879/12]]
18	"870.b2"	870	[1, 0, 1, -32844, -2275958]	[[-389/2, 595/2]]
18	"870.b3"	870	[1, 0, 1, -7149, -156728]	[[-70, 78]]
12	"870.c1"	870	[1, 0, 1, -2533, -49264]	[[67, 254]]
12	"870.c2"	870	[1, 0, 1, -2413, -54112]	[[267/2, 2039/2]]
12	"870.c3"	870	[1, 0, 1, -58, 56]	[[0, 7]]
12	"870.c4"	870	[1, 0, 1, 212, 488]	[[-2, 8]]
14	"870.e1"	870	[1, 1, 1, -131, -631]	[[-7, 4]]
14	"870.e2"	870	[1, 1, 1, -11, -7]	[[-3, 4]]
16	"870.f2"	870	[1, 1, 1, 160, 85505]	[[-7, 293]]
16	"873.c1"	873	[1, -1, 0, -5886, 153679]	[[-70, 503]]
16	"873.c2"	873	[1, -1, 0, -1521, -20048]	[[14601/8, 1675471/8]]
16	"873.c3"	873	[1, -1, 0, -1476, -21461]	[[275/2, 3289/2]]
16	"873.c4"	873	[1, -1, 0, 2124, -103883]	[[3623/2, 214627/2]]
12	"873.d1"	873	[0, 0, 1, -19569, -4064513]	[[227473/16, 106817593/16]]
15	"874.d1"	874	[1, 1, 1, -142320, -20724857]	[[-9623549/210, 1005550321/210]]
12	"876.a1"	876	[0, -1, 0, -48885, 4176513]	[[128, 1]]
16	"876.b1"	876	[0, 1, 0, -61, 191]	[[5, 6]]
8	"882.b2"	882	[1, -1, 0, -403083, -97454421]	[[-339, 552]]
8	"882.b3"	882	[1, -1, 0, -45873, 1349865]	[[-96, 2253]]
8	"882.b4"	882	[1, -1, 0, -37053, 2752245]	[[121, 111]]
8	"882.b5"	882	[1, -1, 0, -1773, 63909]	[[9, 216]]
8	"882.b6"	882	[1, -1, 0, 170217, 10295991]	[[247, 8084]]
15	"882.h1"	882	[1, -1, 1, -839, 9559]	[[13, 20]]
15	"885.a1"	885	[0, 1, 1, -19330, -1040876]	[[-323/2, 17/2]]
16	"885.c1"	885	[1, 1, 0, -472, 3481]	[[63/2, 67/2]]
16	"885.c2"	885	[1, 1, 0, -97, -344]	[[12, 14]]
16	"885.c3"	885	[1, 1, 0, -92, -381]	[[58, 411]]
16	"885.c4"	885	[1, 1, 0, 198, -1701]	[[18, 81]]
12	"888.b1"	888	[0, -1, 0, -188, -924]	[[-8, 2]]
12	"888.b2"	888	[0, -1, 0, -3, -36]	[[5, 7]]
16	"888.c1"	888	[0, 1, 0, -7104, -232848]	[[147, 1386]]
16	"888.c2"	888	[0, 1, 0, -444, -3744]	[[36, 168]]
16	"888.c3"	888	[0, 1, 0, -264, -6624]	[[141/2, 1365/2]]
16	"888.c4"	888	[0, 1, 0, -39, -18]	[[-6, 6]]
8	"890.a1"	890	[1, 0, 1, -109, -444]	[[-6, 3]]
8	"890.a2"	890	[1, 0, 1, -9, -4]	[[-2, 3]]
16	"890.b1"	890	[1, 0, 1, -1138, -14844]	[[-20, 7]]
16	"890.b2"	890	[1, 0, 1, -818, -23292]	[[69, 465]]
8	"890.c1"	890	[1, -1, 0, -55, 171]	[[5, -1]]
8	"890.c2"	890	[1, -1, 0, -5, 1]	[[0, 1]]
15	"890.g1"	890	[1, 1, 1, -2040, -38093]	[[1915/6, 12823/6]]
14	"896.c2"	896	[0, 0, 0, -10, 12]	[[3, 3]]
12	"897.a1"	897	[1, 1, 1, -219, 1146]	[[11, 9]]
12	"897.a2"	897	[1, 1, 1, -24, -24]	[[-2, 5]]
12	"897.a3"	897	[1, 1, 1, -19, -40]	[[6, 7]]
10	"897.c2"	897	[1, 0, 0, 0, -9]	[[3, 3]]
16	"897.d1"	897	[1, 0, 0, -5037552, 4351465395]	[[1302, -261]]
16	"897.d2"	897	[1, 0, 0, -316062, 67420593]	[[-99, 9936]]
16	"897.d3"	897	[1, 0, 0, -314847, 67971960]	[[327, -66]]
16	"897.d4"	897	[1, 0, 0, -19602, 1069443]	[[63, 261]]
18	"897.f2"	897	[1, 0, 1, 130884, -59725523]	[[2987, 162774]]
12	"899.a1"	899	[1, 0, 1, -3, -1]	[[-1, 1]]
12	"900.b1"	900	[0, 0, 0, -9300, 345125]	[[35, 250]]
12	"900.b2"	900	[0, 0, 0, -8175, 431750]	[[70, 450]]
12	"900.b3"	900	[0, 0, 0, -300, -1375]	[[-10, 25]]
12	"900.b4"	900	[0, 0, 0, 825, -9250]	[[35, 250]]
12	"900.d1"	900	[0, 0, 0, 0, -2700]	[[21, 81]]
12	"901.a1"	901	[0, -1, 1, -4, -2]	[[-1, 0]]
18	"901.b2"	901	[1, -1, 1, 180, -1492]	[[49, 326]]
12	"901.d1"	901	[1, 1, 1, -29863, 1910608]	[[757/3, 265/3]]
8	"904.a1"	904	[0, 0, 0, -35, 78]	[[2, 4]]
8	"904.a2"	904	[0, 0, 0, 5, 246]	[[10, 36]]
12	"905.b1"	905	[1, 1, 0, -18, 23]	[[-1/2, 43/2]]
12	"905.b2"	905	[1, 1, 0, -13, 42]	[[6, 12]]
15	"906.d1"	906	[1, 0, 1, -52716, -4662998]	[[12697/3, 1391501/3]]
15	"906.d2"	906	[1, 0, 1, -621, -7064]	[[35, 102]]
10	"909.a1"	909	[0, 0, 1, -12, 9]	[[-1, 4]]
12	"910.a1"	910	[1, 0, 1, -14669, -685008]	[[-70, 38]]
12	"910.a3"	910	[1, 0, 1, -304, 456]	[[-6, 48]]
14	"910.c2"	910	[1, -1, 0, 41, -285]	[[11, 32]]
16	"910.h1"	910	[1, 0, 0, -5625, -151943]	[[-46, 123]]
18	"910.j1"	910	[1, -1, 1, -33898, 2219177]	[[137, 295]]
18	"910.j2"	910	[1, -1, 1, 37782, 10304681]	[[-119, 2087]]
12	"912.b1"	912	[0, -1, 0, -1624, -24656]	[[58, 270]]
12	"912.b2"	912	[0, -1, 0, -104, -336]	[[-6, 6]]
12	"912.b3"	912	[0, -1, 0, -24, 48]	[[2, 2]]
12	"912.b4"	912	[0, -1, 0, 136, -1872]	[[18, 78]]
16	"912.h1"	912	[0, 1, 0, -1528, 22484]	[[20, 18]]
16	"912.h2"	912	[0, 1, 0, -1368, 27540]	[[-18, 216]]
14	"915.a1"	915	[1, 0, 0, -255, 900]	[[15, 15]]
14	"915.a2"	915	[1, 0, 0, 50, 107]	[[-1, 8]]
12	"915.b1"	915	[1, 1, 0, -367, -2756]	[[-12, 16]]
12	"915.b2"	915	[1, 1, 0, -62, 111]	[[22, 89]]
12	"915.b4"	915	[1, 1, 0, 163, 966]	[[79/2, 811/2]]
15	"916.d1"	916	[0, 1, 0, -157, -416]	[[60, 458]]
15	"916.d2"	916	[0, 1, 0, -77, 236]	[[8, 14]]
12	"918.a1"	918	[1, -1, 0, -231, -2179]	[[46, 265]]
12	"918.a2"	918	[1, -1, 0, 24, 48]	[[4, 12]]
12	"918.b1"	918	[1, -1, 0, -24990, 1526804]	[[92, -38]]
15	"918.g2"	918	[1, -1, 1, 3886, -555983]	[[287, 4769]]
18	"918.i1"	918	[1, -1, 1, -245, -2429]	[[155/2, 1541/2]]
18	"920.c1"	920	[0, 0, 0, 1468, -2844]	[[302, 5290]]
12	"920.d1"	920	[0, 1, 0, 4, 5]	[[2, 5]]
12	"921.b1"	921	[0, 1, 1, -23, 41]	[[-5, 7]]
12	"921.b2"	921	[0, 1, 1, 157, -130]	[[85/2, 917/2]]
9	"925.b1"	925	[0, -1, 1, -46833, -3885432]	[[-15078/11, -653/11]]
9	"925.b2"	925	[0, -1, 1, -583, -5057]	[[-13, 12]]
16	"930.b1"	930	[1, 1, 0, -6628, 204952]	[[47, -19]]
16	"930.b2"	930	[1, 1, 0, -428, 2832]	[[7, 12]]
16	"930.b3"	930	[1, 1, 0, -108, -432]	[[-7, 10]]
16	"930.b4"	930	[1, 1, 0, 652, 16008]	[[-11, 93]]
10	"930.c1"	930	[1, 1, 0, -47, 99]	[[5, 2]]
16	"930.d1"	930	[1, 1, 0, -37442, 2585844]	[[68, 566]]
16	"930.d2"	930	[1, 1, 0, 2238, 181236]	[[-13, 394]]
16	"930.h1"	930	[1, 0, 1, -2013, -12344]	[[95, 762]]
16	"930.h2"	930	[1, 0, 1, 467, -1432]	[[19, 110]]
8	"933.a1"	933	[0, -1, 1, -3, -1]	[[-1, 0]]
16	"933.b1"	933	[0, 1, 1, -399, -3184]	[[-12, 4]]
12	"936.b1"	936	[0, 0, 0, -7491, 249550]	[[54, 50]]
12	"936.b2"	936	[0, 0, 0, -471, 3850]	[[2, 54]]
12	"936.b3"	936	[0, 0, 0, -66, -119]	[[-4, 9]]
16	"936.c1"	936	[0, 0, 0, -51, 94]	[[-1, 12]]
16	"936.c2"	936	[0, 0, 0, 9, 10]	[[2, 6]]
10	"936.d2"	936	[0, 0, 0, 105, 218]	[[1, 18]]
18	"936.e2"	936	[0, 0, 0, -30, 133]	[[2, 9]]
16	"938.a1"	938	[1, 0, 1, -11085, 446696]	[[70, 87]]
16	"938.a2"	938	[1, 0, 1, -365, 13608]	[[3, 110]]
12	"939.c1"	939	[1, 0, 1, -6, -5]	[[11, 30]]
12	"939.c2"	939	[1, 0, 1, 9, -23]	[[43/2, 247/2]]
9	"940.c1"	940	[0, 1, 0, -31516, -1956716]	[[-1061/3, 9890/3]]
18	"944.e1"	944	[0, -1, 0, -9, -8]	[[4, 2]]
14	"944.j1"	944	[0, 1, 0, -400, -3308]	[[66, 512]]
14	"944.j2"	944	[0, 1, 0, 1840, 162452]	[[146, 1888]]
10	"950.b1"	950	[1, 0, 1, -1751, -31352]	[[52, 111]]
18	"950.d1"	950	[1, 1, 1, -2138, -306969]	[[105, 747]]
12	"960.b1"	960	[0, -1, 0, -641, 6465]	[[16, 7]]
12	"960.b2"	960	[0, -1, 0, -161, -639]	[[-5, 4]]
12	"960.b3"	960	[0, -1, 0, -41, 105]	[[1, 8]]
12	"960.b4"	960	[0, -1, 0, 4, 6]	[[3, 6]]
8	"960.c1"	960	[0, -1, 0, -12801, -553215]	[[131, 28]]
8	"960.c2"	960	[0, -1, 0, -801, -8415]	[[-16, 7]]
8	"960.c3"	960	[0, -1, 0, -321, -18879]	[[80, 679]]
8	"960.c4"	960	[0, -1, 0, -81, 81]	[[0, 9]]
8	"960.c5"	960	[0, -1, 0, -61, 205]	[[4, 3]]
8	"960.c6"	960	[0, -1, 0, 319, 321]	[[3, 36]]
16	"960.f1"	960	[0, -1, 0, -225, -1215]	[[-8, 3]]
16	"960.f2"	960	[0, -1, 0, -25, 25]	[[0, 5]]
16	"960.f3"	960	[0, -1, 0, -20, 42]	[[7, 14]]
16	"960.f4"	960	[0, -1, 0, 95, 97]	[[3, 20]]
12	"960.i1"	960	[0, 1, 0, -1921, 31775]	[[26, 9]]
12	"960.i3"	960	[0, 1, 0, -121, 455]	[[2, 15]]
12	"960.i4"	960	[0, 1, 0, 4, 30]	[[1, 6]]
16	"960.j1"	960	[0, 1, 0, -12801, 553215]	[[47, 240]]
16	"960.j2"	960	[0, 1, 0, -801, 8415]	[[-1, 96]]
16	"960.j3"	960	[0, 1, 0, -321, 18879]	[[5, 132]]
16	"960.j4"	960	[0, 1, 0, -81, -81]	[[-6, 15]]
16	"960.j5"	960	[0, 1, 0, -61, -205]	[[11, 24]]
16	"960.m2"	960	[0, 1, 0, -905, 9975]	[[25, 60]]
16	"960.m3"	960	[0, 1, 0, -900, 10098]	[[21, 30]]
16	"960.m4"	960	[0, 1, 0, 95, 31775]	[[5, 180]]
10	"966.a1"	966	[1, 1, 0, -72, -90]	[[-3, 12]]
12	"966.b1"	966	[1, 1, 0, -3346, 63700]	[[43, 19]]
12	"966.b2"	966	[1, 1, 0, 334, 5556]	[[11, 98]]
16	"966.c1"	966	[1, 1, 0, -250264, 48082240]	[[285, -55]]
16	"966.c2"	966	[1, 1, 0, -14744, 836928]	[[-121, 992]]
14	"966.e2"	966	[1, 0, 1, -1, 116]	[[-2, 11]]
16	"966.g1"	966	[1, 1, 1, -79134, -8601153]	[[-1463/3, 2371/3]]
16	"966.g2"	966	[1, 1, 1, -17714, 900047]	[[79, -1]]
16	"966.g3"	966	[1, 1, 1, -5074, -128689]	[[-45, 127]]
16	"966.g4"	966	[1, 1, 1, -1154, 12431]	[[7, 65]]
16	"966.g6"	966	[1, 1, 1, 6266, -609505]	[[117, 1261]]
12	"972.a1"	972	[0, 0, 0, 0, -972]	[[13, 35]]
12	"972.b1"	972	[0, 0, 0, 0, -243]	[[7, 10]]
12	"973.a1"	973	[0, 1, 1, -11373, -470630]	[[-62, 3]]
12	"973.a2"	973	[0, 1, 1, -253, 441]	[[-9, 45]]
12	"973.a3"	973	[0, 1, 1, -203, 1048]	[[74/5, 2682/5]]
16	"974.f1"	974	[1, -1, 1, 3, -3]	[[1, 0]]
16	"974.g1"	974	[1, 1, 1, -91, 297]	[[3, 6]]
8	"975.i1"	975	[1, 1, 0, -3250000, -2256492875]	[[47745136965/2684, 9934123193216195/2684]]
8	"975.i2"	975	[1, 1, 0, -203125, -35321000]	[[-878361/58, 27647851/58]]
8	"975.i3"	975	[1, 1, 0, -198250, -37090625]	[[7765202319/3538, 380236785822631/3538]]
8	"975.i4"	975	[1, 1, 0, -13000, -528125]	[[-321/2, 959/2]]
8	"975.i5"	975	[1, 1, 0, -2875, 49000]	[[-60, 130]]
8	"975.i7"	975	[1, 1, 0, 5250, 284625]	[[-635/4, 9295/4]]
8	"975.i8"	975	[1, 1, 0, 15125, -2468750]	[[250, 4000]]
9	"980.c1"	980	[0, -1, 0, -39461, 3030385]	[[96, 343]]
15	"984.d1"	984	[0, 1, 0, 7, 27]	[[1, 6]]
16	"986.d1"	986	[1, 0, 0, 3467, -83679]	[[80, 801]]
12	"986.e1"	986	[1, -1, 1, -1, 17]	[[-1, 4]]
14	"987.b2"	987	[1, 0, 0, 1596, 9783]	[[-3, 72]]
18	"994.e1"	994	[1, 0, 0, -52238, -4587140]	[[-130, 170]]
18	"994.e2"	994	[1, 0, 0, -52198, -4594524]	[[318, 3156]]
18	"994.e3"	994	[1, 0, 0, -3238, 65508]	[[24, 30]]
16	"994.g1"	994	[1, -1, 1, -1516, 23091]	[[133, 1403]]
16	"994.g2"	994	[1, -1, 1, -96, 371]	[[7, -1]]
16	"994.g4"	994	[1, -1, 1, 44, 1267]	[[-7, 27]]
18	"995.a1"	995	[0, 1, 1, -15, 19]	[[7, 17]]
18	"995.a2"	995	[0, 1, 1, 85, 64]	[[62, 497]]
15	"996.b1"	996	[0, 1, 0, -12, 36]	[[3, 6]]
15	"996.b2"	996	[0, 1, 0, 108, -876]	[[11, 42]]
12	"997.b1"	997	[0, -1, 1, -18, 36]	[[3, 0]]
16	"1002.d1"	1002	[1, 0, 1, -125, -544]	[[14, 15]]
16	"1002.d2"	1002	[1, 0, 1, -5, -16]	[[6, 10]]
15	"1003.d1"	1003	[0, 0, 1, -41, 135]	[[9/2, 55/2]]
18	"1005.a1"	1005	[0, 1, 1, -3001, -70904]	[[542, 12562]]
18	"1005.a2"	1005	[0, 1, 1, 239, 295]	[[-1, 7]]
6	"1008.c1"	1008	[0, 0, 0, -6, -5]	[[3, 2]]
6	"1008.c2"	1008	[0, 0, 0, 9, -26]	[[5, 12]]
16	"1008.d1"	1008	[0, 0, 0, -2691, 53730]	[[31, 10]]
16	"1008.d3"	1008	[0, 0, 0, -171, 810]	[[3, 18]]
16	"1008.d4"	1008	[0, 0, 0, 9, 54]	[[1, 8]]
12	"1008.e2"	1008	[0, 0, 0, -111, 110]	[[-2, 18]]
12	"1008.e3"	1008	[0, 0, 0, -66, -205]	[[11, 20]]
12	"1008.e4"	1008	[0, 0, 0, 429, 866]	[[1, 36]]
18	"1008.g1"	1008	[0, 0, 0, -16455, -812446]	[[1225/2, 38259/2]]
18	"1008.g2"	1008	[0, 0, 0, -1020, -12913]	[[49, 234]]
18	"1008.g4"	1008	[0, 0, 0, 60, -61]	[[13, 54]]
12	"1008.h1"	1008	[0, 0, 0, -393195, -94898662]	[[821, 11648]]
12	"1008.h2"	1008	[0, 0, 0, -24555, -1485286]	[[3223, 182754]]
12	"1008.h3"	1008	[0, 0, 0, -5115, -115414]	[[-35, 144]]
12	"1008.h5"	1008	[0, 0, 0, -75, 506]	[[5, 16]]
12	"1008.h6"	1008	[0, 0, 0, 645, -10582]	[[31, 198]]
18	"1008.i1"	1008	[0, 0, 0, -54, 135]	[[7, 10]]
12	"1014.b2"	1014	[1, 0, 1, -4437, 113440]	[[40, -1]]
12	"1014.b4"	1014	[1, 0, 1, 48, -50]	[[5, 15]]
14	"1015.b1"	1015	[0, 0, 1, 2, 3]	[[1, 2]]
6	"1015.c1"	1015	[0, 1, 1, -582247911, -5407862107580]	[[26785172701/858, 2933954541607519/858]]
6	"1015.c2"	1015	[0, 1, 1, -7112371, -7584550689]	[[10647, 1060062]]
6	"1015.c3"	1015	[0, 1, 1, 448219, -27594650]	[[2234, 110127]]
10	"1017.c1"	1017	[1, -1, 1, 1, 2]	[[0, 1]]
14	"1017.e1"	1017	[0, 0, 1, -6, 6]	[[2, 1]]
6	"1017.i1"	1017	[1, -1, 0, -1884, 31951]	[[26, -7]]
18	"1020.c1"	1020	[0, -1, 0, -25, -38]	[[7, 9]]
18	"1020.c2"	1020	[0, -1, 0, 20, -200]	[[10, 30]]
15	"1020.e2"	1020	[0, 1, 0, 54, -195]	[[5, 15]]
18	"1022.b1"	1022	[1, 0, 0, -32, -8]	[[-2, 8]]
12	"1022.c1"	1022	[1, -1, 1, -87211, 9934747]	[[173, -36]]
12	"1022.c3"	1022	[1, -1, 1, -5451, 156251]	[[41, 0]]
12	"1022.c4"	1022	[1, -1, 1, -331, 2651]	[[15, 22]]
12	"1025.a1"	1025	[1, 0, 0, -688, 6867]	[[17, 4]]
12	"1025.a2"	1025	[1, 0, 0, -63, -8]	[[-3, 14]]
12	"1026.b1"	1026	[1, -1, 0, -4041, 99891]	[[-125/2, 3657/2]]
12	"1026.b2"	1026	[1, -1, 0, -906, -10252]	[[-17, 4]]
12	"1026.b3"	1026	[1, -1, 0, -51, 141]	[[1, 9]]
16	"1026.i1"	1026	[1, -1, 1, -14, -3]	[[-1, 3]]
16	"1026.k1"	1026	[1, -1, 1, -2648, 53083]	[[13, 137]]
6	"1027.a1"	1027	[0, 1, 1, -213, 1128]	[[36, 203]]
9	"1032.a1"	1032	[0, -1, 0, 24, -36]	[[2, 4]]
14	"1040.c1"	1040	[0, 1, 0, -20, 28]	[[3, 2]]
14	"1040.c2"	1040	[0, 1, 0, 0, 100]	[[0, 10]]
8	"1040.d1"	1040	[0, 0, 0, -563, 5138]	[[13, 4]]
8	"1040.d2"	1040	[0, 0, 0, -43, 42]	[[-3, 12]]
8	"1040.d3"	1040	[0, 0, 0, -23, -42]	[[6, 6]]
8	"1040.d4"	1040	[0, 0, 0, 157, 322]	[[7, 42]]
16	"1042.a1"	1042	[1, -1, 0, -8, 0]	[[-1, 3]]
16	"1042.a2"	1042	[1, -1, 0, 32, -24]	[[7, 19]]
10	"1048.a1"	1048	[0, 1, 0, -1024, -12960]	[[47, 212]]
16	"1048.b1"	1048	[0, 1, 0, -9, 11]	[[1, 2]]
12	"1050.a1"	1050	[1, 1, 0, -161275, 15616375]	[[1095, 33415]]
12	"1050.a2"	1050	[1, 1, 0, -144025, 20978125]	[[225, 50]]
12	"1050.a3"	1050	[1, 1, 0, -67525, -6602375]	[[-155, 490]]
12	"1050.a4"	1050	[1, 1, 0, -67025, -6706875]	[[334, 2715]]
12	"1050.a5"	1050	[1, 1, 0, -9025, 323125]	[[15, 430]]
12	"1050.a6"	1050	[1, 1, 0, -2025, 820125]	[[55, 910]]
12	"1050.a7"	1050	[1, 1, 0, -1025, -4875]	[[-5, 15]]
12	"1050.a8"	1050	[1, 1, 0, 18225, -22123125]	[[531, 11466]]
14	"1050.g2"	1050	[1, 0, 1, -71, 1838]	[[-3, 46]]
16	"1050.i1"	1050	[1, 0, 1, -33601, 2367848]	[[112, 56]]
16	"1050.i2"	1050	[1, 0, 1, -22851, -1318652]	[[-82, 114]]
16	"1050.i3"	1050	[1, 0, 1, -2601, 17848]	[[77, 486]]
16	"1050.i4"	1050	[1, 0, 1, -2101, 36848]	[[7, 146]]
16	"1050.i5"	1050	[1, 0, 1, -101, 848]	[[3, 22]]
16	"1050.i6"	1050	[1, 0, 1, 9649, 140348]	[[42, 766]]
12	"1051.a1"	1051	[0, 1, 1, -5, 3]	[[1, 0]]
16	"1054.a2"	1054	[1, -1, 1, 0, 35]	[[1, 5]]
8	"1062.a1"	1062	[1, -1, 0, -211599, 37407469]	[[329, 1658]]
8	"1062.a2"	1062	[1, -1, 0, -119439, 70124269]	[[599, 14303]]
8	"1062.c1"	1062	[1, -1, 0, -2337, 44045]	[[22, 43]]
8	"1062.c2"	1062	[1, -1, 0, -177, 413]	[[2, 7]]
16	"1062.d1"	1062	[1, -1, 0, -27, 49]	[[5, 2]]
16	"1062.d2"	1062	[1, -1, 0, 63, 247]	[[-1, 14]]
16	"1062.h1"	1062	[1, -1, 1, -5801, -168285]	[[-675/4, 1451/4]]
16	"1062.h2"	1062	[1, -1, 1, -491, -489]	[[-9, 60]]
16	"1062.h3"	1062	[1, -1, 1, -311, 2175]	[[9, 2]]
16	"1062.h4"	1062	[1, -1, 1, 1939, -5349]	[[207/2, 3639/2]]
16	"1062.i1"	1062	[1, -1, 1, -260, -1545]	[[-9, 5]]
16	"1062.i2"	1062	[1, -1, 1, -20, -9]	[[-3, 5]]
14	"1066.c1"	1066	[1, 0, 1, -1693, 26680]	[[26, 7]]
12	"1066.d2"	1066	[1, -1, 1, -486, -3019]	[[-11, 35]]
12	"1066.d4"	1066	[1, -1, 1, 1154, -20075]	[[71, 609]]
14	"1074.f1"	1074	[1, 1, 1, -9, 567]	[[15, 56]]
18	"1074.h1"	1074	[1, 0, 0, -4, 80]	[[2, 8]]
14	"1080.i1"	1080	[0, 0, 0, 108, 324]	[[18, 90]]
14	"1083.c1"	1083	[1, 1, 0, -239350, -45171941]	[[53859172782/7987, 9391164040457921/7987]]
14	"1085.b2"	1085	[1, 0, 0, -11, 16]	[[1, 2]]
10	"1088.b1"	1088	[0, 1, 0, -89, 295]	[[3, 8]]
10	"1088.b2"	1088	[0, 1, 0, -4, 6]	[[1, 2]]
18	"1088.e1"	1088	[0, 1, 0, -17, -17]	[[-3, 4]]
18	"1088.e2"	1088	[0, 1, 0, 63, -65]	[[5, 20]]
8	"1088.f2"	1088	[0, 0, 0, 20, 144]	[[0, 12]]
16	"1088.g2"	1088	[0, 0, 0, 20, -144]	[[5, 9]]
12	"1088.h1"	1088	[0, 0, 0, -5804, 170192]	[[26, 192]]
12	"1088.h2"	1088	[0, 0, 0, -364, 2640]	[[28, 120]]
14	"1088.k2"	1088	[0, -1, 0, -4, -6]	[[31/3, 82/3]]
18	"1088.l2"	1088	[0, -1, 0, -6593, -203839]	[[2713/3, 135296/3]]
15	"1090.b1"	1090	[1, 1, 0, -92, 304]	[[5, -2]]
15	"1090.e2"	1090	[1, 0, 0, -16886, 663716]	[[44, 58]]
14	"1091.a1"	1091	[1, 0, 0, -4, -3]	[[-1, 1]]
12	"1092.a1"	1092	[0, -1, 0, -484, 4264]	[[14, 6]]
12	"1092.e1"	1092	[0, 1, 0, -404, 2436]	[[16, 18]]
12	"1095.a1"	1095	[1, 0, 0, -1181, -15714]	[[-315/4, 741/4]]
12	"1095.a2"	1095	[1, 0, 0, -86, -165]	[[-6, 15]]
8	"1096.b1"	1096	[0, 1, 0, -88, -144]	[[-5, 14]]
8	"1096.b2"	1096	[0, 1, 0, -48, 112]	[[3, 2]]
14	"1098.a1"	1098	[1, -1, 0, -4635, 153819]	[[-75, 312]]
14	"1098.a2"	1098	[1, -1, 0, -45, -891]	[[15, 33]]
18	"1098.d1"	1098	[1, -1, 0, -69, 251]	[[1, 13]]
14	"1098.g1"	1098	[1, -1, 1, 31, 49]	[[7, 20]]
18	"1098.i1"	1098	[1, -1, 1, -8213, 291053]	[[159, 1648]]
12	"1104.b1"	1104	[0, -1, 0, -12328, -85904]	[[-30, 506]]
12	"1104.b2"	1104	[0, -1, 0, -9208, -337040]	[[114, 286]]
12	"1104.b3"	1104	[0, -1, 0, -568, -5264]	[[60, 416]]
12	"1104.b4"	1104	[0, -1, 0, 3032, -12176]	[[10, 138]]
16	"1104.c1"	1104	[0, -1, 0, -248, 1584]	[[10, 2]]
10	"1104.d1"	1104	[0, 1, 0, -1144, 14516]	[[20, 6]]
10	"1104.d2"	1104	[0, 1, 0, -64, 260]	[[2, 12]]
12	"1106.b1"	1106	[1, -1, 0, -182, 980]	[[7, 0]]
12	"1106.b2"	1106	[1, -1, 0, -22, -12]	[[-3, 6]]
16	"1106.e1"	1106	[1, -1, 1, -3421, 77805]	[[33, -24]]
16	"1106.e2"	1106	[1, -1, 1, -2221, -39283]	[[-27, 34]]
16	"1106.e3"	1106	[1, -1, 1, -261, 701]	[[1, 20]]
16	"1106.e4"	1106	[1, -1, 1, 59, 61]	[[1, 10]]
8	"1110.a1"	1110	[1, 1, 0, -358318108, -2610814913072]	[[200739610880201683197/94952731, 564132176203253638279313019034/94952731]]
8	"1110.a2"	1110	[1, 1, 0, -22394908, -40800879152]	[[31520549709/1619, 5047520569416127/1619]]
8	"1110.a3"	1110	[1, 1, 0, -22016028, -42247518768]	[[32930080659254493661/52340651, 170611294795375230919907322407/52340651]]
8	"1110.a4"	1110	[1, 1, 0, -1423388, -615252528]	[[-483649/25, 81909524/25]]
9	"1110.e1"	1110	[1, 0, 1, -7089, -230588]	[[439/2, 4057/2]]
15	"1112.b1"	1112	[0, 0, 0, 13, -2]	[[3, 8]]
15	"1113.a1"	1113	[0, -1, 1, 16, 2]	[[5, 13]]
14	"1113.b2"	1113	[1, 1, 1, 1, -4]	[[2, 2]]
12	"1120.i2"	1120	[0, 0, 0, -1067, 3026]	[[2, 30]]
12	"1120.i3"	1120	[0, 0, 0, -817, 8976]	[[7, 60]]
15	"1120.m1"	1120	[0, 1, 0, 35, -437]	[[21, 100]]
14	"1128.a1"	1128	[0, -1, 0, -7523664, 7945078284]	[[605/2, 660209/2]]
14	"1128.a2"	1128	[0, -1, 0, -437784, 142107228]	[[182, 8272]]
18	"1128.c1"	1128	[0, -1, 0, -112, 460]	[[9, 10]]
18	"1128.c2"	1128	[0, -1, 0, 8, 28]	[[1, 6]]
16	"1128.g1"	1128	[0, 1, 0, -48, -48]	[[8, 12]]
16	"1130.c1"	1130	[1, -1, 1, -106933, -13432019]	[[1195, 38952]]
16	"1130.c2"	1130	[1, -1, 1, -6933, -192019]	[[-49, 192]]
16	"1130.c3"	1130	[1, -1, 1, -1813, 27117]	[[13, 68]]
16	"1130.c4"	1130	[1, -1, 1, 11147, -1038163]	[[177, 2452]]
16	"1131.a2"	1131	[1, 1, 1, 12, 12]	[[0, 3]]
14	"1134.b1"	1134	[1, -1, 0, -225, 1357]	[[6, 11]]
12	"1136.b2"	1136	[0, -1, 0, -128, -512]	[[-6, 2]]
8	"1138.a2"	1138	[1, -1, 0, -1, 39]	[[3, 6]]
8	"1140.a1"	1140	[0, -1, 0, -3476, 72360]	[[14, 162]]
8	"1140.a2"	1140	[0, -1, 0, -3381, 76806]	[[33, 9]]
12	"1140.c2"	1140	[0, 1, 0, -21, -36]	[[-3, 3]]
18	"1142.a1"	1142	[1, -1, 1, -165, 861]	[[7, 0]]
10	"1142.b1"	1142	[1, 1, 1, 1, -3]	[[1, 0]]
12	"1145.a1"	1145	[1, 0, 0, -596, 5551]	[[13, 0]]
12	"1145.a2"	1145	[1, 0, 0, -591, 5650]	[[3, 61]]
16	"1146.b1"	1146	[1, 0, 0, -12224, 519180]	[[580/3, -610/3]]
16	"1146.b2"	1146	[1, 0, 0, -824, 6708]	[[24, 18]]
16	"1146.b3"	1146	[1, 0, 0, -764, 8064]	[[18, 6]]
15	"1147.a2"	1147	[0, -1, 1, -26790, 1696662]	[[117, 387]]
9	"1150.a1"	1150	[1, 0, 1, -72826, -7570452]	[[-1403/3, 2099/3]]
8	"1152.b1"	1152	[0, 0, 0, -1272, 17440]	[[17, 27]]
8	"1152.b2"	1152	[0, 0, 0, -57, 430]	[[2, 18]]
8	"1152.e1"	1152	[0, 0, 0, -36, -80]	[[-3, 1]]
8	"1152.e2"	1152	[0, 0, 0, -6, 4]	[[0, 2]]
16	"1152.f1"	1152	[0, 0, 0, -216, 864]	[[4, 8]]
16	"1152.f2"	1152	[0, 0, 0, -81, -270]	[[102, 1026]]
16	"1152.g1"	1152	[0, 0, 0, -36, 80]	[[2, 4]]
16	"1152.g2"	1152	[0, 0, 0, -6, -4]	[[4, 6]]
16	"1152.i1"	1152	[0, 0, 0, -120, -416]	[[-7, 9]]
16	"1152.i2"	1152	[0, 0, 0, 15, -38]	[[14, 54]]
8	"1152.j1"	1152	[0, 0, 0, -30, -52]	[[7, 9]]
8	"1152.j2"	1152	[0, 0, 0, 60, -304]	[[10, 36]]
16	"1152.k1"	1152	[0, 0, 0, -30, 52]	[[-1, 9]]
16	"1152.k2"	1152	[0, 0, 0, 60, 304]	[[5, 27]]
14	"1152.m1"	1152	[0, 0, 0, -84, -272]	[[-6, 4]]
14	"1152.m2"	1152	[0, 0, 0, 6, -20]	[[3, 5]]
16	"1152.n1"	1152	[0, 0, 0, -24, 32]	[[1, 3]]
16	"1152.n2"	1152	[0, 0, 0, -9, -10]	[[10, 30]]
12	"1154.a1"	1154	[1, -1, 1, -55, -121]	[[-3, 4]]
12	"1154.a2"	1154	[1, -1, 1, -15, 23]	[[1, 2]]
12	"1158.a1"	1158	[1, 1, 0, 1, -3]	[[1, 0]]
18	"1158.b1"	1158	[1, 0, 1, -73276, -7640710]	[[3429279/26, 6296779685/26]]
18	"1158.b2"	1158	[1, 0, 1, -901, -10648]	[[5070, 358471]]
18	"1158.b3"	1158	[1, 0, 1, 44, -64]	[[10, 32]]
12	"1158.d1"	1158	[1, 1, 1, -68, 185]	[[5, -1]]
8	"1160.a1"	1160	[0, 1, 0, -36, -80]	[[-4, 4]]
12	"1160.b1"	1160	[0, 0, 0, -827, -7546]	[[-17, 40]]
12	"1160.b2"	1160	[0, 0, 0, -247, 1386]	[[2, 30]]
12	"1160.b4"	1160	[0, 0, 0, 253, 6286]	[[22, 150]]
12	"1160.c1"	1160	[0, -1, 0, -676, -6540]	[[246, 3828]]
12	"1160.c2"	1160	[0, -1, 0, -51, -40]	[[-1, 3]]
12	"1161.a1"	1161	[0, 0, 1, 81, 74]	[[4, 21]]
8	"1161.b1"	1161	[0, 0, 1, 54, 857]	[[-5, 21]]
16	"1161.c1"	1161	[0, 0, 1, 6, -32]	[[16, 64]]
12	"1161.d1"	1161	[0, 0, 1, 9, -3]	[[9/2, 39/2]]
12	"1167.a1"	1167	[0, -1, 1, -60, 200]	[[6, 4]]
16	"1167.b1"	1167	[0, 1, 1, -47, -115]	[[-5, 4]]
10	"1168.a1"	1168	[0, 0, 0, -19, 18]	[[-1, 6]]
10	"1168.a2"	1168	[0, 0, 0, 61, 130]	[[7, 30]]
16	"1170.a1"	1170	[1, -1, 0, -81135, 8915611]	[[165, -76]]
16	"1170.a2"	1170	[1, -1, 0, -7605, -253175]	[[-49, 29]]
16	"1170.a3"	1170	[1, -1, 0, -5085, 139441]	[[48, 41]]
16	"1170.a4"	1170	[1, -1, 0, -1035, 352471]	[[-33, 608]]
16	"1170.a5"	1170	[1, -1, 0, -585, -1859]	[[-13, 65]]
16	"1170.a6"	1170	[1, -1, 0, 135, -275]	[[5, 20]]
12	"1170.b1"	1170	[1, -1, 0, -12480, 539756]	[[67, -2]]
12	"1170.b2"	1170	[1, -1, 0, -780, 8576]	[[7, 55]]
12	"1170.b4"	1170	[1, -1, 0, -60, 80]	[[1, 4]]
12	"1170.c1"	1170	[1, -1, 0, -4524, 71288]	[[59, 55]]
12	"1170.c2"	1170	[1, -1, 0, -3999, 98343]	[[67, 324]]
12	"1170.c3"	1170	[1, -1, 0, -249, 1593]	[[9, 0]]
12	"1170.c4"	1170	[1, -1, 0, 876, 7568]	[[19, 166]]
16	"1170.e1"	1170	[1, -1, 0, -414, 3010]	[[-1, 59]]
16	"1170.e2"	1170	[1, -1, 0, 36, 220]	[[-1, 14]]
12	"1170.h1"	1170	[1, -1, 1, -35993, -2619269]	[[8167/6, 174821/6]]
12	"1170.h2"	1170	[1, -1, 1, -2243, -40769]	[[463/2, 8443/2]]
12	"1170.h3"	1170	[1, -1, 1, -503, -2473]	[[25, -2]]
12	"1170.h4"	1170	[1, -1, 1, 97, -313]	[[13, 48]]
16	"1170.j1"	1170	[1, -1, 1, -7673, 260601]	[[53, 0]]
16	"1170.j2"	1170	[1, -1, 1, -473, 4281]	[[5, 42]]
12	"1176.b1"	1176	[0, -1, 0, -128, 540]	[[-2, 28]]
12	"1176.b2"	1176	[0, -1, 0, 12, 36]	[[0, 6]]
18	"1176.d1"	1176	[0, -1, 0, -457, -10163]	[[33, 98]]
18	"1176.e1"	1176	[0, 1, 0, -9, 27]	[[3, 6]]
12	"1176.f1"	1176	[0, 1, 0, -197584, -33870544]	[[527, 2940]]
12	"1176.f3"	1176	[0, 1, 0, -12364, -530944]	[[-64, 48]]
16	"1178.a1"	1178	[1, 0, 0, -202, -1122]	[[67/2, 63/2]]
12	"1179.a1"	1179	[0, 0, 1, 6, -14]	[[2, 2]]
12	"1183.a1"	1183	[0, 1, 1, -19829, -2655480]	[[1850, 79345]]
12	"1183.a2"	1183	[0, 1, 1, -1239, 16410]	[[30, 84]]
12	"1183.a3"	1183	[0, 1, 1, 2141, 84179]	[[-9, 253]]
12	"1184.d1"	1184	[0, 0, 0, -49, -132]	[[21, 90]]
14	"1185.a1"	1185	[1, 1, 1, -351, -2226]	[[24, 50]]
14	"1185.a2"	1185	[1, 1, 1, 44, -172]	[[4, 7]]
6	"1185.c1"	1185	[1, 0, 0, -421, 3290]	[[13, 1]]
6	"1185.c2"	1185	[1, 0, 0, -26, 51]	[[3, 0]]
12	"1186.a1"	1186	[1, 0, 0, 6, 4]	[[0, 2]]
16	"1186.b2"	1186	[1, -1, 1, 30, 41]	[[-1, 3]]
10	"1190.a1"	1190	[1, -1, 0, -4145, -101379]	[[-37, 1]]
10	"1190.a2"	1190	[1, -1, 0, -145, -2979]	[[43, 241]]
16	"1190.f1"	1190	[1, -1, 1, -1381048, 625030331]	[[681, -239]]
16	"1190.f3"	1190	[1, -1, 1, -86328, 9779387]	[[137, 645]]
16	"1190.f4"	1190	[1, -1, 1, -4408, 211131]	[[61, 377]]
12	"1194.a1"	1194	[1, 1, 0, -42110, 3359604]	[[-20, 2058]]
10	"1196.a1"	1196	[0, 0, 0, -556, 1641]	[[26, 69]]
10	"1196.a2"	1196	[0, 0, 0, 2089, 12750]	[[3, 138]]
14	"1197.b1"	1197	[1, -1, 1, -515, 4618]	[[14, -4]]
14	"1197.b2"	1197	[1, -1, 1, -380, 6994]	[[8, 62]]
10	"1197.d1"	1197	[1, -1, 0, -57, -152]	[[12, 22]]
8	"1200.a1"	1200	[0, -1, 0, -333, -2088]	[[-12, 6]]
8	"1200.a2"	1200	[0, -1, 0, 292, -9588]	[[517, 11750]]
16	"1200.d2"	1200	[0, -1, 0, -1608, -24288]	[[77, 550]]
16	"1200.d3"	1200	[0, -1, 0, -608, 5712]	[[8, 36]]
16	"1200.d4"	1200	[0, -1, 0, -108, -288]	[[-4, 8]]
16	"1200.d5"	1200	[0, -1, 0, 17, -38]	[[18, 76]]
16	"1200.d6"	1200	[0, -1, 0, 392, 21712]	[[2, 150]]
12	"1200.k2"	1200	[0, 1, 0, -181408, 3987188]	[[4, 1806]]
12	"1200.k3"	1200	[0, 1, 0, -133408, 18675188]	[[68, 3150]]
12	"1200.k4"	1200	[0, 1, 0, -115408, -15128812]	[[-196, 6]]
12	"1200.k6"	1200	[0, 1, 0, -7408, -224812]	[[-52, 150]]
14	"1200.l2"	1200	[0, 1, 0, 32, 68]	[[2, 12]]
14	"1206.b1"	1206	[1, -1, 0, -24, 52]	[[2, 2]]
16	"1206.c1"	1206	[1, -1, 1, -12866, -558475]	[[441, 8689]]
16	"1206.c2"	1206	[1, -1, 1, -806, -8539]	[[-17, 3]]
16	"1206.c3"	1206	[1, -1, 1, -266, -20203]	[[37, 121]]
16	"1206.c4"	1206	[1, -1, 1, -86, 101]	[[1, 3]]
9	"1216.b1"	1216	[0, 1, 0, -3077, 64681]	[[32, 3]]
15	"1216.j1"	1216	[0, 0, 0, -2, 2]	[[1, 1]]
18	"1216.m1"	1216	[0, 1, 0, -5473, 1251871]	[[4111/3, 262144/3]]
12	"1218.c2"	1218	[1, 0, 1, 109, 110]	[[6, 28]]
16	"1218.e1"	1218	[1, 1, 1, -4843, -131527]	[[-41, 6]]
16	"1218.e2"	1218	[1, 1, 1, -203, -3463]	[[27, 94]]
14	"1224.d1"	1224	[0, 0, 0, -435, -3346]	[[-10, 2]]
15	"1224.f1"	1224	[0, 0, 0, 108, -108]	[[12, 54]]
15	"1225.a1"	1225	[0, 1, 1, -7268, -242126]	[[338, 6002]]
15	"1225.i1"	1225	[0, -1, 1, -181708, -29902307]	[[409093/2, 261653871/2]]
10	"1230.a2"	1230	[1, 1, 0, -152, -276]	[[-7, 26]]
16	"1230.c1"	1230	[1, 0, 1, -5249, 145916]	[[44, 3]]
16	"1230.c3"	1230	[1, 0, 1, -329, 2252]	[[3, 34]]
16	"1230.c4"	1230	[1, 0, 1, -9, 76]	[[4, 8]]
12	"1230.d2"	1230	[1, 0, 1, 197, -352]	[[4, 20]]
14	"1230.e1"	1230	[1, 1, 1, -861, 9363]	[[19, 8]]
18	"1230.h1"	1230	[1, 0, 0, -12756, -555264]	[[-66, 48]]
18	"1230.h2"	1230	[1, 0, 0, -10256, -778764]	[[184, 1798]]
18	"1230.h3"	1230	[1, 0, 0, -516, 3600]	[[6, 24]]
18	"1230.h4"	1230	[1, 0, 0, 1084, 21840]	[[-14, 70]]
14	"1234.a1"	1234	[1, 0, 1, -451, 3646]	[[-1, 64]]
12	"1246.b1"	1246	[1, 0, 1, -9768, 350582]	[[68, 10]]
12	"1246.b2"	1246	[1, 0, 1, 472, 22902]	[[-22, 55]]
12	"1246.f1"	1246	[1, 1, 0, -101, -301]	[[-5, 13]]
12	"1246.f2"	1246	[1, 1, 0, -91, -375]	[[12, 15]]
16	"1246.i1"	1246	[1, -1, 1, -670, 6829]	[[13, 7]]
16	"1246.i2"	1246	[1, -1, 1, -30, 173]	[[1, 11]]
8	"1248.b1"	1248	[0, -1, 0, -3744, -86940]	[[949/2, 28083/2]]
8	"1248.b2"	1248	[0, -1, 0, -369, 513]	[[1, 12]]
8	"1248.b3"	1248	[0, -1, 0, -234, -1296]	[[234, 3564]]
8	"1248.b4"	1248	[0, -1, 0, -104, -2856]	[[733/6, 11935/6]]
12	"1248.c1"	1248	[0, -1, 0, -33, -15]	[[-1, 4]]
16	"1248.f1"	1248	[0, 1, 0, -3744, 86940]	[[39, 42]]
16	"1248.f2"	1248	[0, 1, 0, -369, -513]	[[-6, 39]]
16	"1248.f3"	1248	[0, 1, 0, -234, 1296]	[[0, 36]]
16	"1248.f4"	1248	[0, 1, 0, -104, 2856]	[[19, 90]]
18	"1248.g1"	1248	[0, 1, 0, -14, 12]	[[4, 6]]
18	"1248.g2"	1248	[0, 1, 0, 31, 111]	[[1, 12]]
16	"1248.h1"	1248	[0, 1, 0, -1313, 17871]	[[19, 12]]
16	"1248.h2"	1248	[0, 1, 0, -98, 132]	[[-2, 18]]
14	"1260.a2"	1260	[0, 0, 0, 177, -362]	[[11, 54]]
12	"1260.d1"	1260	[0, 0, 0, -18063, -934362]	[[-2783/6, 935/6]]
12	"1260.d2"	1260	[0, 0, 0, -1188, -12987]	[[-87/2, 405/2]]
12	"1260.d3"	1260	[0, 0, 0, -423, 1342]	[[3, 10]]
16	"1260.f1"	1260	[0, 0, 0, -87, -306]	[[-5, 2]]
18	"1260.i2"	1260	[0, 0, 0, -552, -4979]	[[47, 270]]
18	"1260.i3"	1260	[0, 0, 0, -327, -9074]	[[110, 1134]]
8	"1264.a2"	1264	[0, 1, 0, 16, -44]	[[4, 10]]
14	"1264.g1"	1264	[0, 1, 0, -180, 872]	[[7, 2]]
16	"1271.a1"	1271	[1, -1, 0, -166, -783]	[[909/4, 24627/4]]
8	"1274.i1"	1274	[1, 0, 0, -274, -1716]	[[-10, 12]]
8	"1274.i2"	1274	[1, 0, 0, 6, -92]	[[6, 10]]
15	"1274.j1"	1274	[1, 1, 1, -767488, 258474999]	[[2019/2, -1827/2]]
15	"1274.j2"	1274	[1, 1, 1, -9458, 352407]	[[27, 329]]
10	"1275.a1"	1275	[0, -1, 1, -2708, -69682]	[[67, 212]]
10	"1275.c1"	1275	[0, -1, 1, 17, 18]	[[12, 42]]
18	"1278.h1"	1278	[1, -1, 1, -371, 2827]	[[13, 2]]
18	"1284.e1"	1284	[0, 1, 0, -26, 33]	[[-2, 9]]
14	"1286.a1"	1286	[1, -1, 1, -115, 595]	[[-5, 34]]
12	"1288.c1"	1288	[0, 1, 0, -16968, 118384]	[[203, 2254]]
12	"1288.c2"	1288	[0, 1, 0, 4192, 16816]	[[19, 322]]
12	"1288.d1"	1288	[0, 0, 0, -979, 11790]	[[22, 30]]
12	"1288.d2"	1288	[0, 0, 0, -59, 198]	[[-1, 16]]
18	"1288.e1"	1288	[0, 1, 0, -28, 49]	[[0, 7]]
8	"1290.c1"	1290	[1, 0, 1, -66374, 6575672]	[[150, -59]]
8	"1290.c3"	1290	[1, 0, 1, -4454, 86456]	[[54, 37]]
8	"1290.c4"	1290	[1, 0, 1, 666, 8632]	[[-10, 36]]
14	"1290.g1"	1290	[1, 0, 1, -238, -1384]	[[-8, 8]]
14	"1290.m1"	1290	[1, 0, 0, -191, 921]	[[-2, 37]]
14	"1290.m2"	1290	[1, 0, 0, 209, 4361]	[[8, 77]]
9	"1296.b2"	1296	[0, 0, 0, -9, -9]	[[-2, 1]]
15	"1296.f1"	1296	[0, 0, 0, -17235, -870894]	[[217, 2368]]
15	"1296.f4"	1296	[0, 0, 0, 45, 18]	[[1, 8]]
8	"1299.b1"	1299	[1, 0, 0, -25, -34]	[[-2, 4]]
8	"1299.b2"	1299	[1, 0, 0, -10, 11]	[[1, 1]]
16	"1299.c1"	1299	[1, 0, 0, -62352, -5997915]	[[11707/6, 581209/6]]
16	"1299.c2"	1299	[1, 0, 0, -3897, -93960]	[[531/2, 9999/2]]
16	"1299.c3"	1299	[1, 0, 0, -3762, -100737]	[[1046, 33251]]
16	"1299.c4"	1299	[1, 0, 0, -252, -1377]	[[-7, 11]]
8	"1300.a1"	1300	[0, 1, 0, -7033, 224688]	[[47, 13]]
14	"1300.b1"	1300	[0, -1, 0, -333, -1463]	[[-8, 25]]
14	"1300.d2"	1300	[0, 0, 0, 25, -1250]	[[15, 50]]
14	"1300.f1"	1300	[0, 1, 0, -13, -17]	[[-3, 2]]
12	"1302.b2"	1302	[1, 1, 0, 291, -4515]	[[23, 111]]
12	"1302.e2"	1302	[1, 0, 1, 12473, -1567720]	[[94, 614]]
18	"1302.f1"	1302	[1, 0, 1, -101, -394]	[[-6, 4]]
8	"1302.j1"	1302	[1, 1, 1, -5249664, -4631807703]	[[25147/3, 1318621/3]]
8	"1302.j2"	1302	[1, 1, 1, -328104, -72474519]	[[2119, 92495]]
8	"1302.j3"	1302	[1, 1, 1, -326864, -73047895]	[[1454863/33, 1532893237/33]]
8	"1302.j5"	1302	[1, 1, 1, -20584, -1129879]	[[-77, 115]]
8	"1302.j6"	1302	[1, 1, 1, -104, -48535]	[[39, 73]]
10	"1304.a1"	1304	[0, 1, 0, 7, -5]	[[1, 2]]
15	"1305.g1"	1305	[0, 0, 1, 27, -61]	[[9/2, 23/2]]
16	"1306.a1"	1306	[1, -1, 1, 2, 13]	[[1, 3]]
8	"1308.b1"	1308	[0, -1, 0, -2, -3]	[[3, 3]]
10	"1310.a1"	1310	[1, 0, 1, 1, -78]	[[6, 9]]
6	"1312.a1"	1312	[0, 1, 0, -24, -20]	[[-1, 2]]
6	"1312.a2"	1312	[0, 1, 0, -14, 16]	[[0, 4]]
8	"1313.a1"	1313	[1, -1, 0, 2, 1]	[[0, 1]]
16	"1314.a2"	1314	[1, -1, 0, -27, 1215]	[[7, 33]]
12	"1314.b2"	1314	[1, -1, 0, -656082, 205111548]	[[80553/7, 20204463/7]]
12	"1314.b4"	1314	[1, -1, 0, 14598, 1405620]	[[-53, 720]]
12	"1314.c2"	1314	[1, -1, 0, -891, 9877]	[[2, 89]]
12	"1314.c3"	1314	[1, -1, 0, -171, -635]	[[-7, 17]]
14	"1314.d1"	1314	[1, -1, 1, -18446, 968861]	[[81, -5]]
14	"1314.d2"	1314	[1, -1, 1, -1166, 15005]	[[9, 67]]
16	"1314.f1"	1314	[1, -1, 1, -590, 5649]	[[17, 9]]
16	"1315.c1"	1315	[0, -1, 1, -15, 28]	[[2, 1]]
15	"1315.d1"	1315	[1, -1, 0, -29, 68]	[[4, 0]]
14	"1323.a1"	1323	[0, 0, 1, -189, 992]	[[0, 31]]
12	"1323.j1"	1323	[0, 0, 1, 0, -2]	[[2, 2]]
12	"1323.j2"	1323	[0, 0, 1, 0, 47]	[[-3, 4]]
12	"1323.k1"	1323	[0, 0, 1, 0, -16207]	[[49, 318]]
12	"1323.k2"	1323	[0, 0, 1, 0, 600]	[[22/3, 656/3]]
10	"1323.q1"	1323	[0, 0, 1, -1029, 12605]	[[49/2, 339/2]]
18	"1324.b1"	1324	[0, -1, 0, -685, 7134]	[[15, 3]]
12	"1326.a1"	1326	[1, 1, 0, -1091, 13425]	[[19, -7]]
12	"1326.a3"	1326	[1, 1, 0, -71, 165]	[[7, 5]]
12	"1326.a4"	1326	[1, 1, 0, 9, 21]	[[-1, 4]]
16	"1326.b2"	1326	[1, 1, 0, 7930, -3537996]	[[241, 3407]]
14	"1326.c2"	1326	[1, 0, 1, -21, 16]	[[-1, 6]]
14	"1326.e1"	1326	[1, 0, 0, -1769, -10407]	[[-14, 115]]
15	"1330.b1"	1330	[1, 0, 1, -4, 12]	[[-2, 4]]
15	"1330.b2"	1330	[1, 0, 1, 31, -324]	[[6, 6]]
12	"1330.e1"	1330	[1, 0, 1, -344, 2422]	[[13, 7]]
12	"1330.e2"	1330	[1, 0, 1, 41, 7546]	[[71, 572]]
8	"1332.a1"	1332	[0, 0, 0, -591, -5530]	[[113/2, 143/2]]
8	"1332.a2"	1332	[0, 0, 0, -36, -91]	[[19, 78]]
16	"1332.b1"	1332	[0, 0, 0, -255, -826]	[[-5, 18]]
16	"1332.b2"	1332	[0, 0, 0, -120, 497]	[[4, 9]]
8	"1332.c1"	1332	[0, 0, 0, -84, -83]	[[11, 18]]
8	"1332.c2"	1332	[0, 0, 0, 321, -650]	[[150, 1850]]
16	"1332.d1"	1332	[0, 0, 0, -5319, 149310]	[[43, 10]]
16	"1332.d2"	1332	[0, 0, 0, -324, 2457]	[[6, 27]]
14	"1343.a1"	1343	[1, 0, 0, -50, 53]	[[-7, 12]]
10	"1344.a2"	1344	[0, -1, 0, -5, 21]	[[1, 4]]
12	"1344.c2"	1344	[0, -1, 0, -49, 49]	[[0, 7]]
12	"1344.c3"	1344	[0, -1, 0, -29, -51]	[[13, 40]]
12	"1344.c4"	1344	[0, -1, 0, 191, 193]	[[3, 28]]
12	"1344.d1"	1344	[0, -1, 0, -449, 3585]	[[8, 21]]
12	"1344.d2"	1344	[0, -1, 0, -89, -231]	[[-5, 8]]
12	"1344.d3"	1344	[0, -1, 0, -84, -270]	[[11, 4]]
12	"1344.d4"	1344	[0, -1, 0, 191, -1631]	[[23, 120]]
16	"1344.g1"	1344	[0, -1, 0, -50177, -4309503]	[[4771, 329140]]
16	"1344.g2"	1344	[0, -1, 0, -3137, -66495]	[[67, 140]]
16	"1344.g4"	1344	[0, -1, 0, -2177, -108927]	[[3187/7, 48980/7]]
16	"1344.g5"	1344	[0, -1, 0, -257, -255]	[[-8, 35]]
16	"1344.g6"	1344	[0, -1, 0, 63, -63]	[[3, 12]]
16	"1344.i1"	1344	[0, -1, 0, -86017, -9681503]	[[14271/5, 1408144/5]]
16	"1344.i2"	1344	[0, -1, 0, -58497, 5412897]	[[123, 252]]
16	"1344.i3"	1344	[0, -1, 0, -6657, -71775]	[[-25, 280]]
16	"1344.i4"	1344	[0, -1, 0, -5377, -149855]	[[535, 12240]]
16	"1344.i5"	1344	[0, -1, 0, -257, -3423]	[[23, 48]]
16	"1344.i6"	1344	[0, -1, 0, 24703, -579807]	[[423, 9240]]
12	"1344.l1"	1344	[0, 1, 0, -449, -3585]	[[-11, 12]]
12	"1344.l2"	1344	[0, 1, 0, -89, 231]	[[1, 12]]
12	"1344.l3"	1344	[0, 1, 0, -84, 270]	[[9, 18]]
12	"1344.l4"	1344	[0, 1, 0, 191, 1631]	[[2, 45]]
12	"1344.m1"	1344	[0, 1, 0, -16129, 783071]	[[74, 15]]
12	"1344.m3"	1344	[0, 1, 0, -1009, 11951]	[[5, 84]]
18	"1344.o1"	1344	[0, 1, 0, -7313, 238287]	[[43, 72]]
18	"1344.o2"	1344	[0, 1, 0, -453, 3675]	[[11, 12]]
18	"1344.o3"	1344	[0, 1, 0, -113, 111]	[[-5, 24]]
18	"1344.o4"	1344	[0, 1, 0, 27, 27]	[[3, 12]]
9	"1350.a1"	1350	[1, -1, 0, -4092, -94384]	[[-40, 84]]
15	"1350.c1"	1350	[1, -1, 0, -42, -134]	[[9, 8]]
9	"1350.e1"	1350	[1, -1, 0, -312, -2044]	[[-10, 6]]
12	"1350.f1"	1350	[1, -1, 0, -16242, -799084]	[[260, 3406]]
12	"1350.g2"	1350	[1, -1, 0, 3, 1]	[[0, 1]]
15	"1350.m1"	1350	[1, -1, 1, -455, 3647]	[[9, 10]]
15	"1350.m2"	1350	[1, -1, 1, -80, -253]	[[-5, 3]]
12	"1356.c2"	1356	[0, 1, 0, 103, 36]	[[0, 6]]
12	"1357.a1"	1357	[1, 0, 0, -52, -149]	[[9, 7]]
12	"1358.a1"	1358	[1, 0, 1, -157, -744]	[[-8, 7]]
12	"1358.a2"	1358	[1, 0, 1, 3, -40]	[[4, 4]]
12	"1358.b1"	1358	[1, 0, 1, -311, 2080]	[[-11/4, 3055/4]]
14	"1360.b1"	1360	[0, 1, 0, -136, 564]	[[4, 10]]
14	"1360.g1"	1360	[0, 0, 0, -28, -57]	[[121/4, 819/4]]
14	"1360.g2"	1360	[0, 0, 0, -23, -78]	[[26, 130]]
18	"1360.i1"	1360	[0, -1, 0, -66696, 1326320]	[[-398/3, 55250/3]]
16	"1365.b1"	1365	[1, 0, 0, -24161, 1442310]	[[73, 226]]
16	"1365.b2"	1365	[1, 0, 0, -1866, 10971]	[[3, 72]]
16	"1365.b3"	1365	[1, 0, 0, -1021, -12520]	[[-19, 20]]
16	"1365.b4"	1365	[1, 0, 0, 6909, 86436]	[[0, 294]]
6	"1368.a1"	1368	[0, 0, 0, -2727, 54810]	[[31, 8]]
12	"1368.c1"	1368	[0, 0, 0, -11451, -458570]	[[-231/2, 805/2]]
12	"1368.c2"	1368	[0, 0, 0, -1731, 17710]	[[3, 112]]
12	"1368.c3"	1368	[0, 0, 0, -1551, 23506]	[[21, 14]]
12	"1368.c4"	1368	[0, 0, 0, 5109, 123046]	[[174, 2506]]
14	"1368.e2"	1368	[0, 0, 0, 45, -98]	[[3, 8]]
14	"1369.b1"	1369	[1, -1, 1, -1663, -25680]	[[75, 479]]
9	"1369.c1"	1369	[0, 1, 1, -2564593, -1581651042]	[[-4028939/66, -145117/66]]
9	"1369.c2"	1369	[0, 1, 1, -31943, -2138543]	[[-3971/6, 50545/6]]
14	"1369.d1"	1369	[1, -1, 0, -2276219, -1321241558]	[[421055215896628564251093/15118249772, 90485547485451381407629665671951171/15118249772]]
12	"1370.b1"	1370	[1, 0, 0, -66, 196]	[[6, 2]]
12	"1370.b2"	1370	[1, 0, 0, 14, 660]	[[-2, 26]]
16	"1371.a1"	1371	[1, 0, 1, 2, -1]	[[3, 4]]
12	"1378.d2"	1378	[1, 0, 0, 468, -72904]	[[2806/3, 144668/3]]
12	"1380.c1"	1380	[0, 1, 0, -1381, -20425]	[[50, 195]]
12	"1380.c2"	1380	[0, 1, 0, 59, -121]	[[2, 3]]
10	"1392.c1"	1392	[0, -1, 0, 8, 16]	[[0, 4]]
10	"1392.e1"	1392	[0, -1, 0, -104176, 13014592]	[[192, 232]]
10	"1392.e2"	1392	[0, -1, 0, -16, -8768]	[[24, 64]]
18	"1392.m1"	1392	[0, 1, 0, -80, 276]	[[10, 24]]
8	"1394.b1"	1394	[1, -1, 0, -13, 21]	[[3, 0]]
12	"1394.c2"	1394	[1, -1, 0, -697, 6765]	[[19, 1]]
12	"1394.d1"	1394	[1, -1, 0, -236, -1328]	[[-9, 7]]
12	"1394.d2"	1394	[1, -1, 0, -76, -3216]	[[23, 71]]
10	"1394.e1"	1394	[1, 1, 0, -770391, -253658539]	[[-5886809/102, -997490363/102]]
15	"1394.g1"	1394	[1, 0, 0, -5392, -152846]	[[672835/66, 450678883/66]]
15	"1394.g2"	1394	[1, 0, 0, -62, -244]	[[146, 1690]]
8	"1395.a1"	1395	[1, -1, 1, -1463, -21144]	[[-22, 6]]
8	"1395.a2"	1395	[1, -1, 1, -68, -498]	[[20, 66]]
16	"1398.a2"	1398	[1, 1, 1, 127, -97]	[[3, 16]]
8	"1404.b1"	1404	[0, 0, 0, 27, 81]	[[0, 9]]
16	"1404.c1"	1404	[0, 0, 0, 3, -3]	[[1, 1]]
14	"1405.a1"	1405	[0, -1, 1, -56, -144]	[[-4, 0]]
10	"1406.a1"	1406	[1, 1, 0, -76, -304]	[[11, 13]]
10	"1406.b1"	1406	[1, 1, 0, 56, 158]	[[49, 327]]
16	"1407.c1"	1407	[1, 0, 0, -262947, -51904818]	[[-294, 42]]
16	"1407.c3"	1407	[1, 0, 0, -18732, -570825]	[[-93, 654]]
16	"1407.c4"	1407	[1, 0, 0, 3713, -63568]	[[41, 377]]
16	"1407.e1"	1407	[1, 0, 1, -346, -2491]	[[-11, 8]]
16	"1407.e2"	1407	[1, 0, 1, -11, -79]	[[9, 19]]
10	"1410.a1"	1410	[1, 1, 0, -103, 253]	[[9, 8]]
10	"1410.a2"	1410	[1, 1, 0, 17, 37]	[[1, 7]]
16	"1411.b1"	1411	[0, 1, 1, 3, 0]	[[0, 0]]
14	"1414.a1"	1414	[1, 0, 1, -325, 2224]	[[11, -2]]
16	"1420.a1"	1420	[0, -1, 0, -380, -2728]	[[34, 150]]
16	"1420.a2"	1420	[0, -1, 0, -25, -30]	[[-3, 3]]
10	"1422.c1"	1422	[1, -1, 0, -78, -172]	[[-4, 10]]
8	"1424.a1"	1424	[0, 1, 0, -24, -44]	[[6, 8]]
8	"1424.a2"	1424	[0, 1, 0, 56, -204]	[[4, 10]]
12	"1424.b1"	1424	[0, 1, 0, -10952, -444812]	[[2164, 100570]]
12	"1424.b2"	1424	[0, 1, 0, -712, -6540]	[[-20, 10]]
12	"1425.a1"	1425	[1, 1, 1, -2538, 48156]	[[30, -3]]
12	"1425.a2"	1425	[1, 1, 1, -163, 656]	[[4, 7]]
12	"1425.a3"	1425	[1, 1, 1, -38, -94]	[[-4, 5]]
12	"1425.a4"	1425	[1, 1, 1, 212, 3656]	[[-5, 52]]
15	"1425.i1"	1425	[0, -1, 1, -109758, -13959457]	[[10452669/58, 33587977123/58]]
12	"1426.a2"	1426	[1, 0, 1, -18, -28]	[[5, 1]]
15	"1428.d1"	1428	[0, 1, 0, -2997, 63639]	[[33, 42]]
15	"1428.d2"	1428	[0, 1, 0, 13323, 265191]	[[50, 1029]]
12	"1434.a1"	1434	[1, 0, 0, -13819, 624113]	[[8, 713]]
12	"1434.a2"	1434	[1, 0, 0, -859, 9809]	[[14, 17]]
16	"1434.b1"	1434	[1, 0, 0, -59, 165]	[[6, 3]]
16	"1434.b2"	1434	[1, 0, 0, 1, 9]	[[0, 3]]
16	"1435.b1"	1435	[0, -1, 1, 0, -2]	[[2, 1]]
12	"1435.c1"	1435	[0, 0, 1, 88, -28]	[[2, 12]]
10	"1439.a1"	1439	[1, 1, 0, 2, -1]	[[2, 3]]
10	"1440.b1"	1440	[0, 0, 0, -243, -1242]	[[21, 54]]
10	"1440.b2"	1440	[0, 0, 0, 27, -108]	[[4, 8]]
12	"1440.c1"	1440	[0, 0, 0, -1443, 21098]	[[26, 34]]
12	"1440.c2"	1440	[0, 0, 0, -363, -2338]	[[-11, 18]]
12	"1440.c3"	1440	[0, 0, 0, -93, 308]	[[-1, 20]]
16	"1440.g1"	1440	[0, 0, 0, -32412, -2245984]	[[472, 9360]]
16	"1440.g3"	1440	[0, 0, 0, -2037, -34684]	[[-28, 20]]
16	"1440.g4"	1440	[0, 0, 0, 213, -107134]	[[62, 380]]
14	"1440.h1"	1440	[0, 0, 0, -27, 46]	[[5, 6]]
14	"1440.h2"	1440	[0, 0, 0, 3, 4]	[[0, 2]]
16	"1440.l1"	1440	[0, 0, 0, -57, 164]	[[5, 2]]
8	"1442.a1"	1442	[1, 0, 1, -297, 1940]	[[10, -5]]
10	"1442.e2"	1442	[1, -1, 1, -186, 761]	[[1, 23]]
12	"1443.b1"	1443	[1, 0, 0, -154, 713]	[[11, 14]]
12	"1443.b2"	1443	[1, 0, 0, -19, -16]	[[5, 2]]
16	"1444.c1"	1444	[0, 1, 0, -6, -7]	[[-2, 1]]
15	"1445.a1"	1445	[0, 1, 1, -248925, -47885601]	[[-226103/28, 8275/28]]
9	"1445.b1"	1445	[0, -1, 1, -861, -9443]	[[-1063/8, -253/8]]
9	"1445.b2"	1445	[0, -1, 1, -11, -8]	[[-2, 1]]
16	"1446.b1"	1446	[1, 0, 1, -65, 1460]	[[3, 34]]
16	"1446.f1"	1446	[1, 0, 0, -2309, 42513]	[[28, -11]]
15	"1450.a2"	1450	[1, 1, 0, 575, 15965]	[[529, 11930]]
14	"1450.b1"	1450	[1, -1, 0, -992, 12416]	[[19, 3]]
15	"1450.c1"	1450	[1, 0, 1, -11376, -471102]	[[201, 2217]]
18	"1450.d1"	1450	[1, 1, 0, -5950, -182250]	[[13761, 1607433]]
18	"1450.d2"	1450	[1, 1, 0, 300, -1000]	[[11, 56]]
18	"1450.e1"	1450	[1, 0, 0, -238, -1458]	[[99/2, 615/2]]
18	"1450.e2"	1450	[1, 0, 0, 12, -8]	[[6, 14]]
14	"1450.f1"	1450	[1, -1, 1, -40, 107]	[[5, 1]]
15	"1450.h2"	1450	[1, 0, 0, 14362, 1966892]	[[-566/3, 25238/3]]
12	"1454.b1"	1454	[1, 0, 0, -2, -4]	[[2, 0]]
12	"1455.d1"	1455	[1, 1, 0, -47, -144]	[[32, 164]]
12	"1455.d2"	1455	[1, 1, 0, -2, -351]	[[8, 11]]
9	"1456.d3"	1456	[0, -1, 0, 112, 448]	[[24, 128]]
16	"1456.i1"	1456	[0, 0, 0, -946139, -354106230]	[[-14169/5, 34146/5]]
16	"1456.i3"	1456	[0, 0, 0, -68059, -3752310]	[[-65, 630]]
16	"1456.i4"	1456	[0, 0, 0, 13861, -426358]	[[31, 182]]
12	"1456.k2"	1456	[0, -1, 0, -117, -451]	[[68, 549]]
10	"1460.a1"	1460	[0, -1, 0, -121, -474]	[[7057/12, 570223/12]]
10	"1460.a2"	1460	[0, -1, 0, -116, -520]	[[193, 2670]]
12	"1464.a1"	1464	[0, -1, 0, -316224, 68550300]	[[446, 4004]]
12	"1464.a2"	1464	[0, -1, 0, -20984, 936924]	[[-42, 1320]]
12	"1464.a3"	1464	[0, -1, 0, -19764, 1076004]	[[80, 22]]
12	"1464.a4"	1464	[0, -1, 0, -1159, 19240]	[[81, 671]]
15	"1464.c1"	1464	[0, -1, 0, 0, -36]	[[6, 12]]
14	"1464.e2"	1464	[0, 1, 0, -4, 80]	[[4, 12]]
10	"1466.a1"	1466	[1, 0, 1, -11, -14]	[[-2, 1]]
6	"1468.a1"	1468	[0, 1, 0, 2, -3]	[[1, 1]]
12	"1470.d1"	1470	[1, 1, 0, -261342, 51314796]	[[297, -81]]
12	"1470.d2"	1470	[1, 1, 0, -22222, 164284]	[[3, 311]]
12	"1470.d3"	1470	[1, 1, 0, -16342, 795796]	[[27, 599]]
12	"1470.d4"	1470	[1, 1, 0, -14137, -652889]	[[-69, 37]]
12	"1470.d5"	1470	[1, 1, 0, -3357, 63099]	[[55, 193]]
12	"1470.d6"	1470	[1, 1, 0, -907, -9911]	[[-20, 37]]
12	"1470.d7"	1470	[1, 1, 0, -662, 21204]	[[13, 116]]
12	"1470.d8"	1470	[1, 1, 0, 73, -699]	[[10, 29]]
16	"1470.j1"	1470	[1, 1, 1, -94119201, 351412332249]	[[10868973/44, -91255899/44]]
16	"1470.j2"	1470	[1, 1, 1, -5882451, 5488977549]	[[1431, 1308]]
16	"1470.j3"	1470	[1, 1, 1, -5845701, 5560992849]	[[19221/4, 1020837/4]]
16	"1470.j4"	1470	[1, 1, 1, -738431, -244478347]	[[-491, 98]]
16	"1470.j5"	1470	[1, 1, 1, -369951, 84522549]	[[181, 4760]]
16	"1470.j6"	1470	[1, 1, 1, -52431, -2731947]	[[451, 7874]]
16	"1470.j7"	1470	[1, 1, 1, 10289, -298411]	[[41, 420]]
16	"1470.j8"	1470	[1, 1, 1, 62229, 270705693]	[[867, 30828]]
12	"1472.j1"	1472	[0, 1, 0, -73, 271]	[[-6, 23]]
12	"1472.j2"	1472	[0, 1, 0, 7, -1]	[[2, 5]]
16	"1475.a1"	1475	[1, 0, 0, -513, -2108]	[[27, 49]]
16	"1475.a2"	1475	[1, 0, 0, 112, -233]	[[3, 10]]
16	"1475.b1"	1475	[1, 1, 0, -20, -25]	[[10, 25]]
16	"1475.b2"	1475	[1, 1, 0, 5, 0]	[[16/3, 92/3]]
15	"1479.c2"	1479	[0, 1, 1, 39320, -6363488]	[[257149/30, 143564543/30]]
12	"1479.f1"	1479	[1, 0, 1, 8, -1]	[[1, 2]]
12	"1480.b1"	1480	[0, 1, 0, -60, 160]	[[3, 4]]
12	"1480.b2"	1480	[0, 1, 0, -40, 288]	[[-4, 20]]
12	"1482.c2"	1482	[1, 0, 1, -168147, -15399890]	[[479, 3504]]
12	"1482.c3"	1482	[1, 0, 1, -147667, -21846994]	[[-224, 53]]
18	"1482.j1"	1482	[1, 0, 0, -11865912, -15733564044]	[[14024, 1597994]]
12	"1484.b1"	1484	[0, 0, 0, -55, -114]	[[-5, 6]]
12	"1484.b2"	1484	[0, 0, 0, -20, 33]	[[2, 1]]
6	"1488.a1"	1488	[0, -1, 0, 8, -89]	[[19, 81]]
14	"1488.b1"	1488	[0, -1, 0, -2, -9]	[[5, 9]]
15	"1494.d1"	1494	[1, -1, 1, -77, -763]	[[21, 70]]
12	"1495.c1"	1495	[0, 1, 1, -88535, -10341429]	[[1421/2, 14231/2]]
18	"1495.d1"	1495	[1, 0, 1, -13, 13]	[[-1, 5]]
12	"1497.a1"	1497	[1, 0, 0, -502, 21551]	[[107, 1040]]
8	"1497.b1"	1497	[1, 0, 1, -15, -23]	[[5, 3]]
16	"1498.a1"	1498	[1, -1, 0, -1141, -14553]	[[179/2, 1021/2]]
16	"1498.a2"	1498	[1, -1, 0, -71, -215]	[[18, 55]]
16	"1509.a1"	1509	[1, 0, 0, -11, 12]	[[1, 1]]
14	"1512.g1"	1512	[0, 0, 0, -12, -12]	[[-2, 2]]
12	"1520.b1"	1520	[0, 1, 0, -921, -10346]	[[62, 418]]
12	"1520.b2"	1520	[0, 1, 0, 884, -44280]	[[229/2, 3553/2]]
8	"1520.c1"	1520	[0, 1, 0, -20, -20]	[[-2, 4]]
8	"1520.c2"	1520	[0, 1, 0, 5, 0]	[[4, 10]]
8	"1520.f1"	1520	[0, 0, 0, -2027, -35126]	[[2089/6, 44605/6]]
8	"1520.f2"	1520	[0, 0, 0, -227, 434]	[[-11, 40]]
8	"1520.f3"	1520	[0, 0, 0, -127, -546]	[[97/2, 825/2]]
8	"1520.f4"	1520	[0, 0, 0, -2, -21]	[[23, 110]]
12	"1520.g1"	1520	[0, 1, 0, 24, -76]	[[4, 10]]
16	"1520.h1"	1520	[0, -1, 0, -416660, 103658192]	[[364, 300]]
16	"1520.h2"	1520	[0, -1, 0, -26035, 1626942]	[[381/2, 375/2]]
12	"1521.c1"	1521	[0, 0, 1, 0, -88]	[[12, 40]]
12	"1521.c2"	1521	[0, 0, 1, 0, 3]	[[-1, 1]]
18	"1522.a1"	1522	[1, 1, 0, -186, -1036]	[[-77/3, -7/3]]
18	"1522.a2"	1522	[1, 1, 0, -26, 20]	[[-5, 10]]
12	"1522.b1"	1522	[1, 1, 1, -277, 1659]	[[9, -4]]
12	"1522.c1"	1522	[1, 0, 0, -44, -112]	[[-4, 4]]
9	"1526.b3"	1526	[1, 0, 1, 73140, 2049930]	[[-65/6, 299219/6]]
15	"1526.f1"	1526	[1, 1, 1, -5060, -142437]	[[191191/30, 75493021/30]]
12	"1530.c1"	1530	[1, -1, 0, -471645, 124790571]	[[213, 5721]]
12	"1530.c3"	1530	[1, -1, 0, -5895, 168021]	[[57, 93]]
8	"1530.d1"	1530	[1, -1, 0, -58869, 5512333]	[[137, -1]]
8	"1530.d2"	1530	[1, -1, 0, -3789, 81445]	[[66, 307]]
8	"1530.d3"	1530	[1, -1, 0, -909, -8987]	[[-13, 29]]
8	"1530.d4"	1530	[1, -1, 0, 5211, 403645]	[[21, 712]]
14	"1530.e1"	1530	[1, -1, 0, -1329954, 590670260]	[[671, -123]]
16	"1530.f1"	1530	[1, -1, 0, -1674, 26730]	[[21, 12]]
16	"1530.f2"	1530	[1, -1, 0, -1494, -21762]	[[-21, 6]]
16	"1530.f3"	1530	[1, -1, 0, -144, 108]	[[-6, 30]]
16	"1530.f4"	1530	[1, -1, 0, 36, 0]	[[4, 12]]
16	"1530.i1"	1530	[1, -1, 1, -104423, 13014047]	[[183, -2]]
10	"1530.j1"	1530	[1, -1, 1, -68, -169]	[[-5, 7]]
10	"1530.j2"	1530	[1, -1, 1, 112, -1033]	[[13, 43]]
14	"1530.m1"	1530	[1, -1, 1, -4157, 103381]	[[41, 4]]
12	"1533.a1"	1533	[0, 1, 1, -231, -3211]	[[39, 220]]
14	"1534.b1"	1534	[1, 1, 0, 206, 1076]	[[-1, 30]]
16	"1535.a1"	1535	[0, -1, 1, -13930, 637478]	[[69, 7]]
12	"1539.a1"	1539	[0, 0, 1, -27, 74]	[[3, 4]]
10	"1539.b1"	1539	[1, -1, 1, -14, -18]	[[6, 6]]
15	"1539.c1"	1539	[1, -1, 1, -779, 8558]	[[16, -6]]
14	"1539.e1"	1539	[1, -1, 0, -123, 602]	[[2, 18]]
12	"1539.f1"	1539	[0, 0, 1, -3, -3]	[[9/2, 7/2]]
8	"1542.b1"	1542	[1, 1, 1, -423, 3165]	[[13, 2]]
8	"1542.b2"	1542	[1, 1, 1, -263, 5789]	[[-3, 82]]
16	"1547.a2"	1547	[1, 0, 0, 52, 13]	[[4, 15]]
12	"1549.a1"	1549	[1, -1, 1, -1, -2]	[[2, 0]]
10	"1550.a1"	1550	[1, 0, 1, -26651, -1676802]	[[212, 1381]]
12	"1550.c1"	1550	[1, -1, 0, -8267, 291391]	[[55, 1]]
12	"1550.c2"	1550	[1, -1, 0, -767, -109]	[[29, 23]]
12	"1550.c3"	1550	[1, -1, 0, -517, 4641]	[[5, 44]]
12	"1550.c4"	1550	[1, -1, 0, -17, 141]	[[-1, 13]]
12	"1554.a1"	1554	[1, 1, 0, 53, -707]	[[9, 20]]
16	"1554.b1"	1554	[1, 0, 1, -11673, -474308]	[[-61, 138]]
16	"1554.b2"	1554	[1, 0, 1, 167, -24388]	[[64, 467]]
12	"1554.c2"	1554	[1, 0, 1, -1382, 19640]	[[20, 0]]
12	"1554.c3"	1554	[1, 0, 1, -1142, 26744]	[[41, 201]]
12	"1554.c4"	1554	[1, 0, 1, -102, 184]	[[-2, 20]]
16	"1554.h1"	1554	[1, 1, 1, -9478, -30781]	[[-89, 387]]
16	"1554.h2"	1554	[1, 1, 1, 2362, -2365]	[[33, 319]]
18	"1554.l1"	1554	[1, 0, 0, -159177, -34893381]	[[16595/2, 2110831/2]]
18	"1554.l2"	1554	[1, 0, 0, -4767, 127449]	[[48, 75]]
16	"1556.a1"	1556	[0, 0, 0, -32, 68]	[[4, 2]]
12	"1560.a1"	1560	[0, -1, 0, -7696, 261820]	[[54, 28]]
12	"1560.a2"	1560	[0, -1, 0, -7176, -230724]	[[-50, 24]]
12	"1560.a3"	1560	[0, -1, 0, -676, 676]	[[0, 26]]
12	"1560.a4"	1560	[0, -1, 0, 169, 0]	[[1, 13]]
8	"1560.g1"	1560	[0, 1, 0, -1656, -26400]	[[92, 780]]
8	"1560.g2"	1560	[0, 1, 0, -156, 0]	[[-4, 24]]
8	"1560.g4"	1560	[0, 1, 0, 624, 624]	[[35, 258]]
12	"1566.g1"	1566	[1, -1, 0, -6, 4]	[[0, 2]]
16	"1568.c1"	1568	[0, 1, 0, -72, -260]	[[11, 20]]
16	"1568.c2"	1568	[0, 1, 0, -2, -8]	[[4, 8]]
12	"1568.e2"	1568	[0, 0, 0, -539, 4802]	[[-14, 98]]
12	"1568.e3"	1568	[0, 0, 0, -49, 0]	[[25, 120]]
16	"1568.g1"	1568	[0, -1, 0, -3544, 82104]	[[361/3, 1448/3]]
16	"1568.g2"	1568	[0, -1, 0, -114, 2528]	[[2, 48]]
16	"1569.a1"	1569	[0, -1, 1, -3, 11]	[[3, 4]]
8	"1570.b1"	1570	[1, -1, 0, -2000, -31250]	[[-251/3, 1658/3]]
8	"1570.b2"	1570	[1, -1, 0, -430, 2976]	[[7, 13]]
8	"1570.b3"	1570	[1, -1, 0, -410, 3300]	[[8, 18]]
8	"1570.b4"	1570	[1, -1, 0, 820, 16226]	[[257, 4013]]
12	"1570.c1"	1570	[1, 0, 0, -31391, -3185075]	[[61763/14, 11286409/14]]
12	"1570.c2"	1570	[1, 0, 0, -1011, 12385]	[[18, 1]]
12	"1570.c3"	1570	[1, 0, 0, 3149, 66081]	[[66, 717]]
16	"1575.c1"	1575	[1, -1, 1, -176405, 28561722]	[[243, -115]]
16	"1575.c2"	1575	[1, -1, 1, -11030, 447972]	[[68, 60]]
16	"1575.c3"	1575	[1, -1, 1, -8780, -312528]	[[-51, 0]]
16	"1575.c5"	1575	[1, -1, 1, -905, 2472]	[[-6, 90]]
16	"1575.c6"	1575	[1, -1, 1, 220, 222]	[[8, 45]]
12	"1575.d1"	1575	[1, -1, 1, -65, 162]	[[8, 6]]
12	"1575.d2"	1575	[1, -1, 1, 10, 12]	[[0, 3]]
6	"1575.i1"	1575	[1, -1, 0, -162, -729]	[[30, 129]]
12	"1575.j1"	1575	[1, -1, 0, -582, -3799]	[[-16, 43]]
12	"1575.j2"	1575	[1, -1, 0, 93, -424]	[[8, 24]]
12	"1578.b1"	1578	[1, 0, 1, -27, 40]	[[4, -1]]
12	"1578.b2"	1578	[1, 0, 1, 3, 4]	[[1, 2]]
8	"1578.c1"	1578	[1, 0, 1, -3451, 77726]	[[34, -16]]
8	"1578.c2"	1578	[1, 0, 1, -211, 1262]	[[7, 8]]
8	"1580.a1"	1580	[0, 0, 0, -463, -3738]	[[1986, 88500]]
8	"1580.a2"	1580	[0, 0, 0, -68, 133]	[[-9, 4]]
8	"1582.a1"	1582	[1, -1, 1, -2461, -46303]	[[243, 3574]]
8	"1582.a2"	1582	[1, -1, 1, -201, -199]	[[17, 24]]
8	"1582.a3"	1582	[1, -1, 1, -121, 537]	[[9, 6]]
8	"1582.a4"	1582	[1, -1, 1, 779, -2159]	[[55/3, 1334/3]]
16	"1585.b1"	1585	[1, -1, 1, -33, -64]	[[22, 86]]
16	"1585.b2"	1585	[1, -1, 1, -28, -88]	[[8, 8]]
10	"1586.a1"	1586	[1, 1, 0, -111, 613]	[[-3, 32]]
16	"1587.e1"	1587	[1, 0, 1, -8211, 284719]	[[1699/6, 6433/6]]
16	"1587.e2"	1587	[1, 0, 1, -276, 8581]	[[343, 6176]]
8	"1590.c1"	1590	[1, 1, 0, -3200058, -2204690988]	[[234059753/319, 1621068070669/319]]
8	"1590.c2"	1590	[1, 1, 0, -200058, -34490988]	[[-6421/5, 38223/5]]
8	"1590.c3"	1590	[1, 1, 0, -149178, -52390572]	[[5583059/55, 12694554813/55]]
8	"1590.c4"	1590	[1, 1, 0, -15738, -244332]	[[-93, 699]]
8	"1590.f1"	1590	[1, 0, 1, -294, -1958]	[[-10, 6]]
8	"1590.f2"	1590	[1, 0, 1, -24, -14]	[[-4, 6]]
16	"1590.i1"	1590	[1, 0, 1, -2803, -42802]	[[-26, 125]]
16	"1590.i2"	1590	[1, 0, 1, 6917, -272194]	[[100, 1142]]
8	"1590.j1"	1590	[1, 1, 1, -136, -667]	[[17, 39]]
8	"1590.j2"	1590	[1, 1, 1, -106, -931]	[[67/2, 317/2]]
16	"1590.o1"	1590	[1, 1, 1, -650, -5833]	[[-13, 31]]
16	"1590.o2"	1590	[1, 1, 1, -170, 695]	[[3, 13]]
14	"1596.a1"	1596	[0, -1, 0, -1468, -14696]	[[-30, 38]]
14	"1596.a2"	1596	[0, -1, 0, 247, -1662]	[[7, 19]]
16	"1598.a1"	1598	[1, -1, 1, -1009, 12581]	[[347/2, 5701/2]]
16	"1598.a2"	1598	[1, -1, 1, -409, -2955]	[[43, 218]]
16	"1598.a3"	1598	[1, -1, 1, -69, 173]	[[9, 10]]
16	"1598.a4"	1598	[1, -1, 1, 11, 13]	[[1, 4]]
12	"1600.c1"	1600	[0, 1, 0, -4133, -103637]	[[143, 1500]]
12	"1600.c2"	1600	[0, 1, 0, -3633, -129137]	[[253, 3900]]
12	"1600.c3"	1600	[0, 1, 0, -133, 363]	[[-2, 25]]
12	"1600.c4"	1600	[0, 1, 0, 367, 2863]	[[13, 100]]
16	"1600.d1"	1600	[0, 1, 0, -113, -497]	[[-6, 1]]
16	"1600.d2"	1600	[0, 1, 0, -13, 3]	[[-2, 5]]
8	"1600.e1"	1600	[0, 1, 0, -633, 5863]	[[18, 25]]
8	"1600.e2"	1600	[0, 1, 0, -8, 238]	[[13, 50]]
12	"1600.l1"	1600	[0, 0, 0, -500, 0]	[[-4, 44]]
12	"1600.l2"	1600	[0, 0, 0, 125, 0]	[[121/2, 1419/2]]
12	"1600.m1"	1600	[0, 0, 0, -20, 0]	[[5, 5]]
12	"1600.m2"	1600	[0, 0, 0, 5, 0]	[[20, 90]]
16	"1600.o1"	1600	[0, 0, 0, -10700, -426000]	[[4360/3, 280700/3]]
16	"1600.o2"	1600	[0, 0, 0, -700, -6000]	[[-19, 21]]
16	"1600.o3"	1600	[0, 0, 0, -200, 1000]	[[6, 4]]
15	"1600.p2"	1600	[0, 1, 0, -4833, -157537]	[[247, 3712]]
15	"1600.p4"	1600	[0, 1, 0, 35167, 1162463]	[[2183, 102400]]
16	"1600.t1"	1600	[0, -1, 0, -633, -5863]	[[32, 75]]
16	"1600.t2"	1600	[0, -1, 0, -8, -238]	[[187, 2550]]
16	"1600.u1"	1600	[0, -1, 0, -2833, -56463]	[[4467, 298500]]
16	"1600.u2"	1600	[0, -1, 0, -333, 1037]	[[-19, 12]]
12	"1602.c1"	1602	[1, -1, 1, -6161, -184575]	[[-45, 24]]
12	"1602.c2"	1602	[1, -1, 1, -401, -2559]	[[-9, 20]]
14	"1605.a1"	1605	[0, -1, 1, -6, -4]	[[-1, 0]]
18	"1605.c1"	1605	[0, 1, 1, -625, -6224]	[[-59/2, 11/2]]
18	"1605.c2"	1605	[0, 1, 1, -25, 31]	[[-5, 7]]
12	"1610.a1"	1610	[1, -1, 0, -15610, -746700]	[[2215/2, 99035/2]]
12	"1610.a2"	1610	[1, -1, 0, -890, -13644]	[[548, 12526]]
12	"1610.c1"	1610	[1, 0, 0, -1691, -26675]	[[50, 95]]
12	"1610.c2"	1610	[1, 0, 0, -441, -64925]	[[1675/6, 22145/6]]
12	"1610.c3"	1610	[1, 0, 0, -151, 681]	[[8, -3]]
12	"1610.c4"	1610	[1, 0, 0, 49, 2401]	[[-12, 17]]
14	"1610.d1"	1610	[1, 0, 0, -25120, -1116288]	[[-116, 548]]
14	"1610.e1"	1610	[1, -1, 1, -1348, 6631]	[[-5, 117]]
12	"1610.f1"	1610	[1, -1, 1, -36598, 2703961]	[[113, -15]]
12	"1610.f2"	1610	[1, -1, 1, -2298, 42281]	[[15, 97]]
12	"1610.f4"	1610	[1, -1, 1, 2, 121401]	[[61, 557]]
16	"1610.g1"	1610	[1, -1, 1, -8587, -304111]	[[1749/4, 11413/4]]
16	"1610.g2"	1610	[1, -1, 1, -537, -4651]	[[59, 378]]
16	"1610.g3"	1610	[1, -1, 1, -487, -5591]	[[2119/6, 81833/6]]
14	"1611.b1"	1611	[1, -1, 1, 13, 20]	[[0, 4]]
16	"1611.g1"	1611	[1, -1, 0, -27, 38]	[[-2, 10]]
16	"1611.g2"	1611	[1, -1, 0, -12, -13]	[[19/2, 17/2]]
14	"1611.h1"	1611	[0, 0, 1, -3063, -65385]	[[1673/2, 67793/2]]
14	"1611.h2"	1611	[0, 0, 1, 22047, 1096965]	[[-127/2, 4829/2]]
10	"1612.a1"	1612	[0, 1, 0, 6, -11]	[[5, 13]]
10	"1615.a1"	1615	[0, 1, 1, 0, 4]	[[1, 2]]
14	"1615.c1"	1615	[0, -1, 1, -305, -2022]	[[24, 62]]
10	"1616.a1"	1616	[0, 1, 0, -129, 523]	[[6, 1]]
12	"1620.b1"	1620	[0, 0, 0, -63, 198]	[[6, 6]]
12	"1620.b2"	1620	[0, 0, 0, 297, 702]	[[-2, 10]]
9	"1620.d1"	1620	[0, 0, 0, -3672, -85644]	[[-35, 1]]
12	"1620.e1"	1620	[0, 0, 0, -567, -5346]	[[250/3, 496/3]]
15	"1620.f1"	1620	[0, 0, 0, -60912, -5786316]	[[-1283/3, 35/3]]
12	"1624.a1"	1624	[0, 1, 0, -504, 3136]	[[0, 56]]
12	"1624.a2"	1624	[0, 1, 0, 76, 352]	[[-2, 14]]
12	"1632.d2"	1632	[0, -1, 0, -448, -3800]	[[525/2, 11815/2]]
16	"1632.f1"	1632	[0, -1, 0, -1632, -24840]	[[857/4, 12565/4]]
16	"1632.f3"	1632	[0, -1, 0, -102, -360]	[[44, 280]]
16	"1632.f4"	1632	[0, -1, 0, -17, -1023]	[[13, 28]]
12	"1632.j1"	1632	[0, 1, 0, -458, 3624]	[[13, 6]]
12	"1632.j2"	1632	[0, 1, 0, -448, 3800]	[[2, 54]]
12	"1634.a1"	1634	[1, 0, 1, 8, 6]	[[1, 3]]
14	"1634.c1"	1634	[1, 0, 0, -164, 1808]	[[32, 156]]
8	"1638.d1"	1638	[1, -1, 0, -3753, -87561]	[[-35, 18]]
8	"1638.d2"	1638	[1, -1, 0, -243, -1215]	[[-9, 18]]
8	"1638.d3"	1638	[1, -1, 0, -63, 189]	[[3, 3]]
8	"1638.d4"	1638	[1, -1, 0, 387, -6885]	[[33, 186]]
12	"1638.e1"	1638	[1, -1, 0, -1932, -14896]	[[56, 196]]
12	"1638.e2"	1638	[1, -1, 0, -957, 11637]	[[-9, 144]]
15	"1638.l2"	1638	[1, -1, 1, -1094, 133589]	[[27, 337]]
15	"1638.l3"	1638	[1, -1, 1, 121, -4921]	[[81, 688]]
12	"1640.a2"	1640	[0, 1, 0, -55, -150]	[[-5, 5]]
12	"1640.b1"	1640	[0, 1, 0, -120, 448]	[[8, 8]]
8	"1641.c1"	1641	[0, 1, 1, 18246, 1528796]	[[948, 29524]]
15	"1641.d1"	1641	[0, -1, 1, -3, 92]	[[12, 40]]
16	"1644.a1"	1644	[0, 1, 0, 3, 36]	[[3, 9]]
8	"1645.a1"	1645	[0, 1, 1, -5, -9]	[[3, 3]]
14	"1651.a1"	1651	[0, 0, 1, 16, 6]	[[0, 2]]
12	"1656.a1"	1656	[0, 0, 0, -507, 4070]	[[19, 36]]
12	"1656.d1"	1656	[0, 0, 0, -419835, -104704666]	[[13315, 1534572]]
18	"1656.e1"	1656	[0, 0, 0, -315, -1674]	[[30, 126]]
18	"1656.e2"	1656	[0, 0, 0, 45, -162]	[[6, 18]]
12	"1656.f1"	1656	[0, 0, 0, -26499, -1660322]	[[4706/5, 18396/5]]
12	"1656.f3"	1656	[0, 0, 0, -1659, -25850]	[[122, 1260]]
12	"1656.f4"	1656	[0, 0, 0, -39, -902]	[[14, 36]]
16	"1659.a2"	1659	[1, 0, 0, -109, -376]	[[-7, 11]]
16	"1659.a3"	1659	[1, 0, 0, -104, -417]	[[19, 58]]
16	"1659.a4"	1659	[1, 0, 0, 206, -2077]	[[14, 53]]
12	"1664.c1"	1664	[0, 1, 0, -34, 66]	[[-1, 10]]
12	"1664.f1"	1664	[0, 1, 0, -137, -665]	[[18, 55]]
12	"1664.f2"	1664	[0, 1, 0, -7, -15]	[[5, 10]]
12	"1664.i1"	1664	[0, -1, 0, -185, 1033]	[[9, 4]]
12	"1664.l1"	1664	[0, 1, 0, -46, 106]	[[3, 2]]
6	"1664.o2"	1664	[0, -1, 0, -19039, 1017759]	[[75, 78]]
12	"1664.p1"	1664	[0, -1, 0, -34, -66]	[[733/6, 18415/6]]
12	"1665.a1"	1665	[0, 0, 1, 27, 74]	[[3, 13]]
12	"1665.b1"	1665	[1, -1, 1, -32, 74]	[[-6, 7]]
12	"1665.b2"	1665	[1, -1, 1, 13, 236]	[[4, 16]]
12	"1665.d1"	1665	[0, 0, 1, -1771248, 907333974]	[[878, 5386]]
12	"1665.d2"	1665	[0, 0, 1, -21648, 1270809]	[[473, 9841]]
16	"1665.e1"	1665	[0, 0, 1, -12, 765]	[[-7, 22]]
16	"1666.b2"	1666	[1, 0, 1, 1542, 4652]	[[29, 257]]
14	"1666.e1"	1666	[1, -1, 0, -401, -1261]	[[-5, 27]]
12	"1666.g1"	1666	[1, 1, 0, -4, -6]	[[3, 3]]
12	"1666.g2"	1666	[1, 1, 0, 31, 29]	[[7, 22]]
12	"1666.j1"	1666	[1, -1, 1, -25906, 1610655]	[[351/2, 331/2]]
12	"1666.j2"	1666	[1, -1, 1, -1896, 16391]	[[81, 583]]
12	"1666.j4"	1666	[1, -1, 1, 6434, 116351]	[[2083/6, 171743/6]]
18	"1666.k1"	1666	[1, -1, 1, 407, -43095]	[[135, 1500]]
9	"1674.c1"	1674	[1, -1, 0, -30417, -2033443]	[[338, 4951]]
15	"1674.d1"	1674	[1, -1, 0, -36, 80]	[[8, 12]]
15	"1674.i1"	1674	[1, -1, 1, -9425, -349811]	[[-2009/6, 5929/6]]
15	"1674.i3"	1674	[1, -1, 1, -125, -379]	[[-5, 12]]
12	"1675.d2"	1675	[0, -1, 1, 37, 88]	[[-2, 1]]
14	"1677.a2"	1677	[1, 1, 1, -7, -4]	[[-2, 3]]
16	"1677.b2"	1677	[1, 0, 0, -7, -40]	[[5, 5]]
12	"1680.c1"	1680	[0, -1, 0, -656, -6240]	[[-14, 2]]
12	"1680.c2"	1680	[0, -1, 0, -56, 0]	[[-4, 12]]
12	"1680.c3"	1680	[0, -1, 0, -36, 96]	[[5, 4]]
12	"1680.c4"	1680	[0, -1, 0, 224, -224]	[[10, 54]]
12	"1680.f1"	1680	[0, -1, 0, -1800, 30000]	[[26, 10]]
12	"1680.f2"	1680	[0, -1, 0, -120, 432]	[[2, 14]]
12	"1680.f3"	1680	[0, -1, 0, -40, -80]	[[-3, 2]]
12	"1680.f4"	1680	[0, -1, 0, 280, 2352]	[[2, 54]]
12	"1680.g1"	1680	[0, -1, 0, -5619720, 5129544432]	[[1538, 11050]]
12	"1680.g2"	1680	[0, -1, 0, -351240, 80233200]	[[2, 8918]]
12	"1680.g3"	1680	[0, -1, 0, -325640, 92398320]	[[842, 20358]]
12	"1680.g5"	1680	[0, -1, 0, -23560, 1065712]	[[-3, 1066]]
12	"1680.g6"	1680	[0, -1, 0, -9240, -176400]	[[-70, 350]]
12	"1680.g7"	1680	[0, -1, 0, -7960, -270608]	[[-51, 10]]
12	"1680.g8"	1680	[0, -1, 0, 30760, -1328400]	[[90, 1470]]
16	"1680.h1"	1680	[0, -1, 0, -6720, -209808]	[[97, 204]]
16	"1680.h3"	1680	[0, -1, 0, -600, 0]	[[-3, 42]]
16	"1680.h4"	1680	[0, -1, 0, -420, -3168]	[[52, 336]]
16	"1680.h5"	1680	[0, -1, 0, -15, -90]	[[118/3, 1144/3]]
16	"1680.h6"	1680	[0, -1, 0, 2400, -2400]	[[10, 150]]
16	"1680.m1"	1680	[0, 1, 0, -1736, -26796]	[[-20, 18]]
16	"1680.m2"	1680	[0, 1, 0, -336, 1764]	[[0, 42]]
16	"1680.m3"	1680	[0, 1, 0, -316, 2060]	[[11, 6]]
16	"1680.m4"	1680	[0, 1, 0, 744, 11700]	[[-6, 84]]
16	"1680.p1"	1680	[0, 1, 0, -24400, 1458548]	[[92, 30]]
16	"1680.p2"	1680	[0, 1, 0, -1720, 16100]	[[8, 54]]
16	"1680.p3"	1680	[0, 1, 0, -740, -7812]	[[-17, 12]]
16	"1680.p4"	1680	[0, 1, 0, -735, -7920]	[[48, 264]]
16	"1680.p5"	1680	[0, 1, 0, 160, -24732]	[[43, 252]]
16	"1680.p6"	1680	[0, 1, 0, 5280, 119700]	[[15, 450]]
12	"1682.a1"	1682	[1, 0, 1, -47, -126]	[[-4, 2]]
9	"1682.d1"	1682	[1, 0, 1, -382673, -91764536]	[[18889/5, 841652/5]]
9	"1682.d2"	1682	[1, 0, 1, 4187, 173584]	[[563, 13174]]
12	"1690.b1"	1690	[1, -1, 0, -234350, -43607680]	[[101917/12, 20173639/12]]
12	"1690.b2"	1690	[1, -1, 0, -14650, -678300]	[[-281/2, 455/2]]
15	"1690.g1"	1690	[1, 0, 0, -10, 12]	[[2, 0]]
6	"1695.c1"	1695	[0, 1, 1, 189, 2645]	[[31/3, 1549/3]]
14	"1695.d1"	1695	[0, 1, 1, 19, -19]	[[7, 22]]
12	"1696.d1"	1696	[0, 1, 0, 15, -1]	[[1, 4]]
12	"1700.a1"	1700	[0, -1, 0, -188, -968]	[[18, 34]]
12	"1700.a2"	1700	[0, -1, 0, 12, -8]	[[1, 2]]
12	"1700.c1"	1700	[0, 1, 0, -4708, -130412]	[[46447/21, 6887672/21]]
12	"1700.c2"	1700	[0, 1, 0, 292, -412]	[[92, 902]]
10	"1704.a1"	1704	[0, -1, 0, -104, -276]	[[13, 20]]
10	"1704.a2"	1704	[0, -1, 0, 16, -36]	[[5, 12]]
12	"1704.c1"	1704	[0, 1, 0, -27264, 1723680]	[[405/2, 855/2]]
12	"1704.c2"	1704	[0, 1, 0, -2064, 14112]	[[51, 210]]
12	"1704.c3"	1704	[0, 1, 0, -1704, 26496]	[[27, 30]]
12	"1704.c4"	1704	[0, 1, 0, -84, 576]	[[0, 24]]
6	"1710.a1"	1710	[1, -1, 0, -4875, -128539]	[[-37, 6]]
12	"1710.c2"	1710	[1, -1, 0, 0, 76]	[[2, 8]]
12	"1710.e1"	1710	[1, -1, 0, -4432320, -3590548484]	[[44367, 9312250]]
12	"1710.e3"	1710	[1, -1, 0, -277020, -56050304]	[[627, 3743]]
14	"1710.h2"	1710	[1, -1, 0, 81, 173]	[[-1, 10]]
16	"1710.i1"	1710	[1, -1, 0, -5589, 161995]	[[41, 2]]
16	"1710.i2"	1710	[1, -1, 0, -459, 913]	[[-3, 49]]
16	"1710.i3"	1710	[1, -1, 0, -279, -1715]	[[-9, 7]]
16	"1710.i4"	1710	[1, -1, 0, 1791, 5863]	[[17, 194]]
8	"1710.l1"	1710	[1, -1, 1, -8708, 314867]	[[57, 7]]
8	"1710.l2"	1710	[1, -1, 1, -4028, -94669]	[[-35, 67]]
8	"1710.l3"	1710	[1, -1, 1, -608, 3827]	[[3, 43]]
8	"1710.l4"	1710	[1, -1, 1, 112, 371]	[[3, 25]]
10	"1710.m1"	1710	[1, -1, 1, -3593, -45143]	[[-37, 208]]
10	"1710.m2"	1710	[1, -1, 1, 727, -5399]	[[23, 140]]
18	"1710.p2"	1710	[1, -1, 1, -62, -51]	[[-3, 11]]
16	"1710.q2"	1710	[1, -1, 1, -707, 25539]	[[-13, 186]]
9	"1712.d2"	1712	[0, -1, 0, 32, -256]	[[16, 64]]
10	"1714.a1"	1714	[1, 0, 1, -61, -144]	[[-6, 6]]
10	"1714.a2"	1714	[1, 0, 1, -21, 32]	[[-5, 6]]
12	"1714.b1"	1714	[1, -1, 0, -17, -23]	[[6, 5]]
12	"1714.b2"	1714	[1, -1, 0, -7, -57]	[[23/2, 43/2]]
15	"1717.a2"	1717	[0, -1, 1, -600, 5832]	[[19, 30]]
12	"1719.b1"	1719	[1, -1, 0, -108, 81]	[[0, 9]]
12	"1719.b2"	1719	[1, -1, 0, 27, 0]	[[36, 198]]
10	"1722.a1"	1722	[1, 1, 0, -44, 96]	[[4, 0]]
14	"1722.f1"	1722	[1, 0, 1, -43, -490]	[[31, 152]]
16	"1722.i1"	1722	[1, 1, 1, -43939, 3526745]	[[121, -54]]
16	"1722.i2"	1722	[1, 1, 1, -7699, -193159]	[[-59, 274]]
16	"1722.i3"	1722	[1, 1, 1, -2779, 52841]	[[37, 30]]
12	"1725.h1"	1725	[1, 0, 0, -138, 267]	[[11, 5]]
12	"1725.h2"	1725	[1, 0, 0, 487, 2142]	[[13, 97]]
10	"1725.i1"	1725	[0, -1, 1, -113, -427]	[[13, 11]]
16	"1725.k1"	1725	[0, -1, 1, -33, 218]	[[12, 37]]
18	"1725.l1"	1725	[0, 1, 1, -6283, -208331]	[[1133/2, 36497/2]]
18	"1725.l2"	1725	[0, 1, 1, 467, 244]	[[2, 34]]
12	"1725.p1"	1725	[1, 1, 0, -5, 0]	[[4, 6]]
12	"1725.p2"	1725	[1, 1, 0, 20, 25]	[[0, 5]]
15	"1728.d1"	1728	[0, 0, 0, -7884, 357264]	[[82, 512]]
12	"1728.o1"	1728	[0, 0, 0, -1080, 13662]	[[19, 1]]
12	"1731.b1"	1731	[1, 0, 0, -9, 0]	[[3, 0]]
12	"1731.b2"	1731	[1, 0, 0, 36, 9]	[[0, 3]]
12	"1734.b1"	1734	[1, 1, 0, -216900, -29485872]	[[1896, 78924]]
12	"1734.b2"	1734	[1, 1, 0, -73845, 7690221]	[[162, 27]]
12	"1734.b3"	1734	[1, 1, 0, -62285, 10194117]	[[-127, 4073]]
12	"1734.b4"	1734	[1, 1, 0, 522940, -186183984]	[[7295/2, 654223/2]]
12	"1734.c1"	1734	[1, 1, 0, -235, -1667]	[[102, 973]]
12	"1734.c2"	1734	[1, 1, 0, 20, 16]	[[0, 4]]
12	"1734.d1"	1734	[1, 1, 0, -21094, -1153910]	[[885, 25525]]
12	"1734.d3"	1734	[1, 1, 0, -2904, 59040]	[[33, 6]]
12	"1734.f1"	1734	[1, 0, 1, -68066, -7713868]	[[109061/5, 35678901/5]]
10	"1736.a1"	1736	[0, 0, 0, -348619, -79003818]	[[38939/5, 7022988/5]]
18	"1736.b1"	1736	[0, 0, 0, -139, -618]	[[19, 60]]
6	"1737.b1"	1737	[1, -1, 0, -27, 0]	[[12, 30]]
6	"1737.b2"	1737	[1, -1, 0, 108, -81]	[[39/2, 303/2]]
14	"1739.a1"	1739	[0, 0, 1, -1897, -31802]	[[463/3, 2206/3]]
16	"1740.c1"	1740	[0, -1, 0, -125, 570]	[[2, 18]]
16	"1740.c2"	1740	[0, -1, 0, 20, 1672]	[[9, 50]]
15	"1740.e1"	1740	[0, 1, 0, -486, -20115]	[[57, 375]]
15	"1744.b1"	1744	[0, -1, 0, -32, -256]	[[10, 18]]
14	"1745.b1"	1745	[0, -1, 1, -36, 96]	[[3, 2]]
14	"1745.d1"	1745	[0, 0, 1, -13213, -584582]	[[-5384/9, 1198/9]]
14	"1745.e2"	1745	[1, 1, 1, -31, 94]	[[4, 5]]
12	"1746.c1"	1746	[1, -1, 0, -4626, -119948]	[[-39, 22]]
12	"1746.c2"	1746	[1, -1, 0, -306, -1580]	[[-7, 17]]
16	"1746.d1"	1746	[1, -1, 0, -27936, 1804194]	[[103, 56]]
16	"1746.d2"	1746	[1, -1, 0, -1746, 28512]	[[27, 9]]
16	"1746.d3"	1746	[1, -1, 0, -1476, 37422]	[[-23, 254]]
16	"1746.d4"	1746	[1, -1, 0, -126, 324]	[[0, 18]]
16	"1746.e1"	1746	[1, -1, 1, -140, 591]	[[-1, 27]]
16	"1746.e2"	1746	[1, -1, 1, 220, 2895]	[[11, 75]]
10	"1747.a1"	1747	[0, 0, 1, -5, -5]	[[17/2, 53/2]]
9	"1748.a2"	1748	[0, 1, 0, 1363, -35489]	[[490/3, 12167/3]]
16	"1748.f1"	1748	[0, 0, 0, -3061, -65491]	[[631/3, 6859/3]]
12	"1752.b1"	1752	[0, -1, 0, -1, -11]	[[3, 2]]
12	"1752.d2"	1752	[0, -1, 0, -1992, 33660]	[[70/3, 3680/3]]
12	"1752.d4"	1752	[0, -1, 0, 928, 121260]	[[7033/12, 915515/12]]
16	"1752.f1"	1752	[0, 1, 0, 343, 1419]	[[25, 162]]
10	"1752.g2"	1752	[0, 1, 0, -23, 42]	[[3, 3]]
14	"1752.i1"	1752	[0, 1, 0, -308, -1440]	[[22, 54]]
14	"1752.i2"	1752	[0, 1, 0, 57, -126]	[[3, 9]]
8	"1755.b1"	1755	[0, 0, 1, 3, 0]	[[0, 0]]
12	"1755.c1"	1755	[0, 0, 1, -438, 3528]	[[-158/3, 2044/3]]
12	"1755.c2"	1755	[0, 0, 1, -378, 4529]	[[21, 76]]
12	"1755.c3"	1755	[0, 0, 1, 3132, -76552]	[[97/2, 931/2]]
12	"1755.d1"	1755	[0, 0, 1, -3942, -95263]	[[3625/6, 156961/6]]
12	"1755.d2"	1755	[0, 0, 1, -42, -168]	[[90, 851]]
12	"1755.d3"	1755	[0, 0, 1, 348, 2835]	[[-7, 7]]
16	"1755.e1"	1755	[0, 0, 1, 27, -7]	[[1/2, -3/2]]
8	"1757.a1"	1757	[0, 1, 1, -19, 26]	[[2, 0]]
18	"1758.d1"	1758	[1, 1, 1, -15, -16107]	[[91, 818]]
14	"1761.b1"	1761	[0, -1, 1, 1, -4]	[[2, 1]]
12	"1762.a1"	1762	[1, 0, 0, -17, 25]	[[0, 5]]
12	"1762.a2"	1762	[1, 0, 0, 3, 85]	[[2, 9]]
10	"1763.a1"	1763	[0, 1, 1, 1, -2]	[[2, 3]]
18	"1763.d1"	1763	[0, 1, 1, -94, 321]	[[21/2, -3/2]]
12	"1764.d1"	1764	[0, 0, 0, 0, -28]	[[4, 6]]
12	"1764.d2"	1764	[0, 0, 0, 0, 756]	[[-3, 27]]
12	"1764.e1"	1764	[0, 0, 0, -6615, 203742]	[[-66, 594]]
12	"1764.e2"	1764	[0, 0, 0, -735, -7546]	[[-17, 6]]
12	"1764.e4"	1764	[0, 0, 0, 0, 9261]	[[7, 98]]
14	"1768.a1"	1768	[0, 1, 0, -1412, -18752]	[[-18, 34]]
6	"1768.c2"	1768	[0, 0, 0, -10, -3]	[[-2, 3]]
12	"1775.b1"	1775	[0, -1, 1, -2383, -44707]	[[57, 37]]
12	"1775.b2"	1775	[0, -1, 1, 117, -332]	[[32, 187]]
15	"1776.c2"	1776	[0, -1, 0, 32, 256]	[[0, 16]]
16	"1776.i1"	1776	[0, 1, 0, -28, -40]	[[-11/2, 39/2]]
16	"1776.i2"	1776	[0, 1, 0, -13, 14]	[[-2, 6]]
12	"1776.j1"	1776	[0, 1, 0, -188, 924]	[[-2, 36]]
12	"1776.j2"	1776	[0, 1, 0, -3, 36]	[[0, 6]]
12	"1780.a1"	1780	[0, 0, 0, -148, 693]	[[-9, 36]]
12	"1780.a2"	1780	[0, 0, 0, -143, 742]	[[6, 10]]
12	"1780.b1"	1780	[0, -1, 0, -13201, -579414]	[[2215/3, 89623/3]]
12	"1780.b2"	1780	[0, -1, 0, -13196, -579880]	[[934, 28302]]
12	"1785.c1"	1785	[1, 0, 0, -1686, 26505]	[[24, -9]]
12	"1785.c3"	1785	[1, 0, 0, -111, 360]	[[9, 6]]
12	"1785.c4"	1785	[1, 0, 0, 14, 35]	[[-1, 5]]
16	"1785.e1"	1785	[1, 0, 0, -71740, -7387525]	[[490, 8425]]
16	"1785.e2"	1785	[1, 0, 0, -6115, -24400]	[[-55, 410]]
16	"1785.e3"	1785	[1, 0, 0, -3910, 93347]	[[29, 53]]
16	"1785.e4"	1785	[1, 0, 0, -3905, 93600]	[[45, 75]]
16	"1785.e5"	1785	[1, 0, 0, -1785, 194922]	[[63, 546]]
16	"1785.e6"	1785	[1, 0, 0, 24230, -188263]	[[64, 1243]]
10	"1785.f1"	1785	[0, -1, 1, -4759851, 3999274382]	[[1488, 14458]]
14	"1785.g1"	1785	[0, -1, 1, -35, 131]	[[5, 7]]
12	"1785.n1"	1785	[1, 0, 1, -13654, 611777]	[[315/2, 983/2]]
12	"1785.n3"	1785	[1, 0, 1, -1159, 2021]	[[49, 227]]
12	"1785.n4"	1785	[1, 0, 1, 286, 287]	[[55/3, 1192/3]]
18	"1786.d1"	1786	[1, 0, 0, -4899, 131585]	[[-2, 377]]
15	"1790.c1"	1790	[1, 1, 1, -45355, -3735555]	[[-1109/3, 740/3]]
14	"1792.a1"	1792	[0, 1, 0, -525, 4459]	[[14, 7]]
12	"1792.b1"	1792	[0, 1, 0, -29, -5]	[[-3, 8]]
12	"1792.b2"	1792	[0, 1, 0, -19, -39]	[[5, 4]]
12	"1792.c1"	1792	[0, 1, 0, -77, 235]	[[6, 5]]
12	"1794.a1"	1794	[1, 1, 0, -79871, 8655045]	[[157, 48]]
12	"1794.a2"	1794	[1, 1, 0, -4991, 133701]	[[35, 41]]
16	"1794.c1"	1794	[1, 1, 0, -994, -8510]	[[-15, 65]]
12	"1794.g1"	1794	[1, 1, 1, -495, 3561]	[[3, 44]]
12	"1794.h1"	1794	[1, 1, 1, -16303, 794357]	[[67, 58]]
8	"1798.a1"	1798	[1, 1, 0, -70274, 7140596]	[[148, 22]]
12	"1798.b2"	1798	[1, 0, 0, -217, 1209]	[[8, -3]]
8	"1800.d1"	1800	[0, 0, 0, -315, 2150]	[[11, 4]]
14	"1800.g1"	1800	[0, 0, 0, -37875, 1768750]	[[374, 6318]]
10	"1800.i1"	1800	[0, 0, 0, -3075, -65250]	[[70, 250]]
10	"1800.i2"	1800	[0, 0, 0, -75, -2250]	[[30, 150]]
8	"1800.j1"	1800	[0, 0, 0, -255, -1550]	[[-9, 4]]
8	"1800.j2"	1800	[0, 0, 0, -30, 25]	[[0, 5]]
16	"1800.m1"	1800	[0, 0, 0, -86475, 9787750]	[[206, 846]]
16	"1800.m2"	1800	[0, 0, 0, -14475, -670250]	[[-69, 4]]
16	"1800.m3"	1800	[0, 0, 0, -5475, 148750]	[[75, 400]]
16	"1800.m4"	1800	[0, 0, 0, -975, -8750]	[[-19, 54]]
16	"1800.m5"	1800	[0, 0, 0, 150, -875]	[[14, 63]]
16	"1800.m6"	1800	[0, 0, 0, 3525, 589750]	[[30, 850]]
8	"1800.n2"	1800	[0, 0, 0, -45075, 3662750]	[[139, 288]]
8	"1800.n3"	1800	[0, 0, 0, -18075, 8009750]	[[-86, 2988]]
8	"1800.n4"	1800	[0, 0, 0, -4575, -22750]	[[85, 450]]
8	"1800.n5"	1800	[0, 0, 0, -3450, -77875]	[[-34, 11]]
8	"1800.n6"	1800	[0, 0, 0, 17925, -180250]	[[35, 700]]
16	"1800.o1"	1800	[0, 0, 0, -60, 180]	[[6, 6]]
16	"1800.u1"	1800	[0, 0, 0, -70875, -7256250]	[[379, 4508]]
12	"1802.c1"	1802	[1, 0, 0, -1, -3]	[[2, 1]]
9	"1805.a1"	1805	[0, 1, 1, -105171, -9810339]	[[-241, 1263]]
9	"1805.a2"	1805	[0, 1, 1, -36581, 2679900]	[[-78, 2250]]
14	"1806.a1"	1806	[1, 1, 0, -842, -9732]	[[-17, 3]]
12	"1806.d1"	1806	[1, 0, 1, -927, 10774]	[[16, 2]]
12	"1806.d2"	1806	[1, 0, 1, -487, -4090]	[[-12, 13]]
12	"1806.d3"	1806	[1, 0, 1, -67, 110]	[[0, 10]]
12	"1806.d4"	1806	[1, 0, 1, 13, 14]	[[8, 21]]
12	"1806.e2"	1806	[1, 0, 1, -906, 10876]	[[8, 60]]
16	"1806.i1"	1806	[1, 1, 1, -853, -9745]	[[-17, 22]]
16	"1806.i2"	1806	[1, 1, 1, 7, -457]	[[9, 16]]
12	"1808.a1"	1808	[0, 1, 0, -32, 52]	[[4, 2]]
12	"1808.a2"	1808	[0, 1, 0, 48, 340]	[[-4, 10]]
8	"1808.c2"	1808	[0, -1, 0, -80, -64]	[[10, 6]]
9	"1813.b1"	1813	[0, -1, 1, -91793, 10735059]	[[701/2, -3/2]]
12	"1814.a1"	1814	[1, -1, 1, -1, -3]	[[3, 2]]
12	"1817.a1"	1817	[1, 0, 1, -24, -45]	[[-3, 2]]
12	"1824.d1"	1824	[0, -1, 0, -18, -24]	[[7, 12]]
12	"1824.d2"	1824	[0, -1, 0, -8, -60]	[[8, 18]]
8	"1824.g1"	1824	[0, 1, 0, -1824, -30600]	[[75, 510]]
8	"1824.g3"	1824	[0, 1, 0, -114, -504]	[[18, 60]]
8	"1824.g4"	1824	[0, 1, 0, -24, -1188]	[[69/2, 495/2]]
14	"1825.a2"	1825	[1, -1, 1, 95, -278]	[[4, 10]]
12	"1827.b1"	1827	[1, -1, 1, -320, -2100]	[[-10, 9]]
12	"1827.b2"	1827	[1, -1, 1, -5, -84]	[[12, 32]]
16	"1827.d1"	1827	[1, -1, 0, -1841616, -961476971]	[[4503639/50, 4831881187/50]]
16	"1827.d3"	1827	[1, -1, 0, -117306, -14395073]	[[5712231/62, 13073380789/62]]
16	"1827.d4"	1827	[1, -1, 0, -115101, -15001448]	[[5943/2, 438907/2]]
16	"1827.d5"	1827	[1, -1, 0, -7056, -242501]	[[1470, 55517]]
16	"1827.d6"	1827	[1, -1, 0, 112329, -64042160]	[[5047493410335/58838, 11369659432888723585/58838]]
12	"1830.c1"	1830	[1, 0, 1, -654, 6376]	[[-4, 96]]
12	"1830.c2"	1830	[1, 0, 1, -69, 17392]	[[-22, 102]]
10	"1830.e1"	1830	[1, 0, 1, -4978, 133748]	[[49, 65]]
10	"1830.e2"	1830	[1, 0, 1, -98, 4916]	[[-3, 73]]
12	"1840.a1"	1840	[0, 0, 0, -73, -2453]	[[26, 115]]
12	"1840.b1"	1840	[0, -1, 0, 4, -5]	[[3, 5]]
18	"1840.e1"	1840	[0, 0, 0, -8, 12]	[[2, 2]]
12	"1845.a1"	1845	[1, -1, 1, -248, -1434]	[[-9, 6]]
15	"1845.c1"	1845	[0, 0, 1, -432, -3463]	[[27, 67]]
18	"1845.g1"	1845	[1, -1, 0, -189, 1048]	[[12, 14]]
18	"1845.g2"	1845	[1, -1, 0, -144, 1525]	[[-4, 47]]
12	"1849.c1"	1849	[1, 0, 1, -39, -27]	[[-3, 9]]
12	"1850.a2"	1850	[1, 0, 1, 4149, -216202]	[[967/3, 31304/3]]
12	"1850.e1"	1850	[1, -1, 0, -13657, -610899]	[[2199, 101853]]
12	"1850.e2"	1850	[1, -1, 0, -857, -9299]	[[-15, 4]]
12	"1850.f1"	1850	[1, 1, 0, -131875, -18487875]	[[563410/33, 250098685/33]]
12	"1850.f2"	1850	[1, 1, 0, -131375, -18634375]	[[1780, 72535]]
12	"1850.f3"	1850	[1, 1, 0, -1875, -17875]	[[-19, 116]]
12	"1850.f4"	1850	[1, 1, 0, 6125, -121875]	[[30, 285]]
12	"1850.j1"	1850	[1, -1, 1, -341430, -76703803]	[[-337, 171]]
12	"1850.j2"	1850	[1, -1, 1, -21430, -1183803]	[[-87, 171]]
16	"1850.k1"	1850	[1, -1, 1, -9880, -375503]	[[72649/24, 7563175/24]]
16	"1850.k2"	1850	[1, -1, 1, -630, -5503]	[[-53/2, 205/2]]
16	"1850.k3"	1850	[1, -1, 1, -130, 497]	[[-7, 35]]
16	"1850.k4"	1850	[1, -1, 1, 620, -25503]	[[831/2, 23215/2]]
18	"1854.g1"	1854	[1, -1, 1, -128, 675]	[[5, 9]]
18	"1854.i1"	1854	[1, -1, 1, 13, -93]	[[5, 6]]
15	"1856.f2"	1856	[0, -1, 0, 319, -3743]	[[101, 1024]]
18	"1856.n1"	1856	[0, -1, 0, -37, -75]	[[73/3, 260/3]]
14	"1857.a1"	1857	[0, -1, 1, 3, 2]	[[0, 1]]
12	"1860.a1"	1860	[0, -1, 0, -140, 600]	[[10, 10]]
12	"1860.a2"	1860	[0, -1, 0, 15, 42]	[[-1, 5]]
16	"1860.b1"	1860	[0, 1, 0, -300, 900]	[[0, 30]]
16	"1860.b2"	1860	[0, 1, 0, -145, -712]	[[-7, 3]]
12	"1864.a1"	1864	[0, -1, 0, -8, 28]	[[2, 4]]
14	"1865.a1"	1865	[0, -1, 1, -230, -1269]	[[-135/4, -27/4]]
14	"1866.e1"	1866	[1, 1, 0, -2266, 40588]	[[27, -13]]
10	"1866.f1"	1866	[1, 0, 1, -122, 500]	[[8, 3]]
10	"1866.f2"	1866	[1, 0, 1, -2, 20]	[[0, 4]]
14	"1866.h1"	1866	[1, 0, 0, -17, 9]	[[-2, 7]]
10	"1869.a1"	1869	[0, -1, 1, 6, -4]	[[2, 3]]
8	"1872.d1"	1872	[0, 0, 0, -51, -94]	[[-5, 6]]
8	"1872.d2"	1872	[0, 0, 0, 9, -10]	[[2, 4]]
12	"1872.e1"	1872	[0, 0, 0, -7491, -249550]	[[146, 1330]]
12	"1872.e2"	1872	[0, 0, 0, -471, -3850]	[[38, 182]]
12	"1872.e4"	1872	[0, 0, 0, 69, -12166]	[[25, 72]]
14	"1872.f1"	1872	[0, 0, 0, -36, -81]	[[9, 18]]
14	"1872.m1"	1872	[0, 0, 0, -30627, -2263518]	[[217, 1144]]
12	"1872.n1"	1872	[0, 0, 0, -2739, -53822]	[[-31, 36]]
12	"1872.n2"	1872	[0, 0, 0, -399, 1870]	[[30, 130]]
16	"1872.o1"	1872	[0, 0, 0, -459, 2538]	[[19, 26]]
16	"1872.o2"	1872	[0, 0, 0, 81, 270]	[[-2, 10]]
16	"1876.a1"	1876	[0, 1, 0, -5, -4]	[[-1, 1]]
12	"1878.a1"	1878	[1, 1, 0, -134, 540]	[[7, -1]]
12	"1878.a2"	1878	[1, 1, 0, -14, -12]	[[4, 2]]
16	"1878.b1"	1878	[1, 0, 1, -583, -5458]	[[-14, 8]]
16	"1878.b2"	1878	[1, 0, 1, -43, -58]	[[-5, 8]]
15	"1880.a1"	1880	[0, 0, 0, -883, -10082]	[[-17, 4]]
12	"1882.b1"	1882	[1, -1, 0, -47, -113]	[[9, 7]]
15	"1882.d1"	1882	[1, 0, 0, -9, -7]	[[-2, 3]]
8	"1883.a1"	1883	[0, 1, 1, -14, 16]	[[2, 0]]
12	"1884.a1"	1884	[0, 1, 0, -49, -148]	[[8, 6]]
12	"1884.a2"	1884	[0, 1, 0, -4, -364]	[[635, 16014]]
16	"1884.b1"	1884	[0, 1, 0, -68, 36]	[[0, 6]]
16	"1884.b2"	1884	[0, 1, 0, -53, 132]	[[1, 9]]
10	"1885.a2"	1885	[1, 1, 1, -28466, 1837888]	[[86, 144]]
12	"1885.b1"	1885	[0, -1, 1, -2211, -39288]	[[-1314/7, -169/7]]
12	"1885.d1"	1885	[0, 1, 1, -265, -1554]	[[-12, 6]]
12	"1885.d2"	1885	[0, 1, 1, -65, 181]	[[-7, 18]]
6	"1885.e2"	1885	[1, 0, 1, -44, -99]	[[11, 22]]
12	"1886.b1"	1886	[1, 1, 0, -491, -4399]	[[79, 637]]
12	"1886.b2"	1886	[1, 1, 0, -31, -75]	[[-3, 3]]
8	"1886.e1"	1886	[1, -1, 1, -886, -9919]	[[93, 793]]
8	"1886.e2"	1886	[1, -1, 1, -526, 4705]	[[145/3, 175/3]]
8	"1886.e3"	1886	[1, -1, 1, -66, -79]	[[11, 15]]
8	"1886.e4"	1886	[1, -1, 1, 14, -15]	[[3, 5]]
15	"1890.c1"	1890	[1, -1, 0, -219945, 39757665]	[[232, 969]]
15	"1890.c3"	1890	[1, -1, 0, 567525, 211833125]	[[182, 17829]]
15	"1890.j2"	1890	[1, -1, 0, 6, -12]	[[4, 6]]
18	"1890.q2"	1890	[1, -1, 1, 37, -469]	[[25, 112]]
9	"1891.a1"	1891	[1, 1, 1, -51832, -4563578]	[[802, 21290]]
16	"1900.c1"	1900	[0, 0, 0, -2575, -50250]	[[-29, 6]]
16	"1900.c2"	1900	[0, 0, 0, -200, -375]	[[-4, 19]]
10	"1904.c1"	1904	[0, 0, 0, -131, -254]	[[-9, 14]]
10	"1904.c2"	1904	[0, 0, 0, 29, -30]	[[2, 6]]
12	"1904.d2"	1904	[0, 0, 0, -619, 2970]	[[23, 30]]
12	"1904.d4"	1904	[0, 0, 0, 2101, 22010]	[[-65/3, 2170/3]]
12	"1906.a2"	1906	[1, -1, 0, 23, 117]	[[9, 27]]
12	"1910.a1"	1910	[1, -1, 1, -103, -373]	[[15, 28]]
14	"1911.a1"	1911	[0, 1, 1, -1290, -20842]	[[72, 514]]
14	"1911.e1"	1911	[0, 1, 1, 5, 88]	[[2, 10]]
8	"1911.f2"	1911	[1, 0, 1, -957, -10391]	[[-53/2, 55/2]]
8	"1911.f3"	1911	[1, 0, 1, -222, 1075]	[[-1, 36]]
8	"1911.f4"	1911	[1, 0, 1, 23, 95]	[[37/3, 371/3]]
12	"1917.b1"	1917	[0, 0, 1, 918, -32299]	[[135, 1597]]
8	"1918.a1"	1918	[1, 0, 1, -183, 242]	[[-2, 25]]
8	"1918.a2"	1918	[1, 0, 1, -143, 642]	[[6, 0]]
8	"1918.c1"	1918	[1, -1, 0, -1111, 5187]	[[137, 1484]]
8	"1918.c2"	1918	[1, -1, 0, 259, 529]	[[0, 23]]
12	"1918.f1"	1918	[1, -1, 1, -151, -625]	[[-7, 10]]
12	"1918.f2"	1918	[1, -1, 1, 9, -49]	[[7, 14]]
14	"1920.e1"	1920	[0, -1, 0, -41, -39]	[[8, 9]]
6	"1920.g1"	1920	[0, -1, 0, -25, -23]	[[-3, 4]]
6	"1920.g2"	1920	[0, -1, 0, 5, -5]	[[2, 3]]
14	"1920.h2"	1920	[0, -1, 0, 35, 37]	[[4, 15]]
18	"1920.j2"	1920	[0, -1, 0, -8285, 298725]	[[20, 375]]
10	"1920.k2"	1920	[0, -1, 0, 25, -873]	[[14, 45]]
10	"1920.n2"	1920	[0, 1, 0, 9, 9]	[[0, 3]]
14	"1920.o1"	1920	[0, 1, 0, -281, 1719]	[[7, 12]]
14	"1920.s2"	1920	[0, 1, 0, 5, 2093]	[[-4, 45]]
14	"1920.t1"	1920	[0, 1, 0, -1225, 15623]	[[11, 60]]
12	"1922.d1"	1922	[1, -1, 1, -317791, -68874615]	[[25237419818650411/1089534, 3994045625106542444756791/1089534]]
12	"1922.d3"	1922	[1, -1, 1, -19881, -1070299]	[[225517435/103, 3374899848614/103]]
12	"1926.c1"	1926	[1, -1, 0, -636, 6164]	[[10, 22]]
12	"1926.c2"	1926	[1, -1, 0, -96, -208]	[[-4, 12]]
12	"1926.e1"	1926	[1, -1, 1, -71, -205]	[[-5, 4]]
12	"1926.e2"	1926	[1, -1, 1, -11, 11]	[[1, 0]]
16	"1926.f1"	1926	[1, -1, 1, -446, -2739]	[[-13, 33]]
16	"1926.f2"	1926	[1, -1, 1, 994, -17715]	[[35, 225]]
14	"1928.a2"	1928	[0, 0, 0, -59, -410]	[[115/3, 820/3]]
6	"1930.a2"	1930	[1, -1, 0, 241, -1235]	[[6, 17]]
12	"1935.b1"	1935	[1, -1, 1, -83, -268]	[[-5, 3]]
16	"1935.c1"	1935	[1, -1, 1, -1250003, -537603588]	[[9790979/65, 25744593603/65]]
16	"1938.b1"	1938	[1, 1, 0, -19, 25]	[[0, 5]]
16	"1938.b2"	1938	[1, 1, 0, -9, 63]	[[-1, 9]]
8	"1938.e1"	1938	[1, 0, 1, -552, 4936]	[[16, 8]]
8	"1938.e2"	1938	[1, 0, 1, -42, 40]	[[-1, 9]]
8	"1938.e3"	1938	[1, 0, 1, -22, -40]	[[6, 4]]
18	"1938.g1"	1938	[1, 1, 1, -434, 3251]	[[17, 25]]
18	"1938.g2"	1938	[1, 1, 1, -54, -93]	[[-5, 11]]
16	"1938.h1"	1938	[1, 0, 0, -139, -271]	[[14, 17]]
16	"1938.h2"	1938	[1, 0, 0, 501, -1935]	[[18, 105]]
9	"1939.a1"	1939	[1, 0, 0, -97, -378]	[[13, 18]]
10	"1944.a1"	1944	[0, 0, 0, -27, -90]	[[7, 8]]
14	"1946.a1"	1946	[1, -1, 0, -26, -60]	[[8, 10]]
12	"1950.b1"	1950	[1, 1, 0, -29900, -1901250]	[[-85, 230]]
12	"1950.b3"	1950	[1, 1, 0, -150, 4500]	[[5, 60]]
12	"1950.b4"	1950	[1, 1, 0, 1350, -120000]	[[50, 250]]
10	"1950.c2"	1950	[1, 1, 0, 40, 0]	[[1, 6]]
10	"1950.g2"	1950	[1, 0, 1, -222451, -40401202]	[[-272, 149]]
8	"1950.h2"	1950	[1, 0, 1, 99, -1052]	[[17, 66]]
18	"1950.i2"	1950	[1, 0, 1, -16, -22]	[[-2, 2]]
15	"1950.m1"	1950	[1, 0, 1, 49, 1298]	[[27, 136]]
12	"1950.n1"	1950	[1, 1, 1, -2163213, 1223706531]	[[849, -412]]
12	"1950.n3"	1950	[1, 1, 1, -135213, 19074531]	[[225, 212]]
12	"1950.n4"	1950	[1, 1, 1, -7213, 386531]	[[-5, 652]]
18	"1950.v2"	1950	[1, 0, 0, -323, -63]	[[-2, 25]]
16	"1950.w1"	1950	[1, 0, 0, -518488, 143656592]	[[422, 14]]
16	"1950.w2"	1950	[1, 0, 0, -58488, -1851408]	[[-42, 750]]
16	"1950.w3"	1950	[1, 0, 0, -32488, 2230592]	[[8, 1400]]
16	"1950.w4"	1950	[1, 0, 0, -488, 86592]	[[-8, 304]]
9	"1952.b1"	1952	[0, 0, 0, -332, -2752]	[[64, 488]]
9	"1952.d1"	1952	[0, -1, 0, -17, -31]	[[7, 12]]
14	"1953.a1"	1953	[1, -1, 1, -32, -30]	[[8, 9]]
8	"1953.d1"	1953	[0, 0, 1, -54, 182]	[[0, 13]]
16	"1953.e1"	1953	[0, 0, 1, -6, -7]	[[3, 1]]
12	"1953.g2"	1953	[1, -1, 0, -11646, -464265]	[[4615/2, 307375/2]]
12	"1953.g3"	1953	[1, -1, 0, -1881, 22032]	[[1152, 38484]]
12	"1954.a1"	1954	[1, -1, 0, -79, 291]	[[5, -1]]
12	"1954.b1"	1954	[1, -1, 0, -28, -48]	[[-3, 3]]
14	"1956.a1"	1956	[0, -1, 0, 155, 241]	[[16, 81]]
8	"1960.b1"	1960	[0, 1, 0, -11776, -353760]	[[367, 6700]]
8	"1960.b2"	1960	[0, 1, 0, 1944, -35456]	[[24, 160]]
14	"1960.c1"	1960	[0, -1, 0, 1944, -204644]	[[58, 316]]
14	"1960.l1"	1960	[0, 1, 0, 40, 608]	[[-4, 20]]
8	"1961.a1"	1961	[1, -1, 0, -311, -1980]	[[352/3, 5170/3]]
8	"1961.a2"	1961	[1, -1, 0, -46, 87]	[[-241/10, 14603/10]]
8	"1961.a3"	1961	[1, -1, 0, -41, 112]	[[-9/2, 119/2]]
8	"1961.a4"	1961	[1, -1, 0, 139, 494]	[[263719/210, 332448383/210]]
16	"1962.a1"	1962	[1, -1, 0, -57, -143]	[[-4, 5]]
16	"1962.a2"	1962	[1, -1, 0, 3, -11]	[[5, 8]]
18	"1963.a1"	1963	[1, -1, 0, -2, 3]	[[2, 1]]
12	"1966.a1"	1966	[1, -1, 1, -28, 95]	[[5, 5]]
9	"1968.a1"	1968	[0, -1, 0, -165, -819]	[[20, 59]]
9	"1968.a2"	1968	[0, -1, 0, 315, 57261]	[[140, 1681]]
8	"1968.b1"	1968	[0, -1, 0, -7024, 228928]	[[48, 8]]
8	"1968.b2"	1968	[0, -1, 0, -464, 3264]	[[-8, 80]]
8	"1968.b4"	1968	[0, -1, 0, 976, 18240]	[[10, 170]]
8	"1968.h1"	1968	[0, 1, 0, -1064, -13644]	[[-20, 6]]
8	"1968.h2"	1968	[0, 1, 0, -424, -29260]	[[62, 432]]
14	"1970.a1"	1970	[1, -1, 0, -19, -27]	[[14, 41]]
14	"1970.a2"	1970	[1, -1, 0, 1, -95]	[[6, 7]]
12	"1970.b1"	1970	[1, 0, 0, -680, -6908]	[[32, 50]]
12	"1970.b2"	1970	[1, 0, 0, 20, -48]	[[2, 0]]
15	"1971.e1"	1971	[0, 0, 1, -486, 4124]	[[-87/2, 527/2]]
18	"1974.b1"	1974	[1, 0, 1, -133451, -17161738]	[[-177, 1048]]
18	"1974.b3"	1974	[1, 0, 1, -1116, 50842]	[[17, 183]]
18	"1974.b4"	1974	[1, 0, 1, 9909, -1277450]	[[491/2, 10215/2]]
10	"1974.c2"	1974	[1, 0, 1, -1, -28]	[[7, 14]]
18	"1974.e1"	1974	[1, 1, 1, -1488, 21393]	[[19, 11]]
16	"1974.h1"	1974	[1, 0, 0, -1768704, 905232528]	[[1074, 15108]]
16	"1974.h2"	1974	[1, 0, 0, -255324, -29648892]	[[21056/5, 2295706/5]]
16	"1974.h3"	1974	[1, 0, 0, -111264, 13943664]	[[266, 1652]]
16	"1974.h4"	1974	[1, 0, 0, -110544, 14137344]	[[194, -46]]
16	"1974.h6"	1974	[1, 0, 0, 21276, 45143580]	[[-220/7, 2302910/7]]
12	"1974.i1"	1974	[1, 0, 0, -1614, -25026]	[[227/2, 1843/2]]
12	"1974.i2"	1974	[1, 0, 0, -1554, 23370]	[[461/4, 2417/4]]
12	"1974.i3"	1974	[1, 0, 0, -144, -36]	[[20, 62]]
8	"1975.c1"	1975	[1, 0, 1, -16626, -826477]	[[287, 4106]]
8	"1975.c2"	1975	[1, 0, 1, -1001, -13977]	[[2037/4, 84719/4]]
8	"1975.d1"	1975	[1, -1, 0, -52667, 4665366]	[[359774/31, 176402478/31]]
8	"1975.d2"	1975	[1, -1, 0, -3917, 44116]	[[84, 508]]
8	"1975.d3"	1975	[1, -1, 0, -3292, 73491]	[[1149/4, 26577/4]]
8	"1975.d4"	1975	[1, -1, 0, -167, 1616]	[[64, 468]]
14	"1975.e1"	1975	[1, 0, 1, -51, 123]	[[3, -1]]
15	"1975.f2"	1975	[0, 1, 1, 7492, -700481]	[[917/2, 28971/2]]
14	"1977.a1"	1977	[1, 0, 0, -21, -18]	[[-3, 6]]
12	"1978.d2"	1978	[1, 0, 0, 707, -4335]	[[8, 39]]
10	"1984.a1"	1984	[0, 1, 0, -129, 127]	[[-1, 16]]
14	"1984.b1"	1984	[0, 1, 0, -1, -9]	[[2, 1]]
6	"1984.d1"	1984	[0, 0, 0, -68, 216]	[[5, 1]]
18	"1984.e1"	1984	[0, 0, 0, -68, -216]	[[29, 149]]
12	"1984.f1"	1984	[0, 0, 0, -21164, 1185072]	[[11704/9, 779660/9]]
12	"1984.f3"	1984	[0, 0, 0, -1324, 18480]	[[120, 1260]]
12	"1984.g1"	1984	[0, 0, 0, -21164, -1185072]	[[13874604/287, 4048997280/287]]
12	"1984.g2"	1984	[0, 0, 0, -1964, 1232]	[[-326/3, 4256/3]]
12	"1984.g3"	1984	[0, 0, 0, -1324, -18480]	[[5420/7, 373920/7]]
10	"1984.k1"	1984	[0, -1, 0, -1, 9]	[[0, 3]]
10	"1986.c1"	1986	[1, 1, 0, -5, -51]	[[10, 27]]
14	"1986.d1"	1986	[1, 0, 1, 5, 2]	[[1, 2]]
14	"1986.e1"	1986	[1, 0, 1, -11451, 470662]	[[47, 168]]
15	"1987.a1"	1987	[0, -1, 1, -3, 4]	[[2, 1]]
16	"1989.e2"	1989	[1, -1, 0, -12501, 368032]	[[2709/4, 106967/4]]
16	"1989.e3"	1989	[1, -1, 0, -4896, -126293]	[[162, 1739]]
16	"1989.e4"	1989	[1, -1, 0, -4851, -128840]	[[2136/5, 28876/5]]
16	"1989.e5"	1989	[1, -1, 0, 1989, -458150]	[[98, 770]]
16	"1989.e6"	1989	[1, -1, 0, 34884, 2462449]	[[271197/52, 363963683/52]]
14	"1990.a1"	1990	[1, -1, 0, -49, -117]	[[9, 6]]
16	"1994.a1"	1994	[1, -1, 0, -6919, -219843]	[[7703/2, 667591/2]]
12	"1995.d1"	1995	[1, 0, 0, -45801, 3768930]	[[119, 26]]
12	"1995.d2"	1995	[1, 0, 0, -10051, -324520]	[[-56, 280]]
12	"1995.d3"	1995	[1, 0, 0, -2926, 55955]	[[19, 76]]
12	"1995.d4"	1995	[1, 0, 0, 199, 4080]	[[69, 555]]
16	"1998.d1"	1998	[1, -1, 0, -15, 89]	[[4, 7]]
12	"1998.e1"	1998	[1, -1, 0, -24723, 1502433]	[[364/3, 19793/3]]
12	"1998.e2"	1998	[1, -1, 0, -303, 2157]	[[22, 65]]
12	"1998.e3"	1998	[1, -1, 0, 1362, 7892]	[[172, 2218]]
16	"2001.c1"	2001	[0, 1, 1, 7, -7]	[[1, 1]]
16	"2005.a1"	2005	[1, -1, 1, -7, 6]	[[0, 2]]
16	"2005.a2"	2005	[1, -1, 1, 18, 26]	[[5, 12]]
8	"2005.b1"	2005	[1, -1, 1, -53467, -4745166]	[[716197/44, 418555099/44]]
8	"2005.b2"	2005	[1, -1, 1, -3342, -73516]	[[1677/4, 50899/4]]
8	"2005.b3"	2005	[1, -1, 1, -3217, -79366]	[[738277/84, 472091159/84]]
8	"2005.b4"	2005	[1, -1, 1, -217, -1016]	[[97, 891]]
8	"2006.d2"	2006	[1, -1, 0, -1222, -16626]	[[1077/4, 26661/4]]
18	"2006.j1"	2006	[1, -1, 1, -630, 6239]	[[63/2, -13/2]]
12	"2010.c1"	2010	[1, 1, 0, -57, -189]	[[-5, 4]]
12	"2010.c2"	2010	[1, 1, 0, -7, 1]	[[0, 1]]
16	"2010.e1"	2010	[1, 0, 1, -273, -1244]	[[-10, 27]]
16	"2010.e2"	2010	[1, 0, 1, 727, -8044]	[[30, 187]]
12	"2010.h1"	2010	[1, 0, 0, -31, -55]	[[-4, 5]]
12	"2010.h2"	2010	[1, 0, 0, 69, -315]	[[6, 15]]
16	"2010.i1"	2010	[1, 0, 0, -6466, -91324]	[[-52, 350]]
16	"2010.i2"	2010	[1, 0, 0, -3266, 70596]	[[28, 22]]
12	"2016.b3"	2016	[0, 0, 0, -201, 880]	[[12, 14]]
12	"2016.b4"	2016	[0, 0, 0, 429, 5290]	[[-6, 50]]
16	"2016.c1"	2016	[0, 0, 0, -7020, 226368]	[[46, 28]]
16	"2016.c2"	2016	[0, 0, 0, -405, 4104]	[[3, 54]]
10	"2016.d2"	2016	[0, 0, 0, 15, -124]	[[7, 18]]
8	"2016.e2"	2016	[0, 0, 0, 15, 16]	[[0, 4]]
16	"2016.h1"	2016	[0, 0, 0, -780, 8384]	[[13, 21]]
14	"2016.i1"	2016	[0, 0, 0, -300, 1888]	[[2, 36]]
16	"2016.l1"	2016	[0, 0, 0, -2019, -34918]	[[74, 470]]
16	"2016.l3"	2016	[0, 0, 0, -129, -520]	[[20, 70]]
16	"2016.l4"	2016	[0, 0, 0, 141, -2410]	[[17, 70]]
18	"2017.a1"	2017	[1, 1, 0, -10, 9]	[[0, 3]]
16	"2019.c1"	2019	[1, 0, 0, -158, -759]	[[-8, 7]]
10	"2020.a1"	2020	[0, 1, 0, -25, 0]	[[5, 5]]
10	"2020.a2"	2020	[0, 1, 0, 100, 100]	[[0, 10]]
18	"2020.b2"	2020	[0, 0, 0, -7, 174]	[[1/2, 105/2]]
12	"2022.e1"	2022	[1, 1, 1, -28894, -1902325]	[[-881/3, 1399/3]]
12	"2022.e2"	2022	[1, 1, 1, -1934, -25909]	[[-23, 95]]
12	"2022.e3"	2022	[1, 1, 1, -654, 5835]	[[9, 23]]
12	"2022.e4"	2022	[1, 1, 1, 4546, -155509]	[[139, 1715]]
18	"2022.f1"	2022	[1, 1, 1, -1543, -23971]	[[-23, 12]]
18	"2022.f2"	2022	[1, 1, 1, -103, -355]	[[-7, 12]]
16	"2022.g1"	2022	[1, 1, 1, -10, 23]	[[1, 3]]
16	"2022.h1"	2022	[1, 0, 0, 348, -1584]	[[6, 24]]
14	"2022.i1"	2022	[1, 0, 0, -1159, 15089]	[[20, -7]]
14	"2022.i2"	2022	[1, 0, 0, -79, 185]	[[2, 5]]
16	"2022.j1"	2022	[1, 0, 0, -65543, 6453129]	[[150, -27]]
15	"2025.c1"	2025	[0, 0, 1, -2700, -51469]	[[-35, 12]]
9	"2025.d1"	2025	[0, 0, 1, -4050, -98719]	[[-35, 12]]
12	"2028.e1"	2028	[0, 1, 0, -126468, -16112316]	[[875, 23322]]
12	"2028.e3"	2028	[0, 1, 0, -25068, 1515060]	[[147, 1014]]
12	"2030.a1"	2030	[1, -1, 0, -764, 8308]	[[19, 10]]
12	"2030.a2"	2030	[1, -1, 0, -644, -6100]	[[-14, 2]]
12	"2030.a3"	2030	[1, -1, 0, -64, 48]	[[-1, 11]]
12	"2030.a4"	2030	[1, -1, 0, 16, 0]	[[9, 24]]
12	"2031.c1"	2031	[0, -1, 1, -201848, 29995379]	[[181/2, 36615/2]]
16	"2031.d1"	2031	[0, -1, 1, -78, -241]	[[-19/2, -3/2]]
16	"2032.c1"	2032	[0, 0, 0, -86699, -9825830]	[[13618807255/4641, 1371113113886270/4641]]
16	"2032.c3"	2032	[0, 0, 0, -5419, -153510]	[[173623/17, 71774430/17]]
16	"2032.c4"	2032	[0, 0, 0, -299, -2982]	[[599, 14654]]
12	"2032.e2"	2032	[0, -1, 0, 32, 0]	[[18, 78]]
14	"2034.c1"	2034	[1, -1, 0, -264, -10944]	[[336, 5976]]
10	"2034.g1"	2034	[1, -1, 1, -2378, 297865]	[[145, 1655]]
14	"2034.i1"	2034	[1, -1, 1, 58, 533]	[[3, 25]]
12	"2037.b1"	2037	[1, 1, 1, -90, -354]	[[-6, 6]]
12	"2037.b2"	2037	[1, 1, 1, 45, -1164]	[[21, 87]]
12	"2040.c1"	2040	[0, -1, 0, -1096, -13604]	[[81, 650]]
12	"2040.c2"	2040	[0, -1, 0, -76, -140]	[[-6, 8]]
12	"2040.c4"	2040	[0, -1, 0, 224, -1220]	[[9, 38]]
15	"2040.e1"	2040	[0, -1, 0, 0, -3]	[[2, 1]]
12	"2040.f1"	2040	[0, -1, 0, -4000, -27140]	[[-43, 252]]
12	"2040.f2"	2040	[0, -1, 0, -2300, 42900]	[[25, 20]]
12	"2040.f3"	2040	[0, -1, 0, -2295, 43092]	[[92, 776]]
16	"2040.k1"	2040	[0, 1, 0, -1816, -30400]	[[56, 216]]
16	"2040.k2"	2040	[0, 1, 0, -416, 2640]	[[24, 84]]
16	"2040.k3"	2040	[0, 1, 0, -116, -480]	[[-6, 6]]
16	"2040.k4"	2040	[0, 1, 0, 9, -30]	[[11, 39]]
18	"2050.e1"	2050	[1, -1, 1, -5355, 152147]	[[49, 50]]
18	"2050.e2"	2050	[1, -1, 1, -355, 2147]	[[-1, 50]]
12	"2054.d1"	2054	[1, -1, 1, -276, -1693]	[[33, 139]]
12	"2054.d2"	2054	[1, -1, 1, -16, -29]	[[7, 9]]
16	"2056.c1"	2056	[0, 0, 0, -83, -290]	[[195, 2720]]
16	"2056.c2"	2056	[0, 0, 0, -43, -570]	[[4874/5, 340068/5]]
12	"2056.e1"	2056	[0, -1, 0, -128, 44]	[[-35/3, 584/3]]
12	"2056.e2"	2056	[0, -1, 0, -88, 348]	[[-3, 24]]
16	"2060.a1"	2060	[0, 1, 0, -1, 4]	[[0, 2]]
12	"2064.e1"	2064	[0, -1, 0, -3912, -91728]	[[-326/3, 910/3]]
12	"2064.e2"	2064	[0, -1, 0, -472, 1840]	[[2, 30]]
12	"2064.e3"	2064	[0, -1, 0, -392, 3120]	[[4, 40]]
12	"2064.e4"	2064	[0, -1, 0, 1688, 12208]	[[218, 3270]]
12	"2064.i1"	2064	[0, 1, 0, -30664, -2073484]	[[-100, 54]]
12	"2064.i2"	2064	[0, 1, 0, -20424, -3470220]	[[222, 1728]]
15	"2065.a1"	2065	[1, 1, 1, 0, 2]	[[0, 1]]
9	"2067.b1"	2067	[0, 1, 1, -1963, -34139]	[[1885/6, 20807/6]]
16	"2070.b1"	2070	[1, -1, 0, -993600, -380962764]	[[2847, 139503]]
16	"2070.b3"	2070	[1, -1, 0, -63720, -5613300]	[[-177, 399]]
16	"2070.b4"	2070	[1, -1, 0, -62100, -5940864]	[[363, 4206]]
16	"2070.b5"	2070	[1, -1, 0, -3780, -97200]	[[120, 1020]]
16	"2070.b6"	2070	[1, -1, 0, 79110, -27294894]	[[237, 2055]]
10	"2070.c2"	2070	[1, -1, 0, -2205, 40581]	[[15, 96]]
12	"2070.d2"	2070	[1, -1, 0, -9, -7]	[[4, 1]]
10	"2070.e2"	2070	[1, -1, 0, 36, -752]	[[17, 59]]
14	"2070.g1"	2070	[1, -1, 0, -7074, 160380]	[[81, 297]]
18	"2070.i2"	2070	[1, -1, 0, -62829, -7673947]	[[367, 4129]]
14	"2070.l2"	2070	[1, -1, 1, 37, -1653]	[[15, 38]]
16	"2070.m1"	2070	[1, -1, 1, -13253, 590537]	[[67, -30]]
16	"2070.m2"	2070	[1, -1, 1, -833, 9281]	[[21, 16]]
16	"2070.m3"	2070	[1, -1, 1, -113, -223]	[[-3, 10]]
16	"2070.m4"	2070	[1, -1, 1, 67, 27641]	[[-9, 166]]
12	"2070.p1"	2070	[1, -1, 1, -35372, -2273129]	[[-89, 449]]
12	"2070.p2"	2070	[1, -1, 1, -34292, -2435561]	[[379, 6047]]
12	"2070.p3"	2070	[1, -1, 1, -8372, 296471]	[[49, 21]]
12	"2070.p4"	2070	[1, -1, 1, -692, 1559]	[[27, 31]]
18	"2070.q1"	2070	[1, -1, 1, -15737, 669849]	[[137, 966]]
18	"2070.q2"	2070	[1, -1, 1, 1543, 54681]	[[11, 264]]
12	"2071.a1"	2071	[1, 1, 1, 3, 2]	[[0, 1]]
8	"2072.c1"	2072	[0, 0, 0, -10, 9]	[[0, 3]]
8	"2072.c2"	2072	[0, 0, 0, 25, 58]	[[7, 24]]
8	"2072.e1"	2072	[0, -1, 0, -1464, -20596]	[[10765/6, 1105417/6]]
8	"2072.e2"	2072	[0, -1, 0, 16, -1060]	[[298, 5136]]
14	"2074.a1"	2074	[1, 0, 1, -1317, -18496]	[[79, 570]]
16	"2077.a1"	2077	[0, -1, 1, -3, 0]	[[0, 0]]
16	"2077.b1"	2077	[0, 1, 1, -130, 525]	[[21/2, 27/2]]
10	"2080.c2"	2080	[0, 0, 0, -428, 3552]	[[2, 52]]
15	"2088.f1"	2088	[0, 0, 0, -15, 23]	[[1, 3]]
9	"2088.g1"	2088	[0, 0, 0, -135, -621]	[[15, 27]]
12	"2089.b1"	2089	[1, 1, 1, -5, -6]	[[-2, 1]]
12	"2092.a1"	2092	[0, -1, 0, 11, -15]	[[3, 6]]
15	"2093.h1"	2093	[0, 1, 1, -14829659, -21985816061]	[[14674995661/1230, 1608233748263209/1230]]
15	"2093.h3"	2093	[0, 1, 1, 16211, 856569]	[[411, 8781]]
8	"2096.a1"	2096	[0, -1, 0, -9, -11]	[[4, 1]]
14	"2096.c1"	2096	[0, 0, 0, -35, -94]	[[7, 2]]
12	"2096.d1"	2096	[0, 1, 0, 11, -29]	[[6, 17]]
14	"2096.e1"	2096	[0, -1, 0, -1024, 12960]	[[18, 6]]
12	"2097.a1"	2097	[0, 0, 1, -93, 360]	[[2, 13]]
10	"2100.h2"	2100	[0, -1, 0, 492, 1512]	[[2, 50]]
15	"2100.o2"	2100	[0, 1, 0, 3842, 4013]	[[89, 1029]]
15	"2106.f1"	2106	[1, -1, 1, -20, 55]	[[5, 5]]
15	"2106.f2"	2106	[1, -1, 1, 160, -809]	[[37, 215]]
9	"2110.c1"	2110	[1, 0, 1, -152413, -22918664]	[[37990723/33, 233521204478/33]]
9	"2110.c3"	2110	[1, 0, 1, 562, -105344]	[[34885, 6498237]]
12	"2114.a1"	2114	[1, 1, 0, -79, 677]	[[1, 24]]
16	"2114.b1"	2114	[1, 1, 0, -85925, 7941773]	[[6468001/15, 16400586679/15]]
16	"2114.b2"	2114	[1, 1, 0, 10715, 732429]	[[28746, 4859547]]
8	"2114.c1"	2114	[1, 1, 0, -1610, 24206]	[[7, 112]]
8	"2114.c2"	2114	[1, 1, 0, -100, 348]	[[6, 0]]
12	"2114.d1"	2114	[1, -1, 1, -44770, 3650273]	[[89, 559]]
12	"2114.d2"	2114	[1, -1, 1, -3810, 13025]	[[1, 95]]
12	"2118.f1"	2118	[1, 0, 0, 8, -16]	[[2, 2]]
12	"2126.a1"	2126	[1, -1, 0, 5, -3]	[[1, 1]]
14	"2130.b2"	2130	[1, 1, 0, 67, 573]	[[-1, 23]]
16	"2130.d1"	2130	[1, 0, 1, -959, 11342]	[[0, 106]]
16	"2130.d2"	2130	[1, 0, 1, -59, 182]	[[3, 4]]
12	"2130.f1"	2130	[1, 0, 1, -24575999, -46895788078]	[[511483779/154, 11190843895195/154]]
12	"2130.f2"	2130	[1, 0, 1, -1535999, -732844078]	[[325851/14, 97006421/14]]
12	"2130.f3"	2130	[1, 0, 1, -303584, -64272994]	[[1416, 47722]]
12	"2130.f4"	2130	[1, 0, 1, -11984, -1753954]	[[201, 1891]]
10	"2130.h2"	2130	[1, 1, 1, -91, 809]	[[-1, 30]]
14	"2130.i1"	2130	[1, 1, 1, -251, -1501]	[[71/2, -25/2]]
12	"2130.j1"	2130	[1, 1, 1, -136320, 19315785]	[[215, -51]]
12	"2130.j2"	2130	[1, 1, 1, -8720, 284105]	[[75, 205]]
12	"2130.j3"	2130	[1, 1, 1, -8520, 299145]	[[55, -1]]
12	"2130.l1"	2130	[1, 1, 1, -194505, -33098523]	[[8237/4, 103929/4]]
12	"2130.l2"	2130	[1, 1, 1, -30005, 1284077]	[[10687/6, 900601/6]]
12	"2130.l3"	2130	[1, 1, 1, -12255, -512223]	[[287, 4296]]
12	"2132.a1"	2132	[0, 1, 0, -177, -968]	[[17, 35]]
10	"2133.a1"	2133	[0, 0, 1, -15, 22]	[[2, 0]]
10	"2135.b2"	2135	[1, 0, 0, -3710, 107797]	[[-41, 458]]
12	"2135.d3"	2135	[0, 1, 1, 29379, -108390]	[[6361/12, 1952261/12]]
14	"2135.f2"	2135	[1, 1, 0, 103, -2494]	[[22, 94]]
12	"2139.c1"	2139	[1, 1, 0, -495, -4452]	[[523/2, 11309/2]]
12	"2139.c2"	2139	[1, 1, 0, -30, -81]	[[130, 1423]]
12	"2139.e1"	2139	[1, 0, 1, -127, 215]	[[-5, 29]]
12	"2139.e2"	2139	[1, 0, 1, 28, 29]	[[3, 10]]
16	"2141.a1"	2141	[1, -1, 0, -1, -2]	[[2, 0]]
12	"2142.c1"	2142	[1, -1, 0, -4758, 127466]	[[43, 10]]
12	"2142.c2"	2142	[1, -1, 0, -348, 1340]	[[1, 31]]
12	"2142.c3"	2142	[1, -1, 0, -168, -784]	[[-7, 7]]
12	"2142.c4"	2142	[1, -1, 0, 1182, 8990]	[[5, 120]]
10	"2142.d1"	2142	[1, -1, 0, -252, -122]	[[-3, 26]]
10	"2142.d2"	2142	[1, -1, 0, -162, 832]	[[6, 4]]
16	"2142.h1"	2142	[1, -1, 0, -123467436, 528082919464]	[[162581/5, 1117864/5]]
16	"2142.h2"	2142	[1, -1, 0, -7731396, 8219774992]	[[992, 38564]]
16	"2142.h3"	2142	[1, -1, 0, -2633436, 18893883640]	[[3015, 194335]]
16	"2142.h4"	2142	[1, -1, 0, -816516, -71166128]	[[-513, 14834]]
16	"2142.h5"	2142	[1, -1, 0, -632196, -193075376]	[[-447, -4]]
16	"2142.h6"	2142	[1, -1, 0, 3149244, -562127216]	[[6608, 552356]]
8	"2142.l2"	2142	[1, -1, 1, 283, 285]	[[3, 32]]
15	"2142.o1"	2142	[1, -1, 1, -338, 2553]	[[23, 69]]
12	"2148.b1"	2148	[0, -1, 0, -117, -2511]	[[63, 486]]
18	"2150.f1"	2150	[1, 1, 0, -140650, -20361750]	[[728445/41, 22687290/41]]
18	"2150.f2"	2150	[1, 1, 0, -900, -55000]	[[275, 4400]]
18	"2150.f3"	2150	[1, 1, 0, 100, 2000]	[[-5, 40]]
12	"2154.c1"	2154	[1, 1, 0, -24, -30]	[[5, 0]]
12	"2154.c2"	2154	[1, 1, 0, 6, 0]	[[2, 4]]
12	"2154.g1"	2154	[1, 0, 0, -2087, -36819]	[[-26, 7]]
18	"2158.b1"	2158	[1, 0, 1, -1404247, -655471622]	[[36884/5, 2659717/5]]
18	"2158.b2"	2158	[1, 0, 1, 76888, -3634442]	[[46652373901/4332, 10037239506418909/4332]]
15	"2160.b2"	2160	[0, 0, 0, 117, 6458]	[[101, 1024]]
12	"2160.c1"	2160	[0, 0, 0, -33, -73]	[[14, 47]]
18	"2160.s1"	2160	[0, 0, 0, -72, 236]	[[2, 10]]
18	"2160.s2"	2160	[0, 0, 0, 168, 1244]	[[-2, 30]]
8	"2161.a1"	2161	[1, -1, 0, 1, 2]	[[2, 2]]
14	"2163.a2"	2163	[1, 0, 0, -95, -624]	[[13, 13]]
12	"2163.c2"	2163	[1, 0, 0, -557, -3078]	[[-14, 52]]
12	"2163.c3"	2163	[1, 0, 0, -242, 1395]	[[7, 4]]
12	"2163.c4"	2163	[1, 0, 0, 3, 72]	[[21, 87]]
16	"2166.d1"	2166	[1, 0, 1, -31606280, 68389818806]	[[81156/5, -196894/5]]
16	"2166.d2"	2166	[1, 0, 1, -1975400, 1068459446]	[[777, 1291]]
16	"2166.d3"	2166	[1, 0, 1, -1917640, 1133889974]	[[-464, 44093]]
12	"2170.a1"	2170	[1, 0, 1, -59, 96]	[[8, 8]]
9	"2170.d1"	2170	[1, 0, 1, -21269, -1195424]	[[-3005/6, 7457/6]]
14	"2170.j1"	2170	[1, 0, 0, -66716, 6614800]	[[58, 1686]]
14	"2170.j2"	2170	[1, 0, 0, -2716, 176400]	[[28, 336]]
15	"2170.l1"	2170	[1, 1, 1, -5149395, -4499762135]	[[-11795/3, 17680/3]]
14	"2170.m2"	2170	[1, -1, 1, -1993, 74057]	[[-37, 328]]
16	"2172.a1"	2172	[0, -1, 0, -204, -792]	[[-19/2, 55/2]]
16	"2172.a2"	2172	[0, -1, 0, -69, 234]	[[2, 10]]
12	"2175.c1"	2175	[1, 1, 1, -243, 1356]	[[10, 2]]
12	"2175.c2"	2175	[1, 1, 1, -18, 6]	[[0, 2]]
9	"2175.d2"	2175	[0, -1, 1, 1217, 7593]	[[-3, 62]]
14	"2175.e1"	2175	[0, -1, 1, -3833, 101318]	[[-8, 362]]
14	"2175.f1"	2175	[0, 1, 1, -153, 749]	[[27, 130]]
15	"2175.j1"	2175	[0, -1, 1, -17458, -882057]	[[1180533/82, 659971191/82]]
12	"2184.f1"	2184	[0, -1, 0, -13592, -605412]	[[158, 1080]]
12	"2184.f2"	2184	[0, -1, 0, -1632, 11100]	[[62, 380]]
12	"2184.f3"	2184	[0, -1, 0, -852, -9180]	[[-16, 10]]
12	"2184.f4"	2184	[0, -1, 0, -7, -392]	[[33, 185]]
16	"2184.j1"	2184	[0, 1, 0, -151424, -22730400]	[[675, 13530]]
16	"2184.j2"	2184	[0, 1, 0, -9464, -357504]	[[168, 1680]]
16	"2184.j3"	2184	[0, 1, 0, -8624, -422688]	[[669/2, 13485/2]]
16	"2184.j4"	2184	[0, 1, 0, -644, -4704]	[[31, 78]]
16	"2184.j6"	2184	[0, 1, 0, 1696, -29040]	[[19, 102]]
14	"2184.l2"	2184	[0, 1, 0, -10323, 410994]	[[-27, 819]]
12	"2188.a1"	2188	[0, 1, 0, 3, -17]	[[2, 1]]
12	"2190.d1"	2190	[1, 0, 1, -18494, -969808]	[[205739/14, 91063785/14]]
12	"2190.d2"	2190	[1, 0, 1, -14, 182]	[[18, 67]]
14	"2190.e1"	2190	[1, 0, 1, -3543, -65444]	[[-40, 132]]
16	"2190.j1"	2190	[1, 1, 1, -15146, -231307]	[[-1013/6, 92923/6]]
16	"2190.j2"	2190	[1, 1, 1, -8576, 299549]	[[147/2, 1361/2]]
16	"2190.j4"	2190	[1, 1, 1, -2326, 734549]	[[771/2, 21125/2]]
12	"2190.k2"	2190	[1, 1, 1, 90, 315]	[[3, 23]]
18	"2190.n1"	2190	[1, 0, 0, -4646, 121476]	[[46, 52]]
16	"2192.f2"	2192	[0, -1, 0, -48, -112]	[[14, 42]]
14	"2196.a2"	2196	[0, 0, 0, 249, -3490]	[[19, 90]]
14	"2196.c2"	2196	[0, 0, 0, -60, 189]	[[3, 6]]
10	"2196.d1"	2196	[0, 0, 0, -8775, -316386]	[[115, 442]]
10	"2196.d2"	2196	[0, 0, 0, -540, -5103]	[[54, 351]]
12	"2196.e1"	2196	[0, 0, 0, -1479, 20878]	[[14, 54]]
12	"2196.e2"	2196	[0, 0, 0, -264, -1235]	[[35, 180]]
15	"2198.b1"	2198	[1, -1, 0, -308, -2352]	[[56, 364]]
15	"2202.a1"	2202	[1, 0, 1, -172830, -27669488]	[[-294131/35, 5128927/35]]
15	"2202.a2"	2202	[1, 0, 1, -2175, -36590]	[[-25, 60]]
10	"2205.c1"	2205	[1, -1, 1, -167, 634]	[[2, 16]]
10	"2205.c2"	2205	[1, -1, 1, -62, -164]	[[-4, 4]]
12	"2205.d1"	2205	[0, 0, 1, -1848, -30641]	[[79, 562]]
12	"2205.d2"	2205	[0, 0, 1, 42, -212]	[[16, 67]]
12	"2205.f1"	2205	[0, 0, 1, -90552, 10509777]	[[197, 562]]
12	"2205.f2"	2205	[0, 0, 1, 2058, 72630]	[[98, 1102]]
14	"2205.h2"	2205	[1, -1, 0, -27204, -1652365]	[[-94, 307]]
14	"2208.a1"	2208	[0, -1, 0, -24, 24]	[[5, 2]]
10	"2208.d1"	2208	[0, -1, 0, -19272, 829080]	[[2165, 100510]]
16	"2208.g1"	2208	[0, 1, 0, -113, -321]	[[-5, 12]]
16	"2208.g2"	2208	[0, 1, 0, 22, -24]	[[4, 12]]
14	"2208.h1"	2208	[0, 1, 0, -88, -340]	[[11, 12]]
14	"2208.h2"	2208	[0, 1, 0, 2, -16]	[[5, 12]]
12	"2210.a1"	2210	[1, 0, 1, -96298, -11483244]	[[-180, 252]]
12	"2210.a3"	2210	[1, 0, 1, -5673, 150506]	[[122, 1069]]
12	"2210.a4"	2210	[1, 0, 1, -5543, 158358]	[[34, 80]]
16	"2210.b1"	2210	[1, 1, 0, -35507, -2590099]	[[235, 1336]]
12	"2210.d1"	2210	[1, 0, 0, -2440, -45408]	[[-26, 38]]
16	"2210.e1"	2210	[1, -1, 1, -18, 17]	[[5, 3]]
12	"2210.f1"	2210	[1, -1, 1, -36862, -2712451]	[[267, 2401]]
12	"2210.f2"	2210	[1, -1, 1, -2862, -19651]	[[97, 731]]
18	"2210.g2"	2210	[1, -1, 1, 333, -4741]	[[17, 66]]
12	"2219.b1"	2219	[0, 1, 1, -1, -3]	[[3, 5]]
16	"2226.b1"	2226	[1, 1, 0, -17059, 836437]	[[389, 7103]]
16	"2226.b2"	2226	[1, 1, 0, -2219, -21315]	[[-35, 140]]
16	"2226.b3"	2226	[1, 1, 0, -1899, -32643]	[[-1249/7, 3144/7]]
16	"2226.b4"	2226	[1, 1, 0, 7501, -147675]	[[1069/5, 60268/5]]
18	"2226.c2"	2226	[1, 1, 0, 21, 45]	[[2, 9]]
8	"2226.d1"	2226	[1, 1, 0, -2249, 40125]	[[25, 5]]
8	"2226.d2"	2226	[1, 1, 0, -129, 693]	[[-6, 39]]
12	"2226.h1"	2226	[1, 1, 1, -459, -3009]	[[-57/2, 291/2]]
12	"2226.h2"	2226	[1, 1, 1, 71, -253]	[[35, 198]]
16	"2227.a1"	2227	[0, -1, 1, -14, 165]	[[45/2, 285/2]]
12	"2230.e1"	2230	[1, 0, 0, -51991, -4567229]	[[-67155941/714, 24144458087/714]]
12	"2230.e2"	2230	[1, 0, 0, -701, -5095]	[[-80/3, 695/3]]
16	"2232.e1"	2232	[0, 0, 0, -270, 1701]	[[10, 1]]
16	"2232.e2"	2232	[0, 0, 0, -135, 3402]	[[9, 54]]
12	"2232.h1"	2232	[0, 0, 0, 33, 47]	[[1, 9]]
16	"2232.i1"	2232	[0, 0, 0, -8139, -226730]	[[-45, 220]]
16	"2232.i2"	2232	[0, 0, 0, -2559, 46690]	[[17, 90]]
16	"2232.i3"	2232	[0, 0, 0, -2514, 48517]	[[54, 265]]
16	"2232.i4"	2232	[0, 0, 0, 2301, 203182]	[[179, 2520]]
15	"2235.a1"	2235	[0, 1, 1, -3470, -94654]	[[381/2, 5351/2]]
12	"2235.b1"	2235	[1, 1, 1, -15045, 125850]	[[-1699/5, 118761/5]]
12	"2235.b2"	2235	[1, 1, 1, -11320, 458120]	[[-62, 993]]
12	"2235.b3"	2235	[1, 1, 1, -11315, 458552]	[[6014/7, 310897/7]]
12	"2235.b4"	2235	[1, 1, 1, -7675, 762842]	[[32, 726]]
12	"2235.d1"	2235	[1, 1, 0, -7152, -235809]	[[102, 279]]
12	"2235.d2"	2235	[1, 1, 0, -447, -3816]	[[18413/4, 2462649/4]]
12	"2235.d3"	2235	[1, 1, 0, -222, -7371]	[[290159/110, 40727457/110]]
12	"2235.d4"	2235	[1, 1, 0, -42, -9]	[[-1/2, 11/2]]
12	"2235.g1"	2235	[0, -1, 1, 0, -7]	[[13/2, 29/2]]
9	"2240.k2"	2240	[0, -1, 0, -5, 7]	[[2, 1]]
12	"2240.m1"	2240	[0, 0, 0, -52268, -4599408]	[[444, 7728]]
12	"2240.m3"	2240	[0, 0, 0, -3268, -71808]	[[94, 672]]
12	"2240.m4"	2240	[0, 0, 0, -143, -1808]	[[208/3, 2296/3]]
16	"2240.p1"	2240	[0, 0, 0, -332, -2256]	[[-10, 8]]
16	"2240.p2"	2240	[0, 0, 0, -52, 96]	[[-3, 15]]
16	"2240.p3"	2240	[0, 0, 0, -47, 124]	[[25/2, 69/2]]
16	"2240.p4"	2240	[0, 0, 0, 148, 656]	[[5, 39]]
12	"2254.b1"	2254	[1, 0, 1, -3435, 77186]	[[32, 1]]
12	"2254.b2"	2254	[1, 0, 1, -215, 1194]	[[6, 8]]
10	"2254.c1"	2254	[1, -1, 0, -8339, 295189]	[[51, -1]]
16	"2254.d1"	2254	[1, -1, 0, -11671, -480873]	[[151, 1012]]
16	"2254.d2"	2254	[1, -1, 0, -401, -14295]	[[53, 307]]
12	"2254.e1"	2254	[1, 1, 0, -168291, -26643175]	[[161833/9, 62897192/9]]
12	"2254.e2"	2254	[1, 1, 0, -10511, -420139]	[[1981, 87088]]
9	"2256.b2"	2256	[0, -1, 0, -37, -71]	[[-3, 2]]
16	"2256.g1"	2256	[0, -1, 0, -12032, -504000]	[[1162, 39410]]
16	"2256.g2"	2256	[0, -1, 0, -992, -2112]	[[874/5, 8582/5]]
16	"2256.g3"	2256	[0, -1, 0, -752, -7680]	[[34, 70]]
12	"2256.h1"	2256	[0, 1, 0, -4080, -101676]	[[404, 8022]]
12	"2256.l1"	2256	[0, 1, 0, -2288, 41364]	[[28, 6]]
12	"2259.b1"	2259	[0, 0, 1, -84, -630]	[[26, 121]]
12	"2259.b2"	2259	[0, 0, 1, 726, 13545]	[[17, 175]]
12	"2261.a2"	2261	[1, 1, 1, -749, -11954]	[[989, 30615]]
12	"2261.b1"	2261	[0, 1, 1, -337, -2380]	[[-10, 9]]
12	"2261.b2"	2261	[0, 1, 1, -57, 147]	[[3, 3]]
12	"2261.d1"	2261	[0, 1, 1, -2413, -46479]	[[57, 66]]
8	"2262.a2"	2262	[1, 1, 0, -67, 205]	[[3, 5]]
10	"2262.d1"	2262	[1, 0, 1, 25, 2]	[[6, 16]]
9	"2262.f1"	2262	[1, 0, 1, -891, -13370]	[[331/2, 5215/2]]
16	"2262.g2"	2262	[1, 0, 1, -1124066, -475233100]	[[1866, 61720]]
14	"2265.c1"	2265	[1, 1, 1, -610, -1960]	[[28, 48]]
14	"2265.c2"	2265	[1, 1, 1, 145, -148]	[[2, 11]]
12	"2265.e2"	2265	[1, 0, 0, -430, -3325]	[[-13, 17]]
12	"2265.e3"	2265	[1, 0, 0, -425, -3408]	[[37, 160]]
12	"2265.e4"	2265	[1, 0, 0, 245, -12640]	[[32, 152]]
15	"2268.b1"	2268	[0, 0, 0, -405, -3159]	[[256/3, 2465/3]]
15	"2268.b2"	2268	[0, 0, 0, 15, -23]	[[9, 29]]
16	"2272.b1"	2272	[0, -1, 0, -8, 4]	[[0, 2]]
12	"2275.c2"	2275	[1, -1, 1, -7380, -232378]	[[-45, 106]]
12	"2275.c4"	2275	[1, -1, 1, 3995, -892128]	[[2095/2, 94123/2]]
12	"2275.d1"	2275	[0, -1, 1, -2933, -149732]	[[72988/31, 7273216/31]]
12	"2275.d3"	2275	[0, -1, 1, 317, 4643]	[[33, 223]]
12	"2280.a1"	2280	[0, -1, 0, -30400, 2050300]	[[105, 70]]
12	"2280.a2"	2280	[0, -1, 0, -2280, 18972]	[[-6, 180]]
12	"2280.a3"	2280	[0, -1, 0, -1900, 32500]	[[30, 40]]
12	"2280.a4"	2280	[0, -1, 0, -95, 732]	[[4, 20]]
16	"2280.f1"	2280	[0, 1, 0, -101576, -12494160]	[[1111, 35316]]
16	"2280.f2"	2280	[0, 1, 0, -27096, 1525104]	[[135, 588]]
16	"2280.f3"	2280	[0, 1, 0, -6576, -182160]	[[-36, 96]]
14	"2280.g2"	2280	[0, 1, 0, 20, -160]	[[8, 24]]
16	"2289.b2"	2289	[1, 0, 0, -2342, -43485]	[[57937, 13916554]]
16	"2289.b3"	2289	[1, 0, 0, -2337, -43680]	[[3258949/15, 5858812877/15]]
16	"2289.b4"	2289	[1, 0, 0, -707, -102672]	[[1972624/195, 34588328/195]]
8	"2289.c1"	2289	[1, 1, 0, -4069, -101618]	[[161839/30, 58077353/30]]
8	"2289.c3"	2289	[1, 1, 0, -254, -1665]	[[823/6, 13001/6]]
8	"2289.c4"	2289	[1, 1, 0, -9, -48]	[[79/2, 635/2]]
12	"2289.d1"	2289	[1, 0, 1, -31, 47]	[[-5, 11]]
12	"2289.d2"	2289	[1, 0, 1, 4, 5]	[[59/2, 399/2]]
12	"2290.a1"	2290	[1, 0, 1, -19, -18]	[[-2, 4]]
12	"2290.a2"	2290	[1, 0, 1, 61, -114]	[[3, 8]]
10	"2290.c1"	2290	[1, 1, 1, -3280, -186795]	[[685/3, 1885/3]]
12	"2295.g1"	2295	[0, 0, 1, -1782, 32312]	[[30, 76]]
12	"2295.g2"	2295	[0, 0, 1, 11718, -95263]	[[145/2, 4909/2]]
9	"2295.i1"	2295	[0, 0, 1, -111057102, -450471809815]	[[3230721937/442, 129103745620251/442]]
10	"2298.f1"	2298	[1, 0, 0, -24, -6]	[[35/2, 139/2]]
12	"2298.h1"	2298	[1, 0, 0, -49024, 4173848]	[[1162/3, -1022/3]]
12	"2298.h2"	2298	[1, 0, 0, -3184, 59624]	[[46, 82]]
12	"2298.h3"	2298	[1, 0, 0, -3064, 65024]	[[34, 4]]
15	"2300.b1"	2300	[0, 1, 0, -1108, -14412]	[[-21, 6]]
12	"2300.c1"	2300	[0, -1, 0, -458, -4463]	[[72, 575]]
12	"2300.c2"	2300	[0, -1, 0, 42, 37]	[[7, 25]]
16	"2301.a1"	2301	[1, 1, 1, -128, 470]	[[8, 2]]
16	"2301.a2"	2301	[1, 1, 1, 7, 38]	[[-2, 5]]
16	"2301.b1"	2301	[0, 1, 1, -55, 127]	[[-1, 13]]
12	"2304.a1"	2304	[0, 0, 0, -72, 0]	[[9, 9]]
12	"2304.a2"	2304	[0, 0, 0, 18, 0]	[[3, 9]]
12	"2304.b1"	2304	[0, 0, 0, -5826, -171160]	[[103, 567]]
12	"2304.b2"	2304	[0, 0, 0, -5736, -176704]	[[1264, 44856]]
12	"2304.b3"	2304	[0, 0, 0, -66, 200]	[[7, 9]]
12	"2304.b4"	2304	[0, 0, 0, 24, 704]	[[1, 27]]
12	"2304.c1"	2304	[0, 0, 0, -6, 0]	[[3, 3]]
12	"2304.c2"	2304	[0, 0, 0, 24, 0]	[[1, 5]]
8	"2304.g1"	2304	[0, 0, 0, -840, -9344]	[[65, 459]]
8	"2304.g2"	2304	[0, 0, 0, -30, -272]	[[11, 27]]
18	"2304.h1"	2304	[0, 0, 0, -120, -448]	[[-7, 7]]
18	"2304.h2"	2304	[0, 0, 0, -30, 56]	[[2, 2]]
16	"2304.j1"	2304	[0, 0, 0, -840, 9344]	[[8, 56]]
16	"2304.j2"	2304	[0, 0, 0, -30, 272]	[[-2, 18]]
12	"2304.l1"	2304	[0, 0, 0, -23304, -1369280]	[[10817/7, 706635/7]]
12	"2304.l2"	2304	[0, 0, 0, -1434, -22088]	[[191, 2583]]
12	"2304.l3"	2304	[0, 0, 0, -264, 1600]	[[0, 40]]
12	"2304.l4"	2304	[0, 0, 0, 6, 88]	[[-1, 9]]
12	"2304.m1"	2304	[0, 0, 0, -54, 0]	[[-2, 10]]
12	"2304.m2"	2304	[0, 0, 0, 216, 0]	[[25, 145]]
16	"2307.a1"	2307	[0, -1, 1, -39428, -3027964]	[[4915/3, 317179/3]]
12	"2307.c1"	2307	[0, -1, 1, -87, -286]	[[16, 46]]
8	"2307.d1"	2307	[0, -1, 1, 2, -3]	[[5/2, -1/2]]
10	"2312.b1"	2312	[0, 1, 0, -106448, -13392656]	[[-22677/11, 130286/11]]
10	"2312.b2"	2312	[0, 1, 0, -8188, -107904]	[[-25, 286]]
12	"2314.a1"	2314	[1, 1, 0, 7, -281]	[[69, 544]]
12	"2318.a1"	2318	[1, 1, 0, 9, 19]	[[9, 26]]
12	"2320.a2"	2320	[0, 1, 0, -11, 4]	[[0, 2]]
12	"2320.b1"	2320	[0, 1, 0, -676, 6540]	[[14, 4]]
12	"2320.b2"	2320	[0, 1, 0, -51, 40]	[[-4, 14]]
12	"2320.f1"	2320	[0, 0, 0, -827, 7546]	[[27, 70]]
12	"2320.f2"	2320	[0, 0, 0, -247, -1386]	[[38, 210]]
12	"2320.f3"	2320	[0, 0, 0, -242, -1449]	[[297/4, 1365/4]]
8	"2320.g1"	2320	[0, 0, 0, -32, 31]	[[-3, 10]]
8	"2320.g2"	2320	[0, 0, 0, 113, 234]	[[18, 90]]
16	"2320.h1"	2320	[0, -1, 0, -36, 80]	[[-4, 12]]
16	"2320.h2"	2320	[0, -1, 0, -11, -10]	[[37/2, 195/2]]
14	"2322.a1"	2322	[1, -1, 0, -42, -748]	[[11, 0]]
6	"2322.b3"	2322	[1, -1, 0, 25068, -187696]	[[3143/2, 176487/2]]
18	"2322.h1"	2322	[1, -1, 1, -36560, -2681477]	[[5107/3, 332831/3]]
18	"2322.h2"	2322	[1, -1, 1, -440, -3781]	[[61, 409]]
18	"2322.h3"	2322	[1, -1, 1, 2785, 6023]	[[3, 118]]
16	"2325.d1"	2325	[1, 0, 0, -4063, 99242]	[[47, 89]]
16	"2325.d2"	2325	[1, 0, 0, -188, 2367]	[[7, 34]]
15	"2325.g1"	2325	[0, 1, 1, -3, -1]	[[-1, 1]]
16	"2325.i1"	2325	[1, 1, 0, -4250, 104625]	[[40, 5]]
16	"2325.i2"	2325	[1, 1, 0, -375, 0]	[[80, 660]]
16	"2325.i3"	2325	[1, 1, 0, -250, -1625]	[[-591/8, 1517/8]]
16	"2325.i4"	2325	[1, 1, 0, 1500, 1875]	[[1205/4, 45015/4]]
12	"2328.a1"	2328	[0, -1, 0, -1184, 16044]	[[25, 38]]
12	"2328.a2"	2328	[0, -1, 0, -104, 60]	[[-2, 16]]
16	"2328.b1"	2328	[0, -1, 0, -28, -44]	[[-3, 2]]
16	"2328.b2"	2328	[0, -1, 0, 32, -260]	[[9, 26]]
16	"2328.c1"	2328	[0, -1, 0, -288, 1980]	[[9, 6]]
16	"2328.c2"	2328	[0, -1, 0, -248, 2508]	[[17, 54]]
16	"2328.e1"	2328	[0, 1, 0, -608, 5520]	[[16, 12]]
16	"2328.e2"	2328	[0, 1, 0, -68, -96]	[[-2, 6]]
16	"2330.b1"	2330	[1, 1, 0, -60707, -5831411]	[[2198, 101301]]
10	"2330.d2"	2330	[1, 1, 0, 2428, -218416]	[[328, 5836]]
16	"2331.a1"	2331	[1, -1, 1, -1712, 27550]	[[28, 17]]
16	"2331.a2"	2331	[1, -1, 1, -47, 910]	[[-2, 32]]
16	"2331.b1"	2331	[1, -1, 1, -1859, 31110]	[[20, 30]]
16	"2331.b2"	2331	[1, -1, 1, -194, -192]	[[-4, 24]]
16	"2331.b3"	2331	[1, -1, 1, -149, -660]	[[18, 38]]
16	"2331.b4"	2331	[1, -1, 1, 751, -2082]	[[12, 86]]
12	"2331.c1"	2331	[1, -1, 1, -23504, -626272]	[[169, 370]]
12	"2331.c2"	2331	[1, -1, 1, -11849, 492608]	[[106, 594]]
12	"2331.c3"	2331	[1, -1, 1, -11804, 496550]	[[1624/5, -703/5]]
12	"2331.c4"	2331	[1, -1, 1, -914, 1358660]	[[-30, 1180]]
16	"2338.c1"	2338	[1, -1, 0, -71, 247]	[[7, 4]]
16	"2338.c2"	2338	[1, -1, 0, -1, 9]	[[0, 3]]
10	"2340.a1"	2340	[0, 0, 0, -948, -11203]	[[91, 810]]
18	"2340.c2"	2340	[0, 0, 0, 12, -63]	[[6, 15]]
15	"2340.f1"	2340	[0, 0, 0, -1992, 39076]	[[32, 90]]
15	"2340.f2"	2340	[0, 0, 0, 168, -236]	[[5, 27]]
16	"2344.a1"	2344	[0, 0, 0, 5, -26]	[[3, 4]]
10	"2346.b2"	2346	[1, 1, 0, -245, 4653]	[[-13, 83]]
12	"2346.e1"	2346	[1, 0, 1, -2830, -58168]	[[1389/4, 35179/4]]
14	"2346.f2"	2346	[1, 0, 1, 84, -554]	[[8, 21]]
8	"2352.b1"	2352	[0, -1, 0, -2200, -37904]	[[-30, 14]]
8	"2352.b2"	2352	[0, -1, 0, 40, -2064]	[[26, 126]]
14	"2352.k1"	2352	[0, -1, 0, 6403, -44463]	[[13, 202]]
8	"2352.l1"	2352	[0, -1, 0, -1053712, 416675008]	[[1818, 67130]]
8	"2352.l3"	2352	[0, -1, 0, -81552, 3199680]	[[1722, 70470]]
8	"2352.l4"	2352	[0, -1, 0, -65872, 6523840]	[[154, 90]]
8	"2352.l5"	2352	[0, -1, 0, -3152, 151488]	[[26, 294]]
8	"2352.l6"	2352	[0, -1, 0, 302608, 24405312]	[[23434/15, 25489898/15]]
14	"2352.o1"	2352	[0, 1, 0, 131, 167]	[[23, 126]]
12	"2352.q2"	2352	[0, 1, 0, -604, 1196]	[[-25, 36]]
12	"2352.q3"	2352	[0, 1, 0, -359, -2724]	[[3028/3, 166600/3]]
12	"2352.r2"	2352	[0, 1, 0, 12, -36]	[[3, 6]]
12	"2355.d1"	2355	[1, 1, 0, -288, -2007]	[[24, 63]]
12	"2358.a1"	2358	[1, -1, 0, -639, 6349]	[[17, 5]]
12	"2358.a2"	2358	[1, -1, 0, -279, 13189]	[[-7, 125]]
12	"2358.i1"	2358	[1, -1, 0, -6, 0]	[[3, 0]]
12	"2358.i2"	2358	[1, -1, 0, 24, -18]	[[1, 2]]
16	"2358.m1"	2358	[1, -1, 1, -50306, -4330263]	[[863, 23949]]
16	"2358.m2"	2358	[1, -1, 1, -3146, -66999]	[[-33, 9]]
16	"2358.m3"	2358	[1, -1, 1, -2066, -114519]	[[75, 347]]
16	"2358.m4"	2358	[1, -1, 1, -266, -183]	[[-1, 9]]
12	"2358.n1"	2358	[1, -1, 1, -56, 55]	[[-7, 11]]
12	"2358.n2"	2358	[1, -1, 1, 214, 271]	[[-1/2, 115/2]]
12	"2360.a1"	2360	[0, 0, 0, -647, 6314]	[[13, 10]]
12	"2360.a2"	2360	[0, 0, 0, -22, 189]	[[-2, 15]]
16	"2361.a1"	2361	[0, -1, 1, 5, -3]	[[1, 1]]
16	"2363.a1"	2363	[0, -1, 1, -22, 64]	[[-4, 8]]
10	"2366.b1"	2366	[1, 0, 1, 4897, 278514]	[[183, 2612]]
9	"2366.e1"	2366	[1, 0, 1, -2647051, -1657865324]	[[2111092/3, 3064092680/3]]
9	"2366.e2"	2366	[1, 0, 1, -32621, -2285216]	[[2986/3, 126229/3]]
9	"2366.e3"	2366	[1, 0, 1, 1179, -16560]	[[66, 558]]
15	"2368.p1"	2368	[0, 0, 0, -262, -1630]	[[-83/3, 37/3]]
16	"2370.a1"	2370	[1, 1, 0, -198, 972]	[[9, 0]]
16	"2370.a2"	2370	[1, 1, 0, 2, 52]	[[1, 7]]
9	"2370.b2"	2370	[1, 0, 1, 1066, -378904]	[[6397/3, 502391/3]]
16	"2370.j1"	2370	[1, 1, 1, -13651200, 19407835185]	[[3615, 129785]]
16	"2370.j2"	2370	[1, 1, 1, -1511300, -225493135]	[[1339585/21, 1397237339/21]]
16	"2370.j3"	2370	[1, 1, 1, -855200, 301486385]	[[5647/3, 86611/3]]
16	"2370.j4"	2370	[1, 1, 1, -853200, 302980785]	[[623, 3393]]
16	"2370.j5"	2370	[1, 1, 1, -231100, 732864305]	[[-327755/33, 1006007243/33]]
16	"2370.j6"	2370	[1, 1, 1, -53200, 4740785]	[[93, 733]]
12	"2373.c1"	2373	[0, -1, 1, -7, 12]	[[0, 3]]
16	"2373.d1"	2373	[0, 1, 1, -75201, -8748241]	[[1803, 75631]]
8	"2373.f2"	2373	[1, 0, 1, -1831, -29923]	[[-23, 23]]
16	"2390.b1"	2390	[1, -1, 1, -170662, 27179061]	[[241, -61]]
16	"2390.b2"	2390	[1, -1, 1, -10662, 427061]	[[41, 219]]
10	"2392.a1"	2392	[0, -1, 0, 304, -1268]	[[9, 46]]
12	"2394.b3"	2394	[1, -1, 0, -693, 6885]	[[6, 51]]
12	"2394.b4"	2394	[1, -1, 0, 27, 405]	[[3, 21]]
18	"2394.c1"	2394	[1, -1, 0, -152187, 16325477]	[[91, 1750]]
18	"2394.c2"	2394	[1, -1, 0, -139692, 20130768]	[[-147, 6195]]
18	"2394.c3"	2394	[1, -1, 0, -139452, 20203200]	[[204, 360]]
18	"2394.c4"	2394	[1, -1, 0, 400773, 107342693]	[[-202, 4357]]
12	"2394.d1"	2394	[1, -1, 0, -11922, 364940]	[[179, 1896]]
12	"2394.d2"	2394	[1, -1, 0, -10977, 445419]	[[271, 4026]]
12	"2394.d3"	2394	[1, -1, 0, -4362, -105292]	[[-37, 85]]
12	"2394.d4"	2394	[1, -1, 0, -687, 7065]	[[24, 51]]
14	"2394.e2"	2394	[1, -1, 0, 6894, 332212]	[[51, 877]]
10	"2394.g1"	2394	[1, -1, 1, -5387, 153515]	[[45, 4]]
12	"2394.h1"	2394	[1, -1, 1, -56516, -5157169]	[[-137, 73]]
12	"2394.h2"	2394	[1, -1, 1, -3596, -76849]	[[-39, 73]]
12	"2394.h3"	2394	[1, -1, 1, -716, 6095]	[[3, 61]]
12	"2394.h4"	2394	[1, -1, 1, 3244, -339505]	[[75, 529]]
14	"2394.i1"	2394	[1, -1, 1, -1355, -18849]	[[-21, 8]]
18	"2394.j2"	2394	[1, -1, 1, -5505035, 4972852379]	[[1491, 8074]]
18	"2394.j5"	2394	[1, -1, 1, -71465, -6871507]	[[663, 15058]]
18	"2394.j6"	2394	[1, -1, 1, -70205, -7142155]	[[897, 25066]]
9	"2397.a1"	2397	[0, 1, 1, -11517, -479578]	[[-8975/12, 4049/12]]
12	"2400.b1"	2400	[0, -1, 0, -12008, -502488]	[[973/2, 26425/2]]
12	"2400.b3"	2400	[0, -1, 0, -758, -7488]	[[-17, 14]]
12	"2400.b4"	2400	[0, -1, 0, 367, -28863]	[[47, 300]]
18	"2400.c2"	2400	[0, -1, 0, 2, -8]	[[3, 4]]
12	"2400.i1"	2400	[0, -1, 0, -4008, 99012]	[[137, 1450]]
12	"2400.i2"	2400	[0, -1, 0, -1008, -10488]	[[-19, 38]]
12	"2400.i3"	2400	[0, -1, 0, -258, 1512]	[[6, 12]]
12	"2400.i4"	2400	[0, -1, 0, 367, 7137]	[[7, 100]]
12	"2400.o1"	2400	[0, -1, 0, -13458, 605412]	[[66, 18]]
12	"2400.o2"	2400	[0, -1, 0, -12833, 663537]	[[-8, 875]]
12	"2400.t1"	2400	[0, 1, 0, -538, 4628]	[[8, 30]]
16	"2400.y1"	2400	[0, 1, 0, -2033, -35937]	[[63, 300]]
16	"2400.y3"	2400	[0, 1, 0, -158, -312]	[[-3, 12]]
16	"2400.y4"	2400	[0, 1, 0, 592, -1812]	[[147, 1812]]
12	"2400.z1"	2400	[0, 1, 0, -4008, -99012]	[[293/2, 609/2]]
12	"2400.z3"	2400	[0, 1, 0, -258, -1512]	[[42, 252]]
12	"2400.z4"	2400	[0, 1, 0, 367, -7137]	[[18, 75]]
18	"2400.be2"	2400	[0, 1, 0, 42, -912]	[[89, 846]]
6	"2402.a1"	2402	[1, -1, 1, -196, -953]	[[-7, 9]]
12	"2405.c1"	2405	[1, 1, 1, -60165, 5655122]	[[132, 121]]
12	"2405.c2"	2405	[1, 1, 1, -59320, 5822770]	[[-2, 2438]]
8	"2408.b1"	2408	[0, 1, 0, -1832, -30800]	[[799/3, 19360/3]]
8	"2408.b2"	2408	[0, 1, 0, -112, -528]	[[84, 768]]
8	"2408.c1"	2408	[0, 0, 0, -629291, 192143366]	[[602446/33, 131150278/33]]
8	"2408.c2"	2408	[0, 0, 0, -41051, 2725270]	[[154606/21, 51913070/21]]
8	"2408.c3"	2408	[0, 0, 0, -39331, 3002190]	[[3142/3, 152306/3]]
8	"2408.c4"	2408	[0, 0, 0, -2351, 51186]	[[41, 154]]
12	"2410.a1"	2410	[1, -1, 1, -112, 479]	[[9, 7]]
12	"2412.a1"	2412	[0, 0, 0, -2487, 23870]	[[-38, 252]]
12	"2412.a2"	2412	[0, 0, 0, 528, 2765]	[[43, 324]]
14	"2413.a1"	2413	[1, -1, 1, -10, 14]	[[2, -1]]
9	"2413.c1"	2413	[0, 1, 1, 10, 27]	[[21/2, 123/2]]
12	"2414.b2"	2414	[1, 1, 0, 15, -43]	[[67/3, 533/3]]
18	"2414.f1"	2414	[1, 0, 0, -72038, -7448020]	[[-34886/15, 266558/15]]
8	"2415.a1"	2415	[1, 1, 1, -5051, 136064]	[[41, -17]]
8	"2415.a2"	2415	[1, 1, 1, -326, 1874]	[[6, 10]]
8	"2415.a3"	2415	[1, 1, 1, -81, -282]	[[-6, 8]]
8	"2415.a4"	2415	[1, 1, 1, 479, 10568]	[[-9, 79]]
12	"2415.c1"	2415	[1, 0, 0, -4430, -113505]	[[-38, 1]]
12	"2415.c2"	2415	[1, 0, 0, -405, 0]	[[27, 81]]
12	"2415.c3"	2415	[1, 0, 0, -280, 1775]	[[11, 2]]
12	"2415.c4"	2415	[1, 0, 0, 1620, 405]	[[12, 141]]
14	"2415.d1"	2415	[1, 0, 0, -230, -1173]	[[19, 28]]
14	"2415.d2"	2415	[1, 0, 0, 395, -6298]	[[29, 158]]
9	"2415.g2"	2415	[0, 1, 1, 189, -2809]	[[53/2, 371/2]]
14	"2415.i1"	2415	[1, 0, 1, -1438, -21037]	[[79, 560]]
14	"2415.i2"	2415	[1, 0, 1, -813, -39287]	[[59, 315]]
15	"2421.a1"	2421	[0, 0, 1, -3684, 84330]	[[-40, 409]]
15	"2421.a2"	2421	[0, 0, 1, -444, -3555]	[[-13, 4]]
12	"2422.d1"	2422	[1, 0, 1, -8, 4]	[[-2, 4]]
14	"2424.d1"	2424	[0, -1, 0, -10785, 434709]	[[36, 303]]
15	"2425.b1"	2425	[0, -1, 1, -172783, -27586282]	[[-86658/19, 20008/19]]
15	"2425.b2"	2425	[0, -1, 1, -3033, -1907]	[[-13, 187]]
8	"2426.a1"	2426	[1, 1, 0, 2, -4]	[[1, 0]]
12	"2430.d1"	2430	[1, -1, 0, -3174, -70732]	[[92, 594]]
9	"2430.e1"	2430	[1, -1, 0, -744, -7552]	[[-16, 0]]
15	"2430.j1"	2430	[1, -1, 1, -623, -5669]	[[-13, 16]]
12	"2430.k1"	2430	[1, -1, 1, -353, 2737]	[[13, 8]]
12	"2430.k2"	2430	[1, -1, 1, 1807, 6481]	[[5, 122]]
15	"2430.o2"	2430	[1, -1, 1, -1217, -16031]	[[-179/3, 256/3]]
14	"2432.c1"	2432	[0, -1, 0, -122, -482]	[[21, 76]]
10	"2432.e1"	2432	[0, 1, 0, -489, -4345]	[[37, 172]]
6	"2432.g1"	2432	[0, 1, 0, -2, 2]	[[-1, 2]]
10	"2434.a1"	2434	[1, 0, 0, -708, -7280]	[[-16, 4]]
10	"2434.a2"	2434	[1, 0, 0, -68, 16]	[[0, 4]]
12	"2434.b1"	2434	[1, -1, 1, -25, 53]	[[11, 26]]
12	"2434.b2"	2434	[1, -1, 1, -15, 89]	[[43/2, 217/2]]
14	"2434.c2"	2434	[1, 1, 1, -4, -119]	[[133/3, 1345/3]]
14	"2436.a1"	2436	[0, -1, 0, -124, 88]	[[-2, 18]]
10	"2436.b2"	2436	[0, -1, 0, 1967, 485590]	[[249/4, 46139/4]]
16	"2438.a1"	2438	[1, 1, 0, -4195042, 5074327668]	[[44212/3, 8600818/3]]
16	"2445.d1"	2445	[0, -1, 1, -14400, 2898281]	[[1125/2, 36671/2]]
15	"2448.f1"	2448	[0, 0, 0, 12, -4]	[[1, 3]]
12	"2448.h1"	2448	[0, 0, 0, -435, -3454]	[[-13, 2]]
12	"2448.h2"	2448	[0, 0, 0, -75, -8998]	[[49, 324]]
10	"2448.j2"	2448	[0, 0, 0, -75, -182]	[[-3, 4]]
12	"2448.o1"	2448	[0, 0, 0, -13059, -574398]	[[159, 1170]]
12	"2448.o2"	2448	[0, 0, 0, -819, -8910]	[[-17, 10]]
12	"2448.o3"	2448	[0, 0, 0, -99, -24030]	[[55, 370]]
12	"2448.o4"	2448	[0, 0, 0, -99, 162]	[[1, 8]]
16	"2448.p1"	2448	[0, 0, 0, -3995139, -3073590142]	[[52232599/65, 372218327118/65]]
16	"2448.p2"	2448	[0, 0, 0, -249699, -48023710]	[[-35065/11, 29770/11]]
16	"2448.p3"	2448	[0, 0, 0, -236739, -53231038]	[[1081, 30888]]
16	"2448.p4"	2448	[0, 0, 0, -16419, -667870]	[[-97, 110]]
16	"2448.p5"	2448	[0, 0, 0, -4899, 122402]	[[31, 18]]
16	"2448.p6"	2448	[0, 0, 0, 32541, -3889438]	[[2471/5, 67606/5]]
14	"2450.b1"	2450	[1, -1, 0, -161317, 24978841]	[[184, 1133]]
14	"2450.b2"	2450	[1, -1, 0, 1124933, -236901659]	[[1654, 77573]]
15	"2450.g2"	2450	[1, 1, 0, -3700, -106000]	[[139, 1376]]
15	"2450.g4"	2450	[1, 1, 0, 26925, 782125]	[[-15, 620]]
9	"2450.p1"	2450	[1, 1, 0, -12275, -528625]	[[505, 10810]]
12	"2450.t1"	2450	[1, 0, 0, -3344888, 2354339392]	[[1068, 152]]
12	"2450.t2"	2450	[1, 0, 0, -208888, 36835392]	[[172, 2364]]
12	"2450.t3"	2450	[1, 0, 0, -43513, 2860017]	[[32, 1209]]
12	"2450.t4"	2450	[1, 0, 0, -12888, -563858]	[[527/2, 845/2]]
12	"2450.t5"	2450	[1, 0, 0, -638, -12608]	[[88, 740]]
12	"2450.t6"	2450	[1, 0, 0, 5487, 263017]	[[-24, 355]]
15	"2450.bd1"	2450	[1, 0, 0, -153763, 23195017]	[[228, -65]]
15	"2450.bd2"	2450	[1, 0, 0, -638, 73142]	[[-61/2, 2315/2]]
12	"2451.d1"	2451	[1, 0, 0, -8, 9]	[[1, 1]]
12	"2454.b2"	2454	[1, 1, 0, 2041, -5643]	[[509, 11288]]
12	"2457.a1"	2457	[0, 0, 1, -1161, 14924]	[[7, 84]]
12	"2457.e1"	2457	[0, 0, 1, -395274, 95652315]	[[321, 1358]]
12	"2457.e2"	2457	[0, 0, 1, -25164, -1431763]	[[-95, 318]]
12	"2457.e3"	2457	[0, 0, 1, -4884, 130980]	[[-30, 500]]
16	"2460.a1"	2460	[0, -1, 0, -361, -2510]	[[-11, 3]]
16	"2460.a2"	2460	[0, -1, 0, -156, -5544]	[[30, 126]]
12	"2470.c1"	2470	[1, 0, 1, -1749, 27996]	[[-39, 212]]
12	"2470.c2"	2470	[1, 0, 1, -1664, 30862]	[[-47, 99]]
12	"2470.c3"	2470	[1, 0, 1, 11921, -203294]	[[175/3, 4844/3]]
12	"2478.c1"	2478	[1, 0, 1, -15226, -360724]	[[-35, 377]]
12	"2478.c2"	2478	[1, 0, 1, -12986, -570388]	[[1307/2, 42579/2]]
12	"2478.c3"	2478	[1, 0, 1, -7351, 241934]	[[49, -28]]
12	"2478.c4"	2478	[1, 0, 1, -491, 3206]	[[-21, 76]]
16	"2478.d1"	2478	[1, 1, 1, -68511744, -218299350495]	[[31511, 5361297]]
16	"2478.d2"	2478	[1, 1, 1, -4281984, -3412265439]	[[2837, 83925]]
16	"2478.d3"	2478	[1, 1, 1, -4277504, -3419755999]	[[25531/3, 2266105/3]]
16	"2478.d4"	2478	[1, 1, 1, -267904, -53283295]	[[-285, -5]]
16	"2478.h1"	2478	[1, 0, 0, -224, 0]	[[-8, 40]]
16	"2478.h2"	2478	[1, 0, 0, 896, 224]	[[20, 152]]
12	"2480.d1"	2480	[0, 1, 0, -96, -380]	[[-6, 4]]
12	"2480.d2"	2480	[0, 1, 0, 4, -20]	[[6, 16]]
14	"2480.g1"	2480	[0, 0, 0, -5323, -149478]	[[154, 1638]]
12	"2483.a1"	2483	[0, 0, 1, -16, -25]	[[5, 4]]
12	"2484.a1"	2484	[0, 0, 0, 528, -4300]	[[13, 69]]
9	"2484.b1"	2484	[0, 0, 0, -1404, -18171]	[[-17, 28]]
9	"2485.c2"	2485	[0, 1, 1, 1155, 101134]	[[-4223/12, 357047/12]]
16	"2485.d1"	2485	[1, 0, 1, -288, -637]	[[-11, 40]]
16	"2485.d2"	2485	[1, 0, 1, 67, -69]	[[5, 17]]
10	"2490.a1"	2490	[1, 1, 0, -218, -1332]	[[-9, 6]]
10	"2490.a2"	2490	[1, 1, 0, -18, -12]	[[-4, 6]]
14	"2490.h2"	2490	[1, 1, 1, 60, -423]	[[5, 3]]
16	"2490.j2"	2490	[1, 0, 0, 485, 247025]	[[-40, 425]]
12	"2496.c1"	2496	[0, -1, 0, -3329, -72831]	[[67, 20]]
12	"2496.c2"	2496	[0, -1, 0, -209, -1071]	[[-8, 5]]
12	"2496.c4"	2496	[0, -1, 0, 31, -3615]	[[40, 245]]
12	"2496.h1"	2496	[0, -1, 0, -2993, -57519]	[[-35, 56]]
12	"2496.h2"	2496	[0, -1, 0, -2933, -60171]	[[116, 1071]]
12	"2496.h3"	2496	[0, -1, 0, -593, 5745]	[[13, 8]]
12	"2496.h4"	2496	[0, -1, 0, -53, 21]	[[-3, 12]]
14	"2496.j1"	2496	[0, -1, 0, -13, 13]	[[4, 3]]
14	"2496.j2"	2496	[0, -1, 0, 47, 49]	[[0, 7]]
8	"2496.l1"	2496	[0, -1, 0, -14977, 710497]	[[96, 385]]
8	"2496.l2"	2496	[0, -1, 0, -937, 11305]	[[15, 20]]
8	"2496.l3"	2496	[0, -1, 0, -417, 23265]	[[67, 540]]
8	"2496.l4"	2496	[0, -1, 0, -92, -18]	[[-11/2, 115/2]]
12	"2496.s1"	2496	[0, 1, 0, -3329, 72831]	[[69, 420]]
12	"2496.s2"	2496	[0, 1, 0, -209, 1071]	[[10, 9]]
12	"2496.s3"	2496	[0, 1, 0, -29, -45]	[[-2, 3]]
12	"2496.s4"	2496	[0, 1, 0, 31, 3615]	[[-6, 57]]
10	"2496.u2"	2496	[0, 1, 0, 47, -49]	[[10, 39]]
12	"2496.v1"	2496	[0, 1, 0, -2993, 57519]	[[18, 99]]
12	"2496.v2"	2496	[0, 1, 0, -2933, 60171]	[[30, 9]]
12	"2496.v3"	2496	[0, 1, 0, -593, -5745]	[[-14, 3]]
12	"2496.w2"	2496	[0, 1, 0, -8, -6]	[[-3/2, 3/2]]
16	"2496.y2"	2496	[0, 1, 0, -328, -2398]	[[41, 234]]
14	"2498.a2"	2498	[1, -1, 1, 59, -179]	[[5, 12]]
14	"2499.c1"	2499	[1, 0, 0, -540, -4131]	[[-15, 33]]
15	"2499.d1"	2499	[0, -1, 1, -2907, 61340]	[[68, 416]]
15	"2499.d2"	2499	[0, -1, 1, 33, 335]	[[5, 24]]
6	"2499.i1"	2499	[1, 1, 0, -4, 1]	[[0, 1]]
9	"2502.c1"	2502	[1, -1, 0, -9, -243]	[[18, 63]]
10	"2502.h1"	2502	[1, -1, 1, -521, -4439]	[[-13, 8]]
12	"2502.j1"	2502	[1, -1, 1, -13440551, -18962546209]	[[-103673/7, 378834/7]]
12	"2502.j2"	2502	[1, -1, 1, -843431, -293614369]	[[-509, 2158]]
12	"2502.j3"	2502	[1, -1, 1, -106151, 6311135]	[[3, 2446]]
12	"2502.j4"	2502	[1, -1, 1, -42791, -828762145]	[[4495, 297394]]
12	"2506.a1"	2506	[1, 1, 0, -341420, -76928074]	[[-21647/8, 90347/8]]
12	"2506.a2"	2506	[1, 1, 0, -21010, -1247232]	[[2283/2, 102969/2]]
12	"2510.c1"	2510	[1, 0, 0, -2285, -42215]	[[-28, 17]]
12	"2510.c2"	2510	[1, 0, 0, -85, 225]	[[2, 7]]
10	"2517.c1"	2517	[1, 0, 1, -6, -23]	[[5, 6]]
14	"2520.c1"	2520	[0, 0, 0, -783, 4482]	[[31, 100]]
12	"2520.d1"	2520	[0, 0, 0, -20163, 1101998]	[[83, 16]]
12	"2520.d2"	2520	[0, 0, 0, -1263, 17138]	[[1, 126]]
12	"2520.d3"	2520	[0, 0, 0, -363, 41078]	[[11, 196]]
12	"2520.d4"	2520	[0, 0, 0, -138, -187]	[[-2, 9]]
16	"2520.g1"	2520	[0, 0, 0, -219603, 39600398]	[[1537/2, 27657/2]]
16	"2520.g2"	2520	[0, 0, 0, -15483, 450182]	[[-41, 1008]]
16	"2520.g3"	2520	[0, 0, 0, -6663, -204262]	[[-46, 70]]
16	"2520.g4"	2520	[0, 0, 0, -6618, -207223]	[[97, 252]]
16	"2520.g6"	2520	[0, 0, 0, 47517, 3184382]	[[134, 3458]]
10	"2520.m2"	2520	[0, 0, 0, 18, -19]	[[2, 5]]
8	"2520.n1"	2520	[0, 0, 0, -26067, -1619714]	[[1670, 67914]]
8	"2520.n2"	2520	[0, 0, 0, -1767, -20774]	[[-33, 40]]
8	"2520.n4"	2520	[0, 0, 0, 4533, -135434]	[[30, 166]]
14	"2520.q2"	2520	[0, 0, 0, 513, -185166]	[[103, 980]]
12	"2520.r1"	2520	[0, 0, 0, -33627, 2373446]	[[107, 20]]
12	"2520.r2"	2520	[0, 0, 0, -5907, -127906]	[[-37, 200]]
12	"2520.r3"	2520	[0, 0, 0, -2127, 36146]	[[37, 90]]
12	"2520.r4"	2520	[0, 0, 0, 78, 2189]	[[-2, 45]]
14	"2525.a1"	2525	[1, -1, 1, -255, 1622]	[[10, -4]]
14	"2525.b1"	2525	[0, -1, 1, -33, -32]	[[-4, 4]]
10	"2526.a1"	2526	[1, 1, 0, -3196, 68176]	[[19, 112]]
16	"2526.b1"	2526	[1, 1, 0, 3, 3]	[[-1, 1]]
16	"2526.d1"	2526	[1, 0, 0, -81, 297]	[[6, 3]]
14	"2528.c1"	2528	[0, 1, 0, -97, -401]	[[-6, 1]]
9	"2534.a1"	2534	[1, -1, 0, -113, 541]	[[18, 55]]
15	"2534.h1"	2534	[1, 0, 0, -1208, 16064]	[[26, 36]]
14	"2535.c1"	2535	[0, 1, 1, -30, 56]	[[0, 7]]
12	"2535.e2"	2535	[1, 0, 0, -101, 480]	[[1, 19]]
18	"2535.i1"	2535	[0, 1, 1, -3215, -87694]	[[70, 187]]
18	"2535.i2"	2535	[0, 1, 1, 295, 1109]	[[31, 202]]
8	"2535.j1"	2535	[1, 1, 0, -365043, -85043772]	[[139441789/348, 1323572725861/348]]
8	"2535.j2"	2535	[1, 1, 0, -22818, -1335537]	[[35989/12, 4866403/12]]
8	"2535.j3"	2535	[1, 1, 0, -18593, -1840002]	[[132567229/732, 1113712635343/732]]
8	"2535.j4"	2535	[1, 1, 0, -13523, 599682]	[[943/2, 25083/2]]
8	"2535.j5"	2535	[1, 1, 0, -1693, -13112]	[[-113/2, 1031/2]]
8	"2535.j6"	2535	[1, 1, 0, -848, 9027]	[[14, 5]]
8	"2535.j7"	2535	[1, 1, 0, -3, 408]	[[56, 396]]
15	"2538.a1"	2538	[1, -1, 0, -1905, 32597]	[[23, 12]]
8	"2538.b1"	2538	[1, -1, 0, -12, -16]	[[5, 3]]
16	"2538.e1"	2538	[1, -1, 1, -110, 541]	[[7, 5]]
14	"2545.a1"	2545	[1, -1, 1, 3, -6]	[[2, 1]]
9	"2548.d1"	2548	[0, -1, 0, -82434, 5727541]	[[705/4, 94471/4]]
15	"2548.j1"	2548	[0, -1, 0, -268, 1800]	[[9, 6]]
16	"2550.c1"	2550	[1, 1, 0, -693600, -222626250]	[[1775, 63475]]
16	"2550.c2"	2550	[1, 1, 0, -43350, -3492000]	[[-121, 70]]
16	"2550.c3"	2550	[1, 1, 0, -41100, -3867750]	[[329, 4120]]
16	"2550.c4"	2550	[1, 1, 0, -2850, -49500]	[[-40, 70]]
16	"2550.c6"	2550	[1, 1, 0, 5650, -279000]	[[45, 240]]
8	"2550.d1"	2550	[1, 1, 0, -4650, -123750]	[[-39, 6]]
8	"2550.d2"	2550	[1, 1, 0, -4150, 100750]	[[45, 65]]
8	"2550.d3"	2550	[1, 1, 0, -400, -500]	[[-5, 40]]
8	"2550.d4"	2550	[1, 1, 0, 100, 0]	[[4, 20]]
12	"2550.i1"	2550	[1, 0, 1, -3901, 83198]	[[-8, 341]]
15	"2550.j1"	2550	[1, 0, 1, -16576, -489202]	[[-441/2, 713/2]]
14	"2550.s2"	2550	[1, 1, 1, -453, 3531]	[[9, 12]]
12	"2550.u3"	2550	[1, 1, 1, -5388, 257781]	[[15, 417]]
12	"2550.u4"	2550	[1, 1, 1, 45237, -4723719]	[[195, 3302]]
15	"2550.v1"	2550	[1, 1, 1, -513, -3969]	[[-15, 32]]
16	"2550.bc1"	2550	[1, 0, 0, -1154838, 477536292]	[[672, 1914]]
16	"2556.a1"	2556	[0, 0, 0, -87, -130]	[[-2, 6]]
16	"2556.a2"	2556	[0, 0, 0, -72, -235]	[[43, 276]]
8	"2557.a1"	2557	[1, 0, 0, -5, -4]	[[-1, 1]]
14	"2565.a1"	2565	[0, 0, 1, -67743, -488302]	[[-8, 230]]
18	"2565.b1"	2565	[0, 0, 1, -318, 2178]	[[-18, 45]]
18	"2565.b2"	2565	[0, 0, 1, -18, -27]	[[-3, 0]]
6	"2568.b1"	2568	[0, -1, 0, -20, -27]	[[-2, 1]]
14	"2570.b1"	2570	[1, -1, 1, -22, -219]	[[9, 11]]
14	"2576.a1"	2576	[0, 0, 0, -8419, -301667]	[[404, 7889]]
16	"2576.c2"	2576	[0, 1, 0, 552, -23276]	[[23, 46]]
10	"2576.g1"	2576	[0, -1, 0, 6, 43]	[[1, 7]]
16	"2576.j1"	2576	[0, 0, 0, -1979, -33878]	[[199, 2730]]
16	"2576.j2"	2576	[0, 0, 0, -139, -390]	[[15, 30]]
16	"2576.j4"	2576	[0, 0, 0, 421, -2742]	[[79/3, 1090/3]]
12	"2576.k1"	2576	[0, 0, 0, -979, -11790]	[[103, 990]]
12	"2576.k2"	2576	[0, 0, 0, -59, -198]	[[11, 22]]
10	"2576.m1"	2576	[0, -1, 0, -2784, -55552]	[[176, 2208]]
12	"2576.n2"	2576	[0, -1, 0, 4192, -16816]	[[166, 2286]]
18	"2577.a1"	2577	[0, -1, 1, -4, -12]	[[4, 4]]
12	"2584.a2"	2584	[0, 1, 0, 1, -14]	[[3, 5]]
12	"2586.a1"	2586	[1, 1, 1, -279, 1671]	[[39/2, -33/2]]
12	"2586.a2"	2586	[1, 1, 1, -9, 51]	[[3, 6]]
16	"2590.b1"	2590	[1, 1, 0, -303, 803]	[[-13, 59]]
16	"2590.b2"	2590	[1, 1, 0, 67, 137]	[[16, 67]]
14	"2592.d1"	2592	[0, 0, 0, -108, 864]	[[-6, 36]]
6	"2595.b2"	2595	[1, 1, 1, 30, 120]	[[-2, 8]]
12	"2595.c1"	2595	[1, 1, 0, -3093, -65262]	[[-24697/26, 766715/26]]
12	"2595.c2"	2595	[1, 1, 0, -498, 2727]	[[-97/2, 383/2]]
12	"2595.c3"	2595	[1, 1, 0, -453, 3528]	[[-24, 48]]
12	"2595.c4"	2595	[1, 1, 0, 1377, 20352]	[[-5737/22, 599773/22]]
15	"2597.d1"	2597	[1, 1, 0, -25, 36]	[[0, 6]]
8	"2598.b1"	2598	[1, 1, 0, -70, -236]	[[-5, 7]]
8	"2598.b2"	2598	[1, 1, 0, 90, -972]	[[27, 135]]
12	"2598.f1"	2598	[1, 0, 0, -393, 2961]	[[12, -3]]
12	"2598.f2"	2598	[1, 0, 0, -33, 9]	[[0, 3]]
14	"2600.a1"	2600	[0, 0, 0, -100, 340]	[[-4, 26]]
10	"2600.c2"	2600	[0, 1, 0, -8, -12512]	[[28, 100]]
14	"2600.f1"	2600	[0, -1, 0, -33, 37]	[[-3, 10]]
16	"2600.h1"	2600	[0, 0, 0, -14075, -642250]	[[-3286/7, 2388/7]]
16	"2600.h2"	2600	[0, 0, 0, -1075, -5250]	[[-14, 84]]
16	"2600.h4"	2600	[0, 0, 0, 3925, -40250]	[[270, 4550]]
18	"2601.e1"	2601	[1, -1, 1, -29, 136]	[[-2, 14]]
6	"2601.h1"	2601	[1, -1, 0, -3, -4]	[[4, 4]]
16	"2604.b2"	2604	[0, 1, 0, -22713, -1325016]	[[-87, 9]]
12	"2604.c2"	2604	[0, 1, 0, -33, -84]	[[76/3, 476/3]]
12	"2604.d1"	2604	[0, 1, 0, -29828, -1984428]	[[-101, 90]]
12	"2604.d2"	2604	[0, 1, 0, -29793, -1989300]	[[1900/3, 29260/3]]
12	"2604.d3"	2604	[0, 1, 0, -2108, 34596]	[[19, 42]]
12	"2604.d4"	2604	[0, 1, 0, -393, -2448]	[[-7, 3]]
16	"2605.a1"	2605	[1, 1, 0, -37, -84]	[[-89/6, 277/6]]
16	"2605.a2"	2605	[1, 1, 0, -12, 11]	[[-1/2, 31/2]]
12	"2608.a1"	2608	[0, 1, 0, -40, -108]	[[-4, 2]]
6	"2608.b1"	2608	[0, 0, 0, -32, -80]	[[9, 19]]
12	"2608.c1"	2608	[0, 0, 0, -1283, 17666]	[[1, 128]]
14	"2608.f1"	2608	[0, -1, 0, 7, 5]	[[4, 9]]
9	"2609.a1"	2609	[1, 1, 0, -1, 2]	[[-2, 2]]
8	"2610.a2"	2610	[1, -1, 0, 1440, -2307200]	[[311, 5150]]
14	"2610.b1"	2610	[1, -1, 0, -19229490, 32459523606]	[[10023/2, 5115/2]]
14	"2610.b2"	2610	[1, -1, 0, -19229220, 32460480540]	[[2508, 834]]
14	"2610.b3"	2610	[1, -1, 0, -390240, -93157344]	[[-1497/2, 6339/2]]
14	"2610.b4"	2610	[1, -1, 0, -40320, 691200]	[[-192, 1248]]
10	"2610.d1"	2610	[1, -1, 0, -315, -2025]	[[-9, 9]]
10	"2610.d2"	2610	[1, -1, 0, -45, 81]	[[0, 9]]
10	"2610.f2"	2610	[1, -1, 0, -99, 85]	[[-1, 14]]
14	"2610.i1"	2610	[1, -1, 1, -26198, 1124197]	[[25, 683]]
12	"2610.j1"	2610	[1, -1, 1, -36158, 2655231]	[[3807/2, 226623/2]]
12	"2610.j2"	2610	[1, -1, 1, -2408, 36231]	[[41, 51]]
12	"2610.j4"	2610	[1, -1, 1, 5422, 217887]	[[-97/2, 2235/2]]
12	"2610.k1"	2610	[1, -1, 1, -200453, 34593581]	[[265, 42]]
12	"2610.k2"	2610	[1, -1, 1, -12533, 542477]	[[33, 388]]
12	"2610.k3"	2610	[1, -1, 1, -8933, 857837]	[[57, 700]]
14	"2610.l1"	2610	[1, -1, 1, -632, 6139]	[[7, 41]]
16	"2610.m2"	2610	[1, -1, 1, 13, 211]	[[1, 14]]
12	"2615.a1"	2615	[0, -1, 1, -151, -943]	[[351, 6562]]
14	"2616.a2"	2616	[0, -1, 0, 108, -108]	[[26, 140]]
16	"2616.c1"	2616	[0, 1, 0, -24, -855]	[[12, 27]]
16	"2616.d1"	2616	[0, 1, 0, -48, 117]	[[6, 9]]
10	"2619.b1"	2619	[0, 0, 1, 6, -5]	[[1, 1]]
14	"2619.c1"	2619	[0, 0, 1, 54, 128]	[[-2, 3]]
15	"2620.a1"	2620	[0, 1, 0, -90, -755]	[[13, 21]]
12	"2624.d1"	2624	[0, 0, 0, -44, -80]	[[-3, 5]]
12	"2624.d2"	2624	[0, 0, 0, 116, -528]	[[29, 165]]
10	"2624.f2"	2624	[0, -1, 0, 31, -511]	[[127/3, 1360/3]]
10	"2624.g1"	2624	[0, -1, 0, -737, -7327]	[[-128/3, 235/3]]
12	"2626.c1"	2626	[1, 1, 0, -2, -10]	[[7, 16]]
8	"2628.b1"	2628	[0, 0, 0, -552, -5708]	[[77, 639]]
14	"2630.a1"	2630	[1, 1, 0, -628, -6832]	[[31, 53]]
10	"2630.b1"	2630	[1, 1, 0, 48, -584]	[[7, 9]]
6	"2630.d1"	2630	[1, 0, 1, 2, -2]	[[2, 2]]
9	"2632.a1"	2632	[0, -1, 0, 0, 28]	[[-2, 4]]
18	"2632.d1"	2632	[0, -1, 0, -152, -52]	[[-11/2, 147/2]]
14	"2634.a1"	2634	[1, 1, 0, 4358, -717932]	[[3291/2, 186133/2]]
14	"2634.b1"	2634	[1, 1, 1, -45, 99]	[[3, 0]]
18	"2634.c1"	2634	[1, 0, 0, 78, 36]	[[6, 24]]
10	"2642.a1"	2642	[1, -1, 1, -43, -97]	[[11, 20]]
18	"2645.b1"	2645	[0, 1, 1, -15, -69]	[[15, 57]]
14	"2645.c1"	2645	[0, 0, 1, 3703, 130795]	[[-23/2, 2641/2]]
15	"2646.q1"	2646	[1, -1, 1, -62264, 5995567]	[[149, 23]]
15	"2646.q2"	2646	[1, -1, 1, -524, 13647]	[[51, 317]]
18	"2646.w1"	2646	[1, -1, 1, -20, 39]	[[3, -1]]
12	"2646.y1"	2646	[1, -1, 1, -468425, 123515011]	[[1583/2, -1489/2]]
12	"2646.y2"	2646	[1, -1, 1, -5375, 195535]	[[65, 310]]
16	"2650.j1"	2650	[1, 0, 0, -188, 992]	[[2, 24]]
16	"2652.b2"	2652	[0, -1, 0, 52, -360]	[[14, 54]]
10	"2652.c1"	2652	[0, -1, 0, -2452, 47560]	[[30, 10]]
14	"2652.e1"	2652	[0, 1, 0, -1249, 16580]	[[32, 102]]
12	"2652.g1"	2652	[0, 1, 0, -4628, 119652]	[[48, 102]]
15	"2655.a1"	2655	[0, 0, 1, -1137, -14720]	[[-20, 4]]
12	"2660.b1"	2660	[0, 1, 0, -180, 868]	[[8, 2]]
12	"2660.b2"	2660	[0, 1, 0, -5, 28]	[[1, 5]]
12	"2660.c1"	2660	[0, 1, 0, -6860, -6860]	[[-77, 266]]
12	"2660.c2"	2660	[0, 1, 0, -4660, 120900]	[[-37, 494]]
12	"2660.c3"	2660	[0, 1, 0, -285, 1900]	[[8, 14]]
12	"2660.c4"	2660	[0, 1, 0, 1715, 0]	[[28, 266]]
12	"2664.a1"	2664	[0, 0, 0, -102, 385]	[[8, 9]]
12	"2664.a2"	2664	[0, 0, 0, 33, 1330]	[[-1, 36]]
12	"2664.d1"	2664	[0, 0, 0, -1695, 26642]	[[19, 36]]
12	"2664.d2"	2664	[0, 0, 0, -30, 1001]	[[-8, 27]]
12	"2667.a1"	2667	[0, 1, 1, 2, -2]	[[1, 1]]
12	"2667.c2"	2667	[1, 0, 0, 22, 339]	[[-5, 13]]
12	"2670.a1"	2670	[1, 1, 0, -143, 597]	[[2, 17]]
12	"2670.a2"	2670	[1, 1, 0, -43, 1537]	[[7, 37]]
12	"2670.c1"	2670	[1, 1, 1, -219805, 39568115]	[[295, 564]]
12	"2670.c2"	2670	[1, 1, 1, -15005, 492275]	[[-57, 1108]]
16	"2670.e1"	2670	[1, 0, 0, -155685, -23656743]	[[-228, 123]]
16	"2670.e2"	2670	[1, 0, 0, -9885, -357903]	[[-48, -57]]
16	"2670.e3"	2670	[1, 0, 0, -1885, 24497]	[[2, 143]]
16	"2670.e4"	2670	[1, 0, 0, 7915, -1500663]	[[112, 835]]
18	"2674.c1"	2674	[1, 1, 0, -70, 108]	[[-9, 15]]
14	"2674.f1"	2674	[1, -1, 1, -2536, -47445]	[[-27, 41]]
9	"2678.b1"	2678	[1, 0, 1, -305916, -64308166]	[[2619/2, 29567/2]]
14	"2678.d1"	2678	[1, 1, 0, -6, -8]	[[-2, 2]]
14	"2678.g1"	2678	[1, 1, 0, -7383720, -7725631168]	[[10267920557760973/830139, 1017553372463320146205547/830139]]
12	"2680.c1"	2680	[0, -1, 0, 4, 1]	[[0, 1]]
14	"2686.a1"	2686	[1, -1, 1, -35605, -1948179]	[[-81, 672]]
18	"2686.b1"	2686	[1, 0, 0, -398812, -87740384]	[[-181226/21, 26040442/21]]
14	"2686.d1"	2686	[1, 1, 1, -13133, 525763]	[[-97, 996]]
12	"2688.c1"	2688	[0, -1, 0, -29, -27]	[[7, 8]]
12	"2688.c2"	2688	[0, -1, 0, 6, -6]	[[29, 154]]
10	"2688.g1"	2688	[0, -1, 0, -553, 2425]	[[-11, 84]]
12	"2688.j2"	2688	[0, -1, 0, 23, 25]	[[0, 5]]
8	"2688.k2"	2688	[0, -1, 0, -42, 990]	[[17, 70]]
6	"2688.m1"	2688	[0, 1, 0, -105, -441]	[[-6, 3]]
12	"2688.n1"	2688	[0, 1, 0, -29, 27]	[[-2, 9]]
12	"2688.n2"	2688	[0, 1, 0, 6, 6]	[[5/2, 33/2]]
16	"2688.o2"	2688	[0, 1, 0, -169, 7751]	[[5, 84]]
14	"2688.r2"	2688	[0, 1, 0, -63, 81]	[[0, 9]]
18	"2688.s1"	2688	[0, 1, 0, -92393, -9069753]	[[-182, 1323]]
18	"2688.s2"	2688	[0, 1, 0, -26783, 1545945]	[[61, 378]]
14	"2688.t1"	2688	[0, 1, 0, -253, -901]	[[-7, 24]]
14	"2688.u1"	2688	[0, 1, 0, -1853, 30075]	[[1, 168]]
16	"2688.v2"	2688	[0, 1, 0, -42, -990]	[[45/2, 75/2]]
8	"2690.a1"	2690	[1, -1, 0, -25, 55]	[[3, -1]]
16	"2690.b1"	2690	[1, 0, 1, 222, -12]	[[12, 60]]
12	"2690.d1"	2690	[1, 0, 0, -45, -685]	[[487/6, 6107/6]]
12	"2690.d2"	2690	[1, 0, 0, 5, 25]	[[12, 37]]
12	"2691.b1"	2691	[1, -1, 1, -35, -16]	[[-2, 7]]
12	"2691.b2"	2691	[1, -1, 1, -20, 38]	[[4, 1]]
12	"2691.g1"	2691	[1, -1, 0, -1971, -32918]	[[291/2, 3329/2]]
12	"2691.g2"	2691	[1, -1, 0, -216, 427]	[[66, 487]]
12	"2691.g3"	2691	[1, -1, 0, -171, 904]	[[20, 62]]
15	"2694.a1"	2694	[1, 1, 0, 33, 45]	[[3, 12]]
12	"2694.b1"	2694	[1, 1, 0, -2663048, 1671637824]	[[1315, 20457]]
16	"2694.e1"	2694	[1, 0, 1, 22, 20]	[[0, 4]]
16	"2694.g1"	2694	[1, 1, 1, -36, 165]	[[-3, 17]]
12	"2694.h1"	2694	[1, 0, 0, -1084567, -434833489]	[[35891/2, 6715711/2]]
12	"2694.h2"	2694	[1, 0, 0, -12937, -639631]	[[164, 1205]]
18	"2694.i2"	2694	[1, 0, 0, 257, 5]	[[10, 55]]
8	"2698.a1"	2698	[1, -1, 0, -51881, -4535475]	[[6491125/153, 4984368740/153]]
14	"2700.e1"	2700	[0, 0, 0, 15, 25]	[[5, 15]]
12	"2700.j1"	2700	[0, 0, 0, 0, -16875]	[[679/3, 17342/3]]
15	"2700.n1"	2700	[0, 0, 0, -15375, 733750]	[[71, 6]]
15	"2700.n2"	2700	[0, 0, 0, -375, -1250]	[[-6, 28]]
10	"2700.p1"	2700	[0, 0, 0, 3375, -84375]	[[25, 125]]
14	"2702.b1"	2702	[1, -1, 1, -2095, 37423]	[[29, 6]]
14	"2702.b2"	2702	[1, -1, 1, -135, 575]	[[1, 20]]
12	"2703.a1"	2703	[1, 0, 0, -67, 206]	[[5, -4]]
12	"2703.c1"	2703	[1, 1, 0, -1300, 17509]	[[20, -7]]
12	"2704.k1"	2704	[0, 1, 0, -870744, -318254572]	[[1079686/29, 636673024/29]]
12	"2704.k2"	2704	[0, 1, 0, 8056, 855284]	[[1070, 35152]]
12	"2715.b1"	2715	[1, 0, 0, -770, 5487]	[[39, 168]]
12	"2715.b2"	2715	[1, 0, 0, 135, 600]	[[5, 35]]
12	"2715.c1"	2715	[1, 0, 1, -963, 11413]	[[17, -3]]
12	"2715.c2"	2715	[1, 0, 1, -58, 191]	[[7, 8]]
6	"2718.e1"	2718	[1, -1, 0, 3, -91]	[[5, 3]]
12	"2720.b1"	2720	[0, 1, 0, -1926, 31900]	[[21, 34]]
15	"2724.c1"	2724	[0, 1, 0, -653, -10401]	[[42, 195]]
12	"2726.c1"	2726	[1, -1, 0, -1670, -23756]	[[-21, 52]]
12	"2726.d1"	2726	[1, 1, 0, -3, -1]	[[-1, 2]]
16	"2730.a1"	2730	[1, 1, 0, -1315758, -581449788]	[[2641, 118567]]
16	"2730.a2"	2730	[1, 1, 0, -85438, -8366732]	[[444, 6218]]
16	"2730.a4"	2730	[1, 1, 0, 141362, -44972252]	[[363, 7190]]
16	"2730.d1"	2730	[1, 1, 0, -7843, 264103]	[[51, -22]]
16	"2730.d2"	2730	[1, 1, 0, -1143, -9477]	[[-17, 82]]
16	"2730.d3"	2730	[1, 1, 0, -493, 3913]	[[9, 13]]
16	"2730.d4"	2730	[1, 1, 0, 7, 213]	[[-2, 15]]
12	"2730.i1"	2730	[1, 1, 0, -2912, 59286]	[[37, 44]]
12	"2730.i2"	2730	[1, 1, 0, -332, -966]	[[-5, 27]]
12	"2730.i3"	2730	[1, 1, 0, -182, 864]	[[5, 8]]
12	"2730.i4"	2730	[1, 1, 0, -2, 36]	[[0, 6]]
12	"2730.n1"	2730	[1, 0, 1, -10739, -428218]	[[-60, 61]]
12	"2730.n2"	2730	[1, 0, 1, -939, -938]	[[-4, 54]]
12	"2730.n3"	2730	[1, 0, 1, -619, 5846]	[[16, 2]]
12	"2730.n4"	2730	[1, 0, 1, 3741, -6554]	[[14, 213]]
16	"2730.x1"	2730	[1, 1, 1, -462410, -121097185]	[[-397, 523]]
16	"2730.x2"	2730	[1, 1, 1, -332850, 73774335]	[[333, -157]]
16	"2730.x3"	2730	[1, 1, 1, -36530, -828673]	[[-33, 601]]
16	"2730.x4"	2730	[1, 1, 1, -20850, 1140735]	[[93, 83]]
16	"2730.x5"	2730	[1, 1, 1, -370, 43007]	[[-3, 211]]
16	"2730.x6"	2730	[1, 1, 1, 138470, -6288673]	[[87, 2491]]
16	"2730.y1"	2730	[1, 0, 0, -2856, -58824]	[[-30, 6]]
16	"2730.y2"	2730	[1, 0, 0, -2776, 55880]	[[38, 56]]
16	"2730.y3"	2730	[1, 0, 0, -256, -64]	[[26, 92]]
16	"2730.y4"	2730	[1, 0, 0, 64, 0]	[[4, 16]]
12	"2735.c1"	2735	[0, -1, 1, 144, 187]	[[181/6, 6767/6]]
9	"2736.c1"	2736	[0, 0, 0, -110784, -14192656]	[[161305/11, 62532117/11]]
9	"2736.c2"	2736	[0, 0, 0, -1344, -20176]	[[97, 873]]
12	"2736.e1"	2736	[0, 0, 0, -11451, 458570]	[[73, 108]]
12	"2736.e2"	2736	[0, 0, 0, -1731, -17710]	[[-29, 90]]
12	"2736.e3"	2736	[0, 0, 0, -1551, -23506]	[[77, 560]]
12	"2736.e4"	2736	[0, 0, 0, 5109, -123046]	[[47, 470]]
10	"2736.f1"	2736	[0, 0, 0, -531, 4690]	[[17, 24]]
8	"2736.j2"	2736	[0, 0, 0, -12315, -755894]	[[362, 6498]]
14	"2736.l1"	2736	[0, 0, 0, -135, -378]	[[13, 8]]
10	"2736.m1"	2736	[0, 0, 0, -15, 14]	[[5, 8]]
10	"2736.m2"	2736	[0, 0, 0, 45, 98]	[[1, 12]]
18	"2736.n1"	2736	[0, 0, 0, -12315, -4231222]	[[26261/11, 2424832/11]]
18	"2736.n2"	2736	[0, 0, 0, -2235, 40682]	[[29, 16]]
18	"2736.n3"	2736	[0, 0, 0, 1365, 154586]	[[-43, 128]]
12	"2736.o1"	2736	[0, 0, 0, -61635, -5889598]	[[1793, 75152]]
12	"2736.o2"	2736	[0, 0, 0, -60195, -6177886]	[[313, 2376]]
12	"2736.o3"	2736	[0, 0, 0, -1155, 1154]	[[65, 448]]
12	"2736.o4"	2736	[0, 0, 0, 4605, 9218]	[[17, 304]]
15	"2736.p1"	2736	[0, 0, 0, -12, 92]	[[1, 9]]
14	"2736.r1"	2736	[0, 0, 0, -4779, -126630]	[[-38, 10]]
18	"2738.a1"	2738	[1, 0, 1, -64372, 6322098]	[[124, 438]]
18	"2738.a2"	2738	[1, 0, 1, 188893, 33674718]	[[114, 7472]]
12	"2740.b1"	2740	[0, 1, 0, -20, 100]	[[4, 10]]
12	"2740.b2"	2740	[0, 1, 0, 180, -2540]	[[19, 90]]
12	"2742.c2"	2742	[1, 1, 0, -600, -11808]	[[447/2, 8787/2]]
16	"2742.d1"	2742	[1, 0, 1, -44, 218]	[[-3, 19]]
16	"2745.b1"	2745	[0, 0, 1, -57, 612]	[[17, 67]]
12	"2745.c2"	2745	[1, -1, 1, -563, -3558]	[[-10, 36]]
12	"2745.c3"	2745	[1, -1, 1, -518, -4404]	[[36, 132]]
16	"2748.b1"	2748	[0, -1, 0, -105052, -13070552]	[[-453289549371/49270, 545039376052267/49270]]
16	"2748.b2"	2748	[0, -1, 0, -6637, -197870]	[[-177414/65, 19460134/65]]
8	"2749.a1"	2749	[1, 0, 1, -2, -3]	[[5, 8]]
12	"2751.d1"	2751	[1, 1, 0, -9429, 346860]	[[-136/5, 79202/5]]
12	"2751.d2"	2751	[1, 1, 0, -924, -1845]	[[8503/6, 754081/6]]
12	"2751.d4"	2751	[1, 1, 0, 3661, -10098]	[[10246399/210, 32889276587/210]]
12	"2755.a1"	2755	[1, -1, 1, -12523, -65578]	[[350, 6016]]
12	"2755.a2"	2755	[1, -1, 1, 3102, -9328]	[[3868/7, 277901/7]]
8	"2756.a1"	2756	[0, 1, 0, -13, 0]	[[-4, 2]]
8	"2756.a2"	2756	[0, 1, 0, 52, 52]	[[211, 3074]]
10	"2758.a1"	2758	[1, 1, 0, -17, -35]	[[-3, 2]]
18	"2758.g1"	2758	[1, 0, 0, -131663, -18399367]	[[-1886/3, 2839/3]]
18	"2758.g2"	2758	[1, 0, 0, -1743, -21511]	[[-26, 93]]
16	"2760.e1"	2760	[0, -1, 0, -870880, -301514900]	[[-25975/7, 1132230/7]]
16	"2760.e2"	2760	[0, -1, 0, -141880, 14287900]	[[65, 2310]]
16	"2760.e3"	2760	[0, -1, 0, -129380, 17952900]	[[190, 440]]
16	"2760.e4"	2760	[0, -1, 0, -129375, 17954352]	[[649, 14385]]
16	"2760.e5"	2760	[0, -1, 0, -116960, 21524892]	[[1381/2, 37675/2]]
16	"2760.e6"	2760	[0, -1, 0, 387120, 95330700]	[[21745/3, 3321010/3]]
12	"2760.h1"	2760	[0, 1, 0, -2160176, -1222750176]	[[2515, 96222]]
12	"2760.h2"	2760	[0, 1, 0, -209696, 4219680]	[[2629/2, 98223/2]]
12	"2760.h3"	2760	[0, 1, 0, -135176, -19090176]	[[640, 12528]]
12	"2760.h4"	2760	[0, 1, 0, -3956, -614400]	[[112, 600]]
8	"2763.a1"	2763	[0, 0, 1, 9, 20]	[[0, 4]]
15	"2763.e1"	2763	[0, 0, 1, -72, 236]	[[6, 4]]
12	"2763.f1"	2763	[0, 0, 1, -210, -1323]	[[17, 4]]
12	"2763.f2"	2763	[0, 0, 1, 1410, 4914]	[[-166/7, 3235/7]]
8	"2768.c1"	2768	[0, 1, 0, -112, -44]	[[18, 64]]
18	"2770.a2"	2770	[1, 1, 0, 57, -187]	[[14, 53]]
12	"2770.d1"	2770	[1, 1, 1, -1, 3]	[[-1, 2]]
16	"2770.e1"	2770	[1, 1, 1, -65, -945]	[[13, 18]]
12	"2770.h1"	2770	[1, 0, 0, -173806, -27904280]	[[1472577820/1599, 31304802523480/1599]]
12	"2770.h2"	2770	[1, 0, 0, -2066, -41404]	[[1786/3, 70636/3]]
12	"2770.h3"	2770	[1, 0, 0, 174, 260]	[[10, 50]]
12	"2774.a1"	2774	[1, -1, 0, -812, 9112]	[[19, 7]]
12	"2774.a2"	2774	[1, -1, 0, -52, 144]	[[0, 12]]
12	"2775.d1"	2775	[0, -1, 1, -4920133, -4198980207]	[[334577, 193523587]]
14	"2775.g1"	2775	[0, 1, 1, -83, -781]	[[43, 277]]
12	"2780.c1"	2780	[0, -1, 0, -19601, 195110]	[[468406/9, 320456438/9]]
12	"2780.c2"	2780	[0, -1, 0, 77004, 1470296]	[[1574805805/522, 62561146784327/522]]
16	"2784.b1"	2784	[0, -1, 0, -4177, -102527]	[[65787/7, 16847480/7]]
16	"2784.b2"	2784	[0, -1, 0, -552, 2772]	[[-4, 70]]
16	"2784.b3"	2784	[0, -1, 0, -262, -1520]	[[1342, 49140]]
16	"2784.b4"	2784	[0, -1, 0, 8, -4760]	[[33549/5, 6142682/5]]
18	"2784.c1"	2784	[0, 1, 0, 24, -72]	[[6, 18]]
10	"2786.b2"	2786	[1, 1, 1, 925, -99597]	[[72259/30, 18000463/30]]
18	"2786.c1"	2786	[1, -1, 1, -40, -7]	[[-1/2, 11/2]]
12	"2786.e1"	2786	[1, 0, 0, 14, 4]	[[0, 2]]
12	"2788.b1"	2788	[0, 1, 0, -1738, -28475]	[[-875/6, 55/6]]
12	"2788.b2"	2788	[0, 1, 0, -38, 17]	[[-4, 11]]
10	"2790.b1"	2790	[1, -1, 0, -2283810, -1327854700]	[[118056499/207, 1010253730195/207]]
10	"2790.b2"	2790	[1, -1, 0, -141090, -21224044]	[[51715/9, 8655184/9]]
12	"2790.f1"	2790	[1, -1, 0, -5949, 178105]	[[44, -31]]
12	"2790.f2"	2790	[1, -1, 0, -369, 2893]	[[9, 11]]
15	"2790.g1"	2790	[1, -1, 0, -6414, -230572]	[[391/2, 1715/2]]
14	"2790.h1"	2790	[1, -1, 0, -9594, 364108]	[[57, -26]]
8	"2790.p1"	2790	[1, -1, 1, -18113, 333281]	[[-75, 1162]]
15	"2793.a2"	2793	[0, -1, 1, 964, 12830]	[[2, 121]]
14	"2793.c1"	2793	[1, 1, 1, -22835, -987694]	[[-64, 497]]
14	"2793.c2"	2793	[1, 1, 1, -21120, -1190064]	[[-84, 51]]
12	"2793.i1"	2793	[1, 1, 0, -4974, -137115]	[[3415/6, 99025/6]]
12	"2793.i2"	2793	[1, 1, 0, -319, -2120]	[[143/2, 1327/2]]
12	"2793.i4"	2793	[1, 1, 0, 416, -9617]	[[314, 5429]]
8	"2793.k1"	2793	[0, -1, 1, 416974, -103632607]	[[307361/4, 170491927/4]]
10	"2795.b1"	2795	[1, 1, 0, -13758, -642413]	[[262, 3587]]
16	"2799.a1"	2799	[0, 0, 1, -30, 49]	[[1, 4]]
15	"2800.e2"	2800	[0, 1, 0, 2, 3]	[[-1, 1]]
12	"2800.g2"	2800	[0, 1, 0, -68208, 6853588]	[[148, 150]]
12	"2800.g4"	2800	[0, 1, 0, -4208, -106412]	[[-38, 8]]
12	"2800.g5"	2800	[0, 1, 0, -208, -2412]	[[34, 176]]
12	"2800.g6"	2800	[0, 1, 0, 1792, 49588]	[[28, 350]]
12	"2800.o1"	2800	[0, 0, 0, -80, 275]	[[1, 14]]
12	"2800.o2"	2800	[0, 0, 0, -55, 450]	[[10, 30]]
8	"2800.p1"	2800	[0, 0, 0, -7475, -248750]	[[175, 1950]]
8	"2800.p3"	2800	[0, 0, 0, -475, -3750]	[[-11, 12]]
8	"2800.p4"	2800	[0, 0, 0, 25, -250]	[[41, 264]]
15	"2800.x2"	2800	[0, 1, 0, 72, -172]	[[22, 112]]
15	"2800.y1"	2800	[0, 1, 0, -20133, 1092863]	[[103, 350]]
15	"2800.y2"	2800	[0, 1, 0, -133, 2863]	[[3, 50]]
9	"2800.z2"	2800	[0, 1, 0, -533, -5437]	[[38, 175]]
12	"2806.a1"	2806	[1, 0, 1, -432, 3422]	[[0, 58]]
12	"2806.a2"	2806	[1, 0, 1, 833, 17682]	[[-10, 96]]
8	"2808.a1"	2808	[0, 0, 0, -9099, 334071]	[[55, 1]]
12	"2808.d1"	2808	[0, 0, 0, -3, 11]	[[1, 3]]
16	"2808.j1"	2808	[0, 0, 0, -387, -2993]	[[27, 79]]
14	"2810.b1"	2810	[1, 0, 1, -273, 1706]	[[10, -3]]
14	"2810.b2"	2810	[1, 0, 1, -23, 6]	[[0, 2]]
16	"2814.a1"	2814	[1, 0, 1, -16222, -796480]	[[-74, 44]]
16	"2814.a2"	2814	[1, 0, 1, -6462, 191296]	[[38, 12]]
16	"2814.a3"	2814	[1, 0, 1, -1102, -10240]	[[40, 80]]
16	"2814.a4"	2814	[1, 0, 1, 178, -1024]	[[6, 13]]
12	"2815.a1"	2815	[1, 0, 0, 10, -25]	[[5, 10]]
12	"2817.a1"	2817	[1, -1, 1, -50, 128]	[[6, 1]]
12	"2817.a2"	2817	[1, -1, 1, 85, 614]	[[-3, 19]]
12	"2820.d1"	2820	[0, 1, 0, -62036, -8056236]	[[331, 2790]]
12	"2820.e1"	2820	[0, 1, 0, 4, -60]	[[4, 6]]
9	"2824.a1"	2824	[0, 0, 0, -203, -1114]	[[169/2, 2051/2]]
12	"2825.b1"	2825	[1, 0, 1, -51, -127]	[[-21/2, 23/2]]
12	"2825.b2"	2825	[1, 0, 1, 74, -627]	[[17, 66]]
12	"2826.e1"	2826	[1, -1, 0, -246, 1540]	[[8, 2]]
12	"2826.e2"	2826	[1, -1, 0, -6, 52]	[[-1, 8]]
10	"2828.a1"	2828	[0, 0, 0, -160, -779]	[[15, 14]]
12	"2829.a1"	2829	[1, 1, 1, -45264, -3725478]	[[1107/2, 16849/2]]
12	"2829.a2"	2829	[1, 1, 1, -2829, -59094]	[[225, 3167]]
10	"2829.f1"	2829	[1, 1, 0, -61, -200]	[[88, 784]]
10	"2829.f2"	2829	[1, 1, 0, 54, -729]	[[351/2, 6291/2]]
18	"2829.g1"	2829	[1, 0, 1, -1715, 24761]	[[135/2, 461/2]]
18	"2829.g2"	2829	[1, 0, 1, 130, 1883]	[[3, 46]]
12	"2830.h1"	2830	[1, 0, 0, -2791, 56521]	[[6, 197]]
12	"2830.h2"	2830	[1, 0, 0, -2031, 88145]	[[112/3, 6707/3]]
12	"2830.h3"	2830	[1, 0, 0, 17779, -2039449]	[[52449091/114, 377068995563/114]]
15	"2832.a1"	2832	[0, -1, 0, -3448, 79984]	[[-14, 354]]
15	"2832.a2"	2832	[0, -1, 0, 152, 496]	[[10, 54]]
9	"2832.b1"	2832	[0, 1, 0, -80, -876]	[[34, 192]]
16	"2832.f1"	2832	[0, 1, 0, -10312, -405772]	[[-58, 24]]
16	"2832.f2"	2832	[0, 1, 0, -872, -1740]	[[-20, 90]]
16	"2832.f3"	2832	[0, 1, 0, -552, 4788]	[[12, 6]]
16	"2832.f4"	2832	[0, 1, 0, 3448, -10380]	[[28, 330]]
15	"2835.e1"	2835	[0, 0, 1, -1242, -14263]	[[-15, 31]]
15	"2835.e2"	2835	[0, 0, 1, -342, 2432]	[[10, 3]]
8	"2840.b1"	2840	[0, 0, 0, -83, 158]	[[11, 24]]
15	"2842.b1"	2842	[1, 1, 0, -711, -72827]	[[202, 2741]]
15	"2842.b2"	2842	[1, 1, 0, 6394, 1943572]	[[188, 3042]]
15	"2842.e1"	2842	[1, 0, 0, -22296, 1288244]	[[88, 54]]
10	"2844.b2"	2844	[0, 0, 0, -156, 2261]	[[-5, 54]]
14	"2844.d1"	2844	[0, 0, 0, -1623, 25166]	[[23, 2]]
14	"2847.a1"	2847	[1, 1, 1, -248, -1600]	[[18, 4]]
14	"2847.a2"	2847	[1, 1, 1, -113, -3166]	[[17, 5]]
12	"2847.b1"	2847	[1, 0, 0, -1553, 21534]	[[31, 43]]
12	"2847.b2"	2847	[1, 0, 0, -338, -2037]	[[-11, 25]]
16	"2848.c1"	2848	[0, 0, 0, -29, -60]	[[47, 320]]
16	"2848.c2"	2848	[0, 0, 0, -19, -102]	[[1174/5, 40032/5]]
16	"2850.a1"	2850	[1, 1, 0, -76000, 8032750]	[[165, 55]]
16	"2850.a2"	2850	[1, 1, 0, -5500, 81250]	[[9, 176]]
16	"2850.a3"	2850	[1, 1, 0, -4750, 124000]	[[45, 40]]
16	"2850.a4"	2850	[1, 1, 0, -250, 2500]	[[0, 50]]
10	"2850.e1"	2850	[1, 1, 0, -1320586125, -18471882009375]	[[34076766980/649, 5485070538042165/649]]
10	"2850.e2"	2850	[1, 1, 0, -82536625, -288649002875]	[[292470172465266602910/120251263, 4352619315608951027501283745385/120251263]]
10	"2850.e3"	2850	[1, 1, 0, -2198625, -1081996875]	[[1730, 16335]]
12	"2850.h1"	2850	[1, 0, 1, -12312001, 16627013648]	[[2026, -994]]
12	"2850.h2"	2850	[1, 0, 1, -779001, 253003648]	[[-103, 18276]]
12	"2850.h3"	2850	[1, 0, 1, -769501, 259748648]	[[526, 506]]
16	"2850.i1"	2850	[1, 0, 1, -63951, 6219298]	[[148, -31]]
16	"2850.i2"	2850	[1, 0, 1, -3951, 99298]	[[23, 132]]
16	"2850.k1"	2850	[1, 0, 1, -786, 4318]	[[26, 27]]
12	"2850.n1"	2850	[1, 0, 1, -751, -7852]	[[42, 166]]
12	"2850.n2"	2850	[1, 0, 1, -1, -352]	[[12, 31]]
12	"2850.q1"	2850	[1, 1, 1, -186938, -30118969]	[[-235, 1067]]
12	"2850.q2"	2850	[1, 1, 1, -27563, 1737281]	[[65, 442]]
12	"2850.q3"	2850	[1, 1, 1, -563, 63281]	[[-25, 262]]
12	"2850.q4"	2850	[1, 1, 1, 5062, -1702969]	[[125, 887]]
16	"2850.s1"	2850	[1, 1, 1, -19638, 539781]	[[3959/2, 242859/2]]
16	"2850.t1"	2850	[1, 1, 1, -2558, 48731]	[[5, 187]]
16	"2850.t2"	2850	[1, 1, 1, -158, 731]	[[5, 7]]
15	"2850.z1"	2850	[1, 0, 0, -496888, -134878108]	[[29984/5, 3867538/5]]
16	"2856.b1"	2856	[0, -1, 0, -2192, -38772]	[[73, 430]]
16	"2856.b2"	2856	[0, -1, 0, -992, 12012]	[[109/2, 535/2]]
16	"2856.b3"	2856	[0, -1, 0, -152, -420]	[[22, 80]]
10	"2862.b1"	2862	[1, -1, 0, -43728, 3165056]	[[85, 196]]
14	"2862.f1"	2862	[1, -1, 1, -1556, -20745]	[[-27, 45]]
18	"2862.h1"	2862	[1, -1, 1, -5915, -172205]	[[-43, 56]]
18	"2862.h2"	2862	[1, -1, 1, -515, 4483]	[[11, 2]]
15	"2864.c1"	2864	[0, -1, 0, -288, -1792]	[[32, 144]]
9	"2868.c1"	2868	[0, 1, 0, -162, -2331]	[[21, 63]]
15	"2869.a2"	2869	[0, -1, 1, -1110, 14580]	[[69/2, 127/2]]
15	"2869.b1"	2869	[0, 1, 1, -12237, -525128]	[[-3146/7, -162/7]]
15	"2869.b2"	2869	[0, 1, 1, -157, -705]	[[-453/7, 2052/7]]
12	"2870.b3"	2870	[1, 0, 1, -70144, 7218006]	[[156, 201]]
12	"2870.b4"	2870	[1, 0, 1, 240841, 37133082]	[[360, 12878]]
16	"2874.c1"	2874	[1, 1, 1, -54, -153]	[[9, 9]]
16	"2874.c2"	2874	[1, 1, 1, 6, -9]	[[3, 5]]
12	"2874.e1"	2874	[1, 1, 1, -2582, 49421]	[[215/2, 1891/2]]
12	"2874.e2"	2874	[1, 1, 1, -152, 821]	[[-7, 43]]
12	"2877.a1"	2877	[1, 1, 1, -63, -138]	[[-5, 11]]
12	"2877.a2"	2877	[1, 1, 1, -28, 44]	[[2, 0]]
10	"2878.a1"	2878	[1, -1, 0, -4, 16]	[[0, 4]]
12	"2880.b1"	2880	[0, 0, 0, -7788, -264368]	[[-51, 13]]
12	"2880.b2"	2880	[0, 0, 0, -4908, 130768]	[[-6, 400]]
12	"2880.b3"	2880	[0, 0, 0, -588, -2288]	[[-6, 32]]
12	"2880.f1"	2880	[0, 0, 0, -1488, -22088]	[[78, 580]]
12	"2880.f3"	2880	[0, 0, 0, -48, 88]	[[6, 4]]
10	"2880.g1"	2880	[0, 0, 0, -108, 368]	[[-2, 24]]
10	"2880.g2"	2880	[0, 0, 0, 12, 32]	[[2, 8]]
16	"2880.i1"	2880	[0, 0, 0, -2028, -34832]	[[-24, 4]]
16	"2880.i2"	2880	[0, 0, 0, -228, 448]	[[-6, 40]]
16	"2880.i3"	2880	[0, 0, 0, -183, 952]	[[12, 22]]
16	"2880.i4"	2880	[0, 0, 0, 852, 3472]	[[2, 72]]
8	"2880.j2"	2880	[0, 0, 0, -228, -448]	[[22, 72]]
8	"2880.j3"	2880	[0, 0, 0, -183, -952]	[[28, 126]]
8	"2880.j4"	2880	[0, 0, 0, 852, -3472]	[[13, 99]]
18	"2880.k3"	2880	[0, 0, 0, -1548, 6128]	[[-2, 96]]
14	"2880.l1"	2880	[0, 0, 0, -108, -368]	[[-6, 8]]
14	"2880.l2"	2880	[0, 0, 0, 12, -32]	[[6, 16]]
10	"2880.n2"	2880	[0, 0, 0, -108, 3888]	[[-2, 64]]
12	"2880.q1"	2880	[0, 0, 0, -3072108, -2072539568]	[[60634256/35, 471846682404/35]]
12	"2880.q2"	2880	[0, 0, 0, -261228, -6994352]	[[-198, 6080]]
12	"2880.q3"	2880	[0, 0, 0, -192108, -32347568]	[[12944/5, 330372/5]]
12	"2880.q4"	2880	[0, 0, 0, -166188, 26076112]	[[234, 32]]
12	"2880.q5"	2880	[0, 0, 0, -39468, -2599472]	[[-99, 581]]
12	"2880.q6"	2880	[0, 0, 0, -10668, 384208]	[[29, 315]]
8	"2880.t1"	2880	[0, 0, 0, -3852, 92016]	[[40, 44]]
8	"2880.t2"	2880	[0, 0, 0, -252, 1296]	[[0, 36]]
8	"2880.t3"	2880	[0, 0, 0, -72, -216]	[[10, 8]]
18	"2880.u1"	2880	[0, 0, 0, -13932, 165456]	[[-38, 800]]
10	"2880.w1"	2880	[0, 0, 0, -492, 4176]	[[10, 16]]
16	"2880.x1"	2880	[0, 0, 0, -115212, 15052016]	[[197, 25]]
16	"2880.x2"	2880	[0, 0, 0, -7212, 234416]	[[-8, 540]]
16	"2880.x3"	2880	[0, 0, 0, -2892, 512624]	[[-2, 720]]
16	"2880.x4"	2880	[0, 0, 0, -732, -1456]	[[-20, 72]]
16	"2880.x5"	2880	[0, 0, 0, -552, -4984]	[[50, 304]]
16	"2880.x6"	2880	[0, 0, 0, 2868, -11536]	[[20, 232]]
16	"2880.y1"	2880	[0, 0, 0, -1244172, 534156784]	[[1085, 21483]]
16	"2880.y2"	2880	[0, 0, 0, -77772, 8343664]	[[168, 140]]
16	"2880.y3"	2880	[0, 0, 0, -63372, 11528944]	[[-120, 4172]]
16	"2880.y4"	2880	[0, 0, 0, -46092, -3808784]	[[276, 2120]]
16	"2880.y5"	2880	[0, 0, 0, -5772, 78064]	[[8, 180]]
16	"2880.y6"	2880	[0, 0, 0, -2892, -59024]	[[116, 1080]]
12	"2880.z1"	2880	[0, 0, 0, -5772, -168784]	[[100, 504]]
12	"2880.z2"	2880	[0, 0, 0, -1452, 18704]	[[10, 72]]
12	"2880.z3"	2880	[0, 0, 0, -372, -2464]	[[-10, 16]]
12	"2880.z4"	2880	[0, 0, 0, 33, -196]	[[20, 92]]
12	"2880.ba1"	2880	[0, 0, 0, -5772, 168784]	[[45, 13]]
12	"2880.ba3"	2880	[0, 0, 0, -372, 2464]	[[5, 27]]
12	"2880.ba4"	2880	[0, 0, 0, 33, 196]	[[0, 14]]
12	"2886.b1"	2886	[1, 1, 1, -1034, -13225]	[[-19, 7]]
9	"2888.a1"	2888	[0, -1, 0, -43440, 6433996]	[[-171, 2972]]
10	"2888.b1"	2888	[0, -1, 0, -3008, 91948]	[[89, 722]]
16	"2888.c1"	2888	[0, -1, 0, -424, -3223]	[[-104/3, 1/3]]
16	"2888.e1"	2888	[0, 1, 0, -153184, 23025409]	[[120, 2527]]
15	"2888.f1"	2888	[0, -1, 0, -481, -23211]	[[108, 1083]]
12	"2890.e1"	2890	[1, 1, 0, -728, 31432]	[[-33, 161]]
12	"2890.e2"	2890	[1, 1, 0, 6497, -811003]	[[463/2, 9363/2]]
16	"2890.f1"	2890	[1, -1, 0, -190, 1050]	[[13, 19]]
12	"2890.p2"	2890	[1, 0, 0, 86694, -5435464]	[[423004/9, 273651292/9]]
8	"2891.a1"	2891	[1, 1, 0, -11, -20]	[[8, 18]]
8	"2891.b1"	2891	[1, 0, 1, -565, 5191]	[[5, 47]]
12	"2894.a1"	2894	[1, -1, 0, -26, -44]	[[-3, 2]]
8	"2895.b1"	2895	[1, 0, 0, -90776, -10531995]	[[2188, 100231]]
8	"2895.b2"	2895	[1, 0, 0, -6401, -120120]	[[-56, 280]]
8	"2895.b4"	2895	[1, 0, 0, 19654, -844449]	[[355/2, 9767/2]]
9	"2895.d1"	2895	[0, 1, 1, -5211, -2267509]	[[2072317/66, 2919778127/66]]
9	"2895.d3"	2895	[0, 1, 1, 579, 83810]	[[-99/2, 1871/2]]
12	"2898.d1"	2898	[1, -1, 0, -5535, 160429]	[[5, 362]]
18	"2898.h1"	2898	[1, -1, 0, -126, 490]	[[3, 10]]
18	"2898.h2"	2898	[1, -1, 0, -36, -68]	[[-3, 4]]
10	"2898.n2"	2898	[1, -1, 1, -5, -3139]	[[27, 112]]
16	"2898.p2"	2898	[1, -1, 1, 310, -9975]	[[35, 189]]
14	"2900.c2"	2900	[0, 0, 0, 425, -5250]	[[89/2, 987/2]]
15	"2902.a1"	2902	[1, 1, 1, -23, -51]	[[-3, 2]]
14	"2907.a1"	2907	[1, -1, 1, -941, 11306]	[[6, 73]]
14	"2907.a2"	2907	[1, -1, 1, -86, 20]	[[0, 4]]
16	"2910.b1"	2910	[1, 1, 0, -82, -74]	[[-3, 14]]
16	"2910.b2"	2910	[1, 1, 0, -52, 124]	[[3, 1]]
12	"2910.d1"	2910	[1, 0, 1, -39, -38]	[[-4, 9]]
12	"2910.d2"	2910	[1, 0, 1, 141, -254]	[[8, 33]]
12	"2910.e1"	2910	[1, 0, 1, -82789, -9175504]	[[340, 1247]]
12	"2910.e2"	2910	[1, 0, 1, -9509, 128432]	[[114, 670]]
12	"2910.e3"	2910	[1, 0, 1, -5189, -142864]	[[-42, 58]]
12	"2910.e4"	2910	[1, 0, 1, -69, -5648]	[[44, 255]]
16	"2910.g1"	2910	[1, 1, 1, -9796, -376771]	[[159, 1375]]
16	"2910.g2"	2910	[1, 1, 1, -796, -2371]	[[-7, 57]]
16	"2910.g3"	2910	[1, 1, 1, -476, 3773]	[[9, 13]]
16	"2910.g4"	2910	[1, 1, 1, 3084, -14787]	[[187, 2579]]
16	"2910.k1"	2910	[1, 0, 0, -975, 5625]	[[30, 45]]
16	"2910.k2"	2910	[1, 0, 0, 3345, 42777]	[[-6, 153]]
10	"2913.b1"	2913	[1, 1, 0, -144, -729]	[[18, 45]]
16	"2914.a1"	2914	[1, 1, 0, 4, 16]	[[0, 4]]
12	"2914.b1"	2914	[1, 0, 1, 2539853, 28642080334]	[[3935663/7, 7795756912/7]]
10	"2919.c1"	2919	[1, 1, 0, 144, 81]	[[0, 9]]
16	"2919.d1"	2919	[1, 0, 1, -5205, 144079]	[[41, -27]]
16	"2919.d2"	2919	[1, 0, 1, -340, 2021]	[[-5, 62]]
16	"2919.d4"	2919	[1, 0, 1, 605, 11471]	[[43/2, 1063/2]]
14	"2925.a1"	2925	[0, 0, 1, -22125, -1166094]	[[-96, 270]]
14	"2925.a2"	2925	[0, 0, 1, -4575, 119106]	[[39, 0]]
14	"2925.f1"	2925	[1, -1, 1, -230, -228]	[[24, 75]]
14	"2925.f2"	2925	[1, -1, 1, 895, -2478]	[[14, 105]]
15	"2925.i1"	2925	[0, 0, 1, -1050, 13156]	[[40, 187]]
15	"2925.i2"	2925	[0, 0, 1, 2700, 70031]	[[15, 337]]
9	"2925.k1"	2925	[0, 0, 1, -9450, -355219]	[[465, 9787]]
14	"2925.r1"	2925	[0, 0, 1, -114375, 14888281]	[[209/2, 24069/2]]
14	"2925.r2"	2925	[0, 0, 1, -885, -9329]	[[-79/2, 165/2]]
9	"2928.a1"	2928	[0, -1, 0, -72, -1296]	[[18, 54]]
10	"2928.i2"	2928	[0, 1, 0, 61, 0]	[[4, 18]]
12	"2928.k1"	2928	[0, 1, 0, -316224, -68550300]	[[2925/2, 76635/2]]
12	"2928.k3"	2928	[0, 1, 0, -19764, -1076004]	[[594, 14040]]
14	"2928.o1"	2928	[0, 1, 0, -17, -30]	[[10, 30]]
14	"2928.o2"	2928	[0, 1, 0, 28, -120]	[[37/2, 255/2]]
12	"2930.a1"	2930	[1, -1, 0, 26, -332]	[[12, 34]]
14	"2930.b2"	2930	[1, -1, 0, 55, 221]	[[-2, 11]]
12	"2931.a1"	2931	[0, 1, 1, -7, 22]	[[2, 4]]
12	"2934.a1"	2934	[1, -1, 0, -138, -580]	[[-7, 6]]
12	"2934.a2"	2934	[1, -1, 0, -18, 20]	[[1, 1]]
14	"2936.a1"	2936	[0, 1, 0, -12, 13]	[[2, 1]]
12	"2938.e1"	2938	[1, -1, 1, -4440, 114971]	[[39, -17]]
12	"2938.e2"	2938	[1, -1, 1, -280, 1819]	[[7, 9]]
18	"2940.a2"	2940	[0, -1, 0, -30641, -1998534]	[[-89, 125]]
18	"2940.j1"	2940	[0, 1, 0, -1500, -14652]	[[-24, 90]]
10	"2940.l1"	2940	[0, 1, 0, -199005, -22785372]	[[-159, 2205]]
8	"2943.b1"	2943	[0, 0, 1, -135, -952]	[[63, 490]]
16	"2943.e1"	2943	[0, 0, 1, -15, 35]	[[25/2, 105/2]]
8	"2944.a1"	2944	[0, 1, 0, -125, -581]	[[25, 112]]
9	"2950.e1"	2950	[1, 1, 0, -40325, 13202125]	[[219, 3755]]
9	"2950.e2"	2950	[1, 1, 0, 359675, -339197875]	[[44046139/209, 291227246554/209]]
10	"2950.h2"	2950	[1, 0, 1, 2874, -315852]	[[63, 309]]
15	"2950.i1"	2950	[1, 1, 0, -5, 5]	[[1, 1]]
15	"2950.i2"	2950	[1, 1, 0, 45, -85]	[[11, 38]]
15	"2950.k2"	2950	[1, 0, 0, 1112, -12858]	[[399/2, 7965/2]]
9	"2950.q2"	2950	[1, 0, 0, 14387, -2713583]	[[3424/3, 200243/3]]
15	"2950.t1"	2950	[1, 1, 1, -47713, -4520969]	[[1255/2, 25891/2]]
15	"2950.t2"	2950	[1, 1, 1, 3912, 22031]	[[375/2, 8471/2]]
14	"2952.b1"	2952	[0, 0, 0, -111, -430]	[[-7, 2]]
14	"2952.b2"	2952	[0, 0, 0, 69, -1690]	[[11, 20]]
16	"2954.b1"	2954	[1, 1, 0, -1900, -28014]	[[-33, 6]]
16	"2954.b2"	2954	[1, 1, 0, 210, -2272]	[[26, 134]]
12	"2955.b1"	2955	[0, 1, 1, -389715, -93771619]	[[-1443/2, -1/2]]
15	"2960.j1"	2960	[0, -1, 0, -856, -9360]	[[36, 72]]
12	"2960.l1"	2960	[0, -1, 0, -60, -160]	[[133/3, 1196/3]]
12	"2960.l2"	2960	[0, -1, 0, -40, -288]	[[54, 390]]
12	"2964.b1"	2964	[0, -1, 0, -1308, 18648]	[[22, 6]]
16	"2968.b1"	2968	[0, 1, 0, -15, -26]	[[5, 7]]
16	"2968.b2"	2968	[0, 1, 0, 20, -96]	[[4, 8]]
16	"2968.f1"	2968	[0, -1, 0, -1128, -14212]	[[358/3, 1288/3]]
16	"2968.f2"	2968	[0, -1, 0, -68, -220]	[[28, 138]]
12	"2976.e1"	2976	[0, 1, 0, -129, -369]	[[-9, 12]]
12	"2976.e2"	2976	[0, 1, 0, 26, -28]	[[2, 6]]
18	"2982.a1"	2982	[1, 1, 0, -13751, 614901]	[[65, -1]]
10	"2982.c1"	2982	[1, 0, 1, -792, 8236]	[[26, 60]]
6	"2982.e1"	2982	[1, 0, 1, -11, 110]	[[6, 13]]
6	"2982.e2"	2982	[1, 0, 1, 94, -2956]	[[59/2, 267/2]]
12	"2982.g1"	2982	[1, 1, 1, -75369, -7995465]	[[-159, 86]]
12	"2982.g2"	2982	[1, 1, 1, -16169, 646967]	[[11, 680]]
12	"2982.g3"	2982	[1, 1, 1, -4809, -120969]	[[-47, 86]]
12	"2982.g4"	2982	[1, 1, 1, 311, -8329]	[[19, 60]]
8	"2990.a1"	2990	[1, -1, 0, -4910, 133660]	[[43, 4]]
8	"2990.a2"	2990	[1, -1, 0, -830, -6324]	[[33, 21]]
8	"2990.a3"	2990	[1, -1, 0, -310, 2100]	[[3, 33]]
8	"2990.a4"	2990	[1, -1, 0, 10, 116]	[[5, 14]]
12	"2990.c1"	2990	[1, 0, 1, -553, -2324]	[[-13, 58]]
12	"2990.c2"	2990	[1, 0, 1, -278, 1756]	[[7, 9]]
12	"2994.c1"	2994	[1, 1, 1, 25, 29]	[[3, 10]]
12	"3006.a1"	3006	[1, -1, 0, -6, 26]	[[1, 4]]
12	"3006.b1"	3006	[1, -1, 0, -243, -2187]	[[21, 30]]
8	"3006.d1"	3006	[1, -1, 1, -1121, 14681]	[[21, -2]]
8	"3006.d2"	3006	[1, -1, 1, -41, 425]	[[3, 16]]
12	"3006.e1"	3006	[1, -1, 1, -7745, 264255]	[[239/2, 639/2]]
12	"3006.e2"	3006	[1, -1, 1, -455, 4731]	[[-1, 72]]
10	"3008.b1"	3008	[0, 0, 0, -620, 5712]	[[-6, 96]]
14	"3012.a1"	3012	[0, 1, 0, 43, -9]	[[1, 6]]
18	"3012.c1"	3012	[0, 1, 0, 1699, -237969]	[[58, 243]]
10	"3015.b1"	3015	[0, 0, 1, -18, -61]	[[9, 22]]
16	"3016.c1"	3016	[0, -1, 0, -124, -492]	[[622/3, 15184/3]]
12	"3017.a1"	3017	[1, 0, 0, 3, 2]	[[1, 2]]
12	"3018.e1"	3018	[1, 0, 0, -50542, -4377676]	[[-130, 68]]
12	"3024.d1"	3024	[0, 0, 0, -264, -1636]	[[-10, 2]]
10	"3024.k1"	3024	[0, 0, 0, -48, 124]	[[2, 6]]
12	"3024.o1"	3024	[0, 0, 0, -16995, -852766]	[[185, 1528]]
12	"3024.o2"	3024	[0, 0, 0, -195, -1342]	[[17, 16]]
12	"3024.o3"	3024	[0, 0, 0, 1485, 13554]	[[105, 1152]]
18	"3024.y1"	3024	[0, 0, 0, -6816, -216592]	[[-25207/23, 781/23]]
18	"3024.y2"	3024	[0, 0, 0, -3456, 78192]	[[33, 9]]
18	"3024.y3"	3024	[0, 0, 0, -96, -208]	[[-7, 11]]
10	"3026.c1"	3026	[1, 1, 1, -59665, -5634447]	[[673758696859/13110, 547610205017802607/13110]]
16	"3026.e1"	3026	[1, 1, 1, -1899, 31061]	[[63, 376]]
16	"3030.e1"	3030	[1, 1, 0, -3232, -72086]	[[123, 1126]]
16	"3030.e2"	3030	[1, 1, 0, -202, -1184]	[[-9, 7]]
16	"3030.e3"	3030	[1, 1, 0, -52, -2714]	[[21, 67]]
12	"3030.h2"	3030	[1, 0, 1, 21, -44]	[[4, 8]]
6	"3030.k1"	3030	[1, 0, 1, -36237508, -82514558782]	[[-90257901/154, 67872569395/154]]
6	"3030.k2"	3030	[1, 0, 1, -4780228, 2092941506]	[[1755/2, 69851/2]]
6	"3030.k3"	3030	[1, 0, 1, -4128133, 3179409968]	[[-2286, 27055]]
15	"3030.l1"	3030	[1, 0, 1, -68, -1534]	[[17, 39]]
12	"3030.p2"	3030	[1, 1, 1, -122916, -37412091]	[[1713, 68297]]
10	"3030.q1"	3030	[1, 1, 1, -775, -6115]	[[-17, 58]]
18	"3030.r2"	3030	[1, 0, 0, 139, 1191]	[[51/2, 519/2]]
12	"3030.s1"	3030	[1, 0, 0, -224331, -56425455]	[[1368, 46191]]
16	"3033.a1"	3033	[1, -1, 1, -176, 1014]	[[-4, 42]]
14	"3038.b1"	3038	[1, -1, 0, -2312, -41000]	[[79, 475]]
12	"3038.d2"	3038	[1, -1, 0, 103, -211]	[[11, 41]]
12	"3038.i1"	3038	[1, 1, 1, -165327, 25818295]	[[2581/4, 112455/4]]
12	"3038.i3"	3038	[1, 1, 1, 1763, 147195]	[[-15, 350]]
8	"3040.b1"	3040	[0, 0, 0, -268, -192]	[[-12, 36]]
8	"3040.b2"	3040	[0, 0, 0, -173, 872]	[[7, 2]]
16	"3042.b1"	3042	[1, -1, 0, -96108, -11437516]	[[-182, 64]]
16	"3042.b2"	3042	[1, -1, 0, -4848, -249040]	[[92, 232]]
12	"3042.c2"	3042	[1, -1, 0, -6747948, -6749406000]	[[2547569664376/8579, 4043432938769613772/8579]]
12	"3042.c4"	3042	[1, -1, 0, 73737, 3172365]	[[22, 2181]]
18	"3042.i1"	3042	[1, -1, 1, -94334, -19502323]	[[465, 5851]]
18	"3042.i2"	3042	[1, -1, 1, 795451, 364884797]	[[465, 28666]]
14	"3042.l1"	3042	[1, -1, 1, -323498, 77783203]	[[3431/10, 8150791/10]]
16	"3045.a1"	3045	[1, 1, 1, -3261, 70314]	[[33, -13]]
16	"3045.a3"	3045	[1, 1, 1, -216, 888]	[[4, 8]]
16	"3045.a4"	3045	[1, 1, 1, 29, 104]	[[-2, 7]]
12	"3045.b1"	3045	[1, 1, 1, -11, 8]	[[-4, 4]]
8	"3045.c1"	3045	[1, 1, 1, -1856910, -974718630]	[[-119717009/390, 23467010341/390]]
8	"3045.c2"	3045	[1, 1, 1, -116185, -15231010]	[[-6977/6, 70873/6]]
8	"3045.c3"	3045	[1, 1, 1, -57460, -30546490]	[[2702431/42, 4313733775/42]]
8	"3045.c4"	3045	[1, 1, 1, -11060, 33140]	[[-77, 698]]
8	"3045.c5"	3045	[1, 1, 1, -7935, 268140]	[[48, 3]]
8	"3045.c6"	3045	[1, 1, 1, -7930, 268502]	[[172, 1921]]
8	"3045.c7"	3045	[1, 1, 1, -4890, 480072]	[[657, 16446]]
16	"3045.d1"	3045	[1, 0, 0, -2321, 42846]	[[30, 6]]
16	"3045.d2"	3045	[1, 0, 0, -146, 651]	[[1, 22]]
16	"3045.d3"	3045	[1, 0, 0, -21, -24]	[[5, -1]]
16	"3045.d4"	3045	[1, 0, 0, 29, 2156]	[[-5, 46]]
12	"3045.e1"	3045	[1, 0, 0, -49315, 4204592]	[[119, 98]]
12	"3048.a1"	3048	[0, -1, 0, -81, 309]	[[5, 2]]
10	"3050.g1"	3050	[1, 0, 0, 2, 12]	[[2, 4]]
16	"3050.h1"	3050	[1, -1, 1, -68605, -6881103]	[[3579, 211710]]
16	"3050.h2"	3050	[1, -1, 1, -6105, -6103]	[[-65, 368]]
16	"3050.h4"	3050	[1, -1, 1, 24395, -67103]	[[485/4, 52527/4]]
10	"3050.i1"	3050	[1, -1, 1, -880, -10253]	[[49, 225]]
16	"3050.j1"	3050	[1, 1, 1, -109233, -13941169]	[[495, 7072]]
15	"3052.a1"	3052	[0, 1, 0, 28, 4]	[[4, 14]]
15	"3055.b2"	3055	[0, 1, 1, 45, 109]	[[79/3, 944/3]]
8	"3059.a1"	3059	[1, -1, 1, -44284, -3575784]	[[35965/3, 6756304/3]]
8	"3059.a2"	3059	[1, -1, 1, -3574, -19892]	[[-56, 75]]
8	"3059.a3"	3059	[1, -1, 1, -2769, -55312]	[[3994, 250370]]
8	"3059.a4"	3059	[1, -1, 1, -124, -1354]	[[3496/15, 30299/15]]
8	"3059.b1"	3059	[1, 1, 1, -64838, -6381668]	[[2698/3, 25931/3]]
8	"3059.b2"	3059	[1, 1, 1, -4003, -103496]	[[81178/33, 3636374/33]]
9	"3060.d2"	3060	[0, 0, 0, 567, 155493]	[[12, 405]]
15	"3060.i1"	3060	[0, 0, 0, -22437, -1293759]	[[192, 1215]]
15	"3060.i2"	3060	[0, 0, 0, 63, -5759]	[[17, 15]]
9	"3060.l1"	3060	[0, 0, 0, -57, -299]	[[20, 81]]
18	"3066.a1"	3066	[1, 1, 0, -70, 196]	[[7, 7]]
18	"3066.a2"	3066	[1, 1, 0, -10, 592]	[[3, 23]]
14	"3066.c1"	3066	[1, 1, 0, -9795, 235341]	[[-3, 516]]
14	"3066.c2"	3066	[1, 1, 0, -4035, -97587]	[[-33, 48]]
12	"3066.f2"	3066	[1, 0, 1, 213, -380]	[[14, 66]]
10	"3071.a1"	3071	[1, 1, 1, -26, 40]	[[2, 0]]
15	"3075.d1"	3075	[0, -1, 1, -143, -622]	[[16, 30]]
12	"3075.f2"	3075	[0, -1, 1, -49583, 18460943]	[[20793, 2998063]]
12	"3075.g2"	3075	[0, 1, 1, -1983, 146894]	[[-1931/6, 68813/6]]
15	"3075.h1"	3075	[0, 1, 1, -3583, -84881]	[[70597/14, 18504611/14]]
15	"3075.h2"	3075	[0, 1, 1, 167, -506]	[[358, 6787]]
15	"3075.l1"	3075	[0, -1, 1, -404958, 99326693]	[[1493/2, 1521/2]]
12	"3081.b2"	3081	[1, 0, 1, 10, 11]	[[15, 52]]
14	"3082.a1"	3082	[1, -1, 1, 18, -3]	[[1, 3]]
14	"3084.a1"	3084	[0, -1, 0, 3, -6]	[[2, 2]]
14	"3084.b1"	3084	[0, 1, 0, -421, -12292]	[[83, 729]]
15	"3084.c1"	3084	[0, 1, 0, -1018, -12619]	[[-19, 15]]
10	"3088.a1"	3088	[0, 0, 0, -107, -70]	[[-1, 6]]
10	"3088.a2"	3088	[0, 0, 0, -67, 210]	[[3, 6]]
8	"3090.a1"	3090	[1, 1, 0, -87893, 9992973]	[[177, 54]]
8	"3090.a2"	3090	[1, 1, 0, -5493, 154413]	[[39, 18]]
8	"3090.a3"	3090	[1, 1, 0, -5013, 183117]	[[71, 402]]
8	"3090.a4"	3090	[1, 1, 0, -373, 1837]	[[3, 26]]
9	"3090.b1"	3090	[1, 0, 1, -135709, -19253704]	[[60565/4, 14710943/4]]
12	"3090.c1"	3090	[1, 0, 1, -9784, -711418]	[[8401/3, 752825/3]]
12	"3090.c2"	3090	[1, 0, 1, -454, 3692]	[[19, 35]]
12	"3090.c3"	3090	[1, 0, 1, 1031, 19676]	[[-5, 122]]
9	"3090.d2"	3090	[1, 0, 1, 211006, -43619308]	[[7419/2, 648827/2]]
15	"3090.g1"	3090	[1, 1, 1, -3045361, -2070744817]	[[2431, 68784]]
12	"3094.d3"	3094	[1, 0, 0, -578, 334084]	[[34, 578]]
12	"3094.d4"	3094	[1, 0, 0, 5202, -9019112]	[[212, 1168]]
14	"3096.b1"	3096	[0, 0, 0, -351, -2430]	[[-11, 10]]
14	"3096.b2"	3096	[0, 0, 0, 189, -9234]	[[43, 280]]
15	"3096.d1"	3096	[0, 0, 0, 213, 758]	[[19, 108]]
18	"3096.f1"	3096	[0, 0, 0, -1539, -19170]	[[-95/2, 505/2]]
18	"3096.f2"	3096	[0, 0, 0, -459, 3510]	[[-17, 80]]
15	"3096.h1"	3096	[0, 0, 0, -1011, 12382]	[[23, 36]]
15	"3097.a1"	3097	[0, 0, 1, -59, -178]	[[20, 81]]
14	"3097.b1"	3097	[0, 1, 1, -318, 2091]	[[69/2, 357/2]]
12	"3098.a1"	3098	[1, 0, 1, 14, 4]	[[2, 5]]
14	"3099.b2"	3099	[1, 1, 0, -5, 84]	[[-5/2, 81/2]]
18	"3100.f1"	3100	[0, -1, 0, -58, 237]	[[3, 9]]
18	"3100.f2"	3100	[0, -1, 0, 442, -2263]	[[16, 93]]
16	"3105.b1"	3105	[1, -1, 1, -83, 352]	[[-2, 23]]
16	"3105.h1"	3105	[0, 0, 1, -3213, -70207]	[[369/2, 5171/2]]
14	"3106.a2"	3106	[1, 0, 0, 53, -255]	[[4, 3]]
14	"3106.b1"	3106	[1, 1, 1, -43, 7]	[[-5/6, 691/6]]
12	"3108.b1"	3108	[0, -1, 0, -348, -2376]	[[-10, 2]]
12	"3108.b2"	3108	[0, -1, 0, -33, 18]	[[-3, 9]]
16	"3108.f1"	3108	[0, 1, 0, -7068, -231084]	[[99, 222]]
16	"3108.f2"	3108	[0, 1, 0, -453, -3528]	[[-12, 18]]
12	"3108.g1"	3108	[0, 1, 0, -33348, 883764]	[[315, 4662]]
12	"3108.g2"	3108	[0, 1, 0, -27228, 1720260]	[[216, 2442]]
12	"3108.g3"	3108	[0, 1, 0, -17913, -919044]	[[504, 10878]]
12	"3108.g4"	3108	[0, 1, 0, -1713, 26064]	[[27, 15]]
12	"3109.a1"	3109	[0, -1, 1, -7, -5]	[[-1, 0]]
12	"3112.b1"	3112	[0, 0, 0, -212, 1188]	[[8, 2]]
16	"3114.a1"	3114	[1, -1, 0, -144, 702]	[[7, -3]]
12	"3120.b2"	3120	[0, -1, 0, -3296, -71424]	[[-32, 16]]
12	"3120.b3"	3120	[0, -1, 0, -96, -2304]	[[26, 110]]
12	"3120.b4"	3120	[0, -1, 0, 864, 61440]	[[-16, 208]]
12	"3120.c1"	3120	[0, -1, 0, -9896, 183696]	[[8, 324]]
12	"3120.c2"	3120	[0, -1, 0, -4896, -128304]	[[-40, 44]]
12	"3120.c3"	3120	[0, -1, 0, -4876, -129440]	[[81, 22]]
12	"3120.c4"	3120	[0, -1, 0, -216, -367920]	[[194, 2618]]
15	"3120.e1"	3120	[0, -1, 0, -221, 1521]	[[13, 26]]
15	"3120.e2"	3120	[0, -1, 0, 19, -15]	[[1, 2]]
12	"3120.i1"	3120	[0, -1, 0, -561600, 162177552]	[[449, 580]]
12	"3120.i2"	3120	[0, -1, 0, -35100, 2542752]	[[104, 80]]
12	"3120.i4"	3120	[0, -1, 0, -2295, 36450]	[[10, 120]]
12	"3120.l2"	3120	[0, -1, 0, 0, -48]	[[8, 20]]
16	"3120.o2"	3120	[0, 1, 0, 64, 564]	[[4, 30]]
16	"3120.p1"	3120	[0, 1, 0, -5816, -172620]	[[-44, 6]]
16	"3120.p2"	3120	[0, 1, 0, -3016, 61460]	[[26, 36]]
16	"3120.p3"	3120	[0, 1, 0, -416, -1980]	[[-8, 30]]
16	"3120.p4"	3120	[0, 1, 0, 84, -180]	[[6, 24]]
12	"3120.q1"	3120	[0, 1, 0, -7736, 259284]	[[52, 18]]
12	"3120.q2"	3120	[0, 1, 0, -536, 2964]	[[4, 30]]
12	"3120.q3"	3120	[0, 1, 0, -216, -1260]	[[-9, 6]]
12	"3120.q4"	3120	[0, 1, 0, 1544, 22100]	[[14, 216]]
12	"3120.r1"	3120	[0, 1, 0, -7696, -261820]	[[-49, 6]]
12	"3120.r2"	3120	[0, 1, 0, -7176, 230724]	[[54, 60]]
12	"3120.r3"	3120	[0, 1, 0, -676, -676]	[[-13, 78]]
16	"3120.v2"	3120	[0, 1, 0, 720, 8100]	[[0, 90]]
16	"3120.w2"	3120	[0, 1, 0, -13520, -609132]	[[156, 1050]]
16	"3120.w3"	3120	[0, 1, 0, -9040, 324500]	[[34, 240]]
16	"3120.w4"	3120	[0, 1, 0, -1840, 834260]	[[124, 1590]]
16	"3120.w5"	3120	[0, 1, 0, -1040, -5100]	[[-20, 90]]
16	"3120.w6"	3120	[0, 1, 0, 240, -492]	[[11, 60]]
14	"3122.a2"	3122	[1, -1, 0, -1636, -25008]	[[-23, 4]]
12	"3122.c1"	3122	[1, 0, 0, -4774, 126564]	[[40, -18]]
8	"3122.d1"	3122	[1, -1, 1, -16651, 831145]	[[7385/8, 308385/8]]
8	"3122.d2"	3122	[1, -1, 1, -1111, 11361]	[[3283/6, 165823/6]]
8	"3122.d3"	3122	[1, -1, 1, -1041, 13181]	[[91, 770]]
12	"3122.f1"	3122	[1, 1, 1, -3654, -86539]	[[96311803/138, 938592485165/138]]
9	"3123.a1"	3123	[0, 0, 1, 15, 9]	[[9/2, 55/2]]
12	"3128.b1"	3128	[0, 1, 0, -1224, 16085]	[[22, 17]]
16	"3129.a2"	3129	[1, 0, 0, 7, 0]	[[9, 24]]
12	"3132.b1"	3132	[0, 0, 0, -28215, 1083726]	[[-113, 1682]]
16	"3132.d1"	3132	[0, 0, 0, -135, -162]	[[-9, 18]]
12	"3136.c1"	3136	[0, 1, 0, -7905, -269921]	[[-54, 49]]
12	"3136.c2"	3136	[0, 1, 0, -65, -11201]	[[37, 196]]
8	"3136.f1"	3136	[0, 1, 0, -1633, 13887]	[[58, 343]]
8	"3136.f2"	3136	[0, 1, 0, 327, 1735]	[[2, 49]]
15	"3136.k1"	3136	[0, -1, 0, -569, -5039]	[[-336/5, 13/5]]
12	"3136.l1"	3136	[0, 0, 0, -7, 0]	[[4, 6]]
12	"3136.l2"	3136	[0, 0, 0, 28, 0]	[[2, 8]]
12	"3136.m2"	3136	[0, 0, 0, -2156, 38416]	[[0, 196]]
12	"3136.m3"	3136	[0, 0, 0, -196, 0]	[[18, 48]]
12	"3136.m4"	3136	[0, 0, 0, 49, 0]	[[16/3, 260/3]]
8	"3136.o1"	3136	[0, 0, 0, -116620, -15327984]	[[931200/13, 896827212/13]]
8	"3136.o2"	3136	[0, 0, 0, -6860, -268912]	[[5506, 408512]]
8	"3136.o3"	3136	[0, 0, 0, -2380, 44688]	[[21, 63]]
8	"3136.o4"	3136	[0, 0, 0, -140, 784]	[[0, 28]]
16	"3136.p1"	3136	[0, 0, 0, -58604, 5460560]	[[28, 1960]]
16	"3136.p2"	3136	[0, 0, 0, -11564, -378672]	[[266, 3920]]
16	"3136.p3"	3136	[0, 0, 0, -3724, 82320]	[[92, 720]]
16	"3136.p4"	3136	[0, 0, 0, 196, 5488]	[[-6, 64]]
12	"3136.r1"	3136	[0, 0, 0, -343, 0]	[[484/5, 3102/5]]
12	"3136.r2"	3136	[0, 0, 0, 1372, 0]	[[50, 440]]
15	"3136.u1"	3136	[0, 1, 0, -65, 167]	[[2, 7]]
16	"3136.y1"	3136	[0, -1, 0, -1633, -13887]	[[117, 1176]]
16	"3136.y2"	3136	[0, -1, 0, 327, -1735]	[[23, 132]]
12	"3136.z1"	3136	[0, -1, 0, -8562913, -9641661567]	[[2642430522499/22035, 3465439960080553532/22035]]
12	"3136.z2"	3136	[0, -1, 0, -534753, -150770815]	[[5179019/65, 8831271372/65]]
12	"3136.z3"	3136	[0, -1, 0, -111393, -11692351]	[[-16216/11, 1198785/11]]
12	"3136.z4"	3136	[0, -1, 0, -32993, 2316161]	[[40, 1029]]
12	"3136.z5"	3136	[0, -1, 0, -1633, 51969]	[[75, 588]]
12	"3136.z6"	3136	[0, -1, 0, 14047, -1080127]	[[1651/5, 45276/5]]
9	"3138.d1"	3138	[1, 0, 1, -278381, -56556760]	[[-42612961/374, 8006516835/374]]
9	"3138.d2"	3138	[1, 0, 1, -3806, -60208]	[[-153/2, 1529/2]]
15	"3140.b2"	3140	[0, 1, 0, -27806, 1775425]	[[54, 659]]
8	"3143.a1"	3143	[1, 0, 0, -7, 0]	[[-1, 3]]
8	"3143.a2"	3143	[1, 0, 0, 28, 7]	[[6, 17]]
14	"3150.d1"	3150	[1, -1, 0, -18117, -108459]	[[138, 3]]
12	"3150.g1"	3150	[1, -1, 0, -23667, -1393759]	[[-91, 58]]
12	"3150.g2"	3150	[1, -1, 0, -16917, -2210509]	[[179, 598]]
12	"3150.g4"	3150	[1, -1, 0, 1833, 70741]	[[-1, 263]]
12	"3150.h1"	3150	[1, -1, 0, -57, 181]	[[5, -1]]
12	"3150.h2"	3150	[1, -1, 0, 93, 791]	[[-5, 16]]
18	"3150.l1"	3150	[1, -1, 0, -162, -754]	[[-7, 4]]
18	"3150.l2"	3150	[1, -1, 0, -12, -4]	[[-2, 4]]
12	"3150.o1"	3150	[1, -1, 0, -12867, -559459]	[[1507/2, 53897/2]]
12	"3150.p1"	3150	[1, -1, 0, -511617, 140980541]	[[418, -41]]
12	"3150.p2"	3150	[1, -1, 0, -31617, 2260541]	[[50, 871]]
8	"3150.t1"	3150	[1, -1, 0, -84042, -9356634]	[[-167, 84]]
8	"3150.t2"	3150	[1, -1, 0, -5292, -142884]	[[-42, 84]]
8	"3150.t4"	3150	[1, -1, 0, 1458, -487134]	[[99, 738]]
18	"3150.v1"	3150	[1, -1, 1, -4055, -98303]	[[-145/2, 83/2]]
18	"3150.v2"	3150	[1, -1, 1, -305, -803]	[[-5, 26]]
16	"3150.w1"	3150	[1, -1, 1, -3780005, 2829643247]	[[4591/2, 7055/2]]
16	"3150.w2"	3150	[1, -1, 1, -236255, 44255747]	[[303, 496]]
16	"3150.w3"	3150	[1, -1, 1, -220505, 50398247]	[[687/2, 32843/2]]
16	"3150.w4"	3150	[1, -1, 1, -83255, -8718253]	[[-141, 520]]
16	"3150.w5"	3150	[1, -1, 1, -15755, 596747]	[[9, 670]]
12	"3150.z1"	3150	[1, -1, 1, -20465, 1131937]	[[79, 20]]
12	"3150.ba1"	3150	[1, -1, 1, -1451480, -423093603]	[[-1953/2, 105955/2]]
12	"3150.ba2"	3150	[1, -1, 1, -1296230, -567705603]	[[-657, 335]]
12	"3150.ba3"	3150	[1, -1, 1, -607730, 177656397]	[[293, 4821]]
12	"3150.ba4"	3150	[1, -1, 1, -603230, 180482397]	[[443, -15]]
12	"3150.ba5"	3150	[1, -1, 1, -81230, -8805603]	[[-171, 335]]
12	"3150.ba6"	3150	[1, -1, 1, -18230, -22161603]	[[459, 7895]]
12	"3150.ba8"	3150	[1, -1, 1, 164020, 597488397]	[[30413/4, 5582169/4]]
18	"3150.bg2"	3150	[1, -1, 1, 220, 47]	[[3, 25]]
16	"3150.bh2"	3150	[1, -1, 1, -80105, 30985897]	[[-91, 6170]]
14	"3150.bk1"	3150	[1, -1, 1, -725, -723]	[[-7, 66]]
12	"3155.a1"	3155	[0, 1, 1, -702775, -226997616]	[[632178918294143557/23688678, 269924495074018983501791363/23688678]]
12	"3155.a2"	3155	[0, 1, 1, -8675, -314021]	[[2498029/78, 3840750809/78]]
12	"3155.a3"	3155	[0, 1, 1, 75, -1646]	[[406, 8192]]
12	"3155.b1"	3155	[0, 1, 1, 4, 1]	[[5/2, 21/2]]
16	"3160.a1"	3160	[0, 1, 0, -1015, -12762]	[[-19, 5]]
16	"3160.a2"	3160	[0, 1, 0, -620, -22400]	[[60, 400]]
12	"3160.c1"	3160	[0, 0, 0, -187, -906]	[[145/2, 1599/2]]
12	"3160.c2"	3160	[0, 0, 0, 13, -66]	[[35, 208]]
12	"3165.a1"	3165	[1, 1, 1, -3798000, 2847339492]	[[1167, 1886]]
12	"3165.a2"	3165	[1, 1, 1, -238430, 43999400]	[[218, 1453]]
12	"3165.a3"	3165	[1, 1, 1, -237375, 44415492]	[[112, 4331]]
12	"3165.a4"	3165	[1, 1, 1, -14770, 695870]	[[28, 538]]
12	"3170.b1"	3170	[1, 1, 0, -2708, -56752]	[[2248/3, 100948/3]]
12	"3171.b1"	3171	[0, -1, 1, -7, -9]	[[5, 7]]
8	"3172.a2"	3172	[0, 0, 0, 49, -106]	[[11, 42]]
18	"3172.b1"	3172	[0, 0, 0, -122524, 16501677]	[[3651/7, 957090/7]]
18	"3172.b2"	3172	[0, 0, 0, -103919, 21685030]	[[511561/70, 1186887309/70]]
12	"3174.d1"	3174	[1, 0, 1, -407606, -17146360]	[[-17069/6, 1852873/6]]
12	"3174.d2"	3174	[1, 0, 1, -304451, -64683358]	[[872, 17814]]
12	"3174.d3"	3174	[1, 0, 1, -18791, -1038310]	[[251, 3048]]
12	"3174.d4"	3174	[1, 0, 1, 100234, -2114296]	[[11997/4, 1399513/4]]
12	"3174.e1"	3174	[1, 1, 1, -130674, -18233199]	[[33604939/182, 177260259847/182]]
12	"3174.e3"	3174	[1, 1, 1, -9004, -226039]	[[6497/7, 308433/7]]
15	"3175.a1"	3175	[0, -1, 1, -1133, -23832]	[[72, 512]]
12	"3192.a1"	3192	[0, -1, 0, -106435, -13329764]	[[4301, 281199]]
12	"3192.d1"	3192	[0, -1, 0, -17024, -849300]	[[501, 10776]]
12	"3192.d2"	3192	[0, -1, 0, -1064, -12996]	[[45, 168]]
12	"3192.d3"	3192	[0, -1, 0, -784, -20276]	[[397/3, 4600/3]]
12	"3192.d4"	3192	[0, -1, 0, -84, -60]	[[-8, 6]]
12	"3192.e1"	3192	[0, -1, 0, -43, 124]	[[1, 9]]
16	"3192.f1"	3192	[0, -1, 0, -708, -7020]	[[34, 84]]
10	"3192.g1"	3192	[0, -1, 0, -360088, 83283964]	[[330, 532]]
10	"3192.g2"	3192	[0, -1, 0, -23948, 1131348]	[[22, 784]]
6	"3192.j1"	3192	[0, -1, 0, -152, 732]	[[-2, 32]]
6	"3192.j2"	3192	[0, -1, 0, 128, 2860]	[[5, 60]]
8	"3192.k1"	3192	[0, 1, 0, -35, -66]	[[7, 9]]
10	"3192.l1"	3192	[0, 1, 0, -320, -816]	[[-8, 36]]
10	"3192.l2"	3192	[0, 1, 0, -180, 864]	[[6, 6]]
16	"3192.m1"	3192	[0, 1, 0, -2864, 58032]	[[4, 216]]
16	"3192.m2"	3192	[0, 1, 0, -1464, -21600]	[[-21, 18]]
16	"3192.m3"	3192	[0, 1, 0, -204, 576]	[[0, 24]]
16	"3192.m4"	3192	[0, 1, 0, 41, 86]	[[14, 60]]
12	"3192.o1"	3192	[0, 1, 0, -628, 5456]	[[20, 36]]
18	"3192.p1"	3192	[0, 1, 0, -4955392, -4246324048]	[[-1276, 912]]
18	"3192.p2"	3192	[0, 1, 0, -4283112, -5439217680]	[[15531, 1916910]]
12	"3195.a1"	3195	[1, -1, 1, -2147, 38814]	[[29, 3]]
12	"3195.a2"	3195	[1, -1, 1, -122, 744]	[[2, 21]]
16	"3195.d1"	3195	[1, -1, 0, -17055, -853034]	[[462875/38, 273891163/38]]
16	"3195.d2"	3195	[1, -1, 0, -3105, 50836]	[[-105/2, 2803/2]]
16	"3195.d3"	3195	[1, -1, 0, -1080, -12749]	[[1235/2, 41857/2]]
16	"3195.d4"	3195	[1, -1, 0, 45, -824]	[[308, 5246]]
18	"3197.a1"	3197	[0, -1, 1, -4, -1]	[[-3/2, 5/2]]
8	"3199.b2"	3199	[1, -1, 0, 28, -21]	[[31/6, 293/6]]
15	"3200.c1"	3200	[0, 0, 0, -25, -50]	[[6, 4]]
14	"3200.e2"	3200	[0, 1, 0, 17, -87]	[[8, 25]]
14	"3200.h2"	3200	[0, 1, 0, 67, 763]	[[-2, 25]]
18	"3200.o2"	3200	[0, 0, 0, -50, 500]	[[-5, 25]]
10	"3200.u2"	3200	[0, -1, 0, 67, -763]	[[52, 375]]
14	"3200.v1"	3200	[0, -1, 0, -1658, -25438]	[[648037/66, 497820475/66]]
14	"3200.v2"	3200	[0, -1, 0, -1533, -29563]	[[5263/3, 380600/3]]
14	"3200.w2"	3200	[0, -1, 0, -383, 3887]	[[22, 75]]
12	"3202.a2"	3202	[1, -1, 1, 9, 215]	[[1, 14]]
18	"3204.c1"	3204	[0, 0, 0, -864, 9828]	[[24, 54]]
16	"3205.b1"	3205	[1, -1, 1, -11557, 50364]	[[-78, 726]]
16	"3205.b2"	3205	[1, -1, 1, -8352, 295226]	[[46, 59]]
16	"3205.b3"	3205	[1, -1, 1, -8347, 295594]	[[43/2, 3593/2]]
16	"3205.b4"	3205	[1, -1, 1, -5227, 516476]	[[171, 2059]]
15	"3206.f1"	3206	[1, 1, 1, -2735905, -1742945301]	[[-859769/30, 13091789/30]]
12	"3210.c1"	3210	[1, 1, 1, -525, -4833]	[[27, 26]]
12	"3210.c2"	3210	[1, 1, 1, -275, -9133]	[[103/2, 223/2]]
12	"3210.e1"	3210	[1, 1, 1, -34240, -2452915]	[[705, 17659]]
12	"3210.e2"	3210	[1, 1, 1, -2140, -38995]	[[63, 253]]
12	"3210.e3"	3210	[1, 1, 1, -2040, -42675]	[[565/3, 6853/3]]
12	"3210.e4"	3210	[1, 1, 1, -140, -595]	[[-5, 5]]
14	"3210.f2"	3210	[1, 0, 0, 126790, 5168100]	[[-20, 1630]]
18	"3210.g1"	3210	[1, 0, 0, -755, 1017]	[[-8, 85]]
18	"3210.g2"	3210	[1, 0, 0, -555, 4977]	[[12, 3]]
15	"3211.a1"	3211	[0, 1, 1, -130017, -18088053]	[[2773, 144748]]
15	"3211.a2"	3211	[0, 1, 1, -1577, -26178]	[[56, 253]]
15	"3211.a3"	3211	[0, 1, 1, 113, 17]	[[17, 84]]
12	"3213.h1"	3213	[0, 0, 1, -12, -14]	[[-2, 1]]
12	"3213.k1"	3213	[0, 0, 1, -1103490, -427069591]	[[-2783/2, 15781/2]]
12	"3213.k2"	3213	[0, 0, 1, -177390, 28599392]	[[174, 1732]]
12	"3213.k3"	3213	[0, 0, 1, -177120, 28691253]	[[-1479/2, 52839/2]]
8	"3213.u1"	3213	[0, 0, 1, -27891, 1792847]	[[385/2, 13/2]]
15	"3213.v1"	3213	[0, 0, 1, 183033, 35932673]	[[9153/2, 892139/2]]
16	"3214.a1"	3214	[1, 1, 0, -36, 976]	[[40, 236]]
10	"3216.c1"	3216	[0, -1, 0, 84, -36]	[[5, 22]]
16	"3216.e1"	3216	[0, -1, 0, -22872, -1323792]	[[21234/5, 3039498/5]]
16	"3216.e2"	3216	[0, -1, 0, -1432, -20240]	[[844, 24480]]
16	"3216.e3"	3216	[0, -1, 0, -472, -47888]	[[7594/3, 661130/3]]
16	"3216.e4"	3216	[0, -1, 0, -152, 240]	[[-6, 30]]
14	"3220.d1"	3220	[0, 1, 0, 102230, 8114725]	[[645, 18515]]
15	"3222.a1"	3222	[1, -1, 0, -162, -756]	[[15, -3]]
15	"3222.a2"	3222	[1, -1, 0, 288, -4050]	[[513/7, 99/7]]
6	"3222.b1"	3222	[1, -1, 0, -36, -2160]	[[48, 300]]
16	"3222.e1"	3222	[1, -1, 1, -77, -75]	[[-7, 12]]
16	"3222.e2"	3222	[1, -1, 1, 283, -795]	[[5, 24]]
8	"3222.h1"	3222	[1, -1, 1, -660605, -206496831]	[[38918183/166, 184043438157/166]]
8	"3222.h2"	3222	[1, -1, 1, -660515, -206555979]	[[78268229925077/123596, 678239279929512517137/123596]]
18	"3222.i1"	3222	[1, -1, 1, -2165, 39309]	[[23, 24]]
16	"3222.j1"	3222	[1, -1, 1, -52664, -4453905]	[[-3699/5, 45111/5]]
16	"3222.j2"	3222	[1, -1, 1, -8924, 235023]	[[27, 101]]
16	"3222.j3"	3222	[1, -1, 1, -8204, 288015]	[[45, 69]]
16	"3222.j4"	3222	[1, -1, 1, 23296, 1523823]	[[3249, 183755]]
14	"3224.a1"	3224	[0, 1, 0, -536, -4979]	[[58, 403]]
14	"3225.c2"	3225	[1, 0, 0, 62, 15617]	[[-13, 119]]
12	"3225.e1"	3225	[0, -1, 1, -55833, -5060932]	[[1908, 82648]]
12	"3225.e2"	3225	[0, -1, 1, 417, -26557]	[[33, 148]]
10	"3229.a1"	3229	[1, 1, 1, -9, -14]	[[-2, 1]]
10	"3230.a1"	3230	[1, -1, 0, -1630, -24924]	[[-23, 13]]
10	"3230.a2"	3230	[1, -1, 0, -110, -300]	[[-7, 13]]
10	"3230.d1"	3230	[1, -1, 1, -89913, -1212583]	[[463, 7268]]
16	"3231.b1"	3231	[1, -1, 1, -1229, 16706]	[[18, 4]]
16	"3231.b2"	3231	[1, -1, 1, -14, 668]	[[-6, 25]]
12	"3232.b1"	3232	[0, 1, 0, -29, 43]	[[1, 4]]
15	"3233.a1"	3233	[1, -1, 1, -12796, -553916]	[[136, 387]]
12	"3235.a1"	3235	[0, 0, 1, -17, 30]	[[3, 2]]
12	"3238.c1"	3238	[1, 0, 0, 109, -223]	[[14, 57]]
12	"3248.b2"	3248	[0, 1, 0, -2128, -45468]	[[58, 172]]
8	"3248.i1"	3248	[0, 0, 0, -79075, -8558622]	[[622, 13524]]
8	"3248.i2"	3248	[0, 0, 0, -4835, -139806]	[[110, 812]]
12	"3248.n2"	3248	[0, -1, 0, 76, -352]	[[52/3, 424/3]]
15	"3249.d1"	3249	[0, 0, 1, -2499564, -1521053555]	[[386593/14, 95931851/14]]
15	"3249.d2"	3249	[0, 0, 1, -30324, -2162300]	[[817/2, 3245/2]]
15	"3249.d3"	3249	[0, 0, 1, 2166, -1715]	[[133, 1624]]
12	"3249.g2"	3249	[1, -1, 0, -21186, 1078087]	[[-34/7, 358679/7]]
8	"3251.a1"	3251	[0, -1, 1, -37, 100]	[[4, 0]]
12	"3255.b1"	3255	[1, 1, 1, -8420, 293870]	[[53, -22]]
12	"3255.b2"	3255	[1, 1, 1, -545, 4070]	[[8, 13]]
12	"3255.b3"	3255	[1, 1, 1, -140, -628]	[[-8, 11]]
12	"3255.b4"	3255	[1, 1, 1, 850, 23042]	[[12, 181]]
8	"3255.c1"	3255	[1, 1, 1, -213605, -37759300]	[[-257, 623]]
8	"3255.c2"	3255	[1, 1, 1, -23730, 443550]	[[-12, 858]]
8	"3255.c3"	3255	[1, 1, 1, -18925, 993242]	[[202, 2236]]
8	"3255.c4"	3255	[1, 1, 1, -18920, 993800]	[[25856/17, 588935/17]]
8	"3255.c5"	3255	[1, 1, 1, -14200, 1507322]	[[4861/5, 297644/5]]
8	"3255.c6"	3255	[1, 1, 1, 89265, 3562212]	[[-8, 1691]]
10	"3255.e1"	3255	[1, 1, 0, -1142862, -470737071]	[[44187/2, 9199533/2]]
10	"3255.e2"	3255	[1, 1, 0, -70987, -7472696]	[[328, 1996]]
16	"3258.a1"	3258	[1, -1, 0, -474, -3016]	[[-14, 34]]
16	"3258.a2"	3258	[1, -1, 0, 66, -316]	[[8, 22]]
12	"3258.c1"	3258	[1, -1, 0, -6, -2]	[[-1, 2]]
16	"3258.i1"	3258	[1, -1, 1, -24437, 1474957]	[[31, 848]]
14	"3259.b1"	3259	[0, -1, 1, -54, 172]	[[5, 1]]
10	"3262.b1"	3262	[1, -1, 0, -154, -696]	[[-7, 5]]
18	"3262.e1"	3262	[1, -1, 1, -649, -6135]	[[-15, 0]]
18	"3262.e2"	3262	[1, -1, 1, -9, -247]	[[11, 24]]
16	"3264.d1"	3264	[0, -1, 0, -6529, 205249]	[[63, 200]]
16	"3264.d3"	3264	[0, -1, 0, -409, 3289]	[[9, 16]]
16	"3264.d4"	3264	[0, -1, 0, -4, 130]	[[11, 36]]
12	"3264.g2"	3264	[0, -1, 0, -1793, 32193]	[[19, 68]]
12	"3264.h1"	3264	[0, -1, 0, -193, -959]	[[-8, 3]]
12	"3264.h2"	3264	[0, -1, 0, -33, -2655]	[[24, 99]]
12	"3264.i3"	3264	[0, -1, 0, -13793, 1069665]	[[-77, 1292]]
12	"3264.i4"	3264	[0, -1, 0, 115807, -19464159]	[[26888/7, 4958829/7]]
15	"3264.r1"	3264	[0, 1, 0, -237, 1329]	[[8, 3]]
12	"3264.w1"	3264	[0, 1, 0, -48033, 3047391]	[[-171, 2508]]
12	"3264.w2"	3264	[0, 1, 0, -16353, -810081]	[[-75, 12]]
12	"3264.w3"	3264	[0, 1, 0, -13793, -1069665]	[[247, 3264]]
12	"3264.w4"	3264	[0, 1, 0, 115807, 19464159]	[[583, 16896]]
12	"3264.x1"	3264	[0, 1, 0, -193, 959]	[[5, 12]]
12	"3264.x2"	3264	[0, 1, 0, -33, 2655]	[[-9, 48]]
16	"3269.a1"	3269	[1, 1, 1, -4, -6]	[[2, -1]]
12	"3270.a1"	3270	[1, 1, 0, -2367, -45279]	[[-28, 9]]
12	"3270.a2"	3270	[1, 1, 0, -187, -371]	[[18, 41]]
12	"3270.a4"	3270	[1, 1, 0, 713, -1991]	[[9, 68]]
14	"3272.a1"	3272	[0, 0, 0, -179, 238]	[[-26/3, 730/3]]
12	"3275.a1"	3275	[0, 1, 1, 17, 69]	[[3, 12]]
10	"3276.a1"	3276	[0, 0, 0, -1431, -8370]	[[43, 98]]
16	"3276.e1"	3276	[0, 0, 0, -615, -3474]	[[-18, 42]]
8	"3276.f1"	3276	[0, 0, 0, -5535, 93798]	[[-9, 378]]
14	"3276.h2"	3276	[0, 0, 0, 36, 37]	[[11, 42]]
12	"3276.i1"	3276	[0, 0, 0, -3639, -69410]	[[273/2, 95/2]]
18	"3280.a1"	3280	[0, 1, 0, -336, 2260]	[[2, 40]]
18	"3280.a2"	3280	[0, 1, 0, -256, 3444]	[[4, 50]]
12	"3280.c1"	3280	[0, 1, 0, -440, -3692]	[[-12, 2]]
12	"3280.c2"	3280	[0, 1, 0, -40, -12]	[[-2, 8]]
10	"3280.g2"	3280	[0, 0, 0, -31307, 1717706]	[[157, 820]]
16	"3280.h1"	3280	[0, 0, 0, -8747, 314874]	[[225/2, 231/2]]
16	"3280.h2"	3280	[0, 0, 0, -547, 4914]	[[5, 48]]
16	"3280.h3"	3280	[0, 0, 0, -347, 8554]	[[10, 78]]
16	"3280.h4"	3280	[0, 0, 0, -47, 14]	[[-2, 10]]
12	"3280.l1"	3280	[0, -1, 0, -50280, -2085520]	[[-422/3, 11026/3]]
12	"3280.l2"	3280	[0, -1, 0, -42680, -3379600]	[[250, 1230]]
12	"3280.l3"	3280	[0, -1, 0, -24680, 1478000]	[[10, 1110]]
12	"3280.l4"	3280	[0, -1, 0, -2680, -51600]	[[-30, 30]]
16	"3283.e1"	3283	[0, -1, 1, -604, 5921]	[[69/2, 143/2]]
12	"3288.f1"	3288	[0, 1, 0, 5, 2]	[[1, 3]]
10	"3290.a1"	3290	[1, 0, 1, -4274, 107172]	[[36, -1]]
10	"3290.a2"	3290	[1, 0, 1, -274, 1572]	[[6, 9]]
12	"3290.b1"	3290	[1, 0, 1, -15128, -717402]	[[217, 2387]]
12	"3290.b2"	3290	[1, 0, 1, -14928, -737242]	[[7807/6, 515867/6]]
12	"3290.b3"	3290	[1, 0, 1, -253, -252]	[[-6, 35]]
12	"3290.b4"	3290	[1, 0, 1, 997, -1752]	[[44, 335]]
12	"3290.d2"	3290	[1, 1, 0, -15603, -897523]	[[887, 25712]]
8	"3290.f1"	3290	[1, -1, 1, -7513, 252481]	[[-55, 732]]
8	"3290.f2"	3290	[1, -1, 1, -513, 3281]	[[3, 40]]
8	"3290.f4"	3290	[1, -1, 1, 1367, 20577]	[[97, 980]]
10	"3294.a1"	3294	[1, -1, 0, -42, 8]	[[-2, 10]]
12	"3294.c1"	3294	[1, -1, 0, -662217, 203785613]	[[2962/3, 120485/3]]
12	"3294.j2"	3294	[1, -1, 1, -73205, -7605235]	[[-3899/5, 9686/5]]
15	"3295.a1"	3295	[0, -1, 1, 14, -158]	[[16, 62]]
14	"3302.d1"	3302	[1, 0, 0, 6, -124]	[[40, 234]]
12	"3306.f1"	3306	[1, 0, 1, -5046, -138200]	[[-40, 24]]
12	"3306.f2"	3306	[1, 0, 1, -406, -856]	[[-8, 47]]
12	"3306.g1"	3306	[1, 1, 1, -320, -2329]	[[-41/2, 43/2]]
12	"3306.g2"	3306	[1, 1, 1, -30, -9]	[[-3, 9]]
15	"3308.a1"	3308	[0, -1, 0, 3, -23]	[[3, 2]]
10	"3309.a1"	3309	[1, 1, 1, -2, -4]	[[2, 1]]
8	"3310.a1"	3310	[1, 0, 1, 84016, -25347468]	[[626445/4, 494582577/4]]
16	"3310.b1"	3310	[1, 1, 0, -43, 93]	[[3, 0]]
12	"3310.c1"	3310	[1, -1, 1, 83, -491]	[[7, 16]]
12	"3312.a1"	3312	[0, 0, 0, -507, -4070]	[[-13, 18]]
12	"3312.a2"	3312	[0, 0, 0, 33, -290]	[[14, 54]]
12	"3312.d1"	3312	[0, 0, 0, -35571, 2581810]	[[113, 72]]
12	"3312.d2"	3312	[0, 0, 0, -15411, -712334]	[[143, 90]]
12	"3312.d3"	3312	[0, 0, 0, -2451, 31570]	[[-9, 230]]
16	"3312.e1"	3312	[0, 0, 0, -6771, 181474]	[[-85, 378]]
16	"3312.e2"	3312	[0, 0, 0, -1911, -29450]	[[557, 13104]]
16	"3312.e3"	3312	[0, 0, 0, -1866, -31025]	[[23999/13, 3520440/13]]
16	"3312.e4"	3312	[0, 0, 0, 2229, -139574]	[[41, 144]]
6	"3312.f1"	3312	[0, 0, 0, -315, 1674]	[[15, 18]]
12	"3312.g1"	3312	[0, 0, 0, -165, -997]	[[146, 1757]]
12	"3312.g2"	3312	[0, 0, 0, 15, 11]	[[2, 7]]
12	"3312.h1"	3312	[0, 0, 0, -110955, 2430362]	[[1543, 59202]]
12	"3312.h2"	3312	[0, 0, 0, -82875, 9182954]	[[143, 506]]
12	"3312.h3"	3312	[0, 0, 0, -5115, 147242]	[[13, 288]]
12	"3312.h4"	3312	[0, 0, 0, 27285, 301466]	[[7, 702]]
12	"3312.j1"	3312	[0, 0, 0, -419835, 104704666]	[[299, 2430]]
12	"3312.j2"	3312	[0, 0, 0, -26175, 1644478]	[[113, 360]]
8	"3312.k1"	3312	[0, 0, 0, -2235, -40534]	[[55, 54]]
16	"3312.l1"	3312	[0, 0, 0, -39, 18]	[[-6, 6]]
16	"3312.l2"	3312	[0, 0, 0, -24, -45]	[[45, 300]]
18	"3312.n1"	3312	[0, 0, 0, -4539, 117610]	[[47, 90]]
12	"3314.a1"	3314	[1, 0, 0, -4764702, -4003545844]	[[94248114183274/39585, 912499854364645191562/39585]]
12	"3314.a2"	3314	[1, 0, 0, -58822, -5496476]	[[83944/15, 16083698/15]]
12	"3315.c1"	3315	[1, 0, 0, -20, -33]	[[-3, 3]]
16	"3315.f1"	3315	[1, 1, 0, -26110558, 51340332637]	[[185516, 79782167]]
16	"3315.f3"	3315	[1, 1, 0, -1726183, 703739512]	[[1848, 60956]]
16	"3315.f4"	3315	[1, 1, 0, 226942, 65848887]	[[6694/5, 1493137/5]]
12	"3318.b1"	3318	[1, 1, 0, -1410710, -561242028]	[[-793, 8114]]
12	"3318.b2"	3318	[1, 1, 0, -1358870, -610251564]	[[2524, 108498]]
12	"3318.d1"	3318	[1, 0, 1, -3468, -78878]	[[-34, 18]]
12	"3318.d2"	3318	[1, 0, 1, -228, -1118]	[[-7, -9]]
16	"3318.f1"	3318	[1, 0, 1, -10, 8]	[[3, 1]]
16	"3318.f2"	3318	[1, 0, 1, 20, 56]	[[0, 7]]
18	"3321.a1"	3321	[1, -1, 1, -77, 278]	[[-2, 21]]
8	"3324.b1"	3324	[0, -1, 0, -108, 264]	[[5/2, 91/2]]
16	"3325.d1"	3325	[1, -1, 1, -4855, 130772]	[[38, -29]]
16	"3325.d2"	3325	[1, -1, 1, -480, -478]	[[24, 25]]
16	"3325.d3"	3325	[1, -1, 1, -355, -2478]	[[214, 3005]]
16	"3325.d4"	3325	[1, -1, 1, 1895, -5228]	[[34, 295]]
15	"3325.j1"	3325	[0, 1, 1, -416508, -136028231]	[[1007470501357/14842, 1000491562510383081/14842]]
14	"3328.d1"	3328	[0, -1, 0, 19, -11]	[[3, 8]]
12	"3328.g1"	3328	[0, 1, 0, -7, -11]	[[3, 2]]
12	"3328.g2"	3328	[0, 1, 0, -7, 661]	[[3, 26]]
10	"3328.h1"	3328	[0, 1, 0, 19, 11]	[[5, 16]]
16	"3330.c1"	3330	[1, -1, 0, -3069045, -2068673675]	[[610605/7, 469986320/7]]
16	"3330.c2"	3330	[1, -1, 0, -2728125, 1727522941]	[[1311, 19417]]
16	"3330.c3"	3330	[1, -1, 0, -263925, -5795339]	[[-169, 5912]]
16	"3330.c4"	3330	[1, -1, 0, -191925, -32248139]	[[12413, 1375856]]
16	"3330.c5"	3330	[1, -1, 0, -7605, -876875]	[[125, 275]]
16	"3330.c6"	3330	[1, -1, 0, 1048275, -46998419]	[[17889/5, 4042427/5]]
12	"3330.d1"	3330	[1, -1, 0, -47475, 3993381]	[[6850/7, 69287/7]]
12	"3330.d2"	3330	[1, -1, 0, -47295, 4025025]	[[300, 3945]]
12	"3330.d3"	3330	[1, -1, 0, -675, 3861]	[[-3, 78]]
12	"3330.d4"	3330	[1, -1, 0, 2205, 26325]	[[-2, 149]]
14	"3330.i1"	3330	[1, -1, 0, -5739, -165907]	[[89, 105]]
14	"3330.i2"	3330	[1, -1, 0, -339, -2827]	[[49, 286]]
10	"3330.j2"	3330	[1, -1, 0, -10314, 639220]	[[-49, 1037]]
10	"3330.o1"	3330	[1, -1, 1, -638, 6357]	[[15, -7]]
15	"3330.p1"	3330	[1, -1, 1, 112, 627]	[[5, 33]]
15	"3330.v1"	3330	[1, -1, 1, -482, -3949]	[[351/2, 5963/2]]
15	"3330.v2"	3330	[1, -1, 1, -167, -9241]	[[57, 376]]
12	"3335.b1"	3335	[0, -1, 1, -98021, 11844826]	[[-122, 4687]]
12	"3339.c1"	3339	[1, -1, 1, -320, 2328]	[[6, 21]]
10	"3339.f2"	3339	[1, -1, 0, 9, 112]	[[32, 164]]
9	"3339.g1"	3339	[0, 0, 1, 141, -203]	[[25/2, 239/2]]
9	"3340.a2"	3340	[0, 1, 0, 175, -212]	[[8, 42]]
12	"3341.a1"	3341	[1, -1, 1, -75, -226]	[[-17/2, 7/2]]
12	"3341.a2"	3341	[1, -1, 1, -10, 8]	[[-1, 4]]
18	"3345.a1"	3345	[0, -1, 1, 1184, -8328]	[[103, 1093]]
16	"3345.c1"	3345	[0, -1, 1, -7250, -236719]	[[725/2, 16721/2]]
16	"3346.b1"	3346	[1, 1, 0, -127375, 384549]	[[-1139435/87, 2698050256/87]]
16	"3346.b2"	3346	[1, 1, 0, -86415, -9781723]	[[-78564238337/22011, 775119623201764/22011]]
14	"3347.a1"	3347	[0, 1, 1, 2, 3]	[[-3/2, 7/2]]
12	"3348.c1"	3348	[0, 0, 0, -216, -3564]	[[45, 279]]
12	"3348.h1"	3348	[0, 0, 0, -24, 132]	[[16, 62]]
15	"3350.b1"	3350	[1, -1, 0, -317, 2341]	[[9, 8]]
6	"3354.a1"	3354	[1, 1, 0, -301, 1849]	[[0, 43]]
16	"3360.a1"	3360	[0, -1, 0, -376, -2684]	[[25, 54]]
16	"3360.a2"	3360	[0, -1, 0, -176, 936]	[[13, 26]]
16	"3360.a3"	3360	[0, -1, 0, -26, -24]	[[-2, 4]]
16	"3360.a4"	3360	[0, -1, 0, 79, -255]	[[19, 88]]
14	"3360.b1"	3360	[0, -1, 0, -26, 60]	[[4, 2]]
8	"3360.c1"	3360	[0, -1, 0, -317521, -68760575]	[[1497339/23, 1792389016/23]]
8	"3360.c3"	3360	[0, -1, 0, -19846, -1069280]	[[2808, 148580]]
8	"3360.c4"	3360	[0, -1, 0, -17416, -1343384]	[[4054509/38, 8153356825/38]]
8	"3360.d1"	3360	[0, -1, 0, -324016, 71098216]	[[7245/2, 589127/2]]
8	"3360.d2"	3360	[0, -1, 0, -29016, 67716]	[[-563/2, 9273/2]]
8	"3360.d3"	3360	[0, -1, 0, -20266, 1114216]	[[78, 44]]
8	"3360.d4"	3360	[0, -1, 0, -11761, 2048065]	[[1779, 74888]]
12	"3360.e3"	3360	[0, -1, 0, -166, 616]	[[-5, 36]]
12	"3360.e4"	3360	[0, -1, 0, 464, 3640]	[[9, 92]]
14	"3360.j1"	3360	[0, -1, 0, -210, -900]	[[20, 50]]
14	"3360.j2"	3360	[0, -1, 0, 415, -5775]	[[25, 140]]
12	"3360.k2"	3360	[0, -1, 0, -2240, -26520]	[[157, 1862]]
12	"3360.k3"	3360	[0, -1, 0, -890, 10200]	[[22, 28]]
12	"3360.k4"	3360	[0, -1, 0, 335, 34945]	[[-13, 168]]
12	"3360.o1"	3360	[0, 1, 0, -2416, -46516]	[[167, 2058]]
12	"3360.o3"	3360	[0, 1, 0, -166, -616]	[[17, 42]]
12	"3360.o4"	3360	[0, 1, 0, 464, -3640]	[[11, 54]]
16	"3360.p1"	3360	[0, 1, 0, -317521, 68760575]	[[341, 504]]
16	"3360.p2"	3360	[0, 1, 0, -22296, 786060]	[[159, 1134]]
16	"3360.p3"	3360	[0, 1, 0, -19846, 1069280]	[[26, 756]]
16	"3360.p4"	3360	[0, 1, 0, -17416, 1343384]	[[14, 1050]]
10	"3360.r1"	3360	[0, 1, 0, -26, -60]	[[6, 6]]
16	"3360.u1"	3360	[0, 1, 0, -680, 6600]	[[19, 30]]
16	"3360.u2"	3360	[0, 1, 0, -400, -3172]	[[23, 18]]
16	"3360.u3"	3360	[0, 1, 0, -50, 48]	[[-2, 12]]
16	"3360.u4"	3360	[0, 1, 0, 175, 543]	[[13, 72]]
16	"3360.z1"	3360	[0, 1, 0, -84000, 9342648]	[[171, 90]]
16	"3360.z2"	3360	[0, 1, 0, -5880, 107100]	[[15, 150]]
16	"3360.z3"	3360	[0, 1, 0, -5250, 144648]	[[36, 60]]
10	"3362.b1"	3362	[1, 1, 0, -19366, -1027446]	[[-6359/9, 122986/9]]
18	"3362.c1"	3362	[1, 1, 0, -5882694, -5494222780]	[[-375127975614357221/16367265, 2985417272000212508425303/16367265]]
16	"3363.b1"	3363	[0, 1, 1, -9, 8]	[[2, 1]]
16	"3369.a1"	3369	[0, -1, 1, 1, 14]	[[2, 4]]
12	"3370.c1"	3370	[1, 0, 1, -113, -4244]	[[112, 1123]]
12	"3370.c2"	3370	[1, 0, 1, 12, 156]	[[12, 39]]
10	"3374.a1"	3374	[1, 1, 0, -135, 341]	[[-13, 17]]
9	"3376.b1"	3376	[0, 0, 0, 13, 178]	[[9, 32]]
12	"3378.b1"	3378	[1, 0, 1, 60, -830]	[[17, 63]]
12	"3380.c1"	3380	[0, 1, 0, -6985, -226992]	[[-49, 5]]
12	"3380.c3"	3380	[0, 1, 0, -225, 820]	[[-12, 44]]
12	"3380.c4"	3380	[0, 1, 0, 620, 6228]	[[43, 338]]
9	"3380.h1"	3380	[0, 1, 0, -85570, -9663107]	[[-1523/3, 1/3]]
15	"3380.i1"	3380	[0, 1, 0, -290, -1975]	[[-10, 5]]
15	"3380.i2"	3380	[0, 1, 0, -30, 53]	[[1, 5]]
16	"3380.j1"	3380	[0, -1, 0, -47545, 4006170]	[[117, 177]]
14	"3381.e1"	3381	[0, -1, 1, 16007, -7794291]	[[2401/3, 105913/3]]
14	"3381.h1"	3381	[0, 1, 1, 327, 22817]	[[39, 310]]
8	"3384.d1"	3384	[0, 0, 0, -435, 862]	[[-1, 36]]
8	"3384.d2"	3384	[0, 0, 0, 105, 106]	[[2, 18]]
10	"3385.a1"	3385	[0, 0, 1, -32, 62]	[[2, 2]]
18	"3390.b1"	3390	[1, 0, 1, -64, 206]	[[1, 11]]
14	"3390.c1"	3390	[1, 0, 1, -190773, -43940672]	[[659, 10470]]
15	"3392.c1"	3392	[0, 1, 0, -577, 14271]	[[143, 1696]]
15	"3392.c2"	3392	[0, 1, 0, 63, -449]	[[15, 64]]
16	"3392.i1"	3392	[0, -1, 0, -481, -3967]	[[77, 640]]
12	"3392.k1"	3392	[0, 1, 0, -1574593, 759977791]	[[15, 27136]]
12	"3392.k2"	3392	[0, 1, 0, -18113, 1185599]	[[119/5, 131072/5]]
14	"3392.l1"	3392	[0, 1, 0, -17, 47]	[[-1, 8]]
16	"3392.p1"	3392	[0, -1, 0, -69, 245]	[[-4, 21]]
8	"3393.c2"	3393	[1, -1, 1, -119, 118]	[[-8, 26]]
8	"3393.c3"	3393	[1, -1, 1, -74, -224]	[[20, 67]]
8	"3393.c4"	3393	[1, -1, 1, 466, 586]	[[5, 52]]
8	"3393.e2"	3393	[1, -1, 0, 108, -221]	[[146, 1691]]
16	"3395.a1"	3395	[0, 0, 1, -178, -917]	[[661/3, 16678/3]]
12	"3395.b1"	3395	[0, -1, 1, 210, -43857]	[[141/2, 621/2]]
12	"3395.c1"	3395	[0, 1, 1, -456, 3721]	[[61/2, 183/2]]
14	"3400.a1"	3400	[0, 1, 0, -88508, -10164512]	[[20472/7, 1747600/7]]
14	"3400.a2"	3400	[0, 1, 0, -88008, -10284512]	[[588, 11900]]
12	"3400.d1"	3400	[0, 0, 0, -29075, -1867250]	[[-12986/11, 173538/11]]
12	"3400.d2"	3400	[0, 0, 0, -4075, 57750]	[[-66, 198]]
12	"3400.d3"	3400	[0, 0, 0, -3575, 82250]	[[34, 2]]
12	"3400.d4"	3400	[0, 0, 0, 12925, 414750]	[[-1946/9, 219142/9]]
18	"3400.g1"	3400	[0, -1, 0, -108, 212]	[[-7, 24]]
18	"3400.g2"	3400	[0, -1, 0, 392, 1212]	[[42, 300]]
15	"3402.a1"	3402	[1, -1, 0, -231, 1421]	[[10, 1]]
15	"3402.a2"	3402	[1, -1, 0, 714, 7028]	[[-4, 66]]
8	"3402.c1"	3402	[1, -1, 0, -15, -1]	[[-1, 4]]
9	"3402.f1"	3402	[1, -1, 0, -987, -11683]	[[-73/2, 83/2]]
12	"3402.l1"	3402	[1, -1, 1, -299, 2107]	[[11, 2]]
12	"3402.l2"	3402	[1, -1, 1, 16, 7]	[[5, 11]]
16	"3402.q1"	3402	[1, -1, 1, 268, -1193]	[[5, 13]]
10	"3403.b1"	3403	[0, -1, 1, -5, 7]	[[1, 1]]
14	"3404.a1"	3404	[0, 0, 0, -25, -59]	[[12, 37]]
12	"3408.c1"	3408	[0, -1, 0, -232, -1232]	[[18, 10]]
15	"3408.e1"	3408	[0, -1, 0, -368104, -85867664]	[[157540/9, 59007104/9]]
14	"3408.g1"	3408	[0, 1, 0, -104, 276]	[[12, 30]]
15	"3417.b1"	3417	[0, 1, 1, -495626, 134135924]	[[409, 100]]
8	"3417.f1"	3417	[1, 0, 1, -412, 3011]	[[-23, 32]]
8	"3417.f2"	3417	[1, 0, 1, -77, -205]	[[3255/2, 182465/2]]
8	"3417.f3"	3417	[1, 0, 1, -72, -239]	[[52081/16, 11463713/16]]
8	"3417.f4"	3417	[1, 0, 1, 178, -1225]	[[19121/56, 1129269/56]]
14	"3420.a2"	3420	[0, 0, 0, 168, 169]	[[8, 45]]
16	"3420.b2"	3420	[0, 0, 0, -30432, -2043331]	[[203, 380]]
8	"3420.d2"	3420	[0, 0, 0, -72, 81]	[[0, 9]]
12	"3420.e1"	3420	[0, 0, 0, -332607, 73806694]	[[323, 270]]
12	"3420.e2"	3420	[0, 0, 0, -23952, 778921]	[[135, 76]]
12	"3420.e3"	3420	[0, 0, 0, -11847, -370514]	[[-247/2, 2835/2]]
12	"3420.e4"	3420	[0, 0, 0, -10992, -443531]	[[9955/9, 181412/9]]
16	"3423.b1"	3423	[1, 0, 0, -763, -7546]	[[35, 77]]
16	"3423.b2"	3423	[1, 0, 0, 52, -537]	[[7, 10]]
15	"3423.c1"	3423	[1, 0, 0, 10, 9]	[[1, 4]]
16	"3423.d1"	3423	[1, 0, 1, -1320, 12703]	[[161, 1914]]
16	"3423.d2"	3423	[1, 0, 1, -505, -4249]	[[-879/8, 9245/8]]
16	"3423.d3"	3423	[1, 0, 1, -500, -4339]	[[66091/45, 9398926/45]]
16	"3423.d4"	3423	[1, 0, 1, 230, -15421]	[[64041/40, 14144041/40]]
12	"3424.b1"	3424	[0, 0, 0, -11, 18]	[[2, 2]]
14	"3429.b1"	3429	[0, 0, 1, -54, -871]	[[79, 698]]
16	"3431.a1"	3431	[1, 1, 1, -62, 162]	[[4, -2]]
16	"3431.b1"	3431	[1, 0, 1, -1868, 31525]	[[-29, 262]]
12	"3435.b1"	3435	[1, 0, 0, -1221, -16524]	[[41, 32]]
12	"3435.b2"	3435	[1, 0, 0, -76, -265]	[[499/7, 505/7]]
12	"3435.d1"	3435	[1, 0, 1, -994, -9133]	[[-17, 62]]
12	"3435.d2"	3435	[1, 0, 1, 151, -889]	[[21, 97]]
10	"3438.a1"	3438	[1, -1, 0, -828, -8906]	[[41, 137]]
8	"3438.b1"	3438	[1, -1, 0, -110016, -14017860]	[[62415/11, 10492965/11]]
8	"3438.b2"	3438	[1, -1, 0, -7416, -181116]	[[-30, 132]]
8	"3438.b3"	3438	[1, -1, 0, -6876, -217728]	[[459, 9423]]
8	"3438.b4"	3438	[1, -1, 0, -396, -3888]	[[27, 54]]
12	"3441.a1"	3441	[1, 1, 0, -2, -45]	[[14, 47]]
10	"3444.a1"	3444	[0, -1, 0, -12, -24]	[[5, 4]]
10	"3444.b1"	3444	[0, -1, 0, -43977092, -242078256696]	[[26842, 4232758]]
14	"3444.d1"	3444	[0, -1, 0, 44, 3304]	[[18, 98]]
10	"3444.e1"	3444	[0, -1, 0, -3260, 73224]	[[25, 82]]
10	"3445.b1"	3445	[1, 0, 1, -359, -2643]	[[89, 775]]
15	"3450.i1"	3450	[1, 0, 1, -66701, -4248952]	[[-157, 1614]]
12	"3450.j1"	3450	[1, 0, 1, -34560276, -78204168302]	[[18956, 2455926]]
12	"3450.j3"	3450	[1, 0, 1, -2160276, -1221768302]	[[-838, 906]]
12	"3450.j4"	3450	[1, 0, 1, -112276, -25736302]	[[4642, 313091]]
12	"3450.k2"	3450	[1, 0, 1, -2676, -51752]	[[-28, 51]]
12	"3450.k3"	3450	[1, 0, 1, -426, 2248]	[[2, 36]]
12	"3450.k4"	3450	[1, 0, 1, 74, 248]	[[1, 17]]
12	"3450.o1"	3450	[1, 1, 1, -19263, 167781]	[[141, 458]]
12	"3450.o2"	3450	[1, 1, 1, -14388, 658281]	[[69, -33]]
10	"3452.a1"	3452	[0, -1, 0, 2, 5]	[[-1, 1]]
15	"3458.d1"	3458	[1, 0, 0, -60892, -5789676]	[[600, 12882]]
12	"3459.a1"	3459	[1, 1, 1, -23, -52]	[[9, 19]]
12	"3459.a2"	3459	[1, 1, 1, -8, -100]	[[35/2, 157/2]]
14	"3459.b1"	3459	[1, 0, 0, -46, 119]	[[5, 2]]
8	"3462.a1"	3462	[1, 1, 1, -44, 71]	[[23/2, 31/2]]
8	"3462.a2"	3462	[1, 1, 1, -14, -25]	[[5, 5]]
16	"3462.b1"	3462	[1, 1, 1, -4108, 99629]	[[37, -15]]
16	"3462.b2"	3462	[1, 1, 1, -268, 1325]	[[5, 9]]
12	"3468.d1"	3468	[0, -1, 0, -72057, 7506882]	[[193, 867]]
12	"3469.a1"	3469	[1, 0, 0, -26, 49]	[[3, -1]]
10	"3470.a1"	3470	[1, -1, 0, -49, 145]	[[4, -1]]
12	"3470.b1"	3470	[1, 0, 1, -14, 16]	[[1, 1]]
15	"3471.a1"	3471	[1, 1, 1, -57279, -5300316]	[[2732688/67, 4008899817/67]]
12	"3471.d1"	3471	[0, -1, 1, -458, 3929]	[[53/2, 23/2]]
12	"3474.a2"	3474	[1, -1, 0, -6948, 224640]	[[51, 6]]
12	"3474.a4"	3474	[1, -1, 0, -468, 3024]	[[3, 39]]
12	"3474.c1"	3474	[1, -1, 0, -612, -5612]	[[-13, 2]]
8	"3474.f2"	3474	[1, -1, 1, 58, 6365]	[[3, 79]]
12	"3474.g1"	3474	[1, -1, 1, 4, 87]	[[-1, 9]]
16	"3477.b2"	3477	[1, 1, 0, -7411, -228830]	[[117931/30, 26178331/30]]
16	"3477.b3"	3477	[1, 1, 0, -1616, 20355]	[[1555/6, 34855/6]]
16	"3477.b4"	3477	[1, 1, 0, 189, 1944]	[[4/3, 1210/3]]
8	"3479.e1"	3479	[1, 0, 1, -5, -3]	[[-1, 1]]
8	"3480.d1"	3480	[0, -1, 0, -3720, -86100]	[[485/2, 8875/2]]
8	"3480.d2"	3480	[0, -1, 0, -240, -1188]	[[-7, 10]]
8	"3480.d4"	3480	[0, -1, 0, 360, -6708]	[[113, 1210]]
12	"3480.f2"	3480	[0, -1, 0, 80, -500]	[[21, 100]]
14	"3480.j1"	3480	[0, 1, 0, -1336, 12464]	[[-5, 138]]
10	"3480.n2"	3480	[0, 1, 0, 144, 144]	[[0, 12]]
16	"3480.r1"	3480	[0, 1, 0, -1099040, -424917600]	[[-605, 4350]]
16	"3480.r2"	3480	[0, 1, 0, -190760, 23409408]	[[91, 2610]]
16	"3480.r3"	3480	[0, 1, 0, -176180, 28401600]	[[250, 210]]
16	"3480.r4"	3480	[0, 1, 0, -176175, 28403298]	[[291, 1365]]
16	"3480.r5"	3480	[0, 1, 0, -161680, 33285200]	[[-40, 6300]]
16	"3480.r6"	3480	[0, 1, 0, 484240, 152469408]	[[3091, 176610]]
10	"3482.a1"	3482	[1, -1, 1, -61, 5]	[[-1, 8]]
6	"3483.f1"	3483	[1, -1, 0, -96, 305]	[[8, -3]]
14	"3486.a1"	3486	[1, 1, 0, -30376, 1910080]	[[48, 728]]
14	"3486.a2"	3486	[1, 1, 0, 24504, 8111520]	[[391, 8617]]
15	"3486.f1"	3486	[1, 1, 1, 99, -1567245]	[[375, 6980]]
14	"3486.g1"	3486	[1, 1, 1, -3777, 87771]	[[27, 66]]
14	"3486.g2"	3486	[1, 1, 1, -3707, 91271]	[[115/2, 661/2]]
10	"3486.m1"	3486	[1, 0, 0, -644, -6240]	[[-14, 16]]
10	"3486.m2"	3486	[1, 0, 0, -84, 144]	[[0, 12]]
15	"3488.a1"	3488	[0, 0, 0, 4, 32]	[[-2, 4]]
16	"3494.a1"	3494	[1, 1, 0, -141, -707]	[[37, 197]]
16	"3494.b1"	3494	[1, 0, 0, 30, 68]	[[4, 14]]
9	"3496.e1"	3496	[0, 0, 0, 28, 52]	[[12, 46]]
12	"3496.g1"	3496	[0, 1, 0, 48, -367]	[[7, 19]]
12	"3501.b1"	3501	[0, 0, 1, -543, -4865]	[[-55/2, 7/2]]
14	"3504.a1"	3504	[0, -1, 0, -1560, -23184]	[[-22, 2]]
14	"3504.a2"	3504	[0, -1, 0, -120, -144]	[[-6, 18]]
8	"3504.b1"	3504	[0, -1, 0, 343, -1419]	[[4, 1]]
12	"3504.c1"	3504	[0, -1, 0, -437, 4989]	[[-20, 73]]
12	"3504.c2"	3504	[0, -1, 0, 43, -99]	[[4, 11]]
12	"3504.e2"	3504	[0, -1, 0, -1166368, 486190336]	[[578, 2190]]
12	"3504.e3"	3504	[0, -1, 0, -15008, 612096]	[[98, 270]]
12	"3504.e4"	3504	[0, -1, 0, 25952, 3331840]	[[1730, 72270]]
10	"3504.f2"	3504	[0, -1, 0, 57, 126]	[[62, 488]]
16	"3504.g2"	3504	[0, -1, 0, -48, 2880]	[[-6, 54]]
12	"3504.h1"	3504	[0, -1, 0, -88, -224]	[[-3, 2]]
14	"3504.i1"	3504	[0, -1, 0, -388, -2816]	[[64, 480]]
14	"3504.i2"	3504	[0, -1, 0, -23, -42]	[[406/5, 7504/5]]
6	"3504.j2"	3504	[0, -1, 0, -497688, -134974224]	[[220418, 103482610]]
6	"3504.j3"	3504	[0, -1, 0, -154248, 21624048]	[[-174, 6570]]
6	"3504.j4"	3504	[0, -1, 0, -31128, -2097936]	[[-2644/5, 704/5]]
10	"3504.l1"	3504	[0, -1, 0, -152, 720]	[[10, 10]]
8	"3504.o1"	3504	[0, 1, 0, -20760, 1144404]	[[84, 18]]
8	"3504.r1"	3504	[0, 1, 0, -101, -429]	[[150, 1839]]
12	"3504.s1"	3504	[0, 1, 0, -1, 11]	[[-2, 3]]
14	"3504.t1"	3504	[0, 1, 0, -408, -3276]	[[-12, 6]]
14	"3504.t2"	3504	[0, 1, 0, -48, 36]	[[0, 6]]
16	"3504.u1"	3504	[0, 1, 0, -1048, 12692]	[[28, 78]]
12	"3504.w1"	3504	[0, 1, 0, -5232, 99828]	[[84, 510]]
12	"3504.w2"	3504	[0, 1, 0, -1992, -33660]	[[-24, 30]]
12	"3504.w3"	3504	[0, 1, 0, -1972, -34372]	[[74, 480]]
12	"3504.w4"	3504	[0, 1, 0, 928, -121260]	[[70, 540]]
12	"3507.a2"	3507	[1, 0, 0, -83, 696]	[[-5, 34]]
12	"3508.a1"	3508	[0, 1, 0, -29, 47]	[[2, 1]]
15	"3510.h2"	3510	[1, -1, 0, -879, -29395]	[[430/3, 4475/3]]
15	"3510.h3"	3510	[1, -1, 0, 96, 960]	[[16, 72]]
12	"3510.k1"	3510	[1, -1, 0, -39, 195]	[[31, 152]]
15	"3510.m1"	3510	[1, -1, 1, -23708, -898073]	[[-1013/3, 17131/3]]
15	"3510.m2"	3510	[1, -1, 1, -9668, 368231]	[[55, -3]]
10	"3513.a1"	3513	[1, 1, 0, 0, -3]	[[4, 7]]
12	"3519.d1"	3519	[0, 0, 1, -54, 74]	[[-6, 13]]
12	"3519.h1"	3519	[0, 0, 1, -165, -711]	[[-31/2, 77/2]]
8	"3525.d1"	3525	[1, 1, 1, -26938, -1296094]	[[-101, 688]]
8	"3525.d2"	3525	[1, 1, 1, -9313, 325406]	[[40, 117]]
8	"3525.d3"	3525	[1, 1, 1, -9188, 335156]	[[176, 1963]]
8	"3525.d4"	3525	[1, 1, 1, 6312, 1325406]	[[-80, 602]]
10	"3526.a1"	3526	[1, 0, 1, -78892, -8535486]	[[1078, 33511]]
10	"3526.a2"	3526	[1, 0, 1, -4932, -133630]	[[-40, 25]]
12	"3526.c2"	3526	[1, 0, 0, 487, 13673]	[[-16, 51]]
16	"3528.d1"	3528	[0, 0, 0, -169491, -26857586]	[[4662, 317030]]
16	"3528.d2"	3528	[0, 0, 0, -28371, 1839166]	[[95, 36]]
16	"3528.d3"	3528	[0, 0, 0, -10731, -408170]	[[126, 490]]
16	"3528.d4"	3528	[0, 0, 0, -1911, 24010]	[[63, 392]]
16	"3528.d6"	3528	[0, 0, 0, 6909, -1618274]	[[18617/2, 2540565/2]]
10	"3528.e2"	3528	[0, 0, 0, -2646, 83349]	[[-14, 343]]
12	"3528.m2"	3528	[0, 0, 0, 105, -1078]	[[14, 56]]
12	"3528.n1"	3528	[0, 0, 0, -56595, 4605118]	[[71, 972]]
12	"3528.n2"	3528	[0, 0, 0, 5145, 369754]	[[275, 4752]]
8	"3528.x1"	3528	[0, 0, 0, -131859, 18429390]	[[310, 2710]]
8	"3528.x2"	3528	[0, 0, 0, -26019, -1278018]	[[-279/2, 3555/2]]
8	"3528.x3"	3528	[0, 0, 0, -8379, 277830]	[[-33, 720]]
8	"3528.x4"	3528	[0, 0, 0, 441, 18522]	[[-14, 98]]
10	"3532.a1"	3532	[0, 1, 0, -13, -24]	[[4, 2]]
9	"3535.a1"	3535	[0, -1, 1, 170, 1066]	[[7, 50]]
14	"3536.b1"	3536	[0, 1, 0, -872, 9268]	[[12, 26]]
10	"3536.e2"	3536	[0, 0, 0, -2747, 32490]	[[71, 442]]
16	"3536.h2"	3536	[0, 0, 0, -79, -210]	[[298/3, 4940/3]]
16	"3536.h3"	3536	[0, 0, 0, -74, -245]	[[6145/24, 185345/24]]
16	"3536.h4"	3536	[0, 0, 0, 181, -1302]	[[74, 646]]
18	"3536.j1"	3536	[0, 0, 0, -187483, -31245750]	[[12519/5, 83022/5]]
16	"3536.k1"	3536	[0, -1, 0, -2192, -7840]	[[445/3, 1270/3]]
8	"3538.a1"	3538	[1, -1, 0, -668, -6466]	[[-131/3, 94/3]]
8	"3538.a2"	3538	[1, -1, 0, -58, 0]	[[-1, 8]]
8	"3538.a3"	3538	[1, -1, 0, -38, 100]	[[3, 1]]
8	"3538.a4"	3538	[1, -1, 0, 232, -174]	[[57, 414]]
12	"3540.d1"	3540	[0, -1, 0, -58300, -5398760]	[[2262, 106918]]
12	"3540.d2"	3540	[0, -1, 0, -3625, -84350]	[[75, 245]]
9	"3540.f1"	3540	[0, 1, 0, -9141, -338841]	[[-54, 15]]
12	"3540.h1"	3540	[0, 1, 0, -60, -60]	[[8, 6]]
12	"3540.h2"	3540	[0, 1, 0, 15, 0]	[[3, 9]]
12	"3545.a1"	3545	[1, 0, 1, -74, -249]	[[911/7, 20644/7]]
12	"3545.a2"	3545	[1, 0, 1, -69, -283]	[[71, 559]]
10	"3547.b1"	3547	[0, 1, 1, 3, 3]	[[-1, 0]]
16	"3549.c1"	3549	[1, 0, 1, -132500, -18574957]	[[379291/30, 12989549/30]]
16	"3549.c2"	3549	[1, 0, 1, -8285, -290509]	[[-843/4, 349/4]]
16	"3549.c5"	3549	[1, 0, 1, -680, -1519]	[[-21, 70]]
16	"3549.c6"	3549	[1, 0, 1, 165, -167]	[[89/5, 2427/5]]
12	"3550.d1"	3550	[1, 1, 0, -1450, -21250]	[[-25, 0]]
12	"3550.d2"	3550	[1, 1, 0, -200, 1000]	[[5, 10]]
18	"3550.h1"	3550	[1, 0, 1, -1751, 27898]	[[22, 1]]
18	"3550.j1"	3550	[1, -1, 1, -65655, 6464847]	[[-61, 3230]]
6	"3550.k1"	3550	[1, -1, 1, -1030, -12403]	[[39, 55]]
14	"3550.m1"	3550	[1, 0, 0, -688, -6008]	[[-18, 34]]
8	"3552.c1"	3552	[0, -1, 0, -76527553, 257702035153]	[[-3903, 704924]]
8	"3552.c2"	3552	[0, -1, 0, -4783018, 4027708300]	[[-118036/11, 117281514/11]]
8	"3552.e1"	3552	[0, 1, 0, -193, -913]	[[-7, 12]]
8	"3552.e2"	3552	[0, 1, 0, -58, 140]	[[2, 6]]
10	"3554.a2"	3554	[1, -1, 1, -16, -169]	[[133/3, 1181/3]]
10	"3555.f2"	3555	[1, -1, 0, 396, 5035]	[[26, 167]]
16	"3558.a1"	3558	[1, 1, 0, -256, 2560]	[[13, 34]]
16	"3560.b1"	3560	[0, 1, 0, -476, -4160]	[[32, 120]]
16	"3560.b2"	3560	[0, 1, 0, -31, -66]	[[-3, 3]]
12	"3560.e1"	3560	[0, 0, 0, -23, -22]	[[-2, 4]]
12	"3560.e2"	3560	[0, 0, 0, 77, -162]	[[18, 84]]
8	"3560.g1"	3560	[0, -1, 0, -1516, 1716]	[[10/3, 152/3]]
8	"3560.g2"	3560	[0, -1, 0, -1071, 13820]	[[11, 57]]
16	"3562.e1"	3562	[1, -1, 1, -2194, -35345]	[[4585/8, 193343/8]]
16	"3562.e2"	3562	[1, -1, 1, -504, 3863]	[[611/10, 27861/10]]
16	"3562.e3"	3562	[1, -1, 1, -484, 4215]	[[27/2, 249/2]]
16	"3562.e4"	3562	[1, -1, 1, 866, 20303]	[[2916579/170, 4967501093/170]]
10	"3570.b1"	3570	[1, 1, 0, -37683, -2827827]	[[-111, 3]]
10	"3570.c1"	3570	[1, 1, 0, -518, 3132]	[[19, 15]]
14	"3570.d1"	3570	[1, 1, 0, -40957, -3207491]	[[585, 12878]]
14	"3570.d2"	3570	[1, 1, 0, -2557, -51011]	[[73, 361]]
14	"3570.e2"	3570	[1, 1, 0, -506247, 138432609]	[[393, 411]]
8	"3570.g1"	3570	[1, 1, 0, -1822, -30704]	[[-25, 14]]
8	"3570.g2"	3570	[1, 1, 0, -122, -444]	[[-5, -6]]
8	"3570.g3"	3570	[1, 1, 0, -42, 84]	[[5, 3]]
8	"3570.g4"	3570	[1, 1, 0, 298, -2376]	[[13, 56]]
18	"3570.j1"	3570	[1, 0, 1, -15284, -722854]	[[635/2, 6771/2]]
18	"3570.j2"	3570	[1, 0, 1, -1319, 17732]	[[24, -5]]
18	"3570.j3"	3570	[1, 0, 1, -284, -26854]	[[65, 447]]
18	"3570.j4"	3570	[1, 0, 1, 31, 992]	[[6, 34]]
16	"3570.l1"	3570	[1, 0, 1, -3737723, -2781668122]	[[-1116, 670]]
16	"3570.l2"	3570	[1, 0, 1, -751803, 200572006]	[[830, 11772]]
16	"3570.l3"	3570	[1, 0, 1, -237723, -41868122]	[[-316, 1470]]
16	"3570.l4"	3570	[1, 0, 1, 13157, -2831194]	[[160, 1757]]
10	"3570.m2"	3570	[1, 0, 1, -88, 338]	[[4, 5]]
18	"3570.n2"	3570	[1, 0, 1, 2202, 286756]	[[-40, 387]]
12	"3570.o2"	3570	[1, 0, 1, -52573, 4231928]	[[82, 647]]
12	"3570.o3"	3570	[1, 0, 1, -51293, 4466936]	[[132, -41]]
12	"3570.o4"	3570	[1, 0, 1, 63027, 20277208]	[[-88, 3792]]
12	"3570.r1"	3570	[1, 1, 1, -111251, -14305951]	[[-187, 44]]
12	"3570.r2"	3570	[1, 1, 1, -91571, 10568993]	[[257, 1894]]
