"82.a1"	82	[1, 0, 1, -12, -16]	[[-2, 1]]
"82.a2"	82	[1, 0, 1, -2, 0]	[[0, 0]]
"99.a1"	99	[1, -1, 1, -17, 30]	[[0, 5]]
"99.a2"	99	[1, -1, 1, -2, 0]	[[0, 0]]
"102.a2"	102	[1, 1, 0, 8, 10]	[[1, 4]]
"112.a1"	112	[0, 1, 0, -40, 84]	[[2, 4]]
"117.a3"	117	[1, -1, 1, -41, 96]	[[6, 3]]
"117.a4"	117	[1, -1, 1, 4, 6]	[[0, 2]]
"128.a2"	128	[0, 1, 0, 1, 1]	[[0, 1]]
"131.a1"	131	[0, -1, 1, 1, 0]	[[0, 0]]
"136.a2"	136	[0, 1, 0, 16, 16]	[[0, 4]]
"138.a1"	138	[1, 1, 0, -31, 55]	[[3, -1]]
"156.a1"	156	[0, -1, 0, -20, -24]	[[-2, 2]]
"156.a2"	156	[0, -1, 0, -5, 6]	[[1, 1]]
"163.a1"	163	[0, 0, 1, -2, 1]	[[1, 0]]
"189.b1"	189	[0, 0, 1, -3834, -91375]	[[-143/2, -3/2]]
"192.a1"	192	[0, -1, 0, -129, 609]	[[8, 5]]
"192.a2"	192	[0, -1, 0, -9, 9]	[[5, 8]]
"192.a3"	192	[0, -1, 0, -4, -2]	[[3, 2]]
"198.a1"	198	[1, -1, 0, -3168, 69430]	[[35, 5]]
"198.a2"	198	[1, -1, 0, -198, 1120]	[[6, 8]]
"208.a1"	208	[0, -1, 0, -7352, 245104]	[[60, 128]]
"214.b1"	214	[1, 0, 1, -193, 1012]	[[11, 10]]
"219.c2"	219	[1, 1, 0, -82, -305]	[[-6, 7]]
"224.a1"	224	[0, 1, 0, -8, -8]	[[-2, 2]]
"224.a2"	224	[0, 1, 0, 2, 0]	[[1, 2]]
"226.a1"	226	[1, 0, 0, -45, -119]	[[-4, 3]]
"234.a2"	234	[1, -1, 0, -3, 5]	[[1, 1]]
"238.a2"	238	[1, -1, 0, 2, 0]	[[1, 1]]
"238.c2"	238	[1, 0, 0, -60, 16]	[[-4, 16]]
"246.a1"	246	[1, 1, 0, -66, 180]	[[3, 3]]
"246.a2"	246	[1, 1, 0, -26, 444]	[[1, 20]]
"254.b1"	254	[1, 0, 0, -24432, -1471934]	[[-36131/20, 361313/20]]
"254.b2"	254	[1, 0, 0, -302, -2036]	[[-10, 8]]
"256.a2"	256	[0, 1, 0, -3, 1]	[[0, 1]]
"256.b2"	256	[0, 0, 0, 8, 0]	[[1, 3]]
"272.a1"	272	[0, 1, 0, -48, -140]	[[-4, 2]]
"272.b1"	272	[0, 0, 0, -1451, 21274]	[[31, 78]]
"272.b2"	272	[0, 0, 0, -91, 330]	[[7, 6]]
"272.b4"	272	[0, 0, 0, -11, 890]	[[-1, 30]]
"274.b2"	274	[1, -1, 0, 8, -6]	[[1, 1]]
"282.a1"	282	[1, 1, 1, -255, 1461]	[[9, -4]]
"282.a2"	282	[1, 1, 1, -15, 21]	[[1, 2]]
"288.a2"	288	[0, 0, 0, 3, 0]	[[1, 2]]
"288.b1"	288	[0, 0, 0, -291, -1910]	[[26, 90]]
"288.b3"	288	[0, 0, 0, -21, -20]	[[-3, 4]]
"289.a2"	289	[1, -1, 1, -1644, -24922]	[[-589/5, 3594/5]]
"289.a3"	289	[1, -1, 1, -199, -68272]	[[239/2, 2647/2]]
"289.a4"	289	[1, -1, 1, -199, 510]	[[-12, 38]]
"291.c1"	291	[1, 1, 1, -18, -36]	[[-3, 2]]
"291.c2"	291	[1, 1, 1, -3, 0]	[[0, 0]]
"294.c2"	294	[1, 0, 1, 2, 32]	[[1, 5]]
"306.a1"	306	[1, -1, 0, -1017, 8883]	[[7, 42]]
"306.a2"	306	[1, -1, 0, -927, 11097]	[[9, 54]]
"306.a3"	306	[1, -1, 0, -387, -2835]	[[-11, 6]]
"306.a4"	306	[1, -1, 0, -27, -27]	[[-3, 6]]
"312.b2"	312	[0, -1, 0, 12, -12]	[[2, 4]]
"312.d2"	312	[0, 1, 0, 5, 14]	[[-1, 3]]
"314.a1"	314	[1, -1, 0, 13, -11]	[[6, 13]]
"322.a1"	322	[1, -1, 0, -238, 1470]	[[7, 7]]
"322.c2"	322	[1, 0, 0, -14, 4]	[[0, 2]]
"324.a1"	324	[0, 0, 0, -189, -999]	[[-8, 1]]
"328.a1"	328	[0, 0, 0, -11, -10]	[[-2, 2]]
"328.a2"	328	[0, 0, 0, 29, -66]	[[6, 18]]
"333.a2"	333	[1, -1, 1, 1, -2]	[[2, 1]]
"333.b1"	333	[0, 0, 1, -16860, 842625]	[[-351/2, 10261/2]]
"333.c2"	333	[1, -1, 0, 12, 35]	[[2, 7]]
"336.a1"	336	[0, -1, 0, -12544, 544960]	[[90, 370]]
"336.a2"	336	[0, -1, 0, -784, 8704]	[[18, 10]]
"336.a3"	336	[0, -1, 0, -624, -5760]	[[-14, 6]]
"336.a5"	336	[0, -1, 0, -64, 64]	[[0, 8]]
"342.a1"	342	[1, -1, 0, -33, -65]	[[-3, 2]]
"342.c1"	342	[1, -1, 0, -3852, 92988]	[[42, 42]]
"342.c2"	342	[1, -1, 0, -3762, 97470]	[[39, 75]]
"368.c1"	368	[0, 0, 0, -35, -62]	[[-3, 4]]
"374.a1"	374	[1, -1, 0, -32, 0]	[[-1, 6]]
"377.a1"	377	[1, -1, 0, -158, -725]	[[22, 67]]
"377.a2"	377	[1, -1, 0, -13, 0]	[[-9/2, 39/2]]
"377.a3"	377	[1, -1, 0, -8, 11]	[[-2, 5]]
"377.a4"	377	[1, -1, 0, 52, -39]	[[127/6, 2509/6]]
"378.b3"	378	[1, -1, 0, 849, -25939]	[[62, 481]]
"384.b1"	384	[0, -1, 0, -3, 3]	[[2, 1]]
"384.e2"	384	[0, 1, 0, -25, 119]	[[-1, 12]]
"392.d1"	392	[0, 0, 0, -14651, -682570]	[[1306/3, 13420/3]]
"392.d3"	392	[0, 0, 0, -931, -10290]	[[107, 1056]]
"396.a2"	396	[0, 0, 0, 24, 25]	[[2, 9]]
"399.a1"	399	[1, 1, 1, -48, 90]	[[0, 9]]
"399.c1"	399	[1, 1, 0, -1925, 31458]	[[22, 8]]
"399.c2"	399	[1, 1, 0, -210, -441]	[[-10, 33]]
"402.b1"	402	[1, 0, 1, -10255, -438718]	[[8799/5, 764372/5]]
"402.b3"	402	[1, 0, 1, 800, 1070]	[[25, 179]]
"406.a1"	406	[1, -1, 0, -4942, 134964]	[[41, -19]]
"406.a2"	406	[1, -1, 0, -302, 2260]	[[9, 10]]
"414.a1"	414	[1, -1, 0, -2223, -39785]	[[-27, 16]]
"414.a3"	414	[1, -1, 0, -153, -455]	[[-4, -7]]
"414.b1"	414	[1, -1, 1, -1532, 23455]	[[25, 5]]
"423.d1"	423	[1, -1, 0, -6768, -212625]	[[6867/2, 561393/2]]
"423.d3"	423	[1, -1, 0, -423, -3240]	[[1716, 70206]]
"426.a1"	426	[1, 1, 0, -4606, 118420]	[[21, 167]]
"426.a2"	426	[1, 1, 0, -286, 1780]	[[7, 10]]
"427.a1"	427	[1, 0, 0, -28, -59]	[[-3, 2]]
"427.c1"	427	[1, 0, 1, -8, 7]	[[1, 0]]
"429.a2"	429	[1, 1, 1, 2, 2]	[[0, 1]]
"429.b1"	429	[1, 0, 0, -6864, 218313]	[[104, 743]]
"429.b2"	429	[1, 0, 0, -3009, -61770]	[[-34, 56]]
"429.b3"	429	[1, 0, 0, -474, 2619]	[[5, 17]]
"429.b4"	429	[1, 0, 0, -429, 3384]	[[24, 72]]
"434.c2"	434	[1, 0, 0, 21, 49]	[[0, 7]]
"438.a1"	438	[1, 1, 0, -65, -231]	[[-5, 3]]
"438.a2"	438	[1, 1, 0, -5, -3]	[[-2, 3]]
"438.b1"	438	[1, 0, 1, -98, 362]	[[6, -2]]
"438.c2"	438	[1, 0, 1, -31106, 2108972]	[[192, 1699]]
"438.c4"	438	[1, 0, 1, -1946, 32780]	[[24, -5]]
"438.e1"	438	[1, 1, 1, -1559, -24343]	[[159, 1864]]
"438.e2"	438	[1, 1, 1, -99, -399]	[[-7, 6]]
"438.e4"	438	[1, 1, 1, 81, -1479]	[[11, 24]]
"441.c2"	441	[1, -1, 1, -965, -13940]	[[46, 170]]
"441.c3"	441	[1, -1, 1, -335, 2440]	[[16, 23]]
"441.f1"	441	[1, -1, 0, -345753, -78165914]	[[234399/10, 108307823/10]]
"441.f2"	441	[1, -1, 0, -21618, -1216265]	[[9255/2, 879115/2]]
"441.f4"	441	[1, -1, 0, -15003, -1979636]	[[296, 4262]]
"441.f5"	441	[1, -1, 0, -1773, -5720]	[[-4, 38]]
"443.b1"	443	[0, 1, 1, 1, 1]	[[-1, 0]]
"444.b2"	444	[0, 1, 0, 36, 36]	[[0, 6]]
"448.d1"	448	[0, 0, 0, -1196, 15920]	[[29, 75]]
"448.d3"	448	[0, 0, 0, -76, 240]	[[8, 12]]
"448.e1"	448	[0, 0, 0, -1196, -15920]	[[124, 1320]]
"448.e3"	448	[0, 0, 0, -76, -240]	[[12, 24]]
"459.a1"	459	[0, 0, 1, 3, -4]	[[4, 8]]
"462.a1"	462	[1, 1, 0, -226, -1406]	[[-9, 5]]
"462.a3"	462	[1, 1, 0, -16, -20]	[[-3, 5]]
"462.a4"	462	[1, 1, 0, 4, 0]	[[1, 2]]
"468.b2"	468	[0, 0, 0, 9, 270]	[[3, 18]]
"469.b1"	469	[1, 0, 1, -80, -275]	[[-5, 4]]
"481.a1"	481	[1, -1, 0, -1693, 27240]	[[87/2, 63/2]]
"481.a2"	481	[1, -1, 0, -1688, 27405]	[[36, 93]]
"486.d1"	486	[1, -1, 1, -1109, -13931]	[[-19, 8]]
"496.b1"	496	[0, 0, 0, -5291, -148134]	[[847/3, 11690/3]]
"496.b2"	496	[0, 0, 0, -491, 154]	[[-3, 40]]
"496.b3"	496	[0, 0, 0, -331, -2310]	[[39, 210]]
"496.b4"	496	[0, 0, 0, -11, -70]	[[7, 14]]
"504.a1"	504	[0, 0, 0, -111, 450]	[[7, 4]]
"504.b1"	504	[0, 0, 0, -1371, -19514]	[[-21, 4]]
"504.b2"	504	[0, 0, 0, -111, -110]	[[-7, 18]]
"504.b3"	504	[0, 0, 0, -66, 205]	[[6, 5]]
"504.b4"	504	[0, 0, 0, 429, -866]	[[11, 72]]
"504.d1"	504	[0, 0, 0, -6, 5]	[[2, 1]]
"507.a3"	507	[1, 1, 1, -764, -7324]	[[-18, 40]]
"507.a4"	507	[1, 1, 1, 81, -564]	[[94/3, 913/3]]
"507.c1"	507	[1, 1, 0, -12678, -3060351]	[[6144/5, 354243/5]]
"514.a2"	514	[1, 0, 0, 16, 4]	[[0, 2]]
"514.b1"	514	[1, -1, 1, -21931, -1244565]	[[565, 12620]]
"514.b2"	514	[1, -1, 1, -1371, -19189]	[[51, 178]]
"514.b3"	514	[1, -1, 1, -1291, -21589]	[[457/3, 4826/3]]
"524.a1"	524	[0, 1, 0, -309, 1991]	[[10, 1]]
"528.c1"	528	[0, -1, 0, -8, 0]	[[4, 4]]
"528.d2"	528	[0, -1, 0, -648, 35568]	[[-28, 176]]
"528.d4"	528	[0, -1, 0, 72, -1296]	[[20, 88]]
"528.g1"	528	[0, 1, 0, -2344, -44428]	[[-28, 6]]
"528.g2"	528	[0, 1, 0, -184, -364]	[[20, 66]]
"528.g4"	528	[0, 1, 0, 696, -2124]	[[6, 48]]
"534.a1"	534	[1, 1, 1, -14, 11]	[[3, 1]]
"534.a2"	534	[1, 1, 1, 26, 107]	[[-1, 9]]
"539.d1"	539	[1, 0, 1, -2525, -45279]	[[-117/2, 603/2]]
"544.c1"	544	[0, 0, 0, -5, 4]	[[0, 2]]
"544.c2"	544	[0, 0, 0, 5, 18]	[[2, 6]]
"546.b1"	546	[1, 0, 1, -1957, 33140]	[[28, 8]]
"546.b2"	546	[1, 0, 1, -137, 380]	[[0, 19]]
"546.b3"	546	[1, 0, 1, -57, -164]	[[-4, 3]]
"549.a2"	549	[1, -1, 1, 25, -26]	[[2, 4]]
"549.b2"	549	[1, -1, 0, 3, 0]	[[4, 6]]
"552.a1"	552	[0, -1, 0, -1144, -14516]	[[45, 152]]
"552.c1"	552	[0, -1, 0, -752, 6972]	[[46, 260]]
"552.c2"	552	[0, -1, 0, -212, -1020]	[[-8, 10]]
"552.c3"	552	[0, -1, 0, -207, -1080]	[[17, 5]]
"552.c4"	552	[0, -1, 0, 248, -5252]	[[38, 240]]
"552.e1"	552	[0, 1, 0, -2944, 60512]	[[133/2, 177/2]]
"552.e2"	552	[0, 1, 0, -304, -544]	[[19, 30]]
"552.e3"	552	[0, 1, 0, -184, 896]	[[11, 18]]
"557.a1"	557	[1, 1, 0, 0, 1]	[[0, 1]]
"564.b1"	564	[0, 1, 0, -517, -4681]	[[-14, 3]]
"574.d1"	574	[1, 1, 0, -2221, 29181]	[[39, 42]]
"574.d2"	574	[1, 1, 0, -2061, 35165]	[[17, 65]]
"574.g1"	574	[1, -1, 1, -9611313, -11466507927]	[[-402671/15, 3021062/15]]
"576.b1"	576	[0, 0, 0, -13836, -626416]	[[157, 1035]]
"576.b3"	576	[0, 0, 0, -876, -9520]	[[-16, 20]]
"576.b4"	576	[0, 0, 0, -156, 560]	[[2, 16]]
"576.b6"	576	[0, 0, 0, 564, -37744]	[[34, 144]]
"576.c1"	576	[0, 0, 0, -396, -3024]	[[-11, 1]]
"576.c3"	576	[0, 0, 0, -36, 0]	[[-3, 9]]
"576.c4"	576	[0, 0, 0, 9, 0]	[[4, 10]]
"576.e3"	576	[0, 0, 0, 0, -216]	[[10, 28]]
"579.a2"	579	[1, 0, 0, 12, 3]	[[2, 5]]
"582.a2"	582	[1, 1, 0, 25, -99]	[[5, 11]]
"582.b1"	582	[1, 1, 1, -514, 4271]	[[13, -5]]
"588.b2"	588	[0, -1, 0, -9, -6]	[[5, 7]]
"588.c1"	588	[0, -1, 0, -89588, 10350936]	[[257, 2058]]
"592.a1"	592	[0, -1, 0, -29973, 2007325]	[[100, 5]]
"592.b1"	592	[0, 1, 0, -5, -1]	[[-1, 2]]
"593.b1"	593	[1, 0, 1, -2, 1]	[[1, 0]]
"598.b1"	598	[1, -1, 0, -1802, 29898]	[[27, 6]]
"609.a1"	609	[1, 1, 1, -204624, 35542050]	[[1317, 44646]]
"609.a2"	609	[1, 1, 1, -42469, -2756140]	[[-153, 511]]
"609.a3"	609	[1, 1, 1, -13034, 528806]	[[50, 47]]
"609.a4"	609	[1, 1, 1, -12789, 551346]	[[-104, 929]]
"609.a6"	609	[1, 1, 1, 12481, 2376092]	[[78, 1918]]
"609.b2"	609	[1, 1, 0, 0, 3]	[[2, 3]]
"612.a1"	612	[0, 0, 0, -4104, -101196]	[[93, 567]]
"616.c1"	616	[0, 0, 0, -251, 1510]	[[19, 60]]
"616.c2"	616	[0, 0, 0, -31, -30]	[[-3, 6]]
"616.c3"	616	[0, 0, 0, -26, -51]	[[6, 3]]
"616.c4"	616	[0, 0, 0, 109, -226]	[[11, 48]]
"616.d1"	616	[0, 0, 0, -355, 702]	[[18, 12]]
"624.a1"	624	[0, -1, 0, -60, -144]	[[-4, 4]]
"624.a2"	624	[0, -1, 0, 5, -14]	[[6, 14]]
"624.b2"	624	[0, -1, 0, -733, 7888]	[[12, 26]]
"624.b4"	624	[0, -1, 0, -13, 4]	[[0, 2]]
"624.c1"	624	[0, -1, 0, -68, 240]	[[4, 4]]
"624.c2"	624	[0, -1, 0, -3, 6]	[[2, 2]]
"624.f2"	624	[0, 1, 0, -44, -84]	[[-5, 6]]
"624.f3"	624	[0, 1, 0, -39, -108]	[[12, 36]]
"624.f4"	624	[0, 1, 0, 136, -444]	[[7, 30]]
"626.a1"	626	[1, -1, 0, -17, -13]	[[-1, 2]]
"637.c1"	637	[1, -1, 0, -107, 454]	[[6, -2]]
"637.c2"	637	[1, -1, 0, 628, -17823]	[[104, 1027]]
"637.d1"	637	[1, -1, 0, -5252, -145223]	[[4776/7, 158761/7]]
"637.d2"	637	[1, -1, 0, 30763, 6051758]	[[-38, 2216]]
"639.a2"	639	[1, -1, 1, 4, -34]	[[6, 10]]
"646.d1"	646	[1, -1, 1, -6486, 202661]	[[51, 25]]
"651.a1"	651	[1, 0, 0, -3044, -64887]	[[-32, 19]]
"651.a3"	651	[1, 0, 0, -209, -816]	[[-5, -8]]
"651.a4"	651	[1, 0, 0, 36, -81]	[[3, 6]]
"651.e2"	651	[1, 0, 1, 3, -5]	[[5, 9]]
"656.b1"	656	[0, 0, 0, -11, 10]	[[3, 2]]
"656.b2"	656	[0, 0, 0, 29, 66]	[[-1, 6]]
"657.a2"	657	[1, -1, 1, 34, 46]	[[1, 8]]
"658.f2"	658	[1, -1, 1, 1668, 19775]	[[5, 165]]
"663.a1"	663	[1, 1, 1, -20174, -1111138]	[[-329/2, 427/2]]
"663.a2"	663	[1, 1, 1, -1389, -14094]	[[-27, 81]]
"663.a3"	663	[1, 1, 1, -544, 4496]	[[79, 640]]
"663.a4"	663	[1, 1, 1, -539, 4592]	[[9, 19]]
"663.b2"	663	[1, 0, 0, -33, -72]	[[-3, 3]]
"672.b1"	672	[0, -1, 0, -224, 1368]	[[13, 22]]
"672.b3"	672	[0, -1, 0, -14, 24]	[[4, 4]]
"672.b4"	672	[0, -1, 0, 16, 84]	[[1, 10]]
"672.c2"	672	[0, -1, 0, 2, 4]	[[0, 2]]
"672.e1"	672	[0, 1, 0, -1505, 17199]	[[7, 84]]
"672.f1"	672	[0, 1, 0, -224, -1368]	[[27, 114]]
"672.f3"	672	[0, 1, 0, -14, -24]	[[6, 12]]
"672.f4"	672	[0, 1, 0, 16, -84]	[[21/2, 105/2]]
"674.a1"	674	[1, 0, 1, 3, 0]	[[0, 0]]
"674.b1"	674	[1, -1, 1, 2064, 18771]	[[157, 1969]]
"674.c2"	674	[1, -1, 1, 14, 21]	[[1, 5]]
"677.a1"	677	[1, 1, 1, 2, 0]	[[0, 0]]
"678.c1"	678	[1, 1, 1, -148, -427]	[[-7, 21]]
"678.c2"	678	[1, 1, 1, 492, -2475]	[[25, 149]]
"682.a1"	682	[1, 0, 0, -2003, -39269]	[[527/2, 10753/2]]
"682.a2"	682	[1, 0, 0, -33, 73]	[[6, 7]]
"682.a3"	682	[1, 0, 0, 167, 225]	[[0, 15]]
"684.a1"	684	[0, 0, 0, -831, -8890]	[[-17, 18]]
"689.a1"	689	[1, 0, 0, -14, 19]	[[1, 2]]
"689.a2"	689	[1, 0, 0, -9, 34]	[[-1, 7]]
"702.d1"	702	[1, -1, 0, -8952, -323776]	[[-217/2, 227/2]]
"703.a1"	703	[0, 0, 1, 1, -8]	[[7, 18]]
"706.b1"	706	[1, 0, 0, -178, -924]	[[-8, 6]]
"706.b2"	706	[1, 0, 0, -18, 4]	[[0, 2]]
"706.c2"	706	[1, -1, 1, 3, -25]	[[27/2, 101/2]]
"711.a1"	711	[1, -1, 1, 25, 28]	[[4, 11]]
"711.b1"	711	[1, -1, 0, 3, -2]	[[2, 2]]
"713.a1"	713	[1, 0, 1, -1, 1]	[[-1, 1]]
"714.a2"	714	[1, 1, 0, -21, 45]	[[2, 3]]
"714.d2"	714	[1, 1, 0, -3334, 81940]	[[13, 196]]
"714.e1"	714	[1, 1, 1, -5079, 137205]	[[41, -18]]
"714.e3"	714	[1, 1, 1, -319, 2021]	[[7, 10]]
"714.e4"	714	[1, 1, 1, 1, 101]	[[-3, 10]]
"723.a1"	723	[1, 1, 1, -4, -4]	[[2, 0]]
"723.a2"	723	[1, 1, 1, 11, -10]	[[1, 1]]
"726.b1"	726	[1, 1, 0, -475, -4187]	[[-13, 8]]
"726.b2"	726	[1, 1, 0, -35, -51]	[[-5, 8]]
"726.d1"	726	[1, 0, 1, -1217868, 517205302]	[[6283/3, 63767/3]]
"726.d2"	726	[1, 0, 1, -1216658, 518284622]	[[582, 2431]]
"726.d3"	726	[1, 0, 1, -5448, -113258]	[[-34, 198]]
"732.c1"	732	[0, 1, 0, -164, -828]	[[-8, 6]]
"732.c2"	732	[0, 1, 0, -29, 36]	[[1, 3]]
"747.a2"	747	[1, -1, 1, -56, -134]	[[-4, 5]]
"752.a1"	752	[0, 0, 0, -155, 714]	[[5, 8]]
"754.a1"	754	[1, 0, 1, -7, -6]	[[3, 0]]
"754.a2"	754	[1, 0, 1, 13, -30]	[[5, 10]]
"756.b2"	756	[0, 0, 0, -24, -44]	[[-3, 1]]
"759.a1"	759	[1, 1, 1, -1238, -17152]	[[-22, 5]]
"759.a2"	759	[1, 1, 1, -23, -628]	[[10, 11]]
"759.b1"	759	[1, 0, 0, -93104, -10942305]	[[117555/14, 32678505/14]]
"759.b2"	759	[1, 0, 0, -5819, -171336]	[[499/2, 7691/2]]
"759.b3"	759	[1, 0, 0, -5654, -181467]	[[112099/30, 25991797/30]]
"759.b4"	759	[1, 0, 0, -1409, 17538]	[[3, 114]]
"759.b5"	759	[1, 0, 0, -374, -2541]	[[34, 139]]
"768.a1"	768	[0, -1, 0, -2589, -49851]	[[260, 4097]]
"768.a3"	768	[0, -1, 0, -29, 69]	[[4, 1]]
"768.b1"	768	[0, -1, 0, -23, 51]	[[2, 3]]
"768.e1"	768	[0, 1, 0, -2589, 49851]	[[30, 9]]
"768.e3"	768	[0, 1, 0, -29, -69]	[[6, 3]]
"768.f1"	768	[0, 1, 0, -93, 315]	[[6, 3]]
"774.b1"	774	[1, -1, 0, -18, 0]	[[6, 6]]
"774.b2"	774	[1, -1, 0, 72, -54]	[[3, 12]]
"776.a2"	776	[0, 0, 0, -11, 150]	[[3, 12]]
"777.c1"	777	[1, 1, 1, -4144, 100952]	[[39, 4]]
"777.c3"	777	[1, 1, 1, -259, 1496]	[[8, 0]]
"777.c4"	777	[1, 1, 1, -14, 26]	[[4, 5]]
"777.g1"	777	[1, 0, 1, -2612, 23195]	[[9, 16]]
"777.g2"	777	[1, 0, 1, -1317, -18245]	[[89, 711]]
"777.g3"	777	[1, 0, 1, -1312, -18391]	[[43, 50]]
"782.a2"	782	[1, 0, 1, 5, 6]	[[0, 2]]
"784.b1"	784	[0, 1, 0, -2140728, -1206278060]	[[33604/3, 5590214/3]]
"784.b2"	784	[0, 1, 0, -133688, -18913196]	[[548, 8526]]
"784.b5"	784	[0, 1, 0, -408, 6292]	[[-12, 98]]
"784.b6"	784	[0, 1, 0, 3512, -133260]	[[156, 2058]]
"784.f1"	784	[0, 0, 0, -29155, -1915998]	[[743, 19662]]
"791.a1"	791	[1, -1, 1, -4219, -104412]	[[48769/24, 4580395/24]]
"791.a2"	791	[1, -1, 1, -264, -1582]	[[619/3, 13898/3]]
"792.b1"	792	[0, 0, 0, -4251, -106666]	[[286, 4698]]
"792.b2"	792	[0, 0, 0, -291, -1330]	[[22, 54]]
"792.b4"	792	[0, 0, 0, 789, -8890]	[[14, 70]]
"792.c1"	792	[0, 0, 0, -675, 6318]	[[7, 44]]
"792.c2"	792	[0, 0, 0, -135, -486]	[[-5, 8]]
"792.d1"	792	[0, 0, 0, -75, -234]	[[-5, 4]]
"793.a1"	793	[1, -1, 0, -16, -21]	[[82/3, 497/3]]
"793.a2"	793	[1, -1, 0, -11, -38]	[[34, 178]]
"794.b1"	794	[1, 0, 0, -281373, -57471035]	[[103405/4, 32929675/4]]
"794.b2"	794	[1, 0, 0, -3473, -79127]	[[86, 467]]
"798.a2"	798	[1, 1, 0, -10, 4]	[[0, 2]]
"798.b2"	798	[1, 0, 1, -22, 830]	[[4, 26]]
"798.c1"	798	[1, 0, 1, -18152, 939764]	[[78, -35]]
"798.c2"	798	[1, 0, 1, -1142, 14420]	[[24, 19]]
"798.c4"	798	[1, 0, 1, 188, 46340]	[[-14, 209]]
"798.g2"	798	[1, 1, 1, 766, -12049]	[[27, 157]]
"798.h1"	798	[1, 0, 0, -3255, -57879]	[[-24, 93]]
"798.h2"	798	[1, 0, 0, -1015, 11561]	[[8, 59]]
"799.a2"	799	[1, 1, 1, -118, 418]	[[-2, 26]]
"813.a1"	813	[0, 1, 1, -115243, -15096572]	[[-10750211/234, -6403697/234]]
"813.a2"	813	[0, 1, 1, -1423, -21113]	[[-91/2, 11/2]]
"813.a3"	813	[0, 1, 1, -73, 190]	[[2, 7]]
"816.b1"	816	[0, -1, 0, -443904, 113984640]	[[360, 840]]
"816.b2"	816	[0, -1, 0, -27744, 1787904]	[[146, 910]]
"816.b4"	816	[0, -1, 0, -1824, 25344]	[[50, 238]]
"816.b6"	816	[0, -1, 0, 3616, 142848]	[[18, 462]]
"816.c2"	816	[0, -1, 0, -8, 336]	[[2, 18]]
"819.d1"	819	[1, -1, 0, -42, -73]	[[14, 37]]
"828.a2"	828	[0, 0, 0, -216, -1215]	[[-8, 1]]
"832.f1"	832	[0, 0, 0, -16, 24]	[[1, 3]]
"832.f2"	832	[0, 0, 0, 4, 80]	[[-2, 8]]
"834.g1"	834	[1, 0, 0, -1090, -40504]	[[52, 184]]
"843.a1"	843	[1, 1, 0, 5, 4]	[[0, 2]]
"846.a2"	846	[1, -1, 0, -19278, -1012100]	[[-75, 125]]
"846.a3"	846	[1, -1, 0, -2358, 20020]	[[-3, 166]]
"846.b1"	846	[1, -1, 0, -87, 323]	[[7, 1]]
"847.a1"	847	[1, 1, 1, -6234, -177484]	[[138, 1201]]
"847.a2"	847	[1, 1, 1, 421, -12440]	[[116, 1212]]
"854.b1"	854	[1, 0, 1, -56176, -5122754]	[[-31079/15, 493549/15]]
"854.b2"	854	[1, 0, 1, -2801, 49924]	[[-53, 250]]
"854.b3"	854	[1, 0, 1, -2706, 53940]	[[-15, 309]]
"856.b1"	856	[0, 1, 0, 0, -16]	[[4, 8]]
"858.c1"	858	[1, 0, 1, -65176, -6409114]	[[585, 12187]]
"858.c2"	858	[1, 0, 1, -3736, -117658]	[[967/2, 28009/2]]
"858.c3"	858	[1, 0, 1, -1801, 16604]	[[7, 62]]
"866.a1"	866	[1, 0, 0, -8, 64]	[[4, 8]]
"867.a1"	867	[1, 1, 1, -23, 20]	[[0, 4]]
"873.c2"	873	[1, -1, 0, -1521, -20048]	[[14601/8, 1675471/8]]
"873.c4"	873	[1, -1, 0, 2124, -103883]	[[3623/2, 214627/2]]
"874.d1"	874	[1, 1, 1, -142320, -20724857]	[[-9623549/210, 1005550321/210]]
"882.b2"	882	[1, -1, 0, -403083, -97454421]	[[-339, 552]]
"882.b3"	882	[1, -1, 0, -45873, 1349865]	[[-96, 2253]]
"882.b4"	882	[1, -1, 0, -37053, 2752245]	[[121, 111]]
"882.b6"	882	[1, -1, 0, 170217, 10295991]	[[247, 8084]]
"886.e1"	886	[1, -1, 1, -241390, 45705725]	[[281, -77]]
"888.b1"	888	[0, -1, 0, -188, -924]	[[-8, 2]]
"888.b2"	888	[0, -1, 0, -3, -36]	[[5, 7]]
"888.c1"	888	[0, 1, 0, -7104, -232848]	[[147, 1386]]
"888.c2"	888	[0, 1, 0, -444, -3744]	[[36, 168]]
"888.c3"	888	[0, 1, 0, -264, -6624]	[[141/2, 1365/2]]
"892.b2"	892	[0, 1, 0, -188, 932]	[[-16, 10]]
"896.a2"	896	[0, 0, 0, -5, 2]	[[-2, 2]]
"896.b1"	896	[0, 0, 0, -20, 16]	[[0, 4]]
"896.c2"	896	[0, 0, 0, -10, 12]	[[3, 3]]
"897.a1"	897	[1, 1, 1, -219, 1146]	[[11, 9]]
"897.a2"	897	[1, 1, 1, -24, -24]	[[-2, 5]]
"897.a3"	897	[1, 1, 1, -19, -40]	[[6, 7]]
"897.c2"	897	[1, 0, 0, 0, -9]	[[3, 3]]
"897.d1"	897	[1, 0, 0, -5037552, 4351465395]	[[1302, -261]]
"897.d3"	897	[1, 0, 0, -314847, 67971960]	[[327, -66]]
"897.d4"	897	[1, 0, 0, -19602, 1069443]	[[63, 261]]
"897.f2"	897	[1, 0, 1, 130884, -59725523]	[[2987, 162774]]
"898.a1"	898	[1, 0, 1, -202, 1084]	[[8, -4]]
"898.c1"	898	[1, 1, 1, -4, -3]	[[-1, 1]]
"901.b1"	901	[1, -1, 1, -85, -220]	[[-4, 8]]
"901.b2"	901	[1, -1, 1, 180, -1492]	[[49, 326]]
"901.d1"	901	[1, 1, 1, -29863, 1910608]	[[757/3, 265/3]]
"901.d2"	901	[1, 1, 1, -29598, 1947602]	[[90, 106]]
"904.a1"	904	[0, 0, 0, -35, 78]	[[2, 4]]
"904.a2"	904	[0, 0, 0, 5, 246]	[[10, 36]]
"906.d1"	906	[1, 0, 1, -52716, -4662998]	[[12697/3, 1391501/3]]
"906.d2"	906	[1, 0, 1, -621, -7064]	[[35, 102]]
"912.b1"	912	[0, -1, 0, -1624, -24656]	[[58, 270]]
"912.b2"	912	[0, -1, 0, -104, -336]	[[-6, 6]]
"912.b4"	912	[0, -1, 0, 136, -1872]	[[18, 78]]
"914.a2"	914	[1, -1, 0, -52, -48]	[[-1, 2]]
"918.g2"	918	[1, -1, 1, 3886, -555983]	[[287, 4769]]
"918.i1"	918	[1, -1, 1, -245, -2429]	[[155/2, 1541/2]]
"921.b1"	921	[0, 1, 1, -23, 41]	[[-5, 7]]
"924.f2"	924	[0, 1, 0, 59978, 4520981]	[[-55, 1029]]
"936.b1"	936	[0, 0, 0, -7491, 249550]	[[54, 50]]
"936.b2"	936	[0, 0, 0, -471, 3850]	[[2, 54]]
"936.c2"	936	[0, 0, 0, 9, 10]	[[2, 6]]
"936.e1"	936	[0, 0, 0, -615, 5866]	[[5, 54]]
"936.e2"	936	[0, 0, 0, -30, 133]	[[2, 9]]
"938.a1"	938	[1, 0, 1, -11085, 446696]	[[70, 87]]
"939.c2"	939	[1, 0, 1, 9, -23]	[[43/2, 247/2]]
"966.b1"	966	[1, 1, 0, -3346, 63700]	[[43, 19]]
"966.c1"	966	[1, 1, 0, -250264, 48082240]	[[285, -55]]
"966.g1"	966	[1, 1, 1, -79134, -8601153]	[[-1463/3, 2371/3]]
"966.g2"	966	[1, 1, 1, -17714, 900047]	[[79, -1]]
"966.g3"	966	[1, 1, 1, -5074, -128689]	[[-45, 127]]
"966.g4"	966	[1, 1, 1, -1154, 12431]	[[7, 65]]
"966.g6"	966	[1, 1, 1, 6266, -609505]	[[117, 1261]]
"972.a1"	972	[0, 0, 0, 0, -972]	[[13, 35]]
"972.b1"	972	[0, 0, 0, 0, -243]	[[7, 10]]
"973.a1"	973	[0, 1, 1, -11373, -470630]	[[-62, 3]]
"973.a2"	973	[0, 1, 1, -253, 441]	[[-9, 45]]
"973.a3"	973	[0, 1, 1, -203, 1048]	[[74/5, 2682/5]]
"979.b1"	979	[1, 1, 0, -14646, -688345]	[[1514, 57983]]
"979.b2"	979	[1, 1, 0, -14041, -747030]	[[17079/10, 1283247/10]]
"982.a1"	982	[1, 0, 1, -22, 40]	[[5, 5]]
"986.c1"	986	[1, 1, 0, -276, 1616]	[[-1, 44]]
"986.c2"	986	[1, 1, 0, 44, 5520]	[[48, 324]]
"987.b1"	987	[1, 0, 0, -6909, 79524]	[[0, 282]]
"994.e1"	994	[1, 0, 0, -52238, -4587140]	[[-130, 170]]
"994.e2"	994	[1, 0, 0, -52198, -4594524]	[[318, 3156]]
"994.e4"	994	[1, 0, 0, -678, -5660]	[[30, 20]]
"994.g1"	994	[1, -1, 1, -1516, 23091]	[[133, 1403]]
"994.g2"	994	[1, -1, 1, -96, 371]	[[7, -1]]
"994.g4"	994	[1, -1, 1, 44, 1267]	[[-7, 27]]
"996.b2"	996	[0, 1, 0, 108, -876]	[[11, 42]]
"1002.d1"	1002	[1, 0, 1, -125, -544]	[[14, 15]]
"1003.b1"	1003	[0, -1, 1, 1, 1]	[[1, 1]]
"1003.d1"	1003	[0, 0, 1, -41, 135]	[[9/2, 55/2]]
"1008.c1"	1008	[0, 0, 0, -6, -5]	[[3, 2]]
"1008.d1"	1008	[0, 0, 0, -2691, 53730]	[[31, 10]]
"1008.d3"	1008	[0, 0, 0, -171, 810]	[[3, 18]]
"1008.d4"	1008	[0, 0, 0, 9, 54]	[[1, 8]]
"1008.e2"	1008	[0, 0, 0, -111, 110]	[[-2, 18]]
"1008.e3"	1008	[0, 0, 0, -66, -205]	[[11, 20]]
"1008.g1"	1008	[0, 0, 0, -16455, -812446]	[[1225/2, 38259/2]]
"1008.h3"	1008	[0, 0, 0, -5115, -115414]	[[-35, 144]]
"1008.h4"	1008	[0, 0, 0, -1515, 22682]	[[13, 72]]
"1008.h5"	1008	[0, 0, 0, -75, 506]	[[5, 16]]
"1008.i1"	1008	[0, 0, 0, -54, 135]	[[7, 10]]
"1012.b1"	1012	[0, 1, 0, -10, 109]	[[-3, 11]]
"1012.c1"	1012	[0, 1, 0, -2278, -42635]	[[1345/3, 46585/3]]
"1012.c2"	1012	[0, 1, 0, 22, -223]	[[14, 55]]
"1014.b2"	1014	[1, 0, 1, -4437, 113440]	[[40, -1]]
"1014.b4"	1014	[1, 0, 1, 48, -50]	[[5, 15]]
"1017.e1"	1017	[0, 0, 1, -6, 6]	[[2, 1]]
"1018.a1"	1018	[1, 0, 1, -7, 10]	[[-1, 4]]
"1022.b2"	1022	[1, 0, 0, 8, 0]	[[2, 4]]
"1022.c1"	1022	[1, -1, 1, -87211, 9934747]	[[173, -36]]
"1022.c3"	1022	[1, -1, 1, -5451, 156251]	[[41, 0]]
"1022.c4"	1022	[1, -1, 1, -331, 2651]	[[15, 22]]
"1027.a2"	1027	[0, 1, 1, -163, 1721]	[[5, 32]]
"1027.a3"	1027	[0, 1, 1, 1417, -38490]	[[52, 422]]
"1028.b1"	1028	[0, 0, 0, -41, 101]	[[4, 1]]
"1042.a1"	1042	[1, -1, 0, -8, 0]	[[-1, 3]]
"1042.a2"	1042	[1, -1, 0, 32, -24]	[[7, 19]]
"1044.a1"	1044	[0, 0, 0, 3, 5]	[[1, 3]]
"1044.f1"	1044	[0, 0, 0, -345, 5157]	[[-12, 87]]
"1048.b1"	1048	[0, 1, 0, -9, 11]	[[1, 2]]
"1054.a1"	1054	[1, -1, 1, -160, 803]	[[-1, 31]]
"1054.a2"	1054	[1, -1, 1, 0, 35]	[[1, 5]]
"1056.c2"	1056	[0, -1, 0, 6, -36]	[[4, 6]]
"1056.d2"	1056	[0, -1, 0, -88, 484]	[[0, 22]]
"1056.e1"	1056	[0, -1, 0, -313632, -67500540]	[[217993/3, 101750770/3]]
"1056.e2"	1056	[0, -1, 0, -20817, -911007]	[[-112, 55]]
"1056.e3"	1056	[0, -1, 0, -19602, -1049760]	[[24219, 3768930]]
"1056.e4"	1056	[0, -1, 0, -18392, -1186248]	[[147109/30, 10381877/30]]
"1056.g2"	1056	[0, 1, 0, 6, 36]	[[0, 6]]
"1056.h1"	1056	[0, 1, 0, -529, 4511]	[[-5, 84]]
"1056.h3"	1056	[0, 1, 0, -34, 56]	[[5, 6]]
"1056.h4"	1056	[0, 1, 0, 56, 380]	[[-1, 18]]
"1062.a1"	1062	[1, -1, 0, -211599, 37407469]	[[329, 1658]]
"1062.a2"	1062	[1, -1, 0, -119439, 70124269]	[[599, 14303]]
"1062.c2"	1062	[1, -1, 0, -177, 413]	[[2, 7]]
"1062.d2"	1062	[1, -1, 0, 63, 247]	[[-1, 14]]
"1062.h1"	1062	[1, -1, 1, -5801, -168285]	[[-675/4, 1451/4]]
"1062.h2"	1062	[1, -1, 1, -491, -489]	[[-9, 60]]
"1062.h4"	1062	[1, -1, 1, 1939, -5349]	[[207/2, 3639/2]]
"1062.i1"	1062	[1, -1, 1, -260, -1545]	[[-9, 5]]
"1066.d1"	1066	[1, -1, 1, -7246, -235563]	[[207, 2561]]
"1066.d2"	1066	[1, -1, 1, -486, -3019]	[[-11, 35]]
"1066.d3"	1066	[1, -1, 1, -166, 821]	[[5, 7]]
"1066.d4"	1066	[1, -1, 1, 1154, -20075]	[[71, 609]]
"1077.b1"	1077	[1, 0, 0, -5, 6]	[[1, 1]]
"1078.a1"	1078	[1, -1, 0, -30634, -2056076]	[[-101, 53]]
"1078.b1"	1078	[1, 0, 1, -11492, 473190]	[[60, -6]]
"1078.j2"	1078	[1, -1, 1, -29581, -744579]	[[-47, 758]]
"1078.j3"	1078	[1, -1, 1, -15861, 764621]	[[97, 314]]
"1088.b2"	1088	[0, 1, 0, -4, 6]	[[1, 2]]
"1088.e2"	1088	[0, 1, 0, 63, -65]	[[5, 20]]
"1088.f2"	1088	[0, 0, 0, 20, 144]	[[0, 12]]
"1088.g2"	1088	[0, 0, 0, 20, -144]	[[5, 9]]
"1088.h2"	1088	[0, 0, 0, -364, 2640]	[[28, 120]]
"1088.h4"	1088	[0, 0, 0, -44, 7120]	[[-3, 85]]
"1088.k2"	1088	[0, -1, 0, -4, -6]	[[31/3, 82/3]]
"1088.l2"	1088	[0, -1, 0, -6593, -203839]	[[2713/3, 135296/3]]
"1089.a1"	1089	[0, 0, 1, 33, -14]	[[4, 13]]
"1089.j1"	1089	[1, -1, 0, -159561, 24548134]	[[-382, 5636]]
"1089.j2"	1089	[1, -1, 0, -12546, 173047]	[[5603/2, 412357/2]]
"1089.j4"	1089	[1, -1, 0, 47349, 1311052]	[[419/2, 21361/2]]
"1089.k1"	1089	[0, 0, 1, 3993, 18301]	[[121/2, 3263/2]]
"1092.a1"	1092	[0, -1, 0, -484, 4264]	[[14, 6]]
"1092.e1"	1092	[0, 1, 0, -404, 2436]	[[16, 18]]
"1096.b1"	1096	[0, 1, 0, -88, -144]	[[-5, 14]]
"1096.b2"	1096	[0, 1, 0, -48, 112]	[[3, 2]]
"1104.b2"	1104	[0, -1, 0, -9208, -337040]	[[114, 286]]
"1104.b4"	1104	[0, -1, 0, 3032, -12176]	[[10, 138]]
"1104.c1"	1104	[0, -1, 0, -248, 1584]	[[10, 2]]
"1104.c2"	1104	[0, -1, 0, -8, 48]	[[2, 6]]
"1104.d1"	1104	[0, 1, 0, -1144, 14516]	[[20, 6]]
"1106.b2"	1106	[1, -1, 0, -22, -12]	[[-3, 6]]
"1106.e2"	1106	[1, -1, 1, -2221, -39283]	[[-27, 34]]
"1106.e3"	1106	[1, -1, 1, -261, 701]	[[1, 20]]
"1106.e4"	1106	[1, -1, 1, 59, 61]	[[1, 10]]
"1113.b2"	1113	[1, 1, 1, 1, -4]	[[2, 2]]
"1122.b1"	1122	[1, 1, 0, -2984, -63840]	[[-33, 9]]
"1122.d1"	1122	[1, 0, 1, -1227, -9650]	[[-10, 45]]
"1122.e1"	1122	[1, 1, 1, -394944, -95697123]	[[2393, 111363]]
"1122.e2"	1122	[1, 1, 1, -24684, -1502979]	[[215, 1677]]
"1122.e3"	1122	[1, 1, 1, -24344, -1545955]	[[1933/3, 45317/3]]
"1122.e4"	1122	[1, 1, 1, -1564, -23299]	[[47, 75]]
"1122.e6"	1122	[1, 1, 1, 1076, -90883]	[[39, 91]]
"1122.f1"	1122	[1, 1, 1, -9, -9]	[[3, 0]]
"1122.i1"	1122	[1, 0, 0, -904, 10304]	[[20, 8]]
"1128.a1"	1128	[0, -1, 0, -7523664, 7945078284]	[[605/2, 660209/2]]
"1128.c1"	1128	[0, -1, 0, -112, 460]	[[9, 10]]
"1128.g1"	1128	[0, 1, 0, -48, -48]	[[8, 12]]
"1131.a1"	1131	[1, 1, 1, -53, 38]	[[8, 10]]
"1131.a2"	1131	[1, 1, 1, 12, 12]	[[0, 3]]
"1132.b1"	1132	[0, 1, 0, -93, 316]	[[1, 15]]
"1138.a1"	1138	[1, -1, 0, -11, 17]	[[1, 2]]
"1138.a2"	1138	[1, -1, 0, -1, 39]	[[3, 6]]
"1139.a1"	1139	[1, 0, 0, -80, 151]	[[1, 8]]
"1139.b1"	1139	[0, 1, 1, -107, -464]	[[26, 122]]
"1146.b1"	1146	[1, 0, 0, -12224, 519180]	[[580/3, -610/3]]
"1146.b2"	1146	[1, 0, 0, -824, 6708]	[[24, 18]]
"1146.b3"	1146	[1, 0, 0, -764, 8064]	[[18, 6]]
"1146.b4"	1146	[1, 0, 0, -44, 144]	[[0, 12]]
"1147.a1"	1147	[0, -1, 1, -293560, -60546218]	[[1832, 74477]]
"1147.a2"	1147	[0, -1, 1, -26790, 1696662]	[[117, 387]]
"1152.e1"	1152	[0, 0, 0, -36, -80]	[[-3, 1]]
"1152.f2"	1152	[0, 0, 0, -81, -270]	[[102, 1026]]
"1152.g1"	1152	[0, 0, 0, -36, 80]	[[2, 4]]
"1152.g2"	1152	[0, 0, 0, -6, -4]	[[4, 6]]
"1152.j1"	1152	[0, 0, 0, -30, -52]	[[7, 9]]
"1152.j2"	1152	[0, 0, 0, 60, -304]	[[10, 36]]
"1152.k2"	1152	[0, 0, 0, 60, 304]	[[5, 27]]
"1152.m2"	1152	[0, 0, 0, 6, -20]	[[3, 5]]
"1152.n2"	1152	[0, 0, 0, -9, -10]	[[10, 30]]
"1154.a1"	1154	[1, -1, 1, -55, -121]	[[-3, 4]]
"1158.b1"	1158	[1, 0, 1, -73276, -7640710]	[[3429279/26, 6296779685/26]]
"1158.b3"	1158	[1, 0, 1, 44, -64]	[[10, 32]]
"1158.d1"	1158	[1, 1, 1, -68, 185]	[[5, -1]]
"1158.d2"	1158	[1, 1, 1, -8, -7]	[[3, 1]]
"1168.a2"	1168	[0, 0, 0, 61, 130]	[[7, 30]]
"1176.f1"	1176	[0, 1, 0, -197584, -33870544]	[[527, 2940]]
"1176.f3"	1176	[0, 1, 0, -12364, -530944]	[[-64, 48]]
"1178.a1"	1178	[1, 0, 0, -202, -1122]	[[67/2, 63/2]]
"1178.a2"	1178	[1, 0, 0, -12, -20]	[[12, 34]]
"1179.a1"	1179	[0, 0, 1, 6, -14]	[[2, 2]]
"1184.c1"	1184	[0, -1, 0, -13, 5]	[[-1, 4]]
"1184.d1"	1184	[0, 0, 0, -49, -132]	[[21, 90]]
"1184.d2"	1184	[0, 0, 0, -44, -160]	[[10, 20]]
"1186.a1"	1186	[1, 0, 0, 6, 4]	[[0, 2]]
"1186.b1"	1186	[1, -1, 1, -10, 9]	[[-3, 3]]
"1186.b2"	1186	[1, -1, 1, 30, 41]	[[-1, 3]]
"1188.b1"	1188	[0, 0, 0, -135, 702]	[[7, 10]]
"1188.b2"	1188	[0, 0, 0, 945, -3834]	[[34, 260]]
"1188.c1"	1188	[0, 0, 0, -15, -26]	[[6, 10]]
"1194.a1"	1194	[1, 1, 0, -42110, 3359604]	[[-20, 2058]]
"1196.a2"	1196	[0, 0, 0, 2089, 12750]	[[3, 138]]
"1197.b1"	1197	[1, -1, 1, -515, 4618]	[[14, -4]]
"1197.d1"	1197	[1, -1, 0, -57, -152]	[[12, 22]]
"1197.d2"	1197	[1, -1, 0, -42, -245]	[[14, 35]]
"1206.c1"	1206	[1, -1, 1, -12866, -558475]	[[441, 8689]]
"1206.c2"	1206	[1, -1, 1, -806, -8539]	[[-17, 3]]
"1206.c3"	1206	[1, -1, 1, -266, -20203]	[[37, 121]]
"1206.c4"	1206	[1, -1, 1, -86, 101]	[[1, 3]]
"1208.a1"	1208	[0, -1, 0, -48, -116]	[[9, 10]]
"1216.b3"	1216	[0, 1, 0, 3, 1]	[[0, 1]]
"1216.e1"	1216	[0, -1, 0, -5473, -1251871]	[[6745/7, 262144/7]]
"1216.e2"	1216	[0, -1, 0, -993, 12385]	[[9, 64]]
"1216.e3"	1216	[0, -1, 0, 607, 45601]	[[57, 512]]
"1216.f1"	1216	[0, -1, 0, -33, -95]	[[9, 16]]
"1216.m2"	1216	[0, 1, 0, -993, -12385]	[[55, 320]]
"1221.a2"	1221	[1, 0, 0, -68, -201]	[[-5, 7]]
"1221.c1"	1221	[1, 0, 1, -595, -5629]	[[1087/6, 10591/6]]
"1221.c3"	1221	[1, 0, 1, -40, -79]	[[55/2, 301/2]]
"1224.d1"	1224	[0, 0, 0, -435, -3346]	[[-10, 2]]
"1224.d2"	1224	[0, 0, 0, -75, 182]	[[-2, 18]]
"1227.b1"	1227	[0, -1, 1, -38, -79]	[[45/2, 221/2]]
"1232.a1"	1232	[0, 1, 0, -824, -8684]	[[36, 98]]
"1232.c1"	1232	[0, 1, 0, -3752, 87220]	[[28, 70]]
"1234.a1"	1234	[1, 0, 1, -451, 3646]	[[-1, 64]]
"1238.a1"	1238	[1, -1, 0, -277, -1707]	[[21, 27]]
"1242.b1"	1242	[1, -1, 0, -2148, -50860]	[[286, 4618]]
"1242.c1"	1242	[1, -1, 0, -243, 1525]	[[6, 13]]
"1246.b1"	1246	[1, 0, 1, -9768, 350582]	[[68, 10]]
"1246.b2"	1246	[1, 0, 1, 472, 22902]	[[-22, 55]]
"1246.f2"	1246	[1, 1, 0, -91, -375]	[[12, 15]]
"1248.a1"	1248	[0, -1, 0, -14, -12]	[[-2, 2]]
"1248.a2"	1248	[0, -1, 0, 31, -111]	[[5, 12]]
"1248.b1"	1248	[0, -1, 0, -3744, -86940]	[[949/2, 28083/2]]
"1248.b3"	1248	[0, -1, 0, -234, -1296]	[[234, 3564]]
"1248.b4"	1248	[0, -1, 0, -104, -2856]	[[733/6, 11935/6]]
"1248.c1"	1248	[0, -1, 0, -33, -15]	[[-1, 4]]
"1248.f1"	1248	[0, 1, 0, -3744, 86940]	[[39, 42]]
"1248.f3"	1248	[0, 1, 0, -234, 1296]	[[0, 36]]
"1248.f4"	1248	[0, 1, 0, -104, 2856]	[[19, 90]]
"1248.g2"	1248	[0, 1, 0, 31, 111]	[[1, 12]]
"1248.h2"	1248	[0, 1, 0, -98, 132]	[[-2, 18]]
"1251.a1"	1251	[1, -1, 1, 229, -1740]	[[50, 339]]
"1254.a1"	1254	[1, 1, 0, -1282, 17140]	[[21, -5]]
"1254.a2"	1254	[1, 1, 0, -1122, 21780]	[[11, 99]]
"1254.d1"	1254	[1, 0, 1, -37, 80]	[[4, -1]]
"1254.e1"	1254	[1, 0, 1, -206, 896]	[[14, 21]]
"1254.f1"	1254	[1, 1, 1, -148049, -21987223]	[[-1568027/84, 74688167/84]]
"1254.f2"	1254	[1, 1, 1, -9539, -324259]	[[-569/3, 5600/3]]
"1254.f3"	1254	[1, 1, 1, -2319, 36741]	[[17, 42]]
"1254.f5"	1254	[1, 1, 1, 3621, 200685]	[[611, 14892]]
"1254.f6"	1254	[1, 1, 1, 13451, -1620895]	[[129319/30, 47126837/30]]
"1254.g1"	1254	[1, 1, 1, -42359, -3373225]	[[49527/14, 3663869/14]]
"1254.g2"	1254	[1, 1, 1, -2649, -53469]	[[775/2, 20011/2]]
"1254.g3"	1254	[1, 1, 1, -1659, -92673]	[[6943/6, 542633/6]]
"1254.g4"	1254	[1, 1, 1, -229, -229]	[[-3, 22]]
"1254.g6"	1254	[1, 1, 1, 911, -685]	[[111, 1162]]
"1254.i1"	1254	[1, 0, 0, -9054, -332100]	[[-54, 36]]
"1254.i2"	1254	[1, 0, 0, -694, -2716]	[[-16, 74]]
"1254.i3"	1254	[1, 0, 0, -374, 2724]	[[10, -8]]
"1254.i4"	1254	[1, 0, 0, 2546, -20212]	[[38, 344]]
"1256.a1"	1256	[0, 0, 0, -35, -82]	[[7, 4]]
"1259.c1"	1259	[0, 1, 1, 3, 1]	[[1, 2]]
"1264.a1"	1264	[0, 1, 0, -144, -620]	[[-6, 8]]
"1264.a2"	1264	[0, 1, 0, 16, -44]	[[4, 10]]
"1264.d1"	1264	[0, 1, 0, -32, -76]	[[-4, 2]]
"1267.a1"	1267	[0, 1, 1, -63, -387]	[[59, 452]]
"1267.a2"	1267	[0, 1, 1, 7, 12]	[[6, 17]]
"1269.b1"	1269	[0, 0, 1, 135, -736]	[[7, 23]]
"1269.e1"	1269	[0, 0, 1, -42525, 3375317]	[[465/2, 419/2]]
"1271.a1"	1271	[1, -1, 0, -166, -783]	[[909/4, 24627/4]]
"1271.a2"	1271	[1, -1, 0, -11, -8]	[[-9/2, 19/2]]
"1274.e1"	1274	[1, -1, 0, -107, -6651]	[[86, 741]]
"1274.f1"	1274	[1, -1, 0, -2, 20]	[[4, 6]]
"1274.i1"	1274	[1, 0, 0, -274, -1716]	[[-10, 12]]
"1278.h1"	1278	[1, -1, 1, -371, 2827]	[[13, 2]]
"1278.h2"	1278	[1, -1, 1, -11, 91]	[[1, 8]]
"1281.d1"	1281	[0, -1, 1, -448, 4401]	[[181/2, 2183/2]]
"1287.a2"	1287	[1, -1, 1, 16, -1422]	[[14, 30]]
"1287.d1"	1287	[1, -1, 0, -117, -338]	[[-6, 14]]
"1287.d2"	1287	[1, -1, 0, 18, -41]	[[6, 13]]
"1288.a1"	1288	[0, 0, 0, 53, -5]	[[29, 161]]
"1288.c1"	1288	[0, 1, 0, -16968, 118384]	[[203, 2254]]
"1288.d1"	1288	[0, 0, 0, -979, 11790]	[[22, 30]]
"1293.a1"	1293	[0, 1, 1, -111940, -14420480]	[[-787/2, 1289/2]]
"1293.a2"	1293	[0, 1, 1, -6370, 193540]	[[44, 19]]
"1299.a1"	1299	[0, 1, 1, 6, 2]	[[0, 1]]
"1299.b1"	1299	[1, 0, 0, -25, -34]	[[-2, 4]]
"1299.b2"	1299	[1, 0, 0, -10, 11]	[[1, 1]]
"1299.c1"	1299	[1, 0, 0, -62352, -5997915]	[[11707/6, 581209/6]]
"1299.c2"	1299	[1, 0, 0, -3897, -93960]	[[531/2, 9999/2]]
"1299.c4"	1299	[1, 0, 0, -252, -1377]	[[-7, 11]]
"1302.b2"	1302	[1, 1, 0, 291, -4515]	[[23, 111]]
"1302.d2"	1302	[1, 0, 1, -32, 110]	[[0, 10]]
"1302.e2"	1302	[1, 0, 1, 12473, -1567720]	[[94, 614]]
"1302.f1"	1302	[1, 0, 1, -101, -394]	[[-6, 4]]
"1302.j1"	1302	[1, 1, 1, -5249664, -4631807703]	[[25147/3, 1318621/3]]
"1302.j2"	1302	[1, 1, 1, -328104, -72474519]	[[2119, 92495]]
"1302.j3"	1302	[1, 1, 1, -326864, -73047895]	[[1454863/33, 1532893237/33]]
"1302.j4"	1302	[1, 1, 1, -40744, 1418345]	[[-13, 1401]]
"1302.j5"	1302	[1, 1, 1, -20584, -1129879]	[[-77, 115]]
"1304.a1"	1304	[0, 1, 0, 7, -5]	[[1, 2]]
"1312.a1"	1312	[0, 1, 0, -24, -20]	[[-1, 2]]
"1312.a2"	1312	[0, 1, 0, -14, 16]	[[0, 4]]
"1312.b1"	1312	[0, -1, 0, -24, 20]	[[-4, 6]]
"1312.b2"	1312	[0, -1, 0, -14, -16]	[[16, 60]]
"1314.b1"	1314	[1, -1, 0, -656442, 204875892]	[[1644, 58902]]
"1314.b2"	1314	[1, -1, 0, -656082, 205111548]	[[80553/7, 20204463/7]]
"1314.c2"	1314	[1, -1, 0, -891, 9877]	[[2, 89]]
"1314.c4"	1314	[1, -1, 0, 729, 40657]	[[-9, 187]]
"1314.d1"	1314	[1, -1, 1, -18446, 968861]	[[81, -5]]
"1314.f1"	1314	[1, -1, 1, -590, 5649]	[[17, 9]]
"1314.f2"	1314	[1, -1, 1, -50, 33]	[[-1, 9]]
"1323.h1"	1323	[0, 0, 1, -20874, -1160798]	[[-2086/5, -38/5]]
"1323.h3"	1323	[0, 0, 1, -294, -1115]	[[-7, 24]]
"1323.j1"	1323	[0, 0, 1, 0, -2]	[[2, 2]]
"1326.a1"	1326	[1, 1, 0, -1091, 13425]	[[19, -7]]
"1326.a3"	1326	[1, 1, 0, -71, 165]	[[7, 5]]
"1326.a4"	1326	[1, 1, 0, 9, 21]	[[-1, 4]]
"1326.b1"	1326	[1, 1, 0, -19110, -990828]	[[732, 19074]]
"1326.b2"	1326	[1, 1, 0, 7930, -3537996]	[[241, 3407]]
"1326.c2"	1326	[1, 0, 1, -21, 16]	[[-1, 6]]
"1326.e2"	1326	[1, 0, 0, 6551, -78631]	[[50, 587]]
"1328.b1"	1328	[0, 1, 0, -104, -460]	[[14, 32]]
"1332.a1"	1332	[0, 0, 0, -591, -5530]	[[113/2, 143/2]]
"1332.b1"	1332	[0, 0, 0, -255, -826]	[[-5, 18]]
"1332.c2"	1332	[0, 0, 0, 321, -650]	[[150, 1850]]
"1332.d1"	1332	[0, 0, 0, -5319, 149310]	[[43, 10]]
"1344.a2"	1344	[0, -1, 0, -5, 21]	[[1, 4]]
"1344.c2"	1344	[0, -1, 0, -49, 49]	[[0, 7]]
"1344.c3"	1344	[0, -1, 0, -29, -51]	[[13, 40]]
"1344.c4"	1344	[0, -1, 0, 191, 193]	[[3, 28]]
"1344.d2"	1344	[0, -1, 0, -89, -231]	[[-5, 8]]
"1344.d3"	1344	[0, -1, 0, -84, -270]	[[11, 4]]
"1344.d4"	1344	[0, -1, 0, 191, -1631]	[[23, 120]]
"1344.g1"	1344	[0, -1, 0, -50177, -4309503]	[[4771, 329140]]
"1344.g2"	1344	[0, -1, 0, -3137, -66495]	[[67, 140]]
"1344.g4"	1344	[0, -1, 0, -2177, -108927]	[[3187/7, 48980/7]]
"1344.g5"	1344	[0, -1, 0, -257, -255]	[[-8, 35]]
"1344.i1"	1344	[0, -1, 0, -86017, -9681503]	[[14271/5, 1408144/5]]
"1344.i3"	1344	[0, -1, 0, -6657, -71775]	[[-25, 280]]
"1344.i4"	1344	[0, -1, 0, -5377, -149855]	[[535, 12240]]
"1344.i6"	1344	[0, -1, 0, 24703, -579807]	[[423, 9240]]
"1344.l1"	1344	[0, 1, 0, -449, -3585]	[[-11, 12]]
"1344.l2"	1344	[0, 1, 0, -89, 231]	[[1, 12]]
"1344.l3"	1344	[0, 1, 0, -84, 270]	[[9, 18]]
"1344.l4"	1344	[0, 1, 0, 191, 1631]	[[2, 45]]
"1344.m1"	1344	[0, 1, 0, -16129, 783071]	[[74, 15]]
"1344.m3"	1344	[0, 1, 0, -1009, 11951]	[[5, 84]]
"1344.o1"	1344	[0, 1, 0, -7313, 238287]	[[43, 72]]
"1344.o2"	1344	[0, 1, 0, -453, 3675]	[[11, 12]]
"1344.o3"	1344	[0, 1, 0, -113, 111]	[[-5, 24]]
"1344.o4"	1344	[0, 1, 0, 27, 27]	[[3, 12]]
"1352.a1"	1352	[0, 1, 0, -4, 1]	[[0, 1]]
"1354.a1"	1354	[1, 0, 1, -701, 7192]	[[67, 478]]
"1356.c2"	1356	[0, 1, 0, 103, 36]	[[0, 6]]
"1357.a1"	1357	[1, 0, 0, -52, -149]	[[9, 7]]
"1358.a2"	1358	[1, 0, 1, 3, -40]	[[4, 4]]
"1358.b1"	1358	[1, 0, 1, -311, 2080]	[[-11/4, 3055/4]]
"1368.a1"	1368	[0, 0, 0, -2727, 54810]	[[31, 8]]
"1368.a2"	1368	[0, 0, 0, -162, 945]	[[4, 19]]
"1368.c1"	1368	[0, 0, 0, -11451, -458570]	[[-231/2, 805/2]]
"1368.c2"	1368	[0, 0, 0, -1731, 17710]	[[3, 112]]
"1368.c4"	1368	[0, 0, 0, 5109, 123046]	[[174, 2506]]
"1368.e1"	1368	[0, 0, 0, -15, -14]	[[5, 6]]
"1368.e2"	1368	[0, 0, 0, 45, -98]	[[3, 8]]
"1378.d2"	1378	[1, 0, 0, 468, -72904]	[[2806/3, 144668/3]]
"1386.b1"	1386	[1, -1, 0, -46473, 3867749]	[[125, -57]]
"1386.b2"	1386	[1, -1, 0, -5433, -57835]	[[-37, 321]]
"1386.b3"	1386	[1, -1, 0, -2913, 60605]	[[37, 31]]
"1386.b4"	1386	[1, -1, 0, -33, 2429]	[[-5, 52]]
"1386.d2"	1386	[1, -1, 0, 849, -4123]	[[17, 114]]
"1386.f1"	1386	[1, -1, 1, -2111, 37851]	[[11, 120]]
"1386.g1"	1386	[1, -1, 1, -828041, -289811415]	[[-525, 264]]
"1386.g2"	1386	[1, -1, 1, -51881, -4494999]	[[-133, 264]]
"1386.g3"	1386	[1, -1, 1, -13001, -11104599]	[[515, 10632]]
"1386.h2"	1386	[1, -1, 1, 94, 121]	[[7, 29]]
"1394.b1"	1394	[1, -1, 0, -13, 21]	[[3, 0]]
"1394.b2"	1394	[1, -1, 0, 7, 65]	[[1, 8]]
"1394.c2"	1394	[1, -1, 0, -697, 6765]	[[19, 1]]
"1394.d1"	1394	[1, -1, 0, -236, -1328]	[[-9, 7]]
"1394.d2"	1394	[1, -1, 0, -76, -3216]	[[23, 71]]
"1394.e1"	1394	[1, 1, 0, -770391, -253658539]	[[-5886809/102, -997490363/102]]
"1394.e2"	1394	[1, 1, 0, -115031, 9402965]	[[-1457/2, 15635/2]]
"1394.g1"	1394	[1, 0, 0, -5392, -152846]	[[672835/66, 450678883/66]]
"1398.a2"	1398	[1, 1, 1, 127, -97]	[[3, 16]]
"1407.c1"	1407	[1, 0, 0, -262947, -51904818]	[[-294, 42]]
"1407.c2"	1407	[1, 0, 0, -133637, 18388500]	[[175, 520]]
"1407.c3"	1407	[1, 0, 0, -18732, -570825]	[[-93, 654]]
"1407.c4"	1407	[1, 0, 0, 3713, -63568]	[[41, 377]]
"1407.e2"	1407	[1, 0, 1, -11, -79]	[[9, 19]]
"1408.c1"	1408	[0, 0, 0, -14, -20]	[[7, 15]]
"1411.a2"	1411	[1, 0, 0, -28, -57]	[[-3, 3]]
"1424.a1"	1424	[0, 1, 0, -24, -44]	[[6, 8]]
"1424.a2"	1424	[0, 1, 0, 56, -204]	[[4, 10]]
"1424.b1"	1424	[0, 1, 0, -10952, -444812]	[[2164, 100570]]
"1424.b2"	1424	[0, 1, 0, -712, -6540]	[[-20, 10]]
"1426.c1"	1426	[1, 0, 1, -531, -5394]	[[159, 1904]]
"1426.c2"	1426	[1, 0, 1, 44, 34]	[[17, 67]]
"1428.d2"	1428	[0, 1, 0, 13323, 265191]	[[50, 1029]]
"1434.a1"	1434	[1, 0, 0, -13819, 624113]	[[8, 713]]
"1434.a2"	1434	[1, 0, 0, -859, 9809]	[[14, 17]]
"1434.b1"	1434	[1, 0, 0, -59, 165]	[[6, 3]]
"1434.b2"	1434	[1, 0, 0, 1, 9]	[[0, 3]]
"1442.a1"	1442	[1, 0, 1, -297, 1940]	[[10, -5]]
"1442.e2"	1442	[1, -1, 1, -186, 761]	[[1, 23]]
"1443.b2"	1443	[1, 0, 0, -19, -16]	[[5, 2]]
"1446.f1"	1446	[1, 0, 0, -2309, 42513]	[[28, -11]]
"1446.f2"	1446	[1, 0, 0, -149, 609]	[[4, 7]]
"1452.c1"	1452	[0, -1, 0, -156372, -23747832]	[[2798, 146410]]
"1452.c2"	1452	[0, -1, 0, -9357, -401850]	[[125, 605]]
"1456.d1"	1456	[0, -1, 0, -250608, 48371776]	[[288, 40]]
"1456.i1"	1456	[0, 0, 0, -946139, -354106230]	[[-14169/5, 34146/5]]
"1456.i2"	1456	[0, 0, 0, -500699, 133740682]	[[-771, 7840]]
"1456.i3"	1456	[0, 0, 0, -68059, -3752310]	[[-65, 630]]
"1456.k1"	1456	[0, -1, 0, -1877, 77789]	[[-20, 327]]
"1464.a1"	1464	[0, -1, 0, -316224, 68550300]	[[446, 4004]]
"1464.a2"	1464	[0, -1, 0, -20984, 936924]	[[-42, 1320]]
"1464.a3"	1464	[0, -1, 0, -19764, 1076004]	[[80, 22]]
"1464.a4"	1464	[0, -1, 0, -1159, 19240]	[[81, 671]]
"1464.e1"	1464	[0, 1, 0, -19, 26]	[[1, 3]]
"1464.e2"	1464	[0, 1, 0, -4, 80]	[[4, 12]]
"1472.j2"	1472	[0, 1, 0, 7, -1]	[[2, 5]]
"1478.a1"	1478	[1, 0, 1, -2586, -50818]	[[-736/5, 1778/5]]
"1478.c1"	1478	[1, 1, 0, -95, -379]	[[-5, 4]]
"1478.d1"	1478	[1, 0, 0, -733, -9455]	[[240, 3575]]
"1479.c2"	1479	[0, 1, 1, 39320, -6363488]	[[257149/30, 143564543/30]]
"1482.c1"	1482	[1, 0, 1, -1195667, 492194990]	[[375, 9640]]
"1482.c2"	1482	[1, 0, 1, -168147, -15399890]	[[479, 3504]]
"1482.c3"	1482	[1, 0, 1, -147667, -21846994]	[[-224, 53]]
"1482.j1"	1482	[1, 0, 0, -11865912, -15733564044]	[[14024, 1597994]]
"1484.b1"	1484	[0, 0, 0, -55, -114]	[[-5, 6]]
"1484.b2"	1484	[0, 0, 0, -20, 33]	[[2, 1]]
"1488.a1"	1488	[0, -1, 0, 8, -89]	[[19, 81]]
"1496.b2"	1496	[0, 0, 0, -198115, -33965634]	[[142282077350/8671, 52025012504946294/8671]]
"1498.a1"	1498	[1, -1, 0, -1141, -14553]	[[179/2, 1021/2]]
"1507.c1"	1507	[1, 1, 0, -61, -210]	[[-185/6, 365/6]]
"1507.c2"	1507	[1, 1, 0, -6, -1]	[[-1/2, 7/2]]
"1518.e1"	1518	[1, 1, 0, -21589, -1229987]	[[421, 7822]]
"1518.e3"	1518	[1, 1, 0, -1349, -19635]	[[53, 221]]
"1518.e4"	1518	[1, 1, 0, -69, -435]	[[115/3, 670/3]]
"1518.g1"	1518	[1, 0, 1, -349235, -79466290]	[[-1365/2, 1367/2]]
"1518.p1"	1518	[1, 0, 0, -4807, -128671]	[[-40, 23]]
"1521.b1"	1521	[0, 0, 1, 0, -192787]	[[507, 11407]]
"1521.b2"	1521	[0, 0, 1, 0, 7140]	[[56, 427]]
"1522.a1"	1522	[1, 1, 0, -186, -1036]	[[-77/3, -7/3]]
"1522.a2"	1522	[1, 1, 0, -26, 20]	[[-5, 10]]
"1526.b3"	1526	[1, 0, 1, 73140, 2049930]	[[-65/6, 299219/6]]
"1526.f1"	1526	[1, 1, 1, -5060, -142437]	[[191191/30, 75493021/30]]
"1539.c1"	1539	[1, -1, 1, -779, 8558]	[[16, -6]]
"1539.d1"	1539	[1, -1, 0, -7008, -224065]	[[226, 3001]]
"1542.b2"	1542	[1, 1, 1, -263, 5789]	[[-3, 82]]
"1547.a1"	1547	[1, 0, 0, -13, 0]	[[-1, 4]]
"1554.c1"	1554	[1, 0, 1, -22102, 1262840]	[[49, 521]]
"1554.c2"	1554	[1, 0, 1, -1382, 19640]	[[20, 0]]
"1554.c4"	1554	[1, 0, 1, -102, 184]	[[-2, 20]]
"1554.d2"	1554	[1, 0, 1, 1228, 8930]	[[0, 94]]
"1554.l1"	1554	[1, 0, 0, -159177, -34893381]	[[16595/2, 2110831/2]]
"1562.b1"	1562	[1, 0, 1, -17, 4]	[[-2, 6]]
"1566.d1"	1566	[1, -1, 0, -1527, 22877]	[[14, 57]]
"1568.c1"	1568	[0, 1, 0, -72, -260]	[[11, 20]]
"1568.e3"	1568	[0, 0, 0, -49, 0]	[[25, 120]]
"1568.e4"	1568	[0, 0, 0, 196, 0]	[[2, 20]]
"1568.g1"	1568	[0, -1, 0, -3544, 82104]	[[361/3, 1448/3]]
"1578.b1"	1578	[1, 0, 1, -27, 40]	[[4, -1]]
"1578.c1"	1578	[1, 0, 1, -3451, 77726]	[[34, -16]]
"1578.c2"	1578	[1, 0, 1, -211, 1262]	[[7, 8]]
"1582.a1"	1582	[1, -1, 1, -2461, -46303]	[[243, 3574]]
"1582.a2"	1582	[1, -1, 1, -201, -199]	[[17, 24]]
"1582.a4"	1582	[1, -1, 1, 779, -2159]	[[55/3, 1334/3]]
"1584.b1"	1584	[0, 0, 0, -267, -1670]	[[-9, 2]]
"1584.c2"	1584	[0, 0, 0, -696, 8215]	[[17, 36]]
"1584.d2"	1584	[0, 0, 0, -291, 1330]	[[3, 22]]
"1584.d3"	1584	[0, 0, 0, -111, -434]	[[-6, 4]]
"1584.d4"	1584	[0, 0, 0, 789, 8890]	[[-1, 90]]
"1584.f1"	1584	[0, 0, 0, -50691, -4392830]	[[311, 3150]]
"1584.f2"	1584	[0, 0, 0, -3171, -68510]	[[-33, 14]]
"1584.h1"	1584	[0, 0, 0, -11595, -478726]	[[-65, 18]]
"1584.h2"	1584	[0, 0, 0, -5835, -954502]	[[127, 594]]
"1584.h3"	1584	[0, 0, 0, -795, 8138]	[[7, 54]]
"1584.j1"	1584	[0, 0, 0, -75, 74]	[[-5, 18]]
"1584.j2"	1584	[0, 0, 0, 285, 578]	[[7, 54]]
"1584.k1"	1584	[0, 0, 0, -21195, -296838]	[[-17, 242]]
"1584.k3"	1584	[0, 0, 0, -12555, 537786]	[[15, 594]]
"1584.k4"	1584	[0, 0, 0, -1035, -12358]	[[-17, 18]]
"1584.l2"	1584	[0, 0, 0, -15, -18]	[[-2, 2]]
"1596.a1"	1596	[0, -1, 0, -1468, -14696]	[[-30, 38]]
"1596.a2"	1596	[0, -1, 0, 247, -1662]	[[7, 19]]
"1596.d1"	1596	[0, 1, 0, -4884, 129636]	[[36, 42]]
"1598.a2"	1598	[1, -1, 1, -409, -2955]	[[43, 218]]
"1598.a3"	1598	[1, -1, 1, -69, 173]	[[9, 10]]
"1598.a4"	1598	[1, -1, 1, 11, 13]	[[1, 4]]
"1599.b1"	1599	[1, 1, 1, -7, -10]	[[-2, 1]]
"1599.d1"	1599	[0, -1, 1, 272, 1629]	[[69/2, 841/2]]
"1602.c1"	1602	[1, -1, 1, -6161, -184575]	[[-45, 24]]
"1602.c2"	1602	[1, -1, 1, -401, -2559]	[[-9, 20]]
"1611.b1"	1611	[1, -1, 1, 13, 20]	[[0, 4]]
"1617.e2"	1617	[1, 0, 0, -13917, 618120]	[[39, 348]]
"1617.e3"	1617	[1, 0, 0, -1912, -18145]	[[-13, 74]]
"1617.e4"	1617	[1, 0, 0, -1667, -26328]	[[-1919/9, 6533/9]]
"1617.e5"	1617	[1, 0, 0, 1518, 1917747]	[[186, 2847]]
"1617.e6"	1617	[1, 0, 0, 6173, -129718]	[[526, 11932]]
"1617.i2"	1617	[1, 0, 1, 33049, -1901203]	[[537, 12799]]
"1624.a1"	1624	[0, 1, 0, -504, 3136]	[[0, 56]]
"1628.a1"	1628	[0, 0, 0, -71, -210]	[[-15/2, 15/2]]
"1628.a2"	1628	[0, 0, 0, -16, 21]	[[-1, 6]]
"1632.a1"	1632	[0, -1, 0, 3, 21]	[[-1, 4]]
"1632.d1"	1632	[0, -1, 0, -458, -3624]	[[38, 180]]
"1632.d2"	1632	[0, -1, 0, -448, -3800]	[[525/2, 11815/2]]
"1632.f1"	1632	[0, -1, 0, -1632, -24840]	[[857/4, 12565/4]]
"1632.f2"	1632	[0, -1, 0, -192, 468]	[[-12, 30]]
"1632.f3"	1632	[0, -1, 0, -102, -360]	[[44, 280]]
"1632.j1"	1632	[0, 1, 0, -458, 3624]	[[13, 6]]
"1634.a1"	1634	[1, 0, 1, 8, 6]	[[1, 3]]
"1638.d1"	1638	[1, -1, 0, -3753, -87561]	[[-35, 18]]
"1638.d2"	1638	[1, -1, 0, -243, -1215]	[[-9, 18]]
"1638.d4"	1638	[1, -1, 0, 387, -6885]	[[33, 186]]
"1638.e1"	1638	[1, -1, 0, -1932, -14896]	[[56, 196]]
"1638.e3"	1638	[1, -1, 0, -897, 13113]	[[12, 57]]
"1638.e4"	1638	[1, -1, 0, 6708, -116848]	[[64, 724]]
"1638.l3"	1638	[1, -1, 1, 121, -4921]	[[81, 688]]
"1639.c1"	1639	[1, 0, 1, -452, 3655]	[[13, -2]]
"1641.d1"	1641	[0, -1, 1, -3, 92]	[[12, 40]]
"1651.a1"	1651	[0, 0, 1, 16, 6]	[[0, 2]]
"1656.a1"	1656	[0, 0, 0, -507, 4070]	[[19, 36]]
"1656.a2"	1656	[0, 0, 0, 33, 290]	[[1, 18]]
"1656.d1"	1656	[0, 0, 0, -419835, -104704666]	[[13315, 1534572]]
"1656.d2"	1656	[0, 0, 0, -26175, -1644478]	[[193, 702]]
"1656.e1"	1656	[0, 0, 0, -315, -1674]	[[30, 126]]
"1656.f1"	1656	[0, 0, 0, -26499, -1660322]	[[4706/5, 18396/5]]
"1656.f2"	1656	[0, 0, 0, -2739, 11950]	[[-42, 230]]
"1656.f3"	1656	[0, 0, 0, -1659, -25850]	[[122, 1260]]
"1659.a1"	1659	[1, 0, 0, -504, 3969]	[[9, 9]]
"1659.a2"	1659	[1, 0, 0, -109, -376]	[[-7, 11]]
"1659.a3"	1659	[1, 0, 0, -104, -417]	[[19, 58]]
"1659.a4"	1659	[1, 0, 0, 206, -2077]	[[14, 53]]
"1664.c1"	1664	[0, 1, 0, -34, 66]	[[-1, 10]]
"1664.c2"	1664	[0, 1, 0, -29, 91]	[[1, 8]]
"1664.f1"	1664	[0, 1, 0, -137, -665]	[[18, 55]]
"1664.f2"	1664	[0, 1, 0, -7, -15]	[[5, 10]]
"1664.o1"	1664	[0, -1, 0, -304649, 64823033]	[[283, 1092]]
"1664.o2"	1664	[0, -1, 0, -19039, 1017759]	[[75, 78]]
"1664.p1"	1664	[0, -1, 0, -34, -66]	[[733/6, 18415/6]]
"1664.p2"	1664	[0, -1, 0, -29, -91]	[[79, 696]]
"1666.b1"	1666	[1, 0, 1, -6298, 36012]	[[-24, 428]]
"1666.e2"	1666	[1, -1, 0, 89, -183]	[[4, 13]]
"1666.g1"	1666	[1, 1, 0, -4, -6]	[[3, 3]]
"1666.j2"	1666	[1, -1, 1, -1896, 16391]	[[81, 583]]
"1666.j4"	1666	[1, -1, 1, 6434, 116351]	[[2083/6, 171743/6]]
"1674.c1"	1674	[1, -1, 0, -30417, -2033443]	[[338, 4951]]
"1674.c3"	1674	[1, -1, 0, -1047, 13305]	[[40, 165]]
"1674.h1"	1674	[1, -1, 1, -155, 779]	[[1, 24]]
"1674.i1"	1674	[1, -1, 1, -9425, -349811]	[[-2009/6, 5929/6]]
"1674.i3"	1674	[1, -1, 1, -125, -379]	[[-5, 12]]
"1677.a2"	1677	[1, 1, 1, -7, -4]	[[-2, 3]]
"1677.b2"	1677	[1, 0, 0, -7, -40]	[[5, 5]]
"1682.d1"	1682	[1, 0, 1, -382673, -91764536]	[[18889/5, 841652/5]]
"1683.b2"	1683	[1, -1, 1, 1699, 24976]	[[17, 233]]
"1683.i2"	1683	[1, -1, 0, 189, -988]	[[23/2, 107/2]]
"1686.a1"	1686	[1, 0, 1, -16, -34]	[[9, 19]]
"1694.c2"	1694	[1, -1, 0, -73046, -2899748]	[[-419/3, 17671/3]]
"1694.c3"	1694	[1, -1, 0, -39166, 2961492]	[[61, 862]]
"1694.c4"	1694	[1, -1, 0, -446, 119444]	[[223, 3216]]
"1694.e1"	1694	[1, 0, 0, -330393, 73068601]	[[362, 787]]
"1694.e2"	1694	[1, 0, 0, -20633, 1142329]	[[10, 963]]
"1694.e3"	1694	[1, 0, 0, -4298, 88540]	[[54, 94]]
"1694.e4"	1694	[1, 0, 0, -1273, -17577]	[[403/2, 7099/2]]
"1701.c1"	1701	[1, -1, 1, -11, 16]	[[2, -1]]
"1701.h1"	1701	[1, -1, 0, -96, -343]	[[16, 37]]
"1704.a1"	1704	[0, -1, 0, -104, -276]	[[13, 20]]
"1704.a2"	1704	[0, -1, 0, 16, -36]	[[5, 12]]
"1704.c1"	1704	[0, 1, 0, -27264, 1723680]	[[405/2, 855/2]]
"1704.c2"	1704	[0, 1, 0, -2064, 14112]	[[51, 210]]
"1704.c3"	1704	[0, 1, 0, -1704, 26496]	[[27, 30]]
"1704.c4"	1704	[0, 1, 0, -84, 576]	[[0, 24]]
"1714.a1"	1714	[1, 0, 1, -61, -144]	[[-6, 6]]
"1714.b2"	1714	[1, -1, 0, -7, -57]	[[23/2, 43/2]]
"1716.a2"	1716	[0, -1, 0, -533, 4914]	[[10, 22]]
"1716.b2"	1716	[0, 1, 0, -109, 18116]	[[-19, 117]]
"1719.b2"	1719	[1, -1, 0, 27, 0]	[[36, 198]]
"1722.h1"	1722	[1, 1, 1, -7770, -266859]	[[451/2, 3973/2]]
"1722.i1"	1722	[1, 1, 1, -43939, 3526745]	[[121, -54]]
"1722.i2"	1722	[1, 1, 1, -7699, -193159]	[[-59, 274]]
"1722.i3"	1722	[1, 1, 1, -2779, 52841]	[[37, 30]]
"1722.j1"	1722	[1, 1, 1, -6138, 182535]	[[55, 95]]
"1728.d2"	1728	[0, 0, 0, -204, -1136]	[[18, 32]]
"1728.o2"	1728	[0, 0, 0, -120, -506]	[[51, 355]]
"1728.o3"	1728	[0, 0, 0, 0, -2]	[[3, 5]]
"1731.b2"	1731	[1, 0, 0, 36, 9]	[[0, 3]]
"1731.c1"	1731	[0, 1, 1, 1, 2]	[[0, 1]]
"1734.b3"	1734	[1, 1, 0, -62285, 10194117]	[[-127, 4073]]
"1734.b4"	1734	[1, 1, 0, 522940, -186183984]	[[7295/2, 654223/2]]
"1734.c1"	1734	[1, 1, 0, -235, -1667]	[[102, 973]]
"1734.c2"	1734	[1, 1, 0, 20, 16]	[[0, 4]]
"1734.d1"	1734	[1, 1, 0, -21094, -1153910]	[[885, 25525]]
"1734.d3"	1734	[1, 1, 0, -2904, 59040]	[[33, 6]]
"1734.f1"	1734	[1, 0, 1, -68066, -7713868]	[[109061/5, 35678901/5]]
"1734.f2"	1734	[1, 0, 1, 5629, 38846]	[[39, 544]]
"1736.a1"	1736	[0, 0, 0, -348619, -79003818]	[[38939/5, 7022988/5]]
"1736.a2"	1736	[0, 0, 0, -12479, -2296670]	[[213, 2170]]
"1736.b1"	1736	[0, 0, 0, -139, -618]	[[19, 60]]
"1736.b2"	1736	[0, 0, 0, 1, -30]	[[5, 10]]
"1737.a1"	1737	[0, 0, 1, -21, -284]	[[13, 40]]
"1737.b2"	1737	[1, -1, 0, 108, -81]	[[39/2, 303/2]]
"1744.b1"	1744	[0, -1, 0, -32, -256]	[[10, 18]]
"1744.b2"	1744	[0, -1, 0, 288, 6656]	[[74, 654]]
"1746.c1"	1746	[1, -1, 0, -4626, -119948]	[[-39, 22]]
"1746.d1"	1746	[1, -1, 0, -27936, 1804194]	[[103, 56]]
"1746.d2"	1746	[1, -1, 0, -1746, 28512]	[[27, 9]]
"1746.d3"	1746	[1, -1, 0, -1476, 37422]	[[-23, 254]]
"1746.e1"	1746	[1, -1, 1, -140, 591]	[[-1, 27]]
"1746.e2"	1746	[1, -1, 1, 220, 2895]	[[11, 75]]
"1748.a2"	1748	[0, 1, 0, 1363, -35489]	[[490/3, 12167/3]]
"1752.d2"	1752	[0, -1, 0, -1992, 33660]	[[70/3, 3680/3]]
"1752.d3"	1752	[0, -1, 0, -1972, 34372]	[[1, 180]]
"1752.d4"	1752	[0, -1, 0, 928, 121260]	[[7033/12, 915515/12]]
"1752.g1"	1752	[0, 1, 0, -388, 2816]	[[10, 6]]
"1752.g2"	1752	[0, 1, 0, -23, 42]	[[3, 3]]
"1752.i2"	1752	[0, 1, 0, 57, -126]	[[3, 9]]
"1762.a1"	1762	[1, 0, 0, -17, 25]	[[0, 5]]
"1762.a2"	1762	[1, 0, 0, 3, 85]	[[2, 9]]
"1763.a1"	1763	[0, 1, 1, 1, -2]	[[2, 3]]
"1763.d1"	1763	[0, 1, 1, -94, 321]	[[21/2, -3/2]]
"1768.a2"	1768	[0, 1, 0, 1968, -91760]	[[48, 340]]
"1768.c1"	1768	[0, 0, 0, -95, 354]	[[5, 2]]
"1768.c2"	1768	[0, 0, 0, -10, -3]	[[-2, 3]]
"1771.a1"	1771	[1, 0, 0, -105, -374]	[[-7, 9]]
"1771.a2"	1771	[1, 0, 0, 10, -29]	[[3, 4]]
"1772.a1"	1772	[0, -1, 0, -29, 73]	[[3, 2]]
"1773.a1"	1773	[0, 0, 1, -30, -32]	[[-2, 4]]
"1773.b1"	1773	[0, 0, 1, -45, -115]	[[-15/2, 5/2]]
"1776.i1"	1776	[0, 1, 0, -28, -40]	[[-11/2, 39/2]]
"1776.i2"	1776	[0, 1, 0, -13, 14]	[[-2, 6]]
"1776.j1"	1776	[0, 1, 0, -188, 924]	[[-2, 36]]
"1776.j2"	1776	[0, 1, 0, -3, 36]	[[0, 6]]
"1782.h1"	1782	[1, -1, 1, -164, -1133]	[[17, 19]]
"1792.a1"	1792	[0, 1, 0, -525, 4459]	[[14, 7]]
"1792.b2"	1792	[0, 1, 0, -19, -39]	[[5, 4]]
"1792.c1"	1792	[0, 1, 0, -77, 235]	[[6, 5]]
"1792.e2"	1792	[0, -1, 0, -35, -49]	[[-2, 3]]
"1794.a1"	1794	[1, 1, 0, -79871, 8655045]	[[157, 48]]
"1794.c1"	1794	[1, 1, 0, -994, -8510]	[[-15, 65]]
"1802.b1"	1802	[1, 1, 0, -282051, -57698611]	[[-7891/5, 29188/5]]
"1802.b2"	1802	[1, 1, 0, -200131, -91793715]	[[16390/3, 1993655/3]]
"1804.a1"	1804	[0, 1, 0, -877, -10296]	[[36, 78]]
"1806.d2"	1806	[1, 0, 1, -487, -4090]	[[-12, 13]]
"1806.d3"	1806	[1, 0, 1, -67, 110]	[[0, 10]]
"1806.d4"	1806	[1, 0, 1, 13, 14]	[[8, 21]]
"1808.a2"	1808	[0, 1, 0, 48, 340]	[[-4, 10]]
"1808.c1"	1808	[0, -1, 0, -720, 7616]	[[8, 48]]
"1811.a1"	1811	[0, -1, 1, 3, 0]	[[0, 0]]
"1813.b3"	1813	[0, -1, 1, -163, -743]	[[-7, 2]]
"1814.a1"	1814	[1, -1, 1, -1, -3]	[[3, 2]]
"1824.d1"	1824	[0, -1, 0, -18, -24]	[[7, 12]]
"1824.g1"	1824	[0, 1, 0, -1824, -30600]	[[75, 510]]
"1824.g2"	1824	[0, 1, 0, -209, 351]	[[1, 12]]
"1824.g3"	1824	[0, 1, 0, -114, -504]	[[18, 60]]
"1824.g4"	1824	[0, 1, 0, -24, -1188]	[[69/2, 495/2]]
"1826.b1"	1826	[1, -1, 1, 5, -5]	[[1, 0]]
"1827.d1"	1827	[1, -1, 0, -1841616, -961476971]	[[4503639/50, 4831881187/50]]
"1827.d3"	1827	[1, -1, 0, -117306, -14395073]	[[5712231/62, 13073380789/62]]
"1827.d4"	1827	[1, -1, 0, -115101, -15001448]	[[5943/2, 438907/2]]
"1827.d6"	1827	[1, -1, 0, 112329, -64042160]	[[5047493410335/58838, 11369659432888723585/58838]]
"1848.c1"	1848	[0, -1, 0, -448, -3476]	[[25, 18]]
"1848.d2"	1848	[0, -1, 0, -586992, -172882980]	[[962, 12320]]
"1848.d3"	1848	[0, -1, 0, -586972, -172895372]	[[5958, 455840]]
"1848.d4"	1848	[0, -1, 0, -534072, -205375860]	[[23861/5, 1548316/5]]
"1848.g1"	1848	[0, 1, 0, -47264, -3967008]	[[-491/2, 105/2]]
"1848.g2"	1848	[0, 1, 0, -3704, -29184]	[[-32, 240]]
"1848.g3"	1848	[0, 1, 0, -2084, 35616]	[[31, 42]]
"1848.g4"	1848	[0, 1, 0, -2079, 35802]	[[42, 156]]
"1848.g5"	1848	[0, 1, 0, -544, 88592]	[[-13, 306]]
"1848.g6"	1848	[0, 1, 0, 13936, -212640]	[[115, 1710]]
"1854.a1"	1854	[1, -1, 0, -13356, 597456]	[[72, 36]]
"1856.i1"	1856	[0, 1, 0, -17, -49]	[[5, 4]]
"1856.n1"	1856	[0, -1, 0, -37, -75]	[[73/3, 260/3]]
"1856.n2"	1856	[0, -1, 0, -17, -175]	[[25, 120]]
"1864.a1"	1864	[0, -1, 0, -8, 28]	[[2, 4]]
"1866.f1"	1866	[1, 0, 1, -122, 500]	[[8, 3]]
"1866.f2"	1866	[1, 0, 1, -2, 20]	[[0, 4]]
"1872.d2"	1872	[0, 0, 0, 9, -10]	[[2, 4]]
"1872.e1"	1872	[0, 0, 0, -7491, -249550]	[[146, 1330]]
"1872.e2"	1872	[0, 0, 0, -471, -3850]	[[38, 182]]
"1872.f2"	1872	[0, 0, 0, 9, -270]	[[58, 442]]
"1872.n2"	1872	[0, 0, 0, -399, 1870]	[[30, 130]]
"1872.n4"	1872	[0, 0, 0, 1221, 13210]	[[3, 130]]
"1872.o2"	1872	[0, 0, 0, 81, 270]	[[-2, 10]]
"1878.a1"	1878	[1, 1, 0, -134, 540]	[[7, -1]]
"1878.b1"	1878	[1, 0, 1, -583, -5458]	[[-14, 8]]
"1882.a1"	1882	[1, 1, 0, -15374, 727348]	[[71, -33]]
"1882.b1"	1882	[1, -1, 0, -47, -113]	[[9, 7]]
"1882.c1"	1882	[1, 1, 0, 3, 5]	[[-1, 2]]
"1882.d1"	1882	[1, 0, 0, -9, -7]	[[-2, 3]]
"1884.a2"	1884	[0, 1, 0, -4, -364]	[[635, 16014]]
"1884.b1"	1884	[0, 1, 0, -68, 36]	[[0, 6]]
"1886.a1"	1886	[1, -1, 0, -1313, 18045]	[[17, 12]]
"1886.a2"	1886	[1, -1, 0, 527, 63309]	[[-25, 197]]
"1886.b1"	1886	[1, 1, 0, -491, -4399]	[[79, 637]]
"1886.b2"	1886	[1, 1, 0, -31, -75]	[[-3, 3]]
"1886.e1"	1886	[1, -1, 1, -886, -9919]	[[93, 793]]
"1886.e2"	1886	[1, -1, 1, -526, 4705]	[[145/3, 175/3]]
"1886.e3"	1886	[1, -1, 1, -66, -79]	[[11, 15]]
"1891.a1"	1891	[1, 1, 1, -51832, -4563578]	[[802, 21290]]
"1892.b2"	1892	[0, 1, 0, -198, 1009]	[[2, 25]]
"1892.e1"	1892	[0, 0, 0, -5, 1]	[[0, 1]]
"1904.c2"	1904	[0, 0, 0, 29, -30]	[[2, 6]]
"1904.d1"	1904	[0, 0, 0, -8459, 299322]	[[29, 280]]
"1904.d2"	1904	[0, 0, 0, -619, 2970]	[[23, 30]]
"1904.d4"	1904	[0, 0, 0, 2101, 22010]	[[-65/3, 2170/3]]
"1906.a1"	1906	[1, -1, 0, -17, 29]	[[1, 3]]
"1906.a2"	1906	[1, -1, 0, 23, 117]	[[9, 27]]
"1911.b1"	1911	[1, 1, 1, 20, 146]	[[14, 51]]
"1911.f2"	1911	[1, 0, 1, -957, -10391]	[[-53/2, 55/2]]
"1911.f3"	1911	[1, 0, 1, -222, 1075]	[[-1, 36]]
"1911.f4"	1911	[1, 0, 1, 23, 95]	[[37/3, 371/3]]
"1914.c1"	1914	[1, 1, 0, -26535, -1378251]	[[-95, 592]]
"1914.c2"	1914	[1, 1, 0, -7975, 251317]	[[33, 143]]
"1914.e1"	1914	[1, 0, 1, -4242, 105964]	[[38, -15]]
"1914.e3"	1914	[1, 0, 1, -282, 1420]	[[5, 9]]
"1914.e4"	1914	[1, 0, 1, 38, 140]	[[-2, 8]]
"1914.h2"	1914	[1, 1, 1, 1726, -24289]	[[43, 341]]
"1914.m1"	1914	[1, 0, 0, -35547, -2589999]	[[434, 7769]]
"1914.n1"	1914	[1, 0, 0, -260898, -51312870]	[[95085/4, 29018625/4]]
"1914.n2"	1914	[1, 0, 0, -17008, -730084]	[[-52, 146]]
"1914.n3"	1914	[1, 0, 0, -5748, 53928]	[[-78, 210]]
"1917.b1"	1917	[0, 0, 1, 918, -32299]	[[135, 1597]]
"1917.c1"	1917	[0, 0, 1, -6, 5]	[[1, 0]]
"1918.a1"	1918	[1, 0, 1, -183, 242]	[[-2, 25]]
"1918.a2"	1918	[1, 0, 1, -143, 642]	[[6, 0]]
"1918.c1"	1918	[1, -1, 0, -1111, 5187]	[[137, 1484]]
"1918.f2"	1918	[1, -1, 1, 9, -49]	[[7, 14]]
"1922.d1"	1922	[1, -1, 1, -317791, -68874615]	[[25237419818650411/1089534, 3994045625106542444756791/1089534]]
"1922.d2"	1922	[1, -1, 1, -29491, 79057]	[[-275159/40, 18635919/40]]
"1922.d3"	1922	[1, -1, 1, -19881, -1070299]	[[225517435/103, 3374899848614/103]]
"1922.d4"	1922	[1, -1, 1, -661, -32419]	[[21257, 3088538]]
"1926.a1"	1926	[1, -1, 0, -162, 3024]	[[-14, 56]]
"1926.a2"	1926	[1, -1, 0, 18, -108]	[[4, 2]]
"1926.c2"	1926	[1, -1, 0, -96, -208]	[[-4, 12]]
"1926.e1"	1926	[1, -1, 1, -71, -205]	[[-5, 4]]
"1926.e2"	1926	[1, -1, 1, -11, 11]	[[1, 0]]
"1926.f1"	1926	[1, -1, 1, -446, -2739]	[[-13, 33]]
"1926.f2"	1926	[1, -1, 1, 994, -17715]	[[35, 225]]
"1928.a1"	1928	[0, 0, 0, -79, -270]	[[13, 30]]
"1928.a2"	1928	[0, 0, 0, -59, -410]	[[115/3, 820/3]]
"1936.c1"	1936	[0, -1, 0, -9357, -347279]	[[169, 1694]]
"1936.i1"	1936	[0, 1, 0, -15140165, -22679876749]	[[76910076374/445, 21328167502260157/445]]
"1936.i2"	1936	[0, 1, 0, -20005, -1979309]	[[15894/5, 1947253/5]]
"1936.k1"	1936	[0, -1, 0, -832, -9216]	[[90, 798]]
"1938.b1"	1938	[1, 1, 0, -19, 25]	[[0, 5]]
"1938.c1"	1938	[1, 1, 0, -2399088229, -45229971251315]	[[4922713727549526625503/210249607, 303307135175318943516376150635262/210249607]]
"1938.c2"	1938	[1, 1, 0, -151531109, -691030827123]	[[-1999123069231/16045, 562182219603463157/16045]]
"1938.e1"	1938	[1, 0, 1, -552, 4936]	[[16, 8]]
"1938.e2"	1938	[1, 0, 1, -42, 40]	[[-1, 9]]
"1938.e3"	1938	[1, 0, 1, -22, -40]	[[6, 4]]
"1938.g1"	1938	[1, 1, 1, -434, 3251]	[[17, 25]]
"1938.h1"	1938	[1, 0, 0, -139, -271]	[[14, 17]]
"1944.d1"	1944	[0, 0, 0, 9, -6]	[[1, 2]]
"1947.d1"	1947	[1, 0, 1, -947, 11129]	[[-7, 135]]
"1947.d2"	1947	[1, 0, 1, -62, 155]	[[39/2, 137/2]]
"1947.d3"	1947	[1, 0, 1, -17, -25]	[[9, 19]]
"1947.d4"	1947	[1, 0, 1, 103, 881]	[[175/6, 7747/6]]
"1953.a1"	1953	[1, -1, 1, -32, -30]	[[8, 9]]
"1953.a2"	1953	[1, -1, 1, 103, -300]	[[8, 27]]
"1953.b2"	1953	[1, -1, 1, 31, 128]	[[4, 15]]
"1953.c2"	1953	[1, -1, 1, -50369, 4378848]	[[84, 815]]
"1953.g2"	1953	[1, -1, 0, -11646, -464265]	[[4615/2, 307375/2]]
"1953.g3"	1953	[1, -1, 0, -1881, 22032]	[[1152, 38484]]
"1953.g4"	1953	[1, -1, 0, 324, 2187]	[[22, 129]]
"1956.a1"	1956	[0, -1, 0, 155, 241]	[[16, 81]]
"1958.a1"	1958	[1, -1, 1, -1456, -20175]	[[255/2, 2767/2]]
"1958.a2"	1958	[1, -1, 1, -246, 1121]	[[-83/3, 1471/3]]
"1958.a3"	1958	[1, -1, 1, -226, 1361]	[[-9, 55]]
"1958.a4"	1958	[1, -1, 1, 644, 6817]	[[1897/24, 1279409/24]]
"1961.a2"	1961	[1, -1, 0, -46, 87]	[[-241/10, 14603/10]]
"1961.a3"	1961	[1, -1, 0, -41, 112]	[[-9/2, 119/2]]
"1961.a4"	1961	[1, -1, 0, 139, 494]	[[263719/210, 332448383/210]]
"1963.a1"	1963	[1, -1, 0, -2, 3]	[[2, 1]]
"1968.b1"	1968	[0, -1, 0, -7024, 228928]	[[48, 8]]
"1968.b2"	1968	[0, -1, 0, -464, 3264]	[[-8, 80]]
"1968.b3"	1968	[0, -1, 0, -144, -576]	[[-6, 6]]
"1968.b4"	1968	[0, -1, 0, 976, 18240]	[[10, 170]]
"1968.h1"	1968	[0, 1, 0, -1064, -13644]	[[-20, 6]]
"1973.a1"	1973	[0, 1, 1, -8, -12]	[[-2, 0]]
"1974.b1"	1974	[1, 0, 1, -133451, -17161738]	[[-177, 1048]]
"1974.b3"	1974	[1, 0, 1, -1116, 50842]	[[17, 183]]
"1974.b4"	1974	[1, 0, 1, 9909, -1277450]	[[491/2, 10215/2]]
"1974.c2"	1974	[1, 0, 1, -1, -28]	[[7, 14]]
"1974.d1"	1974	[1, 1, 1, -98189, -11863549]	[[-187, 46]]
"1974.f1"	1974	[1, 1, 1, -56447, 5138381]	[[125, 172]]
"1974.h1"	1974	[1, 0, 0, -1768704, 905232528]	[[1074, 15108]]
"1974.h2"	1974	[1, 0, 0, -255324, -29648892]	[[21056/5, 2295706/5]]
"1974.h3"	1974	[1, 0, 0, -111264, 13943664]	[[266, 1652]]
"1974.h4"	1974	[1, 0, 0, -110544, 14137344]	[[194, -46]]
"1974.h5"	1974	[1, 0, 0, -6864, 223488]	[[54, 78]]
"1974.h6"	1974	[1, 0, 0, 21276, 45143580]	[[-220/7, 2302910/7]]
"1974.i1"	1974	[1, 0, 0, -1614, -25026]	[[227/2, 1843/2]]
"1974.i2"	1974	[1, 0, 0, -1554, 23370]	[[461/4, 2417/4]]
"1974.i3"	1974	[1, 0, 0, -144, -36]	[[20, 62]]
"1977.b1"	1977	[1, 1, 0, -15, 18]	[[2, 0]]
"1978.d1"	1978	[1, 0, 0, -93, 433]	[[6, 7]]
"1978.e1"	1978	[1, 0, 0, -4, 4]	[[0, 2]]
"1984.a2"	1984	[0, 1, 0, 31, 31]	[[1, 8]]
"1984.f1"	1984	[0, 0, 0, -21164, 1185072]	[[11704/9, 779660/9]]
"1984.f3"	1984	[0, 0, 0, -1324, 18480]	[[120, 1260]]
"1984.f4"	1984	[0, 0, 0, -44, 560]	[[-8, 20]]
"1984.g1"	1984	[0, 0, 0, -21164, -1185072]	[[13874604/287, 4048997280/287]]
"1984.g3"	1984	[0, 0, 0, -1324, -18480]	[[5420/7, 373920/7]]
"1984.g4"	1984	[0, 0, 0, -44, -560]	[[108, 1120]]
"1984.j2"	1984	[0, -1, 0, 31, -31]	[[19, 84]]
"1986.c1"	1986	[1, 1, 0, -5, -51]	[[10, 27]]
"1986.e1"	1986	[1, 0, 1, -11451, 470662]	[[47, 168]]
"1987.a1"	1987	[0, -1, 1, -3, 4]	[[2, 1]]
"1989.e2"	1989	[1, -1, 0, -12501, 368032]	[[2709/4, 106967/4]]
"1989.e3"	1989	[1, -1, 0, -4896, -126293]	[[162, 1739]]
"1989.e4"	1989	[1, -1, 0, -4851, -128840]	[[2136/5, 28876/5]]
"1989.e6"	1989	[1, -1, 0, 34884, 2462449]	[[271197/52, 363963683/52]]
"2006.d1"	2006	[1, -1, 0, -1232, -16340]	[[180, 2270]]
"2006.d2"	2006	[1, -1, 0, -1222, -16626]	[[1077/4, 26661/4]]
"2006.j1"	2006	[1, -1, 1, -630, 6239]	[[63/2, -13/2]]
"2016.b3"	2016	[0, 0, 0, -201, 880]	[[12, 14]]
"2016.b4"	2016	[0, 0, 0, 429, 5290]	[[-6, 50]]
"2016.e2"	2016	[0, 0, 0, 15, 16]	[[0, 4]]
"2016.i1"	2016	[0, 0, 0, -300, 1888]	[[2, 36]]
"2016.l1"	2016	[0, 0, 0, -2019, -34918]	[[74, 470]]
"2016.l3"	2016	[0, 0, 0, -129, -520]	[[20, 70]]
"2016.l4"	2016	[0, 0, 0, 141, -2410]	[[17, 70]]
"2017.a1"	2017	[1, 1, 0, -10, 9]	[[0, 3]]
"2019.c1"	2019	[1, 0, 0, -158, -759]	[[-8, 7]]
"2022.e1"	2022	[1, 1, 1, -28894, -1902325]	[[-881/3, 1399/3]]
"2022.e2"	2022	[1, 1, 1, -1934, -25909]	[[-23, 95]]
"2022.e4"	2022	[1, 1, 1, 4546, -155509]	[[139, 1715]]
"2022.f1"	2022	[1, 1, 1, -1543, -23971]	[[-23, 12]]
"2022.i1"	2022	[1, 0, 0, -1159, 15089]	[[20, -7]]
"2022.j1"	2022	[1, 0, 0, -65543, 6453129]	[[150, -27]]
"2022.j2"	2022	[1, 0, 0, -4103, 100233]	[[22, 133]]
"2028.e2"	2028	[0, 1, 0, -123933, -16834284]	[[1200, 39546]]
"2028.e4"	2028	[0, 1, 0, -2253, 144]	[[108, 1014]]
"2032.c1"	2032	[0, 0, 0, -86699, -9825830]	[[13618807255/4641, 1371113113886270/4641]]
"2032.c2"	2032	[0, 0, 0, -6059, -114982]	[[-1571/5, 16592/5]]
"2032.c3"	2032	[0, 0, 0, -5419, -153510]	[[173623/17, 71774430/17]]
"2032.e1"	2032	[0, -1, 0, -128, 128]	[[-8, 24]]
"2037.b1"	2037	[1, 1, 1, -90, -354]	[[-6, 6]]
"2037.b2"	2037	[1, 1, 1, 45, -1164]	[[21, 87]]
"2046.c2"	2046	[1, 1, 0, -35305, 3888997]	[[113, 1109]]
"2046.e1"	2046	[1, 0, 1, -2652, 52330]	[[5, 195]]
"2046.e2"	2046	[1, 0, 1, -172, 746]	[[1, 23]]
"2046.h1"	2046	[1, 0, 0, -102969, -2474631]	[[-36, 1107]]
"2054.d1"	2054	[1, -1, 1, -276, -1693]	[[33, 139]]
"2054.d2"	2054	[1, -1, 1, -16, -29]	[[7, 9]]
"2056.c2"	2056	[0, 0, 0, -43, -570]	[[4874/5, 340068/5]]
"2056.d1"	2056	[0, -1, 0, -248, 1589]	[[10, 3]]
"2056.e1"	2056	[0, -1, 0, -128, 44]	[[-35/3, 584/3]]
"2056.e2"	2056	[0, -1, 0, -88, 348]	[[-3, 24]]
"2057.c1"	2057	[0, -1, 1, 37, 76]	[[4, 16]]
"2062.a1"	2062	[1, -1, 0, -137, 653]	[[7, -3]]
"2062.b1"	2062	[1, 1, 1, 5, 1]	[[1, 2]]
"2064.e1"	2064	[0, -1, 0, -3912, -91728]	[[-326/3, 910/3]]
"2064.e2"	2064	[0, -1, 0, -472, 1840]	[[2, 30]]
"2064.e3"	2064	[0, -1, 0, -392, 3120]	[[4, 40]]
"2064.e4"	2064	[0, -1, 0, 1688, 12208]	[[218, 3270]]
"2064.i1"	2064	[0, 1, 0, -30664, -2073484]	[[-100, 54]]
"2067.b1"	2067	[0, 1, 1, -1963, -34139]	[[1885/6, 20807/6]]
"2068.a1"	2068	[0, 1, 0, -2188, -40140]	[[405/2, 7095/2]]
"2072.c1"	2072	[0, 0, 0, -10, 9]	[[0, 3]]
"2072.c2"	2072	[0, 0, 0, 25, 58]	[[7, 24]]
"2072.e1"	2072	[0, -1, 0, -1464, -20596]	[[10765/6, 1105417/6]]
"2074.a1"	2074	[1, 0, 1, -1317, -18496]	[[79, 570]]
"2074.a2"	2074	[1, 0, 1, -1297, -19080]	[[57, 276]]
"2077.a1"	2077	[0, -1, 1, -3, 0]	[[0, 0]]
"2077.b1"	2077	[0, 1, 1, -130, 525]	[[21/2, 27/2]]
"2088.e1"	2088	[0, 0, 0, 105, -137]	[[17, 81]]
"2088.g1"	2088	[0, 0, 0, -135, -621]	[[15, 27]]
"2093.h1"	2093	[0, 1, 1, -14829659, -21985816061]	[[14674995661/1230, 1608233748263209/1230]]
"2096.a1"	2096	[0, -1, 0, -9, -11]	[[4, 1]]
"2096.d1"	2096	[0, 1, 0, 11, -29]	[[6, 17]]
"2103.a1"	2103	[0, -1, 1, -214034, -38041660]	[[1403, 49207]]
"2108.a1"	2108	[0, 1, 0, -218, 1169]	[[-7, 49]]
"2108.a2"	2108	[0, 1, 0, -118, 2341]	[[-15, 31]]
"2112.c2"	2112	[0, -1, 0, 11, -11]	[[4, 9]]
"2112.d1"	2112	[0, -1, 0, -1889, -30975]	[[56, 189]]
"2112.d2"	2112	[0, -1, 0, -129, -351]	[[-5, 12]]
"2112.d4"	2112	[0, -1, 0, 351, -2751]	[[43, 300]]
"2112.g1"	2112	[0, -1, 0, -393, -2871]	[[25, 48]]
"2112.j2"	2112	[0, -1, 0, -737, -2175]	[[-21, 60]]
"2112.j4"	2112	[0, -1, 0, 2783, -19775]	[[163/3, 5140/3]]
"2112.n1"	2112	[0, -1, 0, -644161, -198779327]	[[688259289/595, 16170174629888/595]]
"2112.r1"	2112	[0, 1, 0, -22529, -1309089]	[[2253/2, 102765/2]]
"2112.r2"	2112	[0, 1, 0, -1409, -20769]	[[555, 13056]]
"2112.t2"	2112	[0, 1, 0, -309, 2331]	[[6, 27]]
"2112.v2"	2112	[0, 1, 0, -2593, 281951]	[[-25, 576]]
"2112.v4"	2112	[0, 1, 0, 287, -10081]	[[23, 96]]
"2112.y1"	2112	[0, 1, 0, -2817, -58497]	[[194, 2595]]
"2112.y3"	2112	[0, 1, 0, -177, -945]	[[18, 45]]
"2112.y4"	2112	[0, 1, 0, 3, -45]	[[6, 15]]
"2114.b1"	2114	[1, 1, 0, -85925, 7941773]	[[6468001/15, 16400586679/15]]
"2114.b2"	2114	[1, 1, 0, 10715, 732429]	[[28746, 4859547]]
"2114.d1"	2114	[1, -1, 1, -44770, 3650273]	[[89, 559]]
"2114.d2"	2114	[1, -1, 1, -3810, 13025]	[[1, 95]]
"2132.a1"	2132	[0, 1, 0, -177, -968]	[[17, 35]]
"2132.a2"	2132	[0, 1, 0, -172, -1020]	[[28, 130]]
"2139.c1"	2139	[1, 1, 0, -495, -4452]	[[523/2, 11309/2]]
"2139.c2"	2139	[1, 1, 0, -30, -81]	[[130, 1423]]
"2139.e1"	2139	[1, 0, 1, -127, 215]	[[-5, 29]]
"2139.e2"	2139	[1, 0, 1, 28, 29]	[[3, 10]]
"2142.c1"	2142	[1, -1, 0, -4758, 127466]	[[43, 10]]
"2142.c2"	2142	[1, -1, 0, -348, 1340]	[[1, 31]]
"2142.c3"	2142	[1, -1, 0, -168, -784]	[[-7, 7]]
"2142.c4"	2142	[1, -1, 0, 1182, 8990]	[[5, 120]]
"2142.d1"	2142	[1, -1, 0, -252, -122]	[[-3, 26]]
"2142.h1"	2142	[1, -1, 0, -123467436, 528082919464]	[[162581/5, 1117864/5]]
"2142.h2"	2142	[1, -1, 0, -7731396, 8219774992]	[[992, 38564]]
"2142.h3"	2142	[1, -1, 0, -2633436, 18893883640]	[[3015, 194335]]
"2142.h4"	2142	[1, -1, 0, -816516, -71166128]	[[-513, 14834]]
"2142.h5"	2142	[1, -1, 0, -632196, -193075376]	[[-447, -4]]
"2142.h6"	2142	[1, -1, 0, 3149244, -562127216]	[[6608, 552356]]
"2142.l2"	2142	[1, -1, 1, 283, 285]	[[3, 32]]
"2154.a1"	2154	[1, 1, 0, -12682, 670420]	[[36, 494]]
"2154.c1"	2154	[1, 1, 0, -24, -30]	[[5, 0]]
"2154.c2"	2154	[1, 1, 0, 6, 0]	[[2, 4]]
"2154.g1"	2154	[1, 0, 0, -2087, -36819]	[[-26, 7]]
"2157.c1"	2157	[0, -1, 1, -16313, -796540]	[[-61736/29, -12177/29]]
"2158.b1"	2158	[1, 0, 1, -1404247, -655471622]	[[36884/5, 2659717/5]]
"2163.a2"	2163	[1, 0, 0, -95, -624]	[[13, 13]]
"2163.c1"	2163	[1, 0, 0, -3847, 91520]	[[29, 53]]
"2163.c2"	2163	[1, 0, 0, -557, -3078]	[[-14, 52]]
"2163.c3"	2163	[1, 0, 0, -242, 1395]	[[7, 4]]
"2163.c4"	2163	[1, 0, 0, 3, 72]	[[21, 87]]
"2166.d1"	2166	[1, 0, 1, -31606280, 68389818806]	[[81156/5, -196894/5]]
"2166.d2"	2166	[1, 0, 1, -1975400, 1068459446]	[[777, 1291]]
"2166.d4"	2166	[1, 0, 1, -127080, 15656374]	[[68, 2673]]
"2172.a1"	2172	[0, -1, 0, -204, -792]	[[-19/2, 55/2]]
"2172.a2"	2172	[0, -1, 0, -69, 234]	[[2, 10]]
"2172.c1"	2172	[0, 1, 0, 2, 5]	[[1, 3]]
"2173.a1"	2173	[0, 1, 1, -3, -2]	[[-2, 0]]
"2178.b4"	2178	[1, -1, 0, 4878, 713070]	[[-41, 686]]
"2178.h1"	2178	[1, -1, 1, -1115885, 453986965]	[[641, 1010]]
"2178.h4"	2178	[1, -1, 1, -10550, -411595]	[[531, 11713]]
"2184.d1"	2184	[0, -1, 0, -203, 1176]	[[7, 7]]
"2184.f1"	2184	[0, -1, 0, -13592, -605412]	[[158, 1080]]
"2184.f2"	2184	[0, -1, 0, -1632, 11100]	[[62, 380]]
"2184.f3"	2184	[0, -1, 0, -852, -9180]	[[-16, 10]]
"2184.f4"	2184	[0, -1, 0, -7, -392]	[[33, 185]]
"2184.j1"	2184	[0, 1, 0, -151424, -22730400]	[[675, 13530]]
"2184.j2"	2184	[0, 1, 0, -9464, -357504]	[[168, 1680]]
"2184.j3"	2184	[0, 1, 0, -8624, -422688]	[[669/2, 13485/2]]
"2184.j4"	2184	[0, 1, 0, -644, -4704]	[[31, 78]]
"2184.j6"	2184	[0, 1, 0, 1696, -29040]	[[19, 102]]
"2184.k1"	2184	[0, 1, 0, -2668, -32656]	[[-22, 126]]
"2184.l2"	2184	[0, 1, 0, -10323, 410994]	[[-27, 819]]
"2188.b1"	2188	[0, 0, 0, -80, 276]	[[5, 1]]
"2189.a1"	2189	[0, 1, 1, -28027, 1796670]	[[-771/2, 2185/2]]
"2189.a2"	2189	[0, 1, 1, -26157, 2048647]	[[175, 1691]]
"2192.f1"	2192	[0, -1, 0, -88, 144]	[[0, 12]]
"2196.a1"	2196	[0, 0, 0, -156, -655]	[[-8, 9]]
"2196.a2"	2196	[0, 0, 0, 249, -3490]	[[19, 90]]
"2196.d1"	2196	[0, 0, 0, -8775, -316386]	[[115, 442]]
"2196.e2"	2196	[0, 0, 0, -264, -1235]	[[35, 180]]
"2202.a1"	2202	[1, 0, 1, -172830, -27669488]	[[-294131/35, 5128927/35]]
"2202.a2"	2202	[1, 0, 1, -2175, -36590]	[[-25, 60]]
"2208.a1"	2208	[0, -1, 0, -24, 24]	[[5, 2]]
"2208.b1"	2208	[0, -1, 0, -88, 340]	[[4, 6]]
"2208.d1"	2208	[0, -1, 0, -19272, 829080]	[[2165, 100510]]
"2208.h1"	2208	[0, 1, 0, -88, -340]	[[11, 12]]
"2211.c1"	2211	[0, 1, 1, -15837, -773128]	[[203261/10, 91481209/10]]
"2211.c3"	2211	[0, 1, 1, 243, -4705]	[[2031, 91555]]
"2211.d2"	2211	[1, 1, 0, -105, -408]	[[-68/3, -34/3]]
"2226.b1"	2226	[1, 1, 0, -17059, 836437]	[[389, 7103]]
"2226.b2"	2226	[1, 1, 0, -2219, -21315]	[[-35, 140]]
"2226.b3"	2226	[1, 1, 0, -1899, -32643]	[[-1249/7, 3144/7]]
"2226.b4"	2226	[1, 1, 0, 7501, -147675]	[[1069/5, 60268/5]]
"2226.c2"	2226	[1, 1, 0, 21, 45]	[[2, 9]]
"2226.d1"	2226	[1, 1, 0, -2249, 40125]	[[25, 5]]
"2226.h1"	2226	[1, 1, 1, -459, -3009]	[[-57/2, 291/2]]
"2227.a1"	2227	[0, -1, 1, -14, 165]	[[45/2, 285/2]]
"2228.a1"	2228	[0, -1, 0, -13, 9]	[[0, 3]]
"2232.e1"	2232	[0, 0, 0, -270, 1701]	[[10, 1]]
"2232.i1"	2232	[0, 0, 0, -8139, -226730]	[[-45, 220]]
"2232.i2"	2232	[0, 0, 0, -2559, 46690]	[[17, 90]]
"2232.i3"	2232	[0, 0, 0, -2514, 48517]	[[54, 265]]
"2232.i4"	2232	[0, 0, 0, 2301, 203182]	[[179, 2520]]
"2233.b1"	2233	[0, 1, 1, -63, 271]	[[31, 170]]
"2233.b2"	2233	[0, 1, 1, 517, -4340]	[[278, 4658]]
"2244.c1"	2244	[0, 1, 0, -32493, -2265345]	[[210, 465]]
"2254.b1"	2254	[1, 0, 1, -3435, 77186]	[[32, 1]]
"2254.d1"	2254	[1, -1, 0, -11671, -480873]	[[151, 1012]]
"2254.e1"	2254	[1, 1, 0, -168291, -26643175]	[[161833/9, 62897192/9]]
"2256.g1"	2256	[0, -1, 0, -12032, -504000]	[[1162, 39410]]
"2256.g2"	2256	[0, -1, 0, -992, -2112]	[[874/5, 8582/5]]
"2256.g3"	2256	[0, -1, 0, -752, -7680]	[[34, 70]]
"2256.h1"	2256	[0, 1, 0, -4080, -101676]	[[404, 8022]]
"2256.l1"	2256	[0, 1, 0, -2288, 41364]	[[28, 6]]
"2261.a1"	2261	[1, 1, 1, -844, -9788]	[[322/3, 1831/3]]
"2261.a2"	2261	[1, 1, 1, -749, -11954]	[[989, 30615]]
"2261.d2"	2261	[0, 1, 1, 37, -272]	[[436/3, 9244/3]]
"2262.a1"	2262	[1, 1, 0, -1107, 13725]	[[26, 45]]
"2262.f1"	2262	[1, 0, 1, -891, -13370]	[[331/2, 5215/2]]
"2262.f2"	2262	[1, 0, 1, 84, 202]	[[8, 33]]
"2262.g1"	2262	[1, 0, 1, -18163426, -29796563788]	[[26317, 4196249]]
"2268.b1"	2268	[0, 0, 0, -405, -3159]	[[256/3, 2465/3]]
"2271.d2"	2271	[0, 1, 1, -163, 748]	[[14, 37]]
"2272.b1"	2272	[0, -1, 0, -8, 4]	[[0, 2]]
"2277.b1"	2277	[1, -1, 0, -837936, 295442235]	[[3015/2, 73575/2]]
"2277.b2"	2277	[1, -1, 0, -52371, 4626072]	[[564, 12138]]
"2277.b3"	2277	[1, -1, 0, -50886, 4899609]	[[168, 951]]
"2277.b4"	2277	[1, -1, 0, -12681, -473526]	[[16011/10, 1177461/10]]
"2277.b5"	2277	[1, -1, 0, -3366, 68607]	[[243/2, 2097/2]]
"2286.f1"	2286	[1, -1, 0, -201249954, 1098934153596]	[[192891/5, 8735496/5]]
"2286.f2"	2286	[1, -1, 0, -917514, -334851084]	[[-12741/5, 85713/5]]
"2288.k1"	2288	[0, 1, 0, -446880, 114862196]	[[7684/5, 322102/5]]
"2289.b2"	2289	[1, 0, 0, -2342, -43485]	[[57937, 13916554]]
"2289.b3"	2289	[1, 0, 0, -2337, -43680]	[[3258949/15, 5858812877/15]]
"2289.b4"	2289	[1, 0, 0, -707, -102672]	[[1972624/195, 34588328/195]]
"2289.c1"	2289	[1, 1, 0, -4069, -101618]	[[161839/30, 58077353/30]]
"2289.c2"	2289	[1, 1, 0, -359, -300]	[[700, 18180]]
"2289.c3"	2289	[1, 1, 0, -254, -1665]	[[823/6, 13001/6]]
"2298.a1"	2298	[1, 1, 0, -3591, 91125]	[[27, 108]]
"2298.f1"	2298	[1, 0, 0, -24, -6]	[[35/2, 139/2]]
"2298.h1"	2298	[1, 0, 0, -49024, 4173848]	[[1162/3, -1022/3]]
"2298.h2"	2298	[1, 0, 0, -3184, 59624]	[[46, 82]]
"2298.h3"	2298	[1, 0, 0, -3064, 65024]	[[34, 4]]
"2301.a2"	2301	[1, 1, 1, 7, 38]	[[-2, 5]]
"2304.a1"	2304	[0, 0, 0, -72, 0]	[[9, 9]]
"2304.b1"	2304	[0, 0, 0, -5826, -171160]	[[103, 567]]
"2304.b2"	2304	[0, 0, 0, -5736, -176704]	[[1264, 44856]]
"2304.b3"	2304	[0, 0, 0, -66, 200]	[[7, 9]]
"2304.b4"	2304	[0, 0, 0, 24, 704]	[[1, 27]]
"2304.c1"	2304	[0, 0, 0, -6, 0]	[[3, 3]]
"2304.c2"	2304	[0, 0, 0, 24, 0]	[[1, 5]]
"2304.g1"	2304	[0, 0, 0, -840, -9344]	[[65, 459]]
"2304.h1"	2304	[0, 0, 0, -120, -448]	[[-7, 7]]
"2304.j2"	2304	[0, 0, 0, -30, 272]	[[-2, 18]]
"2304.l1"	2304	[0, 0, 0, -23304, -1369280]	[[10817/7, 706635/7]]
"2304.l3"	2304	[0, 0, 0, -264, 1600]	[[0, 40]]
"2304.m1"	2304	[0, 0, 0, -54, 0]	[[-2, 10]]
"2304.m2"	2304	[0, 0, 0, 216, 0]	[[25, 145]]
"2307.a1"	2307	[0, -1, 1, -39428, -3027964]	[[4915/3, 317179/3]]
"2312.b1"	2312	[0, 1, 0, -106448, -13392656]	[[-22677/11, 130286/11]]
"2312.b2"	2312	[0, 1, 0, -8188, -107904]	[[-25, 286]]
"2312.c2"	2312	[0, -1, 0, -28, -12]	[[-3, 6]]
"2322.b1"	2322	[1, -1, 0, -4062, 100668]	[[4699/7, 246156/7]]
"2322.b3"	2322	[1, -1, 0, 25068, -187696]	[[3143/2, 176487/2]]
"2322.c1"	2322	[1, -1, 0, -30174, -2371564]	[[5129/5, 12698/5]]
"2322.h1"	2322	[1, -1, 1, -36560, -2681477]	[[5107/3, 332831/3]]
"2322.h2"	2322	[1, -1, 1, -440, -3781]	[[61, 409]]
"2322.h3"	2322	[1, -1, 1, 2785, 6023]	[[3, 118]]
"2328.a1"	2328	[0, -1, 0, -1184, 16044]	[[25, 38]]
"2328.b1"	2328	[0, -1, 0, -28, -44]	[[-3, 2]]
"2328.b2"	2328	[0, -1, 0, 32, -260]	[[9, 26]]
"2328.c1"	2328	[0, -1, 0, -288, 1980]	[[9, 6]]
"2328.c2"	2328	[0, -1, 0, -248, 2508]	[[17, 54]]
"2328.e1"	2328	[0, 1, 0, -608, 5520]	[[16, 12]]
"2328.e2"	2328	[0, 1, 0, -68, -96]	[[-2, 6]]
"2331.a1"	2331	[1, -1, 1, -1712, 27550]	[[28, 17]]
"2331.a2"	2331	[1, -1, 1, -47, 910]	[[-2, 32]]
"2331.b2"	2331	[1, -1, 1, -194, -192]	[[-4, 24]]
"2331.b3"	2331	[1, -1, 1, -149, -660]	[[18, 38]]
"2331.b4"	2331	[1, -1, 1, 751, -2082]	[[12, 86]]
"2331.c1"	2331	[1, -1, 1, -23504, -626272]	[[169, 370]]
"2331.c2"	2331	[1, -1, 1, -11849, 492608]	[[106, 594]]
"2331.c3"	2331	[1, -1, 1, -11804, 496550]	[[1624/5, -703/5]]
"2338.c1"	2338	[1, -1, 0, -71, 247]	[[7, 4]]
"2338.f1"	2338	[1, 1, 1, -174, 811]	[[7, -3]]
"2338.g1"	2338	[1, 0, 0, 56, 4]	[[0, 2]]
"2343.f1"	2343	[0, 1, 1, -7037, -229573]	[[-195/2, -1/2]]
"2346.b2"	2346	[1, 1, 0, -245, 4653]	[[-13, 83]]
"2346.e1"	2346	[1, 0, 1, -2830, -58168]	[[1389/4, 35179/4]]
"2352.a1"	2352	[0, -1, 0, -1780, -28244]	[[61, 294]]
"2352.b2"	2352	[0, -1, 0, 40, -2064]	[[26, 126]]
"2352.j2"	2352	[0, -1, 0, -457, -2960]	[[5472, 404740]]
"2352.l1"	2352	[0, -1, 0, -1053712, 416675008]	[[1818, 67130]]
"2352.l3"	2352	[0, -1, 0, -81552, 3199680]	[[1722, 70470]]
"2352.l4"	2352	[0, -1, 0, -65872, 6523840]	[[154, 90]]
"2352.l6"	2352	[0, -1, 0, 302608, 24405312]	[[23434/15, 25489898/15]]
"2352.q2"	2352	[0, 1, 0, -604, 1196]	[[-25, 36]]
"2352.q3"	2352	[0, 1, 0, -359, -2724]	[[3028/3, 166600/3]]
"2352.r2"	2352	[0, 1, 0, 12, -36]	[[3, 6]]
"2357.a1"	2357	[0, -1, 1, -3, 1]	[[-1, 1]]
"2358.a2"	2358	[1, -1, 0, -279, 13189]	[[-7, 125]]
"2358.d1"	2358	[1, -1, 0, -42, -316]	[[16, 46]]
"2358.i2"	2358	[1, -1, 0, 24, -18]	[[1, 2]]
"2358.m1"	2358	[1, -1, 1, -50306, -4330263]	[[863, 23949]]
"2358.m2"	2358	[1, -1, 1, -3146, -66999]	[[-33, 9]]
"2358.m3"	2358	[1, -1, 1, -2066, -114519]	[[75, 347]]
"2358.n2"	2358	[1, -1, 1, 214, 271]	[[-1/2, 115/2]]
"2361.a1"	2361	[0, -1, 1, 5, -3]	[[1, 1]]
"2364.b1"	2364	[0, 1, 0, -45, -81]	[[-3, 6]]
"2368.a1"	2368	[0, 0, 0, -262, 1630]	[[1, 37]]
"2368.d1"	2368	[0, -1, 0, -7493, -247169]	[[-26262/23, 31/23]]
"2368.d2"	2368	[0, -1, 0, -93, -305]	[[-6, 1]]
"2368.d3"	2368	[0, -1, 0, -13, 23]	[[2, 1]]
"2368.l1"	2368	[0, 1, 0, -3, -1]	[[-2, 1]]
"2373.f2"	2373	[1, 0, 1, -1831, -29923]	[[-23, 23]]
"2386.b1"	2386	[1, 1, 1, 11, 27]	[[-1, 4]]
"2394.a2"	2394	[1, -1, 0, 6, 464]	[[-2, 22]]
"2394.b3"	2394	[1, -1, 0, -693, 6885]	[[6, 51]]
"2394.b4"	2394	[1, -1, 0, 27, 405]	[[3, 21]]
"2394.c3"	2394	[1, -1, 0, -139452, 20203200]	[[204, 360]]
"2394.d1"	2394	[1, -1, 0, -11922, 364940]	[[179, 1896]]
"2394.d2"	2394	[1, -1, 0, -10977, 445419]	[[271, 4026]]
"2394.d4"	2394	[1, -1, 0, -687, 7065]	[[24, 51]]
"2394.e2"	2394	[1, -1, 0, 6894, 332212]	[[51, 877]]
"2394.g1"	2394	[1, -1, 1, -5387, 153515]	[[45, 4]]
"2394.g2"	2394	[1, -1, 1, -347, 2315]	[[3, 34]]
"2394.h1"	2394	[1, -1, 1, -56516, -5157169]	[[-137, 73]]
"2394.h2"	2394	[1, -1, 1, -3596, -76849]	[[-39, 73]]
"2394.h4"	2394	[1, -1, 1, 3244, -339505]	[[75, 529]]
"2394.i1"	2394	[1, -1, 1, -1355, -18849]	[[-21, 8]]
"2394.i2"	2394	[1, -1, 1, -95, -201]	[[-3, 8]]
"2394.j2"	2394	[1, -1, 1, -5505035, 4972852379]	[[1491, 8074]]
"2394.j4"	2394	[1, -1, 1, -100580, -352249]	[[-21, 1333]]
"2394.j5"	2394	[1, -1, 1, -71465, -6871507]	[[663, 15058]]
"2394.j6"	2394	[1, -1, 1, -70205, -7142155]	[[897, 25066]]
"2397.a1"	2397	[0, 1, 1, -11517, -479578]	[[-8975/12, 4049/12]]
"2402.a1"	2402	[1, -1, 1, -196, -953]	[[-7, 9]]
"2402.a2"	2402	[1, -1, 1, -36, 71]	[[1, 5]]
"2403.e1"	2403	[1, -1, 1, -29, -80]	[[8, 8]]
"2403.i1"	2403	[1, -1, 0, -3, 4]	[[0, 2]]
"2403.l1"	2403	[0, 0, 1, -567, 5231]	[[49/2, 85/2]]
"2408.b1"	2408	[0, 1, 0, -1832, -30800]	[[799/3, 19360/3]]
"2408.c1"	2408	[0, 0, 0, -629291, 192143366]	[[602446/33, 131150278/33]]
"2408.c2"	2408	[0, 0, 0, -41051, 2725270]	[[154606/21, 51913070/21]]
"2408.c3"	2408	[0, 0, 0, -39331, 3002190]	[[3142/3, 152306/3]]
"2409.c1"	2409	[1, 0, 0, -200, -819]	[[-9, 21]]
"2413.a1"	2413	[1, -1, 1, -10, 14]	[[2, -1]]
"2414.b2"	2414	[1, 1, 0, 15, -43]	[[67/3, 533/3]]
"2414.f1"	2414	[1, 0, 0, -72038, -7448020]	[[-34886/15, 266558/15]]
"2414.f2"	2414	[1, 0, 0, -1038, -6652]	[[-8, 38]]
"2431.a1"	2431	[0, 1, 1, -55, 140]	[[2, 6]]
"2434.a1"	2434	[1, 0, 0, -708, -7280]	[[-16, 4]]
"2434.b2"	2434	[1, -1, 1, -15, 89]	[[43/2, 217/2]]
"2434.c2"	2434	[1, 1, 1, -4, -119]	[[133/3, 1345/3]]
"2436.a1"	2436	[0, -1, 0, -124, 88]	[[-2, 18]]
"2436.a2"	2436	[0, -1, 0, -89, 354]	[[5, 3]]
"2436.b1"	2436	[0, -1, 0, -82068, 8788248]	[[257, 2146]]
"2436.b2"	2436	[0, -1, 0, 1967, 485590]	[[249/4, 46139/4]]
"2442.a1"	2442	[1, 1, 0, -5607426, 5108517876]	[[-1276, 101574]]
"2442.a2"	2442	[1, 1, 0, -350466, 79709940]	[[315, 675]]
"2442.a3"	2442	[1, 1, 0, -336386, 86426100]	[[68, 7958]]
"2442.a4"	2442	[1, 1, 0, -22786, 1132276]	[[53, 251]]
"2442.b2"	2442	[1, 1, 0, -106, -10010]	[[23, 8]]
"2442.c1"	2442	[1, 1, 0, -55, 121]	[[0, 11]]
"2442.f2"	2442	[1, 0, 1, 17814, 9770116]	[[-166, 1581]]
"2442.h1"	2442	[1, 0, 0, -1080598, -432448912]	[[1256, 13232]]
"2442.h2"	2442	[1, 0, 0, -67538, -6761100]	[[-150, 90]]
"2442.h3"	2442	[1, 0, 0, -13378, -590716]	[[-70, 98]]
"2443.a1"	2443	[0, 1, 1, -89, 292]	[[-4, 24]]
"2448.a1"	2448	[0, 0, 0, -4104, 101196]	[[42, 54]]
"2448.j1"	2448	[0, 0, 0, -435, 3346]	[[5, 36]]
"2448.j2"	2448	[0, 0, 0, -75, -182]	[[-3, 4]]
"2448.o1"	2448	[0, 0, 0, -13059, -574398]	[[159, 1170]]
"2448.o2"	2448	[0, 0, 0, -819, -8910]	[[-17, 10]]
"2448.o3"	2448	[0, 0, 0, -99, -24030]	[[55, 370]]
"2448.p1"	2448	[0, 0, 0, -3995139, -3073590142]	[[52232599/65, 372218327118/65]]
"2448.p2"	2448	[0, 0, 0, -249699, -48023710]	[[-35065/11, 29770/11]]
"2448.p4"	2448	[0, 0, 0, -16419, -667870]	[[-97, 110]]
"2448.p6"	2448	[0, 0, 0, 32541, -3889438]	[[2471/5, 67606/5]]
"2454.b1"	2454	[1, 1, 0, -519, -1035]	[[-3, 24]]
"2454.b2"	2454	[1, 1, 0, 2041, -5643]	[[509, 11288]]
"2464.a1"	2464	[0, 1, 0, -49, -129]	[[-5, 4]]
"2464.a2"	2464	[0, 1, 0, 6, -8]	[[2, 4]]
"2464.b1"	2464	[0, 1, 0, -1288, -18228]	[[43, 88]]
"2464.b2"	2464	[0, 1, 0, -78, -320]	[[21, 88]]
"2464.g1"	2464	[0, 0, 0, -115, 474]	[[10, 18]]
"2464.k1"	2464	[0, -1, 0, -1288, 18228]	[[12, 66]]
"2478.c1"	2478	[1, 0, 1, -15226, -360724]	[[-35, 377]]
"2478.c2"	2478	[1, 0, 1, -12986, -570388]	[[1307/2, 42579/2]]
"2478.c4"	2478	[1, 0, 1, -491, 3206]	[[-21, 76]]
"2478.d1"	2478	[1, 1, 1, -68511744, -218299350495]	[[31511, 5361297]]
"2478.d2"	2478	[1, 1, 1, -4281984, -3412265439]	[[2837, 83925]]
"2478.d3"	2478	[1, 1, 1, -4277504, -3419755999]	[[25531/3, 2266105/3]]
"2478.h2"	2478	[1, 0, 0, 896, 224]	[[20, 152]]
"2484.b1"	2484	[0, 0, 0, -1404, -18171]	[[-17, 28]]
"2486.b1"	2486	[1, -1, 1, -120, 533]	[[31/2, 7/2]]
"2493.b1"	2493	[1, -1, 0, -612, -7695]	[[40, 155]]
"2496.a1"	2496	[0, -1, 0, -2605, -47219]	[[-27, 52]]
"2496.c1"	2496	[0, -1, 0, -3329, -72831]	[[67, 20]]
"2496.c2"	2496	[0, -1, 0, -209, -1071]	[[-8, 5]]
"2496.c3"	2496	[0, -1, 0, -29, 45]	[[1, 4]]
"2496.c4"	2496	[0, -1, 0, 31, -3615]	[[40, 245]]
"2496.h4"	2496	[0, -1, 0, -53, 21]	[[-3, 12]]
"2496.j2"	2496	[0, -1, 0, 47, 49]	[[0, 7]]
"2496.l1"	2496	[0, -1, 0, -14977, 710497]	[[96, 385]]
"2496.l2"	2496	[0, -1, 0, -937, 11305]	[[15, 20]]
"2496.l3"	2496	[0, -1, 0, -417, 23265]	[[67, 540]]
"2496.l4"	2496	[0, -1, 0, -92, -18]	[[-11/2, 115/2]]
"2496.p1"	2496	[0, 1, 0, -2605, 47219]	[[14, 117]]
"2496.r2"	2496	[0, 1, 0, -624, 9486]	[[21, 78]]
"2496.s1"	2496	[0, 1, 0, -3329, 72831]	[[69, 420]]
"2496.s2"	2496	[0, 1, 0, -209, 1071]	[[10, 9]]
"2496.s4"	2496	[0, 1, 0, 31, 3615]	[[-6, 57]]
"2496.u1"	2496	[0, 1, 0, -13, -13]	[[-2, 3]]
"2496.u2"	2496	[0, 1, 0, 47, -49]	[[10, 39]]
"2496.v1"	2496	[0, 1, 0, -2993, 57519]	[[18, 99]]
"2496.v2"	2496	[0, 1, 0, -2933, 60171]	[[30, 9]]
"2496.v3"	2496	[0, 1, 0, -593, -5745]	[[-14, 3]]
"2496.v4"	2496	[0, 1, 0, -53, -21]	[[-2, 9]]
"2496.w2"	2496	[0, 1, 0, -8, -6]	[[-3/2, 3/2]]
"2496.z2"	2496	[0, 1, 0, 8, -10]	[[53, 390]]
"2498.a1"	2498	[1, -1, 1, -21, -19]	[[7, 8]]
"2498.a2"	2498	[1, -1, 1, 59, -179]	[[5, 12]]
"2499.d2"	2499	[0, -1, 1, 33, 335]	[[5, 24]]
"2502.h1"	2502	[1, -1, 1, -521, -4439]	[[-13, 8]]
"2502.j1"	2502	[1, -1, 1, -13440551, -18962546209]	[[-103673/7, 378834/7]]
"2502.j2"	2502	[1, -1, 1, -843431, -293614369]	[[-509, 2158]]
"2502.j4"	2502	[1, -1, 1, -42791, -828762145]	[[4495, 297394]]
"2506.a2"	2506	[1, 1, 0, -21010, -1247232]	[[2283/2, 102969/2]]
"2507.a2"	2507	[0, 1, 1, 7, -53]	[[11959/3, 1308284/3]]
"2512.b1"	2512	[0, 0, 0, -35, 82]	[[3, 2]]
"2516.a1"	2516	[0, 1, 0, -209, 1096]	[[7, 5]]
"2516.a2"	2516	[0, 1, 0, -204, 1156]	[[0, 34]]
"2522.a1"	2522	[1, 1, 0, -85, 269]	[[5, -2]]
"2522.d1"	2522	[1, -1, 1, -21687, 1234665]	[[335/2, -145/2]]
"2522.e1"	2522	[1, 0, 0, 2, -2]	[[3/2, -1/2]]
"2526.a1"	2526	[1, 1, 0, -3196, 68176]	[[19, 112]]
"2529.a1"	2529	[1, -1, 1, 40, -66]	[[2, 3]]
"2534.a1"	2534	[1, -1, 0, -113, 541]	[[18, 55]]
"2534.c1"	2534	[1, 0, 1, -136, 862]	[[8, 13]]
"2534.c2"	2534	[1, 0, 1, 1089, -12270]	[[54, 425]]
"2541.e1"	2541	[0, 1, 1, -337, 2272]	[[10, 1]]
"2548.b1"	2548	[0, 1, 0, -13148, -591116]	[[163, 1274]]
"2548.b2"	2548	[0, 1, 0, 572, -3900]	[[11, 62]]
"2548.j1"	2548	[0, -1, 0, -268, 1800]	[[9, 6]]
"2548.j2"	2548	[0, -1, 0, 12, 8]	[[2, 6]]
"2561.a1"	2561	[0, 1, 1, -1058, -13605]	[[-1223/8, -243/8]]
"2563.d1"	2563	[1, 1, 0, 8, 5]	[[4, 9]]
"2574.b1"	2574	[1, -1, 0, -331749, 73629589]	[[330, -77]]
"2574.e1"	2574	[1, -1, 0, -119403, 15807325]	[[225, 430]]
"2574.e2"	2574	[1, -1, 0, -12483, -123755]	[[-18, 317]]
"2574.l2"	2574	[1, -1, 0, 309, -17083]	[[49, 313]]
"2574.m1"	2574	[1, -1, 0, -370656, -86764370]	[[705, 1045]]
"2574.m2"	2574	[1, -1, 0, -24156, -1228766]	[[-67, 326]]
"2574.m3"	2574	[1, -1, 0, -23166, -1351328]	[[419, 7688]]
"2574.m4"	2574	[1, -1, 0, -1386, -22748]	[[56, 242]]
"2574.s2"	2574	[1, -1, 1, 34, 621]	[[-3, 23]]
"2574.t1"	2574	[1, -1, 1, -44951, 3679431]	[[125, -18]]
"2574.t2"	2574	[1, -1, 1, -6791, -134553]	[[-27, 182]]
"2574.t3"	2574	[1, -1, 1, -2831, 57111]	[[-9, 290]]
"2574.u1"	2574	[1, -1, 1, -586580, 173046071]	[[429, 253]]
"2574.u2"	2574	[1, -1, 1, -33620, 3176759]	[[81, 949]]
"2574.u3"	2574	[1, -1, 1, -16205, -448315]	[[-39, 370]]
"2574.v2"	2574	[1, -1, 1, -1190, -14795]	[[-19, 35]]
"2576.c2"	2576	[0, 1, 0, 552, -23276]	[[23, 46]]
"2576.e2"	2576	[0, 1, 0, -2632, -52860]	[[98, 800]]
"2576.h1"	2576	[0, -1, 0, -28, -49]	[[7, 7]]
"2576.j1"	2576	[0, 0, 0, -1979, -33878]	[[199, 2730]]
"2576.j2"	2576	[0, 0, 0, -139, -390]	[[15, 30]]
"2576.j3"	2576	[0, 0, 0, -59, 170]	[[7, 10]]
"2576.j4"	2576	[0, 0, 0, 421, -2742]	[[79/3, 1090/3]]
"2576.k1"	2576	[0, 0, 0, -979, -11790]	[[103, 990]]
"2576.l1"	2576	[0, 1, 0, 2, 7]	[[3, 7]]
"2576.m2"	2576	[0, -1, 0, -224, -256]	[[34, 174]]
"2576.n1"	2576	[0, -1, 0, -16968, -118384]	[[-88, 828]]
"2584.a1"	2584	[0, 1, 0, -84, -320]	[[-6, 2]]
"2584.a2"	2584	[0, 1, 0, 1, -14]	[[3, 5]]
"2586.a1"	2586	[1, 1, 1, -279, 1671]	[[39/2, -33/2]]
"2586.a2"	2586	[1, 1, 1, -9, 51]	[[3, 6]]
"2597.d1"	2597	[1, 1, 0, -25, 36]	[[0, 6]]
"2598.b1"	2598	[1, 1, 0, -70, -236]	[[-5, 7]]
"2598.b2"	2598	[1, 1, 0, 90, -972]	[[27, 135]]
"2598.f1"	2598	[1, 0, 0, -393, 2961]	[[12, -3]]
"2598.f2"	2598	[1, 0, 0, -33, 9]	[[0, 3]]
"2604.b2"	2604	[0, 1, 0, -22713, -1325016]	[[-87, 9]]
"2604.d1"	2604	[0, 1, 0, -29828, -1984428]	[[-101, 90]]
"2604.d2"	2604	[0, 1, 0, -29793, -1989300]	[[1900/3, 29260/3]]
"2604.d4"	2604	[0, 1, 0, -393, -2448]	[[-7, 3]]
"2608.b1"	2608	[0, 0, 0, -32, -80]	[[9, 19]]
"2608.f1"	2608	[0, -1, 0, 7, 5]	[[4, 9]]
"2611.c1"	2611	[0, -1, 1, -15, 27]	[[1, 3]]
"2616.a1"	2616	[0, -1, 0, -27, 0]	[[-1, 5]]
"2616.a2"	2616	[0, -1, 0, 108, -108]	[[26, 140]]
"2622.a1"	2622	[1, 1, 1, -294739, 61466321]	[[307, 30]]
"2624.d1"	2624	[0, 0, 0, -44, -80]	[[-3, 5]]
"2624.d2"	2624	[0, 0, 0, 116, -528]	[[29, 165]]
"2624.f1"	2624	[0, -1, 0, -49, -111]	[[15, 48]]
"2624.f2"	2624	[0, -1, 0, 31, -511]	[[127/3, 1360/3]]
"2624.g1"	2624	[0, -1, 0, -737, -7327]	[[-128/3, 235/3]]
"2624.g2"	2624	[0, -1, 0, -97, 225]	[[0, 15]]
"2632.d2"	2632	[0, -1, 0, -112, -420]	[[858/7, 17760/7]]
"2638.c1"	2638	[1, 0, 1, -6, 0]	[[0, 0]]
"2646.f1"	2646	[1, -1, 0, -52047, -4557281]	[[387, 5564]]
"2646.f2"	2646	[1, -1, 0, -597, -7043]	[[93, 811]]
"2652.b1"	2652	[0, -1, 0, -33, -54]	[[-3, 3]]
"2652.b2"	2652	[0, -1, 0, 52, -360]	[[14, 54]]
"2652.c1"	2652	[0, -1, 0, -2452, 47560]	[[30, 10]]
"2652.e2"	2652	[0, 1, 0, -1204, 17876]	[[11, 78]]
"2652.g1"	2652	[0, 1, 0, -4628, 119652]	[[48, 102]]
"2656.b1"	2656	[0, -1, 0, 2, -4]	[[2, 2]]
"2658.e1"	2658	[1, 1, 1, -365, 2531]	[[9, 4]]
"2664.a2"	2664	[0, 0, 0, 33, 1330]	[[-1, 36]]
"2664.c1"	2664	[0, 0, 0, -300, -1996]	[[-10, 2]]
"2667.c1"	2667	[1, 0, 0, -613, 5546]	[[17, 2]]
"2667.c2"	2667	[1, 0, 0, 22, 339]	[[-5, 13]]
"2674.f2"	2674	[1, -1, 1, 24, -2389]	[[21, 73]]
"2678.b1"	2678	[1, 0, 1, -305916, -64308166]	[[2619/2, 29567/2]]
"2678.b2"	2678	[1, 0, 1, -31421, 2098200]	[[114, -25]]
"2678.g1"	2678	[1, 1, 0, -7383720, -7725631168]	[[10267920557760973/830139, 1017553372463320146205547/830139]]
"2679.d1"	2679	[0, -1, 1, -1082, -6685]	[[-35/2, 357/2]]
"2684.a1"	2684	[0, -1, 0, -34, 89]	[[4, 1]]
"2686.a1"	2686	[1, -1, 1, -35605, -1948179]	[[-81, 672]]
"2686.b1"	2686	[1, 0, 0, -398812, -87740384]	[[-181226/21, 26040442/21]]
"2686.d1"	2686	[1, 1, 1, -13133, 525763]	[[-97, 996]]
"2688.c2"	2688	[0, -1, 0, 6, -6]	[[29, 154]]
"2688.d2"	2688	[0, -1, 0, -218, 1314]	[[5, 18]]
"2688.e2"	2688	[0, -1, 0, -138, -234]	[[-3, 12]]
"2688.g1"	2688	[0, -1, 0, -553, 2425]	[[-11, 84]]
"2688.j2"	2688	[0, -1, 0, 23, 25]	[[0, 5]]
"2688.k2"	2688	[0, -1, 0, -42, 990]	[[17, 70]]
"2688.m1"	2688	[0, 1, 0, -105, -441]	[[-6, 3]]
"2688.n2"	2688	[0, 1, 0, 6, 6]	[[5/2, 33/2]]
"2688.o2"	2688	[0, 1, 0, -169, 7751]	[[5, 84]]
"2688.r1"	2688	[0, 1, 0, -873, 9639]	[[3, 84]]
"2688.r2"	2688	[0, 1, 0, -63, 81]	[[0, 9]]
"2688.s1"	2688	[0, 1, 0, -92393, -9069753]	[[-182, 1323]]
"2688.s2"	2688	[0, 1, 0, -26783, 1545945]	[[61, 378]]
"2688.t1"	2688	[0, 1, 0, -253, -901]	[[-7, 24]]
"2688.u1"	2688	[0, 1, 0, -1853, 30075]	[[1, 168]]
"2688.v2"	2688	[0, 1, 0, -42, -990]	[[45/2, 75/2]]
"2691.b2"	2691	[1, -1, 1, -20, 38]	[[4, 1]]
"2691.g1"	2691	[1, -1, 0, -1971, -32918]	[[291/2, 3329/2]]
"2691.g2"	2691	[1, -1, 0, -216, 427]	[[66, 487]]
"2694.h1"	2694	[1, 0, 0, -1084567, -434833489]	[[35891/2, 6715711/2]]
"2694.i2"	2694	[1, 0, 0, 257, 5]	[[10, 55]]
"2696.a1"	2696	[0, 1, 0, -64, -224]	[[45/2, 197/2]]
"2698.a1"	2698	[1, -1, 0, -51881, -4535475]	[[6491125/153, 4984368740/153]]
"2698.a2"	2698	[1, -1, 0, -3241, -70323]	[[10837/9, 950111/9]]
"2702.b1"	2702	[1, -1, 1, -2095, 37423]	[[29, 6]]
"2702.b2"	2702	[1, -1, 1, -135, 575]	[[1, 20]]
"2703.b1"	2703	[1, 0, 0, -19478, -993939]	[[-83, 271]]
"2703.c1"	2703	[1, 1, 0, -1300, 17509]	[[20, -7]]
"2704.c1"	2704	[0, -1, 0, -4, -1]	[[-1, 1]]
"2704.e1"	2704	[0, -1, 0, -732, -5045]	[[-21, 25]]
"2706.d1"	2706	[1, 0, 1, -28, -58]	[[6, -2]]
"2706.e2"	2706	[1, 0, 1, 6900, 1005130]	[[-5/2, 7987/2]]
"2706.g1"	2706	[1, 0, 1, -36461, 1232936]	[[370721/40, 139018899/40]]
"2706.g2"	2706	[1, 0, 1, -30686, 2066384]	[[222, 2380]]
"2706.g3"	2706	[1, 0, 1, -30526, 2089040]	[[4, 1400]]
"2706.g4"	2706	[1, 0, 1, 127379, 9293864]	[[3019/2, 182107/2]]
"2706.j1"	2706	[1, 1, 1, -38055, -2324259]	[[-121, 786]]
"2706.n1"	2706	[1, 1, 1, -493, -4255]	[[-45/2, 5/2]]
"2706.p1"	2706	[1, 0, 0, -25379, -1558287]	[[-92, 49]]
"2706.p2"	2706	[1, 0, 0, -1619, -23391]	[[-26, 49]]
"2706.p4"	2706	[1, 0, 0, 1661, -105391]	[[44, 209]]
"2706.r1"	2706	[1, 0, 0, -116468, -15233904]	[[-188, 256]]
"2706.r2"	2706	[1, 0, 0, -11508, 69264]	[[-60, 768]]
"2708.a1"	2708	[0, 1, 0, -28, 52]	[[3, 2]]
"2714.a1"	2714	[1, -1, 0, -34628, 2882896]	[[93, 632]]
"2717.b1"	2717	[0, 1, 1, -25563, -1581258]	[[-371/2, 161/2]]
"2717.b2"	2717	[0, 1, 1, -863, 6705]	[[7, 32]]
"2724.c1"	2724	[0, 1, 0, -653, -10401]	[[42, 195]]
"2727.a1"	2727	[0, 0, 1, -162, 1046]	[[16, 50]]
"2728.a1"	2728	[0, 1, 0, 5528, 70821]	[[-10, 121]]
"2736.e1"	2736	[0, 0, 0, -11451, 458570]	[[73, 108]]
"2736.e2"	2736	[0, 0, 0, -1731, -17710]	[[-29, 90]]
"2736.e3"	2736	[0, 0, 0, -1551, -23506]	[[77, 560]]
"2736.e4"	2736	[0, 0, 0, 5109, -123046]	[[47, 470]]
"2736.f1"	2736	[0, 0, 0, -531, 4690]	[[17, 24]]
"2736.f2"	2736	[0, 0, 0, -51, -14]	[[-1, 6]]
"2736.j1"	2736	[0, 0, 0, -13755, -620822]	[[317, 5184]]
"2736.l1"	2736	[0, 0, 0, -135, -378]	[[13, 8]]
"2736.l2"	2736	[0, 0, 0, 405, -2646]	[[25, 152]]
"2736.m1"	2736	[0, 0, 0, -15, 14]	[[5, 8]]
"2736.o1"	2736	[0, 0, 0, -61635, -5889598]	[[1793, 75152]]
"2736.o3"	2736	[0, 0, 0, -1155, 1154]	[[65, 448]]
"2736.o4"	2736	[0, 0, 0, 4605, 9218]	[[17, 304]]
"2736.r1"	2736	[0, 0, 0, -4779, -126630]	[[-38, 10]]
"2739.c1"	2739	[1, 1, 0, -3597, 4230]	[[10/3, 400/3]]
"2739.c2"	2739	[1, 1, 0, -2382, -45585]	[[54555/2, 12688365/2]]
"2742.c2"	2742	[1, 1, 0, -600, -11808]	[[447/2, 8787/2]]
"2746.b1"	2746	[1, 0, 0, -190, -444]	[[-4, 18]]
"2746.c1"	2746	[1, -1, 1, -10, -7]	[[-1, 1]]
"2748.a1"	2748	[0, -1, 0, -330, 2421]	[[11, 1]]
"2748.b1"	2748	[0, -1, 0, -105052, -13070552]	[[-453289549371/49270, 545039376052267/49270]]
"2748.b2"	2748	[0, -1, 0, -6637, -197870]	[[-177414/65, 19460134/65]]
"2751.a1"	2751	[1, 1, 1, 7, -16]	[[2, 2]]
"2751.d1"	2751	[1, 1, 0, -9429, 346860]	[[-136/5, 79202/5]]
"2751.d2"	2751	[1, 1, 0, -924, -1845]	[[8503/6, 754081/6]]
"2751.d4"	2751	[1, 1, 0, 3661, -10098]	[[10246399/210, 32889276587/210]]
"2752.a1"	2752	[0, 1, 0, -53, -173]	[[14, 45]]
"2754.b1"	2754	[1, -1, 0, 9, -3]	[[1, 2]]
"2754.c1"	2754	[1, -1, 0, -2796, 168272]	[[11, 367]]
"2754.d1"	2754	[1, -1, 1, 79, 1]	[[1, 8]]
"2754.e1"	2754	[1, -1, 1, -311, -6129]	[[27, 54]]
"2756.a1"	2756	[0, 1, 0, -13, 0]	[[-4, 2]]
"2757.b1"	2757	[0, 1, 1, -343, -893]	[[205/2, 2753/2]]
"2757.b2"	2757	[0, 1, 1, -193, 970]	[[38, 223]]
"2758.g1"	2758	[1, 0, 0, -131663, -18399367]	[[-1886/3, 2839/3]]
"2758.g2"	2758	[1, 0, 0, -1743, -21511]	[[-26, 93]]
"2763.c1"	2763	[1, -1, 1, -5, 24]	[[2, 3]]
"2763.e1"	2763	[0, 0, 1, -72, 236]	[[6, 4]]
"2763.h1"	2763	[0, 0, 1, -27525, 1757677]	[[385/2, 59/2]]
"2772.a1"	2772	[0, 0, 0, -5967, -152010]	[[-41, 154]]
"2772.b2"	2772	[0, 0, 0, 351, 621]	[[12, 81]]
"2772.c2"	2772	[0, 0, 0, 51, -191]	[[8, 27]]
"2774.a1"	2774	[1, -1, 0, -812, 9112]	[[19, 7]]
"2778.a1"	2778	[1, 1, 0, -80, -312]	[[13, 26]]
"2781.b1"	2781	[0, 0, 1, -189, -979]	[[73/2, 321/2]]
"2784.b1"	2784	[0, -1, 0, -4177, -102527]	[[65787/7, 16847480/7]]
"2784.b2"	2784	[0, -1, 0, -552, 2772]	[[-4, 70]]
"2784.b3"	2784	[0, -1, 0, -262, -1520]	[[1342, 49140]]
"2784.b4"	2784	[0, -1, 0, 8, -4760]	[[33549/5, 6142682/5]]
"2786.b2"	2786	[1, 1, 1, 925, -99597]	[[72259/30, 18000463/30]]
"2788.b1"	2788	[0, 1, 0, -1738, -28475]	[[-875/6, 55/6]]
"2793.c1"	2793	[1, 1, 1, -22835, -987694]	[[-64, 497]]
"2793.c2"	2793	[1, 1, 1, -21120, -1190064]	[[-84, 51]]
"2793.e1"	2793	[1, 0, 0, -2353, -37990]	[[-31, 89]]
"2793.g1"	2793	[0, -1, 1, -9, 20]	[[0, 4]]
"2793.i1"	2793	[1, 1, 0, -4974, -137115]	[[3415/6, 99025/6]]
"2793.i2"	2793	[1, 1, 0, -319, -2120]	[[143/2, 1327/2]]
"2794.a1"	2794	[1, 1, 0, -5, 13]	[[2, 3]]
"2812.b1"	2812	[0, 1, 0, -149, 647]	[[2, 19]]
"2814.a1"	2814	[1, 0, 1, -16222, -796480]	[[-74, 44]]
"2814.a3"	2814	[1, 0, 1, -1102, -10240]	[[40, 80]]
"2814.a4"	2814	[1, 0, 1, 178, -1024]	[[6, 13]]
"2817.a2"	2817	[1, -1, 1, 85, 614]	[[-3, 19]]
"2826.e2"	2826	[1, -1, 0, -6, 52]	[[-1, 8]]
"2826.i1"	2826	[1, -1, 1, -1295, 18263]	[[3, 118]]
"2828.a1"	2828	[0, 0, 0, -160, -779]	[[15, 14]]
"2829.a1"	2829	[1, 1, 1, -45264, -3725478]	[[1107/2, 16849/2]]
"2829.a2"	2829	[1, 1, 1, -2829, -59094]	[[225, 3167]]
"2829.a3"	2829	[1, 1, 1, -2714, -63970]	[[71, 292]]
"2829.a4"	2829	[1, 1, 1, -184, -904]	[[-10, 12]]
"2829.f1"	2829	[1, 1, 0, -61, -200]	[[88, 784]]
"2829.f2"	2829	[1, 1, 0, 54, -729]	[[351/2, 6291/2]]
"2829.g1"	2829	[1, 0, 1, -1715, 24761]	[[135/2, 461/2]]
"2832.b1"	2832	[0, 1, 0, -80, -876]	[[34, 192]]
"2832.f2"	2832	[0, 1, 0, -872, -1740]	[[-20, 90]]
"2832.f4"	2832	[0, 1, 0, 3448, -10380]	[[28, 330]]
"2838.c2"	2838	[1, 0, 1, 112513, 124592978]	[[53439/5, 12449252/5]]
"2838.d1"	2838	[1, 0, 0, -2244, 17424]	[[0, 132]]
"2838.e1"	2838	[1, 0, 0, -1065329, -423316035]	[[-14894/5, 37781/5]]
"2838.e2"	2838	[1, 0, 0, -66869, -6558831]	[[-152, 391]]
"2838.e3"	2838	[1, 0, 0, -8549, 147969]	[[10, 247]]
"2838.e5"	2838	[1, 0, 0, -1529, -18803547]	[[574, 12733]]
"2838.e6"	2838	[1, 0, 0, 29291, 1109105]	[[20, 1295]]
"2844.a1"	2844	[0, 0, 0, -7167, -234970]	[[151, 1458]]
"2844.b1"	2844	[0, 0, 0, -3711, 86870]	[[22, 126]]
"2847.a2"	2847	[1, 1, 1, -113, -3166]	[[17, 5]]
"2848.c1"	2848	[0, 0, 0, -29, -60]	[[47, 320]]
"2848.c2"	2848	[0, 0, 0, -19, -102]	[[1174/5, 40032/5]]
"2849.a1"	2849	[1, -1, 1, -180, 938]	[[4, 14]]
"2849.a2"	2849	[1, -1, 1, 5, 50]	[[6, 13]]
"2852.a1"	2852	[0, 1, 0, -828, 8900]	[[4/3, 2494/3]]
"2852.a2"	2852	[0, 1, 0, -548, 15284]	[[23, 124]]
"2856.b1"	2856	[0, -1, 0, -2192, -38772]	[[73, 430]]
"2856.b2"	2856	[0, -1, 0, -992, 12012]	[[109/2, 535/2]]
"2856.b3"	2856	[0, -1, 0, -152, -420]	[[22, 80]]
"2856.b4"	2856	[0, -1, 0, 28, -60]	[[4, 10]]
"2862.h1"	2862	[1, -1, 1, -5915, -172205]	[[-43, 56]]
"2864.c1"	2864	[0, -1, 0, -288, -1792]	[[32, 144]]
"2864.c2"	2864	[0, -1, 0, 512, -9600]	[[264, 4296]]
"2868.c1"	2868	[0, 1, 0, -162, -2331]	[[21, 63]]
"2871.b2"	2871	[1, -1, 1, -3119, -180372]	[[479, 10155]]
"2874.c1"	2874	[1, 1, 1, -54, -153]	[[9, 9]]
"2874.c2"	2874	[1, 1, 1, 6, -9]	[[3, 5]]
"2874.e1"	2874	[1, 1, 1, -2582, 49421]	[[215/2, 1891/2]]
"2874.e2"	2874	[1, 1, 1, -152, 821]	[[-7, 43]]
"2877.a1"	2877	[1, 1, 1, -63, -138]	[[-5, 11]]
"2877.a2"	2877	[1, 1, 1, -28, 44]	[[2, 0]]
"2881.a1"	2881	[0, 1, 1, 11, -7]	[[7, 21]]
"2886.b1"	2886	[1, 1, 1, -1034, -13225]	[[-19, 7]]
"2886.b2"	2886	[1, 1, 1, -74, -169]	[[-3, 7]]
"2891.a1"	2891	[1, 1, 0, -11, -20]	[[8, 18]]
"2891.b1"	2891	[1, 0, 1, -565, 5191]	[[5, 47]]
"2894.a1"	2894	[1, -1, 0, -26, -44]	[[-3, 2]]
"2898.h2"	2898	[1, -1, 0, -36, -68]	[[-3, 4]]
"2902.a1"	2902	[1, 1, 1, -23, -51]	[[-3, 2]]
"2904.a1"	2904	[0, -1, 0, -164600, -720564]	[[-651/2, 37293/2]]
"2904.g1"	2904	[0, -1, 0, -57152, -5239188]	[[-124811/30, 472787/30]]
"2904.g2"	2904	[0, -1, 0, -3912, -64260]	[[3249, 185130]]
"2904.g4"	2904	[0, -1, 0, 10608, -441780]	[[29233/3, 4999870/3]]
"2904.h1"	2904	[0, -1, 0, -172, -812]	[[18, 40]]
"2904.h2"	2904	[0, -1, 0, -7, -20]	[[7, 15]]
"2904.j2"	2904	[0, 1, 0, 136, -1344]	[[16, 72]]
"2904.l1"	2904	[0, 1, 0, -1008, -3984]	[[-115/2, 363/2]]
"2907.a1"	2907	[1, -1, 1, -941, 11306]	[[6, 73]]
"2907.a2"	2907	[1, -1, 1, -86, 20]	[[0, 4]]
"2918.a1"	2918	[1, 1, 0, -75, 221]	[[5, -1]]
"2918.c1"	2918	[1, -1, 1, -16, 27]	[[3, -1]]
"2919.d2"	2919	[1, 0, 1, -340, 2021]	[[-5, 62]]
"2919.d4"	2919	[1, 0, 1, 605, 11471]	[[43/2, 1063/2]]
"2923.a1"	2923	[0, -1, 1, -198, 717]	[[13/2, 75/2]]
"2928.i1"	2928	[0, 1, 0, -244, -244]	[[-10, 36]]
"2928.i2"	2928	[0, 1, 0, 61, 0]	[[4, 18]]
"2928.k1"	2928	[0, 1, 0, -316224, -68550300]	[[2925/2, 76635/2]]
"2928.k2"	2928	[0, 1, 0, -20984, -936924]	[[-62, 360]]
"2928.k3"	2928	[0, 1, 0, -19764, -1076004]	[[594, 14040]]
"2928.k4"	2928	[0, 1, 0, -1159, -19240]	[[284, 4758]]
"2928.o1"	2928	[0, 1, 0, -17, -30]	[[10, 30]]
"2928.o2"	2928	[0, 1, 0, 28, -120]	[[37/2, 255/2]]
"2934.a1"	2934	[1, -1, 0, -138, -580]	[[-7, 6]]
"2934.a2"	2934	[1, -1, 0, -18, 20]	[[1, 1]]
"2934.b1"	2934	[1, -1, 0, -27, -243]	[[9, 9]]
"2934.b2"	2934	[1, -1, 0, 243, 6399]	[[-9, 63]]
"2934.g1"	2934	[1, -1, 1, 943, -29375]	[[55, 404]]
"2938.e1"	2938	[1, -1, 1, -4440, 114971]	[[39, -17]]
"2938.e2"	2938	[1, -1, 1, -280, 1819]	[[7, 9]]
"2943.b1"	2943	[0, 0, 1, -135, -952]	[[63, 490]]
"2943.c1"	2943	[1, -1, 1, -5, -2]	[[-1, 1]]
"2943.e1"	2943	[0, 0, 1, -15, 35]	[[25/2, 105/2]]
"2944.a2"	2944	[0, 1, 0, -10, -6]	[[-1, 2]]
"2952.b1"	2952	[0, 0, 0, -111, -430]	[[-7, 2]]
"2952.b2"	2952	[0, 0, 0, 69, -1690]	[[11, 20]]
"2964.b1"	2964	[0, -1, 0, -1308, 18648]	[[22, 6]]
"2968.b2"	2968	[0, 1, 0, 20, -96]	[[4, 8]]
"2968.f1"	2968	[0, -1, 0, -1128, -14212]	[[358/3, 1288/3]]
"2976.a1"	2976	[0, -1, 0, 8, 4]	[[0, 2]]
"2976.e1"	2976	[0, 1, 0, -129, -369]	[[-9, 12]]
"2976.e2"	2976	[0, 1, 0, 26, -28]	[[2, 6]]
"2982.a2"	2982	[1, 1, 0, -791, 10965]	[[-2, 113]]
"2982.c1"	2982	[1, 0, 1, -792, 8236]	[[26, 60]]
"2982.c2"	2982	[1, 0, 1, 18, 460]	[[-1, 21]]
"2982.e2"	2982	[1, 0, 1, 94, -2956]	[[59/2, 267/2]]
"2982.g1"	2982	[1, 1, 1, -75369, -7995465]	[[-159, 86]]
"2982.g3"	2982	[1, 1, 1, -4809, -120969]	[[-47, 86]]
"2982.g4"	2982	[1, 1, 1, 311, -8329]	[[19, 60]]
"2989.a1"	2989	[1, 1, 1, -1373, 18864]	[[-8, 175]]
"2992.e2"	2992	[0, 0, 0, 2045, 4098]	[[97, 1056]]
"3002.a1"	3002	[1, 1, 0, -105, 517]	[[13, 33]]
"3006.d1"	3006	[1, -1, 1, -1121, 14681]	[[21, -2]]
"3006.e1"	3006	[1, -1, 1, -7745, 264255]	[[239/2, 639/2]]
"3006.e2"	3006	[1, -1, 1, -455, 4731]	[[-1, 72]]
"3008.a1"	3008	[0, 0, 0, -620, -5712]	[[38, 160]]
"3008.a2"	3008	[0, 0, 0, 20, -336]	[[56, 420]]
"3014.a1"	3014	[1, -1, 0, -1922392, 1026394944]	[[39579/7, -20922/7]]
"3014.a2"	3014	[1, -1, 0, -120152, 16059200]	[[139, 1355]]
"3016.c1"	3016	[0, -1, 0, -124, -492]	[[622/3, 15184/3]]
"3016.c2"	3016	[0, -1, 0, -104, -676]	[[274, 4524]]
"3017.a1"	3017	[1, 0, 0, 3, 2]	[[1, 2]]
"3018.e1"	3018	[1, 0, 0, -50542, -4377676]	[[-130, 68]]
"3024.a1"	3024	[0, 0, 0, 7053, 93490]	[[41, 672]]
"3024.b1"	3024	[0, 0, 0, -27, 810]	[[9, 36]]
"3024.o1"	3024	[0, 0, 0, -16995, -852766]	[[185, 1528]]
"3024.o2"	3024	[0, 0, 0, -195, -1342]	[[17, 16]]
"3024.o3"	3024	[0, 0, 0, 1485, 13554]	[[105, 1152]]
"3026.c1"	3026	[1, 1, 1, -59665, -5634447]	[[673758696859/13110, 547610205017802607/13110]]
"3026.e1"	3026	[1, 1, 1, -1899, 31061]	[[63, 376]]
"3036.a1"	3036	[0, -1, 0, -10220, -392184]	[[-59, 44]]
"3036.d1"	3036	[0, -1, 0, -228, 936]	[[2, 22]]
"3036.d2"	3036	[0, -1, 0, -93, -306]	[[-5, 3]]
"3036.f2"	3036	[0, 1, 0, -165, -396]	[[-3, 9]]
"3038.b1"	3038	[1, -1, 0, -2312, -41000]	[[79, 475]]
"3038.d1"	3038	[1, -1, 0, -457, -1443]	[[-11, 52]]
"3038.d2"	3038	[1, -1, 0, 103, -211]	[[11, 41]]
"3042.b2"	3042	[1, -1, 0, -4848, -249040]	[[92, 232]]
"3042.c2"	3042	[1, -1, 0, -6747948, -6749406000]	[[2547569664376/8579, 4043432938769613772/8579]]
"3042.c4"	3042	[1, -1, 0, 73737, 3172365]	[[22, 2181]]
"3042.l1"	3042	[1, -1, 1, -323498, 77783203]	[[3431/10, 8150791/10]]
"3047.b1"	3047	[1, 1, 0, -5, 2]	[[-2, 4]]
"3054.g1"	3054	[1, 1, 1, -165708, 25894509]	[[157, 1865]]
"3059.a1"	3059	[1, -1, 1, -44284, -3575784]	[[35965/3, 6756304/3]]
"3059.a2"	3059	[1, -1, 1, -3574, -19892]	[[-56, 75]]
"3059.a3"	3059	[1, -1, 1, -2769, -55312]	[[3994, 250370]]
"3059.a4"	3059	[1, -1, 1, -124, -1354]	[[3496/15, 30299/15]]
"3059.b2"	3059	[1, 1, 1, -4003, -103496]	[[81178/33, 3636374/33]]
"3062.a1"	3062	[1, 1, 0, -10, -12]	[[-3, 3]]
"3062.b1"	3062	[1, -1, 1, -400, -2957]	[[-11, 9]]
"3066.a2"	3066	[1, 1, 0, -10, 592]	[[3, 23]]
"3066.b1"	3066	[1, 1, 0, 35944095, 294741663669]	[[1206667059170/18353, 4224754496385786719/18353]]
"3066.c2"	3066	[1, 1, 0, -4035, -97587]	[[-33, 48]]
"3066.d1"	3066	[1, 1, 0, 5, 1]	[[0, 1]]
"3066.e1"	3066	[1, 0, 1, -113, 452]	[[3, 10]]
"3066.f2"	3066	[1, 0, 1, 213, -380]	[[14, 66]]
"3078.a1"	3078	[1, -1, 0, -33, 125]	[[2, 7]]
"3081.b2"	3081	[1, 0, 1, 10, 11]	[[15, 52]]
"3084.c1"	3084	[0, 1, 0, -1018, -12619]	[[-19, 15]]
"3088.a1"	3088	[0, 0, 0, -107, -70]	[[-1, 6]]
"3094.d1"	3094	[1, 0, 0, -38738, -2876300]	[[-126, 154]]
"3094.d3"	3094	[1, 0, 0, -578, 334084]	[[34, 578]]
"3094.d4"	3094	[1, 0, 0, 5202, -9019112]	[[212, 1168]]
"3096.b1"	3096	[0, 0, 0, -351, -2430]	[[-11, 10]]
"3096.b2"	3096	[0, 0, 0, 189, -9234]	[[43, 280]]
"3096.f1"	3096	[0, 0, 0, -1539, -19170]	[[-95/2, 505/2]]
"3096.f2"	3096	[0, 0, 0, -459, 3510]	[[-17, 80]]
"3097.b1"	3097	[0, 1, 1, -318, 2091]	[[69/2, 357/2]]
"3098.a1"	3098	[1, 0, 1, 14, 4]	[[2, 5]]
"3099.b1"	3099	[1, 1, 0, -20, 27]	[[-2, 9]]
"3099.b2"	3099	[1, 1, 0, -5, 84]	[[-5/2, 81/2]]
"3102.d1"	3102	[1, 0, 1, -458, 2432]	[[3, 31]]
"3102.g1"	3102	[1, 0, 1, -295433926, -1955090784616]	[[53524472691322034147752371/11864341946, 390862672079902830019400341958519422619/11864341946]]
"3103.b1"	3103	[1, 1, 1, -73, 210]	[[0, 14]]
"3106.a2"	3106	[1, 0, 0, 53, -255]	[[4, 3]]
"3106.b1"	3106	[1, 1, 1, -43, 7]	[[-5/6, 691/6]]
"3106.b2"	3106	[1, 1, 1, -33, 59]	[[3/2, 41/2]]
"3108.b1"	3108	[0, -1, 0, -348, -2376]	[[-10, 2]]
"3108.b2"	3108	[0, -1, 0, -33, 18]	[[-3, 9]]
"3108.f2"	3108	[0, 1, 0, -453, -3528]	[[-12, 18]]
"3108.g2"	3108	[0, 1, 0, -27228, 1720260]	[[216, 2442]]
"3108.g4"	3108	[0, 1, 0, -1713, 26064]	[[27, 15]]
"3122.a2"	3122	[1, -1, 0, -1636, -25008]	[[-23, 4]]
"3122.b1"	3122	[1, 0, 1, -33226, -2233604]	[[-91, 241]]
"3122.b2"	3122	[1, 0, 1, -5351, 149374]	[[37, 30]]
"3122.c1"	3122	[1, 0, 0, -4774, 126564]	[[40, -18]]
"3122.d1"	3122	[1, -1, 1, -16651, 831145]	[[7385/8, 308385/8]]
"3122.d2"	3122	[1, -1, 1, -1111, 11361]	[[3283/6, 165823/6]]
"3122.d3"	3122	[1, -1, 1, -1041, 13181]	[[91, 770]]
"3122.f1"	3122	[1, 1, 1, -3654, -86539]	[[96311803/138, 938592485165/138]]
"3129.a2"	3129	[1, 0, 0, 7, 0]	[[9, 24]]
"3136.c2"	3136	[0, 1, 0, -65, -11201]	[[37, 196]]
"3136.f1"	3136	[0, 1, 0, -1633, 13887]	[[58, 343]]
"3136.h1"	3136	[0, -1, 0, -27897, -1784159]	[[-96, 1]]
"3136.h2"	3136	[0, -1, 0, -457, -559]	[[-16, 49]]
"3136.k1"	3136	[0, -1, 0, -569, -5039]	[[-336/5, 13/5]]
"3136.l1"	3136	[0, 0, 0, -7, 0]	[[4, 6]]
"3136.m3"	3136	[0, 0, 0, -196, 0]	[[18, 48]]
"3136.m4"	3136	[0, 0, 0, 49, 0]	[[16/3, 260/3]]
"3136.o1"	3136	[0, 0, 0, -116620, -15327984]	[[931200/13, 896827212/13]]
"3136.o4"	3136	[0, 0, 0, -140, 784]	[[0, 28]]
"3136.p1"	3136	[0, 0, 0, -58604, 5460560]	[[28, 1960]]
"3136.p2"	3136	[0, 0, 0, -11564, -378672]	[[266, 3920]]
"3136.p3"	3136	[0, 0, 0, -3724, 82320]	[[92, 720]]
"3136.r1"	3136	[0, 0, 0, -343, 0]	[[484/5, 3102/5]]
"3136.y1"	3136	[0, -1, 0, -1633, -13887]	[[117, 1176]]
"3136.z1"	3136	[0, -1, 0, -8562913, -9641661567]	[[2642430522499/22035, 3465439960080553532/22035]]
"3136.z2"	3136	[0, -1, 0, -534753, -150770815]	[[5179019/65, 8831271372/65]]
"3136.z3"	3136	[0, -1, 0, -111393, -11692351]	[[-16216/11, 1198785/11]]
"3136.z5"	3136	[0, -1, 0, -1633, 51969]	[[75, 588]]
"3136.z6"	3136	[0, -1, 0, 14047, -1080127]	[[1651/5, 45276/5]]
"3138.d1"	3138	[1, 0, 1, -278381, -56556760]	[[-42612961/374, 8006516835/374]]
"3138.d2"	3138	[1, 0, 1, -3806, -60208]	[[-153/2, 1529/2]]
"3143.a1"	3143	[1, 0, 0, -7, 0]	[[-1, 3]]
"3143.a2"	3143	[1, 0, 0, 28, 7]	[[6, 17]]
"3146.g1"	3146	[1, 0, 1, -579956, -148279694]	[[-959159/45, 431201051/45]]
"3146.g2"	3146	[1, 0, 1, -147381, 21739584]	[[-333, 5990]]
"3157.a1"	3157	[1, 0, 1, -1, -3]	[[3, 3]]
"3168.b2"	3168	[0, 0, 0, 189, -1350]	[[22, 116]]
"3168.d2"	3168	[0, 0, 0, -11691, -527310]	[[3177/2, 177309/2]]
"3168.l1"	3168	[0, 0, 0, -60, 32]	[[-2, 12]]
"3168.l2"	3168	[0, 0, 0, -45, 116]	[[5, 4]]
"3168.p2"	3168	[0, 0, 0, -405, 3132]	[[13, 8]]
"3168.q2"	3168	[0, 0, 0, 21, 50]	[[2, 10]]
"3168.r2"	3168	[0, 0, 0, 51, -920]	[[20, 90]]
"3168.s1"	3168	[0, 0, 0, -4764, 126560]	[[38, 20]]
"3168.s2"	3168	[0, 0, 0, -1299, -16198]	[[-79/2, 335/2]]
"3168.s3"	3168	[0, 0, 0, -309, 1820]	[[5, 20]]
"3168.t2"	3168	[0, 0, 0, -1299, 19530]	[[22, 40]]
"3168.u1"	3168	[0, 0, 0, -4764, -126560]	[[1385/4, 21195/4]]
"3168.u3"	3168	[0, 0, 0, -309, -1820]	[[68, 540]]
"3171.b1"	3171	[0, -1, 1, -7, -9]	[[5, 7]]
"3171.c1"	3171	[0, 1, 1, -14, 3677]	[[-35/2, 449/2]]
"3172.a1"	3172	[0, 0, 0, -16, -15]	[[-2, 3]]
"3172.a2"	3172	[0, 0, 0, 49, -106]	[[11, 42]]
"3172.b1"	3172	[0, 0, 0, -122524, 16501677]	[[3651/7, 957090/7]]
"3172.b2"	3172	[0, 0, 0, -103919, 21685030]	[[511561/70, 1186887309/70]]
"3174.d2"	3174	[1, 0, 1, -304451, -64683358]	[[872, 17814]]
"3174.d4"	3174	[1, 0, 1, 100234, -2114296]	[[11997/4, 1399513/4]]
"3174.e1"	3174	[1, 1, 1, -130674, -18233199]	[[33604939/182, 177260259847/182]]
"3174.e3"	3174	[1, 1, 1, -9004, -226039]	[[6497/7, 308433/7]]
"3186.a1"	3186	[1, -1, 0, 6, 4]	[[0, 2]]
"3186.i1"	3186	[1, -1, 0, -966, -11318]	[[-867/7, 3037/7]]
"3186.n1"	3186	[1, -1, 1, -26, -39]	[[-3, 3]]
"3186.s1"	3186	[1, -1, 1, -3809, 91423]	[[143/2, -137/2]]
"3192.a1"	3192	[0, -1, 0, -106435, -13329764]	[[4301, 281199]]
"3192.a2"	3192	[0, -1, 0, -106300, -13365404]	[[396, 2546]]
"3192.d1"	3192	[0, -1, 0, -17024, -849300]	[[501, 10776]]
"3192.d2"	3192	[0, -1, 0, -1064, -12996]	[[45, 168]]
"3192.d3"	3192	[0, -1, 0, -784, -20276]	[[397/3, 4600/3]]
"3192.f1"	3192	[0, -1, 0, -708, -7020]	[[34, 84]]
"3192.g1"	3192	[0, -1, 0, -360088, 83283964]	[[330, 532]]
"3192.g2"	3192	[0, -1, 0, -23948, 1131348]	[[22, 784]]
"3192.j2"	3192	[0, -1, 0, 128, 2860]	[[5, 60]]
"3192.k1"	3192	[0, 1, 0, -35, -66]	[[7, 9]]
"3192.l1"	3192	[0, 1, 0, -320, -816]	[[-8, 36]]
"3192.m2"	3192	[0, 1, 0, -1464, -21600]	[[-21, 18]]
"3192.m3"	3192	[0, 1, 0, -204, 576]	[[0, 24]]
"3192.m4"	3192	[0, 1, 0, 41, 86]	[[14, 60]]
"3192.o1"	3192	[0, 1, 0, -628, 5456]	[[20, 36]]
"3192.p2"	3192	[0, 1, 0, -4283112, -5439217680]	[[15531, 1916910]]
"3197.a1"	3197	[0, -1, 1, -4, -1]	[[-3/2, 5/2]]
"3199.b1"	3199	[1, -1, 0, -7, 0]	[[-9/2, 3/2]]
"3199.b2"	3199	[1, -1, 0, 28, -21]	[[31/6, 293/6]]
"3201.a1"	3201	[1, 1, 1, -518, 4322]	[[10, 11]]
"3201.a2"	3201	[1, 1, 1, -33, 54]	[[2, 0]]
"3201.b1"	3201	[1, 0, 0, -4754, 125769]	[[40, -17]]
"3201.c1"	3201	[1, 0, 0, -178, 899]	[[10, 7]]
"3202.a1"	3202	[1, -1, 1, -31, 71]	[[5, 2]]
"3202.a2"	3202	[1, -1, 1, 9, 215]	[[1, 14]]
"3206.f1"	3206	[1, 1, 1, -2735905, -1742945301]	[[-859769/30, 13091789/30]]
"3213.j1"	3213	[0, 0, 1, 4104, 135236]	[[82, 1011]]
"3213.k1"	3213	[0, 0, 1, -1103490, -427069591]	[[-2783/2, 15781/2]]
"3213.k2"	3213	[0, 0, 1, -177390, 28599392]	[[174, 1732]]
"3213.n1"	3213	[0, 0, 1, 456, -5009]	[[17, 87]]
"3216.e1"	3216	[0, -1, 0, -22872, -1323792]	[[21234/5, 3039498/5]]
"3216.e2"	3216	[0, -1, 0, -1432, -20240]	[[844, 24480]]
"3216.e3"	3216	[0, -1, 0, -472, -47888]	[[7594/3, 661130/3]]
"3216.e4"	3216	[0, -1, 0, -152, 240]	[[-6, 30]]
"3222.e1"	3222	[1, -1, 1, -77, -75]	[[-7, 12]]
"3222.e2"	3222	[1, -1, 1, 283, -795]	[[5, 24]]
"3222.j1"	3222	[1, -1, 1, -52664, -4453905]	[[-3699/5, 45111/5]]
"3222.j2"	3222	[1, -1, 1, -8924, 235023]	[[27, 101]]
"3222.j4"	3222	[1, -1, 1, 23296, 1523823]	[[3249, 183755]]
"3224.b1"	3224	[0, 0, 0, -92, 340]	[[6, 2]]
"3229.a1"	3229	[1, 1, 1, -9, -14]	[[-2, 1]]
"3231.b2"	3231	[1, -1, 1, -14, 668]	[[-6, 25]]
"3232.c1"	3232	[0, -1, 0, -134, 644]	[[-2, 30]]
"3232.c2"	3232	[0, -1, 0, -129, 689]	[[5, 12]]
"3234.l1"	3234	[1, 0, 1, -285941, -58875904]	[[755, 12102]]
"3234.q1"	3234	[1, 1, 1, -692518, 221512829]	[[1943/2, -525/2]]
"3234.q3"	3234	[1, 1, 1, -17788, -465403]	[[155, 651]]
"3234.q4"	3234	[1, 1, 1, 3772, -51451]	[[57, 565]]
"3234.u1"	3234	[1, 0, 0, -52459, 4620209]	[[134, -31]]
"3248.b1"	3248	[0, 1, 0, -35768, -2615564]	[[-110, 4]]
"3248.b2"	3248	[0, 1, 0, -2128, -45468]	[[58, 172]]
"3248.f2"	3248	[0, -1, 0, 2088, 361456]	[[34, 686]]
"3248.i1"	3248	[0, 0, 0, -79075, -8558622]	[[622, 13524]]
"3248.i2"	3248	[0, 0, 0, -4835, -139806]	[[110, 812]]
"3248.n1"	3248	[0, -1, 0, -504, -3136]	[[-16, 24]]
"3248.n2"	3248	[0, -1, 0, 76, -352]	[[52/3, 424/3]]
"3249.d1"	3249	[0, 0, 1, -2499564, -1521053555]	[[386593/14, 95931851/14]]
"3249.d2"	3249	[0, 0, 1, -30324, -2162300]	[[817/2, 3245/2]]
"3249.d3"	3249	[0, 0, 1, 2166, -1715]	[[133, 1624]]
"3249.g1"	3249	[1, -1, 0, -329841, 72994702]	[[2, 8504]]
"3249.g2"	3249	[1, -1, 0, -21186, 1078087]	[[-34/7, 358679/7]]
"3249.g3"	3249	[1, -1, 0, -4941, -114296]	[[4856/5, 299764/5]]
"3258.a2"	3258	[1, -1, 0, 66, -316]	[[8, 22]]
"3262.b1"	3262	[1, -1, 0, -154, -696]	[[-7, 5]]
"3262.b2"	3262	[1, -1, 0, -14, 4]	[[0, 2]]
"3262.e2"	3262	[1, -1, 1, -9, -247]	[[11, 24]]
"3264.d1"	3264	[0, -1, 0, -6529, 205249]	[[63, 200]]
"3264.d3"	3264	[0, -1, 0, -409, 3289]	[[9, 16]]
"3264.d4"	3264	[0, -1, 0, -4, 130]	[[11, 36]]
"3264.g1"	3264	[0, -1, 0, -1833, 30825]	[[24, 9]]
"3264.h1"	3264	[0, -1, 0, -193, -959]	[[-8, 3]]
"3264.h2"	3264	[0, -1, 0, -33, -2655]	[[24, 99]]
"3264.i1"	3264	[0, -1, 0, -48033, -3047391]	[[-120, 987]]
"3264.i2"	3264	[0, -1, 0, -16353, 810081]	[[72, 27]]
"3264.i4"	3264	[0, -1, 0, 115807, -19464159]	[[26888/7, 4958829/7]]
"3264.w4"	3264	[0, 1, 0, 115807, 19464159]	[[583, 16896]]
"3264.x2"	3264	[0, 1, 0, -33, 2655]	[[-9, 48]]
"3267.f1"	3267	[0, 0, 1, -32670, 2273015]	[[121, 302]]
"3272.a1"	3272	[0, 0, 0, -179, 238]	[[-26/3, 730/3]]
"3272.a2"	3272	[0, 0, 0, -139, 630]	[[-2, 30]]
"3276.a1"	3276	[0, 0, 0, -1431, -8370]	[[43, 98]]
"3276.d2"	3276	[0, 0, 0, -2820, -111823]	[[88, 567]]
"3276.h1"	3276	[0, 0, 0, -159, 310]	[[-10, 30]]
"3276.i1"	3276	[0, 0, 0, -3639, -69410]	[[273/2, 95/2]]
"3278.b1"	3278	[1, 0, 1, -1007, 12130]	[[55, 324]]
"3278.d1"	3278	[1, 0, 0, -69449, -4257511]	[[-70, 547]]
"3282.b1"	3282	[1, 0, 1, -41, 1640]	[[9, 40]]
"3283.e1"	3283	[0, -1, 1, -604, 5921]	[[69/2, 143/2]]
"3293.c1"	3293	[0, 0, 1, -155, -743]	[[-719/10, -429/10]]
"3294.i1"	3294	[1, -1, 1, -5, 1]	[[-1, 2]]
"3294.j1"	3294	[1, -1, 1, -73580, -7523089]	[[-171, 277]]
"3294.j2"	3294	[1, -1, 1, -73205, -7605235]	[[-3899/5, 9686/5]]
"3294.l1"	3294	[1, -1, 1, -1055, -12905]	[[-19, 8]]
"3306.f1"	3306	[1, 0, 1, -5046, -138200]	[[-40, 24]]
"3306.f2"	3306	[1, 0, 1, -406, -856]	[[-8, 47]]
"3306.g1"	3306	[1, 1, 1, -320, -2329]	[[-41/2, 43/2]]
"3309.a1"	3309	[1, 1, 1, -2, -4]	[[2, 1]]
"3311.b1"	3311	[1, 1, 0, -2515, -49608]	[[2083/6, 5119/6]]
"3311.b2"	3311	[1, 1, 0, -150, -889]	[[155/2, 1693/2]]
"3312.a2"	3312	[0, 0, 0, 33, -290]	[[14, 54]]
"3312.d1"	3312	[0, 0, 0, -35571, 2581810]	[[113, 72]]
"3312.d2"	3312	[0, 0, 0, -15411, -712334]	[[143, 90]]
"3312.d3"	3312	[0, 0, 0, -2451, 31570]	[[-9, 230]]
"3312.d4"	3312	[0, 0, 0, 429, 3346]	[[-1, 54]]
"3312.e2"	3312	[0, 0, 0, -1911, -29450]	[[557, 13104]]
"3312.e3"	3312	[0, 0, 0, -1866, -31025]	[[23999/13, 3520440/13]]
"3312.f1"	3312	[0, 0, 0, -315, 1674]	[[15, 18]]
"3312.f2"	3312	[0, 0, 0, 45, 162]	[[3, 18]]
"3312.h1"	3312	[0, 0, 0, -110955, 2430362]	[[1543, 59202]]
"3312.h3"	3312	[0, 0, 0, -5115, 147242]	[[13, 288]]
"3312.j1"	3312	[0, 0, 0, -419835, 104704666]	[[299, 2430]]
"3312.j2"	3312	[0, 0, 0, -26175, 1644478]	[[113, 360]]
"3312.k1"	3312	[0, 0, 0, -2235, -40534]	[[55, 54]]
"3312.l2"	3312	[0, 0, 0, -24, -45]	[[45, 300]]
"3312.n1"	3312	[0, 0, 0, -4539, 117610]	[[47, 90]]
"3314.a1"	3314	[1, 0, 0, -4764702, -4003545844]	[[94248114183274/39585, 912499854364645191562/39585]]
"3314.a2"	3314	[1, 0, 0, -58822, -5496476]	[[83944/15, 16083698/15]]
"3314.a3"	3314	[1, 0, 0, 58, -22684]	[[104, 1002]]
"3318.b1"	3318	[1, 1, 0, -1410710, -561242028]	[[-793, 8114]]
"3318.b2"	3318	[1, 1, 0, -1358870, -610251564]	[[2524, 108498]]
"3318.d1"	3318	[1, 0, 1, -3468, -78878]	[[-34, 18]]
"3318.d2"	3318	[1, 0, 1, -228, -1118]	[[-7, -9]]
"3318.f2"	3318	[1, 0, 1, 20, 56]	[[0, 7]]
"3324.b1"	3324	[0, -1, 0, -108, 264]	[[5/2, 91/2]]
"3324.b2"	3324	[0, -1, 0, -93, 378]	[[2, 14]]
"3337.a1"	3337	[1, 1, 1, -3, 2]	[[0, 1]]
"3337.b1"	3337	[1, 1, 1, -3125503, -2128207562]	[[132892/7, 32706155/7]]
"3339.f2"	3339	[1, -1, 0, 9, 112]	[[32, 164]]
"3341.a1"	3341	[1, -1, 1, -75, -226]	[[-17/2, 7/2]]
"3341.a2"	3341	[1, -1, 1, -10, 8]	[[-1, 4]]
"3346.b1"	3346	[1, 1, 0, -127375, 384549]	[[-1139435/87, 2698050256/87]]
"3346.b2"	3346	[1, 1, 0, -86415, -9781723]	[[-78564238337/22011, 775119623201764/22011]]
"3347.a1"	3347	[0, 1, 1, 2, 3]	[[-3/2, 7/2]]
"3348.b1"	3348	[0, 0, 0, -2052, -35775]	[[-26, 1]]
"3348.d1"	3348	[0, 0, 0, -540, 1269]	[[-5, 62]]
"3348.d2"	3348	[0, 0, 0, -420, 3313]	[[-18, 71]]
"3348.f1"	3348	[0, 0, 0, -120, 628]	[[-3, 31]]
"3348.g1"	3348	[0, 0, 0, -1080, -16956]	[[40, 62]]
"3354.a2"	3354	[1, 1, 0, -41, -75]	[[7, 3]]
"3362.a1"	3362	[1, 0, 1, -3500, -79974]	[[222, 3066]]
"3362.a2"	3362	[1, 0, 1, -220, -1254]	[[-8, 6]]
"3362.b1"	3362	[1, 1, 0, -19366, -1027446]	[[-6359/9, 122986/9]]
"3362.b2"	3362	[1, 1, 0, -2556, 24860]	[[-37, 284]]
"3362.c1"	3362	[1, 1, 0, -5882694, -5494222780]	[[-375127975614357221/16367265, 2985417272000212508425303/16367265]]
"3362.c2"	3362	[1, 1, 0, -369014, -85302700]	[[-181040525/709, 428594878630/709]]
"3363.b1"	3363	[0, 1, 1, -9, 8]	[[2, 1]]
"3366.c1"	3366	[1, -1, 0, -1638, -25110]	[[-23, 12]]
"3366.e1"	3366	[1, -1, 0, -12638223, 17296430445]	[[2065, -70]]
"3366.e2"	3366	[1, -1, 0, -789903, 270394605]	[[382, 4737]]
"3366.e4"	3366	[1, -1, 0, -52623, 3646701]	[[183, 255]]
"3366.f1"	3366	[1, -1, 0, -149351112, 702560755008]	[[-1083637136/337, 43123967468216/337]]
"3366.f3"	3366	[1, -1, 0, -1849032, 958443840]	[[3969, 234936]]
"3366.g1"	3366	[1, -1, 0, -1782, -28512]	[[57, 201]]
"3366.h1"	3366	[1, -1, 0, -4902, 133334]	[[41, -17]]
"3366.j1"	3366	[1, -1, 0, -81, 157]	[[-6, 23]]
"3366.k1"	3366	[1, -1, 0, -3554496, 2580267820]	[[1095, -190]]
"3366.k2"	3366	[1, -1, 0, -222156, 40358272]	[[281, 107]]
"3366.k4"	3366	[1, -1, 0, -14076, 614992]	[[89, 203]]
"3366.k6"	3366	[1, -1, 0, 9684, 2463520]	[[-55, 1355]]
"3366.l1"	3366	[1, -1, 1, -26861, 1696821]	[[107, 144]]
"3376.c1"	3376	[0, -1, 0, -27, -46]	[[50, 348]]
"3381.f1"	3381	[0, -1, 1, -1143, 15476]	[[-16, 171]]
"3381.m1"	3381	[0, -1, 1, 82, -253]	[[13/2, 45/2]]
"3388.b1"	3388	[0, 1, 0, -84, 196]	[[0, 14]]
"3388.b2"	3388	[0, 1, 0, -29, -68]	[[-3, 1]]
"3392.a1"	3392	[0, 0, 0, 20, -176]	[[10, 32]]
"3392.c2"	3392	[0, 1, 0, 63, -449]	[[15, 64]]
"3392.k1"	3392	[0, 1, 0, -1574593, 759977791]	[[15, 27136]]
"3392.k2"	3392	[0, 1, 0, -18113, 1185599]	[[119/5, 131072/5]]
"3392.p1"	3392	[0, -1, 0, -69, 245]	[[-4, 21]]
"3392.p2"	3392	[0, -1, 0, -49, 369]	[[9, 24]]
"3393.b1"	3393	[0, 0, 1, -317547, -68874766]	[[90999/5, 27099932/5]]
"3393.c1"	3393	[1, -1, 1, -1424, 20998]	[[26, 19]]
"3393.c2"	3393	[1, -1, 1, -119, 118]	[[-8, 26]]
"3393.c3"	3393	[1, -1, 1, -74, -224]	[[20, 67]]
"3393.c4"	3393	[1, -1, 1, 466, 586]	[[5, 52]]
"3393.e2"	3393	[1, -1, 0, 108, -221]	[[146, 1691]]
"3399.a2"	3399	[1, 0, 1, -41, 47]	[[-3, 13]]
"3402.a2"	3402	[1, -1, 0, 714, 7028]	[[-4, 66]]
"3402.f1"	3402	[1, -1, 0, -987, -11683]	[[-73/2, 83/2]]
"3402.f2"	3402	[1, -1, 0, -42, 98]	[[1, 7]]
"3402.g1"	3402	[1, -1, 0, -4011, 124037]	[[86, 597]]
"3403.b1"	3403	[0, -1, 1, -5, 7]	[[1, 1]]
"3408.c1"	3408	[0, -1, 0, -232, -1232]	[[18, 10]]
"3408.c2"	3408	[0, -1, 0, 8, -80]	[[10, 30]]
"3408.g1"	3408	[0, 1, 0, -104, 276]	[[12, 30]]
"3408.g2"	3408	[0, 1, 0, 16, 36]	[[0, 6]]
"3417.e1"	3417	[1, 1, 0, 176, -7187]	[[804/5, 20707/5]]
"3417.f2"	3417	[1, 0, 1, -77, -205]	[[3255/2, 182465/2]]
"3417.f3"	3417	[1, 0, 1, -72, -239]	[[52081/16, 11463713/16]]
"3417.f4"	3417	[1, 0, 1, 178, -1225]	[[19121/56, 1129269/56]]
"3423.b1"	3423	[1, 0, 0, -763, -7546]	[[35, 77]]
"3423.b2"	3423	[1, 0, 0, 52, -537]	[[7, 10]]
"3423.d1"	3423	[1, 0, 1, -1320, 12703]	[[161, 1914]]
"3423.d2"	3423	[1, 0, 1, -505, -4249]	[[-879/8, 9245/8]]
"3423.d3"	3423	[1, 0, 1, -500, -4339]	[[66091/45, 9398926/45]]
"3423.d4"	3423	[1, 0, 1, 230, -15421]	[[64041/40, 14144041/40]]
"3432.e1"	3432	[0, 1, 0, -1704, -27600]	[[119, 1212]]
"3432.e2"	3432	[0, 1, 0, -1464, 20976]	[[223/3, 620/3]]
"3432.e3"	3432	[0, 1, 0, -144, -144]	[[15, 36]]
"3432.f1"	3432	[0, 1, 0, -40888, -2941984]	[[-100, 396]]
"3434.a1"	3434	[1, 0, 0, -34577, 2471785]	[[112, 29]]
"3438.a1"	3438	[1, -1, 0, -828, -8906]	[[41, 137]]
"3438.a2"	3438	[1, -1, 0, -18, -320]	[[14, 38]]
"3438.b1"	3438	[1, -1, 0, -110016, -14017860]	[[62415/11, 10492965/11]]
"3438.b3"	3438	[1, -1, 0, -6876, -217728]	[[459, 9423]]
"3438.b4"	3438	[1, -1, 0, -396, -3888]	[[27, 54]]
"3441.a1"	3441	[1, 1, 0, -2, -45]	[[14, 47]]
"3451.c1"	3451	[0, 0, 1, 1100, -195356]	[[2617/6, 111871/6]]
"3452.a1"	3452	[0, -1, 0, 2, 5]	[[-1, 1]]
"3454.h1"	3454	[1, 0, 0, -78788, -8518900]	[[236970700/609, 3138691959250/609]]
"3454.h2"	3454	[1, 0, 0, -288, -27712]	[[874/3, 23764/3]]
"3454.h3"	3454	[1, 0, 0, 32, 1024]	[[-6, 28]]
"3458.b1"	3458	[1, 0, 1, -486, 4152]	[[12, 3]]
"3458.d1"	3458	[1, 0, 0, -60892, -5789676]	[[600, 12882]]
"3459.a2"	3459	[1, 1, 1, -8, -100]	[[35/2, 157/2]]
"3462.a1"	3462	[1, 1, 1, -44, 71]	[[23/2, 31/2]]
"3462.b1"	3462	[1, 1, 1, -4108, 99629]	[[37, -15]]
"3462.b2"	3462	[1, 1, 1, -268, 1325]	[[5, 9]]
"3471.d1"	3471	[0, -1, 1, -458, 3929]	[[53/2, 23/2]]
"3472.g1"	3472	[0, -1, 0, -2224, -29760]	[[-24, 96]]
"3472.g2"	3472	[0, -1, 0, 336, -3136]	[[26, 150]]
"3474.a1"	3474	[1, -1, 0, -111168, 14294340]	[[66, 2658]]
"3474.a2"	3474	[1, -1, 0, -6948, 224640]	[[51, 6]]
"3474.c1"	3474	[1, -1, 0, -612, -5612]	[[-13, 2]]
"3474.f2"	3474	[1, -1, 1, 58, 6365]	[[3, 79]]
"3477.b1"	3477	[1, 1, 0, -24701, 1483944]	[[472, 9524]]
"3477.b2"	3477	[1, 1, 0, -7411, -228830]	[[117931/30, 26178331/30]]
"3477.b3"	3477	[1, 1, 0, -1616, 20355]	[[1555/6, 34855/6]]
"3477.b4"	3477	[1, 1, 0, 189, 1944]	[[4/3, 1210/3]]
"3479.e1"	3479	[1, 0, 1, -5, -3]	[[-1, 1]]
"3479.f1"	3479	[1, 0, 1, 1199, 8425]	[[-1, 85]]
"3483.e1"	3483	[1, -1, 0, -4065, -98758]	[[4094/5, 227168/5]]
"3486.a1"	3486	[1, 1, 0, -30376, 1910080]	[[48, 728]]
"3486.a2"	3486	[1, 1, 0, 24504, 8111520]	[[391, 8617]]
"3486.b1"	3486	[1, 1, 0, 12495, 5812821]	[[159, 3363]]
"3486.g1"	3486	[1, 1, 1, -3777, 87771]	[[27, 66]]
"3486.g2"	3486	[1, 1, 1, -3707, 91271]	[[115/2, 661/2]]
"3486.m1"	3486	[1, 0, 0, -644, -6240]	[[-14, 16]]
"3486.m2"	3486	[1, 0, 0, -84, 144]	[[0, 12]]
"3504.a1"	3504	[0, -1, 0, -1560, -23184]	[[-22, 2]]
"3504.b1"	3504	[0, -1, 0, 343, -1419]	[[4, 1]]
"3504.c1"	3504	[0, -1, 0, -437, 4989]	[[-20, 73]]
"3504.c2"	3504	[0, -1, 0, 43, -99]	[[4, 11]]
"3504.e1"	3504	[0, -1, 0, -1167008, 485631744]	[[674, 2190]]
"3504.e2"	3504	[0, -1, 0, -1166368, 486190336]	[[578, 2190]]
"3504.e3"	3504	[0, -1, 0, -15008, 612096]	[[98, 270]]
"3504.e4"	3504	[0, -1, 0, 25952, 3331840]	[[1730, 72270]]
"3504.f1"	3504	[0, -1, 0, -308, 1440]	[[4, 16]]
"3504.f2"	3504	[0, -1, 0, 57, 126]	[[62, 488]]
"3504.g2"	3504	[0, -1, 0, -48, 2880]	[[-6, 54]]
"3504.h1"	3504	[0, -1, 0, -88, -224]	[[-3, 2]]
"3504.h2"	3504	[0, -1, 0, -28, 64]	[[0, 8]]
"3504.i1"	3504	[0, -1, 0, -388, -2816]	[[64, 480]]
"3504.i2"	3504	[0, -1, 0, -23, -42]	[[406/5, 7504/5]]
"3504.j1"	3504	[0, -1, 0, -522888, -120523536]	[[1274, 35770]]
"3504.j2"	3504	[0, -1, 0, -497688, -134974224]	[[220418, 103482610]]
"3504.j3"	3504	[0, -1, 0, -154248, 21624048]	[[-174, 6570]]
"3504.j4"	3504	[0, -1, 0, -31128, -2097936]	[[-2644/5, 704/5]]
"3504.l1"	3504	[0, -1, 0, -152, 720]	[[10, 10]]
"3504.o1"	3504	[0, 1, 0, -20760, 1144404]	[[84, 18]]
"3504.o2"	3504	[0, 1, 0, -1320, 16884]	[[12, 54]]
"3504.t1"	3504	[0, 1, 0, -408, -3276]	[[-12, 6]]
"3504.t2"	3504	[0, 1, 0, -48, 36]	[[0, 6]]
"3504.u1"	3504	[0, 1, 0, -1048, 12692]	[[28, 78]]
"3504.u2"	3504	[0, 1, 0, -88, 20]	[[-4, 18]]
"3504.w1"	3504	[0, 1, 0, -5232, 99828]	[[84, 510]]
"3504.w2"	3504	[0, 1, 0, -1992, -33660]	[[-24, 30]]
"3504.w3"	3504	[0, 1, 0, -1972, -34372]	[[74, 480]]
"3504.w4"	3504	[0, 1, 0, 928, -121260]	[[70, 540]]
"3508.a1"	3508	[0, 1, 0, -29, 47]	[[2, 1]]
"3509.d1"	3509	[0, 0, 1, -1331, 18301]	[[121/2, 601/2]]
"3509.e1"	3509	[0, -1, 1, -524, 4795]	[[61/2, 83/2]]
"3519.b1"	3519	[0, 0, 1, -6, -3]	[[-1, 1]]
"3519.e1"	3519	[0, 0, 1, -15204, -341856]	[[-64, 607]]
"3519.f1"	3519	[1, -1, 0, 153, 918]	[[6, 42]]
"3526.a1"	3526	[1, 0, 1, -78892, -8535486]	[[1078, 33511]]
"3526.a2"	3526	[1, 0, 1, -4932, -133630]	[[-40, 25]]
"3528.a1"	3528	[0, 0, 0, -111132, 14261940]	[[294, 2646]]
"3528.d1"	3528	[0, 0, 0, -169491, -26857586]	[[4662, 317030]]
"3528.d3"	3528	[0, 0, 0, -10731, -408170]	[[126, 490]]
"3528.d4"	3528	[0, 0, 0, -1911, 24010]	[[63, 392]]
"3528.d6"	3528	[0, 0, 0, 6909, -1618274]	[[18617/2, 2540565/2]]
"3528.e1"	3528	[0, 0, 0, -48951, 4167450]	[[133, 98]]
"3528.e2"	3528	[0, 0, 0, -2646, 83349]	[[-14, 343]]
"3528.n2"	3528	[0, 0, 0, 5145, 369754]	[[275, 4752]]
"3528.t1"	3528	[0, 0, 0, -294, -1715]	[[-10, 15]]
"3528.x1"	3528	[0, 0, 0, -131859, 18429390]	[[310, 2710]]
"3528.x2"	3528	[0, 0, 0, -26019, -1278018]	[[-279/2, 3555/2]]
"3528.x3"	3528	[0, 0, 0, -8379, 277830]	[[-33, 720]]
"3531.a1"	3531	[1, 0, 0, 2, 5]	[[-1, 2]]
"3536.b2"	3536	[0, 1, 0, 408, 35380]	[[-12, 170]]
"3536.c2"	3536	[0, 1, 0, -872, -13580]	[[188, 2550]]
"3536.e2"	3536	[0, 0, 0, -2747, 32490]	[[71, 442]]
"3536.h1"	3536	[0, 0, 0, -419, 3122]	[[-11, 80]]
"3536.h2"	3536	[0, 0, 0, -79, -210]	[[298/3, 4940/3]]
"3536.h3"	3536	[0, 0, 0, -74, -245]	[[6145/24, 185345/24]]
"3536.j1"	3536	[0, 0, 0, -187483, -31245750]	[[12519/5, 83022/5]]
"3536.k1"	3536	[0, -1, 0, -2192, -7840]	[[445/3, 1270/3]]
"3538.a1"	3538	[1, -1, 0, -668, -6466]	[[-131/3, 94/3]]
"3538.a2"	3538	[1, -1, 0, -58, 0]	[[-1, 8]]
"3538.a3"	3538	[1, -1, 0, -38, 100]	[[3, 1]]
"3538.a4"	3538	[1, -1, 0, 232, -174]	[[57, 414]]
"3542.f1"	3542	[1, -1, 0, -5047, 136857]	[[49, 49]]
"3542.g1"	3542	[1, -1, 0, -1899511, -1007177763]	[[6423/2, 65607/2]]
"3542.i2"	3542	[1, 1, 0, -5980, -628452]	[[207, 2553]]
"3542.l1"	3542	[1, 0, 0, -779898, -31326092]	[[-434, 15232]]
"3542.l4"	3542	[1, 0, 0, 193462, -3877340]	[[1820, 78950]]
"3542.o1"	3542	[1, 1, 1, -31502345, -68068456437]	[[-729641/15, 5792722/15]]
"3542.p1"	3542	[1, -1, 1, -94836604, 355501196993]	[[67577201451/3262, 3242229696715675/3262]]
"3542.p2"	3542	[1, -1, 1, -6567664, 4282243921]	[[12929241931/1890, 1115852156591509/1890]]
"3542.p3"	3542	[1, -1, 1, -5927574, 5555254913]	[[697691/14, 466813971/14]]
"3542.r1"	3542	[1, 0, 0, -328, -2426]	[[24541/12, 3677359/12]]
"3549.c1"	3549	[1, 0, 1, -132500, -18574957]	[[379291/30, 12989549/30]]
"3549.c2"	3549	[1, 0, 1, -8285, -290509]	[[-843/4, 349/4]]
"3549.c5"	3549	[1, 0, 1, -680, -1519]	[[-21, 70]]
"3549.c6"	3549	[1, 0, 1, 165, -167]	[[89/5, 2427/5]]
"3552.c1"	3552	[0, -1, 0, -76527553, 257702035153]	[[-3903, 704924]]
"3552.c2"	3552	[0, -1, 0, -4783018, 4027708300]	[[-118036/11, 117281514/11]]
"3552.e1"	3552	[0, 1, 0, -193, -913]	[[-7, 12]]
"3553.b1"	3553	[0, -1, 1, 1, 9]	[[3, 5]]
"3553.c1"	3553	[1, 1, 0, -36, 59]	[[-1/2, 67/2]]
"3553.c2"	3553	[1, 1, 0, 59, 420]	[[69/4, 1647/4]]
"3554.a2"	3554	[1, -1, 1, -16, -169]	[[133/3, 1181/3]]
"3558.a1"	3558	[1, 1, 0, -256, 2560]	[[13, 34]]
"3562.e2"	3562	[1, -1, 1, -504, 3863]	[[611/10, 27861/10]]
"3562.e3"	3562	[1, -1, 1, -484, 4215]	[[27/2, 249/2]]
"3562.e4"	3562	[1, -1, 1, 866, 20303]	[[2916579/170, 4967501093/170]]
"3568.b1"	3568	[0, 1, 0, -608, 5236]	[[10, 16]]
