"324.a2"	324	1	[]	0	[0, 0, 0, -9, 9]	[[-3,3],[3,3]]

p prime of good reduction, N = #E(F_p), isCyclic, index of E(Q) in E(F_p), order of image of E(Q) 

5, 9, True, 1, 9
{'infinity': 1, (0, 2): 9, (0, 3): 9, (1, 1): 9, (1, 4): 9, (2, 2): 9, (2, 3): 9, (3, 2): 3, (3, 3): 3}
 
7, 9, True, 1, 9
{'infinity': 1, (0, 3): 9, (0, 4): 9, (1, 1): 9, (1, 6): 9, (3, 3): 3, (3, 4): 3, (4, 3): 9, (4, 4): 9}
 
11, 15, True, 2, 7
{'infinity': 1, (0, 3): 15, (0, 8): 15, (1, 1): 15, (1, 10): 15, (3, 3): 3, (3, 8): 3, (4, 2): 5, (4, 9): 5, (5, 1): 15, (5, 10): 15, (7, 5): 15, (7, 6): 15, (8, 3): 5, (8, 8): 5}
 
13, 15, True, 2, 7
{'infinity': 1, (0, 3): 15, (0, 10): 15, (1, 1): 15, (1, 12): 15, (2, 5): 5, (2, 8): 5, (3, 3): 3, (3, 10): 3, (7, 4): 15, (7, 9): 15, (10, 3): 5, (10, 10): 5, (12, 2): 15, (12, 11): 15}
 
17, 24, False, 2, 12
{'infinity': 1, (0, 3): 12, (0, 14): 12, (1, 1): 4, (1, 16): 4, (2, 4): 12, (2, 13): 12, (3, 3): 3, (3, 14): 3, (5, 2): 6, (5, 15): 6, (6, 1): 6, (6, 16): 6, (7, 0): 2, (10, 1): 12, (10, 16): 12, (11, 0): 2, (13, 7): 4, (13, 10): 4, (14, 3): 12, (14, 14): 12, (15, 6): 6, (15, 11): 6, (16, 0): 2}
 
19, 24, False, 4, 6
{'infinity': 1, (0, 3): 12, (0, 16): 12, (1, 1): 12, (1, 18): 12, (3, 3): 3, (3, 16): 3, (6, 0): 2, (7, 2): 6, (7, 17): 6, (9, 7): 12, (9, 12): 12, (10, 8): 6, (10, 11): 6, (11, 5): 6, (11, 14): 6, (14, 9): 4, (14, 10): 4, (15, 0): 2, (16, 3): 4, (16, 16): 4, (17, 0): 2, (18, 6): 12, (18, 13): 12}
 
23, 21, True, 2, 9
{'infinity': 1, (0, 3): 21, (0, 20): 21, (1, 1): 21, (1, 22): 21, (3, 3): 3, (3, 20): 3, (7, 6): 21, (7, 17): 21, (8, 9): 21, (8, 14): 21, (9, 6): 21, (9, 17): 21, (15, 11): 7, (15, 12): 7, (17, 10): 7, (17, 13): 7, (19, 2): 21, (19, 21): 21, (20, 3): 7, (20, 20): 7}
 
29, 33, True, 2, 13
{'infinity': 1, (0, 3): 33, (0, 26): 33, (1, 1): 33, (1, 28): 33, (2, 12): 33, (2, 17): 33, (3, 3): 3, (3, 26): 3, (7, 12): 33, (7, 17): 33, (10, 7): 33, (10, 22): 33, (11, 9): 33, (11, 20): 33, (12, 11): 11, (12, 18): 11, (13, 1): 33, (13, 28): 33, (15, 1): 11, (15, 28): 11, (17, 10): 33, (17, 19): 33, (18, 13): 11, (18, 16): 11, (20, 12): 33, (20, 17): 33, (21, 2): 11, (21, 27): 11, (24, 4): 33, (24, 25): 33, (26, 3): 11, (26, 26): 11}
 
31, 27, False, 2, 11
{'infinity': 1, (0, 3): 9, (0, 28): 9, (1, 1): 9, (1, 30): 9, (3, 3): 3, (3, 28): 3, (6, 4): 3, (6, 27): 3, (7, 14): 9, (7, 17): 9, (10, 12): 9, (10, 19): 9, (11, 1): 9, (11, 30): 9, (15, 5): 9, (15, 26): 9, (19, 1): 9, (19, 30): 9, (24, 15): 3, (24, 16): 3, (25, 8): 9, (25, 23): 9, (28, 3): 9, (28, 28): 9, (29, 9): 3, (29, 22): 3}
 
37, 36, False, 2, 18
{'infinity': 1, (0, 3): 18, (0, 34): 18, (1, 1): 18, (1, 36): 18, (2, 6): 6, (2, 31): 6, (3, 3): 3, (3, 34): 3, (4, 0): 2, (7, 17): 9, (7, 20): 9, (9, 18): 18, (9, 19): 18, (12, 1): 6, (12, 36): 6, (14, 0): 2, (15, 17): 9, (15, 20): 9, (17, 12): 18, (17, 25): 18, (19, 0): 2, (21, 4): 18, (21, 33): 18, (22, 5): 18, (22, 32): 18, (24, 1): 18, (24, 36): 18, (28, 8): 18, (28, 29): 18, (30, 5): 9, (30, 32): 9, (32, 15): 6, (32, 22): 6, (34, 3): 18, (34, 34): 18}
 
41, 45, True, 1, 45
{'infinity': 1, (0, 3): 45, (0, 38): 45, (1, 1): 45, (1, 40): 45, (2, 9): 5, (2, 32): 5, (3, 3): 3, (3, 38): 3, (4, 18): 5, (4, 23): 5, (7, 17): 45, (7, 24): 45, (8, 11): 9, (8, 30): 9, (9, 1): 45, (9, 40): 45, (13, 11): 15, (13, 30): 15, (15, 16): 45, (15, 25): 45, (16, 5): 15, (16, 36): 15, (18, 12): 45, (18, 29): 45, (20, 11): 45, (20, 30): 45, (21, 15): 45, (21, 26): 45, (22, 2): 45, (22, 39): 45, (24, 13): 15, (24, 28): 15, (26, 7): 9, (26, 34): 9, (28, 15): 9, (28, 26): 9, (31, 1): 15, (31, 40): 15, (33, 15): 45, (33, 26): 45, (34, 4): 45, (34, 37): 45, (38, 3): 45, (38, 38): 45}
 
43, 45, False, 2, 17
{'infinity': 1, (0, 3): 15, (0, 40): 15, (1, 1): 15, (1, 42): 15, (3, 3): 3, (3, 40): 3, (7, 17): 15, (7, 26): 15, (10, 4): 15, (10, 39): 15, (12, 9): 5, (12, 34): 5, (13, 5): 15, (13, 38): 15, (14, 2): 15, (14, 41): 15, (15, 14): 15, (15, 29): 15, (22, 15): 3, (22, 28): 3, (23, 12): 5, (23, 31): 5, (25, 12): 15, (25, 31): 15, (27, 20): 15, (27, 23): 15, (29, 10): 3, (29, 33): 3, (30, 6): 15, (30, 37): 15, (31, 18): 15, (31, 25): 15, (32, 14): 3, (32, 29): 3, (34, 7): 15, (34, 36): 15, (38, 12): 15, (38, 31): 15, (39, 14): 15, (39, 29): 15, (40, 3): 15, (40, 40): 15, (42, 19): 15, (42, 24): 15}
 
47, 39, True, 1, 39
{'infinity': 1, (0, 3): 13, (0, 44): 13, (1, 1): 39, (1, 46): 39, (3, 3): 3, (3, 44): 3, (4, 15): 39, (4, 32): 39, (5, 18): 39, (5, 29): 39, (7, 17): 39, (7, 30): 39, (13, 16): 39, (13, 31): 39, (14, 18): 13, (14, 29): 13, (15, 10): 39, (15, 37): 39, (20, 11): 13, (20, 36): 13, (22, 5): 13, (22, 42): 13, (24, 9): 39, (24, 38): 39, (26, 14): 39, (26, 33): 39, (28, 18): 39, (28, 29): 39, (32, 23): 13, (32, 24): 13, (35, 9): 39, (35, 38): 39, (43, 13): 13, (43, 34): 13, (44, 3): 39, (44, 44): 39, (46, 8): 39, (46, 39): 39}
 
53, 48, False, 2, 24
{'infinity': 1, (0, 3): 24, (0, 50): 24, (1, 1): 8, (1, 52): 8, (2, 23): 8, (2, 30): 8, (3, 3): 3, (3, 50): 3, (4, 14): 4, (4, 39): 4, (5, 6): 8, (5, 47): 8, (7, 17): 4, (7, 36): 4, (8, 5): 12, (8, 48): 12, (15, 4): 12, (15, 49): 12, (17, 23): 12, (17, 30): 12, (20, 12): 8, (20, 41): 8, (23, 16): 6, (23, 37): 6, (24, 7): 24, (24, 46): 24, (31, 0): 2, (32, 0): 2, (34, 23): 24, (34, 30): 24, (35, 13): 24, (35, 40): 24, (40, 7): 24, (40, 46): 24, (42, 7): 12, (42, 46): 12, (43, 0): 2, (45, 24): 6, (45, 29): 6, (46, 10): 24, (46, 43): 24, (47, 18): 6, (47, 35): 6, (50, 3): 24, (50, 50): 24, (52, 21): 24, (52, 32): 24}
 
59, 57, True, 2, 21
{'infinity': 1, (0, 3): 57, (0, 56): 57, (1, 1): 57, (1, 58): 57, (3, 3): 3, (3, 56): 3, (6, 17): 57, (6, 42): 57, (7, 17): 57, (7, 42): 57, (8, 6): 57, (8, 53): 57, (12, 6): 57, (12, 53): 57, (15, 2): 19, (15, 57): 19, (17, 7): 57, (17, 52): 57, (18, 29): 57, (18, 30): 57, (20, 10): 19, (20, 49): 19, (22, 4): 57, (22, 55): 57, (23, 13): 57, (23, 46): 57, (26, 8): 57, (26, 51): 57, (30, 22): 57, (30, 37): 57, (31, 27): 57, (31, 32): 57, (36, 12): 19, (36, 47): 19, (39, 6): 19, (39, 53): 19, (41, 11): 57, (41, 48): 57, (42, 21): 57, (42, 38): 57, (45, 20): 19, (45, 39): 19, (46, 17): 19, (46, 42): 19, (47, 10): 19, (47, 49): 19, (48, 4): 57, (48, 55): 57, (51, 10): 19, (51, 49): 19, (56, 3): 19, (56, 56): 19, (57, 14): 57, (57, 45): 57, (58, 28): 57, (58, 31): 57}
 
61, 75, True, 1, 75
{'infinity': 1, (0, 3): 25, (0, 58): 25, (1, 1): 75, (1, 60): 75, (2, 11): 5, (2, 50): 5, (3, 3): 3, (3, 58): 3, (6, 7): 75, (6, 54): 75, (7, 17): 75, (7, 44): 75, (8, 12): 15, (8, 49): 15, (9, 13): 5, (9, 48): 5, (10, 2): 75, (10, 59): 75, (13, 25): 25, (13, 36): 25, (14, 2): 25, (14, 59): 25, (15, 4): 75, (15, 57): 75, (16, 22): 25, (16, 39): 25, (19, 29): 75, (19, 32): 75, (23, 14): 75, (23, 47): 75, (24, 21): 75, (24, 40): 75, (26, 24): 75, (26, 37): 75, (29, 15): 15, (29, 46): 15, (31, 27): 25, (31, 34): 25, (33, 5): 25, (33, 56): 25, (35, 28): 75, (35, 33): 75, (36, 15): 75, (36, 46): 75, (37, 2): 75, (37, 59): 75, (38, 26): 75, (38, 35): 75, (41, 27): 75, (41, 34): 75, (43, 16): 75, (43, 45): 75, (45, 12): 15, (45, 49): 15, (47, 21): 25, (47, 40): 25, (48, 8): 25, (48, 53): 25, (49, 6): 75, (49, 55): 75, (50, 27): 75, (50, 34): 75, (51, 21): 75, (51, 40): 75, (53, 22): 25, (53, 39): 25, (54, 20): 75, (54, 41): 75, (57, 15): 25, (57, 46): 25, (58, 3): 75, (58, 58): 75, (59, 18): 15, (59, 43): 15}
 
67, 75, True, 1, 75
{'infinity': 1, (0, 3): 25, (0, 64): 25, (1, 1): 75, (1, 66): 75, (3, 3): 3, (3, 64): 3, (4, 29): 75, (4, 38): 75, (5, 25): 75, (5, 42): 75, (6, 29): 75, (6, 38): 75, (7, 17): 75, (7, 50): 75, (8, 28): 75, (8, 39): 75, (9, 11): 75, (9, 56): 75, (11, 13): 25, (11, 54): 25, (12, 17): 75, (12, 50): 75, (14, 9): 25, (14, 58): 25, (15, 10): 75, (15, 57): 75, (19, 8): 25, (19, 59): 25, (21, 6): 15, (21, 61): 15, (24, 4): 25, (24, 63): 25, (26, 20): 5, (26, 47): 5, (27, 32): 25, (27, 35): 25, (28, 1): 75, (28, 66): 75, (29, 33): 75, (29, 34): 75, (30, 26): 5, (30, 41): 5, (35, 15): 15, (35, 52): 15, (38, 1): 25, (38, 66): 25, (39, 33): 15, (39, 34): 15, (42, 32): 75, (42, 35): 75, (46, 7): 25, (46, 60): 25, (48, 17): 75, (48, 50): 75, (50, 26): 75, (50, 41): 75, (51, 12): 25, (51, 55): 25, (53, 2): 75, (53, 65): 75, (54, 26): 75, (54, 41): 75, (55, 8): 75, (55, 59): 75, (57, 29): 75, (57, 38): 75, (60, 8): 15, (60, 59): 15, (64, 3): 75, (64, 64): 75, (65, 32): 75, (65, 35): 75, (66, 33): 25, (66, 34): 25}
 
71, 60, False, 4, 15
{'infinity': 1, (0, 3): 15, (0, 68): 15, (1, 1): 5, (1, 70): 5, (3, 3): 3, (3, 68): 3, (4, 26): 30, (4, 45): 30, (5, 35): 30, (5, 36): 30, (6, 10): 10, (6, 61): 10, (7, 17): 5, (7, 54): 5, (9, 35): 30, (9, 36): 30, (13, 32): 6, (13, 39): 6, (14, 0): 2, (15, 14): 15, (15, 57): 15, (17, 15): 30, (17, 56): 30, (20, 27): 15, (20, 44): 15, (21, 8): 6, (21, 63): 6, (25, 12): 30, (25, 59): 30, (26, 13): 30, (26, 58): 30, (28, 14): 30, (28, 57): 30, (30, 16): 30, (30, 55): 30, (35, 18): 10, (35, 53): 10, (36, 7): 10, (36, 64): 10, (46, 4): 6, (46, 67): 6, (48, 30): 30, (48, 41): 30, (50, 5): 10, (50, 66): 10, (53, 27): 10, (53, 44): 10, (54, 19): 30, (54, 52): 30, (57, 35): 10, (57, 36): 10, (62, 0): 2, (65, 29): 30, (65, 42): 30, (66, 0): 2, (68, 3): 15, (68, 68): 15, (69, 27): 30, (69, 44): 30}
 
73, 84, False, 2, 42
{'infinity': 1, (0, 3): 14, (0, 70): 14, (1, 1): 42, (1, 72): 42, (2, 27): 14, (2, 46): 14, (3, 3): 3, (3, 70): 3, (4, 16): 14, (4, 57): 14, (5, 4): 21, (5, 69): 21, (6, 5): 14, (6, 68): 14, (7, 17): 21, (7, 56): 21, (9, 0): 2, (11, 0): 2, (12, 13): 7, (12, 60): 7, (14, 27): 14, (14, 46): 14, (15, 16): 21, (15, 57): 21, (16, 26): 42, (16, 47): 42, (17, 30): 21, (17, 43): 21, (19, 28): 42, (19, 45): 42, (20, 23): 42, (20, 50): 42, (23, 17): 14, (23, 56): 14, (25, 15): 42, (25, 58): 42, (26, 14): 42, (26, 59): 42, (32, 2): 42, (32, 71): 42, (33, 5): 42, (33, 68): 42, (34, 5): 21, (34, 68): 21, (37, 18): 42, (37, 55): 42, (38, 9): 42, (38, 64): 42, (43, 17): 6, (43, 56): 6, (47, 25): 21, (47, 48): 21, (48, 31): 42, (48, 42): 42, (51, 12): 42, (51, 61): 42, (53, 0): 2, (54, 16): 6, (54, 57): 6, (56, 33): 14, (56, 40): 14, (57, 27): 7, (57, 46): 7, (58, 28): 6, (58, 45): 6, (59, 26): 7, (59, 47): 7, (60, 22): 42, (60, 51): 42, (62, 23): 42, (62, 50): 42, (63, 11): 42, (63, 62): 42, (64, 23): 14, (64, 50): 14, (68, 32): 42, (68, 41): 42, (69, 28): 14, (69, 45): 14, (70, 3): 42, (70, 70): 42, (71, 26): 42, (71, 47): 42}
 
79, 69, True, 2, 25
{'infinity': 1, (0, 3): 69, (0, 76): 69, (1, 1): 69, (1, 78): 69, (3, 3): 3, (3, 76): 3, (5, 22): 69, (5, 57): 69, (6, 31): 69, (6, 48): 69, (7, 17): 69, (7, 62): 69, (9, 5): 69, (9, 74): 69, (10, 34): 23, (10, 45): 23, (12, 7): 69, (12, 72): 69, (14, 39): 69, (14, 40): 69, (15, 22): 23, (15, 57): 23, (16, 13): 69, (16, 66): 69, (20, 18): 69, (20, 61): 69, (22, 30): 69, (22, 49): 69, (23, 35): 69, (23, 44): 69, (25, 2): 23, (25, 77): 23, (26, 34): 23, (26, 45): 23, (29, 11): 69, (29, 68): 69, (32, 39): 69, (32, 40): 69, (33, 39): 69, (33, 40): 69, (35, 15): 69, (35, 64): 69, (43, 34): 23, (43, 45): 23, (50, 23): 69, (50, 56): 69, (58, 38): 69, (58, 41): 69, (59, 22): 69, (59, 57): 69, (60, 6): 23, (60, 73): 23, (64, 18): 23, (64, 61): 23, (66, 33): 23, (66, 46): 23, (70, 25): 23, (70, 54): 23, (72, 19): 23, (72, 60): 23, (73, 20): 69, (73, 59): 69, (74, 18): 69, (74, 61): 69, (76, 3): 23, (76, 76): 23, (77, 16): 69, (77, 63): 69}
 
83, 75, True, 1, 75
{'infinity': 1, (0, 3): 25, (0, 80): 25, (1, 1): 75, (1, 82): 75, (3, 3): 3, (3, 80): 3, (4, 28): 75, (4, 55): 75, (7, 17): 75, (7, 66): 75, (15, 26): 75, (15, 57): 75, (17, 11): 25, (17, 72): 25, (20, 39): 15, (20, 44): 15, (22, 1): 5, (22, 82): 5, (23, 10): 25, (23, 73): 25, (26, 2): 15, (26, 81): 15, (27, 39): 75, (27, 44): 75, (32, 6): 75, (32, 77): 75, (36, 39): 25, (36, 44): 25, (37, 23): 25, (37, 60): 25, (41, 13): 75, (41, 70): 75, (43, 14): 75, (43, 69): 75, (45, 33): 75, (45, 50): 75, (46, 30): 5, (46, 53): 5, (48, 32): 25, (48, 51): 25, (49, 41): 75, (49, 42): 75, (50, 15): 75, (50, 68): 75, (51, 27): 25, (51, 56): 25, (60, 1): 75, (60, 82): 75, (61, 10): 15, (61, 73): 15, (64, 25): 75, (64, 58): 75, (66, 35): 75, (66, 48): 75, (67, 37): 75, (67, 46): 75, (70, 2): 15, (70, 81): 15, (71, 7): 75, (71, 76): 75, (73, 26): 25, (73, 57): 25, (74, 5): 75, (74, 78): 75, (76, 12): 25, (76, 71): 25, (78, 26): 75, (78, 57): 75, (79, 8): 25, (79, 75): 25, (80, 3): 75, (80, 80): 75, (82, 10): 75, (82, 73): 75}
 
89, 96, False, 2, 48
{'infinity': 1, (0, 3): 48, (0, 86): 48, (1, 1): 16, (1, 88): 16, (2, 34): 48, (2, 55): 48, (3, 3): 3, (3, 86): 3, (5, 0): 2, (7, 17): 8, (7, 72): 8, (8, 2): 48, (8, 87): 48, (9, 37): 16, (9, 52): 16, (11, 23): 24, (11, 66): 24, (13, 24): 24, (13, 65): 24, (15, 32): 24, (15, 57): 24, (16, 32): 24, (16, 57): 24, (18, 28): 12, (18, 61): 12, (19, 17): 48, (19, 72): 48, (24, 0): 2, (26, 21): 8, (26, 68): 8, (27, 15): 48, (27, 74): 48, (29, 14): 48, (29, 75): 48, (30, 22): 48, (30, 67): 48, (32, 2): 48, (32, 87): 48, (33, 7): 16, (33, 82): 16, (34, 5): 16, (34, 84): 16, (37, 20): 16, (37, 69): 16, (38, 31): 8, (38, 58): 8, (43, 39): 4, (43, 50): 4, (44, 43): 6, (44, 46): 6, (46, 30): 16, (46, 59): 16, (47, 13): 48, (47, 76): 48, (49, 2): 12, (49, 87): 12, (51, 6): 12, (51, 83): 12, (54, 13): 48, (54, 76): 48, (58, 32): 12, (58, 57): 12, (59, 35): 8, (59, 54): 8, (60, 0): 2, (61, 5): 6, (61, 84): 6, (63, 17): 48, (63, 72): 48, (65, 14): 24, (65, 75): 24, (66, 8): 16, (66, 81): 16, (69, 33): 24, (69, 56): 24, (70, 21): 24, (70, 68): 24, (72, 12): 48, (72, 77): 48, (77, 13): 4, (77, 76): 4, (79, 16): 48, (79, 73): 48, (80, 42): 24, (80, 47): 24, (82, 21): 6, (82, 68): 6, (83, 5): 48, (83, 84): 48, (84, 14): 16, (84, 75): 16, (86, 3): 48, (86, 86): 48, (88, 27): 48, (88, 62): 48}
 
97, 87, True, 2, 31
{'infinity': 1, (0, 3): 87, (0, 94): 87, (1, 1): 87, (1, 96): 87, (2, 22): 29, (2, 75): 29, (3, 3): 3, (3, 94): 3, (5, 34): 87, (5, 63): 87, (7, 17): 87, (7, 80): 87, (8, 35): 87, (8, 62): 87, (9, 47): 87, (9, 50): 87, (14, 28): 29, (14, 69): 29, (15, 40): 29, (15, 57): 29, (16, 9): 29, (16, 88): 29, (17, 4): 87, (17, 93): 87, (18, 21): 29, (18, 76): 29, (19, 2): 87, (19, 95): 87, (26, 45): 29, (26, 52): 29, (27, 7): 87, (27, 90): 87, (29, 9): 87, (29, 88): 87, (30, 8): 87, (30, 89): 87, (31, 18): 29, (31, 79): 29, (32, 24): 87, (32, 73): 87, (33, 27): 87, (33, 70): 87, (36, 13): 29, (36, 84): 29, (38, 5): 87, (38, 92): 87, (39, 1): 87, (39, 96): 87, (41, 46): 87, (41, 51): 87, (42, 22): 29, (42, 75): 29, (50, 37): 87, (50, 60): 87, (52, 9): 87, (52, 88): 87, (53, 22): 29, (53, 75): 29, (56, 6): 87, (56, 91): 87, (57, 1): 29, (57, 96): 29, (60, 41): 87, (60, 56): 87, (61, 25): 29, (61, 72): 29, (62, 41): 29, (62, 56): 29, (64, 29): 87, (64, 68): 87, (65, 11): 87, (65, 86): 87, (70, 39): 87, (70, 58): 87, (72, 41): 87, (72, 56): 87, (75, 36): 87, (75, 61): 87, (79, 16): 87, (79, 81): 87, (80, 14): 87, (80, 83): 87, (89, 32): 87, (89, 65): 87, (94, 3): 29, (94, 94): 29}
 
101, 117, True, 1, 117
{'infinity': 1, (0, 3): 117, (0, 98): 117, (1, 1): 117, (1, 100): 117, (2, 10): 39, (2, 91): 39, (3, 3): 3, (3, 98): 3, (4, 21): 117, (4, 80): 117, (6, 26): 117, (6, 75): 117, (7, 17): 117, (7, 84): 117, (8, 34): 117, (8, 67): 117, (12, 35): 117, (12, 66): 117, (14, 1): 117, (14, 100): 117, (15, 44): 117, (15, 57): 117, (16, 27): 13, (16, 74): 13, (17, 27): 117, (17, 74): 117, (18, 15): 39, (18, 86): 39, (19, 43): 39, (19, 58): 39, (20, 31): 117, (20, 70): 117, (21, 30): 117, (21, 71): 117, (22, 37): 117, (22, 64): 117, (26, 22): 117, (26, 79): 117, (28, 14): 117, (28, 87): 117, (32, 13): 117, (32, 88): 117, (33, 20): 39, (33, 81): 39, (34, 18): 117, (34, 83): 117, (37, 43): 39, (37, 58): 39, (38, 10): 117, (38, 91): 117, (40, 25): 39, (40, 76): 39, (44, 19): 39, (44, 82): 39, (45, 43): 13, (45, 58): 13, (48, 33): 117, (48, 68): 117, (54, 29): 117, (54, 72): 117, (55, 42): 117, (55, 59): 117, (56, 47): 117, (56, 54): 117, (60, 6): 13, (60, 95): 13, (61, 10): 117, (61, 91): 117, (62, 5): 117, (62, 96): 117, (63, 25): 13, (63, 76): 13, (64, 47): 117, (64, 54): 117, (65, 6): 9, (65, 95): 9, (66, 24): 117, (66, 77): 117, (68, 27): 117, (68, 74): 117, (72, 11): 39, (72, 90): 39, (73, 23): 117, (73, 78): 117, (77, 6): 117, (77, 95): 117, (78, 13): 117, (78, 88): 117, (82, 47): 117, (82, 54): 117, (83, 46): 39, (83, 55): 39, (84, 20): 117, (84, 81): 117, (85, 20): 9, (85, 81): 9, (86, 1): 117, (86, 100): 117, (87, 44): 117, (87, 57): 117, (89, 45): 39, (89, 56): 39, (92, 13): 39, (92, 88): 39, (95, 7): 13, (95, 94): 13, (96, 38): 13, (96, 63): 13, (97, 48): 9, (97, 53): 9, (98, 3): 117, (98, 98): 117, (99, 25): 39, (99, 76): 39, (100, 44): 117, (100, 57): 117}
 
103, 111, True, 1, 111
{'infinity': 1, (0, 3): 37, (0, 100): 37, (1, 1): 111, (1, 102): 111, (3, 3): 3, (3, 100): 3, (6, 45): 111, (6, 58): 111, (7, 17): 111, (7, 86): 111, (13, 21): 111, (13, 82): 111, (14, 19): 111, (14, 84): 111, (15, 46): 111, (15, 57): 111, (18, 23): 111, (18, 80): 111, (19, 38): 37, (19, 65): 37, (20, 1): 111, (20, 102): 111, (21, 29): 111, (21, 74): 111, (22, 46): 37, (22, 57): 37, (28, 39): 37, (28, 64): 37, (31, 28): 111, (31, 75): 111, (35, 37): 111, (35, 66): 111, (38, 19): 37, (38, 84): 37, (39, 24): 111, (39, 79): 111, (40, 43): 111, (40, 60): 111, (41, 13): 37, (41, 90): 37, (43, 5): 111, (43, 98): 111, (44, 50): 37, (44, 53): 37, (46, 27): 111, (46, 76): 111, (47, 10): 37, (47, 93): 37, (50, 49): 37, (50, 54): 37, (51, 19): 111, (51, 84): 111, (54, 18): 111, (54, 85): 111, (55, 33): 37, (55, 70): 37, (58, 49): 111, (58, 54): 111, (59, 14): 111, (59, 89): 111, (62, 40): 37, (62, 63): 37, (63, 34): 111, (63, 69): 111, (64, 36): 111, (64, 67): 111, (66, 46): 111, (66, 57): 111, (68, 20): 111, (68, 83): 111, (70, 25): 37, (70, 78): 37, (72, 26): 37, (72, 77): 37, (73, 33): 111, (73, 70): 111, (76, 6): 37, (76, 97): 37, (78, 33): 111, (78, 70): 111, (79, 10): 111, (79, 93): 111, (80, 10): 111, (80, 93): 111, (82, 1): 111, (82, 102): 111, (83, 29): 37, (83, 74): 37, (84, 4): 111, (84, 99): 111, (85, 2): 111, (85, 101): 111, (90, 35): 37, (90, 68): 37, (92, 42): 37, (92, 61): 37, (93, 51): 111, (93, 52): 111, (94, 44): 111, (94, 59): 111, (96, 48): 111, (96, 55): 111, (98, 49): 111, (98, 54): 111, (100, 3): 111, (100, 100): 111, (101, 15): 37, (101, 88): 37, (102, 29): 111, (102, 74): 111}
 
107, 120, False, 4, 30
{'infinity': 1, (0, 3): 30, (0, 104): 30, (1, 1): 10, (1, 106): 10, (3, 3): 3, (3, 104): 3, (4, 12): 6, (4, 95): 6, (5, 14): 60, (5, 93): 60, (6, 8): 30, (6, 99): 30, (7, 17): 5, (7, 90): 5, (11, 8): 10, (11, 99): 10, (13, 22): 20, (13, 85): 20, (15, 50): 15, (15, 57): 15, (17, 32): 60, (17, 75): 60, (23, 29): 30, (23, 78): 30, (25, 1): 20, (25, 106): 20, (29, 13): 15, (29, 94): 15, (35, 25): 20, (35, 82): 20, (36, 44): 10, (36, 63): 10, (37, 50): 60, (37, 57): 60, (38, 41): 60, (38, 66): 60, (41, 9): 12, (41, 98): 12, (43, 22): 6, (43, 85): 6, (44, 38): 60, (44, 69): 60, (45, 10): 60, (45, 97): 60, (47, 49): 12, (47, 58): 12, (49, 42): 20, (49, 65): 20, (50, 15): 30, (50, 92): 30, (51, 22): 60, (51, 85): 60, (52, 34): 10, (52, 73): 10, (53, 0): 2, (55, 50): 20, (55, 57): 20, (56, 47): 15, (56, 60): 15, (61, 52): 60, (61, 55): 60, (62, 5): 60, (62, 102): 60, (64, 47): 60, (64, 60): 60, (66, 30): 30, (66, 77): 30, (67, 26): 30, (67, 81): 30, (68, 31): 30, (68, 76): 30, (69, 7): 6, (69, 100): 6, (70, 34): 60, (70, 73): 60, (72, 28): 30, (72, 79): 30, (74, 0): 2, (75, 48): 30, (75, 59): 30, (76, 52): 4, (76, 55): 4, (77, 52): 30, (77, 55): 30, (79, 43): 60, (79, 64): 60, (81, 1): 20, (81, 106): 20, (84, 51): 10, (84, 56): 10, (87, 0): 2, (88, 13): 5, (88, 94): 5, (89, 44): 20, (89, 63): 20, (90, 8): 30, (90, 99): 30, (91, 4): 60, (91, 103): 60, (92, 34): 12, (92, 73): 12, (94, 47): 20, (94, 60): 20, (95, 23): 60, (95, 84): 60, (96, 32): 12, (96, 75): 12, (97, 13): 15, (97, 94): 15, (98, 18): 4, (98, 89): 4, (101, 32): 10, (101, 75): 10, (102, 6): 60, (102, 101): 60, (104, 3): 30, (104, 104): 30, (105, 33): 60, (105, 74): 60}
 
109, 108, False, 13, 8
{'infinity': 1, (0, 3): 6, (0, 106): 6, (1, 1): 6, (1, 108): 6, (2, 33): 18, (2, 76): 18, (3, 3): 3, (3, 106): 3, (5, 31): 18, (5, 78): 18, (7, 17): 3, (7, 92): 3, (9, 49): 18, (9, 60): 18, (15, 52): 3, (15, 57): 3, (17, 54): 18, (17, 55): 18, (19, 22): 18, (19, 87): 18, (21, 19): 9, (21, 90): 9, (22, 39): 18, (22, 70): 18, (23, 52): 18, (23, 57): 18, (26, 42): 18, (26, 67): 18, (29, 22): 6, (29, 87): 6, (30, 19): 6, (30, 90): 6, (32, 15): 9, (32, 94): 9, (34, 51): 6, (34, 58): 6, (36, 4): 9, (36, 105): 9, (37, 25): 18, (37, 84): 18, (40, 50): 18, (40, 59): 18, (41, 0): 2, (42, 12): 18, (42, 97): 18, (43, 39): 18, (43, 70): 18, (44, 39): 6, (44, 70): 6, (50, 9): 9, (50, 100): 9, (51, 23): 18, (51, 86): 18, (52, 53): 18, (52, 56): 18, (53, 13): 9, (53, 96): 9, (54, 38): 18, (54, 71): 18, (55, 10): 18, (55, 99): 18, (57, 32): 6, (57, 77): 6, (58, 19): 18, (58, 90): 18, (59, 41): 6, (59, 68): 6, (61, 22): 9, (61, 87): 9, (63, 36): 18, (63, 73): 18, (69, 5): 9, (69, 104): 9, (71, 52): 18, (71, 57): 18, (76, 11): 9, (76, 98): 9, (78, 6): 18, (78, 103): 18, (79, 23): 18, (79, 86): 18, (81, 0): 2, (82, 25): 18, (82, 84): 18, (84, 14): 3, (84, 95): 3, (85, 35): 18, (85, 74): 18, (88, 23): 18, (88, 86): 18, (91, 15): 18, (91, 94): 18, (92, 46): 18, (92, 63): 18, (95, 15): 6, (95, 94): 6, (96, 0): 2, (99, 25): 6, (99, 84): 6, (100, 48): 6, (100, 61): 6, (101, 21): 9, (101, 88): 9, (104, 16): 18, (104, 93): 18, (106, 3): 6, (106, 106): 6}
 
113, 105, True, 7, 15
{'infinity': 1, (0, 3): 5, (0, 110): 5, (1, 1): 15, (1, 112): 15, (2, 15): 21, (2, 98): 21, (3, 3): 3, (3, 110): 3, (7, 17): 15, (7, 96): 15, (10, 44): 35, (10, 69): 35, (11, 26): 35, (11, 87): 35, (14, 49): 21, (14, 64): 21, (15, 56): 15, (15, 57): 15, (19, 16): 105, (19, 97): 105, (20, 22): 35, (20, 91): 35, (21, 43): 105, (21, 70): 105, (22, 17): 21, (22, 96): 21, (23, 45): 35, (23, 68): 35, (24, 31): 21, (24, 82): 21, (25, 43): 7, (25, 70): 7, (26, 47): 7, (26, 66): 7, (27, 37): 105, (27, 76): 105, (28, 37): 105, (28, 76): 105, (31, 49): 35, (31, 64): 35, (34, 19): 105, (34, 94): 105, (35, 9): 105, (35, 104): 105, (36, 24): 105, (36, 89): 105, (37, 48): 105, (37, 65): 105, (39, 45): 105, (39, 68): 105, (40, 16): 105, (40, 97): 105, (41, 14): 35, (41, 99): 35, (47, 50): 105, (47, 63): 105, (49, 6): 105, (49, 107): 105, (51, 45): 105, (51, 68): 105, (54, 16): 35, (54, 97): 35, (58, 37): 35, (58, 76): 35, (60, 54): 105, (60, 59): 105, (61, 21): 105, (61, 92): 105, (63, 18): 35, (63, 95): 35, (64, 35): 105, (64, 78): 105, (66, 2): 35, (66, 111): 35, (67, 43): 105, (67, 70): 105, (68, 49): 105, (68, 64): 105, (70, 21): 105, (70, 92): 105, (71, 38): 105, (71, 75): 105, (76, 55): 105, (76, 58): 105, (77, 32): 35, (77, 81): 35, (78, 29): 7, (78, 84): 7, (79, 30): 105, (79, 83): 105, (80, 23): 35, (80, 90): 35, (83, 25): 105, (83, 88): 105, (84, 17): 105, (84, 96): 105, (87, 42): 5, (87, 71): 5, (93, 41): 21, (93, 72): 21, (95, 21): 21, (95, 92): 21, (110, 3): 15, (110, 110): 15}
 
127, 144, False, 6, 24
{'infinity': 1, (0, 3): 24, (0, 124): 24, (1, 1): 8, (1, 126): 8, (3, 3): 3, (3, 124): 3, (4, 52): 12, (4, 75): 12, (6, 60): 24, (6, 67): 24, (7, 17): 4, (7, 110): 4, (8, 24): 6, (8, 103): 6, (9, 28): 12, (9, 99): 12, (10, 41): 6, (10, 86): 6, (11, 15): 12, (11, 112): 12, (14, 50): 6, (14, 77): 6, (15, 57): 12, (15, 70): 12, (17, 18): 6, (17, 109): 6, (20, 35): 12, (20, 92): 12, (21, 8): 24, (21, 119): 24, (23, 44): 12, (23, 83): 12, (25, 13): 6, (25, 114): 6, (26, 29): 24, (26, 98): 24, (27, 48): 24, (27, 79): 24, (30, 14): 24, (30, 113): 24, (32, 55): 24, (32, 72): 24, (34, 48): 12, (34, 79): 12, (36, 42): 24, (36, 85): 24, (37, 52): 12, (37, 75): 12, (39, 7): 24, (39, 120): 24, (40, 28): 24, (40, 99): 24, (43, 32): 12, (43, 95): 12, (44, 56): 6, (44, 71): 6, (46, 41): 6, (46, 86): 6, (47, 44): 12, (47, 83): 12, (48, 21): 24, (48, 106): 24, (50, 37): 24, (50, 90): 24, (51, 11): 24, (51, 116): 24, (52, 24): 4, (52, 103): 4, (53, 33): 24, (53, 94): 24, (54, 53): 3, (54, 74): 3, (56, 49): 24, (56, 78): 24, (57, 44): 6, (57, 83): 6, (58, 17): 24, (58, 110): 24, (61, 0): 2, (62, 17): 24, (62, 110): 24, (63, 51): 24, (63, 76): 24, (64, 46): 24, (64, 81): 24, (66, 48): 24, (66, 79): 24, (67, 24): 12, (67, 103): 12, (71, 41): 6, (71, 86): 6, (74, 31): 24, (74, 96): 24, (78, 28): 8, (78, 99): 8, (81, 49): 24, (81, 78): 24, (82, 27): 24, (82, 100): 24, (86, 52): 3, (86, 75): 3, (91, 63): 8, (91, 64): 8, (92, 11): 24, (92, 116): 24, (93, 0): 2, (95, 26): 12, (95, 101): 12, (96, 56): 24, (96, 71): 24, (97, 40): 12, (97, 87): 12, (98, 30): 24, (98, 97): 24, (99, 36): 24, (99, 91): 24, (100, 0): 2, (102, 22): 6, (102, 105): 6, (103, 25): 24, (103, 102): 24, (105, 10): 24, (105, 117): 24, (106, 9): 24, (106, 118): 24, (108, 59): 12, (108, 68): 12, (111, 11): 3, (111, 116): 3, (112, 43): 8, (112, 84): 8, (114, 56): 24, (114, 71): 24, (116, 38): 6, (116, 89): 6, (117, 49): 12, (117, 78): 12, (124, 3): 24, (124, 124): 24, (125, 20): 6, (125, 107): 6, (126, 12): 12, (126, 115): 12}
 
131, 153, True, 1, 153
{'infinity': 1, (0, 3): 153, (0, 128): 153, (1, 1): 153, (1, 130): 153, (3, 3): 3, (3, 128): 3, (5, 58): 51, (5, 73): 51, (7, 17): 153, (7, 114): 153, (11, 18): 17, (11, 113): 17, (14, 20): 153, (14, 111): 153, (15, 57): 153, (15, 74): 153, (17, 61): 153, (17, 70): 153, (18, 35): 153, (18, 96): 153, (19, 4): 9, (19, 127): 9, (20, 10): 153, (20, 121): 153, (23, 21): 153, (23, 110): 153, (26, 37): 17, (26, 94): 17, (27, 42): 153, (27, 89): 153, (28, 15): 51, (28, 116): 51, (29, 65): 51, (29, 66): 51, (30, 43): 153, (30, 88): 153, (31, 35): 153, (31, 96): 153, (32, 1): 153, (32, 130): 153, (34, 10): 153, (34, 121): 153, (35, 16): 153, (35, 115): 153, (37, 5): 153, (37, 126): 153, (38, 49): 17, (38, 82): 17, (39, 17): 153, (39, 114): 153, (40, 30): 51, (40, 101): 51, (41, 21): 153, (41, 110): 153, (43, 23): 51, (43, 108): 51, (45, 48): 51, (45, 83): 51, (48, 28): 153, (48, 103): 153, (50, 41): 153, (50, 90): 153, (53, 36): 51, (53, 95): 51, (54, 7): 153, (54, 124): 153, (55, 49): 17, (55, 82): 17, (56, 57): 153, (56, 74): 153, (58, 8): 153, (58, 123): 153, (60, 57): 153, (60, 74): 153, (63, 14): 17, (63, 117): 17, (64, 25): 153, (64, 106): 153, (66, 26): 153, (66, 105): 153, (67, 21): 51, (67, 110): 51, (68, 52): 17, (68, 79): 17, (69, 2): 51, (69, 129): 51, (71, 31): 153, (71, 100): 153, (72, 62): 153, (72, 69): 153, (74, 63): 51, (74, 68): 51, (75, 31): 153, (75, 100): 153, (77, 10): 153, (77, 121): 153, (79, 63): 9, (79, 68): 9, (82, 35): 153, (82, 96): 153, (83, 46): 153, (83, 85): 153, (84, 19): 153, (84, 112): 153, (85, 17): 51, (85, 114): 51, (87, 41): 9, (87, 90): 9, (88, 12): 153, (88, 119): 153, (89, 24): 153, (89, 107): 153, (90, 25): 153, (90, 106): 153, (91, 64): 153, (91, 67): 153, (97, 7): 153, (97, 124): 153, (98, 1): 51, (98, 130): 51, (101, 38): 51, (101, 93): 51, (103, 29): 153, (103, 102): 153, (107, 5): 153, (107, 126): 153, (108, 25): 51, (108, 106): 51, (109, 63): 153, (109, 68): 153, (110, 32): 153, (110, 99): 153, (111, 7): 153, (111, 124): 153, (116, 31): 153, (116, 100): 153, (117, 50): 153, (117, 81): 153, (118, 5): 17, (118, 126): 17, (121, 4): 153, (121, 127): 153, (122, 4): 17, (122, 127): 17, (125, 41): 153, (125, 90): 153, (126, 45): 51, (126, 86): 51, (127, 51): 51, (127, 80): 51, (128, 3): 153, (128, 128): 153}
 
137, 141, True, 2, 49
{'infinity': 1, (0, 3): 141, (0, 134): 141, (1, 1): 141, (1, 136): 141, (2, 37): 141, (2, 100): 141, (3, 3): 3, (3, 134): 3, (4, 41): 141, (4, 96): 141, (6, 50): 141, (6, 87): 141, (7, 17): 141, (7, 120): 141, (8, 60): 141, (8, 77): 141, (9, 66): 47, (9, 71): 47, (11, 62): 141, (11, 75): 141, (12, 56): 141, (12, 81): 141, (13, 50): 47, (13, 87): 47, (15, 57): 47, (15, 80): 47, (19, 11): 141, (19, 126): 141, (21, 54): 47, (21, 83): 47, (23, 18): 141, (23, 119): 141, (25, 32): 47, (25, 105): 47, (28, 36): 141, (28, 101): 141, (29, 5): 141, (29, 132): 141, (34, 28): 141, (34, 109): 141, (35, 28): 141, (35, 109): 141, (37, 18): 141, (37, 119): 141, (40, 9): 141, (40, 128): 141, (41, 46): 141, (41, 91): 141, (46, 49): 47, (46, 88): 47, (51, 63): 141, (51, 74): 141, (52, 51): 141, (52, 86): 141, (53, 60): 47, (53, 77): 47, (54, 56): 47, (54, 81): 47, (55, 16): 141, (55, 121): 141, (58, 14): 141, (58, 123): 141, (60, 67): 47, (60, 70): 47, (64, 27): 141, (64, 110): 141, (65, 7): 141, (65, 130): 141, (67, 31): 47, (67, 106): 47, (68, 28): 141, (68, 109): 141, (69, 59): 47, (69, 78): 47, (70, 4): 47, (70, 133): 47, (71, 56): 141, (71, 81): 141, (76, 60): 141, (76, 77): 141, (77, 18): 47, (77, 119): 47, (81, 42): 47, (81, 95): 47, (82, 6): 141, (82, 131): 141, (86, 61): 141, (86, 76): 141, (87, 35): 47, (87, 102): 47, (88, 22): 47, (88, 115): 47, (90, 27): 141, (90, 110): 141, (92, 42): 141, (92, 95): 141, (97, 38): 141, (97, 99): 141, (98, 15): 141, (98, 122): 141, (100, 67): 141, (100, 70): 141, (101, 42): 141, (101, 95): 141, (102, 59): 141, (102, 78): 141, (103, 59): 141, (103, 78): 141, (104, 20): 141, (104, 117): 141, (105, 51): 141, (105, 86): 141, (108, 33): 47, (108, 104): 47, (113, 52): 141, (113, 85): 141, (114, 67): 141, (114, 70): 141, (117, 51): 47, (117, 86): 47, (118, 50): 141, (118, 87): 141, (119, 40): 141, (119, 97): 141, (120, 27): 141, (120, 110): 141, (121, 21): 141, (121, 116): 141, (124, 11): 141, (124, 126): 141, (131, 11): 47, (131, 126): 47, (133, 23): 47, (133, 114): 47, (134, 3): 47, (134, 134): 47, (135, 29): 47, (135, 108): 47, (136, 47): 47, (136, 90): 47}
 
139, 135, True, 1, 135
{'infinity': 1, (0, 3): 135, (0, 136): 135, (1, 1): 135, (1, 138): 135, (3, 3): 3, (3, 136): 3, (4, 68): 45, (4, 71): 45, (5, 28): 135, (5, 111): 135, (7, 17): 135, (7, 122): 135, (11, 44): 135, (11, 95): 135, (12, 10): 135, (12, 129): 135, (13, 2): 27, (13, 137): 27, (14, 60): 135, (14, 79): 135, (15, 57): 135, (15, 82): 135, (16, 25): 135, (16, 114): 135, (19, 5): 27, (19, 134): 27, (20, 36): 135, (20, 103): 135, (21, 18): 15, (21, 121): 15, (22, 27): 45, (22, 112): 45, (28, 5): 135, (28, 134): 135, (30, 32): 45, (30, 107): 45, (33, 64): 27, (33, 75): 27, (35, 69): 27, (35, 70): 27, (36, 38): 45, (36, 101): 45, (37, 17): 135, (37, 122): 135, (38, 32): 45, (38, 107): 45, (39, 67): 45, (39, 72): 45, (41, 27): 27, (41, 112): 27, (42, 7): 135, (42, 132): 135, (43, 49): 5, (43, 90): 5, (44, 29): 135, (44, 110): 135, (48, 9): 45, (48, 130): 45, (52, 68): 15, (52, 71): 15, (53, 42): 135, (53, 97): 135, (56, 26): 135, (56, 113): 135, (62, 28): 135, (62, 111): 135, (64, 37): 45, (64, 102): 45, (65, 48): 135, (65, 91): 135, (68, 55): 135, (68, 84): 135, (71, 32): 45, (71, 107): 45, (72, 28): 135, (72, 111): 135, (74, 63): 15, (74, 76): 15, (76, 27): 135, (76, 112): 135, (80, 66): 27, (80, 73): 27, (83, 68): 45, (83, 71): 45, (87, 26): 135, (87, 113): 135, (88, 59): 45, (88, 80): 45, (90, 16): 135, (90, 123): 135, (92, 5): 135, (92, 134): 135, (95, 17): 135, (95, 122): 135, (99, 46): 45, (99, 93): 45, (100, 33): 135, (100, 106): 135, (101, 55): 9, (101, 84): 9, (102, 29): 135, (102, 110): 135, (104, 20): 9, (104, 119): 9, (107, 65): 135, (107, 74): 135, (109, 55): 135, (109, 84): 135, (110, 22): 135, (110, 117): 135, (112, 53): 9, (112, 86): 9, (113, 43): 135, (113, 96): 135, (114, 49): 135, (114, 90): 135, (119, 23): 135, (119, 116): 135, (121, 49): 27, (121, 90): 27, (127, 14): 135, (127, 125): 135, (128, 58): 135, (128, 81): 135, (131, 60): 27, (131, 79): 27, (132, 29): 27, (132, 110): 27, (133, 60): 5, (133, 79): 5, (135, 26): 15, (135, 113): 15, (136, 3): 135, (136, 136): 135}
 
149, 165, True, 12, 13
{'infinity': 1, (0, 3): 33, (0, 146): 33, (1, 1): 33, (1, 148): 33, (2, 44): 165, (2, 105): 165, (3, 3): 3, (3, 146): 3, (4, 22): 165, (4, 127): 165, (6, 52): 55, (6, 97): 55, (7, 17): 33, (7, 132): 33, (9, 43): 165, (9, 106): 165, (10, 5): 165, (10, 144): 165, (11, 7): 165, (11, 142): 165, (15, 57): 11, (15, 92): 11, (17, 1): 33, (17, 148): 33, (18, 49): 15, (18, 100): 15, (20, 9): 165, (20, 140): 165, (22, 25): 165, (22, 124): 165, (23, 7): 165, (23, 142): 165, (26, 31): 165, (26, 118): 165, (28, 36): 55, (28, 113): 55, (29, 44): 165, (29, 105): 165, (30, 51): 165, (30, 98): 165, (31, 67): 165, (31, 82): 165, (32, 56): 165, (32, 93): 165, (34, 72): 55, (34, 77): 55, (35, 36): 55, (35, 113): 55, (37, 50): 165, (37, 99): 165, (38, 68): 165, (38, 81): 165, (40, 18): 165, (40, 131): 165, (42, 34): 165, (42, 115): 165, (44, 4): 165, (44, 145): 165, (46, 9): 165, (46, 140): 165, (49, 38): 165, (49, 111): 165, (50, 12): 165, (50, 137): 165, (53, 68): 33, (53, 81): 33, (56, 33): 55, (56, 116): 55, (58, 68): 55, (58, 81): 55, (61, 40): 55, (61, 109): 55, (62, 71): 33, (62, 78): 33, (63, 19): 55, (63, 130): 55, (64, 23): 33, (64, 126): 33, (66, 58): 165, (66, 91): 165, (68, 66): 165, (68, 83): 165, (78, 28): 165, (78, 121): 165, (81, 70): 165, (81, 79): 165, (83, 9): 55, (83, 140): 55, (84, 24): 55, (84, 125): 55, (85, 54): 165, (85, 95): 165, (86, 36): 55, (86, 113): 55, (90, 6): 165, (90, 143): 165, (93, 11): 15, (93, 138): 15, (98, 24): 55, (98, 125): 55, (100, 8): 55, (100, 141): 55, (103, 58): 165, (103, 91): 165, (104, 46): 165, (104, 103): 165, (107, 59): 165, (107, 90): 165, (110, 55): 165, (110, 94): 165, (113, 4): 55, (113, 145): 55, (114, 19): 33, (114, 130): 33, (115, 7): 11, (115, 142): 11, (116, 24): 55, (116, 125): 55, (118, 44): 55, (118, 105): 55, (120, 67): 55, (120, 82): 55, (121, 19): 165, (121, 130): 165, (122, 45): 55, (122, 104): 55, (123, 10): 11, (123, 139): 11, (126, 72): 165, (126, 77): 165, (128, 18): 165, (128, 131): 165, (129, 58): 165, (129, 91): 165, (130, 18): 55, (130, 131): 55, (131, 1): 11, (131, 148): 11, (132, 49): 15, (132, 100): 15, (133, 26): 165, (133, 123): 165, (134, 14): 5, (134, 135): 5, (135, 64): 165, (135, 85): 165, (137, 37): 15, (137, 112): 15, (138, 72): 33, (138, 77): 33, (139, 69): 55, (139, 80): 55, (141, 4): 33, (141, 145): 33, (143, 61): 165, (143, 88): 165, (145, 32): 165, (145, 117): 165, (146, 3): 11, (146, 146): 11, (147, 67): 165, (147, 82): 165, (148, 49): 5, (148, 100): 5}
 
151, 165, True, 1, 165
{'infinity': 1, (0, 3): 55, (0, 148): 55, (1, 1): 165, (1, 150): 165, (3, 3): 3, (3, 148): 3, (4, 43): 165, (4, 108): 165, (6, 41): 11, (6, 110): 11, (7, 17): 165, (7, 134): 165, (15, 57): 165, (15, 94): 165, (17, 36): 55, (17, 115): 55, (20, 66): 33, (20, 85): 33, (21, 25): 165, (21, 126): 165, (22, 74): 165, (22, 77): 165, (23, 74): 165, (23, 77): 165, (26, 52): 55, (26, 99): 55, (27, 11): 55, (27, 140): 55, (28, 56): 165, (28, 95): 165, (29, 66): 165, (29, 85): 165, (31, 23): 55, (31, 128): 55, (34, 7): 33, (34, 144): 33, (35, 17): 165, (35, 134): 165, (40, 57): 55, (40, 94): 55, (42, 22): 55, (42, 129): 55, (43, 55): 55, (43, 96): 55, (44, 29): 165, (44, 122): 165, (47, 27): 15, (47, 124): 15, (48, 40): 55, (48, 111): 55, (51, 23): 11, (51, 128): 11, (52, 25): 11, (52, 126): 11, (53, 60): 165, (53, 91): 165, (54, 20): 165, (54, 131): 165, (55, 53): 33, (55, 98): 33, (57, 4): 165, (57, 147): 165, (62, 16): 15, (62, 135): 15, (63, 43): 165, (63, 108): 165, (64, 14): 33, (64, 137): 33, (66, 39): 33, (66, 112): 33, (69, 23): 55, (69, 128): 55, (70, 45): 11, (70, 106): 11, (73, 65): 55, (73, 86): 55, (74, 75): 165, (74, 76): 165, (76, 34): 165, (76, 117): 165, (78, 25): 165, (78, 126): 165, (83, 32): 55, (83, 119): 55, (84, 43): 33, (84, 108): 33, (86, 51): 55, (86, 100): 55, (87, 44): 11, (87, 107): 11, (89, 8): 165, (89, 143): 165, (92, 70): 165, (92, 81): 165, (93, 71): 165, (93, 80): 165, (94, 46): 55, (94, 105): 55, (96, 57): 165, (96, 94): 165, (98, 58): 55, (98, 93): 55, (99, 65): 165, (99, 86): 165, (101, 51): 165, (101, 100): 165, (102, 66): 55, (102, 85): 55, (104, 73): 33, (104, 78): 33, (105, 28): 165, (105, 123): 165, (106, 74): 55, (106, 77): 55, (109, 17): 165, (109, 134): 165, (110, 39): 165, (110, 112): 165, (111, 53): 55, (111, 98): 55, (114, 24): 165, (114, 127): 165, (115, 51): 33, (115, 100): 33, (116, 22): 33, (116, 129): 33, (118, 55): 5, (118, 96): 5, (119, 30): 55, (119, 121): 55, (125, 33): 165, (125, 118): 165, (126, 39): 15, (126, 112): 15, (130, 65): 15, (130, 86): 15, (132, 56): 165, (132, 95): 165, (134, 9): 165, (134, 142): 165, (136, 53): 165, (136, 98): 165, (138, 63): 165, (138, 88): 165, (139, 72): 33, (139, 79): 33, (140, 49): 165, (140, 102): 165, (141, 55): 55, (141, 96): 55, (142, 56): 165, (142, 95): 165, (143, 18): 165, (143, 133): 165, (144, 22): 165, (144, 129): 165, (146, 69): 165, (146, 82): 165, (148, 3): 165, (148, 148): 165, (149, 64): 165, (149, 87): 165, (150, 35): 5, (150, 116): 5}
 
157, 171, False, 2, 59
{'infinity': 1, (0, 3): 57, (0, 154): 57, (1, 1): 57, (1, 156): 57, (2, 28): 57, (2, 129): 57, (3, 3): 3, (3, 154): 3, (4, 42): 57, (4, 115): 57, (5, 51): 57, (5, 106): 57, (6, 64): 57, (6, 93): 57, (7, 17): 57, (7, 140): 57, (13, 26): 19, (13, 131): 19, (14, 30): 57, (14, 127): 57, (15, 57): 57, (15, 100): 57, (16, 6): 57, (16, 151): 57, (18, 59): 57, (18, 98): 57, (21, 17): 57, (21, 140): 57, (23, 42): 57, (23, 115): 57, (24, 30): 57, (24, 127): 57, (26, 9): 57, (26, 148): 57, (27, 74): 57, (27, 83): 57, (30, 7): 57, (30, 150): 57, (32, 33): 57, (32, 124): 57, (33, 18): 57, (33, 139): 57, (34, 68): 19, (34, 89): 19, (37, 51): 19, (37, 106): 19, (40, 8): 57, (40, 149): 57, (41, 57): 57, (41, 100): 57, (42, 20): 57, (42, 137): 57, (43, 1): 57, (43, 156): 57, (44, 71): 57, (44, 86): 57, (45, 53): 57, (45, 104): 57, (50, 23): 57, (50, 134): 57, (52, 24): 57, (52, 133): 57, (53, 63): 57, (53, 94): 57, (54, 12): 57, (54, 145): 57, (57, 34): 57, (57, 123): 57, (58, 62): 57, (58, 95): 57, (61, 19): 57, (61, 138): 57, (62, 9): 19, (62, 148): 19, (63, 4): 57, (63, 153): 57, (68, 65): 57, (68, 92): 57, (69, 9): 57, (69, 148): 57, (71, 48): 3, (71, 109): 3, (72, 26): 19, (72, 131): 19, (73, 39): 57, (73, 118): 57, (78, 70): 57, (78, 87): 57, (82, 36): 57, (82, 121): 57, (83, 36): 57, (83, 121): 57, (84, 58): 57, (84, 99): 57, (85, 21): 57, (85, 136): 57, (87, 29): 57, (87, 128): 57, (90, 70): 57, (90, 87): 57, (93, 72): 57, (93, 85): 57, (97, 61): 57, (97, 96): 57, (98, 49): 19, (98, 108): 19, (99, 16): 57, (99, 141): 57, (100, 78): 57, (100, 79): 57, (101, 57): 57, (101, 100): 57, (103, 38): 57, (103, 119): 57, (106, 47): 57, (106, 110): 57, (107, 66): 57, (107, 91): 57, (111, 37): 57, (111, 120): 57, (112, 52): 57, (112, 105): 57, (113, 1): 3, (113, 156): 3, (114, 71): 19, (114, 86): 19, (115, 51): 57, (115, 106): 57, (117, 41): 57, (117, 116): 57, (119, 30): 19, (119, 127): 19, (120, 20): 57, (120, 137): 57, (122, 56): 57, (122, 101): 57, (126, 22): 57, (126, 135): 57, (127, 35): 3, (127, 122): 3, (129, 17): 57, (129, 140): 57, (130, 42): 57, (130, 115): 57, (134, 74): 57, (134, 83): 57, (137, 14): 57, (137, 143): 57, (139, 73): 57, (139, 84): 57, (144, 21): 57, (144, 136): 57, (146, 70): 57, (146, 87): 57, (148, 60): 57, (148, 97): 57, (149, 36): 57, (149, 121): 57, (151, 2): 57, (151, 155): 57, (152, 20): 57, (152, 137): 57, (153, 74): 19, (153, 83): 19, (154, 3): 57, (154, 154): 57, (155, 31): 57, (155, 126): 57, (156, 71): 57, (156, 86): 57}
 
163, 144, False, 2, 72
{'infinity': 1, (0, 3): 72, (0, 160): 72, (1, 1): 72, (1, 162): 72, (3, 3): 3, (3, 160): 3, (7, 17): 36, (7, 146): 36, (10, 58): 18, (10, 105): 18, (11, 10): 24, (11, 153): 24, (13, 40): 36, (13, 123): 36, (15, 57): 36, (15, 106): 36, (16, 7): 72, (16, 156): 72, (19, 60): 18, (19, 103): 18, (24, 67): 24, (24, 96): 24, (25, 24): 72, (25, 139): 72, (33, 21): 18, (33, 142): 18, (35, 29): 18, (35, 134): 18, (36, 7): 72, (36, 156): 72, (38, 74): 72, (38, 89): 72, (39, 42): 72, (39, 121): 72, (42, 80): 24, (42, 83): 24, (43, 20): 36, (43, 143): 36, (48, 12): 12, (48, 151): 12, (52, 28): 72, (52, 135): 72, (55, 66): 18, (55, 97): 18, (57, 70): 9, (57, 93): 9, (58, 38): 36, (58, 125): 36, (60, 31): 72, (60, 132): 72, (61, 69): 72, (61, 94): 72, (65, 32): 6, (65, 131): 6, (68, 39): 18, (68, 124): 18, (69, 58): 72, (69, 105): 72, (74, 1): 36, (74, 162): 36, (79, 27): 72, (79, 136): 72, (80, 11): 9, (80, 152): 9, (81, 51): 8, (81, 112): 8, (82, 5): 18, (82, 158): 18, (83, 68): 18, (83, 95): 18, (84, 58): 24, (84, 105): 24, (85, 0): 2, (87, 26): 72, (87, 137): 72, (88, 1): 72, (88, 162): 72, (92, 14): 72, (92, 149): 72, (94, 27): 12, (94, 136): 12, (96, 62): 72, (96, 101): 72, (97, 65): 72, (97, 98): 72, (98, 61): 24, (98, 102): 24, (99, 43): 4, (99, 120): 4, (101, 43): 36, (101, 120): 36, (103, 19): 72, (103, 144): 72, (105, 81): 24, (105, 82): 24, (109, 0): 2, (111, 7): 6, (111, 156): 6, (112, 70): 72, (112, 93): 72, (114, 18): 8, (114, 145): 8, (119, 12): 4, (119, 151): 4, (124, 79): 36, (124, 84): 36, (125, 35): 12, (125, 128): 12, (126, 43): 18, (126, 120): 18, (127, 28): 24, (127, 135): 24, (128, 36): 36, (128, 127): 36, (129, 72): 8, (129, 91): 8, (132, 0): 2, (135, 71): 72, (135, 92): 72, (139, 16): 36, (139, 147): 36, (140, 33): 36, (140, 130): 36, (142, 37): 9, (142, 126): 9, (144, 2): 24, (144, 161): 24, (147, 28): 36, (147, 135): 36, (152, 9): 8, (152, 154): 8, (153, 27): 72, (153, 136): 72, (155, 59): 72, (155, 104): 72, (156, 50): 12, (156, 113): 12, (157, 70): 72, (157, 93): 72, (159, 12): 6, (159, 151): 6, (160, 3): 72, (160, 160): 72}
 
167, 177, True, 1, 177
{'infinity': 1, (0, 3): 59, (0, 164): 59, (1, 1): 177, (1, 166): 177, (3, 3): 3, (3, 164): 3, (5, 16): 59, (5, 151): 59, (6, 2): 177, (6, 165): 177, (7, 17): 177, (7, 150): 177, (8, 68): 177, (8, 99): 177, (10, 77): 177, (10, 90): 177, (11, 78): 177, (11, 89): 177, (12, 31): 59, (12, 136): 59, (13, 69): 59, (13, 98): 59, (14, 17): 59, (14, 150): 59, (15, 57): 177, (15, 110): 177, (17, 60): 177, (17, 107): 177, (18, 1): 177, (18, 166): 177, (20, 67): 177, (20, 100): 177, (21, 49): 59, (21, 118): 59, (23, 46): 59, (23, 121): 59, (26, 22): 177, (26, 145): 177, (27, 54): 59, (27, 113): 59, (29, 16): 59, (29, 151): 59, (30, 55): 177, (30, 112): 177, (34, 51): 177, (34, 116): 177, (37, 79): 177, (37, 88): 177, (38, 40): 177, (38, 127): 177, (40, 32): 177, (40, 135): 177, (42, 78): 59, (42, 89): 59, (44, 63): 59, (44, 104): 59, (45, 81): 177, (45, 86): 177, (47, 6): 177, (47, 161): 177, (48, 28): 177, (48, 139): 177, (49, 22): 59, (49, 145): 59, (50, 12): 177, (50, 155): 177, (52, 6): 177, (52, 161): 177, (54, 72): 177, (54, 95): 177, (55, 15): 177, (55, 152): 177, (57, 34): 177, (57, 133): 177, (58, 82): 59, (58, 85): 59, (59, 68): 59, (59, 99): 59, (65, 13): 177, (65, 154): 177, (68, 6): 177, (68, 161): 177, (69, 57): 177, (69, 110): 177, (70, 14): 177, (70, 153): 177, (72, 52): 177, (72, 115): 177, (73, 42): 177, (73, 125): 177, (74, 60): 59, (74, 107): 59, (76, 60): 177, (76, 107): 177, (79, 45): 59, (79, 122): 59, (81, 50): 177, (81, 117): 177, (83, 57): 59, (83, 110): 59, (92, 22): 177, (92, 145): 177, (100, 68): 177, (100, 99): 177, (102, 4): 177, (102, 163): 177, (103, 56): 177, (103, 111): 177, (104, 19): 177, (104, 148): 177, (105, 61): 177, (105, 106): 177, (106, 14): 177, (106, 153): 177, (109, 59): 59, (109, 108): 59, (110, 71): 177, (110, 96): 177, (112, 36): 59, (112, 131): 59, (113, 41): 177, (113, 126): 177, (114, 78): 177, (114, 89): 177, (116, 9): 177, (116, 158): 177, (121, 75): 59, (121, 92): 59, (122, 53): 59, (122, 114): 59, (123, 70): 59, (123, 97): 59, (124, 61): 177, (124, 106): 177, (126, 42): 177, (126, 125): 177, (129, 64): 59, (129, 103): 59, (133, 16): 59, (133, 151): 59, (134, 21): 177, (134, 146): 177, (135, 42): 177, (135, 125): 177, (136, 35): 177, (136, 132): 177, (138, 51): 59, (138, 116): 59, (139, 55): 177, (139, 112): 177, (140, 38): 59, (140, 129): 59, (146, 17): 177, (146, 150): 177, (147, 47): 177, (147, 120): 177, (148, 1): 177, (148, 166): 177, (151, 30): 177, (151, 137): 177, (153, 49): 177, (153, 118): 177, (154, 10): 59, (154, 157): 59, (158, 14): 59, (158, 153): 59, (160, 49): 177, (160, 118): 177, (161, 66): 59, (161, 101): 59, (162, 51): 177, (162, 116): 177, (164, 3): 177, (164, 164): 177, (165, 55): 177, (165, 112): 177}
 
173, 165, True, 5, 33
{'infinity': 1, (0, 3): 11, (0, 170): 11, (1, 1): 33, (1, 172): 33, (2, 80): 165, (2, 93): 165, (3, 3): 3, (3, 170): 3, (4, 27): 165, (4, 146): 165, (5, 75): 55, (5, 98): 55, (7, 17): 33, (7, 156): 33, (9, 22): 165, (9, 151): 165, (10, 20): 55, (10, 153): 55, (13, 79): 165, (13, 94): 165, (15, 57): 33, (15, 116): 33, (21, 36): 165, (21, 137): 165, (26, 33): 33, (26, 140): 33, (27, 65): 15, (27, 108): 15, (28, 55): 165, (28, 118): 165, (29, 69): 165, (29, 104): 165, (32, 22): 165, (32, 151): 165, (36, 82): 165, (36, 91): 165, (37, 32): 165, (37, 141): 165, (39, 26): 165, (39, 147): 165, (40, 37): 33, (40, 136): 33, (42, 59): 55, (42, 114): 55, (45, 58): 55, (45, 115): 55, (46, 33): 165, (46, 140): 165, (49, 31): 165, (49, 142): 165, (50, 80): 55, (50, 93): 55, (51, 78): 55, (51, 95): 55, (53, 54): 15, (53, 119): 15, (59, 5): 165, (59, 168): 165, (60, 55): 165, (60, 118): 165, (61, 26): 11, (61, 147): 11, (62, 58): 165, (62, 115): 165, (63, 14): 165, (63, 159): 165, (64, 1): 165, (64, 172): 165, (66, 58): 33, (66, 115): 33, (67, 35): 165, (67, 138): 165, (71, 6): 55, (71, 167): 55, (72, 60): 55, (72, 113): 55, (73, 26): 165, (73, 147): 165, (76, 28): 11, (76, 145): 11, (77, 72): 165, (77, 101): 165, (79, 49): 165, (79, 124): 165, (81, 86): 33, (81, 87): 33, (83, 29): 55, (83, 144): 55, (84, 41): 165, (84, 132): 165, (85, 55): 165, (85, 118): 165, (86, 30): 15, (86, 143): 15, (89, 76): 55, (89, 97): 55, (91, 62): 55, (91, 111): 55, (93, 64): 55, (93, 109): 55, (95, 51): 165, (95, 122): 165, (96, 71): 11, (96, 102): 11, (98, 8): 165, (98, 165): 165, (100, 42): 165, (100, 131): 165, (101, 33): 165, (101, 140): 165, (103, 51): 165, (103, 122): 165, (106, 2): 55, (106, 171): 55, (108, 1): 55, (108, 172): 55, (112, 42): 165, (112, 131): 165, (118, 6): 165, (118, 167): 165, (120, 40): 165, (120, 133): 165, (121, 80): 33, (121, 93): 33, (124, 21): 55, (124, 152): 55, (127, 60): 5, (127, 113): 5, (129, 67): 165, (129, 106): 165, (132, 22): 11, (132, 151): 11, (133, 44): 165, (133, 129): 165, (134, 42): 33, (134, 131): 33, (137, 53): 165, (137, 120): 165, (139, 52): 55, (139, 121): 55, (146, 34): 165, (146, 139): 165, (147, 60): 55, (147, 113): 55, (148, 51): 55, (148, 122): 55, (150, 32): 165, (150, 141): 165, (152, 25): 5, (152, 148): 5, (157, 6): 15, (157, 167): 15, (158, 70): 165, (158, 103): 165, (159, 32): 165, (159, 141): 165, (161, 43): 165, (161, 130): 165, (163, 39): 55, (163, 134): 55, (165, 61): 55, (165, 112): 55, (170, 3): 33, (170, 170): 33}
 
179, 192, False, 4, 48
{'infinity': 1, (0, 3): 48, (0, 176): 48, (1, 1): 16, (1, 178): 16, (3, 3): 3, (3, 176): 3, (5, 39): 24, (5, 140): 24, (6, 23): 32, (6, 156): 32, (7, 17): 8, (7, 162): 8, (14, 11): 96, (14, 168): 96, (15, 57): 24, (15, 122): 24, (19, 49): 16, (19, 130): 16, (22, 16): 96, (22, 163): 96, (23, 79): 32, (23, 100): 32, (24, 27): 48, (24, 152): 48, (25, 33): 96, (25, 146): 96, (27, 81): 6, (27, 98): 6, (29, 35): 32, (29, 144): 32, (30, 28): 12, (30, 151): 12, (35, 44): 48, (35, 135): 48, (41, 2): 32, (41, 177): 32, (45, 79): 48, (45, 100): 48, (47, 22): 24, (47, 157): 24, (49, 35): 16, (49, 144): 16, (52, 23): 6, (52, 156): 6, (54, 2): 48, (54, 177): 48, (55, 80): 24, (55, 99): 24, (56, 43): 12, (56, 136): 12, (59, 9): 32, (59, 170): 32, (62, 70): 12, (62, 109): 12, (63, 58): 48, (63, 121): 48, (65, 0): 2, (66, 42): 96, (66, 137): 96, (68, 20): 48, (68, 159): 48, (72, 17): 96, (72, 162): 96, (74, 57): 96, (74, 122): 96, (75, 77): 8, (75, 102): 8, (78, 15): 96, (78, 164): 96, (79, 83): 96, (79, 96): 96, (80, 85): 96, (80, 94): 96, (83, 24): 16, (83, 155): 16, (84, 2): 96, (84, 177): 96, (86, 60): 96, (86, 119): 96, (87, 21): 32, (87, 158): 32, (90, 57): 32, (90, 122): 32, (91, 31): 96, (91, 148): 96, (93, 78): 96, (93, 101): 96, (94, 34): 48, (94, 145): 48, (95, 67): 48, (95, 112): 48, (96, 64): 4, (96, 115): 4, (100, 17): 96, (100, 162): 96, (101, 35): 32, (101, 144): 32, (102, 34): 32, (102, 145): 32, (103, 25): 96, (103, 154): 96, (107, 83): 96, (107, 96): 96, (109, 31): 6, (109, 148): 6, (110, 7): 96, (110, 172): 96, (111, 79): 96, (111, 100): 96, (115, 26): 96, (115, 153): 96, (118, 38): 96, (118, 141): 96, (119, 85): 32, (119, 94): 32, (120, 37): 32, (120, 142): 32, (121, 23): 96, (121, 156): 96, (122, 86): 96, (122, 93): 96, (123, 73): 24, (123, 106): 24, (125, 67): 96, (125, 112): 96, (126, 0): 2, (129, 36): 48, (129, 143): 48, (130, 15): 16, (130, 164): 16, (134, 20): 48, (134, 159): 48, (135, 70): 24, (135, 109): 24, (137, 88): 24, (137, 91): 24, (138, 67): 96, (138, 112): 96, (139, 56): 12, (139, 123): 12, (141, 49): 8, (141, 130): 8, (144, 87): 48, (144, 92): 48, (146, 13): 16, (146, 166): 16, (147, 69): 32, (147, 110): 32, (149, 32): 48, (149, 147): 48, (150, 15): 96, (150, 164): 96, (151, 46): 96, (151, 133): 96, (152, 59): 96, (152, 120): 96, (154, 19): 96, (154, 160): 96, (155, 30): 32, (155, 149): 32, (156, 20): 4, (156, 159): 4, (158, 31): 32, (158, 148): 32, (159, 85): 24, (159, 94): 24, (161, 70): 8, (161, 109): 8, (162, 34): 96, (162, 145): 96, (165, 75): 48, (165, 104): 48, (166, 16): 32, (166, 163): 32, (167, 0): 2, (169, 50): 96, (169, 129): 96, (170, 16): 48, (170, 163): 48, (171, 74): 16, (171, 105): 16, (172, 83): 16, (172, 96): 16, (174, 65): 96, (174, 114): 96, (176, 3): 48, (176, 176): 48, (177, 52): 96, (177, 127): 96, (178, 14): 32, (178, 165): 32}
 
181, 180, False, 10, 18
{'infinity': 1, (0, 3): 18, (0, 178): 18, (1, 1): 18, (1, 180): 18, (2, 19): 30, (2, 162): 30, (3, 3): 3, (3, 178): 3, (4, 47): 90, (4, 134): 90, (7, 17): 9, (7, 164): 9, (8, 79): 45, (8, 102): 45, (9, 64): 90, (9, 117): 90, (10, 75): 30, (10, 106): 30, (12, 0): 2, (15, 57): 9, (15, 124): 9, (19, 0): 2, (20, 74): 18, (20, 107): 18, (22, 88): 18, (22, 93): 18, (24, 59): 15, (24, 122): 15, (26, 86): 90, (26, 95): 90, (27, 25): 90, (27, 156): 90, (28, 52): 15, (28, 129): 15, (29, 8): 90, (29, 173): 90, (30, 48): 10, (30, 133): 10, (35, 45): 90, (35, 136): 90, (36, 27): 18, (36, 154): 18, (37, 83): 10, (37, 98): 10, (39, 40): 15, (39, 141): 15, (41, 18): 30, (41, 163): 30, (42, 41): 90, (42, 140): 90, (45, 49): 90, (45, 132): 90, (48, 11): 45, (48, 170): 45, (52, 69): 90, (52, 112): 90, (53, 52): 90, (53, 129): 90, (54, 28): 90, (54, 153): 90, (56, 53): 45, (56, 128): 45, (60, 21): 90, (60, 160): 90, (62, 44): 90, (62, 137): 90, (65, 14): 6, (65, 167): 6, (68, 86): 45, (68, 95): 45, (69, 58): 90, (69, 123): 90, (70, 17): 30, (70, 164): 30, (71, 63): 45, (71, 118): 45, (72, 78): 30, (72, 103): 30, (76, 10): 30, (76, 171): 30, (78, 1): 30, (78, 180): 30, (80, 67): 18, (80, 114): 18, (81, 36): 90, (81, 145): 90, (82, 47): 90, (82, 134): 90, (84, 79): 90, (84, 102): 90, (87, 86): 90, (87, 95): 90, (88, 55): 30, (88, 126): 30, (89, 79): 30, (89, 102): 30, (90, 6): 90, (90, 175): 90, (93, 34): 90, (93, 147): 90, (94, 62): 45, (94, 119): 45, (95, 47): 30, (95, 134): 30, (100, 52): 90, (100, 129): 90, (102, 1): 90, (102, 180): 90, (104, 17): 90, (104, 164): 90, (105, 68): 90, (105, 113): 90, (106, 38): 45, (106, 143): 45, (107, 23): 90, (107, 158): 90, (108, 16): 90, (108, 165): 90, (113, 62): 45, (113, 119): 45, (116, 33): 90, (116, 148): 90, (117, 23): 10, (117, 158): 10, (119, 39): 90, (119, 142): 90, (126, 58): 10, (126, 123): 10, (127, 35): 30, (127, 146): 30, (128, 36): 90, (128, 145): 90, (129, 12): 30, (129, 169): 30, (131, 63): 90, (131, 118): 90, (138, 23): 9, (138, 158): 9, (139, 50): 10, (139, 131): 10, (140, 31): 90, (140, 150): 90, (141, 9): 15, (141, 172): 15, (145, 70): 45, (145, 111): 45, (146, 76): 6, (146, 105): 6, (150, 0): 2, (151, 51): 45, (151, 130): 45, (152, 42): 10, (152, 139): 10, (153, 36): 18, (153, 145): 18, (154, 29): 45, (154, 152): 45, (155, 62): 5, (155, 119): 5, (158, 30): 90, (158, 151): 90, (160, 63): 6, (160, 118): 6, (164, 90): 45, (164, 91): 45, (165, 43): 90, (165, 138): 90, (166, 82): 5, (166, 99): 5, (167, 58): 90, (167, 123): 90, (168, 61): 90, (168, 120): 90, (170, 15): 90, (170, 166): 90, (171, 2): 18, (171, 179): 18, (178, 3): 18, (178, 178): 18}
 
191, 207, True, 1, 207
{'infinity': 1, (0, 3): 207, (0, 188): 207, (1, 1): 207, (1, 190): 207, (3, 3): 3, (3, 188): 3, (7, 17): 207, (7, 174): 207, (8, 81): 69, (8, 110): 69, (14, 12): 207, (14, 179): 207, (15, 57): 207, (15, 134): 207, (19, 48): 207, (19, 143): 207, (21, 88): 207, (21, 103): 207, (25, 79): 69, (25, 112): 69, (27, 85): 69, (27, 106): 69, (31, 38): 207, (31, 153): 207, (34, 59): 207, (34, 132): 207, (37, 67): 23, (37, 124): 23, (38, 88): 207, (38, 103): 207, (39, 63): 9, (39, 128): 9, (40, 76): 207, (40, 115): 207, (42, 39): 207, (42, 152): 207, (44, 39): 69, (44, 152): 69, (45, 2): 23, (45, 189): 23, (47, 90): 207, (47, 101): 207, (48, 41): 207, (48, 150): 207, (49, 33): 23, (49, 158): 23, (50, 72): 207, (50, 119): 207, (53, 57): 207, (53, 134): 207, (63, 59): 207, (63, 132): 207, (64, 17): 69, (64, 174): 69, (67, 47): 23, (67, 144): 23, (68, 4): 69, (68, 187): 69, (70, 38): 207, (70, 153): 207, (75, 93): 207, (75, 98): 207, (76, 23): 207, (76, 168): 207, (79, 43): 69, (79, 148): 69, (82, 69): 23, (82, 122): 23, (83, 36): 69, (83, 155): 69, (84, 95): 69, (84, 96): 69, (85, 91): 207, (85, 100): 207, (86, 5): 207, (86, 186): 207, (88, 27): 207, (88, 164): 207, (90, 38): 23, (90, 153): 23, (91, 52): 207, (91, 139): 207, (92, 58): 207, (92, 133): 207, (94, 59): 9, (94, 132): 9, (95, 64): 207, (95, 127): 207, (98, 44): 207, (98, 147): 207, (99, 61): 207, (99, 130): 207, (101, 22): 207, (101, 169): 207, (105, 39): 207, (105, 152): 207, (108, 21): 69, (108, 170): 69, (109, 37): 207, (109, 154): 207, (110, 75): 207, (110, 116): 207, (111, 6): 207, (111, 185): 207, (112, 35): 207, (112, 156): 207, (113, 52): 207, (113, 139): 207, (114, 75): 207, (114, 116): 207, (117, 84): 207, (117, 107): 207, (119, 94): 207, (119, 97): 207, (120, 17): 207, (120, 174): 207, (121, 22): 207, (121, 169): 207, (122, 91): 69, (122, 100): 69, (123, 57): 207, (123, 134): 207, (125, 84): 207, (125, 107): 207, (126, 93): 69, (126, 98): 69, (129, 15): 207, (129, 176): 207, (130, 26): 69, (130, 165): 69, (132, 88): 23, (132, 103): 23, (133, 95): 207, (133, 96): 207, (134, 44): 69, (134, 147): 69, (136, 47): 207, (136, 144): 207, (138, 4): 207, (138, 187): 207, (140, 84): 207, (140, 107): 207, (142, 71): 207, (142, 120): 207, (145, 45): 207, (145, 146): 207, (147, 5): 207, (147, 186): 207, (148, 66): 69, (148, 125): 69, (149, 5): 69, (149, 186): 69, (150, 44): 207, (150, 147): 207, (151, 78): 207, (151, 113): 207, (152, 92): 207, (152, 99): 207, (155, 89): 69, (155, 102): 69, (158, 75): 207, (158, 116): 207, (160, 22): 69, (160, 169): 69, (162, 86): 207, (162, 105): 207, (164, 54): 69, (164, 137): 69, (165, 95): 207, (165, 96): 207, (166, 56): 207, (166, 135): 207, (167, 41): 207, (167, 150): 207, (169, 8): 23, (169, 183): 23, (171, 28): 207, (171, 163): 207, (172, 31): 207, (172, 160): 207, (173, 32): 9, (173, 159): 9, (174, 62): 69, (174, 129): 69, (175, 91): 207, (175, 100): 207, (176, 4): 207, (176, 187): 207, (177, 16): 23, (177, 175): 23, (178, 52): 23, (178, 139): 23, (179, 47): 207, (179, 144): 207, (181, 93): 207, (181, 98): 207, (182, 70): 23, (182, 121): 23, (186, 87): 69, (186, 104): 69, (187, 73): 207, (187, 118): 207, (188, 3): 207, (188, 188): 207, (190, 50): 69, (190, 141): 69}
 
193, 183, True, 1, 183
{'infinity': 1, (0, 3): 61, (0, 190): 61, (1, 1): 183, (1, 192): 183, (2, 81): 61, (2, 112): 61, (3, 3): 3, (3, 190): 3, (7, 17): 183, (7, 176): 183, (8, 16): 183, (8, 177): 183, (10, 95): 61, (10, 98): 61, (11, 58): 183, (11, 135): 183, (12, 49): 183, (12, 144): 183, (14, 73): 183, (14, 120): 183, (15, 57): 183, (15, 136): 183, (16, 78): 183, (16, 115): 183, (17, 41): 183, (17, 152): 183, (20, 63): 61, (20, 130): 61, (23, 14): 183, (23, 179): 183, (24, 53): 61, (24, 140): 61, (25, 82): 61, (25, 111): 61, (28, 38): 183, (28, 155): 183, (29, 28): 183, (29, 165): 183, (31, 68): 183, (31, 125): 183, (32, 79): 61, (32, 114): 61, (33, 41): 183, (33, 152): 183, (34, 54): 61, (34, 139): 61, (35, 63): 183, (35, 130): 183, (36, 54): 183, (36, 139): 183, (39, 43): 61, (39, 150): 61, (41, 25): 183, (41, 168): 183, (42, 46): 61, (42, 147): 61, (43, 81): 61, (43, 112): 61, (51, 31): 183, (51, 162): 183, (52, 80): 183, (52, 113): 183, (53, 68): 183, (53, 125): 183, (57, 48): 61, (57, 145): 61, (58, 21): 183, (58, 172): 183, (59, 85): 183, (59, 108): 183, (60, 9): 183, (60, 184): 183, (62, 14): 61, (62, 179): 61, (64, 86): 183, (64, 107): 183, (67, 61): 183, (67, 132): 183, (70, 24): 61, (70, 169): 61, (75, 58): 183, (75, 135): 183, (76, 34): 183, (76, 159): 183, (79, 90): 183, (79, 103): 183, (80, 15): 183, (80, 178): 183, (86, 30): 61, (86, 163): 61, (96, 83): 183, (96, 110): 183, (98, 71): 61, (98, 122): 61, (102, 27): 183, (102, 166): 183, (103, 89): 183, (103, 104): 183, (104, 22): 183, (104, 171): 183, (107, 58): 61, (107, 135): 61, (108, 14): 183, (108, 179): 183, (109, 68): 61, (109, 125): 61, (110, 40): 183, (110, 153): 183, (111, 89): 183, (111, 104): 183, (113, 76): 61, (113, 117): 61, (114, 88): 183, (114, 105): 183, (118, 30): 61, (118, 163): 61, (119, 65): 183, (119, 128): 183, (121, 51): 183, (121, 142): 183, (123, 54): 183, (123, 139): 183, (124, 75): 183, (124, 118): 183, (125, 59): 61, (125, 134): 61, (126, 93): 183, (126, 100): 183, (127, 22): 61, (127, 171): 61, (133, 55): 183, (133, 138): 183, (138, 63): 183, (138, 130): 183, (143, 41): 183, (143, 152): 183, (144, 96): 183, (144, 97): 183, (147, 72): 61, (147, 121): 61, (148, 81): 61, (148, 112): 61, (151, 5): 183, (151, 188): 183, (152, 92): 183, (152, 101): 183, (153, 32): 61, (153, 161): 61, (155, 22): 183, (155, 171): 183, (156, 86): 183, (156, 107): 183, (157, 24): 183, (157, 169): 183, (159, 24): 183, (159, 169): 183, (164, 44): 183, (164, 149): 183, (165, 73): 183, (165, 120): 183, (166, 86): 61, (166, 107): 61, (168, 7): 61, (168, 186): 61, (172, 89): 61, (172, 104): 61, (175, 69): 61, (175, 124): 61, (177, 66): 183, (177, 127): 183, (178, 67): 183, (178, 126): 183, (179, 38): 183, (179, 155): 183, (181, 60): 183, (181, 133): 183, (182, 30): 61, (182, 163): 61, (183, 8): 183, (183, 185): 183, (190, 3): 183, (190, 190): 183}
 
197, 204, False, 4, 51
{'infinity': 1, (0, 3): 51, (0, 194): 51, (1, 1): 17, (1, 196): 17, (2, 14): 51, (2, 183): 51, (3, 3): 3, (3, 194): 3, (4, 49): 102, (4, 148): 102, (6, 34): 102, (6, 163): 102, (7, 17): 17, (7, 180): 17, (8, 45): 102, (8, 152): 102, (11, 16): 17, (11, 181): 17, (12, 29): 102, (12, 168): 102, (15, 57): 51, (15, 140): 51, (17, 89): 102, (17, 108): 102, (18, 44): 34, (18, 153): 34, (19, 14): 17, (19, 183): 17, (20, 46): 51, (20, 151): 51, (21, 77): 17, (21, 120): 17, (24, 40): 34, (24, 157): 34, (25, 35): 51, (25, 162): 51, (26, 58): 34, (26, 139): 34, (27, 52): 102, (27, 145): 102, (28, 32): 34, (28, 165): 34, (30, 12): 102, (30, 185): 102, (31, 94): 34, (31, 103): 34, (32, 56): 102, (32, 141): 102, (34, 1): 102, (34, 196): 102, (42, 89): 102, (42, 108): 102, (43, 59): 51, (43, 138): 51, (45, 75): 34, (45, 122): 34, (46, 91): 34, (46, 106): 34, (47, 56): 6, (47, 141): 6, (50, 45): 34, (50, 152): 34, (54, 61): 102, (54, 136): 102, (55, 58): 102, (55, 139): 102, (57, 10): 34, (57, 187): 34, (58, 95): 34, (58, 102): 34, (59, 78): 102, (59, 119): 102, (60, 98): 102, (60, 99): 102, (61, 65): 51, (61, 132): 51, (62, 0): 2, (64, 54): 102, (64, 143): 102, (65, 66): 102, (65, 131): 102, (67, 27): 102, (67, 170): 102, (70, 92): 102, (70, 105): 102, (75, 90): 34, (75, 107): 34, (76, 31): 6, (76, 166): 6, (77, 42): 102, (77, 155): 102, (79, 25): 102, (79, 172): 102, (82, 40): 34, (82, 157): 34, (83, 52): 6, (83, 145): 6, (84, 13): 102, (84, 184): 102, (86, 44): 102, (86, 153): 102, (87, 52): 17, (87, 145): 17, (88, 60): 102, (88, 137): 102, (91, 40): 34, (91, 157): 34, (93, 44): 102, (93, 153): 102, (97, 68): 34, (97, 129): 34, (101, 43): 34, (101, 154): 34, (106, 83): 102, (106, 114): 102, (108, 71): 102, (108, 126): 102, (109, 84): 102, (109, 113): 102, (112, 86): 102, (112, 111): 102, (115, 83): 17, (115, 114): 17, (116, 58): 51, (116, 139): 51, (118, 56): 34, (118, 141): 34, (121, 47): 51, (121, 150): 51, (124, 85): 51, (124, 112): 51, (125, 85): 34, (125, 112): 34, (127, 5): 102, (127, 192): 102, (129, 73): 34, (129, 124): 34, (131, 50): 102, (131, 147): 102, (132, 28): 51, (132, 169): 51, (136, 18): 34, (136, 179): 34, (138, 89): 17, (138, 108): 17, (139, 45): 102, (139, 152): 102, (143, 51): 102, (143, 146): 102, (145, 85): 102, (145, 112): 102, (146, 2): 102, (146, 195): 102, (147, 95): 51, (147, 102): 51, (148, 4): 102, (148, 193): 102, (149, 13): 34, (149, 184): 34, (150, 25): 51, (150, 172): 51, (154, 87): 34, (154, 110): 34, (155, 78): 102, (155, 119): 102, (157, 0): 2, (160, 11): 102, (160, 186): 102, (161, 13): 102, (161, 184): 102, (162, 1): 102, (162, 196): 102, (164, 82): 102, (164, 115): 102, (165, 25): 34, (165, 172): 34, (166, 21): 51, (166, 176): 51, (168, 30): 102, (168, 167): 102, (172, 70): 102, (172, 127): 102, (173, 83): 102, (173, 114): 102, (175, 0): 2, (176, 14): 51, (176, 183): 51, (178, 77): 102, (178, 120): 102, (180, 78): 102, (180, 119): 102, (184, 80): 34, (184, 117): 34, (186, 64): 102, (186, 133): 102, (189, 95): 102, (189, 102): 102, (193, 93): 34, (193, 104): 34, (194, 3): 51, (194, 194): 51, (195, 77): 102, (195, 120): 102}
 
199, 204, False, 10, 19
{'infinity': 1, (0, 3): 51, (0, 196): 51, (1, 1): 51, (1, 198): 51, (3, 3): 3, (3, 196): 3, (5, 41): 51, (5, 158): 51, (7, 17): 51, (7, 182): 51, (8, 38): 102, (8, 161): 102, (10, 83): 34, (10, 116): 34, (11, 68): 102, (11, 131): 102, (14, 55): 102, (14, 144): 102, (15, 57): 17, (15, 142): 17, (16, 58): 102, (16, 141): 102, (19, 54): 51, (19, 145): 51, (21, 46): 34, (21, 153): 34, (22, 67): 102, (22, 132): 102, (23, 32): 102, (23, 167): 102, (25, 22): 102, (25, 177): 102, (28, 60): 34, (28, 139): 34, (29, 43): 102, (29, 156): 102, (32, 98): 34, (32, 101): 34, (33, 25): 51, (33, 174): 51, (35, 88): 17, (35, 111): 17, (38, 49): 34, (38, 150): 34, (42, 41): 102, (42, 158): 102, (43, 46): 102, (43, 153): 102, (44, 53): 51, (44, 146): 51, (45, 69): 34, (45, 130): 34, (46, 60): 102, (46, 139): 102, (47, 39): 34, (47, 160): 34, (48, 91): 102, (48, 108): 102, (50, 69): 102, (50, 130): 102, (51, 57): 34, (51, 142): 34, (52, 75): 51, (52, 124): 51, (54, 37): 6, (54, 162): 6, (55, 91): 102, (55, 108): 102, (56, 1): 102, (56, 198): 102, (59, 22): 6, (59, 177): 6, (60, 56): 102, (60, 143): 102, (61, 24): 102, (61, 175): 102, (64, 84): 102, (64, 115): 102, (65, 15): 34, (65, 184): 34, (69, 12): 102, (69, 187): 102, (72, 9): 102, (72, 190): 102, (74, 0): 2, (75, 18): 51, (75, 181): 51, (76, 74): 51, (76, 125): 51, (77, 61): 102, (77, 138): 102, (78, 55): 51, (78, 144): 51, (80, 43): 34, (80, 156): 34, (81, 28): 102, (81, 171): 102, (84, 23): 51, (84, 176): 51, (85, 38): 34, (85, 161): 34, (89, 48): 102, (89, 151): 102, (90, 43): 102, (90, 156): 102, (92, 66): 34, (92, 133): 34, (94, 64): 51, (94, 135): 51, (95, 86): 6, (95, 113): 6, (96, 91): 34, (96, 108): 34, (104, 69): 102, (104, 130): 102, (106, 38): 102, (106, 161): 102, (107, 55): 34, (107, 144): 34, (110, 36): 102, (110, 163): 102, (115, 22): 102, (115, 177): 102, (120, 87): 102, (120, 112): 102, (121, 66): 34, (121, 133): 34, (123, 78): 51, (123, 121): 51, (124, 93): 34, (124, 106): 34, (125, 60): 102, (125, 139): 102, (132, 90): 17, (132, 109): 17, (133, 57): 34, (133, 142): 34, (135, 46): 102, (135, 153): 102, (139, 71): 102, (139, 128): 102, (140, 23): 102, (140, 176): 102, (142, 1): 102, (142, 198): 102, (146, 62): 34, (146, 137): 34, (149, 86): 102, (149, 113): 102, (152, 41): 34, (152, 158): 34, (153, 0): 2, (154, 86): 17, (154, 113): 17, (156, 84): 102, (156, 115): 102, (157, 39): 34, (157, 160): 34, (158, 50): 102, (158, 149): 102, (159, 7): 102, (159, 192): 102, (160, 12): 17, (160, 187): 17, (161, 76): 102, (161, 123): 102, (162, 6): 34, (162, 193): 34, (164, 45): 102, (164, 154): 102, (167, 31): 102, (167, 168): 102, (169, 12): 102, (169, 187): 102, (171, 0): 2, (174, 23): 102, (174, 176): 102, (175, 27): 102, (175, 172): 102, (176, 63): 17, (176, 136): 17, (177, 92): 102, (177, 107): 102, (178, 84): 51, (178, 115): 51, (182, 5): 34, (182, 194): 34, (185, 66): 17, (185, 133): 17, (187, 58): 102, (187, 141): 102, (189, 33): 51, (189, 166): 51, (190, 82): 102, (190, 117): 102, (193, 65): 102, (193, 134): 102, (194, 39): 34, (194, 160): 34, (195, 58): 34, (195, 141): 34, (196, 3): 17, (196, 196): 17}
 
211, 195, True, 13, 15
{'infinity': 1, (0, 3): 39, (0, 208): 39, (1, 1): 39, (1, 210): 39, (3, 3): 3, (3, 208): 3, (4, 44): 195, (4, 167): 195, (6, 63): 195, (6, 148): 195, (7, 17): 39, (7, 194): 39, (9, 92): 65, (9, 119): 65, (14, 99): 65, (14, 112): 65, (15, 57): 13, (15, 154): 13, (16, 95): 195, (16, 116): 195, (18, 68): 195, (18, 143): 195, (22, 72): 5, (22, 139): 5, (24, 18): 39, (24, 193): 39, (25, 46): 65, (25, 165): 65, (26, 7): 65, (26, 204): 65, (27, 44): 39, (27, 167): 39, (29, 100): 195, (29, 111): 195, (33, 74): 195, (33, 137): 195, (34, 82): 195, (34, 129): 195, (38, 34): 195, (38, 177): 195, (42, 49): 65, (42, 162): 65, (43, 2): 65, (43, 209): 65, (46, 90): 13, (46, 121): 13, (47, 21): 65, (47, 190): 65, (50, 51): 195, (50, 160): 195, (52, 16): 195, (52, 195): 195, (53, 42): 195, (53, 169): 195, (55, 26): 39, (55, 185): 39, (57, 8): 195, (57, 203): 195, (62, 68): 15, (62, 143): 15, (63, 64): 195, (63, 147): 195, (64, 88): 65, (64, 123): 65, (65, 63): 195, (65, 148): 195, (70, 83): 65, (70, 128): 65, (71, 67): 13, (71, 144): 13, (72, 48): 39, (72, 163): 39, (74, 49): 195, (74, 162): 195, (75, 105): 13, (75, 106): 13, (76, 73): 195, (76, 138): 195, (80, 6): 195, (80, 205): 195, (81, 30): 195, (81, 181): 195, (83, 100): 65, (83, 111): 65, (85, 25): 65, (85, 186): 65, (89, 80): 195, (89, 131): 195, (92, 40): 195, (92, 171): 195, (94, 99): 195, (94, 112): 195, (95, 49): 195, (95, 162): 195, (97, 17): 39, (97, 194): 39, (98, 37): 65, (98, 174): 65, (99, 100): 195, (99, 111): 195, (100, 92): 195, (100, 119): 195, (101, 96): 195, (101, 115): 195, (102, 92): 195, (102, 119): 195, (103, 99): 195, (103, 112): 195, (104, 28): 65, (104, 183): 65, (107, 17): 13, (107, 194): 13, (108, 61): 195, (108, 150): 195, (113, 45): 195, (113, 166): 195, (114, 28): 65, (114, 183): 65, (115, 4): 65, (115, 207): 65, (117, 61): 195, (117, 150): 195, (118, 71): 15, (118, 140): 15, (120, 59): 195, (120, 152): 195, (130, 54): 195, (130, 157): 195, (131, 68): 195, (131, 143): 195, (133, 102): 39, (133, 109): 39, (136, 78): 5, (136, 133): 5, (138, 10): 195, (138, 201): 195, (140, 63): 65, (140, 148): 65, (146, 67): 15, (146, 144): 15, (147, 9): 195, (147, 202): 195, (149, 6): 65, (149, 205): 65, (153, 52): 195, (153, 159): 195, (159, 87): 195, (159, 124): 195, (160, 89): 195, (160, 122): 195, (162, 31): 65, (162, 180): 65, (166, 21): 195, (166, 190): 195, (167, 26): 195, (167, 185): 195, (168, 15): 195, (168, 196): 195, (172, 11): 195, (172, 200): 195, (176, 55): 195, (176, 156): 195, (177, 62): 195, (177, 149): 195, (180, 44): 65, (180, 167): 65, (181, 42): 195, (181, 169): 195, (185, 32): 39, (185, 179): 39, (188, 42): 39, (188, 169): 39, (189, 98): 195, (189, 113): 195, (192, 101): 15, (192, 110): 15, (193, 6): 39, (193, 205): 39, (195, 53): 65, (195, 158): 65, (197, 61): 65, (197, 150): 65, (200, 26): 65, (200, 185): 65, (201, 24): 65, (201, 187): 65, (204, 28): 65, (204, 183): 65, (205, 67): 195, (205, 144): 195, (208, 3): 13, (208, 208): 13, (209, 21): 195, (209, 190): 195}
 
223, 225, False, 2, 77
{'infinity': 1, (0, 3): 75, (0, 220): 75, (1, 1): 75, (1, 222): 75, (3, 3): 3, (3, 220): 3, (4, 86): 75, (4, 137): 75, (5, 85): 75, (5, 138): 75, (6, 49): 75, (6, 174): 75, (7, 17): 75, (7, 206): 75, (9, 65): 75, (9, 158): 75, (11, 55): 25, (11, 168): 25, (12, 108): 75, (12, 115): 75, (13, 64): 75, (13, 159): 75, (15, 57): 75, (15, 166): 75, (17, 106): 75, (17, 117): 75, (19, 26): 75, (19, 197): 75, (22, 76): 75, (22, 147): 75, (24, 56): 75, (24, 167): 75, (28, 69): 75, (28, 154): 75, (29, 62): 75, (29, 161): 75, (30, 47): 75, (30, 176): 75, (35, 83): 75, (35, 140): 75, (38, 57): 75, (38, 166): 75, (39, 95): 25, (39, 128): 25, (40, 81): 5, (40, 142): 5, (41, 10): 75, (41, 213): 75, (48, 26): 75, (48, 197): 75, (52, 95): 75, (52, 128): 75, (54, 21): 75, (54, 202): 75, (55, 73): 75, (55, 150): 75, (56, 17): 15, (56, 206): 15, (58, 84): 75, (58, 139): 75, (59, 84): 15, (59, 139): 15, (63, 93): 75, (63, 130): 75, (66, 53): 75, (66, 170): 75, (68, 108): 75, (68, 115): 75, (70, 48): 75, (70, 175): 75, (72, 83): 75, (72, 140): 75, (73, 55): 75, (73, 168): 75, (76, 38): 75, (76, 185): 75, (77, 86): 75, (77, 137): 75, (83, 13): 75, (83, 210): 75, (84, 28): 75, (84, 195): 75, (85, 66): 75, (85, 157): 75, (89, 101): 75, (89, 122): 75, (91, 59): 75, (91, 164): 75, (93, 27): 75, (93, 196): 75, (96, 32): 25, (96, 191): 25, (99, 6): 75, (99, 217): 75, (100, 31): 75, (100, 192): 75, (101, 16): 75, (101, 207): 75, (103, 1): 15, (103, 222): 15, (104, 54): 15, (104, 169): 15, (105, 65): 75, (105, 158): 75, (106, 84): 75, (106, 139): 75, (109, 65): 75, (109, 158): 75, (110, 50): 15, (110, 173): 15, (112, 12): 75, (112, 211): 75, (114, 91): 75, (114, 132): 75, (116, 83): 75, (116, 140): 75, (117, 105): 25, (117, 118): 25, (118, 91): 75, (118, 132): 75, (119, 1): 75, (119, 222): 75, (120, 54): 75, (120, 169): 75, (123, 29): 25, (123, 194): 25, (126, 111): 75, (126, 112): 75, (127, 46): 75, (127, 177): 75, (128, 60): 75, (128, 163): 75, (130, 36): 75, (130, 187): 75, (131, 14): 75, (131, 209): 75, (132, 95): 75, (132, 128): 75, (135, 51): 75, (135, 172): 75, (136, 94): 15, (136, 129): 15, (139, 55): 75, (139, 168): 75, (140, 90): 3, (140, 133): 3, (142, 86): 15, (142, 137): 15, (143, 108): 15, (143, 115): 15, (144, 43): 75, (144, 180): 75, (145, 82): 3, (145, 141): 3, (147, 71): 25, (147, 152): 25, (148, 111): 75, (148, 112): 75, (149, 14): 15, (149, 209): 15, (150, 28): 25, (150, 195): 25, (156, 26): 75, (156, 197): 75, (158, 6): 3, (158, 217): 3, (160, 17): 75, (160, 206): 75, (164, 105): 75, (164, 118): 75, (165, 105): 75, (165, 118): 75, (166, 14): 75, (166, 209): 75, (167, 93): 75, (167, 130): 75, (168, 34): 15, (168, 189): 15, (170, 57): 75, (170, 166): 75, (171, 59): 15, (171, 164): 15, (172, 111): 75, (172, 112): 75, (173, 89): 15, (173, 134): 15, (176, 9): 15, (176, 214): 15, (178, 75): 75, (178, 148): 75, (181, 104): 25, (181, 119): 25, (184, 59): 75, (184, 164): 75, (189, 6): 75, (189, 217): 75, (190, 7): 75, (190, 216): 75, (192, 80): 75, (192, 143): 75, (193, 40): 5, (193, 183): 5, (194, 100): 75, (194, 123): 75, (199, 2): 15, (199, 221): 15, (203, 70): 15, (203, 153): 15, (212, 28): 75, (212, 195): 75, (214, 91): 75, (214, 132): 75, (215, 98): 25, (215, 125): 25, (216, 93): 25, (216, 130): 25, (218, 44): 15, (218, 179): 15, (220, 3): 75, (220, 220): 75, (221, 58): 75, (221, 165): 75, (222, 54): 75, (222, 169): 75}
 
227, 255, True, 5, 51
{'infinity': 1, (0, 3): 17, (0, 224): 17, (1, 1): 51, (1, 226): 51, (3, 3): 3, (3, 224): 3, (5, 61): 17, (5, 166): 17, (6, 25): 85, (6, 202): 85, (7, 17): 51, (7, 210): 51, (8, 26): 51, (8, 201): 51, (9, 89): 85, (9, 138): 85, (10, 40): 255, (10, 187): 255, (12, 99): 255, (12, 128): 255, (15, 57): 51, (15, 170): 51, (16, 97): 255, (16, 130): 255, (18, 2): 51, (18, 225): 51, (21, 1): 17, (21, 226): 17, (26, 107): 255, (26, 120): 255, (28, 12): 255, (28, 215): 255, (29, 23): 85, (29, 204): 85, (31, 40): 255, (31, 187): 255, (32, 74): 255, (32, 153): 255, (33, 64): 255, (33, 163): 255, (34, 72): 85, (34, 155): 85, (35, 44): 85, (35, 183): 85, (36, 43): 255, (36, 184): 255, (38, 112): 255, (38, 115): 255, (40, 61): 85, (40, 166): 85, (41, 37): 85, (41, 190): 85, (42, 25): 255, (42, 202): 255, (43, 70): 255, (43, 157): 255, (48, 55): 255, (48, 172): 255, (49, 53): 85, (49, 174): 85, (51, 108): 255, (51, 119): 255, (52, 35): 255, (52, 192): 255, (56, 51): 255, (56, 176): 255, (59, 28): 17, (59, 199): 17, (61, 24): 255, (61, 203): 255, (62, 63): 51, (62, 164): 51, (63, 4): 85, (63, 223): 85, (64, 46): 51, (64, 181): 51, (66, 94): 17, (66, 133): 17, (67, 23): 85, (67, 204): 85, (69, 91): 255, (69, 136): 255, (70, 111): 255, (70, 116): 255, (71, 94): 85, (71, 133): 85, (72, 97): 255, (72, 130): 255, (74, 31): 15, (74, 196): 15, (77, 43): 85, (77, 184): 85, (78, 63): 15, (78, 164): 15, (80, 53): 17, (80, 174): 17, (81, 26): 255, (81, 201): 255, (83, 12): 85, (83, 215): 85, (87, 63): 85, (87, 164): 85, (89, 93): 85, (89, 134): 85, (90, 94): 85, (90, 133): 85, (91, 16): 255, (91, 211): 255, (92, 103): 51, (92, 124): 51, (93, 67): 255, (93, 160): 255, (94, 17): 255, (94, 210): 255, (97, 75): 255, (97, 152): 255, (98, 53): 85, (98, 174): 85, (100, 38): 17, (100, 189): 17, (102, 45): 255, (102, 182): 255, (103, 47): 255, (103, 180): 255, (108, 48): 51, (108, 179): 51, (110, 88): 255, (110, 139): 255, (111, 76): 255, (111, 151): 255, (112, 36): 255, (112, 191): 255, (113, 62): 85, (113, 165): 85, (114, 43): 15, (114, 184): 15, (115, 68): 255, (115, 159): 255, (116, 12): 51, (116, 215): 51, (117, 30): 255, (117, 197): 255, (121, 73): 85, (121, 154): 85, (122, 11): 255, (122, 216): 255, (123, 56): 255, (123, 171): 255, (124, 83): 255, (124, 144): 255, (125, 6): 255, (125, 221): 255, (126, 17): 85, (126, 210): 85, (129, 29): 255, (129, 198): 255, (131, 23): 85, (131, 204): 85, (134, 110): 255, (134, 117): 255, (135, 87): 255, (135, 140): 255, (138, 26): 255, (138, 201): 255, (139, 97): 5, (139, 130): 5, (141, 10): 85, (141, 217): 85, (142, 50): 85, (142, 177): 85, (143, 109): 255, (143, 118): 255, (144, 76): 255, (144, 151): 255, (145, 9): 255, (145, 218): 255, (146, 93): 255, (146, 134): 255, (147, 29): 51, (147, 198): 51, (148, 80): 255, (148, 147): 255, (150, 62): 85, (150, 165): 85, (152, 11): 51, (152, 216): 51, (153, 54): 255, (153, 173): 255, (157, 78): 255, (157, 149): 255, (158, 96): 15, (158, 131): 15, (162, 56): 255, (162, 171): 255, (163, 95): 85, (163, 132): 85, (169, 56): 85, (169, 171): 85, (171, 82): 255, (171, 145): 255, (175, 90): 255, (175, 137): 255, (177, 38): 17, (177, 189): 17, (178, 29): 255, (178, 198): 255, (179, 25): 255, (179, 202): 255, (180, 11): 255, (180, 216): 255, (181, 4): 255, (181, 223): 255, (182, 61): 85, (182, 166): 85, (184, 79): 85, (184, 148): 85, (185, 55): 255, (185, 172): 255, (186, 40): 5, (186, 187): 5, (189, 58): 51, (189, 169): 51, (191, 62): 85, (191, 165): 85, (196, 37): 255, (196, 190): 255, (197, 92): 255, (197, 135): 255, (199, 76): 255, (199, 151): 255, (203, 34): 255, (203, 193): 255, (205, 1): 51, (205, 226): 51, (207, 19): 255, (207, 208): 255, (208, 49): 85, (208, 178): 85, (210, 4): 255, (210, 223): 255, (215, 81): 255, (215, 146): 255, (216, 65): 85, (216, 162): 85, (217, 37): 255, (217, 190): 255, (219, 93): 51, (219, 134): 51, (221, 55): 85, (221, 172): 85, (224, 3): 51, (224, 224): 51, (225, 84): 255, (225, 143): 255}
 
229, 243, False, 2, 83
{'infinity': 1, (0, 3): 81, (0, 226): 81, (1, 1): 81, (1, 228): 81, (2, 107): 81, (2, 122): 81, (3, 3): 3, (3, 226): 3, (4, 91): 81, (4, 138): 81, (6, 20): 81, (6, 209): 81, (7, 17): 81, (7, 212): 81, (8, 92): 81, (8, 137): 81, (10, 71): 27, (10, 158): 27, (12, 22): 3, (12, 207): 3, (14, 32): 9, (14, 197): 9, (15, 57): 81, (15, 172): 81, (16, 86): 9, (16, 143): 9, (18, 99): 81, (18, 130): 81, (19, 96): 81, (19, 133): 81, (20, 57): 81, (20, 172): 81, (22, 29): 27, (22, 200): 27, (23, 53): 27, (23, 176): 27, (26, 93): 81, (26, 136): 81, (27, 30): 81, (27, 199): 81, (28, 99): 81, (28, 130): 81, (31, 74): 81, (31, 155): 81, (33, 29): 81, (33, 200): 81, (35, 77): 81, (35, 152): 81, (36, 82): 9, (36, 147): 9, (37, 112): 81, (37, 117): 81, (38, 91): 27, (38, 138): 27, (42, 50): 81, (42, 179): 81, (45, 31): 81, (45, 198): 81, (46, 8): 3, (46, 221): 3, (47, 78): 81, (47, 151): 81, (48, 97): 81, (48, 132): 81, (50, 21): 27, (50, 208): 27, (51, 86): 81, (51, 143): 81, (52, 1): 81, (52, 228): 81, (53, 43): 81, (53, 186): 81, (56, 60): 81, (56, 169): 81, (58, 112): 27, (58, 117): 27, (60, 74): 27, (60, 155): 27, (63, 32): 27, (63, 197): 27, (65, 60): 81, (65, 169): 81, (66, 64): 81, (66, 165): 81, (68, 102): 81, (68, 127): 81, (72, 22): 27, (72, 207): 27, (73, 108): 9, (73, 121): 9, (74, 100): 81, (74, 129): 81, (75, 41): 81, (75, 188): 81, (76, 37): 81, (76, 192): 81, (78, 79): 81, (78, 150): 81, (80, 42): 81, (80, 187): 81, (86, 31): 81, (86, 198): 81, (92, 52): 27, (92, 177): 27, (94, 35): 27, (94, 194): 27, (98, 31): 9, (98, 198): 9, (99, 17): 9, (99, 212): 9, (101, 59): 9, (101, 170): 9, (104, 66): 81, (104, 163): 81, (106, 88): 81, (106, 141): 81, (108, 60): 81, (108, 169): 81, (112, 56): 81, (112, 173): 81, (114, 27): 27, (114, 202): 27, (118, 7): 27, (118, 222): 27, (121, 51): 81, (121, 178): 81, (123, 17): 81, (123, 212): 81, (126, 9): 81, (126, 220): 81, (127, 26): 81, (127, 203): 81, (129, 6): 81, (129, 223): 81, (130, 88): 9, (130, 141): 9, (131, 109): 81, (131, 120): 81, (134, 112): 81, (134, 117): 81, (135, 25): 27, (135, 204): 27, (137, 73): 81, (137, 156): 81, (138, 74): 81, (138, 155): 81, (140, 4): 81, (140, 225): 81, (141, 72): 81, (141, 157): 81, (143, 109): 81, (143, 120): 81, (145, 22): 27, (145, 207): 27, (146, 18): 81, (146, 211): 81, (152, 32): 27, (152, 197): 27, (154, 13): 81, (154, 216): 81, (155, 95): 81, (155, 134): 81, (156, 105): 81, (156, 124): 81, (160, 7): 81, (160, 222): 81, (161, 47): 27, (161, 182): 27, (162, 86): 81, (162, 143): 81, (163, 68): 81, (163, 161): 81, (164, 51): 81, (164, 178): 81, (168, 79): 3, (168, 150): 3, (172, 19): 27, (172, 210): 27, (173, 51): 81, (173, 178): 81, (174, 29): 81, (174, 200): 81, (175, 101): 81, (175, 128): 81, (176, 1): 27, (176, 228): 27, (177, 43): 81, (177, 186): 81, (180, 7): 81, (180, 222): 81, (183, 99): 81, (183, 130): 81, (184, 109): 27, (184, 120): 27, (185, 62): 81, (185, 167): 81, (187, 91): 81, (187, 138): 81, (191, 50): 81, (191, 179): 81, (194, 57): 81, (194, 172): 81, (201, 8): 81, (201, 221): 81, (203, 23): 27, (203, 206): 27, (204, 69): 81, (204, 160): 81, (206, 84): 81, (206, 145): 81, (208, 28): 81, (208, 201): 81, (209, 77): 81, (209, 152): 81, (211, 8): 81, (211, 221): 81, (212, 79): 81, (212, 150): 81, (214, 77): 27, (214, 152): 27, (218, 36): 81, (218, 193): 81, (219, 106): 27, (219, 123): 27, (220, 55): 27, (220, 174): 27, (221, 16): 81, (221, 213): 81, (222, 88): 81, (222, 141): 81, (223, 63): 27, (223, 166): 27, (224, 58): 27, (224, 171): 27, (225, 50): 27, (225, 179): 27, (226, 3): 81, (226, 226): 81, (227, 83): 81, (227, 146): 81, (228, 43): 9, (228, 186): 9}
 
233, 228, False, 4, 57
{'infinity': 1, (0, 3): 57, (0, 230): 57, (1, 1): 19, (1, 232): 19, (2, 89): 57, (2, 144): 57, (3, 3): 3, (3, 230): 3, (4, 81): 38, (4, 152): 38, (5, 97): 114, (5, 136): 114, (6, 95): 114, (6, 138): 114, (7, 17): 19, (7, 216): 19, (10, 57): 114, (10, 176): 114, (11, 92): 38, (11, 141): 38, (12, 109): 38, (12, 124): 38, (13, 15): 114, (13, 218): 114, (14, 8): 57, (14, 225): 57, (15, 57): 57, (15, 176): 57, (16, 0): 2, (17, 80): 57, (17, 153): 57, (19, 86): 114, (19, 147): 114, (22, 48): 38, (22, 185): 38, (25, 65): 19, (25, 168): 19, (26, 80): 38, (26, 153): 38, (27, 24): 114, (27, 209): 114, (30, 115): 114, (30, 118): 114, (32, 58): 57, (32, 175): 57, (33, 0): 2, (36, 48): 114, (36, 185): 114, (37, 1): 114, (37, 232): 114, (39, 93): 114, (39, 140): 114, (42, 18): 19, (42, 215): 19, (43, 29): 114, (43, 204): 114, (44, 43): 38, (44, 190): 38, (45, 32): 114, (45, 201): 114, (49, 22): 57, (49, 211): 57, (52, 62): 57, (52, 171): 57, (54, 90): 114, (54, 143): 114, (55, 61): 114, (55, 172): 114, (59, 41): 114, (59, 192): 114, (60, 115): 114, (60, 118): 114, (69, 84): 38, (69, 149): 38, (70, 58): 114, (70, 175): 114, (71, 32): 57, (71, 201): 57, (75, 90): 38, (75, 143): 38, (76, 93): 114, (76, 140): 114, (77, 69): 114, (77, 164): 114, (78, 50): 114, (78, 183): 114, (79, 63): 57, (79, 170): 57, (82, 35): 57, (82, 198): 57, (85, 87): 114, (85, 146): 114, (86, 42): 38, (86, 191): 38, (87, 73): 38, (87, 160): 38, (89, 98): 38, (89, 135): 38, (90, 105): 38, (90, 128): 38, (91, 95): 114, (91, 138): 114, (96, 47): 38, (96, 186): 38, (101, 70): 6, (101, 163): 6, (103, 37): 38, (103, 196): 38, (104, 90): 114, (104, 143): 114, (109, 21): 114, (109, 212): 114, (110, 88): 114, (110, 145): 114, (112, 77): 114, (112, 156): 114, (113, 28): 38, (113, 205): 38, (116, 25): 114, (116, 208): 114, (117, 32): 38, (117, 201): 38, (118, 93): 19, (118, 140): 19, (123, 14): 114, (123, 219): 114, (131, 58): 114, (131, 175): 114, (133, 53): 57, (133, 180): 57, (136, 95): 114, (136, 138): 114, (139, 110): 114, (139, 123): 114, (143, 115): 114, (143, 118): 114, (144, 82): 114, (144, 151): 114, (150, 106): 38, (150, 127): 38, (152, 49): 114, (152, 184): 114, (155, 9): 38, (155, 224): 38, (160, 35): 114, (160, 198): 114, (162, 25): 38, (162, 208): 38, (168, 26): 19, (168, 207): 19, (169, 10): 114, (169, 223): 114, (170, 44): 6, (170, 189): 6, (171, 83): 38, (171, 150): 38, (173, 105): 114, (173, 128): 114, (174, 30): 38, (174, 203): 38, (175, 48): 57, (175, 185): 57, (176, 104): 38, (176, 129): 38, (177, 87): 57, (177, 146): 57, (178, 5): 38, (178, 228): 38, (180, 27): 114, (180, 206): 114, (181, 64): 114, (181, 169): 114, (182, 45): 114, (182, 188): 114, (184, 0): 2, (185, 72): 19, (185, 161): 19, (187, 99): 114, (187, 134): 114, (188, 25): 114, (188, 208): 114, (189, 75): 114, (189, 158): 114, (190, 80): 114, (190, 153): 114, (195, 1): 114, (195, 232): 114, (200, 22): 19, (200, 211): 19, (203, 105): 57, (203, 128): 57, (204, 87): 6, (204, 146): 6, (206, 52): 114, (206, 181): 114, (207, 29): 114, (207, 204): 114, (208, 57): 114, (208, 176): 114, (209, 71): 114, (209, 162): 114, (216, 29): 19, (216, 204): 19, (217, 22): 57, (217, 211): 57, (218, 65): 114, (218, 168): 114, (219, 113): 114, (219, 120): 114, (220, 78): 57, (220, 155): 57, (222, 116): 114, (222, 117): 114, (223, 65): 114, (223, 168): 114, (224, 35): 38, (224, 198): 38, (226, 112): 38, (226, 121): 38, (228, 66): 38, (228, 167): 38, (229, 100): 114, (229, 133): 114, (230, 3): 57, (230, 230): 57, (231, 46): 38, (231, 187): 38}
 
239, 213, True, 1, 213
{'infinity': 1, (0, 3): 71, (0, 236): 71, (1, 1): 213, (1, 238): 213, (3, 3): 3, (3, 236): 3, (7, 17): 213, (7, 222): 213, (10, 21): 213, (10, 218): 213, (15, 57): 213, (15, 182): 213, (18, 95): 213, (18, 144): 213, (19, 31): 71, (19, 208): 71, (22, 95): 213, (22, 144): 213, (25, 45): 213, (25, 194): 213, (27, 114): 71, (27, 125): 71, (31, 29): 213, (31, 210): 213, (34, 17): 213, (34, 222): 213, (35, 79): 213, (35, 160): 213, (39, 30): 213, (39, 209): 213, (40, 52): 213, (40, 187): 213, (43, 62): 71, (43, 177): 71, (46, 61): 213, (46, 178): 213, (47, 20): 71, (47, 219): 71, (50, 76): 213, (50, 163): 213, (51, 89): 71, (51, 150): 71, (59, 89): 213, (59, 150): 213, (61, 81): 71, (61, 158): 71, (62, 90): 71, (62, 149): 71, (65, 91): 213, (65, 148): 213, (68, 71): 213, (68, 168): 213, (72, 41): 213, (72, 198): 213, (75, 42): 71, (75, 197): 71, (78, 20): 213, (78, 219): 213, (80, 32): 71, (80, 207): 71, (84, 77): 213, (84, 162): 213, (86, 56): 213, (86, 183): 213, (87, 1): 213, (87, 238): 213, (88, 16): 71, (88, 223): 71, (89, 68): 213, (89, 171): 213, (91, 110): 71, (91, 129): 71, (92, 101): 213, (92, 138): 213, (93, 49): 213, (93, 190): 213, (95, 108): 71, (95, 131): 71, (97, 44): 213, (97, 195): 213, (98, 103): 71, (98, 136): 71, (99, 64): 213, (99, 175): 213, (106, 114): 71, (106, 125): 71, (107, 109): 71, (107, 130): 71, (113, 99): 71, (113, 140): 71, (114, 20): 213, (114, 219): 213, (115, 54): 213, (115, 185): 213, (116, 25): 213, (116, 214): 213, (117, 15): 213, (117, 224): 213, (118, 7): 71, (118, 232): 71, (122, 82): 213, (122, 157): 213, (123, 50): 213, (123, 189): 213, (125, 88): 213, (125, 151): 213, (126, 4): 213, (126, 235): 213, (128, 74): 71, (128, 165): 71, (129, 89): 213, (129, 150): 213, (132, 39): 71, (132, 200): 71, (135, 24): 213, (135, 215): 213, (136, 34): 71, (136, 205): 71, (137, 65): 213, (137, 174): 213, (143, 26): 213, (143, 213): 213, (150, 37): 213, (150, 202): 213, (151, 1): 71, (151, 238): 71, (152, 16): 213, (152, 223): 213, (154, 65): 213, (154, 174): 213, (155, 8): 71, (155, 231): 71, (158, 112): 213, (158, 127): 213, (161, 88): 213, (161, 151): 213, (164, 40): 213, (164, 199): 213, (166, 44): 213, (166, 195): 213, (167, 38): 213, (167, 201): 213, (170, 56): 213, (170, 183): 213, (172, 64): 213, (172, 175): 213, (174, 113): 213, (174, 126): 213, (176, 93): 213, (176, 146): 213, (177, 98): 71, (177, 141): 71, (179, 102): 213, (179, 137): 213, (181, 46): 213, (181, 193): 213, (185, 66): 71, (185, 173): 71, (187, 65): 213, (187, 174): 213, (190, 110): 71, (190, 129): 71, (192, 88): 71, (192, 151): 71, (193, 11): 71, (193, 228): 71, (194, 78): 213, (194, 161): 213, (195, 117): 213, (195, 122): 213, (197, 110): 71, (197, 129): 71, (198, 17): 71, (198, 222): 71, (199, 95): 71, (199, 144): 71, (207, 64): 213, (207, 175): 213, (208, 33): 213, (208, 206): 213, (210, 62): 213, (210, 177): 213, (211, 47): 213, (211, 192): 213, (214, 12): 213, (214, 227): 213, (215, 44): 71, (215, 195): 71, (217, 52): 71, (217, 187): 71, (221, 52): 213, (221, 187): 213, (222, 56): 213, (222, 183): 213, (223, 70): 71, (223, 169): 71, (225, 62): 213, (225, 177): 213, (226, 115): 213, (226, 124): 213, (227, 118): 213, (227, 121): 213, (228, 51): 71, (228, 188): 71, (229, 85): 213, (229, 154): 213, (235, 69): 213, (235, 170): 213, (236, 3): 213, (236, 236): 213, (238, 16): 213, (238, 223): 213}
 
241, 243, True, 1, 243
{'infinity': 1, (0, 3): 243, (0, 238): 243, (1, 1): 243, (1, 240): 243, (2, 64): 81, (2, 177): 81, (3, 3): 3, (3, 238): 3, (7, 17): 243, (7, 224): 243, (10, 14): 243, (10, 227): 243, (11, 6): 81, (11, 235): 81, (12, 119): 243, (12, 122): 243, (13, 99): 243, (13, 142): 243, (14, 82): 243, (14, 159): 243, (15, 57): 243, (15, 184): 243, (21, 37): 243, (21, 204): 243, (22, 108): 81, (22, 133): 81, (23, 94): 243, (23, 147): 243, (24, 11): 243, (24, 230): 243, (25, 60): 243, (25, 181): 243, (26, 64): 27, (26, 177): 27, (27, 13): 243, (27, 228): 243, (30, 62): 243, (30, 179): 243, (31, 100): 243, (31, 141): 243, (37, 116): 243, (37, 125): 243, (40, 5): 243, (40, 236): 243, (42, 93): 81, (42, 148): 81, (43, 9): 243, (43, 232): 243, (45, 63): 243, (45, 178): 243, (46, 7): 27, (46, 234): 27, (47, 35): 243, (47, 206): 243, (48, 88): 243, (48, 153): 243, (49, 36): 9, (49, 205): 9, (51, 55): 243, (51, 186): 243, (52, 65): 27, (52, 176): 27, (53, 26): 243, (53, 215): 243, (54, 108): 81, (54, 133): 81, (55, 9): 81, (55, 232): 81, (57, 18): 243, (57, 223): 243, (60, 16): 243, (60, 225): 243, (63, 81): 81, (63, 160): 81, (65, 88): 81, (65, 153): 81, (66, 11): 243, (66, 230): 243, (68, 23): 243, (68, 218): 243, (70, 20): 81, (70, 221): 81, (71, 100): 243, (71, 141): 243, (73, 29): 81, (73, 212): 81, (74, 13): 243, (74, 228): 243, (75, 69): 27, (75, 172): 27, (77, 29): 243, (77, 212): 243, (78, 52): 243, (78, 189): 243, (80, 65): 243, (80, 176): 243, (83, 19): 9, (83, 222): 9, (84, 28): 81, (84, 213): 81, (85, 54): 243, (85, 187): 243, (86, 16): 81, (86, 225): 81, (87, 47): 81, (87, 194): 81, (89, 79): 243, (89, 162): 243, (91, 29): 243, (91, 212): 243, (92, 43): 243, (92, 198): 243, (94, 15): 243, (94, 226): 243, (95, 16): 243, (95, 225): 243, (96, 80): 243, (96, 161): 243, (97, 61): 81, (97, 180): 81, (100, 37): 243, (100, 204): 243, (101, 50): 81, (101, 191): 81, (103, 101): 243, (103, 140): 243, (104, 40): 81, (104, 201): 81, (107, 110): 27, (107, 131): 27, (108, 27): 243, (108, 214): 243, (109, 65): 243, (109, 176): 243, (110, 120): 243, (110, 121): 243, (114, 8): 81, (114, 233): 81, (120, 37): 81, (120, 204): 81, (122, 92): 27, (122, 149): 27, (125, 106): 243, (125, 135): 243, (128, 88): 243, (128, 153): 243, (133, 112): 81, (133, 129): 81, (134, 89): 243, (134, 152): 243, (135, 103): 243, (135, 138): 243, (138, 105): 243, (138, 136): 243, (139, 100): 243, (139, 141): 243, (140, 13): 243, (140, 228): 243, (142, 12): 243, (142, 229): 243, (143, 9): 243, (143, 232): 243, (145, 33): 243, (145, 208): 243, (146, 56): 81, (146, 185): 81, (149, 45): 243, (149, 196): 243, (150, 83): 243, (150, 158): 243, (151, 11): 243, (151, 230): 243, (153, 40): 243, (153, 201): 243, (155, 56): 81, (155, 185): 81, (156, 41): 81, (156, 200): 81, (159, 8): 243, (159, 233): 243, (164, 83): 27, (164, 158): 27, (165, 108): 81, (165, 133): 81, (166, 42): 243, (166, 199): 243, (167, 50): 243, (167, 191): 243, (168, 83): 243, (168, 158): 243, (169, 85): 243, (169, 156): 243, (171, 10): 243, (171, 231): 243, (172, 107): 81, (172, 134): 81, (173, 104): 9, (173, 137): 9, (174, 48): 243, (174, 193): 243, (178, 98): 243, (178, 143): 243, (179, 61): 243, (179, 180): 243, (181, 56): 27, (181, 185): 27, (183, 90): 243, (183, 151): 243, (194, 38): 243, (194, 203): 243, (197, 52): 243, (197, 189): 243, (199, 68): 81, (199, 173): 81, (204, 96): 27, (204, 145): 27, (206, 61): 243, (206, 180): 243, (207, 52): 243, (207, 189): 243, (209, 8): 243, (209, 233): 243, (211, 111): 243, (211, 130): 243, (213, 64): 81, (213, 177): 81, (214, 50): 243, (214, 191): 243, (223, 72): 243, (223, 169): 243, (225, 40): 243, (225, 201): 243, (226, 25): 81, (226, 216): 81, (228, 87): 243, (228, 154): 243, (230, 114): 243, (230, 127): 243, (234, 115): 243, (234, 126): 243, (238, 3): 243, (238, 238): 243}
 
251, 264, False, 4, 66
{'infinity': 1, (0, 3): 66, (0, 248): 66, (1, 1): 22, (1, 250): 22, (3, 3): 3, (3, 248): 3, (5, 66): 44, (5, 185): 44, (7, 17): 11, (7, 234): 11, (8, 82): 66, (8, 169): 66, (9, 54): 66, (9, 197): 66, (11, 57): 44, (11, 194): 44, (12, 25): 132, (12, 226): 132, (13, 9): 66, (13, 242): 66, (14, 86): 22, (14, 165): 22, (15, 57): 33, (15, 194): 33, (16, 14): 44, (16, 237): 44, (17, 0): 2, (20, 53): 33, (20, 198): 33, (21, 48): 132, (21, 203): 132, (24, 125): 132, (24, 126): 132, (27, 97): 22, (27, 154): 22, (28, 25): 66, (28, 226): 66, (29, 36): 132, (29, 215): 132, (31, 107): 44, (31, 144): 44, (32, 19): 132, (32, 232): 132, (33, 42): 44, (33, 209): 44, (39, 69): 22, (39, 182): 22, (41, 17): 132, (41, 234): 132, (43, 8): 132, (43, 243): 132, (45, 108): 132, (45, 143): 132, (46, 48): 66, (46, 203): 66, (49, 0): 2, (50, 125): 132, (50, 126): 132, (51, 41): 22, (51, 210): 22, (52, 51): 66, (52, 200): 66, (53, 90): 22, (53, 161): 22, (54, 83): 132, (54, 168): 132, (56, 26): 11, (56, 225): 11, (57, 63): 22, (57, 188): 22, (58, 24): 66, (58, 227): 66, (59, 36): 66, (59, 215): 66, (61, 87): 132, (61, 164): 132, (64, 81): 132, (64, 170): 132, (65, 31): 33, (65, 220): 33, (68, 62): 44, (68, 189): 44, (69, 51): 11, (69, 200): 11, (70, 39): 44, (70, 212): 44, (71, 46): 44, (71, 205): 44, (72, 80): 132, (72, 171): 132, (75, 28): 132, (75, 223): 132, (78, 67): 66, (78, 184): 66, (82, 14): 44, (82, 237): 44, (89, 97): 66, (89, 154): 66, (90, 53): 66, (90, 198): 66, (91, 99): 132, (91, 152): 132, (92, 32): 132, (92, 219): 132, (94, 106): 132, (94, 145): 132, (95, 86): 66, (95, 165): 66, (96, 19): 132, (96, 232): 132, (98, 18): 33, (98, 233): 33, (102, 122): 44, (102, 129): 44, (105, 9): 132, (105, 242): 132, (106, 64): 132, (106, 187): 132, (109, 34): 33, (109, 217): 33, (110, 35): 132, (110, 216): 132, (111, 85): 132, (111, 166): 132, (112, 60): 44, (112, 191): 44, (116, 30): 132, (116, 221): 132, (120, 7): 132, (120, 244): 132, (123, 19): 22, (123, 232): 22, (125, 22): 44, (125, 229): 44, (126, 6): 22, (126, 245): 22, (127, 120): 132, (127, 131): 132, (129, 95): 66, (129, 156): 66, (130, 51): 66, (130, 200): 66, (132, 70): 22, (132, 181): 22, (133, 9): 132, (133, 242): 132, (135, 97): 6, (135, 154): 6, (136, 15): 4, (136, 236): 4, (137, 89): 44, (137, 162): 44, (138, 56): 66, (138, 195): 66, (141, 53): 66, (141, 198): 66, (142, 86): 33, (142, 165): 33, (145, 38): 66, (145, 213): 66, (149, 52): 4, (149, 199): 4, (150, 113): 44, (150, 138): 44, (151, 89): 66, (151, 162): 66, (152, 88): 33, (152, 163): 33, (153, 14): 22, (153, 237): 22, (154, 43): 132, (154, 208): 132, (156, 34): 6, (156, 217): 6, (159, 91): 22, (159, 160): 22, (161, 35): 33, (161, 216): 33, (162, 30): 132, (162, 221): 132, (163, 36): 44, (163, 215): 44, (166, 120): 66, (166, 131): 66, (168, 112): 132, (168, 139): 132, (169, 18): 132, (169, 233): 132, (171, 4): 33, (171, 247): 33, (175, 88): 66, (175, 163): 66, (177, 125): 66, (177, 126): 66, (178, 85): 12, (178, 166): 12, (179, 12): 66, (179, 239): 66, (180, 101): 44, (180, 150): 44, (181, 76): 132, (181, 175): 132, (183, 21): 22, (183, 230): 22, (184, 48): 12, (184, 203): 12, (185, 0): 2, (188, 104): 66, (188, 147): 66, (193, 114): 132, (193, 137): 132, (194, 124): 66, (194, 127): 66, (198, 47): 33, (198, 204): 33, (200, 40): 66, (200, 211): 66, (203, 17): 132, (203, 234): 132, (204, 71): 12, (204, 180): 12, (208, 74): 66, (208, 177): 66, (209, 120): 132, (209, 131): 132, (211, 25): 44, (211, 226): 44, (213, 85): 66, (213, 166): 66, (214, 89): 132, (214, 162): 132, (215, 83): 132, (215, 168): 132, (216, 118): 22, (216, 133): 22, (220, 93): 6, (220, 158): 6, (224, 30): 11, (224, 221): 11, (225, 57): 12, (225, 194): 12, (229, 58): 132, (229, 193): 132, (231, 35): 44, (231, 216): 44, (233, 83): 22, (233, 168): 22, (235, 18): 44, (235, 233): 44, (237, 34): 66, (237, 217): 66, (241, 75): 132, (241, 176): 132, (242, 37): 44, (242, 214): 44, (246, 96): 132, (246, 155): 132, (247, 105): 132, (247, 146): 132, (248, 3): 66, (248, 248): 66, (250, 45): 11, (250, 206): 11}
 
257, 249, True, 1, 249
{'infinity': 1, (0, 3): 83, (0, 254): 83, (1, 1): 249, (1, 256): 249, (2, 16): 249, (2, 241): 249, (3, 3): 3, (3, 254): 3, (5, 54): 249, (5, 203): 249, (7, 17): 249, (7, 240): 249, (9, 20): 83, (9, 237): 83, (11, 124): 249, (11, 133): 249, (14, 91): 249, (14, 166): 249, (15, 57): 249, (15, 200): 249, (17, 20): 83, (17, 237): 83, (18, 5): 83, (18, 252): 83, (19, 23): 249, (19, 234): 249, (24, 32): 249, (24, 225): 249, (25, 62): 249, (25, 195): 249, (28, 11): 249, (28, 246): 249, (29, 39): 83, (29, 218): 83, (30, 36): 249, (30, 221): 249, (31, 123): 83, (31, 134): 83, (34, 86): 249, (34, 171): 249, (36, 9): 249, (36, 248): 249, (39, 102): 249, (39, 155): 249, (41, 126): 83, (41, 131): 83, (44, 66): 249, (44, 191): 249, (45, 120): 249, (45, 137): 249, (46, 82): 249, (46, 175): 249, (47, 98): 249, (47, 159): 249, (48, 78): 249, (48, 179): 249, (49, 5): 83, (49, 252): 83, (52, 37): 83, (52, 220): 83, (53, 67): 249, (53, 190): 249, (55, 102): 249, (55, 155): 249, (56, 19): 249, (56, 238): 249, (58, 43): 249, (58, 214): 249, (63, 126): 83, (63, 131): 83, (64, 112): 249, (64, 145): 249, (66, 108): 249, (66, 149): 249, (68, 17): 249, (68, 240): 249, (69, 42): 249, (69, 215): 249, (73, 82): 83, (73, 175): 83, (74, 7): 249, (74, 250): 249, (76, 87): 83, (76, 170): 83, (78, 112): 83, (78, 145): 83, (80, 87): 249, (80, 170): 249, (81, 4): 249, (81, 253): 249, (86, 66): 249, (86, 191): 249, (88, 47): 249, (88, 210): 249, (90, 115): 83, (90, 142): 83, (91, 120): 249, (91, 137): 249, (92, 50): 249, (92, 207): 249, (95, 125): 83, (95, 132): 83, (96, 40): 83, (96, 217): 83, (98, 124): 249, (98, 133): 249, (99, 28): 83, (99, 229): 83, (101, 87): 249, (101, 170): 249, (103, 79): 83, (103, 178): 83, (105, 73): 249, (105, 184): 249, (107, 68): 83, (107, 189): 83, (109, 24): 249, (109, 233): 249, (110, 72): 249, (110, 185): 249, (112, 127): 83, (112, 130): 83, (114, 83): 249, (114, 174): 249, (115, 112): 249, (115, 145): 249, (116, 34): 249, (116, 223): 249, (120, 114): 83, (120, 143): 83, (121, 120): 83, (121, 137): 83, (123, 84): 249, (123, 173): 249, (127, 66): 83, (127, 191): 83, (130, 51): 249, (130, 206): 249, (131, 22): 83, (131, 235): 83, (134, 71): 249, (134, 186): 249, (135, 128): 249, (135, 129): 249, (137, 30): 249, (137, 227): 249, (138, 82): 249, (138, 175): 249, (142, 18): 83, (142, 239): 83, (143, 117): 249, (143, 140): 249, (147, 105): 83, (147, 152): 83, (148, 124): 249, (148, 133): 249, (151, 63): 249, (151, 194): 249, (153, 126): 83, (153, 131): 83, (156, 38): 249, (156, 219): 249, (159, 24): 249, (159, 233): 249, (162, 29): 83, (162, 228): 83, (163, 102): 83, (163, 155): 83, (164, 34): 249, (164, 223): 249, (165, 49): 249, (165, 208): 249, (167, 97): 83, (167, 160): 83, (168, 110): 249, (168, 147): 249, (169, 76): 249, (169, 181): 249, (171, 51): 249, (171, 206): 249, (173, 73): 83, (173, 184): 83, (174, 58): 249, (174, 199): 249, (176, 60): 83, (176, 197): 83, (177, 38): 83, (177, 219): 83, (179, 18): 249, (179, 239): 249, (181, 38): 249, (181, 219): 249, (182, 17): 249, (182, 240): 249, (183, 45): 249, (183, 212): 249, (185, 109): 249, (185, 148): 249, (190, 5): 83, (190, 252): 83, (191, 113): 249, (191, 144): 249, (193, 18): 249, (193, 239): 249, (195, 96): 83, (195, 161): 83, (199, 15): 83, (199, 242): 83, (203, 40): 249, (203, 217): 249, (207, 19): 249, (207, 238): 249, (213, 51): 249, (213, 206): 249, (215, 40): 249, (215, 217): 249, (220, 33): 249, (220, 224): 249, (222, 25): 249, (222, 232): 249, (224, 116): 249, (224, 141): 249, (225, 93): 83, (225, 164): 83, (226, 56): 83, (226, 201): 83, (231, 20): 83, (231, 237): 83, (232, 85): 249, (232, 172): 249, (233, 104): 249, (233, 153): 249, (234, 34): 249, (234, 223): 249, (236, 73): 249, (236, 184): 249, (241, 13): 83, (241, 244): 83, (244, 111): 249, (244, 146): 249, (246, 24): 249, (246, 233): 249, (251, 19): 249, (251, 238): 249, (254, 3): 249, (254, 254): 249, (256, 70): 83, (256, 187): 83}
 
263, 243, True, 1, 243
{'infinity': 1, (0, 3): 243, (0, 260): 243, (1, 1): 243, (1, 262): 243, (3, 3): 3, (3, 260): 3, (4, 33): 243, (4, 230): 243, (5, 103): 243, (5, 160): 243, (7, 17): 243, (7, 246): 243, (8, 42): 9, (8, 221): 9, (12, 83): 27, (12, 180): 27, (13, 118): 243, (13, 145): 243, (15, 57): 243, (15, 206): 243, (16, 4): 243, (16, 259): 243, (17, 78): 243, (17, 185): 243, (18, 122): 243, (18, 141): 243, (19, 124): 81, (19, 139): 81, (24, 97): 243, (24, 166): 243, (26, 16): 81, (26, 247): 81, (28, 77): 81, (28, 186): 81, (29, 97): 243, (29, 166): 243, (30, 121): 81, (30, 142): 81, (32, 107): 243, (32, 156): 243, (33, 12): 81, (33, 251): 81, (34, 95): 243, (34, 168): 243, (37, 126): 81, (37, 137): 81, (38, 19): 243, (38, 244): 243, (40, 23): 243, (40, 240): 243, (41, 60): 243, (41, 203): 243, (44, 30): 243, (44, 233): 243, (46, 102): 243, (46, 161): 243, (47, 24): 243, (47, 239): 243, (48, 32): 81, (48, 231): 81, (52, 93): 243, (52, 170): 243, (58, 105): 27, (58, 158): 27, (59, 56): 81, (59, 207): 81, (60, 129): 81, (60, 134): 81, (62, 69): 243, (62, 194): 243, (65, 23): 243, (65, 240): 243, (67, 127): 243, (67, 136): 243, (68, 99): 243, (68, 164): 243, (70, 74): 9, (70, 189): 9, (73, 60): 243, (73, 203): 243, (76, 77): 243, (76, 186): 243, (77, 99): 27, (77, 164): 27, (78, 14): 243, (78, 249): 243, (79, 1): 243, (79, 262): 243, (80, 65): 243, (80, 198): 243, (84, 101): 243, (84, 162): 243, (92, 21): 81, (92, 242): 81, (93, 8): 243, (93, 255): 243, (100, 32): 81, (100, 231): 81, (103, 126): 81, (103, 137): 81, (104, 123): 243, (104, 140): 243, (108, 89): 81, (108, 174): 81, (111, 57): 243, (111, 206): 243, (112, 78): 243, (112, 185): 243, (114, 10): 81, (114, 253): 81, (115, 32): 81, (115, 231): 81, (116, 43): 81, (116, 220): 81, (118, 99): 243, (118, 164): 243, (119, 125): 81, (119, 138): 81, (123, 126): 27, (123, 137): 27, (125, 54): 243, (125, 209): 243, (128, 62): 243, (128, 201): 243, (130, 29): 243, (130, 234): 243, (132, 13): 243, (132, 250): 243, (134, 78): 9, (134, 185): 9, (137, 57): 243, (137, 206): 243, (138, 28): 27, (138, 235): 27, (141, 119): 243, (141, 144): 243, (143, 90): 243, (143, 173): 243, (144, 35): 243, (144, 228): 243, (148, 109): 243, (148, 154): 243, (149, 60): 243, (149, 203): 243, (153, 76): 81, (153, 187): 81, (154, 45): 243, (154, 218): 243, (157, 40): 243, (157, 223): 243, (158, 23): 81, (158, 240): 81, (159, 77): 243, (159, 186): 243, (163, 109): 81, (163, 154): 81, (165, 72): 243, (165, 191): 243, (169, 6): 81, (169, 257): 81, (171, 41): 243, (171, 222): 243, (173, 131): 243, (173, 132): 243, (176, 29): 243, (176, 234): 243, (179, 52): 81, (179, 211): 81, (180, 87): 81, (180, 176): 81, (182, 89): 243, (182, 174): 243, (183, 1): 243, (183, 262): 243, (184, 65): 27, (184, 198): 27, (187, 123): 243, (187, 140): 243, (189, 58): 243, (189, 205): 243, (190, 10): 243, (190, 253): 243, (205, 61): 243, (205, 202): 243, (206, 84): 243, (206, 179): 243, (210, 97): 243, (210, 166): 243, (211, 92): 243, (211, 171): 243, (213, 11): 27, (213, 252): 27, (214, 25): 243, (214, 238): 243, (215, 109): 243, (215, 154): 243, (218, 63): 81, (218, 200): 81, (220, 29): 27, (220, 234): 27, (222, 10): 243, (222, 253): 243, (224, 74): 243, (224, 189): 243, (225, 112): 243, (225, 151): 243, (229, 120): 81, (229, 143): 81, (230, 20): 243, (230, 243): 243, (232, 74): 243, (232, 189): 243, (233, 47): 27, (233, 216): 27, (235, 123): 243, (235, 140): 243, (236, 89): 243, (236, 174): 243, (237, 5): 243, (237, 258): 243, (240, 102): 243, (240, 161): 243, (247, 110): 243, (247, 153): 243, (250, 104): 243, (250, 159): 243, (252, 108): 243, (252, 155): 243, (253, 64): 243, (253, 199): 243, (254, 26): 243, (254, 237): 243, (255, 44): 81, (255, 219): 81, (258, 79): 81, (258, 184): 81, (259, 36): 243, (259, 227): 243, (260, 3): 243, (260, 260): 243, (262, 65): 243, (262, 198): 243}
 
269, 264, False, 2, 132
{'infinity': 1, (0, 3): 132, (0, 266): 132, (1, 1): 44, (1, 268): 44, (2, 82): 132, (2, 187): 132, (3, 3): 3, (3, 266): 3, (4, 87): 132, (4, 182): 132, (5, 122): 11, (5, 147): 11, (7, 17): 22, (7, 252): 22, (8, 51): 66, (8, 218): 66, (9, 53): 33, (9, 216): 33, (15, 57): 66, (15, 212): 66, (17, 14): 4, (17, 255): 4, (18, 90): 44, (18, 179): 44, (21, 133): 22, (21, 136): 22, (23, 86): 44, (23, 183): 44, (27, 9): 132, (27, 260): 132, (28, 98): 4, (28, 171): 4, (29, 14): 44, (29, 255): 44, (35, 41): 12, (35, 228): 12, (36, 72): 33, (36, 197): 33, (39, 55): 66, (39, 214): 66, (41, 43): 132, (41, 226): 132, (42, 33): 66, (42, 236): 66, (43, 124): 44, (43, 145): 44, (44, 84): 132, (44, 185): 132, (48, 95): 12, (48, 174): 12, (49, 134): 132, (49, 135): 132, (52, 0): 2, (53, 65): 132, (53, 204): 132, (55, 67): 132, (55, 202): 132, (59, 95): 44, (59, 174): 44, (60, 0): 2, (61, 88): 66, (61, 181): 66, (63, 113): 132, (63, 156): 132, (65, 106): 33, (65, 163): 33, (69, 40): 44, (69, 229): 44, (70, 91): 66, (70, 178): 66, (71, 7): 132, (71, 262): 132, (72, 115): 132, (72, 154): 132, (73, 134): 22, (73, 135): 22, (74, 23): 44, (74, 246): 44, (75, 61): 132, (75, 208): 132, (76, 10): 66, (76, 259): 66, (78, 42): 22, (78, 227): 22, (79, 41): 22, (79, 228): 22, (80, 98): 132, (80, 171): 132, (81, 59): 44, (81, 210): 44, (82, 105): 132, (82, 164): 132, (83, 85): 44, (83, 184): 44, (85, 7): 132, (85, 262): 132, (86, 102): 132, (86, 167): 132, (87, 37): 66, (87, 232): 66, (88, 53): 132, (88, 216): 132, (89, 133): 132, (89, 136): 132, (90, 4): 66, (90, 265): 66, (91, 38): 66, (91, 231): 66, (92, 65): 22, (92, 204): 22, (94, 107): 132, (94, 162): 132, (96, 111): 66, (96, 158): 66, (98, 83): 132, (98, 186): 132, (100, 124): 66, (100, 145): 66, (101, 106): 33, (101, 163): 33, (102, 112): 66, (102, 157): 66, (103, 106): 11, (103, 163): 11, (104, 18): 11, (104, 251): 11, (105, 127): 11, (105, 142): 11, (111, 11): 12, (111, 258): 12, (113, 7): 22, (113, 262): 22, (114, 36): 33, (114, 233): 33, (115, 82): 132, (115, 187): 132, (116, 71): 11, (116, 198): 11, (120, 73): 66, (120, 196): 66, (123, 21): 22, (123, 248): 22, (124, 65): 132, (124, 204): 132, (126, 124): 132, (126, 145): 132, (131, 46): 132, (131, 223): 132, (133, 89): 66, (133, 180): 66, (134, 100): 66, (134, 169): 66, (137, 60): 66, (137, 209): 66, (138, 79): 44, (138, 190): 44, (140, 5): 132, (140, 264): 132, (141, 47): 33, (141, 222): 33, (143, 128): 66, (143, 141): 66, (144, 45): 33, (144, 224): 33, (145, 108): 12, (145, 161): 12, (146, 121): 66, (146, 148): 66, (147, 134): 132, (147, 135): 132, (152, 82): 6, (152, 187): 6, (155, 41): 132, (155, 228): 132, (157, 0): 2, (158, 78): 66, (158, 191): 66, (159, 133): 132, (159, 136): 132, (160, 89): 132, (160, 180): 132, (161, 98): 66, (161, 171): 66, (162, 95): 66, (162, 174): 66, (165, 129): 132, (165, 140): 132, (166, 34): 22, (166, 235): 22, (167, 99): 132, (167, 170): 132, (168, 34): 6, (168, 235): 6, (169, 128): 132, (169, 141): 132, (172, 53): 44, (172, 216): 44, (175, 58): 132, (175, 211): 132, (177, 108): 33, (177, 161): 33, (178, 69): 22, (178, 200): 22, (182, 97): 66, (182, 172): 66, (183, 81): 44, (183, 188): 44, (186, 104): 132, (186, 165): 132, (188, 29): 44, (188, 240): 44, (190, 36): 44, (190, 233): 44, (202, 44): 33, (202, 225): 33, (204, 34): 66, (204, 235): 66, (213, 4): 22, (213, 265): 22, (215, 76): 66, (215, 193): 66, (216, 108): 132, (216, 161): 132, (219, 116): 66, (219, 153): 66, (223, 14): 22, (223, 255): 22, (224, 91): 66, (224, 178): 66, (225, 15): 44, (225, 254): 44, (226, 128): 44, (226, 141): 44, (227, 126): 6, (227, 143): 6, (228, 66): 44, (228, 203): 44, (233, 131): 44, (233, 138): 44, (234, 36): 132, (234, 233): 132, (235, 4): 66, (235, 265): 66, (237, 62): 33, (237, 207): 33, (238, 25): 22, (238, 244): 22, (243, 48): 132, (243, 221): 132, (244, 91): 66, (244, 178): 66, (245, 89): 44, (245, 180): 44, (246, 31): 22, (246, 238): 22, (253, 19): 66, (253, 250): 66, (255, 9): 132, (255, 260): 132, (256, 9): 22, (256, 260): 22, (266, 3): 132, (266, 266): 132}
 
271, 264, False, 2, 132
{'infinity': 1, (0, 3): 44, (0, 268): 44, (1, 1): 132, (1, 270): 132, (3, 3): 3, (3, 268): 3, (4, 120): 132, (4, 151): 132, (5, 38): 44, (5, 233): 44, (7, 17): 66, (7, 254): 66, (8, 125): 132, (8, 146): 132, (10, 102): 33, (10, 169): 33, (15, 57): 66, (15, 214): 66, (16, 80): 132, (16, 191): 132, (17, 51): 6, (17, 220): 6, (18, 114): 132, (18, 157): 132, (20, 90): 132, (20, 181): 132, (21, 42): 33, (21, 229): 33, (23, 99): 66, (23, 172): 66, (24, 107): 22, (24, 164): 22, (25, 49): 132, (25, 222): 132, (26, 121): 132, (26, 150): 132, (29, 17): 44, (29, 254): 44, (33, 31): 66, (33, 240): 66, (35, 70): 4, (35, 201): 4, (36, 0): 2, (38, 135): 22, (38, 136): 22, (39, 21): 44, (39, 250): 44, (42, 121): 44, (42, 150): 44, (43, 57): 66, (43, 214): 66, (44, 40): 22, (44, 231): 22, (47, 126): 22, (47, 145): 22, (50, 21): 11, (50, 250): 11, (51, 123): 44, (51, 148): 44, (54, 112): 22, (54, 159): 22, (55, 120): 44, (55, 151): 44, (56, 41): 66, (56, 230): 66, (57, 42): 44, (57, 229): 44, (59, 87): 44, (59, 184): 44, (61, 88): 6, (61, 183): 6, (62, 58): 132, (62, 213): 132, (63, 13): 132, (63, 258): 132, (64, 89): 66, (64, 182): 66, (65, 135): 132, (65, 136): 132, (68, 108): 22, (68, 163): 22, (69, 23): 44, (69, 248): 44, (70, 102): 22, (70, 169): 22, (71, 118): 66, (71, 153): 66, (78, 91): 132, (78, 180): 132, (81, 118): 22, (81, 153): 22, (82, 77): 132, (82, 194): 132, (86, 107): 66, (86, 164): 66, (89, 98): 66, (89, 173): 66, (90, 70): 132, (90, 201): 132, (92, 53): 66, (92, 218): 66, (93, 37): 11, (93, 234): 11, (95, 13): 132, (95, 258): 132, (98, 82): 66, (98, 189): 66, (99, 62): 33, (99, 209): 33, (104, 10): 66, (104, 261): 66, (105, 50): 66, (105, 221): 66, (106, 129): 66, (106, 142): 66, (108, 15): 66, (108, 256): 66, (109, 113): 132, (109, 158): 132, (111, 114): 132, (111, 157): 132, (113, 13): 66, (113, 258): 66, (115, 9): 33, (115, 262): 33, (116, 16): 22, (116, 255): 22, (119, 118): 33, (119, 153): 33, (123, 80): 66, (123, 191): 66, (132, 80): 44, (132, 191): 44, (134, 18): 33, (134, 253): 33, (136, 101): 22, (136, 170): 22, (138, 6): 132, (138, 265): 132, (139, 78): 66, (139, 193): 66, (140, 59): 44, (140, 212): 44, (142, 114): 22, (142, 157): 22, (144, 101): 12, (144, 170): 12, (145, 75): 132, (145, 196): 132, (146, 70): 66, (146, 201): 66, (148, 78): 33, (148, 193): 33, (153, 29): 132, (153, 242): 132, (159, 127): 132, (159, 144): 132, (161, 107): 66, (161, 164): 66, (163, 8): 132, (163, 263): 132, (164, 6): 66, (164, 265): 66, (165, 85): 66, (165, 186): 66, (166, 109): 132, (166, 162): 132, (168, 135): 12, (168, 136): 12, (173, 119): 44, (173, 152): 44, (174, 128): 22, (174, 143): 22, (175, 117): 66, (175, 154): 66, (178, 2): 132, (178, 269): 132, (182, 21): 44, (182, 250): 44, (183, 9): 44, (183, 262): 44, (187, 14): 22, (187, 257): 22, (191, 102): 66, (191, 169): 66, (192, 131): 66, (192, 140): 66, (193, 42): 132, (193, 229): 132, (195, 97): 132, (195, 174): 132, (199, 24): 33, (199, 247): 33, (202, 64): 6, (202, 207): 6, (203, 121): 66, (203, 150): 66, (209, 116): 132, (209, 155): 132, (211, 52): 66, (211, 219): 66, (212, 120): 33, (212, 151): 33, (213, 57): 11, (213, 214): 11, (214, 91): 22, (214, 180): 22, (216, 87): 11, (216, 184): 11, (217, 32): 132, (217, 239): 132, (219, 104): 132, (219, 167): 132, (221, 98): 33, (221, 173): 33, (222, 12): 4, (222, 259): 4, (226, 133): 44, (226, 138): 44, (227, 55): 132, (227, 216): 132, (229, 108): 44, (229, 163): 44, (230, 66): 12, (230, 205): 12, (232, 98): 66, (232, 173): 66, (235, 17): 132, (235, 254): 132, (237, 72): 132, (237, 199): 132, (238, 35): 132, (238, 236): 132, (239, 7): 132, (239, 264): 132, (240, 6): 44, (240, 265): 44, (242, 0): 2, (244, 9): 12, (244, 262): 12, (245, 108): 44, (245, 163): 44, (246, 74): 132, (246, 197): 132, (248, 100): 66, (248, 171): 66, (249, 45): 11, (249, 226): 11, (250, 91): 132, (250, 180): 132, (255, 78): 22, (255, 193): 22, (262, 101): 132, (262, 170): 132, (264, 0): 2, (266, 124): 132, (266, 147): 132, (267, 87): 44, (267, 184): 44, (268, 3): 132, (268, 268): 132, (270, 68): 132, (270, 203): 132}
 
277, 279, False, 2, 95
{'infinity': 1, (0, 3): 93, (0, 274): 93, (1, 1): 93, (1, 276): 93, (2, 60): 31, (2, 217): 31, (3, 3): 3, (3, 274): 3, (5, 56): 93, (5, 221): 93, (6, 123): 93, (6, 154): 93, (7, 17): 93, (7, 260): 93, (10, 48): 93, (10, 229): 93, (11, 111): 31, (11, 166): 31, (15, 57): 93, (15, 220): 93, (16, 103): 93, (16, 174): 93, (19, 7): 93, (19, 270): 93, (22, 137): 3, (22, 140): 3, (26, 46): 93, (26, 231): 93, (27, 38): 93, (27, 239): 93, (30, 79): 93, (30, 198): 93, (33, 32): 93, (33, 245): 93, (35, 36): 93, (35, 241): 93, (37, 68): 93, (37, 209): 93, (38, 109): 93, (38, 168): 93, (46, 33): 93, (46, 244): 93, (47, 48): 93, (47, 229): 93, (50, 98): 93, (50, 179): 93, (52, 131): 93, (52, 146): 93, (53, 136): 93, (53, 141): 93, (55, 62): 93, (55, 215): 93, (56, 67): 93, (56, 210): 93, (57, 22): 93, (57, 255): 93, (59, 92): 93, (59, 185): 93, (62, 125): 93, (62, 152): 93, (63, 110): 31, (63, 167): 31, (64, 56): 93, (64, 221): 93, (68, 88): 93, (68, 189): 93, (69, 115): 93, (69, 162): 93, (70, 50): 93, (70, 227): 93, (71, 134): 31, (71, 143): 31, (74, 79): 93, (74, 198): 93, (75, 13): 93, (75, 264): 93, (76, 126): 93, (76, 151): 93, (78, 110): 93, (78, 167): 93, (79, 51): 93, (79, 226): 93, (85, 63): 93, (85, 214): 93, (86, 31): 93, (86, 246): 93, (87, 84): 93, (87, 193): 93, (88, 10): 93, (88, 267): 93, (90, 62): 93, (90, 215): 93, (93, 101): 93, (93, 176): 93, (97, 57): 93, (97, 220): 93, (99, 86): 93, (99, 191): 93, (100, 109): 93, (100, 168): 93, (101, 30): 93, (101, 247): 93, (102, 135): 93, (102, 142): 93, (105, 136): 93, (105, 141): 93, (106, 112): 93, (106, 165): 93, (109, 81): 93, (109, 196): 93, (116, 118): 3, (116, 159): 3, (117, 127): 93, (117, 150): 93, (119, 136): 93, (119, 141): 93, (123, 97): 93, (123, 180): 93, (124, 119): 31, (124, 158): 31, (125, 78): 93, (125, 199): 93, (132, 62): 93, (132, 215): 93, (133, 120): 93, (133, 157): 93, (134, 47): 93, (134, 230): 93, (136, 110): 3, (136, 167): 3, (137, 20): 93, (137, 257): 93, (138, 34): 93, (138, 243): 93, (139, 109): 93, (139, 168): 93, (141, 99): 31, (141, 178): 31, (142, 71): 93, (142, 206): 93, (143, 5): 93, (143, 272): 93, (144, 24): 31, (144, 253): 31, (145, 69): 93, (145, 208): 93, (146, 11): 93, (146, 266): 93, (148, 20): 93, (148, 257): 93, (150, 82): 93, (150, 195): 93, (152, 100): 31, (152, 177): 31, (153, 37): 31, (153, 240): 31, (154, 113): 93, (154, 164): 93, (156, 11): 93, (156, 266): 93, (158, 9): 93, (158, 268): 93, (164, 70): 93, (164, 207): 93, (165, 57): 93, (165, 220): 93, (172, 9): 93, (172, 268): 93, (173, 79): 31, (173, 198): 31, (175, 96): 93, (175, 181): 93, (177, 34): 93, (177, 243): 93, (182, 132): 31, (182, 145): 31, (184, 73): 93, (184, 204): 93, (187, 69): 93, (187, 208): 93, (188, 23): 93, (188, 254): 93, (190, 21): 93, (190, 256): 93, (191, 89): 93, (191, 188): 93, (193, 29): 93, (193, 248): 93, (195, 71): 93, (195, 206): 93, (196, 80): 93, (196, 197): 93, (197, 25): 93, (197, 252): 93, (198, 43): 93, (198, 234): 93, (199, 99): 93, (199, 178): 93, (201, 138): 93, (201, 139): 93, (204, 130): 93, (204, 147): 93, (206, 90): 93, (206, 187): 93, (208, 56): 93, (208, 221): 93, (209, 108): 93, (209, 169): 93, (210, 35): 93, (210, 242): 93, (211, 112): 93, (211, 165): 93, (213, 115): 93, (213, 162): 93, (214, 99): 93, (214, 178): 93, (217, 71): 93, (217, 206): 93, (218, 124): 93, (218, 153): 93, (220, 48): 31, (220, 229): 31, (221, 133): 93, (221, 144): 93, (222, 69): 31, (222, 208): 31, (223, 87): 93, (223, 190): 93, (224, 9): 93, (224, 268): 93, (228, 94): 93, (228, 183): 93, (230, 22): 31, (230, 255): 31, (235, 33): 93, (235, 244): 93, (237, 112): 93, (237, 165): 93, (239, 34): 93, (239, 243): 93, (241, 74): 93, (241, 203): 93, (244, 42): 93, (244, 235): 93, (245, 40): 93, (245, 237): 93, (246, 39): 93, (246, 238): 93, (249, 68): 93, (249, 209): 93, (250, 76): 93, (250, 201): 93, (252, 11): 93, (252, 266): 93, (254, 121): 93, (254, 156): 93, (255, 75): 93, (255, 202): 93, (257, 105): 93, (257, 172): 93, (259, 106): 93, (259, 171): 93, (263, 95): 93, (263, 182): 93, (267, 22): 93, (267, 255): 93, (268, 68): 93, (268, 209): 93, (269, 20): 93, (269, 257): 93, (272, 115): 93, (272, 162): 93, (273, 33): 31, (273, 244): 31, (274, 3): 93, (274, 274): 93, (275, 41): 93, (275, 236): 93}
 
281, 285, True, 2, 97
{'infinity': 1, (0, 3): 285, (0, 278): 285, (1, 1): 285, (1, 280): 285, (2, 53): 285, (2, 228): 285, (3, 3): 3, (3, 278): 3, (7, 17): 285, (7, 264): 285, (12, 96): 57, (12, 185): 57, (14, 81): 15, (14, 200): 15, (15, 57): 95, (15, 224): 95, (17, 58): 95, (17, 223): 95, (18, 79): 285, (18, 202): 285, (20, 47): 285, (20, 234): 285, (22, 129): 95, (22, 152): 95, (23, 27): 57, (23, 254): 57, (28, 51): 285, (28, 230): 285, (29, 50): 285, (29, 231): 285, (31, 4): 285, (31, 277): 285, (35, 104): 285, (35, 177): 285, (38, 5): 95, (38, 276): 95, (39, 23): 95, (39, 258): 95, (40, 108): 285, (40, 173): 285, (45, 99): 285, (45, 182): 285, (46, 133): 285, (46, 148): 285, (47, 1): 285, (47, 280): 285, (48, 110): 19, (48, 171): 19, (49, 130): 95, (49, 151): 95, (52, 140): 285, (52, 141): 285, (56, 45): 285, (56, 236): 285, (57, 51): 95, (57, 230): 95, (59, 17): 285, (59, 264): 285, (60, 137): 285, (60, 144): 285, (61, 123): 285, (61, 158): 285, (62, 89): 95, (62, 192): 95, (63, 47): 285, (63, 234): 285, (64, 99): 285, (64, 182): 285, (66, 65): 95, (66, 216): 95, (70, 11): 19, (70, 270): 19, (75, 73): 285, (75, 208): 285, (76, 28): 95, (76, 253): 95, (79, 5): 19, (79, 276): 19, (82, 21): 95, (82, 260): 95, (83, 30): 285, (83, 251): 285, (86, 136): 95, (86, 145): 95, (89, 122): 285, (89, 159): 285, (90, 68): 95, (90, 213): 95, (96, 97): 285, (96, 184): 285, (97, 37): 19, (97, 244): 19, (99, 23): 285, (99, 258): 285, (101, 81): 285, (101, 200): 285, (102, 128): 285, (102, 153): 285, (103, 113): 95, (103, 168): 95, (104, 80): 95, (104, 201): 95, (106, 6): 57, (106, 275): 57, (107, 89): 95, (107, 192): 95, (111, 104): 285, (111, 177): 285, (112, 89): 95, (112, 192): 95, (113, 42): 19, (113, 239): 19, (114, 93): 285, (114, 188): 285, (115, 117): 285, (115, 164): 285, (117, 67): 285, (117, 214): 285, (119, 8): 15, (119, 273): 15, (121, 32): 285, (121, 249): 285, (123, 119): 19, (123, 162): 19, (124, 48): 95, (124, 233): 95, (125, 78): 285, (125, 203): 285, (126, 138): 285, (126, 143): 285, (131, 56): 57, (131, 225): 57, (132, 107): 285, (132, 174): 285, (134, 59): 285, (134, 222): 285, (135, 104): 285, (135, 177): 285, (139, 69): 285, (139, 212): 285, (142, 92): 285, (142, 189): 285, (143, 23): 285, (143, 258): 285, (144, 14): 95, (144, 267): 95, (145, 100): 19, (145, 181): 19, (149, 86): 95, (149, 195): 95, (156, 39): 285, (156, 242): 285, (159, 111): 285, (159, 170): 285, (160, 31): 95, (160, 250): 95, (163, 22): 57, (163, 259): 57, (164, 5): 5, (164, 276): 5, (166, 81): 285, (166, 200): 285, (167, 19): 15, (167, 262): 15, (169, 33): 95, (169, 248): 95, (171, 134): 285, (171, 147): 285, (172, 99): 285, (172, 182): 285, (173, 46): 285, (173, 235): 285, (174, 33): 57, (174, 248): 57, (175, 87): 285, (175, 194): 285, (177, 9): 95, (177, 272): 95, (178, 52): 285, (178, 229): 285, (179, 139): 95, (179, 142): 95, (180, 117): 57, (180, 164): 57, (181, 83): 285, (181, 198): 285, (185, 43): 57, (185, 238): 57, (187, 8): 57, (187, 273): 57, (188, 46): 57, (188, 235): 57, (189, 111): 19, (189, 170): 19, (190, 48): 57, (190, 233): 57, (195, 61): 57, (195, 220): 57, (196, 51): 57, (196, 230): 57, (197, 68): 285, (197, 213): 285, (198, 47): 95, (198, 234): 95, (200, 54): 285, (200, 227): 285, (201, 46): 285, (201, 235): 285, (202, 67): 285, (202, 214): 285, (204, 90): 285, (204, 191): 285, (206, 77): 285, (206, 204): 285, (208, 122): 57, (208, 159): 57, (210, 13): 95, (210, 268): 95, (213, 105): 285, (213, 176): 285, (214, 111): 285, (214, 170): 285, (215, 17): 285, (215, 264): 285, (216, 15): 95, (216, 266): 95, (218, 30): 57, (218, 251): 57, (219, 33): 285, (219, 248): 285, (220, 25): 95, (220, 256): 95, (222, 65): 285, (222, 216): 285, (225, 135): 95, (225, 146): 95, (226, 85): 19, (226, 196): 19, (231, 137): 95, (231, 144): 95, (233, 1): 5, (233, 280): 5, (234, 110): 285, (234, 171): 285, (235, 34): 95, (235, 247): 95, (239, 124): 57, (239, 157): 57, (241, 76): 285, (241, 205): 285, (243, 67): 285, (243, 214): 285, (247, 114): 95, (247, 167): 95, (248, 48): 15, (248, 233): 15, (249, 94): 285, (249, 187): 285, (250, 132): 57, (250, 149): 57, (256, 8): 285, (256, 273): 285, (257, 125): 95, (257, 156): 95, (258, 91): 95, (258, 190): 95, (261, 30): 95, (261, 251): 95, (265, 122): 285, (265, 159): 285, (266, 66): 285, (266, 215): 285, (267, 117): 285, (267, 164): 285, (271, 137): 57, (271, 144): 57, (274, 65): 285, (274, 216): 285, (275, 68): 285, (275, 213): 285, (278, 3): 95, (278, 278): 95, (280, 110): 285, (280, 171): 285}
 
283, 279, False, 2, 95
{'infinity': 1, (0, 3): 93, (0, 280): 93, (1, 1): 93, (1, 282): 93, (3, 3): 3, (3, 280): 3, (5, 70): 93, (5, 213): 93, (7, 17): 93, (7, 266): 93, (9, 137): 93, (9, 146): 93, (10, 97): 93, (10, 186): 93, (12, 110): 93, (12, 173): 93, (15, 57): 93, (15, 226): 93, (21, 5): 93, (21, 278): 93, (22, 105): 93, (22, 178): 93, (23, 138): 93, (23, 145): 93, (25, 134): 93, (25, 149): 93, (28, 22): 93, (28, 261): 93, (30, 49): 93, (30, 234): 93, (31, 70): 93, (31, 213): 93, (32, 129): 31, (32, 154): 31, (34, 50): 93, (34, 233): 93, (37, 44): 93, (37, 239): 93, (38, 130): 93, (38, 153): 93, (39, 135): 93, (39, 148): 93, (40, 92): 93, (40, 191): 93, (45, 13): 93, (45, 270): 93, (51, 48): 93, (51, 235): 93, (52, 8): 93, (52, 275): 93, (53, 20): 93, (53, 263): 93, (55, 30): 93, (55, 253): 93, (56, 129): 93, (56, 154): 93, (59, 75): 93, (59, 208): 93, (60, 39): 93, (60, 244): 93, (61, 18): 93, (61, 265): 93, (62, 25): 31, (62, 258): 31, (64, 59): 31, (64, 224): 31, (65, 117): 93, (65, 166): 93, (68, 98): 93, (68, 185): 93, (71, 46): 31, (71, 237): 31, (72, 131): 93, (72, 152): 93, (73, 35): 93, (73, 248): 93, (74, 96): 93, (74, 187): 93, (75, 117): 3, (75, 166): 3, (78, 20): 93, (78, 263): 93, (81, 68): 93, (81, 215): 93, (82, 60): 3, (82, 223): 3, (83, 44): 93, (83, 239): 93, (84, 60): 93, (84, 223): 93, (88, 91): 93, (88, 192): 93, (89, 140): 93, (89, 143): 93, (90, 48): 31, (90, 235): 31, (91, 84): 93, (91, 199): 93, (92, 40): 93, (92, 243): 93, (93, 112): 93, (93, 171): 93, (97, 41): 31, (97, 242): 31, (101, 123): 93, (101, 160): 93, (102, 131): 93, (102, 152): 93, (103, 109): 93, (103, 174): 93, (104, 12): 93, (104, 271): 93, (108, 75): 93, (108, 208): 93, (109, 131): 93, (109, 152): 93, (111, 113): 93, (111, 170): 93, (113, 2): 93, (113, 281): 93, (116, 75): 93, (116, 208): 93, (117, 60): 93, (117, 223): 93, (118, 101): 93, (118, 182): 93, (120, 94): 93, (120, 189): 93, (122, 27): 93, (122, 256): 93, (123, 90): 3, (123, 193): 3, (124, 19): 31, (124, 264): 31, (125, 21): 93, (125, 262): 93, (128, 66): 93, (128, 217): 93, (130, 61): 93, (130, 222): 93, (132, 65): 93, (132, 218): 93, (134, 16): 93, (134, 267): 93, (140, 14): 93, (140, 269): 93, (141, 114): 93, (141, 169): 93, (142, 48): 93, (142, 235): 93, (143, 117): 93, (143, 166): 93, (144, 99): 93, (144, 184): 93, (146, 100): 93, (146, 183): 93, (150, 4): 93, (150, 279): 93, (151, 86): 93, (151, 197): 93, (152, 20): 93, (152, 263): 93, (158, 133): 93, (158, 150): 93, (161, 103): 93, (161, 180): 93, (163, 44): 31, (163, 239): 31, (164, 51): 93, (164, 232): 93, (166, 83): 93, (166, 200): 93, (171, 81): 93, (171, 202): 93, (173, 74): 93, (173, 209): 93, (178, 69): 93, (178, 214): 93, (179, 52): 93, (179, 231): 93, (180, 56): 93, (180, 227): 93, (184, 93): 93, (184, 190): 93, (188, 123): 93, (188, 160): 93, (191, 76): 93, (191, 207): 93, (193, 114): 93, (193, 169): 93, (194, 47): 93, (194, 236): 93, (195, 129): 93, (195, 154): 93, (196, 84): 93, (196, 199): 93, (197, 104): 93, (197, 179): 93, (199, 83): 31, (199, 200): 31, (200, 94): 93, (200, 189): 93, (201, 83): 93, (201, 200): 93, (203, 26): 93, (203, 257): 93, (204, 136): 93, (204, 147): 93, (208, 14): 93, (208, 269): 93, (209, 78): 93, (209, 205): 93, (210, 121): 93, (210, 162): 93, (215, 6): 31, (215, 277): 31, (216, 31): 93, (216, 252): 93, (218, 14): 93, (218, 269): 93, (219, 102): 93, (219, 181): 93, (220, 46): 93, (220, 237): 93, (223, 55): 31, (223, 228): 31, (227, 91): 93, (227, 192): 93, (228, 120): 93, (228, 163): 93, (229, 68): 93, (229, 215): 93, (231, 37): 31, (231, 246): 31, (232, 114): 93, (232, 169): 93, (233, 53): 93, (233, 230): 93, (234, 23): 93, (234, 260): 93, (239, 11): 93, (239, 272): 93, (240, 107): 93, (240, 176): 93, (243, 45): 93, (243, 238): 93, (246, 94): 93, (246, 189): 93, (247, 70): 93, (247, 213): 93, (251, 91): 93, (251, 192): 93, (253, 36): 31, (253, 247): 31, (255, 10): 93, (255, 273): 93, (256, 68): 93, (256, 215): 93, (258, 80): 31, (258, 203): 31, (260, 28): 93, (260, 255): 93, (263, 135): 93, (263, 148): 93, (264, 135): 93, (264, 148): 93, (266, 125): 93, (266, 158): 93, (268, 62): 93, (268, 221): 93, (275, 46): 93, (275, 237): 93, (277, 123): 93, (277, 160): 93, (279, 84): 31, (279, 199): 31, (280, 3): 93, (280, 280): 93}
 
293, 273, True, 2, 93
{'infinity': 1, (0, 3): 273, (0, 290): 273, (1, 1): 273, (1, 292): 273, (2, 138): 273, (2, 155): 273, (3, 3): 3, (3, 290): 3, (4, 136): 39, (4, 157): 39, (7, 17): 273, (7, 276): 273, (8, 50): 273, (8, 243): 273, (9, 86): 91, (9, 207): 91, (10, 115): 273, (10, 178): 273, (11, 77): 273, (11, 216): 273, (13, 100): 91, (13, 193): 91, (14, 24): 273, (14, 269): 273, (15, 57): 91, (15, 236): 91, (16, 93): 91, (16, 200): 91, (17, 9): 273, (17, 284): 273, (20, 117): 21, (20, 176): 21, (26, 8): 273, (26, 285): 273, (33, 14): 273, (33, 279): 273, (34, 100): 91, (34, 193): 91, (35, 60): 273, (35, 233): 273, (37, 144): 273, (37, 149): 273, (39, 60): 273, (39, 233): 273, (40, 19): 273, (40, 274): 273, (41, 138): 273, (41, 155): 273, (48, 1): 273, (48, 292): 273, (49, 137): 273, (49, 156): 273, (51, 75): 91, (51, 218): 91, (52, 55): 273, (52, 238): 273, (54, 143): 91, (54, 150): 91, (62, 50): 273, (62, 243): 273, (65, 67): 91, (65, 226): 91, (66, 8): 273, (66, 285): 273, (67, 132): 273, (67, 161): 273, (68, 57): 91, (68, 236): 91, (72, 56): 273, (72, 237): 273, (73, 12): 273, (73, 281): 273, (77, 122): 39, (77, 171): 39, (79, 119): 273, (79, 174): 273, (80, 2): 273, (80, 291): 273, (84, 119): 91, (84, 174): 91, (86, 52): 273, (86, 241): 273, (87, 108): 273, (87, 185): 273, (90, 67): 91, (90, 226): 91, (92, 80): 21, (92, 213): 21, (93, 65): 91, (93, 228): 91, (95, 26): 91, (95, 267): 91, (96, 85): 273, (96, 208): 273, (98, 31): 39, (98, 262): 39, (100, 38): 273, (100, 255): 273, (102, 15): 39, (102, 278): 39, (103, 43): 39, (103, 250): 39, (106, 28): 13, (106, 265): 13, (107, 98): 273, (107, 195): 273, (108, 30): 273, (108, 263): 273, (109, 13): 39, (109, 280): 39, (113, 6): 273, (113, 287): 273, (115, 75): 273, (115, 218): 273, (116, 145): 273, (116, 148): 273, (117, 72): 21, (117, 221): 21, (119, 144): 91, (119, 149): 91, (122, 33): 273, (122, 260): 273, (125, 120): 13, (125, 173): 13, (127, 75): 39, (127, 218): 39, (129, 22): 91, (129, 271): 91, (130, 119): 273, (130, 174): 273, (131, 37): 91, (131, 256): 91, (133, 36): 273, (133, 257): 273, (134, 16): 273, (134, 277): 273, (137, 144): 273, (137, 149): 273, (138, 67): 91, (138, 226): 91, (140, 128): 273, (140, 165): 273, (143, 66): 7, (143, 227): 7, (144, 130): 273, (144, 163): 273, (150, 49): 91, (150, 244): 91, (152, 4): 13, (152, 289): 13, (154, 20): 91, (154, 273): 91, (157, 89): 91, (157, 204): 91, (159, 73): 39, (159, 220): 39, (161, 20): 273, (161, 273): 273, (166, 48): 273, (166, 245): 273, (167, 130): 91, (167, 163): 91, (168, 104): 273, (168, 189): 273, (173, 18): 21, (173, 275): 21, (178, 48): 273, (178, 245): 273, (181, 32): 39, (181, 261): 39, (182, 145): 273, (182, 148): 273, (186, 134): 21, (186, 159): 21, (190, 146): 273, (190, 147): 273, (193, 25): 273, (193, 268): 273, (195, 68): 13, (195, 225): 13, (196, 5): 273, (196, 288): 273, (201, 8): 91, (201, 285): 91, (202, 45): 273, (202, 248): 273, (207, 87): 91, (207, 206): 91, (208, 22): 21, (208, 271): 21, (210, 57): 91, (210, 236): 91, (213, 127): 7, (213, 166): 7, (215, 129): 273, (215, 164): 273, (216, 91): 273, (216, 202): 273, (218, 27): 91, (218, 266): 91, (219, 60): 273, (219, 233): 273, (220, 131): 273, (220, 162): 273, (222, 37): 273, (222, 256): 273, (223, 50): 91, (223, 243): 91, (227, 80): 91, (227, 213): 91, (229, 26): 13, (229, 267): 13, (233, 37): 273, (233, 256): 273, (236, 70): 273, (236, 223): 273, (238, 92): 273, (238, 201): 273, (240, 63): 91, (240, 230): 91, (241, 41): 273, (241, 252): 273, (242, 48): 273, (242, 245): 273, (243, 34): 91, (243, 259): 91, (244, 1): 7, (244, 292): 7, (245, 137): 273, (245, 156): 273, (246, 100): 91, (246, 193): 91, (249, 22): 273, (249, 271): 273, (250, 138): 273, (250, 155): 273, (251, 40): 273, (251, 253): 273, (260, 81): 273, (260, 212): 273, (262, 26): 91, (262, 267): 91, (263, 95): 39, (263, 198): 39, (265, 121): 273, (265, 172): 273, (267, 80): 39, (267, 213): 39, (269, 53): 13, (269, 240): 13, (271, 20): 273, (271, 273): 273, (273, 10): 91, (273, 283): 91, (274, 71): 91, (274, 222): 91, (275, 130): 273, (275, 163): 273, (283, 116): 91, (283, 177): 91, (284, 142): 273, (284, 151): 273, (286, 107): 39, (286, 186): 39, (287, 124): 273, (287, 169): 273, (288, 145): 91, (288, 148): 91, (290, 3): 91, (290, 290): 91, (292, 137): 273, (292, 156): 273}
 
307, 288, False, 6, 48
{'infinity': 1, (0, 3): 48, (0, 304): 48, (1, 1): 16, (1, 306): 16, (3, 3): 3, (3, 304): 3, (4, 61): 24, (4, 246): 24, (5, 150): 48, (5, 157): 48, (6, 103): 12, (6, 204): 12, (7, 17): 8, (7, 290): 8, (10, 108): 24, (10, 199): 24, (12, 44): 48, (12, 263): 48, (14, 103): 24, (14, 204): 24, (15, 57): 24, (15, 250): 24, (16, 82): 12, (16, 225): 12, (17, 85): 48, (17, 222): 48, (18, 54): 6, (18, 253): 6, (19, 76): 48, (19, 231): 48, (24, 118): 48, (24, 189): 48, (28, 126): 48, (28, 181): 48, (29, 67): 12, (29, 240): 12, (31, 7): 48, (31, 300): 48, (33, 61): 48, (33, 246): 48, (40, 10): 24, (40, 297): 24, (41, 10): 48, (41, 297): 48, (42, 119): 48, (42, 188): 48, (44, 40): 48, (44, 267): 48, (45, 85): 48, (45, 222): 48, (47, 74): 48, (47, 233): 48, (49, 76): 48, (49, 231): 48, (51, 67): 12, (51, 240): 12, (54, 73): 24, (54, 234): 24, (55, 118): 24, (55, 189): 24, (57, 113): 48, (57, 194): 48, (60, 55): 48, (60, 252): 48, (61, 113): 24, (61, 194): 24, (71, 94): 6, (71, 213): 6, (74, 52): 12, (74, 255): 12, (76, 121): 16, (76, 186): 16, (79, 38): 24, (79, 269): 24, (80, 21): 48, (80, 286): 48, (81, 15): 48, (81, 292): 48, (87, 83): 6, (87, 224): 6, (88, 101): 48, (88, 206): 48, (90, 84): 6, (90, 223): 6, (91, 35): 6, (91, 272): 6, (93, 73): 48, (93, 234): 48, (94, 141): 12, (94, 166): 12, (96, 86): 6, (96, 221): 6, (97, 68): 48, (97, 239): 48, (98, 63): 24, (98, 244): 24, (104, 138): 48, (104, 169): 48, (108, 7): 24, (108, 300): 24, (111, 106): 3, (111, 201): 3, (115, 97): 12, (115, 210): 12, (120, 19): 48, (120, 288): 48, (124, 125): 24, (124, 182): 24, (125, 32): 24, (125, 275): 24, (130, 92): 48, (130, 215): 48, (131, 70): 48, (131, 237): 48, (132, 105): 12, (132, 202): 12, (134, 100): 24, (134, 207): 24, (135, 75): 16, (135, 232): 16, (137, 132): 48, (137, 175): 48, (139, 131): 48, (139, 176): 48, (140, 25): 48, (140, 282): 48, (142, 127): 48, (142, 180): 48, (143, 17): 12, (143, 290): 12, (146, 0): 2, (147, 109): 12, (147, 198): 12, (149, 29): 48, (149, 278): 48, (150, 6): 6, (150, 301): 6, (155, 81): 6, (155, 226): 6, (157, 17): 24, (157, 290): 24, (160, 73): 48, (160, 234): 48, (162, 120): 12, (162, 187): 12, (164, 6): 48, (164, 301): 48, (165, 62): 6, (165, 245): 6, (166, 53): 48, (166, 254): 48, (167, 43): 48, (167, 264): 48, (168, 7): 48, (168, 300): 48, (170, 20): 6, (170, 287): 6, (171, 148): 24, (171, 159): 24, (173, 145): 48, (173, 162): 48, (177, 134): 48, (177, 173): 48, (178, 59): 48, (178, 248): 48, (182, 23): 4, (182, 284): 4, (186, 96): 24, (186, 211): 24, (189, 113): 48, (189, 194): 48, (191, 115): 16, (191, 192): 16, (195, 0): 2, (196, 37): 48, (196, 270): 48, (198, 102): 48, (198, 205): 48, (199, 131): 8, (199, 176): 8, (202, 64): 48, (202, 243): 48, (205, 149): 48, (205, 158): 48, (206, 70): 24, (206, 237): 24, (208, 148): 4, (208, 159): 4, (209, 31): 12, (209, 276): 12, (212, 68): 24, (212, 239): 24, (214, 109): 24, (214, 198): 24, (215, 98): 6, (215, 209): 6, (218, 75): 48, (218, 232): 48, (219, 116): 48, (219, 191): 48, (220, 133): 48, (220, 174): 48, (223, 112): 24, (223, 195): 24, (226, 10): 48, (226, 297): 48, (227, 67): 6, (227, 240): 6, (228, 118): 16, (228, 189): 16, (229, 144): 12, (229, 163): 12, (230, 8): 48, (230, 299): 48, (231, 128): 48, (231, 179): 48, (233, 153): 24, (233, 154): 24, (234, 2): 48, (234, 305): 48, (235, 148): 24, (235, 159): 24, (237, 78): 48, (237, 229): 48, (238, 35): 48, (238, 272): 48, (239, 76): 3, (239, 231): 3, (245, 85): 12, (245, 222): 12, (247, 129): 8, (247, 178): 8, (252, 38): 48, (252, 269): 48, (253, 109): 24, (253, 198): 24, (255, 33): 12, (255, 274): 12, (256, 21): 24, (256, 286): 24, (257, 79): 16, (257, 228): 16, (259, 26): 24, (259, 281): 24, (260, 36): 24, (260, 271): 24, (261, 75): 3, (261, 232): 3, (263, 80): 48, (263, 227): 48, (265, 30): 24, (265, 277): 24, (266, 15): 48, (266, 292): 48, (267, 15): 24, (267, 292): 24, (270, 61): 48, (270, 246): 48, (272, 95): 16, (272, 212): 16, (273, 0): 2, (275, 104): 8, (275, 203): 8, (276, 131): 48, (276, 176): 48, (277, 70): 48, (277, 237): 48, (278, 21): 16, (278, 286): 16, (283, 38): 48, (283, 269): 48, (285, 35): 48, (285, 272): 48, (287, 103): 24, (287, 204): 24, (292, 41): 12, (292, 266): 12, (299, 45): 24, (299, 262): 24, (300, 6): 48, (300, 301): 48, (304, 3): 48, (304, 304): 48, (305, 68): 48, (305, 239): 48, (306, 18): 24, (306, 289): 24}
 
311, 333, True, 1, 333
{'infinity': 1, (0, 3): 333, (0, 308): 333, (1, 1): 333, (1, 310): 333, (3, 3): 3, (3, 308): 3, (5, 20): 333, (5, 291): 333, (7, 17): 333, (7, 294): 333, (9, 103): 333, (9, 208): 333, (13, 34): 333, (13, 277): 333, (14, 57): 333, (14, 254): 333, (15, 57): 333, (15, 254): 333, (16, 134): 111, (16, 177): 111, (17, 112): 333, (17, 199): 333, (18, 9): 111, (18, 302): 111, (19, 119): 333, (19, 192): 333, (20, 26): 333, (20, 285): 333, (22, 14): 37, (22, 297): 37, (28, 46): 333, (28, 265): 333, (33, 91): 333, (33, 220): 333, (35, 133): 333, (35, 178): 333, (36, 66): 111, (36, 245): 111, (41, 102): 333, (41, 209): 333, (42, 50): 333, (42, 261): 333, (43, 67): 333, (43, 244): 333, (46, 144): 37, (46, 167): 37, (47, 108): 333, (47, 203): 333, (48, 125): 111, (48, 186): 111, (50, 45): 333, (50, 266): 333, (51, 56): 111, (51, 255): 111, (54, 86): 37, (54, 225): 37, (55, 41): 333, (55, 270): 333, (56, 31): 333, (56, 280): 333, (58, 49): 111, (58, 262): 111, (59, 29): 111, (59, 282): 111, (62, 78): 333, (62, 233): 333, (63, 92): 333, (63, 219): 333, (64, 56): 333, (64, 255): 333, (66, 13): 333, (66, 298): 333, (67, 26): 333, (67, 285): 333, (68, 81): 333, (68, 230): 333, (71, 107): 333, (71, 204): 333, (74, 122): 111, (74, 189): 111, (77, 143): 333, (77, 168): 333, (79, 121): 333, (79, 190): 333, (80, 117): 333, (80, 194): 333, (82, 13): 333, (82, 298): 333, (83, 64): 333, (83, 247): 333, (86, 134): 333, (86, 177): 333, (89, 138): 37, (89, 173): 37, (91, 102): 333, (91, 209): 333, (93, 52): 333, (93, 259): 333, (95, 103): 333, (95, 208): 333, (97, 127): 37, (97, 184): 37, (98, 119): 111, (98, 192): 111, (99, 81): 37, (99, 230): 37, (102, 10): 333, (102, 301): 333, (104, 43): 37, (104, 268): 37, (105, 154): 111, (105, 157): 111, (111, 27): 333, (111, 284): 333, (112, 125): 333, (112, 186): 333, (116, 14): 37, (116, 297): 37, (117, 115): 111, (117, 196): 111, (118, 144): 111, (118, 167): 111, (119, 47): 37, (119, 264): 37, (123, 61): 333, (123, 250): 333, (124, 77): 37, (124, 234): 37, (125, 22): 333, (125, 289): 333, (128, 80): 333, (128, 231): 333, (130, 60): 333, (130, 251): 333, (132, 145): 333, (132, 166): 333, (133, 17): 37, (133, 294): 37, (136, 54): 333, (136, 257): 333, (137, 5): 333, (137, 306): 333, (140, 106): 333, (140, 205): 333, (141, 28): 333, (141, 283): 333, (142, 96): 333, (142, 215): 333, (144, 81): 333, (144, 230): 333, (146, 42): 333, (146, 269): 333, (147, 144): 111, (147, 167): 111, (148, 99): 333, (148, 212): 333, (149, 71): 333, (149, 240): 333, (150, 104): 333, (150, 207): 333, (151, 125): 333, (151, 186): 333, (152, 111): 333, (152, 200): 333, (153, 141): 111, (153, 170): 111, (155, 21): 333, (155, 290): 333, (159, 124): 9, (159, 187): 9, (160, 58): 111, (160, 253): 111, (163, 13): 111, (163, 298): 111, (165, 149): 333, (165, 162): 333, (166, 76): 333, (166, 235): 333, (168, 76): 111, (168, 235): 111, (171, 17): 333, (171, 294): 333, (172, 82): 111, (172, 229): 111, (173, 14): 37, (173, 297): 37, (175, 128): 333, (175, 183): 333, (176, 63): 333, (176, 248): 333, (178, 106): 333, (178, 205): 333, (179, 102): 111, (179, 209): 111, (180, 85): 111, (180, 226): 111, (181, 147): 333, (181, 164): 333, (182, 44): 333, (182, 267): 333, (186, 33): 333, (186, 278): 333, (190, 59): 333, (190, 252): 333, (191, 85): 333, (191, 226): 333, (194, 119): 333, (194, 192): 333, (196, 56): 333, (196, 255): 333, (197, 28): 37, (197, 283): 37, (199, 58): 333, (199, 253): 333, (201, 89): 333, (201, 222): 333, (202, 47): 333, (202, 264): 333, (203, 96): 111, (203, 215): 111, (204, 5): 111, (204, 306): 111, (205, 12): 333, (205, 299): 333, (206, 101): 333, (206, 210): 333, (207, 103): 333, (207, 208): 333, (208, 21): 333, (208, 290): 333, (209, 134): 333, (209, 177): 333, (210, 75): 111, (210, 236): 111, (213, 115): 37, (213, 196): 37, (216, 43): 111, (216, 268): 111, (218, 51): 37, (218, 260): 37, (220, 145): 111, (220, 166): 111, (222, 16): 333, (222, 295): 333, (223, 150): 333, (223, 161): 333, (224, 26): 333, (224, 285): 333, (225, 10): 333, (225, 301): 333, (226, 93): 333, (226, 218): 333, (229, 99): 333, (229, 212): 333, (231, 18): 333, (231, 293): 333, (236, 84): 111, (236, 227): 111, (241, 19): 111, (241, 292): 111, (242, 55): 333, (242, 256): 333, (245, 99): 9, (245, 212): 9, (251, 85): 333, (251, 226): 333, (253, 87): 333, (253, 224): 333, (254, 109): 37, (254, 202): 37, (258, 122): 333, (258, 189): 333, (259, 21): 111, (259, 290): 111, (262, 100): 333, (262, 211): 333, (263, 58): 333, (263, 253): 333, (269, 95): 111, (269, 216): 111, (270, 145): 333, (270, 166): 333, (275, 4): 111, (275, 307): 111, (276, 131): 333, (276, 180): 333, (277, 96): 333, (277, 215): 333, (278, 148): 333, (278, 163): 333, (280, 73): 333, (280, 238): 333, (281, 5): 333, (281, 306): 333, (282, 57): 333, (282, 254): 333, (283, 97): 37, (283, 214): 37, (284, 28): 333, (284, 283): 333, (285, 116): 333, (285, 195): 333, (286, 45): 333, (286, 266): 333, (288, 76): 9, (288, 235): 9, (290, 122): 333, (290, 189): 333, (292, 115): 111, (292, 196): 111, (294, 15): 111, (294, 296): 111, (295, 10): 37, (295, 301): 37, (298, 130): 111, (298, 181): 111, (300, 79): 333, (300, 232): 333, (301, 47): 333, (301, 264): 333, (302, 43): 111, (302, 268): 111, (304, 106): 111, (304, 205): 111, (305, 129): 333, (305, 182): 333, (306, 118): 111, (306, 193): 111, (307, 35): 333, (307, 276): 333, (308, 3): 333, (308, 308): 333}
 
313, 315, True, 1, 315
{'infinity': 1, (0, 3): 315, (0, 310): 315, (1, 1): 315, (1, 312): 315, (2, 25): 15, (2, 288): 15, (3, 3): 3, (3, 310): 3, (6, 22): 9, (6, 291): 9, (7, 17): 315, (7, 296): 315, (11, 137): 315, (11, 176): 315, (12, 8): 315, (12, 305): 315, (15, 57): 315, (15, 256): 315, (16, 70): 315, (16, 243): 315, (20, 2): 105, (20, 311): 105, (21, 2): 315, (21, 311): 315, (23, 102): 35, (23, 211): 35, (24, 28): 315, (24, 285): 315, (25, 94): 35, (25, 219): 35, (29, 6): 315, (29, 307): 315, (31, 54): 105, (31, 259): 105, (33, 103): 315, (33, 210): 315, (35, 1): 315, (35, 312): 315, (37, 113): 35, (37, 200): 35, (44, 66): 315, (44, 247): 315, (46, 98): 63, (46, 215): 63, (47, 57): 315, (47, 256): 315, (49, 74): 315, (49, 239): 315, (51, 134): 315, (51, 179): 315, (52, 46): 315, (52, 267): 315, (54, 104): 7, (54, 209): 7, (55, 25): 105, (55, 288): 105, (57, 97): 105, (57, 216): 105, (58, 126): 105, (58, 187): 105, (59, 74): 105, (59, 239): 105, (61, 76): 315, (61, 237): 315, (65, 104): 63, (65, 209): 63, (67, 120): 63, (67, 193): 63, (72, 96): 15, (72, 217): 15, (73, 113): 63, (73, 200): 63, (74, 22): 45, (74, 291): 45, (77, 11): 315, (77, 302): 315, (79, 81): 105, (79, 232): 105, (82, 94): 315, (82, 219): 315, (83, 78): 35, (83, 235): 35, (86, 98): 315, (86, 215): 315, (87, 41): 63, (87, 272): 63, (90, 133): 315, (90, 180): 315, (91, 50): 315, (91, 263): 315, (92, 8): 21, (92, 305): 21, (93, 44): 45, (93, 269): 45, (94, 100): 315, (94, 213): 315, (95, 133): 315, (95, 180): 315, (100, 92): 35, (100, 221): 35, (107, 131): 35, (107, 182): 35, (108, 72): 63, (108, 241): 63, (109, 134): 315, (109, 179): 315, (111, 108): 315, (111, 205): 315, (115, 58): 315, (115, 255): 315, (117, 52): 63, (117, 261): 63, (118, 79): 35, (118, 234): 35, (119, 60): 315, (119, 253): 315, (120, 128): 315, (120, 185): 315, (124, 35): 63, (124, 278): 63, (128, 133): 21, (128, 180): 21, (129, 156): 63, (129, 157): 63, (130, 12): 9, (130, 301): 9, (132, 37): 21, (132, 276): 21, (134, 21): 315, (134, 292): 315, (135, 154): 105, (135, 159): 105, (136, 15): 315, (136, 298): 315, (138, 91): 63, (138, 222): 63, (140, 121): 63, (140, 192): 63, (144, 68): 315, (144, 245): 315, (145, 30): 315, (145, 283): 315, (146, 155): 105, (146, 158): 105, (147, 78): 35, (147, 235): 35, (149, 32): 315, (149, 281): 315, (151, 127): 35, (151, 186): 35, (153, 134): 15, (153, 179): 15, (156, 132): 45, (156, 181): 45, (158, 59): 315, (158, 254): 315, (160, 23): 105, (160, 290): 105, (165, 59): 315, (165, 254): 315, (166, 140): 5, (166, 173): 5, (168, 87): 315, (168, 226): 315, (170, 14): 315, (170, 299): 315, (171, 135): 315, (171, 178): 315, (172, 71): 315, (172, 242): 315, (173, 62): 105, (173, 251): 105, (174, 68): 35, (174, 245): 35, (181, 98): 45, (181, 215): 45, (184, 89): 315, (184, 224): 315, (185, 84): 105, (185, 229): 105, (191, 71): 315, (191, 242): 315, (194, 104): 63, (194, 209): 63, (198, 51): 315, (198, 262): 315, (199, 79): 105, (199, 234): 105, (203, 113): 315, (203, 200): 315, (204, 23): 315, (204, 290): 315, (205, 74): 9, (205, 239): 9, (206, 94): 315, (206, 219): 315, (207, 35): 315, (207, 278): 315, (209, 8): 45, (209, 305): 45, (211, 114): 105, (211, 199): 105, (214, 90): 315, (214, 223): 315, (215, 138): 21, (215, 175): 21, (216, 149): 7, (216, 164): 7, (217, 7): 45, (217, 306): 45, (218, 84): 315, (218, 229): 315, (222, 31): 315, (222, 282): 315, (223, 84): 315, (223, 229): 315, (225, 143): 63, (225, 170): 63, (226, 29): 315, (226, 284): 315, (227, 37): 315, (227, 276): 315, (230, 140): 5, (230, 173): 5, (231, 131): 315, (231, 182): 315, (233, 22): 45, (233, 291): 45, (236, 49): 105, (236, 264): 105, (237, 117): 315, (237, 196): 315, (238, 67): 315, (238, 246): 315, (241, 38): 15, (241, 275): 15, (245, 21): 21, (245, 292): 21, (246, 4): 315, (246, 309): 315, (247, 21): 315, (247, 292): 315, (248, 60): 105, (248, 253): 105, (251, 57): 105, (251, 256): 105, (253, 110): 315, (253, 203): 315, (254, 72): 35, (254, 241): 35, (255, 123): 63, (255, 190): 63, (256, 25): 105, (256, 288): 105, (258, 97): 315, (258, 216): 315, (259, 60): 315, (259, 253): 315, (260, 43): 63, (260, 270): 63, (262, 23): 45, (262, 290): 45, (263, 71): 315, (263, 242): 315, (264, 72): 315, (264, 241): 315, (265, 5): 315, (265, 308): 315, (267, 37): 45, (267, 276): 45, (269, 36): 315, (269, 277): 315, (270, 144): 63, (270, 169): 63, (272, 2): 63, (272, 311): 63, (274, 93): 21, (274, 220): 21, (277, 1): 105, (277, 312): 105, (281, 9): 7, (281, 304): 7, (282, 88): 315, (282, 225): 315, (283, 86): 315, (283, 227): 315, (284, 77): 45, (284, 236): 45, (286, 125): 45, (286, 188): 45, (288, 131): 315, (288, 182): 315, (289, 122): 105, (289, 191): 105, (290, 16): 63, (290, 297): 63, (295, 35): 105, (295, 278): 105, (299, 55): 105, (299, 258): 105, (302, 136): 35, (302, 177): 35, (303, 59): 105, (303, 254): 105, (304, 109): 45, (304, 204): 45, (308, 68): 315, (308, 245): 315, (309, 79): 105, (309, 234): 105, (310, 3): 315, (310, 310): 315, (311, 97): 315, (311, 216): 315}
 
317, 297, True, 1, 297
{'infinity': 1, (0, 3): 297, (0, 314): 297, (1, 1): 297, (1, 316): 297, (2, 114): 297, (2, 203): 297, (3, 3): 3, (3, 314): 3, (4, 107): 297, (4, 210): 297, (5, 113): 99, (5, 204): 99, (7, 17): 297, (7, 300): 297, (9, 96): 297, (9, 221): 297, (12, 19): 297, (12, 298): 297, (15, 57): 297, (15, 260): 297, (16, 129): 99, (16, 188): 99, (19, 62): 297, (19, 255): 297, (20, 81): 297, (20, 236): 297, (21, 34): 297, (21, 283): 297, (23, 157): 99, (23, 160): 99, (25, 142): 11, (25, 175): 11, (27, 72): 27, (27, 245): 27, (31, 62): 297, (31, 255): 297, (33, 70): 99, (33, 247): 99, (34, 4): 297, (34, 313): 297, (36, 121): 99, (36, 196): 99, (38, 40): 99, (38, 277): 99, (39, 40): 297, (39, 277): 297, (41, 113): 297, (41, 204): 297, (42, 90): 297, (42, 227): 297, (43, 14): 99, (43, 303): 99, (45, 82): 297, (45, 235): 297, (47, 82): 297, (47, 235): 297, (49, 156): 297, (49, 161): 297, (53, 147): 297, (53, 170): 297, (58, 87): 297, (58, 230): 297, (61, 145): 33, (61, 172): 33, (63, 31): 297, (63, 286): 297, (65, 143): 297, (65, 174): 297, (66, 126): 297, (66, 191): 297, (68, 114): 297, (68, 203): 297, (73, 19): 297, (73, 298): 297, (76, 29): 297, (76, 288): 297, (79, 6): 33, (79, 311): 33, (81, 54): 297, (81, 263): 297, (82, 31): 33, (82, 286): 33, (85, 99): 297, (85, 218): 297, (86, 96): 297, (86, 221): 297, (88, 93): 297, (88, 224): 297, (92, 153): 297, (92, 164): 297, (93, 85): 297, (93, 232): 297, (96, 48): 33, (96, 269): 33, (99, 148): 297, (99, 169): 297, (102, 85): 99, (102, 232): 99, (103, 78): 27, (103, 239): 27, (104, 55): 297, (104, 262): 297, (105, 53): 297, (105, 264): 297, (106, 147): 27, (106, 170): 27, (107, 109): 297, (107, 208): 297, (108, 24): 297, (108, 293): 297, (109, 54): 9, (109, 263): 9, (110, 134): 99, (110, 183): 99, (111, 110): 11, (111, 207): 11, (112, 39): 27, (112, 278): 27, (113, 100): 99, (113, 217): 99, (116, 81): 297, (116, 236): 297, (117, 6): 297, (117, 311): 297, (118, 75): 99, (118, 242): 99, (119, 142): 297, (119, 175): 297, (120, 123): 297, (120, 194): 297, (121, 6): 27, (121, 311): 27, (122, 85): 297, (122, 232): 297, (123, 105): 297, (123, 212): 297, (125, 157): 297, (125, 160): 297, (127, 54): 297, (127, 263): 297, (129, 9): 297, (129, 308): 297, (131, 5): 297, (131, 312): 297, (132, 92): 11, (132, 225): 11, (133, 102): 99, (133, 215): 99, (134, 70): 297, (134, 247): 297, (140, 51): 99, (140, 266): 99, (144, 116): 297, (144, 201): 297, (146, 136): 99, (146, 181): 99, (148, 27): 99, (148, 290): 99, (149, 47): 297, (149, 270): 297, (150, 70): 27, (150, 247): 27, (152, 25): 99, (152, 292): 99, (153, 149): 27, (153, 168): 27, (155, 111): 33, (155, 206): 33, (156, 46): 9, (156, 271): 9, (157, 33): 297, (157, 284): 297, (158, 147): 99, (158, 170): 99, (161, 11): 297, (161, 306): 297, (162, 80): 297, (162, 237): 297, (164, 18): 99, (164, 299): 99, (168, 36): 297, (168, 281): 297, (169, 157): 297, (169, 160): 297, (171, 15): 297, (171, 302): 297, (172, 31): 297, (172, 286): 297, (173, 142): 297, (173, 175): 297, (181, 81): 297, (181, 236): 297, (182, 120): 297, (182, 197): 297, (185, 60): 297, (185, 257): 297, (186, 150): 99, (186, 167): 99, (187, 104): 33, (187, 213): 33, (188, 133): 297, (188, 184): 297, (192, 27): 99, (192, 290): 99, (197, 86): 33, (197, 231): 33, (198, 116): 297, (198, 201): 297, (199, 130): 297, (199, 187): 297, (205, 84): 99, (205, 233): 99, (206, 50): 99, (206, 267): 99, (207, 144): 297, (207, 173): 297, (214, 35): 297, (214, 282): 297, (219, 158): 11, (219, 159): 11, (220, 79): 33, (220, 238): 33, (221, 155): 297, (221, 162): 297, (222, 96): 297, (222, 221): 297, (225, 82): 99, (225, 235): 99, (230, 8): 11, (230, 309): 11, (232, 19): 297, (232, 298): 297, (233, 128): 99, (233, 189): 99, (240, 40): 297, (240, 277): 297, (243, 102): 297, (243, 215): 297, (244, 99): 297, (244, 218): 297, (246, 89): 99, (246, 228): 99, (247, 114): 99, (247, 203): 99, (248, 97): 99, (248, 220): 99, (253, 56): 297, (253, 261): 297, (255, 132): 33, (255, 185): 33, (256, 83): 297, (256, 234): 297, (258, 102): 297, (258, 215): 297, (259, 101): 297, (259, 216): 297, (263, 140): 297, (263, 177): 297, (266, 69): 297, (266, 248): 297, (267, 62): 99, (267, 255): 99, (269, 63): 297, (269, 254): 297, (270, 153): 297, (270, 164): 297, (271, 113): 27, (271, 204): 27, (272, 153): 27, (272, 164): 27, (275, 124): 297, (275, 193): 297, (280, 125): 99, (280, 192): 99, (282, 156): 9, (282, 161): 9, (289, 49): 297, (289, 268): 297, (290, 77): 297, (290, 240): 297, (292, 116): 297, (292, 201): 297, (294, 27): 33, (294, 290): 33, (300, 2): 297, (300, 315): 297, (302, 16): 297, (302, 301): 297, (303, 156): 297, (303, 161): 297, (304, 103): 99, (304, 214): 99, (305, 99): 297, (305, 218): 297, (314, 3): 297, (314, 314): 297}
 
331, 321, True, 2, 109
{'infinity': 1, (0, 3): 321, (0, 328): 321, (1, 1): 321, (1, 330): 321, (3, 3): 3, (3, 328): 3, (5, 163): 107, (5, 168): 107, (6, 59): 321, (6, 272): 321, (7, 17): 321, (7, 314): 321, (8, 117): 321, (8, 214): 321, (13, 161): 321, (13, 170): 321, (15, 57): 107, (15, 274): 107, (16, 122): 107, (16, 209): 107, (19, 121): 107, (19, 210): 107, (20, 116): 321, (20, 215): 321, (21, 12): 321, (21, 319): 321, (22, 23): 321, (22, 308): 321, (23, 66): 321, (23, 265): 321, (24, 55): 321, (24, 276): 321, (25, 50): 321, (25, 281): 321, (26, 158): 321, (26, 173): 321, (28, 43): 321, (28, 288): 321, (30, 119): 321, (30, 212): 321, (33, 35): 321, (33, 296): 321, (34, 131): 321, (34, 200): 321, (36, 1): 321, (36, 330): 321, (37, 103): 321, (37, 228): 321, (43, 135): 107, (43, 196): 107, (46, 96): 321, (46, 235): 321, (49, 93): 321, (49, 238): 321, (50, 161): 321, (50, 170): 321, (51, 146): 107, (51, 185): 107, (53, 11): 107, (53, 320): 107, (55, 148): 321, (55, 183): 321, (56, 118): 321, (56, 213): 321, (58, 77): 321, (58, 254): 321, (59, 31): 321, (59, 300): 321, (60, 126): 321, (60, 205): 321, (62, 11): 321, (62, 320): 321, (64, 114): 321, (64, 217): 321, (66, 152): 321, (66, 179): 321, (67, 79): 107, (67, 252): 107, (70, 159): 321, (70, 172): 321, (71, 146): 107, (71, 185): 107, (72, 123): 321, (72, 208): 321, (74, 164): 107, (74, 167): 107, (75, 138): 321, (75, 193): 321, (78, 23): 107, (78, 308): 107, (80, 15): 321, (80, 316): 321, (82, 67): 321, (82, 264): 321, (83, 111): 321, (83, 220): 321, (85, 41): 321, (85, 290): 321, (86, 105): 321, (86, 226): 321, (88, 22): 321, (88, 309): 321, (91, 27): 321, (91, 304): 321, (92, 130): 321, (92, 201): 321, (95, 35): 321, (95, 296): 321, (96, 80): 321, (96, 251): 321, (98, 96): 321, (98, 235): 321, (103, 59): 321, (103, 272): 321, (106, 78): 321, (106, 253): 321, (108, 87): 107, (108, 244): 107, (113, 66): 107, (113, 265): 107, (116, 92): 321, (116, 239): 321, (117, 110): 107, (117, 221): 107, (118, 72): 321, (118, 259): 321, (120, 105): 321, (120, 226): 321, (121, 151): 107, (121, 180): 107, (124, 44): 321, (124, 287): 321, (125, 105): 107, (125, 226): 107, (127, 26): 107, (127, 305): 107, (130, 115): 321, (130, 216): 321, (133, 5): 107, (133, 326): 107, (136, 109): 107, (136, 222): 107, (137, 24): 321, (137, 307): 321, (140, 165): 321, (140, 166): 321, (141, 55): 321, (141, 276): 321, (142, 155): 321, (142, 176): 321, (144, 100): 321, (144, 231): 321, (145, 102): 321, (145, 229): 321, (149, 143): 107, (149, 188): 107, (151, 43): 107, (151, 288): 107, (152, 43): 321, (152, 288): 321, (153, 160): 107, (153, 171): 107, (162, 45): 321, (162, 286): 321, (165, 36): 321, (165, 295): 321, (166, 55): 107, (166, 276): 107, (167, 139): 321, (167, 192): 321, (179, 157): 321, (179, 174): 321, (180, 157): 321, (180, 174): 321, (182, 129): 107, (182, 202): 107, (183, 45): 107, (183, 286): 107, (185, 16): 321, (185, 315): 321, (187, 96): 321, (187, 235): 321, (188, 124): 321, (188, 207): 321, (189, 90): 321, (189, 241): 321, (190, 36): 321, (190, 295): 321, (191, 70): 321, (191, 261): 321, (194, 82): 321, (194, 249): 321, (195, 66): 321, (195, 265): 321, (196, 29): 321, (196, 302): 321, (197, 56): 321, (197, 275): 321, (198, 18): 107, (198, 313): 107, (199, 149): 107, (199, 182): 107, (200, 16): 107, (200, 315): 107, (201, 73): 107, (201, 258): 107, (203, 35): 321, (203, 296): 321, (204, 2): 321, (204, 329): 321, (207, 125): 107, (207, 206): 107, (209, 146): 107, (209, 185): 107, (210, 52): 321, (210, 279): 321, (212, 7): 321, (212, 324): 321, (213, 46): 321, (213, 285): 321, (214, 128): 107, (214, 203): 107, (216, 11): 321, (216, 320): 321, (217, 58): 321, (217, 273): 321, (218, 109): 321, (218, 222): 321, (219, 113): 107, (219, 218): 107, (220, 71): 321, (220, 260): 321, (222, 59): 107, (222, 272): 107, (225, 47): 321, (225, 284): 321, (227, 56): 321, (227, 275): 321, (231, 23): 321, (231, 308): 321, (232, 10): 107, (232, 321): 107, (233, 100): 321, (233, 231): 321, (234, 86): 107, (234, 245): 107, (235, 30): 107, (235, 301): 107, (237, 95): 107, (237, 236): 107, (238, 56): 107, (238, 275): 107, (241, 130): 321, (241, 201): 321, (243, 14): 321, (243, 317): 321, (246, 150): 107, (246, 181): 107, (249, 34): 321, (249, 297): 321, (251, 64): 321, (251, 267): 321, (254, 87): 107, (254, 244): 107, (256, 145): 321, (256, 186): 321, (261, 104): 321, (261, 227): 321, (263, 89): 321, (263, 242): 321, (265, 49): 107, (265, 282): 107, (268, 161): 321, (268, 170): 321, (271, 19): 107, (271, 312): 107, (276, 136): 321, (276, 195): 321, (277, 16): 321, (277, 315): 321, (284, 132): 107, (284, 199): 107, (285, 100): 321, (285, 231): 321, (288, 75): 321, (288, 256): 321, (292, 60): 321, (292, 271): 321, (293, 147): 107, (293, 184): 107, (294, 1): 107, (294, 330): 107, (295, 103): 321, (295, 228): 321, (297, 20): 321, (297, 311): 321, (300, 87): 107, (300, 244): 107, (303, 157): 107, (303, 174): 107, (307, 36): 321, (307, 295): 321, (308, 109): 321, (308, 222): 321, (312, 81): 107, (312, 250): 107, (313, 112): 107, (313, 219): 107, (314, 144): 321, (314, 187): 321, (316, 108): 107, (316, 223): 107, (317, 45): 321, (317, 286): 321, (328, 3): 107, (328, 328): 107, (329, 130): 107, (329, 201): 107, (330, 103): 321, (330, 228): 321}
 
337, 315, True, 1, 315
{'infinity': 1, (0, 3): 315, (0, 334): 315, (1, 1): 315, (1, 336): 315, (2, 148): 105, (2, 189): 105, (3, 3): 3, (3, 334): 3, (4, 126): 315, (4, 211): 315, (7, 17): 315, (7, 320): 315, (8, 139): 7, (8, 198): 7, (11, 60): 315, (11, 277): 315, (12, 142): 315, (12, 195): 315, (15, 57): 315, (15, 280): 315, (18, 31): 105, (18, 306): 105, (19, 102): 45, (19, 235): 45, (20, 33): 315, (20, 304): 315, (21, 86): 315, (21, 251): 315, (22, 90): 105, (22, 247): 105, (24, 62): 315, (24, 275): 315, (26, 43): 315, (26, 294): 315, (28, 50): 315, (28, 287): 315, (32, 62): 63, (32, 275): 63, (34, 40): 35, (34, 297): 35, (35, 118): 315, (35, 219): 315, (36, 138): 35, (36, 199): 35, (38, 48): 45, (38, 289): 45, (39, 26): 21, (39, 311): 21, (41, 121): 315, (41, 216): 315, (42, 168): 105, (42, 169): 105, (47, 31): 45, (47, 306): 45, (50, 108): 35, (50, 229): 35, (52, 102): 21, (52, 235): 21, (53, 72): 315, (53, 265): 315, (54, 48): 45, (54, 289): 45, (55, 146): 315, (55, 191): 315, (57, 32): 315, (57, 305): 315, (58, 121): 7, (58, 216): 7, (59, 136): 105, (59, 201): 105, (60, 154): 315, (60, 183): 315, (67, 24): 63, (67, 313): 63, (68, 115): 63, (68, 222): 63, (69, 41): 63, (69, 296): 63, (70, 18): 315, (70, 319): 315, (72, 93): 315, (72, 244): 315, (73, 34): 315, (73, 303): 315, (74, 29): 105, (74, 308): 105, (75, 149): 315, (75, 188): 315, (77, 15): 105, (77, 322): 105, (78, 126): 105, (78, 211): 105, (81, 163): 315, (81, 174): 315, (87, 51): 315, (87, 286): 315, (93, 11): 63, (93, 326): 63, (97, 93): 315, (97, 244): 315, (100, 105): 35, (100, 232): 35, (104, 49): 45, (104, 288): 45, (108, 140): 105, (108, 197): 105, (112, 18): 35, (112, 319): 35, (114, 109): 315, (114, 228): 315, (115, 84): 315, (115, 253): 315, (116, 15): 315, (116, 322): 315, (117, 153): 9, (117, 184): 9, (118, 106): 315, (118, 231): 315, (119, 67): 63, (119, 270): 63, (120, 50): 315, (120, 287): 315, (121, 54): 315, (121, 283): 315, (122, 61): 315, (122, 276): 315, (126, 29): 35, (126, 308): 35, (127, 131): 315, (127, 206): 315, (128, 108): 315, (128, 229): 315, (132, 139): 315, (132, 198): 315, (133, 77): 63, (133, 260): 63, (134, 112): 63, (134, 225): 63, (137, 29): 105, (137, 308): 105, (139, 138): 105, (139, 199): 105, (140, 68): 315, (140, 269): 315, (143, 129): 35, (143, 208): 35, (144, 15): 315, (144, 322): 315, (145, 79): 63, (145, 258): 63, (146, 82): 315, (146, 255): 315, (148, 35): 105, (148, 302): 105, (149, 97): 35, (149, 240): 35, (150, 17): 315, (150, 320): 315, (153, 150): 315, (153, 187): 315, (155, 18): 315, (155, 319): 315, (156, 8): 45, (156, 329): 45, (158, 148): 105, (158, 189): 105, (159, 108): 315, (159, 229): 315, (162, 138): 21, (162, 199): 21, (163, 47): 315, (163, 290): 315, (164, 13): 105, (164, 324): 105, (168, 93): 45, (168, 244): 45, (169, 145): 315, (169, 192): 315, (170, 147): 45, (170, 190): 45, (174, 98): 315, (174, 239): 315, (176, 132): 45, (176, 205): 45, (177, 148): 105, (177, 189): 105, (178, 83): 315, (178, 254): 315, (180, 17): 15, (180, 320): 15, (183, 111): 315, (183, 226): 315, (185, 155): 105, (185, 182): 105, (189, 50): 9, (189, 287): 9, (194, 100): 45, (194, 237): 45, (197, 139): 315, (197, 198): 315, (199, 46): 315, (199, 291): 315, (200, 152): 315, (200, 185): 315, (204, 87): 315, (204, 250): 315, (205, 68): 315, (205, 269): 315, (209, 83): 35, (209, 254): 35, (211, 152): 315, (211, 185): 315, (215, 2): 315, (215, 335): 315, (217, 35): 105, (217, 302): 105, (222, 92): 45, (222, 245): 45, (228, 147): 63, (228, 190): 63, (229, 123): 9, (229, 214): 9, (233, 116): 15, (233, 221): 15, (235, 150): 105, (235, 187): 105, (238, 121): 315, (238, 216): 315, (240, 145): 315, (240, 192): 315, (244, 137): 105, (244, 200): 105, (245, 48): 15, (245, 289): 15, (246, 106): 105, (246, 231): 105, (250, 53): 5, (250, 284): 5, (251, 161): 21, (251, 176): 21, (253, 89): 315, (253, 248): 315, (255, 126): 315, (255, 211): 315, (256, 156): 315, (256, 181): 315, (257, 162): 63, (257, 175): 63, (263, 152): 105, (263, 185): 105, (265, 145): 21, (265, 192): 21, (266, 102): 315, (266, 235): 315, (269, 164): 63, (269, 173): 63, (272, 31): 63, (272, 306): 63, (273, 127): 315, (273, 210): 315, (274, 120): 315, (274, 217): 315, (276, 147): 105, (276, 190): 105, (277, 143): 15, (277, 194): 15, (281, 62): 45, (281, 275): 45, (284, 30): 21, (284, 307): 21, (286, 150): 315, (286, 187): 315, (287, 83): 315, (287, 254): 315, (289, 157): 105, (289, 180): 105, (293, 34): 315, (293, 303): 315, (294, 74): 315, (294, 263): 315, (298, 4): 105, (298, 333): 105, (300, 24): 315, (300, 313): 315, (303, 56): 5, (303, 281): 5, (304, 101): 315, (304, 236): 315, (307, 24): 315, (307, 313): 315, (308, 34): 35, (308, 303): 35, (309, 35): 35, (309, 302): 35, (310, 106): 63, (310, 231): 63, (312, 59): 315, (312, 278): 315, (314, 65): 63, (314, 272): 63, (315, 159): 63, (315, 178): 63, (316, 6): 315, (316, 331): 315, (324, 25): 63, (324, 312): 63, (325, 94): 7, (325, 243): 7, (327, 28): 35, (327, 309): 35, (329, 68): 63, (329, 269): 63, (334, 3): 315, (334, 334): 315}
 
347, 357, True, 1, 357
{'infinity': 1, (0, 3): 119, (0, 344): 119, (1, 1): 357, (1, 346): 357, (3, 3): 3, (3, 344): 3, (5, 172): 357, (5, 175): 357, (7, 17): 357, (7, 330): 357, (8, 141): 119, (8, 206): 119, (9, 122): 357, (9, 225): 357, (10, 15): 51, (10, 332): 51, (12, 58): 7, (12, 289): 7, (15, 57): 357, (15, 290): 357, (16, 12): 357, (16, 335): 357, (18, 47): 51, (18, 300): 51, (21, 104): 357, (21, 243): 357, (22, 7): 119, (22, 340): 119, (26, 1): 357, (26, 346): 357, (29, 96): 357, (29, 251): 357, (33, 36): 119, (33, 311): 119, (34, 166): 357, (34, 181): 357, (35, 98): 119, (35, 249): 119, (37, 19): 357, (37, 328): 357, (41, 152): 357, (41, 195): 357, (43, 56): 357, (43, 291): 357, (44, 167): 357, (44, 180): 357, (47, 95): 357, (47, 252): 357, (49, 25): 119, (49, 322): 119, (51, 102): 17, (51, 245): 17, (54, 166): 357, (54, 181): 357, (57, 99): 357, (57, 248): 357, (58, 64): 357, (58, 283): 357, (59, 47): 357, (59, 300): 357, (60, 26): 357, (60, 321): 357, (61, 163): 357, (61, 184): 357, (66, 17): 51, (66, 330): 51, (67, 19): 357, (67, 328): 357, (69, 26): 119, (69, 321): 119, (72, 25): 17, (72, 322): 17, (76, 97): 357, (76, 250): 357, (80, 131): 119, (80, 216): 119, (81, 131): 119, (81, 216): 119, (82, 159): 51, (82, 188): 51, (86, 119): 357, (86, 228): 357, (88, 48): 51, (88, 299): 51, (89, 43): 119, (89, 304): 119, (93, 76): 357, (93, 271): 357, (95, 39): 119, (95, 308): 119, (98, 83): 51, (98, 264): 51, (99, 151): 357, (99, 196): 357, (101, 103): 119, (101, 244): 119, (103, 29): 119, (103, 318): 119, (104, 2): 21, (104, 345): 21, (105, 101): 357, (105, 246): 357, (106, 123): 119, (106, 224): 119, (109, 21): 357, (109, 326): 357, (110, 81): 357, (110, 266): 357, (114, 15): 17, (114, 332): 17, (117, 145): 51, (117, 202): 51, (121, 173): 357, (121, 174): 357, (122, 83): 7, (122, 264): 7, (123, 14): 357, (123, 333): 357, (124, 54): 119, (124, 293): 119, (126, 35): 357, (126, 312): 357, (127, 83): 357, (127, 264): 357, (128, 167): 357, (128, 180): 357, (129, 6): 119, (129, 341): 119, (132, 126): 119, (132, 221): 119, (133, 164): 357, (133, 183): 357, (134, 163): 357, (134, 184): 357, (135, 158): 21, (135, 189): 21, (138, 7): 51, (138, 340): 51, (139, 129): 357, (139, 218): 357, (140, 65): 357, (140, 282): 357, (142, 122): 357, (142, 225): 357, (146, 143): 119, (146, 204): 119, (147, 165): 357, (147, 182): 357, (148, 71): 119, (148, 276): 119, (152, 163): 21, (152, 184): 21, (154, 10): 357, (154, 337): 357, (156, 24): 119, (156, 323): 119, (157, 39): 119, (157, 308): 119, (158, 85): 357, (158, 262): 357, (163, 168): 357, (163, 179): 357, (167, 116): 357, (167, 231): 357, (168, 86): 21, (168, 261): 21, (172, 139): 119, (172, 208): 119, (174, 33): 51, (174, 314): 51, (175, 167): 357, (175, 180): 357, (176, 162): 357, (176, 185): 357, (177, 18): 357, (177, 329): 357, (179, 16): 357, (179, 331): 357, (180, 147): 357, (180, 200): 357, (182, 161): 119, (182, 186): 119, (185, 79): 51, (185, 268): 51, (186, 131): 119, (186, 216): 119, (187, 7): 357, (187, 340): 357, (191, 92): 357, (191, 255): 357, (195, 140): 357, (195, 207): 357, (196, 122): 119, (196, 225): 119, (199, 23): 119, (199, 324): 119, (200, 30): 357, (200, 317): 357, (201, 70): 119, (201, 277): 119, (202, 148): 119, (202, 199): 119, (206, 155): 51, (206, 192): 51, (208, 53): 357, (208, 294): 357, (212, 142): 119, (212, 205): 119, (213, 140): 357, (213, 207): 357, (216, 160): 357, (216, 187): 357, (217, 79): 119, (217, 268): 119, (218, 26): 357, (218, 321): 357, (219, 139): 357, (219, 208): 357, (221, 135): 357, (221, 212): 357, (223, 15): 51, (223, 332): 51, (224, 13): 357, (224, 334): 357, (226, 25): 119, (226, 322): 119, (227, 124): 357, (227, 223): 357, (228, 134): 21, (228, 213): 21, (229, 148): 357, (229, 199): 357, (230, 153): 357, (230, 194): 357, (231, 160): 357, (231, 187): 357, (232, 42): 357, (232, 305): 357, (233, 54): 119, (233, 293): 119, (234, 126): 357, (234, 221): 357, (238, 74): 119, (238, 273): 119, (239, 78): 119, (239, 269): 119, (241, 114): 357, (241, 233): 357, (243, 19): 51, (243, 328): 51, (247, 160): 357, (247, 187): 357, (248, 90): 357, (248, 257): 357, (251, 41): 357, (251, 306): 357, (257, 51): 7, (257, 296): 7, (258, 61): 51, (258, 286): 51, (259, 166): 17, (259, 181): 17, (260, 44): 51, (260, 303): 51, (263, 148): 357, (263, 199): 357, (264, 82): 357, (264, 265): 357, (268, 132): 357, (268, 215): 357, (269, 94): 119, (269, 253): 119, (270, 47): 119, (270, 300): 119, (271, 67): 357, (271, 280): 357, (272, 121): 357, (272, 226): 357, (273, 20): 357, (273, 327): 357, (274, 17): 357, (274, 330): 357, (275, 173): 357, (275, 174): 357, (276, 29): 17, (276, 318): 17, (278, 6): 119, (278, 341): 119, (279, 76): 357, (279, 271): 357, (280, 2): 357, (280, 345): 357, (282, 170): 119, (282, 177): 119, (285, 119): 119, (285, 228): 119, (286, 140): 119, (286, 207): 119, (287, 6): 119, (287, 341): 119, (291, 106): 357, (291, 241): 357, (292, 79): 21, (292, 268): 21, (293, 48): 357, (293, 299): 357, (298, 173): 17, (298, 174): 17, (303, 139): 357, (303, 208): 357, (308, 137): 119, (308, 210): 119, (310, 2): 357, (310, 345): 357, (312, 60): 357, (312, 287): 357, (313, 48): 357, (313, 299): 357, (314, 88): 51, (314, 259): 51, (315, 29): 119, (315, 318): 119, (316, 133): 119, (316, 214): 119, (317, 107): 357, (317, 240): 357, (320, 1): 17, (320, 346): 17, (322, 76): 119, (322, 271): 119, (323, 119): 357, (323, 228): 357, (324, 96): 119, (324, 251): 119, (326, 138): 357, (326, 209): 357, (328, 126): 357, (328, 221): 357, (330, 169): 357, (330, 178): 357, (333, 127): 357, (333, 220): 357, (334, 59): 357, (334, 288): 357, (335, 73): 17, (335, 274): 17, (337, 54): 119, (337, 293): 119, (339, 144): 119, (339, 203): 119, (341, 96): 357, (341, 251): 357, (343, 37): 357, (343, 310): 357, (344, 3): 357, (344, 344): 357}
 
349, 351, True, 1, 351
{'infinity': 1, (0, 3): 351, (0, 346): 351, (1, 1): 351, (1, 348): 351, (2, 136): 117, (2, 213): 117, (3, 3): 3, (3, 346): 3, (4, 65): 351, (4, 284): 351, (6, 126): 351, (6, 223): 351, (7, 17): 351, (7, 332): 351, (8, 10): 39, (8, 339): 39, (9, 79): 13, (9, 270): 13, (11, 116): 351, (11, 233): 351, (12, 55): 351, (12, 294): 351, (13, 56): 27, (13, 293): 27, (15, 57): 351, (15, 292): 351, (16, 123): 351, (16, 226): 351, (18, 161): 351, (18, 188): 351, (19, 88): 117, (19, 261): 117, (20, 78): 351, (20, 271): 351, (27, 91): 351, (27, 258): 351, (29, 140): 351, (29, 209): 351, (31, 113): 351, (31, 236): 351, (33, 20): 351, (33, 329): 351, (34, 172): 351, (34, 177): 351, (35, 59): 27, (35, 290): 27, (36, 93): 351, (36, 256): 351, (37, 90): 351, (37, 259): 351, (38, 161): 117, (38, 188): 117, (39, 77): 27, (39, 272): 27, (41, 134): 117, (41, 215): 117, (42, 101): 351, (42, 248): 351, (43, 156): 351, (43, 193): 351, (46, 83): 351, (46, 266): 351, (48, 110): 117, (48, 239): 117, (51, 81): 13, (51, 268): 13, (56, 137): 351, (56, 212): 351, (57, 106): 351, (57, 243): 351, (58, 105): 351, (58, 244): 351, (61, 17): 351, (61, 332): 351, (62, 60): 351, (62, 289): 351, (67, 99): 351, (67, 250): 351, (68, 117): 27, (68, 232): 27, (71, 91): 351, (71, 258): 351, (72, 122): 117, (72, 227): 117, (73, 107): 351, (73, 242): 351, (74, 84): 351, (74, 265): 351, (78, 148): 117, (78, 201): 117, (80, 2): 351, (80, 347): 351, (81, 74): 117, (81, 275): 117, (82, 148): 117, (82, 201): 117, (83, 145): 117, (83, 204): 117, (86, 94): 351, (86, 255): 351, (88, 103): 351, (88, 246): 351, (90, 158): 351, (90, 191): 351, (95, 114): 351, (95, 235): 351, (100, 142): 351, (100, 207): 351, (102, 65): 351, (102, 284): 351, (104, 134): 351, (104, 215): 351, (106, 128): 351, (106, 221): 351, (108, 156): 117, (108, 193): 117, (110, 112): 351, (110, 237): 351, (114, 162): 351, (114, 187): 351, (116, 23): 351, (116, 326): 351, (118, 102): 117, (118, 247): 117, (120, 135): 351, (120, 214): 351, (121, 2): 117, (121, 347): 117, (122, 79): 351, (122, 270): 351, (124, 32): 351, (124, 317): 351, (127, 109): 27, (127, 240): 27, (128, 173): 351, (128, 176): 351, (129, 110): 351, (129, 239): 351, (130, 45): 117, (130, 304): 117, (135, 47): 351, (135, 302): 351, (136, 163): 39, (136, 186): 39, (137, 82): 351, (137, 267): 351, (140, 49): 351, (140, 300): 351, (142, 157): 117, (142, 192): 117, (144, 7): 351, (144, 342): 351, (145, 48): 351, (145, 301): 351, (146, 116): 351, (146, 233): 351, (148, 2): 351, (148, 347): 351, (149, 44): 117, (149, 305): 117, (150, 15): 39, (150, 334): 39, (152, 143): 351, (152, 206): 351, (156, 56): 351, (156, 293): 351, (163, 155): 117, (163, 194): 117, (165, 88): 117, (165, 261): 117, (169, 164): 351, (169, 185): 351, (172, 110): 351, (172, 239): 351, (174, 50): 351, (174, 299): 351, (178, 8): 39, (178, 341): 39, (179, 4): 13, (179, 345): 13, (180, 56): 351, (180, 293): 351, (184, 67): 351, (184, 282): 351, (188, 160): 351, (188, 189): 351, (189, 148): 39, (189, 201): 39, (190, 108): 351, (190, 241): 351, (191, 11): 351, (191, 338): 351, (192, 116): 351, (192, 233): 351, (193, 164): 117, (193, 185): 117, (194, 115): 351, (194, 234): 351, (195, 124): 351, (195, 225): 351, (198, 156): 351, (198, 193): 351, (199, 96): 117, (199, 253): 117, (201, 70): 117, (201, 279): 117, (204, 134): 351, (204, 215): 351, (205, 167): 27, (205, 182): 27, (206, 118): 351, (206, 231): 351, (207, 130): 39, (207, 219): 39, (208, 35): 9, (208, 314): 9, (209, 131): 351, (209, 218): 351, (212, 171): 117, (212, 178): 117, (213, 37): 117, (213, 312): 117, (215, 152): 351, (215, 197): 351, (217, 21): 351, (217, 328): 351, (218, 79): 27, (218, 270): 27, (219, 68): 117, (219, 281): 117, (222, 165): 13, (222, 184): 13, (225, 75): 351, (225, 274): 351, (226, 152): 39, (226, 197): 39, (228, 70): 351, (228, 279): 351, (232, 115): 351, (232, 234): 351, (234, 8): 117, (234, 341): 117, (235, 72): 351, (235, 277): 351, (237, 151): 351, (237, 198): 351, (243, 65): 27, (243, 284): 27, (244, 173): 351, (244, 176): 351, (245, 48): 39, (245, 301): 39, (247, 128): 351, (247, 221): 351, (250, 160): 351, (250, 189): 351, (251, 91): 351, (251, 258): 351, (257, 152): 351, (257, 197): 351, (260, 160): 351, (260, 189): 351, (261, 100): 13, (261, 249): 13, (263, 16): 9, (263, 333): 9, (264, 44): 351, (264, 305): 351, (266, 170): 351, (266, 179): 351, (268, 139): 39, (268, 210): 39, (269, 70): 351, (269, 279): 351, (272, 115): 351, (272, 234): 351, (276, 28): 351, (276, 321): 351, (280, 98): 117, (280, 251): 117, (281, 17): 351, (281, 332): 351, (283, 166): 117, (283, 183): 117, (284, 102): 351, (284, 247): 351, (285, 44): 351, (285, 305): 351, (286, 8): 117, (286, 341): 117, (287, 64): 351, (287, 285): 351, (288, 117): 351, (288, 232): 351, (289, 61): 117, (289, 288): 117, (293, 161): 351, (293, 188): 351, (295, 9): 351, (295, 340): 351, (296, 102): 351, (296, 247): 351, (298, 92): 117, (298, 257): 117, (302, 174): 9, (302, 175): 9, (303, 34): 13, (303, 315): 13, (304, 99): 351, (304, 250): 351, (308, 48): 351, (308, 301): 351, (310, 46): 351, (310, 303): 351, (311, 137): 117, (311, 212): 117, (313, 73): 117, (313, 276): 117, (314, 146): 39, (314, 203): 39, (317, 97): 351, (317, 252): 351, (325, 19): 351, (325, 330): 351, (326, 173): 39, (326, 176): 39, (327, 99): 117, (327, 250): 117, (330, 67): 351, (330, 282): 351, (331, 137): 351, (331, 212): 351, (332, 22): 117, (332, 327): 117, (333, 85): 117, (333, 264): 117, (336, 164): 27, (336, 185): 27, (342, 117): 351, (342, 232): 351, (343, 14): 39, (343, 335): 39, (345, 128): 117, (345, 221): 117, (346, 3): 351, (346, 346): 351, (347, 42): 351, (347, 307): 351, (348, 53): 351, (348, 296): 351}
 
353, 357, True, 2, 121
{'infinity': 1, (0, 3): 357, (0, 350): 357, (1, 1): 357, (1, 352): 357, (2, 42): 119, (2, 311): 119, (3, 3): 3, (3, 350): 3, (6, 44): 119, (6, 309): 119, (7, 17): 357, (7, 336): 357, (9, 59): 357, (9, 294): 357, (10, 64): 51, (10, 289): 51, (11, 83): 357, (11, 270): 357, (12, 131): 21, (12, 222): 21, (13, 18): 17, (13, 335): 17, (14, 87): 357, (14, 266): 357, (15, 57): 119, (15, 296): 119, (16, 28): 51, (16, 325): 51, (21, 16): 357, (21, 337): 357, (22, 135): 357, (22, 218): 357, (27, 73): 357, (27, 280): 357, (28, 23): 21, (28, 330): 21, (31, 135): 357, (31, 218): 357, (33, 84): 119, (33, 269): 119, (34, 93): 357, (34, 260): 357, (35, 151): 119, (35, 202): 119, (36, 110): 357, (36, 243): 357, (38, 93): 119, (38, 260): 119, (40, 39): 357, (40, 314): 357, (42, 171): 51, (42, 182): 51, (45, 19): 357, (45, 334): 357, (46, 151): 119, (46, 202): 119, (49, 155): 119, (49, 198): 119, (50, 123): 119, (50, 230): 119, (52, 19): 7, (52, 334): 7, (54, 31): 119, (54, 322): 119, (55, 156): 357, (55, 197): 357, (57, 60): 17, (57, 293): 17, (61, 121): 357, (61, 232): 357, (63, 174): 357, (63, 179): 357, (64, 2): 357, (64, 351): 357, (65, 11): 357, (65, 342): 357, (66, 117): 357, (66, 236): 357, (72, 30): 119, (72, 323): 119, (74, 50): 357, (74, 303): 357, (79, 31): 119, (79, 322): 119, (81, 91): 357, (81, 262): 357, (82, 56): 119, (82, 297): 119, (86, 127): 119, (86, 226): 119, (89, 171): 357, (89, 182): 357, (91, 85): 357, (91, 268): 357, (94, 124): 119, (94, 229): 119, (98, 120): 357, (98, 233): 357, (102, 79): 357, (102, 274): 357, (104, 53): 357, (104, 300): 357, (105, 150): 51, (105, 203): 51, (108, 59): 357, (108, 294): 357, (109, 56): 357, (109, 297): 357, (113, 36): 357, (113, 317): 357, (115, 160): 357, (115, 193): 357, (116, 170): 357, (116, 183): 357, (118, 23): 357, (118, 330): 357, (121, 48): 357, (121, 305): 357, (123, 85): 119, (123, 268): 119, (124, 27): 357, (124, 326): 357, (125, 25): 119, (125, 328): 119, (131, 147): 119, (131, 206): 119, (133, 100): 51, (133, 253): 51, (134, 174): 357, (134, 179): 357, (135, 44): 357, (135, 309): 357, (137, 17): 119, (137, 336): 119, (138, 35): 17, (138, 318): 17, (139, 85): 51, (139, 268): 51, (140, 157): 357, (140, 196): 357, (141, 95): 357, (141, 258): 357, (144, 105): 357, (144, 248): 357, (145, 52): 357, (145, 301): 357, (150, 96): 357, (150, 257): 357, (152, 131): 357, (152, 222): 357, (153, 78): 357, (153, 275): 357, (156, 174): 119, (156, 179): 119, (157, 149): 119, (157, 204): 119, (158, 72): 357, (158, 281): 357, (159, 122): 17, (159, 231): 17, (160, 162): 7, (160, 191): 7, (162, 56): 357, (162, 297): 357, (163, 34): 357, (163, 319): 357, (165, 146): 357, (165, 207): 357, (166, 7): 119, (166, 346): 119, (169, 136): 357, (169, 217): 357, (171, 55): 51, (171, 298): 51, (173, 51): 51, (173, 302): 51, (174, 137): 357, (174, 216): 357, (175, 143): 51, (175, 210): 51, (178, 142): 357, (178, 211): 357, (179, 70): 119, (179, 283): 119, (183, 74): 119, (183, 279): 119, (184, 97): 357, (184, 256): 357, (189, 131): 51, (189, 222): 51, (197, 10): 357, (197, 343): 357, (198, 175): 21, (198, 178): 21, (200, 114): 357, (200, 239): 357, (202, 102): 357, (202, 251): 357, (206, 165): 119, (206, 188): 119, (207, 23): 357, (207, 330): 357, (209, 17): 357, (209, 336): 357, (212, 44): 357, (212, 309): 357, (216, 105): 357, (216, 248): 357, (217, 14): 357, (217, 339): 357, (218, 95): 357, (218, 258): 357, (219, 10): 17, (219, 343): 17, (220, 31): 119, (220, 322): 119, (221, 32): 357, (221, 321): 357, (222, 171): 119, (222, 182): 119, (224, 108): 21, (224, 245): 21, (226, 13): 357, (226, 340): 357, (227, 152): 357, (227, 201): 357, (228, 71): 119, (228, 282): 119, (231, 38): 119, (231, 315): 119, (232, 140): 119, (232, 213): 119, (233, 32): 357, (233, 321): 357, (234, 43): 17, (234, 310): 17, (236, 59): 17, (236, 294): 17, (237, 8): 51, (237, 345): 51, (238, 58): 357, (238, 295): 357, (241, 26): 357, (241, 327): 357, (250, 96): 357, (250, 257): 357, (251, 22): 51, (251, 331): 51, (252, 32): 119, (252, 321): 119, (254, 157): 21, (254, 196): 21, (255, 47): 357, (255, 306): 357, (256, 19): 357, (256, 334): 357, (257, 7): 7, (257, 346): 7, (260, 99): 119, (260, 254): 119, (263, 122): 357, (263, 231): 357, (264, 147): 119, (264, 206): 119, (266, 77): 357, (266, 276): 357, (267, 132): 357, (267, 221): 357, (269, 116): 357, (269, 237): 357, (272, 151): 119, (272, 202): 119, (273, 104): 119, (273, 249): 119, (274, 100): 357, (274, 253): 357, (279, 65): 357, (279, 288): 357, (281, 93): 21, (281, 260): 21, (283, 7): 119, (283, 346): 119, (284, 122): 357, (284, 231): 357, (290, 10): 357, (290, 343): 357, (293, 109): 357, (293, 244): 357, (294, 158): 357, (294, 195): 357, (295, 117): 357, (295, 236): 357, (297, 53): 357, (297, 300): 357, (298, 133): 357, (298, 220): 357, (299, 100): 119, (299, 253): 119, (300, 135): 17, (300, 218): 17, (303, 164): 357, (303, 189): 357, (305, 53): 119, (305, 300): 119, (306, 96): 119, (306, 257): 119, (307, 91): 357, (307, 262): 357, (310, 62): 357, (310, 291): 357, (311, 147): 119, (311, 206): 119, (312, 157): 119, (312, 196): 119, (313, 144): 357, (313, 209): 357, (314, 92): 51, (314, 261): 51, (315, 30): 357, (315, 323): 357, (316, 121): 119, (316, 232): 119, (318, 91): 357, (318, 262): 357, (319, 30): 357, (319, 323): 357, (320, 166): 357, (320, 187): 357, (326, 168): 119, (326, 185): 119, (327, 101): 119, (327, 252): 119, (329, 121): 357, (329, 232): 357, (336, 61): 357, (336, 292): 357, (337, 106): 51, (337, 247): 51, (340, 20): 119, (340, 333): 119, (342, 112): 357, (342, 241): 357, (345, 117): 119, (345, 236): 119, (346, 105): 119, (346, 248): 119, (347, 95): 51, (347, 258): 51, (349, 90): 357, (349, 263): 357, (350, 3): 119, (350, 350): 119, (351, 103): 357, (351, 250): 357, (352, 82): 51, (352, 271): 51}
 
359, 360, False, 12, 30
{'infinity': 1, (0, 3): 30, (0, 356): 30, (1, 1): 10, (1, 358): 10, (3, 3): 3, (3, 356): 3, (4, 162): 180, (4, 197): 180, (7, 17): 5, (7, 342): 5, (8, 179): 30, (8, 180): 30, (9, 124): 90, (9, 235): 90, (11, 40): 36, (11, 319): 36, (12, 158): 18, (12, 201): 18, (13, 139): 36, (13, 220): 36, (15, 57): 15, (15, 302): 15, (16, 33): 180, (16, 326): 180, (17, 176): 10, (17, 183): 10, (18, 139): 90, (18, 220): 90, (19, 84): 90, (19, 275): 90, (22, 66): 6, (22, 293): 6, (25, 155): 45, (25, 204): 45, (28, 13): 180, (28, 346): 180, (30, 116): 45, (30, 243): 45, (33, 99): 6, (33, 260): 6, (34, 84): 90, (34, 275): 90, (35, 92): 90, (35, 267): 90, (36, 87): 90, (36, 272): 90, (37, 147): 20, (37, 212): 20, (38, 164): 180, (38, 195): 180, (39, 137): 10, (39, 222): 10, (43, 101): 180, (43, 258): 180, (44, 161): 180, (44, 198): 180, (46, 1): 180, (46, 358): 180, (47, 138): 180, (47, 221): 180, (50, 143): 36, (50, 216): 36, (56, 131): 36, (56, 228): 36, (60, 147): 18, (60, 212): 18, (62, 11): 60, (62, 348): 60, (64, 15): 18, (64, 344): 18, (65, 173): 9, (65, 186): 9, (67, 85): 30, (67, 274): 30, (74, 127): 60, (74, 232): 60, (75, 176): 90, (75, 183): 90, (76, 46): 90, (76, 313): 90, (78, 112): 180, (78, 247): 180, (79, 35): 30, (79, 324): 30, (80, 161): 36, (80, 198): 36, (82, 37): 180, (82, 322): 180, (86, 94): 15, (86, 265): 15, (87, 20): 90, (87, 339): 90, (88, 5): 20, (88, 354): 20, (90, 64): 180, (90, 295): 180, (91, 80): 180, (91, 279): 180, (92, 135): 15, (92, 224): 15, (94, 133): 60, (94, 226): 60, (96, 89): 90, (96, 270): 90, (98, 133): 180, (98, 226): 180, (100, 33): 45, (100, 326): 45, (101, 35): 60, (101, 324): 60, (103, 179): 20, (103, 180): 20, (106, 143): 90, (106, 216): 90, (110, 156): 18, (110, 203): 18, (114, 27): 180, (114, 332): 180, (115, 90): 36, (115, 269): 36, (116, 134): 30, (116, 225): 30, (117, 64): 10, (117, 295): 10, (118, 166): 5, (118, 193): 5, (123, 101): 90, (123, 258): 90, (129, 55): 90, (129, 304): 90, (136, 40): 90, (136, 319): 90, (137, 66): 36, (137, 293): 36, (138, 6): 90, (138, 353): 90, (144, 164): 180, (144, 195): 180, (146, 177): 20, (146, 182): 20, (148, 146): 180, (148, 213): 180, (150, 141): 90, (150, 218): 90, (152, 64): 180, (152, 295): 180, (154, 86): 18, (154, 273): 18, (155, 57): 90, (155, 302): 90, (156, 76): 180, (156, 283): 180, (157, 56): 60, (157, 303): 60, (158, 19): 90, (158, 340): 90, (162, 157): 180, (162, 202): 180, (163, 99): 12, (163, 260): 12, (167, 133): 90, (167, 226): 90, (170, 0): 2, (171, 18): 36, (171, 341): 36, (173, 106): 30, (173, 253): 30, (174, 53): 60, (174, 306): 60, (176, 168): 30, (176, 191): 30, (177, 164): 30, (177, 195): 30, (178, 8): 18, (178, 351): 18, (179, 35): 4, (179, 324): 4, (180, 128): 12, (180, 231): 12, (182, 117): 60, (182, 242): 60, (185, 9): 45, (185, 350): 45, (186, 98): 180, (186, 261): 180, (189, 57): 90, (189, 302): 90, (190, 120): 90, (190, 239): 90, (191, 22): 180, (191, 337): 180, (193, 101): 20, (193, 258): 20, (194, 10): 180, (194, 349): 180, (195, 79): 60, (195, 280): 60, (199, 145): 30, (199, 214): 30, (200, 66): 36, (200, 293): 36, (201, 4): 90, (201, 355): 90, (203, 143): 180, (203, 216): 180, (204, 0): 2, (207, 45): 15, (207, 314): 15, (208, 48): 180, (208, 311): 180, (209, 96): 180, (209, 263): 180, (210, 48): 45, (210, 311): 45, (211, 150): 180, (211, 209): 180, (212, 40): 60, (212, 319): 60, (213, 121): 60, (213, 238): 60, (214, 75): 45, (214, 284): 45, (215, 117): 18, (215, 242): 18, (217, 32): 180, (217, 327): 180, (220, 31): 30, (220, 328): 30, (229, 30): 4, (229, 329): 4, (232, 172): 90, (232, 187): 90, (235, 161): 90, (235, 198): 90, (237, 2): 180, (237, 357): 180, (238, 22): 9, (238, 337): 9, (242, 45): 180, (242, 314): 180, (243, 33): 60, (243, 326): 60, (247, 79): 18, (247, 280): 18, (248, 179): 12, (248, 180): 12, (249, 69): 9, (249, 290): 9, (251, 118): 10, (251, 241): 10, (253, 76): 180, (253, 283): 180, (254, 130): 20, (254, 229): 20, (255, 175): 45, (255, 184): 45, (257, 88): 18, (257, 271): 18, (258, 128): 90, (258, 231): 90, (259, 134): 12, (259, 225): 12, (262, 147): 180, (262, 212): 180, (267, 176): 90, (267, 183): 90, (268, 126): 45, (268, 233): 45, (269, 45): 180, (269, 314): 180, (271, 102): 180, (271, 257): 180, (274, 170): 90, (274, 189): 90, (276, 79): 180, (276, 280): 180, (277, 39): 90, (277, 320): 90, (280, 128): 180, (280, 231): 180, (282, 81): 90, (282, 278): 90, (284, 135): 180, (284, 224): 180, (285, 54): 90, (285, 305): 90, (287, 123): 90, (287, 236): 90, (288, 115): 90, (288, 244): 90, (289, 22): 180, (289, 337): 180, (290, 49): 60, (290, 310): 60, (293, 100): 180, (293, 259): 180, (294, 41): 180, (294, 318): 180, (296, 109): 180, (296, 250): 180, (297, 16): 180, (297, 343): 180, (300, 48): 60, (300, 311): 60, (302, 140): 45, (302, 219): 45, (304, 50): 60, (304, 309): 60, (305, 144): 90, (305, 215): 90, (306, 84): 45, (306, 275): 45, (308, 131): 20, (308, 228): 20, (309, 76): 10, (309, 283): 10, (312, 1): 180, (312, 358): 180, (313, 138): 6, (313, 221): 6, (317, 110): 36, (317, 249): 36, (320, 65): 180, (320, 294): 180, (321, 117): 180, (321, 242): 180, (324, 23): 180, (324, 336): 180, (327, 103): 60, (327, 256): 60, (328, 139): 180, (328, 220): 180, (329, 113): 180, (329, 246): 180, (334, 104): 60, (334, 255): 60, (336, 105): 36, (336, 254): 36, (342, 135): 36, (342, 224): 36, (343, 134): 20, (343, 225): 20, (344, 0): 2, (347, 151): 30, (347, 208): 30, (349, 108): 90, (349, 251): 90, (350, 34): 90, (350, 325): 90, (352, 51): 45, (352, 308): 45, (354, 131): 90, (354, 228): 90, (355, 78): 45, (355, 281): 45, (356, 3): 30, (356, 356): 30, (358, 138): 180, (358, 221): 180}
 
367, 381, True, 1, 381
{'infinity': 1, (0, 3): 127, (0, 364): 127, (1, 1): 381, (1, 366): 381, (3, 3): 3, (3, 364): 3, (4, 88): 381, (4, 279): 381, (5, 55): 127, (5, 312): 127, (7, 17): 381, (7, 350): 381, (8, 123): 127, (8, 244): 127, (9, 32): 381, (9, 335): 381, (12, 80): 381, (12, 287): 381, (15, 57): 381, (15, 310): 381, (16, 113): 381, (16, 254): 381, (18, 62): 381, (18, 305): 381, (19, 100): 127, (19, 267): 127, (20, 178): 127, (20, 189): 127, (23, 15): 381, (23, 352): 381, (25, 27): 381, (25, 340): 381, (26, 48): 127, (26, 319): 127, (28, 86): 127, (28, 281): 127, (31, 80): 127, (31, 287): 127, (33, 28): 381, (33, 339): 381, (34, 164): 127, (34, 203): 127, (35, 167): 127, (35, 200): 127, (37, 28): 381, (37, 339): 381, (41, 63): 381, (41, 304): 381, (42, 66): 381, (42, 301): 381, (43, 172): 127, (43, 195): 127, (49, 12): 381, (49, 355): 381, (50, 136): 127, (50, 231): 127, (51, 9): 127, (51, 358): 127, (52, 81): 381, (52, 286): 381, (56, 98): 127, (56, 269): 127, (58, 55): 381, (58, 312): 381, (61, 79): 381, (61, 288): 381, (63, 42): 127, (63, 325): 127, (69, 30): 381, (69, 337): 381, (71, 45): 381, (71, 322): 381, (72, 180): 381, (72, 187): 381, (73, 84): 381, (73, 283): 381, (78, 98): 381, (78, 269): 381, (79, 45): 381, (79, 322): 381, (83, 167): 381, (83, 200): 381, (85, 179): 381, (85, 188): 381, (86, 43): 127, (86, 324): 127, (88, 76): 381, (88, 291): 381, (89, 76): 381, (89, 291): 381, (92, 14): 381, (92, 353): 381, (93, 30): 127, (93, 337): 127, (94, 138): 127, (94, 229): 127, (96, 163): 381, (96, 204): 381, (97, 149): 381, (97, 218): 381, (99, 155): 381, (99, 212): 381, (100, 52): 127, (100, 315): 127, (101, 103): 381, (101, 264): 381, (102, 6): 381, (102, 361): 381, (107, 12): 127, (107, 355): 127, (109, 105): 127, (109, 262): 127, (113, 57): 381, (113, 310): 381, (114, 7): 127, (114, 360): 127, (115, 48): 381, (115, 319): 381, (117, 123): 127, (117, 244): 127, (121, 133): 381, (121, 234): 381, (124, 39): 127, (124, 328): 127, (126, 173): 127, (126, 194): 127, (128, 107): 381, (128, 260): 381, (129, 34): 381, (129, 333): 381, (132, 37): 381, (132, 330): 381, (134, 147): 381, (134, 220): 381, (136, 113): 381, (136, 254): 381, (137, 94): 127, (137, 273): 127, (138, 68): 127, (138, 299): 127, (141, 83): 381, (141, 284): 381, (145, 102): 127, (145, 265): 127, (147, 101): 381, (147, 266): 381, (148, 106): 127, (148, 261): 127, (150, 36): 381, (150, 331): 381, (151, 135): 381, (151, 232): 381, (152, 182): 381, (152, 185): 381, (153, 35): 381, (153, 332): 381, (154, 74): 127, (154, 293): 127, (155, 158): 381, (155, 209): 381, (157, 26): 127, (157, 341): 127, (165, 88): 381, (165, 279): 381, (167, 91): 381, (167, 276): 381, (168, 18): 381, (168, 349): 381, (169, 127): 127, (169, 240): 127, (172, 17): 381, (172, 350): 381, (173, 1): 127, (173, 366): 127, (175, 38): 127, (175, 329): 127, (176, 148): 127, (176, 219): 127, (177, 156): 381, (177, 211): 381, (180, 31): 381, (180, 336): 381, (183, 114): 381, (183, 253): 381, (184, 97): 381, (184, 270): 381, (188, 17): 381, (188, 350): 381, (190, 76): 381, (190, 291): 381, (191, 177): 381, (191, 190): 381, (193, 1): 381, (193, 366): 381, (196, 116): 381, (196, 251): 381, (197, 10): 381, (197, 357): 381, (198, 88): 381, (198, 279): 381, (199, 58): 381, (199, 309): 381, (200, 59): 127, (200, 308): 127, (202, 127): 127, (202, 240): 127, (203, 72): 127, (203, 295): 127, (204, 154): 381, (204, 213): 381, (205, 30): 381, (205, 337): 381, (211, 12): 381, (211, 355): 381, (213, 151): 381, (213, 216): 381, (215, 113): 381, (215, 254): 381, (217, 45): 127, (217, 322): 127, (223, 40): 381, (223, 327): 381, (224, 116): 381, (224, 251): 381, (226, 48): 381, (226, 319): 381, (227, 31): 381, (227, 336): 381, (230, 69): 381, (230, 298): 381, (231, 182): 127, (231, 185): 127, (233, 98): 381, (233, 269): 381, (235, 22): 381, (235, 345): 381, (239, 57): 381, (239, 310): 381, (242, 123): 127, (242, 244): 127, (243, 168): 381, (243, 199): 381, (245, 21): 381, (245, 346): 381, (247, 73): 127, (247, 294): 127, (249, 167): 381, (249, 200): 381, (251, 170): 381, (251, 197): 381, (252, 83): 381, (252, 284): 381, (254, 107): 381, (254, 260): 381, (255, 161): 381, (255, 206): 381, (256, 67): 381, (256, 300): 381, (257, 47): 381, (257, 320): 381, (261, 102): 127, (261, 265): 127, (262, 150): 381, (262, 217): 381, (263, 173): 127, (263, 194): 127, (266, 137): 381, (266, 230): 381, (268, 119): 381, (268, 248): 381, (270, 122): 127, (270, 245): 127, (271, 53): 381, (271, 314): 381, (272, 165): 381, (272, 202): 381, (278, 156): 381, (278, 211): 381, (279, 156): 127, (279, 211): 127, (281, 2): 127, (281, 365): 127, (283, 51): 381, (283, 316): 381, (286, 142): 127, (286, 225): 127, (287, 138): 381, (287, 229): 381, (288, 36): 381, (288, 331): 381, (289, 147): 381, (289, 220): 381, (290, 152): 381, (290, 215): 381, (293, 85): 381, (293, 282): 381, (294, 169): 127, (294, 198): 127, (295, 46): 381, (295, 321): 381, (296, 36): 381, (296, 331): 381, (297, 28): 381, (297, 339): 381, (300, 34): 381, (300, 333): 381, (301, 44): 381, (301, 323): 381, (302, 82): 381, (302, 285): 381, (303, 179): 381, (303, 188): 381, (304, 55): 381, (304, 312): 381, (305, 34): 127, (305, 333): 127, (306, 4): 381, (306, 363): 381, (307, 118): 127, (307, 249): 127, (309, 42): 127, (309, 325): 127, (310, 60): 381, (310, 307): 381, (311, 147): 127, (311, 220): 127, (312, 115): 127, (312, 252): 127, (313, 29): 381, (313, 338): 381, (314, 116): 127, (314, 251): 127, (315, 141): 127, (315, 226): 127, (324, 80): 381, (324, 287): 381, (325, 112): 381, (325, 255): 381, (327, 31): 381, (327, 336): 381, (328, 102): 127, (328, 265): 127, (329, 23): 381, (329, 344): 381, (336, 172): 381, (336, 195): 381, (339, 124): 381, (339, 243): 381, (341, 83): 127, (341, 284): 127, (342, 92): 381, (342, 275): 381, (343, 54): 127, (343, 313): 127, (345, 173): 127, (345, 194): 127, (346, 179): 381, (346, 188): 381, (349, 125): 381, (349, 242): 381, (351, 182): 381, (351, 185): 381, (352, 107): 127, (352, 260): 127, (353, 138): 381, (353, 229): 381, (355, 172): 381, (355, 195): 381, (357, 56): 381, (357, 311): 381, (358, 126): 381, (358, 241): 381, (361, 89): 381, (361, 278): 381, (362, 42): 127, (362, 325): 127, (363, 127): 127, (363, 240): 127, (364, 3): 381, (364, 364): 381}
 
373, 375, True, 2, 127
{'infinity': 1, (0, 3): 375, (0, 370): 375, (1, 1): 375, (1, 372): 375, (2, 104): 125, (2, 269): 125, (3, 3): 3, (3, 370): 3, (4, 34): 75, (4, 339): 75, (5, 173): 375, (5, 200): 375, (7, 17): 375, (7, 356): 375, (9, 88): 125, (9, 285): 125, (11, 65): 375, (11, 308): 375, (12, 145): 375, (12, 228): 375, (14, 4): 375, (14, 369): 375, (15, 57): 125, (15, 316): 125, (18, 97): 125, (18, 276): 125, (19, 27): 375, (19, 346): 375, (20, 165): 125, (20, 208): 125, (24, 41): 375, (24, 332): 375, (25, 78): 375, (25, 295): 375, (28, 91): 125, (28, 282): 125, (29, 57): 375, (29, 316): 375, (30, 16): 75, (30, 357): 75, (32, 28): 75, (32, 345): 75, (34, 31): 375, (34, 342): 375, (36, 173): 375, (36, 200): 375, (38, 9): 375, (38, 364): 375, (40, 63): 75, (40, 310): 75, (41, 100): 125, (41, 273): 125, (45, 127): 75, (45, 246): 75, (46, 18): 75, (46, 355): 75, (47, 89): 375, (47, 284): 375, (48, 162): 375, (48, 211): 375, (49, 29): 75, (49, 344): 75, (54, 166): 375, (54, 207): 375, (56, 161): 125, (56, 212): 125, (58, 132): 375, (58, 241): 375, (61, 75): 375, (61, 298): 375, (63, 38): 125, (63, 335): 125, (65, 90): 375, (65, 283): 375, (69, 75): 125, (69, 298): 125, (74, 112): 125, (74, 261): 125, (80, 98): 125, (80, 275): 125, (82, 156): 125, (82, 217): 125, (87, 101): 125, (87, 272): 125, (88, 122): 125, (88, 251): 125, (90, 99): 375, (90, 274): 375, (92, 110): 125, (92, 263): 125, (93, 113): 125, (93, 260): 125, (95, 11): 75, (95, 362): 75, (99, 51): 125, (99, 322): 125, (100, 31): 375, (100, 342): 375, (103, 28): 375, (103, 345): 375, (104, 89): 125, (104, 284): 125, (105, 4): 375, (105, 369): 375, (109, 150): 75, (109, 223): 75, (111, 84): 375, (111, 289): 375, (114, 127): 375, (114, 246): 375, (116, 147): 375, (116, 226): 375, (122, 62): 25, (122, 311): 25, (123, 61): 375, (123, 312): 375, (125, 10): 375, (125, 363): 375, (126, 47): 375, (126, 326): 375, (127, 15): 125, (127, 358): 125, (128, 65): 75, (128, 308): 75, (129, 55): 375, (129, 318): 375, (130, 19): 125, (130, 354): 125, (131, 84): 375, (131, 289): 375, (132, 51): 15, (132, 322): 15, (136, 144): 375, (136, 229): 375, (142, 51): 375, (142, 322): 375, (143, 108): 125, (143, 265): 125, (144, 18): 375, (144, 355): 375, (145, 183): 375, (145, 190): 375, (149, 128): 375, (149, 245): 375, (151, 26): 375, (151, 347): 375, (154, 179): 125, (154, 194): 125, (155, 180): 375, (155, 193): 375, (156, 137): 375, (156, 236): 375, (157, 35): 375, (157, 338): 375, (158, 17): 375, (158, 356): 375, (160, 68): 125, (160, 305): 125, (161, 123): 125, (161, 250): 125, (162, 172): 375, (162, 201): 375, (163, 46): 125, (163, 327): 125, (166, 140): 375, (166, 233): 375, (169, 13): 375, (169, 360): 375, (171, 40): 375, (171, 333): 375, (173, 151): 375, (173, 222): 375, (175, 34): 375, (175, 339): 375, (176, 139): 375, (176, 234): 375, (177, 118): 375, (177, 255): 375, (178, 96): 375, (178, 277): 375, (183, 18): 125, (183, 355): 125, (184, 168): 15, (184, 205): 15, (191, 67): 375, (191, 306): 375, (194, 34): 125, (194, 339): 125, (197, 52): 125, (197, 321): 125, (200, 33): 125, (200, 340): 125, (201, 124): 375, (201, 249): 375, (202, 153): 25, (202, 220): 25, (203, 24): 125, (203, 349): 125, (205, 158): 375, (205, 215): 375, (206, 105): 75, (206, 268): 75, (208, 17): 25, (208, 356): 25, (209, 171): 375, (209, 202): 375, (213, 60): 375, (213, 313): 375, (214, 127): 125, (214, 246): 125, (216, 69): 375, (216, 304): 375, (217, 42): 375, (217, 331): 375, (219, 146): 375, (219, 227): 375, (220, 160): 75, (220, 213): 75, (222, 89): 15, (222, 284): 15, (223, 12): 375, (223, 361): 375, (224, 106): 375, (224, 267): 375, (226, 133): 75, (226, 240): 75, (227, 58): 25, (227, 315): 25, (230, 159): 125, (230, 214): 125, (231, 116): 75, (231, 257): 75, (234, 65): 375, (234, 308): 375, (237, 115): 125, (237, 258): 125, (238, 28): 375, (238, 345): 375, (239, 31): 375, (239, 342): 375, (240, 77): 25, (240, 296): 25, (241, 116): 125, (241, 257): 125, (242, 7): 125, (242, 366): 125, (243, 75): 75, (243, 298): 75, (249, 133): 375, (249, 240): 375, (250, 20): 25, (250, 353): 25, (254, 4): 375, (254, 369): 375, (258, 12): 375, (258, 361): 375, (260, 171): 375, (260, 202): 375, (262, 7): 125, (262, 366): 125, (263, 172): 375, (263, 201): 375, (265, 12): 125, (265, 361): 125, (266, 130): 125, (266, 243): 125, (269, 26): 375, (269, 347): 375, (271, 133): 375, (271, 240): 375, (274, 116): 375, (274, 257): 375, (276, 149): 375, (276, 224): 375, (277, 171): 375, (277, 202): 375, (278, 148): 375, (278, 225): 375, (279, 14): 375, (279, 359): 375, (282, 47): 375, (282, 326): 375, (286, 117): 375, (286, 256): 375, (289, 111): 375, (289, 262): 375, (291, 182): 75, (291, 191): 75, (293, 141): 375, (293, 232): 375, (294, 55): 125, (294, 318): 125, (296, 147): 75, (296, 226): 75, (299, 23): 375, (299, 350): 375, (301, 6): 25, (301, 367): 25, (302, 44): 75, (302, 329): 75, (304, 19): 375, (304, 354): 375, (306, 62): 125, (306, 311): 125, (308, 59): 5, (308, 314): 5, (309, 167): 125, (309, 206): 125, (310, 48): 375, (310, 325): 375, (311, 169): 5, (311, 204): 5, (312, 19): 75, (312, 354): 75, (316, 122): 125, (316, 251): 125, (318, 62): 125, (318, 311): 125, (319, 8): 25, (319, 365): 25, (320, 174): 375, (320, 199): 375, (321, 172): 375, (321, 201): 375, (323, 55): 75, (323, 318): 75, (325, 94): 125, (325, 279): 125, (326, 26): 375, (326, 347): 375, (329, 57): 375, (329, 316): 375, (331, 155): 125, (331, 218): 125, (332, 173): 375, (332, 200): 375, (333, 56): 375, (333, 317): 375, (334, 147): 375, (334, 226): 375, (335, 181): 375, (335, 192): 375, (337, 100): 375, (337, 273): 375, (338, 47): 125, (338, 326): 125, (340, 36): 15, (340, 337): 15, (342, 122): 125, (342, 251): 125, (347, 53): 25, (347, 320): 25, (351, 131): 375, (351, 242): 375, (352, 50): 25, (352, 323): 25, (353, 142): 375, (353, 231): 375, (355, 143): 375, (355, 230): 375, (357, 45): 375, (357, 328): 375, (361, 74): 375, (361, 299): 375, (364, 73): 375, (364, 300): 375, (367, 81): 375, (367, 292): 375, (368, 100): 375, (368, 273): 375, (370, 3): 125, (370, 370): 125, (372, 176): 125, (372, 197): 125}
 
379, 396, False, 4, 99
{'infinity': 1, (0, 3): 99, (0, 376): 99, (1, 1): 99, (1, 378): 99, (3, 3): 3, (3, 376): 3, (4, 112): 18, (4, 267): 18, (6, 102): 198, (6, 277): 198, (7, 17): 99, (7, 362): 99, (8, 59): 33, (8, 320): 33, (11, 56): 66, (11, 323): 66, (15, 57): 99, (15, 322): 99, (16, 102): 198, (16, 277): 198, (17, 46): 11, (17, 333): 11, (21, 152): 99, (21, 227): 99, (22, 50): 198, (22, 329): 198, (24, 70): 198, (24, 309): 198, (27, 96): 99, (27, 283): 99, (28, 131): 198, (28, 248): 198, (33, 73): 198, (33, 306): 198, (35, 11): 99, (35, 368): 99, (36, 122): 18, (36, 257): 18, (37, 148): 198, (37, 231): 198, (39, 37): 198, (39, 342): 198, (41, 89): 99, (41, 290): 99, (42, 111): 198, (42, 268): 198, (43, 26): 198, (43, 353): 198, (44, 118): 22, (44, 261): 22, (45, 155): 198, (45, 224): 198, (49, 131): 99, (49, 248): 99, (54, 9): 22, (54, 370): 22, (55, 32): 198, (55, 347): 198, (56, 73): 99, (56, 306): 99, (59, 24): 66, (59, 355): 66, (60, 24): 66, (60, 355): 66, (61, 168): 198, (61, 211): 198, (62, 100): 99, (62, 279): 99, (63, 186): 198, (63, 193): 198, (64, 83): 99, (64, 296): 99, (67, 1): 66, (67, 378): 66, (69, 21): 33, (69, 358): 33, (70, 30): 66, (70, 349): 66, (71, 54): 198, (71, 325): 198, (76, 79): 99, (76, 300): 99, (79, 4): 198, (79, 375): 198, (81, 11): 198, (81, 368): 198, (82, 33): 198, (82, 346): 198, (86, 128): 66, (86, 251): 66, (87, 88): 33, (87, 291): 33, (88, 39): 198, (88, 340): 198, (91, 83): 66, (91, 296): 66, (93, 7): 99, (93, 372): 99, (95, 87): 198, (95, 292): 198, (97, 47): 99, (97, 332): 99, (98, 78): 99, (98, 301): 99, (99, 47): 66, (99, 332): 66, (101, 112): 66, (101, 267): 66, (103, 17): 66, (103, 362): 66, (109, 182): 66, (109, 197): 66, (113, 141): 198, (113, 238): 198, (118, 182): 198, (118, 197): 198, (120, 179): 198, (120, 200): 198, (122, 186): 66, (122, 193): 66, (123, 4): 198, (123, 375): 198, (125, 36): 18, (125, 343): 18, (126, 28): 198, (126, 351): 198, (127, 144): 99, (127, 235): 99, (128, 150): 198, (128, 229): 198, (135, 57): 22, (135, 322): 22, (137, 45): 99, (137, 334): 99, (138, 132): 9, (138, 247): 9, (140, 175): 198, (140, 204): 198, (141, 157): 33, (141, 222): 33, (143, 9): 198, (143, 370): 198, (145, 13): 66, (145, 366): 66, (147, 99): 198, (147, 280): 198, (148, 34): 66, (148, 345): 66, (149, 46): 198, (149, 333): 198, (150, 145): 198, (150, 234): 198, (151, 82): 66, (151, 297): 66, (152, 182): 99, (152, 197): 99, (156, 138): 198, (156, 241): 198, (157, 6): 18, (157, 373): 18, (160, 37): 198, (160, 342): 198, (162, 70): 18, (162, 309): 18, (163, 110): 6, (163, 269): 6, (164, 116): 198, (164, 263): 198, (165, 72): 99, (165, 307): 99, (167, 43): 66, (167, 336): 66, (169, 42): 198, (169, 337): 198, (172, 27): 198, (172, 352): 198, (174, 113): 198, (174, 266): 198, (177, 4): 33, (177, 375): 33, (179, 15): 66, (179, 364): 66, (180, 37): 198, (180, 342): 198, (182, 9): 99, (182, 370): 99, (183, 47): 198, (183, 332): 198, (184, 98): 198, (184, 281): 198, (185, 153): 198, (185, 226): 198, (186, 117): 198, (186, 262): 198, (188, 16): 22, (188, 363): 22, (191, 90): 9, (191, 289): 9, (192, 121): 66, (192, 258): 66, (193, 70): 22, (193, 309): 22, (194, 186): 198, (194, 193): 198, (195, 166): 18, (195, 213): 18, (196, 29): 66, (196, 350): 66, (197, 165): 33, (197, 214): 33, (199, 41): 198, (199, 338): 198, (203, 124): 198, (203, 255): 198, (204, 109): 198, (204, 270): 198, (208, 101): 22, (208, 278): 22, (209, 0): 2, (210, 161): 33, (210, 218): 33, (212, 8): 198, (212, 371): 198, (213, 46): 198, (213, 333): 198, (217, 117): 198, (217, 262): 198, (219, 41): 198, (219, 338): 198, (222, 19): 198, (222, 360): 198, (224, 83): 198, (224, 296): 198, (226, 167): 198, (226, 212): 198, (227, 25): 198, (227, 354): 198, (229, 57): 198, (229, 322): 198, (233, 34): 99, (233, 345): 99, (236, 165): 198, (236, 214): 198, (237, 160): 198, (237, 219): 198, (238, 2): 66, (238, 377): 66, (239, 146): 9, (239, 233): 9, (242, 159): 99, (242, 220): 99, (244, 145): 198, (244, 234): 198, (245, 106): 66, (245, 273): 66, (249, 22): 22, (249, 357): 22, (250, 0): 2, (252, 49): 22, (252, 330): 22, (253, 139): 198, (253, 240): 198, (257, 153): 198, (257, 226): 198, (258, 15): 66, (258, 364): 66, (260, 24): 66, (260, 355): 66, (261, 25): 6, (261, 354): 6, (263, 11): 66, (263, 368): 66, (265, 77): 198, (265, 302): 198, (266, 130): 198, (266, 249): 198, (268, 52): 198, (268, 327): 198, (269, 17): 198, (269, 362): 198, (270, 25): 99, (270, 354): 99, (271, 38): 99, (271, 341): 99, (274, 112): 198, (274, 267): 198, (275, 86): 66, (275, 293): 66, (279, 58): 198, (279, 321): 198, (280, 29): 198, (280, 350): 198, (281, 120): 22, (281, 259): 22, (282, 29): 198, (282, 350): 198, (283, 129): 22, (283, 250): 22, (285, 82): 198, (285, 297): 198, (286, 123): 11, (286, 256): 11, (289, 72): 99, (289, 307): 99, (290, 73): 22, (290, 306): 22, (293, 61): 198, (293, 318): 198, (299, 0): 2, (302, 131): 198, (302, 248): 198, (304, 72): 11, (304, 307): 11, (309, 133): 22, (309, 246): 22, (310, 174): 22, (310, 205): 22, (311, 1): 198, (311, 378): 198, (316, 153): 198, (316, 226): 198, (317, 177): 198, (317, 202): 198, (318, 149): 66, (318, 230): 66, (321, 15): 66, (321, 364): 66, (322, 82): 198, (322, 297): 198, (325, 165): 198, (325, 214): 198, (326, 79): 66, (326, 300): 66, (328, 35): 66, (328, 344): 66, (329, 23): 33, (329, 356): 33, (331, 119): 198, (331, 260): 198, (332, 68): 18, (332, 311): 18, (336, 10): 33, (336, 369): 33, (337, 104): 198, (337, 275): 198, (338, 65): 11, (338, 314): 11, (339, 44): 18, (339, 335): 18, (340, 41): 198, (340, 338): 198, (342, 170): 198, (342, 209): 198, (343, 108): 6, (343, 271): 6, (350, 183): 99, (350, 196): 99, (352, 176): 198, (352, 203): 198, (353, 187): 99, (353, 192): 99, (354, 155): 18, (354, 224): 18, (355, 117): 11, (355, 262): 11, (356, 79): 198, (356, 300): 198, (357, 102): 33, (357, 277): 33, (358, 135): 198, (358, 244): 198, (359, 155): 198, (359, 224): 198, (360, 134): 99, (360, 245): 99, (361, 85): 22, (361, 294): 22, (363, 50): 198, (363, 329): 198, (364, 145): 22, (364, 234): 22, (366, 31): 66, (366, 348): 66, (370, 94): 198, (370, 285): 198, (371, 51): 198, (371, 328): 198, (373, 50): 198, (373, 329): 198, (374, 95): 198, (374, 284): 198, (376, 3): 99, (376, 376): 99, (377, 34): 198, (377, 345): 198}
 
383, 369, True, 1, 369
{'infinity': 1, (0, 3): 369, (0, 380): 369, (1, 1): 369, (1, 382): 369, (3, 3): 3, (3, 380): 3, (6, 139): 369, (6, 244): 369, (7, 17): 369, (7, 366): 369, (9, 61): 369, (9, 322): 369, (10, 60): 369, (10, 323): 369, (11, 104): 41, (11, 279): 41, (13, 108): 369, (13, 275): 369, (15, 57): 369, (15, 326): 369, (17, 126): 123, (17, 257): 123, (18, 43): 369, (18, 340): 369, (19, 182): 123, (19, 201): 123, (20, 13): 123, (20, 370): 123, (21, 80): 369, (21, 303): 369, (23, 191): 369, (23, 192): 369, (26, 187): 369, (26, 196): 369, (28, 89): 123, (28, 294): 123, (29, 109): 369, (29, 274): 369, (32, 43): 369, (32, 340): 369, (34, 18): 41, (34, 365): 41, (35, 124): 369, (35, 259): 369, (38, 60): 369, (38, 323): 369, (39, 83): 369, (39, 300): 369, (40, 133): 369, (40, 250): 369, (41, 2): 369, (41, 381): 369, (46, 165): 369, (46, 218): 369, (48, 142): 41, (48, 241): 41, (49, 174): 369, (49, 209): 369, (50, 88): 369, (50, 295): 369, (55, 81): 369, (55, 302): 369, (60, 93): 369, (60, 290): 369, (65, 151): 369, (65, 232): 369, (68, 184): 369, (68, 199): 369, (69, 7): 123, (69, 376): 123, (73, 34): 369, (73, 349): 369, (74, 86): 369, (74, 297): 369, (75, 87): 41, (75, 296): 41, (76, 41): 369, (76, 342): 369, (81, 64): 369, (81, 319): 369, (82, 103): 123, (82, 280): 123, (85, 182): 369, (85, 201): 369, (86, 138): 369, (86, 245): 369, (88, 190): 369, (88, 193): 369, (89, 93): 123, (89, 290): 123, (90, 187): 123, (90, 196): 123, (93, 83): 369, (93, 300): 369, (94, 13): 369, (94, 370): 369, (96, 58): 369, (96, 325): 369, (98, 144): 369, (98, 239): 369, (105, 98): 369, (105, 285): 369, (107, 44): 369, (107, 339): 369, (110, 101): 369, (110, 282): 369, (113, 138): 369, (113, 245): 369, (114, 42): 369, (114, 341): 369, (117, 65): 123, (117, 318): 123, (118, 21): 369, (118, 362): 369, (119, 153): 369, (119, 230): 369, (123, 70): 123, (123, 313): 123, (124, 104): 369, (124, 279): 369, (127, 74): 369, (127, 309): 369, (130, 10): 369, (130, 373): 369, (131, 101): 369, (131, 282): 369, (132, 52): 123, (132, 331): 123, (134, 81): 369, (134, 302): 369, (135, 131): 369, (135, 252): 369, (136, 120): 369, (136, 263): 369, (138, 15): 123, (138, 368): 123, (139, 167): 123, (139, 216): 123, (140, 164): 369, (140, 219): 369, (142, 101): 123, (142, 282): 123, (143, 16): 369, (143, 367): 369, (144, 19): 123, (144, 364): 123, (147, 63): 369, (147, 320): 369, (148, 17): 369, (148, 366): 369, (150, 31): 369, (150, 352): 369, (151, 27): 123, (151, 356): 123, (155, 136): 369, (155, 247): 369, (157, 132): 369, (157, 251): 369, (159, 151): 369, (159, 232): 369, (161, 72): 369, (161, 311): 369, (165, 114): 369, (165, 269): 369, (166, 108): 369, (166, 275): 369, (168, 11): 369, (168, 372): 369, (169, 75): 369, (169, 308): 369, (172, 150): 369, (172, 233): 369, (174, 97): 369, (174, 286): 369, (178, 4): 41, (178, 379): 41, (179, 110): 369, (179, 273): 369, (180, 166): 41, (180, 217): 41, (182, 116): 369, (182, 267): 369, (184, 138): 369, (184, 245): 369, (185, 53): 123, (185, 330): 123, (186, 33): 369, (186, 350): 369, (187, 189): 369, (187, 194): 369, (190, 140): 369, (190, 243): 369, (194, 81): 369, (194, 302): 369, (199, 152): 123, (199, 231): 123, (201, 73): 369, (201, 310): 369, (203, 92): 41, (203, 291): 41, (204, 108): 123, (204, 275): 123, (205, 137): 369, (205, 246): 369, (206, 47): 123, (206, 336): 123, (209, 77): 369, (209, 306): 369, (214, 185): 369, (214, 198): 369, (217, 110): 369, (217, 273): 369, (220, 147): 369, (220, 236): 369, (222, 14): 369, (222, 369): 369, (223, 189): 369, (223, 194): 369, (227, 12): 123, (227, 371): 123, (228, 17): 123, (228, 366): 123, (230, 172): 41, (230, 211): 41, (231, 36): 41, (231, 347): 41, (232, 173): 123, (232, 210): 123, (233, 181): 123, (233, 202): 123, (234, 93): 369, (234, 290): 369, (235, 136): 369, (235, 247): 369, (238, 37): 369, (238, 346): 369, (246, 50): 123, (246, 333): 123, (247, 129): 41, (247, 254): 41, (248, 104): 369, (248, 279): 369, (250, 132): 41, (250, 251): 41, (251, 83): 369, (251, 300): 369, (253, 105): 123, (253, 278): 123, (255, 183): 123, (255, 200): 123, (257, 94): 369, (257, 289): 369, (259, 131): 369, (259, 252): 369, (262, 23): 123, (262, 360): 123, (263, 6): 369, (263, 377): 369, (265, 145): 369, (265, 238): 369, (266, 48): 369, (266, 335): 369, (267, 187): 369, (267, 196): 369, (269, 13): 369, (269, 370): 369, (270, 152): 41, (270, 231): 41, (272, 70): 369, (272, 313): 369, (278, 39): 123, (278, 344): 123, (279, 182): 369, (279, 201): 369, (280, 163): 369, (280, 220): 369, (282, 11): 123, (282, 372): 123, (284, 114): 369, (284, 269): 369, (287, 22): 9, (287, 361): 9, (288, 161): 369, (288, 222): 369, (289, 42): 369, (289, 341): 369, (290, 52): 41, (290, 331): 41, (292, 54): 123, (292, 329): 123, (295, 51): 123, (295, 332): 123, (297, 152): 123, (297, 231): 123, (301, 171): 369, (301, 212): 369, (303, 59): 369, (303, 324): 369, (304, 169): 369, (304, 214): 369, (305, 167): 123, (305, 216): 123, (306, 160): 41, (306, 223): 41, (307, 179): 369, (307, 204): 369, (311, 40): 369, (311, 343): 369, (312, 35): 123, (312, 348): 123, (316, 11): 369, (316, 372): 369, (317, 114): 123, (317, 269): 123, (322, 167): 123, (322, 216): 123, (330, 82): 41, (330, 301): 41, (333, 43): 369, (333, 340): 369, (335, 60): 123, (335, 323): 123, (336, 174): 41, (336, 209): 41, (342, 62): 369, (342, 321): 369, (343, 122): 369, (343, 261): 369, (344, 52): 123, (344, 331): 123, (345, 142): 369, (345, 241): 369, (351, 88): 369, (351, 295): 369, (356, 189): 41, (356, 194): 41, (359, 132): 369, (359, 251): 369, (360, 125): 41, (360, 258): 41, (362, 106): 41, (362, 277): 41, (363, 42): 369, (363, 341): 369, (365, 88): 41, (365, 295): 41, (366, 180): 369, (366, 203): 369, (368, 95): 369, (368, 288): 369, (369, 56): 369, (369, 327): 369, (370, 110): 369, (370, 273): 369, (371, 70): 369, (371, 313): 369, (372, 131): 9, (372, 252): 9, (373, 142): 369, (373, 241): 369, (376, 136): 123, (376, 247): 123, (380, 3): 369, (380, 380): 369, (381, 174): 9, (381, 209): 9, (382, 20): 369, (382, 363): 369}
 
389, 405, True, 1, 405
{'infinity': 1, (0, 3): 405, (0, 386): 405, (1, 1): 405, (1, 388): 405, (2, 115): 9, (2, 274): 9, (3, 3): 3, (3, 386): 3, (6, 46): 405, (6, 343): 405, (7, 17): 405, (7, 372): 405, (9, 98): 405, (9, 291): 405, (10, 89): 135, (10, 300): 135, (11, 117): 27, (11, 272): 27, (12, 97): 81, (12, 292): 81, (13, 12): 405, (13, 377): 405, (14, 43): 135, (14, 346): 135, (15, 57): 405, (15, 332): 405, (20, 7): 135, (20, 382): 135, (22, 68): 405, (22, 321): 405, (27, 115): 405, (27, 274): 405, (29, 145): 405, (29, 244): 405, (30, 26): 45, (30, 363): 45, (32, 37): 405, (32, 352): 405, (35, 107): 405, (35, 282): 405, (38, 63): 135, (38, 326): 135, (41, 137): 81, (41, 252): 81, (44, 165): 405, (44, 224): 405, (47, 18): 405, (47, 371): 405, (50, 63): 405, (50, 326): 405, (51, 76): 81, (51, 313): 81, (54, 61): 405, (54, 328): 405, (55, 178): 405, (55, 211): 405, (57, 129): 405, (57, 260): 405, (58, 60): 45, (58, 329): 45, (62, 10): 81, (62, 379): 81, (63, 23): 405, (63, 366): 405, (64, 13): 405, (64, 376): 405, (65, 54): 405, (65, 335): 405, (66, 156): 135, (66, 233): 135, (68, 92): 135, (68, 297): 135, (69, 48): 405, (69, 341): 405, (70, 182): 405, (70, 207): 405, (71, 75): 15, (71, 314): 15, (74, 120): 135, (74, 269): 135, (75, 33): 405, (75, 356): 405, (76, 26): 405, (76, 363): 405, (77, 76): 135, (77, 313): 135, (79, 58): 405, (79, 331): 405, (80, 179): 27, (80, 210): 27, (81, 41): 27, (81, 348): 27, (86, 84): 405, (86, 305): 405, (89, 101): 405, (89, 288): 405, (90, 44): 27, (90, 345): 27, (91, 128): 9, (91, 261): 9, (95, 27): 405, (95, 362): 405, (96, 97): 405, (96, 292): 405, (97, 185): 405, (97, 204): 405, (98, 103): 405, (98, 286): 405, (100, 119): 405, (100, 270): 405, (103, 100): 81, (103, 289): 81, (106, 148): 5, (106, 241): 5, (107, 92): 405, (107, 297): 405, (108, 188): 45, (108, 201): 45, (110, 149): 405, (110, 240): 405, (112, 149): 135, (112, 240): 135, (114, 185): 81, (114, 204): 81, (117, 85): 135, (117, 304): 135, (121, 157): 81, (121, 232): 81, (122, 117): 405, (122, 272): 405, (125, 120): 135, (125, 269): 135, (126, 127): 45, (126, 262): 45, (127, 135): 405, (127, 254): 405, (128, 66): 135, (128, 323): 135, (129, 37): 405, (129, 352): 405, (130, 174): 135, (130, 215): 135, (137, 28): 405, (137, 361): 405, (138, 33): 135, (138, 356): 135, (139, 38): 405, (139, 351): 405, (141, 108): 135, (141, 281): 135, (143, 138): 81, (143, 251): 81, (144, 17): 135, (144, 372): 135, (145, 194): 405, (145, 195): 405, (148, 60): 135, (148, 329): 135, (149, 163): 405, (149, 226): 405, (152, 180): 135, (152, 209): 135, (154, 30): 45, (154, 359): 45, (156, 166): 405, (156, 223): 405, (158, 165): 405, (158, 224): 405, (159, 83): 405, (159, 306): 405, (160, 106): 405, (160, 283): 405, (161, 124): 405, (161, 265): 405, (167, 149): 81, (167, 240): 81, (168, 169): 405, (168, 220): 405, (169, 89): 405, (169, 300): 405, (170, 39): 81, (170, 350): 81, (172, 68): 135, (172, 321): 135, (175, 91): 45, (175, 298): 45, (176, 33): 405, (176, 356): 405, (178, 185): 405, (178, 204): 405, (181, 140): 405, (181, 249): 405, (183, 60): 135, (183, 329): 135, (186, 192): 45, (186, 197): 45, (187, 165): 135, (187, 224): 135, (188, 6): 45, (188, 383): 45, (190, 120): 135, (190, 269): 135, (194, 134): 405, (194, 255): 405, (195, 68): 405, (195, 321): 405, (198, 153): 405, (198, 236): 405, (199, 20): 405, (199, 369): 405, (200, 59): 405, (200, 330): 405, (204, 32): 405, (204, 357): 405, (206, 132): 405, (206, 257): 405, (207, 176): 81, (207, 213): 81, (210, 89): 405, (210, 300): 405, (211, 5): 27, (211, 384): 27, (213, 112): 405, (213, 277): 405, (214, 92): 405, (214, 297): 405, (216, 73): 135, (216, 316): 135, (217, 134): 405, (217, 255): 405, (218, 154): 405, (218, 235): 405, (225, 176): 405, (225, 213): 405, (227, 152): 405, (227, 237): 405, (228, 37): 27, (228, 352): 27, (229, 29): 405, (229, 360): 405, (233, 9): 135, (233, 380): 135, (237, 193): 45, (237, 196): 45, (238, 17): 81, (238, 372): 81, (240, 102): 405, (240, 287): 405, (241, 132): 405, (241, 257): 405, (242, 168): 45, (242, 221): 45, (243, 172): 81, (243, 217): 81, (246, 183): 405, (246, 206): 405, (248, 56): 405, (248, 333): 405, (251, 112): 81, (251, 277): 81, (255, 192): 135, (255, 197): 135, (256, 117): 405, (256, 272): 405, (260, 124): 81, (260, 265): 81, (261, 76): 405, (261, 313): 405, (262, 99): 27, (262, 290): 27, (264, 20): 405, (264, 369): 405, (266, 35): 135, (266, 354): 135, (269, 78): 405, (269, 311): 405, (272, 133): 405, (272, 256): 405, (275, 5): 405, (275, 384): 405, (278, 174): 405, (278, 215): 405, (280, 169): 27, (280, 220): 27, (281, 97): 135, (281, 292): 135, (282, 91): 405, (282, 298): 405, (283, 26): 405, (283, 363): 405, (287, 105): 45, (287, 284): 45, (290, 34): 405, (290, 355): 405, (292, 5): 405, (292, 384): 405, (293, 188): 405, (293, 201): 405, (294, 49): 405, (294, 340): 405, (298, 19): 5, (298, 370): 5, (300, 90): 81, (300, 299): 81, (301, 63): 405, (301, 326): 405, (303, 88): 405, (303, 301): 405, (304, 122): 9, (304, 267): 9, (305, 144): 405, (305, 245): 405, (309, 47): 405, (309, 342): 405, (312, 66): 27, (312, 323): 27, (313, 148): 405, (313, 241): 405, (314, 112): 405, (314, 277): 405, (315, 20): 81, (315, 369): 81, (316, 139): 81, (316, 250): 81, (319, 187): 405, (319, 202): 405, (321, 91): 81, (321, 298): 81, (322, 119): 405, (322, 270): 405, (324, 147): 15, (324, 242): 15, (326, 51): 405, (326, 338): 405, (328, 186): 405, (328, 203): 405, (329, 164): 405, (329, 225): 405, (330, 169): 405, (330, 220): 405, (331, 132): 405, (331, 257): 405, (334, 70): 81, (334, 319): 81, (335, 24): 81, (335, 365): 81, (337, 192): 135, (337, 197): 135, (338, 66): 135, (338, 323): 135, (341, 142): 81, (341, 247): 81, (343, 81): 135, (343, 308): 135, (344, 160): 135, (344, 229): 135, (346, 176): 135, (346, 213): 135, (347, 177): 405, (347, 212): 405, (348, 146): 81, (348, 243): 81, (350, 13): 405, (350, 376): 405, (354, 151): 135, (354, 238): 135, (356, 119): 135, (356, 270): 135, (357, 124): 45, (357, 265): 45, (359, 148): 81, (359, 241): 81, (360, 115): 405, (360, 274): 405, (361, 69): 405, (361, 320): 405, (362, 145): 405, (362, 244): 405, (364, 13): 15, (364, 376): 15, (365, 4): 135, (365, 385): 135, (367, 134): 405, (367, 255): 405, (370, 174): 405, (370, 215): 405, (374, 167): 15, (374, 222): 15, (375, 170): 135, (375, 219): 135, (377, 188): 81, (377, 201): 81, (381, 123): 405, (381, 266): 405, (383, 25): 405, (383, 364): 405, (385, 52): 405, (385, 337): 405, (386, 3): 405, (386, 386): 405, (387, 145): 81, (387, 244): 81, (388, 79): 81, (388, 310): 81}
 
397, 396, False, 6, 66
{'infinity': 1, (0, 3): 66, (0, 394): 66, (1, 1): 22, (1, 396): 22, (2, 63): 66, (2, 334): 66, (3, 3): 3, (3, 394): 3, (4, 168): 33, (4, 229): 33, (6, 147): 66, (6, 250): 66, (7, 17): 11, (7, 380): 11, (9, 171): 33, (9, 226): 33, (13, 174): 66, (13, 223): 66, (15, 57): 33, (15, 340): 33, (16, 189): 22, (16, 208): 22, (18, 11): 33, (18, 386): 33, (20, 79): 66, (20, 318): 66, (22, 54): 66, (22, 343): 66, (24, 156): 66, (24, 241): 66, (27, 126): 66, (27, 271): 66, (28, 62): 6, (28, 335): 6, (30, 83): 66, (30, 314): 66, (32, 27): 66, (32, 370): 66, (33, 170): 66, (33, 227): 66, (35, 131): 33, (35, 266): 33, (36, 17): 66, (36, 380): 66, (37, 84): 66, (37, 313): 66, (39, 133): 33, (39, 264): 33, (40, 78): 33, (40, 319): 33, (41, 71): 66, (41, 326): 66, (43, 64): 66, (43, 333): 66, (49, 94): 66, (49, 303): 66, (50, 198): 66, (50, 199): 66, (51, 0): 2, (53, 193): 66, (53, 204): 66, (54, 151): 66, (54, 246): 66, (55, 192): 33, (55, 205): 33, (56, 21): 6, (56, 376): 6, (58, 148): 66, (58, 249): 66, (60, 33): 66, (60, 364): 66, (61, 108): 66, (61, 289): 66, (63, 182): 33, (63, 215): 33, (65, 156): 66, (65, 241): 66, (66, 71): 66, (66, 326): 66, (67, 168): 66, (67, 229): 66, (69, 82): 6, (69, 315): 6, (71, 89): 66, (71, 308): 66, (77, 41): 66, (77, 356): 66, (79, 186): 66, (79, 211): 66, (80, 158): 66, (80, 239): 66, (82, 0): 2, (83, 166): 66, (83, 231): 66, (84, 53): 66, (84, 344): 66, (85, 2): 33, (85, 395): 33, (86, 134): 33, (86, 263): 33, (87, 164): 6, (87, 233): 6, (91, 7): 11, (91, 390): 11, (93, 1): 33, (93, 396): 33, (97, 164): 66, (97, 233): 66, (99, 192): 22, (99, 205): 22, (100, 68): 22, (100, 329): 22, (104, 53): 66, (104, 344): 66, (105, 25): 66, (105, 372): 66, (109, 136): 66, (109, 261): 66, (110, 148): 66, (110, 249): 66, (111, 31): 66, (111, 366): 66, (112, 54): 66, (112, 343): 66, (116, 80): 33, (116, 317): 33, (119, 72): 6, (119, 325): 6, (123, 133): 66, (123, 264): 66, (124, 142): 33, (124, 255): 33, (125, 56): 66, (125, 341): 66, (128, 55): 66, (128, 342): 66, (131, 198): 66, (131, 199): 66, (134, 97): 66, (134, 300): 66, (135, 108): 66, (135, 289): 66, (136, 45): 66, (136, 352): 66, (137, 44): 66, (137, 353): 66, (138, 103): 33, (138, 294): 33, (139, 171): 66, (139, 226): 66, (140, 99): 66, (140, 298): 66, (141, 27): 66, (141, 370): 66, (145, 191): 66, (145, 206): 66, (147, 20): 66, (147, 377): 66, (149, 2): 66, (149, 395): 66, (150, 158): 66, (150, 239): 66, (154, 100): 66, (154, 297): 66, (157, 11): 33, (157, 386): 33, (158, 114): 33, (158, 283): 33, (163, 2): 66, (163, 395): 66, (167, 158): 33, (167, 239): 33, (170, 160): 66, (170, 237): 66, (172, 61): 33, (172, 336): 33, (173, 185): 33, (173, 212): 33, (178, 34): 66, (178, 363): 66, (180, 29): 22, (180, 368): 22, (182, 102): 33, (182, 295): 33, (184, 50): 66, (184, 347): 66, (185, 88): 66, (185, 309): 66, (188, 138): 33, (188, 259): 33, (190, 74): 6, (190, 323): 6, (197, 73): 66, (197, 324): 66, (201, 108): 66, (201, 289): 66, (203, 176): 66, (203, 221): 66, (204, 169): 66, (204, 228): 66, (205, 169): 22, (205, 228): 22, (206, 4): 66, (206, 393): 66, (207, 10): 66, (207, 387): 66, (209, 53): 66, (209, 344): 66, (213, 164): 66, (213, 233): 66, (215, 107): 66, (215, 290): 66, (216, 198): 66, (216, 199): 66, (217, 109): 66, (217, 288): 66, (221, 32): 66, (221, 365): 66, (222, 11): 33, (222, 386): 33, (224, 27): 3, (224, 370): 3, (226, 19): 22, (226, 378): 22, (228, 16): 66, (228, 381): 66, (229, 148): 33, (229, 249): 33, (230, 113): 33, (230, 284): 33, (231, 86): 66, (231, 311): 66, (234, 111): 66, (234, 286): 66, (235, 133): 66, (235, 264): 66, (236, 86): 6, (236, 311): 6, (237, 128): 66, (237, 269): 66, (238, 122): 66, (238, 275): 66, (243, 192): 66, (243, 205): 66, (246, 176): 66, (246, 221): 66, (247, 113): 66, (247, 284): 66, (248, 111): 22, (248, 286): 22, (249, 171): 66, (249, 226): 66, (251, 85): 66, (251, 312): 66, (253, 129): 33, (253, 268): 33, (256, 185): 66, (256, 212): 66, (257, 125): 66, (257, 272): 66, (260, 75): 3, (260, 322): 3, (263, 54): 22, (263, 343): 22, (264, 0): 2, (265, 16): 66, (265, 381): 66, (267, 153): 66, (267, 244): 66, (268, 119): 66, (268, 278): 66, (269, 13): 6, (269, 384): 6, (279, 141): 66, (279, 256): 66, (281, 163): 66, (281, 234): 66, (284, 187): 66, (284, 210): 66, (285, 97): 66, (285, 300): 66, (290, 71): 66, (290, 326): 66, (293, 138): 66, (293, 259): 66, (295, 30): 66, (295, 367): 66, (298, 100): 6, (298, 297): 6, (299, 160): 6, (299, 237): 6, (300, 50): 33, (300, 347): 33, (301, 16): 33, (301, 381): 33, (303, 1): 66, (303, 396): 66, (306, 149): 33, (306, 248): 33, (307, 142): 3, (307, 255): 3, (308, 156): 11, (308, 241): 11, (310, 50): 66, (310, 347): 66, (311, 18): 33, (311, 379): 33, (312, 111): 33, (312, 286): 33, (313, 138): 22, (313, 259): 22, (317, 113): 66, (317, 284): 66, (320, 52): 66, (320, 345): 66, (322, 87): 66, (322, 310): 66, (324, 93): 66, (324, 304): 66, (325, 160): 22, (325, 237): 22, (326, 168): 66, (326, 229): 66, (327, 86): 66, (327, 311): 66, (328, 123): 33, (328, 274): 33, (330, 89): 66, (330, 308): 66, (333, 8): 22, (333, 389): 22, (335, 162): 22, (335, 235): 22, (337, 106): 33, (337, 291): 33, (341, 77): 6, (341, 320): 6, (342, 100): 11, (342, 297): 11, (343, 180): 33, (343, 217): 33, (344, 22): 66, (344, 375): 66, (345, 176): 66, (345, 221): 66, (350, 130): 66, (350, 267): 66, (352, 143): 22, (352, 254): 22, (353, 24): 66, (353, 373): 66, (354, 17): 66, (354, 380): 66, (355, 183): 33, (355, 214): 33, (357, 79): 33, (357, 318): 33, (359, 139): 66, (359, 258): 66, (360, 120): 66, (360, 277): 66, (361, 64): 33, (361, 333): 33, (363, 142): 33, (363, 255): 33, (364, 167): 22, (364, 230): 22, (365, 185): 66, (365, 212): 66, (367, 146): 66, (367, 251): 66, (369, 12): 33, (369, 385): 33, (372, 144): 11, (372, 253): 11, (375, 97): 33, (375, 300): 33, (377, 78): 66, (377, 319): 66, (381, 60): 66, (381, 337): 66, (385, 169): 66, (385, 228): 66, (387, 124): 66, (387, 273): 66, (389, 177): 66, (389, 220): 66, (390, 64): 6, (390, 333): 6, (393, 89): 66, (393, 308): 66, (394, 3): 66, (394, 394): 66, (395, 49): 66, (395, 348): 66}
 
