"324.a1"	324	1	[]	0	[0, 0, 0, -189, -999]	[[-8, 1]]

p prime of good reduction, N = #E(F_p), isCyclic, index of E(Q) in E(F_p), order of image of E(Q) 

5, 9, True, 3.0, 3
{'infinity': 1, (0, 1): 9, (0, 4): 9, (2, 1): 3, (2, 4): 3, (3, 1): 9, (3, 4): 9, (4, 2): 9, (4, 3): 9}
 
7, 9, False, 3.0, 3
{'infinity': 1, (0, 3): 3, (0, 4): 3, (3, 1): 3, (3, 6): 3, (5, 1): 3, (5, 6): 3, (6, 1): 3, (6, 6): 3}
 
11, 15, True, 3.0, 5
{'infinity': 1, (1, 1): 3, (1, 10): 3, (3, 1): 5, (3, 10): 5, (4, 5): 15, (4, 6): 15, (7, 1): 15, (7, 10): 15, (8, 5): 15, (8, 6): 15, (9, 3): 15, (9, 8): 15, (10, 5): 5, (10, 6): 5}
 
13, 15, True, 3.0, 5
{'infinity': 1, (1, 3): 15, (1, 10): 15, (2, 3): 5, (2, 10): 5, (4, 5): 3, (4, 8): 3, (5, 1): 5, (5, 12): 5, (7, 6): 15, (7, 7): 15, (8, 4): 15, (8, 9): 15, (10, 3): 15, (10, 10): 15}
 
17, 24, False, 6.0, 4
{'infinity': 1, (0, 2): 12, (0, 15): 12, (2, 5): 4, (2, 12): 4, (3, 5): 12, (3, 12): 12, (4, 3): 12, (4, 14): 12, (5, 0): 2, (6, 2): 3, (6, 15): 3, (9, 1): 4, (9, 16): 4, (10, 7): 6, (10, 10): 6, (11, 2): 12, (11, 15): 12, (12, 5): 6, (12, 12): 6, (13, 4): 6, (13, 13): 6, (14, 0): 2, (15, 0): 2}
 
19, 24, False, 6.0, 4
{'infinity': 1, (3, 0): 2, (4, 0): 2, (5, 9): 12, (5, 10): 12, (7, 4): 6, (7, 15): 6, (9, 9): 6, (9, 10): 6, (10, 7): 3, (10, 12): 3, (11, 1): 4, (11, 18): 4, (12, 0): 2, (14, 7): 6, (14, 12): 6, (15, 4): 12, (15, 15): 12, (16, 4): 4, (16, 15): 4, (17, 6): 12, (17, 13): 12, (18, 5): 12, (18, 14): 12}
 
23, 21, True, 3.0, 7
{'infinity': 1, (0, 6): 21, (0, 17): 21, (1, 3): 7, (1, 20): 7, (3, 5): 21, (3, 18): 21, (8, 5): 21, (8, 18): 21, (11, 1): 21, (11, 22): 21, (12, 5): 21, (12, 18): 21, (13, 11): 3, (13, 12): 3, (15, 1): 7, (15, 22): 7, (16, 2): 7, (16, 21): 7, (20, 1): 21, (20, 22): 21}
 
29, 33, True, 3.0, 11
{'infinity': 1, (0, 4): 33, (0, 25): 33, (2, 9): 11, (2, 20): 11, (4, 7): 33, (4, 22): 33, (7, 14): 11, (7, 15): 11, (9, 1): 33, (9, 28): 33, (10, 5): 11, (10, 24): 11, (11, 14): 11, (11, 15): 11, (15, 11): 33, (15, 18): 33, (17, 11): 3, (17, 18): 3, (19, 6): 33, (19, 23): 33, (21, 1): 11, (21, 28): 11, (23, 8): 33, (23, 21): 33, (24, 13): 33, (24, 16): 33, (26, 11): 33, (26, 18): 33, (27, 3): 33, (27, 26): 33, (28, 1): 33, (28, 28): 33}
 
31, 27, True, 3.0, 9
{'infinity': 1, (4, 13): 27, (4, 18): 27, (5, 14): 27, (5, 17): 27, (6, 6): 27, (6, 25): 27, (7, 6): 27, (7, 25): 27, (8, 4): 27, (8, 27): 27, (10, 8): 27, (10, 23): 27, (11, 12): 27, (11, 19): 27, (17, 9): 27, (17, 22): 27, (18, 6): 9, (18, 25): 9, (20, 11): 27, (20, 20): 27, (22, 2): 3, (22, 29): 3, (23, 1): 9, (23, 30): 9, (26, 10): 9, (26, 21): 9}
 
37, 36, False, 6.0, 6
{'infinity': 1, (0, 0): 2, (1, 16): 3, (1, 21): 3, (2, 0): 2, (4, 14): 6, (4, 23): 6, (6, 9): 6, (6, 28): 6, (8, 6): 6, (8, 31): 6, (9, 8): 3, (9, 29): 3, (13, 6): 6, (13, 31): 6, (16, 6): 6, (16, 31): 6, (18, 5): 6, (18, 32): 6, (19, 7): 6, (19, 30): 6, (21, 1): 6, (21, 36): 6, (24, 1): 6, (24, 36): 6, (28, 11): 3, (28, 26): 3, (29, 1): 6, (29, 36): 6, (31, 17): 6, (31, 20): 6, (33, 10): 6, (33, 27): 6, (35, 0): 2, (36, 15): 3, (36, 22): 3}
 
41, 45, True, 3.0, 15
{'infinity': 1, (1, 17): 45, (1, 24): 45, (2, 5): 5, (2, 36): 5, (4, 20): 45, (4, 21): 45, (6, 16): 45, (6, 25): 45, (8, 16): 15, (8, 25): 15, (11, 4): 45, (11, 37): 45, (14, 1): 15, (14, 40): 15, (15, 19): 3, (15, 22): 3, (16, 14): 15, (16, 27): 15, (17, 2): 9, (17, 39): 9, (18, 18): 45, (18, 23): 45, (20, 8): 45, (20, 33): 45, (25, 15): 45, (25, 26): 45, (27, 16): 9, (27, 25): 9, (28, 9): 45, (28, 32): 45, (29, 19): 45, (29, 22): 45, (30, 6): 9, (30, 35): 9, (33, 1): 15, (33, 40): 15, (35, 1): 5, (35, 40): 5, (37, 12): 45, (37, 29): 45, (38, 19): 45, (38, 22): 45, (40, 3): 45, (40, 38): 45}
 
43, 45, True, 3.0, 15
{'infinity': 1, (1, 19): 45, (1, 24): 45, (3, 3): 15, (3, 40): 15, (11, 4): 45, (11, 39): 45, (12, 3): 45, (12, 40): 45, (13, 17): 45, (13, 26): 45, (15, 10): 5, (15, 33): 5, (17, 20): 45, (17, 23): 45, (21, 6): 45, (21, 37): 45, (25, 21): 9, (25, 22): 9, (26, 15): 5, (26, 28): 5, (27, 6): 45, (27, 37): 45, (28, 3): 45, (28, 40): 45, (29, 8): 15, (29, 35): 15, (30, 11): 45, (30, 32): 45, (31, 10): 9, (31, 33): 9, (34, 4): 3, (34, 39): 3, (35, 1): 15, (35, 42): 15, (36, 14): 45, (36, 29): 45, (38, 6): 9, (38, 37): 9, (40, 10): 45, (40, 33): 45, (41, 4): 45, (41, 39): 45, (42, 7): 15, (42, 36): 15}
 
47, 39, True, 3.0, 13
{'infinity': 1, (3, 23): 39, (3, 24): 39, (4, 1): 13, (4, 46): 13, (5, 22): 39, (5, 25): 39, (7, 18): 39, (7, 29): 39, (9, 12): 39, (9, 35): 39, (12, 23): 39, (12, 24): 39, (18, 16): 39, (18, 31): 39, (20, 5): 39, (20, 42): 39, (21, 4): 13, (21, 43): 13, (23, 10): 39, (23, 37): 39, (24, 8): 39, (24, 39): 39, (26, 17): 39, (26, 30): 39, (29, 7): 13, (29, 40): 13, (30, 11): 13, (30, 36): 13, (32, 23): 13, (32, 24): 13, (37, 19): 39, (37, 28): 39, (39, 1): 13, (39, 46): 13, (40, 13): 39, (40, 34): 39, (42, 3): 3, (42, 44): 3}
 
53, 48, False, 6.0, 8
{'infinity': 1, (2, 3): 8, (2, 50): 8, (5, 6): 4, (5, 47): 4, (6, 16): 24, (6, 37): 24, (8, 11): 3, (8, 42): 3, (9, 19): 24, (9, 34): 24, (13, 15): 12, (13, 38): 12, (14, 0): 2, (18, 0): 2, (19, 19): 24, (19, 34): 24, (21, 0): 2, (23, 14): 4, (23, 39): 4, (25, 19): 12, (25, 34): 12, (27, 15): 6, (27, 38): 6, (31, 14): 12, (31, 39): 12, (32, 4): 8, (32, 49): 8, (33, 9): 24, (33, 44): 24, (35, 4): 24, (35, 49): 24, (36, 2): 24, (36, 51): 24, (37, 7): 24, (37, 46): 24, (39, 4): 12, (39, 49): 12, (45, 1): 8, (45, 52): 8, (47, 5): 8, (47, 48): 8, (49, 8): 24, (49, 45): 24, (51, 22): 6, (51, 31): 6, (52, 14): 6, (52, 39): 6}
 
59, 57, True, 3.0, 19
{'infinity': 1, (0, 2): 57, (0, 57): 57, (4, 16): 57, (4, 43): 57, (7, 26): 19, (7, 33): 19, (8, 19): 57, (8, 40): 57, (9, 25): 57, (9, 34): 57, (18, 29): 57, (18, 30): 57, (19, 26): 19, (19, 33): 19, (20, 25): 57, (20, 34): 57, (21, 24): 57, (21, 35): 57, (22, 2): 19, (22, 57): 19, (23, 6): 19, (23, 53): 19, (24, 18): 57, (24, 41): 57, (25, 15): 57, (25, 44): 57, (28, 12): 57, (28, 47): 57, (30, 25): 19, (30, 34): 19, (31, 10): 57, (31, 49): 57, (33, 26): 19, (33, 33): 19, (34, 14): 57, (34, 45): 57, (37, 2): 57, (37, 57): 57, (38, 9): 57, (38, 50): 57, (42, 29): 19, (42, 30): 19, (43, 17): 57, (43, 42): 57, (46, 21): 3, (46, 38): 3, (49, 3): 19, (49, 56): 19, (51, 1): 19, (51, 58): 19, (54, 23): 57, (54, 36): 57, (57, 16): 57, (57, 43): 57, (58, 29): 57, (58, 30): 57}
 
61, 75, True, 3.0, 25
{'infinity': 1, (2, 20): 5, (2, 41): 5, (3, 13): 25, (3, 48): 25, (7, 20): 15, (7, 41): 15, (8, 21): 75, (8, 40): 75, (9, 15): 25, (9, 46): 25, (11, 12): 75, (11, 49): 75, (12, 13): 75, (12, 48): 75, (13, 12): 75, (13, 49): 75, (14, 21): 25, (14, 40): 25, (16, 16): 5, (16, 45): 5, (19, 16): 75, (19, 45): 75, (20, 7): 75, (20, 54): 75, (22, 1): 25, (22, 60): 25, (25, 18): 75, (25, 43): 75, (26, 16): 75, (26, 45): 75, (27, 10): 75, (27, 51): 75, (28, 17): 75, (28, 44): 75, (29, 6): 75, (29, 55): 75, (31, 27): 75, (31, 34): 75, (35, 8): 75, (35, 53): 75, (36, 22): 75, (36, 39): 75, (37, 12): 25, (37, 49): 25, (39, 21): 75, (39, 40): 75, (41, 24): 25, (41, 37): 25, (42, 8): 75, (42, 53): 75, (43, 29): 75, (43, 32): 75, (44, 30): 25, (44, 31): 25, (45, 8): 75, (45, 53): 75, (46, 13): 75, (46, 48): 75, (47, 1): 25, (47, 60): 25, (51, 14): 15, (51, 47): 15, (52, 20): 3, (52, 41): 3, (53, 1): 25, (53, 60): 25, (54, 15): 15, (54, 46): 15, (55, 23): 15, (55, 38): 15, (56, 2): 25, (56, 59): 25, (59, 15): 75, (59, 46): 75}
 
67, 75, True, 3.0, 25
{'infinity': 1, (0, 26): 15, (0, 41): 15, (1, 32): 75, (1, 35): 75, (6, 19): 15, (6, 48): 15, (9, 21): 25, (9, 46): 25, (10, 11): 75, (10, 56): 75, (11, 14): 25, (11, 53): 25, (13, 9): 75, (13, 58): 75, (14, 29): 75, (14, 38): 75, (15, 12): 75, (15, 55): 75, (16, 26): 25, (16, 41): 25, (18, 15): 15, (18, 52): 15, (22, 8): 25, (22, 59): 25, (23, 11): 75, (23, 56): 75, (27, 28): 5, (27, 39): 5, (31, 32): 75, (31, 35): 75, (32, 23): 25, (32, 44): 25, (33, 5): 75, (33, 62): 75, (34, 11): 25, (34, 56): 25, (35, 32): 25, (35, 35): 25, (36, 23): 75, (36, 44): 75, (37, 7): 25, (37, 60): 25, (38, 27): 5, (38, 40): 5, (39, 30): 75, (39, 37): 75, (44, 5): 15, (44, 62): 15, (45, 22): 75, (45, 45): 75, (48, 17): 75, (48, 50): 75, (49, 16): 75, (49, 51): 75, (51, 26): 75, (51, 41): 75, (54, 20): 75, (54, 47): 75, (55, 12): 75, (55, 55): 75, (56, 33): 75, (56, 34): 75, (57, 5): 25, (57, 62): 25, (58, 24): 3, (58, 43): 3, (59, 1): 25, (59, 66): 25, (62, 25): 75, (62, 42): 75, (64, 12): 75, (64, 55): 75, (66, 23): 75, (66, 44): 75}
 
71, 60, False, 12.0, 5
{'infinity': 1, (1, 34): 6, (1, 37): 6, (5, 13): 10, (5, 58): 10, (6, 0): 2, (7, 3): 30, (7, 68): 30, (8, 29): 3, (8, 42): 3, (13, 27): 30, (13, 44): 30, (15, 31): 30, (15, 40): 30, (16, 12): 10, (16, 59): 10, (22, 33): 10, (22, 38): 10, (23, 17): 30, (23, 54): 30, (25, 23): 6, (25, 48): 6, (26, 27): 30, (26, 44): 30, (27, 34): 10, (27, 37): 10, (30, 5): 30, (30, 66): 30, (31, 0): 2, (32, 27): 10, (32, 44): 10, (34, 0): 2, (35, 20): 15, (35, 51): 15, (36, 4): 5, (36, 67): 5, (41, 6): 30, (41, 65): 30, (43, 34): 15, (43, 37): 15, (46, 10): 15, (46, 61): 15, (47, 24): 30, (47, 47): 30, (49, 26): 15, (49, 45): 15, (52, 8): 30, (52, 63): 30, (53, 11): 10, (53, 60): 10, (59, 31): 30, (59, 40): 30, (63, 1): 5, (63, 70): 5, (67, 30): 30, (67, 41): 30, (68, 31): 30, (68, 40): 30, (69, 9): 6, (69, 62): 6}
 
73, 84, False, 6.0, 14
{'infinity': 1, (0, 13): 7, (0, 60): 7, (1, 28): 14, (1, 45): 14, (2, 23): 14, (2, 50): 14, (3, 33): 14, (3, 40): 14, (4, 34): 42, (4, 39): 42, (5, 15): 14, (5, 58): 14, (6, 28): 6, (6, 45): 6, (7, 24): 21, (7, 49): 21, (9, 0): 2, (10, 3): 21, (10, 70): 21, (12, 33): 21, (12, 40): 21, (13, 36): 21, (13, 37): 21, (14, 11): 42, (14, 62): 42, (16, 0): 2, (19, 15): 42, (19, 58): 42, (20, 3): 42, (20, 70): 42, (22, 4): 14, (22, 69): 14, (23, 18): 14, (23, 55): 14, (25, 22): 21, (25, 51): 21, (27, 21): 42, (27, 52): 42, (29, 30): 42, (29, 43): 42, (30, 16): 14, (30, 57): 14, (32, 5): 7, (32, 68): 7, (33, 31): 42, (33, 42): 42, (35, 32): 42, (35, 41): 42, (42, 20): 42, (42, 53): 42, (43, 3): 14, (43, 70): 14, (48, 0): 2, (49, 15): 42, (49, 58): 42, (53, 16): 6, (53, 57): 6, (55, 32): 42, (55, 41): 42, (56, 32): 42, (56, 41): 42, (57, 22): 7, (57, 51): 7, (58, 33): 42, (58, 40): 42, (59, 12): 42, (59, 61): 42, (60, 8): 6, (60, 65): 6, (62, 25): 42, (62, 48): 42, (63, 16): 42, (63, 57): 42, (64, 22): 3, (64, 51): 3, (65, 1): 14, (65, 72): 14, (66, 28): 21, (66, 45): 21, (67, 24): 42, (67, 49): 42, (72, 24): 42, (72, 49): 42}
 
79, 69, True, 3.0, 23
{'infinity': 1, (8, 23): 23, (8, 56): 23, (9, 2): 69, (9, 77): 69, (13, 20): 23, (13, 59): 23, (16, 28): 23, (16, 51): 23, (18, 3): 69, (18, 76): 69, (22, 35): 23, (22, 44): 23, (24, 28): 69, (24, 51): 69, (25, 37): 69, (25, 42): 69, (26, 34): 69, (26, 45): 69, (27, 25): 23, (27, 54): 23, (28, 16): 69, (28, 63): 69, (29, 23): 69, (29, 56): 69, (31, 24): 69, (31, 55): 69, (32, 21): 23, (32, 58): 23, (34, 11): 23, (34, 68): 23, (36, 8): 69, (36, 71): 69, (37, 1): 69, (37, 78): 69, (38, 9): 23, (38, 70): 23, (39, 28): 69, (39, 51): 69, (40, 33): 69, (40, 46): 69, (42, 23): 69, (42, 56): 69, (46, 36): 69, (46, 43): 69, (47, 22): 69, (47, 57): 69, (50, 1): 69, (50, 78): 69, (55, 33): 69, (55, 46): 69, (57, 4): 69, (57, 75): 69, (63, 33): 69, (63, 46): 69, (65, 3): 69, (65, 76): 69, (66, 29): 69, (66, 50): 69, (68, 12): 69, (68, 67): 69, (69, 7): 23, (69, 72): 23, (70, 17): 3, (70, 62): 3, (71, 1): 23, (71, 78): 23, (75, 3): 23, (75, 76): 23}
 
83, 75, True, 3.0, 25
{'infinity': 1, (3, 11): 5, (3, 72): 5, (5, 16): 75, (5, 67): 75, (6, 18): 75, (6, 65): 75, (9, 41): 25, (9, 42): 25, (12, 11): 25, (12, 72): 25, (13, 22): 25, (13, 61): 25, (14, 26): 75, (14, 57): 75, (17, 28): 25, (17, 55): 25, (19, 32): 75, (19, 51): 75, (29, 8): 75, (29, 75): 75, (31, 5): 75, (31, 78): 75, (34, 16): 75, (34, 67): 75, (35, 22): 25, (35, 61): 25, (36, 3): 15, (36, 80): 15, (39, 30): 25, (39, 53): 25, (41, 9): 75, (41, 74): 75, (44, 16): 3, (44, 67): 3, (46, 24): 75, (46, 59): 75, (47, 20): 15, (47, 63): 15, (49, 30): 75, (49, 53): 75, (50, 29): 75, (50, 54): 75, (51, 13): 75, (51, 70): 75, (53, 9): 15, (53, 74): 15, (56, 5): 75, (56, 78): 75, (61, 8): 75, (61, 75): 75, (62, 10): 75, (62, 73): 75, (63, 33): 75, (63, 50): 75, (64, 7): 5, (64, 76): 5, (66, 17): 75, (66, 66): 75, (67, 2): 15, (67, 81): 15, (68, 11): 25, (68, 72): 25, (69, 27): 75, (69, 56): 75, (72, 9): 75, (72, 74): 75, (75, 1): 25, (75, 82): 25, (76, 8): 25, (76, 75): 25, (78, 30): 75, (78, 53): 75, (79, 5): 25, (79, 78): 25}
 
89, 96, False, 6.0, 16
{'infinity': 1, (0, 43): 4, (0, 46): 4, (2, 12): 16, (2, 77): 16, (4, 0): 2, (5, 36): 48, (5, 53): 48, (7, 35): 48, (7, 54): 48, (10, 43): 48, (10, 46): 48, (14, 16): 24, (14, 73): 24, (16, 42): 16, (16, 47): 16, (17, 16): 4, (17, 73): 4, (19, 20): 6, (19, 69): 6, (20, 27): 16, (20, 62): 16, (21, 33): 12, (21, 56): 12, (23, 18): 16, (23, 71): 16, (25, 17): 48, (25, 72): 48, (26, 2): 48, (26, 87): 48, (27, 26): 48, (27, 63): 48, (29, 38): 48, (29, 51): 48, (30, 22): 16, (30, 67): 16, (32, 0): 2, (34, 27): 48, (34, 62): 48, (35, 27): 24, (35, 62): 24, (36, 7): 24, (36, 82): 24, (38, 12): 16, (38, 77): 16, (41, 3): 48, (41, 86): 48, (43, 31): 3, (43, 58): 3, (45, 39): 12, (45, 50): 12, (46, 44): 48, (46, 45): 48, (48, 29): 6, (48, 60): 6, (49, 12): 8, (49, 77): 8, (50, 39): 48, (50, 50): 48, (53, 0): 2, (54, 11): 24, (54, 78): 24, (55, 11): 8, (55, 78): 8, (57, 7): 12, (57, 82): 12, (58, 16): 24, (58, 73): 24, (59, 30): 16, (59, 59): 16, (62, 21): 6, (62, 68): 6, (63, 32): 24, (63, 57): 24, (66, 9): 48, (66, 80): 48, (69, 11): 12, (69, 78): 12, (70, 19): 24, (70, 70): 24, (71, 24): 24, (71, 65): 24, (78, 4): 8, (78, 85): 8, (79, 43): 48, (79, 46): 48, (81, 1): 16, (81, 88): 16, (83, 39): 48, (83, 50): 48, (84, 34): 48, (84, 55): 48, (85, 7): 8, (85, 82): 8, (88, 41): 48, (88, 48): 48}
 
97, 87, True, 3.0, 29
{'infinity': 1, (2, 38): 29, (2, 59): 29, (5, 11): 29, (5, 86): 29, (9, 39): 87, (9, 58): 87, (11, 22): 87, (11, 75): 87, (13, 14): 87, (13, 83): 87, (16, 48): 29, (16, 49): 29, (17, 33): 87, (17, 64): 87, (18, 48): 87, (18, 49): 87, (21, 5): 87, (21, 92): 87, (23, 15): 29, (23, 82): 29, (24, 23): 87, (24, 74): 87, (27, 1): 87, (27, 96): 87, (28, 23): 29, (28, 74): 29, (29, 35): 87, (29, 62): 87, (32, 4): 29, (32, 93): 29, (33, 38): 87, (33, 59): 87, (35, 27): 87, (35, 70): 87, (36, 21): 87, (36, 76): 87, (39, 11): 87, (39, 86): 87, (40, 32): 87, (40, 65): 87, (41, 18): 87, (41, 79): 87, (42, 8): 29, (42, 89): 29, (45, 23): 87, (45, 74): 87, (50, 24): 87, (50, 73): 87, (53, 11): 87, (53, 86): 87, (55, 13): 29, (55, 84): 29, (56, 43): 87, (56, 54): 87, (62, 38): 87, (62, 59): 87, (63, 48): 87, (63, 49): 87, (64, 27): 87, (64, 70): 87, (66, 17): 87, (66, 80): 87, (68, 47): 87, (68, 50): 87, (71, 4): 29, (71, 93): 29, (72, 41): 87, (72, 56): 87, (74, 28): 29, (74, 69): 29, (78, 1): 87, (78, 96): 87, (87, 45): 87, (87, 52): 87, (88, 19): 3, (88, 78): 3, (89, 1): 29, (89, 96): 29, (91, 4): 29, (91, 93): 29, (93, 9): 29, (93, 88): 29, (95, 27): 87, (95, 70): 87, (96, 16): 29, (96, 81): 29}
 
101, 117, True, 3.0, 39
{'infinity': 1, (1, 5): 117, (1, 96): 117, (2, 34): 13, (2, 67): 13, (3, 28): 117, (3, 73): 117, (5, 10): 117, (5, 91): 117, (8, 18): 117, (8, 83): 117, (9, 7): 117, (9, 94): 117, (10, 38): 13, (10, 63): 13, (11, 24): 117, (11, 77): 117, (12, 28): 117, (12, 73): 117, (13, 16): 117, (13, 85): 117, (17, 14): 39, (17, 87): 39, (18, 44): 117, (18, 57): 117, (19, 42): 117, (19, 59): 117, (22, 21): 39, (22, 80): 39, (23, 16): 117, (23, 85): 117, (27, 42): 117, (27, 59): 117, (28, 39): 39, (28, 62): 39, (30, 38): 117, (30, 63): 117, (31, 39): 117, (31, 62): 117, (33, 44): 117, (33, 57): 117, (34, 8): 117, (34, 93): 117, (39, 34): 3, (39, 67): 3, (41, 49): 117, (41, 52): 117, (42, 39): 117, (42, 62): 117, (43, 40): 117, (43, 61): 117, (45, 35): 117, (45, 66): 117, (46, 50): 117, (46, 51): 117, (50, 44): 13, (50, 57): 13, (51, 45): 117, (51, 56): 117, (52, 20): 117, (52, 81): 117, (53, 20): 39, (53, 81): 39, (55, 42): 117, (55, 59): 117, (56, 3): 39, (56, 98): 39, (57, 2): 117, (57, 99): 117, (59, 4): 117, (59, 97): 117, (60, 34): 39, (60, 67): 39, (61, 38): 9, (61, 63): 9, (62, 49): 39, (62, 52): 39, (64, 36): 13, (64, 65): 13, (65, 16): 13, (65, 85): 13, (68, 45): 39, (68, 56): 39, (69, 37): 13, (69, 64): 13, (70, 4): 117, (70, 97): 117, (73, 4): 117, (73, 97): 117, (74, 50): 117, (74, 51): 117, (76, 25): 39, (76, 76): 39, (81, 29): 117, (81, 72): 117, (82, 50): 9, (82, 51): 9, (83, 45): 117, (83, 56): 117, (86, 28): 9, (86, 73): 9, (87, 32): 117, (87, 69): 117, (90, 31): 117, (90, 70): 117, (93, 1): 39, (93, 100): 39, (94, 48): 39, (94, 53): 39, (95, 11): 39, (95, 90): 39, (96, 15): 117, (96, 86): 117, (97, 20): 117, (97, 81): 117, (99, 49): 117, (99, 52): 117}
 
103, 111, True, 3.0, 37
{'infinity': 1, (1, 7): 111, (1, 96): 111, (4, 36): 111, (4, 67): 111, (7, 9): 111, (7, 94): 111, (8, 24): 111, (8, 79): 111, (10, 45): 111, (10, 58): 111, (11, 2): 111, (11, 101): 111, (14, 51): 37, (14, 52): 37, (15, 46): 111, (15, 57): 111, (17, 17): 111, (17, 86): 111, (18, 35): 37, (18, 68): 37, (20, 50): 37, (20, 53): 37, (22, 49): 37, (22, 54): 37, (23, 34): 37, (23, 69): 37, (24, 7): 111, (24, 96): 111, (25, 42): 111, (25, 61): 111, (34, 19): 111, (34, 84): 111, (37, 15): 111, (37, 88): 111, (38, 49): 37, (38, 54): 37, (42, 40): 111, (42, 63): 111, (43, 49): 37, (43, 54): 37, (44, 24): 37, (44, 79): 37, (46, 14): 37, (46, 89): 37, (49, 28): 37, (49, 75): 37, (50, 18): 111, (50, 85): 111, (51, 24): 111, (51, 79): 111, (52, 1): 111, (52, 102): 111, (57, 22): 111, (57, 81): 111, (58, 29): 111, (58, 74): 111, (59, 1): 111, (59, 102): 111, (60, 37): 111, (60, 66): 111, (61, 25): 111, (61, 78): 111, (62, 12): 111, (62, 91): 111, (64, 43): 111, (64, 60): 111, (65, 37): 37, (65, 66): 37, (70, 43): 37, (70, 60): 37, (71, 20): 111, (71, 83): 111, (72, 43): 111, (72, 60): 111, (77, 48): 37, (77, 55): 37, (78, 7): 111, (78, 96): 111, (79, 42): 111, (79, 61): 111, (81, 37): 111, (81, 66): 111, (83, 31): 111, (83, 72): 111, (84, 33): 111, (84, 70): 111, (86, 44): 111, (86, 59): 111, (87, 35): 37, (87, 68): 37, (89, 6): 111, (89, 97): 111, (91, 46): 111, (91, 57): 111, (92, 26): 37, (92, 77): 37, (93, 32): 111, (93, 71): 111, (94, 30): 3, (94, 73): 3, (95, 1): 37, (95, 102): 37, (99, 38): 111, (99, 65): 111, (100, 46): 37, (100, 57): 37, (101, 35): 37, (101, 68): 37, (102, 42): 111, (102, 61): 111}
 
107, 120, False, 12.0, 10
{'infinity': 1, (5, 0): 2, (6, 3): 15, (6, 104): 15, (8, 26): 30, (8, 81): 30, (9, 13): 6, (9, 94): 6, (10, 12): 30, (10, 95): 30, (13, 5): 30, (13, 102): 30, (14, 13): 60, (14, 94): 60, (15, 41): 4, (15, 66): 4, (18, 19): 30, (18, 88): 30, (20, 15): 20, (20, 92): 20, (21, 21): 5, (21, 86): 5, (22, 26): 10, (22, 81): 10, (25, 48): 30, (25, 59): 30, (26, 0): 2, (27, 45): 60, (27, 62): 60, (28, 50): 60, (28, 57): 60, (29, 19): 60, (29, 88): 60, (30, 1): 3, (30, 106): 3, (31, 28): 6, (31, 79): 6, (32, 24): 20, (32, 83): 20, (33, 5): 30, (33, 102): 30, (34, 10): 60, (34, 97): 60, (36, 36): 60, (36, 71): 60, (37, 17): 12, (37, 90): 12, (38, 50): 10, (38, 57): 10, (41, 50): 60, (41, 57): 60, (45, 27): 5, (45, 80): 5, (46, 44): 60, (46, 63): 60, (47, 40): 20, (47, 67): 20, (48, 35): 30, (48, 72): 30, (50, 32): 6, (50, 75): 6, (51, 51): 60, (51, 56): 60, (57, 9): 12, (57, 98): 12, (60, 19): 60, (60, 88): 60, (61, 5): 10, (61, 102): 10, (63, 52): 60, (63, 55): 60, (65, 49): 20, (65, 58): 20, (71, 39): 30, (71, 68): 30, (73, 16): 60, (73, 91): 60, (74, 44): 15, (74, 63): 15, (75, 23): 12, (75, 84): 12, (76, 0): 2, (77, 26): 30, (77, 81): 30, (78, 40): 20, (78, 67): 20, (81, 28): 12, (81, 79): 12, (82, 37): 60, (82, 70): 60, (83, 29): 20, (83, 78): 20, (84, 13): 20, (84, 94): 20, (85, 1): 30, (85, 106): 30, (88, 21): 30, (88, 86): 30, (89, 40): 10, (89, 67): 10, (90, 46): 15, (90, 61): 15, (91, 47): 60, (91, 60): 60, (94, 44): 20, (94, 63): 20, (95, 41): 15, (95, 66): 15, (97, 31): 60, (97, 76): 60, (99, 1): 10, (99, 106): 10, (102, 28): 4, (102, 79): 4, (103, 11): 10, (103, 96): 10, (104, 41): 60, (104, 66): 60, (105, 21): 30, (105, 86): 30}
 
109, 108, False, 18.0, 6
{'infinity': 1, (1, 11): 54, (1, 98): 54, (2, 22): 18, (2, 87): 18, (5, 19): 27, (5, 90): 27, (6, 46): 27, (6, 63): 27, (9, 10): 54, (9, 99): 54, (10, 20): 27, (10, 89): 27, (11, 18): 9, (11, 91): 9, (13, 7): 54, (13, 102): 54, (14, 25): 54, (14, 84): 54, (16, 20): 18, (16, 89): 18, (19, 31): 27, (19, 78): 27, (20, 13): 6, (20, 96): 6, (23, 45): 54, (23, 64): 54, (24, 21): 54, (24, 88): 54, (26, 0): 2, (28, 40): 54, (28, 69): 54, (31, 32): 54, (31, 77): 54, (32, 18): 18, (32, 91): 18, (33, 19): 27, (33, 90): 27, (36, 7): 54, (36, 102): 54, (39, 41): 54, (39, 68): 54, (41, 21): 54, (41, 88): 54, (42, 29): 18, (42, 80): 18, (44, 21): 54, (44, 88): 54, (45, 31): 54, (45, 78): 54, (46, 15): 54, (46, 94): 54, (52, 17): 54, (52, 92): 54, (56, 36): 18, (56, 73): 18, (58, 24): 54, (58, 85): 54, (59, 9): 54, (59, 100): 54, (60, 7): 18, (60, 102): 18, (63, 34): 54, (63, 75): 54, (64, 23): 27, (64, 86): 27, (66, 18): 18, (66, 91): 18, (67, 39): 54, (67, 70): 54, (69, 2): 54, (69, 107): 54, (70, 38): 6, (70, 71): 6, (71, 19): 9, (71, 90): 9, (72, 24): 9, (72, 85): 9, (75, 26): 54, (75, 83): 54, (79, 4): 54, (79, 105): 54, (81, 33): 18, (81, 76): 18, (83, 20): 54, (83, 89): 54, (88, 24): 54, (88, 85): 54, (90, 23): 27, (90, 86): 27, (92, 35): 27, (92, 74): 27, (93, 0): 2, (95, 50): 54, (95, 59): 54, (99, 0): 2, (100, 54): 3, (100, 55): 3, (101, 1): 6, (101, 108): 6, (103, 30): 54, (103, 79): 54, (105, 42): 54, (105, 67): 54, (107, 5): 18, (107, 104): 18, (108, 37): 27, (108, 72): 27}
 
113, 105, True, 21.0, 5
{'infinity': 1, (0, 40): 15, (0, 73): 15, (1, 13): 105, (1, 100): 105, (2, 10): 7, (2, 103): 7, (4, 2): 105, (4, 111): 105, (5, 21): 105, (5, 92): 105, (6, 2): 105, (6, 111): 105, (9, 17): 35, (9, 96): 35, (10, 22): 105, (10, 91): 105, (11, 20): 35, (11, 93): 35, (13, 53): 105, (13, 60): 105, (15, 28): 105, (15, 85): 105, (19, 3): 105, (19, 110): 105, (20, 31): 21, (20, 82): 21, (21, 15): 35, (21, 98): 35, (23, 43): 105, (23, 70): 105, (30, 45): 15, (30, 68): 15, (33, 15): 105, (33, 98): 105, (34, 37): 105, (34, 76): 105, (37, 25): 105, (37, 88): 105, (38, 19): 3, (38, 94): 3, (39, 41): 21, (39, 72): 21, (41, 31): 105, (41, 82): 105, (42, 17): 35, (42, 96): 35, (43, 35): 105, (43, 78): 105, (48, 8): 105, (48, 105): 105, (50, 46): 35, (50, 67): 35, (52, 31): 105, (52, 82): 105, (53, 1): 35, (53, 112): 35, (58, 54): 105, (58, 59): 105, (59, 15): 21, (59, 98): 21, (62, 17): 35, (62, 96): 35, (65, 56): 7, (65, 57): 7, (66, 26): 21, (66, 87): 21, (67, 9): 35, (67, 104): 35, (68, 1): 7, (68, 112): 7, (74, 29): 105, (74, 84): 105, (75, 50): 105, (75, 63): 105, (78, 12): 35, (78, 101): 35, (85, 46): 105, (85, 67): 105, (86, 44): 35, (86, 69): 35, (89, 30): 15, (89, 83): 15, (91, 46): 21, (91, 67): 21, (96, 37): 105, (96, 76): 105, (100, 39): 105, (100, 74): 105, (101, 28): 35, (101, 85): 35, (102, 38): 105, (102, 75): 105, (103, 2): 5, (103, 111): 5, (105, 1): 5, (105, 112): 5, (107, 22): 21, (107, 91): 21, (109, 22): 15, (109, 91): 15, (110, 28): 105, (110, 85): 105, (111, 7): 35, (111, 106): 35}
 
127, 144, False, 18.0, 8
{'infinity': 1, (0, 12): 36, (0, 115): 36, (4, 50): 36, (4, 77): 36, (6, 49): 72, (6, 78): 72, (9, 51): 24, (9, 76): 24, (10, 4): 72, (10, 123): 72, (11, 44): 24, (11, 83): 24, (13, 30): 18, (13, 97): 18, (14, 49): 18, (14, 78): 18, (15, 7): 72, (15, 120): 72, (16, 33): 12, (16, 94): 12, (18, 62): 36, (18, 65): 36, (22, 41): 24, (22, 86): 24, (24, 62): 12, (24, 65): 12, (25, 54): 72, (25, 73): 72, (29, 16): 4, (29, 111): 4, (30, 30): 72, (30, 97): 72, (31, 33): 36, (31, 94): 36, (34, 16): 36, (34, 111): 36, (35, 35): 72, (35, 92): 72, (38, 35): 72, (38, 92): 72, (39, 28): 8, (39, 99): 8, (40, 14): 72, (40, 113): 72, (42, 0): 2, (44, 47): 9, (44, 80): 9, (45, 50): 72, (45, 77): 72, (46, 34): 12, (46, 93): 12, (47, 56): 72, (47, 71): 72, (48, 8): 72, (48, 119): 72, (49, 57): 24, (49, 70): 24, (50, 39): 4, (50, 88): 4, (54, 35): 6, (54, 92): 6, (55, 26): 36, (55, 101): 36, (56, 40): 36, (56, 87): 36, (58, 12): 36, (58, 115): 36, (59, 58): 72, (59, 69): 72, (63, 63): 36, (63, 64): 36, (64, 16): 18, (64, 111): 18, (66, 46): 18, (66, 81): 18, (67, 9): 72, (67, 118): 72, (68, 37): 72, (68, 90): 72, (69, 12): 6, (69, 115): 6, (72, 45): 72, (72, 82): 72, (73, 29): 8, (73, 98): 8, (75, 38): 72, (75, 89): 72, (76, 24): 12, (76, 103): 12, (77, 52): 72, (77, 75): 72, (78, 50): 72, (78, 77): 72, (80, 33): 9, (80, 94): 9, (81, 23): 18, (81, 104): 18, (82, 57): 18, (82, 70): 18, (84, 30): 24, (84, 97): 24, (85, 62): 18, (85, 65): 18, (89, 29): 36, (89, 98): 36, (92, 29): 72, (92, 98): 72, (93, 63): 72, (93, 64): 72, (94, 17): 72, (94, 110): 72, (95, 27): 18, (95, 100): 18, (96, 56): 8, (96, 71): 8, (98, 63): 24, (98, 64): 24, (99, 11): 36, (99, 116): 36, (100, 13): 24, (100, 114): 24, (103, 0): 2, (104, 43): 6, (104, 84): 6, (105, 2): 72, (105, 125): 72, (107, 49): 72, (107, 78): 72, (109, 0): 2, (111, 56): 36, (111, 71): 36, (115, 7): 24, (115, 120): 24, (117, 48): 18, (117, 79): 18, (118, 10): 3, (118, 117): 3, (119, 1): 8, (119, 126): 8, (123, 57): 72, (123, 70): 72, (124, 7): 9, (124, 120): 9}
 
131, 153, True, 3.0, 51
{'infinity': 1, (0, 7): 51, (0, 124): 51, (1, 56): 153, (1, 75): 153, (3, 65): 153, (3, 66): 153, (4, 55): 51, (4, 76): 51, (5, 43): 51, (5, 88): 51, (6, 21): 9, (6, 110): 9, (7, 36): 51, (7, 95): 51, (9, 16): 17, (9, 115): 17, (12, 65): 153, (12, 66): 153, (14, 4): 153, (14, 127): 153, (15, 14): 153, (15, 117): 153, (17, 35): 153, (17, 96): 153, (18, 11): 153, (18, 120): 153, (20, 48): 51, (20, 83): 51, (21, 25): 17, (21, 106): 17, (23, 3): 17, (23, 128): 17, (24, 6): 153, (24, 125): 153, (26, 2): 153, (26, 129): 153, (32, 62): 17, (32, 69): 17, (33, 55): 51, (33, 76): 51, (34, 35): 153, (34, 96): 153, (36, 48): 153, (36, 83): 153, (38, 29): 153, (38, 102): 153, (39, 11): 153, (39, 120): 153, (40, 40): 153, (40, 91): 153, (41, 31): 153, (41, 100): 153, (42, 31): 153, (42, 100): 153, (43, 54): 153, (43, 77): 153, (44, 46): 51, (44, 85): 51, (46, 2): 153, (46, 129): 153, (48, 31): 3, (48, 100): 3, (49, 10): 153, (49, 121): 153, (51, 24): 51, (51, 107): 51, (52, 22): 51, (52, 109): 51, (53, 7): 153, (53, 124): 153, (54, 60): 153, (54, 71): 153, (56, 26): 153, (56, 105): 153, (57, 34): 17, (57, 97): 17, (58, 12): 153, (58, 119): 153, (59, 2): 17, (59, 129): 17, (66, 44): 153, (66, 87): 153, (67, 39): 153, (67, 92): 153, (71, 50): 153, (71, 81): 153, (72, 15): 153, (72, 116): 153, (74, 11): 153, (74, 120): 153, (75, 48): 153, (75, 83): 153, (77, 64): 17, (77, 67): 17, (78, 7): 153, (78, 124): 153, (79, 20): 153, (79, 111): 153, (80, 35): 153, (80, 96): 153, (81, 33): 153, (81, 98): 153, (82, 28): 153, (82, 103): 153, (84, 52): 51, (84, 79): 51, (85, 15): 51, (85, 116): 51, (88, 8): 153, (88, 123): 153, (92, 34): 153, (92, 97): 153, (93, 49): 153, (93, 82): 153, (94, 55): 17, (94, 76): 17, (95, 26): 51, (95, 105): 51, (97, 24): 153, (97, 107): 153, (99, 61): 153, (99, 70): 153, (102, 23): 9, (102, 108): 9, (105, 15): 153, (105, 116): 153, (107, 18): 153, (107, 113): 153, (108, 58): 153, (108, 73): 153, (109, 41): 153, (109, 90): 153, (111, 26): 153, (111, 105): 153, (113, 34): 9, (113, 97): 9, (114, 24): 153, (114, 107): 153, (115, 5): 51, (115, 126): 51, (116, 65): 51, (116, 66): 51, (119, 14): 153, (119, 117): 153, (120, 50): 153, (120, 81): 153, (123, 1): 51, (123, 130): 51, (124, 51): 153, (124, 80): 153, (128, 14): 51, (128, 117): 51}
 
137, 141, True, 3.0, 47
{'infinity': 1, (2, 1): 47, (2, 136): 47, (3, 67): 141, (3, 70): 141, (5, 28): 141, (5, 109): 141, (6, 1): 47, (6, 136): 47, (7, 58): 141, (7, 79): 141, (8, 59): 141, (8, 78): 141, (11, 50): 141, (11, 87): 141, (12, 67): 141, (12, 70): 141, (16, 22): 47, (16, 115): 47, (17, 4): 47, (17, 133): 47, (18, 46): 141, (18, 91): 141, (19, 25): 141, (19, 112): 141, (22, 55): 47, (22, 82): 47, (24, 53): 141, (24, 84): 141, (25, 41): 141, (25, 96): 141, (26, 44): 141, (26, 93): 141, (27, 44): 141, (27, 93): 141, (29, 28): 47, (29, 109): 47, (33, 43): 141, (33, 94): 141, (39, 56): 141, (39, 81): 141, (40, 40): 141, (40, 97): 141, (41, 21): 141, (41, 116): 141, (42, 58): 47, (42, 79): 47, (43, 10): 3, (43, 127): 3, (46, 10): 141, (46, 127): 141, (48, 10): 141, (48, 127): 141, (49, 23): 141, (49, 114): 141, (50, 29): 141, (50, 108): 141, (53, 54): 141, (53, 83): 141, (55, 50): 47, (55, 87): 47, (56, 27): 141, (56, 110): 141, (58, 16): 47, (58, 121): 47, (59, 14): 141, (59, 123): 141, (62, 66): 47, (62, 71): 47, (64, 42): 141, (64, 95): 141, (71, 50): 141, (71, 87): 141, (72, 48): 47, (72, 89): 47, (73, 38): 141, (73, 99): 141, (74, 36): 141, (74, 101): 141, (76, 3): 47, (76, 134): 47, (77, 65): 47, (77, 72): 47, (78, 51): 141, (78, 86): 141, (80, 30): 141, (80, 107): 141, (84, 44): 47, (84, 93): 47, (85, 17): 141, (85, 120): 141, (87, 60): 47, (87, 77): 47, (88, 58): 141, (88, 79): 141, (90, 57): 141, (90, 80): 141, (92, 15): 141, (92, 122): 141, (95, 23): 47, (95, 114): 47, (97, 52): 47, (97, 85): 47, (98, 49): 141, (98, 88): 141, (101, 48): 47, (101, 89): 47, (103, 28): 141, (103, 109): 141, (104, 20): 141, (104, 117): 141, (107, 31): 47, (107, 106): 47, (109, 39): 141, (109, 98): 141, (110, 54): 141, (110, 83): 141, (111, 54): 141, (111, 83): 141, (116, 55): 141, (116, 82): 141, (119, 63): 141, (119, 74): 141, (121, 11): 47, (121, 126): 47, (122, 67): 47, (122, 70): 47, (123, 37): 47, (123, 100): 47, (127, 24): 141, (127, 113): 141, (129, 1): 47, (129, 136): 47, (130, 23): 141, (130, 114): 141, (131, 59): 141, (131, 78): 141, (135, 59): 141, (135, 78): 141, (136, 55): 141, (136, 82): 141}
 
139, 135, False, 3.0, 45
{'infinity': 1, (0, 35): 45, (0, 104): 45, (1, 8): 45, (1, 131): 45, (3, 44): 45, (3, 95): 45, (4, 33): 9, (4, 106): 9, (5, 31): 45, (5, 108): 45, (6, 53): 15, (6, 86): 15, (7, 55): 15, (7, 84): 15, (8, 15): 45, (8, 124): 45, (10, 14): 45, (10, 125): 45, (12, 44): 9, (12, 95): 9, (13, 39): 15, (13, 100): 15, (17, 59): 15, (17, 80): 15, (18, 67): 3, (18, 72): 3, (19, 36): 45, (19, 103): 45, (20, 21): 9, (20, 118): 9, (29, 16): 15, (29, 123): 15, (30, 68): 45, (30, 71): 45, (31, 50): 45, (31, 89): 45, (32, 59): 45, (32, 80): 45, (33, 22): 3, (33, 117): 3, (37, 31): 45, (37, 108): 45, (41, 60): 45, (41, 79): 45, (42, 51): 45, (42, 88): 45, (43, 66): 15, (43, 73): 15, (45, 58): 45, (45, 81): 45, (47, 33): 45, (47, 106): 45, (48, 21): 45, (48, 118): 45, (49, 9): 15, (49, 130): 15, (53, 23): 45, (53, 116): 45, (54, 46): 5, (54, 93): 5, (56, 41): 45, (56, 98): 45, (63, 29): 15, (63, 110): 15, (64, 10): 45, (64, 129): 45, (66, 38): 45, (66, 101): 45, (67, 30): 9, (67, 109): 9, (68, 52): 45, (68, 87): 45, (69, 32): 9, (69, 107): 9, (70, 6): 45, (70, 133): 45, (71, 21): 15, (71, 118): 15, (74, 30): 9, (74, 109): 9, (76, 48): 15, (76, 91): 15, (84, 62): 45, (84, 77): 45, (88, 33): 45, (88, 106): 45, (90, 59): 45, (90, 80): 45, (91, 52): 9, (91, 87): 9, (95, 23): 45, (95, 116): 45, (97, 31): 3, (97, 108): 3, (99, 61): 15, (99, 78): 15, (101, 10): 9, (101, 129): 9, (102, 51): 45, (102, 88): 45, (106, 24): 15, (106, 115): 15, (107, 9): 45, (107, 130): 45, (108, 28): 45, (108, 111): 45, (113, 10): 15, (113, 129): 15, (114, 65): 5, (114, 74): 5, (116, 63): 15, (116, 76): 15, (119, 52): 45, (119, 87): 45, (120, 43): 45, (120, 96): 45, (121, 18): 45, (121, 121): 45, (122, 9): 45, (122, 130): 45, (124, 44): 15, (124, 95): 15, (129, 13): 45, (129, 126): 45, (130, 23): 3, (130, 116): 3, (131, 1): 45, (131, 138): 45, (132, 26): 45, (132, 113): 45, (134, 51): 15, (134, 88): 15, (137, 30): 9, (137, 109): 9}
 
149, 165, True, 15.0, 11
{'infinity': 1, (1, 68): 165, (1, 81): 165, (2, 11): 55, (2, 138): 55, (3, 10): 55, (3, 139): 55, (5, 72): 33, (5, 77): 33, (6, 13): 55, (6, 136): 55, (7, 16): 55, (7, 133): 55, (12, 10): 165, (12, 139): 165, (13, 23): 33, (13, 126): 33, (14, 69): 165, (14, 80): 165, (16, 64): 55, (16, 85): 55, (21, 11): 165, (21, 138): 165, (22, 53): 55, (22, 96): 55, (23, 50): 165, (23, 99): 165, (25, 31): 55, (25, 118): 55, (27, 52): 15, (27, 97): 15, (28, 4): 55, (28, 145): 55, (29, 25): 165, (29, 124): 165, (30, 31): 165, (30, 118): 165, (34, 69): 15, (34, 80): 15, (36, 34): 165, (36, 115): 165, (37, 14): 33, (37, 135): 33, (38, 59): 11, (38, 90): 11, (39, 17): 33, (39, 132): 33, (43, 65): 165, (43, 84): 165, (44, 37): 55, (44, 112): 55, (45, 72): 165, (45, 77): 165, (46, 39): 165, (46, 110): 165, (48, 63): 33, (48, 86): 33, (50, 62): 55, (50, 87): 55, (53, 6): 165, (53, 143): 165, (56, 27): 165, (56, 122): 165, (58, 46): 165, (58, 103): 165, (59, 42): 165, (59, 107): 165, (60, 53): 165, (60, 96): 165, (61, 41): 165, (61, 108): 165, (62, 5): 165, (62, 144): 165, (63, 23): 165, (63, 126): 165, (65, 12): 15, (65, 137): 15, (67, 53): 165, (67, 96): 165, (73, 23): 55, (73, 126): 55, (75, 26): 165, (75, 123): 165, (76, 30): 55, (76, 119): 55, (80, 3): 55, (80, 146): 55, (82, 40): 165, (82, 109): 165, (83, 15): 55, (83, 134): 55, (86, 30): 165, (86, 119): 165, (87, 19): 3, (87, 130): 3, (88, 33): 165, (88, 116): 165, (89, 40): 55, (89, 109): 55, (90, 74): 11, (90, 75): 11, (92, 38): 165, (92, 111): 165, (93, 36): 165, (93, 113): 165, (94, 31): 165, (94, 118): 165, (97, 58): 55, (97, 91): 55, (99, 72): 5, (99, 77): 5, (101, 69): 33, (101, 80): 33, (102, 49): 11, (102, 100): 11, (104, 62): 5, (104, 87): 5, (106, 66): 165, (106, 83): 165, (113, 71): 33, (113, 78): 33, (114, 17): 165, (114, 132): 165, (115, 63): 165, (115, 86): 165, (116, 12): 55, (116, 137): 55, (117, 12): 33, (117, 137): 33, (123, 14): 15, (123, 135): 15, (125, 21): 165, (125, 128): 165, (126, 11): 33, (126, 138): 33, (127, 40): 33, (127, 109): 33, (128, 50): 165, (128, 99): 165, (129, 61): 165, (129, 88): 165, (130, 59): 11, (130, 90): 11, (132, 70): 165, (132, 79): 165, (134, 10): 165, (134, 139): 165, (135, 63): 165, (135, 86): 165, (136, 30): 165, (136, 119): 165, (138, 14): 55, (138, 135): 55, (141, 1): 11, (141, 148): 11, (142, 32): 165, (142, 117): 165, (143, 51): 165, (143, 98): 165, (144, 62): 55, (144, 87): 55, (145, 17): 55, (145, 132): 55, (147, 50): 165, (147, 99): 165}
 
151, 165, True, 3.0, 55
{'infinity': 1, (0, 71): 165, (0, 80): 165, (1, 25): 165, (1, 126): 165, (4, 11): 55, (4, 140): 55, (5, 12): 11, (5, 139): 11, (10, 15): 165, (10, 136): 165, (13, 10): 55, (13, 141): 55, (14, 55): 165, (14, 96): 165, (15, 30): 15, (15, 121): 15, (17, 61): 165, (17, 90): 165, (18, 26): 165, (18, 125): 165, (19, 2): 15, (19, 149): 15, (20, 72): 33, (20, 79): 33, (22, 31): 11, (22, 120): 11, (25, 29): 55, (25, 122): 55, (26, 6): 55, (26, 145): 55, (29, 53): 55, (29, 98): 55, (30, 61): 5, (30, 90): 5, (33, 39): 33, (33, 112): 33, (34, 13): 33, (34, 138): 33, (35, 57): 165, (35, 94): 165, (38, 33): 55, (38, 118): 55, (39, 45): 55, (39, 106): 55, (45, 9): 165, (45, 142): 165, (47, 64): 55, (47, 87): 55, (51, 55): 55, (51, 96): 55, (52, 26): 165, (52, 125): 165, (54, 53): 165, (54, 98): 165, (55, 31): 165, (55, 120): 165, (56, 54): 55, (56, 97): 55, (58, 21): 165, (58, 130): 165, (59, 10): 165, (59, 141): 165, (62, 35): 165, (62, 116): 165, (64, 72): 165, (64, 79): 165, (67, 72): 55, (67, 79): 55, (68, 53): 165, (68, 98): 165, (70, 73): 33, (70, 78): 33, (72, 4): 165, (72, 147): 165, (73, 63): 11, (73, 88): 11, (74, 31): 165, (74, 120): 165, (75, 71): 165, (75, 80): 165, (76, 71): 55, (76, 80): 55, (79, 10): 165, (79, 141): 165, (80, 65): 165, (80, 86): 165, (81, 26): 33, (81, 125): 33, (82, 28): 165, (82, 123): 165, (83, 5): 11, (83, 146): 11, (86, 55): 165, (86, 96): 165, (88, 14): 165, (88, 137): 165, (89, 34): 15, (89, 117): 15, (92, 4): 165, (92, 147): 165, (93, 66): 55, (93, 85): 55, (94, 63): 33, (94, 88): 33, (95, 62): 11, (95, 89): 11, (97, 5): 165, (97, 146): 165, (98, 32): 165, (98, 119): 165, (99, 73): 165, (99, 78): 165, (102, 36): 55, (102, 115): 55, (103, 37): 33, (103, 114): 33, (104, 61): 165, (104, 90): 165, (107, 7): 55, (107, 144): 55, (113, 50): 165, (113, 101): 165, (114, 43): 33, (114, 108): 33, (116, 75): 165, (116, 76): 165, (117, 20): 55, (117, 131): 55, (118, 16): 55, (118, 135): 55, (121, 64): 165, (121, 87): 165, (122, 5): 15, (122, 146): 15, (123, 59): 165, (123, 92): 165, (124, 27): 165, (124, 124): 165, (125, 69): 165, (125, 82): 165, (128, 40): 165, (128, 111): 165, (133, 73): 55, (133, 78): 55, (134, 64): 33, (134, 87): 33, (135, 63): 33, (135, 88): 33, (138, 4): 5, (138, 147): 5, (139, 30): 165, (139, 121): 165, (141, 58): 165, (141, 93): 165, (142, 44): 3, (142, 107): 3, (143, 1): 55, (143, 150): 55, (146, 24): 165, (146, 127): 165, (148, 30): 165, (148, 121): 165, (150, 47): 55, (150, 104): 55}
 
157, 171, True, 3.0, 57
{'infinity': 1, (0, 10): 171, (0, 147): 171, (2, 63): 57, (2, 94): 57, (3, 38): 19, (3, 119): 19, (4, 6): 171, (4, 151): 171, (6, 76): 57, (6, 81): 57, (8, 55): 57, (8, 102): 57, (12, 38): 19, (12, 119): 19, (13, 25): 171, (13, 132): 171, (15, 13): 171, (15, 144): 171, (19, 68): 171, (19, 89): 171, (20, 9): 171, (20, 148): 171, (22, 56): 57, (22, 101): 57, (25, 18): 171, (25, 139): 171, (28, 78): 9, (28, 79): 9, (29, 47): 57, (29, 110): 57, (31, 47): 171, (31, 110): 171, (32, 75): 57, (32, 82): 57, (33, 21): 171, (33, 136): 171, (35, 67): 171, (35, 90): 171, (39, 9): 171, (39, 148): 171, (41, 55): 171, (41, 102): 171, (42, 56): 171, (42, 101): 171, (45, 74): 171, (45, 83): 171, (46, 42): 171, (46, 115): 171, (49, 1): 171, (49, 156): 171, (52, 16): 9, (52, 141): 9, (57, 67): 57, (57, 90): 57, (58, 51): 57, (58, 106): 57, (61, 73): 19, (61, 84): 19, (63, 68): 171, (63, 89): 171, (64, 19): 171, (64, 138): 171, (65, 67): 171, (65, 90): 171, (66, 23): 19, (66, 134): 19, (67, 24): 171, (67, 133): 171, (70, 22): 9, (70, 135): 9, (73, 54): 171, (73, 103): 171, (75, 68): 171, (75, 89): 171, (76, 59): 57, (76, 98): 57, (78, 34): 171, (78, 123): 171, (79, 65): 57, (79, 92): 57, (80, 46): 171, (80, 111): 171, (81, 4): 171, (81, 153): 171, (83, 48): 171, (83, 109): 171, (84, 61): 171, (84, 96): 171, (85, 33): 171, (85, 124): 171, (87, 40): 171, (87, 117): 171, (89, 66): 171, (89, 91): 171, (93, 56): 171, (93, 101): 171, (96, 44): 171, (96, 113): 171, (97, 47): 171, (97, 110): 171, (98, 9): 171, (98, 148): 171, (99, 41): 57, (99, 116): 57, (101, 46): 171, (101, 111): 171, (103, 39): 171, (103, 118): 171, (105, 27): 171, (105, 130): 171, (106, 31): 57, (106, 126): 57, (108, 55): 171, (108, 102): 171, (110, 50): 57, (110, 107): 57, (115, 19): 171, (115, 138): 171, (116, 1): 171, (116, 156): 171, (119, 74): 171, (119, 83): 171, (120, 20): 171, (120, 137): 171, (121, 35): 171, (121, 122): 171, (123, 52): 19, (123, 105): 19, (127, 43): 171, (127, 114): 171, (129, 32): 171, (129, 125): 171, (130, 11): 19, (130, 146): 19, (132, 70): 171, (132, 87): 171, (133, 46): 171, (133, 111): 171, (134, 75): 57, (134, 82): 57, (135, 19): 171, (135, 138): 171, (136, 60): 57, (136, 97): 57, (139, 5): 171, (139, 152): 171, (140, 21): 171, (140, 136): 171, (141, 21): 57, (141, 136): 57, (142, 38): 19, (142, 119): 19, (144, 49): 171, (144, 108): 171, (145, 13): 57, (145, 144): 57, (147, 26): 171, (147, 131): 171, (148, 75): 3, (148, 82): 3, (149, 1): 57, (149, 156): 57, (150, 74): 19, (150, 83): 19, (151, 62): 171, (151, 95): 171, (154, 13): 171, (154, 144): 171, (155, 28): 19, (155, 129): 19}
 
163, 144, False, 6.0, 24
{'infinity': 1, (3, 55): 24, (3, 108): 24, (6, 56): 24, (6, 107): 24, (7, 38): 24, (7, 125): 24, (11, 32): 6, (11, 131): 6, (12, 55): 24, (12, 108): 24, (14, 27): 12, (14, 136): 12, (17, 7): 24, (17, 156): 24, (19, 65): 24, (19, 98): 24, (21, 50): 12, (21, 113): 12, (25, 11): 24, (25, 152): 24, (26, 47): 12, (26, 116): 12, (30, 49): 12, (30, 114): 12, (31, 73): 6, (31, 90): 6, (35, 78): 12, (35, 85): 12, (37, 66): 6, (37, 97): 6, (39, 16): 6, (39, 147): 6, (40, 64): 12, (40, 99): 12, (41, 29): 24, (41, 134): 24, (44, 20): 12, (44, 143): 12, (45, 11): 24, (45, 152): 24, (47, 78): 24, (47, 85): 24, (48, 73): 24, (48, 90): 24, (49, 61): 6, (49, 102): 6, (52, 14): 12, (52, 149): 12, (53, 17): 24, (53, 146): 24, (55, 72): 24, (55, 91): 24, (56, 50): 12, (56, 113): 12, (57, 57): 24, (57, 106): 24, (59, 20): 12, (59, 143): 12, (60, 20): 6, (60, 143): 6, (67, 59): 8, (67, 104): 8, (68, 3): 4, (68, 160): 4, (70, 0): 2, (72, 81): 4, (72, 82): 4, (73, 25): 24, (73, 138): 24, (75, 4): 6, (75, 159): 6, (80, 19): 24, (80, 144): 24, (81, 78): 24, (81, 85): 24, (84, 73): 24, (84, 90): 24, (85, 36): 24, (85, 127): 24, (86, 50): 3, (86, 113): 3, (87, 54): 24, (87, 109): 24, (89, 58): 8, (89, 105): 8, (92, 45): 24, (92, 118): 24, (93, 11): 12, (93, 152): 12, (98, 45): 24, (98, 118): 24, (99, 25): 24, (99, 138): 24, (100, 54): 24, (100, 109): 24, (103, 79): 24, (103, 84): 24, (104, 79): 24, (104, 84): 24, (106, 28): 12, (106, 135): 12, (110, 22): 3, (110, 141): 3, (111, 67): 6, (111, 96): 6, (117, 3): 24, (117, 160): 24, (118, 0): 2, (119, 79): 6, (119, 84): 6, (120, 51): 12, (120, 112): 12, (122, 62): 24, (122, 101): 24, (123, 10): 8, (123, 153): 8, (127, 15): 12, (127, 148): 12, (136, 45): 6, (136, 118): 6, (138, 0): 2, (139, 54): 3, (139, 109): 3, (140, 31): 24, (140, 132): 24, (141, 3): 24, (141, 160): 24, (143, 46): 24, (143, 117): 24, (144, 42): 12, (144, 121): 12, (148, 55): 6, (148, 108): 6, (153, 39): 12, (153, 124): 12, (154, 25): 3, (154, 138): 3, (155, 1): 24, (155, 162): 24, (156, 12): 8, (156, 151): 8, (162, 2): 6, (162, 161): 6}
 
167, 177, True, 3.0, 59
{'infinity': 1, (0, 62): 177, (0, 105): 177, (5, 39): 177, (5, 128): 177, (6, 33): 177, (6, 134): 177, (7, 5): 177, (7, 162): 177, (9, 37): 59, (9, 130): 59, (10, 68): 177, (10, 99): 177, (13, 54): 177, (13, 113): 177, (15, 83): 177, (15, 84): 177, (17, 37): 177, (17, 130): 177, (19, 76): 177, (19, 91): 177, (20, 81): 177, (20, 86): 177, (22, 67): 59, (22, 100): 59, (23, 59): 177, (23, 108): 177, (25, 81): 177, (25, 86): 177, (27, 80): 177, (27, 87): 177, (28, 56): 177, (28, 111): 177, (30, 25): 59, (30, 142): 59, (31, 80): 177, (31, 87): 177, (32, 62): 59, (32, 105): 59, (33, 12): 59, (33, 155): 59, (35, 58): 59, (35, 109): 59, (37, 57): 59, (37, 110): 59, (38, 76): 177, (38, 91): 177, (39, 66): 59, (39, 101): 59, (42, 45): 177, (42, 122): 177, (47, 33): 177, (47, 134): 177, (48, 34): 177, (48, 133): 177, (49, 26): 177, (49, 141): 177, (52, 32): 59, (52, 135): 59, (57, 24): 177, (57, 143): 177, (60, 64): 59, (60, 103): 59, (61, 5): 177, (61, 162): 177, (63, 1): 177, (63, 166): 177, (67, 23): 59, (67, 144): 59, (69, 26): 177, (69, 141): 177, (70, 68): 177, (70, 99): 177, (71, 59): 59, (71, 108): 59, (73, 59): 177, (73, 108): 177, (74, 36): 59, (74, 131): 59, (75, 35): 177, (75, 132): 177, (78, 79): 177, (78, 88): 177, (79, 18): 177, (79, 149): 177, (80, 15): 59, (80, 152): 59, (82, 53): 59, (82, 114): 59, (85, 6): 59, (85, 161): 59, (87, 68): 177, (87, 99): 177, (88, 4): 177, (88, 163): 177, (90, 78): 177, (90, 89): 177, (91, 78): 177, (91, 89): 177, (94, 52): 177, (94, 115): 177, (95, 9): 177, (95, 158): 177, (96, 52): 177, (96, 115): 177, (97, 15): 59, (97, 152): 59, (99, 5): 59, (99, 162): 59, (103, 11): 59, (103, 156): 59, (105, 43): 177, (105, 124): 177, (107, 69): 177, (107, 98): 177, (109, 80): 177, (109, 87): 177, (110, 76): 59, (110, 91): 59, (112, 1): 177, (112, 166): 177, (114, 33): 177, (114, 134): 177, (119, 55): 177, (119, 112): 177, (121, 47): 3, (121, 120): 3, (122, 81): 59, (122, 86): 59, (123, 17): 177, (123, 150): 177, (124, 44): 177, (124, 123): 177, (125, 73): 177, (125, 94): 177, (127, 3): 59, (127, 164): 59, (129, 24): 177, (129, 143): 177, (130, 40): 177, (130, 127): 177, (131, 8): 177, (131, 159): 177, (133, 58): 177, (133, 109): 177, (134, 14): 177, (134, 153): 177, (135, 62): 177, (135, 105): 177, (137, 7): 59, (137, 160): 59, (138, 48): 177, (138, 119): 177, (141, 37): 177, (141, 130): 177, (144, 52): 177, (144, 115): 177, (148, 24): 59, (148, 143): 59, (151, 10): 177, (151, 157): 177, (153, 78): 59, (153, 89): 59, (154, 51): 177, (154, 116): 177, (155, 83): 59, (155, 84): 59, (157, 15): 59, (157, 152): 59, (159, 1): 59, (159, 166): 59, (163, 19): 59, (163, 148): 59, (164, 83): 177, (164, 84): 177, (166, 58): 177, (166, 109): 177}
 
173, 165, True, 15.0, 11
{'infinity': 1, (1, 71): 165, (1, 102): 165, (2, 19): 55, (2, 154): 55, (5, 55): 33, (5, 118): 33, (6, 32): 33, (6, 141): 33, (8, 58): 165, (8, 115): 165, (10, 35): 5, (10, 138): 5, (14, 39): 165, (14, 134): 165, (15, 38): 165, (15, 135): 165, (16, 65): 55, (16, 108): 55, (17, 3): 165, (17, 170): 165, (18, 77): 11, (18, 96): 11, (24, 37): 165, (24, 136): 165, (25, 46): 165, (25, 127): 165, (29, 69): 33, (29, 104): 33, (30, 69): 55, (30, 104): 55, (32, 64): 55, (32, 109): 55, (34, 77): 165, (34, 96): 165, (35, 83): 165, (35, 90): 165, (40, 9): 165, (40, 164): 165, (41, 83): 15, (41, 90): 15, (44, 21): 165, (44, 152): 165, (45, 22): 165, (45, 151): 165, (50, 5): 3, (50, 168): 3, (52, 66): 165, (52, 107): 165, (56, 78): 33, (56, 95): 33, (58, 64): 15, (58, 109): 15, (60, 46): 55, (60, 127): 55, (61, 25): 5, (61, 148): 5, (66, 67): 55, (66, 106): 55, (71, 61): 165, (71, 112): 165, (73, 56): 165, (73, 117): 165, (74, 41): 55, (74, 132): 55, (75, 18): 33, (75, 155): 33, (76, 52): 55, (76, 121): 55, (77, 2): 55, (77, 171): 55, (78, 19): 165, (78, 154): 165, (79, 54): 165, (79, 119): 165, (83, 64): 165, (83, 109): 165, (84, 36): 33, (84, 137): 33, (85, 62): 165, (85, 111): 165, (87, 31): 55, (87, 142): 55, (88, 46): 165, (88, 127): 165, (92, 73): 165, (92, 100): 165, (93, 19): 165, (93, 154): 165, (97, 83): 165, (97, 90): 165, (98, 10): 55, (98, 163): 55, (100, 70): 55, (100, 103): 55, (102, 63): 33, (102, 110): 33, (106, 26): 165, (106, 147): 165, (108, 60): 55, (108, 113): 55, (109, 29): 33, (109, 144): 33, (113, 62): 165, (113, 111): 165, (114, 69): 15, (114, 104): 15, (117, 7): 165, (117, 166): 165, (119, 2): 33, (119, 171): 33, (121, 77): 165, (121, 96): 165, (124, 45): 165, (124, 128): 165, (128, 74): 165, (128, 99): 165, (131, 54): 55, (131, 119): 55, (132, 52): 55, (132, 121): 55, (134, 67): 165, (134, 106): 165, (136, 54): 165, (136, 119): 165, (137, 82): 165, (137, 91): 165, (138, 52): 55, (138, 121): 55, (139, 66): 33, (139, 107): 33, (140, 21): 165, (140, 152): 165, (145, 81): 165, (145, 92): 165, (146, 67): 15, (146, 106): 15, (147, 51): 11, (147, 122): 11, (148, 62): 11, (148, 111): 11, (150, 2): 165, (150, 171): 165, (153, 12): 165, (153, 161): 165, (155, 66): 165, (155, 107): 165, (160, 68): 55, (160, 105): 55, (161, 38): 55, (161, 135): 55, (162, 21): 165, (162, 152): 165, (163, 8): 55, (163, 165): 55, (165, 1): 11, (165, 172): 11, (167, 28): 165, (167, 145): 165, (168, 72): 55, (168, 101): 55, (170, 38): 165, (170, 135): 165, (172, 20): 11, (172, 153): 11}
 
179, 192, False, 12.0, 16
{'infinity': 1, (0, 84): 48, (0, 95): 48, (1, 31): 96, (1, 148): 96, (6, 54): 32, (6, 125): 32, (7, 13): 48, (7, 166): 48, (8, 68): 48, (8, 111): 48, (9, 78): 96, (9, 101): 96, (10, 59): 96, (10, 120): 96, (11, 36): 96, (11, 143): 96, (13, 50): 16, (13, 129): 16, (14, 50): 48, (14, 129): 48, (19, 11): 96, (19, 168): 96, (22, 11): 32, (22, 168): 32, (23, 52): 24, (23, 127): 24, (25, 45): 96, (25, 134): 96, (27, 48): 96, (27, 131): 96, (28, 25): 48, (28, 154): 48, (29, 3): 96, (29, 176): 96, (32, 53): 8, (32, 126): 8, (33, 47): 16, (33, 132): 16, (34, 14): 96, (34, 165): 96, (35, 78): 96, (35, 101): 96, (37, 43): 32, (37, 136): 32, (38, 35): 96, (38, 144): 96, (41, 71): 32, (41, 108): 32, (47, 18): 32, (47, 161): 32, (49, 40): 6, (49, 139): 6, (53, 63): 12, (53, 116): 12, (54, 4): 12, (54, 175): 12, (55, 44): 96, (55, 135): 96, (57, 68): 96, (57, 111): 96, (59, 25): 96, (59, 154): 96, (60, 73): 24, (60, 106): 24, (63, 18): 8, (63, 161): 8, (64, 66): 96, (64, 113): 96, (65, 1): 48, (65, 178): 48, (66, 42): 32, (66, 137): 32, (69, 18): 32, (69, 161): 32, (71, 23): 32, (71, 156): 32, (74, 52): 96, (74, 127): 96, (75, 27): 48, (75, 152): 48, (79, 49): 8, (79, 130): 8, (80, 87): 4, (80, 92): 4, (82, 52): 96, (82, 127): 96, (83, 77): 32, (83, 102): 32, (86, 0): 2, (89, 46): 4, (89, 133): 4, (90, 19): 16, (90, 160): 16, (92, 25): 32, (92, 154): 32, (98, 0): 2, (100, 75): 48, (100, 104): 48, (101, 37): 3, (101, 142): 3, (102, 15): 6, (102, 164): 6, (103, 87): 24, (103, 92): 24, (106, 24): 24, (106, 155): 24, (107, 15): 96, (107, 164): 96, (108, 64): 16, (108, 115): 16, (110, 30): 32, (110, 149): 32, (111, 17): 48, (111, 162): 48, (114, 68): 32, (114, 111): 32, (116, 30): 96, (116, 149): 96, (118, 26): 96, (118, 153): 96, (119, 38): 96, (119, 141): 96, (121, 37): 96, (121, 142): 96, (122, 1): 24, (122, 178): 24, (123, 9): 32, (123, 170): 32, (124, 2): 96, (124, 177): 96, (127, 12): 96, (127, 167): 96, (128, 6): 24, (128, 173): 24, (130, 55): 32, (130, 124): 32, (131, 76): 48, (131, 103): 48, (132, 30): 48, (132, 149): 48, (134, 42): 16, (134, 137): 16, (135, 78): 12, (135, 101): 12, (136, 37): 96, (136, 142): 96, (137, 79): 16, (137, 100): 16, (138, 11): 48, (138, 168): 48, (139, 60): 96, (139, 119): 96, (146, 39): 8, (146, 140): 8, (148, 32): 96, (148, 147): 96, (149, 15): 96, (149, 164): 96, (150, 61): 16, (150, 118): 16, (152, 50): 6, (152, 129): 6, (155, 51): 96, (155, 128): 96, (157, 71): 96, (157, 108): 96, (158, 42): 32, (158, 137): 32, (159, 35): 32, (159, 144): 32, (160, 71): 48, (160, 108): 48, (161, 35): 48, (161, 144): 48, (163, 16): 24, (163, 163): 24, (165, 48): 96, (165, 131): 96, (166, 48): 12, (166, 131): 12, (168, 69): 48, (168, 110): 48, (169, 41): 48, (169, 138): 48, (171, 1): 16, (171, 178): 16, (174, 0): 2, (175, 87): 24, (175, 92): 24, (177, 83): 96, (177, 96): 96}
 
181, 180, False, 30.0, 6
{'infinity': 1, (0, 79): 15, (0, 102): 15, (1, 73): 15, (1, 108): 15, (2, 21): 10, (2, 160): 10, (4, 32): 30, (4, 149): 30, (5, 57): 6, (5, 124): 6, (7, 66): 30, (7, 115): 30, (9, 54): 30, (9, 127): 30, (10, 37): 30, (10, 144): 30, (14, 2): 30, (14, 179): 30, (16, 39): 30, (16, 142): 30, (20, 12): 30, (20, 169): 30, (24, 12): 30, (24, 169): 30, (26, 21): 6, (26, 160): 6, (30, 56): 6, (30, 125): 6, (35, 50): 5, (35, 131): 5, (36, 32): 30, (36, 149): 30, (37, 44): 15, (37, 137): 15, (40, 69): 30, (40, 112): 30, (41, 9): 30, (41, 172): 30, (42, 57): 15, (42, 124): 15, (46, 43): 30, (46, 138): 30, (49, 31): 30, (49, 150): 30, (52, 2): 10, (52, 179): 10, (54, 83): 30, (54, 98): 30, (55, 81): 10, (55, 100): 10, (59, 37): 30, (59, 144): 30, (60, 6): 30, (60, 175): 30, (66, 52): 30, (66, 129): 30, (68, 11): 15, (68, 170): 15, (70, 16): 6, (70, 165): 6, (71, 90): 30, (71, 91): 30, (72, 73): 6, (72, 108): 6, (73, 53): 15, (73, 128): 15, (74, 33): 30, (74, 148): 30, (76, 39): 30, (76, 142): 30, (77, 80): 6, (77, 101): 6, (80, 22): 30, (80, 159): 30, (82, 4): 6, (82, 177): 6, (86, 67): 30, (86, 114): 30, (88, 64): 15, (88, 117): 15, (89, 39): 30, (89, 142): 30, (92, 61): 30, (92, 120): 30, (93, 28): 30, (93, 153): 30, (94, 45): 30, (94, 136): 30, (95, 36): 30, (95, 145): 30, (97, 58): 15, (97, 123): 15, (100, 23): 30, (100, 158): 30, (101, 41): 3, (101, 140): 3, (102, 0): 2, (105, 61): 15, (105, 120): 15, (106, 19): 15, (106, 162): 15, (108, 73): 30, (108, 108): 30, (109, 53): 6, (109, 128): 6, (110, 20): 30, (110, 161): 30, (111, 68): 30, (111, 113): 30, (112, 37): 30, (112, 144): 30, (114, 35): 15, (114, 146): 15, (115, 2): 30, (115, 179): 30, (116, 4): 3, (116, 177): 3, (117, 0): 2, (118, 18): 15, (118, 163): 15, (120, 5): 30, (120, 176): 30, (121, 89): 30, (121, 92): 30, (123, 75): 10, (123, 106): 10, (126, 55): 30, (126, 126): 30, (129, 52): 15, (129, 129): 15, (131, 14): 15, (131, 167): 15, (133, 17): 6, (133, 164): 6, (134, 57): 30, (134, 124): 30, (135, 42): 10, (135, 139): 10, (136, 33): 30, (136, 148): 30, (137, 12): 30, (137, 169): 30, (141, 32): 30, (141, 149): 30, (143, 0): 2, (144, 49): 5, (144, 132): 5, (145, 69): 6, (145, 112): 6, (146, 82): 15, (146, 99): 15, (152, 33): 30, (152, 148): 30, (153, 21): 30, (153, 160): 30, (154, 63): 3, (154, 118): 3, (160, 15): 30, (160, 166): 30, (164, 4): 6, (164, 177): 6, (165, 61): 30, (165, 120): 30, (167, 52): 30, (167, 129): 30, (168, 85): 30, (168, 96): 30, (170, 78): 10, (170, 103): 10, (172, 71): 3, (172, 110): 3, (173, 1): 6, (173, 180): 6, (175, 10): 30, (175, 171): 30, (177, 69): 15, (177, 112): 15, (180, 53): 30, (180, 128): 30}
 
191, 207, True, 3.0, 69
{'infinity': 1, (0, 23): 69, (0, 168): 69, (1, 36): 207, (1, 155): 207, (3, 84): 23, (3, 107): 23, (6, 39): 207, (6, 152): 207, (8, 22): 207, (8, 169): 207, (9, 43): 23, (9, 148): 23, (11, 78): 207, (11, 113): 207, (12, 84): 207, (12, 107): 207, (13, 90): 69, (13, 101): 69, (14, 93): 207, (14, 98): 207, (17, 74): 69, (17, 117): 69, (23, 30): 23, (23, 161): 23, (25, 55): 207, (25, 136): 207, (26, 48): 207, (26, 143): 207, (27, 28): 69, (27, 163): 69, (30, 64): 207, (30, 127): 207, (31, 83): 207, (31, 108): 207, (33, 54): 207, (33, 137): 207, (35, 58): 69, (35, 133): 69, (36, 56): 23, (36, 135): 23, (37, 91): 207, (37, 100): 207, (40, 54): 23, (40, 137): 23, (41, 77): 69, (41, 114): 69, (42, 28): 207, (42, 163): 207, (45, 8): 69, (45, 183): 69, (47, 55): 207, (47, 136): 207, (52, 61): 207, (52, 130): 207, (53, 36): 207, (53, 155): 207, (54, 12): 207, (54, 179): 207, (55, 56): 207, (55, 135): 207, (57, 39): 207, (57, 152): 207, (59, 74): 207, (59, 117): 207, (62, 68): 207, (62, 123): 207, (66, 79): 69, (66, 112): 69, (68, 86): 69, (68, 105): 69, (70, 92): 9, (70, 99): 9, (71, 71): 9, (71, 120): 9, (72, 33): 207, (72, 158): 207, (73, 25): 207, (73, 166): 207, (74, 44): 207, (74, 147): 207, (77, 41): 207, (77, 150): 207, (80, 42): 207, (80, 149): 207, (81, 31): 69, (81, 160): 69, (86, 66): 207, (86, 125): 207, (87, 16): 207, (87, 175): 207, (91, 65): 23, (91, 126): 23, (92, 11): 207, (92, 180): 207, (94, 32): 207, (94, 159): 207, (96, 73): 69, (96, 118): 69, (97, 15): 207, (97, 176): 207, (98, 67): 207, (98, 124): 207, (100, 56): 207, (100, 135): 207, (102, 73): 207, (102, 118): 207, (106, 47): 207, (106, 144): 207, (108, 95): 69, (108, 96): 69, (109, 37): 3, (109, 154): 3, (110, 80): 207, (110, 111): 207, (115, 74): 207, (115, 117): 207, (117, 29): 23, (117, 162): 23, (118, 54): 207, (118, 137): 207, (119, 55): 69, (119, 136): 69, (121, 59): 207, (121, 132): 207, (122, 28): 207, (122, 163): 207, (123, 27): 23, (123, 164): 23, (124, 71): 69, (124, 120): 69, (126, 94): 207, (126, 97): 207, (127, 51): 207, (127, 140): 207, (128, 39): 69, (128, 152): 69, (131, 95): 207, (131, 96): 207, (133, 11): 207, (133, 180): 207, (136, 65): 23, (136, 126): 23, (137, 36): 207, (137, 155): 207, (138, 12): 207, (138, 179): 207, (143, 95): 207, (143, 96): 207, (144, 33): 207, (144, 158): 207, (145, 79): 9, (145, 112): 9, (146, 82): 207, (146, 109): 207, (148, 34): 207, (148, 157): 207, (151, 25): 207, (151, 166): 207, (153, 4): 207, (153, 187): 207, (155, 65): 23, (155, 126): 23, (156, 69): 207, (156, 122): 207, (157, 11): 69, (157, 180): 69, (158, 25): 207, (158, 166): 207, (160, 89): 207, (160, 102): 207, (161, 20): 69, (161, 171): 69, (163, 88): 23, (163, 103): 23, (166, 33): 207, (166, 158): 207, (167, 72): 69, (167, 119): 69, (168, 85): 207, (168, 106): 207, (170, 48): 69, (170, 143): 69, (171, 79): 207, (171, 112): 207, (173, 3): 207, (173, 188): 207, (175, 52): 207, (175, 139): 207, (176, 84): 207, (176, 107): 207, (177, 7): 69, (177, 184): 69, (178, 5): 207, (178, 186): 207, (183, 1): 69, (183, 190): 69, (184, 73): 207, (184, 118): 207, (186, 48): 207, (186, 143): 207, (187, 71): 207, (187, 120): 207, (189, 53): 69, (189, 138): 69, (190, 12): 207, (190, 179): 207}
 
193, 183, True, 3.0, 61
{'infinity': 1, (2, 91): 61, (2, 102): 61, (4, 25): 61, (4, 168): 61, (7, 12): 183, (7, 181): 183, (8, 33): 61, (8, 160): 61, (13, 51): 183, (13, 142): 183, (14, 8): 183, (14, 185): 183, (26, 58): 61, (26, 135): 61, (28, 75): 61, (28, 118): 61, (33, 41): 183, (33, 152): 183, (37, 89): 183, (37, 104): 183, (39, 24): 183, (39, 169): 183, (40, 67): 183, (40, 126): 183, (41, 27): 61, (41, 166): 61, (42, 66): 61, (42, 127): 61, (43, 69): 61, (43, 124): 61, (45, 91): 183, (45, 102): 183, (46, 54): 183, (46, 139): 183, (47, 23): 183, (47, 170): 183, (48, 57): 183, (48, 136): 183, (49, 9): 61, (49, 184): 61, (52, 49): 183, (52, 144): 183, (53, 32): 183, (53, 161): 183, (55, 52): 183, (55, 141): 183, (57, 53): 183, (57, 140): 183, (58, 90): 183, (58, 103): 183, (59, 6): 183, (59, 187): 183, (60, 25): 183, (60, 168): 183, (62, 90): 61, (62, 103): 61, (63, 41): 183, (63, 152): 183, (67, 66): 183, (67, 127): 183, (69, 74): 183, (69, 119): 183, (70, 51): 183, (70, 142): 183, (73, 90): 183, (73, 103): 183, (74, 46): 61, (74, 147): 61, (75, 67): 61, (75, 126): 61, (77, 13): 61, (77, 180): 61, (78, 67): 183, (78, 126): 183, (80, 8): 183, (80, 185): 183, (81, 4): 61, (81, 189): 61, (84, 66): 183, (84, 127): 183, (85, 43): 183, (85, 150): 183, (87, 84): 61, (87, 109): 61, (89, 29): 183, (89, 164): 183, (90, 65): 61, (90, 128): 61, (91, 64): 183, (91, 129): 183, (96, 48): 61, (96, 145): 61, (97, 41): 61, (97, 152): 61, (98, 17): 61, (98, 176): 61, (99, 8): 61, (99, 185): 61, (104, 40): 183, (104, 153): 183, (110, 51): 183, (110, 142): 183, (112, 63): 183, (112, 130): 183, (114, 43): 183, (114, 150): 183, (115, 70): 183, (115, 123): 183, (117, 95): 61, (117, 98): 61, (118, 70): 61, (118, 123): 61, (120, 18): 183, (120, 175): 183, (122, 65): 183, (122, 128): 183, (127, 82): 183, (127, 111): 183, (129, 25): 183, (129, 168): 183, (130, 48): 183, (130, 145): 183, (131, 18): 183, (131, 175): 183, (132, 45): 61, (132, 148): 61, (135, 18): 183, (135, 175): 183, (136, 37): 183, (136, 156): 183, (143, 71): 183, (143, 122): 183, (145, 93): 183, (145, 100): 183, (146, 91): 183, (146, 102): 183, (148, 23): 183, (148, 170): 183, (150, 31): 61, (150, 162): 61, (152, 19): 183, (152, 174): 183, (153, 70): 183, (153, 123): 183, (154, 30): 183, (154, 163): 183, (157, 79): 183, (157, 114): 183, (160, 48): 183, (160, 145): 183, (163, 32): 61, (163, 161): 61, (164, 92): 61, (164, 101): 61, (165, 26): 183, (165, 167): 183, (166, 61): 183, (166, 132): 183, (167, 87): 183, (167, 106): 183, (168, 35): 183, (168, 158): 183, (170, 32): 183, (170, 161): 183, (173, 68): 61, (173, 125): 61, (174, 65): 183, (174, 128): 183, (176, 14): 183, (176, 179): 183, (183, 85): 183, (183, 108): 183, (184, 72): 3, (184, 121): 3, (185, 1): 61, (185, 192): 61, (187, 43): 183, (187, 150): 183, (188, 20): 61, (188, 173): 61, (191, 23): 61, (191, 170): 61}
 
197, 204, False, 12.0, 17
{'infinity': 1, (2, 73): 17, (2, 124): 17, (3, 49): 34, (3, 148): 34, (6, 29): 17, (6, 168): 17, (7, 42): 102, (7, 155): 102, (8, 94): 34, (8, 103): 34, (9, 14): 102, (9, 183): 102, (10, 9): 102, (10, 188): 102, (11, 82): 6, (11, 115): 6, (12, 49): 34, (12, 148): 34, (15, 59): 34, (15, 138): 34, (21, 64): 34, (21, 133): 34, (22, 70): 34, (22, 127): 34, (24, 58): 102, (24, 139): 102, (25, 53): 102, (25, 144): 102, (26, 51): 102, (26, 146): 102, (30, 51): 102, (30, 146): 102, (31, 9): 102, (31, 188): 102, (33, 50): 102, (33, 147): 102, (37, 75): 102, (37, 122): 102, (41, 65): 51, (41, 132): 51, (44, 40): 102, (44, 157): 102, (45, 76): 17, (45, 121): 17, (46, 61): 51, (46, 136): 51, (47, 13): 34, (47, 184): 34, (48, 53): 102, (48, 144): 102, (49, 40): 102, (49, 157): 102, (51, 55): 102, (51, 142): 102, (52, 67): 102, (52, 130): 102, (53, 54): 17, (53, 143): 17, (54, 26): 102, (54, 171): 102, (57, 88): 51, (57, 109): 51, (58, 27): 6, (58, 170): 6, (59, 13): 102, (59, 184): 102, (60, 95): 102, (60, 102): 102, (63, 97): 34, (63, 100): 34, (64, 89): 6, (64, 108): 6, (66, 28): 34, (66, 169): 34, (68, 64): 34, (68, 133): 34, (70, 61): 34, (70, 136): 34, (72, 62): 34, (72, 135): 34, (75, 68): 102, (75, 129): 102, (76, 76): 34, (76, 121): 34, (79, 70): 102, (79, 127): 102, (81, 61): 102, (81, 136): 102, (82, 4): 34, (82, 193): 34, (86, 82): 102, (86, 115): 102, (87, 90): 17, (87, 107): 17, (88, 98): 102, (88, 99): 102, (91, 13): 51, (91, 184): 51, (96, 70): 51, (96, 127): 51, (97, 52): 51, (97, 145): 51, (98, 41): 102, (98, 156): 102, (99, 8): 51, (99, 189): 51, (100, 82): 102, (100, 115): 102, (103, 37): 102, (103, 160): 102, (104, 40): 34, (104, 157): 34, (106, 0): 2, (108, 64): 34, (108, 133): 34, (110, 46): 3, (110, 151): 3, (111, 52): 102, (111, 145): 102, (113, 34): 17, (113, 163): 17, (116, 83): 51, (116, 114): 51, (117, 48): 102, (117, 149): 102, (119, 34): 102, (119, 163): 102, (122, 43): 51, (122, 154): 51, (123, 37): 34, (123, 160): 34, (124, 53): 102, (124, 144): 102, (126, 21): 102, (126, 176): 102, (127, 83): 102, (127, 114): 102, (128, 30): 51, (128, 167): 51, (130, 57): 102, (130, 140): 102, (131, 31): 51, (131, 166): 51, (134, 77): 51, (134, 120): 51, (137, 3): 102, (137, 194): 102, (138, 0): 2, (141, 51): 102, (141, 146): 102, (150, 0): 2, (151, 83): 34, (151, 114): 34, (155, 15): 102, (155, 182): 102, (156, 9): 102, (156, 188): 102, (157, 26): 51, (157, 171): 51, (160, 81): 51, (160, 116): 51, (162, 34): 102, (162, 163): 102, (163, 91): 102, (163, 106): 102, (164, 69): 34, (164, 128): 34, (166, 65): 17, (166, 132): 17, (168, 37): 102, (168, 160): 102, (170, 56): 102, (170, 141): 102, (173, 96): 34, (173, 101): 34, (177, 10): 34, (177, 187): 34, (180, 16): 102, (180, 181): 102, (181, 80): 102, (181, 117): 102, (182, 49): 34, (182, 148): 34, (183, 26): 34, (183, 171): 34, (184, 7): 102, (184, 190): 102, (185, 59): 102, (185, 138): 102, (186, 52): 102, (186, 145): 102, (187, 65): 51, (187, 132): 51, (189, 1): 17, (189, 196): 17, (190, 93): 34, (190, 104): 34, (191, 71): 51, (191, 126): 51, (194, 59): 102, (194, 138): 102, (196, 78): 102, (196, 119): 102}
 
199, 204, False, 12.0, 17
{'infinity': 1, (1, 87): 34, (1, 112): 34, (3, 75): 34, (3, 124): 34, (4, 10): 34, (4, 189): 34, (12, 75): 102, (12, 124): 102, (14, 33): 102, (14, 166): 102, (17, 30): 34, (17, 169): 34, (19, 94): 102, (19, 105): 102, (21, 78): 102, (21, 121): 102, (24, 54): 34, (24, 145): 34, (26, 11): 102, (26, 188): 102, (27, 7): 6, (27, 192): 6, (28, 61): 102, (28, 138): 102, (30, 86): 34, (30, 113): 34, (32, 99): 17, (32, 100): 17, (33, 29): 34, (33, 170): 34, (38, 18): 34, (38, 181): 34, (39, 76): 34, (39, 123): 34, (44, 99): 51, (44, 100): 51, (45, 35): 102, (45, 164): 102, (47, 49): 51, (47, 150): 51, (48, 15): 102, (48, 184): 102, (49, 39): 102, (49, 160): 102, (50, 46): 102, (50, 153): 102, (51, 15): 102, (51, 184): 102, (52, 86): 102, (52, 113): 102, (54, 81): 34, (54, 118): 34, (56, 16): 34, (56, 183): 34, (57, 93): 102, (57, 106): 102, (59, 0): 2, (61, 54): 102, (61, 145): 102, (62, 12): 102, (62, 187): 102, (63, 27): 51, (63, 172): 51, (64, 10): 102, (64, 189): 102, (66, 0): 2, (68, 84): 17, (68, 115): 17, (69, 7): 102, (69, 192): 102, (70, 53): 102, (70, 146): 102, (72, 21): 102, (72, 178): 102, (74, 0): 2, (75, 12): 51, (75, 187): 51, (77, 14): 102, (77, 185): 102, (78, 64): 102, (78, 135): 102, (79, 92): 51, (79, 107): 51, (80, 42): 102, (80, 157): 102, (81, 11): 102, (81, 188): 102, (82, 77): 17, (82, 122): 17, (83, 17): 102, (83, 182): 102, (84, 91): 17, (84, 108): 17, (85, 85): 34, (85, 114): 34, (86, 50): 34, (86, 149): 34, (89, 20): 34, (89, 179): 34, (92, 11): 51, (92, 188): 51, (94, 59): 51, (94, 140): 51, (98, 36): 102, (98, 163): 102, (99, 31): 17, (99, 168): 17, (100, 15): 102, (100, 184): 102, (101, 41): 34, (101, 158): 34, (102, 34): 51, (102, 165): 51, (103, 7): 34, (103, 192): 34, (104, 82): 102, (104, 117): 102, (106, 96): 51, (106, 103): 51, (107, 95): 102, (107, 104): 102, (108, 83): 102, (108, 116): 102, (109, 25): 51, (109, 174): 51, (113, 26): 102, (113, 173): 102, (114, 54): 102, (114, 145): 102, (117, 86): 51, (117, 113): 51, (118, 95): 102, (118, 104): 102, (123, 99): 51, (123, 100): 51, (124, 68): 17, (124, 131): 17, (126, 17): 102, (126, 182): 102, (128, 42): 34, (128, 157): 34, (131, 10): 51, (131, 189): 51, (135, 84): 102, (135, 115): 102, (137, 68): 34, (137, 131): 34, (138, 85): 51, (138, 114): 51, (144, 80): 34, (144, 119): 34, (147, 77): 102, (147, 122): 102, (148, 31): 102, (148, 168): 102, (149, 57): 6, (149, 142): 6, (150, 62): 102, (150, 137): 102, (151, 31): 102, (151, 168): 102, (152, 24): 102, (152, 175): 102, (154, 89): 102, (154, 110): 102, (156, 16): 34, (156, 183): 34, (158, 64): 102, (158, 135): 102, (159, 79): 102, (159, 120): 102, (161, 71): 34, (161, 128): 34, (162, 64): 34, (162, 135): 34, (169, 77): 102, (169, 122): 102, (171, 98): 102, (171, 101): 102, (173, 95): 34, (173, 104): 34, (175, 85): 102, (175, 114): 102, (180, 67): 51, (180, 132): 51, (184, 75): 102, (184, 124): 102, (186, 16): 34, (186, 183): 34, (189, 17): 17, (189, 182): 17, (190, 42): 3, (190, 157): 3, (191, 1): 17, (191, 198): 17, (192, 58): 102, (192, 141): 102, (194, 47): 102, (194, 152): 102, (195, 84): 6, (195, 115): 6, (198, 69): 51, (198, 130): 51}
 
211, 195, True, 15.0, 13
{'infinity': 1, (0, 30): 195, (0, 181): 195, (1, 76): 195, (1, 135): 195, (4, 29): 65, (4, 182): 65, (5, 49): 65, (5, 162): 65, (6, 68): 195, (6, 143): 195, (9, 75): 195, (9, 136): 195, (14, 24): 195, (14, 187): 195, (16, 101): 65, (16, 110): 65, (20, 30): 195, (20, 181): 195, (21, 101): 195, (21, 110): 195, (22, 65): 65, (22, 146): 65, (23, 51): 65, (23, 160): 65, (26, 67): 65, (26, 144): 65, (28, 70): 39, (28, 141): 39, (29, 94): 65, (29, 117): 65, (33, 65): 15, (33, 146): 15, (35, 92): 195, (35, 119): 195, (42, 95): 195, (42, 116): 195, (44, 72): 195, (44, 139): 195, (46, 17): 195, (46, 194): 195, (47, 62): 195, (47, 149): 195, (49, 74): 15, (49, 137): 15, (50, 20): 195, (50, 191): 195, (51, 104): 195, (51, 107): 195, (52, 4): 39, (52, 207): 39, (53, 17): 195, (53, 194): 195, (54, 6): 65, (54, 205): 65, (55, 23): 65, (55, 188): 65, (60, 62): 195, (60, 149): 195, (62, 91): 195, (62, 120): 195, (63, 71): 65, (63, 140): 65, (64, 51): 195, (64, 160): 195, (65, 40): 195, (65, 171): 195, (68, 31): 65, (68, 180): 65, (69, 76): 5, (69, 135): 5, (71, 14): 13, (71, 197): 13, (74, 10): 195, (74, 201): 195, (76, 66): 65, (76, 145): 65, (81, 90): 195, (81, 121): 195, (83, 63): 195, (83, 148): 195, (86, 28): 65, (86, 183): 65, (87, 26): 195, (87, 185): 195, (96, 55): 195, (96, 156): 195, (97, 38): 195, (97, 173): 195, (99, 33): 13, (99, 178): 13, (100, 46): 195, (100, 165): 195, (103, 35): 195, (103, 176): 195, (104, 62): 39, (104, 149): 39, (106, 58): 15, (106, 153): 15, (107, 53): 195, (107, 158): 195, (109, 39): 65, (109, 172): 65, (112, 17): 15, (112, 194): 15, (118, 99): 13, (118, 112): 13, (119, 39): 39, (119, 172): 39, (124, 51): 195, (124, 160): 195, (125, 52): 65, (125, 159): 65, (129, 45): 65, (129, 166): 65, (130, 36): 195, (130, 175): 195, (131, 9): 195, (131, 202): 195, (134, 11): 195, (134, 200): 195, (139, 63): 195, (139, 148): 195, (141, 76): 39, (141, 135): 39, (144, 56): 13, (144, 155): 13, (145, 38): 195, (145, 173): 195, (147, 26): 195, (147, 185): 195, (151, 53): 65, (151, 158): 65, (153, 98): 195, (153, 113): 195, (156, 65): 195, (156, 146): 195, (157, 42): 195, (157, 169): 195, (158, 33): 39, (158, 178): 39, (159, 27): 39, (159, 184): 39, (161, 61): 195, (161, 150): 195, (162, 79): 195, (162, 132): 195, (164, 53): 39, (164, 158): 39, (165, 33): 39, (165, 178): 39, (166, 88): 195, (166, 123): 195, (167, 25): 65, (167, 186): 65, (172, 15): 195, (172, 196): 195, (173, 91): 5, (173, 120): 5, (174, 101): 39, (174, 110): 39, (175, 100): 195, (175, 111): 195, (178, 23): 65, (178, 188): 65, (180, 38): 65, (180, 173): 65, (181, 44): 195, (181, 167): 195, (183, 102): 39, (183, 109): 39, (185, 73): 195, (185, 138): 195, (187, 91): 195, (187, 120): 195, (188, 26): 65, (188, 185): 65, (189, 23): 65, (189, 188): 65, (191, 30): 195, (191, 181): 195, (194, 39): 195, (194, 172): 195, (197, 13): 65, (197, 198): 65, (198, 59): 39, (198, 152): 39, (200, 63): 13, (200, 148): 13, (202, 87): 3, (202, 124): 3, (203, 1): 13, (203, 210): 13, (209, 2): 65, (209, 209): 65}
 
223, 225, True, 3.0, 75
{'infinity': 1, (0, 89): 45, (0, 134): 45, (5, 100): 5, (5, 123): 5, (7, 52): 225, (7, 171): 225, (8, 30): 225, (8, 193): 225, (9, 6): 225, (9, 217): 225, (11, 86): 225, (11, 137): 225, (15, 87): 225, (15, 136): 225, (16, 96): 75, (16, 127): 75, (17, 60): 225, (17, 163): 225, (19, 40): 75, (19, 183): 75, (21, 111): 225, (21, 112): 225, (22, 94): 75, (22, 129): 75, (23, 77): 225, (23, 146): 225, (24, 22): 225, (24, 201): 225, (25, 85): 225, (25, 138): 225, (27, 76): 75, (27, 147): 75, (29, 31): 75, (29, 192): 75, (30, 22): 25, (30, 201): 25, (32, 107): 75, (32, 116): 75, (34, 92): 225, (34, 131): 225, (37, 108): 225, (37, 115): 225, (39, 95): 225, (39, 128): 225, (43, 59): 15, (43, 164): 15, (44, 7): 75, (44, 216): 75, (46, 2): 225, (46, 221): 225, (47, 110): 225, (47, 113): 225, (48, 49): 25, (48, 174): 25, (49, 55): 225, (49, 168): 225, (50, 44): 45, (50, 179): 45, (51, 60): 225, (51, 163): 225, (52, 21): 225, (52, 202): 225, (53, 50): 225, (53, 173): 225, (56, 103): 225, (56, 120): 225, (58, 108): 225, (58, 115): 225, (60, 109): 15, (60, 114): 15, (64, 36): 45, (64, 187): 45, (66, 25): 75, (66, 198): 75, (67, 10): 9, (67, 213): 9, (68, 73): 45, (68, 150): 45, (69, 40): 45, (69, 183): 45, (70, 31): 25, (70, 192): 25, (71, 96): 25, (71, 127): 25, (74, 99): 75, (74, 124): 75, (75, 29): 225, (75, 194): 225, (76, 59): 75, (76, 164): 75, (77, 35): 225, (77, 188): 225, (78, 10): 9, (78, 213): 9, (79, 104): 15, (79, 119): 15, (80, 44): 225, (80, 179): 225, (84, 97): 225, (84, 126): 225, (86, 76): 75, (86, 147): 75, (89, 106): 45, (89, 117): 45, (92, 81): 225, (92, 142): 225, (93, 44): 25, (93, 179): 25, (95, 68): 45, (95, 155): 45, (96, 24): 225, (96, 199): 225, (100, 4): 225, (100, 219): 225, (104, 59): 75, (104, 164): 75, (110, 76): 15, (110, 147): 15, (113, 37): 225, (113, 186): 225, (114, 53): 225, (114, 170): 225, (118, 64): 225, (118, 159): 225, (124, 31): 75, (124, 192): 75, (125, 79): 75, (125, 144): 75, (128, 108): 45, (128, 115): 45, (129, 53): 225, (129, 170): 225, (131, 19): 225, (131, 204): 225, (134, 102): 225, (134, 121): 225, (135, 40): 225, (135, 183): 225, (136, 96): 75, (136, 127): 75, (137, 37): 25, (137, 186): 25, (140, 63): 75, (140, 160): 75, (141, 28): 225, (141, 195): 225, (144, 41): 9, (144, 182): 9, (145, 32): 75, (145, 191): 75, (148, 27): 225, (148, 196): 225, (151, 93): 225, (151, 130): 225, (155, 60): 25, (155, 163): 25, (156, 32): 75, (156, 191): 75, (157, 62): 225, (157, 161): 225, (161, 48): 225, (161, 175): 225, (162, 64): 45, (162, 159): 45, (164, 11): 25, (164, 212): 25, (165, 68): 225, (165, 155): 225, (166, 64): 225, (166, 159): 225, (169, 22): 225, (169, 201): 225, (171, 56): 45, (171, 167): 45, (172, 73): 225, (172, 150): 225, (174, 38): 225, (174, 185): 225, (179, 39): 225, (179, 184): 225, (181, 33): 225, (181, 190): 225, (184, 57): 225, (184, 166): 225, (185, 51): 225, (185, 172): 225, (186, 68): 25, (186, 155): 25, (187, 36): 225, (187, 187): 225, (189, 58): 225, (189, 165): 225, (191, 80): 25, (191, 143): 25, (195, 36): 225, (195, 187): 225, (196, 37): 225, (196, 186): 225, (198, 84): 225, (198, 139): 225, (200, 18): 225, (200, 205): 225, (203, 53): 5, (203, 170): 5, (205, 94): 45, (205, 129): 45, (206, 73): 225, (206, 150): 225, (209, 45): 225, (209, 178): 225, (210, 61): 225, (210, 162): 225, (211, 87): 45, (211, 136): 45, (214, 14): 3, (214, 209): 3, (215, 1): 75, (215, 222): 75, (219, 94): 225, (219, 129): 225, (220, 87): 75, (220, 136): 75, (222, 9): 225, (222, 214): 225}
 
227, 255, True, 15.0, 17
{'infinity': 1, (0, 96): 51, (0, 131): 51, (1, 42): 255, (1, 185): 255, (7, 8): 85, (7, 219): 85, (8, 80): 255, (8, 147): 255, (11, 110): 51, (11, 117): 51, (13, 28): 85, (13, 199): 85, (14, 37): 255, (14, 190): 255, (15, 26): 51, (15, 201): 51, (16, 46): 85, (16, 181): 85, (18, 110): 255, (18, 117): 255, (20, 66): 255, (20, 161): 255, (21, 52): 255, (21, 175): 255, (22, 66): 85, (22, 161): 85, (23, 40): 255, (23, 187): 255, (27, 85): 255, (27, 142): 255, (28, 15): 255, (28, 212): 255, (29, 89): 255, (29, 138): 255, (32, 98): 17, (32, 129): 17, (33, 107): 85, (33, 120): 85, (34, 107): 3, (34, 120): 3, (35, 59): 255, (35, 168): 255, (36, 6): 85, (36, 221): 85, (37, 62): 255, (37, 165): 255, (39, 76): 85, (39, 151): 85, (40, 31): 255, (40, 196): 255, (43, 40): 255, (43, 187): 255, (46, 34): 85, (46, 193): 85, (47, 72): 255, (47, 155): 255, (54, 57): 255, (54, 170): 255, (55, 103): 51, (55, 124): 51, (56, 65): 15, (56, 162): 15, (58, 102): 15, (58, 125): 15, (64, 22): 51, (64, 205): 51, (65, 8): 255, (65, 219): 255, (66, 48): 255, (66, 179): 255, (67, 20): 255, (67, 207): 255, (68, 43): 255, (68, 184): 255, (69, 55): 255, (69, 172): 255, (70, 23): 85, (70, 204): 85, (74, 88): 85, (74, 139): 85, (75, 12): 17, (75, 215): 17, (77, 104): 51, (77, 123): 51, (78, 80): 255, (78, 147): 255, (79, 78): 255, (79, 149): 255, (80, 106): 255, (80, 121): 255, (81, 98): 255, (81, 129): 255, (82, 112): 255, (82, 115): 255, (86, 1): 255, (86, 226): 255, (90, 77): 85, (90, 150): 85, (91, 44): 255, (91, 183): 255, (92, 87): 85, (92, 140): 85, (93, 19): 15, (93, 208): 15, (95, 63): 255, (95, 164): 255, (101, 111): 255, (101, 116): 255, (102, 96): 255, (102, 131): 255, (104, 9): 255, (104, 218): 255, (105, 54): 5, (105, 173): 5, (106, 5): 85, (106, 222): 85, (107, 99): 85, (107, 128): 85, (108, 4): 85, (108, 223): 85, (109, 58): 255, (109, 169): 255, (110, 97): 51, (110, 130): 51, (112, 51): 255, (112, 176): 255, (114, 98): 255, (114, 129): 255, (116, 27): 51, (116, 200): 51, (119, 16): 255, (119, 211): 255, (124, 86): 17, (124, 141): 17, (125, 96): 255, (125, 131): 255, (126, 45): 51, (126, 182): 51, (128, 86): 255, (128, 141): 255, (129, 69): 255, (129, 158): 255, (130, 67): 255, (130, 160): 255, (131, 50): 85, (131, 177): 85, (133, 81): 85, (133, 146): 85, (138, 5): 51, (138, 222): 51, (141, 80): 85, (141, 147): 85, (142, 69): 255, (142, 158): 255, (144, 58): 255, (144, 169): 255, (145, 101): 255, (145, 126): 255, (147, 39): 85, (147, 188): 85, (148, 35): 51, (148, 192): 51, (149, 1): 255, (149, 226): 255, (153, 84): 255, (153, 143): 255, (154, 104): 85, (154, 123): 85, (155, 8): 255, (155, 219): 255, (156, 50): 85, (156, 177): 85, (159, 100): 255, (159, 127): 255, (160, 107): 255, (160, 120): 255, (161, 40): 85, (161, 187): 85, (167, 50): 85, (167, 177): 85, (171, 70): 17, (171, 157): 17, (175, 73): 255, (175, 154): 255, (177, 105): 51, (177, 122): 51, (178, 77): 5, (178, 150): 5, (179, 53): 85, (179, 174): 85, (180, 38): 255, (180, 189): 255, (182, 12): 255, (182, 215): 255, (183, 69): 85, (183, 158): 85, (184, 48): 17, (184, 179): 17, (185, 66): 255, (185, 161): 255, (186, 77): 17, (186, 150): 17, (187, 30): 255, (187, 197): 255, (188, 25): 17, (188, 202): 17, (189, 32): 51, (189, 195): 51, (191, 3): 85, (191, 224): 85, (192, 14): 85, (192, 213): 85, (193, 20): 85, (193, 207): 85, (194, 20): 255, (194, 207): 255, (197, 12): 255, (197, 215): 255, (198, 110): 255, (198, 117): 255, (199, 71): 85, (199, 156): 85, (200, 68): 15, (200, 159): 15, (201, 58): 51, (201, 169): 51, (202, 86): 255, (202, 141): 255, (203, 90): 85, (203, 137): 85, (204, 48): 255, (204, 179): 255, (206, 92): 255, (206, 135): 255, (209, 89): 85, (209, 138): 85, (210, 5): 255, (210, 222): 255, (214, 13): 255, (214, 214): 255, (215, 26): 255, (215, 201): 255, (216, 89): 51, (216, 138): 51, (219, 1): 17, (219, 226): 17, (222, 27): 51, (222, 200): 51, (223, 104): 255, (223, 123): 255, (224, 26): 85, (224, 201): 85, (226, 18): 255, (226, 209): 255}
 
229, 243, True, 3.0, 81
{'infinity': 1, (0, 72): 243, (0, 157): 243, (1, 88): 243, (1, 141): 243, (2, 66): 81, (2, 163): 81, (3, 8): 243, (3, 221): 243, (6, 12): 243, (6, 217): 243, (7, 51): 243, (7, 178): 243, (8, 73): 27, (8, 156): 27, (10, 114): 9, (10, 115): 9, (11, 90): 243, (11, 139): 243, (12, 8): 243, (12, 221): 243, (14, 106): 81, (14, 123): 81, (15, 107): 243, (15, 122): 243, (17, 48): 243, (17, 181): 243, (18, 61): 243, (18, 168): 243, (20, 106): 243, (20, 123): 243, (21, 20): 243, (21, 209): 243, (22, 37): 81, (22, 192): 81, (23, 62): 243, (23, 167): 243, (24, 31): 81, (24, 198): 81, (26, 30): 243, (26, 199): 243, (27, 38): 243, (27, 191): 243, (31, 105): 243, (31, 124): 243, (33, 63): 243, (33, 166): 243, (34, 55): 27, (34, 174): 27, (35, 37): 243, (35, 192): 243, (38, 77): 81, (38, 152): 81, (39, 49): 243, (39, 180): 243, (43, 41): 27, (43, 188): 27, (44, 38): 243, (44, 191): 243, (45, 28): 243, (45, 201): 243, (46, 60): 81, (46, 169): 81, (47, 76): 243, (47, 153): 243, (49, 80): 243, (49, 149): 243, (50, 76): 243, (50, 153): 243, (51, 52): 243, (51, 177): 243, (52, 25): 243, (52, 204): 243, (53, 71): 243, (53, 158): 243, (57, 86): 243, (57, 143): 243, (58, 62): 243, (58, 167): 243, (60, 35): 243, (60, 194): 243, (62, 59): 243, (62, 170): 243, (63, 85): 243, (63, 144): 243, (64, 85): 243, (64, 144): 243, (72, 16): 81, (72, 213): 81, (75, 40): 243, (75, 189): 243, (76, 110): 81, (76, 119): 81, (83, 66): 243, (83, 163): 243, (85, 79): 243, (85, 150): 243, (86, 31): 243, (86, 198): 243, (89, 81): 81, (89, 148): 81, (93, 51): 81, (93, 178): 81, (94, 48): 243, (94, 181): 243, (96, 109): 243, (96, 120): 243, (97, 87): 243, (97, 142): 243, (100, 50): 27, (100, 179): 27, (101, 95): 81, (101, 134): 81, (102, 85): 243, (102, 144): 243, (103, 82): 81, (103, 147): 81, (105, 5): 27, (105, 224): 27, (111, 7): 243, (111, 222): 243, (116, 3): 27, (116, 226): 27, (117, 2): 243, (117, 227): 243, (118, 48): 81, (118, 181): 81, (119, 31): 243, (119, 198): 243, (120, 65): 243, (120, 164): 243, (122, 18): 243, (122, 211): 243, (126, 74): 243, (126, 155): 243, (129, 51): 243, (129, 178): 243, (130, 104): 81, (130, 125): 81, (132, 76): 243, (132, 153): 243, (134, 34): 27, (134, 195): 27, (135, 7): 81, (135, 222): 81, (136, 50): 243, (136, 179): 243, (137, 27): 243, (137, 202): 243, (138, 3): 243, (138, 226): 243, (142, 109): 243, (142, 120): 243, (144, 66): 243, (144, 163): 243, (145, 13): 9, (145, 216): 9, (146, 79): 243, (146, 150): 243, (148, 62): 81, (148, 167): 81, (149, 14): 243, (149, 215): 243, (151, 54): 243, (151, 175): 243, (153, 10): 243, (153, 219): 243, (157, 6): 243, (157, 223): 243, (158, 38): 243, (158, 191): 243, (160, 34): 27, (160, 195): 27, (161, 56): 243, (161, 173): 243, (163, 100): 243, (163, 129): 243, (164, 34): 9, (164, 195): 9, (167, 43): 243, (167, 186): 243, (168, 99): 243, (168, 130): 243, (169, 21): 243, (169, 208): 243, (172, 37): 243, (172, 192): 243, (175, 89): 243, (175, 140): 243, (176, 17): 243, (176, 212): 243, (177, 101): 81, (177, 128): 81, (179, 87): 243, (179, 142): 243, (180, 103): 81, (180, 126): 81, (182, 87): 81, (182, 142): 81, (186, 108): 81, (186, 121): 81, (190, 69): 81, (190, 160): 81, (192, 15): 81, (192, 214): 81, (194, 86): 27, (194, 143): 27, (195, 106): 243, (195, 123): 243, (200, 4): 243, (200, 225): 243, (201, 64): 243, (201, 165): 243, (204, 3): 243, (204, 226): 243, (207, 86): 243, (207, 143): 243, (208, 11): 81, (208, 218): 81, (209, 55): 81, (209, 174): 81, (212, 7): 243, (212, 222): 243, (214, 8): 81, (214, 221): 81, (215, 55): 81, (215, 174): 81, (217, 107): 243, (217, 122): 243, (220, 109): 3, (220, 120): 3, (221, 1): 81, (221, 228): 81, (222, 50): 243, (222, 179): 243, (223, 47): 243, (223, 182): 243, (225, 36): 243, (225, 193): 243, (226, 107): 243, (226, 122): 243, (227, 79): 243, (227, 150): 243}
 
233, 228, False, 12.0, 19
{'infinity': 1, (2, 31): 19, (2, 202): 19, (3, 32): 38, (3, 201): 38, (4, 86): 114, (4, 147): 114, (8, 104): 114, (8, 129): 114, (9, 91): 38, (9, 142): 38, (10, 21): 114, (10, 212): 114, (11, 74): 114, (11, 159): 114, (12, 32): 114, (12, 201): 114, (14, 65): 38, (14, 168): 38, (15, 70): 19, (15, 163): 19, (17, 85): 38, (17, 148): 38, (18, 75): 114, (18, 158): 114, (22, 83): 38, (22, 150): 38, (23, 8): 114, (23, 225): 114, (26, 53): 114, (26, 180): 114, (28, 41): 114, (28, 192): 114, (29, 30): 57, (29, 203): 57, (30, 35): 114, (30, 198): 114, (32, 18): 38, (32, 215): 38, (36, 116): 114, (36, 117): 114, (38, 18): 38, (38, 215): 38, (40, 57): 114, (40, 176): 114, (42, 12): 114, (42, 221): 114, (43, 99): 57, (43, 134): 57, (44, 12): 114, (44, 221): 114, (45, 49): 57, (45, 184): 57, (48, 104): 38, (48, 129): 38, (50, 71): 57, (50, 162): 57, (52, 0): 2, (55, 6): 38, (55, 227): 38, (56, 1): 114, (56, 232): 114, (58, 53): 38, (58, 180): 38, (59, 44): 114, (59, 189): 114, (60, 46): 57, (60, 187): 57, (64, 111): 114, (64, 122): 114, (65, 71): 114, (65, 162): 114, (66, 99): 114, (66, 134): 114, (69, 102): 114, (69, 131): 114, (70, 63): 57, (70, 170): 57, (71, 98): 19, (71, 135): 19, (73, 16): 38, (73, 217): 38, (74, 68): 114, (74, 165): 114, (75, 62): 114, (75, 171): 114, (76, 46): 38, (76, 187): 38, (81, 73): 57, (81, 160): 57, (89, 107): 19, (89, 126): 19, (91, 5): 38, (91, 228): 38, (93, 60): 38, (93, 173): 38, (96, 109): 6, (96, 124): 6, (97, 46): 114, (97, 187): 114, (99, 101): 114, (99, 132): 114, (102, 54): 57, (102, 179): 57, (105, 48): 114, (105, 185): 114, (110, 110): 19, (110, 123): 19, (113, 86): 114, (113, 147): 114, (115, 76): 38, (115, 157): 38, (116, 86): 114, (116, 147): 114, (117, 25): 38, (117, 208): 38, (118, 71): 38, (118, 162): 38, (120, 25): 38, (120, 208): 38, (124, 99): 114, (124, 134): 114, (127, 3): 38, (127, 230): 38, (130, 77): 38, (130, 156): 38, (133, 55): 114, (133, 178): 114, (137, 69): 114, (137, 164): 114, (139, 106): 38, (139, 127): 38, (142, 105): 114, (142, 128): 114, (143, 34): 114, (143, 199): 114, (147, 12): 114, (147, 221): 114, (148, 110): 114, (148, 123): 114, (149, 53): 114, (149, 180): 114, (150, 2): 3, (150, 231): 3, (151, 14): 114, (151, 219): 114, (152, 96): 57, (152, 137): 57, (156, 113): 19, (156, 120): 19, (159, 64): 6, (159, 169): 6, (160, 92): 38, (160, 141): 38, (163, 18): 38, (163, 215): 38, (168, 76): 114, (168, 157): 114, (170, 102): 114, (170, 131): 114, (171, 107): 114, (171, 126): 114, (176, 27): 57, (176, 206): 57, (177, 104): 114, (177, 129): 114, (178, 23): 114, (178, 210): 114, (182, 90): 114, (182, 143): 114, (183, 76): 57, (183, 157): 57, (184, 39): 19, (184, 194): 19, (185, 1): 114, (185, 232): 114, (187, 8): 57, (187, 225): 57, (188, 93): 114, (188, 140): 114, (193, 47): 19, (193, 186): 19, (194, 115): 57, (194, 118): 57, (195, 63): 6, (195, 170): 6, (197, 33): 114, (197, 200): 114, (199, 52): 38, (199, 181): 38, (201, 63): 38, (201, 170): 38, (202, 0): 2, (204, 36): 57, (204, 197): 57, (205, 7): 114, (205, 226): 114, (206, 107): 114, (206, 126): 114, (208, 110): 114, (208, 123): 114, (211, 82): 57, (211, 151): 57, (212, 0): 2, (215, 84): 114, (215, 149): 114, (217, 78): 114, (217, 155): 114, (218, 32): 114, (218, 201): 114, (221, 70): 57, (221, 163): 57, (222, 94): 38, (222, 139): 38, (223, 103): 114, (223, 130): 114, (225, 1): 19, (225, 232): 19, (226, 100): 114, (226, 133): 114, (227, 102): 57, (227, 131): 57, (229, 25): 38, (229, 208): 38, (230, 70): 57, (230, 163): 57, (232, 11): 114, (232, 222): 114}
 
239, 213, True, 3.0, 71
{'infinity': 1, (0, 14): 213, (0, 225): 213, (1, 41): 213, (1, 198): 213, (3, 96): 71, (3, 143): 71, (5, 103): 213, (5, 136): 213, (9, 53): 213, (9, 186): 213, (11, 72): 71, (11, 167): 71, (12, 96): 213, (12, 143): 213, (14, 85): 71, (14, 154): 71, (24, 101): 71, (24, 138): 71, (25, 113): 213, (25, 126): 213, (27, 83): 213, (27, 156): 213, (30, 4): 71, (30, 235): 71, (35, 75): 71, (35, 164): 71, (36, 59): 213, (36, 180): 213, (40, 94): 71, (40, 145): 71, (45, 19): 213, (45, 220): 213, (46, 13): 213, (46, 226): 213, (52, 2): 71, (52, 237): 71, (53, 83): 71, (53, 156): 71, (55, 78): 71, (55, 161): 71, (60, 64): 213, (60, 175): 213, (64, 49): 213, (64, 190): 213, (67, 118): 213, (67, 121): 213, (71, 17): 71, (71, 222): 71, (73, 80): 71, (73, 159): 71, (75, 65): 213, (75, 174): 213, (78, 109): 71, (78, 130): 71, (81, 97): 213, (81, 142): 213, (86, 82): 213, (86, 157): 213, (89, 44): 213, (89, 195): 213, (95, 3): 213, (95, 236): 213, (96, 37): 213, (96, 202): 213, (97, 26): 213, (97, 213): 213, (98, 39): 213, (98, 200): 213, (100, 100): 71, (100, 139): 71, (104, 56): 213, (104, 183): 213, (111, 68): 213, (111, 171): 213, (116, 41): 213, (116, 198): 213, (117, 63): 71, (117, 176): 71, (120, 27): 213, (120, 212): 213, (121, 84): 71, (121, 155): 71, (122, 41): 213, (122, 198): 213, (123, 63): 213, (123, 176): 213, (124, 8): 213, (124, 231): 213, (125, 38): 213, (125, 201): 213, (130, 112): 213, (130, 127): 213, (133, 52): 213, (133, 187): 213, (135, 29): 213, (135, 210): 213, (137, 28): 71, (137, 211): 71, (138, 77): 71, (138, 162): 71, (140, 28): 213, (140, 211): 213, (141, 117): 213, (141, 122): 213, (143, 74): 213, (143, 165): 213, (144, 12): 213, (144, 227): 213, (146, 46): 213, (146, 193): 213, (148, 30): 213, (148, 209): 213, (149, 67): 213, (149, 172): 213, (151, 60): 213, (151, 179): 213, (152, 114): 213, (152, 125): 213, (153, 11): 213, (153, 228): 213, (155, 52): 71, (155, 187): 71, (156, 38): 213, (156, 201): 213, (159, 83): 213, (159, 156): 213, (160, 97): 213, (160, 142): 213, (162, 102): 213, (162, 137): 213, (163, 54): 71, (163, 185): 71, (165, 100): 213, (165, 139): 213, (167, 27): 213, (167, 212): 213, (172, 42): 213, (172, 197): 213, (173, 44): 213, (173, 195): 213, (175, 57): 71, (175, 182): 71, (176, 10): 213, (176, 229): 213, (178, 68): 213, (178, 171): 213, (179, 70): 71, (179, 169): 71, (180, 6): 213, (180, 233): 213, (184, 98): 213, (184, 141): 213, (185, 65): 213, (185, 174): 213, (188, 35): 71, (188, 204): 71, (189, 68): 71, (189, 171): 71, (190, 52): 213, (190, 187): 213, (191, 27): 71, (191, 212): 71, (194, 105): 71, (194, 134): 71, (197, 38): 71, (197, 201): 71, (199, 87): 213, (199, 152): 213, (201, 28): 213, (201, 211): 213, (202, 89): 213, (202, 150): 213, (203, 58): 213, (203, 181): 213, (204, 5): 213, (204, 234): 213, (205, 104): 213, (205, 135): 213, (206, 111): 71, (206, 128): 71, (207, 31): 213, (207, 208): 213, (210, 13): 213, (210, 226): 213, (211, 79): 71, (211, 160): 71, (213, 100): 213, (213, 139): 213, (214, 23): 71, (214, 216): 71, (216, 44): 71, (216, 195): 71, (218, 65): 71, (218, 174): 71, (222, 13): 213, (222, 226): 213, (223, 115): 71, (223, 124): 71, (224, 96): 213, (224, 143): 213, (225, 24): 3, (225, 215): 3, (231, 1): 71, (231, 238): 71, (232, 69): 213, (232, 170): 213, (234, 119): 71, (234, 120): 71, (237, 97): 213, (237, 142): 213, (238, 63): 213, (238, 176): 213}
 
241, 243, False, 3.0, 81
{'infinity': 1, (1, 66): 27, (1, 175): 27, (2, 42): 27, (2, 199): 27, (4, 113): 27, (4, 128): 27, (11, 120): 81, (11, 121): 81, (13, 118): 27, (13, 123): 27, (18, 60): 81, (18, 181): 81, (19, 10): 81, (19, 231): 81, (21, 14): 81, (21, 227): 81, (25, 35): 27, (25, 206): 27, (28, 113): 27, (28, 128): 27, (29, 39): 9, (29, 202): 9, (30, 91): 81, (30, 150): 81, (34, 84): 81, (34, 157): 81, (35, 39): 81, (35, 202): 81, (37, 2): 81, (37, 239): 81, (39, 87): 27, (39, 154): 27, (41, 37): 81, (41, 204): 81, (42, 9): 81, (42, 232): 81, (43, 3): 81, (43, 238): 81, (46, 94): 81, (46, 147): 81, (47, 34): 81, (47, 207): 81, (48, 54): 81, (48, 187): 81, (49, 12): 81, (49, 229): 81, (51, 84): 81, (51, 157): 81, (52, 72): 81, (52, 169): 81, (53, 3): 27, (53, 238): 27, (55, 66): 27, (55, 175): 27, (58, 49): 3, (58, 192): 3, (59, 46): 3, (59, 195): 3, (60, 4): 81, (60, 237): 81, (63, 31): 81, (63, 210): 81, (64, 108): 9, (64, 133): 9, (65, 45): 81, (65, 196): 81, (66, 27): 27, (66, 214): 27, (68, 81): 81, (68, 160): 81, (69, 98): 81, (69, 143): 81, (70, 23): 81, (70, 218): 81, (74, 32): 9, (74, 209): 9, (75, 80): 81, (75, 161): 81, (77, 34): 81, (77, 207): 81, (78, 46): 81, (78, 195): 81, (80, 12): 9, (80, 229): 9, (81, 57): 81, (81, 184): 81, (84, 70): 81, (84, 171): 81, (87, 1): 81, (87, 240): 81, (89, 96): 81, (89, 145): 81, (90, 102): 27, (90, 139): 27, (91, 75): 27, (91, 166): 27, (92, 118): 81, (92, 123): 81, (93, 11): 9, (93, 230): 9, (95, 114): 81, (95, 127): 81, (96, 43): 81, (96, 198): 81, (98, 91): 81, (98, 150): 81, (101, 69): 27, (101, 172): 27, (104, 46): 81, (104, 195): 81, (105, 15): 81, (105, 226): 81, (106, 13): 81, (106, 228): 81, (109, 60): 81, (109, 181): 81, (111, 106): 81, (111, 135): 81, (112, 12): 81, (112, 229): 81, (113, 91): 81, (113, 150): 81, (114, 60): 9, (114, 181): 9, (117, 34): 27, (117, 207): 27, (118, 115): 81, (118, 126): 81, (123, 116): 81, (123, 125): 81, (129, 73): 81, (129, 168): 81, (131, 109): 81, (131, 132): 81, (133, 65): 3, (133, 176): 3, (134, 77): 81, (134, 164): 81, (135, 22): 81, (135, 219): 81, (136, 118): 81, (136, 123): 81, (138, 100): 81, (138, 141): 81, (139, 100): 81, (139, 141): 81, (141, 82): 27, (141, 159): 27, (144, 82): 81, (144, 159): 81, (145, 3): 81, (145, 238): 81, (147, 47): 27, (147, 194): 27, (148, 110): 27, (148, 131): 27, (149, 15): 81, (149, 226): 81, (152, 63): 27, (152, 178): 27, (155, 16): 81, (155, 225): 81, (156, 84): 9, (156, 157): 9, (157, 36): 81, (157, 205): 81, (159, 101): 81, (159, 140): 81, (161, 73): 81, (161, 168): 81, (162, 1): 27, (162, 240): 27, (165, 85): 81, (165, 156): 81, (168, 114): 81, (168, 127): 81, (177, 39): 81, (177, 202): 81, (178, 74): 81, (178, 167): 81, (183, 105): 81, (183, 136): 81, (184, 92): 27, (184, 149): 27, (185, 66): 9, (185, 175): 9, (188, 43): 27, (188, 198): 27, (189, 17): 27, (189, 224): 27, (192, 73): 81, (192, 168): 81, (193, 90): 81, (193, 151): 81, (196, 44): 81, (196, 197): 81, (197, 82): 81, (197, 159): 81, (198, 43): 81, (198, 198): 81, (199, 50): 81, (199, 191): 81, (201, 94): 81, (201, 147): 81, (205, 100): 27, (205, 141): 27, (206, 108): 81, (206, 133): 81, (209, 113): 9, (209, 128): 9, (210, 55): 27, (210, 186): 27, (212, 108): 81, (212, 133): 81, (216, 67): 81, (216, 174): 81, (218, 87): 81, (218, 154): 81, (219, 114): 27, (219, 127): 27, (220, 79): 81, (220, 162): 81, (221, 18): 81, (221, 223): 81, (224, 117): 81, (224, 124): 81, (225, 87): 81, (225, 154): 81, (227, 95): 81, (227, 146): 81, (228, 15): 27, (228, 226): 27, (230, 58): 27, (230, 183): 27, (232, 93): 3, (232, 148): 3, (233, 1): 81, (233, 240): 81, (235, 94): 81, (235, 147): 81, (239, 24): 81, (239, 217): 81}
 
251, 264, False, 12.0, 22
{'infinity': 1, (0, 16): 132, (0, 235): 132, (1, 90): 66, (1, 161): 66, (3, 59): 132, (3, 192): 132, (4, 98): 33, (4, 153): 33, (5, 38): 22, (5, 213): 22, (6, 51): 33, (6, 200): 33, (8, 3): 44, (8, 248): 44, (10, 118): 66, (10, 133): 66, (12, 59): 11, (12, 192): 11, (14, 75): 66, (14, 176): 66, (16, 18): 22, (16, 233): 22, (20, 65): 22, (20, 186): 22, (25, 83): 66, (25, 168): 66, (26, 86): 44, (26, 165): 44, (27, 23): 22, (27, 228): 22, (29, 29): 4, (29, 222): 4, (30, 0): 2, (31, 43): 4, (31, 208): 4, (32, 118): 44, (32, 133): 44, (35, 11): 12, (35, 240): 12, (38, 16): 66, (38, 235): 66, (40, 35): 22, (40, 216): 22, (42, 49): 44, (42, 202): 44, (43, 58): 132, (43, 193): 132, (44, 103): 132, (44, 148): 132, (47, 103): 22, (47, 148): 22, (48, 11): 132, (48, 240): 132, (51, 23): 44, (51, 228): 44, (55, 37): 11, (55, 214): 11, (60, 10): 132, (60, 241): 132, (63, 85): 22, (63, 166): 22, (67, 31): 132, (67, 220): 132, (69, 79): 66, (69, 172): 66, (71, 80): 132, (71, 171): 132, (75, 9): 33, (75, 242): 33, (77, 15): 66, (77, 236): 66, (79, 65): 132, (79, 186): 132, (80, 77): 66, (80, 174): 66, (81, 9): 11, (81, 242): 11, (82, 50): 11, (82, 201): 11, (83, 89): 66, (83, 162): 66, (84, 81): 132, (84, 170): 132, (86, 29): 132, (86, 222): 132, (87, 42): 44, (87, 209): 44, (88, 85): 132, (88, 166): 132, (91, 52): 12, (91, 199): 12, (92, 111): 6, (92, 140): 6, (94, 33): 22, (94, 218): 22, (95, 9): 33, (95, 242): 33, (99, 110): 66, (99, 141): 66, (100, 85): 132, (100, 166): 132, (101, 38): 66, (101, 213): 66, (103, 95): 33, (103, 156): 33, (104, 78): 33, (104, 173): 33, (107, 5): 22, (107, 246): 22, (108, 108): 66, (108, 143): 66, (109, 68): 132, (109, 183): 132, (115, 115): 132, (115, 136): 132, (118, 84): 44, (118, 167): 44, (119, 7): 44, (119, 244): 44, (120, 28): 66, (120, 223): 66, (122, 116): 132, (122, 135): 132, (125, 90): 132, (125, 161): 132, (128, 61): 44, (128, 190): 44, (129, 46): 66, (129, 205): 66, (133, 22): 33, (133, 229): 33, (134, 53): 132, (134, 198): 132, (136, 29): 66, (136, 222): 66, (137, 24): 12, (137, 227): 12, (140, 113): 44, (140, 138): 44, (141, 39): 66, (141, 212): 66, (142, 54): 66, (142, 197): 66, (145, 38): 66, (145, 213): 66, (147, 47): 132, (147, 204): 132, (148, 71): 132, (148, 180): 132, (149, 27): 132, (149, 224): 132, (151, 8): 44, (151, 243): 44, (152, 65): 132, (152, 186): 132, (156, 96): 44, (156, 155): 44, (158, 19): 66, (158, 232): 66, (160, 103): 132, (160, 148): 132, (163, 8): 66, (163, 243): 66, (164, 76): 66, (164, 175): 66, (165, 115): 132, (165, 136): 132, (168, 11): 66, (168, 240): 66, (169, 32): 22, (169, 219): 22, (170, 96): 22, (170, 155): 22, (171, 119): 132, (171, 132): 132, (172, 110): 132, (172, 141): 132, (173, 23): 44, (173, 228): 44, (174, 6): 44, (174, 245): 44, (175, 33): 132, (175, 218): 132, (176, 96): 44, (176, 155): 44, (179, 53): 3, (179, 198): 3, (181, 7): 66, (181, 244): 66, (185, 62): 66, (185, 189): 66, (186, 100): 33, (186, 151): 33, (187, 63): 66, (187, 188): 66, (188, 8): 132, (188, 243): 132, (189, 53): 132, (189, 198): 132, (191, 101): 132, (191, 150): 132, (192, 94): 132, (192, 157): 132, (193, 66): 22, (193, 185): 22, (195, 70): 44, (195, 181): 44, (196, 30): 6, (196, 221): 6, (197, 109): 22, (197, 142): 22, (202, 7): 132, (202, 244): 132, (203, 89): 66, (203, 162): 66, (204, 52): 44, (204, 199): 44, (205, 79): 132, (205, 172): 132, (207, 52): 66, (207, 199): 66, (209, 118): 132, (209, 133): 132, (213, 16): 132, (213, 235): 132, (216, 89): 22, (216, 162): 22, (218, 26): 44, (218, 225): 44, (219, 49): 132, (219, 202): 132, (220, 13): 44, (220, 238): 44, (222, 115): 11, (222, 136): 11, (225, 12): 44, (225, 239): 44, (226, 20): 66, (226, 231): 66, (227, 2): 132, (227, 249): 132, (228, 79): 132, (228, 172): 132, (229, 36): 66, (229, 215): 66, (231, 110): 12, (231, 141): 12, (232, 0): 2, (233, 33): 132, (233, 218): 132, (236, 59): 132, (236, 192): 132, (240, 0): 2, (241, 49): 33, (241, 202): 33, (243, 1): 22, (243, 250): 22, (244, 105): 66, (244, 146): 66, (247, 114): 33, (247, 137): 33, (249, 56): 6, (249, 195): 6}
 
257, 249, True, 3.0, 83
{'infinity': 1, (0, 85): 83, (0, 172): 83, (1, 94): 249, (1, 163): 249, (2, 78): 83, (2, 179): 83, (6, 41): 83, (6, 216): 83, (8, 91): 249, (8, 166): 249, (11, 56): 83, (11, 201): 83, (13, 119): 83, (13, 138): 83, (16, 79): 83, (16, 178): 83, (17, 50): 249, (17, 207): 249, (18, 114): 249, (18, 143): 249, (19, 124): 83, (19, 133): 83, (20, 44): 249, (20, 213): 249, (23, 41): 249, (23, 216): 249, (25, 69): 83, (25, 188): 83, (26, 94): 249, (26, 163): 249, (28, 64): 249, (28, 193): 249, (29, 113): 249, (29, 144): 249, (31, 46): 83, (31, 211): 83, (32, 110): 83, (32, 147): 83, (34, 36): 249, (34, 221): 249, (35, 56): 83, (35, 201): 83, (36, 118): 249, (36, 139): 249, (37, 16): 249, (37, 241): 249, (41, 99): 249, (41, 158): 249, (47, 81): 249, (47, 176): 249, (48, 88): 249, (48, 169): 249, (51, 127): 83, (51, 130): 83, (52, 32): 83, (52, 225): 83, (54, 119): 83, (54, 138): 83, (56, 18): 249, (56, 239): 249, (59, 42): 83, (59, 215): 83, (60, 84): 249, (60, 173): 249, (62, 42): 249, (62, 215): 249, (63, 50): 3, (63, 207): 3, (64, 4): 249, (64, 253): 249, (66, 33): 249, (66, 224): 249, (67, 17): 249, (67, 240): 249, (69, 71): 249, (69, 186): 249, (70, 117): 249, (70, 140): 249, (71, 107): 249, (71, 150): 249, (73, 85): 83, (73, 172): 83, (74, 65): 249, (74, 192): 249, (77, 45): 249, (77, 212): 249, (79, 84): 83, (79, 173): 83, (80, 34): 249, (80, 223): 249, (85, 43): 249, (85, 214): 249, (90, 30): 83, (90, 227): 83, (92, 98): 83, (92, 159): 83, (94, 124): 249, (94, 133): 249, (96, 70): 249, (96, 187): 249, (97, 3): 249, (97, 254): 249, (102, 9): 83, (102, 248): 83, (103, 91): 249, (103, 166): 249, (104, 44): 249, (104, 213): 249, (105, 29): 249, (105, 228): 249, (111, 1): 249, (111, 256): 249, (115, 49): 83, (115, 208): 83, (118, 84): 249, (118, 173): 249, (122, 66): 83, (122, 191): 83, (123, 108): 249, (123, 149): 249, (124, 101): 249, (124, 156): 249, (126, 2): 249, (126, 255): 249, (129, 51): 249, (129, 206): 249, (133, 44): 83, (133, 213): 83, (136, 42): 249, (136, 215): 249, (139, 55): 249, (139, 202): 249, (142, 22): 249, (142, 235): 249, (144, 124): 249, (144, 133): 249, (146, 91): 249, (146, 166): 249, (148, 8): 249, (148, 249): 249, (149, 92): 249, (149, 165): 249, (150, 5): 249, (150, 252): 249, (151, 14): 83, (151, 243): 83, (153, 101): 249, (153, 156): 249, (154, 1): 249, (154, 256): 249, (155, 100): 83, (155, 157): 83, (159, 62): 249, (159, 195): 249, (160, 7): 249, (160, 250): 249, (162, 75): 83, (162, 182): 83, (171, 25): 249, (171, 232): 249, (172, 120): 249, (172, 137): 249, (175, 2): 249, (175, 255): 249, (177, 50): 83, (177, 207): 83, (178, 55): 83, (178, 202): 83, (179, 121): 249, (179, 136): 249, (180, 54): 83, (180, 203): 83, (184, 85): 83, (184, 172): 83, (185, 73): 83, (185, 184): 83, (188, 97): 83, (188, 160): 83, (190, 119): 83, (190, 138): 83, (193, 82): 249, (193, 175): 249, (194, 34): 83, (194, 223): 83, (196, 86): 249, (196, 171): 249, (197, 55): 249, (197, 202): 249, (201, 48): 249, (201, 209): 249, (203, 17): 83, (203, 240): 83, (205, 24): 83, (205, 233): 83, (206, 67): 249, (206, 190): 249, (207, 30): 249, (207, 227): 249, (208, 98): 249, (208, 159): 249, (211, 56): 83, (211, 201): 83, (213, 2): 249, (213, 255): 249, (214, 98): 249, (214, 159): 249, (215, 106): 83, (215, 151): 83, (216, 58): 249, (216, 199): 249, (217, 30): 249, (217, 227): 249, (219, 107): 249, (219, 150): 249, (220, 109): 249, (220, 148): 249, (224, 107): 249, (224, 150): 249, (226, 68): 249, (226, 189): 249, (227, 95): 249, (227, 162): 249, (228, 41): 249, (228, 216): 249, (230, 94): 249, (230, 163): 249, (234, 113): 249, (234, 144): 249, (235, 96): 83, (235, 161): 83, (236, 52): 83, (236, 205): 83, (237, 101): 249, (237, 156): 249, (239, 13): 249, (239, 244): 249, (240, 34): 249, (240, 223): 249, (241, 111): 249, (241, 146): 249, (244, 17): 249, (244, 240): 249, (249, 1): 83, (249, 256): 83, (251, 113): 249, (251, 144): 249, (253, 83): 249, (253, 174): 249}
 
263, 243, True, 3.0, 81
{'infinity': 1, (1, 91): 243, (1, 172): 243, (3, 61): 243, (3, 202): 243, (4, 26): 81, (4, 237): 81, (5, 40): 81, (5, 223): 81, (6, 72): 243, (6, 191): 243, (8, 47): 81, (8, 216): 81, (9, 50): 27, (9, 213): 27, (12, 61): 81, (12, 202): 81, (14, 64): 243, (14, 199): 243, (24, 98): 243, (24, 165): 243, (28, 12): 243, (28, 251): 243, (29, 5): 243, (29, 258): 243, (31, 29): 243, (31, 234): 243, (32, 90): 81, (32, 173): 81, (33, 49): 81, (33, 214): 81, (36, 79): 243, (36, 184): 243, (38, 107): 81, (38, 156): 81, (39, 106): 27, (39, 157): 27, (42, 106): 243, (42, 157): 243, (46, 8): 81, (46, 255): 81, (47, 24): 243, (47, 239): 243, (51, 36): 27, (51, 227): 27, (52, 124): 243, (52, 139): 243, (53, 7): 243, (53, 256): 243, (54, 89): 81, (54, 174): 81, (55, 52): 243, (55, 211): 243, (56, 45): 81, (56, 218): 81, (57, 34): 27, (57, 229): 27, (58, 41): 81, (58, 222): 81, (59, 72): 243, (59, 191): 243, (60, 25): 243, (60, 238): 243, (61, 125): 81, (61, 138): 81, (63, 21): 243, (63, 242): 243, (68, 32): 243, (68, 231): 243, (69, 45): 243, (69, 218): 243, (72, 31): 243, (72, 232): 243, (73, 32): 81, (73, 231): 81, (74, 90): 81, (74, 173): 81, (75, 41): 243, (75, 222): 243, (76, 112): 81, (76, 151): 81, (79, 69): 81, (79, 194): 81, (81, 53): 243, (81, 210): 243, (82, 79): 243, (82, 184): 243, (84, 124): 81, (84, 139): 81, (85, 83): 9, (85, 180): 9, (90, 75): 243, (90, 188): 243, (91, 5): 243, (91, 258): 243, (93, 48): 243, (93, 215): 243, (105, 44): 243, (105, 219): 243, (107, 99): 243, (107, 164): 243, (111, 113): 81, (111, 150): 81, (113, 128): 243, (113, 135): 243, (114, 123): 243, (114, 140): 243, (115, 57): 243, (115, 206): 243, (119, 78): 243, (119, 185): 243, (120, 9): 243, (120, 254): 243, (122, 32): 243, (122, 231): 243, (123, 108): 243, (123, 155): 243, (127, 124): 243, (127, 139): 243, (130, 41): 243, (130, 222): 243, (133, 23): 243, (133, 240): 243, (138, 45): 243, (138, 218): 243, (139, 58): 27, (139, 205): 27, (142, 92): 243, (142, 171): 243, (143, 5): 243, (143, 258): 243, (145, 79): 9, (145, 184): 9, (147, 94): 243, (147, 169): 243, (148, 117): 243, (148, 146): 243, (153, 114): 81, (153, 149): 81, (155, 3): 243, (155, 260): 243, (156, 6): 243, (156, 257): 243, (157, 90): 27, (157, 173): 27, (158, 96): 243, (158, 167): 243, (159, 51): 243, (159, 212): 243, (160, 126): 243, (160, 137): 243, (161, 38): 243, (161, 225): 243, (163, 39): 243, (163, 224): 243, (166, 121): 243, (166, 142): 243, (167, 109): 243, (167, 154): 243, (168, 38): 243, (168, 225): 243, (170, 13): 81, (170, 250): 81, (171, 123): 27, (171, 140): 27, (172, 9): 243, (172, 254): 243, (173, 2): 243, (173, 261): 243, (174, 121): 243, (174, 142): 243, (180, 120): 243, (180, 143): 243, (182, 106): 243, (182, 157): 243, (183, 56): 27, (183, 207): 27, (186, 121): 243, (186, 142): 243, (187, 42): 81, (187, 221): 81, (188, 23): 243, (188, 240): 243, (197, 38): 81, (197, 225): 81, (198, 72): 243, (198, 191): 243, (201, 82): 243, (201, 181): 243, (205, 23): 27, (205, 240): 27, (206, 110): 3, (206, 153): 3, (208, 86): 243, (208, 177): 243, (209, 115): 243, (209, 148): 243, (213, 111): 243, (213, 152): 243, (215, 83): 243, (215, 180): 243, (219, 36): 243, (219, 227): 243, (221, 53): 9, (221, 210): 9, (224, 53): 243, (224, 210): 243, (226, 83): 243, (226, 180): 243, (229, 24): 243, (229, 239): 243, (230, 129): 243, (230, 134): 243, (232, 37): 243, (232, 226): 243, (233, 17): 243, (233, 246): 243, (234, 9): 81, (234, 254): 81, (235, 15): 243, (235, 248): 243, (239, 93): 243, (239, 170): 243, (241, 123): 243, (241, 140): 243, (244, 97): 81, (244, 166): 81, (245, 76): 243, (245, 187): 243, (247, 104): 243, (247, 159): 243, (248, 61): 243, (248, 202): 243, (249, 84): 243, (249, 179): 243, (250, 24): 81, (250, 239): 81, (252, 46): 81, (252, 217): 81, (255, 1): 81, (255, 262): 81, (256, 36): 243, (256, 227): 243}
 
269, 264, False, 6.0, 44
{'infinity': 1, (2, 75): 44, (2, 194): 44, (5, 8): 132, (5, 261): 132, (6, 43): 11, (6, 226): 11, (7, 119): 132, (7, 150): 132, (10, 97): 66, (10, 172): 66, (11, 58): 44, (11, 211): 44, (15, 50): 132, (15, 219): 132, (16, 72): 11, (16, 197): 11, (19, 99): 132, (19, 170): 132, (21, 127): 12, (21, 142): 12, (23, 74): 132, (23, 195): 132, (25, 32): 44, (25, 237): 44, (26, 74): 132, (26, 195): 132, (27, 20): 44, (27, 249): 44, (32, 78): 11, (32, 191): 11, (36, 99): 66, (36, 170): 66, (38, 31): 66, (38, 238): 66, (42, 44): 66, (42, 225): 66, (43, 21): 11, (43, 248): 11, (44, 77): 66, (44, 192): 66, (46, 73): 132, (46, 196): 132, (49, 70): 44, (49, 199): 44, (50, 54): 22, (50, 215): 22, (53, 86): 22, (53, 183): 22, (55, 87): 33, (55, 182): 33, (56, 88): 44, (56, 181): 44, (57, 67): 12, (57, 202): 12, (58, 85): 132, (58, 184): 132, (59, 25): 66, (59, 244): 66, (62, 98): 132, (62, 171): 132, (63, 48): 132, (63, 221): 132, (64, 61): 132, (64, 208): 132, (65, 45): 33, (65, 224): 33, (67, 62): 22, (67, 207): 22, (70, 44): 132, (70, 225): 132, (71, 49): 66, (71, 220): 66, (72, 8): 132, (72, 261): 132, (74, 98): 44, (74, 171): 44, (76, 106): 44, (76, 163): 44, (78, 78): 132, (78, 191): 132, (79, 21): 44, (79, 248): 44, (82, 38): 132, (82, 231): 132, (83, 31): 66, (83, 238): 66, (84, 13): 132, (84, 256): 132, (85, 42): 44, (85, 227): 44, (86, 60): 22, (86, 209): 22, (87, 29): 66, (87, 240): 66, (88, 73): 132, (88, 196): 132, (90, 37): 66, (90, 232): 66, (91, 14): 132, (91, 255): 132, (94, 28): 6, (94, 241): 6, (95, 32): 132, (95, 237): 132, (96, 36): 132, (96, 233): 132, (99, 88): 66, (99, 181): 66, (101, 103): 132, (101, 166): 132, (102, 112): 66, (102, 157): 66, (104, 46): 132, (104, 223): 132, (105, 16): 66, (105, 253): 66, (111, 121): 44, (111, 148): 44, (114, 88): 132, (114, 181): 132, (115, 34): 132, (115, 235): 132, (116, 10): 33, (116, 259): 33, (117, 3): 132, (117, 266): 132, (119, 104): 22, (119, 165): 22, (121, 0): 2, (124, 105): 66, (124, 164): 66, (127, 129): 44, (127, 140): 44, (129, 128): 22, (129, 141): 22, (132, 83): 22, (132, 186): 22, (133, 98): 6, (133, 171): 6, (134, 118): 3, (134, 151): 3, (135, 73): 22, (135, 196): 22, (138, 90): 132, (138, 179): 132, (142, 27): 66, (142, 242): 66, (143, 76): 66, (143, 193): 66, (146, 105): 132, (146, 164): 132, (147, 21): 44, (147, 248): 44, (148, 31): 22, (148, 238): 22, (149, 32): 66, (149, 237): 66, (153, 79): 44, (153, 190): 44, (155, 91): 132, (155, 178): 132, (156, 134): 66, (156, 135): 66, (157, 44): 4, (157, 225): 4, (159, 78): 132, (159, 191): 132, (163, 66): 66, (163, 203): 66, (165, 65): 33, (165, 204): 33, (166, 76): 66, (166, 193): 66, (167, 59): 132, (167, 210): 132, (168, 6): 132, (168, 263): 132, (169, 17): 12, (169, 252): 12, (170, 91): 33, (170, 178): 33, (173, 63): 33, (173, 206): 33, (175, 56): 6, (175, 213): 6, (177, 100): 33, (177, 169): 33, (181, 118): 22, (181, 151): 22, (182, 89): 22, (182, 180): 22, (183, 68): 44, (183, 201): 44, (184, 2): 12, (184, 267): 12, (186, 0): 2, (187, 18): 11, (187, 251): 11, (192, 8): 66, (192, 261): 66, (193, 111): 132, (193, 158): 132, (205, 71): 132, (205, 198): 132, (209, 113): 22, (209, 156): 22, (210, 41): 66, (210, 228): 66, (213, 91): 44, (213, 178): 44, (214, 99): 132, (214, 170): 132, (215, 85): 4, (215, 184): 4, (216, 57): 66, (216, 212): 66, (220, 74): 22, (220, 195): 22, (221, 117): 132, (221, 152): 132, (223, 118): 66, (223, 151): 66, (225, 120): 44, (225, 149): 44, (229, 76): 66, (229, 193): 66, (231, 0): 2, (232, 110): 132, (232, 159): 132, (233, 87): 22, (233, 182): 22, (240, 82): 33, (240, 187): 33, (242, 125): 66, (242, 144): 66, (243, 70): 66, (243, 199): 66, (245, 133): 44, (245, 136): 44, (246, 70): 132, (246, 199): 132, (247, 124): 66, (247, 145): 66, (250, 87): 66, (250, 182): 66, (252, 23): 33, (252, 246): 33, (253, 9): 22, (253, 260): 22, (255, 101): 132, (255, 168): 132, (257, 50): 44, (257, 219): 44, (261, 1): 44, (261, 268): 44, (263, 69): 132, (263, 200): 132, (265, 85): 33, (265, 184): 33, (266, 50): 66, (266, 219): 66, (268, 105): 132, (268, 164): 132}
 
271, 264, False, 6.0, 44
{'infinity': 1, (0, 76): 12, (0, 195): 12, (3, 30): 132, (3, 241): 132, (4, 54): 66, (4, 217): 66, (5, 112): 11, (5, 159): 11, (8, 13): 44, (8, 258): 44, (10, 79): 66, (10, 192): 66, (12, 30): 66, (12, 241): 66, (15, 25): 132, (15, 246): 132, (21, 109): 22, (21, 162): 22, (26, 84): 22, (26, 187): 22, (27, 64): 44, (27, 207): 44, (31, 13): 22, (31, 258): 22, (32, 104): 44, (32, 167): 44, (35, 64): 22, (35, 207): 22, (36, 10): 132, (36, 261): 132, (37, 83): 22, (37, 188): 22, (38, 86): 11, (38, 185): 11, (39, 1): 132, (39, 270): 132, (41, 108): 22, (41, 163): 22, (45, 62): 66, (45, 209): 66, (46, 129): 132, (46, 142): 132, (47, 63): 132, (47, 208): 132, (51, 92): 22, (51, 179): 22, (56, 112): 44, (56, 159): 44, (57, 87): 132, (57, 184): 132, (60, 127): 44, (60, 144): 44, (62, 117): 132, (62, 154): 132, (63, 4): 132, (63, 267): 132, (64, 0): 2, (67, 58): 44, (67, 213): 44, (71, 48): 66, (71, 223): 66, (73, 90): 66, (73, 181): 66, (76, 103): 44, (76, 168): 44, (77, 8): 132, (77, 263): 132, (78, 79): 66, (78, 192): 66, (81, 49): 66, (81, 222): 66, (84, 15): 22, (84, 256): 22, (86, 129): 22, (86, 142): 22, (88, 51): 44, (88, 220): 44, (89, 94): 66, (89, 177): 66, (90, 126): 132, (90, 145): 132, (94, 101): 44, (94, 170): 44, (97, 106): 12, (97, 165): 12, (98, 0): 2, (101, 14): 66, (101, 257): 66, (102, 66): 132, (102, 205): 132, (103, 105): 66, (103, 166): 66, (104, 56): 66, (104, 215): 66, (107, 44): 132, (107, 227): 132, (109, 0): 2, (110, 84): 132, (110, 187): 132, (111, 42): 132, (111, 229): 132, (112, 98): 132, (112, 173): 132, (114, 54): 33, (114, 217): 33, (115, 18): 44, (115, 253): 44, (120, 96): 66, (120, 175): 66, (121, 37): 6, (121, 234): 6, (126, 100): 33, (126, 171): 33, (128, 39): 66, (128, 232): 66, (130, 85): 44, (130, 186): 44, (134, 45): 33, (134, 226): 33, (135, 84): 12, (135, 187): 12, (136, 65): 22, (136, 206): 22, (139, 129): 132, (139, 142): 132, (140, 120): 132, (140, 151): 132, (143, 2): 33, (143, 269): 33, (150, 88): 132, (150, 183): 132, (152, 96): 66, (152, 175): 66, (153, 54): 22, (153, 217): 22, (154, 100): 33, (154, 171): 33, (155, 78): 132, (155, 193): 132, (158, 32): 132, (158, 239): 132, (160, 113): 132, (160, 158): 132, (161, 65): 132, (161, 206): 132, (162, 21): 33, (162, 250): 33, (163, 135): 66, (163, 136): 66, (168, 16): 44, (168, 255): 44, (170, 40): 66, (170, 231): 66, (171, 33): 44, (171, 238): 44, (173, 21): 132, (173, 250): 132, (174, 99): 66, (174, 172): 66, (175, 91): 132, (175, 180): 132, (176, 43): 6, (176, 228): 6, (178, 17): 33, (178, 254): 33, (180, 66): 44, (180, 205): 44, (183, 79): 66, (183, 192): 66, (186, 78): 22, (186, 193): 22, (188, 60): 11, (188, 211): 11, (191, 46): 132, (191, 225): 132, (193, 51): 66, (193, 220): 66, (194, 102): 44, (194, 169): 44, (198, 124): 33, (198, 147): 33, (199, 89): 132, (199, 182): 132, (200, 24): 66, (200, 247): 66, (201, 78): 12, (201, 193): 12, (202, 50): 66, (202, 221): 66, (203, 45): 66, (203, 226): 66, (205, 45): 22, (205, 226): 22, (207, 21): 132, (207, 250): 132, (208, 69): 66, (208, 202): 66, (209, 64): 44, (209, 207): 44, (210, 112): 44, (210, 159): 44, (212, 94): 66, (212, 177): 66, (218, 93): 6, (218, 178): 6, (219, 61): 11, (219, 210): 11, (221, 87): 132, (221, 184): 132, (232, 13): 4, (232, 258): 4, (234, 74): 66, (234, 197): 66, (235, 134): 44, (235, 137): 44, (236, 117): 132, (236, 154): 132, (238, 97): 33, (238, 174): 33, (240, 1): 66, (240, 270): 66, (241, 94): 66, (241, 177): 66, (244, 117): 66, (244, 154): 66, (245, 65): 132, (245, 206): 132, (246, 5): 44, (246, 266): 44, (247, 108): 132, (247, 163): 132, (248, 128): 132, (248, 143): 132, (249, 53): 22, (249, 218): 22, (250, 22): 132, (250, 249): 132, (252, 119): 132, (252, 152): 132, (254, 108): 132, (254, 163): 132, (256, 30): 132, (256, 241): 132, (257, 23): 4, (257, 248): 4, (258, 133): 132, (258, 138): 132, (259, 25): 22, (259, 246): 22, (260, 66): 33, (260, 205): 33, (261, 51): 132, (261, 220): 132, (262, 100): 3, (262, 171): 3, (263, 1): 44, (263, 270): 44, (264, 87): 11, (264, 184): 11, (268, 25): 132, (268, 246): 132, (270, 96): 66, (270, 175): 66}
 
277, 279, True, 3.0, 93
{'infinity': 1, (1, 72): 93, (1, 205): 93, (2, 4): 31, (2, 273): 31, (3, 20): 279, (3, 257): 279, (4, 91): 93, (4, 186): 93, (5, 61): 279, (5, 216): 279, (6, 24): 279, (6, 253): 279, (7, 121): 279, (7, 156): 279, (11, 68): 279, (11, 209): 279, (12, 20): 279, (12, 257): 279, (14, 22): 279, (14, 255): 279, (17, 79): 279, (17, 198): 279, (22, 134): 93, (22, 143): 93, (24, 16): 279, (24, 261): 279, (25, 115): 279, (25, 162): 279, (26, 80): 279, (26, 197): 279, (32, 121): 31, (32, 156): 31, (37, 130): 279, (37, 147): 279, (38, 102): 279, (38, 175): 279, (39, 33): 279, (39, 244): 279, (40, 128): 279, (40, 149): 279, (41, 8): 279, (41, 269): 279, (43, 85): 93, (43, 192): 93, (44, 91): 93, (44, 186): 93, (48, 109): 279, (48, 168): 279, (49, 81): 279, (49, 196): 279, (51, 111): 279, (51, 166): 279, (53, 68): 279, (53, 209): 279, (54, 130): 31, (54, 147): 31, (56, 7): 31, (56, 270): 31, (57, 41): 279, (57, 236): 279, (59, 116): 279, (59, 161): 279, (60, 73): 9, (60, 204): 9, (61, 71): 93, (61, 206): 93, (62, 111): 279, (62, 166): 279, (63, 80): 279, (63, 197): 279, (65, 31): 279, (65, 246): 279, (66, 65): 93, (66, 212): 93, (68, 6): 31, (68, 271): 31, (69, 118): 93, (69, 159): 93, (70, 94): 9, (70, 183): 9, (71, 104): 279, (71, 173): 279, (72, 122): 279, (72, 155): 279, (77, 44): 279, (77, 233): 279, (81, 81): 31, (81, 196): 31, (82, 37): 279, (82, 240): 279, (83, 47): 31, (83, 230): 31, (87, 103): 279, (87, 174): 279, (89, 110): 279, (89, 167): 279, (91, 40): 279, (91, 237): 279, (92, 74): 279, (92, 203): 279, (97, 4): 279, (97, 273): 279, (98, 107): 279, (98, 170): 279, (99, 57): 31, (99, 220): 31, (100, 96): 93, (100, 181): 93, (104, 126): 279, (104, 151): 279, (105, 132): 279, (105, 145): 279, (107, 16): 279, (107, 261): 279, (111, 131): 279, (111, 146): 279, (112, 114): 279, (112, 163): 279, (113, 75): 93, (113, 202): 93, (114, 58): 279, (114, 219): 279, (116, 30): 279, (116, 247): 279, (117, 102): 279, (117, 175): 279, (118, 77): 279, (118, 200): 279, (121, 10): 279, (121, 267): 279, (122, 102): 279, (122, 175): 279, (125, 113): 31, (125, 164): 31, (126, 60): 279, (126, 217): 279, (128, 1): 31, (128, 276): 31, (130, 100): 279, (130, 177): 279, (133, 55): 93, (133, 222): 93, (136, 49): 279, (136, 228): 279, (138, 133): 93, (138, 144): 93, (142, 112): 31, (142, 165): 31, (143, 54): 31, (143, 223): 31, (145, 87): 279, (145, 190): 279, (146, 16): 279, (146, 261): 279, (147, 81): 279, (147, 196): 279, (148, 27): 279, (148, 250): 279, (152, 70): 93, (152, 207): 93, (155, 127): 93, (155, 150): 93, (157, 1): 93, (157, 276): 93, (159, 99): 279, (159, 178): 279, (160, 127): 279, (160, 150): 279, (164, 111): 279, (164, 166): 279, (165, 83): 279, (165, 194): 279, (173, 84): 279, (173, 193): 279, (178, 4): 279, (178, 273): 279, (180, 57): 279, (180, 220): 279, (181, 132): 279, (181, 145): 279, (182, 60): 279, (182, 217): 279, (183, 3): 93, (183, 274): 93, (184, 3): 279, (184, 274): 279, (186, 130): 279, (186, 147): 279, (187, 3): 279, (187, 274): 279, (188, 80): 279, (188, 197): 279, (189, 30): 93, (189, 247): 93, (192, 107): 279, (192, 170): 279, (194, 15): 279, (194, 262): 279, (196, 100): 93, (196, 177): 93, (208, 12): 279, (208, 265): 279, (210, 56): 279, (210, 221): 279, (212, 48): 279, (212, 229): 279, (213, 68): 31, (213, 209): 31, (214, 110): 93, (214, 167): 93, (215, 75): 93, (215, 202): 93, (219, 21): 93, (219, 256): 93, (221, 13): 279, (221, 264): 279, (223, 40): 279, (223, 237): 279, (226, 75): 93, (226, 202): 93, (228, 100): 279, (228, 177): 279, (229, 91): 93, (229, 186): 93, (233, 109): 93, (233, 168): 93, (236, 92): 93, (236, 185): 93, (237, 46): 279, (237, 231): 279, (238, 121): 279, (238, 156): 279, (239, 127): 279, (239, 150): 279, (240, 40): 279, (240, 237): 279, (242, 39): 93, (242, 238): 93, (243, 86): 279, (243, 191): 279, (244, 34): 279, (244, 243): 279, (245, 33): 9, (245, 244): 9, (246, 60): 279, (246, 217): 279, (247, 51): 279, (247, 226): 279, (249, 30): 279, (249, 247): 279, (250, 137): 93, (250, 140): 93, (251, 110): 279, (251, 167): 279, (252, 17): 279, (252, 260): 279, (255, 78): 31, (255, 199): 31, (258, 89): 279, (258, 188): 279, (260, 25): 279, (260, 252): 279, (262, 20): 93, (262, 257): 93, (264, 107): 31, (264, 170): 31, (268, 132): 3, (268, 145): 3, (269, 1): 93, (269, 276): 93, (270, 33): 279, (270, 244): 279, (271, 14): 93, (271, 263): 93, (273, 109): 279, (273, 168): 279, (275, 57): 279, (275, 220): 279}
 
281, 285, True, 3.0, 95
{'infinity': 1, (0, 94): 95, (0, 187): 95, (1, 80): 95, (1, 201): 95, (2, 6): 95, (2, 275): 95, (4, 41): 95, (4, 240): 95, (6, 98): 57, (6, 183): 57, (8, 116): 285, (8, 165): 285, (9, 106): 285, (9, 175): 285, (10, 42): 285, (10, 239): 285, (14, 137): 285, (14, 144): 285, (21, 42): 57, (21, 239): 57, (24, 126): 285, (24, 155): 285, (25, 105): 285, (25, 176): 285, (31, 36): 95, (31, 245): 95, (33, 38): 285, (33, 243): 285, (34, 72): 19, (34, 209): 19, (35, 97): 285, (35, 184): 285, (38, 56): 285, (38, 225): 285, (41, 38): 57, (41, 243): 57, (44, 53): 285, (44, 228): 285, (46, 50): 285, (46, 231): 285, (51, 79): 285, (51, 202): 285, (60, 138): 285, (60, 143): 285, (61, 98): 19, (61, 183): 19, (62, 116): 285, (62, 165): 285, (67, 85): 285, (67, 196): 285, (70, 1): 57, (70, 280): 57, (71, 119): 285, (71, 162): 285, (72, 101): 285, (72, 180): 285, (74, 140): 285, (74, 141): 285, (78, 93): 285, (78, 188): 285, (79, 50): 95, (79, 231): 95, (82, 68): 285, (82, 213): 285, (83, 72): 95, (83, 209): 95, (85, 138): 285, (85, 143): 285, (87, 10): 95, (87, 271): 95, (88, 20): 95, (88, 261): 95, (91, 106): 95, (91, 175): 95, (92, 14): 57, (92, 267): 57, (94, 65): 285, (94, 216): 285, (98, 122): 285, (98, 159): 285, (99, 99): 285, (99, 182): 285, (101, 115): 95, (101, 166): 95, (103, 33): 285, (103, 248): 285, (104, 21): 15, (104, 260): 15, (105, 97): 285, (105, 184): 285, (106, 112): 15, (106, 169): 15, (107, 110): 95, (107, 171): 95, (108, 55): 95, (108, 226): 95, (109, 80): 285, (109, 201): 285, (110, 34): 285, (110, 247): 285, (111, 15): 285, (111, 266): 285, (112, 135): 19, (112, 146): 19, (113, 128): 285, (113, 153): 285, (117, 113): 95, (117, 168): 95, (119, 39): 285, (119, 242): 285, (120, 48): 57, (120, 233): 57, (123, 75): 95, (123, 206): 95, (125, 29): 19, (125, 252): 19, (127, 32): 285, (127, 249): 285, (129, 130): 285, (129, 151): 285, (130, 12): 285, (130, 269): 285, (132, 13): 285, (132, 268): 285, (134, 73): 95, (134, 208): 95, (136, 138): 95, (136, 143): 95, (140, 26): 19, (140, 255): 19, (141, 97): 57, (141, 184): 57, (143, 40): 285, (143, 241): 285, (145, 95): 285, (145, 186): 285, (149, 9): 57, (149, 272): 57, (151, 54): 285, (151, 227): 285, (154, 120): 95, (154, 161): 95, (156, 50): 57, (156, 231): 57, (158, 37): 95, (158, 244): 95, (163, 22): 5, (163, 259): 5, (164, 72): 95, (164, 209): 95, (167, 22): 285, (167, 259): 285, (169, 3): 285, (169, 278): 285, (170, 5): 285, (170, 276): 285, (171, 80): 285, (171, 201): 285, (172, 34): 57, (172, 247): 57, (173, 63): 285, (173, 218): 285, (175, 114): 285, (175, 167): 285, (176, 26): 285, (176, 255): 285, (177, 86): 285, (177, 195): 285, (178, 2): 57, (178, 279): 57, (179, 108): 15, (179, 173): 15, (180, 90): 95, (180, 191): 95, (181, 106): 285, (181, 175): 285, (185, 74): 19, (185, 207): 19, (188, 83): 57, (188, 198): 57, (195, 107): 95, (195, 174): 95, (196, 95): 95, (196, 186): 95, (198, 113): 57, (198, 168): 57, (201, 89): 285, (201, 192): 285, (202, 29): 19, (202, 252): 19, (203, 84): 95, (203, 197): 95, (204, 57): 285, (204, 224): 285, (206, 76): 95, (206, 205): 95, (207, 38): 285, (207, 243): 285, (208, 130): 5, (208, 151): 5, (209, 100): 95, (209, 181): 95, (211, 116): 95, (211, 165): 95, (213, 45): 285, (213, 236): 285, (214, 98): 3, (214, 183): 3, (215, 124): 95, (215, 157): 95, (217, 27): 95, (217, 254): 95, (218, 58): 285, (218, 223): 285, (219, 1): 285, (219, 280): 285, (220, 85): 285, (220, 196): 285, (221, 95): 285, (221, 186): 285, (222, 61): 95, (222, 220): 95, (225, 130): 285, (225, 151): 285, (226, 10): 285, (226, 271): 285, (227, 119): 95, (227, 162): 95, (228, 109): 57, (228, 172): 57, (229, 65): 95, (229, 216): 95, (230, 62): 95, (230, 219): 95, (231, 105): 285, (231, 176): 285, (232, 22): 285, (232, 259): 285, (234, 43): 15, (234, 238): 15, (235, 29): 19, (235, 252): 19, (236, 20): 57, (236, 261): 57, (238, 20): 285, (238, 261): 285, (239, 65): 285, (239, 216): 285, (240, 140): 285, (240, 141): 285, (242, 64): 285, (242, 217): 285, (244, 131): 57, (244, 150): 57, (245, 52): 285, (245, 229): 285, (246, 26): 285, (246, 255): 285, (247, 113): 285, (247, 168): 285, (248, 140): 19, (248, 141): 19, (249, 10): 285, (249, 271): 285, (250, 42): 95, (250, 239): 95, (254, 88): 285, (254, 193): 285, (259, 81): 285, (259, 200): 285, (260, 36): 285, (260, 245): 285, (263, 96): 285, (263, 185): 285, (264, 119): 57, (264, 162): 57, (271, 36): 57, (271, 245): 57, (273, 1): 95, (273, 280): 95, (275, 85): 285, (275, 196): 285, (280, 34): 95, (280, 247): 95}
 
283, 279, True, 3.0, 93
{'infinity': 1, (1, 47): 279, (1, 236): 279, (3, 93): 279, (3, 190): 279, (4, 63): 279, (4, 220): 279, (6, 8): 93, (6, 275): 93, (8, 98): 93, (8, 185): 93, (9, 24): 9, (9, 259): 9, (10, 112): 279, (10, 171): 279, (12, 93): 279, (12, 190): 279, (16, 140): 93, (16, 143): 93, (17, 46): 93, (17, 237): 93, (18, 4): 279, (18, 279): 279, (23, 38): 93, (23, 245): 93, (26, 125): 279, (26, 158): 279, (27, 89): 279, (27, 194): 279, (28, 68): 93, (28, 215): 93, (30, 44): 31, (30, 239): 31, (31, 24): 279, (31, 259): 279, (32, 58): 93, (32, 225): 93, (35, 13): 279, (35, 270): 279, (37, 87): 93, (37, 196): 93, (39, 3): 279, (39, 280): 279, (40, 16): 279, (40, 267): 279, (42, 108): 279, (42, 175): 279, (44, 5): 279, (44, 278): 279, (45, 20): 93, (45, 263): 93, (46, 14): 31, (46, 269): 31, (51, 48): 279, (51, 235): 279, (53, 48): 93, (53, 235): 93, (56, 90): 279, (56, 193): 279, (57, 15): 279, (57, 268): 279, (62, 125): 279, (62, 158): 279, (64, 3): 279, (64, 280): 279, (70, 121): 279, (70, 162): 279, (71, 110): 279, (71, 173): 279, (73, 100): 31, (73, 183): 31, (74, 98): 279, (74, 185): 279, (81, 140): 31, (81, 143): 31, (82, 1): 279, (82, 282): 279, (83, 103): 279, (83, 180): 279, (84, 115): 31, (84, 168): 31, (85, 110): 279, (85, 173): 279, (86, 62): 93, (86, 221): 93, (87, 42): 279, (87, 241): 279, (89, 5): 93, (89, 278): 93, (90, 100): 93, (90, 183): 93, (92, 27): 93, (92, 256): 93, (94, 32): 279, (94, 251): 279, (95, 32): 279, (95, 251): 279, (96, 99): 279, (96, 184): 279, (99, 29): 93, (99, 254): 93, (102, 118): 279, (102, 165): 279, (103, 92): 279, (103, 191): 279, (105, 128): 279, (105, 155): 279, (106, 108): 279, (106, 175): 279, (108, 90): 279, (108, 193): 279, (111, 105): 279, (111, 178): 279, (112, 56): 9, (112, 227): 9, (113, 36): 279, (113, 247): 279, (114, 64): 279, (114, 219): 279, (116, 43): 279, (116, 240): 279, (119, 90): 93, (119, 193): 93, (120, 100): 93, (120, 183): 93, (121, 122): 93, (121, 161): 93, (127, 110): 279, (127, 173): 279, (132, 76): 279, (132, 207): 279, (135, 108): 31, (135, 175): 31, (136, 30): 279, (136, 253): 279, (139, 123): 279, (139, 160): 279, (140, 34): 279, (140, 249): 279, (142, 91): 279, (142, 192): 279, (144, 57): 93, (144, 226): 93, (147, 82): 93, (147, 201): 93, (150, 5): 279, (150, 278): 279, (151, 85): 279, (151, 198): 279, (152, 7): 279, (152, 276): 279, (153, 119): 279, (153, 164): 279, (154, 61): 31, (154, 222): 31, (156, 81): 31, (156, 202): 31, (158, 134): 279, (158, 149): 279, (164, 72): 279, (164, 211): 279, (165, 12): 279, (165, 271): 279, (168, 45): 279, (168, 238): 279, (172, 109): 279, (172, 174): 279, (174, 51): 279, (174, 232): 279, (175, 72): 279, (175, 211): 279, (176, 45): 279, (176, 238): 279, (178, 101): 279, (178, 182): 279, (179, 48): 279, (179, 235): 279, (180, 3): 31, (180, 280): 31, (186, 140): 93, (186, 143): 93, (188, 137): 279, (188, 146): 279, (189, 137): 279, (189, 146): 279, (190, 35): 279, (190, 248): 279, (191, 88): 279, (191, 195): 279, (192, 134): 279, (192, 149): 279, (195, 125): 279, (195, 158): 279, (197, 136): 279, (197, 147): 279, (198, 81): 31, (198, 202): 31, (199, 25): 279, (199, 258): 279, (201, 98): 279, (201, 185): 279, (203, 22): 31, (203, 261): 31, (206, 106): 93, (206, 177): 93, (208, 50): 279, (208, 233): 279, (209, 1): 279, (209, 282): 279, (212, 81): 31, (212, 202): 31, (216, 134): 93, (216, 149): 93, (218, 64): 93, (218, 219): 93, (219, 92): 279, (219, 191): 279, (222, 45): 279, (222, 238): 279, (225, 102): 31, (225, 181): 31, (226, 18): 279, (226, 265): 279, (227, 72): 279, (227, 211): 279, (228, 54): 93, (228, 229): 93, (231, 74): 93, (231, 209): 93, (234, 64): 279, (234, 219): 279, (236, 127): 279, (236, 156): 279, (237, 97): 279, (237, 186): 279, (242, 70): 31, (242, 213): 31, (243, 24): 93, (243, 259): 93, (244, 92): 279, (244, 191): 279, (248, 83): 93, (248, 200): 93, (249, 138): 279, (249, 145): 279, (251, 79): 279, (251, 204): 279, (252, 16): 279, (252, 267): 279, (253, 126): 9, (253, 157): 9, (256, 77): 279, (256, 206): 279, (260, 37): 279, (260, 246): 279, (261, 111): 279, (261, 172): 279, (262, 28): 279, (262, 255): 279, (263, 21): 279, (263, 262): 279, (264, 114): 279, (264, 169): 279, (265, 120): 279, (265, 163): 279, (268, 93): 31, (268, 190): 31, (270, 26): 93, (270, 257): 93, (273, 80): 279, (273, 203): 279, (274, 16): 3, (274, 267): 3, (275, 1): 93, (275, 282): 93, (276, 84): 279, (276, 199): 279, (282, 86): 279, (282, 197): 279}
 
293, 273, True, 3.0, 91
{'infinity': 1, (1, 82): 91, (1, 211): 91, (2, 125): 91, (2, 168): 91, (4, 52): 39, (4, 241): 39, (5, 143): 273, (5, 150): 273, (13, 56): 273, (13, 237): 273, (14, 116): 273, (14, 177): 273, (16, 69): 91, (16, 224): 91, (17, 81): 273, (17, 212): 273, (21, 22): 273, (21, 271): 273, (23, 31): 91, (23, 262): 91, (25, 143): 273, (25, 150): 273, (26, 23): 273, (26, 270): 273, (28, 99): 273, (28, 194): 273, (29, 6): 39, (29, 287): 39, (34, 95): 21, (34, 198): 21, (38, 114): 273, (38, 179): 273, (39, 92): 273, (39, 201): 273, (40, 8): 39, (40, 285): 39, (43, 103): 273, (43, 190): 273, (45, 131): 39, (45, 162): 39, (46, 6): 91, (46, 287): 91, (48, 107): 273, (48, 186): 273, (55, 34): 273, (55, 259): 273, (57, 59): 91, (57, 234): 91, (58, 57): 273, (58, 236): 273, (60, 57): 273, (60, 236): 273, (62, 1): 273, (62, 292): 273, (63, 114): 273, (63, 179): 273, (64, 138): 91, (64, 155): 91, (65, 82): 273, (65, 211): 273, (66, 19): 91, (66, 274): 91, (67, 66): 273, (67, 227): 273, (68, 16): 91, (68, 277): 91, (70, 5): 273, (70, 288): 273, (71, 119): 91, (71, 174): 91, (72, 3): 91, (72, 290): 91, (73, 71): 91, (73, 222): 91, (74, 16): 91, (74, 277): 91, (75, 137): 273, (75, 156): 273, (76, 98): 13, (76, 195): 13, (77, 4): 273, (77, 289): 273, (81, 25): 273, (81, 268): 273, (84, 60): 91, (84, 233): 91, (85, 146): 273, (85, 147): 273, (88, 14): 91, (88, 279): 91, (89, 8): 3, (89, 285): 3, (91, 23): 91, (91, 270): 91, (94, 76): 273, (94, 217): 273, (95, 21): 273, (95, 272): 273, (96, 86): 273, (96, 207): 273, (97, 34): 91, (97, 259): 91, (98, 123): 39, (98, 170): 39, (99, 119): 91, (99, 174): 91, (100, 4): 273, (100, 289): 273, (105, 122): 91, (105, 171): 91, (108, 134): 273, (108, 159): 273, (110, 110): 39, (110, 183): 39, (111, 37): 273, (111, 256): 273, (112, 67): 273, (112, 226): 273, (113, 91): 39, (113, 202): 39, (114, 93): 91, (114, 200): 91, (116, 4): 91, (116, 289): 91, (120, 129): 273, (120, 164): 273, (122, 125): 91, (122, 168): 91, (123, 119): 7, (123, 174): 7, (124, 141): 273, (124, 152): 273, (125, 104): 273, (125, 189): 273, (127, 41): 91, (127, 252): 91, (128, 47): 91, (128, 246): 91, (133, 9): 273, (133, 284): 273, (134, 97): 273, (134, 196): 273, (135, 72): 21, (135, 221): 21, (137, 7): 13, (137, 286): 13, (139, 48): 91, (139, 245): 91, (141, 34): 273, (141, 259): 273, (142, 26): 273, (142, 267): 273, (143, 13): 273, (143, 280): 273, (151, 16): 7, (151, 277): 7, (152, 77): 273, (152, 216): 273, (156, 2): 273, (156, 291): 273, (158, 27): 273, (158, 266): 273, (164, 8): 13, (164, 285): 13, (167, 90): 273, (167, 203): 273, (169, 125): 91, (169, 168): 91, (171, 141): 273, (171, 152): 273, (175, 57): 273, (175, 236): 273, (176, 23): 273, (176, 270): 273, (177, 136): 273, (177, 157): 273, (178, 30): 91, (178, 263): 91, (180, 128): 91, (180, 165): 91, (182, 102): 273, (182, 191): 273, (186, 13): 273, (186, 280): 273, (189, 109): 13, (189, 184): 13, (190, 53): 21, (190, 240): 21, (192, 114): 39, (192, 179): 39, (193, 136): 273, (193, 157): 273, (195, 63): 39, (195, 230): 39, (196, 77): 39, (196, 216): 39, (198, 28): 273, (198, 265): 273, (199, 132): 273, (199, 161): 273, (201, 110): 13, (201, 183): 13, (205, 83): 273, (205, 210): 273, (208, 88): 91, (208, 205): 91, (209, 140): 273, (209, 153): 273, (212, 127): 91, (212, 166): 91, (216, 136): 273, (216, 157): 273, (218, 6): 273, (218, 287): 273, (219, 26): 273, (219, 267): 273, (225, 26): 7, (225, 267): 7, (227, 82): 273, (227, 211): 273, (228, 19): 273, (228, 274): 273, (229, 126): 273, (229, 167): 273, (236, 79): 273, (236, 214): 273, (237, 10): 273, (237, 283): 273, (238, 77): 91, (238, 216): 91, (239, 1): 21, (239, 292): 21, (241, 86): 91, (241, 207): 91, (243, 46): 273, (243, 247): 273, (245, 18): 273, (245, 275): 273, (247, 137): 91, (247, 156): 91, (249, 86): 273, (249, 207): 273, (252, 112): 273, (252, 181): 273, (256, 113): 39, (256, 180): 39, (257, 13): 21, (257, 280): 21, (262, 45): 21, (262, 248): 21, (263, 143): 91, (263, 150): 91, (264, 137): 273, (264, 156): 273, (273, 73): 91, (273, 220): 91, (275, 110): 39, (275, 183): 39, (280, 124): 273, (280, 169): 273, (283, 105): 273, (283, 188): 273, (285, 1): 91, (285, 292): 91, (287, 70): 273, (287, 223): 273, (289, 54): 273, (289, 239): 273, (291, 141): 13, (291, 152): 13, (292, 19): 273, (292, 274): 273}
 
307, 288, False, 18.0, 16
{'infinity': 1, (0, 42): 48, (0, 265): 48, (1, 111): 48, (1, 196): 48, (6, 132): 6, (6, 175): 6, (7, 28): 48, (7, 279): 48, (8, 134): 12, (8, 173): 12, (10, 80): 16, (10, 227): 16, (13, 131): 48, (13, 176): 48, (15, 48): 48, (15, 259): 48, (17, 98): 12, (17, 209): 12, (21, 84): 24, (21, 223): 24, (22, 72): 4, (22, 235): 4, (24, 0): 2, (25, 153): 48, (25, 154): 48, (26, 35): 4, (26, 272): 4, (28, 2): 48, (28, 305): 48, (29, 32): 6, (29, 275): 6, (30, 88): 48, (30, 219): 48, (31, 109): 48, (31, 198): 48, (32, 94): 48, (32, 213): 48, (33, 134): 24, (33, 173): 24, (36, 103): 48, (36, 204): 48, (37, 70): 48, (37, 237): 48, (39, 58): 48, (39, 249): 48, (40, 117): 24, (40, 190): 24, (41, 1): 48, (41, 306): 48, (44, 31): 6, (44, 276): 6, (46, 122): 6, (46, 185): 6, (49, 89): 12, (49, 218): 12, (50, 31): 8, (50, 276): 8, (51, 21): 24, (51, 286): 24, (52, 29): 48, (52, 278): 48, (54, 110): 48, (54, 197): 48, (57, 102): 24, (57, 205): 24, (58, 57): 48, (58, 250): 48, (61, 144): 12, (61, 163): 12, (62, 102): 48, (62, 205): 48, (66, 57): 24, (66, 250): 24, (68, 86): 48, (68, 221): 48, (69, 79): 8, (69, 228): 8, (72, 40): 48, (72, 267): 48, (73, 70): 3, (73, 237): 3, (74, 137): 6, (74, 170): 6, (75, 141): 48, (75, 166): 48, (76, 80): 24, (76, 227): 24, (77, 71): 12, (77, 236): 12, (78, 54): 48, (78, 253): 48, (80, 136): 6, (80, 171): 6, (81, 58): 24, (81, 249): 24, (82, 153): 12, (82, 154): 12, (88, 148): 48, (88, 159): 48, (89, 151): 6, (89, 156): 6, (90, 30): 24, (90, 277): 24, (92, 13): 3, (92, 294): 3, (93, 33): 6, (93, 274): 6, (95, 2): 8, (95, 305): 8, (96, 62): 48, (96, 245): 48, (97, 120): 48, (97, 187): 48, (101, 45): 24, (101, 262): 24, (102, 87): 24, (102, 220): 24, (106, 96): 48, (106, 211): 48, (108, 28): 16, (108, 279): 16, (114, 83): 12, (114, 224): 12, (120, 85): 48, (120, 222): 48, (125, 65): 24, (125, 242): 24, (127, 78): 48, (127, 229): 48, (129, 89): 24, (129, 218): 24, (134, 23): 48, (134, 284): 48, (135, 72): 24, (135, 235): 24, (138, 98): 48, (138, 209): 48, (139, 6): 16, (139, 301): 16, (141, 39): 16, (141, 268): 16, (143, 76): 48, (143, 231): 48, (145, 55): 24, (145, 252): 24, (147, 101): 6, (147, 206): 6, (148, 56): 24, (148, 251): 24, (150, 72): 24, (150, 235): 24, (151, 143): 3, (151, 164): 3, (152, 98): 48, (152, 209): 48, (153, 63): 48, (153, 244): 48, (155, 8): 12, (155, 299): 12, (158, 95): 48, (158, 212): 48, (160, 9): 48, (160, 298): 48, (162, 14): 24, (162, 293): 24, (166, 127): 48, (166, 180): 48, (168, 27): 48, (168, 280): 48, (169, 8): 48, (169, 299): 48, (174, 77): 48, (174, 230): 48, (175, 152): 48, (175, 155): 48, (176, 67): 12, (176, 240): 12, (178, 121): 48, (178, 186): 48, (179, 146): 24, (179, 161): 24, (181, 146): 8, (181, 161): 8, (183, 57): 48, (183, 250): 48, (184, 2): 48, (184, 305): 48, (186, 142): 48, (186, 165): 48, (187, 58): 48, (187, 249): 48, (188, 102): 48, (188, 205): 48, (191, 52): 48, (191, 255): 48, (192, 28): 24, (192, 279): 24, (193, 4): 48, (193, 303): 48, (194, 75): 48, (194, 232): 48, (195, 90): 24, (195, 217): 24, (196, 152): 6, (196, 155): 6, (197, 70): 48, (197, 237): 48, (200, 153): 48, (200, 154): 48, (201, 51): 48, (201, 256): 48, (202, 67): 24, (202, 240): 24, (205, 74): 12, (205, 233): 12, (206, 125): 48, (206, 182): 48, (209, 44): 6, (209, 263): 6, (213, 31): 24, (213, 276): 24, (215, 17): 6, (215, 290): 6, (218, 36): 48, (218, 271): 48, (219, 50): 48, (219, 257): 48, (221, 80): 48, (221, 227): 48, (226, 85): 12, (226, 222): 12, (229, 108): 48, (229, 199): 48, (232, 15): 24, (232, 292): 24, (233, 118): 48, (233, 189): 48, (235, 123): 24, (235, 184): 24, (236, 67): 24, (236, 240): 24, (237, 22): 24, (237, 285): 24, (243, 152): 16, (243, 155): 16, (248, 5): 48, (248, 302): 48, (253, 115): 12, (253, 192): 12, (254, 146): 12, (254, 161): 12, (256, 18): 12, (256, 289): 12, (258, 121): 24, (258, 186): 24, (259, 68): 48, (259, 239): 48, (266, 134): 24, (266, 173): 24, (267, 82): 24, (267, 225): 24, (268, 85): 48, (268, 222): 48, (271, 139): 16, (271, 168): 16, (274, 1): 24, (274, 306): 24, (286, 69): 48, (286, 238): 48, (287, 0): 2, (289, 116): 48, (289, 191): 48, (290, 8): 16, (290, 299): 16, (294, 113): 12, (294, 194): 12, (295, 48): 48, (295, 259): 48, (298, 105): 3, (298, 202): 3, (299, 1): 16, (299, 306): 16, (303, 0): 2, (304, 48): 24, (304, 259): 24, (306, 73): 12, (306, 234): 12}
 
311, 333, True, 3.0, 111
{'infinity': 1, (0, 114): 37, (0, 197): 37, (3, 4): 333, (3, 307): 333, (4, 78): 333, (4, 233): 333, (5, 83): 333, (5, 228): 333, (6, 142): 111, (6, 169): 111, (8, 76): 333, (8, 235): 333, (10, 141): 111, (10, 170): 111, (12, 4): 111, (12, 307): 111, (14, 47): 333, (14, 264): 333, (15, 115): 111, (15, 196): 111, (16, 138): 111, (16, 173): 111, (17, 97): 333, (17, 214): 333, (18, 135): 111, (18, 176): 111, (21, 46): 333, (21, 265): 333, (25, 142): 111, (25, 169): 111, (26, 33): 37, (26, 278): 37, (27, 72): 333, (27, 239): 333, (29, 65): 111, (29, 246): 111, (32, 29): 111, (32, 282): 111, (33, 20): 37, (33, 291): 37, (34, 108): 333, (34, 203): 333, (36, 17): 333, (36, 294): 333, (37, 26): 111, (37, 285): 111, (39, 16): 333, (39, 295): 333, (40, 116): 333, (40, 195): 333, (41, 147): 333, (41, 164): 333, (45, 57): 333, (45, 254): 333, (46, 93): 37, (46, 218): 37, (49, 120): 333, (49, 191): 333, (52, 120): 37, (52, 191): 37, (54, 20): 333, (54, 291): 333, (59, 151): 111, (59, 160): 111, (60, 122): 333, (60, 189): 333, (63, 45): 333, (63, 266): 333, (64, 101): 3, (64, 210): 3, (66, 47): 37, (66, 264): 37, (67, 100): 333, (67, 211): 333, (69, 100): 333, (69, 211): 333, (74, 114): 333, (74, 197): 333, (75, 49): 333, (75, 262): 333, (77, 43): 333, (77, 268): 333, (79, 103): 333, (79, 208): 333, (80, 136): 333, (80, 175): 333, (81, 54): 333, (81, 257): 333, (83, 39): 37, (83, 272): 37, (84, 146): 111, (84, 165): 111, (85, 93): 333, (85, 218): 333, (86, 49): 111, (86, 262): 111, (87, 152): 333, (87, 159): 333, (89, 147): 333, (89, 164): 333, (90, 40): 333, (90, 271): 333, (91, 13): 333, (91, 298): 333, (93, 91): 333, (93, 220): 333, (94, 137): 333, (94, 174): 333, (96, 154): 111, (96, 157): 111, (98, 76): 111, (98, 235): 111, (99, 22): 9, (99, 289): 9, (100, 105): 333, (100, 206): 333, (102, 90): 333, (102, 221): 333, (104, 45): 111, (104, 266): 111, (106, 1): 333, (106, 310): 333, (108, 144): 333, (108, 167): 333, (109, 91): 333, (109, 220): 333, (110, 128): 333, (110, 183): 333, (111, 122): 333, (111, 189): 333, (114, 151): 37, (114, 160): 37, (115, 26): 37, (115, 285): 37, (116, 155): 333, (116, 156): 333, (122, 149): 333, (122, 162): 333, (123, 119): 333, (123, 192): 333, (126, 32): 111, (126, 279): 111, (127, 126): 333, (127, 185): 333, (128, 97): 333, (128, 214): 333, (129, 17): 333, (129, 294): 333, (132, 61): 333, (132, 250): 333, (134, 140): 111, (134, 171): 111, (138, 151): 111, (138, 160): 111, (140, 122): 111, (140, 189): 111, (141, 42): 333, (141, 269): 333, (142, 8): 333, (142, 303): 333, (144, 45): 333, (144, 266): 333, (145, 10): 333, (145, 301): 333, (146, 17): 111, (146, 294): 111, (150, 49): 333, (150, 262): 333, (151, 145): 333, (151, 166): 333, (152, 37): 333, (152, 274): 333, (154, 107): 111, (154, 204): 111, (157, 63): 37, (157, 248): 37, (159, 26): 111, (159, 285): 111, (165, 123): 333, (165, 188): 333, (166, 97): 37, (166, 214): 37, (167, 77): 333, (167, 234): 333, (168, 81): 333, (168, 230): 333, (171, 34): 37, (171, 277): 37, (173, 9): 333, (173, 302): 333, (174, 3): 333, (174, 308): 333, (175, 100): 333, (175, 211): 333, (180, 93): 333, (180, 218): 333, (181, 147): 333, (181, 164): 333, (182, 123): 111, (182, 188): 111, (183, 10): 333, (183, 301): 333, (186, 74): 333, (186, 237): 333, (187, 28): 111, (187, 283): 111, (188, 18): 333, (188, 293): 333, (194, 25): 111, (194, 286): 111, (196, 37): 9, (196, 274): 9, (197, 9): 111, (197, 302): 111, (200, 34): 37, (200, 277): 37, (201, 30): 333, (201, 281): 333, (203, 88): 333, (203, 223): 333, (205, 76): 333, (205, 235): 333, (207, 77): 333, (207, 234): 333, (210, 120): 333, (210, 191): 333, (211, 139): 333, (211, 172): 333, (212, 95): 333, (212, 216): 333, (213, 1): 333, (213, 310): 333, (214, 81): 333, (214, 230): 333, (216, 84): 111, (216, 227): 111, (217, 44): 333, (217, 267): 333, (219, 133): 333, (219, 178): 333, (220, 53): 333, (220, 258): 333, (221, 148): 333, (221, 163): 333, (223, 50): 37, (223, 261): 37, (224, 20): 333, (224, 291): 333, (231, 47): 333, (231, 264): 333, (232, 12): 333, (232, 299): 333, (234, 14): 333, (234, 297): 333, (237, 114): 333, (237, 197): 333, (238, 32): 333, (238, 279): 333, (239, 11): 111, (239, 300): 111, (240, 81): 333, (240, 230): 333, (241, 67): 333, (241, 244): 333, (243, 121): 333, (243, 190): 333, (245, 136): 111, (245, 175): 111, (246, 155): 333, (246, 156): 333, (248, 77): 37, (248, 234): 37, (250, 117): 333, (250, 194): 333, (251, 34): 37, (251, 277): 37, (252, 9): 9, (252, 302): 9, (257, 152): 333, (257, 159): 333, (258, 32): 333, (258, 279): 333, (260, 155): 333, (260, 156): 333, (264, 99): 333, (264, 212): 333, (266, 106): 333, (266, 205): 333, (268, 153): 333, (268, 158): 333, (269, 75): 111, (269, 236): 111, (271, 69): 333, (271, 242): 333, (272, 143): 333, (272, 168): 333, (274, 37): 333, (274, 274): 333, (275, 123): 333, (275, 188): 333, (278, 152): 333, (278, 159): 333, (280, 142): 111, (280, 169): 111, (281, 109): 333, (281, 202): 333, (284, 110): 333, (284, 201): 333, (288, 38): 111, (288, 273): 111, (290, 118): 333, (290, 193): 333, (294, 10): 111, (294, 301): 111, (295, 130): 333, (295, 181): 333, (296, 4): 333, (296, 307): 333, (297, 136): 333, (297, 175): 333, (299, 115): 37, (299, 196): 37, (300, 59): 333, (300, 252): 333, (303, 1): 111, (303, 310): 111, (304, 35): 333, (304, 276): 333, (307, 2): 37, (307, 309): 37, (308, 115): 111, (308, 196): 111}
 
313, 315, False, 3.0, 105
{'infinity': 1, (2, 14): 5, (2, 299): 5, (3, 85): 105, (3, 228): 105, (6, 30): 105, (6, 283): 105, (8, 38): 21, (8, 275): 21, (10, 137): 35, (10, 176): 35, (12, 85): 105, (12, 228): 105, (14, 59): 21, (14, 254): 21, (17, 102): 105, (17, 211): 105, (19, 144): 105, (19, 169): 105, (22, 84): 3, (22, 229): 3, (24, 82): 15, (24, 231): 15, (25, 93): 3, (25, 220): 3, (28, 18): 105, (28, 295): 105, (35, 70): 105, (35, 243): 105, (38, 145): 105, (38, 168): 105, (39, 121): 105, (39, 192): 105, (43, 39): 21, (43, 274): 21, (45, 154): 105, (45, 159): 105, (46, 83): 105, (46, 230): 105, (48, 19): 105, (48, 294): 105, (51, 16): 21, (51, 297): 21, (52, 42): 35, (52, 271): 35, (54, 62): 21, (54, 251): 21, (57, 97): 105, (57, 216): 105, (59, 128): 105, (59, 185): 105, (61, 19): 105, (61, 294): 105, (63, 52): 35, (63, 261): 35, (64, 98): 105, (64, 215): 105, (69, 34): 105, (69, 279): 105, (70, 11): 15, (70, 302): 15, (71, 142): 105, (71, 171): 105, (72, 16): 15, (72, 297): 15, (74, 154): 105, (74, 159): 105, (75, 111): 105, (75, 202): 105, (77, 150): 35, (77, 163): 35, (79, 51): 105, (79, 262): 105, (83, 118): 21, (83, 195): 21, (85, 84): 105, (85, 229): 105, (86, 120): 105, (86, 193): 105, (88, 106): 35, (88, 207): 35, (89, 111): 105, (89, 202): 105, (92, 112): 15, (92, 201): 15, (93, 82): 105, (93, 231): 105, (94, 49): 105, (94, 264): 105, (97, 124): 21, (97, 189): 21, (98, 42): 105, (98, 271): 105, (99, 73): 15, (99, 240): 15, (100, 99): 105, (100, 214): 105, (101, 141): 35, (101, 172): 35, (102, 110): 21, (102, 203): 21, (105, 61): 21, (105, 252): 21, (106, 137): 105, (106, 176): 105, (111, 69): 105, (111, 244): 105, (113, 45): 105, (113, 268): 105, (118, 39): 21, (118, 274): 21, (119, 151): 105, (119, 162): 105, (120, 6): 105, (120, 307): 105, (121, 98): 105, (121, 215): 105, (125, 128): 105, (125, 185): 105, (128, 98): 105, (128, 215): 105, (129, 128): 21, (129, 185): 21, (130, 33): 105, (130, 280): 105, (131, 71): 15, (131, 242): 15, (132, 119): 105, (132, 194): 105, (135, 35): 105, (135, 278): 105, (138, 30): 105, (138, 283): 105, (142, 100): 105, (142, 213): 105, (143, 53): 105, (143, 260): 105, (144, 88): 21, (144, 225): 21, (147, 63): 15, (147, 250): 15, (149, 111): 21, (149, 202): 21, (150, 148): 105, (150, 165): 105, (152, 39): 21, (152, 274): 21, (153, 26): 105, (153, 287): 105, (155, 107): 105, (155, 206): 105, (156, 117): 105, (156, 196): 105, (158, 147): 21, (158, 166): 21, (159, 105): 105, (159, 208): 105, (160, 91): 105, (160, 222): 105, (161, 155): 105, (161, 158): 105, (163, 42): 105, (163, 271): 105, (164, 115): 35, (164, 198): 35, (165, 2): 105, (165, 311): 105, (167, 92): 21, (167, 221): 21, (169, 30): 105, (169, 283): 105, (171, 132): 105, (171, 181): 105, (172, 75): 35, (172, 238): 35, (175, 88): 105, (175, 225): 105, (177, 27): 105, (177, 286): 105, (181, 37): 15, (181, 276): 15, (184, 32): 105, (184, 281): 105, (186, 36): 105, (186, 277): 105, (187, 35): 105, (187, 278): 105, (188, 32): 15, (188, 281): 15, (190, 16): 105, (190, 297): 105, (193, 60): 105, (193, 253): 105, (194, 154): 105, (194, 159): 105, (195, 155): 105, (195, 158): 105, (196, 82): 35, (196, 231): 35, (197, 137): 105, (197, 176): 105, (198, 105): 105, (198, 208): 105, (199, 20): 105, (199, 293): 105, (203, 95): 105, (203, 218): 105, (204, 19): 7, (204, 294): 7, (206, 84): 105, (206, 229): 105, (208, 139): 105, (208, 174): 105, (211, 109): 105, (211, 204): 105, (214, 101): 15, (214, 212): 15, (215, 148): 15, (215, 165): 15, (221, 13): 21, (221, 300): 21, (222, 87): 7, (222, 226): 7, (223, 5): 15, (223, 308): 15, (224, 115): 5, (224, 198): 5, (225, 15): 21, (225, 298): 21, (226, 65): 105, (226, 248): 105, (229, 43): 21, (229, 270): 21, (233, 143): 105, (233, 170): 105, (234, 89): 105, (234, 224): 105, (238, 115): 35, (238, 198): 35, (239, 151): 105, (239, 162): 105, (243, 94): 21, (243, 219): 21, (244, 17): 35, (244, 296): 35, (246, 48): 15, (246, 265): 15, (251, 152): 105, (251, 161): 105, (253, 77): 105, (253, 236): 105, (254, 32): 7, (254, 281): 7, (255, 45): 105, (255, 268): 105, (256, 104): 105, (256, 209): 105, (258, 45): 21, (258, 268): 21, (259, 123): 105, (259, 190): 105, (260, 129): 105, (260, 184): 105, (261, 148): 105, (261, 165): 105, (263, 52): 105, (263, 261): 105, (264, 114): 21, (264, 199): 21, (266, 118): 105, (266, 195): 105, (268, 151): 15, (268, 162): 15, (269, 105): 105, (269, 208): 105, (270, 155): 15, (270, 158): 15, (272, 41): 21, (272, 272): 21, (274, 24): 105, (274, 289): 105, (275, 96): 3, (275, 217): 3, (276, 10): 21, (276, 303): 21, (277, 118): 105, (277, 195): 105, (278, 81): 105, (278, 232): 105, (280, 125): 105, (280, 188): 105, (286, 135): 105, (286, 178): 105, (294, 134): 105, (294, 179): 105, (298, 85): 105, (298, 228): 105, (299, 74): 105, (299, 239): 105, (300, 52): 105, (300, 261): 105, (304, 35): 3, (304, 278): 3, (305, 1): 105, (305, 312): 105, (306, 79): 35, (306, 234): 35, (307, 88): 15, (307, 225): 15, (309, 56): 105, (309, 257): 105, (311, 116): 105, (311, 197): 105, (312, 21): 105, (312, 292): 105}
 
317, 297, True, 3.0, 99
{'infinity': 1, (1, 9): 297, (1, 308): 297, (2, 97): 99, (2, 220): 99, (5, 20): 297, (5, 297): 297, (6, 122): 297, (6, 195): 297, (7, 157): 11, (7, 160): 11, (13, 3): 297, (13, 314): 297, (15, 90): 297, (15, 227): 297, (16, 32): 99, (16, 285): 99, (17, 82): 297, (17, 235): 297, (20, 67): 99, (20, 250): 99, (21, 55): 297, (21, 262): 297, (26, 85): 297, (26, 232): 297, (29, 129): 297, (29, 188): 297, (30, 131): 297, (30, 186): 297, (32, 19): 33, (32, 298): 33, (34, 42): 297, (34, 275): 297, (36, 42): 11, (36, 275): 11, (38, 125): 297, (38, 192): 297, (40, 56): 297, (40, 261): 297, (41, 102): 297, (41, 215): 297, (43, 18): 297, (43, 299): 297, (45, 109): 297, (45, 208): 297, (53, 56): 297, (53, 261): 297, (56, 12): 27, (56, 305): 27, (59, 38): 27, (59, 279): 27, (61, 143): 99, (61, 174): 99, (63, 5): 297, (63, 312): 297, (64, 134): 33, (64, 183): 33, (66, 120): 297, (66, 197): 297, (67, 97): 297, (67, 220): 297, (68, 51): 297, (68, 266): 297, (70, 26): 297, (70, 291): 297, (71, 49): 297, (71, 268): 297, (73, 143): 99, (73, 174): 99, (75, 47): 297, (75, 270): 297, (76, 37): 99, (76, 280): 99, (77, 44): 297, (77, 273): 297, (78, 72): 33, (78, 245): 33, (79, 138): 33, (79, 179): 33, (82, 125): 297, (82, 192): 297, (83, 44): 297, (83, 273): 297, (84, 129): 297, (84, 188): 297, (85, 28): 99, (85, 289): 99, (87, 74): 297, (87, 243): 297, (88, 131): 9, (88, 186): 9, (90, 94): 99, (90, 223): 99, (91, 155): 297, (91, 162): 297, (92, 120): 297, (92, 197): 297, (95, 53): 99, (95, 264): 99, (98, 109): 99, (98, 208): 99, (99, 77): 297, (99, 240): 297, (100, 133): 33, (100, 184): 33, (101, 85): 9, (101, 232): 9, (103, 22): 297, (103, 295): 297, (106, 39): 297, (106, 278): 297, (107, 55): 297, (107, 262): 297, (108, 130): 99, (108, 187): 99, (109, 62): 297, (109, 255): 297, (110, 1): 297, (110, 316): 297, (112, 18): 297, (112, 299): 297, (113, 8): 99, (113, 309): 99, (114, 63): 297, (114, 254): 297, (115, 114): 297, (115, 203): 297, (123, 157): 33, (123, 160): 33, (124, 124): 99, (124, 193): 99, (128, 7): 297, (128, 310): 297, (133, 104): 297, (133, 213): 297, (134, 80): 297, (134, 237): 297, (135, 108): 99, (135, 209): 99, (138, 69): 297, (138, 248): 297, (140, 52): 297, (140, 265): 297, (141, 158): 297, (141, 159): 297, (148, 126): 297, (148, 191): 297, (149, 117): 297, (149, 200): 297, (151, 35): 297, (151, 282): 297, (153, 150): 33, (153, 167): 33, (155, 46): 297, (155, 271): 297, (157, 44): 9, (157, 273): 9, (159, 120): 297, (159, 197): 297, (162, 18): 297, (162, 299): 297, (163, 65): 297, (163, 252): 297, (164, 115): 99, (164, 202): 99, (166, 43): 297, (166, 274): 297, (172, 121): 297, (172, 196): 297, (174, 109): 297, (174, 208): 297, (177, 147): 297, (177, 170): 297, (178, 61): 99, (178, 256): 99, (181, 66): 99, (181, 251): 99, (182, 71): 11, (182, 246): 11, (183, 143): 33, (183, 174): 33, (186, 117): 99, (186, 200): 99, (187, 157): 33, (187, 160): 33, (189, 55): 297, (189, 262): 297, (190, 85): 297, (190, 232): 297, (192, 148): 297, (192, 169): 297, (193, 78): 297, (193, 239): 297, (196, 95): 297, (196, 222): 297, (197, 125): 11, (197, 192): 11, (198, 30): 27, (198, 287): 27, (199, 131): 297, (199, 186): 297, (200, 54): 297, (200, 263): 297, (201, 40): 99, (201, 277): 99, (202, 92): 297, (202, 225): 297, (204, 129): 297, (204, 188): 297, (205, 46): 297, (205, 271): 297, (208, 112): 99, (208, 205): 99, (210, 7): 297, (210, 310): 297, (213, 45): 27, (213, 272): 27, (214, 110): 99, (214, 207): 99, (215, 1): 27, (215, 316): 27, (220, 68): 297, (220, 249): 297, (221, 104): 297, (221, 213): 297, (224, 56): 3, (224, 261): 3, (228, 149): 297, (228, 168): 297, (233, 8): 99, (233, 309): 99, (236, 119): 27, (236, 198): 27, (244, 80): 297, (244, 237): 297, (246, 91): 297, (246, 226): 297, (247, 42): 297, (247, 275): 297, (248, 97): 27, (248, 220): 27, (249, 135): 297, (249, 182): 297, (254, 14): 297, (254, 303): 297, (256, 80): 99, (256, 237): 99, (261, 146): 27, (261, 171): 27, (262, 39): 297, (262, 278): 297, (263, 130): 99, (263, 187): 99, (266, 39): 297, (266, 278): 297, (270, 72): 27, (270, 245): 27, (271, 76): 297, (271, 241): 297, (274, 46): 99, (274, 271): 99, (276, 87): 99, (276, 230): 99, (280, 104): 297, (280, 213): 297, (281, 26): 99, (281, 291): 99, (283, 26): 297, (283, 291): 297, (286, 72): 297, (286, 245): 297, (288, 8): 33, (288, 309): 33, (294, 101): 297, (294, 216): 297, (296, 7): 99, (296, 310): 99, (299, 117): 297, (299, 200): 297, (301, 103): 297, (301, 214): 297, (304, 23): 297, (304, 294): 297, (305, 90): 297, (305, 227): 297, (306, 137): 11, (306, 180): 11, (309, 1): 99, (309, 316): 99, (311, 75): 297, (311, 242): 297, (312, 33): 297, (312, 284): 297, (313, 31): 99, (313, 286): 99, (314, 90): 297, (314, 227): 297}
 
331, 321, True, 3.0, 107
{'infinity': 1, (5, 120): 321, (5, 211): 321, (6, 20): 107, (6, 311): 107, (8, 48): 321, (8, 283): 321, (11, 153): 321, (11, 178): 321, (15, 62): 107, (15, 269): 107, (17, 45): 321, (17, 286): 321, (19, 79): 321, (19, 252): 321, (21, 68): 107, (21, 263): 107, (22, 107): 107, (22, 224): 107, (24, 26): 107, (24, 305): 107, (25, 77): 321, (25, 254): 321, (28, 82): 107, (28, 249): 107, (31, 147): 321, (31, 184): 321, (32, 123): 107, (32, 208): 107, (34, 161): 107, (34, 170): 107, (36, 78): 321, (36, 253): 321, (37, 151): 321, (37, 180): 321, (38, 135): 321, (38, 196): 321, (44, 100): 321, (44, 231): 321, (45, 107): 321, (45, 224): 321, (46, 119): 107, (46, 212): 107, (47, 54): 107, (47, 277): 107, (50, 5): 321, (50, 326): 321, (53, 128): 321, (53, 203): 321, (57, 89): 321, (57, 242): 321, (59, 16): 321, (59, 315): 321, (60, 33): 321, (60, 298): 321, (61, 109): 321, (61, 222): 321, (67, 64): 321, (67, 267): 321, (68, 73): 321, (68, 258): 321, (69, 130): 321, (69, 201): 321, (70, 95): 321, (70, 236): 321, (73, 113): 321, (73, 218): 321, (74, 68): 321, (74, 263): 321, (75, 137): 107, (75, 194): 107, (77, 163): 321, (77, 168): 321, (78, 37): 321, (78, 294): 321, (80, 93): 321, (80, 238): 321, (83, 26): 321, (83, 305): 321, (85, 54): 321, (85, 277): 321, (87, 24): 107, (87, 307): 107, (88, 67): 321, (88, 264): 321, (89, 18): 321, (89, 313): 321, (93, 48): 107, (93, 283): 107, (95, 75): 321, (95, 256): 321, (97, 36): 321, (97, 295): 321, (98, 120): 321, (98, 211): 321, (101, 1): 107, (101, 330): 107, (104, 18): 321, (104, 313): 321, (105, 69): 321, (105, 262): 321, (108, 19): 321, (108, 312): 321, (117, 151): 107, (117, 180): 107, (119, 7): 107, (119, 324): 107, (122, 95): 321, (122, 236): 321, (123, 137): 321, (123, 194): 321, (124, 139): 321, (124, 192): 321, (125, 162): 107, (125, 169): 107, (126, 157): 321, (126, 174): 321, (128, 35): 321, (128, 296): 321, (130, 140): 107, (130, 191): 107, (133, 137): 321, (133, 194): 321, (137, 8): 321, (137, 323): 321, (138, 18): 321, (138, 313): 321, (139, 95): 107, (139, 236): 107, (140, 149): 321, (140, 182): 321, (142, 84): 321, (142, 247): 321, (144, 51): 107, (144, 280): 107, (145, 138): 107, (145, 193): 107, (149, 123): 321, (149, 208): 321, (150, 123): 321, (150, 208): 321, (151, 97): 107, (151, 234): 107, (153, 32): 321, (153, 299): 321, (154, 41): 107, (154, 290): 107, (155, 79): 321, (155, 252): 321, (156, 133): 107, (156, 198): 107, (157, 79): 107, (157, 252): 107, (159, 108): 107, (159, 223): 107, (160, 9): 107, (160, 322): 107, (162, 150): 321, (162, 181): 321, (164, 124): 321, (164, 207): 321, (166, 81): 321, (166, 250): 321, (167, 13): 107, (167, 318): 107, (170, 83): 321, (170, 248): 321, (171, 30): 321, (171, 301): 321, (173, 44): 321, (173, 287): 321, (174, 6): 321, (174, 325): 321, (175, 156): 107, (175, 175): 107, (176, 6): 107, (176, 325): 107, (177, 151): 321, (177, 180): 321, (181, 164): 321, (181, 167): 321, (182, 164): 321, (182, 167): 321, (183, 110): 321, (183, 221): 321, (189, 144): 321, (189, 187): 321, (195, 149): 107, (195, 182): 107, (199, 54): 321, (199, 277): 321, (200, 122): 321, (200, 209): 321, (202, 148): 107, (202, 183): 107, (203, 114): 321, (203, 217): 321, (206, 104): 321, (206, 227): 321, (207, 14): 107, (207, 317): 107, (212, 57): 321, (212, 274): 321, (213, 59): 321, (213, 272): 321, (214, 41): 107, (214, 290): 107, (215, 145): 321, (215, 186): 321, (216, 51): 321, (216, 280): 321, (223, 17): 321, (223, 314): 321, (224, 26): 321, (224, 305): 321, (228, 120): 321, (228, 211): 321, (230, 48): 321, (230, 283): 321, (232, 32): 321, (232, 299): 321, (234, 4): 107, (234, 327): 107, (235, 136): 321, (235, 195): 321, (236, 68): 321, (236, 263): 321, (238, 1): 107, (238, 330): 107, (241, 115): 107, (241, 216): 107, (244, 111): 321, (244, 220): 321, (245, 157): 321, (245, 174): 321, (251, 40): 321, (251, 291): 321, (253, 85): 321, (253, 246): 321, (254, 94): 107, (254, 237): 107, (257, 75): 321, (257, 256): 321, (264, 107): 321, (264, 224): 321, (265, 73): 321, (265, 258): 321, (271, 47): 321, (271, 284): 321, (275, 88): 321, (275, 243): 321, (277, 32): 107, (277, 299): 107, (279, 60): 321, (279, 271): 321, (280, 86): 321, (280, 245): 321, (281, 25): 321, (281, 306): 321, (283, 129): 321, (283, 202): 321, (286, 64): 107, (286, 267): 107, (288, 21): 321, (288, 310): 321, (291, 157): 107, (291, 174): 107, (293, 31): 107, (293, 300): 107, (294, 41): 107, (294, 290): 107, (295, 155): 107, (295, 176): 107, (296, 12): 107, (296, 319): 107, (297, 116): 107, (297, 215): 107, (298, 49): 321, (298, 282): 321, (299, 164): 321, (299, 167): 321, (300, 15): 321, (300, 316): 321, (301, 29): 107, (301, 302): 107, (302, 51): 321, (302, 280): 321, (303, 154): 107, (303, 177): 107, (305, 127): 321, (305, 204): 321, (306, 103): 321, (306, 228): 321, (308, 117): 107, (308, 214): 107, (309, 64): 321, (309, 267): 321, (310, 75): 107, (310, 256): 107, (311, 121): 321, (311, 210): 321, (312, 6): 321, (312, 325): 321, (313, 132): 321, (313, 199): 321, (314, 131): 107, (314, 200): 107, (319, 62): 321, (319, 269): 321, (320, 61): 321, (320, 270): 321, (322, 142): 3, (322, 189): 3, (323, 1): 107, (323, 330): 107, (327, 149): 321, (327, 182): 321, (328, 62): 321, (328, 269): 321, (329, 73): 107, (329, 258): 107}
 
337, 315, False, 3.0, 105
{'infinity': 1, (0, 90): 105, (0, 247): 105, (2, 84): 35, (2, 253): 35, (4, 58): 21, (4, 279): 21, (7, 69): 105, (7, 268): 105, (14, 28): 21, (14, 309): 21, (17, 135): 105, (17, 202): 105, (20, 152): 21, (20, 185): 21, (23, 9): 105, (23, 328): 105, (25, 129): 35, (25, 208): 35, (29, 157): 21, (29, 180): 21, (30, 59): 105, (30, 278): 105, (33, 122): 105, (33, 215): 105, (36, 155): 15, (36, 182): 15, (40, 39): 105, (40, 298): 105, (41, 47): 21, (41, 290): 21, (42, 28): 105, (42, 309): 105, (43, 36): 105, (43, 301): 105, (47, 167): 21, (47, 170): 21, (48, 134): 105, (48, 203): 105, (52, 6): 35, (52, 331): 35, (53, 99): 21, (53, 238): 21, (54, 1): 105, (54, 336): 105, (55, 136): 15, (55, 201): 15, (56, 44): 105, (56, 293): 105, (59, 129): 105, (59, 208): 105, (60, 53): 105, (60, 284): 105, (61, 11): 35, (61, 326): 35, (62, 81): 105, (62, 256): 105, (63, 60): 105, (63, 277): 105, (64, 159): 35, (64, 178): 35, (66, 49): 105, (66, 288): 105, (69, 157): 105, (69, 180): 105, (70, 14): 105, (70, 323): 105, (74, 88): 105, (74, 249): 105, (76, 2): 105, (76, 335): 105, (82, 64): 15, (82, 273): 15, (84, 75): 105, (84, 262): 105, (85, 137): 15, (85, 200): 15, (88, 25): 105, (88, 312): 105, (89, 159): 15, (89, 178): 15, (90, 150): 21, (90, 187): 21, (91, 92): 105, (91, 245): 105, (93, 137): 105, (93, 200): 105, (94, 71): 105, (94, 266): 105, (98, 116): 105, (98, 221): 105, (101, 93): 105, (101, 244): 105, (106, 16): 21, (106, 321): 21, (109, 68): 15, (109, 269): 15, (111, 90): 7, (111, 247): 7, (112, 130): 21, (112, 207): 21, (113, 109): 105, (113, 228): 105, (114, 154): 105, (114, 183): 105, (116, 51): 105, (116, 286): 105, (117, 88): 21, (117, 249): 21, (119, 166): 105, (119, 171): 105, (120, 139): 15, (120, 198): 15, (125, 47): 105, (125, 290): 105, (128, 146): 35, (128, 191): 35, (131, 87): 21, (131, 250): 21, (132, 48): 105, (132, 289): 105, (133, 114): 105, (133, 223): 105, (134, 151): 105, (134, 186): 105, (135, 76): 105, (135, 261): 105, (136, 52): 105, (136, 285): 105, (137, 59): 35, (137, 278): 35, (138, 5): 105, (138, 332): 105, (140, 82): 105, (140, 255): 105, (141, 147): 105, (141, 190): 105, (143, 45): 7, (143, 292): 7, (145, 135): 5, (145, 202): 5, (146, 88): 15, (146, 249): 15, (148, 77): 105, (148, 260): 105, (150, 40): 105, (150, 297): 105, (153, 78): 105, (153, 259): 105, (156, 162): 105, (156, 175): 105, (157, 96): 21, (157, 241): 21, (159, 137): 21, (159, 200): 21, (161, 125): 7, (161, 212): 7, (162, 80): 15, (162, 257): 15, (163, 13): 15, (163, 324): 15, (170, 59): 105, (170, 278): 105, (171, 47): 105, (171, 290): 105, (174, 23): 105, (174, 314): 105, (175, 135): 105, (175, 202): 105, (182, 113): 105, (182, 224): 105, (184, 159): 21, (184, 178): 21, (185, 43): 105, (185, 294): 105, (186, 74): 21, (186, 263): 21, (190, 77): 105, (190, 260): 105, (192, 80): 3, (192, 257): 3, (193, 21): 105, (193, 316): 105, (194, 37): 35, (194, 300): 35, (195, 101): 105, (195, 236): 105, (199, 148): 105, (199, 189): 105, (201, 4): 21, (201, 333): 21, (205, 42): 105, (205, 295): 105, (206, 108): 105, (206, 229): 105, (210, 107): 105, (210, 230): 105, (216, 32): 105, (216, 305): 105, (219, 40): 21, (219, 297): 21, (225, 131): 105, (225, 206): 105, (226, 90): 105, (226, 247): 105, (232, 142): 105, (232, 195): 105, (233, 43): 3, (233, 294): 3, (235, 109): 105, (235, 228): 105, (236, 62): 15, (236, 275): 15, (237, 16): 35, (237, 321): 35, (238, 139): 105, (238, 198): 105, (239, 157): 105, (239, 180): 105, (247, 56): 15, (247, 281): 15, (248, 78): 21, (248, 259): 21, (250, 73): 105, (250, 264): 105, (251, 127): 105, (251, 210): 105, (253, 129): 105, (253, 208): 105, (255, 161): 105, (255, 176): 105, (256, 43): 105, (256, 294): 105, (258, 118): 3, (258, 219): 3, (262, 115): 105, (262, 222): 105, (265, 25): 105, (265, 312): 105, (267, 133): 105, (267, 204): 105, (268, 116): 105, (268, 221): 105, (269, 76): 105, (269, 261): 105, (270, 76): 105, (270, 261): 105, (271, 86): 105, (271, 251): 105, (273, 78): 105, (273, 259): 105, (274, 145): 35, (274, 192): 35, (278, 75): 15, (278, 262): 15, (280, 81): 105, (280, 256): 105, (281, 28): 105, (281, 309): 105, (282, 20): 15, (282, 317): 15, (284, 41): 105, (284, 296): 105, (285, 160): 35, (285, 177): 35, (291, 1): 105, (291, 336): 105, (292, 102): 105, (292, 235): 105, (295, 44): 105, (295, 293): 105, (297, 152): 21, (297, 185): 21, (300, 103): 105, (300, 234): 105, (301, 95): 21, (301, 242): 21, (302, 85): 105, (302, 252): 105, (304, 110): 105, (304, 227): 105, (305, 40): 105, (305, 297): 105, (306, 119): 21, (306, 218): 21, (308, 116): 15, (308, 221): 15, (311, 153): 15, (311, 184): 15, (312, 75): 21, (312, 262): 21, (315, 63): 105, (315, 274): 105, (316, 139): 105, (316, 198): 105, (317, 39): 105, (317, 298): 105, (320, 80): 5, (320, 257): 5, (321, 25): 35, (321, 312): 35, (323, 44): 21, (323, 293): 21, (326, 109): 105, (326, 228): 105, (328, 97): 3, (328, 240): 3, (329, 1): 105, (329, 336): 105, (331, 16): 105, (331, 321): 105, (332, 81): 105, (332, 256): 105, (336, 77): 105, (336, 260): 105}
 
347, 357, True, 3.0, 119
{'infinity': 1, (0, 70): 21, (0, 277): 21, (1, 44): 119, (1, 303): 119, (3, 14): 51, (3, 333): 51, (4, 118): 357, (4, 229): 357, (5, 144): 357, (5, 203): 357, (8, 109): 51, (8, 238): 51, (12, 14): 119, (12, 333): 119, (13, 167): 357, (13, 180): 357, (14, 54): 119, (14, 293): 119, (15, 98): 357, (15, 249): 357, (16, 75): 119, (16, 272): 119, (18, 148): 357, (18, 199): 357, (21, 167): 357, (21, 180): 357, (25, 78): 7, (25, 269): 7, (26, 40): 357, (26, 307): 357, (27, 33): 119, (27, 314): 119, (28, 156): 357, (28, 191): 357, (29, 40): 119, (29, 307): 119, (30, 145): 119, (30, 202): 119, (31, 137): 357, (31, 210): 357, (32, 148): 119, (32, 199): 119, (34, 110): 357, (34, 237): 357, (37, 158): 357, (37, 189): 357, (39, 89): 51, (39, 258): 51, (40, 105): 17, (40, 242): 17, (43, 89): 119, (43, 258): 119, (46, 103): 119, (46, 244): 119, (47, 61): 357, (47, 286): 357, (52, 95): 357, (52, 252): 357, (53, 141): 119, (53, 206): 119, (54, 51): 119, (54, 296): 119, (55, 162): 7, (55, 185): 7, (56, 55): 357, (56, 292): 357, (57, 105): 357, (57, 242): 357, (58, 87): 357, (58, 260): 357, (59, 159): 357, (59, 188): 357, (60, 49): 357, (60, 298): 357, (62, 65): 119, (62, 282): 119, (63, 54): 357, (63, 293): 357, (64, 69): 21, (64, 278): 21, (67, 106): 119, (67, 241): 119, (69, 173): 17, (69, 174): 17, (71, 122): 357, (71, 225): 357, (81, 78): 51, (81, 269): 51, (82, 12): 357, (82, 335): 357, (84, 117): 357, (84, 230): 357, (86, 141): 119, (86, 206): 119, (87, 63): 119, (87, 284): 119, (88, 77): 357, (88, 270): 357, (89, 172): 119, (89, 175): 119, (93, 120): 357, (93, 227): 357, (98, 115): 119, (98, 232): 119, (99, 117): 357, (99, 230): 357, (100, 120): 357, (100, 227): 357, (102, 25): 119, (102, 322): 119, (103, 137): 119, (103, 210): 119, (105, 3): 119, (105, 344): 119, (106, 151): 357, (106, 196): 357, (108, 145): 119, (108, 202): 119, (110, 158): 21, (110, 189): 21, (113, 116): 357, (113, 231): 357, (117, 107): 119, (117, 240): 119, (118, 87): 357, (118, 260): 357, (121, 44): 357, (121, 303): 357, (123, 159): 119, (123, 188): 119, (124, 65): 357, (124, 282): 357, (125, 48): 357, (125, 299): 357, (132, 60): 357, (132, 287): 357, (133, 108): 357, (133, 239): 357, (134, 20): 357, (134, 327): 357, (135, 95): 21, (135, 252): 21, (139, 26): 357, (139, 321): 357, (140, 15): 357, (140, 332): 357, (141, 31): 51, (141, 316): 51, (142, 43): 21, (142, 304): 21, (143, 90): 357, (143, 257): 357, (150, 76): 17, (150, 271): 17, (151, 93): 357, (151, 254): 357, (153, 84): 357, (153, 263): 357, (154, 120): 357, (154, 227): 357, (155, 68): 51, (155, 279): 51, (156, 17): 357, (156, 330): 357, (157, 56): 357, (157, 291): 357, (158, 129): 357, (158, 218): 357, (160, 95): 119, (160, 252): 119, (161, 65): 357, (161, 282): 357, (162, 118): 357, (162, 229): 357, (164, 117): 357, (164, 230): 357, (165, 159): 357, (165, 188): 357, (166, 97): 357, (166, 250): 357, (167, 99): 119, (167, 248): 119, (169, 8): 119, (169, 339): 119, (170, 125): 357, (170, 222): 357, (171, 87): 357, (171, 260): 357, (172, 66): 51, (172, 281): 51, (173, 171): 357, (173, 176): 357, (176, 146): 357, (176, 201): 357, (177, 132): 51, (177, 215): 51, (179, 149): 51, (179, 198): 51, (181, 118): 119, (181, 229): 119, (183, 52): 357, (183, 295): 357, (184, 57): 119, (184, 290): 119, (185, 97): 119, (185, 250): 119, (187, 9): 357, (187, 338): 357, (189, 170): 357, (189, 177): 357, (190, 50): 119, (190, 297): 119, (194, 81): 119, (194, 266): 119, (196, 88): 3, (196, 259): 3, (199, 92): 357, (199, 255): 357, (200, 158): 17, (200, 189): 17, (201, 32): 17, (201, 315): 17, (203, 166): 357, (203, 181): 357, (207, 30): 17, (207, 317): 17, (208, 141): 119, (208, 206): 119, (209, 145): 17, (209, 202): 17, (212, 9): 119, (212, 338): 119, (213, 137): 357, (213, 210): 357, (221, 133): 357, (221, 214): 357, (225, 44): 51, (225, 303): 51, (229, 146): 119, (229, 201): 119, (232, 17): 357, (232, 330): 357, (234, 94): 357, (234, 253): 357, (241, 78): 357, (241, 269): 357, (242, 128): 51, (242, 219): 51, (243, 42): 119, (243, 305): 119, (244, 20): 357, (244, 327): 357, (248, 52): 119, (248, 295): 119, (250, 105): 357, (250, 242): 357, (251, 16): 119, (251, 331): 119, (256, 2): 21, (256, 345): 21, (258, 79): 357, (258, 268): 357, (260, 64): 357, (260, 283): 357, (261, 26): 51, (261, 321): 51, (263, 52): 357, (263, 295): 357, (264, 71): 357, (264, 276): 357, (265, 89): 357, (265, 258): 357, (266, 151): 357, (266, 196): 357, (268, 10): 357, (268, 337): 357, (270, 54): 357, (270, 293): 357, (271, 131): 357, (271, 216): 357, (272, 121): 357, (272, 226): 357, (275, 58): 357, (275, 289): 357, (276, 11): 357, (276, 336): 357, (277, 160): 119, (277, 187): 119, (282, 46): 357, (282, 301): 357, (283, 135): 357, (283, 212): 357, (289, 146): 357, (289, 201): 357, (291, 23): 51, (291, 324): 51, (292, 40): 357, (292, 307): 357, (293, 134): 119, (293, 213): 119, (294, 26): 119, (294, 321): 119, (295, 9): 51, (295, 338): 51, (297, 148): 357, (297, 199): 357, (303, 123): 357, (303, 224): 357, (304, 12): 119, (304, 335): 119, (305, 13): 17, (305, 334): 17, (306, 17): 357, (306, 330): 357, (308, 12): 357, (308, 335): 357, (311, 147): 357, (311, 200): 357, (313, 167): 119, (313, 180): 119, (314, 35): 357, (314, 312): 357, (316, 20): 357, (316, 327): 357, (318, 162): 357, (318, 185): 357, (319, 142): 119, (319, 205): 119, (320, 6): 119, (320, 341): 119, (321, 162): 357, (321, 185): 357, (322, 151): 119, (322, 196): 119, (326, 110): 119, (326, 237): 119, (328, 130): 357, (328, 217): 357, (331, 59): 7, (331, 288): 7, (332, 14): 357, (332, 333): 357, (334, 110): 357, (334, 237): 357, (335, 98): 357, (335, 249): 357, (339, 1): 119, (339, 346): 119, (340, 37): 357, (340, 310): 357, (342, 140): 357, (342, 207): 357, (343, 97): 51, (343, 250): 51, (344, 98): 51, (344, 249): 51}
 
349, 351, False, 3.0, 117
{'infinity': 1, (0, 38): 9, (0, 311): 9, (2, 146): 39, (2, 203): 39, (3, 105): 9, (3, 244): 9, (7, 47): 117, (7, 302): 117, (8, 161): 117, (8, 188): 117, (9, 160): 117, (9, 189): 117, (10, 113): 117, (10, 236): 117, (12, 105): 39, (12, 244): 39, (15, 133): 117, (15, 216): 117, (16, 90): 13, (16, 259): 13, (17, 165): 9, (17, 184): 9, (20, 101): 9, (20, 248): 9, (22, 16): 117, (22, 333): 117, (24, 174): 39, (24, 175): 39, (29, 60): 117, (29, 289): 117, (33, 114): 117, (33, 235): 117, (35, 19): 39, (35, 330): 39, (37, 114): 117, (37, 235): 117, (38, 171): 117, (38, 178): 117, (39, 56): 117, (39, 293): 117, (41, 144): 117, (41, 205): 117, (45, 168): 13, (45, 181): 13, (47, 131): 39, (47, 218): 39, (48, 3): 117, (48, 346): 117, (55, 5): 117, (55, 344): 117, (56, 165): 117, (56, 184): 117, (60, 116): 117, (60, 233): 117, (62, 134): 117, (62, 215): 117, (65, 17): 117, (65, 332): 117, (67, 58): 117, (67, 291): 117, (68, 21): 13, (68, 328): 13, (69, 124): 3, (69, 225): 3, (71, 135): 117, (71, 214): 117, (73, 82): 117, (73, 267): 117, (74, 50): 39, (74, 299): 39, (75, 151): 117, (75, 198): 117, (76, 25): 117, (76, 324): 117, (77, 116): 117, (77, 233): 117, (78, 15): 117, (78, 334): 117, (79, 153): 117, (79, 196): 117, (80, 67): 117, (80, 282): 117, (81, 3): 117, (81, 346): 117, (83, 44): 117, (83, 305): 117, (85, 142): 39, (85, 207): 39, (86, 153): 117, (86, 196): 117, (90, 117): 39, (90, 232): 39, (94, 163): 117, (94, 186): 117, (95, 160): 117, (95, 189): 117, (96, 90): 39, (96, 259): 39, (99, 174): 39, (99, 175): 39, (100, 34): 117, (100, 315): 117, (101, 143): 117, (101, 206): 117, (104, 37): 117, (104, 312): 117, (105, 92): 117, (105, 257): 117, (106, 22): 117, (106, 327): 117, (108, 7): 3, (108, 342): 3, (111, 83): 39, (111, 266): 39, (112, 164): 117, (112, 185): 117, (113, 94): 39, (113, 255): 39, (115, 55): 117, (115, 294): 117, (116, 81): 117, (116, 268): 117, (117, 132): 117, (117, 217): 117, (118, 46): 117, (118, 303): 117, (119, 101): 117, (119, 248): 117, (122, 5): 117, (122, 344): 117, (125, 25): 39, (125, 324): 39, (126, 58): 117, (126, 291): 117, (127, 100): 117, (127, 249): 117, (129, 68): 117, (129, 281): 117, (133, 86): 39, (133, 263): 39, (138, 89): 117, (138, 260): 117, (139, 4): 117, (139, 345): 117, (140, 171): 117, (140, 178): 117, (145, 18): 39, (145, 331): 39, (147, 60): 39, (147, 289): 39, (148, 25): 117, (148, 324): 117, (149, 102): 39, (149, 247): 39, (152, 57): 117, (152, 292): 117, (156, 58): 9, (156, 291): 9, (159, 64): 39, (159, 285): 39, (160, 49): 117, (160, 300): 117, (163, 79): 39, (163, 270): 39, (165, 152): 39, (165, 197): 39, (166, 65): 117, (166, 284): 117, (169, 62): 39, (169, 287): 39, (170, 159): 39, (170, 190): 39, (171, 171): 117, (171, 178): 117, (172, 5): 117, (172, 344): 117, (173, 60): 117, (173, 289): 117, (176, 97): 117, (176, 252): 117, (178, 126): 117, (178, 223): 117, (179, 169): 117, (179, 180): 117, (180, 120): 117, (180, 229): 117, (181, 137): 3, (181, 212): 3, (182, 29): 39, (182, 320): 39, (184, 153): 39, (184, 196): 39, (187, 155): 117, (187, 194): 117, (192, 69): 39, (192, 280): 39, (197, 141): 117, (197, 208): 117, (199, 79): 13, (199, 270): 13, (201, 13): 39, (201, 336): 39, (202, 97): 117, (202, 252): 117, (204, 11): 117, (204, 338): 117, (206, 148): 117, (206, 201): 117, (209, 126): 39, (209, 223): 39, (210, 101): 117, (210, 248): 117, (211, 30): 117, (211, 319): 117, (212, 116): 39, (212, 233): 39, (215, 130): 117, (215, 219): 117, (216, 99): 117, (216, 250): 117, (219, 29): 13, (219, 320): 13, (220, 3): 39, (220, 346): 39, (221, 130): 39, (221, 219): 39, (224, 13): 117, (224, 336): 117, (225, 8): 117, (225, 341): 117, (226, 174): 39, (226, 175): 39, (230, 4): 117, (230, 345): 117, (232, 123): 9, (232, 226): 9, (235, 148): 117, (235, 201): 117, (236, 166): 39, (236, 183): 39, (237, 90): 39, (237, 259): 39, (239, 154): 39, (239, 195): 39, (240, 66): 13, (240, 283): 13, (245, 160): 117, (245, 189): 117, (246, 115): 117, (246, 234): 117, (248, 129): 39, (248, 220): 39, (253, 164): 117, (253, 185): 117, (254, 37): 117, (254, 312): 117, (255, 20): 117, (255, 329): 117, (256, 31): 117, (256, 318): 117, (257, 148): 39, (257, 201): 39, (258, 88): 117, (258, 261): 117, (262, 130): 117, (262, 219): 117, (263, 152): 9, (263, 197): 9, (266, 91): 117, (266, 258): 117, (268, 68): 117, (268, 281): 117, (269, 12): 117, (269, 337): 117, (270, 152): 117, (270, 197): 117, (273, 13): 117, (273, 336): 117, (274, 112): 39, (274, 237): 39, (276, 165): 117, (276, 184): 117, (277, 24): 117, (277, 325): 117, (278, 42): 39, (278, 307): 39, (279, 114): 39, (279, 235): 39, (280, 84): 117, (280, 265): 117, (281, 2): 39, (281, 347): 39, (285, 55): 39, (285, 294): 39, (293, 82): 117, (293, 267): 117, (295, 106): 117, (295, 243): 117, (297, 29): 39, (297, 320): 39, (298, 55): 117, (298, 294): 117, (299, 53): 117, (299, 296): 117, (301, 68): 117, (301, 281): 117, (302, 6): 9, (302, 343): 9, (308, 95): 117, (308, 254): 117, (311, 126): 117, (311, 223): 117, (317, 119): 117, (317, 230): 117, (320, 97): 39, (320, 252): 39, (322, 139): 117, (322, 210): 117, (326, 156): 9, (326, 193): 9, (328, 59): 117, (328, 290): 117, (329, 4): 117, (329, 345): 117, (332, 82): 39, (332, 267): 39, (333, 164): 117, (333, 185): 117, (334, 105): 117, (334, 244): 117, (336, 79): 39, (336, 270): 39, (337, 133): 39, (337, 216): 39, (339, 87): 117, (339, 262): 117, (340, 37): 3, (340, 312): 3, (341, 1): 117, (341, 348): 117, (342, 128): 117, (342, 221): 117, (343, 172): 117, (343, 177): 117, (345, 33): 39, (345, 316): 39, (346, 133): 117, (346, 216): 117, (347, 162): 39, (347, 187): 39}
 
353, 357, True, 3.0, 119
{'infinity': 1, (0, 137): 357, (0, 216): 357, (1, 15): 357, (1, 338): 357, (2, 142): 119, (2, 211): 119, (3, 104): 357, (3, 249): 357, (6, 55): 119, (6, 298): 119, (11, 148): 119, (11, 205): 119, (12, 104): 357, (12, 249): 357, (13, 107): 51, (13, 246): 51, (16, 98): 119, (16, 255): 119, (18, 103): 119, (18, 250): 119, (20, 165): 357, (20, 188): 357, (22, 14): 119, (22, 339): 119, (25, 82): 17, (25, 271): 17, (27, 102): 357, (27, 251): 357, (29, 139): 357, (29, 214): 357, (34, 39): 119, (34, 314): 119, (35, 62): 51, (35, 291): 51, (36, 27): 119, (36, 326): 119, (45, 28): 357, (45, 325): 357, (46, 71): 357, (46, 282): 357, (47, 142): 357, (47, 211): 357, (48, 41): 357, (48, 312): 357, (53, 61): 357, (53, 292): 357, (57, 110): 357, (57, 243): 357, (61, 83): 119, (61, 270): 119, (62, 165): 357, (62, 188): 357, (64, 160): 51, (64, 193): 51, (65, 11): 357, (65, 342): 357, (70, 76): 357, (70, 277): 357, (73, 119): 119, (73, 234): 119, (77, 43): 357, (77, 310): 357, (80, 41): 119, (80, 312): 119, (82, 147): 357, (82, 206): 357, (83, 140): 51, (83, 213): 51, (84, 63): 357, (84, 290): 357, (88, 55): 357, (88, 298): 357, (90, 7): 17, (90, 346): 17, (92, 157): 51, (92, 196): 51, (94, 25): 119, (94, 328): 119, (95, 80): 357, (95, 273): 357, (101, 120): 119, (101, 233): 119, (103, 95): 357, (103, 258): 357, (104, 5): 357, (104, 348): 357, (105, 11): 51, (105, 342): 51, (107, 47): 357, (107, 306): 357, (108, 75): 357, (108, 278): 357, (111, 82): 357, (111, 271): 357, (112, 137): 119, (112, 216): 119, (114, 129): 357, (114, 224): 357, (115, 3): 357, (115, 350): 357, (118, 102): 357, (118, 251): 357, (119, 110): 357, (119, 243): 357, (123, 149): 357, (123, 204): 357, (127, 53): 357, (127, 300): 357, (130, 76): 357, (130, 277): 357, (131, 145): 357, (131, 208): 357, (133, 97): 357, (133, 256): 357, (139, 139): 119, (139, 214): 119, (142, 89): 17, (142, 264): 17, (143, 13): 357, (143, 340): 357, (144, 138): 119, (144, 215): 119, (145, 134): 119, (145, 219): 119, (146, 21): 357, (146, 332): 357, (148, 121): 51, (148, 232): 51, (150, 99): 357, (150, 254): 357, (151, 16): 21, (151, 337): 21, (153, 76): 119, (153, 277): 119, (158, 125): 119, (158, 228): 119, (159, 105): 357, (159, 248): 357, (160, 111): 51, (160, 242): 51, (164, 168): 357, (164, 185): 357, (166, 15): 357, (166, 338): 357, (170, 42): 119, (170, 311): 119, (172, 90): 357, (172, 263): 357, (176, 166): 357, (176, 187): 357, (177, 110): 119, (177, 243): 119, (178, 93): 357, (178, 260): 357, (179, 176): 357, (179, 177): 357, (180, 108): 119, (180, 245): 119, (183, 11): 119, (183, 342): 119, (184, 126): 357, (184, 227): 357, (185, 139): 357, (185, 214): 357, (186, 15): 119, (186, 338): 119, (188, 90): 51, (188, 263): 51, (189, 146): 357, (189, 207): 357, (191, 18): 357, (191, 335): 357, (192, 4): 21, (192, 349): 21, (194, 96): 357, (194, 257): 357, (196, 132): 357, (196, 221): 357, (197, 126): 119, (197, 227): 119, (198, 88): 357, (198, 265): 357, (199, 163): 51, (199, 190): 51, (200, 92): 119, (200, 261): 119, (202, 131): 51, (202, 222): 51, (207, 38): 357, (207, 315): 357, (208, 102): 17, (208, 251): 17, (210, 59): 21, (210, 294): 21, (211, 32): 357, (211, 321): 357, (212, 48): 357, (212, 305): 357, (213, 175): 357, (213, 178): 357, (216, 78): 119, (216, 275): 119, (217, 82): 357, (217, 271): 357, (218, 30): 119, (218, 323): 119, (219, 175): 51, (219, 178): 51, (220, 72): 357, (220, 281): 357, (222, 117): 119, (222, 236): 119, (223, 92): 7, (223, 261): 7, (225, 41): 357, (225, 312): 357, (226, 29): 119, (226, 324): 119, (228, 122): 7, (228, 231): 7, (229, 132): 51, (229, 221): 51, (231, 118): 357, (231, 235): 357, (232, 51): 17, (232, 302): 17, (233, 78): 119, (233, 275): 119, (234, 166): 357, (234, 187): 357, (235, 134): 357, (235, 219): 357, (237, 121): 119, (237, 232): 119, (238, 153): 357, (238, 200): 357, (239, 60): 21, (239, 293): 21, (241, 137): 357, (241, 216): 357, (243, 48): 357, (243, 305): 357, (244, 149): 357, (244, 204): 357, (246, 50): 3, (246, 303): 3, (247, 156): 357, (247, 197): 357, (248, 42): 21, (248, 311): 21, (251, 48): 119, (251, 305): 119, (256, 135): 17, (256, 218): 17, (257, 78): 17, (257, 275): 17, (259, 55): 357, (259, 298): 357, (261, 74): 357, (261, 279): 357, (262, 80): 119, (262, 273): 119, (264, 144): 119, (264, 209): 119, (265, 25): 17, (265, 328): 17, (268, 138): 51, (268, 215): 51, (269, 73): 21, (269, 280): 21, (270, 114): 119, (270, 239): 119, (271, 165): 119, (271, 188): 119, (274, 175): 357, (274, 178): 357, (275, 151): 357, (275, 202): 357, (276, 6): 357, (276, 347): 357, (281, 132): 357, (281, 221): 357, (283, 92): 119, (283, 261): 119, (285, 171): 357, (285, 182): 357, (286, 19): 119, (286, 334): 119, (287, 5): 357, (287, 348): 357, (288, 42): 357, (288, 311): 357, (289, 17): 357, (289, 336): 357, (291, 147): 7, (291, 206): 7, (293, 136): 357, (293, 217): 357, (294, 138): 357, (294, 215): 357, (295, 23): 119, (295, 330): 119, (296, 166): 119, (296, 187): 119, (297, 109): 51, (297, 244): 51, (304, 142): 357, (304, 211): 357, (307, 155): 357, (307, 198): 357, (308, 116): 357, (308, 237): 357, (309, 128): 357, (309, 225): 357, (312, 37): 357, (312, 316): 357, (313, 10): 119, (313, 343): 119, (315, 5): 357, (315, 348): 357, (316, 69): 357, (316, 284): 357, (317, 34): 119, (317, 319): 119, (318, 152): 119, (318, 201): 119, (319, 94): 119, (319, 259): 119, (321, 121): 357, (321, 232): 357, (325, 126): 357, (325, 227): 357, (326, 134): 357, (326, 219): 357, (329, 123): 357, (329, 230): 357, (331, 173): 357, (331, 180): 357, (333, 147): 357, (333, 206): 357, (337, 20): 357, (337, 333): 357, (338, 104): 357, (338, 249): 357, (339, 149): 357, (339, 204): 357, (343, 127): 51, (343, 226): 51, (345, 1): 119, (345, 352): 119, (346, 90): 119, (346, 263): 119, (347, 25): 119, (347, 328): 119, (349, 80): 357, (349, 273): 357}
 
359, 360, False, 36.0, 10
{'infinity': 1, (3, 16): 180, (3, 343): 180, (6, 157): 180, (6, 202): 180, (11, 66): 180, (11, 293): 180, (12, 16): 4, (12, 343): 4, (14, 108): 180, (14, 251): 180, (16, 161): 30, (16, 198): 30, (19, 111): 20, (19, 248): 20, (23, 0): 2, (24, 76): 90, (24, 283): 90, (27, 124): 30, (27, 235): 30, (31, 68): 10, (31, 291): 10, (33, 78): 9, (33, 281): 9, (35, 34): 90, (35, 325): 90, (36, 9): 36, (36, 350): 36, (39, 164): 18, (39, 195): 18, (41, 94): 45, (41, 265): 45, (43, 138): 45, (43, 221): 45, (44, 174): 180, (44, 185): 180, (45, 152): 90, (45, 207): 90, (46, 117): 5, (46, 242): 5, (47, 150): 90, (47, 209): 90, (48, 1): 90, (48, 358): 90, (49, 66): 180, (49, 293): 180, (50, 87): 10, (50, 272): 10, (52, 30): 60, (52, 329): 60, (53, 148): 90, (53, 211): 90, (54, 172): 36, (54, 187): 36, (57, 91): 90, (57, 268): 90, (60, 99): 30, (60, 260): 30, (64, 82): 90, (64, 277): 90, (68, 133): 30, (68, 226): 30, (71, 17): 90, (71, 342): 90, (72, 0): 2, (74, 134): 90, (74, 225): 90, (76, 102): 60, (76, 257): 60, (78, 3): 30, (78, 356): 30, (80, 176): 36, (80, 183): 36, (82, 107): 60, (82, 252): 60, (84, 102): 180, (84, 257): 180, (85, 54): 20, (85, 305): 20, (86, 167): 180, (86, 192): 180, (87, 167): 18, (87, 192): 18, (88, 95): 60, (88, 264): 60, (89, 89): 15, (89, 270): 15, (91, 44): 18, (91, 315): 18, (92, 124): 6, (92, 235): 6, (93, 17): 180, (93, 342): 180, (94, 174): 36, (94, 185): 36, (96, 54): 9, (96, 305): 9, (97, 101): 90, (97, 258): 90, (99, 68): 60, (99, 291): 60, (101, 50): 12, (101, 309): 12, (105, 136): 45, (105, 223): 45, (106, 19): 180, (106, 340): 180, (107, 69): 180, (107, 290): 180, (108, 175): 5, (108, 184): 5, (110, 80): 180, (110, 279): 180, (111, 11): 18, (111, 348): 18, (114, 89): 18, (114, 270): 18, (115, 109): 10, (115, 250): 10, (116, 138): 36, (116, 221): 36, (118, 118): 180, (118, 241): 180, (119, 24): 15, (119, 335): 15, (120, 35): 180, (120, 324): 180, (121, 9): 90, (121, 350): 90, (122, 154): 90, (122, 205): 90, (126, 143): 36, (126, 216): 36, (131, 29): 30, (131, 330): 30, (132, 111): 180, (132, 248): 180, (133, 67): 90, (133, 292): 90, (135, 169): 180, (135, 190): 180, (136, 122): 60, (136, 237): 60, (138, 6): 30, (138, 353): 30, (141, 12): 180, (141, 347): 180, (142, 147): 36, (142, 212): 36, (143, 152): 90, (143, 207): 90, (146, 178): 45, (146, 181): 45, (151, 20): 45, (151, 339): 45, (153, 153): 36, (153, 206): 36, (156, 89): 90, (156, 270): 90, (157, 97): 4, (157, 262): 4, (162, 15): 180, (162, 344): 180, (163, 135): 60, (163, 224): 60, (166, 140): 180, (166, 219): 180, (168, 157): 180, (168, 202): 180, (171, 152): 90, (171, 207): 90, (175, 62): 20, (175, 297): 20, (176, 145): 6, (176, 214): 6, (177, 61): 36, (177, 298): 36, (178, 54): 180, (178, 305): 180, (179, 100): 12, (179, 259): 12, (182, 5): 180, (182, 354): 180, (185, 157): 30, (185, 202): 30, (186, 167): 20, (186, 192): 20, (187, 139): 3, (187, 220): 3, (193, 115): 30, (193, 244): 30, (194, 114): 180, (194, 245): 180, (195, 17): 60, (195, 342): 60, (196, 75): 30, (196, 284): 30, (199, 102): 45, (199, 257): 45, (200, 138): 180, (200, 221): 180, (201, 40): 180, (201, 319): 180, (202, 9): 60, (202, 350): 60, (203, 58): 90, (203, 301): 90, (205, 100): 90, (205, 259): 90, (206, 21): 180, (206, 338): 180, (207, 4): 9, (207, 355): 9, (208, 111): 18, (208, 248): 18, (212, 129): 20, (212, 230): 20, (213, 8): 180, (213, 351): 180, (214, 90): 18, (214, 269): 18, (215, 125): 90, (215, 234): 90, (218, 33): 12, (218, 326): 12, (220, 90): 180, (220, 269): 180, (221, 174): 90, (221, 185): 90, (225, 125): 45, (225, 234): 45, (227, 20): 90, (227, 339): 90, (228, 93): 90, (228, 266): 90, (229, 68): 12, (229, 291): 12, (232, 81): 20, (232, 278): 20, (233, 23): 60, (233, 336): 60, (234, 145): 180, (234, 214): 180, (235, 113): 180, (235, 246): 180, (238, 97): 180, (238, 262): 180, (239, 38): 90, (239, 321): 90, (240, 124): 30, (240, 235): 30, (241, 70): 36, (241, 289): 36, (245, 58): 18, (245, 301): 18, (250, 10): 36, (250, 349): 36, (251, 104): 180, (251, 255): 180, (254, 42): 20, (254, 317): 20, (258, 13): 18, (258, 346): 18, (259, 22): 180, (259, 337): 180, (264, 0): 2, (265, 6): 90, (265, 353): 90, (267, 24): 180, (267, 335): 180, (268, 71): 90, (268, 288): 90, (270, 58): 15, (270, 301): 15, (276, 147): 45, (276, 212): 45, (278, 125): 90, (278, 234): 90, (279, 43): 10, (279, 316): 10, (280, 72): 60, (280, 287): 60, (281, 64): 180, (281, 295): 180, (282, 130): 60, (282, 229): 60, (284, 90): 60, (284, 269): 60, (285, 48): 90, (285, 311): 90, (289, 128): 45, (289, 231): 45, (292, 105): 20, (292, 254): 20, (293, 95): 6, (293, 264): 6, (295, 110): 90, (295, 249): 90, (299, 66): 30, (299, 293): 30, (300, 147): 60, (300, 212): 60, (302, 173): 180, (302, 186): 180, (305, 60): 15, (305, 299): 15, (306, 159): 90, (306, 200): 90, (307, 127): 180, (307, 232): 180, (308, 145): 180, (308, 214): 180, (310, 99): 180, (310, 260): 180, (312, 144): 90, (312, 215): 90, (315, 6): 45, (315, 353): 45, (319, 1): 45, (319, 358): 45, (320, 77): 90, (320, 282): 90, (321, 146): 90, (321, 213): 90, (322, 86): 180, (322, 273): 180, (323, 97): 90, (323, 262): 90, (327, 156): 60, (327, 203): 60, (329, 131): 90, (329, 228): 90, (332, 24): 36, (332, 335): 36, (333, 78): 180, (333, 281): 180, (334, 100): 180, (334, 259): 180, (337, 95): 60, (337, 264): 60, (340, 20): 90, (340, 339): 90, (342, 116): 180, (342, 243): 180, (344, 16): 45, (344, 343): 45, (346, 112): 180, (346, 247): 180, (348, 99): 180, (348, 260): 180, (349, 59): 180, (349, 300): 180, (351, 1): 10, (351, 358): 10, (352, 78): 180, (352, 281): 180, (354, 170): 10, (354, 189): 10, (358, 25): 180, (358, 334): 180}
 
367, 381, True, 3.0, 127
{'infinity': 1, (0, 48): 381, (0, 319): 381, (1, 46): 127, (1, 321): 127, (3, 42): 381, (3, 325): 381, (4, 12): 381, (4, 355): 381, (5, 4): 381, (5, 363): 381, (9, 161): 381, (9, 206): 381, (10, 57): 381, (10, 310): 381, (12, 42): 381, (12, 325): 381, (13, 24): 381, (13, 343): 381, (14, 56): 127, (14, 311): 127, (16, 133): 127, (16, 234): 127, (19, 165): 381, (19, 202): 381, (21, 16): 127, (21, 351): 127, (23, 119): 381, (23, 248): 381, (24, 119): 127, (24, 248): 127, (27, 79): 381, (27, 288): 381, (30, 136): 381, (30, 231): 381, (32, 166): 127, (32, 201): 127, (37, 55): 381, (37, 312): 381, (38, 123): 381, (38, 244): 381, (46, 60): 127, (46, 307): 127, (47, 110): 381, (47, 257): 381, (49, 15): 381, (49, 352): 381, (50, 151): 127, (50, 216): 127, (51, 13): 381, (51, 354): 381, (53, 128): 381, (53, 239): 381, (55, 29): 381, (55, 338): 381, (58, 130): 381, (58, 237): 381, (59, 162): 127, (59, 205): 127, (60, 38): 127, (60, 329): 127, (63, 64): 381, (63, 303): 381, (65, 88): 381, (65, 279): 381, (67, 29): 381, (67, 338): 381, (68, 158): 381, (68, 209): 381, (71, 127): 381, (71, 240): 381, (72, 123): 127, (72, 244): 127, (73, 171): 127, (73, 196): 127, (74, 82): 381, (74, 285): 381, (76, 126): 127, (76, 241): 127, (77, 89): 381, (77, 278): 381, (78, 58): 381, (78, 309): 381, (79, 3): 381, (79, 364): 381, (80, 8): 127, (80, 359): 127, (85, 66): 381, (85, 301): 381, (86, 96): 381, (86, 271): 381, (87, 131): 381, (87, 236): 381, (90, 179): 381, (90, 188): 381, (92, 116): 127, (92, 251): 127, (94, 105): 381, (94, 262): 381, (96, 91): 127, (96, 276): 127, (97, 141): 381, (97, 226): 381, (98, 177): 127, (98, 190): 127, (99, 64): 381, (99, 303): 381, (100, 125): 381, (100, 242): 381, (101, 87): 381, (101, 280): 381, (105, 174): 381, (105, 193): 381, (107, 58): 381, (107, 309): 381, (110, 178): 127, (110, 189): 127, (111, 161): 381, (111, 206): 381, (113, 148): 381, (113, 219): 381, (114, 62): 127, (114, 305): 127, (115, 151): 381, (115, 216): 381, (120, 134): 381, (120, 233): 381, (124, 41): 381, (124, 326): 381, (125, 83): 381, (125, 284): 381, (126, 79): 127, (126, 288): 127, (127, 117): 381, (127, 250): 381, (129, 7): 127, (129, 360): 127, (130, 99): 381, (130, 268): 381, (131, 176): 381, (131, 191): 381, (132, 55): 381, (132, 312): 381, (134, 114): 381, (134, 253): 381, (136, 129): 381, (136, 238): 381, (137, 28): 127, (137, 339): 127, (138, 98): 127, (138, 269): 127, (140, 47): 381, (140, 320): 381, (141, 66): 381, (141, 301): 381, (142, 3): 381, (142, 364): 381, (143, 144): 381, (143, 223): 381, (145, 59): 127, (145, 308): 127, (146, 3): 127, (146, 364): 127, (151, 57): 381, (151, 310): 381, (153, 173): 381, (153, 194): 381, (154, 128): 381, (154, 239): 381, (156, 136): 381, (156, 231): 381, (159, 133): 127, (159, 234): 127, (160, 128): 127, (160, 239): 127, (161, 25): 381, (161, 342): 381, (162, 163): 127, (162, 204): 127, (163, 71): 381, (163, 296): 381, (166, 50): 127, (166, 317): 127, (168, 76): 381, (168, 291): 381, (173, 140): 381, (173, 227): 381, (176, 106): 381, (176, 261): 381, (178, 108): 381, (178, 259): 381, (181, 136): 381, (181, 231): 381, (182, 58): 381, (182, 309): 381, (184, 139): 127, (184, 228): 127, (187, 33): 127, (187, 334): 127, (191, 118): 127, (191, 249): 127, (192, 133): 127, (192, 234): 127, (194, 34): 127, (194, 333): 127, (196, 17): 381, (196, 350): 381, (197, 168): 381, (197, 199): 381, (198, 55): 127, (198, 312): 127, (200, 139): 381, (200, 228): 381, (202, 151): 381, (202, 216): 381, (203, 63): 381, (203, 304): 381, (205, 64): 381, (205, 303): 381, (206, 57): 127, (206, 310): 127, (209, 21): 127, (209, 346): 127, (210, 155): 127, (210, 212): 127, (214, 79): 381, (214, 288): 381, (216, 25): 381, (216, 342): 381, (219, 44): 127, (219, 323): 127, (221, 36): 127, (221, 331): 127, (222, 90): 381, (222, 277): 381, (225, 36): 127, (225, 331): 127, (226, 85): 381, (226, 282): 381, (228, 6): 127, (228, 361): 127, (232, 108): 381, (232, 259): 381, (233, 39): 381, (233, 328): 381, (236, 86): 381, (236, 281): 381, (239, 159): 381, (239, 208): 381, (240, 182): 381, (240, 185): 381, (241, 173): 127, (241, 194): 127, (242, 153): 381, (242, 214): 381, (244, 61): 381, (244, 306): 381, (245, 29): 127, (245, 338): 127, (247, 161): 127, (247, 206): 127, (250, 155): 127, (250, 212): 127, (251, 121): 127, (251, 246): 127, (253, 146): 381, (253, 221): 381, (255, 63): 381, (255, 304): 381, (256, 134): 381, (256, 233): 381, (257, 123): 381, (257, 244): 381, (259, 80): 381, (259, 287): 381, (261, 95): 127, (261, 272): 127, (263, 50): 381, (263, 317): 381, (265, 67): 381, (265, 300): 381, (268, 163): 381, (268, 204): 381, (271, 167): 381, (271, 200): 381, (274, 155): 127, (274, 212): 127, (275, 138): 381, (275, 229): 381, (276, 63): 127, (276, 304): 127, (277, 183): 381, (277, 184): 381, (280, 101): 127, (280, 266): 127, (282, 85): 381, (282, 282): 381, (284, 47): 381, (284, 320): 381, (285, 137): 381, (285, 230): 381, (288, 36): 127, (288, 331): 127, (290, 69): 381, (290, 298): 381, (294, 147): 127, (294, 220): 127, (295, 178): 381, (295, 189): 381, (299, 14): 381, (299, 353): 381, (303, 127): 381, (303, 240): 381, (304, 163): 381, (304, 204): 381, (305, 50): 381, (305, 317): 381, (307, 154): 381, (307, 213): 381, (310, 47): 127, (310, 320): 127, (311, 68): 127, (311, 299): 127, (318, 142): 381, (318, 225): 381, (320, 119): 381, (320, 248): 381, (321, 170): 127, (321, 197): 127, (322, 77): 381, (322, 290): 381, (324, 108): 127, (324, 259): 127, (328, 37): 381, (328, 330): 381, (329, 178): 381, (329, 189): 381, (332, 132): 381, (332, 235): 381, (334, 70): 381, (334, 297): 381, (335, 104): 381, (335, 263): 381, (336, 5): 127, (336, 362): 127, (339, 18): 381, (339, 349): 381, (340, 173): 381, (340, 194): 381, (342, 78): 381, (342, 289): 381, (343, 110): 127, (343, 257): 127, (344, 110): 381, (344, 257): 381, (348, 109): 381, (348, 258): 381, (350, 139): 381, (350, 228): 381, (352, 42): 381, (352, 325): 381, (353, 2): 127, (353, 365): 127, (354, 27): 381, (354, 340): 381, (357, 25): 127, (357, 342): 127, (358, 134): 3, (358, 233): 3, (359, 1): 127, (359, 366): 127, (360, 127): 127, (360, 240): 127, (362, 65): 381, (362, 302): 381, (363, 157): 381, (363, 210): 381, (365, 164): 381, (365, 203): 381, (366, 32): 381, (366, 335): 381}
 
373, 375, True, 3.0, 125
{'infinity': 1, (0, 150): 375, (0, 223): 375, (1, 54): 375, (1, 319): 375, (2, 118): 125, (2, 255): 125, (5, 106): 375, (5, 267): 375, (6, 135): 125, (6, 238): 125, (7, 107): 375, (7, 266): 375, (8, 63): 125, (8, 310): 125, (9, 90): 75, (9, 283): 75, (15, 167): 375, (15, 206): 375, (16, 95): 125, (16, 278): 125, (19, 157): 375, (19, 216): 375, (23, 73): 15, (23, 300): 15, (24, 124): 375, (24, 249): 375, (25, 24): 375, (25, 349): 375, (26, 10): 125, (26, 363): 125, (27, 155): 375, (27, 218): 375, (30, 41): 375, (30, 332): 375, (32, 43): 125, (32, 330): 125, (38, 48): 125, (38, 325): 125, (39, 144): 375, (39, 229): 375, (41, 150): 75, (41, 223): 75, (42, 168): 375, (42, 205): 375, (43, 94): 375, (43, 279): 375, (45, 143): 375, (45, 230): 375, (46, 19): 75, (46, 354): 75, (47, 109): 375, (47, 264): 375, (48, 161): 375, (48, 212): 375, (50, 164): 375, (50, 209): 375, (56, 184): 375, (56, 189): 375, (60, 131): 125, (60, 242): 125, (61, 152): 125, (61, 221): 125, (63, 184): 25, (63, 189): 25, (64, 92): 375, (64, 281): 375, (67, 96): 15, (67, 277): 15, (69, 75): 375, (69, 298): 375, (70, 133): 375, (70, 240): 375, (71, 102): 75, (71, 271): 75, (74, 9): 375, (74, 364): 375, (76, 92): 25, (76, 281): 25, (77, 29): 125, (77, 344): 125, (78, 138): 125, (78, 235): 125, (80, 110): 5, (80, 263): 5, (84, 159): 375, (84, 214): 375, (85, 117): 125, (85, 256): 125, (86, 165): 125, (86, 208): 125, (89, 124): 25, (89, 249): 25, (93, 60): 375, (93, 313): 375, (95, 159): 15, (95, 214): 15, (98, 19): 125, (98, 354): 125, (102, 117): 375, (102, 256): 375, (103, 107): 375, (103, 266): 375, (105, 37): 125, (105, 336): 125, (108, 114): 375, (108, 259): 375, (109, 58): 375, (109, 315): 375, (114, 14): 375, (114, 359): 375, (116, 121): 125, (116, 252): 125, (118, 103): 375, (118, 270): 375, (119, 166): 375, (119, 207): 375, (120, 97): 375, (120, 276): 375, (122, 42): 25, (122, 331): 25, (123, 84): 375, (123, 289): 375, (124, 157): 125, (124, 216): 125, (125, 156): 125, (125, 217): 125, (127, 129): 75, (127, 244): 75, (130, 53): 375, (130, 320): 375, (131, 104): 375, (131, 269): 375, (132, 169): 125, (132, 204): 125, (133, 10): 375, (133, 363): 375, (134, 175): 25, (134, 198): 25, (135, 6): 15, (135, 367): 15, (139, 152): 375, (139, 221): 375, (142, 32): 125, (142, 341): 125, (143, 123): 125, (143, 250): 125, (144, 25): 25, (144, 348): 25, (145, 164): 75, (145, 209): 75, (146, 38): 125, (146, 335): 125, (149, 137): 375, (149, 236): 375, (151, 127): 375, (151, 246): 375, (157, 54): 375, (157, 319): 375, (163, 78): 125, (163, 295): 125, (164, 100): 375, (164, 273): 375, (169, 95): 125, (169, 278): 125, (170, 69): 375, (170, 304): 375, (171, 5): 375, (171, 368): 375, (173, 152): 375, (173, 221): 375, (174, 24): 375, (174, 349): 375, (178, 164): 375, (178, 209): 375, (184, 8): 375, (184, 365): 375, (186, 117): 375, (186, 256): 375, (187, 178): 375, (187, 195): 375, (188, 95): 25, (188, 278): 25, (192, 120): 375, (192, 253): 375, (193, 134): 75, (193, 239): 75, (194, 159): 375, (194, 214): 375, (197, 170): 125, (197, 203): 125, (199, 34): 125, (199, 339): 125, (200, 50): 375, (200, 323): 375, (202, 31): 375, (202, 342): 375, (205, 22): 75, (205, 351): 75, (210, 59): 375, (210, 314): 375, (212, 170): 375, (212, 203): 375, (214, 10): 375, (214, 363): 375, (215, 54): 375, (215, 319): 375, (217, 130): 375, (217, 243): 375, (219, 88): 125, (219, 285): 125, (220, 69): 375, (220, 304): 375, (221, 62): 375, (221, 311): 375, (224, 11): 125, (224, 362): 125, (225, 21): 75, (225, 352): 75, (229, 19): 375, (229, 354): 375, (230, 157): 75, (230, 216): 75, (231, 72): 125, (231, 301): 125, (232, 45): 75, (232, 328): 75, (233, 92): 375, (233, 281): 375, (234, 50): 25, (234, 323): 25, (236, 111): 125, (236, 262): 125, (238, 140): 125, (238, 233): 125, (241, 20): 125, (241, 353): 125, (249, 123): 375, (249, 250): 375, (252, 134): 125, (252, 239): 125, (253, 23): 125, (253, 350): 125, (254, 184): 375, (254, 189): 375, (255, 91): 75, (255, 282): 75, (260, 124): 375, (260, 249): 375, (263, 107): 25, (263, 266): 25, (266, 127): 375, (266, 246): 375, (268, 51): 125, (268, 322): 125, (269, 22): 375, (269, 351): 375, (271, 178): 375, (271, 195): 375, (272, 22): 125, (272, 351): 125, (273, 82): 375, (273, 291): 375, (274, 146): 125, (274, 227): 125, (275, 25): 375, (275, 348): 375, (277, 58): 125, (277, 315): 125, (280, 177): 375, (280, 196): 375, (286, 64): 5, (286, 309): 5, (288, 178): 375, (288, 195): 375, (290, 49): 375, (290, 324): 375, (291, 46): 375, (291, 327): 375, (292, 81): 375, (292, 292): 375, (294, 53): 75, (294, 320): 75, (295, 136): 375, (295, 237): 375, (298, 87): 125, (298, 286): 125, (300, 85): 375, (300, 288): 375, (301, 134): 375, (301, 239): 375, (302, 186): 375, (302, 187): 375, (304, 126): 375, (304, 247): 375, (307, 104): 375, (307, 269): 375, (308, 104): 125, (308, 269): 125, (310, 166): 125, (310, 207): 125, (312, 50): 375, (312, 323): 375, (314, 15): 125, (314, 358): 125, (316, 96): 375, (316, 277): 375, (317, 166): 75, (317, 207): 75, (320, 4): 25, (320, 369): 25, (322, 53): 125, (322, 320): 125, (327, 25): 375, (327, 348): 375, (329, 127): 375, (329, 246): 375, (330, 27): 375, (330, 346): 375, (331, 61): 375, (331, 312): 375, (332, 150): 125, (332, 223): 125, (333, 131): 375, (333, 242): 375, (336, 108): 375, (336, 265): 375, (337, 170): 75, (337, 203): 75, (338, 55): 375, (338, 318): 375, (339, 48): 375, (339, 325): 375, (341, 16): 375, (341, 357): 375, (343, 70): 125, (343, 303): 125, (344, 112): 75, (344, 261): 75, (346, 113): 375, (346, 260): 375, (348, 34): 125, (348, 339): 125, (351, 47): 75, (351, 326): 75, (353, 131): 375, (353, 242): 375, (354, 123): 75, (354, 250): 75, (356, 69): 125, (356, 304): 125, (359, 142): 375, (359, 231): 375, (360, 58): 375, (360, 315): 375, (361, 167): 375, (361, 206): 375, (362, 65): 375, (362, 308): 375, (363, 96): 375, (363, 277): 375, (364, 158): 3, (364, 215): 3, (365, 1): 125, (365, 372): 125, (367, 183): 125, (367, 190): 125, (368, 149): 75, (368, 224): 75, (369, 48): 375, (369, 325): 375, (370, 167): 75, (370, 206): 75, (371, 172): 125, (371, 201): 125}
 
379, 396, False, 12.0, 33
{'infinity': 1, (0, 119): 66, (0, 260): 66, (1, 158): 33, (1, 221): 33, (4, 104): 66, (4, 275): 66, (5, 68): 22, (5, 311): 22, (10, 147): 66, (10, 232): 66, (11, 155): 66, (11, 224): 66, (13, 72): 66, (13, 307): 66, (17, 91): 66, (17, 288): 66, (18, 108): 22, (18, 271): 22, (20, 60): 66, (20, 319): 66, (22, 180): 66, (22, 199): 66, (27, 165): 66, (27, 214): 66, (29, 170): 33, (29, 209): 33, (30, 77): 22, (30, 302): 22, (31, 111): 3, (31, 268): 3, (35, 157): 22, (35, 222): 22, (36, 86): 66, (36, 293): 66, (37, 69): 33, (37, 310): 33, (40, 186): 66, (40, 193): 66, (43, 32): 66, (43, 347): 66, (45, 169): 66, (45, 210): 66, (46, 138): 33, (46, 241): 33, (48, 125): 22, (48, 254): 22, (49, 109): 66, (49, 270): 66, (50, 162): 66, (50, 217): 66, (54, 129): 66, (54, 250): 66, (56, 175): 66, (56, 204): 66, (57, 154): 66, (57, 225): 66, (58, 138): 33, (58, 241): 33, (60, 119): 33, (60, 260): 33, (62, 131): 66, (62, 248): 66, (63, 32): 33, (63, 347): 33, (66, 147): 66, (66, 232): 66, (67, 137): 33, (67, 242): 33, (68, 105): 11, (68, 274): 11, (70, 168): 22, (70, 211): 22, (71, 94): 66, (71, 285): 66, (72, 186): 66, (72, 193): 66, (73, 155): 6, (73, 224): 6, (74, 42): 33, (74, 337): 33, (75, 105): 6, (75, 274): 6, (76, 144): 6, (76, 235): 6, (77, 104): 66, (77, 275): 66, (78, 46): 66, (78, 333): 66, (79, 51): 66, (79, 328): 66, (80, 161): 66, (80, 218): 66, (83, 106): 66, (83, 273): 66, (85, 169): 66, (85, 210): 66, (89, 172): 6, (89, 207): 6, (90, 164): 66, (90, 215): 66, (93, 71): 33, (93, 308): 33, (94, 1): 66, (94, 378): 66, (96, 80): 66, (96, 299): 66, (98, 91): 6, (98, 288): 6, (101, 168): 66, (101, 211): 66, (102, 24): 66, (102, 355): 66, (103, 59): 66, (103, 320): 66, (109, 87): 33, (109, 292): 33, (111, 31): 22, (111, 348): 22, (112, 13): 66, (112, 366): 66, (113, 7): 33, (113, 372): 33, (115, 43): 66, (115, 336): 66, (120, 126): 66, (120, 253): 66, (123, 164): 33, (123, 215): 33, (125, 161): 66, (125, 218): 66, (128, 101): 66, (128, 278): 66, (131, 16): 33, (131, 363): 33, (132, 20): 33, (132, 359): 33, (136, 121): 33, (136, 258): 33, (137, 84): 66, (137, 295): 66, (140, 42): 66, (140, 337): 66, (141, 53): 6, (141, 326): 6, (147, 100): 33, (147, 279): 33, (150, 154): 66, (150, 225): 66, (151, 150): 66, (151, 229): 66, (154, 65): 66, (154, 314): 66, (155, 50): 66, (155, 329): 66, (156, 60): 33, (156, 319): 33, (159, 135): 66, (159, 244): 66, (161, 90): 66, (161, 289): 66, (162, 184): 33, (162, 195): 33, (164, 143): 33, (164, 236): 33, (165, 42): 66, (165, 337): 66, (166, 164): 22, (166, 215): 22, (168, 180): 66, (168, 199): 66, (169, 176): 66, (169, 203): 66, (170, 25): 66, (170, 354): 66, (172, 154): 66, (172, 225): 66, (174, 161): 3, (174, 218): 3, (175, 110): 66, (175, 269): 66, (176, 128): 66, (176, 251): 66, (177, 11): 66, (177, 368): 66, (178, 156): 33, (178, 223): 33, (183, 188): 3, (183, 191): 3, (185, 146): 6, (185, 233): 6, (189, 180): 33, (189, 199): 33, (190, 76): 6, (190, 303): 6, (191, 0): 2, (192, 26): 33, (192, 353): 33, (195, 41): 66, (195, 338): 66, (196, 63): 66, (196, 316): 66, (197, 37): 66, (197, 342): 66, (199, 10): 66, (199, 369): 66, (200, 64): 6, (200, 315): 6, (201, 14): 66, (201, 365): 66, (203, 60): 66, (203, 319): 66, (204, 136): 22, (204, 243): 22, (205, 49): 66, (205, 330): 66, (207, 171): 66, (207, 208): 66, (208, 168): 66, (208, 211): 66, (209, 48): 66, (209, 331): 66, (211, 76): 33, (211, 303): 33, (213, 17): 33, (213, 362): 33, (216, 58): 66, (216, 321): 66, (217, 182): 66, (217, 197): 66, (219, 153): 66, (219, 226): 66, (221, 0): 2, (223, 128): 66, (223, 251): 66, (226, 130): 66, (226, 249): 66, (228, 183): 22, (228, 196): 22, (229, 171): 66, (229, 208): 66, (230, 124): 33, (230, 255): 33, (232, 45): 66, (232, 334): 66, (233, 176): 6, (233, 203): 6, (234, 64): 66, (234, 315): 66, (236, 105): 66, (236, 274): 66, (238, 96): 66, (238, 283): 66, (241, 143): 66, (241, 236): 66, (243, 112): 66, (243, 267): 66, (246, 142): 66, (246, 237): 66, (247, 133): 33, (247, 246): 33, (248, 78): 66, (248, 301): 66, (249, 169): 66, (249, 210): 66, (251, 95): 66, (251, 284): 66, (252, 103): 66, (252, 276): 66, (253, 151): 22, (253, 228): 22, (254, 49): 66, (254, 330): 66, (256, 17): 66, (256, 362): 66, (260, 134): 66, (260, 245): 66, (262, 61): 6, (262, 318): 6, (264, 91): 22, (264, 288): 22, (266, 178): 22, (266, 201): 22, (267, 186): 66, (267, 193): 66, (272, 36): 33, (272, 343): 33, (273, 32): 6, (273, 347): 6, (275, 138): 11, (275, 241): 11, (277, 107): 33, (277, 272): 33, (280, 149): 66, (280, 230): 66, (281, 43): 66, (281, 336): 66, (283, 75): 33, (283, 304): 33, (284, 31): 66, (284, 348): 66, (289, 17): 66, (289, 362): 66, (291, 8): 11, (291, 371): 11, (292, 56): 66, (292, 323): 66, (293, 1): 66, (293, 378): 66, (295, 155): 66, (295, 224): 66, (298, 104): 33, (298, 275): 33, (299, 49): 66, (299, 330): 66, (303, 147): 66, (303, 232): 66, (307, 13): 66, (307, 366): 66, (310, 120): 66, (310, 259): 66, (313, 144): 66, (313, 235): 66, (317, 74): 11, (317, 305): 11, (318, 126): 33, (318, 253): 33, (319, 119): 66, (319, 260): 66, (320, 126): 22, (320, 253): 22, (322, 171): 66, (322, 208): 66, (323, 27): 66, (323, 352): 66, (324, 64): 22, (324, 315): 22, (325, 93): 66, (325, 286): 66, (326, 139): 66, (326, 240): 66, (328, 148): 33, (328, 231): 33, (330, 12): 66, (330, 367): 66, (332, 51): 66, (332, 328): 66, (335, 160): 11, (335, 219): 11, (337, 97): 66, (337, 282): 66, (338, 152): 66, (338, 227): 66, (339, 13): 33, (339, 366): 33, (343, 9): 66, (343, 370): 66, (344, 113): 66, (344, 266): 66, (346, 0): 2, (347, 51): 33, (347, 328): 33, (348, 29): 66, (348, 350): 66, (350, 145): 33, (350, 234): 33, (352, 115): 66, (352, 264): 66, (353, 143): 66, (353, 236): 66, (356, 176): 66, (356, 203): 66, (357, 76): 66, (357, 303): 66, (359, 128): 66, (359, 251): 66, (360, 82): 33, (360, 297): 33, (361, 19): 66, (361, 360): 66, (362, 43): 33, (362, 336): 33, (363, 31): 66, (363, 348): 66, (366, 34): 66, (366, 345): 66, (369, 144): 33, (369, 235): 33, (370, 70): 3, (370, 309): 3, (371, 1): 33, (371, 378): 33, (377, 98): 66, (377, 281): 66, (378, 99): 66, (378, 280): 66}
 
383, 369, True, 3.0, 123
{'infinity': 1, (0, 143): 369, (0, 240): 369, (4, 135): 369, (4, 248): 369, (5, 191): 369, (5, 192): 369, (11, 183): 123, (11, 200): 123, (14, 142): 369, (14, 241): 369, (16, 148): 123, (16, 235): 123, (22, 106): 123, (22, 277): 123, (26, 126): 369, (26, 257): 369, (30, 165): 369, (30, 218): 369, (31, 176): 369, (31, 207): 369, (35, 5): 369, (35, 378): 369, (38, 141): 369, (38, 242): 369, (40, 17): 41, (40, 366): 41, (41, 100): 369, (41, 283): 369, (43, 87): 369, (43, 296): 369, (45, 100): 369, (45, 283): 369, (48, 170): 369, (48, 213): 369, (49, 41): 9, (49, 342): 9, (50, 59): 369, (50, 324): 369, (51, 169): 369, (51, 214): 369, (54, 176): 369, (54, 207): 369, (57, 125): 369, (57, 258): 369, (60, 112): 369, (60, 271): 369, (62, 96): 41, (62, 287): 41, (63, 8): 369, (63, 375): 369, (68, 131): 369, (68, 252): 369, (72, 60): 369, (72, 323): 369, (75, 134): 369, (75, 249): 369, (79, 61): 123, (79, 322): 123, (80, 155): 369, (80, 228): 369, (82, 115): 369, (82, 268): 369, (83, 30): 369, (83, 353): 369, (86, 32): 123, (86, 351): 123, (88, 189): 123, (88, 194): 123, (90, 66): 123, (90, 317): 123, (92, 153): 369, (92, 230): 369, (93, 142): 123, (93, 241): 123, (94, 25): 123, (94, 358): 123, (95, 59): 369, (95, 324): 369, (97, 57): 41, (97, 326): 41, (98, 126): 369, (98, 257): 369, (100, 2): 369, (100, 381): 369, (101, 25): 369, (101, 358): 369, (106, 105): 369, (106, 278): 369, (108, 71): 369, (108, 312): 369, (111, 108): 41, (111, 275): 41, (114, 184): 123, (114, 199): 123, (115, 180): 369, (115, 203): 369, (116, 180): 123, (116, 203): 123, (118, 96): 369, (118, 287): 369, (121, 8): 369, (121, 375): 369, (123, 118): 123, (123, 265): 123, (125, 191): 369, (125, 192): 369, (126, 7): 123, (126, 376): 123, (130, 151): 369, (130, 232): 369, (132, 143): 369, (132, 240): 369, (134, 162): 123, (134, 221): 123, (135, 155): 369, (135, 228): 369, (136, 174): 369, (136, 209): 369, (137, 123): 41, (137, 260): 41, (138, 92): 369, (138, 291): 369, (140, 125): 369, (140, 258): 369, (142, 189): 41, (142, 194): 41, (144, 101): 369, (144, 282): 369, (145, 64): 369, (145, 319): 369, (148, 97): 369, (148, 286): 369, (149, 131): 369, (149, 252): 369, (150, 23): 123, (150, 360): 123, (152, 180): 369, (152, 203): 369, (153, 189): 123, (153, 194): 123, (154, 53): 369, (154, 330): 369, (156, 138): 369, (156, 245): 369, (157, 98): 123, (157, 285): 123, (159, 140): 369, (159, 243): 369, (162, 20): 369, (162, 363): 369, (163, 41): 369, (163, 342): 369, (164, 45): 41, (164, 338): 41, (165, 17): 369, (165, 366): 369, (166, 131): 41, (166, 252): 41, (168, 155): 41, (168, 228): 41, (170, 40): 369, (170, 343): 369, (171, 41): 41, (171, 342): 41, (173, 85): 369, (173, 298): 369, (175, 158): 369, (175, 225): 369, (176, 19): 123, (176, 364): 123, (178, 17): 369, (178, 366): 369, (180, 67): 123, (180, 316): 123, (182, 149): 369, (182, 234): 369, (183, 157): 369, (183, 226): 369, (186, 125): 123, (186, 258): 123, (188, 25): 369, (188, 358): 369, (192, 38): 369, (192, 345): 369, (193, 72): 41, (193, 311): 41, (194, 152): 123, (194, 231): 123, (195, 21): 369, (195, 362): 369, (197, 83): 369, (197, 300): 369, (199, 8): 41, (199, 375): 41, (201, 167): 369, (201, 216): 369, (202, 157): 123, (202, 226): 123, (203, 96): 369, (203, 287): 369, (204, 166): 123, (204, 217): 123, (207, 160): 369, (207, 223): 369, (211, 24): 369, (211, 359): 369, (213, 42): 369, (213, 341): 369, (215, 44): 369, (215, 339): 369, (216, 152): 369, (216, 231): 369, (225, 145): 369, (225, 238): 369, (227, 52): 123, (227, 331): 123, (229, 129): 369, (229, 254): 369, (231, 56): 369, (231, 327): 369, (238, 59): 369, (238, 324): 369, (239, 90): 123, (239, 293): 123, (243, 83): 369, (243, 300): 369, (246, 188): 41, (246, 195): 41, (248, 44): 123, (248, 339): 123, (249, 10): 369, (249, 373): 369, (251, 143): 369, (251, 240): 369, (252, 171): 369, (252, 212): 369, (253, 191): 41, (253, 192): 41, (257, 146): 369, (257, 237): 369, (258, 151): 369, (258, 232): 369, (259, 126): 123, (259, 257): 123, (265, 67): 41, (265, 316): 41, (266, 163): 123, (266, 220): 123, (267, 56): 369, (267, 327): 369, (268, 56): 3, (268, 327): 3, (270, 177): 369, (270, 206): 369, (271, 13): 369, (271, 370): 369, (272, 186): 369, (272, 197): 369, (274, 27): 369, (274, 356): 369, (275, 91): 41, (275, 292): 41, (276, 142): 369, (276, 241): 369, (278, 75): 369, (278, 308): 369, (280, 124): 369, (280, 259): 369, (281, 166): 123, (281, 217): 123, (282, 21): 369, (282, 362): 369, (284, 43): 369, (284, 340): 369, (288, 64): 123, (288, 319): 123, (289, 21): 123, (289, 362): 123, (297, 100): 369, (297, 283): 369, (298, 176): 369, (298, 207): 369, (303, 44): 369, (303, 339): 369, (305, 33): 369, (305, 350): 369, (306, 184): 123, (306, 199): 123, (309, 134): 369, (309, 249): 369, (311, 36): 369, (311, 347): 369, (313, 66): 369, (313, 317): 369, (314, 61): 369, (314, 322): 369, (318, 69): 369, (318, 314): 369, (319, 46): 369, (319, 337): 369, (321, 67): 123, (321, 316): 123, (323, 65): 123, (323, 318): 123, (324, 49): 41, (324, 334): 41, (325, 93): 369, (325, 290): 369, (326, 83): 123, (326, 300): 123, (328, 116): 123, (328, 267): 123, (332, 9): 369, (332, 374): 369, (333, 64): 369, (333, 319): 369, (338, 32): 369, (338, 351): 369, (339, 168): 41, (339, 215): 41, (340, 109): 369, (340, 274): 369, (342, 32): 369, (342, 351): 369, (346, 184): 123, (346, 199): 123, (347, 113): 369, (347, 270): 369, (350, 18): 369, (350, 365): 369, (353, 103): 369, (353, 280): 369, (354, 3): 123, (354, 380): 123, (355, 107): 369, (355, 276): 369, (356, 152): 369, (356, 231): 369, (358, 114): 9, (358, 269): 9, (359, 144): 369, (359, 239): 369, (360, 119): 369, (360, 264): 369, (361, 139): 369, (361, 244): 369, (362, 37): 369, (362, 346): 369, (363, 66): 369, (363, 317): 369, (365, 28): 369, (365, 355): 369, (367, 110): 9, (367, 273): 9, (370, 94): 41, (370, 289): 41, (373, 61): 369, (373, 322): 369, (375, 1): 123, (375, 382): 123, (378, 151): 369, (378, 232): 369, (379, 35): 41, (379, 348): 41, (381, 157): 369, (381, 226): 369, (382, 134): 123, (382, 249): 123}
 
389, 405, True, 3.0, 135
{'infinity': 1, (0, 107): 45, (0, 282): 45, (1, 59): 405, (1, 330): 405, (2, 24): 3, (2, 365): 3, (3, 79): 405, (3, 310): 405, (6, 149): 405, (6, 240): 405, (8, 65): 15, (8, 324): 15, (12, 79): 135, (12, 310): 135, (16, 97): 135, (16, 292): 135, (17, 190): 405, (17, 199): 405, (18, 47): 135, (18, 342): 135, (19, 18): 405, (19, 371): 405, (22, 131): 135, (22, 258): 135, (23, 42): 405, (23, 347): 405, (24, 148): 45, (24, 241): 45, (25, 80): 135, (25, 309): 135, (26, 185): 81, (26, 204): 81, (33, 191): 405, (33, 198): 405, (34, 52): 405, (34, 337): 405, (37, 139): 405, (37, 250): 405, (38, 20): 405, (38, 369): 405, (41, 51): 45, (41, 338): 45, (43, 19): 405, (43, 370): 405, (45, 90): 81, (45, 299): 81, (48, 114): 27, (48, 275): 27, (49, 5): 135, (49, 384): 135, (51, 16): 405, (51, 373): 405, (54, 165): 45, (54, 224): 45, (55, 114): 405, (55, 275): 405, (56, 47): 405, (56, 342): 405, (57, 126): 405, (57, 263): 405, (58, 113): 81, (58, 276): 81, (60, 147): 135, (60, 242): 135, (61, 170): 405, (61, 219): 405, (62, 44): 135, (62, 345): 135, (65, 189): 15, (65, 200): 15, (67, 145): 45, (67, 244): 45, (69, 119): 405, (69, 270): 405, (70, 171): 27, (70, 218): 27, (71, 28): 405, (71, 361): 405, (72, 138): 405, (72, 251): 405, (75, 14): 405, (75, 375): 405, (78, 127): 405, (78, 262): 405, (80, 92): 405, (80, 297): 405, (81, 137): 405, (81, 252): 405, (82, 159): 405, (82, 230): 405, (85, 65): 135, (85, 324): 135, (86, 43): 405, (86, 346): 405, (87, 34): 405, (87, 355): 405, (89, 178): 9, (89, 211): 9, (93, 1): 135, (93, 388): 135, (94, 173): 405, (94, 216): 405, (96, 158): 405, (96, 231): 405, (99, 111): 45, (99, 278): 45, (100, 67): 405, (100, 322): 405, (101, 59): 405, (101, 330): 405, (106, 139): 81, (106, 250): 81, (108, 170): 405, (108, 219): 405, (109, 70): 135, (109, 319): 135, (111, 122): 135, (111, 267): 135, (113, 55): 405, (113, 334): 405, (114, 78): 45, (114, 311): 45, (115, 122): 135, (115, 267): 135, (116, 16): 405, (116, 373): 405, (118, 18): 405, (118, 371): 405, (120, 91): 405, (120, 298): 405, (126, 143): 405, (126, 246): 405, (131, 173): 27, (131, 216): 27, (132, 126): 405, (132, 263): 405, (135, 38): 405, (135, 351): 405, (136, 90): 81, (136, 299): 81, (138, 57): 45, (138, 332): 45, (139, 190): 135, (139, 199): 135, (141, 35): 81, (141, 354): 81, (142, 74): 405, (142, 315): 405, (143, 99): 135, (143, 290): 135, (144, 37): 405, (144, 352): 405, (145, 5): 405, (145, 384): 405, (151, 150): 135, (151, 239): 135, (152, 157): 405, (152, 232): 405, (153, 93): 27, (153, 296): 27, (154, 127): 405, (154, 262): 405, (156, 56): 5, (156, 333): 5, (157, 127): 135, (157, 262): 135, (158, 82): 81, (158, 307): 81, (160, 10): 405, (160, 379): 405, (163, 122): 135, (163, 267): 135, (164, 173): 405, (164, 216): 405, (166, 187): 135, (166, 202): 135, (167, 45): 45, (167, 344): 45, (168, 6): 405, (168, 383): 405, (171, 89): 405, (171, 300): 405, (172, 100): 81, (172, 289): 81, (174, 12): 405, (174, 377): 405, (181, 4): 405, (181, 385): 405, (183, 108): 405, (183, 281): 405, (185, 181): 405, (185, 208): 405, (186, 141): 405, (186, 248): 405, (187, 81): 405, (187, 308): 405, (189, 172): 81, (189, 217): 81, (193, 124): 405, (193, 265): 405, (194, 33): 81, (194, 356): 81, (195, 5): 405, (195, 384): 405, (197, 32): 405, (197, 357): 405, (198, 154): 135, (198, 235): 135, (200, 126): 405, (200, 263): 405, (202, 115): 5, (202, 274): 5, (203, 193): 405, (203, 196): 405, (207, 60): 405, (207, 329): 405, (208, 90): 81, (208, 299): 81, (211, 166): 405, (211, 223): 405, (212, 36): 405, (212, 353): 405, (216, 134): 81, (216, 255): 81, (219, 9): 405, (219, 380): 405, (220, 170): 405, (220, 219): 405, (222, 16): 405, (222, 373): 405, (228, 50): 81, (228, 339): 81, (229, 25): 405, (229, 364): 405, (231, 15): 405, (231, 374): 405, (233, 190): 81, (233, 199): 81, (234, 146): 405, (234, 243): 405, (236, 176): 405, (236, 213): 405, (238, 3): 405, (238, 386): 405, (239, 181): 135, (239, 208): 135, (242, 108): 15, (242, 281): 15, (243, 120): 135, (243, 269): 135, (244, 33): 405, (244, 356): 405, (246, 139): 405, (246, 250): 405, (248, 94): 81, (248, 295): 81, (250, 56): 81, (250, 333): 81, (252, 18): 81, (252, 371): 81, (253, 4): 15, (253, 385): 15, (254, 182): 81, (254, 207): 81, (256, 164): 135, (256, 225): 135, (257, 172): 405, (257, 217): 405, (259, 129): 81, (259, 260): 81, (262, 12): 135, (262, 377): 135, (265, 36): 405, (265, 353): 405, (266, 133): 405, (266, 256): 405, (270, 53): 405, (270, 336): 405, (273, 45): 405, (273, 344): 405, (275, 101): 27, (275, 288): 27, (277, 9): 135, (277, 380): 135, (282, 9): 405, (282, 380): 405, (283, 99): 135, (283, 290): 135, (284, 136): 27, (284, 253): 27, (286, 114): 405, (286, 275): 405, (287, 59): 9, (287, 330): 9, (290, 117): 405, (290, 272): 405, (291, 64): 405, (291, 325): 405, (293, 98): 135, (293, 291): 135, (294, 67): 405, (294, 322): 405, (296, 65): 135, (296, 324): 135, (297, 89): 405, (297, 300): 405, (298, 130): 405, (298, 259): 405, (301, 36): 45, (301, 353): 45, (302, 123): 405, (302, 266): 405, (304, 1): 135, (304, 388): 135, (307, 27): 405, (307, 362): 405, (308, 151): 135, (308, 238): 135, (309, 110): 405, (309, 279): 405, (310, 89): 135, (310, 300): 135, (313, 106): 405, (313, 283): 405, (314, 23): 405, (314, 366): 405, (315, 47): 405, (315, 342): 405, (317, 88): 135, (317, 301): 135, (318, 76): 135, (318, 313): 135, (319, 167): 27, (319, 222): 27, (320, 75): 81, (320, 314): 81, (321, 29): 405, (321, 360): 405, (323, 13): 81, (323, 376): 81, (325, 161): 405, (325, 228): 405, (326, 112): 405, (326, 277): 405, (327, 68): 135, (327, 321): 135, (329, 30): 405, (329, 359): 405, (332, 172): 135, (332, 217): 135, (336, 162): 405, (336, 227): 405, (338, 45): 405, (338, 344): 405, (340, 33): 405, (340, 356): 405, (342, 12): 405, (342, 377): 405, (343, 156): 27, (343, 233): 27, (344, 4): 405, (344, 385): 405, (345, 189): 405, (345, 200): 405, (346, 186): 81, (346, 203): 81, (348, 153): 27, (348, 236): 27, (349, 105): 405, (349, 284): 405, (351, 142): 405, (351, 247): 405, (352, 99): 45, (352, 290): 45, (353, 108): 81, (353, 281): 81, (354, 181): 81, (354, 208): 81, (357, 17): 45, (357, 372): 45, (358, 39): 405, (358, 350): 405, (360, 113): 81, (360, 276): 81, (362, 52): 405, (362, 337): 405, (363, 62): 405, (363, 327): 405, (365, 168): 405, (365, 221): 405, (368, 189): 405, (368, 200): 405, (372, 56): 405, (372, 333): 405, (374, 79): 405, (374, 310): 405, (381, 1): 135, (381, 388): 135, (382, 52): 81, (382, 337): 81, (383, 132): 9, (383, 257): 9, (384, 67): 81, (384, 322): 81}
 
397, 396, False, 18.0, 22
{'infinity': 1, (0, 160): 198, (0, 237): 198, (1, 2): 66, (1, 395): 66, (2, 51): 66, (2, 346): 66, (3, 7): 18, (3, 390): 18, (8, 153): 66, (8, 244): 66, (9, 111): 198, (9, 286): 198, (12, 7): 33, (12, 390): 33, (14, 124): 66, (14, 273): 66, (16, 57): 33, (16, 340): 33, (17, 196): 198, (17, 201): 198, (22, 39): 66, (22, 358): 66, (24, 121): 66, (24, 276): 66, (27, 185): 11, (27, 212): 11, (28, 37): 66, (28, 360): 66, (29, 21): 11, (29, 376): 11, (31, 196): 66, (31, 201): 66, (34, 156): 198, (34, 241): 198, (41, 130): 9, (41, 267): 9, (42, 123): 22, (42, 274): 22, (44, 162): 33, (44, 235): 33, (47, 127): 22, (47, 270): 22, (53, 94): 6, (53, 303): 6, (54, 166): 18, (54, 231): 18, (55, 108): 198, (55, 289): 198, (59, 103): 198, (59, 294): 198, (60, 0): 2, (61, 57): 198, (61, 340): 198, (63, 23): 33, (63, 374): 33, (66, 41): 22, (66, 356): 22, (74, 138): 198, (74, 259): 198, (75, 182): 198, (75, 215): 198, (76, 111): 33, (76, 286): 33, (78, 101): 18, (78, 296): 18, (79, 93): 198, (79, 304): 198, (81, 47): 198, (81, 350): 198, (84, 24): 198, (84, 373): 198, (85, 190): 99, (85, 207): 99, (86, 71): 99, (86, 326): 99, (88, 186): 198, (88, 211): 198, (90, 19): 99, (90, 378): 99, (91, 78): 99, (91, 319): 99, (93, 50): 99, (93, 347): 99, (95, 191): 99, (95, 206): 99, (97, 134): 33, (97, 263): 33, (98, 136): 198, (98, 261): 198, (99, 147): 66, (99, 250): 66, (100, 59): 66, (100, 338): 66, (102, 69): 198, (102, 328): 198, (103, 19): 22, (103, 378): 22, (109, 86): 99, (109, 311): 99, (112, 176): 198, (112, 221): 198, (113, 100): 66, (113, 297): 66, (115, 171): 198, (115, 226): 198, (117, 118): 99, (117, 279): 99, (118, 109): 198, (118, 288): 198, (119, 47): 198, (119, 350): 198, (120, 0): 2, (121, 167): 22, (121, 230): 22, (123, 167): 198, (123, 230): 198, (124, 40): 99, (124, 357): 99, (126, 134): 198, (126, 263): 198, (131, 18): 66, (131, 379): 66, (133, 9): 198, (133, 388): 198, (136, 56): 9, (136, 341): 9, (139, 168): 99, (139, 229): 99, (144, 156): 66, (144, 241): 66, (146, 21): 198, (146, 376): 198, (148, 164): 198, (148, 233): 198, (149, 177): 198, (149, 220): 198, (150, 23): 99, (150, 374): 99, (153, 167): 99, (153, 230): 99, (154, 193): 198, (154, 204): 198, (155, 124): 22, (155, 273): 22, (156, 189): 198, (156, 208): 198, (159, 163): 198, (159, 234): 198, (160, 146): 9, (160, 251): 9, (161, 121): 198, (161, 276): 198, (163, 15): 198, (163, 382): 198, (165, 123): 198, (165, 274): 198, (166, 180): 66, (166, 217): 66, (168, 8): 99, (168, 389): 99, (171, 87): 198, (171, 310): 198, (173, 144): 18, (173, 253): 18, (174, 134): 198, (174, 263): 198, (175, 192): 198, (175, 205): 198, (178, 139): 198, (178, 258): 198, (179, 153): 198, (179, 244): 198, (183, 125): 198, (183, 272): 198, (184, 23): 99, (184, 374): 99, (185, 157): 198, (185, 240): 198, (187, 1): 33, (187, 396): 33, (188, 98): 198, (188, 299): 198, (190, 123): 198, (190, 274): 198, (193, 72): 198, (193, 325): 198, (194, 181): 198, (194, 216): 198, (195, 129): 66, (195, 268): 66, (197, 47): 198, (197, 350): 198, (199, 80): 66, (199, 317): 66, (200, 90): 198, (200, 307): 198, (201, 179): 99, (201, 218): 99, (204, 19): 198, (204, 378): 198, (206, 45): 198, (206, 352): 198, (207, 91): 99, (207, 306): 99, (210, 153): 198, (210, 244): 198, (212, 121): 198, (212, 276): 198, (216, 137): 198, (216, 260): 198, (217, 0): 2, (218, 1): 66, (218, 396): 66, (219, 156): 198, (219, 241): 198, (220, 135): 99, (220, 262): 99, (221, 107): 22, (221, 290): 22, (222, 21): 198, (222, 376): 198, (223, 154): 198, (223, 243): 198, (224, 114): 198, (224, 283): 198, (225, 29): 198, (225, 368): 198, (227, 45): 33, (227, 352): 33, (228, 124): 33, (228, 273): 33, (230, 70): 66, (230, 327): 66, (231, 183): 11, (231, 214): 11, (232, 91): 198, (232, 306): 198, (236, 157): 33, (236, 240): 33, (241, 126): 18, (241, 271): 18, (243, 175): 66, (243, 222): 66, (249, 22): 198, (249, 375): 198, (251, 192): 99, (251, 205): 99, (252, 125): 99, (252, 272): 99, (253, 139): 198, (253, 258): 198, (254, 194): 198, (254, 203): 198, (255, 84): 22, (255, 313): 22, (259, 83): 18, (259, 314): 18, (261, 60): 11, (261, 337): 11, (268, 55): 198, (268, 342): 198, (269, 149): 198, (269, 248): 198, (271, 154): 66, (271, 243): 66, (273, 82): 22, (273, 315): 22, (278, 90): 198, (278, 307): 198, (279, 4): 66, (279, 393): 66, (280, 116): 198, (280, 281): 198, (282, 115): 66, (282, 282): 66, (283, 135): 198, (283, 262): 198, (285, 169): 198, (285, 228): 198, (287, 102): 198, (287, 295): 198, (291, 135): 198, (291, 262): 198, (294, 72): 22, (294, 325): 22, (295, 28): 198, (295, 369): 198, (297, 85): 198, (297, 312): 198, (300, 154): 198, (300, 243): 198, (302, 53): 198, (302, 344): 198, (303, 187): 66, (303, 210): 66, (304, 119): 66, (304, 278): 66, (306, 65): 198, (306, 332): 198, (307, 72): 198, (307, 325): 198, (310, 9): 99, (310, 388): 99, (311, 128): 198, (311, 269): 198, (312, 111): 18, (312, 286): 18, (313, 155): 18, (313, 242): 18, (314, 17): 198, (314, 380): 198, (316, 90): 11, (316, 307): 11, (319, 120): 198, (319, 277): 198, (320, 57): 198, (320, 340): 198, (321, 190): 99, (321, 207): 99, (323, 63): 198, (323, 334): 198, (324, 54): 198, (324, 343): 198, (325, 136): 99, (325, 261): 99, (329, 27): 66, (329, 370): 66, (330, 142): 198, (330, 255): 198, (331, 95): 22, (331, 302): 22, (338, 104): 99, (338, 293): 99, (339, 86): 99, (339, 311): 99, (341, 93): 99, (341, 304): 99, (343, 133): 198, (343, 264): 198, (345, 5): 198, (345, 392): 198, (346, 86): 99, (346, 311): 99, (347, 13): 66, (347, 384): 66, (349, 196): 99, (349, 201): 99, (351, 9): 66, (351, 388): 66, (352, 61): 22, (352, 336): 22, (355, 91): 6, (355, 306): 6, (357, 64): 99, (357, 333): 99, (359, 125): 6, (359, 272): 6, (360, 143): 66, (360, 254): 66, (361, 45): 198, (361, 352): 198, (363, 139): 198, (363, 258): 198, (367, 197): 198, (367, 200): 198, (368, 192): 22, (368, 205): 22, (369, 172): 22, (369, 225): 22, (371, 136): 66, (371, 261): 66, (372, 188): 18, (372, 209): 18, (373, 157): 198, (373, 240): 198, (374, 93): 198, (374, 304): 198, (378, 10): 66, (378, 387): 66, (379, 12): 198, (379, 385): 198, (382, 7): 198, (382, 390): 198, (388, 190): 3, (388, 207): 3, (389, 1): 22, (389, 396): 22, (390, 89): 99, (390, 308): 99, (391, 170): 198, (391, 227): 198, (392, 76): 198, (392, 321): 198, (393, 131): 99, (393, 266): 99}
 
