"430.c1"	430	1	[]	0	[1, 0, 0, -5626, -162894]	[[771/2, 18699/2]]

p prime of good reduction, N = #E(F_p), isCyclic, index of E(Q) in E(F_p), order of image of E(Q) 

3, 6, True, 3, 2
{'infinity': 1, (0, 0): 2, (1, 0): 3, (1, 2): 3, (2, 0): 6, (2, 1): 6}
 
7, 9, True, 3, 3
{'infinity': 1, (1, 2): 9, (1, 4): 9, (2, 2): 3, (2, 3): 3, (4, 1): 9, (4, 2): 9, (6, 0): 9, (6, 1): 9}
 
11, 18, True, 9, 2
{'infinity': 1, (0, 4): 18, (0, 7): 18, (1, 3): 9, (1, 7): 9, (2, 1): 18, (2, 8): 18, (3, 4): 2, (4, 1): 3, (4, 6): 3, (5, 1): 18, (5, 5): 18, (7, 5): 9, (7, 10): 9, (8, 4): 9, (8, 10): 9, (10, 5): 6, (10, 7): 6}
 
13, 9, False, 3, 3
{'infinity': 1, (0, 3): 3, (0, 10): 3, (1, 0): 3, (1, 12): 3, (5, 1): 3, (5, 7): 3, (11, 4): 3, (11, 11): 3}
 
17, 24, True, 3, 8
{'infinity': 1, (0, 0): 2, (1, 1): 4, (1, 15): 4, (4, 0): 6, (4, 13): 6, (5, 14): 24, (5, 15): 24, (7, 4): 24, (7, 6): 24, (8, 10): 12, (8, 16): 12, (10, 2): 8, (10, 5): 8, (11, 8): 24, (11, 15): 24, (12, 6): 8, (12, 16): 8, (13, 0): 3, (13, 4): 3, (14, 4): 24, (14, 16): 24, (15, 6): 12, (15, 13): 12}
 
19, 27, True, 3, 9
{'infinity': 1, (1, 5): 27, (1, 13): 27, (2, 5): 3, (2, 12): 3, (5, 16): 27, (5, 17): 27, (6, 1): 9, (6, 12): 9, (7, 2): 27, (7, 10): 27, (8, 3): 27, (8, 8): 27, (9, 13): 27, (9, 16): 27, (11, 12): 9, (11, 15): 9, (12, 11): 27, (12, 15): 27, (13, 11): 27, (13, 14): 27, (15, 8): 27, (15, 15): 27, (16, 5): 27, (16, 17): 27, (17, 4): 9, (17, 17): 9}
 
23, 30, True, 3, 10
{'infinity': 1, (1, 1): 6, (1, 21): 6, (3, 0): 10, (3, 20): 10, (4, 0): 15, (4, 19): 15, (5, 3): 30, (5, 15): 30, (6, 5): 30, (6, 12): 30, (7, 3): 30, (7, 13): 30, (9, 7): 2, (10, 2): 3, (10, 11): 3, (11, 3): 15, (11, 9): 15, (12, 16): 5, (12, 18): 5, (13, 15): 15, (13, 18): 15, (14, 10): 10, (14, 22): 10, (16, 0): 30, (16, 7): 30, (18, 6): 5, (18, 22): 5, (21, 7): 15, (21, 18): 15}
 
29, 33, True, 3, 11
{'infinity': 1, (0, 12): 11, (0, 17): 11, (1, 0): 33, (1, 28): 33, (4, 1): 3, (4, 24): 3, (5, 6): 33, (5, 18): 33, (7, 23): 11, (7, 28): 11, (8, 7): 33, (8, 14): 33, (9, 6): 11, (9, 14): 11, (10, 21): 33, (10, 27): 33, (12, 3): 33, (12, 14): 33, (15, 6): 33, (15, 8): 33, (18, 15): 33, (18, 25): 33, (21, 9): 33, (21, 28): 33, (22, 15): 33, (22, 21): 33, (23, 16): 11, (23, 19): 11, (26, 11): 11, (26, 21): 11, (28, 8): 33, (28, 22): 33}
 
31, 27, True, 9, 3
{'infinity': 1, (1, 9): 27, (1, 21): 27, (4, 7): 9, (4, 20): 9, (8, 0): 9, (8, 23): 9, (10, 2): 27, (10, 19): 27, (12, 7): 27, (12, 12): 27, (15, 7): 27, (15, 9): 27, (16, 18): 27, (16, 28): 27, (19, 13): 27, (19, 30): 27, (23, 14): 27, (23, 25): 27, (24, 2): 27, (24, 5): 27, (25, 10): 9, (25, 27): 9, (28, 1): 27, (28, 2): 27, (30, 8): 3, (30, 24): 3}
 
37, 36, True, 3, 12
{'infinity': 1, (1, 9): 12, (1, 27): 12, (4, 13): 36, (4, 20): 36, (7, 11): 3, (7, 19): 3, (8, 10): 18, (8, 19): 18, (9, 8): 9, (9, 20): 9, (13, 11): 4, (13, 13): 4, (14, 2): 36, (14, 21): 36, (16, 28): 6, (16, 30): 6, (17, 9): 12, (17, 11): 12, (18, 5): 9, (18, 14): 9, (19, 9): 2, (20, 4): 18, (20, 13): 18, (22, 19): 18, (22, 33): 18, (24, 20): 36, (24, 30): 36, (31, 12): 9, (31, 31): 9, (32, 10): 36, (32, 32): 36, (34, 10): 36, (34, 30): 36, (36, 16): 36, (36, 22): 36}
 
41, 45, True, 9, 5
{'infinity': 1, (0, 9): 3, (0, 32): 3, (2, 19): 45, (2, 20): 45, (3, 5): 45, (3, 33): 45, (4, 18): 45, (4, 19): 45, (8, 35): 45, (8, 39): 45, (9, 15): 9, (9, 17): 9, (10, 9): 5, (10, 22): 5, (11, 3): 45, (11, 27): 45, (13, 29): 45, (13, 40): 45, (14, 33): 15, (14, 35): 15, (15, 0): 45, (15, 26): 45, (18, 7): 15, (18, 16): 15, (19, 28): 9, (19, 35): 9, (22, 8): 45, (22, 11): 45, (24, 25): 9, (24, 33): 9, (28, 26): 45, (28, 28): 45, (31, 1): 15, (31, 9): 15, (34, 17): 45, (34, 31): 45, (35, 19): 15, (35, 28): 15, (37, 6): 45, (37, 39): 45, (38, 8): 45, (38, 36): 45, (39, 17): 5, (39, 26): 5}
 
47, 36, True, 9, 4
{'infinity': 1, (0, 14): 3, (0, 33): 3, (7, 8): 36, (7, 32): 36, (8, 11): 36, (8, 28): 36, (9, 12): 18, (9, 26): 18, (14, 34): 9, (14, 46): 9, (15, 34): 18, (15, 45): 18, (16, 8): 36, (16, 23): 36, (18, 34): 6, (18, 42): 6, (21, 1): 18, (21, 25): 18, (24, 8): 9, (24, 15): 9, (27, 0): 12, (27, 20): 12, (29, 25): 9, (29, 40): 9, (30, 24): 36, (30, 40): 36, (32, 27): 12, (32, 35): 12, (35, 19): 36, (35, 40): 36, (37, 21): 36, (37, 36): 36, (40, 2): 4, (40, 5): 4, (44, 25): 2}
 
53, 48, False, 12, 4
{'infinity': 1, (0, 9): 12, (0, 44): 12, (4, 6): 12, (4, 43): 12, (5, 24): 2, (6, 21): 6, (6, 26): 6, (7, 16): 12, (7, 30): 12, (8, 7): 4, (8, 38): 4, (11, 17): 6, (11, 25): 6, (12, 47): 2, (14, 11): 12, (14, 28): 12, (15, 45): 12, (15, 46): 12, (19, 8): 12, (19, 26): 12, (21, 9): 6, (21, 23): 6, (23, 39): 12, (23, 44): 12, (24, 5): 4, (24, 24): 4, (27, 12): 12, (27, 14): 12, (28, 26): 12, (28, 52): 12, (30, 32): 4, (30, 44): 4, (32, 9): 12, (32, 12): 12, (37, 32): 4, (37, 37): 4, (38, 27): 12, (38, 41): 12, (39, 32): 4, (39, 35): 4, (47, 12): 4, (47, 47): 4, (48, 1): 3, (48, 4): 3, (49, 2): 2, (51, 15): 12, (51, 40): 12}
 
59, 72, True, 36, 2
{'infinity': 1, (0, 8): 72, (0, 51): 72, (1, 29): 2, (3, 4): 72, (3, 52): 72, (4, 13): 12, (4, 42): 12, (5, 7): 12, (5, 47): 12, (6, 21): 18, (6, 32): 18, (7, 13): 72, (7, 39): 72, (9, 18): 72, (9, 32): 72, (10, 12): 36, (10, 37): 36, (11, 6): 8, (11, 42): 8, (14, 5): 8, (14, 40): 8, (15, 19): 24, (15, 25): 24, (16, 9): 36, (16, 34): 36, (17, 1): 9, (17, 41): 9, (18, 8): 9, (18, 33): 9, (19, 47): 72, (19, 52): 72, (20, 19): 36, (20, 20): 36, (21, 9): 3, (21, 29): 3, (22, 9): 36, (22, 28): 36, (23, 12): 4, (23, 24): 4, (24, 16): 72, (24, 19): 72, (26, 12): 18, (26, 21): 18, (27, 11): 9, (27, 21): 9, (32, 38): 72, (32, 48): 72, (34, 31): 24, (34, 53): 24, (35, 36): 72, (35, 47): 72, (37, 29): 6, (37, 52): 6, (40, 30): 72, (40, 48): 72, (41, 8): 72, (41, 10): 72, (42, 22): 36, (42, 54): 36, (43, 20): 72, (43, 55): 72, (44, 32): 24, (44, 42): 24, (46, 24): 18, (46, 48): 18, (48, 13): 72, (48, 57): 72, (49, 24): 36, (49, 45): 36, (55, 20): 24, (55, 43): 24}
 
61, 63, True, 3, 21
{'infinity': 1, (1, 27): 9, (1, 33): 9, (3, 26): 7, (3, 32): 7, (4, 5): 63, (4, 52): 63, (5, 16): 21, (5, 40): 21, (6, 16): 21, (6, 39): 21, (11, 22): 63, (11, 28): 63, (12, 7): 21, (12, 42): 21, (13, 50): 63, (13, 59): 63, (18, 47): 63, (18, 57): 63, (19, 2): 63, (19, 40): 63, (20, 44): 63, (20, 58): 63, (24, 14): 63, (24, 23): 63, (25, 9): 21, (25, 27): 21, (28, 43): 63, (28, 51): 63, (31, 35): 63, (31, 56): 63, (32, 35): 63, (32, 55): 63, (35, 27): 63, (35, 60): 63, (37, 40): 9, (37, 45): 9, (39, 37): 3, (39, 46): 3, (41, 25): 63, (41, 56): 63, (42, 9): 63, (42, 10): 63, (47, 17): 63, (47, 58): 63, (48, 36): 21, (48, 38): 21, (50, 16): 7, (50, 56): 7, (51, 24): 63, (51, 47): 63, (52, 28): 63, (52, 42): 63, (53, 22): 21, (53, 47): 21, (55, 9): 63, (55, 58): 63, (56, 13): 63, (56, 53): 63, (58, 22): 9, (58, 42): 9, (59, 28): 7, (59, 35): 7}
 
67, 81, True, 3, 27
{'infinity': 1, (3, 19): 27, (3, 45): 27, (4, 25): 81, (4, 38): 81, (6, 29): 27, (6, 32): 27, (10, 26): 81, (10, 31): 81, (12, 24): 27, (12, 31): 27, (13, 16): 81, (13, 38): 81, (16, 9): 27, (16, 42): 27, (18, 52): 81, (18, 64): 81, (19, 56): 81, (19, 59): 81, (20, 53): 27, (20, 61): 27, (21, 13): 81, (21, 33): 81, (22, 53): 81, (22, 59): 81, (23, 55): 81, (23, 56): 81, (25, 53): 81, (25, 56): 81, (26, 49): 81, (26, 59): 81, (28, 41): 9, (28, 65): 9, (29, 18): 9, (29, 20): 9, (31, 6): 81, (31, 30): 81, (32, 8): 81, (32, 27): 81, (34, 11): 81, (34, 22): 81, (35, 10): 81, (35, 22): 81, (36, 48): 81, (36, 50): 81, (37, 37): 81, (37, 60): 81, (38, 14): 81, (38, 15): 81, (40, 44): 81, (40, 50): 81, (42, 41): 27, (42, 51): 27, (45, 31): 81, (45, 58): 81, (47, 6): 3, (47, 14): 3, (49, 4): 81, (49, 14): 81, (50, 38): 27, (50, 46): 27, (51, 34): 81, (51, 49): 81, (52, 40): 81, (52, 42): 81, (55, 3): 81, (55, 9): 81, (56, 5): 81, (56, 6): 81, (57, 28): 9, (57, 49): 9, (58, 26): 81, (58, 50): 81, (63, 9): 81, (63, 62): 81, (64, 29): 27, (64, 41): 27, (65, 22): 27, (65, 47): 27, (66, 26): 81, (66, 42): 81}
 
71, 60, True, 3, 20
{'infinity': 1, (6, 20): 60, (6, 45): 60, (10, 9): 10, (10, 52): 10, (11, 24): 60, (11, 36): 60, (12, 1): 15, (12, 58): 15, (14, 4): 12, (14, 53): 12, (15, 17): 15, (15, 39): 15, (17, 3): 30, (17, 51): 30, (18, 55): 20, (18, 69): 20, (20, 60): 5, (20, 62): 5, (22, 57): 15, (22, 63): 15, (23, 17): 60, (23, 31): 60, (24, 48): 20, (24, 70): 20, (25, 58): 60, (25, 59): 60, (26, 19): 3, (26, 26): 3, (31, 46): 20, (31, 65): 20, (33, 17): 20, (33, 21): 20, (34, 50): 60, (34, 58): 60, (37, 12): 60, (37, 22): 60, (43, 14): 2, (46, 29): 30, (46, 67): 30, (50, 22): 4, (50, 70): 4, (53, 21): 30, (53, 68): 30, (55, 22): 15, (55, 65): 15, (56, 21): 12, (56, 65): 12, (57, 31): 60, (57, 54): 60, (59, 20): 30, (59, 63): 30, (60, 4): 60, (60, 7): 60, (61, 18): 6, (61, 63): 6, (62, 31): 5, (62, 49): 5, (68, 4): 10, (68, 70): 10}
 
73, 63, True, 3, 21
{'infinity': 1, (2, 24): 9, (2, 47): 9, (3, 6): 63, (3, 64): 63, (5, 69): 63, (5, 72): 63, (6, 20): 63, (6, 47): 63, (8, 22): 63, (8, 43): 63, (9, 20): 7, (9, 44): 7, (11, 27): 21, (11, 35): 21, (12, 27): 63, (12, 34): 63, (13, 21): 21, (13, 39): 21, (14, 1): 21, (14, 58): 21, (18, 59): 7, (18, 69): 7, (19, 23): 21, (19, 31): 21, (20, 21): 63, (20, 32): 63, (21, 0): 63, (21, 52): 63, (26, 52): 63, (26, 68): 63, (28, 57): 63, (28, 61): 63, (29, 9): 63, (29, 35): 63, (33, 5): 63, (33, 35): 63, (36, 48): 63, (36, 62): 63, (40, 12): 63, (40, 21): 63, (46, 29): 63, (46, 71): 63, (50, 27): 9, (50, 69): 9, (51, 3): 63, (51, 19): 63, (55, 41): 3, (55, 50): 3, (57, 26): 63, (57, 63): 63, (58, 20): 9, (58, 68): 9, (61, 2): 7, (61, 10): 7, (62, 16): 21, (62, 68): 21, (65, 34): 21, (65, 47): 21, (68, 18): 63, (68, 60): 63, (69, 34): 63, (69, 43): 63}
 
79, 81, True, 3, 27
{'infinity': 1, (0, 2): 81, (0, 77): 81, (1, 21): 81, (1, 57): 81, (3, 29): 81, (3, 47): 81, (4, 0): 81, (4, 75): 81, (7, 12): 27, (7, 60): 27, (8, 74): 27, (8, 76): 27, (9, 20): 81, (9, 50): 81, (11, 3): 81, (11, 65): 81, (13, 18): 81, (13, 48): 81, (14, 23): 81, (14, 42): 81, (15, 67): 27, (15, 76): 27, (16, 2): 81, (16, 61): 81, (18, 0): 81, (18, 61): 81, (20, 28): 27, (20, 31): 27, (21, 65): 81, (21, 72): 81, (22, 23): 81, (22, 34): 81, (24, 11): 81, (24, 44): 81, (34, 8): 81, (34, 37): 81, (37, 6): 9, (37, 36): 9, (38, 51): 27, (38, 69): 27, (40, 14): 81, (40, 25): 81, (43, 13): 81, (43, 23): 81, (45, 52): 81, (45, 61): 81, (47, 46): 27, (47, 65): 27, (48, 1): 81, (48, 30): 81, (49, 36): 81, (49, 73): 81, (50, 40): 27, (50, 68): 27, (52, 43): 81, (52, 63): 81, (55, 10): 81, (55, 14): 81, (56, 26): 9, (56, 76): 9, (57, 0): 9, (57, 22): 9, (61, 31): 81, (61, 66): 81, (63, 2): 3, (63, 14): 3, (66, 34): 81, (66, 58): 81, (68, 41): 81, (68, 49): 81, (70, 34): 27, (70, 54): 27, (72, 36): 81, (72, 50): 81, (76, 7): 27, (76, 75): 27, (77, 31): 81, (77, 50): 81, (78, 5): 81, (78, 75): 81}
 
83, 84, False, 12, 7
{'infinity': 1, (1, 23): 14, (1, 59): 14, (4, 1): 14, (4, 78): 14, (5, 7): 14, (5, 71): 14, (6, 3): 7, (6, 74): 7, (10, 19): 14, (10, 54): 14, (11, 25): 6, (11, 47): 6, (12, 34): 42, (12, 37): 42, (14, 73): 42, (14, 79): 42, (16, 74): 6, (16, 76): 6, (20, 9): 42, (20, 54): 42, (21, 2): 21, (21, 60): 21, (22, 13): 3, (22, 48): 3, (23, 0): 14, (23, 60): 14, (28, 18): 42, (28, 37): 42, (29, 59): 42, (29, 78): 42, (30, 9): 42, (30, 44): 42, (33, 9): 14, (33, 41): 14, (34, 3): 42, (34, 46): 42, (36, 23): 42, (36, 24): 42, (38, 14): 42, (38, 31): 42, (39, 60): 6, (39, 67): 6, (40, 63): 2, (41, 21): 2, (43, 3): 42, (43, 37): 42, (44, 58): 21, (44, 64): 21, (46, 14): 42, (46, 23): 42, (47, 56): 42, (47, 63): 42, (48, 49): 42, (48, 69): 42, (50, 38): 21, (50, 78): 21, (51, 8): 21, (51, 24): 21, (53, 54): 42, (53, 59): 42, (59, 50): 42, (59, 57): 42, (61, 31): 42, (61, 74): 42, (63, 28): 14, (63, 75): 14, (64, 51): 2, (67, 31): 7, (67, 68): 7, (68, 43): 21, (68, 55): 21, (71, 0): 21, (71, 12): 21, (72, 0): 42, (72, 11): 42, (75, 19): 14, (75, 72): 14, (79, 24): 42, (79, 63): 42, (81, 19): 7, (81, 66): 7, (82, 14): 14, (82, 70): 14}
 
89, 84, True, 3, 28
{'infinity': 1, (1, 39): 28, (1, 49): 28, (2, 5): 84, (2, 82): 84, (4, 16): 28, (4, 69): 28, (5, 1): 7, (5, 83): 7, (6, 37): 84, (6, 46): 84, (7, 1): 42, (7, 81): 42, (8, 17): 28, (8, 64): 28, (9, 0): 12, (9, 80): 12, (10, 25): 21, (10, 54): 21, (12, 28): 84, (12, 49): 84, (14, 3): 84, (14, 72): 84, (16, 11): 7, (16, 62): 7, (19, 3): 84, (19, 67): 84, (20, 14): 42, (20, 55): 42, (23, 68): 28, (23, 87): 28, (24, 70): 3, (24, 84): 3, (26, 23): 42, (26, 40): 42, (30, 23): 28, (30, 36): 28, (32, 5): 84, (32, 52): 84, (33, 23): 12, (33, 33): 12, (35, 0): 14, (35, 54): 14, (36, 62): 4, (36, 80): 4, (37, 62): 28, (37, 79): 28, (44, 54): 6, (44, 80): 6, (45, 0): 84, (45, 44): 84, (47, 7): 84, (47, 35): 84, (48, 12): 84, (48, 29): 84, (51, 8): 21, (51, 30): 21, (52, 13): 21, (52, 24): 21, (55, 5): 14, (55, 29): 14, (56, 3): 14, (56, 30): 14, (60, 59): 2, (64, 56): 21, (64, 58): 21, (69, 43): 7, (69, 66): 7, (71, 30): 42, (71, 77): 42, (72, 45): 84, (72, 61): 84, (75, 29): 84, (75, 74): 84, (76, 49): 21, (76, 53): 21, (77, 1): 42, (77, 11): 42, (79, 14): 84, (79, 85): 84, (80, 27): 21, (80, 71): 21, (85, 11): 42, (85, 82): 42}
 
97, 90, True, 9, 10
{'infinity': 1, (0, 39): 15, (0, 58): 15, (1, 23): 90, (1, 73): 90, (2, 46): 45, (2, 49): 45, (6, 94): 2, (7, 42): 15, (7, 48): 15, (8, 16): 15, (8, 73): 15, (10, 6): 45, (10, 81): 45, (13, 15): 30, (13, 69): 30, (18, 7): 45, (18, 72): 45, (20, 32): 30, (20, 45): 30, (21, 36): 90, (21, 40): 90, (23, 4): 10, (23, 70): 10, (24, 27): 15, (24, 46): 15, (25, 16): 18, (25, 56): 18, (27, 2): 18, (27, 68): 18, (28, 82): 45, (28, 84): 45, (29, 24): 10, (29, 44): 10, (31, 23): 9, (31, 43): 9, (33, 13): 45, (33, 51): 45, (36, 78): 30, (36, 80): 30, (38, 75): 45, (38, 81): 45, (39, 67): 9, (39, 88): 9, (42, 62): 45, (42, 90): 45, (45, 54): 90, (45, 95): 90, (48, 60): 90, (48, 86): 90, (49, 64): 45, (49, 81): 45, (51, 52): 90, (51, 91): 90, (53, 10): 5, (53, 34): 5, (57, 19): 18, (57, 21): 18, (58, 17): 90, (58, 22): 90, (61, 8): 90, (61, 28): 90, (64, 16): 90, (64, 17): 90, (65, 9): 90, (65, 23): 90, (68, 59): 9, (68, 67): 9, (71, 46): 45, (71, 77): 45, (72, 8): 45, (72, 17): 45, (74, 24): 90, (74, 96): 90, (76, 56): 45, (76, 62): 45, (81, 45): 5, (81, 68): 5, (86, 40): 90, (86, 68): 90, (87, 40): 3, (87, 67): 3, (88, 33): 90, (88, 73): 90, (90, 38): 6, (90, 66): 6, (91, 24): 45, (91, 79): 45, (93, 45): 30, (93, 56): 30}
 
101, 96, True, 3, 32
{'infinity': 1, (0, 25): 8, (0, 76): 8, (1, 45): 48, (1, 55): 48, (2, 46): 96, (2, 53): 96, (4, 43): 96, (4, 54): 96, (6, 8): 96, (6, 87): 96, (7, 31): 32, (7, 63): 32, (8, 18): 24, (8, 75): 24, (10, 38): 3, (10, 53): 3, (12, 21): 96, (12, 68): 96, (14, 94): 2, (15, 22): 48, (15, 64): 48, (16, 27): 32, (16, 58): 32, (20, 19): 48, (20, 62): 48, (21, 20): 96, (21, 60): 96, (27, 78): 12, (27, 97): 12, (28, 8): 24, (28, 65): 24, (31, 28): 12, (31, 42): 12, (33, 29): 48, (33, 39): 48, (34, 21): 48, (34, 46): 48, (35, 80): 16, (35, 87): 16, (37, 68): 24, (37, 97): 24, (40, 6): 96, (40, 55): 96, (42, 61): 32, (42, 99): 32, (43, 22): 96, (43, 36): 96, (46, 25): 96, (46, 30): 96, (52, 68): 32, (52, 82): 32, (55, 21): 96, (55, 25): 96, (56, 67): 96, (56, 79): 96, (59, 5): 48, (59, 37): 48, (60, 55): 96, (60, 87): 96, (62, 61): 96, (62, 79): 96, (63, 44): 16, (63, 95): 16, (65, 46): 32, (65, 91): 32, (67, 8): 96, (67, 26): 96, (69, 49): 32, (69, 84): 32, (73, 56): 96, (73, 73): 96, (74, 3): 32, (74, 24): 32, (76, 57): 32, (76, 69): 32, (78, 7): 16, (78, 16): 16, (79, 23): 16, (79, 100): 16, (84, 39): 48, (84, 79): 48, (85, 39): 6, (85, 78): 6, (89, 53): 96, (89, 60): 96, (90, 34): 4, (90, 78): 4, (92, 50): 8, (92, 60): 8, (95, 9): 24, (95, 98): 24, (98, 43): 48, (98, 61): 48, (100, 43): 96, (100, 59): 96}
 
103, 90, True, 6, 15
{'infinity': 1, (0, 19): 45, (0, 84): 45, (1, 33): 9, (1, 69): 9, (2, 5): 90, (2, 96): 90, (3, 39): 45, (3, 61): 45, (8, 41): 15, (8, 54): 15, (10, 0): 6, (10, 93): 6, (11, 23): 30, (11, 69): 30, (12, 5): 10, (12, 86): 10, (16, 35): 15, (16, 52): 15, (17, 19): 45, (17, 67): 45, (28, 9): 45, (28, 66): 45, (29, 11): 90, (29, 63): 90, (30, 0): 9, (30, 73): 9, (32, 82): 90, (32, 92): 90, (33, 79): 5, (33, 94): 5, (35, 29): 45, (35, 39): 45, (36, 33): 90, (36, 34): 90, (38, 4): 18, (38, 61): 18, (39, 74): 45, (39, 93): 45, (40, 15): 90, (40, 48): 90, (44, 13): 90, (44, 46): 90, (46, 2): 45, (46, 55): 45, (47, 14): 30, (47, 42): 30, (51, 77): 30, (51, 78): 30, (52, 57): 30, (52, 97): 30, (54, 59): 90, (54, 93): 90, (56, 3): 18, (56, 44): 18, (61, 57): 90, (61, 88): 90, (62, 61): 90, (62, 83): 90, (63, 0): 18, (63, 40): 18, (64, 7): 15, (64, 32): 15, (65, 39): 45, (65, 102): 45, (66, 4): 10, (66, 33): 10, (70, 68): 2, (71, 46): 5, (71, 89): 5, (77, 58): 15, (77, 71): 15, (81, 1): 90, (81, 21): 90, (86, 19): 45, (86, 101): 45, (89, 5): 45, (89, 9): 45, (91, 46): 90, (91, 69): 90, (93, 56): 9, (93, 57): 9, (95, 49): 3, (95, 62): 3, (96, 20): 45, (96, 90): 45, (97, 37): 90, (97, 72): 90, (102, 4): 45, (102, 100): 45}
 
107, 117, True, 9, 13
{'infinity': 1, (1, 2): 117, (1, 104): 117, (3, 22): 39, (3, 82): 39, (4, 21): 117, (4, 82): 117, (6, 50): 117, (6, 51): 117, (8, 41): 117, (8, 58): 117, (10, 25): 39, (10, 72): 39, (13, 99): 39, (13, 102): 39, (15, 99): 117, (15, 100): 117, (16, 94): 39, (16, 104): 39, (18, 91): 13, (18, 105): 13, (19, 17): 117, (19, 71): 117, (20, 10): 117, (20, 77): 117, (22, 11): 117, (22, 74): 117, (23, 4): 39, (23, 80): 39, (28, 2): 117, (28, 77): 117, (31, 25): 117, (31, 51): 117, (34, 23): 117, (34, 50): 117, (36, 75): 117, (36, 103): 117, (37, 17): 117, (37, 53): 117, (38, 15): 117, (38, 54): 117, (39, 73): 3, (39, 102): 3, (40, 6): 9, (40, 61): 9, (43, 26): 117, (43, 38): 117, (46, 76): 117, (46, 92): 117, (47, 66): 39, (47, 101): 39, (51, 17): 117, (51, 39): 117, (53, 12): 9, (53, 42): 9, (54, 19): 117, (54, 34): 117, (55, 57): 39, (55, 102): 39, (56, 18): 13, (56, 33): 13, (57, 64): 39, (57, 93): 39, (59, 77): 13, (59, 78): 13, (63, 70): 9, (63, 81): 9, (66, 16): 117, (66, 25): 117, (67, 50): 13, (67, 97): 13, (68, 13): 117, (68, 26): 117, (70, 51): 13, (70, 93): 13, (72, 45): 117, (72, 97): 117, (73, 0): 117, (73, 34): 117, (75, 42): 117, (75, 97): 117, (77, 61): 117, (77, 76): 117, (78, 2): 117, (78, 27): 117, (79, 36): 117, (79, 99): 117, (80, 12): 117, (80, 15): 117, (81, 12): 117, (81, 14): 117, (82, 29): 39, (82, 103): 39, (86, 42): 39, (86, 86): 39, (87, 34): 39, (87, 93): 39, (89, 60): 117, (89, 65): 117, (90, 20): 117, (90, 104): 117, (91, 47): 13, (91, 76): 13, (94, 5): 117, (94, 8): 117, (96, 15): 117, (96, 103): 117, (97, 56): 39, (97, 61): 39, (100, 32): 117, (100, 82): 117, (103, 26): 117, (103, 85): 117, (104, 31): 117, (104, 79): 117, (106, 19): 117, (106, 89): 117}
 
109, 126, False, 18, 7
{'infinity': 1, (0, 37): 21, (0, 72): 21, (2, 45): 7, (2, 62): 7, (3, 28): 42, (3, 78): 42, (5, 30): 42, (5, 74): 42, (6, 47): 42, (6, 56): 42, (7, 4): 21, (7, 98): 21, (9, 33): 21, (9, 67): 21, (10, 26): 14, (10, 73): 14, (11, 47): 21, (11, 51): 21, (13, 99): 42, (13, 106): 42, (14, 38): 42, (14, 57): 42, (16, 28): 3, (16, 65): 3, (18, 0): 21, (18, 91): 21, (20, 35): 42, (20, 54): 42, (23, 42): 42, (23, 44): 42, (24, 27): 6, (24, 58): 6, (27, 84): 42, (27, 107): 42, (30, 21): 42, (30, 58): 42, (31, 92): 14, (31, 95): 14, (32, 35): 42, (32, 42): 42, (35, 76): 42, (35, 107): 42, (36, 4): 21, (36, 69): 21, (37, 82): 3, (37, 99): 3, (39, 33): 21, (39, 37): 21, (40, 75): 14, (40, 103): 14, (41, 81): 6, (41, 96): 6, (47, 64): 21, (47, 107): 21, (49, 9): 42, (49, 51): 42, (50, 68): 42, (50, 100): 42, (54, 13): 21, (54, 42): 21, (55, 58): 21, (55, 105): 21, (57, 17): 21, (57, 35): 21, (59, 60): 42, (59, 99): 42, (60, 71): 21, (60, 87): 21, (61, 15): 7, (61, 33): 7, (62, 13): 21, (62, 34): 21, (64, 2): 42, (64, 43): 42, (66, 4): 21, (66, 39): 21, (67, 50): 21, (67, 101): 21, (68, 60): 42, (68, 90): 42, (70, 2): 21, (70, 37): 21, (71, 50): 42, (71, 97): 42, (74, 48): 6, (74, 96): 6, (76, 39): 42, (76, 103): 42, (77, 55): 21, (77, 86): 21, (78, 40): 21, (78, 100): 21, (80, 50): 6, (80, 88): 6, (82, 68): 2, (84, 2): 42, (84, 23): 42, (85, 64): 21, (85, 69): 21, (86, 64): 21, (86, 68): 21, (88, 3): 42, (88, 18): 42, (90, 28): 42, (90, 100): 42, (91, 60): 21, (91, 67): 21, (92, 47): 42, (92, 79): 42, (94, 59): 21, (94, 65): 21, (95, 29): 42, (95, 94): 42, (97, 52): 21, (97, 69): 21, (98, 12): 3, (98, 108): 3, (99, 49): 42, (99, 70): 42, (102, 13): 21, (102, 103): 21, (103, 19): 3, (103, 96): 3, (108, 45): 7, (108, 65): 7}
 
113, 117, True, 9, 13
{'infinity': 1, (0, 39): 117, (0, 74): 117, (1, 49): 39, (1, 63): 39, (2, 29): 3, (2, 82): 3, (5, 47): 117, (5, 61): 117, (6, 43): 117, (6, 64): 117, (7, 18): 117, (7, 88): 117, (9, 108): 117, (9, 109): 117, (17, 20): 117, (17, 76): 117, (18, 33): 117, (18, 62): 117, (20, 38): 117, (20, 55): 117, (22, 95): 117, (22, 109): 117, (23, 17): 13, (23, 73): 13, (26, 38): 117, (26, 49): 117, (29, 10): 13, (29, 74): 13, (31, 24): 117, (31, 58): 117, (32, 15): 117, (32, 66): 117, (34, 15): 117, (34, 64): 117, (35, 1): 117, (35, 77): 117, (36, 35): 117, (36, 42): 117, (38, 88): 39, (38, 100): 39, (39, 91): 39, (39, 96): 39, (40, 75): 13, (40, 111): 13, (41, 19): 117, (41, 53): 117, (42, 31): 117, (42, 40): 117, (43, 33): 39, (43, 37): 39, (44, 30): 117, (44, 39): 117, (47, 15): 39, (47, 51): 39, (48, 5): 39, (48, 60): 39, (49, 21): 39, (49, 43): 39, (50, 29): 117, (50, 34): 117, (52, 28): 117, (52, 33): 117, (54, 68): 39, (54, 104): 39, (55, 81): 117, (55, 90): 117, (58, 12): 117, (58, 43): 117, (61, 23): 117, (61, 29): 117, (62, 3): 39, (62, 48): 39, (67, 8): 39, (67, 38): 39, (68, 70): 9, (68, 88): 9, (69, 5): 9, (69, 39): 9, (70, 70): 117, (70, 86): 117, (73, 64): 117, (73, 89): 117, (75, 4): 117, (75, 34): 117, (76, 12): 13, (76, 25): 13, (78, 42): 117, (78, 106): 117, (82, 35): 117, (82, 109): 117, (83, 11): 117, (83, 19): 117, (84, 68): 117, (84, 74): 117, (85, 40): 117, (85, 101): 117, (86, 49): 117, (86, 91): 117, (88, 68): 117, (88, 70): 117, (92, 9): 117, (92, 12): 117, (94, 54): 39, (94, 78): 39, (99, 40): 39, (99, 87): 39, (101, 34): 9, (101, 91): 9, (102, 19): 13, (102, 105): 13, (108, 35): 13, (108, 83): 13, (109, 5): 117, (109, 112): 117, (112, 42): 117, (112, 72): 117}
 
127, 144, True, 36, 4
{'infinity': 1, (0, 38): 3, (0, 89): 3, (1, 50): 144, (1, 76): 144, (2, 18): 72, (2, 107): 72, (3, 51): 48, (3, 73): 48, (6, 57): 48, (6, 64): 48, (7, 34): 144, (7, 86): 144, (8, 8): 144, (8, 111): 144, (14, 21): 18, (14, 92): 18, (15, 36): 144, (15, 76): 144, (17, 45): 144, (17, 65): 144, (18, 5): 36, (18, 104): 36, (20, 13): 6, (20, 94): 6, (21, 49): 12, (21, 57): 12, (22, 46): 72, (22, 59): 72, (23, 109): 24, (23, 122): 24, (24, 16): 24, (24, 87): 24, (27, 104): 144, (27, 123): 144, (28, 106): 144, (28, 120): 144, (29, 40): 72, (29, 58): 72, (31, 26): 24, (31, 70): 24, (34, 99): 4, (34, 121): 4, (37, 15): 9, (37, 75): 9, (38, 30): 9, (38, 59): 9, (40, 38): 48, (40, 49): 48, (41, 103): 144, (41, 110): 144, (42, 14): 144, (42, 71): 144, (45, 87): 16, (45, 122): 16, (46, 99): 16, (46, 109): 16, (47, 99): 16, (47, 108): 16, (48, 36): 72, (48, 43): 72, (50, 32): 36, (50, 45): 36, (51, 77): 144, (51, 126): 144, (52, 95): 144, (52, 107): 144, (53, 19): 18, (53, 55): 18, (57, 7): 72, (57, 63): 72, (58, 87): 48, (58, 109): 48, (59, 73): 48, (59, 122): 48, (60, 22): 144, (60, 45): 144, (61, 78): 144, (61, 115): 144, (64, 27): 144, (64, 36): 144, (65, 73): 8, (65, 116): 8, (66, 12): 48, (66, 49): 48, (67, 1): 72, (67, 59): 72, (69, 27): 144, (69, 31): 144, (73, 74): 144, (73, 107): 144, (75, 60): 144, (75, 119): 144, (76, 81): 48, (76, 97): 48, (77, 25): 2, (78, 79): 12, (78, 97): 12, (82, 68): 144, (82, 104): 144, (84, 55): 144, (84, 115): 144, (87, 2): 16, (87, 38): 16, (88, 47): 72, (88, 119): 72, (90, 68): 72, (90, 96): 72, (91, 44): 144, (91, 119): 144, (92, 3): 9, (92, 32): 9, (95, 61): 72, (95, 98): 72, (100, 57): 48, (100, 97): 48, (101, 43): 144, (101, 110): 144, (102, 10): 72, (102, 15): 72, (104, 48): 144, (104, 102): 144, (105, 43): 144, (105, 106): 144, (107, 30): 36, (107, 117): 36, (108, 72): 72, (108, 74): 72, (109, 30): 36, (109, 115): 36, (111, 67): 18, (111, 76): 18, (112, 32): 36, (112, 110): 36, (114, 56): 24, (114, 84): 24, (115, 15): 72, (115, 124): 72, (117, 55): 144, (117, 82): 144, (121, 27): 36, (121, 106): 36, (124, 39): 8, (124, 91): 8}
 
131, 144, False, 18, 8
{'infinity': 1, (4, 62): 12, (4, 65): 12, (5, 43): 72, (5, 83): 72, (6, 56): 24, (6, 69): 24, (7, 32): 36, (7, 92): 36, (9, 33): 72, (9, 89): 72, (10, 31): 72, (10, 90): 72, (11, 50): 24, (11, 70): 24, (12, 46): 36, (12, 73): 36, (13, 0): 72, (13, 118): 72, (15, 14): 72, (15, 102): 72, (21, 2): 72, (21, 108): 72, (24, 41): 36, (24, 66): 36, (25, 5): 18, (25, 101): 18, (27, 22): 72, (27, 82): 72, (28, 105): 18, (28, 129): 18, (29, 8): 8, (29, 94): 8, (32, 15): 36, (32, 84): 36, (33, 33): 72, (33, 65): 72, (34, 31): 72, (34, 66): 72, (36, 32): 36, (36, 63): 36, (37, 24): 36, (37, 70): 36, (38, 107): 24, (38, 117): 24, (39, 94): 72, (39, 129): 72, (40, 105): 9, (40, 117): 9, (41, 108): 8, (41, 113): 8, (46, 88): 36, (46, 128): 36, (47, 22): 24, (47, 62): 24, (49, 38): 72, (49, 44): 72, (52, 6): 18, (52, 73): 18, (53, 92): 72, (53, 117): 72, (54, 104): 2, (56, 27): 72, (56, 48): 72, (57, 22): 36, (57, 52): 36, (58, 16): 6, (58, 57): 6, (60, 12): 72, (60, 59): 72, (61, 1): 36, (61, 69): 36, (62, 29): 72, (62, 40): 72, (63, 94): 18, (63, 105): 18, (64, 69): 72, (64, 129): 72, (65, 11): 6, (65, 55): 6, (66, 98): 2, (67, 73): 12, (67, 122): 12, (69, 85): 9, (69, 108): 9, (71, 92): 72, (71, 99): 72, (72, 81): 24, (72, 109): 24, (73, 66): 24, (73, 123): 24, (74, 28): 12, (74, 29): 12, (79, 85): 9, (79, 98): 9, (80, 62): 8, (80, 120): 8, (83, 70): 72, (83, 109): 72, (85, 78): 72, (85, 99): 72, (87, 13): 12, (87, 31): 12, (88, 11): 6, (88, 32): 6, (89, 9): 4, (89, 33): 4, (94, 65): 72, (94, 103): 72, (97, 53): 36, (97, 112): 36, (98, 57): 18, (98, 107): 18, (99, 68): 18, (99, 95): 18, (104, 8): 8, (104, 19): 8, (105, 77): 72, (105, 80): 72, (106, 57): 18, (106, 99): 18, (107, 46): 18, (107, 109): 18, (109, 11): 2, (111, 36): 24, (111, 115): 24, (112, 63): 36, (112, 87): 36, (114, 63): 3, (114, 85): 3, (117, 47): 18, (117, 98): 18, (118, 20): 36, (118, 124): 36, (120, 4): 72, (120, 7): 72, (122, 34): 72, (122, 106): 72, (126, 29): 72, (126, 107): 72, (127, 49): 24, (127, 86): 24, (129, 8): 4, (129, 125): 4}
 
137, 153, True, 9, 17
{'infinity': 1, (0, 37): 153, (0, 100): 153, (7, 23): 51, (7, 107): 51, (8, 23): 153, (8, 106): 153, (10, 43): 51, (10, 84): 51, (12, 49): 153, (12, 76): 153, (13, 49): 153, (13, 75): 153, (14, 29): 153, (14, 94): 153, (17, 29): 9, (17, 91): 9, (18, 54): 153, (18, 65): 153, (19, 38): 153, (19, 80): 153, (21, 125): 17, (21, 128): 17, (23, 56): 153, (23, 58): 153, (27, 118): 153, (27, 129): 153, (28, 34): 153, (28, 75): 153, (32, 19): 153, (32, 86): 153, (33, 10): 153, (33, 94): 153, (35, 32): 51, (35, 70): 51, (37, 12): 153, (37, 88): 153, (39, 14): 51, (39, 84): 51, (40, 14): 153, (40, 83): 153, (43, 28): 153, (43, 66): 153, (48, 30): 153, (48, 59): 153, (50, 15): 153, (50, 72): 153, (53, 97): 51, (53, 124): 51, (54, 2): 153, (54, 81): 153, (55, 38): 153, (55, 44): 153, (58, 14): 153, (58, 65): 153, (60, 101): 153, (60, 113): 153, (61, 11): 17, (61, 65): 17, (62, 27): 153, (62, 48): 153, (63, 36): 153, (63, 38): 153, (64, 77): 153, (64, 133): 153, (66, 100): 17, (66, 108): 17, (67, 24): 51, (67, 46): 51, (70, 16): 51, (70, 51): 51, (71, 100): 153, (71, 103): 153, (72, 25): 9, (72, 40): 9, (75, 67): 17, (75, 132): 17, (77, 7): 153, (77, 53): 153, (79, 96): 153, (79, 99): 153, (80, 82): 153, (80, 112): 153, (81, 77): 153, (81, 116): 153, (82, 60): 153, (82, 132): 153, (85, 25): 51, (85, 27): 51, (87, 11): 51, (87, 39): 51, (88, 84): 51, (88, 102): 51, (89, 7): 153, (89, 41): 153, (90, 90): 17, (90, 94): 17, (92, 4): 153, (92, 41): 153, (93, 3): 153, (93, 41): 153, (95, 16): 51, (95, 26): 51, (96, 75): 51, (96, 103): 51, (100, 52): 153, (100, 122): 153, (102, 59): 153, (102, 113): 153, (103, 63): 153, (103, 108): 153, (105, 61): 9, (105, 108): 9, (106, 2): 153, (106, 29): 153, (107, 64): 153, (107, 103): 153, (108, 7): 51, (108, 22): 51, (109, 12): 17, (109, 16): 17, (111, 28): 51, (111, 135): 51, (112, 49): 153, (112, 113): 153, (113, 69): 17, (113, 92): 17, (114, 2): 3, (114, 21): 3, (117, 25): 153, (117, 132): 153, (120, 28): 153, (120, 126): 153, (122, 23): 153, (122, 129): 153, (124, 59): 153, (124, 91): 153, (125, 20): 17, (125, 129): 17, (126, 0): 51, (126, 11): 51, (127, 27): 153, (127, 120): 153, (128, 12): 153, (128, 134): 153, (129, 68): 51, (129, 77): 51, (131, 45): 153, (131, 98): 153, (132, 47): 153, (132, 95): 153, (133, 50): 153, (133, 91): 153}
 
139, 162, True, 3, 54
{'infinity': 1, (2, 12): 27, (2, 125): 27, (4, 40): 3, (4, 95): 3, (6, 8): 162, (6, 125): 162, (7, 57): 81, (7, 75): 81, (9, 1): 81, (9, 129): 81, (12, 35): 6, (12, 92): 6, (15, 31): 162, (15, 93): 162, (17, 37): 162, (17, 85): 162, (18, 32): 27, (18, 89): 27, (19, 24): 54, (19, 96): 54, (20, 10): 54, (20, 109): 54, (23, 27): 27, (23, 89): 27, (28, 10): 81, (28, 101): 81, (29, 118): 27, (29, 131): 27, (30, 114): 54, (30, 134): 54, (33, 48): 81, (33, 58): 81, (35, 14): 81, (35, 90): 81, (37, 113): 162, (37, 128): 162, (39, 14): 81, (39, 86): 81, (42, 45): 81, (42, 52): 81, (43, 117): 27, (43, 118): 27, (45, 105): 81, (45, 128): 81, (46, 13): 162, (46, 80): 162, (48, 98): 54, (48, 132): 54, (52, 97): 81, (52, 129): 81, (53, 110): 81, (53, 115): 81, (55, 27): 27, (55, 57): 27, (56, 20): 162, (56, 63): 162, (57, 93): 162, (57, 128): 162, (58, 38): 54, (58, 43): 54, (59, 16): 54, (59, 64): 54, (60, 29): 54, (60, 50): 54, (61, 27): 9, (61, 51): 9, (63, 8): 9, (63, 68): 9, (64, 106): 81, (64, 108): 81, (65, 14): 27, (65, 60): 27, (66, 75): 162, (66, 137): 162, (67, 93): 9, (67, 118): 9, (70, 8): 162, (70, 61): 162, (72, 73): 18, (72, 133): 18, (74, 4): 54, (74, 61): 54, (75, 76): 81, (75, 127): 81, (77, 5): 81, (77, 57): 81, (78, 71): 81, (78, 129): 81, (80, 82): 162, (80, 116): 162, (81, 28): 81, (81, 30): 81, (86, 56): 162, (86, 136): 162, (91, 10): 162, (91, 38): 162, (92, 5): 18, (92, 42): 18, (95, 50): 162, (95, 133): 162, (97, 74): 81, (97, 107): 81, (98, 89): 27, (98, 91): 27, (100, 52): 162, (100, 126): 162, (101, 73): 162, (101, 104): 162, (103, 7): 162, (103, 29): 162, (104, 77): 81, (104, 97): 81, (105, 73): 81, (105, 100): 81, (107, 81): 54, (107, 90): 54, (108, 55): 18, (108, 115): 18, (109, 5): 162, (109, 25): 162, (110, 63): 81, (110, 105): 81, (111, 34): 81, (111, 133): 81, (112, 63): 162, (112, 103): 162, (113, 0): 162, (113, 26): 162, (115, 29): 81, (115, 134): 81, (116, 39): 81, (116, 123): 81, (117, 46): 162, (117, 115): 162, (119, 65): 81, (119, 94): 81, (121, 58): 162, (121, 99): 162, (122, 59): 27, (122, 97): 27, (123, 50): 81, (123, 105): 81, (124, 58): 162, (124, 96): 162, (128, 62): 162, (128, 88): 162, (129, 38): 81, (129, 111): 81, (131, 22): 162, (131, 125): 162, (132, 1): 162, (132, 6): 162, (133, 11): 162, (133, 134): 162, (134, 61): 81, (134, 83): 81, (135, 47): 81, (135, 96): 81, (136, 52): 162, (136, 90): 162, (137, 1): 2}
 
149, 147, True, 3, 49
{'infinity': 1, (0, 74): 147, (0, 75): 147, (1, 0): 147, (1, 148): 147, (3, 54): 147, (3, 92): 147, (4, 16): 147, (4, 129): 147, (5, 27): 49, (5, 117): 49, (7, 13): 49, (7, 129): 49, (10, 51): 147, (10, 88): 147, (12, 58): 21, (12, 79): 21, (13, 58): 49, (13, 78): 49, (16, 18): 147, (16, 115): 147, (25, 11): 49, (25, 113): 49, (26, 54): 147, (26, 69): 147, (28, 46): 147, (28, 75): 147, (30, 1): 7, (30, 118): 7, (31, 50): 49, (31, 68): 49, (33, 122): 49, (33, 143): 49, (34, 21): 21, (34, 94): 21, (35, 130): 49, (35, 133): 49, (36, 56): 49, (36, 57): 49, (37, 18): 21, (37, 94): 21, (39, 10): 147, (39, 100): 147, (47, 110): 49, (47, 141): 49, (49, 29): 147, (49, 71): 147, (50, 44): 147, (50, 55): 147, (51, 1): 147, (51, 97): 147, (53, 23): 147, (53, 73): 147, (56, 103): 49, (56, 139): 49, (58, 41): 147, (58, 50): 147, (60, 39): 147, (60, 50): 147, (62, 5): 147, (62, 82): 147, (63, 20): 147, (63, 66): 147, (66, 101): 21, (66, 131): 21, (67, 114): 147, (67, 117): 147, (68, 1): 147, (68, 80): 147, (71, 85): 147, (71, 142): 147, (72, 89): 147, (72, 137): 147, (76, 31): 49, (76, 42): 49, (77, 104): 147, (77, 117): 147, (78, 94): 7, (78, 126): 7, (79, 91): 49, (79, 128): 49, (80, 106): 49, (80, 112): 49, (81, 96): 49, (81, 121): 49, (82, 14): 147, (82, 53): 147, (84, 31): 147, (84, 34): 147, (85, 89): 147, (85, 124): 147, (88, 76): 147, (88, 134): 147, (93, 81): 147, (93, 124): 147, (95, 99): 7, (95, 104): 7, (96, 18): 49, (96, 35): 49, (97, 82): 147, (97, 119): 147, (99, 8): 147, (99, 42): 147, (101, 96): 49, (101, 101): 49, (104, 66): 147, (104, 128): 147, (107, 14): 49, (107, 28): 49, (109, 14): 147, (109, 26): 147, (115, 55): 21, (115, 128): 21, (116, 86): 49, (116, 96): 49, (118, 70): 3, (118, 110): 3, (119, 72): 49, (119, 107): 49, (120, 54): 147, (120, 124): 147, (121, 75): 147, (121, 102): 147, (123, 42): 147, (123, 133): 147, (124, 58): 147, (124, 116): 147, (126, 68): 147, (126, 104): 147, (131, 66): 147, (131, 101): 147, (133, 55): 147, (133, 110): 147, (135, 48): 147, (135, 115): 147, (138, 31): 21, (138, 129): 21, (139, 77): 49, (139, 82): 49, (140, 25): 147, (140, 133): 147, (141, 68): 147, (141, 89): 147, (142, 33): 147, (142, 123): 147, (147, 36): 49, (147, 115): 49}
 
151, 162, False, 54, 3
{'infinity': 1, (3, 25): 27, (3, 123): 27, (4, 18): 3, (4, 129): 3, (5, 70): 9, (5, 76): 9, (7, 70): 9, (7, 74): 9, (8, 6): 3, (8, 137): 3, (9, 58): 54, (9, 84): 54, (11, 36): 9, (11, 104): 9, (12, 18): 54, (12, 121): 54, (13, 57): 54, (13, 81): 54, (14, 28): 54, (14, 109): 54, (15, 140): 27, (15, 147): 27, (16, 12): 6, (16, 123): 6, (17, 63): 27, (17, 71): 27, (19, 26): 18, (19, 106): 18, (21, 52): 54, (21, 78): 54, (24, 130): 27, (24, 148): 27, (25, 54): 9, (25, 72): 9, (26, 42): 27, (26, 83): 27, (27, 25): 18, (27, 99): 18, (29, 12): 9, (29, 110): 9, (30, 17): 27, (30, 104): 27, (34, 17): 54, (34, 100): 54, (35, 13): 27, (35, 103): 27, (36, 130): 27, (36, 136): 27, (37, 118): 6, (37, 147): 6, (39, 0): 54, (39, 112): 54, (40, 112): 54, (40, 150): 54, (41, 51): 27, (41, 59): 27, (42, 118): 54, (42, 142): 54, (44, 0): 3, (44, 107): 3, (47, 23): 54, (47, 81): 54, (52, 36): 54, (52, 63): 54, (53, 120): 18, (53, 129): 18, (54, 103): 27, (54, 145): 27, (55, 44): 27, (55, 52): 27, (56, 37): 18, (56, 58): 18, (57, 11): 54, (57, 83): 54, (58, 110): 27, (58, 134): 27, (59, 5): 54, (59, 87): 54, (61, 6): 54, (61, 84): 54, (62, 103): 27, (62, 137): 27, (64, 110): 27, (64, 128): 27, (68, 0): 54, (68, 83): 54, (72, 112): 27, (72, 118): 27, (75, 24): 18, (75, 52): 18, (76, 35): 27, (76, 40): 27, (79, 7): 54, (79, 65): 54, (81, 84): 27, (81, 137): 27, (82, 6): 54, (82, 63): 54, (83, 21): 27, (83, 47): 27, (84, 3): 27, (84, 64): 27, (86, 7): 27, (86, 58): 27, (87, 17): 18, (87, 47): 18, (88, 27): 54, (88, 36): 54, (89, 89): 27, (89, 124): 27, (90, 73): 54, (90, 139): 54, (91, 81): 9, (91, 130): 9, (93, 9): 6, (93, 49): 6, (94, 79): 18, (94, 129): 18, (99, 56): 54, (99, 147): 54, (100, 75): 6, (100, 127): 6, (102, 14): 9, (102, 35): 9, (105, 22): 54, (105, 24): 54, (106, 12): 18, (106, 33): 18, (108, 62): 54, (108, 132): 54, (110, 88): 27, (110, 104): 27, (115, 2): 54, (115, 34): 54, (118, 68): 18, (118, 116): 18, (121, 5): 54, (121, 25): 54, (122, 5): 27, (122, 24): 27, (123, 85): 27, (123, 94): 27, (124, 35): 27, (124, 143): 27, (132, 47): 54, (132, 123): 54, (134, 60): 27, (134, 108): 27, (135, 18): 54, (135, 149): 54, (137, 7): 2, (138, 53): 9, (138, 111): 9, (139, 70): 9, (139, 93): 9, (142, 45): 27, (142, 115): 27, (143, 50): 54, (143, 109): 54, (145, 48): 3, (145, 109): 3}
 
157, 144, True, 9, 16
{'infinity': 1, (3, 24): 9, (3, 130): 9, (7, 59): 36, (7, 91): 36, (10, 22): 3, (10, 125): 3, (11, 12): 48, (11, 134): 48, (14, 44): 12, (14, 99): 12, (15, 51): 8, (15, 91): 8, (17, 27): 72, (17, 113): 72, (18, 144): 36, (18, 152): 36, (20, 24): 144, (20, 113): 144, (22, 46): 144, (22, 89): 144, (23, 38): 72, (23, 96): 72, (26, 63): 144, (26, 68): 144, (27, 135): 24, (27, 152): 24, (29, 7): 24, (29, 121): 24, (32, 137): 16, (32, 145): 16, (33, 36): 144, (33, 88): 144, (39, 47): 144, (39, 71): 144, (42, 10): 12, (42, 105): 12, (43, 18): 9, (43, 96): 9, (45, 37): 36, (45, 75): 36, (47, 20): 144, (47, 90): 144, (48, 38): 144, (48, 71): 144, (50, 20): 72, (50, 87): 72, (51, 12): 4, (51, 94): 4, (53, 15): 36, (53, 89): 36, (54, 130): 2, (56, 110): 144, (56, 148): 144, (58, 30): 72, (58, 69): 72, (59, 25): 144, (59, 73): 144, (60, 20): 48, (60, 77): 48, (61, 104): 144, (61, 149): 144, (69, 28): 48, (69, 60): 48, (70, 16): 72, (70, 71): 72, (74, 9): 144, (74, 74): 144, (75, 2): 16, (75, 80): 16, (76, 17): 144, (76, 64): 144, (77, 4): 144, (77, 76): 144, (78, 0): 144, (78, 79): 144, (82, 89): 16, (82, 143): 16, (83, 111): 48, (83, 120): 48, (84, 34): 72, (84, 39): 72, (86, 33): 48, (86, 38): 48, (89, 13): 72, (89, 55): 72, (90, 9): 8, (90, 58): 8, (91, 96): 72, (91, 127): 72, (93, 80): 36, (93, 141): 36, (95, 12): 48, (95, 50): 48, (96, 1): 18, (96, 60): 18, (100, 84): 18, (100, 130): 18, (104, 78): 48, (104, 132): 48, (106, 76): 24, (106, 132): 24, (107, 0): 144, (107, 50): 144, (109, 13): 144, (109, 35): 144, (111, 65): 72, (111, 138): 72, (112, 50): 72, (112, 152): 72, (116, 13): 16, (116, 28): 16, (120, 81): 144, (120, 113): 144, (123, 86): 144, (123, 105): 144, (125, 3): 18, (125, 29): 18, (129, 0): 24, (129, 28): 24, (131, 76): 144, (131, 107): 144, (134, 24): 48, (134, 156): 48, (135, 88): 72, (135, 91): 72, (137, 85): 144, (137, 92): 144, (143, 63): 6, (143, 108): 6, (144, 41): 36, (144, 129): 36, (145, 63): 144, (145, 106): 144, (146, 80): 144, (146, 88): 144, (147, 72): 9, (147, 95): 9, (149, 60): 144, (149, 105): 144, (150, 9): 144, (150, 155): 144, (155, 23): 72, (155, 136): 72}
 
163, 180, False, 12, 15
{'infinity': 1, (1, 73): 12, (1, 89): 12, (3, 56): 60, (3, 104): 60, (4, 160): 30, (4, 162): 30, (5, 15): 60, (5, 143): 60, (7, 51): 60, (7, 105): 60, (9, 39): 20, (9, 115): 20, (11, 14): 15, (11, 138): 15, (12, 73): 3, (12, 78): 3, (14, 9): 30, (14, 140): 30, (15, 68): 60, (15, 80): 60, (16, 63): 60, (16, 84): 60, (17, 7): 60, (17, 139): 60, (19, 61): 30, (19, 83): 30, (20, 3): 12, (20, 140): 12, (21, 55): 60, (21, 87): 60, (22, 4): 12, (22, 137): 12, (25, 44): 30, (25, 94): 30, (27, 30): 15, (27, 106): 15, (28, 145): 30, (28, 153): 30, (30, 4): 60, (30, 129): 60, (33, 52): 15, (33, 78): 15, (38, 46): 10, (38, 79): 10, (39, 59): 30, (39, 65): 30, (40, 44): 60, (40, 79): 60, (42, 35): 60, (42, 86): 60, (43, 123): 30, (43, 160): 30, (46, 20): 12, (46, 97): 12, (48, 47): 15, (48, 68): 15, (50, 27): 60, (50, 86): 60, (53, 136): 30, (53, 137): 30, (54, 12): 15, (54, 97): 15, (56, 135): 2, (58, 42): 60, (58, 63): 60, (59, 113): 12, (59, 154): 12, (61, 124): 60, (61, 141): 60, (62, 18): 15, (62, 83): 15, (63, 3): 20, (63, 97): 20, (66, 126): 15, (66, 134): 15, (68, 15): 60, (68, 80): 60, (69, 34): 60, (69, 60): 60, (71, 6): 6, (71, 86): 6, (73, 115): 60, (73, 138): 60, (74, 90): 60, (74, 162): 60, (77, 107): 15, (77, 142): 15, (78, 98): 6, (78, 150): 6, (79, 109): 60, (79, 138): 60, (80, 3): 30, (80, 80): 30, (81, 115): 3, (81, 130): 3, (82, 83): 30, (82, 161): 30, (83, 92): 60, (83, 151): 60, (85, 79): 60, (85, 162): 60, (86, 82): 12, (86, 158): 12, (87, 22): 60, (87, 54): 60, (88, 101): 20, (88, 137): 20, (89, 11): 10, (89, 63): 10, (90, 15): 15, (90, 58): 15, (94, 21): 15, (94, 48): 15, (98, 21): 60, (98, 44): 60, (100, 68): 12, (100, 158): 12, (102, 82): 15, (102, 142): 15, (105, 102): 15, (105, 119): 15, (107, 93): 30, (107, 126): 30, (111, 4): 30, (111, 48): 30, (113, 10): 6, (113, 40): 6, (114, 13): 15, (114, 36): 15, (116, 50): 5, (116, 160): 5, (118, 78): 15, (118, 130): 15, (119, 95): 60, (119, 112): 60, (121, 48): 30, (121, 157): 30, (125, 47): 6, (125, 154): 6, (126, 59): 60, (126, 141): 60, (127, 69): 5, (127, 130): 5, (129, 57): 60, (129, 140): 60, (131, 49): 20, (131, 146): 20, (132, 35): 60, (132, 159): 60, (134, 8): 60, (134, 21): 60, (138, 82): 60, (138, 106): 60, (139, 46): 15, (139, 141): 15, (140, 28): 3, (140, 158): 3, (142, 30): 4, (142, 154): 4, (147, 37): 3, (147, 142): 3, (149, 46): 30, (149, 131): 30, (150, 73): 12, (150, 103): 12, (151, 26): 30, (151, 149): 30, (152, 35): 15, (152, 139): 15, (153, 47): 30, (153, 126): 30, (155, 53): 60, (155, 118): 60, (157, 30): 60, (157, 139): 60, (159, 45): 60, (159, 122): 60, (161, 59): 60, (161, 106): 60}
 
167, 174, True, 3, 58
{'infinity': 1, (0, 76): 87, (0, 91): 87, (2, 81): 174, (2, 84): 174, (7, 22): 174, (7, 138): 174, (9, 34): 29, (9, 124): 29, (13, 70): 174, (13, 84): 174, (14, 39): 87, (14, 114): 87, (15, 73): 29, (15, 79): 29, (18, 1): 58, (18, 148): 58, (19, 47): 174, (19, 101): 174, (22, 23): 174, (22, 122): 174, (23, 34): 87, (23, 110): 87, (26, 5): 174, (26, 136): 174, (27, 33): 58, (27, 107): 58, (29, 46): 29, (29, 92): 29, (32, 49): 87, (32, 86): 87, (36, 37): 58, (36, 94): 58, (39, 10): 87, (39, 118): 87, (40, 26): 58, (40, 101): 58, (41, 10): 174, (41, 116): 174, (43, 128): 87, (43, 163): 87, (49, 45): 174, (49, 73): 174, (52, 48): 29, (52, 67): 29, (53, 55): 58, (53, 59): 58, (57, 25): 58, (57, 85): 58, (58, 33): 174, (58, 76): 174, (60, 13): 87, (60, 94): 87, (62, 5): 174, (62, 100): 174, (63, 127): 87, (63, 144): 87, (64, 47): 29, (64, 56): 29, (65, 39): 87, (65, 63): 87, (66, 19): 29, (66, 82): 29, (67, 30): 3, (67, 70): 3, (68, 35): 174, (68, 64): 174, (71, 2): 6, (71, 94): 6, (79, 5): 29, (79, 83): 29, (81, 24): 87, (81, 62): 87, (82, 33): 87, (82, 52): 87, (84, 36): 174, (84, 47): 174, (87, 10): 58, (87, 70): 58, (88, 39): 29, (88, 40): 29, (89, 95): 29, (89, 150): 29, (90, 121): 174, (90, 123): 174, (91, 88): 87, (91, 155): 87, (93, 120): 87, (93, 121): 87, (94, 99): 87, (94, 141): 87, (95, 109): 87, (95, 130): 87, (96, 115): 174, (96, 123): 174, (99, 103): 87, (99, 132): 87, (101, 31): 174, (101, 35): 174, (102, 3): 174, (102, 62): 174, (103, 73): 174, (103, 158): 174, (105, 65): 174, (105, 164): 174, (107, 97): 58, (107, 130): 58, (108, 101): 87, (108, 125): 87, (109, 76): 58, (109, 149): 58, (110, 99): 174, (110, 125): 174, (111, 111): 87, (111, 112): 87, (116, 93): 58, (116, 125): 58, (118, 9): 58, (118, 40): 58, (119, 12): 29, (119, 36): 29, (121, 63): 87, (121, 150): 87, (122, 69): 174, (122, 143): 174, (124, 60): 87, (124, 150): 87, (125, 90): 174, (125, 119): 174, (127, 13): 174, (127, 27): 174, (128, 40): 58, (128, 166): 58, (129, 89): 87, (129, 116): 87, (130, 99): 174, (130, 105): 174, (131, 0): 174, (131, 36): 174, (132, 72): 174, (132, 130): 174, (133, 66): 58, (133, 135): 58, (134, 100): 2, (135, 34): 87, (135, 165): 87, (138, 96): 87, (138, 100): 87, (139, 58): 174, (139, 137): 174, (143, 49): 87, (143, 142): 87, (146, 4): 87, (146, 17): 87, (147, 7): 174, (147, 13): 174, (148, 63): 29, (148, 123): 29, (150, 32): 29, (150, 152): 29, (151, 62): 58, (151, 121): 58, (152, 84): 29, (152, 98): 29, (158, 14): 87, (158, 162): 87, (159, 49): 87, (159, 126): 87, (164, 54): 174, (164, 116): 174, (165, 35): 29, (165, 134): 29, (166, 51): 87, (166, 117): 87}
 
173, 189, True, 9, 21
{'infinity': 1, (1, 12): 189, (1, 160): 189, (4, 66): 63, (4, 103): 63, (5, 14): 189, (5, 154): 189, (7, 73): 7, (7, 93): 7, (10, 66): 21, (10, 97): 21, (11, 61): 27, (11, 101): 27, (12, 2): 189, (12, 159): 189, (13, 42): 63, (13, 118): 63, (15, 37): 189, (15, 121): 189, (16, 63): 63, (16, 94): 63, (17, 7): 9, (17, 149): 9, (18, 37): 63, (18, 118): 63, (19, 27): 189, (19, 127): 189, (20, 2): 189, (20, 151): 189, (22, 51): 189, (22, 100): 189, (23, 42): 189, (23, 108): 189, (24, 5): 189, (24, 144): 189, (27, 6): 21, (27, 140): 21, (28, 4): 189, (28, 141): 189, (29, 149): 189, (29, 168): 189, (30, 51): 7, (30, 92): 7, (31, 19): 27, (31, 123): 27, (33, 55): 63, (33, 85): 63, (36, 22): 27, (36, 115): 27, (37, 25): 189, (37, 111): 189, (38, 18): 189, (38, 117): 189, (40, 9): 189, (40, 124): 189, (41, 140): 189, (41, 165): 189, (42, 144): 189, (42, 160): 189, (44, 19): 27, (44, 110): 27, (46, 43): 189, (46, 84): 189, (48, 27): 27, (48, 98): 27, (49, 20): 189, (49, 104): 189, (52, 25): 9, (52, 96): 9, (53, 33): 189, (53, 87): 189, (55, 7): 21, (55, 111): 21, (57, 15): 189, (57, 101): 189, (58, 3): 189, (58, 112): 189, (63, 0): 21, (63, 110): 21, (64, 38): 63, (64, 71): 63, (66, 110): 189, (66, 170): 189, (67, 33): 189, (67, 73): 189, (68, 6): 189, (68, 99): 189, (74, 41): 189, (74, 58): 189, (75, 20): 189, (75, 78): 189, (78, 6): 189, (78, 89): 189, (79, 45): 63, (79, 49): 63, (81, 111): 189, (81, 154): 189, (84, 25): 189, (84, 64): 189, (87, 105): 9, (87, 154): 9, (92, 109): 189, (92, 145): 189, (94, 88): 189, (94, 164): 189, (96, 107): 63, (96, 143): 63, (97, 120): 27, (97, 129): 27, (98, 19): 3, (98, 56): 3, (99, 1): 189, (99, 73): 189, (100, 79): 189, (100, 167): 189, (101, 7): 63, (101, 65): 63, (105, 101): 189, (105, 140): 189, (106, 27): 63, (106, 40): 63, (107, 95): 189, (107, 144): 189, (109, 70): 189, (109, 167): 189, (110, 70): 21, (110, 166): 21, (112, 77): 7, (112, 157): 7, (114, 11): 63, (114, 48): 63, (116, 64): 27, (116, 166): 27, (118, 56): 189, (118, 172): 189, (120, 60): 189, (120, 166): 189, (121, 1): 189, (121, 51): 189, (122, 69): 21, (122, 155): 21, (124, 17): 189, (124, 32): 189, (126, 1): 189, (126, 46): 189, (127, 70): 189, (127, 149): 189, (128, 62): 63, (128, 156): 63, (130, 56): 189, (130, 160): 189, (134, 59): 27, (134, 153): 27, (135, 15): 63, (135, 23): 63, (137, 42): 189, (137, 167): 189, (138, 84): 63, (138, 124): 63, (140, 37): 189, (140, 169): 189, (141, 2): 63, (141, 30): 63, (142, 86): 63, (142, 118): 63, (144, 65): 63, (144, 137): 63, (146, 64): 189, (146, 136): 189, (147, 83): 189, (147, 116): 189, (152, 55): 189, (152, 139): 189, (154, 4): 27, (154, 15): 27, (158, 5): 189, (158, 10): 189, (159, 66): 63, (159, 121): 63, (161, 55): 189, (161, 130): 189, (162, 84): 189, (162, 100): 189, (164, 4): 189, (164, 5): 189, (168, 54): 189, (168, 124): 189, (172, 53): 189, (172, 121): 189}
 
179, 177, True, 3, 59
{'infinity': 1, (1, 77): 59, (1, 101): 59, (5, 69): 177, (5, 105): 177, (6, 78): 177, (6, 95): 177, (7, 80): 177, (7, 92): 177, (8, 79): 59, (8, 92): 59, (14, 3): 59, (14, 162): 59, (15, 69): 59, (15, 95): 59, (16, 58): 59, (16, 105): 59, (18, 67): 177, (18, 94): 177, (22, 0): 177, (22, 157): 177, (27, 2): 177, (27, 150): 177, (32, 6): 59, (32, 141): 59, (33, 159): 59, (33, 166): 59, (37, 65): 177, (37, 77): 177, (39, 20): 59, (39, 120): 59, (42, 151): 177, (42, 165): 177, (43, 151): 177, (43, 164): 177, (45, 41): 177, (45, 93): 177, (47, 6): 59, (47, 126): 59, (48, 4): 59, (48, 127): 59, (50, 62): 177, (50, 67): 177, (51, 142): 177, (51, 165): 177, (53, 25): 177, (53, 101): 177, (55, 150): 177, (55, 153): 177, (56, 57): 177, (56, 66): 177, (57, 26): 177, (57, 96): 177, (59, 127): 177, (59, 172): 177, (60, 25): 59, (60, 94): 59, (61, 39): 177, (61, 79): 177, (66, 25): 177, (66, 88): 177, (68, 27): 177, (68, 84): 177, (72, 127): 177, (72, 159): 177, (74, 125): 177, (74, 159): 177, (78, 137): 177, (78, 143): 177, (79, 19): 59, (79, 81): 59, (81, 24): 177, (81, 74): 177, (82, 44): 177, (82, 53): 177, (83, 131): 177, (83, 144): 177, (86, 107): 59, (86, 165): 59, (87, 117): 59, (87, 154): 59, (89, 17): 177, (89, 73): 177, (90, 128): 59, (90, 140): 59, (94, 113): 177, (94, 151): 177, (95, 115): 59, (95, 148): 59, (97, 111): 59, (97, 150): 59, (98, 5): 59, (98, 76): 59, (100, 6): 59, (100, 73): 59, (101, 94): 177, (101, 163): 177, (103, 30): 59, (103, 46): 59, (106, 5): 177, (106, 68): 177, (107, 35): 177, (107, 37): 177, (110, 79): 177, (110, 169): 177, (111, 1): 3, (111, 67): 3, (112, 11): 177, (112, 56): 177, (113, 76): 177, (113, 169): 177, (114, 74): 59, (114, 170): 59, (116, 14): 59, (116, 49): 59, (118, 103): 177, (118, 137): 177, (119, 90): 177, (119, 149): 177, (121, 12): 177, (121, 46): 177, (125, 101): 177, (125, 132): 177, (126, 96): 177, (126, 136): 177, (127, 91): 177, (127, 140): 177, (129, 106): 177, (129, 123): 177, (133, 10): 177, (133, 36): 177, (134, 46): 177, (134, 178): 177, (135, 54): 177, (135, 169): 177, (141, 77): 177, (141, 140): 177, (142, 41): 59, (142, 175): 59, (147, 76): 177, (147, 135): 177, (148, 43): 59, (148, 167): 59, (152, 48): 177, (152, 158): 177, (154, 5): 177, (154, 20): 177, (158, 95): 177, (158, 105): 177, (159, 69): 177, (159, 130): 177, (161, 83): 59, (161, 114): 59, (162, 59): 177, (162, 137): 177, (163, 74): 177, (163, 121): 177, (164, 92): 177, (164, 102): 177, (165, 20): 177, (165, 173): 177, (168, 42): 59, (168, 148): 59, (169, 73): 177, (169, 116): 177, (170, 89): 59, (170, 99): 59, (171, 41): 177, (171, 146): 177, (172, 52): 59, (172, 134): 59, (175, 87): 177, (175, 96): 177, (176, 63): 177, (176, 119): 177, (178, 9): 59, (178, 171): 59}
 
181, 180, False, 3, 60
{'infinity': 1, (2, 84): 30, (2, 95): 30, (3, 45): 3, (3, 133): 3, (4, 73): 60, (4, 104): 60, (8, 37): 60, (8, 136): 60, (12, 82): 60, (12, 87): 60, (13, 9): 6, (13, 159): 6, (14, 62): 15, (14, 105): 15, (16, 38): 15, (16, 127): 15, (17, 167): 12, (17, 178): 12, (18, 11): 3, (18, 152): 3, (21, 167): 30, (21, 174): 30, (24, 31): 6, (24, 126): 6, (26, 72): 60, (26, 83): 60, (28, 61): 60, (28, 92): 60, (29, 35): 30, (29, 117): 30, (35, 48): 30, (35, 98): 30, (40, 33): 4, (40, 108): 4, (44, 24): 60, (44, 113): 60, (45, 137): 20, (45, 180): 20, (46, 53): 60, (46, 82): 60, (47, 135): 12, (47, 180): 12, (48, 142): 30, (48, 172): 30, (50, 32): 20, (50, 99): 20, (51, 38): 60, (51, 92): 60, (53, 52): 15, (53, 76): 15, (54, 144): 30, (54, 164): 30, (56, 10): 30, (56, 115): 30, (57, 7): 60, (57, 117): 60, (58, 11): 60, (58, 112): 60, (60, 9): 30, (60, 112): 30, (62, 137): 15, (62, 163): 15, (63, 6): 60, (63, 112): 60, (64, 12): 60, (64, 105): 60, (68, 4): 6, (68, 109): 6, (70, 119): 3, (70, 173): 3, (71, 48): 10, (71, 62): 10, (72, 15): 12, (72, 94): 12, (73, 134): 6, (73, 155): 6, (74, 137): 60, (74, 151): 60, (75, 48): 15, (75, 58): 15, (76, 124): 5, (76, 162): 5, (80, 111): 30, (80, 171): 30, (81, 43): 60, (81, 57): 60, (82, 36): 60, (82, 63): 60, (85, 26): 20, (85, 70): 20, (86, 123): 15, (86, 153): 15, (89, 93): 30, (89, 180): 30, (90, 102): 15, (90, 170): 15, (92, 120): 10, (92, 150): 10, (93, 128): 15, (93, 141): 15, (94, 103): 60, (94, 165): 60, (95, 117): 60, (95, 150): 60, (96, 23): 30, (96, 62): 30, (102, 92): 15, (102, 168): 15, (103, 105): 12, (103, 154): 12, (104, 18): 60, (104, 59): 60, (105, 11): 60, (105, 65): 60, (107, 14): 60, (107, 60): 60, (108, 9): 15, (108, 64): 15, (109, 3): 60, (109, 69): 60, (112, 71): 60, (112, 179): 60, (113, 120): 60, (113, 129): 60, (114, 29): 20, (114, 38): 20, (119, 121): 15, (119, 122): 15, (120, 69): 30, (120, 173): 30, (122, 102): 15, (122, 138): 15, (123, 82): 30, (123, 157): 30, (125, 118): 12, (125, 119): 12, (129, 88): 60, (129, 145): 60, (131, 23): 15, (131, 27): 15, (133, 69): 60, (133, 160): 60, (135, 23): 2, (142, 76): 60, (142, 144): 60, (143, 52): 60, (143, 167): 60, (144, 49): 5, (144, 169): 5, (149, 99): 15, (149, 114): 15, (150, 102): 3, (150, 110): 3, (155, 46): 30, (155, 161): 30, (157, 85): 12, (157, 120): 12, (158, 96): 60, (158, 108): 60, (159, 55): 60, (159, 148): 60, (163, 99): 60, (163, 100): 60, (164, 90): 30, (164, 108): 30, (165, 22): 60, (165, 175): 60, (166, 52): 60, (166, 144): 60, (167, 76): 12, (167, 119): 12, (172, 17): 30, (172, 173): 30, (175, 37): 12, (175, 150): 12, (179, 37): 15, (179, 146): 15, (180, 5): 15, (180, 177): 15}
 
191, 192, True, 3, 64
{'infinity': 1, (3, 88): 192, (3, 100): 192, (8, 21): 4, (8, 162): 4, (9, 32): 192, (9, 150): 192, (10, 34): 192, (10, 147): 192, (13, 7): 64, (13, 171): 64, (15, 66): 32, (15, 110): 32, (19, 81): 64, (19, 91): 64, (20, 65): 12, (20, 106): 12, (21, 12): 48, (21, 158): 48, (22, 6): 96, (22, 163): 96, (24, 69): 48, (24, 98): 48, (28, 77): 192, (28, 86): 192, (30, 162): 192, (30, 190): 192, (31, 63): 96, (31, 97): 96, (35, 52): 192, (35, 104): 192, (36, 68): 96, (36, 87): 96, (37, 51): 96, (37, 103): 96, (38, 170): 192, (38, 174): 192, (40, 8): 96, (40, 143): 96, (41, 52): 48, (41, 98): 48, (42, 38): 192, (42, 111): 192, (43, 7): 64, (43, 141): 64, (44, 158): 48, (44, 180): 48, (49, 65): 96, (49, 77): 96, (51, 66): 32, (51, 74): 32, (56, 54): 192, (56, 81): 192, (60, 152): 64, (60, 170): 64, (63, 61): 192, (63, 67): 192, (66, 157): 192, (66, 159): 192, (68, 55): 24, (68, 68): 24, (71, 34): 64, (71, 86): 64, (74, 45): 6, (74, 72): 6, (77, 149): 192, (77, 156): 192, (79, 140): 96, (79, 163): 96, (81, 135): 24, (81, 166): 24, (83, 148): 64, (83, 151): 64, (87, 36): 32, (87, 68): 32, (88, 21): 192, (88, 82): 192, (89, 14): 32, (89, 88): 32, (90, 129): 16, (90, 163): 16, (91, 44): 64, (91, 56): 64, (92, 13): 48, (92, 86): 48, (93, 119): 96, (93, 170): 96, (94, 33): 192, (94, 64): 192, (95, 21): 192, (95, 75): 192, (96, 10): 192, (96, 85): 192, (97, 116): 24, (97, 169): 24, (99, 4): 192, (99, 88): 192, (106, 41): 16, (106, 44): 16, (109, 3): 64, (109, 79): 64, (110, 34): 96, (110, 47): 96, (111, 24): 192, (111, 56): 192, (113, 85): 192, (113, 184): 192, (114, 0): 64, (114, 77): 64, (115, 24): 192, (115, 52): 192, (116, 81): 96, (116, 185): 96, (118, 113): 192, (118, 151): 192, (122, 4): 96, (122, 65): 96, (124, 3): 64, (124, 64): 64, (125, 0): 16, (125, 66): 16, (126, 98): 24, (126, 158): 24, (129, 20): 192, (129, 42): 192, (130, 14): 32, (130, 47): 32, (133, 93): 192, (133, 156): 192, (134, 122): 48, (134, 126): 48, (135, 7): 8, (135, 49): 8, (136, 107): 192, (136, 139): 192, (139, 94): 64, (139, 149): 64, (142, 2): 3, (142, 47): 3, (143, 0): 64, (143, 48): 64, (144, 57): 8, (144, 181): 8, (145, 117): 64, (145, 120): 64, (148, 45): 192, (148, 189): 192, (149, 3): 16, (149, 39): 16, (153, 67): 192, (153, 162): 192, (154, 54): 64, (154, 174): 64, (156, 11): 32, (156, 24): 32, (158, 59): 192, (158, 165): 192, (159, 96): 192, (159, 127): 192, (160, 45): 192, (160, 177): 192, (161, 4): 192, (161, 26): 192, (162, 108): 64, (162, 112): 64, (163, 14): 2, (164, 64): 96, (164, 154): 96, (166, 67): 96, (166, 149): 96, (171, 83): 48, (171, 128): 48, (172, 54): 96, (172, 156): 96, (173, 85): 32, (173, 124): 32, (174, 63): 192, (174, 145): 192, (177, 63): 192, (177, 142): 192, (178, 25): 32, (178, 179): 32, (180, 56): 96, (180, 146): 96, (181, 50): 48, (181, 151): 48, (185, 44): 64, (185, 153): 64, (189, 15): 96, (189, 178): 96, (190, 18): 12, (190, 174): 12}
 
193, 198, True, 18, 11
{'infinity': 1, (0, 34): 99, (0, 159): 99, (3, 46): 198, (3, 144): 198, (4, 21): 99, (4, 168): 99, (5, 25): 9, (5, 163): 9, (6, 4): 18, (6, 183): 18, (8, 74): 99, (8, 111): 99, (11, 49): 99, (11, 133): 99, (12, 10): 99, (12, 171): 99, (13, 20): 99, (13, 160): 99, (14, 22): 66, (14, 157): 66, (16, 34): 198, (16, 143): 198, (17, 74): 198, (17, 102): 198, (19, 22): 198, (19, 152): 198, (20, 40): 99, (20, 133): 99, (21, 44): 6, (21, 128): 6, (22, 27): 3, (22, 144): 3, (23, 33): 18, (23, 137): 18, (25, 180): 66, (25, 181): 66, (27, 10): 33, (27, 156): 33, (29, 0): 9, (29, 164): 9, (32, 24): 33, (32, 137): 33, (35, 166): 99, (35, 185): 99, (36, 175): 2, (41, 4): 22, (41, 148): 22, (42, 61): 99, (42, 90): 99, (43, 64): 99, (43, 86): 99, (44, 164): 33, (44, 178): 33, (45, 170): 99, (45, 171): 99, (47, 35): 198, (47, 111): 198, (48, 3): 11, (48, 142): 11, (52, 61): 33, (52, 80): 33, (55, 20): 22, (55, 118): 22, (56, 35): 66, (56, 102): 66, (59, 145): 99, (59, 182): 99, (63, 146): 99, (63, 177): 99, (64, 16): 11, (64, 113): 11, (65, 138): 198, (65, 183): 198, (66, 152): 198, (66, 168): 198, (70, 156): 66, (70, 160): 66, (71, 33): 198, (71, 89): 198, (72, 57): 99, (72, 64): 99, (73, 28): 198, (73, 92): 198, (74, 29): 198, (74, 90): 198, (77, 26): 66, (77, 90): 66, (78, 51): 11, (78, 64): 11, (79, 141): 99, (79, 166): 99, (80, 14): 66, (80, 99): 66, (85, 140): 99, (85, 161): 99, (88, 126): 198, (88, 172): 198, (90, 35): 9, (90, 68): 9, (91, 19): 99, (91, 83): 99, (92, 48): 99, (92, 53): 99, (94, 45): 198, (94, 54): 198, (96, 134): 22, (96, 156): 22, (98, 109): 99, (98, 179): 99, (99, 33): 99, (99, 61): 99, (101, 134): 99, (101, 151): 99, (102, 131): 198, (102, 153): 198, (108, 126): 11, (108, 152): 11, (109, 30): 66, (109, 54): 66, (110, 116): 198, (110, 160): 198, (120, 102): 99, (120, 164): 99, (122, 81): 99, (122, 183): 99, (123, 95): 198, (123, 168): 198, (125, 20): 198, (125, 48): 198, (129, 92): 33, (129, 165): 33, (133, 13): 33, (133, 47): 33, (135, 100): 198, (135, 151): 198, (136, 79): 11, (136, 171): 11, (138, 111): 198, (138, 137): 198, (139, 26): 198, (139, 28): 198, (140, 55): 22, (140, 191): 22, (143, 5): 33, (143, 45): 33, (146, 4): 99, (146, 43): 99, (149, 45): 198, (149, 192): 198, (150, 85): 22, (150, 151): 22, (151, 62): 198, (151, 173): 198, (154, 10): 99, (154, 29): 99, (155, 86): 66, (155, 145): 66, (157, 97): 99, (157, 132): 99, (158, 6): 198, (158, 29): 198, (160, 11): 99, (160, 22): 99, (162, 91): 99, (162, 133): 99, (168, 74): 198, (168, 144): 198, (169, 48): 66, (169, 169): 66, (170, 26): 99, (170, 190): 99, (171, 107): 198, (171, 108): 198, (172, 69): 198, (172, 145): 198, (173, 38): 33, (173, 175): 33, (174, 28): 33, (174, 184): 33, (177, 34): 66, (177, 175): 66, (179, 2): 33, (179, 12): 33, (182, 42): 198, (182, 162): 198, (183, 54): 99, (183, 149): 99, (184, 92): 198, (184, 110): 198, (188, 86): 198, (188, 112): 198, (189, 63): 198, (189, 134): 198, (190, 70): 18, (190, 126): 18, (191, 8): 198, (191, 187): 198}
 
197, 213, True, 3, 71
{'infinity': 1, (0, 5): 213, (0, 192): 213, (1, 90): 213, (1, 106): 213, (4, 19): 213, (4, 174): 213, (5, 194): 71, (5, 195): 71, (6, 53): 71, (6, 138): 71, (11, 75): 71, (11, 111): 71, (14, 73): 213, (14, 110): 213, (15, 35): 213, (15, 147): 213, (16, 80): 71, (16, 101): 71, (17, 40): 213, (17, 140): 213, (19, 3): 71, (19, 175): 71, (20, 48): 71, (20, 129): 71, (21, 49): 71, (21, 127): 71, (22, 176): 213, (22, 196): 213, (23, 70): 213, (23, 104): 213, (26, 10): 213, (26, 161): 213, (28, 42): 213, (28, 127): 213, (29, 9): 71, (29, 159): 71, (34, 23): 213, (34, 140): 213, (35, 48): 213, (35, 114): 213, (37, 22): 213, (37, 138): 213, (38, 26): 213, (38, 133): 213, (39, 64): 213, (39, 94): 213, (40, 28): 213, (40, 129): 213, (41, 161): 213, (41, 192): 213, (42, 162): 71, (42, 190): 71, (43, 23): 213, (43, 131): 213, (44, 65): 213, (44, 88): 213, (45, 154): 71, (45, 195): 71, (46, 12): 213, (46, 139): 213, (47, 53): 213, (47, 97): 213, (52, 3): 213, (52, 142): 213, (53, 42): 71, (53, 102): 71, (57, 49): 213, (57, 91): 213, (59, 147): 213, (59, 188): 213, (61, 16): 71, (61, 120): 71, (62, 141): 213, (62, 191): 213, (64, 136): 213, (64, 194): 213, (65, 38): 213, (65, 94): 213, (66, 139): 213, (66, 189): 213, (67, 34): 213, (67, 96): 213, (68, 158): 71, (68, 168): 71, (69, 27): 213, (69, 101): 213, (74, 148): 71, (74, 172): 71, (76, 151): 213, (76, 167): 213, (77, 41): 71, (77, 79): 71, (78, 10): 71, (78, 109): 71, (79, 146): 213, (79, 169): 213, (81, 40): 213, (81, 76): 213, (82, 7): 71, (82, 108): 71, (84, 2): 71, (84, 111): 71, (85, 139): 213, (85, 170): 213, (86, 8): 213, (86, 103): 213, (93, 10): 213, (93, 94): 213, (97, 112): 71, (97, 185): 71, (98, 113): 213, (98, 183): 213, (99, 40): 213, (99, 58): 213, (100, 107): 213, (100, 187): 213, (102, 111): 71, (102, 181): 71, (104, 46): 213, (104, 47): 213, (105, 36): 213, (105, 56): 213, (106, 39): 213, (106, 52): 213, (112, 101): 213, (112, 181): 213, (114, 0): 71, (114, 83): 71, (116, 39): 213, (116, 42): 213, (118, 113): 71, (118, 163): 71, (119, 29): 213, (119, 49): 213, (120, 23): 71, (120, 54): 71, (121, 109): 213, (121, 164): 213, (123, 124): 71, (123, 147): 71, (124, 87): 213, (124, 183): 213, (125, 29): 213, (125, 43): 213, (126, 3): 213, (126, 68): 213, (127, 107): 213, (127, 160): 213, (128, 72): 213, (128, 194): 213, (130, 103): 71, (130, 161): 71, (134, 17): 71, (134, 46): 71, (136, 0): 213, (136, 61): 213, (137, 128): 213, (137, 129): 213, (140, 27): 213, (140, 30): 213, (141, 4): 213, (141, 52): 213, (142, 7): 213, (142, 48): 213, (143, 86): 71, (143, 165): 71, (144, 0): 213, (144, 53): 213, (146, 108): 71, (146, 140): 71, (147, 52): 71, (147, 195): 71, (148, 119): 213, (148, 127): 213, (149, 92): 213, (149, 153): 213, (150, 18): 213, (150, 29): 213, (154, 102): 213, (154, 138): 213, (156, 46): 213, (156, 192): 213, (158, 50): 71, (158, 186): 71, (166, 108): 71, (166, 120): 71, (167, 107): 71, (167, 120): 71, (169, 6): 213, (169, 22): 213, (170, 7): 213, (170, 20): 213, (172, 39): 71, (172, 183): 71, (178, 103): 213, (178, 113): 213, (180, 33): 213, (180, 181): 213, (184, 73): 71, (184, 137): 71, (185, 27): 3, (185, 182): 3, (187, 102): 213, (187, 105): 213, (188, 22): 71, (188, 184): 71, (189, 62): 213, (189, 143): 213, (195, 90): 213, (195, 109): 213, (196, 73): 213, (196, 125): 213}
 
199, 180, True, 9, 20
{'infinity': 1, (2, 27): 180, (2, 170): 180, (3, 96): 180, (3, 100): 180, (6, 25): 36, (6, 168): 36, (7, 18): 180, (7, 174): 180, (9, 75): 60, (9, 115): 60, (12, 190): 180, (12, 196): 180, (16, 191): 2, (17, 86): 15, (17, 96): 15, (18, 66): 18, (18, 115): 18, (19, 73): 36, (19, 107): 36, (21, 85): 5, (21, 93): 5, (22, 53): 180, (22, 124): 180, (23, 187): 5, (23, 188): 5, (24, 41): 3, (24, 134): 3, (29, 63): 15, (29, 107): 15, (32, 74): 18, (32, 93): 18, (35, 76): 180, (35, 88): 180, (37, 23): 180, (37, 139): 180, (39, 33): 90, (39, 127): 90, (40, 35): 60, (40, 124): 60, (41, 59): 10, (41, 99): 10, (42, 46): 90, (42, 111): 90, (47, 54): 9, (47, 98): 9, (48, 172): 45, (48, 178): 45, (49, 64): 90, (49, 86): 90, (51, 164): 90, (51, 183): 90, (54, 160): 180, (54, 184): 180, (55, 155): 60, (55, 188): 60, (62, 20): 45, (62, 117): 45, (64, 137): 180, (64, 197): 180, (66, 57): 45, (66, 76): 45, (67, 140): 15, (67, 191): 15, (70, 143): 180, (70, 185): 180, (73, 41): 45, (73, 85): 45, (80, 6): 45, (80, 113): 45, (82, 16): 45, (82, 101): 45, (86, 11): 9, (86, 102): 9, (89, 52): 20, (89, 58): 20, (93, 149): 12, (93, 156): 12, (95, 25): 90, (95, 79): 90, (98, 25): 180, (98, 76): 180, (99, 30): 60, (99, 70): 60, (102, 41): 45, (102, 56): 45, (103, 13): 36, (103, 83): 36, (105, 9): 45, (105, 85): 45, (106, 24): 45, (106, 69): 45, (110, 10): 90, (110, 79): 90, (111, 94): 20, (111, 193): 20, (113, 132): 60, (113, 153): 60, (116, 91): 30, (116, 191): 30, (118, 36): 90, (118, 45): 90, (119, 32): 45, (119, 48): 45, (121, 89): 12, (121, 188): 12, (122, 114): 15, (122, 162): 15, (123, 29): 60, (123, 47): 60, (124, 122): 36, (124, 152): 36, (126, 8): 36, (126, 65): 36, (129, 116): 60, (129, 153): 60, (133, 86): 90, (133, 179): 90, (134, 121): 180, (134, 143): 180, (135, 71): 180, (135, 192): 180, (136, 31): 180, (136, 32): 180, (137, 124): 90, (137, 137): 90, (138, 16): 45, (138, 45): 45, (139, 11): 90, (139, 49): 90, (141, 1): 30, (141, 57): 30, (142, 12): 18, (142, 45): 18, (143, 24): 20, (143, 32): 20, (146, 93): 90, (146, 159): 90, (149, 24): 180, (149, 26): 180, (151, 107): 180, (151, 140): 180, (152, 64): 180, (152, 182): 180, (153, 6): 180, (153, 40): 180, (156, 89): 6, (156, 153): 6, (158, 68): 180, (158, 172): 180, (165, 6): 60, (165, 28): 60, (172, 111): 180, (172, 115): 180, (173, 11): 30, (173, 15): 30, (176, 94): 10, (176, 128): 10, (178, 5): 9, (178, 16): 9, (179, 96): 180, (179, 123): 180, (180, 78): 180, (180, 140): 180, (183, 82): 180, (183, 133): 180, (184, 103): 20, (184, 111): 20, (189, 104): 36, (189, 105): 36, (191, 57): 90, (191, 150): 90, (192, 34): 180, (192, 172): 180, (193, 79): 45, (193, 126): 45, (194, 61): 30, (194, 143): 30, (197, 64): 4, (197, 137): 4}
 
211, 216, False, 72, 3
{'infinity': 1, (0, 93): 18, (0, 118): 18, (1, 65): 12, (1, 145): 12, (3, 14): 18, (3, 194): 18, (4, 73): 9, (4, 134): 9, (6, 1): 36, (6, 204): 36, (7, 205): 12, (7, 210): 12, (9, 47): 18, (9, 155): 18, (10, 11): 36, (10, 190): 36, (11, 0): 36, (11, 200): 36, (12, 84): 36, (12, 115): 36, (16, 13): 6, (16, 182): 6, (19, 24): 18, (19, 168): 18, (24, 18): 3, (24, 169): 3, (27, 82): 36, (27, 102): 36, (28, 35): 3, (28, 148): 3, (29, 51): 9, (29, 131): 9, (30, 77): 4, (30, 104): 4, (31, 90): 2, (33, 15): 36, (33, 163): 36, (34, 190): 12, (34, 198): 12, (37, 11): 6, (37, 163): 6, (43, 65): 36, (43, 103): 36, (44, 13): 6, (44, 154): 6, (48, 186): 36, (48, 188): 36, (51, 47): 9, (51, 113): 9, (54, 44): 36, (54, 113): 36, (56, 4): 18, (56, 151): 18, (57, 52): 36, (57, 102): 36, (59, 155): 12, (59, 208): 12, (60, 6): 36, (60, 145): 36, (61, 7): 6, (61, 143): 6, (65, 148): 9, (65, 209): 9, (70, 23): 36, (70, 118): 36, (72, 66): 12, (72, 73): 12, (73, 56): 12, (73, 82): 12, (74, 50): 6, (74, 87): 6, (76, 18): 18, (76, 117): 18, (78, 149): 18, (78, 195): 18, (79, 46): 12, (79, 86): 12, (83, 134): 6, (83, 205): 6, (86, 1): 18, (86, 124): 18, (89, 136): 3, (89, 197): 3, (90, 5): 9, (90, 116): 9, (91, 137): 36, (91, 194): 36, (92, 38): 36, (92, 81): 36, (94, 141): 12, (94, 187): 12, (96, 19): 6, (96, 96): 6, (101, 128): 18, (101, 193): 18, (102, 9): 6, (102, 100): 6, (106, 113): 12, (106, 203): 12, (107, 140): 6, (107, 175): 6, (109, 40): 9, (109, 62): 9, (110, 2): 18, (110, 99): 18, (111, 18): 18, (111, 82): 18, (112, 114): 18, (112, 196): 18, (116, 21): 36, (116, 74): 36, (117, 111): 12, (117, 194): 12, (118, 148): 9, (118, 156): 9, (119, 1): 36, (119, 91): 36, (120, 150): 12, (120, 152): 12, (121, 96): 4, (121, 205): 4, (122, 36): 36, (122, 53): 36, (124, 134): 18, (124, 164): 18, (125, 123): 36, (125, 174): 36, (127, 102): 6, (127, 193): 6, (128, 107): 36, (128, 187): 36, (129, 132): 36, (129, 161): 36, (131, 132): 18, (131, 159): 18, (132, 10): 18, (132, 69): 18, (133, 110): 12, (133, 179): 12, (135, 3): 36, (135, 73): 36, (136, 36): 18, (136, 39): 18, (138, 33): 18, (138, 40): 18, (140, 81): 3, (140, 201): 3, (141, 118): 36, (141, 163): 36, (143, 124): 36, (143, 155): 36, (144, 94): 18, (144, 184): 18, (146, 5): 36, (146, 60): 36, (147, 80): 36, (147, 195): 36, (150, 127): 18, (150, 145): 18, (151, 13): 6, (151, 47): 6, (154, 72): 18, (154, 196): 18, (156, 70): 6, (156, 196): 6, (157, 27): 2, (159, 128): 36, (159, 135): 36, (161, 6): 12, (161, 44): 12, (162, 128): 36, (162, 132): 36, (164, 11): 36, (164, 36): 36, (165, 4): 18, (165, 42): 18, (167, 65): 18, (167, 190): 18, (169, 75): 36, (169, 178): 36, (175, 40): 18, (175, 207): 18, (176, 95): 12, (176, 151): 12, (177, 83): 36, (177, 162): 36, (181, 15): 2, (182, 49): 9, (182, 191): 9, (186, 5): 36, (186, 20): 36, (190, 81): 36, (190, 151): 36, (191, 64): 36, (191, 167): 36, (193, 105): 12, (193, 124): 12, (194, 35): 18, (194, 193): 18, (195, 67): 36, (195, 160): 36, (197, 30): 36, (197, 195): 36, (200, 35): 18, (200, 187): 18, (201, 4): 9, (201, 6): 9, (202, 78): 18, (202, 142): 18, (205, 96): 12, (205, 121): 12, (207, 44): 18, (207, 171): 18, (208, 15): 36, (208, 199): 36}
 
223, 216, False, 18, 12
{'infinity': 1, (0, 66): 18, (0, 157): 18, (6, 19): 108, (6, 198): 108, (8, 0): 4, (8, 215): 4, (9, 49): 108, (9, 165): 108, (10, 95): 36, (10, 118): 36, (11, 83): 54, (11, 129): 54, (12, 74): 108, (12, 137): 108, (17, 214): 54, (17, 215): 54, (20, 68): 18, (20, 135): 18, (21, 100): 108, (21, 102): 108, (22, 9): 54, (22, 192): 54, (24, 32): 54, (24, 167): 54, (26, 204): 54, (26, 216): 54, (28, 199): 54, (28, 219): 54, (30, 195): 6, (30, 221): 6, (31, 87): 108, (31, 105): 108, (32, 92): 3, (32, 99): 3, (33, 36): 54, (33, 154): 54, (34, 91): 108, (34, 98): 108, (36, 52): 54, (36, 135): 54, (37, 93): 2, (39, 195): 108, (39, 212): 108, (40, 20): 18, (40, 163): 18, (42, 16): 54, (42, 165): 54, (43, 16): 108, (43, 164): 108, (47, 30): 18, (47, 146): 18, (48, 74): 108, (48, 101): 108, (49, 187): 36, (49, 210): 36, (50, 80): 54, (50, 93): 54, (51, 53): 108, (51, 119): 108, (53, 4): 9, (53, 166): 9, (54, 30): 108, (54, 139): 108, (56, 182): 108, (56, 208): 108, (59, 42): 36, (59, 122): 36, (62, 54): 27, (62, 107): 27, (63, 75): 108, (63, 85): 108, (66, 179): 4, (66, 201): 4, (68, 6): 36, (68, 149): 36, (69, 39): 27, (69, 115): 27, (70, 56): 9, (70, 97): 9, (73, 9): 27, (73, 141): 27, (74, 36): 27, (74, 113): 27, (76, 29): 18, (76, 118): 18, (81, 58): 108, (81, 84): 108, (82, 143): 108, (82, 221): 108, (83, 38): 54, (83, 102): 54, (85, 5): 54, (85, 133): 54, (88, 177): 54, (88, 181): 54, (89, 138): 108, (89, 219): 108, (93, 162): 108, (93, 191): 108, (94, 19): 54, (94, 110): 54, (95, 17): 18, (95, 111): 18, (99, 134): 27, (99, 213): 27, (101, 169): 108, (101, 176): 108, (106, 121): 36, (106, 219): 36, (108, 46): 6, (108, 69): 6, (111, 114): 108, (111, 221): 108, (113, 43): 108, (113, 67): 108, (114, 31): 36, (114, 78): 36, (116, 36): 54, (116, 71): 54, (117, 18): 54, (117, 88): 54, (119, 2): 12, (119, 102): 12, (120, 158): 54, (120, 168): 54, (121, 152): 12, (121, 173): 12, (122, 30): 108, (122, 71): 108, (123, 19): 108, (123, 81): 108, (124, 144): 12, (124, 178): 12, (126, 124): 54, (126, 196): 54, (128, 9): 54, (128, 86): 54, (130, 109): 54, (130, 207): 54, (133, 8): 54, (133, 82): 54, (136, 93): 54, (136, 217): 54, (137, 118): 12, (137, 191): 12, (138, 16): 36, (138, 69): 36, (140, 11): 108, (140, 72): 108, (141, 131): 54, (141, 174): 54, (142, 18): 54, (142, 63): 54, (143, 37): 27, (143, 43): 27, (144, 109): 108, (144, 193): 108, (149, 27): 108, (149, 47): 108, (154, 97): 108, (154, 195): 108, (155, 144): 108, (155, 147): 108, (157, 76): 108, (157, 213): 108, (158, 111): 108, (158, 177): 108, (161, 23): 27, (161, 39): 27, (163, 74): 9, (163, 209): 9, (166, 140): 2, (167, 135): 27, (167, 144): 27, (169, 57): 108, (169, 220): 108, (172, 109): 36, (172, 165): 36, (175, 110): 54, (175, 161): 54, (177, 110): 18, (177, 159): 18, (181, 54): 6, (181, 211): 6, (187, 18): 2, (188, 56): 18, (188, 202): 18, (190, 43): 108, (190, 213): 108, (193, 111): 108, (193, 142): 108, (197, 94): 108, (197, 155): 108, (198, 33): 108, (198, 215): 108, (200, 69): 36, (200, 177): 36, (203, 54): 54, (203, 189): 54, (207, 3): 36, (207, 13): 36, (208, 71): 36, (208, 167): 36, (213, 15): 36, (213, 218): 36, (214, 65): 108, (214, 167): 108, (215, 41): 18, (215, 190): 18, (216, 39): 27, (216, 191): 27, (217, 24): 54, (217, 205): 54, (222, 97): 108, (222, 127): 108}
 
227, 228, True, 12, 19
{'infinity': 1, (0, 41): 57, (0, 186): 57, (4, 103): 19, (4, 120): 19, (5, 54): 57, (5, 168): 57, (7, 63): 228, (7, 157): 228, (8, 47): 76, (8, 172): 76, (13, 52): 228, (13, 162): 228, (14, 40): 57, (14, 173): 57, (17, 13): 57, (17, 197): 57, (18, 100): 114, (18, 109): 114, (19, 36): 114, (19, 172): 114, (20, 31): 19, (20, 176): 19, (23, 24): 114, (23, 180): 114, (24, 65): 76, (24, 138): 76, (26, 53): 38, (26, 148): 38, (28, 211): 114, (28, 215): 114, (29, 91): 228, (29, 107): 228, (30, 41): 114, (30, 156): 114, (35, 203): 76, (35, 216): 76, (38, 75): 57, (38, 114): 57, (41, 24): 19, (41, 162): 19, (45, 54): 19, (45, 128): 19, (46, 28): 228, (46, 153): 228, (48, 55): 228, (48, 124): 228, (50, 40): 114, (50, 137): 114, (51, 177): 114, (51, 226): 114, (56, 42): 228, (56, 129): 228, (59, 58): 76, (59, 110): 76, (60, 183): 228, (60, 211): 228, (61, 11): 114, (61, 155): 114, (62, 63): 114, (62, 102): 114, (68, 75): 76, (68, 84): 76, (70, 59): 38, (70, 98): 38, (71, 47): 76, (71, 109): 76, (72, 9): 38, (72, 146): 38, (73, 27): 57, (73, 127): 57, (74, 166): 38, (74, 214): 38, (77, 45): 57, (77, 105): 57, (78, 52): 228, (78, 97): 228, (82, 35): 6, (82, 110): 6, (83, 8): 12, (83, 136): 12, (84, 67): 228, (84, 76): 228, (85, 62): 38, (85, 80): 38, (86, 31): 228, (86, 110): 228, (90, 26): 76, (90, 111): 76, (91, 156): 228, (91, 207): 228, (95, 150): 228, (95, 209): 228, (98, 169): 228, (98, 187): 228, (103, 145): 228, (103, 206): 228, (104, 36): 228, (104, 87): 228, (105, 39): 12, (105, 83): 12, (106, 156): 228, (106, 192): 228, (110, 120): 57, (110, 224): 57, (111, 43): 228, (111, 73): 228, (113, 120): 57, (113, 221): 57, (115, 118): 228, (115, 221): 228, (116, 118): 114, (116, 220): 114, (121, 31): 228, (121, 75): 228, (124, 142): 228, (124, 188): 228, (125, 6): 228, (125, 96): 228, (128, 151): 76, (128, 175): 76, (130, 14): 38, (130, 83): 38, (134, 23): 228, (134, 70): 228, (136, 39): 19, (136, 52): 19, (137, 121): 57, (137, 196): 57, (138, 109): 228, (138, 207): 228, (139, 104): 76, (139, 211): 76, (141, 17): 228, (141, 69): 228, (143, 92): 76, (143, 219): 76, (144, 145): 57, (144, 165): 57, (145, 140): 76, (145, 169): 76, (148, 32): 19, (148, 47): 19, (149, 86): 4, (149, 219): 4, (150, 111): 57, (150, 193): 57, (153, 96): 114, (153, 205): 114, (155, 134): 57, (155, 165): 57, (158, 6): 228, (158, 63): 228, (160, 81): 57, (160, 213): 57, (161, 5): 228, (161, 61): 228, (162, 73): 19, (162, 219): 19, (163, 24): 114, (163, 40): 114, (168, 143): 2, (170, 8): 76, (170, 49): 76, (171, 6): 114, (171, 50): 114, (173, 119): 228, (173, 162): 228, (176, 96): 76, (176, 182): 76, (177, 54): 3, (177, 223): 3, (178, 62): 38, (178, 214): 38, (179, 85): 114, (179, 190): 114, (181, 73): 228, (181, 200): 228, (183, 97): 76, (183, 174): 76, (184, 129): 38, (184, 141): 38, (185, 102): 228, (185, 167): 228, (186, 131): 228, (186, 137): 228, (191, 62): 19, (191, 201): 19, (193, 97): 57, (193, 164): 57, (195, 33): 57, (195, 226): 57, (197, 41): 114, (197, 216): 114, (200, 82): 228, (200, 172): 228, (201, 8): 57, (201, 18): 57, (202, 38): 19, (202, 214): 19, (205, 3): 228, (205, 19): 228, (207, 102): 76, (207, 145): 76, (208, 20): 114, (208, 226): 114, (211, 74): 114, (211, 169): 114, (212, 88): 38, (212, 154): 38, (213, 39): 228, (213, 202): 228, (214, 111): 228, (214, 129): 228, (215, 44): 114, (215, 195): 114, (218, 99): 76, (218, 137): 76, (219, 83): 228, (219, 152): 228, (222, 16): 228, (222, 216): 228, (223, 113): 76, (223, 118): 76, (225, 22): 57, (225, 207): 57, (226, 7): 76, (226, 221): 76}
 
229, 252, False, 36, 7
{'infinity': 1, (0, 29): 84, (0, 200): 84, (2, 18): 21, (2, 209): 21, (5, 106): 84, (5, 118): 84, (6, 58): 42, (6, 165): 42, (7, 111): 2, (8, 6): 42, (8, 215): 42, (9, 16): 84, (9, 204): 84, (10, 27): 21, (10, 192): 21, (12, 69): 6, (12, 148): 6, (15, 30): 84, (15, 184): 84, (16, 25): 7, (16, 188): 7, (19, 90): 21, (19, 120): 21, (20, 48): 84, (20, 161): 84, (21, 76): 7, (21, 132): 7, (22, 44): 14, (22, 163): 14, (23, 60): 42, (23, 146): 42, (25, 207): 28, (25, 226): 28, (27, 56): 21, (27, 146): 21, (30, 203): 84, (30, 225): 84, (33, 46): 14, (33, 150): 14, (34, 36): 3, (34, 159): 3, (35, 81): 84, (35, 113): 84, (39, 58): 84, (39, 132): 84, (40, 37): 21, (40, 152): 21, (41, 14): 84, (41, 174): 84, (43, 17): 42, (43, 169): 42, (44, 47): 6, (44, 138): 6, (45, 21): 84, (45, 163): 84, (46, 27): 84, (46, 156): 84, (47, 80): 84, (47, 102): 84, (49, 53): 21, (49, 127): 21, (52, 181): 42, (52, 225): 42, (54, 61): 84, (54, 114): 84, (56, 29): 14, (56, 144): 14, (58, 190): 21, (58, 210): 21, (61, 81): 84, (61, 87): 84, (64, 69): 6, (64, 96): 6, (65, 172): 42, (65, 221): 42, (68, 168): 21, (68, 222): 21, (69, 40): 21, (69, 120): 21, (71, 164): 42, (71, 223): 42, (72, 46): 12, (72, 111): 12, (73, 3): 28, (73, 153): 28, (76, 75): 12, (76, 78): 12, (77, 188): 42, (77, 193): 42, (79, 5): 84, (79, 145): 84, (80, 47): 28, (80, 102): 28, (81, 36): 28, (81, 112): 28, (82, 161): 42, (82, 215): 42, (84, 8): 84, (84, 137): 84, (87, 57): 21, (87, 85): 21, (89, 141): 21, (89, 228): 21, (92, 179): 42, (92, 187): 42, (93, 169): 84, (93, 196): 84, (94, 45): 84, (94, 90): 84, (95, 26): 84, (95, 108): 84, (101, 55): 21, (101, 73): 21, (102, 25): 42, (102, 102): 42, (103, 10): 84, (103, 116): 84, (105, 47): 84, (105, 77): 84, (108, 12): 12, (108, 109): 12, (111, 25): 42, (111, 93): 42, (112, 128): 84, (112, 218): 84, (113, 15): 84, (113, 101): 84, (114, 36): 84, (114, 79): 84, (115, 31): 21, (115, 83): 21, (116, 23): 84, (116, 90): 84, (117, 133): 84, (117, 208): 84, (121, 123): 12, (121, 214): 12, (124, 46): 84, (124, 59): 84, (125, 117): 21, (125, 216): 21, (127, 161): 84, (127, 170): 84, (129, 151): 28, (129, 178): 28, (130, 109): 84, (130, 219): 84, (133, 15): 42, (133, 81): 42, (134, 107): 84, (134, 217): 84, (136, 134): 42, (136, 188): 42, (137, 13): 6, (137, 79): 6, (139, 104): 21, (139, 215): 21, (141, 120): 21, (141, 197): 21, (142, 134): 21, (142, 182): 21, (147, 86): 4, (147, 225): 4, (149, 93): 84, (149, 216): 84, (150, 111): 12, (150, 197): 12, (152, 82): 84, (152, 224): 84, (153, 7): 3, (153, 69): 3, (154, 0): 3, (154, 75): 3, (156, 101): 21, (156, 201): 21, (160, 70): 42, (160, 228): 42, (162, 133): 84, (162, 163): 84, (163, 77): 84, (163, 218): 84, (167, 94): 84, (167, 197): 84, (168, 115): 42, (168, 175): 42, (169, 132): 84, (169, 157): 84, (171, 108): 84, (171, 179): 84, (173, 27): 84, (173, 29): 84, (178, 114): 7, (178, 166): 7, (179, 133): 42, (179, 146): 42, (180, 134): 42, (180, 144): 42, (183, 57): 21, (183, 218): 21, (184, 58): 84, (184, 216): 84, (186, 100): 28, (186, 172): 28, (187, 95): 21, (187, 176): 21, (188, 57): 21, (188, 213): 21, (189, 101): 84, (189, 168): 84, (190, 77): 42, (190, 191): 42, (192, 108): 21, (192, 158): 21, (193, 80): 3, (193, 185): 3, (195, 84): 12, (195, 179): 12, (196, 113): 84, (196, 149): 84, (198, 93): 84, (198, 167): 84, (201, 89): 84, (201, 168): 84, (204, 4): 84, (204, 21): 84, (206, 105): 84, (206, 147): 84, (207, 79): 84, (207, 172): 84, (209, 21): 42, (209, 228): 42, (210, 43): 42, (210, 205): 42, (211, 121): 42, (211, 126): 42, (212, 2): 84, (212, 15): 84, (218, 80): 84, (218, 160): 84, (220, 109): 42, (220, 129): 42, (221, 38): 42, (221, 199): 42, (222, 92): 21, (222, 144): 21, (226, 114): 12, (226, 118): 12, (227, 113): 21, (227, 118): 21, (228, 75): 12, (228, 155): 12}
 
233, 240, False, 60, 4
{'infinity': 1, (5, 34): 60, (5, 194): 60, (7, 6): 10, (7, 220): 10, (8, 51): 120, (8, 174): 120, (11, 38): 120, (11, 184): 120, (13, 101): 8, (13, 119): 8, (17, 89): 120, (17, 127): 120, (18, 62): 4, (18, 153): 4, (20, 40): 40, (20, 173): 40, (21, 30): 24, (21, 182): 24, (22, 10): 10, (22, 201): 10, (23, 6): 120, (23, 204): 120, (25, 84): 120, (25, 124): 120, (26, 59): 60, (26, 148): 60, (31, 101): 2, (33, 206): 5, (33, 227): 5, (37, 82): 120, (37, 114): 120, (38, 196): 120, (38, 232): 120, (39, 46): 120, (39, 148): 120, (44, 85): 5, (44, 104): 5, (48, 65): 120, (48, 120): 120, (49, 201): 30, (49, 216): 30, (50, 91): 8, (50, 92): 8, (53, 17): 8, (53, 163): 8, (54, 30): 24, (54, 149): 24, (58, 75): 20, (58, 100): 20, (59, 46): 40, (59, 128): 40, (60, 40): 40, (60, 133): 40, (61, 65): 30, (61, 107): 30, (63, 55): 120, (63, 115): 120, (67, 9): 120, (67, 157): 120, (70, 35): 60, (70, 128): 60, (71, 182): 60, (71, 213): 60, (72, 167): 40, (72, 227): 40, (74, 56): 20, (74, 103): 20, (75, 70): 12, (75, 88): 12, (76, 47): 30, (76, 110): 30, (77, 51): 30, (77, 105): 30, (78, 56): 10, (78, 99): 10, (80, 34): 120, (80, 119): 120, (81, 56): 20, (81, 96): 20, (82, 181): 15, (82, 203): 15, (83, 32): 120, (83, 118): 120, (84, 67): 60, (84, 82): 60, (86, 159): 120, (86, 221): 120, (88, 158): 20, (88, 220): 20, (89, 162): 60, (89, 215): 60, (90, 150): 24, (90, 226): 24, (91, 11): 60, (91, 131): 60, (92, 168): 30, (92, 206): 30, (93, 59): 12, (93, 81): 12, (99, 45): 10, (99, 89): 10, (100, 143): 6, (100, 223): 6, (101, 161): 120, (101, 204): 120, (103, 178): 15, (103, 185): 15, (104, 1): 120, (104, 128): 120, (106, 153): 30, (106, 207): 30, (107, 63): 2, (108, 152): 30, (108, 206): 30, (109, 153): 60, (109, 204): 60, (111, 166): 30, (111, 189): 30, (112, 39): 24, (112, 82): 24, (114, 59): 10, (114, 60): 10, (116, 164): 20, (116, 186): 20, (117, 27): 120, (117, 89): 120, (120, 5): 60, (120, 108): 60, (122, 154): 20, (122, 190): 20, (123, 31): 60, (123, 79): 60, (124, 44): 120, (124, 65): 120, (126, 49): 30, (126, 58): 30, (127, 169): 40, (127, 170): 40, (128, 111): 40, (128, 227): 40, (129, 146): 24, (129, 191): 24, (131, 33): 120, (131, 69): 120, (134, 39): 120, (134, 60): 120, (135, 46): 30, (135, 52): 30, (138, 108): 20, (138, 220): 20, (140, 119): 60, (140, 207): 60, (141, 143): 40, (141, 182): 40, (144, 2): 10, (144, 87): 10, (146, 125): 120, (146, 195): 120, (147, 97): 40, (147, 222): 40, (148, 34): 40, (148, 51): 40, (149, 142): 40, (149, 175): 40, (153, 40): 2, (156, 125): 30, (156, 185): 30, (157, 32): 12, (157, 44): 12, (158, 30): 12, (158, 45): 12, (161, 106): 120, (161, 199): 120, (162, 103): 3, (162, 201): 3, (164, 125): 120, (164, 177): 120, (165, 26): 30, (165, 42): 30, (168, 148): 40, (168, 150): 40, (170, 9): 60, (170, 54): 60, (175, 112): 120, (175, 179): 120, (176, 133): 120, (176, 157): 120, (179, 73): 6, (179, 214): 6, (182, 123): 40, (182, 161): 40, (183, 122): 15, (183, 161): 15, (184, 131): 120, (184, 151): 120, (185, 4): 120, (185, 44): 120, (186, 117): 120, (186, 163): 120, (189, 101): 8, (189, 176): 8, (191, 131): 24, (191, 144): 24, (193, 135): 120, (193, 138): 120, (196, 130): 4, (196, 140): 4, (200, 36): 24, (200, 230): 24, (201, 14): 120, (201, 18): 120, (203, 6): 24, (203, 24): 24, (206, 8): 40, (206, 19): 40, (207, 74): 6, (207, 185): 6, (208, 108): 15, (208, 150): 15, (209, 45): 60, (209, 212): 60, (218, 60): 120, (218, 188): 120, (220, 39): 20, (220, 207): 20, (223, 86): 60, (223, 157): 60, (225, 98): 120, (225, 143): 120, (226, 32): 40, (226, 208): 40, (227, 76): 60, (227, 163): 60, (229, 9): 40, (229, 228): 40, (230, 103): 60, (230, 133): 60, (232, 3): 40, (232, 231): 40}
 
239, 237, True, 3, 79
{'infinity': 1, (1, 113): 237, (1, 125): 237, (3, 25): 237, (3, 211): 237, (4, 94): 237, (4, 141): 237, (5, 42): 237, (5, 192): 237, (6, 61): 79, (6, 172): 79, (12, 3): 237, (12, 224): 237, (13, 110): 79, (13, 116): 79, (14, 52): 237, (14, 173): 237, (15, 26): 79, (15, 198): 79, (16, 224): 237, (16, 238): 237, (17, 14): 237, (17, 208): 237, (18, 41): 237, (18, 180): 237, (19, 99): 237, (19, 121): 237, (20, 92): 237, (20, 127): 237, (21, 13): 79, (21, 205): 79, (26, 78): 79, (26, 135): 79, (27, 21): 237, (27, 191): 237, (31, 41): 237, (31, 167): 237, (32, 214): 237, (32, 232): 237, (33, 217): 79, (33, 228): 79, (37, 39): 79, (37, 163): 79, (38, 3): 237, (38, 198): 237, (39, 64): 79, (39, 136): 79, (40, 96): 79, (40, 103): 79, (42, 206): 237, (42, 230): 237, (43, 40): 79, (43, 156): 79, (44, 83): 237, (44, 112): 237, (46, 39): 237, (46, 154): 237, (47, 55): 79, (47, 137): 79, (49, 94): 237, (49, 96): 237, (50, 33): 237, (50, 156): 237, (51, 201): 237, (51, 226): 237, (54, 71): 79, (54, 114): 79, (56, 4): 79, (56, 179): 79, (57, 189): 237, (57, 232): 237, (58, 208): 237, (58, 212): 237, (59, 13): 237, (59, 167): 237, (61, 50): 237, (61, 128): 237, (64, 74): 79, (64, 101): 79, (66, 178): 237, (66, 234): 237, (67, 38): 237, (67, 134): 237, (68, 64): 237, (68, 107): 237, (75, 186): 79, (75, 217): 79, (77, 70): 79, (77, 92): 79, (80, 182): 79, (80, 216): 79, (82, 52): 237, (82, 105): 237, (83, 67): 237, (83, 89): 237, (84, 173): 79, (84, 221): 79, (86, 15): 237, (86, 138): 237, (89, 18): 79, (89, 132): 79, (93, 24): 237, (93, 122): 237, (94, 46): 237, (94, 99): 237, (96, 14): 237, (96, 129): 237, (98, 61): 79, (98, 80): 79, (100, 158): 79, (100, 220): 79, (103, 60): 237, (103, 76): 237, (108, 180): 237, (108, 190): 237, (113, 180): 79, (113, 185): 79, (114, 56): 79, (114, 69): 79, (115, 47): 237, (115, 77): 237, (116, 160): 237, (116, 202): 237, (118, 10): 237, (118, 111): 237, (119, 149): 79, (119, 210): 79, (120, 133): 237, (120, 225): 237, (122, 157): 79, (122, 199): 79, (126, 14): 79, (126, 99): 79, (127, 147): 79, (127, 204): 79, (129, 168): 237, (129, 181): 237, (130, 27): 237, (130, 82): 237, (131, 130): 79, (131, 217): 79, (132, 43): 237, (132, 64): 237, (133, 37): 79, (133, 69): 79, (135, 43): 79, (135, 61): 79, (136, 5): 237, (136, 98): 237, (141, 164): 237, (141, 173): 237, (142, 5): 237, (142, 92): 237, (143, 44): 237, (143, 52): 237, (145, 123): 3, (145, 210): 3, (146, 156): 237, (146, 176): 237, (147, 12): 237, (147, 80): 237, (149, 162): 237, (149, 167): 237, (150, 96): 237, (150, 232): 237, (153, 35): 237, (153, 51): 237, (154, 19): 237, (154, 66): 237, (156, 39): 237, (156, 44): 237, (159, 13): 237, (159, 67): 237, (162, 150): 237, (162, 166): 237, (163, 118): 237, (163, 197): 237, (164, 106): 79, (164, 208): 79, (165, 100): 237, (165, 213): 237, (167, 142): 79, (167, 169): 79, (172, 97): 237, (172, 209): 237, (174, 18): 237, (174, 47): 237, (175, 145): 237, (175, 158): 237, (179, 16): 237, (179, 44): 237, (180, 128): 237, (180, 170): 237, (181, 119): 237, (181, 178): 237, (186, 94): 237, (186, 198): 237, (187, 132): 79, (187, 159): 79, (189, 3): 79, (189, 47): 79, (190, 8): 237, (190, 41): 237, (191, 2): 237, (191, 46): 237, (193, 0): 237, (193, 46): 237, (198, 86): 237, (198, 194): 237, (200, 5): 237, (200, 34): 237, (202, 132): 79, (202, 144): 79, (203, 117): 237, (203, 158): 237, (207, 36): 79, (207, 235): 79, (211, 43): 237, (211, 224): 237, (214, 54): 237, (214, 210): 237, (215, 6): 237, (215, 18): 237, (222, 65): 79, (222, 191): 79, (223, 62): 79, (223, 193): 79, (229, 58): 237, (229, 191): 237, (231, 69): 79, (231, 178): 79, (233, 80): 237, (233, 165): 237, (236, 67): 237, (236, 175): 237, (237, 113): 237, (237, 128): 237}
 
241, 270, True, 15, 18
{'infinity': 1, (1, 109): 45, (1, 131): 45, (2, 60): 6, (2, 179): 6, (4, 62): 270, (4, 175): 270, (5, 24): 90, (5, 212): 90, (6, 55): 27, (6, 180): 27, (9, 18): 27, (9, 214): 27, (10, 77): 270, (10, 154): 270, (11, 102): 135, (11, 128): 135, (12, 78): 18, (12, 151): 18, (13, 61): 54, (13, 167): 54, (17, 69): 270, (17, 155): 270, (19, 23): 54, (19, 199): 54, (20, 4): 135, (20, 217): 135, (21, 10): 135, (21, 210): 135, (22, 6): 90, (22, 213): 90, (29, 220): 54, (29, 233): 54, (31, 223): 45, (31, 228): 45, (32, 38): 27, (32, 171): 27, (33, 30): 54, (33, 178): 54, (34, 82): 54, (34, 125): 54, (35, 54): 90, (35, 152): 90, (38, 49): 3, (38, 154): 3, (39, 212): 135, (39, 231): 135, (41, 41): 135, (41, 159): 135, (42, 94): 30, (42, 105): 30, (44, 65): 135, (44, 132): 135, (45, 18): 15, (45, 178): 15, (46, 78): 270, (46, 117): 270, (47, 202): 270, (47, 233): 270, (49, 29): 27, (49, 163): 27, (53, 62): 270, (53, 126): 270, (54, 52): 270, (54, 135): 270, (55, 69): 45, (55, 117): 45, (56, 41): 270, (56, 144): 270, (57, 90): 270, (57, 94): 270, (58, 195): 135, (58, 229): 135, (59, 192): 270, (59, 231): 270, (62, 9): 90, (62, 170): 90, (63, 206): 45, (63, 213): 45, (64, 12): 270, (64, 165): 270, (65, 179): 90, (65, 238): 90, (67, 42): 270, (67, 132): 270, (68, 13): 5, (68, 160): 5, (69, 197): 270, (69, 216): 270, (73, 171): 9, (73, 238): 9, (77, 199): 90, (77, 206): 90, (80, 181): 90, (80, 221): 90, (81, 162): 135, (81, 239): 135, (82, 180): 135, (82, 220): 135, (83, 30): 270, (83, 128): 270, (84, 74): 270, (84, 83): 270, (85, 187): 135, (85, 210): 135, (88, 186): 135, (88, 208): 135, (97, 20): 45, (97, 124): 45, (98, 45): 27, (98, 98): 27, (99, 183): 135, (99, 200): 135, (100, 146): 270, (100, 236): 270, (101, 175): 10, (101, 206): 10, (103, 141): 10, (103, 238): 10, (104, 33): 45, (104, 104): 45, (107, 23): 135, (107, 111): 135, (108, 185): 30, (108, 189): 30, (114, 150): 45, (114, 218): 45, (115, 23): 90, (115, 103): 90, (117, 3): 270, (117, 121): 270, (124, 139): 15, (124, 219): 15, (125, 30): 45, (125, 86): 45, (126, 121): 9, (126, 235): 9, (128, 40): 270, (128, 73): 270, (129, 2): 270, (129, 110): 270, (130, 132): 30, (130, 220): 30, (134, 129): 45, (134, 219): 45, (135, 137): 27, (135, 210): 27, (136, 171): 27, (136, 175): 27, (139, 31): 270, (139, 71): 270, (140, 117): 270, (140, 225): 270, (142, 5): 135, (142, 94): 135, (143, 108): 18, (143, 231): 18, (144, 41): 18, (144, 56): 18, (145, 138): 135, (145, 199): 135, (147, 128): 90, (147, 207): 90, (151, 20): 135, (151, 70): 135, (153, 149): 135, (153, 180): 135, (154, 7): 54, (154, 80): 54, (156, 113): 30, (156, 213): 30, (157, 11): 5, (157, 73): 5, (158, 106): 54, (158, 218): 54, (161, 157): 90, (161, 164): 90, (163, 141): 270, (163, 178): 270, (165, 84): 135, (165, 233): 135, (166, 127): 270, (166, 189): 270, (167, 16): 54, (167, 58): 54, (168, 87): 45, (168, 227): 45, (169, 3): 270, (169, 69): 270, (170, 146): 270, (170, 166): 270, (173, 124): 27, (173, 185): 27, (174, 129): 45, (174, 179): 45, (179, 64): 135, (179, 239): 135, (180, 14): 90, (180, 47): 90, (181, 111): 270, (181, 190): 270, (183, 78): 135, (183, 221): 135, (184, 62): 135, (184, 236): 135, (185, 13): 135, (185, 43): 135, (187, 18): 135, (187, 36): 135, (192, 142): 135, (192, 148): 135, (193, 135): 270, (193, 154): 270, (194, 111): 90, (194, 177): 90, (195, 101): 270, (195, 186): 270, (196, 3): 9, (196, 42): 9, (197, 73): 270, (197, 212): 270, (198, 48): 270, (198, 236): 270, (199, 97): 54, (199, 186): 54, (201, 96): 270, (201, 185): 270, (203, 57): 15, (203, 222): 15, (205, 114): 135, (205, 163): 135, (208, 85): 135, (208, 189): 135, (209, 126): 270, (209, 147): 270, (210, 54): 270, (210, 218): 270, (212, 124): 135, (212, 146): 135, (214, 53): 135, (214, 215): 135, (216, 125): 27, (216, 141): 27, (217, 37): 135, (217, 228): 135, (219, 42): 270, (219, 221): 270, (220, 126): 135, (220, 136): 135, (221, 27): 270, (221, 234): 270, (222, 21): 15, (222, 239): 15, (224, 39): 45, (224, 219): 45, (228, 91): 135, (228, 163): 135, (229, 13): 135, (229, 240): 135, (231, 34): 135, (231, 217): 135, (232, 125): 2, (234, 20): 135, (234, 228): 135, (235, 112): 135, (235, 135): 135, (237, 54): 135, (237, 191): 135, (239, 121): 270, (239, 122): 270}
 
251, 222, True, 6, 37
{'infinity': 1, (0, 16): 37, (0, 235): 37, (3, 118): 37, (3, 130): 37, (5, 31): 74, (5, 215): 74, (6, 43): 111, (6, 202): 111, (7, 37): 74, (7, 207): 74, (10, 45): 111, (10, 196): 111, (17, 6): 222, (17, 228): 222, (19, 45): 74, (19, 187): 74, (20, 240): 111, (20, 242): 111, (21, 88): 74, (21, 142): 74, (25, 28): 222, (25, 198): 222, (26, 44): 37, (26, 181): 37, (29, 235): 222, (29, 238): 222, (32, 105): 222, (32, 114): 222, (34, 221): 222, (34, 247): 222, (36, 105): 222, (36, 110): 222, (37, 84): 74, (37, 130): 74, (39, 11): 37, (39, 201): 37, (40, 215): 111, (40, 247): 111, (45, 218): 222, (45, 239): 222, (49, 69): 111, (49, 133): 111, (50, 22): 111, (50, 179): 111, (54, 209): 111, (54, 239): 111, (55, 38): 37, (55, 158): 37, (56, 6): 37, (56, 189): 37, (62, 207): 222, (62, 233): 222, (63, 85): 111, (63, 103): 111, (67, 14): 111, (67, 170): 111, (70, 11): 222, (70, 170): 222, (71, 27): 74, (71, 153): 74, (74, 88): 222, (74, 89): 222, (75, 76): 111, (75, 100): 111, (76, 15): 111, (76, 160): 111, (79, 31): 74, (79, 141): 74, (80, 71): 37, (80, 100): 37, (81, 202): 111, (81, 219): 111, (83, 198): 37, (83, 221): 37, (84, 65): 222, (84, 102): 222, (85, 33): 111, (85, 133): 111, (86, 57): 222, (86, 108): 222, (88, 78): 37, (88, 85): 37, (89, 186): 111, (89, 227): 111, (90, 3): 111, (90, 158): 111, (91, 191): 222, (91, 220): 222, (92, 192): 111, (92, 218): 111, (93, 29): 111, (93, 129): 111, (96, 55): 111, (96, 100): 111, (100, 66): 111, (100, 85): 111, (101, 32): 74, (101, 118): 74, (103, 2): 222, (103, 146): 222, (104, 21): 74, (104, 126): 74, (106, 158): 111, (106, 238): 111, (109, 190): 222, (109, 203): 222, (112, 149): 74, (112, 241): 74, (114, 170): 74, (114, 218): 74, (116, 148): 222, (116, 238): 222, (117, 1): 37, (117, 133): 37, (124, 144): 111, (124, 234): 111, (126, 62): 74, (126, 63): 74, (128, 162): 37, (128, 212): 37, (130, 47): 37, (130, 74): 37, (131, 137): 111, (131, 234): 111, (134, 147): 222, (134, 221): 222, (135, 172): 222, (135, 195): 222, (136, 152): 37, (136, 214): 37, (142, 11): 222, (142, 98): 222, (143, 161): 222, (143, 198): 222, (145, 152): 222, (145, 205): 222, (147, 118): 74, (147, 237): 74, (148, 161): 111, (148, 193): 111, (150, 120): 111, (150, 232): 111, (151, 21): 222, (151, 79): 222, (152, 111): 222, (152, 239): 222, (153, 117): 74, (153, 232): 74, (156, 7): 111, (156, 88): 111, (164, 136): 111, (164, 202): 111, (167, 31): 37, (167, 53): 37, (168, 13): 222, (168, 70): 222, (173, 1): 111, (173, 77): 111, (175, 104): 74, (175, 223): 74, (177, 78): 74, (177, 247): 74, (178, 6): 222, (178, 67): 222, (181, 155): 222, (181, 166): 222, (182, 113): 111, (182, 207): 111, (183, 105): 37, (183, 214): 37, (188, 129): 222, (188, 185): 222, (190, 99): 222, (190, 213): 222, (193, 25): 111, (193, 33): 111, (199, 71): 222, (199, 232): 222, (206, 81): 222, (206, 215): 222, (207, 69): 111, (207, 226): 111, (211, 130): 74, (211, 161): 74, (212, 1): 111, (212, 38): 111, (218, 54): 111, (218, 230): 111, (221, 129): 222, (221, 152): 222, (222, 45): 222, (222, 235): 222, (223, 71): 222, (223, 208): 222, (224, 33): 37, (224, 245): 37, (226, 138): 2, (228, 49): 222, (228, 225): 222, (229, 4): 37, (229, 18): 37, (231, 75): 111, (231, 196): 111, (233, 58): 111, (233, 211): 111, (234, 92): 222, (234, 176): 222, (235, 38): 111, (235, 229): 111, (236, 35): 222, (236, 231): 222, (237, 78): 74, (237, 187): 74, (239, 131): 111, (239, 132): 111, (244, 41): 6, (244, 217): 6, (246, 69): 37, (246, 187): 37, (247, 21): 3, (247, 234): 3}
 
257, 261, True, 9, 29
{'infinity': 1, (0, 72): 29, (0, 185): 29, (1, 125): 261, (1, 131): 261, (7, 55): 261, (7, 195): 261, (8, 1): 261, (8, 248): 261, (10, 3): 261, (10, 244): 261, (12, 43): 29, (12, 202): 29, (13, 94): 261, (13, 150): 261, (16, 111): 261, (16, 130): 261, (17, 48): 87, (17, 192): 87, (18, 242): 261, (18, 254): 261, (19, 239): 261, (19, 256): 261, (20, 113): 87, (20, 124): 87, (21, 40): 261, (21, 196): 261, (22, 0): 261, (22, 235): 261, (23, 38): 261, (23, 196): 261, (24, 87): 87, (24, 146): 87, (25, 88): 87, (25, 144): 87, (26, 15): 261, (26, 216): 261, (29, 239): 261, (29, 246): 261, (34, 75): 261, (34, 148): 261, (38, 21): 261, (38, 198): 261, (40, 65): 261, (40, 152): 261, (43, 52): 261, (43, 162): 261, (47, 33): 87, (47, 177): 87, (50, 0): 261, (50, 207): 261, (53, 81): 87, (53, 123): 87, (55, 210): 87, (55, 249): 87, (56, 65): 87, (56, 136): 87, (57, 25): 261, (57, 175): 261, (59, 84): 87, (59, 114): 87, (61, 4): 261, (61, 192): 261, (65, 197): 261, (65, 252): 261, (66, 206): 261, (66, 242): 261, (68, 73): 261, (68, 116): 261, (69, 85): 87, (69, 103): 87, (70, 8): 29, (70, 179): 29, (72, 72): 261, (72, 113): 261, (74, 37): 261, (74, 146): 261, (75, 210): 261, (75, 229): 261, (77, 79): 261, (77, 101): 261, (81, 20): 261, (81, 156): 261, (83, 177): 261, (83, 254): 261, (87, 205): 87, (87, 222): 87, (88, 48): 261, (88, 121): 261, (90, 187): 261, (90, 237): 261, (92, 3): 87, (92, 162): 87, (93, 64): 29, (93, 100): 29, (95, 75): 87, (95, 87): 87, (97, 185): 261, (97, 232): 261, (102, 168): 261, (102, 244): 261, (108, 21): 261, (108, 128): 261, (110, 67): 261, (110, 80): 261, (111, 21): 29, (111, 125): 29, (112, 35): 261, (112, 110): 261, (114, 184): 29, (114, 216): 29, (115, 166): 261, (115, 233): 261, (117, 181): 261, (117, 216): 261, (118, 42): 261, (118, 97): 261, (122, 162): 261, (122, 230): 261, (123, 32): 87, (123, 102): 87, (127, 177): 261, (127, 210): 261, (128, 54): 261, (128, 75): 261, (137, 158): 29, (137, 219): 29, (138, 32): 87, (138, 87): 87, (139, 28): 261, (139, 90): 261, (140, 143): 29, (140, 231): 29, (141, 53): 261, (141, 63): 261, (142, 13): 261, (142, 102): 261, (143, 31): 261, (143, 83): 261, (145, 125): 261, (145, 244): 261, (147, 176): 261, (147, 191): 261, (151, 45): 87, (151, 61): 87, (152, 48): 261, (152, 57): 261, (153, 167): 87, (153, 194): 87, (154, 5): 261, (154, 98): 261, (155, 3): 261, (155, 99): 261, (156, 104): 87, (156, 254): 87, (159, 146): 261, (159, 209): 261, (160, 169): 261, (160, 185): 261, (161, 31): 261, (161, 65): 261, (162, 158): 261, (162, 194): 261, (165, 113): 9, (165, 236): 9, (166, 129): 261, (166, 219): 261, (168, 12): 261, (168, 77): 261, (169, 120): 87, (169, 225): 87, (171, 120): 261, (171, 223): 261, (172, 166): 261, (172, 176): 261, (173, 99): 87, (173, 242): 87, (174, 120): 261, (174, 220): 261, (176, 98): 9, (176, 240): 9, (179, 143): 261, (179, 192): 261, (181, 13): 87, (181, 63): 87, (182, 22): 261, (182, 53): 261, (184, 98): 261, (184, 232): 261, (185, 0): 261, (185, 72): 261, (186, 99): 261, (186, 229): 261, (191, 13): 261, (191, 53): 261, (192, 2): 9, (192, 63): 9, (195, 143): 261, (195, 176): 261, (198, 127): 261, (198, 189): 261, (199, 121): 261, (199, 194): 261, (202, 122): 261, (202, 190): 261, (207, 151): 261, (207, 156): 261, (208, 147): 261, (208, 159): 261, (209, 66): 29, (209, 239): 29, (210, 16): 29, (210, 31): 29, (211, 84): 261, (211, 219): 261, (213, 105): 87, (213, 196): 87, (215, 141): 261, (215, 158): 261, (216, 14): 261, (216, 27): 261, (217, 69): 87, (217, 228): 87, (221, 139): 261, (221, 154): 261, (222, 135): 261, (222, 157): 261, (223, 4): 261, (223, 30): 261, (225, 134): 261, (225, 155): 261, (226, 132): 261, (226, 156): 261, (227, 121): 29, (227, 166): 29, (229, 81): 87, (229, 204): 87, (230, 4): 87, (230, 23): 87, (232, 81): 29, (232, 201): 29, (233, 49): 261, (233, 232): 261, (240, 91): 29, (240, 183): 29, (241, 39): 261, (241, 234): 261, (244, 84): 261, (244, 186): 261, (245, 109): 87, (245, 160): 87, (249, 102): 261, (249, 163): 261, (252, 9): 3, (252, 253): 3, (253, 32): 29, (253, 229): 29, (254, 96): 87, (254, 164): 87, (256, 17): 87, (256, 241): 87}
 
263, 255, True, 3, 85
{'infinity': 1, (0, 70): 255, (0, 193): 255, (5, 99): 255, (5, 159): 255, (6, 3): 85, (6, 254): 85, (7, 90): 85, (7, 166): 85, (8, 46): 85, (8, 209): 85, (9, 90): 255, (9, 164): 255, (16, 84): 85, (16, 163): 85, (18, 56): 15, (18, 189): 15, (20, 84): 255, (20, 159): 255, (22, 65): 255, (22, 176): 255, (25, 114): 85, (25, 124): 85, (26, 92): 255, (26, 145): 255, (27, 96): 51, (27, 140): 51, (30, 32): 51, (30, 201): 51, (31, 80): 255, (31, 152): 255, (35, 70): 255, (35, 158): 255, (36, 98): 85, (36, 129): 85, (38, 29): 255, (38, 196): 255, (42, 45): 255, (42, 176): 255, (44, 56): 85, (44, 163): 85, (47, 5): 51, (47, 211): 51, (48, 99): 51, (48, 116): 51, (49, 98): 85, (49, 116): 85, (50, 47): 255, (50, 166): 255, (55, 30): 51, (55, 178): 51, (56, 2): 85, (56, 205): 85, (60, 81): 85, (60, 122): 85, (61, 37): 255, (61, 165): 255, (62, 52): 85, (62, 149): 85, (63, 21): 17, (63, 179): 17, (64, 5): 85, (64, 194): 85, (65, 86): 255, (65, 112): 255, (66, 32): 15, (66, 165): 15, (71, 82): 255, (71, 110): 255, (74, 33): 85, (74, 156): 85, (75, 212): 51, (75, 239): 51, (79, 80): 255, (79, 104): 255, (81, 51): 255, (81, 131): 255, (82, 85): 255, (82, 96): 255, (84, 25): 255, (84, 154): 255, (86, 45): 51, (86, 132): 51, (88, 198): 85, (88, 240): 85, (89, 41): 3, (89, 133): 3, (90, 36): 255, (90, 137): 255, (95, 25): 255, (95, 143): 255, (99, 179): 17, (99, 248): 17, (101, 179): 17, (101, 246): 17, (104, 193): 255, (104, 229): 255, (105, 64): 255, (105, 94): 255, (106, 185): 255, (106, 235): 255, (109, 190): 255, (109, 227): 255, (110, 157): 85, (110, 259): 85, (113, 10): 5, (113, 140): 5, (117, 58): 255, (117, 88): 255, (118, 148): 255, (118, 260): 255, (119, 65): 255, (119, 79): 255, (122, 65): 255, (122, 76): 255, (123, 0): 255, (123, 140): 255, (124, 164): 255, (124, 238): 255, (127, 67): 85, (127, 69): 85, (130, 164): 255, (130, 232): 255, (135, 45): 85, (135, 83): 85, (136, 165): 255, (136, 225): 255, (140, 161): 255, (140, 225): 255, (141, 144): 85, (141, 241): 85, (143, 44): 17, (143, 76): 17, (147, 151): 255, (147, 228): 255, (148, 38): 255, (148, 77): 255, (150, 172): 255, (150, 204): 255, (151, 147): 51, (151, 228): 51, (152, 5): 15, (152, 106): 15, (153, 30): 51, (153, 80): 51, (154, 13): 255, (154, 96): 255, (155, 113): 51, (155, 258): 51, (156, 113): 17, (156, 257): 17, (159, 174): 255, (159, 193): 255, (165, 173): 85, (165, 188): 85, (166, 116): 255, (166, 244): 255, (167, 32): 255, (167, 64): 255, (169, 126): 85, (169, 231): 85, (170, 100): 255, (170, 256): 255, (172, 108): 255, (172, 246): 255, (174, 10): 255, (174, 79): 255, (175, 35): 255, (175, 53): 255, (176, 95): 85, (176, 255): 85, (178, 98): 17, (178, 250): 17, (180, 151): 255, (180, 195): 255, (181, 94): 255, (181, 251): 255, (185, 107): 255, (185, 234): 255, (187, 135): 255, (187, 204): 255, (189, 133): 255, (189, 204): 255, (191, 102): 85, (191, 233): 85, (193, 15): 51, (193, 55): 51, (195, 17): 255, (195, 51): 255, (199, 151): 51, (199, 176): 51, (201, 6): 255, (201, 56): 255, (202, 89): 255, (202, 235): 255, (203, 160): 85, (203, 163): 85, (204, 86): 15, (204, 236): 15, (206, 154): 255, (206, 166): 255, (209, 111): 255, (209, 206): 255, (210, 99): 85, (210, 217): 85, (215, 113): 51, (215, 198): 51, (217, 125): 85, (217, 184): 85, (218, 73): 17, (218, 235): 17, (223, 105): 255, (223, 198): 255, (227, 84): 51, (227, 215): 51, (228, 70): 85, (228, 228): 85, (230, 119): 85, (230, 177): 85, (231, 93): 255, (231, 202): 255, (233, 79): 85, (233, 214): 85, (236, 136): 255, (236, 154): 255, (238, 129): 85, (238, 159): 85, (239, 10): 51, (239, 14): 51, (240, 94): 17, (240, 192): 17, (246, 62): 255, (246, 218): 255, (247, 90): 255, (247, 189): 255, (248, 133): 255, (248, 145): 255, (250, 51): 5, (250, 225): 5, (252, 129): 85, (252, 145): 85, (253, 27): 255, (253, 246): 255, (254, 64): 255, (254, 208): 255, (256, 9): 85, (256, 261): 85, (257, 86): 85, (257, 183): 85, (258, 59): 51, (258, 209): 51, (260, 57): 255, (260, 209): 255, (261, 76): 255, (261, 189): 255}
 
269, 270, True, 54, 5
{'infinity': 1, (0, 89): 27, (0, 180): 27, (3, 26): 90, (3, 240): 90, (4, 75): 135, (4, 190): 135, (5, 42): 135, (5, 222): 135, (6, 128): 270, (6, 135): 270, (8, 1): 270, (8, 260): 270, (9, 264): 135, (9, 265): 135, (10, 85): 54, (10, 174): 54, (11, 85): 27, (11, 173): 27, (13, 16): 54, (13, 240): 54, (17, 119): 270, (17, 133): 270, (18, 14): 270, (18, 237): 270, (19, 86): 5, (19, 164): 5, (22, 97): 54, (22, 150): 54, (25, 122): 2, (28, 86): 270, (28, 155): 270, (31, 99): 135, (31, 139): 135, (32, 24): 270, (32, 213): 270, (38, 97): 27, (38, 134): 27, (40, 52): 90, (40, 177): 90, (44, 80): 270, (44, 145): 270, (46, 45): 135, (46, 178): 135, (47, 47): 270, (47, 175): 270, (50, 230): 135, (50, 258): 135, (52, 64): 270, (52, 153): 270, (53, 17): 270, (53, 199): 270, (54, 218): 270, (54, 266): 270, (55, 89): 27, (55, 125): 27, (56, 54): 270, (56, 159): 270, (59, 82): 15, (59, 128): 15, (62, 3): 135, (62, 204): 135, (64, 229): 270, (64, 245): 270, (67, 1): 90, (67, 201): 90, (68, 224): 27, (68, 246): 27, (70, 22): 45, (70, 177): 45, (72, 91): 135, (72, 106): 135, (73, 3): 270, (73, 193): 270, (74, 35): 135, (74, 160): 135, (76, 28): 135, (76, 165): 135, (77, 199): 135, (77, 262): 135, (79, 12): 135, (79, 178): 135, (81, 79): 45, (81, 109): 45, (83, 59): 45, (83, 127): 45, (86, 23): 15, (86, 160): 15, (90, 20): 135, (90, 159): 135, (91, 37): 45, (91, 141): 45, (93, 196): 270, (93, 249): 270, (94, 184): 270, (94, 260): 270, (96, 31): 54, (96, 142): 54, (100, 68): 270, (100, 101): 270, (101, 205): 270, (101, 232): 270, (102, 43): 90, (102, 124): 90, (104, 25): 45, (104, 140): 45, (105, 167): 135, (105, 266): 135, (107, 48): 270, (107, 114): 270, (108, 38): 270, (108, 123): 270, (109, 0): 27, (109, 160): 27, (110, 162): 30, (110, 266): 30, (113, 39): 270, (113, 117): 270, (117, 33): 135, (117, 119): 135, (122, 191): 27, (122, 225): 27, (123, 159): 54, (123, 256): 54, (124, 62): 135, (124, 83): 135, (125, 67): 135, (125, 77): 135, (129, 30): 270, (129, 110): 270, (130, 169): 135, (130, 239): 135, (131, 176): 10, (131, 231): 10, (134, 3): 270, (134, 132): 270, (135, 15): 90, (135, 119): 90, (138, 186): 54, (138, 214): 54, (139, 199): 270, (139, 200): 270, (143, 188): 135, (143, 207): 135, (144, 178): 15, (144, 216): 15, (145, 176): 45, (145, 217): 45, (146, 53): 27, (146, 70): 27, (148, 181): 270, (148, 209): 270, (151, 49): 135, (151, 69): 135, (153, 147): 270, (153, 238): 270, (156, 115): 135, (156, 267): 135, (159, 177): 18, (159, 202): 18, (167, 111): 15, (167, 260): 15, (168, 136): 135, (168, 234): 135, (171, 136): 270, (171, 231): 270, (172, 110): 90, (172, 256): 90, (174, 116): 135, (174, 248): 135, (175, 7): 9, (175, 87): 9, (179, 168): 135, (179, 191): 135, (180, 124): 270, (180, 234): 270, (182, 39): 30, (182, 48): 30, (183, 132): 270, (183, 223): 270, (188, 40): 30, (188, 41): 30, (189, 144): 135, (189, 205): 135, (190, 114): 90, (190, 234): 90, (191, 5): 135, (191, 73): 135, (193, 137): 270, (193, 208): 270, (194, 1): 135, (194, 74): 135, (195, 15): 45, (195, 59): 45, (199, 136): 90, (199, 203): 90, (202, 6): 45, (202, 61): 45, (203, 28): 54, (203, 38): 54, (204, 128): 270, (204, 206): 270, (207, 102): 135, (207, 229): 135, (208, 15): 30, (208, 46): 30, (209, 97): 18, (209, 232): 18, (211, 91): 270, (211, 236): 270, (214, 89): 3, (214, 235): 3, (217, 58): 270, (217, 263): 270, (218, 131): 6, (218, 189): 6, (219, 98): 90, (219, 221): 90, (221, 132): 45, (221, 185): 45, (222, 86): 270, (222, 230): 270, (227, 4): 45, (227, 38): 45, (228, 78): 135, (228, 232): 135, (230, 18): 45, (230, 21): 45, (231, 54): 270, (231, 253): 270, (232, 152): 9, (232, 154): 9, (236, 71): 135, (236, 231): 135, (237, 110): 135, (237, 191): 135, (239, 45): 9, (239, 254): 9, (240, 88): 27, (240, 210): 27, (241, 114): 135, (241, 183): 135, (243, 39): 135, (243, 256): 135, (244, 112): 54, (244, 182): 54, (248, 85): 18, (248, 205): 18, (249, 48): 135, (249, 241): 135, (251, 54): 45, (251, 233): 45, (253, 45): 135, (253, 240): 135, (255, 91): 90, (255, 192): 90, (256, 124): 135, (256, 158): 135, (259, 28): 270, (259, 251): 270, (260, 59): 5, (260, 219): 5, (262, 100): 90, (262, 176): 90, (263, 118): 90, (263, 157): 90, (266, 42): 54, (266, 230): 54, (267, 42): 10, (267, 229): 10}
 
271, 261, False, 3, 87
{'infinity': 1, (0, 93): 87, (0, 178): 87, (4, 22): 29, (4, 245): 29, (6, 59): 87, (6, 206): 87, (8, 32): 87, (8, 231): 87, (11, 7): 29, (11, 253): 29, (12, 89): 87, (12, 170): 87, (13, 98): 87, (13, 160): 87, (16, 21): 87, (16, 234): 87, (18, 28): 87, (18, 225): 87, (19, 73): 87, (19, 179): 87, (20, 61): 29, (20, 190): 29, (21, 89): 87, (21, 161): 87, (22, 76): 87, (22, 173): 87, (23, 107): 29, (23, 141): 29, (27, 106): 87, (27, 138): 87, (29, 93): 29, (29, 149): 29, (30, 41): 87, (30, 200): 87, (32, 62): 87, (32, 177): 87, (35, 18): 87, (35, 218): 87, (38, 90): 87, (38, 143): 87, (39, 34): 87, (39, 198): 87, (40, 83): 87, (40, 148): 87, (42, 249): 87, (42, 251): 87, (43, 45): 29, (43, 183): 29, (45, 43): 87, (45, 183): 87, (46, 43): 87, (46, 182): 87, (48, 77): 3, (48, 146): 3, (51, 50): 87, (51, 170): 87, (52, 35): 87, (52, 184): 87, (53, 94): 87, (53, 124): 87, (54, 67): 87, (54, 150): 87, (57, 66): 87, (57, 148): 87, (58, 71): 29, (58, 142): 29, (64, 21): 87, (64, 186): 87, (65, 24): 87, (65, 182): 87, (67, 61): 87, (67, 143): 87, (68, 41): 3, (68, 162): 3, (72, 201): 87, (72, 269): 87, (74, 59): 87, (74, 138): 87, (79, 55): 87, (79, 137): 87, (80, 206): 87, (80, 256): 87, (81, 200): 87, (81, 261): 87, (85, 223): 87, (85, 234): 87, (87, 185): 29, (87, 270): 29, (88, 184): 87, (88, 270): 87, (89, 84): 87, (89, 98): 87, (93, 180): 87, (93, 269): 87, (96, 176): 87, (96, 270): 87, (98, 27): 29, (98, 146): 29, (99, 188): 87, (99, 255): 87, (100, 5): 87, (100, 166): 87, (101, 195): 87, (101, 246): 87, (103, 35): 87, (103, 133): 87, (104, 198): 29, (104, 240): 29, (106, 167): 87, (106, 269): 87, (107, 23): 87, (107, 141): 87, (110, 45): 87, (110, 116): 87, (113, 181): 87, (113, 248): 87, (115, 75): 87, (115, 81): 87, (116, 35): 87, (116, 120): 87, (118, 45): 87, (118, 108): 87, (120, 158): 87, (120, 264): 87, (123, 160): 87, (123, 259): 87, (125, 0): 87, (125, 146): 87, (127, 8): 87, (127, 136): 87, (128, 198): 87, (128, 216): 87, (131, 184): 87, (131, 227): 87, (132, 14): 87, (132, 125): 87, (134, 25): 87, (134, 112): 87, (135, 160): 87, (135, 247): 87, (136, 189): 87, (136, 217): 87, (138, 168): 87, (138, 236): 87, (139, 196): 87, (139, 207): 87, (140, 14): 87, (140, 117): 87, (141, 141): 87, (141, 260): 87, (143, 10): 87, (143, 118): 87, (145, 140): 87, (145, 257): 87, (146, 172): 87, (146, 224): 87, (147, 3): 87, (147, 121): 87, (148, 174): 87, (148, 220): 87, (151, 57): 87, (151, 63): 87, (154, 20): 87, (154, 97): 87, (160, 182): 87, (160, 200): 87, (161, 174): 87, (161, 207): 87, (166, 143): 87, (166, 233): 87, (169, 4): 87, (169, 98): 87, (170, 138): 87, (170, 234): 87, (171, 163): 87, (171, 208): 87, (173, 41): 87, (173, 57): 87, (174, 148): 87, (174, 220): 87, (175, 153): 87, (175, 214): 87, (178, 121): 87, (178, 243): 87, (180, 43): 87, (180, 48): 87, (183, 176): 87, (183, 183): 87, (184, 26): 87, (184, 61): 87, (185, 151): 29, (185, 206): 29, (186, 169): 87, (186, 187): 87, (191, 21): 87, (191, 59): 87, (192, 5): 29, (192, 74): 29, (199, 108): 87, (199, 235): 87, (200, 101): 87, (200, 241): 87, (203, 128): 87, (203, 211): 87, (205, 125): 87, (205, 212): 87, (208, 164): 87, (208, 170): 87, (209, 78): 87, (209, 255): 87, (212, 155): 87, (212, 175): 87, (213, 149): 29, (213, 180): 29, (217, 121): 87, (217, 204): 87, (218, 57): 87, (218, 267): 87, (220, 102): 87, (220, 220): 87, (223, 122): 87, (223, 197): 87, (225, 108): 87, (225, 209): 87, (229, 91): 87, (229, 222): 87, (232, 15): 87, (232, 24): 87, (233, 135): 87, (233, 174): 87, (234, 53): 87, (234, 255): 87, (235, 94): 87, (235, 213): 87, (236, 126): 87, (236, 180): 87, (238, 89): 87, (238, 215): 87, (242, 93): 87, (242, 207): 87, (244, 88): 87, (244, 210): 87, (245, 2): 87, (245, 24): 87, (250, 5): 87, (250, 16): 87, (254, 94): 3, (254, 194): 3, (256, 113): 87, (256, 173): 87, (257, 46): 87, (257, 239): 87, (262, 38): 3, (262, 242): 3, (263, 103): 29, (263, 176): 29, (264, 105): 87, (264, 173): 87, (270, 14): 87, (270, 258): 87}
 
277, 270, True, 54, 5
{'infinity': 1, (3, 4): 135, (3, 270): 135, (7, 0): 90, (7, 270): 90, (9, 45): 270, (9, 223): 270, (10, 74): 5, (10, 193): 5, (12, 110): 135, (12, 155): 135, (13, 10): 6, (13, 254): 6, (14, 91): 270, (14, 172): 270, (16, 112): 27, (16, 149): 27, (17, 53): 135, (17, 207): 135, (18, 59): 270, (18, 200): 270, (20, 87): 270, (20, 170): 270, (21, 68): 270, (21, 188): 270, (24, 11): 45, (24, 242): 45, (25, 35): 135, (25, 217): 135, (26, 3): 270, (26, 248): 270, (28, 57): 135, (28, 192): 135, (34, 109): 10, (34, 134): 10, (35, 107): 135, (35, 135): 135, (36, 249): 30, (36, 269): 30, (39, 6): 15, (39, 232): 15, (41, 6): 90, (41, 230): 90, (42, 110): 45, (42, 125): 45, (43, 114): 135, (43, 120): 135, (46, 65): 45, (46, 166): 45, (47, 21): 27, (47, 209): 27, (48, 243): 30, (48, 263): 30, (50, 8): 3, (50, 219): 3, (51, 28): 45, (51, 198): 45, (53, 239): 54, (53, 262): 54, (61, 29): 9, (61, 187): 9, (63, 30): 135, (63, 184): 135, (64, 239): 135, (64, 251): 135, (65, 221): 45, (65, 268): 45, (66, 85): 135, (66, 126): 135, (68, 237): 135, (68, 249): 135, (70, 74): 90, (70, 133): 90, (72, 30): 270, (72, 175): 270, (73, 9): 270, (73, 195): 270, (75, 62): 270, (75, 140): 270, (76, 220): 135, (76, 258): 135, (79, 27): 270, (79, 171): 270, (80, 207): 270, (80, 267): 270, (82, 219): 135, (82, 253): 135, (86, 10): 54, (86, 181): 54, (87, 231): 30, (87, 236): 30, (93, 31): 15, (93, 153): 15, (94, 46): 270, (94, 137): 270, (96, 203): 135, (96, 255): 135, (97, 67): 135, (97, 113): 135, (99, 53): 135, (99, 125): 135, (101, 85): 18, (101, 91): 18, (102, 71): 54, (102, 104): 54, (103, 29): 30, (103, 145): 30, (105, 17): 270, (105, 155): 270, (109, 32): 45, (109, 136): 45, (110, 82): 270, (110, 85): 270, (111, 37): 18, (111, 129): 18, (113, 29): 90, (113, 135): 90, (115, 55): 270, (115, 107): 270, (116, 178): 54, (116, 260): 54, (118, 167): 90, (118, 269): 90, (120, 180): 27, (120, 254): 27, (121, 211): 270, (121, 222): 270, (122, 33): 9, (122, 122): 9, (123, 162): 45, (123, 269): 45, (124, 154): 270, (124, 276): 270, (127, 43): 90, (127, 107): 90, (129, 13): 270, (129, 135): 270, (132, 196): 135, (132, 226): 135, (133, 45): 135, (133, 99): 135, (135, 45): 90, (135, 97): 90, (136, 16): 135, (136, 125): 135, (137, 201): 135, (137, 216): 135, (138, 63): 10, (138, 76): 10, (142, 30): 270, (142, 105): 270, (144, 156): 54, (144, 254): 54, (145, 190): 135, (145, 219): 135, (147, 12): 135, (147, 118): 135, (148, 156): 270, (148, 250): 270, (150, 138): 54, (150, 266): 54, (154, 12): 270, (154, 111): 270, (157, 5): 270, (157, 115): 270, (160, 155): 90, (160, 239): 90, (161, 53): 135, (161, 63): 135, (162, 24): 135, (162, 91): 135, (167, 186): 135, (167, 201): 135, (170, 1): 27, (170, 106): 27, (172, 106): 45, (172, 276): 45, (173, 132): 270, (173, 249): 270, (175, 165): 270, (175, 214): 270, (176, 50): 90, (176, 51): 90, (177, 144): 27, (177, 233): 27, (178, 10): 27, (178, 89): 27, (179, 142): 45, (179, 233): 45, (180, 167): 270, (180, 207): 270, (182, 17): 45, (182, 78): 45, (183, 136): 9, (183, 235): 9, (185, 2): 90, (185, 90): 90, (187, 162): 135, (187, 205): 135, (189, 40): 135, (189, 48): 135, (191, 19): 15, (191, 67): 15, (195, 119): 270, (195, 240): 270, (197, 6): 90, (197, 74): 90, (198, 123): 135, (198, 233): 135, (202, 173): 270, (202, 179): 270, (207, 169): 18, (207, 178): 18, (210, 33): 54, (210, 34): 54, (212, 106): 135, (212, 236): 135, (214, 164): 45, (214, 176): 45, (216, 77): 90, (216, 261): 90, (220, 145): 270, (220, 189): 270, (222, 22): 54, (222, 33): 54, (223, 110): 135, (223, 221): 135, (224, 127): 135, (224, 203): 135, (225, 3): 135, (225, 49): 135, (229, 73): 270, (229, 252): 270, (231, 145): 27, (231, 178): 27, (234, 117): 15, (234, 203): 15, (235, 121): 270, (235, 198): 270, (237, 158): 135, (237, 159): 135, (239, 56): 270, (239, 259): 270, (244, 148): 135, (244, 162): 135, (250, 103): 135, (250, 201): 135, (253, 12): 2, (255, 63): 270, (255, 236): 270, (256, 131): 27, (256, 167): 27, (258, 20): 270, (258, 276): 270, (259, 61): 270, (259, 234): 270, (262, 136): 5, (262, 156): 5, (264, 108): 270, (264, 182): 270, (266, 67): 27, (266, 221): 27, (267, 17): 270, (267, 270): 270, (268, 88): 54, (268, 198): 54, (274, 86): 135, (274, 194): 135, (275, 80): 45, (275, 199): 45}
 
281, 273, True, 3, 91
{'infinity': 1, (0, 128): 273, (0, 153): 273, (8, 275): 273, (8, 279): 273, (9, 90): 273, (9, 182): 273, (18, 64): 273, (18, 199): 273, (22, 45): 273, (22, 214): 273, (24, 54): 273, (24, 203): 273, (26, 121): 13, (26, 134): 13, (27, 120): 39, (27, 134): 39, (30, 103): 13, (30, 148): 13, (33, 45): 91, (33, 203): 91, (37, 15): 91, (37, 229): 91, (44, 83): 21, (44, 154): 21, (48, 26): 273, (48, 207): 273, (49, 26): 13, (49, 206): 13, (50, 76): 273, (50, 155): 273, (51, 34): 273, (51, 196): 273, (52, 80): 273, (52, 149): 273, (53, 9): 273, (53, 219): 273, (54, 68): 91, (54, 159): 91, (57, 19): 13, (57, 205): 13, (59, 18): 273, (59, 204): 273, (60, 235): 273, (60, 267): 273, (61, 20): 273, (61, 200): 273, (62, 18): 91, (62, 201): 91, (63, 104): 21, (63, 114): 21, (66, 11): 273, (66, 204): 273, (67, 240): 91, (67, 255): 91, (68, 35): 91, (68, 178): 91, (69, 62): 91, (69, 150): 91, (70, 25): 91, (70, 186): 91, (73, 216): 273, (73, 273): 273, (75, 240): 39, (75, 247): 39, (76, 241): 7, (76, 245): 7, (77, 67): 91, (77, 137): 91, (79, 209): 273, (79, 274): 273, (80, 231): 273, (80, 251): 273, (81, 61): 273, (81, 139): 273, (83, 38): 273, (83, 160): 273, (84, 235): 91, (84, 243): 91, (86, 211): 91, (86, 265): 91, (87, 62): 91, (87, 132): 91, (88, 53): 7, (88, 140): 7, (90, 5): 273, (90, 186): 273, (91, 87): 273, (91, 103): 273, (92, 234): 273, (92, 236): 273, (93, 214): 273, (93, 255): 273, (94, 20): 21, (94, 167): 21, (96, 192): 273, (96, 274): 273, (97, 193): 7, (97, 272): 7, (103, 88): 273, (103, 90): 273, (105, 69): 273, (105, 107): 273, (106, 182): 273, (106, 274): 273, (109, 17): 91, (109, 155): 91, (110, 172): 91, (110, 280): 91, (119, 173): 273, (119, 270): 273, (121, 186): 273, (121, 255): 273, (122, 4): 39, (122, 155): 39, (125, 62): 91, (125, 94): 91, (126, 20): 273, (126, 135): 273, (129, 55): 39, (129, 97): 39, (130, 66): 273, (130, 85): 273, (132, 16): 273, (132, 133): 273, (137, 190): 273, (137, 235): 273, (138, 175): 39, (138, 249): 39, (139, 183): 273, (139, 240): 273, (140, 29): 91, (140, 112): 91, (150, 21): 273, (150, 110): 273, (151, 29): 273, (151, 101): 273, (152, 187): 13, (152, 223): 13, (153, 177): 273, (153, 232): 273, (154, 49): 273, (154, 78): 273, (156, 202): 273, (156, 204): 273, (158, 44): 91, (158, 79): 91, (159, 171): 273, (159, 232): 273, (160, 18): 273, (160, 103): 273, (162, 8): 91, (162, 111): 91, (163, 122): 91, (163, 277): 91, (165, 131): 273, (165, 266): 273, (166, 182): 39, (166, 214): 39, (168, 124): 273, (168, 270): 273, (169, 22): 91, (169, 90): 91, (171, 0): 273, (171, 110): 273, (173, 37): 273, (173, 71): 273, (174, 125): 91, (174, 263): 91, (176, 6): 91, (176, 99): 91, (178, 17): 91, (178, 86): 91, (179, 3): 273, (179, 99): 273, (184, 26): 273, (184, 71): 273, (185, 31): 273, (185, 65): 273, (187, 12): 91, (187, 82): 91, (188, 136): 39, (188, 238): 39, (191, 39): 273, (191, 51): 273, (194, 32): 3, (194, 55): 3, (195, 141): 273, (195, 226): 273, (196, 168): 273, (196, 198): 273, (197, 126): 91, (197, 239): 91, (198, 176): 21, (198, 188): 21, (199, 8): 273, (199, 74): 273, (201, 8): 273, (201, 72): 273, (203, 139): 273, (203, 220): 273, (204, 78): 273, (204, 280): 273, (205, 5): 21, (205, 71): 21, (207, 99): 273, (207, 256): 273, (212, 135): 91, (212, 215): 91, (213, 84): 91, (213, 265): 91, (216, 129): 273, (216, 217): 273, (217, 1): 39, (217, 63): 39, (223, 118): 39, (223, 221): 39, (224, 135): 273, (224, 203): 273, (226, 10): 21, (226, 45): 21, (228, 134): 39, (228, 200): 39, (229, 96): 91, (229, 237): 91, (231, 164): 273, (231, 167): 273, (232, 77): 273, (232, 253): 273, (235, 116): 273, (235, 211): 273, (236, 117): 91, (236, 209): 91, (237, 158): 13, (237, 167): 13, (239, 55): 39, (239, 268): 39, (241, 110): 273, (241, 211): 273, (242, 9): 91, (242, 30): 91, (243, 13): 91, (243, 25): 91, (247, 106): 273, (247, 209): 273, (248, 34): 273, (248, 280): 273, (249, 7): 91, (249, 25): 91, (250, 80): 273, (250, 232): 273, (254, 49): 273, (254, 259): 273, (258, 28): 39, (258, 276): 39, (260, 80): 273, (260, 222): 273, (263, 34): 91, (263, 265): 91, (267, 5): 273, (267, 9): 273, (271, 29): 273, (271, 262): 273, (273, 89): 273, (273, 200): 273, (274, 127): 273, (274, 161): 273, (275, 17): 91, (275, 270): 91, (277, 100): 91, (277, 185): 91, (278, 139): 91, (278, 145): 91}
 
283, 279, False, 9, 31
{'infinity': 1, (5, 9): 93, (5, 269): 93, (10, 3): 93, (10, 270): 93, (13, 129): 31, (13, 141): 31, (15, 98): 93, (15, 170): 93, (16, 55): 93, (16, 212): 93, (18, 114): 93, (18, 151): 93, (20, 1): 93, (20, 262): 93, (22, 115): 93, (22, 146): 93, (23, 55): 93, (23, 205): 93, (30, 10): 93, (30, 243): 93, (32, 25): 93, (32, 226): 93, (33, 29): 93, (33, 221): 93, (34, 49): 93, (34, 200): 93, (36, 103): 93, (36, 144): 93, (37, 261): 93, (37, 268): 93, (40, 8): 93, (40, 235): 93, (42, 108): 93, (42, 133): 93, (43, 89): 31, (43, 151): 31, (48, 65): 93, (48, 170): 93, (50, 45): 93, (50, 188): 93, (52, 32): 3, (52, 199): 3, (53, 247): 93, (53, 266): 93, (54, 48): 93, (54, 181): 93, (55, 41): 93, (55, 187): 93, (57, 11): 93, (57, 215): 93, (59, 1): 93, (59, 223): 93, (61, 248): 93, (61, 257): 93, (62, 0): 93, (62, 221): 93, (63, 101): 31, (63, 119): 31, (64, 249): 93, (64, 253): 93, (69, 2): 93, (69, 212): 93, (70, 10): 93, (70, 203): 93, (71, 38): 31, (71, 174): 31, (72, 49): 3, (72, 162): 3, (75, 240): 93, (75, 251): 93, (77, 227): 93, (77, 262): 93, (84, 236): 93, (84, 246): 93, (85, 40): 93, (85, 158): 93, (89, 232): 31, (89, 245): 31, (90, 38): 31, (90, 155): 31, (92, 11): 93, (92, 180): 93, (93, 225): 93, (93, 248): 93, (94, 225): 93, (94, 247): 93, (95, 193): 93, (95, 278): 93, (96, 225): 93, (96, 245): 93, (98, 223): 93, (98, 245): 93, (99, 23): 93, (99, 161): 93, (105, 37): 93, (105, 141): 93, (107, 57): 93, (107, 119): 93, (109, 15): 93, (109, 159): 93, (110, 48): 31, (110, 125): 31, (112, 18): 93, (112, 153): 93, (113, 51): 93, (113, 119): 93, (114, 73): 31, (114, 96): 31, (116, 24): 3, (116, 143): 3, (117, 208): 93, (117, 241): 93, (119, 48): 93, (119, 116): 93, (120, 56): 93, (120, 107): 93, (121, 77): 93, (121, 85): 93, (122, 38): 31, (122, 123): 31, (126, 217): 93, (126, 223): 93, (127, 169): 93, (127, 270): 93, (129, 189): 93, (129, 248): 93, (130, 53): 93, (130, 100): 93, (131, 176): 93, (131, 259): 93, (134, 11): 93, (134, 138): 93, (135, 149): 93, (135, 282): 93, (136, 183): 31, (136, 247): 31, (137, 160): 3, (137, 269): 3, (141, 156): 93, (141, 269): 93, (144, 46): 31, (144, 93): 31, (145, 62): 93, (145, 76): 93, (146, 150): 93, (146, 270): 93, (149, 64): 93, (149, 70): 93, (151, 22): 93, (151, 110): 93, (157, 132): 93, (157, 277): 93, (158, 19): 93, (158, 106): 93, (165, 141): 93, (165, 260): 93, (171, 24): 93, (171, 88): 93, (172, 135): 93, (172, 259): 93, (177, 49): 93, (177, 57): 93, (181, 154): 93, (181, 231): 93, (182, 4): 93, (182, 97): 93, (183, 10): 93, (183, 90): 93, (186, 118): 93, (186, 262): 93, (187, 169): 93, (187, 210): 93, (188, 157): 93, (188, 221): 93, (189, 136): 93, (189, 241): 93, (190, 165): 31, (190, 211): 31, (196, 168): 31, (196, 202): 31, (197, 39): 93, (197, 47): 93, (198, 156): 93, (198, 212): 93, (199, 123): 93, (199, 244): 93, (200, 111): 93, (200, 255): 93, (202, 132): 93, (202, 232): 93, (203, 180): 93, (203, 183): 93, (204, 1): 93, (204, 78): 93, (206, 31): 93, (206, 46): 93, (207, 132): 93, (207, 227): 93, (208, 121): 93, (208, 237): 93, (210, 149): 93, (210, 207): 93, (214, 94): 93, (214, 258): 93, (215, 175): 31, (215, 176): 31, (216, 21): 93, (216, 46): 93, (220, 170): 93, (220, 176): 93, (221, 149): 93, (221, 196): 93, (222, 151): 93, (222, 193): 93, (227, 156): 93, (227, 183): 93, (229, 83): 93, (229, 254): 93, (233, 117): 93, (233, 216): 93, (235, 82): 93, (235, 249): 93, (237, 152): 93, (237, 177): 93, (238, 0): 31, (238, 45): 31, (239, 91): 93, (239, 236): 93, (241, 134): 93, (241, 191): 93, (243, 87): 93, (243, 236): 93, (244, 55): 93, (244, 267): 93, (245, 123): 93, (245, 198): 93, (249, 124): 93, (249, 193): 93, (252, 145): 93, (252, 169): 93, (254, 41): 93, (254, 271): 93, (257, 41): 93, (257, 268): 93, (258, 65): 93, (258, 243): 93, (259, 42): 93, (259, 265): 93, (260, 65): 93, (260, 241): 93, (261, 104): 93, (261, 201): 93, (262, 137): 93, (262, 167): 93, (263, 44): 93, (263, 259): 93, (266, 0): 93, (266, 17): 93, (267, 50): 93, (267, 249): 93, (270, 102): 93, (270, 194): 93, (271, 115): 93, (271, 180): 93, (272, 26): 93, (272, 268): 93, (273, 115): 93, (273, 178): 93, (275, 59): 93, (275, 232): 93, (277, 80): 93, (277, 209): 93, (278, 45): 93, (278, 243): 93, (279, 24): 93, (279, 263): 93, (282, 57): 93, (282, 227): 93}
 
293, 288, False, 36, 8
{'infinity': 1, (0, 127): 144, (0, 166): 144, (2, 27): 72, (2, 264): 72, (6, 41): 72, (6, 246): 72, (10, 45): 48, (10, 238): 48, (11, 89): 36, (11, 193): 36, (12, 16): 4, (12, 265): 4, (15, 112): 48, (15, 166): 48, (19, 63): 36, (19, 211): 36, (22, 122): 36, (22, 149): 36, (24, 80): 9, (24, 189): 9, (28, 279): 2, (29, 28): 72, (29, 236): 72, (30, 101): 144, (30, 162): 144, (31, 20): 144, (31, 242): 144, (34, 102): 8, (34, 157): 8, (35, 265): 144, (35, 286): 144, (37, 47): 36, (37, 209): 36, (41, 261): 16, (41, 284): 16, (43, 95): 72, (43, 155): 72, (44, 109): 4, (44, 140): 4, (46, 106): 144, (46, 141): 144, (48, 105): 144, (48, 140): 144, (49, 39): 9, (49, 205): 9, (51, 63): 48, (51, 179): 48, (53, 243): 6, (53, 290): 6, (54, 57): 36, (54, 182): 36, (55, 4): 144, (55, 234): 144, (56, 114): 144, (56, 123): 144, (62, 38): 144, (62, 193): 144, (66, 41): 12, (66, 186): 12, (69, 18): 16, (69, 206): 16, (70, 33): 144, (70, 190): 144, (71, 101): 18, (71, 121): 18, (73, 4): 16, (73, 216): 16, (75, 99): 48, (75, 119): 48, (79, 246): 144, (79, 261): 144, (81, 55): 12, (81, 157): 12, (82, 66): 8, (82, 145): 8, (83, 9): 36, (83, 201): 36, (84, 47): 72, (84, 162): 72, (86, 16): 72, (86, 191): 72, (87, 30): 8, (87, 176): 8, (88, 54): 24, (88, 151): 24, (89, 65): 36, (89, 139): 36, (91, 5): 144, (91, 197): 144, (96, 46): 18, (96, 151): 18, (97, 90): 72, (97, 106): 72, (98, 229): 144, (98, 259): 144, (100, 232): 144, (100, 254): 144, (101, 205): 72, (101, 280): 72, (104, 201): 144, (104, 281): 144, (105, 94): 2, (106, 201): 144, (106, 279): 144, (107, 89): 144, (107, 97): 144, (109, 33): 72, (109, 151): 72, (114, 33): 48, (114, 146): 48, (116, 195): 24, (116, 275): 24, (120, 8): 16, (120, 165): 16, (121, 189): 48, (121, 276): 48, (123, 43): 72, (123, 127): 72, (125, 188): 12, (125, 273): 12, (127, 79): 144, (127, 87): 144, (128, 214): 36, (128, 244): 36, (132, 223): 6, (132, 231): 6, (133, 27): 144, (133, 133): 144, (135, 185): 36, (135, 266): 36, (139, 25): 144, (139, 129): 144, (140, 208): 48, (140, 238): 48, (141, 48): 144, (141, 104): 144, (143, 205): 24, (143, 238): 24, (144, 29): 48, (144, 120): 48, (146, 180): 144, (146, 260): 144, (148, 189): 144, (148, 249): 144, (150, 37): 48, (150, 106): 48, (151, 21): 9, (151, 121): 9, (156, 21): 144, (156, 116): 144, (158, 27): 144, (158, 108): 144, (159, 148): 144, (159, 279): 144, (160, 164): 72, (160, 262): 72, (165, 4): 72, (165, 124): 72, (169, 154): 24, (169, 263): 24, (170, 127): 144, (170, 289): 144, (171, 2): 18, (171, 120): 18, (172, 47): 72, (172, 74): 72, (173, 152): 72, (173, 261): 72, (175, 29): 48, (175, 89): 48, (176, 137): 72, (176, 273): 72, (178, 157): 24, (178, 251): 24, (179, 162): 48, (179, 245): 48, (181, 181): 36, (181, 224): 36, (182, 138): 144, (182, 266): 144, (190, 25): 144, (190, 78): 144, (192, 0): 48, (192, 101): 48, (194, 164): 16, (194, 228): 16, (195, 16): 72, (195, 82): 72, (199, 192): 144, (199, 195): 144, (200, 108): 72, (200, 278): 72, (201, 140): 144, (201, 245): 144, (205, 94): 144, (205, 287): 144, (206, 135): 18, (206, 245): 18, (208, 132): 48, (208, 246): 48, (211, 9): 144, (211, 73): 144, (212, 83): 72, (212, 291): 72, (216, 133): 16, (216, 237): 16, (218, 32): 48, (218, 43): 48, (220, 173): 144, (220, 193): 144, (221, 31): 72, (221, 41): 72, (223, 7): 144, (223, 63): 144, (225, 81): 72, (225, 280): 72, (228, 108): 16, (228, 250): 16, (230, 17): 12, (230, 46): 12, (232, 164): 144, (232, 190): 144, (233, 30): 2, (237, 133): 36, (237, 216): 36, (243, 130): 144, (243, 213): 144, (244, 136): 24, (244, 206): 24, (245, 5): 144, (245, 43): 144, (246, 75): 144, (246, 265): 144, (247, 68): 48, (247, 271): 48, (248, 56): 72, (248, 282): 72, (250, 5): 3, (250, 38): 3, (252, 76): 18, (252, 258): 18, (254, 134): 18, (254, 198): 18, (256, 118): 18, (256, 212): 18, (257, 11): 18, (257, 25): 18, (259, 58): 16, (259, 269): 16, (260, 46): 36, (260, 280): 36, (262, 36): 24, (262, 288): 24, (266, 30): 8, (266, 290): 8, (267, 29): 24, (267, 290): 24, (269, 51): 144, (269, 266): 144, (270, 44): 144, (270, 272): 144, (271, 120): 144, (271, 195): 144, (272, 28): 6, (272, 286): 6, (273, 107): 48, (273, 206): 48, (274, 38): 144, (274, 274): 144, (276, 94): 144, (276, 216): 144, (277, 110): 144, (277, 199): 144, (278, 142): 72, (278, 166): 72, (279, 21): 144, (279, 286): 144, (281, 80): 18, (281, 225): 18, (284, 112): 72, (284, 190): 72, (285, 28): 72, (285, 273): 72, (287, 112): 144, (287, 187): 144, (292, 9): 144, (292, 285): 144}
 
307, 279, True, 9, 31
{'infinity': 1, (1, 74): 31, (1, 232): 31, (9, 142): 279, (9, 156): 279, (10, 117): 279, (10, 180): 279, (15, 129): 93, (15, 163): 93, (16, 21): 279, (16, 270): 279, (20, 141): 279, (20, 146): 279, (21, 111): 279, (21, 175): 279, (22, 66): 279, (22, 219): 279, (23, 106): 279, (23, 178): 279, (24, 290): 279, (24, 300): 279, (25, 36): 279, (25, 246): 279, (26, 2): 279, (26, 279): 279, (29, 25): 279, (29, 253): 279, (31, 111): 93, (31, 165): 93, (32, 17): 279, (32, 258): 279, (33, 57): 279, (33, 217): 279, (34, 90): 279, (34, 183): 279, (35, 16): 279, (35, 256): 279, (36, 20): 279, (36, 251): 279, (38, 120): 93, (38, 149): 93, (40, 30): 93, (40, 237): 93, (42, 124): 279, (42, 141): 279, (43, 101): 279, (43, 163): 279, (44, 279): 279, (44, 291): 279, (46, 24): 31, (46, 237): 31, (47, 120): 279, (47, 140): 279, (48, 0): 93, (48, 259): 93, (50, 124): 279, (50, 133): 279, (55, 263): 279, (55, 296): 279, (60, 51): 3, (60, 196): 3, (62, 66): 279, (62, 179): 279, (63, 42): 279, (63, 202): 279, (68, 54): 279, (68, 185): 279, (70, 20): 279, (70, 217): 279, (72, 34): 279, (72, 201): 279, (73, 245): 279, (73, 296): 279, (74, 1): 31, (74, 232): 31, (77, 74): 9, (77, 156): 9, (79, 79): 279, (79, 149): 279, (80, 4): 279, (80, 223): 279, (83, 89): 279, (83, 135): 279, (87, 89): 31, (87, 131): 31, (88, 5): 279, (88, 214): 279, (95, 54): 31, (95, 158): 31, (97, 218): 279, (97, 299): 279, (104, 38): 279, (104, 165): 279, (106, 226): 279, (106, 282): 279, (107, 234): 93, (107, 273): 93, (110, 8): 93, (110, 189): 93, (113, 201): 279, (113, 300): 279, (114, 3): 93, (114, 190): 93, (116, 41): 31, (116, 150): 31, (119, 221): 93, (119, 274): 93, (120, 209): 279, (120, 285): 279, (122, 201): 279, (122, 291): 279, (124, 76): 279, (124, 107): 279, (129, 2): 279, (129, 176): 279, (131, 28): 279, (131, 148): 279, (134, 13): 31, (134, 160): 31, (136, 48): 279, (136, 123): 279, (137, 81): 279, (137, 89): 279, (139, 80): 93, (139, 88): 93, (141, 182): 93, (141, 291): 93, (144, 54): 279, (144, 109): 279, (150, 73): 93, (150, 84): 93, (152, 2): 93, (152, 153): 93, (153, 230): 9, (153, 231): 9, (154, 211): 31, (154, 249): 31, (160, 174): 93, (160, 280): 93, (163, 184): 279, (163, 267): 279, (166, 49): 279, (166, 92): 279, (167, 15): 279, (167, 125): 279, (169, 204): 279, (169, 241): 279, (170, 144): 93, (170, 300): 93, (172, 165): 279, (172, 277): 279, (175, 50): 279, (175, 82): 279, (179, 139): 93, (179, 296): 93, (180, 35): 279, (180, 92): 279, (181, 197): 279, (181, 236): 279, (182, 155): 93, (182, 277): 93, (187, 47): 279, (187, 73): 279, (189, 182): 279, (189, 243): 279, (190, 149): 279, (190, 275): 279, (192, 6): 93, (192, 109): 93, (199, 148): 279, (199, 267): 279, (200, 170): 279, (200, 244): 279, (201, 20): 279, (201, 86): 279, (203, 190): 279, (203, 221): 279, (204, 193): 93, (204, 217): 93, (205, 40): 279, (205, 62): 279, (209, 130): 279, (209, 275): 279, (210, 33): 93, (210, 64): 93, (214, 170): 279, (214, 230): 279, (215, 124): 93, (215, 275): 93, (219, 157): 279, (219, 238): 279, (221, 156): 93, (221, 237): 93, (222, 120): 279, (222, 272): 279, (223, 18): 93, (223, 66): 93, (225, 147): 279, (225, 242): 279, (228, 152): 279, (228, 234): 279, (229, 4): 279, (229, 74): 279, (230, 7): 93, (230, 70): 93, (232, 150): 31, (232, 232): 31, (235, 134): 279, (235, 245): 279, (236, 12): 31, (236, 59): 31, (237, 98): 279, (237, 279): 279, (238, 171): 279, (238, 205): 279, (245, 141): 93, (245, 228): 93, (247, 137): 279, (247, 230): 279, (249, 163): 279, (249, 202): 279, (252, 95): 31, (252, 267): 31, (255, 111): 279, (255, 248): 279, (256, 72): 31, (256, 286): 31, (257, 128): 93, (257, 229): 93, (260, 77): 279, (260, 277): 279, (261, 19): 279, (261, 27): 279, (262, 65): 279, (262, 287): 279, (263, 96): 279, (263, 255): 279, (265, 87): 279, (265, 262): 279, (266, 150): 31, (266, 198): 31, (267, 11): 279, (267, 29): 279, (268, 92): 279, (268, 254): 279, (271, 10): 279, (271, 26): 279, (274, 69): 93, (274, 271): 93, (277, 73): 9, (277, 264): 9, (278, 109): 279, (278, 227): 279, (279, 101): 279, (279, 234): 279, (280, 68): 93, (280, 266): 93, (284, 148): 279, (284, 182): 279, (290, 91): 93, (290, 233): 93, (292, 101): 279, (292, 221): 279, (297, 127): 279, (297, 190): 279, (300, 102): 93, (300, 212): 93, (301, 145): 279, (301, 168): 279, (302, 110): 279, (302, 202): 279, (303, 71): 279, (303, 240): 279, (304, 122): 31, (304, 188): 31, (305, 4): 279, (305, 305): 279, (306, 63): 31, (306, 245): 31}
 
311, 327, True, 3, 109
{'infinity': 1, (0, 44): 109, (0, 267): 109, (1, 144): 327, (1, 166): 327, (4, 54): 327, (4, 253): 327, (5, 96): 327, (5, 210): 327, (6, 45): 327, (6, 260): 327, (8, 105): 327, (8, 198): 327, (10, 77): 327, (10, 224): 327, (11, 23): 327, (11, 277): 327, (12, 52): 109, (12, 247): 109, (13, 41): 327, (13, 257): 327, (14, 36): 327, (14, 261): 327, (15, 141): 109, (15, 155): 109, (16, 11): 327, (16, 284): 327, (18, 102): 327, (18, 191): 327, (20, 79): 327, (20, 212): 327, (21, 111): 3, (21, 179): 3, (30, 62): 327, (30, 219): 327, (34, 119): 327, (34, 158): 327, (35, 74): 327, (35, 202): 327, (36, 72): 327, (36, 203): 327, (37, 131): 327, (37, 143): 327, (38, 18): 109, (38, 255): 109, (42, 54): 327, (42, 215): 327, (44, 274): 327, (44, 304): 327, (45, 20): 327, (45, 246): 327, (46, 40): 327, (46, 225): 327, (49, 111): 109, (49, 151): 109, (51, 22): 327, (51, 238): 327, (54, 113): 327, (54, 144): 327, (56, 121): 327, (56, 134): 327, (57, 275): 327, (57, 290): 327, (58, 92): 109, (58, 161): 109, (59, 99): 109, (59, 153): 109, (60, 125): 109, (60, 126): 109, (61, 67): 109, (61, 183): 109, (63, 123): 109, (63, 125): 109, (65, 10): 109, (65, 236): 109, (66, 38): 109, (66, 207): 109, (67, 49): 327, (67, 195): 327, (69, 110): 109, (69, 132): 109, (70, 35): 109, (70, 206): 109, (72, 41): 327, (72, 198): 327, (73, 29): 327, (73, 209): 327, (75, 48): 109, (75, 188): 109, (76, 77): 327, (76, 158): 327, (77, 108): 327, (77, 126): 327, (80, 49): 109, (80, 182): 109, (81, 268): 327, (81, 273): 327, (82, 32): 327, (82, 197): 327, (83, 58): 109, (83, 170): 109, (84, 31): 327, (84, 196): 327, (85, 44): 327, (85, 182): 327, (88, 26): 109, (88, 197): 109, (93, 15): 109, (93, 203): 109, (95, 83): 109, (95, 133): 109, (96, 53): 327, (96, 162): 327, (97, 64): 327, (97, 150): 327, (98, 250): 327, (98, 274): 327, (100, 2): 327, (100, 209): 327, (101, 48): 327, (101, 162): 327, (103, 94): 109, (103, 114): 109, (104, 95): 327, (104, 112): 327, (105, 20): 109, (105, 186): 109, (106, 97): 327, (106, 108): 327, (107, 71): 109, (107, 133): 109, (109, 69): 109, (109, 133): 109, (114, 35): 109, (114, 162): 109, (115, 230): 109, (115, 277): 109, (116, 231): 327, (116, 275): 327, (120, 56): 109, (120, 135): 109, (121, 11): 109, (121, 179): 109, (122, 207): 327, (122, 293): 327, (123, 207): 327, (123, 292): 327, (124, 28): 109, (124, 159): 109, (125, 234): 327, (125, 263): 327, (126, 199): 327, (126, 297): 327, (127, 35): 109, (127, 149): 109, (128, 75): 327, (128, 108): 327, (131, 13): 109, (131, 167): 109, (133, 0): 327, (133, 178): 327, (135, 48): 327, (135, 128): 327, (138, 209): 327, (138, 275): 327, (141, 197): 327, (141, 284): 327, (142, 189): 327, (142, 291): 327, (143, 180): 327, (143, 299): 327, (146, 182): 327, (146, 294): 327, (147, 37): 327, (147, 127): 327, (154, 184): 109, (154, 284): 109, (156, 165): 327, (156, 301): 327, (157, 223): 327, (157, 242): 327, (160, 173): 109, (160, 289): 109, (161, 20): 327, (161, 130): 327, (163, 63): 327, (163, 85): 327, (164, 49): 327, (164, 98): 327, (166, 21): 327, (166, 124): 327, (168, 168): 327, (168, 286): 327, (169, 179): 327, (169, 274): 327, (170, 146): 327, (170, 306): 327, (171, 3): 327, (171, 137): 327, (172, 194): 327, (172, 256): 327, (174, 11): 327, (174, 126): 327, (179, 17): 327, (179, 115): 327, (181, 57): 327, (181, 73): 327, (182, 203): 327, (182, 237): 327, (184, 152): 109, (184, 286): 109, (185, 160): 327, (185, 277): 327, (186, 178): 327, (186, 258): 327, (187, 201): 109, (187, 234): 109, (188, 125): 109, (188, 309): 109, (189, 128): 327, (189, 305): 327, (190, 6): 327, (190, 115): 327, (191, 172): 109, (191, 259): 109, (197, 163): 327, (197, 262): 327, (199, 21): 327, (199, 91): 327, (201, 158): 109, (201, 263): 109, (203, 8): 327, (203, 100): 327, (204, 14): 327, (204, 93): 327, (205, 17): 109, (205, 89): 109, (206, 12): 109, (206, 93): 109, (212, 6): 327, (212, 93): 327, (216, 98): 327, (216, 308): 327, (217, 0): 327, (217, 94): 327, (220, 6): 327, (220, 85): 327, (221, 159): 327, (221, 242): 327, (223, 4): 327, (223, 84): 327, (224, 104): 327, (224, 294): 327, (225, 9): 327, (225, 77): 327, (226, 41): 327, (226, 44): 327, (229, 180): 327, (229, 213): 327, (231, 193): 109, (231, 198): 109, (232, 37): 327, (232, 42): 327, (238, 17): 327, (238, 56): 327, (239, 85): 109, (239, 298): 109, (240, 186): 327, (240, 196): 327, (241, 111): 327, (241, 270): 327, (242, 98): 109, (242, 282): 109, (243, 31): 109, (243, 37): 109, (244, 136): 109, (244, 242): 109, (250, 180): 109, (250, 192): 109, (252, 76): 327, (252, 294): 327, (253, 115): 109, (253, 254): 109, (256, 144): 327, (256, 222): 327, (257, 21): 327, (257, 33): 327, (258, 81): 327, (258, 283): 327, (259, 87): 109, (259, 276): 109, (260, 90): 109, (260, 272): 109, (262, 65): 327, (262, 295): 327, (264, 56): 327, (264, 302): 327, (265, 54): 327, (265, 303): 327, (270, 66): 327, (270, 286): 327, (272, 0): 109, (272, 39): 109, (277, 159): 327, (277, 186): 327, (282, 40): 109, (282, 300): 109, (284, 60): 327, (284, 278): 327, (294, 40): 327, (294, 288): 327, (295, 31): 327, (295, 296): 327, (296, 63): 327, (296, 263): 327, (298, 128): 109, (298, 196): 109, (302, 94): 327, (302, 226): 327, (303, 141): 109, (303, 178): 109, (304, 141): 109, (304, 177): 109, (306, 145): 327, (306, 171): 327, (310, 78): 327, (310, 234): 327}
 
313, 324, False, 6, 54
{'infinity': 1, (6, 93): 162, (6, 214): 162, (7, 111): 162, (7, 195): 162, (10, 141): 162, (10, 162): 162, (12, 127): 54, (12, 174): 54, (15, 17): 162, (15, 281): 162, (16, 24): 81, (16, 273): 81, (17, 50): 54, (17, 246): 54, (18, 8): 54, (18, 287): 54, (19, 64): 162, (19, 230): 162, (20, 71): 81, (20, 222): 81, (22, 2): 162, (22, 289): 162, (23, 137): 54, (23, 153): 54, (25, 87): 162, (25, 201): 162, (26, 136): 54, (26, 151): 54, (27, 110): 162, (27, 176): 162, (29, 72): 27, (29, 212): 27, (30, 288): 6, (30, 308): 6, (31, 44): 54, (31, 238): 54, (32, 90): 81, (32, 191): 81, (38, 101): 27, (38, 174): 27, (39, 133): 81, (39, 141): 81, (40, 108): 81, (40, 165): 81, (41, 93): 162, (41, 179): 162, (42, 134): 162, (42, 137): 162, (43, 100): 162, (43, 170): 162, (45, 29): 162, (45, 239): 162, (47, 17): 18, (47, 249): 18, (49, 266): 162, (49, 311): 162, (54, 21): 54, (54, 238): 54, (55, 95): 162, (55, 163): 162, (58, 117): 81, (58, 138): 81, (59, 59): 162, (59, 195): 162, (60, 82): 162, (60, 171): 162, (62, 79): 3, (62, 172): 3, (63, 72): 162, (63, 178): 162, (64, 281): 2, (68, 73): 162, (68, 172): 162, (69, 44): 162, (69, 200): 162, (70, 24): 162, (70, 219): 162, (72, 111): 162, (72, 130): 162, (73, 69): 81, (73, 171): 81, (74, 45): 54, (74, 194): 54, (79, 244): 162, (79, 303): 162, (83, 27): 81, (83, 203): 81, (92, 239): 162, (92, 295): 162, (93, 32): 81, (93, 188): 81, (94, 23): 162, (94, 196): 162, (96, 8): 162, (96, 209): 162, (97, 100): 54, (97, 116): 54, (98, 107): 54, (98, 108): 54, (100, 262): 18, (100, 264): 18, (101, 48): 18, (101, 164): 18, (102, 98): 27, (102, 113): 27, (104, 46): 162, (104, 163): 162, (107, 215): 54, (107, 304): 54, (109, 71): 54, (109, 133): 54, (110, 41): 162, (110, 162): 162, (112, 36): 81, (112, 165): 81, (116, 87): 162, (116, 110): 162, (118, 252): 81, (118, 256): 81, (120, 210): 162, (120, 296): 162, (122, 22): 18, (122, 169): 18, (125, 92): 162, (125, 96): 162, (129, 25): 162, (129, 159): 162, (130, 7): 162, (130, 176): 162, (131, 212): 162, (131, 283): 162, (132, 246): 54, (132, 248): 54, (136, 74): 81, (136, 103): 81, (137, 88): 2, (140, 37): 81, (140, 136): 81, (147, 30): 162, (147, 136): 162, (148, 237): 54, (148, 241): 54, (150, 49): 162, (150, 114): 162, (153, 212): 162, (153, 261): 162, (154, 163): 162, (154, 309): 162, (156, 176): 54, (156, 294): 54, (157, 184): 162, (157, 285): 162, (158, 190): 162, (158, 278): 162, (159, 76): 54, (159, 78): 54, (160, 192): 6, (160, 274): 6, (161, 165): 81, (161, 300): 81, (163, 156): 9, (163, 307): 9, (164, 216): 27, (164, 246): 27, (165, 15): 162, (165, 133): 162, (167, 152): 162, (167, 307): 162, (170, 33): 54, (170, 110): 54, (172, 54): 27, (172, 87): 27, (173, 40): 162, (173, 100): 162, (174, 13): 54, (174, 126): 54, (175, 30): 162, (175, 108): 162, (176, 211): 54, (176, 239): 54, (180, 171): 54, (180, 275): 54, (181, 13): 27, (181, 119): 27, (182, 160): 18, (182, 284): 18, (183, 172): 162, (183, 271): 162, (184, 58): 162, (184, 71): 162, (188, 7): 162, (188, 118): 162, (190, 218): 2, (193, 162): 162, (193, 271): 162, (195, 22): 18, (195, 96): 18, (198, 26): 54, (198, 89): 54, (199, 8): 162, (199, 106): 162, (201, 20): 9, (201, 92): 9, (202, 5): 162, (202, 106): 162, (203, 52): 27, (203, 58): 27, (204, 20): 162, (204, 89): 162, (208, 128): 81, (208, 290): 81, (211, 146): 18, (211, 269): 18, (213, 44): 162, (213, 56): 162, (215, 166): 81, (215, 245): 81, (216, 160): 9, (216, 250): 9, (217, 199): 162, (217, 210): 162, (218, 41): 162, (218, 54): 162, (221, 20): 162, (221, 72): 162, (222, 184): 81, (222, 220): 81, (223, 177): 162, (223, 226): 162, (224, 0): 162, (224, 89): 162, (225, 106): 81, (225, 295): 81, (227, 24): 54, (227, 62): 54, (228, 160): 18, (228, 238): 18, (229, 120): 54, (229, 277): 54, (230, 155): 162, (230, 241): 162, (234, 111): 81, (234, 281): 81, (236, 23): 162, (236, 54): 162, (239, 16): 162, (239, 58): 162, (240, 31): 81, (240, 42): 81, (241, 25): 18, (241, 47): 18, (247, 184): 162, (247, 195): 162, (248, 137): 162, (248, 241): 162, (249, 3): 162, (249, 61): 162, (250, 105): 162, (250, 271): 162, (251, 17): 162, (251, 45): 162, (252, 83): 162, (252, 291): 162, (253, 14): 162, (253, 46): 162, (256, 25): 81, (256, 32): 81, (263, 174): 54, (263, 189): 54, (264, 141): 54, (264, 221): 54, (266, 93): 162, (266, 267): 162, (268, 109): 162, (268, 249): 162, (269, 46): 27, (269, 311): 27, (270, 80): 162, (270, 276): 162, (271, 13): 54, (271, 29): 54, (272, 6): 162, (272, 35): 162, (275, 115): 162, (275, 236): 162, (276, 123): 162, (276, 227): 162, (277, 4): 81, (277, 32): 81, (284, 1): 162, (284, 28): 162, (286, 143): 162, (286, 197): 162, (289, 127): 27, (289, 210): 27, (294, 97): 81, (294, 235): 81, (296, 23): 162, (296, 307): 162, (297, 70): 162, (297, 259): 162, (298, 41): 81, (298, 287): 81, (300, 92): 162, (300, 234): 162, (301, 45): 162, (301, 280): 162, (302, 12): 54, (302, 312): 54, (304, 30): 162, (304, 292): 162, (306, 96): 81, (306, 224): 81, (307, 158): 81, (307, 161): 81, (308, 7): 162, (308, 311): 162, (309, 22): 6, (309, 295): 6, (310, 29): 162, (310, 287): 162, (311, 66): 81, (311, 249): 81}
 
317, 333, True, 9, 37
{'infinity': 1, (0, 19): 333, (0, 298): 333, (2, 118): 333, (2, 197): 333, (3, 96): 333, (3, 218): 333, (5, 114): 111, (5, 198): 111, (12, 77): 333, (12, 228): 333, (16, 19): 333, (16, 282): 333, (20, 51): 333, (20, 246): 333, (21, 306): 37, (21, 307): 37, (23, 12): 333, (23, 282): 333, (24, 72): 333, (24, 221): 333, (25, 87): 333, (25, 205): 333, (28, 82): 333, (28, 207): 333, (29, 128): 333, (29, 160): 333, (31, 27): 333, (31, 259): 333, (32, 5): 333, (32, 280): 333, (34, 286): 111, (34, 314): 111, (36, 102): 111, (36, 179): 111, (38, 113): 333, (38, 166): 333, (40, 25): 333, (40, 252): 333, (41, 288): 9, (41, 305): 9, (42, 132): 333, (42, 143): 333, (45, 95): 333, (45, 177): 333, (46, 72): 111, (46, 199): 111, (49, 21): 333, (49, 247): 333, (50, 288): 111, (50, 296): 111, (51, 85): 333, (51, 181): 333, (52, 96): 333, (52, 169): 333, (53, 41): 111, (53, 223): 111, (54, 12): 333, (54, 251): 333, (55, 17): 9, (55, 245): 9, (56, 33): 333, (56, 228): 333, (58, 89): 333, (58, 170): 333, (60, 113): 111, (60, 144): 111, (63, 112): 37, (63, 142): 37, (64, 257): 111, (64, 313): 111, (65, 265): 333, (65, 304): 333, (67, 18): 333, (67, 232): 333, (68, 119): 333, (68, 130): 333, (70, 44): 333, (70, 203): 333, (71, 93): 333, (71, 153): 333, (73, 41): 333, (73, 203): 333, (75, 85): 333, (75, 157): 333, (79, 257): 333, (79, 298): 333, (82, 62): 333, (82, 173): 333, (83, 115): 37, (83, 119): 37, (86, 24): 333, (86, 207): 333, (88, 93): 333, (88, 136): 333, (89, 86): 111, (89, 142): 111, (90, 73): 333, (90, 154): 333, (94, 0): 111, (94, 223): 111, (97, 262): 333, (97, 275): 333, (98, 75): 333, (98, 144): 333, (102, 24): 333, (102, 191): 333, (104, 254): 37, (104, 276): 37, (108, 62): 333, (108, 147): 333, (109, 73): 333, (109, 135): 333, (110, 46): 333, (110, 161): 333, (111, 86): 333, (111, 120): 333, (113, 94): 333, (113, 110): 333, (114, 221): 37, (114, 299): 37, (116, 31): 333, (116, 170): 333, (117, 86): 333, (117, 114): 333, (118, 73): 111, (118, 126): 111, (119, 59): 3, (119, 139): 3, (120, 92): 111, (120, 105): 111, (121, 233): 111, (121, 280): 111, (122, 200): 333, (122, 312): 333, (125, 245): 111, (125, 264): 111, (126, 22): 37, (126, 169): 37, (127, 62): 111, (127, 128): 111, (129, 24): 333, (129, 164): 333, (130, 29): 111, (130, 158): 111, (132, 193): 333, (132, 309): 333, (133, 67): 333, (133, 117): 333, (137, 245): 333, (137, 252): 333, (139, 9): 333, (139, 169): 333, (140, 242): 333, (140, 252): 333, (141, 192): 333, (141, 301): 333, (142, 15): 333, (142, 160): 333, (143, 4): 333, (143, 170): 333, (146, 11): 333, (146, 160): 333, (149, 194): 111, (149, 291): 111, (150, 45): 333, (150, 122): 333, (151, 65): 333, (151, 101): 333, (152, 74): 333, (152, 91): 333, (153, 212): 111, (153, 269): 111, (155, 3): 111, (155, 159): 111, (157, 234): 333, (157, 243): 333, (158, 66): 37, (158, 93): 37, (159, 14): 333, (159, 144): 333, (161, 28): 333, (161, 128): 333, (162, 28): 333, (162, 127): 333, (164, 190): 333, (164, 280): 333, (165, 10): 111, (165, 142): 111, (166, 32): 333, (166, 119): 333, (170, 223): 37, (170, 241): 37, (173, 206): 333, (173, 255): 333, (174, 203): 333, (174, 257): 333, (175, 229): 333, (175, 230): 333, (177, 64): 333, (177, 76): 333, (179, 221): 333, (179, 234): 333, (181, 150): 333, (181, 303): 333, (182, 66): 333, (182, 69): 333, (183, 10): 111, (183, 124): 111, (189, 195): 333, (189, 250): 333, (191, 41): 333, (191, 85): 333, (192, 176): 333, (192, 266): 333, (195, 8): 333, (195, 114): 333, (197, 16): 333, (197, 104): 333, (199, 133): 9, (199, 302): 9, (200, 58): 333, (200, 59): 333, (203, 207): 37, (203, 224): 37, (204, 39): 333, (204, 74): 333, (205, 32): 111, (205, 80): 111, (206, 187): 37, (206, 241): 37, (207, 172): 37, (207, 255): 37, (210, 15): 333, (210, 92): 333, (216, 116): 111, (216, 302): 111, (219, 113): 333, (219, 302): 333, (225, 193): 333, (225, 216): 333, (226, 120): 333, (226, 288): 333, (228, 164): 333, (228, 242): 333, (229, 137): 111, (229, 268): 111, (232, 158): 111, (232, 244): 111, (238, 98): 333, (238, 298): 333, (239, 185): 333, (239, 210): 333, (240, 12): 333, (240, 65): 333, (241, 121): 111, (241, 272): 111, (243, 9): 111, (243, 65): 111, (245, 22): 333, (245, 50): 333, (247, 72): 333, (247, 315): 333, (248, 75): 37, (248, 311): 37, (249, 157): 111, (249, 228): 111, (250, 126): 111, (250, 258): 111, (252, 9): 333, (252, 56): 333, (254, 125): 333, (254, 255): 333, (255, 123): 333, (255, 256): 333, (257, 146): 111, (257, 231): 111, (258, 135): 37, (258, 241): 37, (260, 134): 333, (260, 240): 333, (262, 96): 37, (262, 276): 37, (263, 22): 333, (263, 32): 333, (266, 126): 111, (266, 242): 111, (267, 135): 333, (267, 232): 333, (268, 90): 37, (268, 276): 37, (269, 49): 333, (269, 316): 333, (272, 158): 37, (272, 204): 37, (274, 52): 333, (274, 308): 333, (277, 164): 333, (277, 193): 333, (278, 74): 111, (278, 282): 111, (282, 15): 37, (282, 20): 37, (286, 10): 111, (286, 21): 111, (288, 75): 333, (288, 271): 333, (293, 163): 111, (293, 178): 111, (294, 66): 333, (294, 274): 333, (297, 120): 333, (297, 217): 333, (298, 102): 37, (298, 234): 37, (299, 21): 333, (299, 314): 333, (300, 102): 111, (300, 232): 111, (301, 19): 333, (301, 314): 333, (304, 92): 333, (304, 238): 333, (308, 152): 333, (308, 174): 333, (309, 42): 333, (309, 283): 333, (310, 157): 333, (310, 167): 333, (311, 28): 111, (311, 295): 111, (315, 59): 333, (315, 260): 333}
 
331, 324, False, 6, 54
{'infinity': 1, (0, 17): 27, (0, 314): 27, (1, 72): 162, (1, 258): 162, (4, 17): 162, (4, 310): 162, (5, 25): 54, (5, 301): 54, (6, 89): 162, (6, 236): 162, (8, 30): 162, (8, 293): 162, (10, 326): 2, (11, 323): 81, (11, 328): 81, (12, 102): 162, (12, 217): 162, (15, 20): 54, (15, 296): 54, (19, 8): 9, (19, 304): 9, (21, 27): 18, (21, 283): 18, (22, 45): 54, (22, 264): 54, (25, 93): 162, (25, 213): 162, (26, 54): 162, (26, 251): 162, (30, 125): 162, (30, 176): 162, (31, 44): 162, (31, 256): 162, (32, 8): 6, (32, 291): 6, (34, 300): 162, (34, 328): 162, (36, 18): 81, (36, 277): 81, (38, 60): 18, (38, 233): 18, (40, 90): 81, (40, 201): 81, (42, 37): 54, (42, 252): 54, (44, 59): 18, (44, 228): 18, (45, 124): 162, (45, 162): 162, (46, 81): 54, (46, 204): 54, (47, 119): 162, (47, 165): 162, (48, 290): 162, (48, 324): 162, (49, 286): 27, (49, 327): 27, (50, 85): 54, (50, 196): 54, (51, 140): 2, (54, 21): 6, (54, 256): 6, (57, 128): 162, (57, 146): 162, (58, 74): 162, (58, 199): 162, (60, 130): 162, (60, 141): 162, (63, 110): 162, (63, 158): 162, (64, 5): 162, (64, 262): 162, (65, 125): 162, (65, 141): 162, (66, 56): 162, (66, 209): 162, (67, 121): 162, (67, 143): 162, (68, 25): 3, (68, 238): 3, (73, 273): 162, (73, 316): 162, (74, 19): 162, (74, 238): 162, (76, 66): 162, (76, 189): 162, (78, 49): 162, (78, 204): 162, (81, 276): 81, (81, 305): 81, (82, 85): 162, (82, 164): 162, (88, 13): 162, (88, 230): 162, (90, 271): 81, (90, 301): 81, (91, 110): 18, (91, 130): 18, (92, 280): 162, (92, 290): 162, (93, 28): 54, (93, 210): 54, (94, 277): 81, (94, 291): 81, (96, 257): 162, (96, 309): 162, (97, 21): 81, (97, 213): 81, (98, 251): 18, (98, 313): 18, (99, 55): 162, (99, 177): 162, (100, 10): 162, (100, 221): 162, (106, 242): 162, (106, 314): 162, (107, 19): 54, (107, 205): 54, (110, 242): 54, (110, 310): 54, (113, 27): 54, (113, 191): 54, (115, 242): 81, (115, 305): 81, (118, 48): 6, (118, 165): 6, (121, 11): 81, (121, 199): 81, (123, 44): 54, (123, 164): 54, (126, 41): 162, (126, 164): 162, (128, 69): 27, (128, 134): 27, (130, 232): 81, (130, 300): 81, (132, 84): 27, (132, 115): 27, (135, 222): 81, (135, 305): 81, (136, 33): 27, (136, 162): 27, (138, 88): 162, (138, 105): 162, (140, 23): 81, (140, 168): 81, (141, 82): 162, (141, 108): 162, (143, 72): 162, (143, 116): 162, (150, 19): 162, (150, 162): 162, (152, 199): 162, (152, 311): 162, (153, 65): 81, (153, 113): 81, (158, 31): 162, (158, 142): 162, (160, 2): 81, (160, 169): 81, (161, 247): 162, (161, 254): 162, (162, 235): 162, (162, 265): 162, (163, 71): 162, (163, 97): 162, (166, 0): 162, (166, 165): 162, (167, 195): 162, (167, 300): 162, (175, 212): 81, (175, 275): 81, (177, 44): 81, (177, 110): 81, (178, 155): 54, (178, 329): 54, (180, 21): 162, (180, 130): 162, (184, 190): 54, (184, 288): 54, (185, 178): 162, (185, 299): 162, (187, 72): 2, (188, 190): 162, (188, 284): 162, (189, 235): 162, (189, 238): 162, (191, 181): 54, (191, 290): 54, (195, 155): 162, (195, 312): 162, (197, 27): 54, (197, 107): 54, (199, 47): 162, (199, 85): 162, (200, 214): 162, (200, 248): 162, (201, 184): 27, (201, 277): 27, (204, 22): 81, (204, 105): 81, (205, 166): 162, (205, 291): 162, (206, 141): 81, (206, 315): 81, (207, 204): 81, (207, 251): 81, (208, 7): 81, (208, 116): 81, (209, 213): 54, (209, 240): 54, (211, 156): 54, (211, 295): 54, (212, 139): 81, (212, 311): 81, (214, 39): 162, (214, 78): 162, (216, 42): 18, (216, 73): 18, (217, 135): 162, (217, 310): 162, (225, 123): 162, (225, 314): 162, (228, 24): 54, (228, 79): 54, (229, 168): 162, (229, 265): 162, (231, 200): 54, (231, 231): 54, (232, 161): 162, (232, 269): 162, (236, 125): 162, (236, 301): 162, (237, 153): 54, (237, 272): 54, (240, 4): 81, (240, 87): 81, (241, 35): 54, (241, 55): 54, (246, 160): 162, (246, 256): 162, (247, 32): 54, (247, 52): 54, (253, 10): 162, (253, 68): 162, (256, 180): 162, (256, 226): 162, (257, 111): 162, (257, 294): 162, (258, 25): 54, (258, 48): 54, (261, 29): 162, (261, 41): 162, (263, 174): 81, (263, 225): 81, (264, 127): 162, (264, 271): 162, (265, 121): 54, (265, 276): 54, (266, 186): 27, (266, 210): 27, (271, 126): 162, (271, 265): 162, (272, 163): 162, (272, 227): 162, (275, 15): 9, (275, 41): 9, (276, 170): 27, (276, 216): 27, (279, 74): 162, (279, 309): 162, (280, 8): 18, (280, 43): 18, (281, 147): 9, (281, 234): 9, (285, 118): 162, (285, 259): 162, (286, 48): 54, (286, 328): 54, (287, 66): 162, (287, 309): 162, (289, 155): 81, (289, 218): 81, (290, 182): 81, (290, 190): 81, (293, 168): 162, (293, 201): 162, (294, 86): 162, (294, 282): 162, (298, 53): 18, (298, 311): 18, (299, 66): 54, (299, 297): 54, (303, 149): 54, (303, 210): 54, (305, 138): 162, (305, 219): 162, (306, 96): 162, (306, 260): 162, (307, 102): 81, (307, 253): 81, (308, 83): 18, (308, 271): 18, (309, 10): 27, (309, 12): 27, (311, 116): 162, (311, 235): 162, (316, 70): 162, (316, 276): 162, (320, 105): 162, (320, 237): 162, (321, 117): 162, (321, 224): 162, (322, 55): 162, (322, 285): 162, (325, 74): 162, (325, 263): 162, (327, 17): 162, (327, 318): 162, (329, 132): 162, (329, 201): 162, (330, 121): 81, (330, 211): 81}
 
337, 360, True, 12, 30
{'infinity': 1, (0, 35): 360, (0, 302): 360, (1, 31): 12, (1, 305): 12, (3, 22): 90, (3, 312): 90, (9, 153): 90, (9, 175): 90, (11, 328): 360, (11, 335): 360, (12, 59): 180, (12, 266): 180, (13, 161): 24, (13, 163): 24, (17, 6): 360, (17, 314): 360, (18, 51): 90, (18, 268): 90, (19, 86): 36, (19, 232): 36, (21, 50): 12, (21, 266): 12, (24, 38): 180, (24, 275): 180, (25, 131): 72, (25, 181): 72, (29, 39): 30, (29, 269): 30, (31, 46): 360, (31, 260): 360, (33, 313): 10, (33, 328): 10, (34, 22): 360, (34, 281): 360, (38, 311): 40, (38, 325): 40, (40, 51): 360, (40, 246): 360, (42, 103): 180, (42, 192): 180, (44, 133): 180, (44, 160): 180, (45, 85): 40, (45, 207): 40, (46, 81): 90, (46, 210): 90, (47, 64): 90, (47, 226): 90, (49, 70): 360, (49, 218): 360, (50, 50): 36, (50, 237): 36, (52, 140): 360, (52, 145): 360, (53, 57): 360, (53, 227): 360, (54, 20): 180, (54, 263): 180, (57, 308): 72, (57, 309): 72, (60, 47): 9, (60, 230): 9, (62, 26): 9, (62, 249): 9, (63, 23): 180, (63, 251): 180, (64, 94): 120, (64, 179): 120, (65, 126): 15, (65, 146): 15, (66, 124): 360, (66, 147): 360, (67, 42): 120, (67, 228): 120, (69, 298): 360, (69, 307): 360, (70, 46): 3, (70, 221): 3, (71, 295): 360, (71, 308): 360, (72, 297): 120, (72, 305): 120, (73, 131): 360, (73, 133): 360, (74, 284): 15, (74, 316): 15, (75, 78): 360, (75, 184): 360, (76, 2): 180, (76, 259): 180, (78, 25): 180, (78, 234): 180, (80, 107): 90, (80, 150): 90, (83, 16): 90, (83, 238): 90, (84, 274): 45, (84, 316): 45, (85, 48): 360, (85, 204): 360, (86, 30): 360, (86, 221): 360, (89, 113): 360, (89, 135): 360, (92, 97): 360, (92, 148): 360, (93, 61): 36, (93, 183): 36, (94, 64): 360, (94, 179): 360, (95, 12): 45, (95, 230): 45, (96, 109): 180, (96, 132): 180, (97, 111): 90, (97, 129): 90, (99, 43): 360, (99, 195): 360, (100, 5): 45, (100, 232): 45, (101, 14): 360, (101, 222): 360, (102, 247): 120, (102, 325): 120, (103, 43): 360, (103, 191): 360, (104, 15): 8, (104, 218): 8, (105, 72): 15, (105, 160): 15, (106, 17): 180, (106, 214): 180, (109, 55): 36, (109, 173): 36, (110, 110): 180, (110, 117): 180, (111, 245): 360, (111, 318): 360, (113, 71): 45, (113, 153): 45, (115, 83): 360, (115, 139): 360, (116, 106): 20, (116, 115): 20, (117, 237): 180, (117, 320): 180, (118, 249): 8, (118, 307): 8, (123, 70): 360, (123, 144): 360, (126, 104): 72, (126, 107): 72, (129, 40): 360, (129, 168): 360, (131, 99): 120, (131, 107): 120, (135, 43): 20, (135, 159): 20, (137, 79): 60, (137, 121): 60, (138, 85): 120, (138, 114): 120, (145, 3): 360, (145, 189): 360, (148, 69): 180, (148, 120): 180, (150, 217): 180, (150, 307): 180, (151, 224): 360, (151, 299): 360, (152, 258): 45, (152, 264): 45, (154, 85): 30, (154, 98): 30, (157, 249): 72, (157, 268): 72, (158, 223): 360, (158, 293): 360, (161, 209): 24, (161, 304): 24, (162, 244): 360, (162, 268): 360, (165, 70): 45, (165, 102): 45, (167, 188): 60, (167, 319): 60, (170, 237): 5, (170, 267): 5, (175, 176): 180, (175, 323): 180, (179, 179): 45, (179, 316): 45, (181, 221): 360, (181, 272): 360, (182, 230): 45, (182, 262): 45, (183, 63): 15, (183, 91): 15, (184, 218): 180, (184, 272): 180, (188, 160): 180, (188, 326): 180, (191, 73): 2, (193, 151): 90, (193, 330): 90, (196, 64): 72, (196, 77): 72, (197, 152): 6, (197, 325): 6, (198, 206): 60, (198, 270): 60, (200, 216): 180, (200, 258): 180, (208, 177): 360, (208, 289): 360, (209, 157): 90, (209, 308): 90, (212, 24): 180, (212, 101): 180, (213, 151): 360, (213, 310): 360, (214, 166): 120, (214, 294): 120, (215, 153): 10, (215, 306): 10, (216, 167): 20, (216, 291): 20, (218, 224): 60, (218, 232): 60, (220, 133): 360, (220, 321): 360, (223, 197): 180, (223, 254): 180, (226, 128): 360, (226, 320): 360, (227, 33): 4, (227, 77): 4, (232, 149): 36, (232, 293): 36, (233, 200): 60, (233, 241): 60, (236, 46): 360, (236, 55): 360, (239, 131): 60, (239, 304): 60, (240, 13): 45, (240, 84): 45, (242, 106): 40, (242, 326): 40, (244, 104): 360, (244, 326): 360, (245, 176): 5, (245, 253): 5, (248, 186): 72, (248, 240): 72, (251, 9): 72, (251, 77): 72, (252, 189): 72, (252, 233): 72, (253, 8): 24, (253, 76): 24, (254, 176): 36, (254, 244): 36, (256, 130): 120, (256, 288): 120, (258, 172): 360, (258, 244): 360, (259, 196): 120, (259, 219): 120, (262, 111): 120, (262, 301): 120, (263, 2): 45, (263, 72): 45, (264, 105): 40, (264, 305): 40, (266, 21): 18, (266, 50): 18, (267, 16): 72, (267, 54): 72, (268, 151): 40, (268, 255): 40, (269, 108): 180, (269, 297): 180, (270, 15): 60, (270, 52): 60, (274, 96): 120, (274, 304): 120, (275, 170): 18, (275, 229): 18, (277, 189): 30, (277, 208): 30, (278, 185): 40, (278, 211): 40, (279, 7): 72, (279, 51): 72, (280, 23): 72, (280, 34): 72, (281, 148): 120, (281, 245): 120, (282, 147): 45, (282, 245): 45, (283, 88): 360, (283, 303): 360, (284, 97): 360, (284, 293): 360, (285, 65): 18, (285, 324): 18, (288, 94): 24, (288, 292): 24, (293, 53): 360, (293, 328): 360, (298, 97): 9, (298, 279): 9, (300, 15): 120, (300, 22): 120, (301, 148): 180, (301, 225): 180, (304, 104): 90, (304, 266): 90, (305, 145): 72, (305, 224): 72, (306, 72): 45, (306, 296): 45, (309, 93): 360, (309, 272): 360, (311, 103): 120, (311, 260): 120, (315, 111): 360, (315, 248): 360, (316, 106): 40, (316, 252): 40, (317, 145): 30, (317, 212): 30, (321, 103): 360, (321, 250): 360, (322, 94): 20, (322, 258): 20, (323, 18): 360, (323, 333): 360, (324, 16): 360, (324, 334): 360, (325, 92): 120, (325, 257): 120, (326, 147): 40, (326, 201): 40, (328, 29): 60, (328, 317): 60, (329, 55): 120, (329, 290): 120, (331, 23): 360, (331, 320): 360, (332, 82): 180, (332, 260): 180, (333, 44): 360, (333, 297): 360, (335, 0): 180, (335, 2): 180, (336, 11): 90, (336, 327): 90}
 
347, 336, True, 3, 112
{'infinity': 1, (0, 14): 48, (0, 333): 48, (3, 144): 168, (3, 200): 168, (4, 79): 84, (4, 264): 84, (5, 53): 12, (5, 289): 12, (6, 15): 336, (6, 326): 336, (7, 16): 112, (7, 324): 112, (8, 102): 168, (8, 237): 168, (11, 76): 112, (11, 260): 112, (12, 131): 6, (12, 204): 6, (13, 116): 336, (13, 218): 336, (16, 332): 168, (16, 346): 168, (21, 73): 168, (21, 253): 168, (22, 70): 48, (22, 255): 48, (24, 149): 168, (24, 174): 168, (29, 24): 168, (29, 294): 168, (33, 39): 168, (33, 275): 168, (34, 318): 336, (34, 342): 336, (35, 104): 48, (35, 208): 48, (43, 146): 336, (43, 158): 336, (45, 321): 4, (45, 328): 4, (49, 142): 42, (49, 156): 42, (50, 304): 112, (50, 340): 112, (54, 40): 84, (54, 253): 84, (56, 121): 168, (56, 170): 168, (59, 104): 336, (59, 184): 336, (60, 120): 336, (60, 167): 336, (61, 103): 336, (61, 183): 336, (62, 36): 48, (62, 249): 48, (63, 97): 336, (63, 187): 336, (64, 36): 168, (64, 247): 168, (65, 112): 112, (65, 170): 112, (70, 13): 336, (70, 264): 336, (74, 98): 42, (74, 175): 42, (76, 6): 48, (76, 265): 48, (79, 66): 112, (79, 202): 112, (81, 20): 336, (81, 246): 336, (86, 120): 336, (86, 141): 336, (88, 103): 336, (88, 156): 336, (89, 109): 336, (89, 149): 336, (90, 297): 112, (90, 307): 112, (92, 274): 336, (92, 328): 336, (93, 28): 112, (93, 226): 112, (94, 73): 24, (94, 180): 24, (96, 6): 8, (96, 245): 8, (97, 262): 42, (97, 335): 42, (100, 287): 112, (100, 307): 112, (101, 71): 168, (101, 175): 168, (105, 274): 336, (105, 315): 336, (106, 29): 112, (106, 212): 112, (110, 41): 336, (110, 196): 336, (113, 47): 168, (113, 187): 168, (116, 16): 168, (116, 215): 168, (117, 47): 336, (117, 183): 336, (118, 266): 3, (118, 310): 3, (120, 5): 336, (120, 222): 336, (123, 244): 7, (123, 327): 7, (124, 233): 336, (124, 337): 336, (128, 267): 168, (128, 299): 168, (129, 54): 16, (129, 164): 16, (130, 81): 112, (130, 136): 112, (134, 91): 336, (134, 122): 336, (135, 3): 42, (135, 209): 42, (136, 260): 336, (136, 298): 336, (140, 237): 56, (140, 317): 56, (143, 64): 84, (143, 140): 84, (144, 208): 112, (144, 342): 112, (145, 231): 112, (145, 318): 112, (148, 74): 336, (148, 125): 336, (149, 224): 21, (149, 321): 21, (150, 270): 56, (150, 274): 56, (151, 235): 7, (151, 308): 7, (153, 220): 84, (153, 321): 84, (156, 86): 21, (156, 105): 21, (157, 230): 56, (157, 307): 56, (159, 19): 28, (159, 169): 28, (163, 56): 112, (163, 128): 112, (167, 8): 336, (167, 172): 336, (168, 208): 84, (168, 318): 84, (169, 183): 168, (169, 342): 168, (171, 187): 48, (171, 336): 48, (172, 0): 56, (172, 175): 56, (175, 6): 48, (175, 166): 48, (177, 52): 112, (177, 118): 112, (180, 194): 336, (180, 320): 336, (182, 254): 14, (182, 258): 14, (185, 197): 112, (185, 312): 112, (186, 192): 336, (186, 316): 336, (187, 27): 21, (187, 133): 21, (193, 232): 168, (193, 269): 168, (195, 69): 56, (195, 83): 56, (196, 227): 84, (196, 271): 84, (198, 46): 14, (198, 103): 14, (199, 237): 42, (199, 258): 42, (200, 234): 84, (200, 260): 84, (201, 26): 56, (201, 120): 56, (203, 67): 16, (203, 77): 16, (204, 227): 12, (204, 263): 12, (208, 46): 336, (208, 93): 336, (210, 156): 336, (210, 328): 336, (212, 153): 56, (212, 329): 56, (219, 64): 2, (220, 136): 168, (220, 338): 168, (221, 36): 336, (221, 90): 336, (222, 7): 56, (222, 118): 56, (224, 16): 336, (224, 107): 336, (225, 147): 336, (225, 322): 336, (226, 170): 336, (226, 298): 336, (227, 190): 336, (227, 277): 336, (228, 11): 168, (228, 108): 168, (229, 172): 168, (229, 293): 168, (230, 10): 24, (230, 107): 24, (231, 42): 42, (231, 74): 42, (232, 42): 21, (232, 73): 21, (233, 33): 84, (233, 81): 84, (234, 149): 336, (234, 311): 336, (235, 186): 168, (235, 273): 168, (240, 0): 336, (240, 107): 336, (241, 211): 336, (241, 242): 336, (243, 135): 112, (243, 316): 112, (247, 223): 336, (247, 224): 336, (248, 207): 56, (248, 239): 56, (250, 176): 84, (250, 268): 84, (253, 104): 28, (253, 337): 28, (262, 132): 168, (262, 300): 168, (263, 169): 56, (263, 262): 56, (264, 117): 336, (264, 313): 336, (265, 113): 84, (265, 316): 84, (266, 37): 112, (266, 44): 112, (272, 169): 56, (272, 253): 56, (273, 157): 336, (273, 264): 336, (275, 34): 56, (275, 38): 56, (281, 5): 336, (281, 61): 336, (282, 0): 336, (282, 65): 336, (286, 98): 8, (286, 310): 8, (288, 13): 48, (288, 46): 48, (290, 94): 24, (290, 310): 24, (292, 26): 28, (292, 29): 28, (293, 5): 28, (293, 49): 28, (294, 173): 14, (294, 227): 14, (295, 118): 112, (295, 281): 112, (296, 22): 112, (296, 29): 112, (297, 138): 112, (297, 259): 112, (298, 172): 112, (298, 224): 112, (299, 150): 16, (299, 245): 16, (301, 115): 28, (301, 278): 28, (303, 181): 336, (303, 210): 336, (306, 82): 168, (306, 306): 168, (307, 139): 112, (307, 248): 112, (310, 137): 336, (310, 247): 336, (311, 87): 336, (311, 296): 336, (313, 123): 21, (313, 258): 21, (314, 185): 7, (314, 195): 7, (315, 74): 112, (315, 305): 112, (317, 40): 336, (317, 337): 336, (320, 127): 112, (320, 247): 112, (321, 50): 168, (321, 323): 168, (322, 2): 16, (322, 23): 16, (323, 40): 336, (323, 331): 336, (324, 129): 84, (324, 241): 84, (325, 60): 336, (325, 309): 336, (331, 81): 336, (331, 282): 336, (332, 64): 84, (332, 298): 84, (334, 98): 168, (334, 262): 168, (336, 13): 168, (336, 345): 168, (339, 154): 28, (339, 201): 28, (343, 101): 21, (343, 250): 21, (344, 136): 336, (344, 214): 336, (346, 171): 24, (346, 177): 24}
 
349, 360, False, 6, 60
{'infinity': 1, (2, 69): 30, (2, 278): 30, (3, 82): 30, (3, 264): 30, (5, 35): 4, (5, 309): 4, (8, 103): 60, (8, 238): 60, (10, 72): 15, (10, 267): 15, (16, 60): 60, (16, 273): 60, (17, 21): 15, (17, 311): 15, (20, 114): 10, (20, 215): 10, (21, 117): 12, (21, 211): 12, (25, 35): 6, (25, 289): 6, (28, 324): 30, (28, 346): 30, (29, 160): 2, (30, 85): 30, (30, 234): 30, (33, 329): 6, (33, 336): 6, (37, 46): 12, (37, 266): 12, (38, 93): 10, (38, 218): 10, (41, 327): 15, (41, 330): 15, (42, 153): 60, (42, 154): 60, (48, 323): 15, (48, 327): 15, (50, 81): 60, (50, 218): 60, (53, 13): 4, (53, 283): 4, (55, 308): 30, (55, 335): 30, (56, 69): 30, (56, 224): 30, (63, 127): 60, (63, 159): 60, (67, 29): 60, (67, 253): 60, (69, 37): 60, (69, 243): 60, (72, 57): 12, (72, 220): 12, (74, 26): 3, (74, 249): 3, (76, 86): 60, (76, 187): 60, (77, 130): 30, (77, 142): 30, (78, 20): 30, (78, 251): 30, (79, 48): 60, (79, 222): 60, (80, 80): 30, (80, 189): 30, (82, 1): 60, (82, 266): 60, (83, 76): 60, (83, 190): 60, (86, 270): 6, (86, 342): 6, (87, 302): 60, (87, 309): 60, (88, 28): 12, (88, 233): 12, (89, 104): 30, (89, 156): 30, (91, 2): 60, (91, 256): 60, (92, 25): 12, (92, 232): 12, (93, 301): 10, (93, 304): 10, (99, 45): 30, (99, 205): 30, (100, 263): 60, (100, 335): 60, (101, 67): 12, (101, 181): 12, (103, 114): 60, (103, 132): 60, (104, 91): 30, (104, 154): 30, (105, 267): 30, (105, 326): 30, (106, 99): 6, (106, 144): 6, (107, 55): 10, (107, 187): 10, (108, 289): 60, (108, 301): 60, (109, 21): 6, (109, 219): 6, (110, 104): 30, (110, 135): 30, (113, 100): 12, (113, 136): 12, (114, 109): 30, (114, 126): 30, (116, 86): 30, (116, 147): 30, (117, 67): 30, (117, 165): 30, (122, 53): 30, (122, 174): 30, (124, 236): 30, (124, 338): 30, (126, 89): 20, (126, 134): 20, (127, 249): 60, (127, 322): 60, (129, 47): 5, (129, 173): 5, (131, 67): 20, (131, 151): 20, (133, 282): 15, (133, 283): 15, (134, 94): 60, (134, 121): 60, (136, 229): 60, (136, 333): 60, (137, 42): 15, (137, 170): 15, (140, 97): 30, (140, 112): 30, (143, 223): 60, (143, 332): 60, (146, 208): 60, (146, 344): 60, (147, 71): 3, (147, 131): 3, (148, 249): 60, (148, 301): 60, (150, 95): 30, (150, 104): 30, (151, 45): 15, (151, 153): 15, (152, 273): 2, (154, 248): 30, (154, 296): 30, (155, 23): 30, (155, 171): 30, (156, 40): 60, (156, 153): 60, (157, 86): 20, (157, 106): 20, (159, 228): 30, (159, 311): 30, (160, 11): 60, (160, 178): 60, (162, 32): 60, (162, 155): 60, (163, 252): 60, (163, 283): 60, (164, 61): 30, (164, 124): 30, (166, 187): 12, (166, 345): 12, (168, 59): 15, (168, 122): 15, (170, 197): 12, (170, 331): 12, (172, 246): 6, (172, 280): 6, (173, 214): 6, (173, 311): 6, (174, 70): 15, (174, 105): 15, (176, 15): 30, (176, 158): 30, (177, 250): 15, (177, 271): 15, (181, 244): 60, (181, 273): 60, (183, 18): 60, (183, 148): 60, (184, 36): 30, (184, 129): 30, (185, 216): 60, (185, 297): 60, (191, 182): 60, (191, 325): 60, (194, 169): 60, (194, 335): 60, (195, 246): 60, (195, 257): 60, (199, 49): 20, (199, 101): 20, (201, 228): 60, (201, 269): 60, (203, 154): 60, (203, 341): 60, (204, 50): 60, (204, 95): 60, (206, 242): 60, (206, 250): 60, (208, 199): 20, (208, 291): 20, (212, 193): 60, (212, 293): 60, (213, 188): 60, (213, 297): 60, (216, 193): 60, (216, 289): 60, (222, 162): 60, (222, 314): 60, (223, 21): 30, (223, 105): 30, (224, 3): 60, (224, 122): 60, (226, 9): 60, (226, 114): 60, (230, 202): 15, (230, 266): 15, (231, 11): 30, (231, 107): 30, (233, 121): 15, (233, 344): 15, (234, 197): 6, (234, 267): 6, (235, 188): 6, (235, 275): 6, (237, 18): 12, (237, 94): 12, (239, 151): 15, (239, 308): 15, (241, 129): 12, (241, 328): 12, (243, 149): 30, (243, 306): 30, (244, 213): 60, (244, 241): 60, (245, 40): 60, (245, 64): 60, (247, 212): 60, (247, 239): 60, (248, 165): 30, (248, 285): 30, (250, 188): 20, (250, 260): 20, (251, 43): 60, (251, 55): 60, (252, 166): 30, (252, 280): 30, (253, 171): 30, (253, 274): 30, (255, 47): 2, (256, 206): 15, (256, 236): 15, (257, 132): 30, (257, 309): 30, (259, 91): 60, (259, 348): 60, (260, 111): 3, (260, 327): 3, (261, 218): 60, (261, 219): 60, (264, 134): 60, (264, 300): 60, (267, 14): 30, (267, 68): 30, (270, 193): 15, (270, 235): 15, (271, 131): 60, (271, 296): 60, (273, 129): 60, (273, 296): 60, (274, 144): 15, (274, 280): 15, (276, 83): 20, (276, 339): 20, (278, 18): 5, (278, 53): 5, (280, 131): 60, (280, 287): 60, (281, 115): 20, (281, 302): 20, (283, 77): 30, (283, 338): 30, (285, 180): 30, (285, 233): 30, (290, 171): 30, (290, 237): 30, (291, 69): 30, (291, 338): 30, (293, 137): 30, (293, 268): 30, (294, 197): 12, (294, 207): 12, (297, 12): 30, (297, 40): 30, (298, 53): 6, (298, 347): 6, (299, 143): 60, (299, 256): 60, (300, 101): 10, (300, 297): 10, (301, 105): 6, (301, 292): 6, (302, 22): 30, (302, 25): 30, (303, 119): 30, (303, 276): 30, (304, 20): 60, (304, 25): 60, (306, 122): 12, (306, 270): 12, (307, 11): 60, (307, 31): 60, (308, 134): 30, (308, 256): 30, (314, 47): 10, (314, 337): 10, (315, 133): 12, (315, 250): 12, (316, 13): 60, (316, 20): 60, (318, 144): 30, (318, 236): 30, (319, 35): 12, (319, 344): 12, (320, 62): 60, (320, 316): 60, (321, 4): 6, (321, 24): 6, (324, 113): 60, (324, 261): 60, (325, 140): 60, (325, 233): 60, (327, 94): 30, (327, 277): 30, (328, 151): 60, (328, 219): 60, (329, 7): 30, (329, 13): 30, (330, 66): 30, (330, 302): 30, (331, 121): 60, (331, 246): 60, (333, 165): 3, (333, 200): 3, (335, 91): 12, (335, 272): 12, (338, 132): 60, (338, 228): 60, (340, 55): 60, (340, 303): 60, (344, 95): 60, (344, 259): 60}
 
353, 366, True, 3, 122
{'infinity': 1, (1, 44): 366, (1, 308): 366, (5, 82): 183, (5, 266): 183, (6, 11): 366, (6, 336): 366, (7, 128): 366, (7, 218): 366, (9, 80): 366, (9, 264): 366, (10, 0): 183, (10, 343): 183, (11, 0): 366, (11, 342): 366, (14, 93): 183, (14, 246): 183, (15, 31): 122, (15, 307): 122, (17, 47): 366, (17, 289): 366, (19, 45): 366, (19, 289): 366, (20, 35): 366, (20, 298): 366, (23, 110): 366, (23, 220): 366, (25, 40): 61, (25, 288): 61, (26, 94): 61, (26, 233): 61, (28, 80): 183, (28, 245): 183, (32, 22): 122, (32, 299): 122, (35, 110): 122, (35, 208): 122, (36, 112): 183, (36, 205): 183, (37, 324): 183, (37, 345): 183, (40, 82): 183, (40, 231): 183, (41, 146): 366, (41, 166): 366, (43, 72): 183, (43, 238): 183, (47, 42): 183, (47, 264): 183, (48, 67): 61, (48, 238): 61, (51, 78): 61, (51, 224): 61, (52, 308): 183, (52, 346): 183, (54, 55): 183, (54, 244): 183, (55, 141): 366, (55, 157): 366, (56, 148): 183, (56, 149): 183, (58, 134): 366, (58, 161): 366, (61, 101): 61, (61, 191): 61, (62, 40): 366, (62, 251): 366, (64, 116): 183, (64, 173): 183, (69, 61): 61, (69, 223): 61, (70, 47): 183, (70, 236): 183, (72, 130): 366, (72, 151): 366, (74, 55): 122, (74, 224): 122, (75, 112): 61, (75, 166): 61, (76, 105): 366, (76, 172): 366, (77, 57): 183, (77, 219): 183, (78, 64): 61, (78, 211): 61, (80, 29): 366, (80, 244): 366, (81, 67): 6, (81, 205): 6, (83, 128): 366, (83, 142): 366, (85, 45): 183, (85, 223): 183, (86, 310): 2, (87, 273): 61, (87, 346): 61, (89, 74): 122, (89, 190): 122, (90, 304): 183, (90, 312): 183, (91, 282): 366, (91, 333): 366, (95, 290): 61, (95, 321): 61, (97, 115): 183, (97, 141): 183, (98, 109): 122, (98, 146): 122, (100, 108): 122, (100, 145): 122, (101, 52): 183, (101, 200): 183, (102, 89): 183, (102, 162): 183, (103, 100): 183, (103, 150): 183, (106, 262): 366, (106, 338): 366, (108, 111): 183, (108, 134): 183, (109, 115): 183, (109, 129): 183, (114, 2): 122, (114, 237): 122, (119, 262): 366, (119, 325): 366, (122, 78): 183, (122, 153): 183, (124, 14): 61, (124, 215): 61, (125, 64): 183, (125, 164): 183, (128, 262): 61, (128, 316): 61, (131, 240): 366, (131, 335): 366, (134, 261): 366, (134, 311): 366, (135, 26): 183, (135, 192): 183, (140, 90): 366, (140, 123): 366, (143, 250): 366, (143, 313): 366, (144, 231): 61, (144, 331): 61, (146, 11): 61, (146, 196): 61, (147, 91): 183, (147, 115): 183, (148, 83): 366, (148, 122): 366, (149, 227): 366, (149, 330): 366, (150, 64): 183, (150, 139): 183, (156, 247): 61, (156, 303): 61, (160, 269): 122, (160, 277): 122, (161, 94): 122, (161, 98): 122, (162, 66): 183, (162, 125): 183, (166, 93): 122, (166, 94): 122, (169, 231): 183, (169, 306): 183, (172, 217): 183, (172, 317): 183, (173, 87): 366, (173, 93): 366, (179, 232): 183, (179, 295): 183, (180, 78): 183, (180, 95): 183, (181, 255): 122, (181, 270): 122, (182, 175): 122, (182, 349): 122, (183, 30): 183, (183, 140): 183, (184, 222): 61, (184, 300): 61, (186, 34): 183, (186, 133): 183, (187, 32): 122, (187, 134): 122, (188, 243): 366, (188, 275): 366, (189, 199): 122, (189, 318): 122, (191, 77): 366, (191, 85): 366, (194, 183): 366, (194, 329): 366, (196, 182): 366, (196, 328): 366, (199, 223): 183, (199, 284): 183, (201, 11): 366, (201, 141): 366, (202, 34): 183, (202, 117): 183, (204, 226): 122, (204, 276): 122, (208, 10): 183, (208, 135): 183, (212, 46): 122, (212, 95): 122, (213, 170): 61, (213, 323): 61, (214, 146): 183, (214, 346): 183, (215, 154): 366, (215, 337): 366, (216, 204): 183, (216, 286): 183, (217, 59): 183, (217, 77): 183, (219, 243): 366, (219, 244): 366, (223, 196): 366, (223, 287): 366, (224, 62): 366, (224, 67): 366, (225, 55): 366, (225, 73): 366, (228, 224): 122, (228, 254): 122, (230, 139): 183, (230, 337): 183, (232, 125): 183, (232, 349): 183, (234, 203): 366, (234, 269): 366, (235, 4): 122, (235, 114): 122, (236, 205): 366, (236, 265): 366, (237, 166): 366, (237, 303): 366, (238, 207): 61, (238, 261): 61, (240, 54): 366, (240, 59): 366, (242, 112): 183, (242, 352): 183, (243, 213): 61, (243, 250): 61, (244, 121): 366, (244, 341): 366, (245, 10): 61, (245, 98): 61, (249, 45): 122, (249, 59): 122, (252, 14): 183, (252, 87): 183, (253, 10): 183, (253, 90): 183, (254, 215): 183, (254, 237): 183, (258, 27): 183, (258, 68): 183, (261, 108): 366, (261, 337): 366, (262, 206): 183, (262, 238): 183, (263, 128): 61, (263, 315): 61, (264, 111): 122, (264, 331): 122, (266, 40): 366, (266, 47): 366, (268, 190): 61, (268, 248): 61, (269, 89): 122, (269, 348): 122, (270, 120): 61, (270, 316): 61, (277, 104): 61, (277, 325): 61, (279, 171): 366, (279, 256): 366, (280, 144): 61, (280, 282): 61, (281, 87): 122, (281, 338): 122, (282, 164): 183, (282, 260): 183, (286, 100): 183, (286, 320): 183, (288, 155): 366, (288, 263): 366, (290, 102): 122, (290, 314): 122, (292, 65): 366, (292, 349): 366, (295, 110): 3, (295, 301): 3, (297, 145): 122, (297, 264): 122, (298, 77): 122, (298, 331): 122, (299, 164): 61, (299, 243): 61, (300, 98): 122, (300, 308): 122, (303, 63): 183, (303, 340): 183, (304, 92): 183, (304, 310): 183, (305, 173): 366, (305, 228): 366, (308, 82): 61, (308, 316): 61, (309, 145): 61, (309, 252): 61, (310, 71): 366, (310, 325): 366, (312, 125): 183, (312, 269): 183, (313, 90): 366, (313, 303): 366, (314, 95): 366, (314, 297): 366, (316, 80): 366, (316, 310): 366, (317, 100): 61, (317, 289): 61, (318, 1): 183, (318, 34): 183, (319, 49): 183, (319, 338): 183, (320, 136): 366, (320, 250): 366, (326, 139): 61, (326, 241): 61, (328, 163): 183, (328, 215): 183, (330, 9): 183, (330, 14): 183, (332, 0): 366, (332, 21): 366, (333, 28): 122, (333, 345): 122, (334, 111): 366, (334, 261): 366, (335, 89): 366, (335, 282): 366, (336, 25): 366, (336, 345): 366, (337, 173): 366, (337, 196): 366, (338, 131): 366, (338, 237): 366, (341, 5): 183, (341, 7): 183, (344, 165): 366, (344, 197): 366, (345, 108): 183, (345, 253): 183, (349, 167): 122, (349, 190): 122, (352, 168): 122, (352, 186): 122}
 
359, 375, True, 15, 25
{'infinity': 1, (0, 178): 375, (0, 181): 375, (1, 64): 125, (1, 294): 125, (4, 142): 375, (4, 213): 375, (5, 100): 375, (5, 254): 375, (6, 97): 15, (6, 256): 15, (8, 148): 375, (8, 203): 375, (9, 72): 5, (9, 278): 5, (11, 132): 125, (11, 216): 125, (12, 14): 125, (12, 333): 125, (13, 39): 375, (13, 307): 375, (14, 121): 375, (14, 224): 375, (16, 154): 375, (16, 189): 375, (17, 69): 125, (17, 273): 125, (20, 34): 375, (20, 305): 375, (21, 18): 15, (21, 320): 15, (25, 126): 375, (25, 208): 375, (28, 33): 375, (28, 298): 375, (31, 142): 125, (31, 186): 125, (39, 328): 375, (39, 351): 375, (41, 93): 375, (41, 225): 375, (44, 0): 75, (44, 315): 75, (45, 315): 375, (45, 358): 375, (46, 79): 375, (46, 234): 375, (54, 57): 375, (54, 248): 375, (55, 35): 125, (55, 269): 125, (56, 32): 375, (56, 271): 375, (58, 14): 375, (58, 287): 375, (59, 86): 75, (59, 214): 75, (61, 321): 375, (61, 336): 375, (62, 320): 25, (62, 336): 25, (65, 29): 125, (65, 265): 125, (68, 7): 125, (68, 284): 125, (69, 32): 375, (69, 258): 375, (71, 33): 375, (71, 255): 375, (72, 289): 375, (72, 357): 375, (73, 90): 125, (73, 196): 125, (74, 6): 375, (74, 279): 375, (76, 288): 375, (76, 354): 375, (78, 319): 375, (78, 321): 375, (80, 107): 375, (80, 172): 375, (82, 15): 75, (82, 262): 75, (83, 313): 125, (83, 322): 125, (84, 93): 75, (84, 182): 75, (85, 20): 375, (85, 254): 375, (86, 5): 15, (86, 268): 15, (88, 9): 125, (88, 262): 125, (91, 311): 375, (91, 316): 375, (96, 102): 125, (96, 161): 125, (97, 284): 375, (97, 337): 375, (99, 46): 125, (99, 214): 125, (100, 285): 375, (100, 333): 375, (103, 297): 25, (103, 318): 25, (104, 54): 75, (104, 201): 75, (105, 117): 25, (105, 137): 25, (106, 24): 125, (106, 229): 125, (107, 123): 375, (107, 129): 375, (108, 252): 25, (108, 358): 25, (111, 20): 125, (111, 228): 125, (112, 18): 125, (112, 229): 125, (113, 25): 375, (113, 221): 375, (114, 257): 125, (114, 347): 125, (116, 26): 375, (116, 217): 375, (117, 84): 375, (117, 158): 375, (121, 91): 375, (121, 147): 375, (126, 279): 375, (126, 313): 375, (127, 292): 125, (127, 299): 125, (129, 232): 375, (129, 357): 375, (130, 242): 375, (130, 346): 375, (134, 288): 125, (134, 296): 125, (137, 68): 375, (137, 154): 375, (138, 255): 25, (138, 325): 25, (139, 226): 375, (139, 353): 375, (140, 76): 375, (140, 143): 375, (141, 229): 125, (141, 348): 125, (142, 39): 375, (142, 178): 375, (144, 235): 375, (144, 339): 375, (147, 21): 75, (147, 191): 75, (149, 281): 75, (149, 288): 75, (150, 255): 375, (150, 313): 375, (151, 40): 75, (151, 168): 75, (152, 94): 375, (152, 113): 375, (154, 3): 375, (154, 202): 375, (155, 211): 375, (155, 352): 375, (157, 256): 375, (157, 305): 375, (158, 203): 375, (158, 357): 375, (159, 279): 375, (159, 280): 375, (163, 20): 75, (163, 176): 75, (167, 22): 375, (167, 170): 375, (169, 204): 375, (169, 345): 375, (172, 244): 375, (172, 302): 375, (176, 230): 375, (176, 312): 375, (182, 231): 125, (182, 305): 125, (189, 262): 375, (189, 267): 375, (190, 205): 375, (190, 323): 375, (191, 215): 375, (191, 312): 375, (192, 177): 125, (192, 349): 125, (193, 203): 125, (193, 322): 125, (194, 240): 375, (194, 284): 375, (196, 256): 125, (196, 266): 125, (199, 42): 125, (199, 118): 125, (201, 214): 375, (201, 303): 375, (202, 58): 375, (202, 99): 375, (204, 39): 375, (204, 116): 375, (206, 154): 375, (206, 358): 375, (207, 159): 75, (207, 352): 75, (209, 45): 75, (209, 105): 75, (210, 184): 125, (210, 324): 125, (211, 205): 375, (211, 302): 375, (213, 170): 375, (213, 335): 375, (216, 3): 375, (216, 140): 375, (217, 178): 375, (217, 323): 375, (220, 177): 25, (220, 321): 25, (222, 247): 375, (222, 249): 375, (224, 212): 375, (224, 282): 375, (226, 18): 375, (226, 115): 375, (227, 238): 125, (227, 253): 125, (228, 61): 125, (228, 70): 125, (232, 31): 375, (232, 96): 375, (233, 202): 75, (233, 283): 75, (234, 32): 125, (234, 93): 125, (235, 143): 375, (235, 340): 375, (236, 146): 375, (236, 336): 375, (238, 206): 375, (238, 274): 375, (239, 47): 125, (239, 73): 125, (246, 232): 375, (246, 240): 375, (247, 138): 75, (247, 333): 75, (248, 231): 375, (248, 239): 375, (249, 36): 375, (249, 74): 375, (254, 156): 375, (254, 308): 375, (255, 42): 15, (255, 62): 15, (257, 1): 125, (257, 101): 125, (259, 215): 125, (259, 244): 125, (260, 33): 75, (260, 66): 75, (261, 109): 375, (261, 348): 375, (263, 198): 25, (263, 257): 25, (264, 42): 375, (264, 53): 375, (266, 191): 375, (266, 261): 375, (268, 215): 75, (268, 235): 75, (269, 195): 125, (269, 254): 125, (270, 133): 125, (270, 315): 125, (271, 21): 375, (271, 67): 375, (276, 122): 75, (276, 320): 75, (277, 164): 125, (277, 277): 125, (278, 200): 375, (278, 240): 375, (283, 163): 125, (283, 272): 125, (286, 180): 75, (286, 252): 75, (287, 187): 375, (287, 244): 375, (288, 199): 375, (288, 231): 375, (289, 14): 375, (289, 56): 375, (290, 84): 375, (290, 344): 375, (292, 89): 375, (292, 337): 375, (294, 92): 125, (294, 332): 125, (297, 80): 75, (297, 341): 75, (298, 7): 375, (298, 54): 375, (299, 88): 375, (299, 331): 375, (300, 21): 125, (300, 38): 125, (301, 167): 75, (301, 250): 75, (303, 60): 375, (303, 355): 375, (304, 98): 25, (304, 316): 25, (305, 191): 375, (305, 222): 375, (306, 177): 125, (306, 235): 125, (311, 84): 5, (311, 323): 5, (316, 54): 375, (316, 348): 375, (317, 196): 25, (317, 205): 25, (318, 166): 375, (318, 234): 375, (320, 48): 125, (320, 350): 125, (322, 0): 125, (322, 37): 125, (323, 79): 375, (323, 316): 375, (324, 142): 75, (324, 252): 75, (328, 194): 125, (328, 196): 125, (329, 52): 375, (329, 337): 375, (331, 185): 125, (331, 202): 125, (333, 139): 375, (333, 246): 375, (334, 78): 375, (334, 306): 375, (335, 81): 125, (335, 302): 125, (338, 170): 3, (338, 210): 3, (339, 41): 125, (339, 338): 125, (340, 2): 375, (340, 17): 375, (341, 120): 125, (341, 257): 125, (343, 143): 125, (343, 232): 125, (348, 3): 25, (348, 8): 25, (349, 79): 375, (349, 290): 375, (351, 55): 125, (351, 312): 125, (352, 0): 375, (352, 7): 375, (353, 65): 375, (353, 300): 375, (354, 130): 125, (354, 234): 125, (356, 10): 125, (356, 352): 125}
 
367, 360, False, 12, 30
{'infinity': 1, (1, 93): 60, (1, 273): 60, (2, 64): 15, (2, 301): 15, (6, 105): 15, (6, 256): 15, (8, 123): 120, (8, 236): 120, (9, 75): 60, (9, 283): 60, (10, 123): 120, (10, 234): 120, (14, 130): 40, (14, 223): 40, (19, 169): 60, (19, 179): 60, (20, 77): 5, (20, 270): 5, (22, 109): 120, (22, 236): 120, (23, 97): 60, (23, 247): 60, (25, 94): 40, (25, 248): 40, (26, 121): 30, (26, 220): 30, (27, 83): 120, (27, 257): 120, (30, 65): 120, (30, 272): 120, (31, 89): 120, (31, 247): 120, (32, 25): 30, (32, 310): 30, (33, 55): 24, (33, 279): 24, (35, 121): 120, (35, 211): 120, (36, 127): 60, (36, 204): 60, (37, 131): 120, (37, 199): 120, (44, 340): 30, (44, 350): 30, (45, 41): 24, (45, 281): 24, (46, 105): 120, (46, 216): 120, (48, 43): 30, (48, 276): 30, (49, 334): 120, (49, 351): 120, (52, 43): 120, (52, 272): 120, (53, 331): 24, (53, 350): 24, (56, 7): 60, (56, 304): 60, (60, 79): 15, (60, 228): 15, (62, 112): 12, (62, 193): 12, (64, 40): 24, (64, 263): 24, (65, 14): 120, (65, 288): 120, (67, 132): 120, (67, 168): 120, (69, 147): 12, (69, 151): 12, (70, 330): 120, (70, 334): 120, (75, 143): 60, (75, 149): 60, (76, 1): 120, (76, 290): 120, (80, 44): 3, (80, 243): 3, (84, 140): 12, (84, 143): 12, (85, 6): 120, (85, 276): 120, (86, 109): 120, (86, 172): 120, (87, 63): 40, (87, 217): 40, (90, 7): 30, (90, 270): 30, (95, 299): 120, (95, 340): 120, (98, 280): 120, (98, 356): 120, (99, 17): 120, (99, 251): 120, (100, 103): 120, (100, 164): 120, (101, 273): 30, (101, 360): 30, (102, 61): 120, (102, 204): 120, (104, 131): 120, (104, 132): 120, (105, 90): 20, (105, 172): 20, (106, 98): 120, (106, 163): 120, (108, 88): 24, (108, 171): 24, (109, 74): 120, (109, 184): 120, (112, 47): 120, (112, 208): 120, (113, 47): 120, (113, 207): 120, (114, 288): 10, (114, 332): 10, (115, 35): 60, (115, 217): 60, (118, 255): 40, (118, 361): 40, (121, 92): 12, (121, 154): 12, (122, 20): 120, (122, 225): 120, (126, 52): 40, (126, 189): 40, (130, 294): 60, (130, 310): 60, (131, 59): 120, (131, 177): 120, (132, 14): 60, (132, 221): 60, (135, 34): 60, (135, 198): 60, (136, 297): 120, (136, 301): 120, (138, 257): 60, (138, 339): 60, (139, 263): 5, (139, 332): 5, (140, 42): 15, (140, 185): 15, (142, 47): 3, (142, 178): 3, (144, 95): 120, (144, 128): 120, (145, 224): 24, (145, 365): 24, (148, 75): 15, (148, 144): 15, (149, 256): 12, (149, 329): 12, (152, 254): 120, (152, 328): 120, (154, 269): 60, (154, 311): 60, (159, 104): 2, (161, 259): 15, (161, 314): 15, (163, 25): 4, (163, 179): 4, (164, 263): 120, (164, 307): 120, (165, 217): 120, (165, 352): 120, (167, 210): 30, (167, 357): 30, (169, 78): 8, (169, 120): 8, (170, 14): 120, (170, 183): 120, (172, 25): 60, (172, 170): 60, (173, 64): 60, (173, 130): 60, (176, 19): 120, (176, 172): 120, (180, 57): 120, (180, 130): 120, (182, 194): 15, (182, 358): 15, (185, 3): 15, (185, 179): 15, (187, 212): 60, (187, 335): 60, (188, 258): 24, (188, 288): 24, (191, 205): 30, (191, 338): 30, (192, 64): 60, (192, 111): 60, (196, 39): 15, (196, 132): 15, (199, 237): 120, (199, 298): 120, (202, 257): 120, (202, 275): 120, (203, 51): 40, (203, 113): 40, (205, 219): 20, (205, 310): 20, (207, 205): 120, (207, 322): 120, (208, 16): 15, (208, 143): 15, (210, 75): 60, (210, 82): 60, (212, 256): 60, (212, 266): 60, (213, 253): 24, (213, 268): 24, (215, 181): 30, (215, 338): 30, (218, 194): 30, (218, 322): 30, (219, 202): 6, (219, 313): 6, (221, 7): 12, (221, 139): 12, (222, 28): 15, (222, 117): 15, (226, 10): 60, (226, 131): 60, (228, 166): 120, (228, 340): 120, (229, 204): 120, (229, 301): 120, (230, 3): 120, (230, 134): 120, (234, 224): 8, (234, 276): 8, (237, 26): 24, (237, 104): 24, (239, 197): 120, (239, 298): 120, (243, 191): 120, (243, 300): 120, (248, 152): 60, (248, 334): 60, (249, 231): 24, (249, 254): 24, (252, 141): 40, (252, 341): 40, (255, 188): 120, (255, 291): 120, (257, 207): 6, (257, 270): 6, (258, 162): 120, (258, 314): 120, (259, 109): 60, (259, 366): 60, (261, 115): 6, (261, 358): 6, (264, 163): 15, (264, 307): 15, (265, 196): 60, (265, 273): 60, (266, 31): 6, (266, 70): 6, (267, 43): 24, (267, 57): 24, (270, 114): 120, (270, 350): 120, (271, 118): 30, (271, 345): 30, (273, 20): 12, (273, 74): 12, (274, 175): 24, (274, 285): 24, (279, 135): 3, (279, 320): 3, (284, 195): 120, (284, 255): 120, (285, 177): 60, (285, 272): 60, (287, 23): 20, (287, 57): 20, (291, 85): 30, (291, 358): 30, (295, 24): 120, (295, 48): 120, (296, 140): 30, (296, 298): 30, (299, 186): 120, (299, 249): 120, (304, 159): 60, (304, 271): 60, (305, 81): 10, (305, 348): 10, (306, 121): 120, (306, 307): 120, (309, 103): 120, (309, 322): 120, (310, 180): 60, (310, 244): 60, (313, 174): 120, (313, 247): 120, (314, 138): 120, (314, 282): 120, (315, 105): 120, (315, 314): 120, (317, 96): 24, (317, 321): 24, (318, 177): 120, (318, 239): 120, (319, 3): 120, (319, 45): 120, (320, 63): 60, (320, 351): 60, (321, 9): 15, (321, 37): 15, (325, 103): 12, (325, 306): 12, (327, 63): 120, (327, 344): 120, (328, 68): 15, (328, 338): 15, (329, 58): 30, (329, 347): 30, (330, 40): 120, (330, 364): 120, (331, 101): 40, (331, 302): 40, (332, 147): 30, (332, 255): 30, (333, 147): 60, (333, 254): 60, (334, 194): 30, (334, 206): 30, (336, 193): 24, (336, 205): 24, (337, 161): 60, (337, 236): 60, (338, 104): 24, (338, 292): 24, (339, 8): 120, (339, 20): 120, (340, 40): 60, (340, 354): 60, (341, 158): 15, (341, 235): 15, (343, 165): 15, (343, 226): 15, (349, 123): 20, (349, 262): 20, (350, 142): 60, (350, 242): 60, (352, 74): 120, (352, 308): 120, (354, 140): 60, (354, 240): 60, (355, 155): 3, (355, 224): 3, (357, 22): 24, (357, 355): 24, (364, 163): 120, (364, 207): 120, (365, 18): 120, (365, 351): 120}
 
373, 360, False, 3, 120
{'infinity': 1, (0, 73): 60, (0, 300): 60, (1, 143): 60, (1, 229): 60, (4, 68): 60, (4, 301): 60, (5, 133): 120, (5, 235): 120, (7, 127): 120, (7, 239): 120, (9, 160): 30, (9, 204): 30, (12, 52): 15, (12, 309): 15, (15, 14): 120, (15, 344): 120, (16, 47): 120, (16, 310): 120, (17, 13): 40, (17, 343): 40, (22, 107): 60, (22, 244): 60, (23, 141): 120, (23, 209): 120, (25, 164): 15, (25, 184): 15, (26, 104): 120, (26, 243): 120, (29, 141): 120, (29, 203): 120, (30, 168): 24, (30, 175): 24, (31, 120): 120, (31, 222): 120, (33, 85): 24, (33, 255): 24, (35, 92): 120, (35, 246): 120, (37, 102): 60, (37, 234): 60, (41, 113): 60, (41, 219): 60, (42, 99): 120, (42, 232): 120, (45, 121): 120, (45, 207): 120, (47, 120): 120, (47, 206): 120, (50, 133): 120, (50, 190): 120, (57, 107): 15, (57, 209): 15, (58, 71): 120, (58, 244): 120, (59, 82): 6, (59, 232): 6, (61, 321): 12, (61, 364): 12, (63, 69): 30, (63, 241): 30, (67, 127): 60, (67, 179): 60, (68, 56): 30, (68, 249): 30, (70, 327): 120, (70, 349): 120, (72, 67): 120, (72, 234): 120, (75, 29): 120, (75, 269): 120, (77, 25): 120, (77, 271): 120, (78, 95): 120, (78, 200): 120, (79, 111): 60, (79, 183): 60, (80, 114): 12, (80, 179): 12, (82, 7): 3, (82, 284): 3, (91, 291): 120, (91, 364): 120, (93, 35): 15, (93, 245): 15, (95, 322): 60, (95, 329): 60, (99, 47): 120, (99, 227): 120, (101, 62): 40, (101, 210): 40, (104, 77): 120, (104, 192): 120, (105, 13): 120, (105, 255): 120, (106, 22): 120, (106, 245): 120, (109, 114): 24, (109, 150): 24, (111, 68): 30, (111, 194): 30, (113, 7): 24, (113, 253): 24, (115, 314): 8, (115, 317): 8, (118, 89): 120, (118, 166): 120, (120, 267): 30, (120, 359): 30, (121, 53): 30, (121, 199): 30, (122, 40): 120, (122, 211): 120, (126, 108): 20, (126, 139): 20, (129, 290): 4, (129, 327): 4, (130, 60): 24, (130, 183): 24, (132, 85): 40, (132, 156): 40, (133, 72): 12, (133, 168): 12, (136, 95): 6, (136, 142): 6, (139, 41): 120, (139, 193): 120, (141, 52): 120, (141, 180): 120, (146, 281): 120, (146, 319): 120, (148, 65): 3, (148, 160): 3, (150, 5): 12, (150, 218): 12, (151, 20): 120, (151, 202): 120, (154, 235): 20, (154, 357): 20, (156, 14): 40, (156, 203): 40, (157, 3): 30, (157, 213): 30, (159, 95): 120, (159, 119): 120, (164, 26): 120, (164, 183): 120, (169, 39): 15, (169, 165): 15, (170, 233): 120, (170, 343): 120, (173, 204): 120, (173, 369): 120, (174, 245): 120, (174, 327): 120, (176, 15): 15, (176, 182): 15, (177, 277): 60, (177, 292): 60, (178, 7): 24, (178, 188): 24, (184, 75): 24, (184, 114): 24, (186, 217): 6, (186, 343): 6, (187, 223): 40, (187, 336): 40, (188, 203): 60, (188, 355): 60, (189, 185): 24, (189, 372): 24, (191, 204): 24, (191, 351): 24, (196, 76): 120, (196, 101): 120, (198, 1): 15, (198, 174): 15, (199, 27): 12, (199, 147): 12, (200, 178): 120, (200, 368): 120, (202, 14): 60, (202, 157): 60, (207, 80): 120, (207, 86): 120, (208, 80): 15, (208, 85): 15, (210, 168): 24, (210, 368): 24, (212, 182): 5, (212, 352): 5, (214, 235): 120, (214, 297): 120, (215, 215): 120, (215, 316): 120, (216, 160): 30, (216, 370): 30, (218, 161): 120, (218, 367): 120, (220, 52): 120, (220, 101): 120, (221, 161): 120, (221, 364): 120, (222, 213): 30, (222, 311): 30, (223, 44): 20, (223, 106): 20, (224, 70): 30, (224, 79): 30, (225, 4): 15, (225, 144): 15, (226, 179): 10, (226, 341): 10, (228, 212): 120, (228, 306): 120, (235, 255): 15, (235, 256): 15, (237, 138): 12, (237, 371): 12, (238, 167): 30, (238, 341): 30, (239, 226): 60, (239, 281): 60, (244, 10): 24, (244, 119): 24, (245, 135): 15, (245, 366): 15, (246, 30): 15, (246, 97): 15, (249, 0): 120, (249, 124): 120, (250, 45): 120, (250, 78): 120, (251, 13): 12, (251, 109): 12, (252, 217): 30, (252, 277): 30, (255, 130): 60, (255, 361): 60, (256, 240): 60, (256, 250): 60, (257, 231): 6, (257, 258): 6, (258, 47): 60, (258, 68): 60, (260, 131): 60, (260, 355): 60, (261, 166): 24, (261, 319): 24, (264, 234): 120, (264, 248): 120, (266, 178): 24, (266, 302): 24, (271, 26): 60, (271, 76): 60, (272, 232): 120, (272, 242): 120, (276, 112): 15, (276, 358): 15, (279, 18): 120, (279, 76): 120, (280, 178): 60, (280, 288): 60, (282, 123): 3, (282, 341): 3, (284, 199): 120, (284, 263): 120, (286, 146): 120, (286, 314): 120, (287, 189): 60, (287, 270): 60, (291, 196): 60, (291, 259): 60, (293, 209): 120, (293, 244): 120, (294, 107): 12, (294, 345): 12, (295, 120): 30, (295, 331): 30, (298, 93): 10, (298, 355): 10, (299, 127): 120, (299, 320): 120, (301, 111): 120, (301, 334): 120, (302, 16): 40, (302, 55): 40, (303, 89): 40, (303, 354): 40, (304, 94): 24, (304, 348): 24, (305, 172): 60, (305, 269): 60, (307, 161): 60, (307, 278): 60, (308, 217): 15, (308, 221): 15, (311, 26): 120, (311, 36): 120, (312, 197): 120, (312, 237): 120, (316, 100): 30, (316, 330): 30, (317, 152): 60, (317, 277): 60, (318, 133): 15, (318, 295): 15, (320, 169): 40, (320, 257): 40, (321, 141): 20, (321, 284): 20, (322, 200): 120, (322, 224): 120, (323, 129): 8, (323, 294): 8, (324, 149): 60, (324, 273): 60, (325, 89): 30, (325, 332): 30, (326, 171): 120, (326, 249): 120, (328, 17): 24, (328, 28): 24, (330, 101): 60, (330, 315): 60, (331, 80): 120, (331, 335): 120, (333, 48): 60, (333, 365): 60, (336, 42): 30, (336, 368): 30, (339, 88): 60, (339, 319): 60, (341, 199): 120, (341, 206): 120, (343, 119): 60, (343, 284): 60, (345, 87): 60, (345, 314): 60, (346, 200): 2, (349, 132): 15, (349, 265): 15, (351, 113): 120, (351, 282): 120, (352, 145): 120, (352, 249): 120, (353, 177): 60, (353, 216): 60, (354, 113): 120, (354, 279): 120, (358, 182): 3, (358, 206): 3, (359, 104): 60, (359, 283): 60, (361, 104): 24, (361, 281): 24, (366, 111): 120, (366, 269): 120, (367, 166): 5, (367, 213): 5}
 
379, 378, False, 18, 21
{'infinity': 1, (0, 68): 9, (0, 311): 9, (2, 30): 63, (2, 347): 63, (3, 68): 63, (3, 308): 63, (4, 376): 63, (4, 378): 63, (5, 33): 42, (5, 341): 42, (9, 138): 126, (9, 232): 126, (17, 370): 63, (17, 371): 63, (21, 166): 126, (21, 192): 126, (25, 122): 18, (25, 232): 18, (26, 15): 42, (26, 338): 42, (27, 148): 63, (27, 204): 63, (30, 144): 42, (30, 205): 42, (31, 88): 126, (31, 260): 126, (32, 80): 63, (32, 267): 63, (34, 135): 7, (34, 210): 7, (35, 7): 42, (35, 337): 42, (36, 344): 21, (36, 378): 21, (37, 154): 126, (37, 188): 126, (38, 72): 126, (38, 269): 126, (40, 89): 63, (40, 250): 63, (42, 79): 63, (42, 258): 63, (44, 113): 126, (44, 222): 126, (45, 42): 63, (45, 292): 63, (47, 145): 126, (47, 187): 126, (48, 79): 63, (48, 252): 63, (50, 49): 126, (50, 280): 126, (51, 120): 126, (51, 208): 126, (54, 351): 21, (54, 353): 21, (55, 59): 63, (55, 265): 63, (57, 324): 21, (57, 377): 21, (58, 159): 21, (58, 162): 21, (59, 113): 21, (59, 207): 21, (62, 9): 63, (62, 308): 63, (63, 37): 126, (63, 279): 126, (64, 72): 63, (64, 243): 63, (65, 5): 63, (65, 309): 63, (67, 103): 6, (67, 209): 6, (68, 29): 42, (68, 282): 42, (70, 10): 21, (70, 299): 21, (71, 95): 63, (71, 213): 63, (76, 67): 42, (76, 236): 42, (78, 24): 21, (78, 277): 21, (84, 106): 3, (84, 189): 3, (86, 97): 14, (86, 196): 14, (88, 91): 63, (88, 200): 63, (90, 112): 126, (90, 177): 126, (91, 305): 126, (91, 362): 126, (92, 67): 63, (92, 220): 63, (94, 36): 126, (94, 249): 126, (95, 119): 126, (95, 165): 126, (98, 16): 21, (98, 265): 21, (100, 30): 126, (100, 249): 126, (101, 109): 6, (101, 169): 6, (104, 64): 21, (104, 211): 21, (105, 317): 63, (105, 336): 63, (109, 106): 18, (109, 164): 18, (112, 11): 42, (112, 256): 42, (116, 306): 21, (116, 336): 21, (117, 298): 7, (117, 343): 7, (119, 24): 63, (119, 236): 63, (121, 267): 21, (121, 370): 21, (123, 114): 126, (123, 142): 126, (124, 34): 21, (124, 221): 21, (128, 32): 63, (128, 219): 63, (129, 75): 9, (129, 175): 9, (130, 278): 42, (130, 350): 42, (131, 260): 18, (131, 367): 18, (135, 268): 14, (135, 355): 14, (137, 297): 9, (137, 324): 9, (138, 247): 6, (138, 373): 6, (139, 31): 126, (139, 209): 126, (141, 61): 126, (141, 177): 126, (142, 70): 63, (142, 167): 63, (147, 15): 9, (147, 217): 9, (148, 54): 21, (148, 177): 21, (151, 43): 9, (151, 185): 9, (152, 59): 42, (152, 168): 42, (154, 105): 126, (154, 120): 126, (155, 255): 63, (155, 348): 63, (156, 1): 63, (156, 222): 63, (158, 264): 9, (158, 336): 9, (161, 238): 126, (161, 359): 126, (168, 262): 126, (168, 328): 126, (169, 251): 63, (169, 338): 63, (172, 59): 126, (172, 148): 126, (173, 209): 63, (173, 376): 63, (174, 85): 63, (174, 120): 63, (179, 222): 42, (179, 357): 42, (180, 51): 42, (180, 148): 42, (181, 202): 63, (181, 375): 63, (182, 24): 9, (182, 173): 9, (184, 236): 18, (184, 338): 18, (185, 249): 63, (185, 324): 63, (186, 87): 18, (186, 106): 18, (189, 57): 63, (189, 133): 63, (192, 226): 42, (192, 340): 42, (195, 234): 3, (195, 329): 3, (198, 273): 126, (198, 287): 126, (200, 190): 63, (200, 368): 63, (202, 180): 21, (202, 376): 21, (204, 47): 63, (204, 128): 63, (206, 15): 126, (206, 158): 126, (207, 229): 126, (207, 322): 126, (209, 203): 126, (209, 346): 126, (211, 67): 126, (211, 101): 126, (213, 254): 126, (213, 291): 126, (215, 239): 42, (215, 304): 42, (216, 224): 126, (216, 318): 126, (217, 260): 21, (217, 281): 21, (220, 73): 126, (220, 86): 126, (221, 180): 126, (221, 357): 126, (222, 57): 63, (222, 100): 63, (225, 191): 42, (225, 342): 42, (226, 265): 63, (226, 267): 63, (227, 224): 42, (227, 307): 42, (229, 3): 21, (229, 147): 21, (230, 21): 126, (230, 128): 126, (231, 46): 126, (231, 102): 126, (232, 197): 126, (232, 329): 126, (235, 14): 21, (235, 130): 21, (237, 231): 126, (237, 290): 126, (238, 51): 42, (238, 90): 42, (239, 198): 18, (239, 321): 18, (241, 147): 63, (241, 370): 63, (243, 6): 126, (243, 130): 126, (244, 225): 9, (244, 289): 9, (246, 186): 63, (246, 326): 63, (248, 137): 21, (248, 373): 21, (249, 43): 21, (249, 87): 21, (256, 206): 14, (256, 296): 14, (258, 44): 21, (258, 77): 21, (262, 218): 126, (262, 278): 126, (269, 114): 42, (269, 375): 42, (271, 239): 18, (271, 248): 18, (272, 239): 63, (272, 247): 63, (276, 113): 126, (276, 369): 126, (277, 30): 42, (277, 72): 42, (279, 216): 21, (279, 263): 21, (280, 130): 18, (280, 348): 18, (281, 22): 42, (281, 76): 42, (282, 164): 21, (282, 312): 21, (284, 184): 63, (284, 290): 63, (286, 117): 3, (286, 355): 3, (287, 104): 126, (287, 367): 126, (288, 147): 63, (288, 323): 63, (289, 11): 21, (289, 79): 21, (295, 143): 42, (295, 320): 42, (300, 199): 63, (300, 259): 63, (301, 182): 42, (301, 275): 42, (302, 92): 63, (302, 364): 63, (304, 17): 63, (304, 58): 63, (308, 75): 126, (308, 375): 126, (309, 172): 63, (309, 277): 63, (312, 170): 126, (312, 276): 126, (314, 136): 63, (314, 308): 63, (315, 219): 63, (315, 224): 63, (317, 220): 21, (317, 221): 21, (318, 134): 126, (318, 306): 126, (319, 124): 3, (319, 315): 3, (321, 75): 126, (321, 362): 126, (323, 87): 126, (323, 348): 126, (324, 128): 126, (324, 306): 126, (325, 189): 63, (325, 244): 63, (329, 214): 63, (329, 215): 63, (331, 98): 126, (331, 329): 126, (333, 60): 126, (333, 365): 126, (335, 180): 18, (335, 243): 18, (337, 66): 42, (337, 355): 42, (339, 41): 63, (339, 378): 63, (340, 51): 7, (340, 367): 7, (341, 160): 126, (341, 257): 126, (343, 127): 126, (343, 288): 126, (345, 181): 63, (345, 232): 63, (346, 50): 63, (346, 362): 63, (347, 57): 63, (347, 354): 63, (348, 163): 126, (348, 247): 126, (349, 189): 63, (349, 220): 63, (352, 55): 42, (352, 351): 42, (357, 11): 2, (358, 43): 63, (358, 357): 63, (359, 156): 126, (359, 243): 126, (364, 28): 6, (364, 366): 6, (366, 114): 9, (366, 278): 9, (367, 164): 126, (367, 227): 126, (371, 110): 63, (371, 277): 63, (372, 13): 42, (372, 373): 42, (374, 23): 126, (374, 361): 126, (375, 38): 126, (375, 345): 126, (376, 68): 63, (376, 314): 63}
 
383, 369, True, 9, 41
{'infinity': 1, (2, 52): 123, (2, 329): 123, (3, 24): 369, (3, 356): 369, (4, 98): 123, (4, 281): 123, (6, 141): 369, (6, 236): 369, (7, 184): 369, (7, 192): 369, (9, 19): 369, (9, 355): 369, (12, 374): 369, (12, 380): 369, (16, 154): 369, (16, 213): 369, (18, 58): 123, (18, 307): 123, (19, 99): 41, (19, 265): 41, (21, 67): 123, (21, 295): 123, (23, 145): 369, (23, 215): 369, (26, 79): 123, (26, 278): 123, (27, 149): 369, (27, 207): 369, (29, 137): 369, (29, 217): 369, (30, 362): 369, (30, 374): 369, (36, 163): 123, (36, 184): 123, (37, 80): 369, (37, 266): 369, (40, 2): 369, (40, 341): 369, (41, 349): 369, (41, 376): 369, (44, 40): 369, (44, 299): 369, (45, 161): 369, (45, 177): 369, (46, 1): 369, (46, 336): 369, (47, 72): 123, (47, 264): 123, (49, 26): 369, (49, 308): 369, (50, 96): 41, (50, 237): 41, (54, 332): 369, (54, 380): 369, (57, 350): 369, (57, 359): 369, (58, 77): 369, (58, 248): 369, (61, 336): 369, (61, 369): 369, (62, 124): 369, (62, 197): 369, (66, 56): 369, (66, 261): 369, (68, 97): 123, (68, 218): 123, (69, 148): 123, (69, 166): 123, (70, 0): 369, (70, 313): 369, (71, 98): 369, (71, 214): 369, (74, 151): 369, (74, 158): 369, (76, 126): 369, (76, 181): 369, (77, 331): 369, (77, 358): 369, (80, 141): 369, (80, 162): 369, (83, 6): 41, (83, 294): 41, (85, 103): 369, (85, 195): 369, (87, 44): 123, (87, 252): 123, (90, 8): 369, (90, 285): 369, (91, 138): 41, (91, 154): 41, (97, 103): 41, (97, 183): 41, (98, 291): 123, (98, 377): 123, (101, 89): 123, (101, 193): 123, (104, 311): 369, (104, 351): 369, (110, 120): 123, (110, 153): 123, (112, 89): 123, (112, 182): 123, (115, 324): 369, (115, 327): 369, (116, 117): 9, (116, 150): 9, (119, 306): 369, (119, 341): 369, (123, 298): 123, (123, 345): 123, (124, 285): 123, (124, 357): 123, (127, 261): 123, (127, 378): 123, (128, 86): 369, (128, 169): 369, (131, 277): 123, (131, 358): 123, (139, 299): 369, (139, 328): 369, (141, 281): 369, (141, 344): 369, (143, 258): 369, (143, 365): 369, (144, 262): 369, (144, 360): 369, (145, 288): 123, (145, 333): 123, (146, 69): 369, (146, 168): 369, (147, 104): 369, (147, 132): 369, (148, 84): 123, (148, 151): 123, (149, 101): 369, (149, 133): 369, (151, 108): 369, (151, 124): 369, (153, 231): 123, (153, 382): 123, (155, 282): 9, (155, 329): 9, (156, 79): 369, (156, 148): 369, (158, 77): 369, (158, 148): 369, (159, 53): 369, (159, 171): 369, (161, 71): 369, (161, 151): 369, (163, 295): 41, (163, 308): 41, (165, 22): 369, (165, 196): 369, (166, 52): 9, (166, 165): 9, (167, 77): 369, (167, 139): 369, (169, 285): 369, (169, 312): 369, (170, 89): 41, (170, 124): 41, (171, 287): 369, (171, 308): 369, (173, 11): 369, (173, 199): 369, (174, 37): 369, (174, 172): 369, (175, 233): 369, (175, 358): 369, (177, 280): 369, (177, 309): 369, (178, 87): 41, (178, 118): 41, (181, 28): 369, (181, 174): 369, (187, 74): 369, (187, 122): 369, (188, 39): 41, (188, 156): 41, (190, 261): 369, (190, 315): 369, (191, 57): 369, (191, 135): 369, (192, 55): 369, (192, 136): 369, (194, 251): 369, (194, 321): 369, (195, 41): 369, (195, 147): 369, (198, 45): 369, (198, 140): 369, (199, 272): 123, (199, 295): 123, (200, 267): 123, (200, 299): 123, (201, 79): 369, (201, 103): 369, (205, 4): 369, (205, 174): 369, (211, 16): 369, (211, 156): 369, (214, 76): 369, (214, 93): 369, (215, 52): 369, (215, 116): 369, (216, 20): 369, (216, 147): 369, (217, 36): 123, (217, 130): 123, (218, 70): 369, (218, 95): 369, (222, 45): 369, (222, 116): 369, (223, 191): 41, (223, 352): 41, (224, 201): 369, (224, 341): 369, (226, 211): 369, (226, 329): 369, (227, 27): 369, (227, 129): 369, (229, 41): 123, (229, 113): 123, (235, 4): 123, (235, 144): 123, (238, 247): 369, (238, 281): 369, (239, 230): 369, (239, 297): 369, (241, 13): 369, (241, 129): 369, (243, 202): 369, (243, 321): 369, (244, 65): 123, (244, 74): 123, (246, 18): 369, (246, 119): 369, (253, 3): 369, (253, 127): 369, (255, 173): 123, (255, 338): 123, (261, 38): 123, (261, 84): 123, (263, 16): 369, (263, 104): 369, (264, 240): 369, (264, 262): 369, (266, 224): 369, (266, 276): 369, (272, 10): 369, (272, 101): 369, (275, 143): 369, (275, 348): 369, (276, 154): 369, (276, 336): 369, (279, 160): 369, (279, 327): 369, (281, 49): 123, (281, 53): 123, (283, 208): 369, (283, 275): 369, (285, 108): 369, (285, 373): 369, (287, 170): 369, (287, 309): 369, (290, 11): 41, (290, 82): 41, (291, 169): 369, (291, 306): 369, (292, 16): 41, (292, 75): 41, (294, 105): 369, (294, 367): 369, (297, 141): 369, (297, 328): 369, (298, 129): 369, (298, 339): 369, (302, 155): 123, (302, 309): 123, (303, 11): 369, (303, 69): 369, (306, 123): 369, (306, 337): 369, (307, 102): 369, (307, 357): 369, (308, 98): 369, (308, 360): 369, (311, 138): 41, (311, 317): 41, (314, 92): 123, (314, 360): 123, (316, 187): 369, (316, 263): 369, (317, 69): 41, (317, 380): 41, (321, 15): 369, (321, 47): 369, (326, 4): 369, (326, 53): 369, (329, 116): 123, (329, 321): 123, (330, 108): 123, (330, 328): 123, (331, 166): 369, (331, 269): 369, (335, 74): 369, (335, 357): 369, (336, 112): 369, (336, 318): 369, (338, 96): 369, (338, 332): 369, (340, 184): 369, (340, 242): 369, (341, 51): 123, (341, 374): 123, (342, 0): 369, (342, 41): 369, (345, 101): 41, (345, 320): 41, (346, 45): 41, (346, 375): 41, (347, 169): 369, (347, 250): 369, (350, 111): 369, (350, 305): 369, (352, 186): 369, (352, 228): 369, (354, 0): 123, (354, 29): 123, (355, 147): 123, (355, 264): 123, (356, 104): 41, (356, 306): 41, (357, 84): 41, (357, 325): 41, (358, 146): 3, (358, 262): 3, (360, 40): 41, (360, 366): 41, (362, 40): 369, (362, 364): 369, (364, 138): 41, (364, 264): 41, (365, 85): 123, (365, 316): 123, (366, 166): 369, (366, 234): 369, (367, 156): 369, (367, 243): 369, (368, 145): 369, (368, 253): 369, (369, 194): 369, (369, 203): 369, (372, 67): 369, (372, 327): 369, (373, 67): 369, (373, 326): 369, (374, 60): 123, (374, 332): 123, (375, 145): 123, (375, 246): 123, (378, 96): 369, (378, 292): 369, (380, 174): 369, (380, 212): 369, (381, 175): 369, (381, 210): 369}
 
389, 396, False, 18, 22
{'infinity': 1, (0, 137): 33, (0, 252): 33, (1, 127): 198, (1, 261): 198, (3, 142): 198, (3, 244): 198, (4, 83): 198, (4, 302): 198, (5, 189): 198, (5, 195): 198, (6, 169): 198, (6, 214): 198, (7, 80): 18, (7, 302): 18, (9, 35): 9, (9, 345): 9, (10, 5): 198, (10, 374): 198, (11, 75): 18, (11, 303): 18, (14, 45): 66, (14, 330): 66, (16, 59): 198, (16, 314): 198, (17, 127): 66, (17, 245): 66, (19, 36): 22, (19, 334): 22, (22, 32): 198, (22, 335): 198, (24, 160): 99, (24, 205): 99, (25, 182): 2, (26, 129): 99, (26, 234): 99, (27, 96): 198, (27, 266): 198, (33, 52): 22, (33, 304): 22, (35, 17): 198, (35, 337): 198, (36, 71): 99, (36, 282): 99, (37, 142): 198, (37, 210): 198, (39, 6): 66, (39, 344): 66, (40, 150): 66, (40, 199): 66, (43, 126): 198, (43, 220): 198, (44, 109): 198, (44, 236): 198, (47, 28): 198, (47, 314): 198, (49, 22): 18, (49, 318): 18, (51, 95): 198, (51, 243): 198, (52, 114): 18, (52, 223): 18, (53, 53): 198, (53, 283): 198, (54, 343): 66, (54, 381): 66, (62, 42): 198, (62, 285): 198, (64, 102): 66, (64, 223): 66, (65, 11): 198, (65, 313): 198, (66, 52): 22, (66, 271): 22, (67, 333): 66, (67, 378): 66, (68, 350): 198, (68, 360): 198, (70, 158): 198, (70, 161): 198, (71, 321): 198, (71, 386): 198, (73, 60): 198, (73, 256): 198, (74, 56): 66, (74, 259): 66, (75, 326): 198, (75, 377): 198, (79, 67): 66, (79, 243): 66, (80, 27): 99, (80, 282): 99, (81, 66): 66, (81, 242): 66, (83, 114): 99, (83, 192): 99, (86, 316): 198, (86, 376): 198, (88, 45): 33, (88, 256): 33, (89, 25): 198, (89, 275): 198, (92, 22): 99, (92, 275): 99, (97, 303): 22, (97, 378): 22, (98, 67): 198, (98, 224): 198, (99, 319): 99, (99, 360): 99, (101, 30): 18, (101, 258): 18, (102, 78): 6, (102, 209): 6, (103, 42): 33, (103, 244): 33, (104, 40): 66, (104, 245): 66, (106, 81): 99, (106, 202): 99, (108, 56): 198, (108, 225): 198, (109, 99): 22, (109, 181): 22, (112, 326): 99, (112, 340): 99, (113, 130): 198, (113, 146): 198, (115, 296): 198, (115, 367): 198, (119, 130): 9, (119, 140): 9, (121, 290): 198, (121, 367): 198, (122, 271): 198, (122, 385): 198, (123, 9): 198, (123, 257): 198, (126, 312): 198, (126, 340): 198, (127, 288): 99, (127, 363): 99, (128, 274): 18, (128, 376): 18, (131, 68): 11, (131, 190): 11, (132, 261): 198, (132, 385): 198, (134, 97): 198, (134, 158): 198, (135, 258): 66, (135, 385): 66, (136, 43): 33, (136, 210): 33, (137, 300): 33, (137, 341): 33, (139, 124): 99, (139, 126): 99, (140, 75): 198, (140, 174): 198, (141, 317): 66, (141, 320): 66, (142, 13): 33, (142, 234): 33, (150, 77): 99, (150, 162): 99, (151, 287): 22, (151, 340): 22, (152, 60): 66, (152, 177): 66, (153, 258): 198, (153, 367): 198, (157, 102): 66, (157, 130): 66, (158, 111): 198, (158, 120): 198, (164, 60): 198, (164, 165): 198, (166, 39): 198, (166, 184): 198, (167, 267): 18, (167, 344): 18, (168, 102): 22, (168, 119): 22, (169, 229): 99, (169, 380): 99, (171, 62): 198, (171, 156): 198, (175, 227): 99, (175, 376): 99, (176, 240): 6, (176, 362): 6, (179, 44): 66, (179, 166): 66, (181, 239): 198, (181, 358): 198, (183, 251): 198, (183, 344): 198, (184, 269): 66, (184, 325): 66, (185, 46): 198, (185, 158): 198, (186, 34): 22, (186, 169): 22, (187, 8): 66, (187, 194): 66, (189, 41): 99, (189, 159): 99, (190, 246): 66, (190, 342): 66, (194, 73): 33, (194, 122): 33, (197, 23): 198, (197, 169): 198, (198, 57): 99, (198, 134): 99, (199, 51): 66, (199, 139): 66, (201, 271): 99, (201, 306): 99, (202, 250): 198, (202, 326): 198, (203, 79): 198, (203, 107): 198, (204, 268): 9, (204, 306): 9, (205, 92): 2, (207, 56): 198, (207, 126): 198, (208, 275): 198, (208, 295): 198, (212, 67): 99, (212, 110): 99, (215, 70): 198, (215, 104): 198, (216, 210): 18, (216, 352): 18, (220, 34): 198, (220, 135): 198, (221, 234): 99, (221, 323): 99, (222, 196): 66, (222, 360): 66, (224, 42): 198, (224, 123): 198, (225, 175): 66, (225, 378): 66, (226, 20): 22, (226, 143): 22, (227, 8): 198, (227, 154): 198, (228, 256): 198, (228, 294): 198, (229, 238): 66, (229, 311): 66, (232, 37): 198, (232, 120): 198, (234, 64): 198, (234, 91): 198, (237, 18): 66, (237, 134): 66, (238, 75): 198, (238, 76): 198, (248, 22): 198, (248, 119): 198, (250, 49): 99, (250, 90): 99, (252, 44): 22, (252, 93): 22, (254, 21): 198, (254, 114): 198, (256, 261): 2, (257, 152): 99, (257, 369): 99, (259, 243): 198, (259, 276): 198, (262, 26): 198, (262, 101): 198, (265, 33): 18, (265, 91): 18, (268, 245): 22, (268, 265): 22, (272, 206): 33, (272, 300): 33, (273, 223): 99, (273, 282): 99, (275, 250): 198, (275, 253): 198, (276, 139): 198, (276, 363): 198, (277, 2): 66, (277, 110): 66, (278, 213): 198, (278, 287): 198, (279, 19): 198, (279, 91): 198, (280, 190): 198, (280, 308): 198, (281, 194): 99, (281, 303): 99, (282, 232): 198, (282, 264): 198, (283, 244): 198, (283, 251): 198, (287, 45): 22, (287, 57): 22, (289, 110): 198, (289, 379): 198, (290, 47): 22, (290, 52): 22, (292, 29): 11, (292, 68): 11, (293, 39): 198, (293, 57): 198, (294, 159): 198, (294, 325): 198, (295, 159): 66, (295, 324): 66, (296, 99): 66, (296, 383): 66, (299, 40): 66, (299, 50): 66, (300, 153): 99, (300, 325): 99, (301, 227): 99, (301, 250): 99, (302, 227): 99, (302, 249): 99, (303, 139): 198, (303, 336): 198, (304, 125): 198, (304, 349): 198, (307, 172): 198, (307, 299): 198, (310, 194): 198, (310, 274): 198, (312, 215): 198, (312, 251): 198, (316, 97): 198, (316, 365): 198, (318, 144): 99, (318, 316): 99, (319, 31): 33, (319, 39): 33, (326, 138): 66, (326, 314): 66, (328, 97): 198, (328, 353): 198, (334, 0): 11, (334, 55): 11, (340, 164): 66, (340, 274): 66, (343, 134): 198, (343, 301): 198, (347, 44): 3, (347, 387): 3, (349, 142): 99, (349, 287): 99, (353, 208): 198, (353, 217): 198, (355, 68): 11, (355, 355): 11, (359, 178): 198, (359, 241): 198, (360, 87): 22, (360, 331): 22, (362, 119): 99, (362, 297): 99, (364, 8): 198, (364, 17): 198, (365, 109): 198, (365, 304): 198, (367, 190): 198, (367, 221): 198, (369, 109): 11, (369, 300): 11, (371, 127): 198, (371, 280): 198, (372, 34): 198, (372, 372): 198, (373, 99): 33, (373, 306): 33, (374, 88): 6, (374, 316): 6, (375, 40): 22, (375, 363): 22, (377, 86): 198, (377, 315): 198, (378, 98): 99, (378, 302): 99, (379, 17): 198, (379, 382): 198, (380, 94): 198, (380, 304): 198, (388, 120): 198, (388, 270): 198}
 
397, 396, False, 18, 22
{'infinity': 1, (0, 99): 66, (0, 298): 66, (1, 70): 66, (1, 326): 66, (3, 134): 66, (3, 260): 66, (4, 146): 66, (4, 247): 66, (5, 162): 33, (5, 230): 33, (6, 128): 33, (6, 263): 33, (8, 64): 66, (8, 325): 66, (10, 128): 66, (10, 259): 66, (12, 47): 66, (12, 338): 66, (14, 71): 6, (14, 312): 6, (16, 5): 66, (16, 376): 66, (17, 3): 66, (17, 377): 66, (19, 90): 66, (19, 288): 66, (23, 77): 66, (23, 297): 66, (25, 51): 66, (25, 321): 66, (26, 177): 66, (26, 194): 66, (28, 145): 6, (28, 224): 6, (29, 33): 66, (29, 335): 66, (31, 99): 66, (31, 267): 66, (33, 113): 66, (33, 251): 66, (36, 73): 66, (36, 288): 66, (37, 129): 66, (37, 231): 66, (38, 367): 66, (38, 389): 66, (41, 37): 66, (41, 319): 66, (43, 89): 33, (43, 265): 33, (46, 69): 66, (46, 282): 66, (47, 125): 66, (47, 225): 66, (51, 115): 66, (51, 231): 66, (54, 351): 66, (54, 389): 66, (55, 170): 66, (55, 172): 66, (61, 50): 33, (61, 286): 33, (62, 21): 66, (62, 314): 66, (66, 17): 66, (66, 314): 66, (68, 32): 11, (68, 297): 11, (71, 37): 33, (71, 289): 33, (72, 106): 66, (72, 219): 66, (75, 19): 33, (75, 303): 33, (76, 355): 3, (76, 363): 3, (79, 323): 66, (79, 392): 66, (80, 59): 66, (80, 258): 66, (84, 55): 66, (84, 258): 66, (85, 86): 66, (85, 226): 66, (86, 62): 33, (86, 249): 33, (87, 155): 2, (89, 5): 66, (89, 303): 66, (90, 336): 3, (90, 368): 3, (91, 19): 33, (91, 287): 33, (94, 59): 66, (94, 244): 66, (95, 311): 66, (95, 388): 66, (99, 25): 22, (99, 273): 22, (100, 114): 22, (100, 183): 22, (102, 319): 66, (102, 373): 66, (103, 65): 22, (103, 229): 22, (106, 15): 33, (106, 276): 33, (108, 126): 22, (108, 163): 22, (110, 321): 33, (110, 363): 33, (112, 305): 33, (112, 377): 33, (117, 73): 66, (117, 207): 66, (121, 32): 33, (121, 244): 33, (122, 96): 33, (122, 179): 33, (123, 115): 66, (123, 159): 66, (125, 301): 66, (125, 368): 66, (128, 301): 66, (128, 365): 66, (130, 272): 33, (130, 392): 33, (132, 300): 66, (132, 362): 66, (135, 316): 22, (135, 343): 22, (137, 328): 66, (137, 329): 66, (139, 97): 6, (139, 161): 6, (140, 62): 66, (140, 195): 66, (141, 110): 66, (141, 146): 66, (144, 301): 66, (144, 349): 66, (145, 63): 66, (145, 189): 66, (147, 68): 66, (147, 182): 66, (149, 298): 66, (149, 347): 66, (150, 249): 66, (150, 395): 66, (151, 40): 66, (151, 206): 66, (152, 11): 22, (152, 234): 22, (153, 287): 66, (153, 354): 66, (157, 101): 6, (157, 139): 6, (161, 249): 22, (161, 384): 22, (163, 307): 33, (163, 324): 33, (167, 111): 66, (167, 119): 66, (168, 243): 33, (168, 383): 33, (170, 102): 3, (170, 125): 3, (171, 62): 6, (171, 164): 6, (172, 76): 33, (172, 149): 33, (175, 262): 66, (175, 357): 66, (176, 29): 6, (176, 192): 6, (178, 255): 33, (178, 361): 33, (180, 92): 66, (180, 125): 66, (182, 244): 66, (182, 368): 66, (184, 223): 66, (184, 387): 66, (186, 212): 33, (186, 396): 33, (187, 39): 33, (187, 171): 33, (188, 214): 66, (188, 392): 66, (191, 83): 66, (191, 123): 66, (192, 264): 66, (192, 338): 66, (193, 263): 3, (193, 338): 3, (195, 268): 66, (195, 331): 66, (197, 100): 2, (198, 263): 11, (198, 333): 11, (202, 54): 22, (202, 141): 22, (205, 279): 6, (205, 310): 6, (208, 32): 33, (208, 157): 33, (209, 12): 33, (209, 176): 33, (211, 220): 33, (211, 363): 33, (212, 291): 2, (213, 233): 33, (213, 348): 33, (214, 246): 6, (214, 334): 6, (215, 257): 66, (215, 322): 66, (216, 188): 33, (216, 390): 33, (218, 56): 66, (218, 123): 66, (219, 80): 66, (219, 98): 66, (220, 222): 22, (220, 352): 22, (221, 223): 66, (221, 350): 66, (223, 59): 11, (223, 115): 11, (224, 66): 33, (224, 107): 33, (228, 275): 33, (228, 291): 33, (229, 52): 66, (229, 116): 66, (230, 30): 66, (230, 137): 66, (231, 19): 33, (231, 147): 33, (232, 23): 66, (232, 142): 66, (233, 258): 66, (233, 303): 66, (240, 275): 66, (240, 279): 66, (241, 12): 33, (241, 144): 33, (242, 20): 6, (242, 135): 6, (243, 7): 66, (243, 147): 66, (244, 73): 66, (244, 80): 66, (248, 248): 66, (248, 298): 66, (249, 197): 66, (249, 348): 66, (250, 10): 66, (250, 137): 66, (252, 146): 66, (252, 396): 66, (253, 68): 66, (253, 76): 66, (254, 221): 33, (254, 319): 33, (258, 182): 66, (258, 354): 66, (262, 211): 66, (262, 321): 66, (263, 211): 66, (263, 320): 66, (264, 173): 22, (264, 357): 22, (265, 10): 66, (265, 122): 66, (268, 149): 22, (268, 377): 22, (269, 211): 66, (269, 314): 66, (270, 11): 66, (270, 116): 66, (272, 53): 66, (272, 72): 66, (273, 22): 66, (273, 102): 66, (279, 10): 33, (279, 108): 33, (280, 38): 22, (280, 79): 22, (281, 164): 66, (281, 349): 66, (283, 133): 66, (283, 378): 66, (284, 232): 66, (284, 278): 66, (285, 37): 66, (285, 75): 66, (288, 202): 33, (288, 304): 33, (291, 174): 6, (291, 329): 6, (292, 5): 22, (292, 100): 22, (294, 9): 33, (294, 94): 33, (295, 116): 66, (295, 383): 66, (301, 156): 66, (301, 337): 66, (305, 100): 11, (305, 389): 11, (306, 191): 66, (306, 297): 66, (307, 235): 66, (307, 252): 66, (309, 231): 22, (309, 254): 22, (314, 137): 66, (314, 343): 66, (316, 36): 33, (316, 45): 33, (317, 204): 33, (317, 273): 33, (320, 147): 66, (320, 327): 66, (322, 161): 66, (322, 311): 66, (326, 193): 66, (326, 275): 66, (329, 165): 66, (329, 300): 66, (331, 80): 66, (331, 383): 66, (332, 114): 66, (332, 348): 66, (333, 161): 33, (333, 300): 33, (340, 26): 66, (340, 31): 66, (342, 164): 66, (342, 288): 66, (344, 12): 33, (344, 41): 33, (345, 106): 66, (345, 343): 66, (347, 178): 66, (347, 269): 66, (348, 160): 33, (348, 286): 33, (349, 166): 66, (349, 279): 66, (351, 102): 66, (351, 341): 66, (354, 149): 66, (354, 291): 66, (355, 82): 6, (355, 357): 6, (356, 42): 66, (356, 396): 66, (358, 175): 66, (358, 261): 66, (359, 151): 66, (359, 284): 66, (360, 168): 33, (360, 266): 33, (362, 114): 66, (362, 318): 66, (366, 99): 11, (366, 329): 11, (369, 76): 66, (369, 349): 66, (370, 43): 66, (370, 381): 66, (372, 11): 66, (372, 14): 66, (374, 205): 66, (374, 215): 66, (377, 106): 66, (377, 311): 66, (378, 143): 66, (378, 273): 66, (381, 128): 66, (381, 285): 66, (382, 138): 66, (382, 274): 66, (383, 57): 66, (383, 354): 66, (385, 123): 33, (385, 286): 33, (389, 182): 6, (389, 223): 6, (390, 154): 22, (390, 250): 22, (394, 68): 66, (394, 332): 66}
 
401, 411, True, 3, 137
{'infinity': 1, (0, 197): 411, (0, 204): 411, (2, 51): 411, (2, 348): 411, (3, 16): 411, (3, 382): 411, (7, 175): 411, (7, 219): 411, (8, 124): 411, (8, 269): 411, (11, 111): 411, (11, 279): 411, (12, 50): 137, (12, 339): 137, (13, 83): 137, (13, 305): 137, (15, 177): 411, (15, 209): 411, (18, 40): 137, (18, 343): 137, (21, 136): 411, (21, 244): 411, (22, 49): 411, (22, 330): 411, (23, 6): 411, (23, 372): 411, (25, 71): 411, (25, 305): 411, (26, 145): 411, (26, 230): 411, (28, 96): 411, (28, 277): 411, (30, 157): 411, (30, 214): 411, (31, 80): 411, (31, 290): 411, (33, 24): 411, (33, 344): 411, (34, 112): 411, (34, 255): 411, (36, 133): 137, (36, 232): 137, (40, 119): 411, (40, 242): 411, (41, 11): 137, (41, 349): 137, (44, 358): 411, (44, 400): 411, (46, 80): 411, (46, 275): 411, (48, 47): 137, (48, 306): 137, (49, 78): 137, (49, 274): 137, (50, 54): 137, (50, 297): 137, (52, 6): 137, (52, 343): 137, (53, 94): 137, (53, 254): 137, (56, 25): 411, (56, 320): 411, (59, 114): 411, (59, 228): 411, (60, 4): 411, (60, 337): 411, (61, 165): 411, (61, 175): 411, (62, 43): 411, (62, 296): 411, (64, 98): 411, (64, 239): 411, (65, 338): 137, (65, 399): 137, (66, 124): 411, (66, 211): 411, (70, 22): 137, (70, 309): 137, (72, 55): 411, (72, 274): 411, (73, 87): 411, (73, 241): 411, (74, 146): 411, (74, 181): 411, (77, 48): 411, (77, 276): 411, (81, 109): 137, (81, 211): 137, (82, 133): 137, (82, 186): 137, (83, 129): 411, (83, 189): 411, (85, 349): 411, (85, 368): 411, (87, 337): 137, (87, 378): 137, (91, 65): 411, (91, 245): 411, (93, 69): 137, (93, 239): 137, (96, 12): 411, (96, 293): 411, (97, 101): 137, (97, 203): 137, (99, 304): 137, (99, 399): 137, (104, 324): 411, (104, 374): 411, (105, 56): 137, (105, 240): 137, (106, 70): 137, (106, 225): 137, (107, 123): 411, (107, 171): 411, (108, 122): 137, (108, 171): 137, (109, 36): 137, (109, 256): 137, (110, 296): 411, (110, 396): 411, (111, 46): 137, (111, 244): 137, (115, 139): 137, (115, 147): 137, (116, 321): 411, (116, 365): 411, (117, 99): 411, (117, 185): 411, (126, 90): 137, (126, 185): 137, (127, 33): 411, (127, 241): 411, (129, 304): 411, (129, 369): 411, (132, 120): 411, (132, 149): 411, (134, 102): 411, (134, 165): 411, (135, 1): 411, (135, 265): 411, (136, 22): 411, (136, 243): 411, (138, 309): 411, (138, 355): 411, (139, 114): 137, (139, 148): 137, (141, 18): 411, (141, 242): 411, (144, 277): 411, (144, 381): 411, (145, 322): 411, (145, 335): 411, (146, 312): 137, (146, 344): 137, (147, 35): 411, (147, 219): 411, (148, 281): 411, (148, 373): 411, (150, 59): 411, (150, 192): 411, (151, 313): 411, (151, 338): 411, (153, 116): 411, (153, 132): 411, (156, 249): 411, (156, 397): 411, (157, 259): 137, (157, 386): 137, (158, 58): 411, (158, 185): 411, (164, 92): 411, (164, 145): 411, (165, 49): 411, (165, 187): 411, (166, 254): 137, (166, 382): 137, (171, 95): 137, (171, 135): 137, (173, 304): 411, (173, 325): 411, (176, 267): 411, (176, 359): 411, (177, 66): 137, (177, 158): 137, (180, 261): 411, (180, 361): 411, (182, 254): 137, (182, 366): 137, (185, 279): 411, (185, 338): 411, (186, 44): 411, (186, 171): 411, (187, 298): 411, (187, 317): 411, (188, 221): 3, (188, 393): 3, (191, 236): 411, (191, 375): 411, (192, 262): 411, (192, 348): 411, (193, 300): 411, (193, 309): 411, (195, 22): 411, (195, 184): 411, (198, 268): 411, (198, 336): 411, (200, 28): 411, (200, 173): 411, (201, 241): 411, (201, 360): 411, (202, 282): 411, (202, 318): 411, (203, 84): 411, (203, 114): 411, (205, 279): 137, (205, 318): 137, (206, 30): 411, (206, 165): 411, (207, 247): 137, (207, 348): 137, (210, 207): 411, (210, 385): 411, (211, 45): 137, (211, 145): 137, (214, 49): 137, (214, 138): 137, (215, 258): 411, (215, 329): 411, (218, 205): 411, (218, 379): 411, (220, 242): 411, (220, 340): 411, (221, 201): 411, (221, 380): 411, (222, 236): 411, (222, 344): 411, (223, 250): 411, (223, 329): 411, (229, 277): 137, (229, 296): 137, (232, 188): 411, (232, 382): 411, (237, 166): 137, (237, 399): 137, (242, 34): 411, (242, 125): 411, (243, 45): 411, (243, 113): 411, (244, 239): 411, (244, 319): 411, (245, 68): 411, (245, 88): 411, (247, 219): 411, (247, 336): 411, (248, 271): 411, (248, 283): 411, (249, 168): 411, (249, 385): 411, (253, 158): 411, (253, 391): 411, (254, 211): 411, (254, 337): 411, (255, 247): 411, (255, 300): 411, (256, 260): 137, (256, 286): 137, (258, 218): 137, (258, 326): 137, (259, 35): 411, (259, 107): 411, (260, 178): 411, (260, 364): 411, (262, 14): 411, (262, 125): 411, (263, 20): 411, (263, 118): 411, (264, 154): 137, (264, 384): 137, (267, 178): 411, (267, 357): 411, (269, 244): 411, (269, 289): 411, (270, 166): 137, (270, 366): 137, (271, 141): 411, (271, 390): 411, (273, 170): 411, (273, 359): 411, (274, 174): 137, (274, 354): 137, (275, 178): 411, (275, 349): 411, (276, 15): 137, (276, 110): 137, (277, 138): 411, (277, 387): 411, (280, 248): 411, (280, 274): 411, (281, 53): 137, (281, 67): 137, (283, 133): 137, (283, 386): 137, (286, 137): 411, (286, 379): 411, (290, 160): 411, (290, 352): 411, (291, 18): 137, (291, 92): 137, (293, 182): 137, (293, 327): 137, (294, 235): 137, (294, 273): 137, (295, 166): 137, (295, 341): 137, (297, 38): 411, (297, 66): 411, (298, 125): 137, (298, 379): 137, (307, 103): 137, (307, 392): 137, (308, 203): 411, (308, 291): 411, (309, 148): 137, (309, 345): 137, (311, 138): 411, (311, 353): 411, (317, 151): 137, (317, 334): 137, (319, 127): 137, (319, 356): 137, (320, 39): 411, (320, 42): 411, (323, 90): 137, (323, 389): 137, (324, 80): 411, (324, 398): 411, (326, 6): 411, (326, 69): 411, (327, 124): 137, (327, 351): 137, (328, 7): 411, (328, 66): 411, (331, 128): 137, (331, 343): 137, (333, 175): 137, (333, 294): 137, (334, 223): 137, (334, 245): 137, (339, 212): 137, (339, 251): 137, (340, 215): 411, (340, 247): 411, (343, 74): 411, (343, 385): 411, (347, 92): 411, (347, 363): 411, (348, 8): 411, (348, 45): 411, (350, 86): 137, (350, 366): 137, (353, 90): 137, (353, 359): 137, (354, 148): 137, (354, 300): 137, (355, 75): 411, (355, 372): 411, (357, 109): 411, (357, 336): 411, (358, 2): 137, (358, 41): 137, (362, 54): 137, (362, 386): 137, (363, 134): 411, (363, 305): 411, (364, 109): 411, (364, 329): 411, (366, 205): 411, (366, 231): 411, (368, 76): 411, (368, 358): 411, (370, 13): 411, (370, 18): 411, (372, 158): 411, (372, 272): 411, (373, 163): 411, (373, 266): 411, (377, 180): 411, (377, 245): 411, (378, 190): 411, (378, 234): 411, (382, 140): 411, (382, 280): 411, (383, 69): 411, (383, 350): 411, (385, 195): 411, (385, 222): 411, (389, 177): 411, (389, 236): 411, (390, 54): 137, (390, 358): 137, (395, 89): 411, (395, 318): 411, (396, 35): 411, (396, 371): 411, (397, 202): 411, (397, 203): 411, (398, 177): 411, (398, 227): 411, (400, 176): 137, (400, 226): 137}
 
409, 432, True, 9, 48
{'infinity': 1, (3, 54): 432, (3, 352): 432, (4, 47): 216, (4, 358): 216, (5, 8): 216, (5, 396): 216, (7, 172): 108, (7, 230): 108, (11, 28): 18, (11, 370): 18, (13, 144): 216, (13, 252): 216, (14, 13): 27, (14, 382): 27, (15, 101): 108, (15, 293): 108, (18, 101): 432, (18, 290): 432, (19, 145): 216, (19, 245): 216, (22, 116): 432, (22, 271): 432, (25, 146): 54, (25, 238): 54, (26, 104): 432, (26, 279): 432, (27, 111): 9, (27, 271): 9, (30, 1): 432, (30, 378): 432, (31, 91): 432, (31, 287): 432, (32, 7): 108, (32, 370): 108, (34, 66): 432, (34, 309): 432, (35, 135): 144, (35, 239): 144, (38, 385): 432, (38, 395): 432, (39, 118): 432, (39, 252): 432, (40, 79): 144, (40, 290): 144, (41, 180): 432, (41, 188): 432, (42, 159): 108, (42, 208): 108, (44, 79): 144, (44, 286): 144, (46, 61): 27, (46, 302): 27, (48, 133): 54, (48, 228): 54, (52, 149): 432, (52, 208): 432, (58, 378): 144, (58, 382): 144, (62, 26): 216, (62, 321): 216, (63, 117): 144, (63, 229): 144, (64, 94): 24, (64, 251): 24, (65, 27): 48, (65, 317): 48, (66, 67): 108, (66, 276): 108, (67, 72): 432, (67, 270): 432, (68, 129): 432, (68, 212): 432, (70, 143): 432, (70, 196): 432, (71, 72): 216, (71, 266): 216, (74, 51): 16, (74, 284): 16, (76, 16): 108, (76, 317): 108, (83, 56): 432, (83, 270): 432, (85, 37): 432, (85, 287): 432, (87, 16): 36, (87, 306): 36, (88, 118): 24, (88, 203): 24, (89, 121): 144, (89, 199): 144, (90, 343): 216, (90, 385): 216, (91, 80): 36, (91, 238): 36, (94, 128): 3, (94, 187): 3, (96, 361): 2, (98, 115): 24, (98, 196): 24, (99, 74): 18, (99, 236): 18, (101, 140): 9, (101, 168): 9, (102, 34): 108, (102, 273): 108, (104, 66): 6, (104, 239): 6, (105, 309): 216, (105, 404): 216, (106, 318): 72, (106, 394): 72, (109, 111): 432, (109, 189): 432, (110, 343): 432, (110, 365): 432, (111, 331): 54, (111, 376): 54, (113, 34): 216, (113, 262): 216, (114, 59): 8, (114, 236): 8, (115, 138): 432, (115, 156): 432, (117, 312): 144, (117, 389): 144, (118, 90): 144, (118, 201): 144, (123, 19): 36, (123, 267): 36, (125, 37): 432, (125, 247): 432, (126, 129): 216, (126, 154): 216, (129, 14): 432, (129, 266): 432, (130, 330): 108, (130, 358): 108, (131, 124): 144, (131, 154): 144, (132, 52): 216, (132, 225): 216, (133, 71): 432, (133, 205): 432, (134, 291): 432, (134, 393): 432, (141, 77): 216, (141, 191): 216, (146, 113): 54, (146, 150): 54, (150, 107): 216, (150, 152): 216, (151, 61): 432, (151, 197): 432, (152, 103): 432, (152, 154): 432, (155, 324): 432, (155, 339): 432, (156, 10): 36, (156, 243): 36, (159, 76): 432, (159, 174): 432, (161, 56): 144, (161, 192): 144, (165, 56): 27, (165, 188): 27, (172, 294): 432, (172, 352): 432, (174, 249): 432, (174, 395): 432, (176, 92): 54, (176, 141): 54, (179, 285): 216, (179, 354): 216, (181, 230): 36, (181, 407): 36, (182, 0): 432, (182, 227): 432, (183, 315): 432, (183, 320): 432, (184, 25): 432, (184, 200): 432, (185, 278): 216, (185, 355): 216, (186, 78): 8, (186, 145): 8, (187, 28): 216, (187, 194): 216, (188, 8): 108, (188, 213): 108, (191, 256): 432, (191, 371): 432, (194, 34): 72, (194, 181): 72, (195, 35): 432, (195, 179): 432, (196, 236): 72, (196, 386): 72, (197, 226): 18, (197, 395): 18, (199, 37): 216, (199, 173): 216, (200, 289): 144, (200, 329): 144, (203, 18): 16, (203, 188): 16, (204, 60): 27, (204, 145): 27, (206, 221): 432, (206, 391): 432, (209, 266): 432, (209, 343): 432, (210, 23): 48, (210, 176): 48, (211, 28): 216, (211, 170): 216, (212, 61): 432, (212, 136): 432, (213, 65): 144, (213, 131): 144, (215, 65): 432, (215, 129): 432, (216, 8): 72, (216, 185): 72, (219, 257): 216, (219, 342): 216, (220, 234): 432, (220, 364): 432, (221, 230): 27, (221, 367): 27, (223, 9): 432, (223, 177): 432, (227, 235): 9, (227, 356): 9, (229, 78): 216, (229, 102): 216, (234, 232): 72, (234, 352): 72, (235, 214): 216, (235, 369): 216, (237, 224): 432, (237, 357): 432, (239, 217): 27, (239, 362): 27, (240, 178): 216, (240, 400): 216, (241, 196): 432, (241, 381): 432, (242, 204): 48, (242, 372): 48, (244, 177): 144, (244, 397): 144, (246, 16): 27, (246, 147): 27, (247, 23): 432, (247, 139): 432, (248, 170): 432, (248, 400): 432, (249, 190): 216, (249, 379): 216, (250, 57): 72, (250, 102): 72, (251, 214): 432, (251, 353): 432, (254, 0): 432, (254, 155): 432, (258, 237): 72, (258, 323): 72, (259, 270): 4, (259, 289): 4, (262, 256): 216, (262, 300): 216, (264, 42): 432, (264, 103): 432, (265, 259): 72, (265, 294): 72, (268, 233): 432, (268, 317): 432, (270, 239): 144, (270, 309): 144, (271, 66): 432, (271, 72): 432, (273, 25): 432, (273, 111): 432, (274, 269): 216, (274, 275): 216, (275, 185): 216, (275, 358): 216, (276, 139): 216, (276, 403): 216, (279, 17): 432, (279, 113): 432, (280, 255): 108, (280, 283): 108, (281, 152): 144, (281, 385): 144, (282, 9): 432, (282, 118): 432, (284, 206): 144, (284, 328): 144, (286, 55): 432, (286, 68): 432, (288, 210): 108, (288, 320): 108, (289, 193): 108, (289, 336): 108, (290, 181): 144, (290, 347): 144, (292, 221): 27, (292, 305): 27, (293, 238): 108, (293, 287): 108, (294, 122): 432, (294, 402): 432, (295, 139): 48, (295, 384): 48, (297, 36): 432, (297, 76): 432, (301, 171): 24, (301, 346): 24, (302, 197): 72, (302, 319): 72, (306, 40): 432, (306, 63): 432, (307, 138): 432, (307, 373): 432, (308, 198): 12, (308, 312): 12, (309, 3): 54, (309, 97): 54, (312, 2): 12, (312, 95): 12, (313, 9): 216, (313, 87): 216, (314, 14): 72, (314, 81): 72, (315, 208): 432, (315, 295): 432, (318, 124): 432, (318, 376): 432, (320, 221): 48, (320, 277): 48, (321, 119): 216, (321, 378): 216, (322, 39): 48, (322, 48): 48, (325, 5): 36, (325, 79): 36, (327, 185): 108, (327, 306): 108, (329, 30): 432, (329, 50): 432, (330, 88): 144, (330, 400): 144, (331, 220): 432, (331, 267): 432, (332, 214): 144, (332, 272): 144, (334, 181): 48, (334, 303): 48, (337, 99): 432, (337, 382): 432, (338, 199): 54, (338, 281): 54, (339, 102): 54, (339, 377): 54, (347, 151): 48, (347, 320): 48, (348, 186): 144, (348, 284): 144, (350, 161): 432, (350, 307): 432, (351, 177): 216, (351, 290): 216, (357, 209): 16, (357, 252): 16, (358, 73): 72, (358, 387): 72, (359, 170): 144, (359, 289): 144, (360, 187): 432, (360, 271): 432, (361, 23): 216, (361, 25): 216, (362, 76): 216, (362, 380): 216, (364, 187): 432, (364, 267): 432, (365, 197): 432, (365, 256): 432, (366, 82): 108, (366, 370): 108, (367, 143): 216, (367, 308): 216, (369, 124): 27, (369, 325): 27, (371, 11): 432, (371, 27): 432, (375, 14): 432, (375, 20): 432, (376, 101): 144, (376, 341): 144, (379, 211): 144, (379, 228): 144, (381, 143): 432, (381, 294): 432, (382, 0): 216, (382, 27): 216, (387, 152): 432, (387, 279): 432, (389, 53): 432, (389, 376): 432, (390, 65): 108, (390, 363): 108, (391, 199): 432, (391, 228): 432, (393, 113): 144, (393, 312): 144, (394, 120): 16, (394, 304): 16, (396, 138): 72, (396, 284): 72, (402, 103): 108, (402, 313): 108, (403, 78): 108, (403, 337): 108, (404, 108): 54, (404, 306): 54, (405, 134): 216, (405, 279): 216, (407, 114): 216, (407, 297): 216}
 
419, 423, True, 9, 47
{'infinity': 1, (0, 118): 423, (0, 301): 423, (4, 194): 423, (4, 221): 423, (5, 126): 423, (5, 288): 423, (7, 51): 141, (7, 361): 141, (9, 130): 423, (9, 280): 423, (10, 106): 423, (10, 303): 423, (11, 133): 423, (11, 275): 423, (13, 156): 423, (13, 250): 423, (15, 179): 47, (15, 225): 47, (16, 99): 423, (16, 304): 423, (17, 194): 47, (17, 208): 47, (23, 196): 141, (23, 200): 141, (25, 397): 423, (25, 416): 423, (26, 100): 423, (26, 293): 423, (29, 11): 47, (29, 379): 47, (30, 84): 141, (30, 305): 141, (33, 9): 141, (33, 377): 141, (34, 75): 423, (34, 310): 423, (36, 147): 423, (36, 236): 423, (38, 21): 141, (38, 360): 141, (41, 2): 423, (41, 376): 423, (46, 7): 423, (46, 366): 423, (49, 19): 423, (49, 351): 423, (52, 16): 423, (52, 351): 423, (53, 81): 423, (53, 285): 423, (55, 82): 141, (55, 282): 141, (61, 110): 423, (61, 248): 423, (62, 53): 423, (62, 304): 423, (64, 133): 423, (64, 222): 423, (68, 361): 47, (68, 409): 47, (70, 65): 423, (70, 284): 423, (71, 6): 423, (71, 342): 423, (72, 36): 423, (72, 311): 423, (74, 353): 423, (74, 411): 423, (75, 91): 423, (75, 253): 423, (80, 62): 141, (80, 277): 141, (81, 139): 423, (81, 199): 423, (84, 100): 141, (84, 235): 141, (86, 69): 423, (86, 264): 423, (88, 141): 47, (88, 190): 47, (89, 148): 423, (89, 182): 423, (90, 18): 423, (90, 311): 423, (92, 155): 141, (92, 172): 141, (93, 341): 423, (93, 404): 423, (95, 40): 141, (95, 284): 141, (97, 15): 423, (97, 307): 423, (99, 84): 141, (99, 236): 141, (100, 89): 47, (100, 230): 47, (101, 87): 141, (101, 231): 141, (102, 107): 423, (102, 210): 423, (104, 27): 141, (104, 288): 141, (105, 86): 423, (105, 228): 423, (107, 66): 423, (107, 246): 423, (109, 321): 141, (109, 408): 141, (110, 19): 141, (110, 290): 141, (111, 13): 423, (111, 295): 423, (113, 26): 423, (113, 280): 423, (114, 124): 141, (114, 181): 141, (115, 38): 423, (115, 266): 423, (118, 322): 141, (118, 398): 141, (122, 324): 423, (122, 392): 423, (127, 86): 423, (127, 206): 423, (133, 15): 47, (133, 271): 47, (134, 97): 423, (134, 188): 423, (135, 292): 423, (135, 411): 423, (136, 25): 47, (136, 258): 47, (139, 85): 423, (139, 195): 423, (141, 67): 423, (141, 211): 423, (143, 310): 47, (143, 385): 47, (144, 23): 423, (144, 252): 423, (145, 69): 423, (145, 205): 423, (147, 72): 423, (147, 200): 423, (148, 8): 423, (148, 263): 423, (150, 330): 3, (150, 358): 3, (152, 287): 423, (152, 399): 423, (153, 132): 423, (153, 134): 423, (156, 88): 423, (156, 175): 423, (161, 336): 47, (161, 341): 47, (163, 112): 423, (163, 144): 423, (165, 332): 423, (165, 341): 423, (167, 43): 423, (167, 209): 423, (169, 103): 423, (169, 147): 423, (172, 31): 423, (172, 216): 423, (173, 318): 423, (173, 347): 423, (175, 283): 141, (175, 380): 141, (176, 296): 47, (176, 366): 47, (179, 109): 141, (179, 131): 141, (180, 251): 423, (180, 407): 423, (181, 17): 423, (181, 221): 423, (186, 239): 423, (186, 413): 423, (187, 86): 47, (187, 146): 47, (188, 69): 141, (188, 162): 141, (189, 15): 423, (189, 215): 423, (192, 308): 423, (192, 338): 423, (197, 275): 423, (197, 366): 423, (198, 249): 423, (198, 391): 423, (199, 59): 423, (199, 161): 423, (202, 92): 423, (202, 125): 423, (203, 306): 423, (203, 329): 423, (206, 242): 423, (206, 390): 423, (207, 54): 423, (207, 158): 423, (210, 217): 47, (210, 411): 47, (211, 275): 47, (211, 352): 47, (212, 220): 141, (212, 406): 141, (214, 58): 141, (214, 147): 141, (215, 46): 423, (215, 158): 423, (216, 39): 423, (216, 164): 423, (217, 309): 423, (217, 312): 423, (220, 268): 141, (220, 350): 141, (222, 243): 423, (222, 373): 423, (225, 254): 423, (225, 359): 423, (228, 42): 423, (228, 149): 423, (229, 54): 423, (229, 136): 423, (233, 278): 141, (233, 327): 141, (234, 221): 141, (234, 383): 141, (239, 262): 423, (239, 337): 423, (241, 12): 9, (241, 166): 9, (242, 286): 423, (242, 310): 423, (246, 60): 423, (246, 113): 423, (249, 200): 423, (249, 389): 423, (250, 1): 141, (250, 168): 141, (251, 289): 141, (251, 298): 141, (252, 58): 141, (252, 109): 141, (254, 284): 423, (254, 300): 423, (255, 24): 423, (255, 140): 423, (257, 270): 423, (257, 311): 423, (258, 251): 423, (258, 329): 423, (260, 19): 423, (260, 140): 423, (262, 278): 423, (262, 298): 423, (266, 207): 423, (266, 365): 423, (272, 34): 423, (272, 113): 423, (274, 168): 423, (274, 396): 423, (276, 247): 423, (276, 315): 423, (282, 39): 141, (282, 98): 141, (284, 236): 423, (284, 318): 423, (285, 217): 423, (285, 336): 423, (288, 170): 423, (288, 380): 423, (290, 45): 47, (290, 84): 47, (292, 32): 47, (292, 95): 47, (297, 261): 423, (297, 280): 423, (298, 186): 423, (298, 354): 423, (307, 255): 423, (307, 276): 423, (308, 132): 47, (308, 398): 47, (309, 10): 423, (309, 100): 423, (310, 240): 423, (310, 288): 423, (312, 232): 141, (312, 294): 141, (313, 203): 141, (313, 322): 141, (314, 168): 423, (314, 356): 423, (315, 165): 141, (315, 358): 141, (316, 115): 141, (316, 407): 141, (317, 256): 423, (317, 265): 423, (318, 169): 423, (318, 351): 423, (320, 113): 423, (320, 405): 423, (323, 140): 141, (323, 375): 141, (324, 215): 423, (324, 299): 423, (325, 215): 423, (325, 298): 423, (327, 198): 141, (327, 313): 141, (331, 41): 423, (331, 47): 423, (333, 246): 141, (333, 259): 141, (334, 209): 423, (334, 295): 423, (335, 8): 141, (335, 76): 141, (336, 238): 141, (336, 264): 141, (337, 209): 423, (337, 292): 423, (340, 39): 9, (340, 40): 9, (341, 193): 47, (341, 304): 47, (342, 89): 423, (342, 407): 423, (343, 217): 9, (343, 278): 9, (344, 133): 141, (344, 361): 141, (346, 135): 47, (346, 357): 47, (347, 184): 423, (347, 307): 423, (348, 4): 423, (348, 67): 423, (349, 3): 423, (349, 67): 423, (351, 206): 423, (351, 281): 423, (353, 143): 141, (353, 342): 141, (355, 8): 423, (355, 56): 423, (357, 73): 141, (357, 408): 141, (359, 78): 423, (359, 401): 423, (360, 206): 423, (360, 272): 423, (361, 138): 423, (361, 339): 423, (363, 107): 423, (363, 368): 423, (365, 145): 423, (365, 328): 423, (366, 180): 423, (366, 292): 423, (368, 117): 141, (368, 353): 141, (369, 82): 423, (369, 387): 423, (372, 58): 47, (372, 408): 47, (373, 107): 47, (373, 358): 47, (375, 83): 423, (375, 380): 423, (376, 139): 423, (376, 323): 423, (377, 132): 423, (377, 329): 423, (381, 139): 141, (381, 318): 141, (384, 119): 423, (384, 335): 423, (385, 110): 141, (385, 343): 141, (387, 75): 141, (387, 376): 141, (390, 55): 423, (390, 393): 423, (392, 110): 423, (392, 336): 423, (393, 150): 423, (393, 295): 423, (394, 137): 423, (394, 307): 423, (396, 89): 423, (396, 353): 423, (398, 194): 423, (398, 246): 423, (399, 108): 423, (399, 331): 423, (400, 187): 423, (400, 251): 423, (402, 54): 47, (402, 382): 47, (403, 40): 423, (403, 395): 423, (407, 109): 47, (407, 322): 47, (410, 52): 423, (410, 376): 423, (411, 204): 423, (411, 223): 423, (412, 28): 141, (412, 398): 141, (414, 82): 423, (414, 342): 423, (415, 121): 423, (415, 302): 423, (416, 158): 423, (416, 264): 423, (417, 75): 423, (417, 346): 423}
 
421, 405, True, 3, 135
{'infinity': 1, (0, 36): 27, (0, 385): 27, (3, 49): 9, (3, 369): 9, (6, 29): 405, (6, 386): 405, (9, 44): 45, (9, 368): 45, (10, 147): 405, (10, 264): 405, (11, 6): 405, (11, 404): 405, (13, 152): 135, (13, 256): 135, (15, 74): 405, (15, 332): 405, (18, 128): 405, (18, 275): 405, (19, 163): 9, (19, 239): 9, (20, 149): 81, (20, 252): 81, (21, 29): 135, (21, 371): 135, (22, 56): 135, (22, 343): 135, (24, 3): 27, (24, 394): 27, (26, 194): 135, (26, 201): 135, (27, 117): 405, (27, 277): 405, (29, 120): 405, (29, 272): 405, (31, 53): 405, (31, 337): 405, (32, 80): 405, (32, 309): 405, (36, 15): 405, (36, 370): 405, (43, 181): 405, (43, 197): 405, (47, 96): 81, (47, 278): 81, (48, 80): 135, (48, 293): 135, (53, 156): 405, (53, 212): 405, (56, 36): 5, (56, 329): 5, (59, 46): 405, (59, 316): 405, (61, 47): 405, (61, 313): 405, (64, 170): 405, (64, 187): 405, (66, 53): 405, (66, 302): 405, (67, 360): 135, (67, 415): 135, (69, 12): 81, (69, 340): 81, (74, 164): 405, (74, 183): 405, (75, 115): 405, (75, 231): 405, (76, 350): 405, (76, 416): 405, (78, 144): 405, (78, 199): 405, (79, 121): 45, (79, 221): 45, (82, 95): 135, (82, 244): 135, (86, 374): 405, (86, 382): 405, (88, 44): 135, (88, 289): 135, (93, 64): 135, (93, 264): 135, (94, 353): 81, (94, 395): 81, (95, 360): 405, (95, 387): 405, (98, 72): 3, (98, 251): 3, (99, 345): 135, (99, 398): 135, (100, 32): 27, (100, 289): 27, (101, 82): 405, (101, 238): 405, (103, 112): 135, (103, 206): 135, (106, 114): 135, (106, 201): 135, (107, 20): 27, (107, 294): 27, (109, 59): 135, (109, 253): 135, (110, 105): 405, (110, 206): 405, (113, 345): 81, (113, 384): 81, (114, 316): 27, (114, 412): 27, (115, 337): 135, (115, 390): 135, (117, 327): 81, (117, 398): 81, (118, 354): 81, (118, 370): 81, (119, 326): 81, (119, 397): 81, (123, 8): 405, (123, 290): 405, (126, 17): 135, (126, 278): 135, (127, 129): 405, (127, 165): 405, (130, 129): 405, (130, 162): 405, (131, 330): 135, (131, 381): 135, (134, 77): 81, (134, 210): 81, (135, 17): 405, (135, 269): 405, (138, 335): 405, (138, 369): 405, (140, 121): 405, (140, 160): 405, (142, 324): 15, (142, 376): 15, (143, 111): 81, (143, 167): 81, (144, 1): 405, (144, 276): 405, (145, 64): 405, (145, 212): 405, (147, 85): 405, (147, 189): 405, (149, 277): 405, (149, 416): 405, (151, 11): 405, (151, 259): 405, (155, 15): 405, (155, 251): 405, (156, 0): 405, (156, 265): 405, (158, 9): 81, (158, 254): 81, (159, 37): 135, (159, 225): 135, (160, 17): 405, (160, 244): 405, (162, 302): 405, (162, 378): 405, (163, 78): 81, (163, 180): 81, (164, 128): 81, (164, 129): 81, (165, 43): 135, (165, 213): 135, (167, 267): 135, (167, 408): 135, (168, 2): 405, (168, 251): 405, (172, 16): 135, (172, 233): 135, (175, 247): 405, (175, 420): 405, (178, 46): 405, (178, 197): 405, (179, 244): 405, (179, 419): 405, (182, 76): 27, (182, 163): 27, (183, 64): 405, (183, 174): 405, (184, 46): 405, (184, 191): 405, (186, 252): 405, (186, 404): 405, (187, 314): 405, (187, 341): 405, (188, 4): 405, (188, 229): 405, (191, 284): 405, (191, 367): 405, (193, 302): 405, (193, 347): 405, (194, 55): 81, (194, 172): 81, (196, 230): 405, (196, 416): 405, (197, 239): 405, (197, 406): 405, (198, 33): 405, (198, 190): 405, (200, 24): 81, (200, 197): 81, (202, 98): 405, (202, 121): 405, (205, 239): 405, (205, 398): 405, (206, 102): 15, (206, 113): 15, (208, 7): 405, (208, 206): 405, (209, 288): 405, (209, 345): 405, (210, 38): 405, (210, 173): 405, (211, 285): 405, (211, 346): 405, (215, 252): 405, (215, 375): 405, (216, 48): 81, (216, 157): 81, (217, 273): 405, (217, 352): 405, (220, 38): 27, (220, 163): 27, (223, 212): 405, (223, 407): 405, (224, 214): 45, (224, 404): 45, (225, 88): 405, (225, 108): 405, (226, 274): 81, (226, 342): 81, (230, 15): 405, (230, 176): 405, (233, 289): 5, (233, 320): 5, (236, 24): 135, (236, 161): 135, (237, 30): 405, (237, 154): 405, (238, 48): 45, (238, 135): 45, (239, 54): 135, (239, 128): 135, (241, 89): 27, (241, 91): 27, (244, 75): 405, (244, 102): 405, (245, 277): 405, (245, 320): 405, (248, 278): 405, (248, 316): 405, (251, 190): 135, (251, 401): 135, (253, 247): 45, (253, 342): 45, (254, 14): 27, (254, 153): 27, (257, 179): 405, (257, 406): 405, (259, 223): 81, (259, 360): 81, (260, 271): 15, (260, 311): 15, (265, 62): 405, (265, 94): 405, (266, 281): 81, (266, 295): 81, (267, 205): 405, (267, 370): 405, (269, 154): 135, (269, 419): 135, (272, 245): 45, (272, 325): 45, (273, 265): 135, (273, 304): 135, (275, 230): 81, (275, 337): 81, (280, 193): 405, (280, 369): 405, (284, 214): 405, (284, 344): 405, (288, 27): 405, (288, 106): 405, (289, 201): 45, (289, 352): 45, (290, 30): 81, (290, 101): 81, (292, 189): 135, (292, 361): 135, (295, 18): 135, (295, 108): 135, (296, 242): 135, (296, 304): 135, (298, 259): 135, (298, 285): 135, (302, 243): 15, (302, 297): 15, (309, 219): 405, (309, 314): 405, (311, 131): 81, (311, 400): 81, (312, 28): 9, (312, 81): 9, (313, 253): 135, (313, 276): 135, (314, 211): 135, (314, 317): 135, (315, 30): 405, (315, 76): 405, (318, 260): 405, (318, 264): 405, (320, 35): 405, (320, 66): 405, (321, 237): 405, (321, 284): 405, (322, 108): 405, (322, 412): 405, (324, 44): 135, (324, 53): 135, (326, 249): 405, (326, 267): 405, (327, 200): 45, (327, 315): 45, (328, 22): 405, (328, 71): 405, (330, 228): 405, (330, 284): 405, (333, 224): 81, (333, 285): 81, (334, 214): 405, (334, 294): 405, (336, 154): 405, (336, 352): 405, (341, 0): 405, (341, 80): 405, (342, 188): 405, (342, 312): 405, (345, 0): 405, (345, 76): 405, (346, 182): 405, (346, 314): 405, (349, 226): 405, (349, 267): 405, (353, 199): 45, (353, 290): 45, (355, 164): 135, (355, 323): 135, (360, 236): 405, (360, 246): 405, (363, 137): 405, (363, 342): 405, (364, 158): 405, (364, 320): 405, (365, 20): 135, (365, 36): 135, (366, 186): 405, (366, 290): 405, (368, 175): 405, (368, 299): 405, (370, 20): 45, (370, 31): 45, (371, 230): 45, (371, 241): 45, (373, 104): 405, (373, 365): 405, (375, 227): 405, (375, 240): 405, (376, 110): 405, (376, 356): 405, (381, 203): 405, (381, 258): 405, (385, 181): 405, (385, 276): 405, (387, 148): 81, (387, 307): 81, (388, 48): 405, (388, 406): 405, (392, 102): 81, (392, 348): 81, (393, 190): 81, (393, 259): 81, (394, 29): 81, (394, 419): 81, (401, 147): 405, (401, 294): 405, (403, 189): 405, (403, 250): 405, (406, 24): 405, (406, 412): 405, (407, 215): 135, (407, 220): 135, (411, 199): 405, (411, 232): 405, (412, 38): 405, (412, 392): 405, (413, 164): 405, (413, 265): 405, (414, 181): 405, (414, 247): 405, (416, 130): 45, (416, 296): 45, (420, 169): 135, (420, 253): 135}
 
431, 432, False, 108, 4
{'infinity': 1, (0, 175): 216, (0, 256): 216, (1, 1): 216, (1, 429): 216, (2, 120): 8, (2, 309): 8, (3, 123): 216, (3, 305): 216, (4, 429): 2, (7, 135): 54, (7, 289): 54, (8, 178): 108, (8, 245): 108, (9, 104): 18, (9, 318): 18, (10, 36): 18, (10, 385): 18, (13, 9): 54, (13, 409): 54, (16, 174): 36, (16, 241): 36, (19, 139): 27, (19, 273): 27, (20, 135): 108, (20, 276): 108, (21, 185): 216, (21, 225): 216, (23, 101): 36, (23, 307): 36, (25, 92): 72, (25, 314): 72, (32, 105): 216, (32, 294): 216, (33, 403): 108, (33, 426): 108, (34, 95): 108, (34, 302): 108, (35, 85): 72, (35, 311): 72, (36, 129): 36, (36, 266): 36, (39, 397): 216, (39, 426): 216, (40, 159): 108, (40, 232): 108, (41, 194): 216, (41, 196): 216, (45, 398): 27, (45, 419): 27, (47, 104): 216, (47, 280): 216, (48, 169): 108, (48, 214): 108, (49, 116): 54, (49, 266): 54, (53, 150): 108, (53, 228): 108, (54, 103): 54, (54, 274): 54, (56, 181): 216, (56, 194): 216, (57, 90): 108, (57, 284): 108, (60, 93): 216, (60, 278): 216, (63, 108): 27, (63, 260): 27, (66, 79): 72, (66, 286): 72, (67, 96): 72, (67, 268): 72, (69, 70): 216, (69, 292): 216, (72, 159): 216, (72, 200): 216, (73, 137): 108, (73, 221): 108, (76, 81): 54, (76, 274): 54, (81, 78): 216, (81, 272): 216, (82, 78): 216, (82, 271): 216, (84, 38): 27, (84, 309): 27, (85, 2): 4, (85, 344): 4, (87, 21): 24, (87, 323): 24, (92, 31): 54, (92, 308): 54, (94, 5): 108, (94, 332): 108, (95, 69): 36, (95, 267): 36, (98, 98): 216, (98, 235): 216, (100, 24): 18, (100, 307): 18, (101, 359): 27, (101, 402): 27, (104, 150): 108, (104, 177): 108, (105, 162): 216, (105, 164): 216, (107, 55): 216, (107, 269): 216, (109, 131): 216, (109, 191): 216, (110, 29): 12, (110, 292): 12, (114, 31): 36, (114, 286): 36, (115, 342): 72, (115, 405): 72, (117, 24): 72, (117, 290): 72, (119, 81): 18, (119, 231): 18, (120, 75): 54, (120, 236): 54, (121, 128): 216, (121, 182): 216, (122, 37): 54, (122, 272): 54, (123, 44): 54, (123, 264): 54, (126, 79): 54, (126, 226): 54, (127, 330): 108, (127, 405): 108, (128, 85): 24, (128, 218): 24, (130, 5): 72, (130, 296): 72, (133, 128): 216, (133, 170): 216, (134, 344): 24, (134, 384): 24, (138, 302): 216, (138, 422): 216, (139, 115): 108, (139, 177): 108, (141, 27): 216, (141, 263): 216, (142, 51): 54, (142, 238): 54, (145, 41): 72, (145, 245): 72, (148, 53): 4, (148, 230): 4, (150, 288): 216, (150, 424): 216, (151, 330): 27, (151, 381): 27, (152, 342): 216, (152, 368): 216, (153, 330): 36, (153, 379): 36, (155, 63): 54, (155, 213): 54, (157, 33): 216, (157, 241): 216, (158, 93): 72, (158, 180): 72, (162, 7): 216, (162, 262): 216, (164, 342): 54, (164, 356): 54, (165, 14): 216, (165, 252): 216, (166, 77): 54, (166, 188): 54, (168, 327): 108, (168, 367): 108, (170, 318): 216, (170, 374): 216, (173, 84): 36, (173, 174): 36, (174, 297): 72, (174, 391): 72, (175, 268): 108, (175, 419): 108, (176, 258): 216, (176, 428): 216, (177, 126): 27, (177, 128): 27, (180, 19): 6, (180, 232): 6, (184, 260): 54, (184, 418): 54, (185, 26): 8, (185, 220): 8, (188, 66): 54, (188, 177): 54, (189, 268): 216, (189, 405): 216, (190, 334): 72, (190, 338): 72, (191, 48): 216, (191, 192): 216, (195, 83): 72, (195, 153): 72, (196, 283): 27, (196, 383): 27, (200, 6): 6, (200, 225): 6, (206, 50): 8, (206, 175): 8, (207, 5): 216, (207, 219): 216, (209, 88): 54, (209, 134): 54, (210, 225): 216, (210, 427): 216, (211, 232): 108, (211, 419): 108, (212, 306): 24, (212, 344): 24, (213, 93): 108, (213, 125): 108, (214, 24): 72, (214, 193): 72, (217, 234): 216, (217, 411): 216, (222, 315): 54, (222, 325): 54, (223, 216): 216, (223, 423): 216, (224, 242): 18, (224, 396): 18, (225, 31): 108, (225, 175): 108, (227, 270): 3, (227, 365): 3, (228, 272): 216, (228, 362): 216, (229, 212): 108, (229, 421): 108, (231, 243): 108, (231, 388): 108, (234, 46): 18, (234, 151): 18, (236, 81): 54, (236, 114): 54, (237, 299): 216, (237, 326): 216, (238, 94): 24, (238, 99): 24, (239, 79): 216, (239, 113): 216, (242, 15): 18, (242, 174): 18, (244, 42): 108, (244, 145): 108, (246, 45): 108, (246, 140): 108, (248, 62): 108, (248, 121): 108, (251, 286): 24, (251, 325): 24, (252, 292): 216, (252, 318): 216, (253, 223): 216, (253, 386): 216, (255, 186): 216, (255, 421): 216, (258, 241): 216, (258, 363): 216, (259, 301): 24, (259, 302): 24, (261, 57): 216, (261, 113): 216, (265, 49): 54, (265, 117): 54, (268, 78): 18, (268, 85): 18, (272, 34): 216, (272, 125): 216, (274, 7): 54, (274, 150): 54, (275, 12): 72, (275, 144): 72, (278, 245): 216, (278, 339): 216, (279, 61): 36, (279, 91): 36, (281, 243): 108, (281, 338): 108, (284, 202): 216, (284, 376): 216, (288, 183): 216, (288, 391): 216, (289, 192): 27, (289, 381): 27, (290, 216): 216, (290, 356): 216, (291, 188): 72, (291, 383): 72, (297, 195): 216, (297, 370): 216, (299, 248): 54, (299, 315): 54, (301, 274): 6, (301, 287): 6, (302, 233): 108, (302, 327): 108, (306, 146): 108, (306, 410): 108, (307, 238): 216, (307, 317): 216, (308, 247): 12, (308, 307): 12, (309, 165): 36, (309, 388): 36, (311, 252): 54, (311, 299): 54, (313, 16): 216, (313, 102): 216, (314, 249): 216, (314, 299): 216, (316, 197): 72, (316, 349): 72, (317, 173): 72, (317, 372): 72, (319, 159): 72, (319, 384): 72, (322, 152): 54, (322, 388): 54, (323, 26): 36, (323, 82): 36, (328, 154): 108, (328, 380): 108, (329, 39): 216, (329, 63): 216, (330, 244): 108, (330, 288): 108, (331, 14): 108, (331, 86): 108, (332, 265): 2, (333, 127): 108, (333, 402): 108, (334, 194): 108, (334, 334): 108, (336, 11): 216, (336, 84): 216, (337, 17): 216, (337, 77): 216, (338, 190): 216, (338, 334): 216, (339, 226): 216, (339, 297): 216, (341, 206): 9, (341, 315): 9, (343, 167): 216, (343, 352): 216, (345, 208): 216, (345, 309): 216, (346, 250): 108, (346, 266): 108, (349, 216): 108, (349, 297): 108, (350, 243): 9, (350, 269): 9, (351, 163): 36, (351, 348): 36, (353, 84): 216, (353, 425): 216, (354, 26): 72, (354, 51): 72, (356, 98): 108, (356, 408): 108, (358, 4): 12, (358, 69): 12, (359, 77): 216, (359, 426): 216, (362, 113): 108, (362, 387): 108, (366, 14): 216, (366, 51): 216, (371, 168): 72, (371, 323): 72, (375, 104): 216, (375, 383): 216, (377, 125): 72, (377, 360): 72, (378, 63): 8, (378, 421): 8, (380, 124): 72, (380, 358): 72, (382, 192): 72, (382, 288): 72, (385, 64): 216, (385, 413): 216, (386, 224): 216, (386, 252): 216, (388, 137): 54, (388, 337): 54, (389, 148): 216, (389, 325): 216, (391, 133): 216, (391, 338): 216, (392, 143): 54, (392, 327): 54, (397, 226): 216, (397, 239): 216, (400, 71): 54, (400, 391): 54, (401, 137): 108, (401, 324): 108, (404, 135): 36, (404, 323): 36, (405, 188): 216, (405, 269): 216, (408, 98): 216, (408, 356): 216, (409, 69): 18, (409, 384): 18, (411, 100): 72, (411, 351): 72, (412, 122): 24, (412, 328): 24, (413, 211): 216, (413, 238): 216, (418, 222): 2, (422, 59): 9, (422, 381): 9, (426, 7): 216, (426, 429): 216, (428, 32): 12, (428, 402): 12}
 
433, 423, False, 9, 47
{'infinity': 1, (1, 190): 141, (1, 242): 141, (3, 49): 141, (3, 381): 141, (4, 53): 141, (4, 376): 141, (5, 70): 141, (5, 358): 141, (8, 112): 141, (8, 313): 141, (11, 57): 141, (11, 365): 141, (12, 201): 141, (12, 220): 141, (13, 89): 141, (13, 331): 141, (16, 7): 141, (16, 410): 141, (17, 40): 141, (17, 376): 141, (20, 64): 141, (20, 349): 141, (21, 130): 141, (21, 282): 141, (23, 41): 141, (23, 369): 141, (24, 131): 141, (24, 278): 141, (25, 1): 141, (25, 407): 141, (26, 137): 47, (26, 270): 47, (30, 73): 141, (30, 330): 141, (31, 41): 141, (31, 361): 141, (35, 184): 141, (35, 214): 141, (39, 157): 141, (39, 237): 141, (46, 169): 141, (46, 218): 141, (51, 4): 141, (51, 378): 141, (52, 393): 47, (52, 421): 47, (53, 123): 141, (53, 257): 141, (55, 397): 141, (55, 414): 141, (57, 173): 141, (57, 203): 141, (58, 187): 141, (58, 188): 141, (63, 400): 141, (63, 403): 141, (65, 116): 141, (65, 252): 141, (68, 392): 141, (68, 406): 141, (69, 118): 141, (69, 246): 141, (71, 5): 141, (71, 357): 141, (73, 35): 141, (73, 325): 141, (75, 367): 141, (75, 424): 141, (78, 156): 141, (78, 199): 141, (79, 14): 141, (79, 340): 141, (80, 142): 141, (80, 211): 141, (83, 372): 141, (83, 411): 141, (85, 57): 141, (85, 291): 141, (87, 103): 141, (87, 243): 141, (88, 152): 141, (88, 193): 141, (90, 74): 141, (90, 269): 141, (93, 350): 141, (93, 423): 141, (95, 66): 141, (95, 272): 141, (96, 380): 141, (96, 390): 141, (98, 19): 141, (98, 316): 141, (99, 13): 141, (99, 321): 141, (102, 132): 3, (102, 199): 3, (103, 163): 141, (103, 167): 141, (107, 116): 47, (107, 210): 47, (109, 93): 141, (109, 231): 141, (110, 364): 141, (110, 392): 141, (112, 143): 141, (112, 178): 141, (118, 125): 141, (118, 190): 141, (119, 35): 141, (119, 279): 141, (122, 27): 47, (122, 284): 47, (124, 118): 141, (124, 191): 141, (125, 327): 141, (125, 414): 141, (126, 11): 141, (126, 296): 141, (128, 47): 141, (128, 258): 141, (129, 366): 141, (129, 371): 141, (132, 21): 47, (132, 280): 47, (133, 48): 141, (133, 252): 141, (134, 127): 141, (134, 172): 141, (137, 360): 141, (137, 369): 141, (138, 87): 141, (138, 208): 141, (140, 320): 141, (140, 406): 141, (141, 353): 141, (141, 372): 141, (142, 315): 141, (142, 409): 141, (146, 30): 141, (146, 257): 141, (149, 91): 141, (149, 193): 141, (153, 123): 141, (153, 157): 141, (155, 105): 141, (155, 173): 141, (161, 96): 141, (161, 176): 141, (162, 129): 141, (162, 142): 141, (166, 122): 47, (166, 145): 47, (167, 17): 141, (167, 249): 141, (170, 40): 47, (170, 223): 47, (172, 262): 47, (172, 432): 47, (175, 344): 141, (175, 347): 141, (177, 295): 141, (177, 394): 141, (179, 65): 141, (179, 189): 141, (181, 275): 141, (181, 410): 141, (183, 6): 141, (183, 244): 141, (184, 42): 141, (184, 207): 141, (185, 28): 141, (185, 220): 141, (187, 283): 141, (187, 396): 141, (188, 84): 141, (188, 161): 141, (189, 98): 141, (189, 146): 141, (191, 100): 141, (191, 142): 141, (195, 108): 141, (195, 130): 141, (196, 44): 141, (196, 193): 141, (197, 76): 141, (197, 160): 141, (198, 306): 141, (198, 362): 141, (201, 67): 141, (201, 165): 141, (203, 90): 141, (203, 140): 141, (207, 286): 141, (207, 373): 141, (209, 285): 141, (209, 372): 141, (213, 289): 141, (213, 364): 141, (214, 266): 141, (214, 386): 141, (216, 55): 141, (216, 162): 141, (217, 86): 141, (217, 130): 141, (219, 310): 141, (219, 337): 141, (221, 39): 141, (221, 173): 141, (223, 300): 141, (223, 343): 141, (225, 235): 141, (225, 406): 141, (226, 215): 141, (226, 425): 141, (227, 83): 141, (227, 123): 141, (230, 266): 141, (230, 370): 141, (233, 287): 141, (233, 346): 141, (234, 257): 141, (234, 375): 141, (235, 252): 141, (235, 379): 141, (236, 220): 141, (236, 410): 141, (240, 75): 47, (240, 118): 47, (241, 35): 141, (241, 157): 141, (244, 308): 141, (244, 314): 141, (245, 38): 141, (245, 150): 141, (246, 40): 3, (246, 147): 3, (248, 233): 141, (248, 385): 141, (249, 238): 141, (249, 379): 141, (251, 256): 141, (251, 359): 141, (252, 55): 141, (252, 126): 141, (253, 199): 141, (253, 414): 141, (255, 219): 141, (255, 392): 141, (257, 275): 141, (257, 334): 141, (261, 56): 141, (261, 116): 141, (263, 229): 141, (263, 374): 141, (266, 290): 141, (266, 310): 141, (267, 16): 47, (267, 150): 47, (268, 180): 141, (268, 418): 141, (269, 202): 47, (269, 395): 47, (270, 294): 141, (270, 302): 141, (271, 15): 141, (271, 147): 141, (272, 221): 141, (272, 373): 141, (273, 224): 141, (273, 369): 141, (281, 31): 141, (281, 121): 141, (283, 159): 141, (283, 424): 141, (287, 209): 141, (287, 370): 141, (288, 151): 141, (288, 427): 141, (290, 287): 47, (290, 289): 47, (292, 240): 141, (292, 334): 141, (294, 273): 47, (294, 299): 47, (295, 56): 141, (295, 82): 141, (296, 181): 141, (296, 389): 141, (297, 271): 141, (297, 298): 141, (298, 180): 141, (298, 388): 141, (300, 180): 47, (300, 386): 47, (301, 10): 47, (301, 122): 47, (303, 280): 141, (303, 283): 141, (306, 207): 47, (306, 353): 47, (308, 39): 141, (308, 86): 141, (309, 233): 141, (309, 324): 141, (310, 56): 141, (310, 67): 141, (311, 208): 141, (311, 347): 141, (314, 190): 141, (314, 362): 141, (316, 217): 141, (316, 333): 141, (317, 215): 141, (317, 334): 141, (323, 215): 141, (323, 328): 141, (324, 18): 141, (324, 91): 141, (326, 247): 47, (326, 293): 47, (327, 176): 141, (327, 363): 141, (329, 105): 3, (329, 432): 3, (332, 178): 141, (332, 356): 141, (333, 129): 3, (333, 404): 3, (335, 163): 141, (335, 368): 141, (337, 39): 141, (337, 57): 141, (341, 6): 47, (341, 86): 47, (342, 6): 141, (342, 85): 141, (343, 236): 141, (343, 287): 141, (349, 147): 141, (349, 370): 141, (351, 23): 141, (351, 59): 141, (352, 128): 141, (352, 386): 141, (354, 150): 141, (354, 362): 141, (355, 11): 141, (355, 67): 141, (358, 182): 141, (358, 326): 141, (362, 93): 141, (362, 411): 141, (363, 214): 141, (363, 289): 141, (365, 69): 141, (365, 432): 141, (366, 134): 141, (366, 366): 141, (371, 129): 141, (371, 366): 141, (376, 207): 141, (376, 283): 141, (378, 176): 141, (378, 312): 141, (379, 13): 141, (379, 41): 141, (380, 139): 141, (380, 347): 141, (381, 175): 141, (381, 310): 141, (382, 105): 141, (382, 379): 141, (385, 11): 141, (385, 37): 141, (387, 106): 141, (387, 373): 141, (388, 13): 141, (388, 32): 141, (389, 110): 141, (389, 367): 141, (393, 91): 47, (393, 382): 47, (395, 93): 141, (395, 378): 141, (398, 55): 141, (398, 413): 141, (399, 122): 47, (399, 345): 47, (402, 97): 141, (402, 367): 141, (403, 80): 141, (403, 383): 141, (404, 107): 141, (404, 355): 141, (408, 71): 47, (408, 387): 47, (409, 197): 141, (409, 260): 141, (412, 78): 47, (412, 376): 47, (417, 208): 47, (417, 241): 47, (419, 94): 141, (419, 353): 141, (420, 68): 141, (420, 378): 141, (421, 34): 141, (421, 411): 141, (422, 178): 141, (422, 266): 141, (423, 92): 141, (423, 351): 141, (424, 88): 141, (424, 354): 141, (428, 163): 141, (428, 275): 141, (429, 101): 141, (429, 336): 141, (431, 155): 141, (431, 280): 141, (432, 102): 141, (432, 332): 141}
 
439, 432, False, 72, 6
{'infinity': 1, (1, 81): 216, (1, 357): 216, (2, 31): 108, (2, 406): 108, (3, 143): 54, (3, 293): 54, (5, 6): 54, (5, 428): 54, (6, 107): 54, (6, 326): 54, (7, 83): 72, (7, 349): 72, (9, 39): 36, (9, 391): 36, (11, 61): 4, (11, 367): 4, (12, 167): 72, (12, 260): 72, (13, 130): 108, (13, 296): 108, (19, 43): 216, (19, 377): 216, (21, 420): 108, (21, 437): 108, (22, 57): 216, (22, 360): 216, (23, 26): 27, (23, 390): 27, (24, 19): 54, (24, 396): 54, (25, 70): 72, (25, 344): 72, (26, 57): 216, (26, 356): 216, (28, 162): 216, (28, 249): 216, (29, 125): 24, (29, 285): 24, (31, 76): 108, (31, 332): 108, (32, 68): 216, (32, 339): 216, (37, 84): 216, (37, 318): 216, (38, 147): 24, (38, 254): 24, (39, 412): 54, (39, 427): 54, (40, 416): 12, (40, 422): 12, (42, 102): 72, (42, 295): 72, (43, 160): 216, (43, 236): 216, (44, 1): 27, (44, 394): 27, (45, 50): 108, (45, 344): 108, (48, 177): 108, (48, 214): 108, (49, 89): 216, (49, 301): 216, (50, 39): 54, (50, 350): 54, (51, 413): 12, (51, 414): 12, (52, 163): 24, (52, 224): 24, (53, 91): 36, (53, 295): 36, (54, 191): 8, (54, 194): 8, (55, 162): 216, (55, 222): 216, (59, 42): 54, (59, 338): 54, (60, 101): 108, (60, 278): 108, (61, 18): 216, (61, 360): 216, (63, 161): 216, (63, 215): 216, (64, 115): 36, (64, 260): 36, (65, 117): 108, (65, 257): 108, (68, 155): 18, (68, 216): 18, (69, 387): 72, (69, 422): 72, (71, 94): 54, (71, 274): 54, (72, 161): 18, (72, 206): 18, (75, 115): 54, (75, 249): 54, (76, 22): 108, (76, 341): 108, (81, 165): 72, (81, 193): 72, (82, 117): 216, (82, 240): 216, (83, 49): 6, (83, 307): 6, (84, 381): 216, (84, 413): 216, (87, 66): 72, (87, 286): 72, (90, 92): 54, (90, 257): 54, (92, 89): 216, (92, 258): 216, (96, 0): 216, (96, 343): 216, (99, 132): 54, (99, 208): 54, (100, 46): 216, (100, 293): 216, (102, 346): 216, (102, 430): 216, (104, 13): 3, (104, 322): 3, (105, 347): 108, (105, 426): 108, (107, 345): 18, (107, 426): 18, (108, 111): 108, (108, 220): 108, (109, 11): 216, (109, 319): 216, (110, 381): 216, (110, 387): 216, (111, 10): 108, (111, 318): 108, (112, 33): 18, (112, 294): 18, (115, 41): 216, (115, 283): 216, (116, 85): 18, (116, 238): 18, (118, 101): 108, (118, 220): 108, (119, 91): 72, (119, 229): 72, (121, 357): 54, (121, 400): 54, (122, 58): 18, (122, 259): 18, (123, 20): 54, (123, 296): 54, (127, 326): 216, (127, 425): 216, (128, 374): 36, (128, 376): 36, (129, 130): 72, (129, 180): 72, (131, 70): 216, (131, 238): 216, (132, 361): 36, (132, 385): 36, (137, 361): 54, (137, 380): 54, (140, 7): 108, (140, 292): 108, (141, 149): 2, (142, 302): 72, (142, 434): 72, (143, 7): 216, (143, 289): 216, (148, 5): 24, (148, 286): 24, (156, 7): 72, (156, 276): 72, (164, 347): 54, (164, 367): 54, (166, 1): 108, (166, 272): 108, (167, 80): 216, (167, 192): 216, (170, 347): 108, (170, 361): 108, (171, 81): 54, (171, 187): 54, (173, 342): 216, (173, 363): 216, (175, 21): 108, (175, 243): 108, (178, 310): 72, (178, 390): 72, (179, 127): 216, (179, 133): 216, (181, 281): 27, (181, 416): 27, (187, 88): 216, (187, 164): 216, (192, 9): 216, (192, 238): 216, (193, 123): 2, (194, 27): 9, (194, 218): 9, (200, 261): 216, (200, 417): 216, (204, 286): 36, (204, 388): 36, (205, 255): 216, (205, 418): 216, (206, 263): 9, (206, 409): 9, (209, 304): 72, (209, 365): 72, (210, 273): 72, (210, 395): 72, (213, 6): 54, (213, 220): 54, (214, 30): 216, (214, 195): 216, (218, 244): 108, (218, 416): 108, (220, 37): 54, (220, 182): 54, (221, 6): 27, (221, 212): 27, (225, 275): 216, (225, 378): 216, (227, 225): 108, (227, 426): 108, (228, 252): 216, (228, 398): 216, (229, 1): 12, (229, 209): 12, (233, 210): 216, (233, 435): 216, (234, 86): 216, (234, 119): 216, (236, 211): 216, (236, 431): 216, (238, 250): 216, (238, 390): 216, (245, 252): 18, (245, 381): 18, (248, 299): 24, (248, 331): 24, (251, 304): 36, (251, 323): 36, (252, 262): 216, (252, 364): 216, (255, 261): 54, (255, 362): 54, (260, 231): 54, (260, 387): 54, (261, 77): 18, (261, 101): 18, (262, 27): 27, (262, 150): 27, (264, 247): 108, (264, 367): 108, (265, 211): 72, (265, 402): 72, (266, 59): 27, (266, 114): 27, (267, 81): 72, (267, 91): 72, (268, 34): 216, (268, 137): 216, (269, 217): 27, (269, 392): 27, (270, 29): 108, (270, 140): 108, (275, 250): 6, (275, 353): 6, (277, 56): 108, (277, 106): 108, (280, 227): 8, (280, 371): 8, (281, 166): 108, (281, 431): 108, (282, 24): 216, (282, 133): 216, (283, 70): 54, (283, 86): 54, (284, 257): 108, (284, 337): 108, (286, 37): 36, (286, 116): 36, (288, 181): 216, (288, 409): 216, (291, 269): 216, (291, 318): 216, (292, 30): 216, (292, 117): 216, (296, 24): 216, (296, 119): 216, (297, 12): 216, (297, 130): 216, (298, 52): 36, (298, 89): 36, (300, 24): 108, (300, 115): 108, (301, 28): 72, (301, 110): 72, (303, 279): 108, (303, 296): 108, (304, 161): 216, (304, 413): 216, (305, 175): 216, (305, 398): 216, (306, 246): 216, (306, 326): 216, (307, 263): 216, (307, 308): 216, (308, 207): 72, (308, 363): 72, (309, 189): 8, (309, 380): 8, (310, 255): 108, (310, 313): 108, (312, 232): 216, (312, 334): 216, (316, 180): 54, (316, 382): 54, (317, 204): 24, (317, 357): 24, (322, 171): 24, (322, 385): 24, (329, 195): 108, (329, 354): 108, (330, 126): 72, (330, 422): 72, (334, 199): 216, (334, 345): 216, (335, 195): 72, (335, 348): 72, (336, 249): 72, (336, 293): 72, (337, 169): 108, (337, 372): 108, (341, 36): 216, (341, 62): 216, (344, 239): 72, (344, 295): 72, (345, 135): 27, (345, 398): 27, (347, 185): 36, (347, 346): 36, (348, 119): 36, (348, 411): 36, (356, 162): 54, (356, 360): 54, (359, 14): 108, (359, 66): 108, (361, 86): 24, (361, 431): 24, (362, 233): 216, (362, 283): 216, (363, 255): 72, (363, 260): 72, (365, 250): 216, (365, 263): 216, (369, 165): 216, (369, 344): 216, (372, 30): 108, (372, 37): 108, (374, 248): 12, (374, 256): 12, (375, 20): 4, (375, 44): 4, (377, 211): 54, (377, 290): 54, (378, 85): 216, (378, 415): 216, (379, 178): 216, (379, 321): 216, (380, 20): 108, (380, 39): 108, (384, 85): 216, (384, 409): 216, (385, 63): 216, (385, 430): 216, (389, 222): 216, (389, 267): 216, (391, 57): 9, (391, 430): 9, (392, 151): 18, (392, 335): 18, (393, 174): 6, (393, 311): 6, (394, 193): 216, (394, 291): 216, (397, 118): 108, (397, 363): 108, (400, 112): 108, (400, 366): 108, (401, 194): 54, (401, 283): 54, (403, 193): 108, (403, 282): 108, (405, 221): 216, (405, 252): 216, (406, 145): 216, (406, 327): 216, (408, 183): 216, (408, 287): 216, (412, 198): 216, (412, 268): 216, (417, 133): 36, (417, 328): 36, (418, 156): 8, (418, 304): 8, (419, 129): 108, (419, 330): 108, (421, 172): 216, (421, 285): 216, (422, 27): 27, (422, 429): 27, (423, 194): 216, (423, 261): 216, (424, 69): 72, (424, 385): 72, (428, 165): 54, (428, 285): 54, (429, 103): 216, (429, 346): 216, (432, 66): 216, (432, 380): 216, (433, 180): 216, (433, 265): 216, (434, 222): 2, (436, 205): 54, (436, 237): 54, (437, 96): 216, (437, 345): 216}
 
443, 483, True, 3, 161
{'infinity': 1, (0, 200): 483, (0, 243): 483, (5, 166): 161, (5, 272): 161, (6, 206): 483, (6, 231): 483, (7, 138): 23, (7, 298): 23, (8, 101): 483, (8, 334): 483, (9, 30): 161, (9, 404): 161, (10, 29): 483, (10, 404): 483, (12, 135): 483, (12, 296): 483, (15, 8): 483, (15, 420): 483, (17, 96): 483, (17, 330): 483, (19, 56): 161, (19, 368): 161, (20, 44): 161, (20, 379): 161, (21, 210): 21, (21, 212): 21, (24, 61): 483, (24, 358): 483, (28, 72): 483, (28, 343): 483, (29, 60): 69, (29, 354): 69, (31, 49): 161, (31, 363): 161, (32, 64): 483, (32, 347): 483, (35, 178): 483, (35, 230): 483, (36, 105): 483, (36, 302): 483, (37, 168): 483, (37, 238): 483, (38, 411): 69, (38, 437): 69, (41, 130): 483, (41, 272): 483, (42, 114): 161, (42, 287): 161, (47, 417): 161, (47, 422): 161, (49, 188): 483, (49, 206): 483, (53, 103): 483, (53, 287): 483, (55, 15): 483, (55, 373): 483, (56, 391): 483, (56, 439): 483, (57, 59): 161, (57, 327): 161, (58, 47): 483, (58, 338): 483, (60, 146): 161, (60, 237): 161, (61, 83): 483, (61, 299): 483, (63, 10): 161, (63, 370): 161, (65, 83): 23, (65, 295): 23, (67, 39): 483, (67, 337): 483, (70, 18): 483, (70, 355): 483, (72, 394): 483, (72, 420): 483, (73, 151): 161, (73, 219): 161, (74, 142): 161, (74, 227): 161, (75, 394): 483, (75, 417): 483, (78, 98): 483, (78, 267): 483, (79, 51): 483, (79, 313): 483, (80, 58): 483, (80, 305): 483, (82, 67): 161, (82, 294): 161, (86, 13): 161, (86, 344): 161, (89, 90): 161, (89, 264): 161, (93, 54): 161, (93, 296): 161, (94, 80): 483, (94, 269): 483, (99, 93): 483, (99, 251): 483, (100, 167): 161, (100, 176): 161, (103, 78): 161, (103, 262): 161, (105, 101): 161, (105, 237): 161, (106, 348): 161, (106, 432): 161, (110, 153): 483, (110, 180): 483, (112, 143): 161, (112, 188): 161, (113, 18): 483, (113, 312): 483, (118, 153): 21, (118, 172): 21, (119, 7): 483, (119, 317): 483, (120, 39): 483, (120, 284): 483, (122, 358): 483, (122, 406): 483, (123, 120): 483, (123, 200): 483, (124, 344): 161, (124, 418): 161, (126, 146): 483, (126, 171): 483, (128, 30): 483, (128, 285): 483, (131, 376): 483, (131, 379): 483, (133, 25): 161, (133, 285): 161, (136, 138): 69, (136, 169): 69, (139, 59): 483, (139, 245): 483, (140, 72): 483, (140, 231): 483, (142, 53): 483, (142, 248): 483, (143, 306): 161, (143, 437): 161, (144, 50): 69, (144, 249): 69, (145, 313): 161, (145, 428): 161, (146, 127): 483, (146, 170): 483, (147, 306): 483, (147, 433): 483, (148, 349): 483, (148, 389): 483, (149, 84): 483, (149, 210): 483, (150, 79): 483, (150, 214): 483, (151, 96): 483, (151, 196): 483, (153, 306): 483, (153, 427): 483, (154, 342): 483, (154, 390): 483, (157, 46): 483, (157, 240): 483, (158, 86): 161, (158, 199): 161, (159, 32): 483, (159, 252): 483, (161, 312): 69, (161, 413): 69, (164, 9): 23, (164, 270): 23, (167, 49): 161, (167, 227): 161, (168, 62): 161, (168, 213): 161, (169, 312): 161, (169, 405): 161, (170, 71): 7, (170, 202): 7, (172, 33): 483, (172, 238): 483, (175, 352): 69, (175, 359): 69, (176, 4): 483, (176, 263): 483, (177, 24): 483, (177, 242): 483, (178, 29): 161, (178, 236): 161, (179, 299): 483, (179, 408): 483, (181, 337): 483, (181, 368): 483, (182, 285): 483, (182, 419): 483, (185, 300): 483, (185, 401): 483, (186, 107): 483, (186, 150): 483, (188, 110): 161, (188, 145): 161, (189, 19): 483, (189, 235): 483, (190, 52): 21, (190, 201): 21, (194, 68): 161, (194, 181): 161, (195, 337): 69, (195, 354): 69, (196, 63): 161, (196, 184): 161, (200, 109): 483, (200, 134): 483, (202, 14): 161, (202, 227): 161, (203, 299): 483, (203, 384): 483, (207, 323): 483, (207, 356): 483, (210, 289): 483, (210, 387): 483, (211, 334): 69, (211, 341): 69, (213, 308): 69, (213, 365): 69, (215, 75): 483, (215, 153): 483, (218, 297): 69, (218, 371): 69, (219, 313): 69, (219, 354): 69, (222, 319): 161, (222, 345): 161, (224, 328): 161, (224, 334): 161, (231, 215): 161, (231, 440): 161, (233, 309): 161, (233, 344): 161, (234, 238): 161, (234, 414): 161, (239, 222): 483, (239, 425): 483, (240, 5): 483, (240, 198): 483, (241, 261): 483, (241, 384): 483, (243, 275): 483, (243, 368): 483, (244, 6): 161, (244, 193): 161, (245, 49): 23, (245, 149): 23, (247, 59): 21, (247, 137): 21, (249, 63): 483, (249, 131): 483, (252, 254): 483, (252, 380): 483, (255, 29): 483, (255, 159): 483, (256, 39): 483, (256, 148): 483, (257, 40): 483, (257, 146): 483, (258, 190): 483, (258, 438): 483, (260, 18): 161, (260, 165): 161, (262, 187): 483, (262, 437): 483, (263, 226): 161, (263, 397): 161, (264, 85): 161, (264, 94): 161, (267, 74): 69, (267, 102): 69, (268, 193): 161, (268, 425): 161, (269, 19): 483, (269, 155): 483, (270, 281): 483, (270, 335): 483, (272, 74): 483, (272, 97): 483, (273, 210): 69, (273, 403): 69, (275, 72): 161, (275, 96): 161, (278, 237): 23, (278, 371): 23, (279, 303): 483, (279, 304): 483, (282, 188): 21, (282, 416): 21, (290, 277): 161, (290, 319): 161, (292, 215): 483, (292, 379): 483, (293, 155): 483, (293, 438): 483, (296, 196): 69, (296, 394): 69, (297, 231): 483, (297, 358): 483, (298, 242): 483, (298, 346): 483, (299, 271): 161, (299, 316): 161, (300, 5): 69, (300, 138): 69, (304, 247): 483, (304, 335): 483, (306, 30): 483, (306, 107): 483, (309, 148): 161, (309, 429): 161, (310, 268): 161, (310, 308): 161, (311, 152): 483, (311, 423): 483, (312, 239): 161, (312, 335): 161, (313, 26): 161, (313, 104): 161, (315, 131): 483, (315, 440): 483, (317, 43): 483, (317, 83): 483, (320, 200): 161, (320, 366): 161, (321, 148): 483, (321, 417): 483, (322, 131): 23, (322, 433): 23, (324, 155): 69, (324, 407): 69, (327, 0): 483, (327, 116): 483, (330, 12): 21, (330, 101): 21, (331, 214): 483, (331, 341): 483, (333, 1): 7, (333, 109): 7, (335, 113): 23, (335, 438): 23, (338, 252): 483, (338, 296): 483, (340, 106): 483, (340, 440): 483, (341, 127): 3, (341, 418): 3, (342, 110): 161, (342, 434): 161, (343, 34): 483, (343, 66): 483, (344, 201): 483, (344, 341): 483, (346, 5): 161, (346, 92): 161, (347, 22): 483, (347, 74): 483, (348, 251): 483, (348, 287): 483, (349, 170): 161, (349, 367): 161, (352, 201): 483, (352, 333): 483, (353, 109): 483, (353, 424): 483, (354, 27): 23, (354, 62): 23, (356, 110): 161, (356, 420): 161, (358, 245): 483, (358, 283): 483, (359, 141): 161, (359, 386): 161, (363, 215): 483, (363, 308): 483, (364, 17): 161, (364, 62): 161, (365, 126): 483, (365, 395): 483, (367, 147): 483, (367, 372): 483, (368, 154): 161, (368, 364): 161, (371, 31): 483, (371, 41): 483, (373, 81): 69, (373, 432): 69, (374, 193): 161, (374, 319): 161, (375, 158): 69, (375, 353): 69, (376, 179): 161, (376, 331): 161, (379, 82): 483, (379, 425): 483, (382, 3): 483, (382, 58): 483, (385, 244): 483, (385, 257): 483, (388, 206): 483, (388, 292): 483, (389, 245): 23, (389, 252): 23, (390, 125): 69, (390, 371): 69, (391, 170): 483, (391, 325): 483, (393, 51): 161, (393, 442): 161, (394, 107): 69, (394, 385): 69, (396, 133): 69, (396, 357): 69, (397, 217): 483, (397, 272): 483, (399, 127): 483, (399, 360): 483, (400, 77): 483, (400, 409): 483, (401, 89): 483, (401, 396): 483, (402, 45): 483, (402, 439): 483, (403, 216): 161, (403, 267): 161, (404, 91): 23, (404, 391): 23, (405, 214): 69, (405, 267): 69, (407, 47): 483, (407, 432): 483, (411, 233): 7, (411, 242): 7, (414, 51): 483, (414, 421): 483, (415, 60): 161, (415, 411): 161, (417, 36): 483, (417, 433): 483, (420, 64): 483, (420, 402): 483, (421, 47): 483, (421, 418): 483, (422, 178): 23, (422, 286): 23, (423, 175): 161, (423, 288): 161, (424, 58): 483, (424, 404): 483, (426, 69): 483, (426, 391): 483, (428, 19): 161, (428, 439): 161, (429, 178): 483, (429, 279): 483, (430, 182): 483, (430, 274): 483, (431, 57): 483, (431, 398): 483, (433, 42): 483, (433, 411): 483, (434, 64): 483, (434, 388): 483, (435, 186): 483, (435, 265): 483, (436, 139): 483, (436, 311): 483, (439, 196): 483, (439, 251): 483, (441, 63): 483, (441, 382): 483, (442, 60): 483, (442, 384): 483}
 
449, 444, True, 3, 148
{'infinity': 1, (0, 175): 222, (0, 274): 222, (1, 50): 148, (1, 398): 148, (3, 16): 444, (3, 430): 444, (5, 64): 148, (5, 380): 148, (6, 72): 148, (6, 371): 148, (8, 4): 444, (8, 437): 444, (12, 171): 444, (12, 266): 444, (16, 126): 444, (16, 307): 444, (17, 179): 111, (17, 253): 111, (27, 39): 74, (27, 383): 74, (29, 44): 222, (29, 376): 222, (31, 144): 444, (31, 274): 444, (32, 204): 222, (32, 213): 222, (33, 201): 222, (33, 215): 222, (34, 153): 444, (34, 262): 444, (37, 159): 12, (37, 253): 12, (38, 3): 148, (38, 408): 148, (39, 81): 3, (39, 329): 3, (40, 177): 111, (40, 232): 111, (43, 192): 111, (43, 214): 111, (45, 58): 148, (45, 346): 148, (47, 175): 148, (47, 227): 148, (50, 33): 12, (50, 366): 12, (53, 197): 37, (53, 199): 37, (56, 105): 6, (56, 288): 6, (57, 194): 37, (57, 198): 37, (59, 191): 4, (59, 199): 4, (61, 63): 74, (61, 325): 74, (62, 1): 222, (62, 386): 222, (64, 152): 37, (64, 233): 37, (65, 134): 111, (65, 250): 111, (66, 182): 74, (66, 201): 74, (67, 140): 111, (67, 242): 111, (68, 105): 444, (68, 276): 444, (69, 96): 444, (69, 284): 444, (70, 189): 444, (70, 190): 444, (72, 2): 111, (72, 375): 111, (75, 60): 444, (75, 314): 444, (77, 55): 74, (77, 317): 74, (79, 55): 444, (79, 315): 444, (81, 393): 444, (81, 424): 444, (85, 386): 444, (85, 427): 444, (88, 59): 148, (88, 302): 148, (89, 39): 444, (89, 321): 444, (92, 370): 444, (92, 436): 444, (96, 168): 444, (96, 185): 444, (98, 381): 222, (98, 419): 222, (99, 368): 111, (99, 431): 111, (102, 365): 148, (102, 431): 148, (106, 367): 444, (106, 425): 444, (107, 385): 148, (107, 406): 148, (108, 358): 74, (108, 432): 74, (110, 393): 74, (110, 395): 74, (111, 127): 148, (111, 211): 148, (112, 7): 444, (112, 330): 444, (115, 86): 111, (115, 248): 111, (117, 63): 444, (117, 269): 444, (119, 1): 222, (119, 329): 222, (122, 78): 37, (122, 249): 37, (123, 23): 444, (123, 303): 444, (125, 79): 444, (125, 245): 444, (126, 50): 111, (126, 273): 111, (127, 60): 444, (127, 262): 444, (128, 135): 444, (128, 186): 444, (129, 332): 111, (129, 437): 111, (130, 365): 444, (130, 403): 444, (134, 361): 111, (134, 403): 111, (135, 147): 444, (135, 167): 444, (138, 30): 222, (138, 281): 222, (140, 368): 222, (140, 390): 222, (142, 128): 148, (142, 179): 148, (143, 73): 222, (143, 233): 222, (144, 359): 111, (144, 395): 111, (147, 312): 222, (147, 439): 222, (148, 127): 444, (148, 174): 444, (150, 332): 74, (150, 416): 74, (152, 3): 222, (152, 294): 222, (154, 372): 2, (155, 334): 74, (155, 409): 74, (157, 133): 444, (157, 159): 444, (158, 81): 74, (158, 210): 74, (164, 358): 222, (164, 376): 222, (165, 103): 111, (165, 181): 111, (168, 297): 37, (168, 433): 37, (169, 75): 444, (169, 205): 444, (170, 332): 222, (170, 396): 222, (175, 83): 444, (175, 191): 444, (177, 358): 111, (177, 363): 111, (179, 28): 37, (179, 242): 37, (181, 2): 148, (181, 266): 148, (183, 82): 148, (183, 184): 148, (185, 310): 444, (185, 403): 444, (189, 287): 37, (189, 422): 37, (190, 127): 222, (190, 132): 222, (193, 301): 222, (193, 404): 222, (194, 125): 222, (194, 130): 222, (195, 308): 222, (195, 395): 222, (196, 2): 444, (196, 251): 444, (199, 9): 37, (199, 241): 37, (202, 341): 148, (202, 355): 148, (203, 4): 111, (203, 242): 111, (204, 42): 37, (204, 203): 37, (210, 320): 222, (210, 368): 222, (213, 255): 111, (213, 430): 111, (215, 43): 111, (215, 191): 111, (217, 316): 111, (217, 365): 111, (218, 38): 37, (218, 193): 37, (222, 298): 444, (222, 378): 444, (225, 335): 148, (225, 338): 148, (233, 235): 444, (233, 430): 444, (234, 19): 74, (234, 196): 74, (236, 47): 74, (236, 166): 74, (238, 4): 444, (238, 207): 444, (241, 278): 111, (241, 379): 111, (242, 233): 222, (242, 423): 222, (243, 77): 111, (243, 129): 111, (245, 68): 148, (245, 136): 148, (247, 60): 111, (247, 142): 111, (248, 219): 444, (248, 431): 444, (250, 88): 148, (250, 111): 148, (252, 81): 222, (252, 116): 222, (253, 225): 111, (253, 420): 111, (255, 35): 37, (255, 159): 37, (256, 266): 111, (256, 376): 111, (258, 247): 444, (258, 393): 444, (259, 3): 444, (259, 187): 444, (260, 90): 74, (260, 99): 74, (261, 10): 444, (261, 178): 444, (262, 291): 444, (262, 345): 444, (264, 208): 222, (264, 426): 222, (266, 5): 74, (266, 178): 74, (268, 1): 111, (268, 180): 111, (269, 310): 111, (269, 319): 111, (271, 63): 444, (271, 115): 444, (277, 56): 444, (277, 116): 444, (281, 12): 111, (281, 156): 111, (283, 208): 222, (283, 407): 222, (284, 76): 444, (284, 89): 444, (288, 262): 74, (288, 348): 74, (289, 301): 444, (289, 308): 444, (290, 179): 444, (290, 429): 444, (291, 278): 222, (291, 329): 222, (293, 55): 444, (293, 101): 444, (296, 11): 444, (296, 142): 444, (300, 257): 148, (300, 341): 148, (301, 219): 444, (301, 378): 444, (302, 210): 444, (302, 386): 444, (303, 150): 444, (303, 445): 444, (304, 251): 444, (304, 343): 444, (305, 220): 148, (305, 373): 148, (306, 54): 148, (306, 89): 148, (308, 52): 222, (308, 89): 222, (311, 18): 444, (311, 120): 444, (312, 149): 148, (312, 437): 148, (317, 181): 444, (317, 400): 444, (319, 239): 444, (319, 340): 444, (320, 29): 148, (320, 100): 148, (321, 173): 111, (321, 404): 111, (322, 50): 444, (322, 77): 444, (325, 19): 148, (325, 105): 148, (326, 279): 444, (326, 293): 444, (329, 28): 37, (329, 92): 37, (330, 133): 111, (330, 435): 111, (331, 195): 444, (331, 372): 444, (333, 39): 444, (333, 77): 444, (335, 267): 74, (335, 296): 74, (337, 199): 148, (337, 362): 148, (339, 19): 148, (339, 91): 148, (340, 42): 111, (340, 67): 111, (345, 137): 111, (345, 416): 111, (347, 17): 222, (347, 85): 222, (349, 219): 74, (349, 330): 74, (350, 201): 111, (350, 347): 111, (351, 208): 37, (351, 339): 37, (354, 42): 111, (354, 53): 111, (355, 142): 148, (355, 401): 148, (356, 168): 111, (356, 374): 111, (357, 184): 148, (357, 357): 148, (358, 184): 37, (358, 356): 37, (360, 117): 444, (360, 421): 444, (361, 109): 111, (361, 428): 111, (362, 14): 444, (362, 73): 444, (363, 202): 444, (363, 333): 444, (365, 163): 148, (365, 370): 148, (366, 254): 222, (366, 278): 222, (367, 8): 222, (367, 74): 222, (369, 116): 148, (369, 413): 148, (370, 0): 444, (370, 79): 444, (371, 178): 444, (371, 349): 444, (374, 209): 222, (374, 315): 222, (375, 145): 37, (375, 378): 37, (378, 249): 74, (378, 271): 74, (383, 231): 111, (383, 284): 111, (384, 110): 222, (384, 404): 222, (387, 169): 148, (387, 342): 148, (390, 28): 37, (390, 31): 37, (393, 73): 148, (393, 432): 148, (394, 61): 444, (394, 443): 444, (395, 250): 148, (395, 253): 148, (396, 161): 37, (396, 341): 37, (397, 69): 148, (397, 432): 148, (398, 249): 74, (398, 251): 74, (402, 175): 444, (402, 321): 444, (403, 79): 222, (403, 416): 222, (405, 194): 222, (405, 299): 222, (407, 170): 222, (407, 321): 222, (408, 98): 222, (408, 392): 222, (411, 133): 444, (411, 354): 444, (413, 113): 444, (413, 372): 444, (414, 176): 148, (414, 308): 148, (416, 181): 148, (416, 301): 148, (418, 206): 444, (418, 274): 444, (423, 144): 37, (423, 331): 37, (425, 121): 222, (425, 352): 222, (436, 194): 222, (436, 268): 222, (437, 131): 444, (437, 330): 444, (438, 210): 444, (438, 250): 444, (440, 107): 444, (440, 351): 444, (441, 87): 111, (441, 370): 111, (444, 144): 444, (444, 310): 444, (445, 138): 444, (445, 315): 444, (446, 168): 148, (446, 284): 148}
 
457, 432, False, 54, 8
{'infinity': 1, (1, 228): 2, (3, 143): 18, (3, 311): 18, (5, 178): 9, (5, 274): 9, (14, 152): 18, (14, 291): 18, (22, 191): 9, (22, 244): 9, (23, 134): 24, (23, 300): 24, (24, 180): 36, (24, 253): 36, (26, 62): 72, (26, 369): 72, (28, 87): 36, (28, 342): 36, (29, 109): 72, (29, 319): 72, (30, 70): 36, (30, 357): 36, (32, 44): 4, (32, 381): 4, (33, 10): 72, (33, 414): 72, (34, 29): 72, (34, 394): 72, (35, 14): 24, (35, 408): 24, (36, 185): 72, (36, 236): 72, (39, 142): 12, (39, 276): 12, (44, 50): 6, (44, 363): 6, (46, 39): 18, (46, 372): 18, (49, 157): 9, (49, 251): 9, (51, 418): 36, (51, 445): 36, (52, 126): 24, (52, 279): 24, (53, 149): 24, (53, 255): 24, (59, 401): 72, (59, 454): 72, (60, 36): 18, (60, 361): 18, (63, 90): 72, (63, 304): 72, (64, 34): 36, (64, 359): 36, (66, 167): 72, (66, 224): 72, (67, 58): 72, (67, 332): 72, (68, 156): 24, (68, 233): 24, (70, 418): 24, (70, 426): 24, (73, 16): 24, (73, 368): 24, (74, 409): 36, (74, 431): 36, (79, 185): 18, (79, 193): 18, (80, 91): 24, (80, 286): 24, (81, 133): 24, (81, 243): 24, (82, 115): 36, (82, 260): 36, (85, 82): 36, (85, 290): 36, (89, 87): 72, (89, 281): 72, (90, 169): 12, (90, 198): 12, (93, 29): 36, (93, 335): 36, (94, 152): 18, (94, 211): 18, (96, 124): 72, (96, 237): 72, (97, 118): 72, (97, 242): 72, (98, 7): 72, (98, 352): 72, (100, 399): 36, (100, 415): 36, (101, 368): 3, (101, 445): 3, (104, 70): 6, (104, 283): 6, (105, 91): 72, (105, 261): 72, (106, 95): 24, (106, 256): 24, (108, 2): 18, (108, 347): 18, (110, 352): 3, (110, 452): 3, (112, 359): 72, (112, 443): 72, (115, 397): 72, (115, 402): 72, (118, 43): 24, (118, 296): 24, (120, 118): 6, (120, 219): 6, (123, 20): 24, (123, 314): 24, (127, 385): 72, (127, 402): 72, (128, 122): 72, (128, 207): 72, (129, 123): 9, (129, 205): 9, (132, 125): 72, (132, 200): 72, (133, 89): 36, (133, 235): 36, (135, 345): 72, (135, 434): 72, (139, 147): 6, (139, 171): 6, (141, 64): 36, (141, 252): 36, (143, 383): 72, (143, 388): 72, (144, 145): 36, (144, 168): 36, (145, 23): 72, (145, 289): 72, (148, 51): 8, (148, 258): 8, (149, 2): 18, (149, 306): 18, (151, 15): 36, (151, 291): 36, (152, 36): 9, (152, 269): 9, (153, 82): 72, (153, 222): 72, (156, 121): 9, (156, 180): 9, (157, 107): 36, (157, 193): 36, (158, 378): 2, (159, 115): 12, (159, 183): 12, (161, 123): 18, (161, 173): 18, (162, 105): 18, (162, 190): 18, (163, 339): 72, (163, 412): 72, (165, 346): 36, (165, 403): 36, (167, 123): 18, (167, 167): 18, (170, 131): 6, (170, 156): 6, (171, 12): 72, (171, 274): 72, (173, 72): 72, (173, 212): 72, (175, 67): 36, (175, 215): 36, (177, 26): 36, (177, 254): 36, (180, 338): 72, (180, 396): 72, (184, 103): 72, (184, 170): 72, (188, 331): 72, (188, 395): 72, (189, 126): 72, (189, 142): 72, (192, 102): 12, (192, 163): 12, (196, 324): 12, (196, 394): 12, (200, 2): 18, (200, 255): 18, (201, 27): 24, (201, 229): 24, (202, 59): 24, (202, 196): 24, (204, 255): 72, (204, 455): 72, (211, 28): 72, (211, 218): 72, (213, 330): 6, (213, 371): 6, (214, 30): 6, (214, 213): 6, (215, 297): 12, (215, 402): 12, (216, 115): 18, (216, 126): 18, (219, 82): 24, (219, 156): 24, (221, 43): 12, (221, 193): 12, (222, 259): 18, (222, 433): 18, (224, 66): 72, (224, 167): 72, (227, 293): 72, (227, 394): 72, (228, 99): 24, (228, 130): 24, (229, 86): 72, (229, 142): 72, (240, 99): 72, (240, 118): 72, (241, 320): 72, (241, 353): 72, (245, 36): 6, (245, 176): 6, (247, 294): 24, (247, 373): 24, (249, 313): 72, (249, 352): 72, (250, 248): 72, (250, 416): 72, (252, 61): 18, (252, 144): 18, (253, 0): 72, (253, 204): 72, (254, 294): 18, (254, 366): 18, (256, 41): 36, (256, 160): 36, (259, 218): 72, (259, 437): 72, (263, 18): 24, (263, 176): 24, (266, 278): 36, (266, 370): 36, (271, 47): 24, (271, 139): 24, (272, 91): 36, (272, 94): 36, (274, 13): 12, (274, 170): 12, (276, 312): 72, (276, 326): 72, (277, 0): 36, (277, 180): 36, (278, 292): 72, (278, 344): 72, (281, 274): 24, (281, 359): 24, (282, 308): 24, (282, 324): 24, (283, 263): 24, (283, 368): 24, (284, 239): 4, (284, 391): 4, (287, 231): 72, (287, 396): 72, (288, 66): 18, (288, 103): 18, (290, 175): 72, (290, 449): 72, (292, 291): 12, (292, 331): 12, (294, 307): 36, (294, 313): 36, (295, 213): 72, (295, 406): 72, (297, 190): 8, (297, 427): 8, (298, 165): 72, (298, 451): 72, (299, 65): 18, (299, 93): 18, (305, 164): 36, (305, 445): 36, (306, 32): 24, (306, 119): 24, (307, 269): 8, (307, 338): 8, (309, 259): 36, (309, 346): 36, (313, 298): 12, (313, 303): 12, (317, 271): 72, (317, 326): 72, (318, 214): 72, (318, 382): 72, (320, 166): 36, (320, 428): 36, (321, 267): 6, (321, 326): 6, (322, 160): 72, (322, 432): 72, (323, 64): 36, (323, 70): 36, (324, 220): 72, (324, 370): 72, (326, 26): 36, (326, 105): 36, (329, 252): 36, (329, 333): 36, (330, 29): 72, (330, 98): 72, (336, 160): 72, (336, 418): 72, (340, 30): 72, (340, 87): 72, (342, 185): 72, (342, 387): 72, (345, 186): 24, (345, 383): 24, (349, 152): 6, (349, 413): 6, (351, 27): 72, (351, 79): 72, (353, 106): 12, (353, 455): 12, (357, 102): 72, (357, 455): 72, (358, 108): 36, (358, 448): 36, (359, 256): 18, (359, 299): 18, (360, 30): 72, (360, 67): 72, (362, 27): 18, (362, 68): 18, (365, 102): 72, (365, 447): 72, (370, 120): 72, (370, 424): 72, (371, 230): 72, (371, 313): 72, (372, 107): 6, (372, 435): 6, (373, 207): 12, (373, 334): 12, (374, 219): 9, (374, 321): 9, (379, 11): 24, (379, 67): 24, (380, 20): 24, (380, 57): 24, (383, 259): 12, (383, 272): 12, (384, 0): 8, (384, 73): 8, (385, 107): 36, (385, 422): 36, (391, 227): 36, (391, 296): 36, (395, 242): 36, (395, 277): 36, (397, 138): 18, (397, 379): 18, (398, 95): 24, (398, 421): 24, (399, 3): 12, (399, 55): 12, (400, 241): 9, (400, 273): 9, (402, 66): 24, (402, 446): 24, (405, 213): 72, (405, 296): 72, (406, 176): 24, (406, 332): 24, (407, 140): 24, (407, 367): 24, (410, 95): 12, (410, 409): 12, (411, 20): 3, (411, 26): 3, (412, 251): 2, (413, 207): 72, (413, 294): 72, (420, 219): 18, (420, 275): 18, (421, 76): 72, (421, 417): 72, (422, 242): 72, (422, 250): 72, (423, 245): 18, (423, 246): 18, (424, 153): 9, (424, 337): 9, (426, 105): 36, (426, 383): 36, (427, 149): 36, (427, 338): 36, (428, 181): 72, (428, 305): 72, (430, 75): 18, (430, 409): 18, (434, 149): 72, (434, 331): 72, (436, 154): 24, (436, 324): 24, (440, 128): 18, (440, 346): 18, (441, 141): 36, (441, 332): 36, (442, 103): 24, (442, 369): 24, (444, 218): 3, (444, 252): 3, (446, 99): 18, (446, 369): 18, (447, 71): 12, (447, 396): 12, (448, 56): 72, (448, 410): 72, (449, 209): 72, (449, 256): 72, (450, 64): 6, (450, 400): 6, (451, 33): 72, (451, 430): 72, (453, 210): 18, (453, 251): 18, (455, 190): 72, (455, 269): 72, (456, 170): 72, (456, 288): 72}
 
461, 480, True, 3, 160
{'infinity': 1, (1, 186): 480, (1, 274): 480, (2, 10): 32, (2, 449): 32, (3, 47): 80, (3, 411): 80, (6, 102): 240, (6, 353): 240, (8, 61): 480, (8, 392): 480, (9, 112): 240, (9, 340): 240, (10, 102): 480, (10, 349): 480, (12, 62): 96, (12, 387): 96, (13, 79): 120, (13, 369): 120, (14, 180): 160, (14, 267): 160, (18, 141): 160, (18, 302): 160, (23, 16): 480, (23, 422): 480, (24, 153): 32, (24, 284): 32, (26, 211): 480, (26, 224): 480, (27, 90): 160, (27, 344): 160, (29, 8): 160, (29, 424): 160, (30, 31): 60, (30, 400): 60, (31, 47): 16, (31, 383): 16, (32, 77): 480, (32, 352): 480, (33, 204): 240, (33, 224): 240, (38, 118): 48, (38, 305): 48, (39, 4): 240, (39, 418): 240, (40, 94): 32, (40, 327): 32, (42, 208): 480, (42, 211): 480, (45, 112): 120, (45, 304): 120, (46, 50): 240, (46, 365): 240, (47, 46): 96, (47, 368): 96, (48, 435): 160, (48, 439): 160, (49, 101): 10, (49, 311): 10, (51, 56): 240, (51, 354): 240, (54, 20): 96, (54, 387): 96, (55, 92): 480, (55, 314): 480, (56, 46): 480, (56, 359): 480, (57, 103): 96, (57, 301): 96, (58, 35): 80, (58, 368): 80, (60, 75): 48, (60, 326): 48, (66, 81): 480, (66, 314): 480, (68, 109): 160, (68, 284): 160, (69, 48): 160, (69, 344): 160, (71, 414): 160, (71, 437): 160, (72, 135): 40, (72, 254): 40, (73, 95): 480, (73, 293): 480, (76, 164): 240, (76, 221): 240, (77, 61): 24, (77, 323): 24, (79, 182): 32, (79, 200): 32, (80, 86): 32, (80, 295): 32, (83, 29): 480, (83, 349): 480, (84, 156): 160, (84, 221): 160, (85, 405): 96, (85, 432): 96, (87, 71): 5, (87, 303): 5, (90, 174): 96, (90, 197): 96, (91, 41): 120, (91, 329): 120, (92, 17): 48, (92, 352): 48, (95, 41): 60, (95, 325): 60, (96, 137): 480, (96, 228): 480, (97, 394): 120, (97, 431): 120, (98, 378): 12, (98, 446): 12, (99, 142): 80, (99, 220): 80, (103, 391): 480, (103, 428): 480, (104, 376): 480, (104, 442): 480, (107, 19): 120, (107, 335): 120, (109, 129): 40, (109, 223): 40, (112, 33): 480, (112, 316): 480, (115, 98): 40, (115, 248): 40, (117, 83): 80, (117, 261): 80, (118, 16): 30, (118, 327): 30, (121, 35): 240, (121, 305): 240, (122, 92): 5, (122, 247): 5, (126, 90): 8, (126, 245): 8, (129, 29): 15, (129, 303): 15, (130, 392): 480, (130, 400): 480, (133, 115): 480, (133, 213): 480, (135, 31): 60, (135, 295): 60, (136, 353): 160, (136, 433): 160, (138, 351): 8, (138, 433): 8, (139, 333): 160, (139, 450): 160, (140, 348): 30, (140, 434): 30, (142, 117): 96, (142, 202): 96, (143, 11): 4, (143, 307): 4, (145, 74): 480, (145, 242): 480, (148, 52): 30, (148, 261): 30, (150, 115): 480, (150, 196): 480, (152, 20): 480, (152, 289): 480, (153, 340): 16, (153, 429): 16, (155, 336): 32, (155, 431): 32, (158, 12): 480, (158, 291): 480, (159, 57): 240, (159, 245): 240, (161, 111): 240, (161, 189): 240, (163, 26): 60, (163, 272): 60, (165, 106): 480, (165, 190): 480, (166, 320): 240, (166, 436): 240, (167, 318): 160, (167, 437): 160, (168, 36): 480, (168, 257): 480, (171, 38): 480, (171, 252): 480, (172, 335): 80, (172, 415): 80, (175, 123): 480, (175, 163): 480, (176, 40): 240, (176, 245): 240, (178, 115): 16, (178, 168): 16, (179, 49): 240, (179, 233): 240, (182, 335): 240, (182, 405): 240, (183, 356): 240, (183, 383): 240, (184, 48): 160, (184, 229): 160, (185, 119): 240, (185, 157): 240, (186, 84): 240, (186, 191): 240, (187, 302): 160, (187, 433): 160, (188, 124): 15, (188, 149): 15, (190, 323): 480, (190, 409): 480, (194, 323): 480, (194, 405): 480, (196, 4): 240, (196, 261): 240, (198, 14): 80, (198, 249): 80, (199, 278): 480, (199, 445): 480, (201, 332): 80, (201, 389): 80, (202, 360): 2, (205, 70): 480, (205, 186): 480, (208, 48): 80, (208, 205): 80, (209, 282): 480, (209, 431): 480, (211, 89): 240, (211, 161): 240, (217, 283): 480, (217, 422): 480, (218, 260): 120, (218, 444): 120, (221, 279): 60, (221, 422): 60, (223, 262): 80, (223, 437): 80, (226, 4): 24, (226, 231): 24, (227, 331): 60, (227, 364): 60, (229, 13): 480, (229, 219): 480, (230, 66): 480, (230, 165): 480, (233, 299): 32, (233, 390): 32, (240, 270): 160, (240, 412): 160, (242, 99): 96, (242, 120): 96, (243, 298): 120, (243, 381): 120, (244, 298): 480, (244, 380): 480, (245, 303): 15, (245, 374): 15, (246, 295): 480, (246, 381): 480, (247, 292): 120, (247, 383): 120, (249, 29): 96, (249, 183): 96, (251, 39): 24, (251, 171): 24, (255, 20): 80, (255, 186): 80, (256, 302): 40, (256, 364): 40, (258, 258): 80, (258, 406): 80, (262, 256): 480, (262, 404): 480, (268, 287): 160, (268, 367): 160, (271, 249): 480, (271, 402): 480, (274, 239): 480, (274, 409): 480, (275, 41): 40, (275, 145): 40, (276, 315): 16, (276, 331): 16, (279, 1): 120, (279, 181): 120, (281, 25): 160, (281, 155): 160, (282, 35): 3, (282, 144): 3, (283, 44): 120, (283, 134): 120, (284, 85): 480, (284, 92): 480, (285, 231): 160, (285, 406): 160, (287, 22): 240, (287, 152): 240, (292, 258): 480, (292, 372): 480, (296, 31): 10, (296, 134): 10, (297, 239): 240, (297, 386): 240, (298, 44): 80, (298, 119): 80, (299, 283): 120, (299, 340): 120, (301, 221): 480, (301, 400): 480, (302, 305): 15, (302, 315): 15, (303, 292): 480, (303, 327): 480, (307, 252): 240, (307, 363): 240, (308, 63): 160, (308, 90): 160, (310, 0): 480, (310, 151): 480, (312, 5): 120, (312, 144): 120, (316, 264): 120, (316, 342): 120, (318, 276): 480, (318, 328): 480, (319, 250): 480, (319, 353): 480, (320, 16): 480, (320, 125): 480, (323, 207): 240, (323, 392): 240, (326, 189): 480, (326, 407): 480, (328, 144): 40, (328, 450): 40, (330, 244): 160, (330, 348): 160, (337, 233): 160, (337, 352): 160, (338, 163): 480, (338, 421): 480, (340, 268): 20, (340, 314): 20, (341, 44): 48, (341, 76): 48, (342, 28): 480, (342, 91): 480, (343, 134): 120, (343, 445): 120, (344, 263): 240, (344, 315): 240, (346, 205): 240, (346, 371): 240, (347, 146): 96, (347, 429): 96, (348, 161): 480, (348, 413): 480, (350, 281): 96, (350, 291): 96, (351, 239): 480, (351, 332): 480, (355, 113): 6, (355, 454): 6, (356, 198): 480, (356, 368): 480, (358, 46): 30, (358, 57): 30, (359, 187): 240, (359, 376): 240, (362, 242): 160, (362, 318): 160, (363, 161): 160, (363, 398): 160, (364, 131): 160, (364, 427): 160, (365, 213): 40, (365, 344): 40, (368, 205): 12, (368, 349): 12, (369, 269): 80, (369, 284): 80, (370, 220): 480, (370, 332): 480, (371, 23): 240, (371, 67): 240, (372, 258): 480, (372, 292): 480, (375, 17): 480, (375, 69): 480, (376, 24): 160, (376, 61): 160, (379, 137): 160, (379, 406): 160, (380, 97): 160, (380, 445): 160, (385, 33): 480, (385, 43): 480, (387, 150): 480, (387, 385): 480, (390, 185): 480, (390, 347): 480, (393, 211): 80, (393, 318): 80, (395, 140): 48, (395, 387): 48, (398, 214): 80, (398, 310): 80, (402, 224): 480, (402, 296): 480, (403, 210): 160, (403, 309): 160, (404, 78): 240, (404, 440): 240, (405, 57): 240, (405, 460): 240, (406, 233): 480, (406, 283): 480, (407, 112): 240, (407, 403): 240, (409, 163): 80, (409, 350): 80, (411, 231): 480, (411, 280): 480, (413, 71): 480, (413, 438): 480, (414, 217): 20, (414, 291): 20, (415, 242): 60, (415, 265): 60, (419, 172): 240, (419, 331): 240, (422, 71): 96, (422, 429): 96, (424, 213): 480, (424, 285): 480, (425, 3): 20, (425, 33): 20, (426, 170): 48, (426, 326): 48, (427, 47): 40, (427, 448): 40, (431, 130): 20, (431, 361): 20, (432, 193): 32, (432, 297): 32, (433, 108): 96, (433, 381): 96, (435, 189): 160, (435, 298): 160, (436, 160): 24, (436, 326): 24, (439, 119): 120, (439, 364): 120, (440, 143): 48, (440, 339): 48, (444, 226): 160, (444, 252): 160, (445, 102): 160, (445, 375): 160, (446, 139): 240, (446, 337): 240, (447, 137): 120, (447, 338): 120, (451, 216): 48, (451, 255): 48, (452, 122): 96, (452, 348): 96, (453, 220): 96, (453, 249): 96, (455, 17): 160, (455, 450): 160, (458, 55): 60, (458, 409): 60, (459, 87): 96, (459, 376): 96}
 
463, 459, False, 3, 153
{'infinity': 1, (3, 169): 153, (3, 291): 153, (8, 85): 153, (8, 370): 153, (10, 78): 51, (10, 375): 51, (11, 9): 153, (11, 443): 153, (13, 171): 51, (13, 279): 51, (14, 105): 153, (14, 344): 153, (15, 178): 9, (15, 270): 9, (16, 90): 153, (16, 357): 153, (17, 206): 153, (17, 240): 153, (19, 107): 153, (19, 337): 153, (21, 126): 153, (21, 316): 153, (26, 50): 17, (26, 387): 17, (27, 449): 51, (27, 450): 51, (28, 5): 51, (28, 430): 51, (30, 193): 153, (30, 240): 153, (31, 57): 153, (31, 375): 153, (32, 161): 51, (32, 270): 51, (33, 433): 51, (33, 460): 51, (34, 125): 51, (34, 304): 51, (35, 164): 153, (35, 264): 153, (36, 161): 153, (36, 266): 153, (37, 127): 51, (37, 299): 51, (38, 69): 51, (38, 356): 51, (39, 110): 153, (39, 314): 153, (40, 134): 153, (40, 289): 153, (41, 168): 153, (41, 254): 153, (43, 175): 17, (43, 245): 17, (44, 425): 51, (44, 457): 51, (45, 10): 51, (45, 408): 51, (51, 189): 51, (51, 223): 51, (53, 126): 153, (53, 284): 153, (54, 135): 51, (54, 274): 51, (56, 189): 51, (56, 218): 51, (58, 103): 51, (58, 302): 51, (59, 12): 153, (59, 392): 153, (60, 33): 51, (60, 370): 51, (66, 62): 153, (66, 335): 153, (75, 132): 153, (75, 256): 153, (76, 120): 153, (76, 267): 153, (77, 190): 153, (77, 196): 153, (78, 153): 153, (78, 232): 153, (83, 37): 51, (83, 343): 51, (86, 98): 153, (86, 279): 153, (93, 37): 51, (93, 333): 51, (94, 159): 153, (94, 210): 153, (96, 118): 153, (96, 249): 153, (100, 374): 153, (100, 452): 153, (102, 362): 153, (102, 462): 153, (104, 25): 153, (104, 334): 153, (105, 119): 153, (105, 239): 153, (110, 366): 51, (110, 450): 51, (111, 1): 51, (111, 351): 51, (112, 114): 3, (112, 237): 3, (113, 140): 153, (113, 210): 153, (114, 158): 153, (114, 191): 153, (115, 172): 9, (115, 176): 9, (116, 23): 153, (116, 324): 153, (117, 361): 153, (117, 448): 153, (122, 108): 51, (122, 233): 51, (123, 359): 153, (123, 444): 153, (126, 80): 153, (126, 257): 153, (128, 147): 51, (128, 188): 51, (129, 39): 51, (129, 295): 51, (136, 379): 153, (136, 411): 153, (137, 350): 153, (137, 439): 153, (143, 119): 153, (143, 201): 153, (144, 33): 153, (144, 286): 153, (145, 55): 153, (145, 263): 153, (146, 53): 51, (146, 264): 51, (147, 47): 153, (147, 269): 153, (149, 142): 51, (149, 172): 51, (150, 56): 153, (150, 257): 153, (152, 341): 153, (152, 433): 153, (153, 73): 153, (153, 237): 153, (154, 91): 153, (154, 218): 153, (158, 86): 51, (158, 219): 51, (164, 52): 153, (164, 247): 153, (167, 132): 9, (167, 164): 9, (168, 100): 153, (168, 195): 153, (169, 371): 153, (169, 386): 153, (170, 366): 3, (170, 390): 3, (172, 140): 51, (172, 151): 51, (173, 368): 9, (173, 385): 9, (174, 292): 153, (174, 460): 153, (178, 140): 153, (178, 145): 153, (180, 327): 153, (180, 419): 153, (182, 340): 153, (182, 404): 153, (183, 366): 17, (183, 377): 17, (184, 68): 153, (184, 211): 153, (186, 10): 153, (186, 267): 153, (187, 19): 51, (187, 257): 51, (188, 325): 153, (188, 413): 153, (191, 101): 153, (191, 171): 153, (192, 18): 153, (192, 253): 153, (194, 75): 153, (194, 194): 153, (197, 64): 51, (197, 202): 51, (198, 28): 153, (198, 237): 153, (199, 92): 153, (199, 172): 153, (200, 71): 9, (200, 192): 9, (201, 267): 51, (201, 458): 51, (202, 298): 153, (202, 426): 153, (203, 110): 153, (203, 150): 153, (206, 78): 153, (206, 179): 153, (208, 310): 153, (208, 408): 153, (210, 308): 153, (210, 408): 153, (215, 119): 153, (215, 129): 153, (217, 250): 51, (217, 459): 51, (220, 45): 153, (220, 198): 153, (221, 110): 51, (221, 132): 51, (224, 300): 9, (224, 402): 9, (225, 306): 153, (225, 395): 153, (230, 4): 153, (230, 229): 153, (232, 10): 153, (232, 221): 153, (233, 287): 153, (233, 406): 153, (240, 102): 51, (240, 121): 51, (241, 224): 51, (241, 461): 51, (242, 67): 153, (242, 154): 153, (245, 94): 153, (245, 124): 153, (247, 78): 153, (247, 138): 153, (249, 231): 51, (249, 446): 51, (251, 234): 51, (251, 441): 51, (253, 218): 153, (253, 455): 153, (254, 88): 153, (254, 121): 153, (255, 259): 153, (255, 412): 153, (256, 210): 153, (256, 460): 153, (257, 89): 153, (257, 117): 153, (259, 33): 153, (259, 171): 153, (260, 238): 51, (260, 428): 51, (261, 38): 51, (261, 164): 51, (262, 89): 153, (262, 112): 153, (269, 217): 9, (269, 440): 9, (270, 228): 153, (270, 428): 153, (272, 242): 153, (272, 412): 153, (273, 17): 153, (273, 173): 153, (275, 319): 51, (275, 332): 51, (276, 224): 51, (276, 426): 51, (277, 258): 153, (277, 391): 153, (278, 215): 153, (278, 433): 153, (279, 75): 153, (279, 109): 153, (280, 77): 153, (280, 106): 153, (281, 194): 153, (281, 451): 153, (282, 264): 153, (282, 380): 153, (283, 34): 153, (283, 146): 153, (287, 37): 51, (287, 139): 51, (289, 45): 51, (289, 129): 51, (290, 71): 153, (290, 102): 153, (291, 18): 153, (291, 154): 153, (296, 22): 153, (296, 145): 153, (299, 31): 153, (299, 133): 153, (303, 217): 51, (303, 406): 51, (310, 197): 153, (310, 419): 153, (313, 294): 153, (313, 319): 153, (314, 52): 51, (314, 97): 51, (316, 192): 153, (316, 418): 153, (317, 167): 153, (317, 442): 153, (323, 174): 9, (323, 429): 9, (325, 46): 51, (325, 92): 51, (326, 150): 51, (326, 450): 51, (327, 8): 153, (327, 128): 153, (328, 271): 153, (328, 327): 153, (329, 202): 153, (329, 395): 153, (331, 64): 153, (331, 68): 153, (333, 36): 153, (333, 94): 153, (335, 219): 153, (335, 372): 153, (337, 203): 153, (337, 386): 153, (338, 269): 153, (338, 319): 153, (339, 272): 153, (339, 315): 153, (342, 188): 51, (342, 396): 51, (343, 163): 153, (343, 420): 153, (348, 21): 17, (348, 94): 17, (349, 199): 153, (349, 378): 153, (353, 166): 153, (353, 407): 153, (354, 217): 153, (354, 355): 153, (356, 189): 51, (356, 381): 51, (358, 123): 51, (358, 445): 51, (364, 279): 153, (364, 283): 153, (366, 243): 51, (366, 317): 51, (370, 187): 51, (370, 369): 51, (372, 159): 51, (372, 395): 51, (373, 263): 51, (373, 290): 51, (375, 209): 153, (375, 342): 153, (378, 214): 153, (378, 334): 153, (383, 212): 153, (383, 331): 153, (386, 113): 153, (386, 427): 153, (387, 236): 3, (387, 303): 3, (389, 126): 51, (389, 411): 51, (390, 130): 153, (390, 406): 153, (393, 154): 153, (393, 379): 153, (395, 161): 153, (395, 370): 153, (396, 102): 153, (396, 428): 153, (397, 150): 153, (397, 379): 153, (398, 1): 153, (398, 64): 153, (399, 115): 153, (399, 412): 153, (400, 202): 153, (400, 324): 153, (401, 114): 153, (401, 411): 153, (402, 92): 153, (402, 432): 153, (404, 16): 17, (404, 43): 17, (407, 89): 51, (407, 430): 51, (408, 255): 153, (408, 263): 153, (409, 224): 17, (409, 293): 17, (410, 192): 153, (410, 324): 153, (411, 68): 3, (411, 447): 3, (412, 111): 153, (412, 403): 153, (413, 114): 153, (413, 399): 153, (416, 240): 153, (416, 270): 153, (417, 1): 153, (417, 45): 153, (418, 181): 153, (418, 327): 153, (420, 120): 153, (420, 386): 153, (422, 129): 153, (422, 375): 153, (427, 160): 153, (427, 339): 153, (430, 120): 51, (430, 376): 51, (432, 121): 153, (432, 373): 153, (433, 219): 153, (433, 274): 153, (436, 71): 51, (436, 419): 51, (439, 213): 153, (439, 274): 153, (440, 29): 51, (440, 457): 51, (441, 216): 17, (441, 269): 17, (442, 27): 51, (442, 457): 51, (443, 2): 153, (443, 18): 153, (444, 148): 51, (444, 334): 51, (446, 58): 153, (446, 422): 153, (447, 79): 153, (447, 400): 153, (448, 52): 9, (448, 426): 9, (451, 194): 51, (451, 281): 51, (452, 145): 17, (452, 329): 17, (453, 75): 51, (453, 398): 51, (455, 230): 51, (455, 241): 51, (456, 188): 51, (456, 282): 51, (460, 159): 153, (460, 307): 153}
 
467, 498, True, 3, 166
{'infinity': 1, (0, 137): 83, (0, 330): 83, (1, 110): 249, (1, 356): 249, (3, 219): 83, (3, 245): 83, (4, 95): 498, (4, 368): 498, (5, 8): 498, (5, 454): 498, (7, 108): 249, (7, 352): 249, (8, 17): 6, (8, 442): 6, (11, 142): 83, (11, 314): 83, (12, 138): 249, (12, 317): 249, (13, 192): 498, (13, 262): 498, (14, 194): 83, (14, 259): 83, (15, 40): 166, (15, 412): 166, (16, 82): 249, (16, 369): 249, (17, 453): 83, (17, 464): 83, (19, 184): 249, (19, 264): 249, (20, 154): 498, (20, 293): 498, (22, 446): 83, (22, 466): 83, (23, 204): 83, (23, 240): 83, (24, 128): 498, (24, 315): 498, (28, 151): 498, (28, 288): 498, (31, 33): 249, (31, 403): 249, (32, 66): 249, (32, 369): 249, (34, 209): 498, (34, 224): 498, (35, 177): 166, (35, 255): 166, (40, 67): 249, (40, 360): 249, (44, 5): 498, (44, 418): 498, (45, 433): 83, (45, 456): 83, (46, 198): 166, (46, 223): 166, (48, 84): 249, (48, 335): 249, (49, 96): 498, (49, 322): 498, (52, 204): 498, (52, 211): 498, (53, 4): 498, (53, 410): 498, (55, 115): 498, (55, 297): 498, (57, 200): 249, (57, 210): 249, (58, 2): 166, (58, 407): 166, (59, 192): 498, (59, 216): 498, (60, 130): 249, (60, 277): 249, (61, 162): 249, (61, 244): 249, (64, 48): 166, (64, 355): 166, (66, 412): 498, (66, 456): 498, (67, 33): 249, (67, 367): 249, (68, 184): 249, (68, 215): 249, (74, 13): 498, (74, 380): 498, (76, 411): 166, (76, 447): 166, (78, 407): 249, (78, 449): 249, (79, 34): 166, (79, 354): 166, (80, 47): 166, (80, 340): 166, (81, 40): 498, (81, 346): 498, (86, 154): 498, (86, 227): 498, (88, 111): 498, (88, 268): 498, (89, 158): 83, (89, 220): 83, (90, 183): 498, (90, 194): 498, (92, 70): 249, (92, 305): 249, (93, 1): 249, (93, 373): 249, (94, 28): 83, (94, 345): 83, (95, 83): 83, (95, 289): 83, (96, 108): 498, (96, 263): 498, (97, 397): 83, (97, 440): 83, (99, 101): 249, (99, 267): 249, (100, 54): 249, (100, 313): 249, (102, 121): 249, (102, 244): 249, (104, 102): 249, (104, 261): 249, (105, 414): 249, (105, 415): 249, (107, 49): 249, (107, 311): 249, (109, 48): 249, (109, 310): 249, (110, 109): 498, (110, 248): 498, (111, 128): 83, (111, 228): 83, (115, 105): 166, (115, 247): 166, (116, 57): 166, (116, 294): 166, (117, 55): 83, (117, 295): 83, (119, 11): 498, (119, 337): 498, (123, 87): 83, (123, 257): 83, (124, 123): 498, (124, 220): 498, (125, 9): 249, (125, 333): 249, (126, 394): 498, (126, 414): 498, (127, 49): 249, (127, 291): 249, (129, 147): 498, (129, 191): 498, (130, 114): 498, (130, 223): 498, (133, 94): 249, (133, 240): 249, (134, 64): 83, (134, 269): 83, (136, 4): 249, (136, 327): 249, (138, 372): 498, (138, 424): 498, (139, 29): 166, (139, 299): 166, (142, 151): 166, (142, 174): 166, (143, 117): 498, (143, 207): 498, (144, 340): 249, (144, 450): 249, (145, 21): 166, (145, 301): 166, (147, 54): 249, (147, 266): 249, (148, 114): 498, (148, 205): 498, (149, 99): 498, (149, 219): 498, (150, 138): 249, (150, 179): 249, (151, 155): 498, (151, 161): 498, (152, 100): 83, (152, 215): 83, (154, 18): 83, (154, 295): 83, (155, 134): 83, (155, 178): 83, (156, 134): 83, (156, 177): 83, (157, 353): 83, (157, 424): 83, (159, 106): 498, (159, 202): 498, (163, 374): 166, (163, 397): 166, (165, 101): 498, (165, 201): 498, (166, 47): 498, (166, 254): 498, (168, 364): 249, (168, 402): 249, (169, 133): 249, (169, 165): 249, (170, 41): 249, (170, 256): 249, (172, 338): 498, (172, 424): 498, (176, 5): 166, (176, 286): 166, (177, 141): 249, (177, 149): 249, (178, 30): 249, (178, 259): 249, (180, 12): 83, (180, 275): 83, (181, 3): 249, (181, 283): 249, (183, 320): 166, (183, 431): 166, (186, 35): 166, (186, 246): 166, (187, 110): 83, (187, 170): 83, (189, 114): 83, (189, 164): 83, (190, 335): 166, (190, 409): 166, (192, 314): 498, (192, 428): 498, (195, 321): 498, (195, 418): 498, (196, 295): 83, (196, 443): 83, (202, 356): 498, (202, 376): 498, (203, 101): 166, (203, 163): 166, (205, 308): 166, (205, 421): 166, (207, 330): 166, (207, 397): 166, (211, 288): 498, (211, 435): 498, (214, 32): 249, (214, 221): 249, (215, 328): 249, (215, 391): 249, (216, 112): 498, (216, 139): 498, (219, 80): 498, (219, 168): 498, (220, 54): 83, (220, 193): 83, (221, 47): 249, (221, 199): 249, (224, 31): 249, (224, 212): 249, (225, 120): 249, (225, 122): 249, (226, 249): 498, (226, 459): 498, (227, 103): 166, (227, 137): 166, (228, 288): 249, (228, 418): 249, (229, 335): 498, (229, 370): 498, (230, 265): 498, (230, 439): 498, (232, 319): 249, (232, 383): 249, (233, 49): 83, (233, 185): 83, (234, 343): 249, (234, 357): 249, (235, 234): 249, (235, 465): 249, (236, 284): 166, (236, 414): 166, (240, 90): 166, (240, 137): 166, (241, 238): 166, (241, 455): 166, (242, 65): 498, (242, 160): 498, (243, 340): 498, (243, 351): 498, (247, 5): 249, (247, 215): 249, (248, 53): 249, (248, 166): 249, (249, 342): 249, (249, 343): 249, (251, 90): 166, (251, 126): 166, (254, 220): 498, (254, 460): 498, (256, 292): 498, (256, 386): 498, (257, 85): 498, (257, 125): 498, (259, 58): 498, (259, 150): 498, (260, 330): 166, (260, 344): 166, (261, 10): 166, (261, 196): 166, (262, 284): 498, (262, 388): 498, (263, 72): 498, (263, 132): 498, (264, 314): 498, (264, 356): 498, (267, 325): 249, (267, 342): 249, (275, 259): 249, (275, 400): 249, (276, 14): 166, (276, 177): 166, (277, 23): 249, (277, 167): 249, (278, 4): 166, (278, 185): 166, (279, 78): 249, (279, 110): 249, (281, 68): 498, (281, 118): 498, (286, 225): 166, (286, 423): 166, (291, 223): 249, (291, 420): 249, (292, 253): 166, (292, 389): 166, (294, 48): 498, (294, 125): 498, (296, 213): 498, (296, 425): 498, (297, 19): 249, (297, 151): 249, (300, 189): 249, (300, 445): 249, (301, 6): 498, (301, 160): 498, (304, 244): 249, (304, 386): 249, (305, 24): 249, (305, 138): 249, (306, 165): 498, (306, 463): 498, (308, 260): 83, (308, 366): 83, (309, 31): 249, (309, 127): 249, (310, 193): 83, (310, 431): 83, (311, 240): 249, (311, 383): 249, (313, 51): 249, (313, 103): 249, (315, 219): 498, (315, 400): 498, (319, 287): 249, (319, 328): 249, (320, 250): 166, (320, 364): 166, (323, 65): 498, (323, 79): 498, (325, 239): 498, (325, 370): 498, (326, 148): 498, (326, 460): 498, (327, 36): 166, (327, 104): 166, (329, 188): 249, (329, 417): 249, (330, 52): 83, (330, 85): 83, (331, 196): 498, (331, 407): 498, (332, 7): 498, (332, 128): 498, (335, 149): 249, (335, 450): 249, (339, 254): 83, (339, 341): 83, (340, 29): 498, (340, 98): 498, (342, 196): 249, (342, 396): 249, (344, 190): 166, (344, 400): 166, (346, 50): 166, (346, 71): 166, (347, 35): 498, (347, 85): 498, (348, 39): 249, (348, 80): 249, (349, 11): 166, (349, 107): 166, (353, 122): 498, (353, 459): 498, (354, 120): 83, (354, 460): 83, (355, 120): 249, (355, 459): 249, (356, 122): 498, (356, 456): 498, (361, 154): 249, (361, 419): 249, (363, 194): 498, (363, 377): 498, (364, 108): 498, (364, 462): 498, (366, 258): 166, (366, 310): 166, (367, 20): 498, (367, 80): 498, (368, 248): 166, (368, 318): 166, (369, 33): 83, (369, 65): 83, (370, 226): 249, (370, 338): 249, (371, 40): 249, (371, 56): 249, (374, 174): 498, (374, 386): 498, (380, 184): 83, (380, 370): 83, (381, 205): 249, (381, 348): 249, (383, 125): 83, (383, 426): 83, (386, 136): 249, (386, 412): 249, (387, 175): 498, (387, 372): 498, (391, 160): 83, (391, 383): 83, (392, 204): 498, (392, 338): 498, (394, 103): 498, (394, 437): 498, (395, 192): 83, (395, 347): 83, (398, 197): 498, (398, 339): 498, (400, 206): 83, (400, 328): 83, (401, 31): 249, (401, 35): 249, (404, 193): 83, (404, 337): 83, (405, 205): 498, (405, 324): 498, (409, 153): 249, (409, 372): 249, (411, 186): 498, (411, 337): 498, (413, 231): 249, (413, 290): 249, (415, 26): 2, (418, 174): 249, (418, 342): 249, (419, 146): 249, (419, 369): 249, (422, 149): 249, (422, 363): 249, (423, 185): 166, (423, 326): 166, (429, 251): 498, (429, 254): 498, (436, 214): 249, (436, 284): 249, (441, 62): 166, (441, 431): 166, (443, 90): 83, (443, 401): 83, (444, 38): 498, (444, 452): 498, (446, 124): 498, (446, 364): 498, (451, 140): 249, (451, 343): 249, (455, 29): 249, (455, 450): 249, (456, 230): 3, (456, 248): 3, (459, 165): 498, (459, 310): 498, (463, 235): 83, (463, 236): 83, (466, 11): 249, (466, 457): 249}
 
479, 480, False, 6, 80
{'infinity': 1, (0, 133): 240, (0, 346): 240, (2, 105): 60, (2, 372): 60, (3, 51): 80, (3, 425): 80, (8, 114): 5, (8, 357): 5, (11, 162): 240, (11, 306): 240, (12, 170): 60, (12, 297): 60, (16, 217): 120, (16, 246): 120, (18, 28): 48, (18, 433): 48, (19, 2): 48, (19, 458): 48, (21, 113): 120, (21, 345): 120, (22, 27): 48, (22, 430): 48, (24, 12): 120, (24, 443): 120, (27, 60): 16, (27, 392): 16, (29, 204): 80, (29, 246): 80, (32, 42): 8, (32, 405): 8, (40, 99): 240, (40, 340): 240, (41, 24): 240, (41, 414): 240, (42, 29): 240, (42, 408): 240, (47, 211): 240, (47, 221): 240, (49, 443): 48, (49, 466): 48, (50, 108): 60, (50, 321): 60, (51, 57): 120, (51, 371): 120, (54, 42): 120, (54, 383): 120, (55, 189): 240, (55, 235): 240, (56, 129): 16, (56, 294): 16, (57, 106): 240, (57, 316): 240, (58, 133): 80, (58, 288): 80, (59, 48): 120, (59, 372): 120, (60, 49): 80, (60, 370): 80, (61, 182): 80, (61, 236): 80, (63, 153): 60, (63, 263): 60, (64, 148): 5, (64, 267): 5, (68, 108): 8, (68, 303): 8, (73, 122): 80, (73, 284): 80, (74, 99): 48, (74, 306): 48, (76, 37): 120, (76, 366): 120, (82, 136): 80, (82, 261): 80, (84, 153): 12, (84, 242): 12, (85, 116): 240, (85, 278): 240, (86, 184): 120, (86, 209): 120, (87, 192): 80, (87, 200): 80, (90, 434): 2, (92, 28): 240, (92, 359): 240, (95, 143): 15, (95, 241): 15, (97, 103): 16, (97, 279): 16, (99, 392): 240, (99, 467): 240, (100, 417): 3, (100, 441): 3, (101, 180): 30, (101, 198): 30, (102, 58): 240, (102, 319): 240, (105, 136): 80, (105, 238): 80, (106, 185): 80, (106, 188): 80, (108, 162): 240, (108, 209): 240, (109, 409): 240, (109, 440): 240, (112, 115): 60, (112, 252): 60, (113, 8): 60, (113, 358): 60, (114, 72): 20, (114, 293): 20, (116, 124): 240, (116, 239): 240, (117, 124): 15, (117, 238): 15, (120, 11): 30, (120, 348): 30, (121, 37): 40, (121, 321): 40, (125, 159): 240, (125, 195): 240, (126, 43): 40, (126, 310): 40, (131, 87): 240, (131, 261): 240, (133, 371): 80, (133, 454): 80, (134, 365): 24, (134, 459): 24, (135, 137): 80, (135, 207): 80, (137, 89): 30, (137, 253): 30, (140, 363): 60, (140, 455): 60, (144, 146): 60, (144, 189): 60, (145, 115): 24, (145, 219): 24, (147, 151): 40, (147, 181): 40, (148, 148): 120, (148, 183): 120, (150, 81): 10, (150, 248): 10, (156, 395): 48, (156, 407): 48, (158, 48): 4, (158, 273): 4, (161, 355): 4, (161, 442): 4, (162, 67): 120, (162, 250): 120, (163, 346): 120, (163, 449): 120, (167, 345): 10, (167, 446): 10, (170, 57): 20, (170, 252): 20, (173, 388): 240, (173, 397): 240, (174, 370): 240, (174, 414): 240, (175, 138): 120, (175, 166): 120, (176, 58): 80, (176, 245): 80, (180, 8): 80, (180, 291): 80, (183, 131): 10, (183, 165): 10, (184, 51): 80, (184, 244): 80, (185, 24): 30, (185, 270): 30, (186, 8): 240, (186, 285): 240, (188, 92): 240, (188, 199): 240, (189, 308): 240, (189, 461): 240, (190, 22): 12, (190, 267): 12, (192, 111): 120, (192, 176): 120, (197, 30): 30, (197, 252): 30, (199, 29): 240, (199, 251): 240, (200, 74): 60, (200, 205): 60, (201, 58): 30, (201, 220): 30, (202, 73): 240, (202, 204): 240, (205, 287): 80, (205, 466): 80, (206, 334): 120, (206, 418): 120, (209, 27): 240, (209, 243): 240, (210, 275): 240, (210, 473): 240, (214, 94): 240, (214, 171): 240, (217, 6): 80, (217, 256): 80, (218, 362): 48, (218, 378): 48, (219, 100): 30, (219, 160): 30, (221, 290): 240, (221, 447): 240, (222, 115): 120, (222, 142): 120, (225, 267): 60, (225, 466): 60, (226, 338): 20, (226, 394): 20, (231, 18): 24, (231, 230): 24, (234, 78): 240, (234, 167): 240, (237, 317): 80, (237, 404): 80, (238, 29): 8, (238, 212): 8, (242, 41): 240, (242, 196): 240, (245, 343): 120, (245, 370): 120, (246, 109): 80, (246, 124): 80, (248, 27): 120, (248, 204): 120, (252, 31): 240, (252, 196): 240, (253, 24): 240, (253, 202): 240, (257, 238): 240, (257, 463): 240, (258, 57): 120, (258, 164): 120, (259, 264): 240, (259, 435): 240, (262, 48): 120, (262, 169): 120, (263, 260): 120, (263, 435): 120, (264, 280): 40, (264, 414): 40, (266, 261): 60, (266, 431): 60, (267, 64): 120, (267, 148): 120, (268, 85): 240, (268, 126): 240, (269, 54): 240, (269, 156): 240, (270, 327): 15, (270, 361): 15, (272, 296): 80, (272, 390): 80, (274, 331): 240, (274, 353): 240, (276, 31): 48, (276, 172): 48, (279, 277): 240, (279, 402): 240, (280, 10): 240, (280, 189): 240, (282, 37): 30, (282, 160): 30, (285, 209): 80, (285, 464): 80, (291, 322): 24, (291, 345): 24, (292, 51): 20, (292, 136): 20, (293, 292): 240, (293, 373): 240, (295, 292): 240, (295, 371): 240, (297, 18): 120, (297, 164): 120, (300, 254): 240, (300, 404): 240, (301, 247): 240, (301, 410): 240, (302, 21): 10, (302, 156): 10, (303, 231): 240, (303, 424): 240, (305, 272): 240, (305, 381): 240, (306, 64): 8, (306, 109): 8, (308, 321): 24, (308, 329): 24, (309, 218): 48, (309, 431): 48, (313, 70): 48, (313, 96): 48, (316, 296): 80, (316, 346): 80, (317, 10): 240, (317, 152): 240, (318, 59): 20, (318, 102): 20, (320, 199): 120, (320, 439): 120, (323, 280): 40, (323, 355): 40, (325, 22): 240, (325, 132): 240, (332, 153): 15, (332, 473): 15, (333, 286): 240, (333, 339): 240, (335, 163): 80, (335, 460): 80, (336, 175): 120, (336, 447): 120, (343, 53): 80, (343, 83): 80, (348, 290): 80, (348, 320): 80, (349, 65): 2, (350, 41): 30, (350, 88): 30, (351, 207): 30, (351, 400): 30, (352, 203): 120, (352, 403): 120, (353, 213): 60, (353, 392): 60, (355, 273): 40, (355, 330): 40, (359, 250): 60, (359, 349): 60, (360, 162): 40, (360, 436): 40, (361, 10): 120, (361, 108): 120, (362, 245): 240, (362, 351): 240, (363, 282): 120, (363, 313): 120, (365, 15): 20, (365, 99): 20, (366, 41): 80, (366, 72): 80, (369, 28): 120, (369, 82): 120, (370, 292): 20, (370, 296): 20, (371, 280): 20, (371, 307): 20, (372, 45): 60, (372, 62): 60, (376, 30): 6, (376, 73): 6, (377, 234): 40, (377, 347): 40, (378, 125): 48, (378, 455): 48, (380, 26): 240, (380, 73): 240, (382, 239): 120, (382, 337): 120, (383, 144): 240, (383, 431): 240, (385, 30): 30, (385, 64): 30, (386, 0): 80, (386, 93): 80, (387, 156): 48, (387, 415): 48, (389, 279): 24, (389, 290): 24, (390, 139): 240, (390, 429): 240, (391, 1): 40, (391, 87): 40, (392, 97): 16, (392, 469): 16, (393, 42): 30, (393, 44): 30, (394, 258): 10, (394, 306): 10, (399, 40): 2, (400, 248): 240, (400, 310): 240, (401, 110): 16, (401, 447): 16, (402, 157): 240, (402, 399): 240, (403, 164): 12, (403, 391): 12, (405, 229): 6, (405, 324): 6, (406, 109): 80, (406, 443): 80, (407, 158): 240, (407, 393): 240, (408, 248): 240, (408, 302): 240, (410, 215): 40, (410, 333): 40, (413, 242): 24, (413, 303): 24, (416, 69): 48, (416, 473): 48, (418, 168): 40, (418, 372): 40, (420, 245): 120, (420, 293): 120, (421, 133): 120, (421, 404): 120, (423, 155): 240, (423, 380): 240, (424, 241): 120, (424, 293): 120, (426, 20): 40, (426, 33): 40, (427, 90): 16, (427, 441): 16, (428, 129): 80, (428, 401): 80, (430, 18): 60, (430, 31): 60, (431, 86): 48, (431, 441): 48, (432, 216): 240, (432, 310): 240, (434, 246): 240, (434, 278): 240, (436, 87): 240, (436, 435): 240, (437, 250): 40, (437, 271): 40, (438, 112): 60, (438, 408): 60, (439, 241): 40, (439, 278): 40, (440, 63): 80, (440, 455): 80, (442, 147): 80, (442, 369): 80, (443, 14): 240, (443, 22): 240, (444, 76): 240, (444, 438): 240, (445, 240): 40, (445, 273): 40, (450, 199): 16, (450, 309): 16, (451, 91): 240, (451, 416): 240, (457, 160): 10, (457, 341): 10, (460, 239): 16, (460, 259): 16, (461, 242): 24, (461, 255): 24, (462, 173): 48, (462, 323): 48, (464, 196): 12, (464, 298): 12, (467, 46): 240, (467, 445): 240, (472, 207): 48, (472, 279): 48, (474, 129): 40, (474, 355): 40, (477, 178): 6, (477, 303): 6, (478, 72): 80, (478, 408): 80}
 
487, 504, True, 3, 168
{'infinity': 1, (0, 35): 72, (0, 452): 72, (3, 68): 252, (3, 416): 252, (9, 84): 63, (9, 394): 63, (12, 101): 504, (12, 374): 504, (13, 213): 126, (13, 261): 126, (15, 220): 252, (15, 252): 252, (16, 105): 63, (16, 366): 63, (19, 97): 252, (19, 371): 252, (20, 470): 504, (20, 484): 504, (22, 222): 252, (22, 243): 252, (23, 33): 63, (23, 431): 63, (26, 105): 504, (26, 356): 504, (27, 102): 252, (27, 358): 252, (30, 15): 63, (30, 442): 63, (33, 65): 84, (33, 389): 84, (35, 219): 504, (35, 233): 504, (39, 451): 56, (39, 484): 56, (45, 100): 504, (45, 342): 504, (46, 47): 252, (46, 394): 252, (47, 30): 504, (47, 410): 504, (52, 139): 126, (52, 296): 126, (54, 157): 504, (54, 276): 504, (55, 447): 24, (55, 472): 24, (58, 81): 21, (58, 348): 21, (59, 100): 126, (59, 328): 126, (61, 143): 504, (61, 283): 504, (62, 11): 504, (62, 414): 504, (64, 43): 504, (64, 380): 504, (65, 138): 72, (65, 284): 72, (67, 138): 126, (67, 282): 126, (68, 102): 504, (68, 317): 504, (71, 85): 168, (71, 331): 168, (74, 63): 252, (74, 350): 252, (76, 124): 56, (76, 287): 56, (78, 426): 504, (78, 470): 504, (80, 61): 168, (80, 346): 168, (81, 34): 252, (81, 372): 252, (82, 69): 126, (82, 336): 126, (83, 39): 252, (83, 365): 252, (86, 183): 168, (86, 218): 168, (87, 88): 84, (87, 312): 84, (88, 60): 504, (88, 339): 504, (89, 59): 504, (89, 339): 504, (91, 99): 504, (91, 297): 504, (93, 119): 72, (93, 275): 72, (94, 14): 504, (94, 379): 504, (98, 52): 24, (98, 337): 24, (101, 173): 42, (101, 213): 42, (102, 98): 168, (102, 287): 168, (104, 90): 504, (104, 293): 504, (106, 18): 252, (106, 363): 252, (108, 417): 504, (108, 449): 504, (112, 169): 72, (112, 206): 72, (113, 139): 24, (113, 235): 24, (114, 416): 14, (114, 444): 14, (115, 50): 252, (115, 322): 252, (118, 108): 63, (118, 261): 63, (120, 166): 3, (120, 201): 3, (121, 124): 504, (121, 242): 504, (123, 43): 12, (123, 321): 12, (124, 106): 84, (124, 257): 84, (125, 92): 504, (125, 270): 504, (129, 365): 56, (129, 480): 56, (131, 389): 36, (131, 454): 36, (132, 174): 504, (132, 181): 504, (140, 158): 28, (140, 189): 28, (143, 90): 504, (143, 254): 504, (144, 19): 36, (144, 324): 36, (145, 404): 63, (145, 425): 63, (146, 381): 252, (146, 447): 252, (147, 158): 56, (147, 182): 56, (149, 67): 504, (149, 271): 504, (150, 34): 504, (150, 303): 504, (151, 36): 168, (151, 300): 168, (152, 156): 63, (152, 179): 63, (153, 62): 21, (153, 272): 21, (154, 3): 504, (154, 330): 504, (155, 337): 504, (155, 482): 504, (158, 79): 9, (158, 250): 9, (159, 390): 168, (159, 425): 168, (162, 6): 504, (162, 319): 504, (163, 156): 504, (163, 168): 504, (168, 119): 504, (168, 200): 504, (171, 350): 72, (171, 453): 72, (172, 156): 504, (172, 159): 504, (174, 326): 504, (174, 474): 504, (178, 89): 63, (178, 220): 63, (179, 87): 56, (179, 221): 56, (181, 135): 168, (181, 171): 168, (182, 45): 504, (182, 260): 504, (183, 366): 504, (183, 425): 504, (186, 86): 42, (186, 215): 42, (187, 49): 21, (187, 251): 21, (188, 372): 126, (188, 414): 126, (189, 378): 42, (189, 407): 42, (190, 117): 504, (190, 180): 504, (192, 118): 18, (192, 177): 18, (193, 137): 504, (193, 157): 504, (196, 385): 504, (196, 393): 504, (198, 134): 28, (198, 155): 28, (199, 112): 504, (199, 176): 504, (200, 129): 56, (200, 158): 56, (201, 304): 168, (201, 469): 168, (202, 71): 504, (202, 214): 504, (205, 30): 84, (205, 252): 84, (210, 113): 7, (210, 164): 7, (215, 17): 252, (215, 255): 252, (217, 4): 504, (217, 266): 504, (218, 372): 252, (218, 384): 252, (225, 21): 126, (225, 241): 126, (226, 119): 21, (226, 142): 21, (227, 349): 252, (227, 398): 252, (228, 354): 72, (228, 392): 72, (230, 35): 72, (230, 222): 72, (232, 371): 2, (234, 337): 252, (234, 403): 252, (235, 30): 504, (235, 222): 504, (236, 367): 252, (236, 371): 252, (237, 323): 168, (237, 414): 168, (240, 90): 84, (240, 157): 84, (241, 310): 252, (241, 423): 252, (242, 350): 168, (242, 382): 168, (245, 31): 56, (245, 211): 56, (247, 277): 252, (247, 450): 252, (250, 29): 28, (250, 208): 28, (251, 108): 63, (251, 128): 63, (254, 110): 504, (254, 123): 504, (255, 355): 504, (255, 364): 504, (256, 34): 168, (256, 197): 168, (257, 35): 6, (257, 195): 6, (258, 288): 504, (258, 428): 504, (259, 78): 56, (259, 150): 56, (260, 95): 504, (260, 132): 504, (262, 320): 36, (262, 392): 36, (263, 80): 126, (263, 144): 126, (264, 315): 126, (264, 395): 126, (266, 258): 504, (266, 450): 504, (267, 252): 126, (267, 455): 126, (268, 288): 252, (268, 418): 252, (270, 247): 42, (270, 457): 42, (272, 23): 504, (272, 192): 504, (273, 10): 252, (273, 204): 252, (274, 333): 252, (274, 367): 252, (275, 334): 72, (275, 365): 72, (283, 309): 18, (283, 382): 18, (286, 241): 504, (286, 447): 504, (288, 320): 504, (288, 366): 504, (289, 286): 504, (289, 399): 504, (290, 73): 252, (290, 124): 252, (291, 42): 168, (291, 154): 168, (292, 249): 126, (292, 433): 126, (293, 308): 252, (293, 373): 252, (294, 220): 84, (294, 460): 84, (296, 95): 84, (296, 96): 84, (297, 13): 7, (297, 177): 7, (300, 43): 504, (300, 144): 504, (301, 205): 36, (301, 468): 36, (302, 205): 9, (302, 467): 9, (305, 269): 252, (305, 400): 252, (306, 45): 168, (306, 136): 168, (308, 229): 63, (308, 437): 63, (309, 287): 84, (309, 378): 84, (310, 325): 84, (310, 339): 84, (313, 221): 126, (313, 440): 126, (315, 23): 14, (315, 149): 14, (320, 12): 168, (320, 155): 168, (322, 26): 504, (322, 139): 504, (323, 262): 63, (323, 389): 63, (330, 7): 252, (330, 150): 252, (331, 42): 504, (331, 114): 504, (333, 208): 168, (333, 433): 168, (342, 255): 126, (342, 377): 126, (343, 271): 28, (343, 360): 28, (345, 147): 72, (345, 482): 72, (347, 6): 28, (347, 134): 28, (349, 192): 504, (349, 433): 504, (351, 164): 9, (351, 459): 9, (352, 42): 36, (352, 93): 36, (353, 192): 252, (353, 429): 252, (355, 138): 168, (355, 481): 168, (356, 261): 126, (356, 357): 126, (365, 226): 56, (365, 383): 56, (369, 237): 84, (369, 368): 84, (370, 188): 252, (370, 416): 252, (371, 205): 36, (371, 398): 36, (373, 213): 63, (373, 388): 63, (374, 4): 42, (374, 109): 42, (376, 200): 7, (376, 398): 7, (383, 4): 504, (383, 100): 504, (384, 46): 63, (384, 57): 63, (385, 150): 504, (385, 439): 504, (386, 270): 252, (386, 318): 252, (387, 23): 504, (387, 77): 504, (388, 1): 63, (388, 98): 63, (389, 115): 21, (389, 470): 21, (390, 260): 504, (390, 324): 504, (391, 208): 24, (391, 375): 24, (392, 102): 8, (392, 480): 8, (393, 32): 126, (393, 62): 126, (394, 18): 252, (394, 75): 252, (396, 231): 63, (396, 347): 63, (402, 260): 252, (402, 312): 252, (408, 273): 56, (408, 293): 56, (409, 14): 18, (409, 64): 18, (410, 194): 252, (410, 370): 252, (411, 144): 504, (411, 419): 504, (412, 199): 72, (412, 363): 72, (413, 164): 63, (413, 397): 63, (416, 218): 56, (416, 340): 56, (417, 255): 84, (417, 302): 84, (418, 95): 504, (418, 461): 504, (420, 209): 504, (420, 345): 504, (423, 146): 12, (423, 405): 12, (424, 230): 504, (424, 320): 504, (426, 8): 126, (426, 53): 126, (427, 61): 168, (427, 486): 168, (428, 62): 126, (428, 484): 126, (429, 134): 14, (429, 411): 14, (430, 200): 504, (430, 344): 504, (432, 148): 252, (432, 394): 252, (435, 191): 504, (435, 348): 504, (437, 253): 504, (437, 284): 504, (439, 63): 168, (439, 472): 168, (440, 210): 168, (440, 324): 168, (441, 103): 504, (441, 430): 504, (445, 105): 72, (445, 424): 72, (448, 238): 168, (448, 288): 168, (449, 143): 504, (449, 382): 504, (451, 259): 504, (451, 264): 504, (453, 41): 28, (453, 480): 28, (454, 167): 252, (454, 353): 252, (456, 155): 168, (456, 363): 168, (458, 58): 8, (458, 458): 8, (461, 63): 504, (461, 450): 504, (462, 219): 252, (462, 293): 252, (463, 241): 168, (463, 270): 168, (464, 143): 63, (464, 367): 63, (465, 6): 504, (465, 16): 504, (466, 66): 504, (466, 442): 504, (467, 61): 21, (467, 446): 21, (471, 2): 56, (471, 14): 56, (472, 218): 42, (472, 284): 42, (474, 18): 63, (474, 482): 63, (476, 120): 4, (476, 378): 4, (477, 219): 168, (477, 278): 168, (478, 54): 168, (478, 442): 168, (480, 22): 84, (480, 472): 84, (481, 145): 504, (481, 348): 504, (482, 221): 504, (482, 271): 504, (484, 98): 72, (484, 392): 72, (485, 177): 126, (485, 312): 126, (486, 45): 252, (486, 443): 252}
 
491, 456, False, 6, 76
{'infinity': 1, (0, 196): 114, (0, 295): 114, (1, 165): 38, (1, 325): 38, (2, 63): 38, (2, 426): 38, (5, 43): 114, (5, 443): 114, (7, 129): 228, (7, 355): 228, (9, 112): 228, (9, 370): 228, (12, 120): 228, (12, 359): 228, (13, 128): 114, (13, 350): 114, (15, 173): 114, (15, 303): 114, (16, 87): 114, (16, 388): 114, (17, 164): 114, (17, 310): 114, (18, 71): 76, (18, 402): 76, (21, 51): 114, (21, 419): 114, (22, 39): 228, (22, 430): 228, (23, 234): 2, (26, 187): 38, (26, 278): 38, (29, 77): 228, (29, 385): 228, (30, 23): 76, (30, 438): 76, (31, 65): 228, (31, 395): 228, (33, 21): 76, (33, 437): 76, (34, 34): 114, (34, 423): 114, (35, 465): 57, (35, 482): 57, (38, 88): 114, (38, 365): 114, (39, 43): 114, (39, 409): 114, (44, 149): 228, (44, 298): 228, (45, 82): 228, (45, 364): 228, (47, 44): 76, (47, 400): 76, (53, 21): 228, (53, 417): 228, (54, 192): 38, (54, 245): 38, (55, 65): 76, (55, 371): 76, (56, 170): 57, (56, 265): 57, (58, 160): 76, (58, 273): 76, (60, 60): 57, (60, 371): 57, (61, 130): 19, (61, 300): 19, (65, 189): 114, (65, 237): 114, (68, 116): 114, (68, 307): 114, (70, 109): 76, (70, 312): 76, (75, 51): 114, (75, 365): 114, (76, 439): 76, (76, 467): 76, (77, 74): 228, (77, 340): 228, (81, 182): 57, (81, 228): 57, (83, 157): 114, (83, 251): 114, (86, 90): 76, (86, 315): 76, (89, 185): 228, (89, 217): 228, (92, 76): 76, (92, 323): 76, (94, 176): 57, (94, 221): 57, (99, 397): 228, (99, 486): 228, (103, 11): 38, (103, 377): 38, (104, 100): 114, (104, 287): 114, (105, 40): 228, (105, 346): 228, (107, 393): 228, (107, 482): 228, (108, 425): 114, (108, 449): 114, (109, 146): 228, (109, 236): 228, (110, 399): 228, (110, 473): 228, (111, 139): 76, (111, 241): 76, (114, 431): 76, (114, 437): 76, (115, 105): 228, (115, 271): 228, (117, 49): 114, (117, 325): 114, (118, 112): 76, (118, 261): 76, (120, 95): 114, (120, 276): 114, (121, 29): 228, (121, 341): 228, (124, 16): 57, (124, 351): 57, (126, 73): 76, (126, 292): 76, (127, 420): 228, (127, 435): 228, (128, 99): 76, (128, 264): 76, (130, 406): 38, (130, 446): 38, (135, 105): 228, (135, 251): 228, (137, 85): 114, (137, 269): 114, (140, 403): 114, (140, 439): 114, (142, 350): 228, (142, 490): 228, (143, 354): 228, (143, 485): 228, (148, 417): 2, (151, 396): 76, (151, 435): 76, (153, 358): 228, (153, 471): 228, (154, 405): 6, (154, 423): 6, (155, 69): 38, (155, 267): 38, (156, 339): 114, (156, 487): 114, (157, 356): 114, (157, 469): 114, (158, 17): 114, (158, 316): 114, (159, 353): 76, (159, 470): 76, (160, 128): 76, (160, 203): 76, (162, 120): 19, (162, 209): 19, (164, 140): 228, (164, 187): 228, (166, 49): 114, (166, 276): 114, (170, 12): 6, (170, 309): 6, (174, 24): 228, (174, 293): 228, (175, 366): 19, (175, 441): 19, (177, 125): 38, (177, 189): 38, (179, 127): 114, (179, 185): 114, (181, 44): 76, (181, 266): 76, (185, 101): 228, (185, 205): 228, (187, 133): 19, (187, 171): 19, (188, 122): 114, (188, 181): 114, (191, 331): 3, (191, 460): 3, (193, 380): 228, (193, 409): 228, (194, 340): 228, (194, 448): 228, (196, 78): 76, (196, 217): 76, (197, 147): 2, (198, 46): 228, (198, 247): 228, (205, 10): 114, (205, 276): 114, (206, 68): 114, (206, 217): 114, (207, 135): 38, (207, 149): 38, (208, 49): 114, (208, 234): 114, (211, 61): 228, (211, 219): 228, (213, 334): 114, (213, 435): 114, (214, 79): 76, (214, 198): 76, (215, 96): 114, (215, 180): 114, (216, 310): 228, (216, 456): 228, (217, 381): 228, (217, 384): 228, (220, 340): 114, (220, 422): 114, (223, 83): 228, (223, 185): 228, (224, 114): 228, (224, 153): 228, (226, 70): 114, (226, 195): 114, (228, 37): 19, (228, 226): 19, (230, 6): 228, (230, 255): 228, (233, 333): 114, (233, 416): 114, (234, 306): 76, (234, 442): 76, (235, 279): 228, (235, 468): 228, (239, 254): 228, (239, 489): 228, (240, 102): 228, (240, 149): 228, (241, 105): 114, (241, 145): 114, (244, 48): 114, (244, 199): 114, (248, 18): 38, (248, 225): 38, (249, 53): 6, (249, 189): 6, (250, 115): 114, (250, 126): 114, (254, 7): 76, (254, 230): 76, (255, 18): 19, (255, 218): 19, (257, 242): 228, (257, 483): 228, (258, 310): 76, (258, 414): 76, (259, 314): 76, (259, 409): 76, (260, 234): 114, (260, 488): 114, (262, 86): 114, (262, 143): 114, (263, 44): 38, (263, 184): 38, (264, 263): 38, (264, 455): 38, (269, 45): 228, (269, 177): 228, (271, 97): 228, (271, 123): 228, (272, 343): 57, (272, 367): 57, (273, 251): 228, (273, 458): 228, (274, 94): 12, (274, 123): 12, (275, 268): 228, (275, 439): 228, (276, 48): 228, (276, 167): 228, (280, 248): 57, (280, 454): 57, (281, 235): 228, (281, 466): 228, (287, 68): 76, (287, 136): 76, (290, 275): 228, (290, 417): 228, (301, 3): 228, (301, 187): 228, (303, 256): 57, (303, 423): 57, (307, 5): 114, (307, 179): 114, (308, 50): 76, (308, 133): 76, (309, 329): 228, (309, 344): 228, (315, 333): 228, (315, 334): 228, (317, 54): 228, (317, 120): 228, (318, 45): 228, (318, 128): 228, (320, 184): 38, (320, 478): 38, (325, 235): 114, (325, 422): 114, (326, 324): 57, (326, 332): 57, (327, 47): 228, (327, 117): 228, (328, 222): 19, (328, 432): 19, (333, 168): 228, (333, 481): 228, (336, 296): 228, (336, 350): 228, (337, 277): 114, (337, 368): 114, (338, 180): 228, (338, 464): 228, (339, 267): 114, (339, 376): 114, (343, 212): 114, (343, 427): 114, (344, 201): 38, (344, 437): 38, (348, 36): 114, (348, 107): 114, (349, 151): 76, (349, 482): 76, (350, 313): 76, (350, 319): 76, (352, 255): 57, (352, 375): 57, (355, 10): 114, (355, 126): 114, (357, 242): 114, (357, 383): 114, (360, 137): 228, (360, 485): 228, (362, 309): 12, (362, 311): 12, (364, 15): 114, (364, 112): 114, (368, 242): 228, (368, 372): 228, (369, 247): 114, (369, 366): 114, (373, 284): 57, (373, 325): 57, (376, 235): 228, (376, 371): 228, (377, 126): 38, (377, 479): 38, (378, 239): 57, (378, 365): 57, (379, 261): 76, (379, 342): 76, (382, 127): 228, (382, 473): 228, (385, 172): 228, (385, 425): 228, (388, 236): 228, (388, 358): 228, (391, 140): 228, (391, 451): 228, (392, 35): 38, (392, 64): 38, (395, 45): 38, (395, 51): 38, (396, 142): 228, (396, 444): 228, (397, 156): 12, (397, 429): 12, (398, 246): 114, (398, 338): 114, (399, 184): 38, (399, 399): 38, (400, 255): 228, (400, 327): 228, (405, 21): 57, (405, 65): 57, (407, 144): 76, (407, 431): 76, (408, 197): 228, (408, 377): 228, (409, 282): 38, (409, 291): 38, (415, 247): 76, (415, 320): 76, (416, 231): 114, (416, 335): 114, (419, 118): 38, (419, 445): 38, (421, 127): 228, (421, 434): 228, (422, 10): 19, (422, 59): 19, (423, 272): 57, (423, 287): 57, (427, 140): 38, (427, 415): 38, (429, 180): 76, (429, 373): 76, (430, 124): 57, (430, 428): 57, (434, 215): 76, (434, 333): 76, (435, 90): 4, (435, 457): 4, (437, 123): 57, (437, 422): 57, (438, 178): 114, (438, 366): 114, (439, 103): 228, (439, 440): 228, (441, 183): 114, (441, 358): 114, (447, 1): 38, (447, 43): 38, (450, 223): 4, (450, 309): 4, (454, 194): 12, (454, 334): 12, (455, 240): 38, (455, 287): 38, (461, 90): 38, (461, 431): 38, (462, 48): 76, (462, 472): 76, (467, 38): 38, (467, 477): 38, (468, 0): 228, (468, 23): 228, (471, 134): 228, (471, 377): 228, (473, 110): 228, (473, 399): 228, (476, 188): 228, (476, 318): 228, (479, 18): 38, (479, 485): 38, (484, 23): 114, (484, 475): 114, (485, 236): 38, (485, 261): 38, (487, 133): 76, (487, 362): 76, (488, 227): 57, (488, 267): 57, (489, 68): 228, (489, 425): 228, (490, 19): 19, (490, 473): 19}
 
499, 459, True, 9, 51
{'infinity': 1, (0, 165): 153, (0, 334): 153, (1, 40): 459, (1, 458): 459, (2, 157): 459, (2, 340): 459, (3, 134): 459, (3, 362): 459, (4, 34): 459, (4, 461): 459, (6, 239): 153, (6, 254): 153, (7, 75): 17, (7, 417): 17, (10, 125): 459, (10, 364): 459, (11, 138): 51, (11, 350): 51, (14, 118): 27, (14, 367): 27, (16, 107): 459, (16, 376): 459, (18, 56): 459, (18, 425): 459, (19, 152): 153, (19, 328): 153, (20, 142): 459, (20, 337): 459, (24, 80): 459, (24, 395): 459, (25, 209): 459, (25, 265): 459, (27, 196): 459, (27, 276): 459, (30, 62): 459, (30, 407): 459, (32, 47): 153, (32, 420): 153, (33, 108): 459, (33, 358): 459, (38, 105): 459, (38, 356): 459, (40, 195): 459, (40, 264): 459, (41, 213): 459, (41, 245): 459, (43, 475): 153, (43, 480): 153, (46, 9): 153, (46, 444): 153, (48, 466): 459, (48, 484): 459, (50, 164): 459, (50, 285): 459, (51, 117): 459, (51, 331): 459, (55, 123): 459, (55, 321): 459, (56, 83): 459, (56, 360): 459, (57, 51): 459, (57, 391): 459, (59, 451): 9, (59, 488): 9, (63, 182): 459, (63, 254): 459, (64, 87): 459, (64, 348): 459, (65, 457): 459, (65, 476): 459, (66, 189): 459, (66, 244): 459, (67, 457): 459, (67, 474): 459, (68, 152): 51, (68, 279): 51, (69, 26): 27, (69, 404): 27, (71, 207): 459, (71, 221): 459, (72, 146): 153, (72, 281): 153, (74, 8): 459, (74, 417): 459, (77, 169): 153, (77, 253): 153, (79, 58): 51, (79, 362): 51, (81, 2): 17, (81, 416): 17, (82, 158): 459, (82, 259): 459, (83, 195): 17, (83, 221): 17, (84, 84): 27, (84, 331): 27, (85, 177): 459, (85, 237): 459, (87, 7): 153, (87, 405): 153, (88, 19): 153, (88, 392): 153, (90, 143): 153, (90, 266): 153, (94, 57): 459, (94, 348): 459, (97, 53): 51, (97, 349): 51, (103, 125): 51, (103, 271): 51, (105, 438): 459, (105, 455): 459, (107, 58): 459, (107, 334): 459, (111, 443): 459, (111, 444): 459, (115, 98): 459, (115, 286): 459, (119, 43): 153, (119, 337): 153, (121, 34): 153, (121, 344): 153, (122, 117): 459, (122, 260): 459, (123, 139): 459, (123, 237): 459, (124, 129): 3, (124, 246): 3, (125, 30): 459, (125, 344): 459, (128, 179): 153, (128, 192): 153, (130, 19): 459, (130, 350): 459, (132, 129): 459, (132, 238): 459, (134, 384): 459, (134, 480): 459, (138, 98): 17, (138, 263): 17, (144, 57): 459, (144, 298): 459, (145, 176): 459, (145, 178): 459, (146, 91): 153, (146, 262): 153, (150, 153): 153, (150, 196): 153, (152, 29): 459, (152, 318): 459, (153, 73): 459, (153, 273): 459, (155, 56): 153, (155, 288): 153, (156, 399): 459, (156, 443): 459, (159, 415): 459, (159, 424): 459, (160, 9): 459, (160, 330): 459, (161, 92): 459, (161, 246): 459, (163, 379): 27, (163, 456): 27, (164, 341): 459, (164, 493): 459, (168, 361): 459, (168, 469): 459, (171, 90): 27, (171, 238): 27, (172, 47): 459, (172, 280): 459, (176, 112): 153, (176, 211): 153, (178, 146): 153, (178, 175): 153, (183, 81): 459, (183, 235): 459, (184, 51): 459, (184, 264): 459, (191, 120): 459, (191, 188): 459, (196, 65): 459, (196, 238): 459, (197, 7): 51, (197, 295): 51, (201, 385): 153, (201, 412): 153, (202, 140): 153, (202, 157): 153, (205, 346): 459, (205, 447): 459, (209, 313): 459, (209, 476): 459, (212, 359): 459, (212, 427): 459, (213, 339): 459, (213, 446): 459, (214, 39): 459, (214, 246): 459, (215, 7): 9, (215, 277): 9, (221, 324): 153, (221, 453): 153, (222, 278): 459, (222, 498): 459, (224, 282): 459, (224, 492): 459, (225, 297): 459, (225, 476): 459, (226, 33): 459, (226, 240): 459, (228, 325): 459, (228, 445): 459, (232, 323): 153, (232, 443): 153, (235, 113): 153, (235, 151): 153, (236, 114): 459, (236, 149): 459, (242, 97): 459, (242, 160): 459, (243, 127): 459, (243, 129): 459, (245, 18): 459, (245, 236): 459, (246, 98): 459, (246, 155): 459, (249, 104): 153, (249, 146): 153, (252, 64): 459, (252, 183): 459, (253, 344): 459, (253, 401): 459, (254, 309): 51, (254, 435): 51, (255, 311): 153, (255, 432): 153, (256, 49): 153, (256, 194): 153, (257, 289): 153, (257, 452): 153, (258, 51): 459, (258, 190): 459, (261, 57): 459, (261, 181): 459, (263, 63): 51, (263, 173): 51, (269, 14): 153, (269, 216): 153, (270, 310): 27, (270, 418): 27, (272, 28): 153, (272, 199): 153, (273, 96): 153, (273, 130): 153, (274, 69): 51, (274, 156): 51, (275, 264): 459, (275, 459): 459, (276, 79): 459, (276, 144): 459, (277, 86): 51, (277, 136): 51, (278, 338): 153, (278, 382): 153, (281, 19): 459, (281, 199): 459, (282, 16): 459, (282, 201): 459, (283, 333): 459, (283, 382): 459, (285, 95): 153, (285, 119): 153, (286, 86): 51, (286, 127): 51, (290, 274): 459, (290, 434): 459, (291, 237): 153, (291, 470): 153, (292, 347): 153, (292, 359): 153, (293, 9): 459, (293, 197): 459, (294, 70): 459, (294, 135): 459, (295, 47): 459, (295, 157): 459, (296, 268): 459, (296, 434): 459, (303, 315): 153, (303, 380): 153, (307, 60): 51, (307, 132): 51, (308, 248): 459, (308, 442): 459, (309, 218): 153, (309, 471): 153, (313, 58): 459, (313, 128): 459, (315, 37): 459, (315, 147): 459, (320, 218): 459, (320, 460): 459, (322, 196): 459, (322, 480): 459, (323, 21): 51, (323, 155): 51, (326, 56): 27, (326, 117): 27, (327, 211): 153, (327, 460): 153, (328, 228): 51, (328, 442): 51, (330, 59): 153, (330, 110): 153, (331, 228): 459, (331, 439): 459, (334, 11): 17, (334, 154): 17, (339, 228): 459, (339, 431): 459, (341, 309): 459, (341, 348): 459, (342, 212): 459, (342, 444): 459, (345, 221): 459, (345, 432): 459, (351, 187): 459, (351, 460): 459, (357, 162): 459, (357, 479): 459, (358, 290): 459, (358, 350): 459, (360, 301): 459, (360, 337): 459, (361, 313): 459, (361, 324): 459, (362, 194): 459, (362, 442): 459, (364, 303): 459, (364, 331): 459, (367, 174): 459, (367, 457): 459, (369, 218): 459, (369, 411): 459, (371, 54): 51, (371, 74): 51, (374, 34): 459, (374, 91): 459, (376, 195): 459, (376, 427): 459, (377, 270): 459, (377, 351): 459, (380, 194): 459, (380, 424): 459, (384, 298): 459, (384, 316): 459, (386, 125): 459, (386, 487): 459, (392, 272): 459, (392, 334): 459, (398, 168): 459, (398, 432): 459, (403, 286): 459, (403, 309): 459, (407, 214): 459, (407, 377): 459, (410, 161): 459, (410, 427): 459, (412, 152): 153, (412, 434): 153, (413, 103): 459, (413, 482): 459, (415, 217): 153, (415, 366): 153, (416, 258): 27, (416, 324): 27, (417, 219): 459, (417, 362): 459, (418, 163): 459, (418, 417): 459, (420, 261): 459, (420, 317): 459, (428, 257): 153, (428, 313): 153, (429, 155): 459, (429, 414): 459, (430, 254): 459, (430, 314): 459, (433, 179): 459, (433, 386): 459, (435, 86): 17, (435, 477): 17, (437, 179): 459, (437, 382): 459, (439, 8): 459, (439, 52): 459, (441, 20): 153, (441, 38): 153, (444, 275): 459, (444, 279): 459, (445, 199): 459, (445, 354): 459, (451, 251): 51, (451, 296): 51, (454, 10): 153, (454, 35): 153, (455, 186): 17, (455, 357): 17, (456, 207): 459, (456, 335): 459, (459, 115): 459, (459, 424): 459, (463, 180): 459, (463, 355): 459, (465, 111): 459, (465, 422): 459, (466, 109): 153, (466, 423): 153, (469, 127): 459, (469, 402): 459, (470, 230): 459, (470, 298): 459, (471, 207): 459, (471, 320): 459, (473, 137): 153, (473, 388): 153, (474, 88): 459, (474, 436): 459, (477, 126): 459, (477, 395): 459, (478, 91): 459, (478, 429): 459, (479, 215): 459, (479, 304): 459, (480, 232): 17, (480, 286): 17, (481, 68): 459, (481, 449): 459, (482, 44): 459, (482, 472): 459, (485, 6): 153, (485, 8): 153, (486, 233): 459, (486, 279): 459, (488, 89): 459, (488, 421): 459, (492, 41): 459, (492, 465): 459, (494, 145): 27, (494, 359): 27, (495, 211): 153, (495, 292): 153, (496, 48): 459, (496, 454): 459, (497, 106): 9, (497, 395): 9}
 
