"486.d1"	486	1	[]	0	[1, -1, 1, -1109, -13931]	[[-19, 8]]

p prime of good reduction, N = #E(F_p), isCyclic, index of E(Q) in E(F_p), order of image of E(Q) 

5, 9, True, 3, 3
{'infinity': 1, (1, 0): 3, (1, 3): 3, (2, 0): 9, (2, 2): 9, (3, 0): 9, (3, 1): 9, (4, 1): 9, (4, 4): 9}
 
7, 12, True, 3, 4
{'infinity': 1, (0, 2): 6, (0, 4): 6, (1, 1): 3, (1, 4): 3, (2, 1): 4, (2, 3): 4, (4, 0): 12, (4, 2): 12, (5, 0): 12, (5, 1): 12, (6, 0): 2}
 
11, 18, True, 3, 6
{'infinity': 1, (0, 2): 9, (0, 8): 9, (1, 2): 9, (1, 7): 9, (3, 8): 6, (3, 10): 6, (4, 7): 18, (4, 10): 18, (5, 6): 9, (5, 10): 9, (6, 0): 18, (6, 4): 18, (7, 7): 2, (8, 4): 3, (8, 9): 3, (9, 4): 18, (9, 8): 18}
 
13, 12, True, 3, 4
{'infinity': 1, (2, 5): 2, (4, 3): 12, (4, 5): 12, (5, 1): 6, (5, 6): 6, (6, 2): 3, (6, 4): 3, (7, 8): 4, (7, 10): 4, (8, 5): 12, (8, 12): 12}
 
17, 18, True, 3, 6
{'infinity': 1, (3, 4): 18, (3, 9): 18, (4, 3): 18, (4, 9): 18, (5, 5): 9, (5, 6): 9, (7, 2): 3, (7, 7): 3, (8, 0): 9, (8, 8): 9, (9, 12): 2, (11, 9): 9, (11, 13): 9, (12, 8): 18, (12, 13): 18, (15, 8): 6, (15, 10): 6}
 
19, 21, True, 3, 7
{'infinity': 1, (0, 8): 7, (0, 10): 7, (1, 2): 21, (1, 15): 21, (3, 2): 7, (3, 13): 7, (9, 1): 21, (9, 8): 21, (10, 9): 21, (10, 18): 21, (11, 8): 21, (11, 18): 21, (12, 1): 21, (12, 5): 21, (13, 7): 7, (13, 17): 7, (16, 0): 21, (16, 2): 21, (18, 1): 3, (18, 18): 3}
 
23, 27, True, 3, 9
{'infinity': 1, (0, 5): 27, (0, 17): 27, (1, 6): 27, (1, 15): 27, (2, 7): 27, (2, 13): 27, (4, 8): 9, (4, 10): 9, (7, 7): 27, (7, 8): 27, (8, 5): 9, (8, 9): 9, (11, 12): 27, (11, 22): 27, (13, 1): 27, (13, 8): 27, (15, 0): 27, (15, 7): 27, (16, 1): 27, (16, 5): 27, (17, 12): 27, (17, 16): 27, (18, 1): 9, (18, 3): 9, (19, 12): 3, (19, 14): 3}
 
29, 27, True, 3, 9
{'infinity': 1, (5, 8): 27, (5, 15): 27, (6, 7): 27, (6, 15): 27, (10, 8): 9, (10, 10): 9, (12, 4): 9, (12, 12): 9, (14, 16): 3, (14, 27): 3, (15, 5): 27, (15, 8): 27, (17, 5): 9, (17, 6): 9, (19, 15): 27, (19, 23): 27, (21, 13): 27, (21, 23): 27, (24, 11): 27, (24, 22): 27, (26, 3): 27, (26, 28): 27, (27, 5): 27, (27, 25): 27, (28, 9): 27, (28, 20): 27}
 
31, 30, True, 6, 5
{'infinity': 1, (2, 10): 30, (2, 18): 30, (3, 29): 2, (4, 9): 15, (4, 17): 15, (5, 12): 15, (5, 13): 15, (10, 8): 5, (10, 12): 5, (11, 22): 3, (11, 28): 3, (12, 8): 5, (12, 10): 5, (14, 7): 30, (14, 9): 30, (17, 1): 15, (17, 12): 15, (18, 2): 30, (18, 10): 30, (25, 11): 10, (25, 25): 10, (27, 4): 10, (27, 30): 10, (28, 6): 15, (28, 27): 15, (29, 15): 30, (29, 17): 30, (30, 14): 6, (30, 17): 6}
 
37, 30, True, 6, 5
{'infinity': 1, (0, 15): 6, (0, 21): 6, (4, 33): 5, (4, 36): 5, (5, 10): 15, (5, 21): 15, (8, 12): 30, (8, 16): 30, (9, 11): 30, (9, 16): 30, (13, 24): 15, (13, 36): 15, (14, 11): 2, (15, 10): 15, (15, 11): 15, (17, 26): 3, (17, 30): 3, (18, 8): 5, (18, 10): 5, (19, 20): 30, (19, 34): 30, (21, 16): 15, (21, 36): 15, (22, 5): 10, (22, 9): 10, (31, 17): 30, (31, 25): 30, (33, 19): 10, (33, 21): 10}
 
41, 54, True, 3, 18
{'infinity': 1, (0, 11): 9, (0, 29): 9, (1, 6): 54, (1, 33): 54, (2, 18): 54, (2, 20): 54, (3, 3): 27, (3, 34): 27, (4, 16): 27, (4, 20): 27, (7, 6): 27, (7, 27): 27, (8, 16): 2, (9, 2): 27, (9, 29): 27, (12, 31): 27, (12, 38): 27, (13, 9): 9, (13, 18): 9, (14, 32): 54, (14, 35): 54, (15, 27): 18, (15, 39): 18, (16, 7): 3, (16, 17): 3, (19, 28): 18, (19, 34): 18, (20, 27): 54, (20, 34): 54, (22, 8): 18, (22, 10): 18, (25, 19): 54, (25, 37): 54, (27, 18): 54, (27, 36): 54, (28, 5): 27, (28, 7): 27, (30, 16): 54, (30, 35): 54, (31, 12): 9, (31, 38): 9, (33, 19): 27, (33, 29): 27, (34, 0): 54, (34, 6): 54, (36, 20): 54, (36, 25): 54, (38, 13): 6, (38, 30): 6, (39, 7): 27, (39, 35): 27, (40, 3): 27, (40, 38): 27}
 
43, 48, False, 6, 8
{'infinity': 1, (1, 20): 6, (1, 21): 6, (2, 14): 24, (2, 26): 24, (4, 15): 12, (4, 23): 12, (6, 18): 2, (8, 11): 8, (8, 23): 8, (9, 9): 24, (9, 24): 24, (10, 16): 2, (11, 14): 24, (11, 17): 24, (17, 34): 2, (18, 27): 8, (18, 40): 8, (21, 1): 12, (21, 20): 12, (22, 0): 4, (22, 20): 4, (23, 25): 3, (23, 37): 3, (24, 8): 8, (24, 10): 8, (25, 29): 24, (25, 31): 24, (27, 28): 12, (27, 30): 12, (28, 27): 8, (28, 30): 8, (29, 1): 12, (29, 12): 12, (31, 14): 6, (31, 40): 6, (32, 23): 24, (32, 30): 24, (35, 17): 24, (35, 33): 24, (37, 1): 6, (37, 4): 6, (38, 7): 24, (38, 40): 24, (40, 6): 24, (40, 39): 24, (41, 17): 4, (41, 27): 4}
 
47, 45, True, 9, 5
{'infinity': 1, (1, 0): 15, (1, 45): 15, (2, 7): 3, (2, 37): 3, (6, 12): 45, (6, 28): 45, (7, 42): 15, (7, 44): 15, (8, 12): 45, (8, 26): 45, (10, 37): 45, (10, 46): 45, (12, 39): 45, (12, 42): 45, (13, 0): 9, (13, 33): 9, (15, 32): 15, (15, 46): 15, (17, 2): 45, (17, 27): 45, (23, 24): 45, (23, 46): 45, (25, 3): 9, (25, 18): 9, (28, 8): 5, (28, 10): 5, (29, 22): 45, (29, 42): 45, (33, 25): 45, (33, 35): 45, (34, 0): 45, (34, 12): 45, (36, 20): 45, (36, 37): 45, (38, 16): 45, (38, 39): 45, (41, 23): 5, (41, 29): 5, (43, 14): 15, (43, 36): 15, (45, 9): 45, (45, 39): 45, (46, 17): 9, (46, 30): 9}
 
53, 63, True, 3, 21
{'infinity': 1, (1, 14): 63, (1, 37): 63, (2, 22): 63, (2, 28): 63, (3, 23): 63, (3, 26): 63, (6, 0): 9, (6, 46): 9, (7, 5): 63, (7, 40): 63, (9, 4): 9, (9, 39): 9, (10, 13): 63, (10, 29): 63, (13, 14): 63, (13, 25): 63, (15, 38): 63, (15, 52): 63, (16, 11): 63, (16, 25): 63, (17, 36): 9, (17, 52): 9, (18, 7): 63, (18, 27): 63, (19, 41): 63, (19, 45): 63, (20, 6): 21, (20, 26): 21, (22, 31): 21, (22, 52): 21, (23, 1): 63, (23, 28): 63, (25, 2): 63, (25, 25): 63, (26, 10): 63, (26, 16): 63, (29, 28): 63, (29, 48): 63, (31, 26): 63, (31, 48): 63, (34, 8): 21, (34, 10): 21, (35, 8): 7, (35, 9): 7, (36, 1): 63, (36, 15): 63, (38, 6): 21, (38, 8): 21, (39, 30): 63, (39, 36): 63, (40, 14): 21, (40, 51): 21, (41, 17): 21, (41, 47): 21, (47, 10): 63, (47, 48): 63, (48, 1): 3, (48, 3): 3, (49, 6): 7, (49, 50): 7, (51, 18): 7, (51, 36): 7}
 
59, 54, True, 3, 18
{'infinity': 1, (3, 11): 27, (3, 44): 27, (4, 14): 54, (4, 40): 54, (6, 20): 18, (6, 32): 18, (8, 15): 27, (8, 35): 27, (9, 14): 54, (9, 35): 54, (14, 3): 54, (14, 41): 54, (16, 11): 27, (16, 31): 27, (17, 42): 27, (17, 58): 27, (21, 38): 27, (21, 58): 27, (22, 37): 27, (22, 58): 27, (23, 17): 27, (23, 18): 27, (24, 39): 3, (24, 54): 3, (25, 44): 9, (25, 48): 9, (32, 41): 27, (32, 44): 27, (34, 27): 18, (34, 56): 18, (35, 36): 54, (35, 46): 54, (36, 9): 54, (36, 13): 54, (38, 23): 54, (38, 56): 54, (40, 8): 18, (40, 10): 18, (41, 6): 9, (41, 11): 9, (42, 24): 9, (42, 51): 9, (43, 35): 54, (43, 39): 54, (47, 14): 27, (47, 56): 27, (48, 31): 54, (48, 38): 54, (50, 29): 6, (50, 38): 6, (52, 26): 54, (52, 39): 54, (55, 31): 2}
 
61, 54, False, 9, 6
{'infinity': 1, (3, 22): 18, (3, 35): 18, (6, 3): 9, (6, 51): 9, (7, 20): 6, (7, 33): 6, (11, 53): 18, (11, 57): 18, (13, 2): 9, (13, 45): 9, (17, 6): 6, (17, 37): 6, (19, 2): 18, (19, 39): 18, (21, 45): 9, (21, 55): 9, (22, 3): 18, (22, 35): 18, (24, 47): 3, (24, 50): 3, (25, 16): 9, (25, 19): 9, (27, 1): 3, (27, 32): 3, (28, 45): 9, (28, 48): 9, (30, 2): 18, (30, 28): 18, (31, 12): 3, (31, 17): 3, (33, 29): 6, (33, 59): 6, (34, 3): 18, (34, 23): 18, (35, 38): 9, (35, 48): 9, (37, 35): 9, (37, 49): 9, (40, 10): 2, (41, 9): 3, (41, 10): 3, (42, 8): 6, (42, 10): 6, (48, 19): 18, (48, 54): 18, (50, 19): 18, (50, 52): 18, (52, 25): 9, (52, 44): 9, (58, 7): 18, (58, 56): 18, (60, 13): 9, (60, 48): 9}
 
67, 81, False, 9, 9
{'infinity': 1, (0, 8): 27, (0, 58): 27, (1, 5): 27, (1, 60): 27, (2, 15): 27, (2, 49): 27, (4, 17): 27, (4, 45): 27, (6, 3): 27, (6, 57): 27, (7, 14): 27, (7, 45): 27, (8, 6): 27, (8, 52): 27, (9, 7): 9, (9, 50): 9, (11, 18): 27, (11, 37): 27, (12, 7): 9, (12, 47): 9, (13, 16): 27, (13, 37): 27, (16, 52): 9, (16, 65): 9, (19, 55): 27, (19, 59): 27, (20, 8): 27, (20, 38): 27, (21, 3): 27, (21, 42): 27, (23, 10): 27, (23, 33): 27, (24, 18): 27, (24, 24): 27, (26, 6): 27, (26, 34): 27, (29, 12): 27, (29, 25): 27, (30, 41): 3, (30, 62): 3, (33, 15): 27, (33, 18): 27, (34, 6): 9, (34, 26): 9, (35, 4): 27, (35, 27): 27, (41, 3): 9, (41, 22): 9, (42, 2): 9, (42, 22): 9, (44, 37): 27, (44, 52): 27, (45, 24): 27, (45, 64): 27, (46, 25): 27, (46, 62): 27, (47, 7): 3, (47, 12): 3, (48, 8): 9, (48, 10): 9, (52, 22): 9, (52, 59): 9, (53, 29): 27, (53, 51): 27, (57, 31): 27, (57, 45): 27, (59, 12): 27, (59, 62): 27, (60, 25): 3, (60, 48): 3, (61, 16): 27, (61, 56): 27, (63, 30): 9, (63, 40): 9, (64, 10): 27, (64, 59): 27, (65, 0): 3, (65, 1): 3, (66, 24): 27, (66, 43): 27}
 
71, 81, True, 3, 27
{'infinity': 1, (0, 7): 81, (0, 63): 81, (5, 1): 81, (5, 64): 81, (6, 20): 27, (6, 44): 27, (7, 18): 81, (7, 45): 81, (8, 1): 27, (8, 61): 27, (9, 2): 81, (9, 59): 81, (11, 20): 9, (11, 39): 9, (12, 23): 81, (12, 35): 81, (14, 0): 81, (14, 56): 81, (15, 6): 81, (15, 49): 81, (16, 23): 81, (16, 31): 81, (17, 17): 81, (17, 36): 81, (21, 0): 27, (21, 49): 27, (22, 56): 81, (22, 63): 81, (26, 48): 81, (26, 67): 81, (32, 10): 81, (32, 28): 81, (33, 50): 9, (33, 58): 9, (35, 16): 81, (35, 19): 81, (36, 49): 81, (36, 56): 81, (37, 0): 81, (37, 33): 81, (38, 11): 81, (38, 21): 81, (40, 43): 81, (40, 58): 81, (41, 30): 27, (41, 70): 27, (42, 29): 27, (42, 70): 27, (44, 3): 81, (44, 23): 81, (45, 11): 81, (45, 14): 81, (50, 28): 3, (50, 63): 3, (52, 8): 27, (52, 10): 27, (53, 38): 81, (53, 50): 81, (55, 20): 27, (55, 66): 27, (56, 24): 27, (56, 61): 27, (57, 34): 81, (57, 50): 81, (58, 18): 81, (58, 65): 81, (59, 1): 81, (59, 10): 81, (60, 11): 27, (60, 70): 27, (61, 28): 81, (61, 52): 81, (63, 37): 81, (63, 41): 81, (67, 5): 9, (67, 69): 9, (69, 12): 81, (69, 60): 81, (70, 13): 81, (70, 58): 81}
 
73, 81, False, 9, 9
{'infinity': 1, (0, 3): 3, (0, 69): 3, (1, 26): 9, (1, 45): 9, (3, 22): 9, (3, 47): 9, (4, 10): 9, (4, 58): 9, (9, 6): 9, (9, 57): 9, (10, 3): 9, (10, 59): 9, (11, 64): 9, (11, 70): 9, (12, 6): 9, (12, 54): 9, (13, 63): 9, (13, 69): 9, (15, 5): 9, (15, 52): 9, (16, 10): 9, (16, 46): 9, (22, 53): 9, (22, 70): 9, (25, 18): 9, (25, 29): 9, (27, 46): 9, (27, 72): 9, (29, 11): 9, (29, 32): 9, (30, 48): 9, (30, 67): 9, (31, 46): 9, (31, 68): 9, (33, 14): 9, (33, 25): 9, (34, 50): 9, (34, 61): 9, (35, 0): 9, (35, 37): 9, (39, 13): 3, (39, 20): 3, (41, 34): 9, (41, 70): 9, (45, 7): 9, (45, 20): 9, (46, 34): 9, (46, 65): 9, (47, 48): 9, (47, 50): 9, (48, 42): 9, (48, 55): 9, (50, 24): 9, (50, 71): 9, (52, 21): 9, (52, 72): 9, (53, 6): 3, (53, 13): 3, (54, 8): 9, (54, 10): 9, (55, 4): 3, (55, 13): 3, (56, 29): 9, (56, 60): 9, (60, 34): 9, (60, 51): 9, (61, 15): 9, (61, 69): 9, (63, 20): 9, (63, 62): 9, (64, 3): 9, (64, 5): 9, (66, 29): 9, (66, 50): 9, (68, 5): 9, (68, 72): 9, (70, 27): 9, (70, 48): 9, (72, 30): 9, (72, 43): 9}
 
79, 84, True, 12, 7
{'infinity': 1, (0, 14): 21, (0, 64): 21, (1, 33): 84, (1, 44): 84, (2, 13): 84, (2, 63): 84, (3, 10): 42, (3, 65): 42, (5, 12): 21, (5, 61): 21, (6, 33): 42, (6, 39): 42, (7, 1): 84, (7, 70): 84, (8, 24): 21, (8, 46): 21, (11, 72): 42, (11, 74): 42, (13, 66): 21, (13, 78): 21, (16, 19): 6, (16, 43): 6, (17, 10): 42, (17, 51): 42, (19, 63): 28, (19, 75): 28, (22, 64): 28, (22, 71): 28, (23, 16): 12, (23, 39): 12, (28, 19): 84, (28, 31): 84, (29, 50): 84, (29, 78): 84, (31, 1): 21, (31, 46): 21, (32, 55): 84, (32, 70): 84, (35, 11): 42, (35, 32): 42, (36, 19): 28, (36, 23): 28, (38, 41): 84, (38, 78): 84, (40, 40): 7, (40, 77): 7, (41, 46): 7, (41, 70): 7, (42, 1): 84, (42, 35): 84, (43, 9): 12, (43, 26): 12, (51, 39): 28, (51, 67): 28, (57, 23): 14, (57, 77): 14, (58, 35): 84, (58, 64): 84, (59, 35): 3, (59, 63): 3, (60, 8): 7, (60, 10): 7, (61, 27): 84, (61, 69): 84, (62, 18): 14, (62, 77): 14, (63, 34): 84, (63, 60): 84, (64, 45): 28, (64, 48): 28, (66, 23): 28, (66, 68): 28, (67, 43): 14, (67, 47): 14, (68, 4): 42, (68, 6): 42, (69, 37): 84, (69, 51): 84, (73, 33): 4, (73, 51): 4, (74, 2): 2, (76, 38): 21, (76, 43): 21}
 
83, 72, True, 9, 8
{'infinity': 1, (2, 5): 36, (2, 75): 36, (3, 30): 72, (3, 49): 72, (4, 3): 36, (4, 75): 36, (7, 10): 72, (7, 65): 72, (9, 77): 72, (9, 79): 72, (10, 36): 2, (11, 73): 12, (11, 81): 12, (13, 10): 9, (13, 59): 9, (15, 3): 72, (15, 64): 72, (16, 68): 24, (16, 81): 24, (18, 13): 24, (18, 51): 24, (19, 17): 36, (19, 46): 36, (26, 8): 18, (26, 48): 18, (27, 19): 18, (27, 36): 18, (32, 56): 24, (32, 77): 24, (40, 1): 18, (40, 41): 18, (41, 54): 4, (41, 70): 4, (43, 45): 36, (43, 77): 36, (44, 12): 72, (44, 26): 72, (45, 12): 72, (45, 25): 72, (47, 36): 9, (47, 82): 9, (51, 45): 6, (51, 69): 6, (57, 27): 8, (57, 81): 8, (58, 38): 12, (58, 69): 12, (64, 8): 8, (64, 10): 8, (65, 3): 24, (65, 14): 24, (66, 46): 72, (66, 53): 72, (67, 43): 72, (67, 55): 72, (70, 33): 72, (70, 62): 72, (72, 29): 72, (72, 64): 72, (73, 45): 36, (73, 47): 36, (74, 34): 36, (74, 57): 36, (77, 8): 72, (77, 80): 72, (78, 12): 9, (78, 75): 9, (80, 21): 3, (80, 64): 3, (82, 37): 72, (82, 46): 72}
 
89, 90, True, 6, 15
{'infinity': 1, (0, 6): 30, (0, 82): 30, (1, 24): 90, (1, 63): 90, (4, 8): 90, (4, 76): 90, (6, 29): 45, (6, 53): 45, (8, 9): 30, (8, 71): 30, (9, 36): 45, (9, 43): 45, (11, 0): 45, (11, 77): 45, (13, 35): 9, (13, 40): 9, (16, 8): 90, (16, 64): 90, (17, 23): 90, (17, 48): 90, (20, 16): 45, (20, 52): 45, (22, 76): 45, (22, 79): 45, (24, 75): 18, (24, 78): 18, (26, 27): 45, (26, 35): 45, (27, 0): 45, (27, 61): 45, (28, 15): 90, (28, 45): 90, (29, 23): 5, (29, 36): 5, (30, 18): 3, (30, 40): 3, (31, 73): 2, (37, 14): 18, (37, 37): 18, (40, 6): 45, (40, 42): 45, (41, 66): 15, (41, 70): 15, (44, 21): 90, (44, 23): 90, (45, 5): 90, (45, 38): 90, (46, 11): 90, (46, 31): 90, (47, 1): 9, (47, 40): 9, (50, 6): 18, (50, 32): 18, (51, 2): 15, (51, 35): 15, (52, 0): 9, (52, 36): 9, (56, 1): 45, (56, 31): 45, (57, 11): 10, (57, 20): 10, (58, 59): 90, (58, 60): 90, (60, 7): 90, (60, 21): 90, (63, 41): 15, (63, 73): 15, (64, 37): 30, (64, 76): 30, (66, 54): 10, (66, 57): 10, (70, 8): 15, (70, 10): 15, (75, 21): 45, (75, 81): 45, (76, 1): 45, (76, 11): 45, (77, 31): 90, (77, 69): 90, (78, 37): 45, (78, 62): 45, (83, 9): 6, (83, 85): 6, (85, 19): 30, (85, 73): 30, (87, 44): 90, (87, 46): 90, (88, 9): 5, (88, 80): 5}
 
97, 111, True, 3, 37
{'infinity': 1, (1, 43): 111, (1, 52): 111, (2, 6): 111, (2, 88): 111, (4, 2): 37, (4, 90): 37, (5, 15): 111, (5, 76): 111, (6, 18): 37, (6, 72): 37, (7, 17): 111, (7, 72): 111, (8, 4): 111, (8, 84): 111, (13, 86): 111, (13, 94): 111, (14, 7): 111, (14, 75): 111, (15, 6): 111, (15, 75): 111, (20, 82): 111, (20, 91): 111, (22, 85): 111, (22, 86): 111, (23, 26): 111, (23, 47): 111, (25, 11): 111, (25, 60): 111, (26, 18): 111, (26, 52): 111, (27, 23): 111, (27, 46): 111, (29, 16): 111, (29, 51): 111, (31, 30): 111, (31, 35): 111, (32, 14): 111, (32, 50): 111, (33, 24): 111, (33, 39): 111, (37, 74): 111, (37, 82): 111, (40, 3): 111, (40, 53): 111, (41, 70): 37, (41, 82): 37, (42, 12): 111, (42, 42): 111, (45, 8): 37, (45, 43): 37, (46, 57): 111, (46, 90): 111, (48, 55): 111, (48, 90): 111, (51, 49): 37, (51, 93): 37, (52, 1): 111, (52, 43): 111, (55, 1): 111, (55, 40): 111, (57, 40): 111, (57, 96): 111, (58, 66): 111, (58, 69): 111, (62, 62): 111, (62, 69): 111, (63, 44): 37, (63, 86): 37, (65, 61): 37, (65, 67): 37, (66, 12): 111, (66, 18): 111, (67, 55): 37, (67, 71): 37, (69, 49): 37, (69, 75): 37, (71, 52): 37, (71, 70): 37, (72, 8): 37, (72, 16): 37, (75, 49): 37, (75, 69): 37, (76, 22): 37, (76, 95): 37, (77, 38): 3, (77, 78): 3, (78, 8): 37, (78, 10): 37, (80, 55): 111, (80, 58): 111, (81, 6): 111, (81, 9): 111, (83, 40): 37, (83, 70): 37, (84, 28): 37, (84, 81): 37, (85, 36): 111, (85, 72): 111, (87, 12): 37, (87, 94): 37, (88, 1): 111, (88, 7): 111, (92, 0): 111, (92, 4): 111, (93, 7): 37, (93, 93): 37, (94, 16): 111, (94, 83): 111, (95, 4): 111, (95, 94): 111}
 
101, 99, True, 3, 33
{'infinity': 1, (5, 2): 11, (5, 93): 11, (6, 7): 99, (6, 87): 99, (9, 25): 99, (9, 66): 99, (10, 30): 11, (10, 60): 11, (12, 40): 99, (12, 48): 99, (15, 17): 11, (15, 68): 11, (16, 89): 99, (16, 96): 99, (17, 1): 99, (17, 82): 99, (19, 39): 99, (19, 42): 99, (20, 3): 99, (20, 77): 99, (21, 89): 99, (21, 91): 99, (22, 28): 99, (22, 50): 99, (24, 37): 99, (24, 39): 99, (25, 37): 9, (25, 38): 9, (26, 79): 3, (26, 96): 3, (27, 4): 11, (27, 69): 11, (28, 34): 99, (28, 38): 99, (30, 17): 99, (30, 53): 99, (32, 0): 33, (32, 68): 33, (34, 18): 99, (34, 48): 99, (38, 2): 33, (38, 60): 33, (39, 19): 9, (39, 42): 9, (41, 70): 33, (41, 90): 33, (42, 72): 99, (42, 87): 99, (44, 14): 33, (44, 42): 33, (47, 9): 99, (47, 44): 99, (48, 73): 99, (48, 80): 99, (49, 13): 99, (49, 38): 99, (52, 49): 99, (52, 100): 99, (53, 10): 99, (53, 37): 99, (54, 60): 33, (54, 87): 33, (55, 68): 33, (55, 78): 33, (56, 48): 9, (56, 97): 9, (57, 17): 99, (57, 26): 99, (59, 2): 33, (59, 39): 33, (60, 45): 99, (60, 96): 99, (63, 15): 33, (63, 22): 33, (65, 47): 11, (65, 89): 11, (67, 62): 33, (67, 72): 33, (68, 10): 99, (68, 22): 99, (69, 56): 99, (69, 76): 99, (70, 33): 99, (70, 98): 99, (72, 6): 99, (72, 22): 99, (73, 44): 99, (73, 84): 99, (75, 31): 99, (75, 95): 99, (82, 8): 33, (82, 10): 33, (83, 44): 99, (83, 74): 99, (84, 25): 99, (84, 92): 99, (94, 35): 99, (94, 72): 99}
 
103, 108, False, 9, 12
{'infinity': 1, (0, 51): 2, (3, 43): 36, (3, 56): 36, (5, 7): 36, (5, 90): 36, (12, 9): 36, (12, 81): 36, (13, 25): 3, (13, 64): 3, (14, 90): 6, (14, 101): 6, (15, 39): 18, (15, 48): 18, (18, 88): 18, (18, 99): 18, (21, 36): 36, (21, 45): 36, (22, 37): 36, (22, 43): 36, (26, 24): 18, (26, 52): 18, (28, 10): 9, (28, 64): 9, (29, 34): 18, (29, 39): 18, (32, 72): 3, (32, 101): 3, (33, 16): 18, (33, 53): 18, (40, 65): 36, (40, 100): 36, (41, 70): 6, (41, 94): 6, (42, 77): 36, (42, 86): 36, (44, 17): 12, (44, 41): 12, (46, 74): 9, (46, 85): 9, (48, 21): 12, (48, 33): 12, (49, 60): 18, (49, 96): 18, (50, 5): 9, (50, 47): 9, (52, 8): 9, (52, 42): 9, (53, 22): 36, (53, 27): 36, (57, 61): 12, (57, 87): 12, (58, 46): 6, (58, 101): 6, (60, 3): 9, (60, 39): 9, (62, 12): 36, (62, 28): 36, (63, 64): 9, (63, 78): 9, (64, 3): 9, (64, 35): 9, (68, 12): 9, (68, 22): 9, (69, 54): 36, (69, 82): 36, (70, 41): 12, (70, 94): 12, (71, 8): 36, (71, 23): 36, (72, 33): 18, (72, 100): 18, (73, 55): 4, (73, 77): 4, (74, 46): 36, (74, 85): 36, (75, 46): 36, (75, 84): 36, (77, 12): 36, (77, 13): 36, (79, 43): 3, (79, 83): 3, (83, 3): 3, (83, 16): 3, (84, 8): 12, (84, 10): 12, (85, 30): 36, (85, 90): 36, (86, 22): 12, (86, 97): 12, (87, 33): 36, (87, 85): 36, (91, 16): 18, (91, 98): 18, (92, 36): 18, (92, 77): 18, (93, 41): 6, (93, 71): 6, (94, 36): 36, (94, 75): 36, (95, 10): 36, (95, 100): 36, (96, 15): 12, (96, 94): 12, (98, 31): 9, (98, 76): 9, (99, 4): 12, (99, 102): 12}
 
107, 108, True, 12, 9
{'infinity': 1, (1, 34): 108, (1, 71): 108, (2, 28): 108, (2, 76): 108, (4, 36): 108, (4, 66): 108, (5, 104): 2, (7, 0): 108, (7, 99): 108, (9, 22): 6, (9, 75): 6, (10, 33): 108, (10, 63): 108, (11, 43): 108, (11, 52): 108, (15, 11): 9, (15, 80): 9, (17, 4): 27, (17, 85): 27, (18, 17): 27, (18, 71): 27, (21, 30): 54, (21, 55): 54, (23, 36): 108, (23, 47): 108, (24, 28): 54, (24, 54): 54, (25, 87): 36, (25, 101): 36, (27, 83): 108, (27, 103): 108, (28, 86): 27, (28, 99): 27, (29, 15): 36, (29, 62): 36, (31, 85): 108, (31, 97): 108, (35, 10): 18, (35, 61): 18, (38, 31): 54, (38, 37): 54, (39, 18): 3, (39, 49): 3, (40, 20): 18, (40, 46): 18, (41, 70): 9, (41, 102): 9, (51, 14): 12, (51, 41): 12, (52, 69): 54, (52, 92): 54, (54, 53): 54, (54, 106): 54, (58, 21): 27, (58, 27): 27, (60, 68): 4, (60, 85): 4, (61, 13): 27, (61, 32): 27, (65, 58): 36, (65, 90): 36, (67, 58): 27, (67, 88): 27, (68, 56): 108, (68, 89): 108, (70, 7): 108, (70, 29): 108, (72, 53): 108, (72, 88): 108, (73, 41): 108, (73, 99): 108, (75, 65): 108, (75, 73): 108, (76, 49): 36, (76, 88): 36, (78, 44): 108, (78, 91): 108, (80, 6): 54, (80, 20): 54, (81, 36): 27, (81, 96): 27, (82, 28): 36, (82, 103): 36, (83, 58): 108, (83, 72): 108, (88, 8): 9, (88, 10): 9, (89, 53): 108, (89, 71): 108, (90, 39): 54, (90, 84): 54, (91, 41): 27, (91, 81): 27, (92, 4): 18, (92, 10): 18, (95, 20): 27, (95, 98): 27, (99, 40): 108, (99, 74): 108, (100, 49): 36, (100, 64): 36, (101, 33): 12, (101, 79): 12, (104, 33): 54, (104, 76): 54, (106, 4): 54, (106, 103): 54}
 
109, 120, True, 3, 40
{'infinity': 1, (1, 48): 40, (1, 59): 40, (2, 36): 120, (2, 70): 120, (4, 43): 20, (4, 61): 20, (5, 9): 30, (5, 94): 30, (7, 27): 8, (7, 74): 8, (9, 9): 15, (9, 90): 15, (10, 24): 60, (10, 74): 60, (12, 101): 120, (12, 104): 120, (14, 15): 24, (14, 79): 24, (15, 7): 120, (15, 86): 120, (16, 25): 60, (16, 67): 60, (17, 23): 120, (17, 68): 120, (19, 36): 120, (19, 53): 120, (20, 16): 60, (20, 72): 60, (21, 26): 12, (21, 61): 12, (24, 17): 60, (24, 67): 60, (25, 96): 2, (28, 12): 60, (28, 68): 60, (29, 20): 10, (29, 59): 10, (33, 78): 120, (33, 106): 120, (34, 89): 30, (34, 94): 30, (36, 75): 120, (36, 106): 120, (37, 7): 20, (37, 64): 20, (38, 17): 24, (38, 53): 24, (39, 77): 8, (39, 101): 8, (41, 70): 20, (41, 106): 20, (48, 17): 120, (48, 43): 120, (50, 8): 60, (50, 50): 60, (53, 2): 60, (53, 53): 60, (55, 13): 120, (55, 40): 120, (57, 13): 120, (57, 38): 120, (58, 7): 120, (58, 43): 120, (59, 57): 60, (59, 101): 60, (63, 51): 10, (63, 103): 10, (64, 58): 40, (64, 95): 40, (65, 68): 40, (65, 84): 40, (66, 5): 40, (66, 37): 40, (67, 70): 120, (67, 80): 120, (68, 44): 30, (68, 105): 30, (70, 67): 5, (70, 80): 5, (71, 52): 5, (71, 94): 5, (72, 2): 120, (72, 34): 120, (76, 50): 24, (76, 91): 24, (79, 8): 120, (79, 21): 120, (80, 59): 40, (80, 78): 40, (82, 55): 120, (82, 80): 120, (85, 61): 15, (85, 71): 15, (88, 54): 12, (88, 75): 12, (89, 36): 3, (89, 92): 3, (90, 8): 40, (90, 10): 40, (91, 1): 20, (91, 16): 20, (93, 50): 120, (93, 74): 120, (94, 2): 40, (94, 12): 40, (95, 47): 40, (95, 75): 40, (96, 3): 6, (96, 9): 6, (97, 12): 24, (97, 108): 24, (103, 32): 15, (103, 82): 15, (106, 33): 15, (106, 78): 15, (107, 13): 4, (107, 97): 4, (108, 16): 30, (108, 93): 30}
 
113, 108, True, 9, 12
{'infinity': 1, (0, 20): 108, (0, 92): 108, (3, 34): 108, (3, 75): 108, (5, 39): 36, (5, 68): 36, (6, 31): 108, (6, 75): 108, (8, 28): 36, (8, 76): 36, (10, 34): 108, (10, 68): 108, (14, 12): 36, (14, 86): 36, (16, 16): 27, (16, 80): 27, (19, 23): 108, (19, 70): 108, (24, 91): 36, (24, 110): 36, (26, 7): 18, (26, 79): 18, (28, 95): 108, (28, 102): 108, (30, 37): 54, (30, 45): 54, (31, 25): 108, (31, 56): 108, (37, 33): 27, (37, 42): 27, (39, 78): 54, (39, 108): 54, (41, 1): 6, (41, 70): 6, (43, 12): 4, (43, 57): 4, (46, 16): 27, (46, 50): 27, (48, 32): 2, (49, 24): 54, (49, 39): 54, (51, 6): 12, (51, 55): 12, (52, 16): 9, (52, 44): 9, (54, 70): 108, (54, 101): 108, (55, 58): 27, (55, 112): 27, (56, 21): 54, (56, 35): 54, (57, 12): 18, (57, 43): 18, (60, 13): 108, (60, 39): 108, (64, 18): 54, (64, 30): 54, (71, 14): 108, (71, 27): 108, (72, 55): 108, (72, 98): 108, (73, 58): 27, (73, 94): 27, (75, 43): 108, (75, 107): 108, (77, 5): 108, (77, 30): 108, (78, 48): 27, (78, 99): 27, (79, 42): 54, (79, 104): 54, (82, 69): 108, (82, 74): 108, (86, 30): 108, (86, 109): 108, (87, 56): 108, (87, 82): 108, (88, 32): 36, (88, 105): 36, (90, 51): 108, (90, 84): 108, (91, 32): 36, (91, 102): 36, (92, 45): 54, (92, 88): 54, (94, 8): 12, (94, 10): 12, (95, 43): 108, (95, 87): 108, (98, 38): 18, (98, 89): 18, (99, 58): 27, (99, 68): 27, (100, 29): 54, (100, 96): 54, (101, 34): 9, (101, 90): 9, (104, 55): 27, (104, 66): 27, (105, 45): 9, (105, 75): 9, (108, 15): 27, (108, 102): 27, (109, 56): 3, (109, 60): 3, (111, 42): 54, (111, 72): 54}
 
127, 120, True, 6, 20
{'infinity': 1, (0, 20): 60, (0, 106): 60, (1, 56): 120, (1, 69): 120, (2, 14): 120, (2, 110): 120, (3, 4): 120, (3, 119): 120, (5, 5): 24, (5, 116): 24, (7, 25): 40, (7, 94): 40, (8, 52): 120, (8, 66): 120, (9, 11): 120, (9, 106): 120, (10, 15): 60, (10, 101): 60, (11, 26): 12, (11, 89): 12, (12, 24): 4, (12, 90): 4, (13, 41): 40, (13, 72): 40, (14, 34): 24, (14, 78): 24, (16, 20): 60, (16, 90): 60, (17, 40): 120, (17, 69): 120, (19, 50): 20, (19, 57): 20, (20, 24): 24, (20, 82): 24, (21, 2): 120, (21, 103): 120, (23, 29): 120, (23, 74): 120, (27, 12): 60, (27, 87): 60, (28, 42): 40, (28, 56): 40, (33, 5): 20, (33, 88): 20, (37, 34): 40, (37, 55): 40, (39, 107): 2, (41, 15): 10, (41, 70): 10, (42, 17): 40, (42, 67): 40, (44, 96): 40, (44, 113): 40, (47, 0): 20, (47, 79): 20, (49, 80): 120, (49, 124): 120, (51, 35): 8, (51, 40): 8, (57, 26): 60, (57, 43): 60, (60, 26): 15, (60, 40): 15, (62, 93): 120, (62, 98): 120, (68, 60): 8, (68, 125): 8, (69, 63): 30, (69, 121): 30, (74, 58): 6, (74, 121): 6, (76, 65): 15, (76, 112): 15, (77, 15): 60, (77, 34): 60, (81, 7): 12, (81, 38): 12, (86, 63): 5, (86, 104): 5, (89, 47): 10, (89, 117): 10, (90, 5): 120, (90, 31): 120, (93, 64): 120, (93, 96): 120, (94, 61): 40, (94, 98): 40, (96, 6): 24, (96, 24): 24, (99, 56): 30, (99, 98): 30, (100, 63): 30, (100, 90): 30, (103, 65): 15, (103, 85): 15, (104, 23): 120, (104, 126): 120, (107, 58): 3, (107, 88): 3, (108, 8): 20, (108, 10): 20, (110, 69): 30, (110, 74): 30, (112, 20): 5, (112, 121): 5, (114, 57): 120, (114, 82): 120, (115, 50): 60, (115, 88): 60, (116, 1): 120, (116, 9): 120, (118, 39): 60, (118, 96): 60, (119, 28): 40, (119, 106): 40, (121, 50): 15, (121, 82): 15, (122, 57): 120, (122, 74): 120}
 
131, 126, True, 6, 21
{'infinity': 1, (2, 26): 126, (2, 102): 126, (4, 18): 126, (4, 108): 126, (5, 23): 126, (5, 102): 126, (7, 6): 63, (7, 117): 63, (8, 42): 63, (8, 80): 63, (10, 25): 9, (10, 95): 9, (13, 38): 63, (13, 79): 63, (14, 122): 21, (14, 125): 21, (15, 9): 14, (15, 106): 14, (18, 2): 14, (18, 110): 14, (20, 18): 126, (20, 92): 126, (22, 0): 63, (22, 108): 63, (24, 33): 63, (24, 73): 63, (27, 50): 3, (27, 53): 3, (30, 49): 126, (30, 51): 126, (31, 49): 126, (31, 50): 126, (32, 110): 9, (32, 119): 9, (34, 39): 21, (34, 57): 21, (35, 7): 63, (35, 88): 63, (37, 5): 42, (37, 88): 42, (39, 92): 18, (39, 130): 18, (40, 11): 63, (40, 79): 63, (41, 19): 21, (41, 70): 21, (44, 33): 126, (44, 53): 126, (45, 13): 7, (45, 72): 7, (46, 101): 63, (46, 114): 63, (48, 31): 42, (48, 51): 42, (49, 85): 18, (49, 127): 18, (51, 6): 14, (51, 73): 14, (52, 20): 42, (52, 58): 42, (53, 0): 6, (53, 77): 6, (54, 25): 63, (54, 51): 63, (57, 0): 126, (57, 73): 126, (58, 100): 7, (58, 103): 7, (59, 24): 126, (59, 47): 126, (60, 88): 126, (60, 113): 126, (61, 16): 126, (61, 53): 126, (62, 7): 63, (62, 61): 63, (64, 33): 2, (65, 1): 21, (65, 64): 21, (66, 75): 126, (66, 120): 126, (68, 25): 63, (68, 37): 63, (71, 10): 63, (71, 49): 63, (73, 92): 7, (73, 96): 7, (74, 6): 126, (74, 50): 126, (78, 74): 42, (78, 109): 42, (79, 79): 63, (79, 103): 63, (80, 10): 63, (80, 40): 63, (81, 82): 42, (81, 98): 42, (82, 69): 126, (82, 110): 126, (88, 20): 18, (88, 22): 18, (90, 71): 126, (90, 100): 126, (98, 47): 9, (98, 116): 9, (103, 35): 63, (103, 123): 63, (106, 47): 42, (106, 108): 42, (108, 4): 21, (108, 18): 21, (112, 8): 21, (112, 10): 21, (114, 43): 126, (114, 104): 126, (115, 46): 126, (115, 100): 126, (118, 17): 126, (118, 126): 126, (123, 20): 63, (123, 118): 63, (125, 34): 63, (125, 102): 63, (126, 32): 63, (126, 103): 63}
 
137, 144, True, 3, 48
{'infinity': 1, (0, 65): 72, (0, 71): 72, (2, 47): 36, (2, 87): 36, (4, 11): 72, (4, 121): 72, (5, 16): 16, (5, 115): 16, (6, 1): 16, (6, 129): 16, (8, 36): 144, (8, 92): 144, (11, 12): 144, (11, 113): 144, (12, 128): 144, (12, 133): 144, (16, 21): 48, (16, 99): 48, (18, 38): 144, (18, 80): 144, (20, 12): 144, (20, 104): 144, (22, 13): 144, (22, 101): 144, (23, 32): 48, (23, 81): 48, (26, 1): 9, (26, 109): 9, (27, 8): 8, (27, 101): 8, (31, 24): 72, (31, 81): 72, (32, 24): 144, (32, 80): 144, (34, 2): 48, (34, 100): 48, (38, 28): 36, (38, 70): 36, (41, 25): 24, (41, 70): 24, (42, 29): 48, (42, 65): 48, (44, 33): 18, (44, 59): 18, (45, 18): 36, (45, 73): 36, (46, 112): 36, (46, 115): 36, (47, 43): 72, (47, 46): 72, (51, 14): 48, (51, 71): 48, (53, 39): 144, (53, 44): 144, (57, 10): 144, (57, 69): 144, (58, 17): 144, (58, 61): 144, (59, 7): 72, (59, 70): 72, (60, 87): 144, (60, 126): 144, (62, 88): 36, (62, 123): 36, (63, 105): 2, (64, 30): 18, (64, 42): 18, (65, 15): 6, (65, 56): 6, (70, 86): 36, (70, 117): 36, (71, 91): 72, (71, 111): 72, (72, 90): 3, (72, 111): 3, (75, 24): 16, (75, 37): 16, (76, 87): 144, (76, 110): 144, (78, 78): 72, (78, 117): 72, (79, 27): 72, (79, 30): 72, (81, 67): 9, (81, 125): 9, (82, 20): 9, (82, 34): 9, (84, 81): 144, (84, 108): 144, (86, 57): 48, (86, 130): 48, (87, 71): 144, (87, 115): 144, (88, 80): 24, (88, 105): 24, (89, 83): 144, (89, 101): 144, (90, 63): 144, (90, 120): 144, (96, 65): 144, (96, 112): 144, (98, 44): 144, (98, 131): 144, (99, 48): 72, (99, 126): 72, (100, 10): 18, (100, 26): 18, (103, 52): 144, (103, 118): 144, (104, 4): 144, (104, 28): 144, (106, 1): 144, (106, 29): 144, (107, 12): 4, (107, 17): 4, (110, 9): 144, (110, 17): 144, (111, 35): 144, (111, 127): 144, (112, 59): 24, (112, 102): 24, (116, 31): 144, (116, 126): 144, (118, 8): 48, (118, 10): 48, (119, 59): 72, (119, 95): 72, (122, 55): 12, (122, 96): 12, (124, 44): 24, (124, 105): 24, (126, 40): 12, (126, 107): 12, (127, 29): 72, (127, 117): 72, (130, 8): 48, (130, 135): 48, (131, 6): 8, (131, 136): 8, (132, 30): 72, (132, 111): 72, (133, 28): 16, (133, 112): 16}
 
139, 156, False, 12, 13
{'infinity': 1, (0, 67): 78, (0, 71): 78, (1, 22): 39, (1, 115): 39, (2, 64): 26, (2, 72): 26, (3, 137): 2, (8, 20): 78, (8, 110): 78, (9, 30): 78, (9, 99): 78, (11, 48): 26, (11, 79): 26, (12, 13): 26, (12, 113): 26, (13, 132): 2, (14, 59): 39, (14, 65): 39, (15, 38): 78, (15, 85): 78, (18, 18): 78, (18, 102): 78, (19, 52): 39, (19, 67): 39, (20, 15): 6, (20, 103): 6, (21, 52): 78, (21, 65): 78, (22, 10): 78, (22, 106): 78, (23, 0): 78, (23, 115): 78, (24, 3): 78, (24, 111): 78, (26, 34): 78, (26, 78): 78, (30, 33): 78, (30, 75): 78, (32, 24): 78, (32, 82): 78, (33, 32): 13, (33, 73): 13, (34, 38): 26, (34, 66): 26, (36, 32): 78, (36, 70): 78, (40, 16): 78, (40, 82): 78, (41, 27): 13, (41, 70): 13, (42, 0): 78, (42, 96): 78, (43, 97): 26, (43, 137): 26, (45, 33): 78, (45, 60): 78, (46, 44): 78, (46, 48): 78, (49, 27): 39, (49, 62): 39, (50, 27): 39, (50, 61): 39, (51, 106): 26, (51, 120): 26, (52, 9): 78, (52, 77): 78, (56, 2): 26, (56, 80): 26, (57, 109): 39, (57, 111): 39, (59, 107): 26, (59, 111): 26, (63, 5): 78, (63, 70): 78, (64, 101): 78, (64, 112): 78, (65, 33): 26, (65, 40): 26, (67, 104): 39, (67, 106): 39, (68, 82): 13, (68, 127): 13, (69, 23): 26, (69, 46): 26, (70, 88): 39, (70, 119): 39, (71, 32): 78, (71, 35): 78, (75, 0): 26, (75, 63): 26, (76, 11): 78, (76, 51): 78, (78, 83): 26, (78, 116): 26, (83, 7): 78, (83, 48): 78, (87, 12): 78, (87, 39): 78, (89, 94): 2, (91, 9): 78, (91, 38): 78, (94, 46): 13, (94, 137): 13, (95, 63): 6, (95, 119): 6, (98, 4): 26, (98, 36): 26, (100, 52): 78, (100, 125): 78, (102, 47): 13, (102, 128): 13, (103, 57): 6, (103, 117): 6, (104, 50): 78, (104, 123): 78, (105, 65): 26, (105, 107): 26, (109, 63): 39, (109, 105): 39, (110, 43): 78, (110, 124): 78, (112, 69): 78, (112, 96): 78, (114, 44): 26, (114, 119): 26, (115, 55): 26, (115, 107): 26, (116, 46): 26, (116, 115): 26, (117, 74): 78, (117, 86): 78, (118, 37): 78, (118, 122): 78, (119, 44): 3, (119, 114): 3, (120, 8): 13, (120, 10): 13, (121, 67): 78, (121, 89): 78, (125, 56): 39, (125, 96): 39, (128, 54): 78, (128, 95): 78, (129, 15): 78, (129, 133): 78, (130, 15): 39, (130, 132): 39, (132, 14): 26, (132, 131): 26, (134, 17): 39, (134, 126): 39, (136, 9): 78, (136, 132): 78, (137, 10): 78, (137, 130): 78}
 
149, 144, False, 12, 12
{'infinity': 1, (2, 30): 18, (2, 116): 18, (6, 1): 8, (6, 141): 8, (8, 17): 72, (8, 123): 72, (9, 63): 36, (9, 76): 36, (11, 38): 24, (11, 99): 24, (12, 15): 8, (12, 121): 8, (13, 13): 72, (13, 122): 72, (15, 0): 72, (15, 133): 72, (16, 47): 6, (16, 85): 6, (17, 14): 12, (17, 117): 12, (18, 12): 9, (18, 118): 9, (21, 28): 4, (21, 99): 4, (25, 53): 72, (25, 70): 72, (28, 53): 9, (28, 67): 9, (29, 24): 72, (29, 95): 72, (32, 127): 18, (32, 138): 18, (36, 124): 24, (36, 137): 24, (37, 36): 3, (37, 75): 3, (38, 32): 36, (38, 78): 36, (40, 2): 72, (40, 106): 72, (41, 37): 6, (41, 70): 6, (42, 1): 72, (42, 105): 72, (44, 20): 18, (44, 84): 18, (45, 122): 24, (45, 130): 24, (46, 22): 36, (46, 80): 36, (52, 0): 24, (52, 96): 24, (53, 116): 72, (53, 128): 72, (54, 18): 6, (54, 76): 6, (57, 120): 2, (58, 100): 36, (58, 139): 36, (59, 111): 36, (59, 127): 36, (60, 25): 72, (60, 63): 72, (62, 38): 36, (62, 48): 36, (63, 117): 2, (67, 115): 2, (69, 102): 36, (69, 126): 36, (70, 110): 12, (70, 117): 12, (71, 112): 72, (71, 114): 72, (77, 33): 72, (77, 38): 72, (80, 83): 36, (80, 134): 36, (81, 4): 8, (81, 63): 8, (83, 0): 9, (83, 65): 9, (84, 70): 72, (84, 143): 72, (87, 76): 36, (87, 134): 36, (90, 3): 72, (90, 55): 72, (92, 83): 36, (92, 122): 36, (93, 4): 36, (93, 51): 36, (95, 86): 72, (95, 116): 72, (96, 90): 12, (96, 111): 12, (97, 53): 24, (97, 147): 24, (102, 1): 18, (102, 45): 18, (105, 44): 4, (105, 148): 4, (108, 5): 18, (108, 35): 18, (111, 74): 72, (111, 112): 72, (113, 84): 72, (113, 100): 72, (114, 78): 24, (114, 105): 24, (117, 68): 36, (117, 112): 36, (118, 80): 24, (118, 99): 24, (125, 4): 72, (125, 19): 72, (127, 83): 18, (127, 87): 18, (128, 69): 72, (128, 100): 72, (130, 8): 12, (130, 10): 12, (132, 31): 18, (132, 134): 18, (133, 67): 24, (133, 97): 24, (134, 21): 8, (134, 142): 8, (135, 80): 72, (135, 82): 72, (137, 41): 72, (137, 119): 72, (138, 67): 72, (138, 92): 72, (140, 64): 72, (140, 93): 72, (142, 71): 72, (142, 84): 72, (143, 49): 18, (143, 105): 18, (144, 42): 18, (144, 111): 18, (147, 72): 72, (147, 78): 72}
 
151, 162, False, 18, 9
{'infinity': 1, (7, 67): 54, (7, 76): 54, (11, 16): 54, (11, 123): 54, (12, 22): 54, (12, 116): 54, (16, 48): 6, (16, 86): 6, (20, 60): 27, (20, 70): 27, (22, 11): 18, (22, 117): 18, (23, 54): 54, (23, 73): 54, (26, 57): 27, (26, 67): 27, (27, 60): 54, (27, 63): 54, (29, 13): 27, (29, 108): 27, (32, 59): 2, (33, 22): 27, (33, 95): 27, (35, 123): 6, (35, 143): 6, (36, 9): 27, (36, 105): 27, (38, 131): 54, (38, 132): 54, (39, 47): 54, (39, 64): 54, (40, 12): 27, (40, 98): 27, (41, 39): 9, (41, 70): 9, (42, 4): 9, (42, 104): 9, (44, 30): 54, (44, 76): 54, (45, 1): 18, (45, 104): 18, (47, 30): 54, (47, 73): 54, (49, 120): 27, (49, 132): 27, (51, 108): 9, (51, 142): 9, (52, 48): 27, (52, 50): 27, (53, 7): 27, (53, 90): 27, (54, 97): 27, (54, 150): 27, (55, 4): 18, (55, 91): 18, (59, 32): 54, (59, 59): 54, (60, 10): 54, (60, 80): 54, (61, 30): 27, (61, 59): 27, (65, 104): 18, (65, 132): 18, (68, 36): 3, (68, 46): 3, (69, 103): 9, (69, 129): 9, (72, 108): 27, (72, 121): 27, (73, 94): 54, (73, 134): 54, (78, 85): 54, (78, 138): 54, (79, 81): 27, (79, 141): 27, (80, 15): 54, (80, 55): 54, (81, 109): 27, (81, 111): 27, (82, 73): 27, (82, 146): 27, (84, 18): 54, (84, 48): 54, (85, 87): 54, (85, 129): 54, (87, 99): 27, (87, 115): 27, (91, 70): 27, (91, 140): 27, (92, 99): 6, (92, 110): 6, (94, 81): 27, (94, 126): 27, (96, 61): 27, (96, 144): 27, (97, 89): 54, (97, 115): 54, (99, 88): 54, (99, 114): 54, (101, 76): 9, (101, 124): 9, (105, 60): 18, (105, 136): 18, (106, 72): 27, (106, 123): 27, (107, 21): 18, (107, 22): 18, (109, 44): 18, (109, 148): 18, (111, 10): 54, (111, 29): 54, (112, 39): 9, (112, 150): 9, (113, 75): 3, (113, 113): 3, (114, 53): 54, (114, 134): 54, (116, 51): 27, (116, 134): 27, (117, 42): 27, (117, 142): 27, (118, 56): 27, (118, 127): 27, (119, 67): 18, (119, 115): 18, (120, 90): 27, (120, 91): 27, (124, 78): 54, (124, 99): 54, (125, 84): 54, (125, 92): 54, (127, 31): 9, (127, 143): 9, (128, 82): 54, (128, 91): 54, (130, 81): 27, (130, 90): 27, (131, 0): 3, (131, 19): 3, (132, 8): 9, (132, 10): 9, (133, 35): 54, (133, 133): 54, (134, 37): 54, (134, 130): 54, (135, 24): 27, (135, 142): 27, (136, 26): 6, (136, 139): 6, (137, 14): 27, (137, 150): 27, (141, 17): 18, (141, 143): 18, (142, 40): 3, (142, 119): 3, (143, 33): 54, (143, 125): 54, (149, 23): 54, (149, 129): 54, (150, 39): 9, (150, 112): 9}
 
157, 138, True, 6, 23
{'infinity': 1, (0, 6): 23, (0, 150): 23, (1, 69): 138, (1, 86): 138, (2, 17): 138, (2, 137): 138, (4, 5): 6, (4, 147): 6, (5, 24): 23, (5, 127): 23, (9, 20): 138, (9, 127): 138, (10, 47): 69, (10, 99): 69, (13, 17): 69, (13, 126): 69, (16, 58): 46, (16, 82): 46, (19, 12): 46, (19, 125): 46, (21, 63): 138, (21, 72): 138, (22, 29): 138, (22, 105): 138, (25, 36): 69, (25, 95): 69, (27, 18): 138, (27, 111): 138, (29, 2): 23, (29, 125): 23, (30, 137): 69, (30, 146): 69, (37, 12): 69, (37, 107): 69, (38, 128): 138, (38, 147): 138, (41, 45): 23, (41, 70): 23, (43, 121): 138, (43, 149): 138, (46, 51): 23, (46, 59): 23, (48, 45): 69, (48, 63): 69, (49, 15): 138, (49, 92): 138, (50, 47): 69, (50, 59): 69, (51, 107): 23, (51, 155): 23, (52, 32): 46, (52, 72): 46, (54, 8): 69, (54, 94): 69, (56, 102): 23, (56, 155): 23, (58, 9): 138, (58, 89): 138, (62, 35): 69, (62, 59): 69, (65, 95): 23, (65, 153): 23, (68, 95): 69, (68, 150): 69, (69, 42): 69, (69, 45): 69, (70, 107): 69, (70, 136): 69, (73, 33): 46, (73, 50): 46, (74, 99): 138, (74, 140): 138, (80, 116): 69, (80, 117): 69, (81, 116): 2, (83, 7): 138, (83, 66): 138, (85, 72): 69, (85, 156): 69, (89, 4): 138, (89, 63): 138, (90, 73): 69, (90, 150): 69, (91, 26): 69, (91, 39): 69, (98, 11): 69, (98, 47): 69, (99, 66): 46, (99, 148): 46, (102, 12): 138, (102, 42): 138, (106, 97): 69, (106, 110): 69, (107, 53): 138, (107, 153): 138, (108, 16): 69, (108, 32): 69, (110, 78): 46, (110, 125): 46, (111, 64): 69, (111, 138): 69, (115, 57): 46, (115, 141): 46, (116, 50): 23, (116, 147): 23, (119, 85): 138, (119, 109): 138, (123, 8): 69, (123, 25): 69, (126, 50): 46, (126, 137): 46, (133, 66): 69, (133, 114): 69, (134, 1): 138, (134, 21): 138, (137, 54): 3, (137, 122): 3, (138, 8): 23, (138, 10): 23, (141, 38): 46, (141, 134): 46, (143, 17): 138, (143, 153): 138, (144, 42): 138, (144, 127): 138, (146, 79): 46, (146, 88): 46, (147, 40): 138, (147, 126): 138, (149, 49): 23, (149, 115): 23, (153, 37): 46, (153, 123): 46, (154, 43): 138, (154, 116): 138, (155, 32): 138, (155, 126): 138}
 
163, 165, True, 3, 55
{'infinity': 1, (2, 61): 165, (2, 99): 165, (7, 24): 55, (7, 131): 55, (10, 56): 55, (10, 96): 55, (11, 44): 165, (11, 107): 165, (13, 54): 33, (13, 95): 33, (14, 149): 165, (14, 162): 165, (16, 2): 165, (16, 144): 165, (19, 1): 55, (19, 142): 55, (21, 64): 33, (21, 77): 33, (23, 27): 165, (23, 112): 165, (24, 20): 15, (24, 118): 15, (28, 143): 55, (28, 154): 55, (31, 54): 15, (31, 77): 15, (34, 141): 55, (34, 150): 55, (36, 10): 55, (36, 116): 55, (37, 49): 15, (37, 76): 15, (38, 3): 33, (38, 121): 33, (39, 33): 33, (39, 90): 33, (40, 48): 55, (40, 74): 55, (41, 51): 55, (41, 70): 55, (42, 44): 33, (42, 76): 33, (43, 55): 165, (43, 64): 165, (44, 140): 165, (44, 141): 165, (45, 33): 165, (45, 84): 165, (46, 135): 165, (46, 144): 165, (47, 49): 165, (47, 66): 165, (48, 4): 165, (48, 110): 165, (52, 5): 11, (52, 105): 11, (53, 112): 33, (53, 160): 33, (55, 51): 165, (55, 56): 165, (56, 118): 55, (56, 151): 55, (58, 8): 165, (58, 96): 165, (60, 1): 165, (60, 101): 165, (61, 128): 165, (61, 136): 165, (62, 124): 15, (62, 139): 15, (66, 15): 165, (66, 81): 165, (68, 43): 165, (68, 51): 165, (72, 40): 165, (72, 50): 165, (74, 29): 165, (74, 59): 165, (77, 6): 5, (77, 79): 5, (78, 21): 165, (78, 63): 165, (79, 23): 165, (79, 60): 165, (80, 33): 55, (80, 49): 55, (82, 82): 11, (82, 161): 11, (83, 89): 165, (83, 153): 165, (84, 118): 165, (84, 123): 165, (85, 1): 165, (85, 76): 165, (86, 98): 165, (86, 141): 165, (87, 83): 55, (87, 155): 55, (88, 112): 165, (88, 125): 165, (93, 98): 165, (93, 134): 165, (95, 17): 5, (95, 50): 5, (96, 96): 33, (96, 133): 33, (97, 23): 55, (97, 42): 55, (99, 7): 165, (99, 56): 165, (100, 64): 55, (100, 161): 55, (102, 79): 11, (102, 144): 11, (111, 7): 55, (111, 44): 55, (112, 77): 165, (112, 136): 165, (115, 57): 33, (115, 153): 33, (117, 7): 165, (117, 38): 165, (120, 54): 165, (120, 151): 165, (123, 73): 165, (123, 129): 165, (125, 8): 165, (125, 29): 165, (128, 5): 11, (128, 29): 11, (129, 43): 165, (129, 153): 165, (130, 43): 165, (130, 152): 165, (135, 30): 55, (135, 160): 55, (138, 52): 55, (138, 135): 55, (139, 26): 165, (139, 160): 165, (143, 47): 3, (143, 135): 3, (144, 8): 55, (144, 10): 55, (145, 19): 55, (145, 161): 55, (147, 5): 11, (147, 10): 11, (148, 79): 55, (148, 98): 55, (151, 23): 33, (151, 151): 33, (154, 35): 33, (154, 136): 33, (156, 31): 165, (156, 138): 165, (157, 80): 165, (157, 88): 165, (159, 53): 55, (159, 113): 55, (160, 50): 165, (160, 115): 165, (162, 78): 165, (162, 85): 165}
 
167, 171, True, 9, 19
{'infinity': 1, (2, 6): 171, (2, 158): 171, (3, 72): 171, (3, 91): 171, (4, 37): 171, (4, 125): 171, (8, 10): 171, (8, 148): 171, (9, 54): 171, (9, 103): 171, (12, 10): 171, (12, 144): 171, (13, 61): 171, (13, 92): 171, (14, 19): 171, (14, 133): 171, (15, 153): 57, (15, 165): 57, (16, 74): 171, (16, 76): 171, (17, 3): 171, (17, 146): 171, (18, 21): 19, (18, 127): 19, (20, 2): 171, (20, 144): 171, (22, 42): 171, (22, 102): 171, (23, 8): 57, (23, 135): 57, (25, 7): 171, (25, 134): 171, (26, 16): 171, (26, 124): 171, (30, 33): 171, (30, 103): 171, (32, 139): 57, (32, 162): 57, (36, 143): 171, (36, 154): 171, (37, 143): 57, (37, 153): 57, (38, 132): 171, (38, 163): 171, (39, 46): 171, (39, 81): 171, (40, 142): 171, (40, 151): 171, (41, 55): 19, (41, 70): 19, (42, 125): 57, (42, 166): 57, (44, 42): 19, (44, 80): 19, (45, 1): 57, (45, 120): 57, (46, 1): 171, (46, 119): 171, (47, 135): 19, (47, 151): 19, (49, 4): 57, (49, 113): 57, (51, 2): 3, (51, 113): 3, (53, 11): 57, (53, 102): 57, (54, 19): 171, (54, 93): 171, (57, 11): 171, (57, 98): 171, (58, 11): 171, (58, 97): 171, (62, 110): 57, (62, 161): 57, (64, 36): 171, (64, 66): 171, (67, 12): 19, (67, 87): 19, (68, 113): 19, (68, 152): 19, (71, 23): 171, (71, 72): 171, (75, 30): 171, (75, 61): 171, (76, 43): 171, (76, 47): 171, (77, 1): 171, (77, 88): 171, (78, 24): 171, (78, 64): 171, (79, 37): 171, (79, 50): 171, (80, 25): 57, (80, 61): 57, (81, 101): 9, (81, 151): 9, (83, 34): 171, (83, 49): 171, (85, 37): 57, (85, 44): 57, (91, 85): 171, (91, 157): 171, (93, 102): 171, (93, 138): 171, (94, 0): 57, (94, 72): 57, (95, 95): 171, (95, 143): 171, (96, 107): 171, (96, 130): 171, (97, 2): 171, (97, 67): 171, (98, 100): 57, (98, 135): 57, (100, 19): 171, (100, 47): 171, (102, 22): 171, (102, 42): 171, (103, 12): 171, (103, 51): 171, (104, 69): 171, (104, 160): 171, (108, 65): 171, (108, 160): 171, (109, 63): 57, (109, 161): 57, (114, 107): 171, (114, 112): 171, (116, 64): 19, (116, 153): 19, (118, 66): 171, (118, 149): 171, (120, 5): 171, (120, 41): 171, (122, 86): 9, (122, 125): 9, (123, 50): 57, (123, 160): 57, (125, 101): 19, (125, 107): 19, (127, 69): 171, (127, 137): 171, (129, 101): 171, (129, 103): 171, (131, 57): 171, (131, 145): 171, (133, 50): 171, (133, 150): 171, (136, 53): 171, (136, 144): 171, (141, 64): 171, (141, 128): 171, (144, 73): 171, (144, 116): 171, (148, 8): 19, (148, 10): 19, (153, 66): 171, (153, 114): 171, (156, 71): 9, (156, 106): 9, (158, 48): 57, (158, 127): 57, (159, 47): 57, (159, 127): 57, (162, 75): 171, (162, 96): 171, (164, 8): 57, (164, 161): 57, (165, 12): 171, (165, 156): 171}
 
173, 153, True, 9, 17
{'infinity': 1, (3, 6): 153, (3, 163): 153, (5, 0): 153, (5, 167): 153, (6, 65): 153, (6, 101): 153, (9, 12): 51, (9, 151): 51, (12, 69): 153, (12, 91): 153, (13, 161): 51, (13, 171): 51, (14, 51): 153, (14, 107): 153, (16, 1): 153, (16, 155): 153, (18, 35): 153, (18, 119): 153, (23, 59): 51, (23, 90): 51, (24, 20): 153, (24, 128): 153, (26, 40): 153, (26, 106): 153, (27, 5): 153, (27, 140): 153, (30, 149): 51, (30, 166): 51, (31, 33): 17, (31, 108): 17, (33, 34): 17, (33, 105): 17, (34, 48): 9, (34, 90): 9, (39, 135): 51, (39, 171): 51, (41, 61): 17, (41, 70): 17, (42, 24): 51, (42, 106): 51, (43, 53): 153, (43, 76): 153, (44, 31): 153, (44, 97): 153, (45, 146): 17, (45, 154): 17, (46, 0): 153, (46, 126): 153, (47, 25): 153, (47, 100): 153, (50, 30): 51, (50, 92): 51, (52, 139): 153, (52, 154): 153, (55, 46): 153, (55, 71): 153, (58, 140): 17, (58, 147): 17, (61, 44): 51, (61, 67): 51, (62, 18): 51, (62, 92): 51, (64, 37): 153, (64, 71): 153, (66, 130): 9, (66, 149): 9, (68, 132): 153, (68, 145): 153, (69, 113): 153, (69, 163): 153, (72, 13): 153, (72, 87): 153, (77, 114): 153, (77, 154): 153, (78, 118): 153, (78, 149): 153, (83, 94): 153, (83, 168): 153, (85, 122): 51, (85, 138): 51, (89, 116): 153, (89, 140): 153, (92, 96): 153, (92, 157): 153, (94, 103): 153, (94, 148): 153, (96, 84): 153, (96, 165): 153, (100, 27): 51, (100, 45): 51, (102, 80): 153, (102, 163): 153, (104, 11): 153, (104, 57): 153, (106, 106): 153, (106, 133): 153, (108, 94): 51, (108, 143): 51, (111, 111): 153, (111, 123): 153, (113, 18): 153, (113, 41): 153, (116, 99): 153, (116, 130): 153, (117, 90): 153, (117, 138): 153, (122, 52): 17, (122, 171): 17, (123, 0): 3, (123, 49): 3, (126, 55): 153, (126, 164): 153, (128, 7): 153, (128, 37): 153, (129, 100): 153, (129, 116): 153, (132, 81): 51, (132, 132): 51, (135, 9): 153, (135, 28): 153, (139, 54): 153, (139, 152): 153, (143, 85): 153, (143, 117): 153, (144, 31): 153, (144, 170): 153, (145, 62): 9, (145, 138): 9, (147, 66): 153, (147, 132): 153, (154, 8): 17, (154, 10): 17, (155, 37): 153, (155, 153): 153, (156, 94): 153, (156, 95): 153, (159, 31): 51, (159, 155): 51, (163, 72): 153, (163, 110): 153, (164, 14): 153, (164, 167): 153, (165, 50): 51, (165, 130): 51, (166, 17): 153, (166, 162): 153, (168, 36): 17, (168, 141): 17, (171, 74): 51, (171, 100): 51, (172, 18): 153, (172, 155): 153}
 
179, 198, True, 6, 33
{'infinity': 1, (0, 14): 198, (0, 164): 198, (2, 50): 99, (2, 126): 99, (4, 74): 99, (4, 100): 99, (5, 9): 99, (5, 164): 99, (8, 23): 33, (8, 147): 33, (9, 58): 18, (9, 111): 18, (12, 12): 198, (12, 154): 198, (13, 13): 198, (13, 152): 198, (14, 62): 198, (14, 102): 198, (16, 24): 99, (16, 138): 99, (19, 76): 99, (19, 83): 99, (21, 8): 22, (21, 149): 22, (23, 27): 99, (23, 128): 99, (24, 60): 99, (24, 94): 99, (25, 17): 99, (25, 136): 99, (26, 3): 99, (26, 149): 99, (28, 47): 66, (28, 103): 66, (29, 30): 99, (29, 119): 99, (31, 49): 198, (31, 98): 198, (32, 43): 198, (32, 103): 198, (33, 2): 99, (33, 143): 99, (34, 7): 99, (34, 137): 99, (35, 28): 11, (35, 115): 11, (36, 49): 99, (36, 93): 99, (37, 68): 198, (37, 73): 198, (38, 1): 198, (38, 139): 198, (39, 148): 99, (39, 170): 99, (41, 67): 33, (41, 70): 33, (43, 23): 66, (43, 112): 66, (44, 35): 9, (44, 99): 9, (45, 142): 22, (45, 170): 22, (52, 137): 33, (52, 168): 33, (54, 145): 99, (54, 158): 99, (55, 3): 198, (55, 120): 198, (57, 34): 198, (57, 87): 198, (58, 131): 198, (58, 168): 198, (62, 40): 18, (62, 76): 18, (63, 13): 198, (63, 102): 198, (64, 141): 66, (64, 152): 66, (65, 38): 33, (65, 75): 33, (67, 19): 33, (67, 92): 33, (69, 28): 99, (69, 81): 99, (70, 119): 198, (70, 168): 198, (71, 12): 66, (71, 95): 66, (76, 28): 9, (76, 74): 9, (77, 117): 198, (77, 163): 198, (78, 20): 66, (78, 80): 66, (81, 119): 198, (81, 157): 198, (83, 39): 99, (83, 56): 99, (84, 126): 33, (84, 147): 33, (88, 122): 11, (88, 147): 11, (91, 22): 22, (91, 65): 22, (94, 126): 99, (94, 137): 99, (95, 89): 198, (95, 173): 198, (96, 91): 198, (96, 170): 198, (97, 12): 99, (97, 69): 99, (99, 3): 66, (99, 76): 66, (100, 4): 99, (100, 74): 99, (103, 102): 99, (103, 152): 99, (104, 13): 99, (104, 61): 99, (108, 15): 33, (108, 55): 33, (113, 16): 198, (113, 49): 198, (115, 69): 99, (115, 173): 99, (116, 5): 198, (116, 57): 198, (118, 84): 6, (118, 155): 6, (119, 113): 198, (119, 125): 198, (120, 103): 99, (120, 134): 99, (121, 79): 198, (121, 157): 198, (127, 5): 99, (127, 46): 99, (129, 23): 66, (129, 26): 66, (132, 95): 9, (132, 130): 9, (133, 75): 198, (133, 149): 198, (134, 109): 198, (134, 114): 198, (138, 20): 2, (141, 51): 99, (141, 165): 99, (142, 92): 99, (142, 123): 99, (143, 15): 33, (143, 20): 33, (144, 105): 22, (144, 108): 22, (145, 96): 18, (145, 116): 18, (147, 69): 11, (147, 141): 11, (148, 68): 66, (148, 141): 66, (149, 35): 198, (149, 173): 198, (150, 92): 99, (150, 115): 99, (151, 48): 99, (151, 158): 99, (152, 98): 11, (152, 107): 11, (153, 53): 3, (153, 151): 3, (154, 45): 11, (154, 158): 11, (156, 95): 198, (156, 106): 198, (157, 43): 33, (157, 157): 33, (160, 8): 33, (160, 10): 33, (161, 75): 198, (161, 121): 198, (162, 66): 198, (162, 129): 198, (164, 83): 22, (164, 110): 22, (166, 35): 198, (166, 156): 198, (170, 43): 198, (170, 144): 198, (174, 68): 99, (174, 115): 99, (175, 18): 66, (175, 164): 66, (176, 83): 198, (176, 98): 198, (178, 8): 66, (178, 171): 66}
 
181, 192, True, 3, 64
{'infinity': 1, (0, 2): 16, (0, 178): 16, (1, 75): 96, (1, 104): 96, (2, 52): 48, (2, 126): 48, (5, 178): 2, (6, 73): 48, (6, 101): 48, (8, 78): 96, (8, 94): 96, (11, 47): 192, (11, 122): 192, (12, 69): 192, (12, 99): 192, (19, 60): 32, (19, 101): 32, (20, 40): 96, (20, 120): 96, (21, 78): 8, (21, 81): 8, (23, 35): 64, (23, 122): 64, (24, 60): 192, (24, 96): 192, (27, 25): 64, (27, 128): 64, (29, 31): 192, (29, 120): 192, (31, 2): 192, (31, 147): 192, (34, 158): 48, (34, 169): 48, (37, 59): 192, (37, 84): 192, (38, 9): 96, (38, 133): 96, (39, 58): 96, (39, 83): 96, (41, 69): 32, (41, 70): 32, (44, 45): 48, (44, 91): 48, (46, 1): 192, (46, 133): 192, (47, 5): 32, (47, 128): 32, (50, 152): 48, (50, 159): 48, (51, 143): 32, (51, 167): 32, (53, 1): 96, (53, 126): 96, (55, 58): 192, (55, 67): 192, (56, 48): 192, (56, 76): 192, (61, 39): 12, (61, 80): 12, (63, 27): 192, (63, 90): 192, (65, 22): 32, (65, 93): 32, (69, 9): 96, (69, 102): 96, (71, 12): 64, (71, 97): 64, (75, 9): 48, (75, 96): 48, (78, 106): 16, (78, 177): 16, (79, 16): 64, (79, 85): 64, (80, 47): 16, (80, 53): 16, (81, 44): 64, (81, 55): 64, (83, 1): 64, (83, 96): 64, (84, 103): 32, (84, 174): 32, (87, 118): 8, (87, 156): 8, (88, 34): 64, (88, 58): 64, (89, 135): 192, (89, 137): 192, (90, 13): 192, (90, 77): 192, (91, 42): 192, (91, 47): 192, (93, 117): 64, (93, 151): 64, (98, 130): 64, (98, 133): 64, (101, 28): 64, (101, 51): 64, (102, 37): 192, (102, 41): 192, (103, 108): 192, (103, 150): 192, (104, 115): 24, (104, 142): 24, (105, 95): 4, (105, 161): 4, (106, 118): 12, (106, 137): 12, (108, 125): 64, (108, 128): 64, (109, 72): 192, (109, 180): 192, (110, 72): 64, (110, 179): 64, (112, 119): 192, (112, 130): 192, (114, 29): 64, (114, 37): 64, (115, 86): 192, (115, 160): 192, (116, 97): 96, (116, 148): 96, (120, 66): 192, (120, 175): 192, (122, 103): 48, (122, 136): 48, (123, 115): 192, (123, 123): 192, (126, 22): 96, (126, 32): 96, (127, 108): 32, (127, 126): 32, (129, 69): 192, (129, 163): 192, (132, 0): 192, (132, 48): 192, (133, 108): 192, (133, 120): 192, (136, 110): 192, (136, 115): 192, (138, 46): 96, (138, 177): 96, (139, 60): 192, (139, 162): 192, (140, 54): 96, (140, 167): 96, (142, 90): 32, (142, 129): 32, (144, 72): 24, (144, 145): 24, (147, 37): 96, (147, 177): 96, (148, 91): 6, (148, 122): 6, (149, 4): 96, (149, 27): 96, (151, 2): 192, (151, 27): 192, (153, 78): 96, (153, 130): 96, (155, 49): 192, (155, 157): 192, (157, 101): 96, (157, 103): 96, (158, 90): 192, (158, 113): 192, (161, 84): 3, (161, 116): 3, (162, 8): 64, (162, 10): 64, (165, 84): 192, (165, 112): 192, (167, 87): 192, (167, 107): 192, (168, 56): 64, (168, 137): 64, (170, 73): 24, (170, 118): 24, (171, 91): 48, (171, 99): 48, (172, 22): 24, (172, 167): 24, (175, 48): 96, (175, 138): 96, (176, 88): 192, (176, 97): 192, (177, 6): 16, (177, 178): 16, (179, 61): 192, (179, 121): 192, (180, 82): 64, (180, 99): 64}
 
191, 189, True, 3, 63
{'infinity': 1, (0, 3): 63, (0, 187): 63, (1, 93): 63, (1, 96): 63, (5, 42): 189, (5, 143): 189, (6, 31): 189, (6, 153): 189, (7, 73): 63, (7, 110): 63, (8, 183): 189, (8, 190): 189, (10, 25): 189, (10, 155): 189, (21, 73): 189, (21, 96): 189, (22, 23): 21, (22, 145): 21, (23, 70): 189, (23, 97): 189, (24, 11): 63, (24, 155): 63, (26, 46): 63, (26, 118): 63, (30, 49): 189, (30, 111): 189, (31, 65): 63, (31, 94): 63, (32, 35): 27, (32, 123): 27, (33, 39): 27, (33, 118): 27, (35, 27): 189, (35, 128): 189, (36, 30): 7, (36, 124): 7, (38, 5): 189, (38, 147): 189, (40, 36): 27, (40, 114): 27, (41, 70): 63, (41, 79): 63, (43, 152): 189, (43, 186): 189, (44, 57): 189, (44, 89): 189, (45, 54): 189, (45, 91): 189, (48, 18): 21, (48, 124): 21, (53, 46): 189, (53, 91): 189, (54, 55): 27, (54, 81): 27, (56, 142): 27, (56, 183): 27, (57, 142): 189, (57, 182): 189, (58, 64): 27, (58, 68): 27, (59, 64): 189, (59, 67): 189, (60, 5): 3, (60, 125): 3, (65, 15): 9, (65, 110): 9, (67, 20): 189, (67, 103): 189, (70, 147): 63, (70, 164): 63, (71, 14): 189, (71, 105): 189, (72, 34): 189, (72, 84): 189, (73, 31): 9, (73, 86): 9, (75, 51): 189, (75, 64): 189, (77, 23): 189, (77, 90): 189, (79, 142): 189, (79, 160): 189, (81, 10): 189, (81, 99): 189, (82, 42): 189, (82, 66): 189, (84, 147): 189, (84, 150): 189, (85, 130): 189, (85, 166): 189, (87, 143): 21, (87, 151): 21, (92, 126): 189, (92, 163): 189, (93, 23): 189, (93, 74): 189, (94, 5): 189, (94, 91): 189, (100, 138): 189, (100, 143): 189, (101, 136): 63, (101, 144): 63, (103, 109): 27, (103, 169): 27, (104, 88): 63, (104, 189): 63, (105, 42): 189, (105, 43): 189, (108, 124): 21, (108, 149): 21, (109, 28): 189, (109, 53): 189, (111, 4): 27, (111, 75): 27, (113, 31): 189, (113, 46): 189, (115, 32): 189, (115, 43): 189, (116, 98): 189, (116, 167): 189, (118, 119): 189, (118, 144): 189, (120, 110): 63, (120, 151): 63, (123, 82): 63, (123, 176): 63, (126, 19): 7, (126, 45): 7, (128, 70): 189, (128, 183): 189, (129, 119): 189, (129, 133): 189, (130, 10): 189, (130, 50): 189, (131, 14): 7, (131, 45): 7, (133, 118): 189, (133, 130): 189, (136, 119): 189, (136, 126): 189, (138, 63): 189, (138, 180): 189, (142, 58): 189, (142, 181): 189, (143, 13): 189, (143, 34): 189, (145, 86): 63, (145, 150): 63, (147, 113): 9, (147, 121): 9, (148, 1): 189, (148, 41): 189, (150, 69): 189, (150, 162): 189, (154, 77): 189, (154, 150): 189, (155, 100): 189, (155, 126): 189, (158, 68): 189, (158, 155): 189, (159, 36): 189, (159, 186): 189, (162, 54): 189, (162, 165): 189, (163, 43): 189, (163, 175): 189, (164, 73): 27, (164, 144): 27, (165, 86): 21, (165, 130): 21, (167, 68): 63, (167, 146): 63, (168, 34): 21, (168, 179): 21, (170, 96): 189, (170, 115): 189, (172, 8): 63, (172, 10): 63, (175, 17): 63, (175, 189): 63, (176, 54): 63, (176, 151): 63, (181, 14): 189, (181, 186): 189, (184, 36): 189, (184, 161): 189, (187, 92): 63, (187, 102): 63}
 
193, 216, False, 18, 12
{'infinity': 1, (0, 30): 18, (0, 162): 18, (2, 41): 18, (2, 149): 18, (3, 81): 12, (3, 108): 12, (5, 57): 6, (5, 130): 6, (10, 15): 18, (10, 167): 18, (12, 1): 18, (12, 179): 18, (13, 32): 36, (13, 147): 36, (15, 53): 36, (15, 124): 36, (18, 12): 36, (18, 162): 36, (21, 40): 6, (21, 131): 6, (22, 59): 9, (22, 111): 9, (25, 82): 18, (25, 85): 18, (26, 65): 18, (26, 101): 18, (28, 35): 12, (28, 129): 12, (29, 14): 18, (29, 149): 18, (30, 51): 18, (30, 111): 18, (32, 37): 36, (32, 123): 36, (33, 169): 36, (33, 183): 36, (34, 32): 18, (34, 126): 18, (35, 169): 36, (35, 181): 36, (36, 56): 36, (36, 100): 36, (37, 30): 36, (37, 125): 36, (38, 63): 36, (38, 91): 36, (40, 163): 9, (40, 182): 9, (41, 70): 6, (41, 81): 6, (45, 10): 12, (45, 137): 12, (46, 22): 18, (46, 124): 18, (50, 36): 36, (50, 106): 36, (52, 22): 18, (52, 118): 18, (53, 12): 9, (53, 127): 9, (54, 23): 18, (54, 115): 18, (55, 59): 4, (55, 78): 4, (56, 13): 36, (56, 123): 36, (59, 33): 36, (59, 100): 36, (60, 24): 18, (60, 108): 18, (61, 142): 18, (61, 182): 18, (64, 48): 36, (64, 80): 36, (65, 160): 2, (66, 57): 36, (66, 69): 36, (67, 28): 18, (67, 97): 18, (68, 126): 12, (68, 191): 12, (74, 46): 36, (74, 72): 36, (77, 130): 36, (77, 178): 36, (78, 153): 12, (78, 154): 12, (79, 45): 9, (79, 68): 9, (81, 134): 18, (81, 170): 18, (83, 4): 9, (83, 105): 9, (87, 16): 12, (87, 89): 12, (88, 18): 36, (88, 86): 36, (89, 8): 36, (89, 95): 36, (91, 102): 18, (91, 192): 18, (92, 126): 36, (92, 167): 36, (93, 110): 6, (93, 182): 6, (96, 22): 3, (96, 74): 3, (97, 3): 12, (97, 92): 12, (99, 100): 18, (99, 186): 18, (101, 7): 12, (101, 84): 12, (104, 122): 36, (104, 159): 36, (105, 94): 6, (105, 186): 6, (106, 123): 18, (106, 156): 18, (107, 21): 6, (107, 64): 6, (111, 94): 36, (111, 180): 36, (112, 130): 36, (112, 143): 36, (113, 128): 36, (113, 144): 36, (117, 16): 36, (117, 59): 36, (121, 88): 36, (121, 176): 36, (122, 119): 18, (122, 144): 18, (123, 12): 36, (123, 57): 36, (124, 8): 9, (124, 60): 9, (125, 99): 12, (125, 161): 12, (126, 90): 18, (126, 169): 18, (129, 97): 9, (129, 159): 9, (131, 108): 36, (131, 146): 36, (133, 124): 12, (133, 128): 12, (134, 27): 4, (134, 31): 4, (135, 107): 18, (135, 143): 18, (137, 87): 6, (137, 161): 6, (140, 102): 12, (140, 143): 12, (141, 116): 18, (141, 128): 18, (142, 111): 6, (142, 132): 6, (145, 80): 18, (145, 160): 18, (146, 48): 12, (146, 191): 12, (147, 13): 36, (147, 32): 36, (148, 89): 3, (148, 148): 3, (150, 81): 12, (150, 154): 12, (152, 89): 12, (152, 144): 12, (154, 72): 36, (154, 159): 36, (156, 102): 36, (156, 127): 36, (157, 5): 36, (157, 30): 36, (159, 72): 6, (159, 154): 6, (162, 42): 36, (162, 181): 36, (163, 73): 3, (163, 149): 3, (164, 2): 18, (164, 26): 18, (168, 10): 6, (168, 14): 6, (171, 94): 36, (171, 120): 36, (173, 21): 3, (173, 191): 3, (174, 8): 12, (174, 10): 12, (175, 54): 9, (175, 156): 9, (176, 47): 36, (176, 162): 36, (177, 48): 18, (177, 160): 18, (178, 80): 12, (178, 127): 12, (179, 103): 2, (180, 53): 36, (180, 152): 36, (181, 71): 36, (181, 133): 36, (183, 16): 9, (183, 186): 9, (184, 13): 6, (184, 188): 6, (190, 14): 18, (190, 181): 18, (191, 97): 2, (192, 53): 6, (192, 140): 6}
 
197, 180, False, 6, 30
{'infinity': 1, (0, 7): 45, (0, 189): 45, (3, 8): 5, (3, 185): 5, (4, 32): 5, (4, 160): 5, (5, 47): 90, (5, 144): 90, (9, 86): 45, (9, 101): 45, (11, 17): 45, (11, 168): 45, (13, 11): 45, (13, 172): 45, (17, 8): 30, (17, 171): 30, (18, 49): 90, (18, 129): 90, (19, 74): 30, (19, 103): 30, (23, 174): 90, (23, 196): 90, (24, 3): 90, (24, 169): 90, (30, 70): 45, (30, 96): 45, (32, 73): 90, (32, 91): 90, (33, 53): 18, (33, 110): 18, (34, 62): 30, (34, 100): 30, (35, 58): 90, (35, 103): 90, (37, 178): 2, (40, 32): 18, (40, 124): 18, (41, 70): 15, (41, 85): 15, (43, 9): 90, (43, 144): 90, (44, 156): 90, (44, 193): 90, (47, 2): 90, (47, 147): 90, (48, 149): 90, (48, 196): 90, (50, 23): 18, (50, 123): 18, (52, 11): 90, (52, 133): 90, (55, 150): 6, (55, 188): 6, (57, 161): 18, (57, 175): 18, (59, 6): 30, (59, 131): 30, (62, 143): 90, (62, 188): 90, (63, 10): 45, (63, 123): 45, (64, 66): 2, (65, 47): 15, (65, 84): 15, (66, 0): 90, (66, 130): 90, (68, 157): 10, (68, 168): 10, (70, 52): 15, (70, 74): 15, (77, 124): 30, (77, 192): 30, (78, 25): 18, (78, 93): 18, (81, 124): 90, (81, 188): 90, (82, 151): 90, (82, 160): 90, (85, 123): 90, (85, 185): 90, (86, 140): 45, (86, 167): 45, (89, 139): 30, (89, 165): 30, (92, 18): 45, (92, 86): 45, (95, 116): 90, (95, 182): 90, (96, 145): 90, (96, 152): 90, (97, 13): 45, (97, 86): 45, (102, 39): 6, (102, 55): 6, (107, 12): 9, (107, 77): 9, (109, 13): 10, (109, 74): 10, (110, 98): 18, (110, 185): 18, (111, 137): 90, (111, 145): 90, (112, 121): 90, (112, 160): 90, (113, 134): 3, (113, 146): 3, (115, 137): 90, (115, 141): 90, (118, 111): 45, (118, 164): 45, (119, 106): 90, (119, 168): 90, (121, 93): 30, (121, 179): 30, (126, 109): 30, (126, 158): 30, (127, 70): 9, (127, 196): 9, (128, 21): 18, (128, 47): 18, (131, 109): 18, (131, 153): 18, (133, 11): 10, (133, 52): 10, (136, 5): 90, (136, 55): 90, (138, 109): 90, (138, 146): 90, (139, 102): 90, (139, 152): 90, (141, 27): 90, (141, 28): 90, (144, 103): 90, (144, 146): 90, (146, 25): 2, (150, 99): 90, (150, 144): 90, (151, 69): 10, (151, 173): 10, (154, 10): 90, (154, 32): 90, (155, 89): 90, (155, 149): 90, (157, 55): 90, (157, 181): 90, (158, 0): 30, (158, 38): 30, (160, 81): 10, (160, 152): 10, (162, 41): 30, (162, 190): 30, (169, 87): 15, (169, 137): 15, (171, 0): 9, (171, 25): 9, (176, 107): 90, (176, 110): 90, (178, 8): 30, (178, 10): 30, (180, 101): 45, (180, 112): 45, (181, 90): 90, (181, 122): 90, (182, 34): 6, (182, 177): 6, (185, 83): 45, (185, 125): 45, (186, 97): 90, (186, 110): 90, (188, 60): 10, (188, 145): 10, (189, 13): 90, (189, 191): 90, (192, 52): 30, (192, 149): 30, (194, 15): 18, (194, 184): 18, (196, 93): 90, (196, 104): 90}
 
199, 210, True, 3, 70
{'infinity': 1, (0, 92): 210, (0, 106): 210, (2, 83): 35, (2, 113): 35, (4, 68): 7, (4, 126): 7, (13, 7): 70, (13, 178): 70, (14, 188): 42, (14, 195): 42, (18, 41): 70, (18, 139): 70, (19, 65): 105, (19, 114): 105, (20, 181): 105, (20, 196): 105, (21, 13): 30, (21, 164): 30, (23, 64): 70, (23, 111): 70, (27, 42): 210, (27, 129): 210, (28, 39): 210, (28, 131): 210, (31, 10): 35, (31, 157): 35, (33, 6): 210, (33, 159): 210, (34, 81): 210, (34, 83): 210, (36, 178): 210, (36, 183): 210, (40, 59): 105, (40, 99): 105, (41, 70): 35, (41, 87): 35, (42, 15): 35, (42, 141): 35, (43, 65): 30, (43, 90): 30, (44, 165): 42, (44, 188): 42, (45, 68): 105, (45, 85): 105, (46, 156): 210, (46, 195): 210, (47, 28): 6, (47, 123): 6, (48, 6): 70, (48, 144): 70, (49, 30): 105, (49, 119): 105, (50, 33): 210, (50, 115): 210, (52, 154): 105, (52, 191): 105, (53, 58): 210, (53, 87): 210, (55, 69): 35, (55, 74): 35, (59, 67): 210, (59, 72): 210, (61, 51): 10, (61, 86): 10, (62, 144): 7, (62, 191): 7, (63, 38): 70, (63, 97): 70, (64, 158): 105, (64, 175): 105, (65, 43): 70, (65, 90): 70, (66, 0): 210, (66, 132): 210, (67, 34): 21, (67, 97): 21, (70, 31): 210, (70, 97): 210, (71, 36): 210, (71, 91): 210, (72, 161): 14, (72, 164): 14, (74, 152): 210, (74, 171): 210, (76, 21): 35, (76, 101): 35, (78, 24): 210, (78, 96): 210, (79, 159): 2, (80, 138): 35, (80, 179): 35, (81, 140): 105, (81, 176): 105, (82, 27): 30, (82, 89): 30, (84, 22): 105, (84, 92): 105, (86, 120): 15, (86, 191): 15, (88, 150): 105, (88, 159): 105, (89, 126): 105, (89, 182): 105, (90, 144): 70, (90, 163): 70, (92, 16): 21, (92, 90): 21, (93, 48): 15, (93, 57): 15, (95, 130): 105, (95, 172): 105, (102, 98): 5, (102, 197): 5, (106, 5): 210, (106, 87): 210, (107, 126): 105, (107, 164): 105, (113, 23): 210, (113, 62): 210, (116, 92): 70, (116, 189): 70, (119, 6): 105, (119, 73): 105, (122, 16): 105, (122, 60): 105, (123, 26): 210, (123, 49): 210, (125, 100): 105, (125, 172): 105, (127, 100): 210, (127, 170): 210, (128, 98): 105, (128, 171): 105, (130, 23): 105, (130, 45): 105, (135, 130): 21, (135, 132): 21, (136, 14): 21, (136, 48): 21, (137, 71): 35, (137, 189): 35, (138, 65): 210, (138, 194): 210, (139, 96): 42, (139, 162): 42, (140, 62): 15, (140, 195): 15, (142, 67): 21, (142, 188): 21, (145, 0): 105, (145, 53): 105, (146, 62): 70, (146, 189): 70, (147, 100): 10, (147, 150): 10, (149, 69): 5, (149, 179): 5, (151, 68): 105, (151, 178): 105, (154, 75): 210, (154, 168): 210, (155, 107): 42, (155, 135): 42, (156, 19): 70, (156, 23): 70, (157, 20): 210, (157, 21): 210, (162, 112): 30, (162, 123): 30, (164, 83): 42, (164, 150): 42, (166, 11): 42, (166, 21): 42, (168, 110): 35, (168, 119): 35, (169, 98): 105, (169, 130): 105, (170, 48): 35, (170, 179): 35, (177, 4): 35, (177, 17): 35, (179, 46): 3, (179, 172): 3, (180, 8): 70, (180, 10): 70, (181, 94): 105, (181, 122): 105, (182, 96): 105, (182, 119): 105, (185, 16): 105, (185, 196): 105, (187, 63): 70, (187, 147): 70, (188, 0): 14, (188, 10): 14, (190, 84): 15, (190, 123): 15, (192, 7): 210, (192, 198): 210, (193, 61): 35, (193, 143): 35, (194, 7): 21, (194, 196): 21, (195, 69): 7, (195, 133): 7, (197, 29): 14, (197, 171): 14, (198, 67): 210, (198, 132): 210}
 
211, 228, False, 6, 38
{'infinity': 1, (3, 51): 114, (3, 156): 114, (5, 13): 114, (5, 192): 114, (8, 44): 114, (8, 158): 114, (9, 51): 38, (9, 150): 38, (10, 96): 38, (10, 104): 38, (11, 9): 38, (11, 190): 38, (12, 43): 38, (12, 155): 38, (14, 69): 114, (14, 127): 114, (15, 9): 38, (15, 186): 38, (19, 192): 19, (19, 210): 19, (20, 12): 114, (20, 178): 114, (22, 194): 114, (22, 205): 114, (23, 2): 114, (23, 185): 114, (25, 34): 57, (25, 151): 57, (28, 42): 38, (28, 140): 38, (29, 55): 114, (29, 126): 114, (30, 81): 114, (30, 99): 114, (31, 55): 19, (31, 124): 19, (32, 184): 38, (32, 205): 38, (34, 183): 114, (34, 204): 114, (38, 184): 57, (38, 199): 57, (39, 32): 38, (39, 139): 38, (40, 57): 57, (40, 113): 57, (41, 70): 19, (41, 99): 19, (43, 31): 114, (43, 136): 114, (45, 62): 114, (45, 103): 114, (47, 80): 114, (47, 83): 114, (48, 81): 2, (49, 20): 114, (49, 141): 114, (51, 8): 38, (51, 151): 38, (52, 25): 57, (52, 133): 57, (58, 46): 114, (58, 106): 114, (59, 180): 6, (59, 182): 6, (60, 7): 38, (60, 143): 38, (61, 34): 57, (61, 115): 57, (62, 32): 57, (62, 116): 57, (63, 42): 114, (63, 105): 114, (65, 176): 38, (65, 180): 38, (67, 65): 114, (67, 78): 114, (69, 166): 57, (69, 186): 57, (73, 2): 38, (73, 135): 38, (75, 38): 114, (75, 97): 114, (77, 169): 38, (77, 175): 38, (79, 44): 114, (79, 87): 114, (83, 13): 114, (83, 114): 114, (84, 150): 114, (84, 187): 114, (88, 153): 114, (88, 180): 114, (90, 157): 38, (90, 174): 38, (91, 145): 19, (91, 185): 19, (92, 162): 38, (92, 167): 38, (93, 48): 114, (93, 69): 114, (98, 138): 114, (98, 185): 114, (101, 35): 19, (101, 74): 19, (102, 19): 57, (102, 89): 57, (103, 22): 57, (103, 85): 57, (105, 36): 114, (105, 69): 114, (107, 154): 19, (107, 160): 19, (108, 11): 6, (108, 91): 6, (110, 41): 114, (110, 59): 114, (111, 32): 114, (111, 67): 114, (113, 101): 38, (113, 207): 38, (116, 2): 114, (116, 92): 114, (119, 150): 57, (119, 152): 57, (121, 42): 57, (121, 47): 57, (122, 36): 114, (122, 52): 114, (124, 13): 38, (124, 73): 38, (125, 41): 114, (125, 44): 114, (126, 34): 57, (126, 50): 57, (128, 107): 114, (128, 186): 114, (129, 146): 2, (130, 138): 19, (130, 153): 19, (131, 4): 114, (131, 75): 114, (134, 81): 114, (134, 206): 114, (136, 134): 114, (136, 151): 114, (138, 92): 38, (138, 191): 38, (140, 22): 114, (140, 48): 114, (141, 99): 114, (141, 181): 114, (142, 95): 114, (142, 184): 114, (143, 6): 57, (143, 61): 57, (144, 130): 114, (144, 147): 114, (147, 114): 114, (147, 160): 114, (150, 64): 114, (150, 207): 114, (152, 3): 114, (152, 55): 114, (153, 67): 19, (153, 201): 19, (157, 24): 114, (157, 29): 114, (158, 58): 114, (158, 205): 114, (159, 67): 114, (159, 195): 114, (160, 54): 114, (160, 207): 114, (163, 125): 38, (163, 133): 38, (164, 116): 114, (164, 141): 114, (165, 68): 19, (165, 188): 19, (168, 80): 114, (168, 173): 114, (169, 92): 114, (169, 160): 114, (172, 70): 38, (172, 179): 38, (180, 8): 38, (180, 22): 38, (185, 113): 57, (185, 123): 57, (186, 9): 38, (186, 15): 38, (188, 41): 114, (188, 192): 114, (190, 48): 38, (190, 183): 38, (191, 90): 3, (191, 140): 3, (192, 8): 38, (192, 10): 38, (193, 114): 2, (195, 88): 6, (195, 138): 6, (196, 36): 38, (196, 189): 38, (197, 108): 38, (197, 116): 38, (198, 110): 57, (198, 113): 57, (199, 39): 57, (199, 183): 57, (200, 51): 114, (200, 170): 114, (202, 102): 57, (202, 117): 57, (204, 77): 114, (204, 140): 114, (205, 63): 114, (205, 153): 114, (206, 71): 114, (206, 144): 114, (208, 80): 114, (208, 133): 114, (209, 94): 57, (209, 118): 57, (210, 70): 38, (210, 141): 38}
 
223, 210, True, 21, 10
{'infinity': 1, (4, 42): 70, (4, 176): 70, (5, 79): 105, (5, 138): 105, (6, 83): 70, (6, 133): 70, (10, 99): 210, (10, 113): 210, (13, 90): 210, (13, 119): 210, (17, 49): 105, (17, 156): 105, (18, 38): 210, (18, 166): 210, (20, 18): 21, (20, 184): 21, (22, 89): 30, (22, 111): 30, (24, 33): 210, (24, 165): 210, (25, 62): 210, (25, 135): 210, (26, 53): 35, (26, 143): 35, (27, 53): 35, (27, 142): 35, (28, 12): 42, (28, 182): 42, (31, 4): 105, (31, 187): 105, (32, 45): 105, (32, 145): 105, (34, 3): 210, (34, 185): 210, (37, 188): 21, (37, 220): 21, (39, 54): 105, (39, 129): 105, (41, 70): 5, (41, 111): 5, (42, 198): 105, (42, 205): 105, (44, 78): 35, (44, 100): 35, (45, 28): 210, (45, 149): 210, (46, 42): 105, (46, 134): 105, (50, 22): 15, (50, 150): 15, (53, 35): 70, (53, 134): 70, (54, 33): 21, (54, 135): 21, (55, 2): 21, (55, 165): 21, (57, 59): 15, (57, 106): 15, (60, 55): 42, (60, 107): 42, (61, 180): 42, (61, 204): 42, (63, 76): 105, (63, 83): 105, (68, 70): 210, (68, 84): 210, (69, 16): 70, (69, 137): 70, (76, 69): 10, (76, 77): 10, (77, 59): 15, (77, 86): 15, (84, 60): 210, (84, 78): 210, (86, 24): 15, (86, 112): 15, (87, 138): 210, (87, 220): 210, (90, 59): 5, (90, 73): 5, (91, 57): 210, (91, 74): 210, (93, 44): 210, (93, 85): 210, (96, 48): 210, (96, 78): 210, (99, 7): 35, (99, 116): 35, (100, 125): 210, (100, 220): 210, (101, 18): 14, (101, 103): 14, (102, 49): 210, (102, 71): 210, (103, 18): 42, (103, 101): 42, (105, 49): 70, (105, 68): 70, (107, 5): 105, (107, 110): 105, (110, 132): 105, (110, 203): 105, (113, 139): 105, (113, 193): 105, (115, 37): 42, (115, 70): 42, (116, 158): 14, (116, 171): 14, (118, 124): 210, (118, 203): 210, (119, 126): 210, (119, 200): 210, (120, 139): 70, (120, 186): 70, (121, 132): 105, (121, 192): 105, (124, 104): 35, (124, 217): 35, (125, 134): 42, (125, 186): 42, (131, 144): 35, (131, 170): 35, (132, 138): 210, (132, 175): 210, (134, 44): 2, (136, 102): 105, (136, 207): 105, (137, 87): 14, (137, 221): 14, (139, 85): 70, (139, 221): 70, (145, 135): 30, (145, 165): 30, (146, 33): 70, (146, 43): 70, (148, 96): 7, (148, 201): 7, (150, 21): 35, (150, 51): 35, (151, 101): 105, (151, 193): 105, (153, 86): 7, (153, 206): 7, (154, 11): 6, (154, 57): 6, (155, 83): 210, (155, 207): 210, (156, 82): 210, (156, 207): 210, (157, 0): 70, (157, 65): 70, (159, 72): 105, (159, 214): 105, (161, 111): 30, (161, 173): 30, (162, 136): 105, (162, 147): 105, (167, 81): 21, (167, 197): 21, (169, 60): 210, (169, 216): 210, (171, 53): 35, (171, 221): 35, (172, 15): 35, (172, 35): 35, (174, 6): 30, (174, 42): 30, (182, 1): 210, (182, 39): 210, (183, 69): 21, (183, 193): 21, (187, 47): 35, (187, 211): 35, (188, 69): 210, (188, 188): 210, (192, 40): 35, (192, 213): 35, (193, 101): 70, (193, 151): 70, (194, 60): 35, (194, 191): 35, (199, 41): 105, (199, 205): 105, (200, 100): 105, (200, 145): 105, (202, 57): 105, (202, 186): 105, (203, 100): 3, (203, 142): 3, (204, 8): 10, (204, 10): 10, (206, 34): 7, (206, 205): 7, (207, 61): 105, (207, 177): 105, (214, 92): 210, (214, 139): 210, (215, 85): 105, (215, 145): 105, (216, 97): 105, (216, 132): 105, (217, 86): 105, (217, 142): 105, (219, 23): 70, (219, 203): 70, (220, 44): 105, (220, 181): 105, (222, 35): 70, (222, 188): 70}
 
227, 234, True, 18, 13
{'infinity': 1, (3, 2): 78, (3, 221): 78, (4, 62): 39, (4, 160): 39, (5, 87): 234, (5, 134): 234, (7, 29): 234, (7, 190): 234, (8, 49): 234, (8, 169): 234, (10, 34): 234, (10, 182): 234, (17, 101): 18, (17, 108): 18, (22, 7): 78, (22, 197): 78, (26, 95): 117, (26, 105): 117, (27, 70): 234, (27, 129): 234, (31, 41): 117, (31, 154): 117, (32, 27): 117, (32, 167): 117, (34, 195): 39, (34, 224): 39, (36, 36): 117, (36, 154): 117, (37, 86): 117, (37, 103): 117, (38, 77): 117, (38, 111): 117, (39, 53): 234, (39, 134): 234, (41, 70): 13, (41, 115): 13, (42, 33): 117, (42, 151): 117, (46, 190): 39, (46, 217): 39, (47, 42): 9, (47, 137): 9, (50, 11): 39, (50, 165): 39, (51, 192): 13, (51, 210): 13, (52, 194): 234, (52, 207): 234, (53, 81): 117, (53, 92): 117, (59, 12): 234, (59, 155): 234, (60, 72): 39, (60, 94): 39, (61, 22): 39, (61, 143): 39, (62, 36): 234, (62, 128): 234, (67, 71): 234, (67, 88): 234, (68, 50): 39, (68, 108): 39, (69, 170): 234, (69, 214): 234, (71, 161): 78, (71, 221): 78, (73, 74): 26, (73, 79): 26, (75, 181): 117, (75, 197): 117, (76, 12): 26, (76, 138): 26, (77, 27): 9, (77, 122): 9, (79, 160): 117, (79, 214): 117, (80, 159): 26, (80, 214): 26, (83, 34): 234, (83, 109): 234, (84, 30): 117, (84, 112): 117, (86, 149): 9, (86, 218): 9, (88, 173): 234, (88, 192): 234, (89, 172): 234, (89, 192): 234, (91, 162): 234, (91, 200): 234, (92, 67): 2, (93, 12): 117, (93, 121): 117, (94, 148): 18, (94, 211): 18, (97, 150): 18, (97, 206): 18, (99, 63): 117, (99, 64): 117, (100, 141): 234, (100, 212): 234, (102, 171): 117, (102, 180): 117, (104, 49): 117, (104, 73): 117, (105, 152): 234, (105, 196): 234, (108, 146): 117, (108, 199): 117, (112, 139): 234, (112, 202): 234, (115, 55): 117, (115, 56): 117, (116, 49): 78, (116, 61): 78, (119, 27): 13, (119, 80): 13, (120, 157): 117, (120, 176): 117, (122, 163): 117, (122, 168): 117, (124, 126): 234, (124, 203): 234, (130, 36): 6, (130, 60): 6, (131, 125): 234, (131, 197): 234, (133, 135): 78, (133, 185): 78, (134, 113): 234, (134, 206): 234, (135, 34): 39, (135, 57): 39, (137, 152): 234, (137, 164): 234, (138, 135): 234, (138, 180): 234, (139, 136): 3, (139, 178): 3, (141, 121): 117, (141, 191): 117, (142, 32): 78, (142, 52): 78, (143, 108): 234, (143, 202): 234, (145, 148): 117, (145, 160): 117, (146, 123): 26, (146, 184): 26, (150, 127): 78, (150, 176): 78, (151, 146): 39, (151, 156): 39, (154, 78): 39, (154, 221): 39, (155, 6): 117, (155, 65): 117, (160, 70): 234, (160, 223): 234, (161, 138): 39, (161, 154): 39, (162, 24): 117, (162, 40): 117, (164, 19): 234, (164, 43): 234, (165, 141): 117, (165, 147): 117, (167, 133): 117, (167, 153): 117, (171, 1): 117, (171, 54): 117, (172, 119): 234, (172, 162): 234, (175, 88): 234, (175, 190): 234, (177, 64): 117, (177, 212): 117, (178, 63): 234, (178, 212): 234, (179, 64): 13, (179, 210): 13, (180, 96): 234, (180, 177): 234, (184, 134): 117, (184, 135): 117, (185, 92): 234, (185, 176): 234, (188, 122): 234, (188, 143): 234, (190, 122): 78, (190, 141): 78, (191, 117): 117, (191, 145): 117, (192, 99): 117, (192, 162): 117, (196, 111): 117, (196, 146): 117, (200, 51): 117, (200, 202): 117, (202, 68): 39, (202, 183): 39, (203, 9): 234, (203, 14): 234, (204, 107): 117, (204, 142): 117, (206, 104): 234, (206, 143): 234, (208, 8): 13, (208, 10): 13, (209, 120): 26, (209, 124): 26, (210, 48): 78, (210, 195): 78, (211, 47): 78, (211, 195): 78, (213, 88): 117, (213, 152): 117, (215, 58): 234, (215, 180): 234, (216, 89): 78, (216, 148): 78, (217, 92): 26, (217, 144): 26, (218, 97): 78, (218, 138): 78, (219, 26): 234, (219, 208): 234, (221, 111): 117, (221, 121): 117, (224, 23): 117, (224, 206): 117, (225, 18): 13, (225, 210): 13}
 
229, 246, True, 3, 82
{'infinity': 1, (0, 64): 123, (0, 164): 123, (1, 102): 246, (1, 125): 246, (3, 52): 41, (3, 173): 41, (10, 24): 123, (10, 194): 123, (13, 1): 41, (13, 214): 41, (16, 82): 41, (16, 130): 41, (18, 37): 123, (18, 173): 123, (20, 79): 82, (20, 129): 82, (23, 92): 82, (23, 113): 82, (24, 26): 41, (24, 178): 41, (28, 71): 82, (28, 129): 82, (31, 71): 246, (31, 126): 246, (32, 65): 41, (32, 131): 41, (33, 52): 6, (33, 143): 6, (34, 70): 246, (34, 124): 246, (35, 74): 123, (35, 119): 123, (39, 199): 82, (39, 219): 82, (40, 83): 246, (40, 105): 246, (41, 70): 41, (41, 117): 41, (42, 11): 123, (42, 175): 123, (43, 201): 123, (43, 213): 123, (47, 75): 123, (47, 106): 123, (50, 4): 123, (50, 174): 123, (51, 200): 82, (51, 206): 82, (52, 37): 123, (52, 139): 123, (54, 176): 41, (54, 227): 41, (56, 42): 123, (56, 130): 123, (58, 176): 246, (58, 223): 246, (59, 36): 123, (59, 133): 123, (61, 33): 123, (61, 134): 123, (63, 181): 41, (63, 213): 41, (64, 72): 246, (64, 92): 246, (65, 175): 82, (65, 217): 82, (69, 189): 41, (69, 199): 41, (70, 34): 123, (70, 124): 123, (73, 170): 246, (73, 214): 246, (75, 42): 41, (75, 111): 41, (76, 73): 246, (76, 79): 246, (78, 33): 246, (78, 117): 246, (79, 63): 123, (79, 86): 123, (80, 50): 123, (80, 98): 123, (83, 18): 246, (83, 127): 246, (84, 44): 123, (84, 100): 123, (86, 169): 246, (86, 202): 246, (87, 67): 246, (87, 74): 246, (91, 33): 82, (91, 104): 82, (92, 164): 246, (92, 201): 246, (95, 161): 246, (95, 201): 246, (99, 42): 123, (99, 87): 123, (100, 14): 246, (100, 114): 246, (101, 138): 82, (101, 218): 82, (102, 32): 123, (102, 94): 123, (105, 155): 82, (105, 197): 82, (108, 46): 82, (108, 74): 82, (109, 57): 246, (109, 62): 246, (110, 25): 41, (110, 93): 41, (111, 0): 246, (111, 117): 246, (117, 149): 41, (117, 191): 41, (118, 163): 246, (118, 176): 246, (119, 158): 246, (119, 180): 246, (120, 0): 123, (120, 108): 123, (121, 149): 246, (121, 187): 246, (122, 136): 82, (122, 199): 82, (123, 159): 246, (123, 175): 246, (124, 120): 123, (124, 213): 123, (126, 124): 246, (126, 207): 246, (128, 39): 41, (128, 61): 41, (129, 146): 123, (129, 182): 123, (134, 15): 123, (134, 79): 123, (138, 155): 82, (138, 164): 82, (139, 2): 246, (139, 87): 246, (141, 29): 246, (141, 58): 246, (142, 17): 246, (142, 69): 246, (143, 92): 123, (143, 222): 123, (144, 99): 246, (144, 214): 246, (145, 88): 123, (145, 224): 123, (148, 146): 123, (148, 163): 123, (149, 84): 246, (149, 224): 246, (151, 145): 246, (151, 161): 246, (152, 147): 41, (152, 158): 41, (153, 15): 123, (153, 60): 123, (155, 3): 246, (155, 70): 246, (158, 130): 123, (158, 169): 123, (160, 31): 123, (160, 37): 123, (162, 128): 246, (162, 167): 246, (163, 89): 246, (163, 205): 246, (164, 86): 123, (164, 207): 123, (165, 68): 246, (165, 224): 246, (168, 73): 123, (168, 216): 123, (169, 81): 82, (169, 207): 82, (171, 71): 123, (171, 215): 123, (172, 15): 41, (172, 41): 41, (173, 23): 123, (173, 32): 123, (175, 17): 123, (175, 36): 123, (181, 76): 82, (181, 200): 82, (182, 129): 41, (182, 146): 41, (184, 12): 123, (184, 32): 123, (186, 127): 123, (186, 144): 123, (187, 85): 82, (187, 185): 82, (188, 111): 246, (188, 158): 246, (190, 127): 82, (190, 140): 82, (191, 109): 123, (191, 157): 123, (193, 101): 82, (193, 163): 82, (194, 52): 246, (194, 211): 246, (196, 111): 246, (196, 150): 246, (197, 40): 246, (197, 220): 246, (198, 55): 246, (198, 204): 246, (203, 75): 123, (203, 179): 123, (205, 7): 246, (205, 16): 246, (206, 83): 246, (206, 168): 246, (207, 22): 82, (207, 228): 82, (208, 118): 123, (208, 131): 123, (209, 75): 3, (209, 173): 3, (210, 8): 82, (210, 10): 82, (213, 83): 41, (213, 161): 41, (215, 73): 82, (215, 169): 82, (216, 86): 41, (216, 155): 41, (217, 80): 123, (217, 160): 123, (219, 107): 123, (219, 131): 123, (221, 87): 246, (221, 149): 246, (225, 36): 41, (225, 196): 41, (227, 30): 41, (227, 200): 41, (228, 0): 2}
 
233, 216, True, 12, 18
{'infinity': 1, (0, 82): 6, (0, 150): 6, (2, 35): 27, (2, 195): 27, (4, 108): 216, (4, 120): 216, (5, 108): 54, (5, 119): 54, (7, 102): 36, (7, 123): 36, (8, 91): 216, (8, 133): 216, (13, 65): 72, (13, 154): 72, (14, 35): 216, (14, 183): 216, (15, 21): 54, (15, 196): 54, (20, 24): 216, (20, 188): 216, (22, 47): 9, (22, 163): 9, (23, 37): 216, (23, 172): 216, (24, 69): 216, (24, 139): 216, (27, 34): 216, (27, 171): 216, (29, 211): 24, (29, 225): 24, (30, 3): 216, (30, 199): 216, (32, 208): 216, (32, 225): 216, (33, 40): 108, (33, 159): 108, (36, 213): 108, (36, 216): 108, (38, 27): 72, (38, 167): 72, (41, 70): 9, (41, 121): 9, (43, 78): 27, (43, 111): 27, (44, 5): 54, (44, 183): 54, (46, 40): 216, (46, 146): 216, (50, 80): 216, (50, 102): 216, (54, 42): 216, (54, 136): 216, (55, 12): 108, (55, 165): 108, (56, 37): 108, (56, 139): 108, (57, 3): 36, (57, 172): 36, (60, 52): 216, (60, 120): 216, (63, 5): 8, (63, 164): 8, (67, 78): 216, (67, 87): 216, (68, 190): 216, (68, 207): 216, (69, 4): 18, (69, 159): 18, (70, 14): 27, (70, 148): 27, (74, 21): 27, (74, 137): 27, (78, 166): 54, (78, 221): 54, (79, 52): 54, (79, 101): 54, (86, 43): 8, (86, 103): 8, (87, 63): 216, (87, 82): 216, (90, 151): 72, (90, 224): 72, (92, 7): 4, (92, 133): 4, (93, 170): 18, (93, 202): 18, (95, 52): 216, (95, 85): 216, (96, 55): 216, (96, 81): 216, (97, 13): 24, (97, 122): 24, (100, 26): 12, (100, 106): 12, (101, 64): 72, (101, 67): 72, (104, 59): 216, (104, 69): 216, (105, 50): 108, (105, 77): 108, (106, 57): 36, (106, 69): 36, (107, 179): 2, (110, 126): 216, (110, 229): 216, (111, 150): 108, (111, 204): 108, (115, 127): 36, (115, 223): 36, (116, 32): 108, (116, 84): 108, (117, 142): 72, (117, 206): 72, (118, 25): 72, (118, 89): 72, (120, 54): 54, (120, 58): 54, (121, 127): 108, (121, 217): 108, (123, 150): 108, (123, 192): 108, (124, 30): 72, (124, 78): 72, (126, 33): 108, (126, 73): 108, (127, 5): 216, (127, 100): 216, (130, 28): 108, (130, 74): 108, (131, 129): 24, (131, 205): 24, (132, 159): 108, (132, 174): 108, (134, 133): 216, (134, 198): 216, (137, 124): 54, (137, 204): 54, (143, 117): 108, (143, 205): 108, (144, 98): 9, (144, 223): 9, (145, 21): 54, (145, 66): 54, (147, 3): 216, (147, 82): 216, (150, 89): 216, (150, 226): 216, (154, 139): 216, (154, 172): 216, (155, 37): 216, (155, 40): 216, (157, 15): 108, (157, 60): 108, (161, 131): 216, (161, 173): 216, (163, 73): 36, (163, 229): 36, (170, 120): 27, (170, 175): 27, (172, 22): 72, (172, 38): 72, (173, 67): 108, (173, 225): 108, (176, 106): 72, (176, 183): 72, (177, 102): 216, (177, 186): 216, (178, 73): 27, (178, 214): 27, (182, 19): 216, (182, 31): 216, (183, 97): 27, (183, 185): 27, (186, 101): 72, (186, 178): 72, (191, 106): 72, (191, 168): 72, (192, 128): 3, (192, 145): 3, (193, 67): 216, (193, 205): 216, (194, 42): 216, (194, 229): 216, (196, 76): 27, (196, 193): 27, (199, 89): 108, (199, 177): 108, (200, 96): 216, (200, 169): 216, (201, 109): 24, (201, 155): 24, (202, 101): 216, (202, 162): 216, (205, 61): 54, (205, 199): 54, (206, 27): 216, (206, 232): 216, (208, 34): 12, (208, 223): 12, (214, 8): 18, (214, 10): 18, (218, 35): 72, (218, 212): 72, (219, 42): 36, (219, 204): 36, (223, 27): 108, (223, 215): 108, (225, 108): 216, (225, 132): 216, (228, 99): 108, (228, 138): 108, (231, 107): 27, (231, 127): 27, (232, 34): 216, (232, 199): 216}
 
239, 261, True, 9, 29
{'infinity': 1, (1, 57): 87, (1, 180): 87, (2, 105): 87, (2, 131): 87, (3, 49): 261, (3, 186): 261, (4, 7): 261, (4, 227): 261, (9, 25): 261, (9, 204): 261, (10, 33): 261, (10, 195): 261, (11, 45): 261, (11, 182): 261, (12, 51): 261, (12, 175): 261, (15, 25): 261, (15, 198): 261, (20, 99): 87, (20, 119): 87, (21, 54): 261, (21, 163): 261, (23, 20): 261, (23, 195): 261, (24, 6): 261, (24, 208): 261, (27, 97): 261, (27, 114): 261, (28, 217): 261, (28, 232): 261, (29, 10): 29, (29, 199): 29, (31, 43): 261, (31, 164): 261, (33, 210): 261, (33, 234): 261, (34, 31): 87, (34, 173): 87, (36, 37): 261, (36, 165): 261, (39, 99): 261, (39, 100): 261, (40, 45): 87, (40, 153): 87, (41, 70): 29, (41, 127): 29, (43, 42): 261, (43, 153): 261, (44, 12): 261, (44, 182): 261, (45, 46): 261, (45, 147): 261, (49, 51): 261, (49, 138): 261, (50, 28): 87, (50, 160): 87, (51, 15): 87, (51, 172): 87, (52, 68): 261, (52, 118): 261, (54, 38): 87, (54, 146): 87, (55, 76): 261, (55, 107): 261, (56, 189): 29, (56, 232): 29, (57, 77): 261, (57, 104): 261, (58, 60): 261, (58, 120): 261, (61, 52): 261, (61, 125): 261, (63, 179): 87, (63, 235): 87, (65, 203): 87, (65, 209): 87, (66, 15): 261, (66, 157): 261, (67, 39): 9, (67, 132): 9, (68, 20): 261, (68, 150): 261, (69, 83): 29, (69, 86): 29, (70, 80): 261, (70, 88): 261, (71, 168): 261, (71, 238): 261, (72, 33): 261, (72, 133): 261, (76, 21): 3, (76, 141): 3, (78, 60): 261, (78, 100): 261, (80, 8): 261, (80, 150): 261, (81, 160): 29, (81, 236): 29, (82, 49): 261, (82, 107): 261, (85, 157): 29, (85, 235): 29, (86, 22): 87, (86, 130): 87, (87, 28): 29, (87, 123): 29, (89, 157): 261, (89, 231): 261, (91, 19): 87, (91, 128): 87, (92, 150): 87, (92, 235): 87, (94, 2): 261, (94, 142): 261, (97, 50): 261, (97, 91): 261, (98, 185): 261, (98, 194): 261, (99, 164): 9, (99, 214): 9, (101, 13): 29, (101, 124): 29, (103, 28): 87, (103, 107): 87, (104, 60): 9, (104, 74): 9, (105, 143): 261, (105, 229): 261, (107, 162): 261, (107, 208): 261, (108, 48): 261, (108, 82): 261, (109, 160): 87, (109, 208): 87, (110, 164): 87, (110, 203): 87, (113, 152): 87, (113, 212): 87, (114, 159): 87, (114, 204): 87, (117, 156): 261, (117, 204): 261, (122, 14): 29, (122, 102): 29, (123, 15): 261, (123, 100): 261, (126, 27): 29, (126, 85): 29, (128, 116): 261, (128, 233): 261, (129, 24): 87, (129, 85): 87, (131, 154): 261, (131, 192): 261, (132, 35): 261, (132, 71): 261, (133, 32): 261, (133, 73): 261, (135, 137): 261, (135, 205): 261, (136, 111): 261, (136, 230): 261, (140, 122): 87, (140, 215): 87, (141, 116): 87, (141, 220): 87, (142, 9): 261, (142, 87): 261, (143, 122): 261, (143, 212): 261, (146, 134): 87, (146, 197): 87, (149, 20): 261, (149, 69): 261, (152, 128): 261, (152, 197): 261, (155, 34): 261, (155, 49): 261, (156, 89): 261, (156, 232): 261, (157, 153): 261, (157, 167): 261, (158, 33): 87, (158, 47): 87, (161, 154): 87, (161, 162): 87, (166, 87): 261, (166, 224): 261, (169, 149): 261, (169, 159): 261, (170, 2): 261, (170, 66): 261, (171, 87): 261, (171, 219): 261, (179, 8): 261, (179, 51): 261, (181, 99): 261, (181, 197): 261, (182, 59): 261, (182, 236): 261, (184, 125): 261, (184, 168): 261, (185, 110): 261, (185, 182): 261, (187, 136): 261, (187, 154): 261, (188, 21): 261, (188, 29): 261, (189, 4): 261, (189, 45): 261, (190, 117): 261, (190, 170): 261, (192, 62): 261, (192, 223): 261, (193, 118): 261, (193, 166): 261, (196, 122): 261, (196, 159): 261, (198, 86): 261, (198, 193): 261, (199, 1): 29, (199, 38): 29, (200, 129): 29, (200, 148): 29, (204, 94): 261, (204, 179): 261, (207, 75): 261, (207, 195): 261, (208, 41): 261, (208, 228): 261, (210, 116): 261, (210, 151): 261, (211, 104): 261, (211, 162): 261, (212, 86): 261, (212, 179): 261, (213, 42): 261, (213, 222): 261, (215, 2): 261, (215, 21): 261, (216, 25): 261, (216, 236): 261, (220, 8): 29, (220, 10): 29, (223, 42): 261, (223, 212): 261, (224, 85): 87, (224, 168): 87, (226, 38): 87, (226, 213): 87, (228, 72): 87, (228, 177): 87, (229, 103): 261, (229, 145): 261, (230, 10): 29, (230, 237): 29, (234, 118): 87, (234, 125): 87, (236, 113): 261, (236, 128): 261}
 
241, 228, False, 6, 38
{'infinity': 1, (1, 11): 114, (1, 228): 114, (3, 55): 57, (3, 182): 57, (5, 37): 114, (5, 198): 114, (6, 29): 114, (6, 205): 114, (8, 50): 114, (8, 182): 114, (11, 99): 38, (11, 130): 38, (13, 31): 114, (13, 196): 114, (14, 12): 19, (14, 214): 19, (15, 99): 38, (15, 126): 38, (16, 57): 114, (16, 167): 114, (17, 20): 114, (17, 203): 114, (18, 93): 114, (18, 129): 114, (21, 9): 38, (21, 210): 38, (23, 66): 114, (23, 151): 114, (24, 219): 19, (24, 238): 19, (28, 80): 114, (28, 132): 114, (29, 9): 19, (29, 202): 19, (34, 215): 57, (34, 232): 57, (41, 70): 19, (41, 129): 19, (44, 98): 2, (45, 4): 6, (45, 191): 6, (46, 3): 38, (46, 191): 38, (57, 194): 114, (57, 230): 114, (60, 46): 57, (60, 134): 57, (62, 15): 114, (62, 163): 114, (63, 58): 114, (63, 119): 114, (64, 40): 114, (64, 136): 114, (65, 196): 38, (65, 220): 38, (66, 192): 38, (66, 223): 38, (67, 10): 114, (67, 163): 114, (68, 29): 38, (68, 143): 38, (70, 36): 114, (70, 134): 114, (72, 60): 114, (72, 108): 114, (73, 66): 114, (73, 101): 114, (74, 34): 57, (74, 132): 57, (75, 58): 114, (75, 107): 114, (76, 186): 57, (76, 219): 57, (78, 6): 114, (78, 156): 114, (81, 50): 114, (81, 109): 114, (82, 165): 114, (82, 234): 114, (83, 13): 114, (83, 144): 114, (84, 37): 114, (84, 119): 114, (85, 70): 57, (85, 85): 57, (86, 0): 114, (86, 154): 114, (90, 32): 114, (90, 118): 114, (93, 7): 57, (93, 140): 57, (94, 173): 114, (94, 214): 114, (95, 26): 114, (95, 119): 114, (97, 146): 57, (97, 238): 57, (98, 51): 57, (98, 91): 57, (100, 148): 114, (100, 233): 114, (101, 190): 2, (103, 141): 19, (103, 237): 19, (104, 58): 57, (104, 78): 57, (106, 175): 38, (106, 200): 38, (112, 134): 114, (112, 235): 114, (113, 163): 114, (113, 205): 114, (116, 54): 57, (116, 70): 57, (121, 122): 57, (121, 238): 57, (123, 153): 38, (123, 205): 38, (124, 170): 114, (124, 187): 114, (125, 52): 19, (125, 63): 19, (132, 110): 38, (132, 239): 38, (134, 133): 114, (134, 214): 114, (135, 125): 114, (135, 221): 114, (138, 168): 38, (138, 175): 38, (139, 121): 114, (139, 221): 114, (140, 132): 38, (140, 209): 38, (141, 16): 19, (141, 83): 19, (142, 120): 57, (142, 219): 57, (144, 160): 38, (144, 177): 38, (145, 1): 38, (145, 94): 38, (146, 28): 38, (146, 66): 38, (147, 122): 114, (147, 212): 114, (151, 139): 57, (151, 191): 57, (153, 37): 38, (153, 50): 38, (156, 103): 114, (156, 222): 114, (157, 162): 2, (158, 90): 6, (158, 233): 6, (160, 17): 57, (160, 63): 57, (162, 30): 57, (162, 48): 57, (164, 121): 114, (164, 196): 114, (165, 142): 19, (165, 174): 19, (168, 29): 114, (168, 43): 114, (175, 109): 38, (175, 197): 38, (176, 13): 114, (176, 51): 114, (179, 73): 114, (179, 229): 114, (180, 121): 114, (180, 180): 114, (183, 129): 114, (183, 169): 114, (185, 144): 114, (185, 152): 114, (186, 114): 38, (186, 181): 38, (192, 9): 38, (192, 39): 38, (193, 2): 38, (193, 45): 38, (194, 10): 114, (194, 36): 114, (198, 63): 57, (198, 220): 57, (199, 89): 114, (199, 193): 114, (201, 116): 114, (201, 164): 114, (203, 84): 114, (203, 194): 114, (209, 51): 38, (209, 221): 38, (211, 81): 114, (211, 189): 114, (213, 3): 38, (213, 24): 38, (214, 72): 38, (214, 195): 38, (215, 122): 114, (215, 144): 114, (216, 99): 38, (216, 166): 38, (219, 36): 6, (219, 226): 6, (220, 41): 114, (220, 220): 114, (221, 111): 3, (221, 149): 3, (222, 8): 38, (222, 10): 38, (223, 64): 114, (223, 194): 114, (224, 3): 19, (224, 13): 19, (225, 23): 38, (225, 233): 38, (227, 109): 114, (227, 145): 114, (231, 68): 114, (231, 182): 114, (236, 14): 57, (236, 231): 57, (239, 67): 38, (239, 175): 38}
 
251, 270, True, 6, 45
{'infinity': 1, (1, 70): 15, (1, 179): 15, (3, 119): 270, (3, 128): 270, (4, 105): 30, (4, 141): 30, (5, 97): 270, (5, 148): 270, (6, 121): 135, (6, 123): 135, (8, 18): 90, (8, 224): 90, (10, 30): 45, (10, 210): 45, (12, 9): 135, (12, 229): 135, (13, 102): 90, (13, 135): 90, (14, 15): 270, (14, 221): 270, (15, 34): 270, (15, 201): 270, (16, 16): 135, (16, 218): 135, (18, 46): 5, (18, 186): 5, (20, 110): 270, (20, 120): 270, (21, 98): 90, (21, 131): 90, (22, 65): 30, (22, 163): 30, (23, 62): 270, (23, 165): 270, (24, 29): 18, (24, 197): 18, (25, 105): 30, (25, 120): 30, (26, 90): 27, (26, 134): 27, (27, 66): 45, (27, 157): 45, (28, 1): 270, (28, 221): 270, (29, 17): 135, (29, 204): 135, (30, 29): 54, (30, 191): 54, (31, 59): 45, (31, 160): 45, (35, 53): 135, (35, 162): 135, (39, 79): 270, (39, 132): 270, (40, 81): 270, (40, 129): 270, (41, 70): 45, (41, 139): 45, (42, 68): 135, (42, 140): 135, (43, 43): 54, (43, 164): 54, (46, 57): 135, (46, 147): 135, (47, 45): 10, (47, 158): 10, (48, 4): 135, (48, 198): 135, (50, 208): 90, (50, 243): 90, (55, 47): 135, (55, 148): 135, (57, 6): 270, (57, 187): 270, (59, 84): 45, (59, 107): 45, (61, 202): 270, (61, 238): 270, (63, 75): 270, (63, 112): 270, (64, 191): 135, (64, 246): 135, (67, 68): 270, (67, 115): 270, (68, 58): 90, (68, 124): 90, (70, 10): 135, (70, 170): 135, (71, 38): 270, (71, 141): 270, (73, 18): 270, (73, 159): 270, (74, 86): 45, (74, 90): 45, (76, 66): 90, (76, 108): 90, (79, 84): 270, (79, 87): 270, (81, 45): 270, (81, 124): 270, (82, 178): 27, (82, 241): 27, (84, 79): 10, (84, 87): 10, (87, 4): 90, (87, 159): 90, (88, 81): 2, (89, 74): 135, (89, 87): 135, (90, 173): 270, (90, 238): 270, (91, 199): 135, (91, 211): 135, (92, 159): 135, (92, 250): 135, (95, 26): 135, (95, 129): 135, (96, 188): 54, (96, 217): 54, (98, 60): 270, (98, 92): 270, (100, 197): 135, (100, 204): 135, (101, 162): 45, (101, 238): 45, (103, 23): 135, (103, 124): 135, (110, 40): 45, (110, 100): 45, (112, 19): 270, (112, 119): 270, (114, 52): 54, (114, 84): 54, (115, 150): 9, (115, 236): 9, (116, 162): 135, (116, 223): 135, (117, 4): 270, (117, 129): 270, (118, 16): 270, (118, 116): 270, (119, 8): 27, (119, 123): 27, (123, 174): 27, (123, 204): 27, (124, 45): 135, (124, 81): 135, (125, 182): 54, (125, 194): 54, (127, 0): 135, (127, 123): 135, (128, 176): 270, (128, 197): 270, (129, 42): 135, (129, 79): 135, (137, 119): 15, (137, 245): 15, (139, 169): 27, (139, 193): 27, (143, 39): 18, (143, 68): 18, (149, 35): 90, (149, 66): 90, (151, 156): 135, (151, 194): 135, (152, 8): 135, (152, 90): 135, (153, 103): 135, (153, 245): 135, (154, 125): 135, (154, 222): 135, (155, 31): 45, (155, 64): 45, (158, 152): 270, (158, 191): 270, (159, 39): 54, (159, 52): 54, (160, 2): 270, (160, 88): 270, (164, 13): 270, (164, 73): 270, (165, 125): 270, (165, 211): 270, (166, 12): 54, (166, 72): 54, (167, 19): 135, (167, 64): 135, (169, 82): 3, (169, 250): 3, (170, 31): 270, (170, 49): 270, (171, 18): 135, (171, 61): 135, (173, 154): 5, (173, 174): 5, (176, 118): 27, (176, 207): 27, (177, 141): 135, (177, 183): 135, (178, 31): 54, (178, 41): 54, (179, 108): 45, (179, 214): 45, (181, 5): 135, (181, 64): 135, (184, 125): 270, (184, 192): 270, (186, 95): 270, (186, 220): 270, (187, 136): 54, (187, 178): 54, (190, 138): 270, (190, 173): 270, (192, 148): 90, (192, 161): 90, (195, 111): 270, (195, 195): 270, (198, 23): 27, (198, 29): 27, (200, 133): 135, (200, 168): 135, (201, 10): 27, (201, 39): 27, (202, 23): 135, (202, 25): 135, (204, 54): 270, (204, 243): 270, (205, 63): 9, (205, 233): 9, (207, 120): 135, (207, 174): 135, (210, 70): 45, (210, 221): 45, (211, 44): 15, (211, 246): 15, (213, 43): 27, (213, 245): 27, (216, 37): 270, (216, 248): 270, (223, 105): 15, (223, 173): 15, (224, 7): 90, (224, 19): 90, (226, 94): 90, (226, 181): 90, (227, 80): 30, (227, 194): 30, (228, 27): 135, (228, 246): 135, (230, 52): 9, (230, 219): 9, (232, 8): 45, (232, 10): 45, (234, 89): 6, (234, 178): 6, (237, 93): 135, (237, 171): 135, (238, 78): 270, (238, 185): 270, (239, 85): 270, (239, 177): 270, (242, 9): 135, (242, 250): 135, (247, 43): 18, (247, 211): 18, (248, 108): 90, (248, 145): 90, (249, 9): 135, (249, 243): 135}
 
257, 252, True, 18, 14
{'infinity': 1, (0, 69): 28, (0, 187): 28, (1, 101): 63, (1, 154): 63, (2, 63): 252, (2, 191): 252, (3, 90): 252, (3, 163): 252, (5, 54): 63, (5, 197): 63, (12, 64): 28, (12, 180): 28, (13, 79): 252, (13, 164): 252, (14, 4): 84, (14, 238): 84, (18, 26): 18, (18, 212): 18, (19, 51): 12, (19, 186): 12, (20, 94): 252, (20, 142): 252, (21, 37): 126, (21, 198): 126, (22, 39): 252, (22, 195): 252, (23, 235): 84, (23, 255): 84, (24, 17): 36, (24, 215): 36, (25, 51): 7, (25, 180): 7, (27, 111): 252, (27, 118): 252, (28, 34): 252, (28, 194): 252, (32, 109): 126, (32, 115): 126, (33, 68): 252, (33, 155): 252, (34, 27): 84, (34, 195): 84, (35, 86): 126, (35, 135): 126, (38, 45): 252, (38, 173): 252, (41, 70): 7, (41, 145): 7, (42, 55): 36, (42, 159): 36, (44, 220): 84, (44, 249): 84, (50, 224): 9, (50, 239): 9, (51, 68): 21, (51, 137): 21, (52, 41): 84, (52, 163): 84, (53, 52): 126, (53, 151): 126, (54, 12): 63, (54, 190): 63, (55, 57): 126, (55, 144): 126, (58, 227): 6, (58, 228): 6, (64, 84): 252, (64, 108): 252, (65, 80): 42, (65, 111): 42, (66, 6): 42, (66, 184): 42, (67, 34): 252, (67, 155): 252, (68, 3): 252, (68, 185): 252, (69, 9): 252, (69, 178): 252, (70, 27): 126, (70, 159): 126, (72, 85): 63, (72, 99): 63, (73, 216): 63, (73, 224): 63, (74, 3): 42, (74, 179): 42, (77, 183): 63, (77, 253): 63, (78, 47): 3, (78, 131): 3, (81, 210): 9, (81, 222): 9, (83, 17): 63, (83, 156): 63, (84, 64): 252, (84, 108): 252, (86, 19): 4, (86, 151): 4, (91, 28): 252, (91, 137): 252, (92, 193): 252, (92, 228): 252, (96, 168): 126, (96, 249): 126, (100, 20): 36, (100, 136): 36, (101, 157): 84, (101, 255): 84, (104, 2): 252, (104, 150): 252, (108, 177): 252, (108, 228): 252, (109, 201): 84, (109, 203): 84, (110, 38): 63, (110, 108): 63, (112, 42): 28, (112, 102): 28, (113, 148): 18, (113, 252): 18, (114, 149): 252, (114, 250): 252, (116, 3): 252, (116, 137): 252, (118, 146): 252, (118, 249): 252, (119, 151): 252, (119, 243): 252, (122, 154): 63, (122, 237): 63, (125, 65): 252, (125, 66): 252, (127, 10): 63, (127, 119): 63, (128, 50): 252, (128, 78): 252, (131, 29): 252, (131, 96): 252, (132, 5): 7, (132, 119): 7, (134, 124): 42, (134, 255): 42, (135, 154): 21, (135, 224): 21, (136, 133): 126, (136, 244): 126, (139, 58): 252, (139, 59): 252, (141, 33): 36, (141, 82): 36, (144, 15): 63, (144, 97): 63, (146, 159): 28, (146, 208): 28, (148, 30): 14, (148, 78): 14, (150, 10): 126, (150, 96): 126, (151, 17): 252, (151, 88): 252, (152, 140): 63, (152, 221): 63, (153, 16): 84, (153, 87): 84, (154, 27): 252, (154, 75): 252, (155, 140): 252, (155, 218): 252, (158, 155): 126, (158, 200): 126, (162, 30): 9, (162, 64): 9, (163, 34): 14, (163, 59): 14, (166, 111): 252, (166, 236): 252, (167, 121): 12, (167, 225): 12, (169, 38): 126, (169, 49): 126, (174, 14): 252, (174, 68): 252, (178, 114): 21, (178, 221): 21, (179, 146): 63, (179, 188): 63, (183, 149): 126, (183, 181): 126, (185, 107): 63, (185, 221): 63, (186, 113): 63, (186, 214): 63, (187, 122): 252, (187, 204): 252, (189, 117): 252, (189, 207): 252, (194, 31): 2, (202, 116): 126, (202, 195): 126, (203, 147): 63, (203, 163): 63, (204, 126): 36, (204, 183): 36, (205, 21): 126, (205, 30): 126, (207, 72): 126, (207, 234): 126, (208, 140): 28, (208, 165): 28, (210, 81): 126, (210, 222): 126, (213, 59): 252, (213, 241): 252, (214, 51): 84, (214, 248): 84, (215, 120): 18, (215, 178): 18, (216, 0): 63, (216, 40): 63, (218, 146): 252, (218, 149): 252, (221, 112): 28, (221, 180): 28, (223, 70): 21, (223, 220): 21, (224, 67): 42, (224, 222): 42, (228, 83): 126, (228, 202): 126, (229, 45): 126, (229, 239): 126, (231, 104): 252, (231, 178): 252, (232, 11): 84, (232, 13): 84, (234, 96): 84, (234, 183): 84, (236, 38): 42, (236, 239): 42, (238, 8): 14, (238, 10): 14, (239, 78): 36, (239, 196): 36, (248, 45): 84, (248, 220): 84, (251, 70): 21, (251, 192): 21, (253, 100): 21, (253, 160): 21, (256, 119): 63, (256, 138): 63}
 
263, 288, False, 6, 48
{'infinity': 1, (0, 79): 8, (0, 183): 8, (3, 122): 48, (3, 137): 48, (5, 41): 8, (5, 216): 8, (6, 56): 144, (6, 200): 144, (8, 0): 8, (8, 254): 8, (14, 63): 16, (14, 185): 16, (15, 255): 2, (16, 63): 24, (16, 183): 24, (17, 50): 18, (17, 195): 18, (19, 253): 2, (20, 48): 144, (20, 194): 144, (23, 107): 36, (23, 132): 36, (24, 73): 72, (24, 165): 72, (26, 24): 72, (26, 212): 72, (29, 242): 144, (29, 254): 144, (34, 10): 16, (34, 218): 16, (35, 78): 144, (35, 149): 144, (36, 244): 144, (36, 245): 144, (37, 78): 24, (37, 147): 24, (40, 26): 72, (40, 196): 72, (41, 70): 24, (41, 151): 24, (43, 62): 144, (43, 157): 144, (46, 232): 9, (46, 247): 9, (47, 23): 18, (47, 192): 18, (50, 218): 18, (50, 257): 18, (51, 234): 12, (51, 240): 12, (52, 62): 72, (52, 148): 72, (53, 15): 48, (53, 194): 48, (54, 50): 72, (54, 158): 72, (55, 55): 144, (55, 152): 144, (56, 220): 48, (56, 249): 48, (57, 213): 144, (57, 255): 144, (58, 85): 72, (58, 119): 72, (59, 73): 36, (59, 130): 36, (61, 13): 18, (61, 188): 18, (62, 76): 144, (62, 124): 144, (63, 4): 36, (63, 195): 36, (64, 5): 72, (64, 193): 72, (66, 24): 24, (66, 172): 24, (67, 199): 6, (67, 259): 6, (68, 51): 16, (68, 143): 16, (71, 16): 144, (71, 175): 144, (74, 17): 48, (74, 171): 48, (76, 215): 18, (76, 234): 18, (82, 9): 144, (82, 171): 144, (85, 212): 24, (85, 228): 24, (87, 193): 36, (87, 245): 36, (90, 14): 12, (90, 158): 12, (93, 40): 72, (93, 129): 72, (94, 83): 144, (94, 85): 144, (96, 42): 36, (96, 124): 36, (98, 180): 8, (98, 247): 8, (99, 66): 144, (99, 97): 144, (100, 15): 144, (100, 147): 144, (102, 8): 144, (102, 152): 144, (103, 161): 4, (103, 261): 4, (106, 32): 144, (106, 124): 144, (107, 3): 72, (107, 152): 72, (108, 171): 9, (108, 246): 9, (109, 35): 144, (109, 118): 144, (110, 48): 18, (110, 104): 18, (111, 15): 18, (111, 136): 18, (112, 65): 144, (112, 85): 144, (113, 193): 72, (113, 219): 72, (117, 191): 72, (117, 217): 72, (119, 47): 72, (119, 96): 72, (120, 158): 72, (120, 247): 72, (121, 69): 48, (121, 72): 48, (123, 200): 72, (123, 202): 72, (124, 164): 72, (124, 237): 72, (127, 147): 144, (127, 251): 144, (128, 167): 48, (128, 230): 48, (130, 39): 144, (130, 93): 144, (132, 21): 72, (132, 109): 72, (134, 48): 144, (134, 80): 144, (135, 190): 16, (135, 200): 16, (136, 5): 36, (136, 121): 36, (137, 154): 36, (137, 234): 36, (139, 43): 72, (139, 80): 72, (140, 34): 48, (140, 88): 48, (141, 139): 48, (141, 245): 48, (143, 160): 36, (143, 222): 36, (145, 159): 48, (145, 221): 48, (149, 49): 144, (149, 64): 144, (150, 178): 144, (150, 197): 144, (153, 160): 18, (153, 212): 18, (154, 109): 144, (154, 262): 144, (156, 178): 144, (156, 191): 144, (158, 159): 72, (158, 208): 72, (159, 104): 12, (159, 262): 12, (160, 168): 24, (160, 197): 24, (164, 49): 2, (166, 138): 72, (166, 221): 72, (168, 153): 18, (168, 204): 18, (169, 31): 16, (169, 62): 16, (171, 3): 72, (171, 88): 72, (172, 24): 36, (172, 66): 36, (173, 145): 144, (173, 207): 144, (180, 127): 144, (180, 218): 144, (181, 8): 72, (181, 73): 72, (182, 37): 144, (182, 43): 144, (184, 146): 36, (184, 195): 36, (185, 161): 144, (185, 179): 144, (186, 128): 144, (186, 211): 144, (188, 35): 3, (188, 39): 3, (189, 6): 144, (189, 67): 144, (190, 162): 16, (190, 173): 16, (191, 140): 72, (191, 194): 72, (192, 78): 144, (192, 255): 144, (193, 19): 72, (193, 50): 72, (194, 117): 72, (194, 214): 72, (198, 18): 9, (198, 46): 9, (206, 13): 144, (206, 43): 144, (208, 89): 16, (208, 228): 16, (209, 14): 144, (209, 39): 144, (210, 106): 144, (210, 209): 144, (212, 108): 48, (212, 205): 48, (214, 49): 144, (214, 262): 144, (215, 135): 24, (215, 175): 24, (216, 88): 144, (216, 221): 144, (217, 111): 144, (217, 197): 144, (220, 81): 24, (220, 224): 24, (221, 126): 36, (221, 178): 36, (224, 142): 144, (224, 159): 144, (225, 90): 4, (225, 210): 4, (227, 44): 144, (227, 254): 144, (228, 14): 144, (228, 20): 144, (229, 4): 144, (229, 29): 144, (230, 35): 144, (230, 260): 144, (231, 134): 12, (231, 160): 12, (232, 36): 144, (232, 257): 144, (234, 63): 48, (234, 228): 48, (235, 4): 144, (235, 23): 144, (239, 125): 144, (239, 161): 144, (241, 109): 144, (241, 175): 144, (244, 8): 48, (244, 10): 48, (245, 23): 48, (245, 257): 48, (247, 25): 48, (247, 253): 48, (248, 94): 6, (248, 183): 6, (249, 3): 6, (249, 10): 6, (254, 80): 16, (254, 191): 16, (256, 66): 144, (256, 203): 144, (258, 104): 36, (258, 163): 36, (260, 13): 48, (260, 252): 48, (261, 11): 48, (261, 253): 48}
 
269, 288, False, 12, 24
{'infinity': 1, (1, 4): 72, (1, 263): 72, (2, 62): 72, (2, 204): 72, (3, 47): 18, (3, 218): 18, (5, 265): 4, (5, 267): 4, (6, 72): 8, (6, 190): 8, (7, 54): 72, (7, 207): 72, (9, 78): 24, (9, 181): 24, (10, 63): 72, (10, 195): 72, (11, 80): 12, (11, 177): 12, (12, 116): 18, (12, 140): 18, (14, 78): 36, (14, 176): 36, (17, 69): 72, (17, 182): 72, (18, 77): 72, (18, 173): 72, (21, 32): 72, (21, 215): 72, (23, 56): 72, (23, 189): 72, (24, 28): 72, (24, 216): 72, (25, 244): 36, (25, 268): 36, (27, 23): 36, (27, 218): 36, (28, 120): 2, (30, 40): 12, (30, 198): 12, (31, 241): 36, (31, 265): 36, (33, 74): 72, (33, 161): 72, (36, 63): 12, (36, 169): 12, (37, 45): 36, (37, 186): 36, (38, 237): 12, (38, 262): 12, (41, 70): 12, (41, 157): 12, (42, 32): 24, (42, 194): 24, (43, 99): 36, (43, 126): 36, (48, 239): 12, (48, 250): 12, (51, 23): 4, (51, 194): 4, (52, 14): 72, (52, 202): 72, (54, 5): 12, (54, 209): 12, (55, 228): 36, (55, 254): 36, (56, 97): 36, (56, 115): 36, (63, 25): 72, (63, 180): 72, (64, 77): 72, (64, 127): 72, (69, 95): 36, (69, 104): 36, (74, 212): 72, (74, 251): 72, (76, 54): 12, (76, 138): 12, (77, 6): 24, (77, 185): 24, (78, 68): 4, (78, 122): 4, (79, 200): 18, (79, 258): 18, (80, 72): 72, (80, 116): 72, (81, 93): 36, (81, 94): 36, (82, 92): 24, (82, 94): 24, (85, 37): 24, (85, 146): 24, (86, 15): 18, (86, 167): 18, (87, 4): 4, (87, 177): 4, (88, 85): 36, (88, 95): 36, (89, 12): 8, (89, 167): 8, (92, 88): 2, (94, 206): 8, (94, 237): 8, (95, 6): 72, (95, 167): 72, (98, 6): 36, (98, 164): 36, (99, 55): 72, (99, 114): 72, (100, 8): 72, (100, 160): 72, (102, 202): 72, (102, 233): 72, (103, 207): 36, (103, 227): 36, (105, 11): 36, (105, 152): 36, (107, 67): 72, (107, 94): 72, (109, 38): 72, (109, 121): 72, (112, 70): 6, (112, 86): 6, (113, 60): 36, (113, 95): 36, (114, 42): 8, (114, 112): 8, (116, 202): 36, (116, 219): 36, (117, 70): 12, (117, 81): 12, (118, 2): 72, (118, 148): 72, (122, 36): 36, (122, 110): 36, (126, 35): 36, (126, 107): 36, (127, 1): 8, (127, 140): 8, (128, 171): 9, (128, 238): 9, (129, 184): 36, (129, 224): 36, (131, 140): 72, (131, 266): 72, (133, 0): 18, (133, 135): 18, (135, 24): 36, (135, 109): 36, (138, 162): 24, (138, 237): 24, (141, 48): 36, (141, 79): 36, (147, 141): 36, (147, 249): 36, (151, 0): 72, (151, 117): 72, (152, 142): 24, (152, 243): 24, (153, 149): 36, (153, 235): 36, (157, 119): 36, (157, 261): 36, (158, 31): 12, (158, 79): 12, (159, 27): 36, (159, 82): 36, (160, 170): 8, (160, 207): 8, (163, 144): 72, (163, 230): 72, (168, 135): 72, (168, 234): 72, (170, 137): 9, (170, 230): 9, (172, 177): 6, (172, 188): 6, (174, 143): 72, (174, 220): 72, (176, 170): 12, (176, 191): 12, (177, 166): 24, (177, 194): 24, (178, 116): 72, (178, 243): 72, (179, 109): 9, (179, 249): 9, (182, 4): 72, (182, 82): 72, (183, 130): 72, (183, 224): 72, (184, 12): 36, (184, 72): 36, (185, 119): 36, (185, 233): 36, (187, 27): 72, (187, 54): 72, (188, 3): 4, (188, 77): 4, (189, 8): 36, (189, 71): 36, (191, 111): 36, (191, 235): 36, (192, 23): 18, (192, 53): 18, (193, 27): 8, (193, 48): 8, (195, 107): 12, (195, 235): 12, (196, 34): 72, (196, 38): 72, (197, 119): 18, (197, 221): 18, (198, 82): 24, (198, 257): 24, (200, 86): 72, (200, 251): 72, (203, 164): 24, (203, 170): 24, (205, 15): 72, (205, 48): 72, (206, 101): 72, (206, 230): 72, (207, 29): 36, (207, 32): 36, (209, 85): 36, (209, 243): 36, (213, 75): 36, (213, 249): 36, (217, 160): 2, (218, 107): 18, (218, 212): 18, (221, 88): 24, (221, 228): 24, (222, 155): 72, (222, 160): 72, (224, 63): 72, (224, 250): 72, (225, 109): 36, (225, 203): 36, (226, 88): 24, (226, 223): 24, (227, 86): 72, (227, 224): 72, (230, 128): 6, (230, 179): 6, (232, 66): 72, (232, 239): 72, (234, 38): 36, (234, 265): 36, (237, 5): 24, (237, 26): 24, (238, 135): 72, (238, 164): 72, (239, 84): 72, (239, 214): 72, (240, 79): 36, (240, 218): 36, (241, 113): 36, (241, 183): 36, (242, 85): 18, (242, 210): 18, (245, 100): 72, (245, 192): 72, (247, 78): 72, (247, 212): 72, (248, 5): 8, (248, 15): 8, (250, 8): 24, (250, 10): 24, (251, 108): 72, (251, 178): 72, (252, 52): 24, (252, 233): 24, (255, 0): 24, (255, 13): 24, (259, 39): 72, (259, 239): 72, (261, 44): 3, (261, 232): 3, (263, 46): 72, (263, 228): 72, (265, 21): 4, (265, 251): 4, (266, 12): 72, (266, 259): 72, (267, 20): 72, (267, 250): 72}
 
271, 270, False, 9, 30
{'infinity': 1, (0, 76): 3, (0, 194): 3, (2, 29): 30, (2, 239): 30, (6, 132): 2, (7, 1): 45, (7, 262): 45, (9, 102): 30, (9, 159): 30, (12, 5): 30, (12, 253): 30, (13, 260): 45, (13, 268): 45, (14, 73): 45, (14, 183): 45, (18, 17): 18, (18, 235): 18, (20, 47): 15, (20, 203): 15, (21, 99): 30, (21, 150): 30, (22, 78): 45, (22, 170): 45, (24, 118): 45, (24, 128): 45, (28, 18): 45, (28, 224): 45, (29, 86): 90, (29, 155): 90, (30, 253): 30, (30, 258): 30, (31, 52): 45, (31, 187): 45, (32, 116): 90, (32, 122): 90, (33, 57): 90, (33, 180): 90, (34, 24): 3, (34, 212): 3, (35, 117): 10, (35, 118): 10, (36, 18): 90, (36, 216): 90, (38, 88): 45, (38, 144): 45, (41, 70): 15, (41, 159): 15, (44, 4): 90, (44, 222): 90, (46, 111): 45, (46, 113): 45, (49, 85): 90, (49, 136): 90, (50, 25): 9, (50, 195): 9, (51, 107): 15, (51, 112): 15, (52, 67): 6, (52, 151): 6, (53, 75): 90, (53, 142): 90, (55, 236): 45, (55, 250): 45, (56, 101): 45, (56, 113): 45, (62, 212): 45, (62, 267): 45, (63, 19): 9, (63, 188): 9, (68, 2): 5, (68, 200): 5, (69, 67): 15, (69, 134): 15, (71, 51): 90, (71, 148): 90, (72, 211): 90, (72, 258): 90, (74, 12): 45, (74, 184): 45, (76, 220): 15, (76, 245): 15, (79, 77): 90, (79, 114): 90, (81, 6): 18, (81, 183): 18, (82, 196): 90, (82, 263): 90, (84, 50): 45, (84, 136): 45, (85, 224): 45, (85, 232): 45, (87, 61): 45, (87, 122): 45, (88, 27): 5, (88, 155): 5, (89, 12): 15, (89, 169): 15, (90, 52): 18, (90, 128): 18, (94, 56): 9, (94, 120): 9, (96, 77): 15, (96, 97): 15, (97, 77): 18, (97, 96): 18, (98, 184): 18, (98, 259): 18, (100, 184): 90, (100, 257): 90, (101, 19): 30, (101, 150): 30, (103, 195): 30, (103, 243): 30, (104, 74): 15, (104, 92): 15, (106, 78): 15, (106, 86): 15, (107, 190): 90, (107, 244): 90, (108, 19): 90, (108, 143): 90, (109, 12): 45, (109, 149): 45, (115, 47): 90, (115, 108): 90, (117, 168): 30, (117, 256): 30, (119, 195): 90, (119, 227): 90, (123, 71): 6, (123, 76): 6, (126, 20): 90, (126, 124): 90, (130, 51): 45, (130, 89): 45, (132, 194): 9, (132, 215): 9, (134, 178): 45, (134, 229): 45, (135, 55): 45, (135, 80): 45, (137, 47): 18, (137, 86): 18, (139, 136): 90, (139, 266): 90, (140, 194): 9, (140, 207): 9, (142, 173): 45, (142, 226): 45, (144, 48): 9, (144, 78): 9, (147, 140): 45, (147, 254): 45, (149, 45): 6, (149, 76): 6, (150, 150): 15, (150, 241): 15, (151, 52): 30, (151, 67): 30, (153, 122): 90, (153, 266): 90, (155, 155): 90, (155, 231): 90, (156, 32): 18, (156, 82): 18, (157, 13): 45, (157, 100): 45, (158, 128): 10, (158, 255): 10, (159, 158): 9, (159, 224): 9, (160, 177): 45, (160, 204): 45, (163, 173): 30, (163, 205): 30, (164, 125): 45, (164, 252): 45, (165, 15): 90, (165, 90): 90, (170, 113): 9, (170, 258): 9, (173, 179): 15, (173, 189): 15, (176, 153): 45, (176, 212): 45, (177, 181): 90, (177, 183): 90, (184, 4): 45, (184, 82): 45, (185, 108): 15, (185, 248): 15, (187, 95): 18, (187, 259): 18, (188, 154): 90, (188, 199): 90, (189, 106): 30, (189, 246): 30, (190, 26): 30, (190, 54): 30, (191, 158): 15, (191, 192): 15, (192, 33): 90, (192, 45): 90, (193, 158): 45, (193, 190): 45, (195, 145): 90, (195, 201): 90, (196, 103): 90, (196, 242): 90, (201, 83): 45, (201, 257): 45, (202, 23): 45, (202, 45): 45, (203, 82): 90, (203, 256): 90, (208, 18): 90, (208, 44): 90, (211, 28): 45, (211, 31): 45, (212, 127): 45, (212, 202): 45, (213, 118): 90, (213, 210): 90, (216, 61): 90, (216, 264): 90, (218, 161): 15, (218, 162): 15, (220, 60): 90, (220, 261): 90, (222, 159): 30, (222, 160): 30, (223, 62): 9, (223, 256): 9, (227, 151): 90, (227, 163): 90, (230, 58): 15, (230, 253): 15, (238, 130): 90, (238, 173): 90, (239, 94): 45, (239, 208): 45, (240, 61): 90, (240, 240): 90, (242, 42): 6, (242, 257): 6, (243, 108): 18, (243, 190): 18, (248, 87): 45, (248, 206): 45, (249, 105): 90, (249, 187): 90, (251, 24): 3, (251, 266): 3, (252, 8): 30, (252, 10): 30, (254, 49): 45, (254, 238): 45, (258, 24): 3, (258, 259): 3, (261, 104): 30, (261, 176): 30, (262, 30): 15, (262, 249): 15, (263, 91): 30, (263, 187): 30, (264, 126): 45, (264, 151): 45, (266, 129): 90, (266, 146): 90}
 
277, 264, True, 6, 44
{'infinity': 1, (1, 13): 132, (1, 262): 132, (2, 53): 33, (2, 221): 33, (3, 38): 264, (3, 235): 264, (4, 90): 88, (4, 182): 88, (5, 82): 44, (5, 189): 44, (6, 129): 8, (6, 141): 8, (7, 101): 264, (7, 168): 264, (9, 75): 88, (9, 192): 88, (12, 20): 132, (12, 244): 132, (15, 17): 22, (15, 244): 22, (17, 18): 33, (17, 241): 33, (21, 12): 24, (21, 243): 24, (24, 74): 44, (24, 178): 44, (26, 122): 264, (26, 128): 264, (27, 101): 11, (27, 148): 11, (30, 97): 88, (30, 149): 88, (32, 106): 132, (32, 138): 132, (33, 249): 264, (33, 271): 264, (36, 72): 66, (36, 168): 66, (39, 29): 66, (39, 208): 66, (40, 18): 44, (40, 218): 44, (41, 70): 22, (41, 165): 22, (48, 15): 8, (48, 213): 8, (53, 4): 12, (53, 219): 12, (56, 243): 264, (56, 254): 264, (59, 93): 66, (59, 124): 66, (62, 44): 264, (62, 170): 264, (65, 83): 44, (65, 128): 44, (66, 94): 132, (66, 116): 132, (70, 210): 44, (70, 273): 44, (72, 239): 264, (72, 242): 264, (76, 39): 132, (76, 161): 132, (79, 216): 264, (79, 258): 264, (80, 88): 24, (80, 108): 24, (86, 219): 44, (86, 248): 44, (87, 43): 264, (87, 146): 264, (88, 82): 88, (88, 106): 88, (91, 43): 24, (91, 142): 24, (95, 0): 264, (95, 181): 264, (96, 3): 264, (96, 177): 264, (98, 4): 264, (98, 174): 264, (99, 12): 132, (99, 165): 132, (100, 43): 132, (100, 133): 132, (101, 26): 88, (101, 149): 88, (111, 201): 88, (111, 241): 88, (118, 38): 22, (118, 120): 22, (119, 77): 88, (119, 80): 88, (120, 66): 264, (120, 90): 264, (125, 196): 88, (125, 232): 88, (127, 4): 88, (127, 145): 88, (128, 59): 12, (128, 89): 12, (129, 6): 88, (129, 141): 88, (131, 67): 264, (131, 78): 264, (132, 65): 24, (132, 79): 24, (134, 162): 264, (134, 257): 264, (138, 165): 132, (138, 250): 132, (139, 195): 33, (139, 219): 33, (140, 150): 132, (140, 263): 132, (141, 21): 132, (141, 114): 132, (143, 141): 11, (143, 269): 11, (147, 149): 11, (147, 257): 11, (148, 144): 264, (148, 261): 264, (149, 24): 33, (149, 103): 33, (150, 162): 264, (150, 241): 264, (153, 167): 264, (153, 233): 264, (154, 32): 33, (154, 90): 33, (156, 197): 132, (156, 200): 132, (157, 38): 264, (157, 81): 264, (158, 12): 264, (158, 106): 264, (160, 191): 6, (160, 202): 6, (161, 188): 66, (161, 204): 66, (163, 158): 132, (163, 232): 132, (164, 143): 132, (164, 246): 132, (166, 120): 22, (166, 267): 22, (171, 112): 44, (171, 270): 44, (172, 143): 264, (172, 238): 264, (173, 24): 66, (173, 79): 66, (174, 126): 264, (174, 253): 264, (176, 186): 264, (176, 191): 264, (179, 11): 264, (179, 86): 264, (180, 150): 264, (180, 223): 264, (181, 105): 33, (181, 267): 33, (182, 174): 22, (182, 197): 22, (183, 118): 44, (183, 252): 44, (185, 9): 88, (185, 82): 88, (187, 128): 264, (187, 238): 264, (188, 169): 264, (188, 196): 264, (190, 123): 33, (190, 240): 33, (192, 132): 88, (192, 229): 88, (195, 34): 264, (195, 47): 264, (196, 119): 132, (196, 238): 132, (197, 84): 88, (197, 272): 88, (199, 140): 264, (199, 214): 264, (201, 109): 44, (201, 243): 44, (206, 30): 88, (206, 40): 88, (208, 78): 66, (208, 267): 66, (211, 3): 33, (211, 62): 33, (215, 28): 264, (215, 33): 264, (216, 78): 88, (216, 259): 88, (217, 139): 132, (217, 197): 132, (219, 143): 264, (219, 191): 264, (221, 18): 132, (221, 37): 132, (222, 147): 264, (222, 184): 264, (223, 94): 4, (223, 236): 4, (229, 158): 66, (229, 166): 66, (230, 23): 2, (231, 1): 66, (231, 44): 66, (233, 19): 66, (233, 24): 66, (234, 159): 33, (234, 160): 33, (235, 150): 88, (235, 168): 88, (236, 137): 88, (236, 180): 88, (240, 85): 11, (240, 228): 11, (241, 61): 264, (241, 251): 264, (242, 115): 66, (242, 196): 66, (244, 101): 264, (244, 208): 264, (248, 3): 88, (248, 25): 88, (250, 79): 264, (250, 224): 264, (251, 58): 132, (251, 244): 132, (253, 121): 132, (253, 179): 132, (255, 127): 132, (255, 171): 132, (257, 69): 3, (257, 227): 3, (258, 8): 44, (258, 10): 44, (259, 45): 132, (259, 249): 132, (262, 44): 88, (262, 247): 88, (263, 41): 264, (263, 249): 264, (265, 68): 264, (265, 220): 264, (266, 94): 33, (266, 193): 33, (267, 54): 264, (267, 232): 264, (271, 120): 11, (271, 162): 11, (272, 73): 88, (272, 208): 88, (274, 22): 264, (274, 257): 264, (275, 104): 264, (275, 174): 264}
 
281, 306, True, 3, 102
{'infinity': 1, (0, 133): 306, (0, 147): 306, (2, 38): 17, (2, 240): 17, (4, 95): 153, (4, 181): 153, (6, 39): 153, (6, 235): 153, (7, 130): 306, (7, 143): 306, (10, 60): 102, (10, 210): 102, (11, 88): 51, (11, 181): 51, (12, 121): 102, (12, 147): 102, (13, 101): 153, (13, 166): 153, (14, 44): 306, (14, 222): 306, (16, 265): 9, (16, 280): 9, (18, 127): 17, (18, 135): 17, (20, 68): 306, (20, 192): 306, (23, 31): 306, (23, 226): 306, (27, 265): 153, (27, 269): 153, (30, 113): 306, (30, 137): 306, (31, 84): 306, (31, 165): 306, (33, 256): 306, (33, 272): 306, (37, 112): 153, (37, 131): 153, (41, 70): 51, (41, 169): 51, (42, 6): 153, (42, 232): 153, (44, 75): 306, (44, 161): 306, (45, 5): 306, (45, 230): 306, (46, 49): 153, (46, 185): 153, (49, 102): 153, (49, 129): 153, (50, 38): 34, (50, 192): 34, (52, 35): 102, (52, 193): 102, (56, 65): 306, (56, 159): 306, (58, 4): 153, (58, 218): 153, (60, 22): 306, (60, 198): 306, (63, 231): 153, (63, 267): 153, (66, 235): 102, (66, 260): 102, (67, 57): 102, (67, 156): 102, (68, 18): 153, (68, 194): 153, (69, 219): 153, (69, 273): 153, (72, 77): 306, (72, 131): 306, (74, 227): 17, (74, 260): 17, (75, 220): 306, (75, 266): 306, (76, 232): 306, (76, 253): 306, (78, 36): 51, (78, 166): 51, (79, 45): 306, (79, 156): 306, (80, 79): 306, (80, 121): 306, (83, 52): 34, (83, 145): 34, (84, 37): 153, (84, 159): 153, (86, 75): 18, (86, 119): 18, (87, 28): 51, (87, 165): 51, (90, 5): 306, (90, 185): 306, (91, 230): 153, (91, 240): 153, (92, 66): 51, (92, 122): 51, (93, 86): 153, (93, 101): 153, (96, 219): 153, (96, 246): 153, (100, 214): 306, (100, 247): 306, (101, 35): 102, (101, 144): 102, (103, 74): 306, (103, 103): 306, (104, 183): 306, (104, 274): 306, (110, 72): 51, (110, 98): 51, (113, 56): 17, (113, 111): 17, (114, 76): 306, (114, 90): 306, (116, 10): 306, (116, 154): 306, (117, 219): 153, (117, 225): 153, (119, 173): 51, (119, 269): 51, (120, 170): 153, (120, 271): 153, (121, 47): 306, (121, 112): 306, (124, 44): 6, (124, 112): 6, (127, 217): 2, (128, 14): 153, (128, 138): 153, (129, 35): 51, (129, 116): 51, (130, 182): 102, (130, 249): 102, (132, 30): 153, (132, 118): 153, (134, 64): 153, (134, 82): 153, (136, 156): 153, (136, 269): 153, (139, 46): 306, (139, 95): 306, (141, 208): 153, (141, 212): 153, (142, 159): 102, (142, 260): 102, (144, 44): 153, (144, 92): 153, (146, 185): 102, (146, 230): 102, (147, 5): 153, (147, 128): 153, (148, 0): 102, (148, 132): 102, (149, 134): 306, (149, 278): 306, (150, 196): 306, (150, 215): 306, (152, 53): 51, (152, 75): 51, (153, 2): 306, (153, 125): 306, (154, 203): 306, (154, 204): 306, (156, 32): 153, (156, 92): 153, (162, 55): 17, (162, 63): 17, (163, 160): 153, (163, 238): 153, (164, 165): 306, (164, 232): 306, (165, 48): 34, (165, 67): 34, (167, 182): 3, (167, 212): 3, (168, 176): 102, (168, 217): 102, (169, 53): 306, (169, 58): 306, (172, 50): 17, (172, 58): 17, (173, 131): 306, (173, 257): 306, (175, 23): 306, (175, 82): 306, (176, 3): 17, (176, 101): 17, (178, 175): 306, (178, 208): 306, (181, 23): 306, (181, 76): 306, (183, 175): 17, (183, 203): 17, (184, 46): 51, (184, 50): 51, (185, 10): 153, (185, 85): 153, (186, 118): 153, (186, 257): 153, (189, 132): 153, (189, 240): 153, (190, 121): 153, (190, 250): 153, (191, 166): 153, (191, 204): 153, (192, 144): 306, (192, 225): 306, (193, 0): 153, (193, 87): 153, (194, 96): 306, (194, 271): 306, (197, 14): 153, (197, 69): 153, (202, 175): 306, (202, 184): 306, (204, 100): 102, (204, 257): 102, (206, 108): 153, (206, 247): 153, (207, 23): 51, (207, 50): 51, (208, 174): 9, (208, 179): 9, (210, 116): 306, (210, 235): 306, (211, 148): 306, (211, 202): 306, (212, 157): 153, (212, 192): 153, (215, 145): 306, (215, 201): 306, (216, 146): 306, (216, 199): 306, (218, 139): 34, (218, 204): 34, (222, 0): 306, (222, 58): 306, (224, 116): 306, (224, 221): 306, (226, 132): 306, (226, 203): 306, (230, 12): 34, (230, 38): 34, (233, 104): 153, (233, 224): 153, (236, 136): 153, (236, 189): 153, (238, 14): 51, (238, 28): 51, (239, 57): 51, (239, 265): 51, (240, 46): 18, (240, 275): 18, (241, 89): 51, (241, 231): 51, (242, 53): 18, (242, 266): 18, (243, 11): 153, (243, 26): 153, (244, 109): 34, (244, 208): 34, (245, 118): 153, (245, 198): 153, (246, 49): 153, (246, 266): 153, (249, 41): 306, (249, 271): 306, (251, 152): 51, (251, 158): 51, (254, 82): 102, (254, 225): 102, (255, 94): 153, (255, 212): 153, (256, 150): 34, (256, 155): 34, (257, 57): 34, (257, 247): 34, (258, 105): 102, (258, 198): 102, (259, 71): 153, (259, 231): 153, (262, 8): 102, (262, 10): 102, (263, 92): 153, (263, 206): 153, (265, 145): 153, (265, 151): 153, (266, 113): 102, (266, 182): 102, (267, 113): 9, (267, 181): 9, (268, 76): 51, (268, 217): 51, (270, 144): 153, (270, 147): 153, (271, 49): 153, (271, 241): 153, (272, 99): 153, (272, 190): 153, (278, 39): 306, (278, 244): 306, (279, 39): 306, (279, 243): 306}
 
283, 273, True, 3, 91
{'infinity': 1, (0, 78): 273, (0, 204): 273, (2, 115): 273, (2, 165): 273, (5, 93): 91, (5, 184): 91, (6, 87): 273, (6, 189): 273, (8, 102): 273, (8, 172): 273, (9, 115): 273, (9, 158): 273, (12, 48): 273, (12, 222): 273, (14, 46): 273, (14, 222): 273, (15, 66): 273, (15, 201): 273, (16, 72): 39, (16, 194): 39, (19, 89): 273, (19, 174): 273, (20, 3): 39, (20, 259): 39, (23, 7): 273, (23, 252): 273, (24, 61): 91, (24, 197): 91, (26, 50): 39, (26, 206): 39, (28, 83): 273, (28, 171): 273, (29, 71): 91, (29, 182): 91, (30, 15): 13, (30, 237): 13, (32, 15): 39, (32, 235): 39, (33, 63): 273, (33, 186): 273, (35, 80): 13, (35, 167): 13, (38, 25): 273, (38, 219): 273, (41, 70): 91, (41, 171): 91, (42, 21): 273, (42, 219): 273, (43, 4): 273, (43, 235): 273, (45, 25): 273, (45, 212): 273, (46, 88): 91, (46, 148): 91, (47, 31): 273, (47, 204): 273, (48, 62): 273, (48, 172): 273, (49, 93): 273, (49, 140): 273, (50, 19): 273, (50, 213): 273, (51, 7): 91, (51, 224): 91, (52, 52): 273, (52, 178): 273, (54, 63): 39, (54, 165): 39, (55, 66): 91, (55, 161): 91, (60, 241): 273, (60, 264): 273, (61, 249): 91, (61, 255): 91, (62, 24): 273, (62, 196): 273, (63, 69): 273, (63, 150): 273, (66, 75): 273, (66, 141): 273, (67, 224): 91, (67, 274): 91, (68, 58): 91, (68, 156): 91, (71, 245): 91, (71, 249): 91, (73, 87): 273, (73, 122): 273, (76, 73): 21, (76, 133): 21, (79, 69): 7, (79, 134): 7, (80, 229): 91, (80, 256): 91, (87, 3): 273, (87, 192): 273, (88, 60): 13, (88, 134): 13, (90, 95): 273, (90, 97): 273, (91, 207): 273, (91, 267): 273, (94, 26): 273, (94, 162): 273, (95, 20): 273, (95, 167): 273, (96, 60): 273, (96, 126): 273, (97, 9): 273, (97, 176): 273, (98, 46): 21, (98, 138): 21, (99, 81): 273, (99, 102): 273, (100, 60): 273, (100, 122): 273, (105, 16): 273, (105, 161): 273, (109, 208): 91, (109, 248): 91, (110, 225): 91, (110, 230): 91, (111, 49): 273, (111, 122): 273, (113, 71): 273, (113, 98): 273, (115, 8): 273, (115, 159): 273, (116, 168): 91, (116, 281): 91, (117, 31): 91, (117, 134): 91, (118, 27): 13, (118, 137): 13, (120, 31): 273, (120, 131): 273, (122, 166): 39, (122, 277): 39, (123, 190): 91, (123, 252): 91, (124, 161): 273, (124, 280): 273, (125, 34): 273, (125, 123): 273, (131, 39): 273, (131, 112): 273, (132, 59): 91, (132, 91): 91, (133, 198): 273, (133, 234): 273, (136, 36): 7, (136, 110): 7, (138, 175): 273, (138, 252): 273, (139, 14): 91, (139, 129): 91, (142, 69): 273, (142, 71): 273, (143, 11): 273, (143, 128): 273, (144, 44): 273, (144, 94): 273, (145, 17): 91, (145, 120): 91, (152, 164): 13, (152, 249): 13, (153, 155): 91, (153, 257): 91, (154, 167): 21, (154, 244): 21, (157, 187): 91, (157, 221): 91, (158, 13): 21, (158, 111): 21, (161, 139): 273, (161, 265): 273, (162, 187): 39, (162, 216): 39, (163, 13): 273, (163, 106): 273, (165, 179): 273, (165, 221): 273, (166, 175): 91, (166, 224): 91, (172, 46): 39, (172, 64): 39, (177, 3): 91, (177, 102): 91, (179, 152): 273, (179, 234): 273, (187, 179): 273, (187, 199): 273, (188, 8): 21, (188, 86): 21, (189, 113): 91, (189, 263): 91, (192, 91): 91, (192, 282): 91, (194, 144): 273, (194, 227): 273, (197, 22): 273, (197, 63): 273, (199, 94): 273, (199, 272): 273, (201, 25): 91, (201, 56): 91, (203, 139): 273, (203, 223): 273, (204, 142): 91, (204, 219): 91, (205, 87): 39, (205, 273): 39, (206, 84): 39, (206, 275): 39, (209, 121): 91, (209, 235): 91, (210, 7): 273, (210, 65): 273, (211, 101): 91, (211, 253): 91, (213, 18): 7, (213, 51): 7, (214, 2): 39, (214, 66): 39, (215, 171): 273, (215, 179): 273, (216, 149): 21, (216, 200): 21, (222, 15): 39, (222, 45): 39, (223, 29): 273, (223, 30): 273, (224, 94): 273, (224, 247): 273, (226, 147): 273, (226, 192): 273, (228, 165): 273, (228, 172): 273, (230, 93): 273, (230, 242): 273, (231, 153): 91, (231, 181): 91, (234, 114): 13, (234, 217): 13, (235, 104): 273, (235, 226): 273, (237, 124): 91, (237, 204): 91, (243, 91): 91, (243, 231): 91, (245, 99): 273, (245, 221): 273, (246, 13): 273, (246, 23): 273, (248, 130): 273, (248, 187): 273, (254, 119): 273, (254, 192): 273, (255, 76): 273, (255, 234): 273, (258, 85): 91, (258, 222): 91, (263, 127): 3, (263, 175): 3, (264, 8): 91, (264, 10): 91, (270, 55): 273, (270, 240): 273, (272, 42): 91, (272, 251): 91, (273, 115): 273, (273, 177): 273}
 
293, 315, True, 3, 105
{'infinity': 1, (0, 75): 45, (0, 217): 45, (1, 36): 63, (1, 255): 63, (4, 75): 45, (4, 213): 45, (8, 24): 315, (8, 260): 315, (11, 24): 315, (11, 257): 315, (16, 0): 63, (16, 276): 63, (17, 277): 105, (17, 291): 105, (18, 102): 315, (18, 172): 315, (19, 127): 63, (19, 146): 63, (20, 278): 315, (20, 287): 315, (22, 28): 63, (22, 242): 63, (24, 37): 315, (24, 231): 315, (28, 59): 105, (28, 205): 105, (32, 16): 315, (32, 244): 315, (34, 274): 315, (34, 277): 315, (35, 59): 315, (35, 198): 315, (36, 12): 315, (36, 244): 315, (38, 85): 45, (38, 169): 45, (39, 112): 315, (39, 141): 315, (40, 23): 315, (40, 229): 315, (41, 70): 105, (41, 181): 105, (42, 103): 315, (42, 147): 315, (45, 267): 315, (45, 273): 315, (47, 95): 315, (47, 150): 315, (48, 28): 315, (48, 216): 315, (49, 15): 315, (49, 228): 315, (50, 30): 35, (50, 212): 35, (53, 21): 105, (53, 218): 105, (54, 71): 105, (54, 167): 105, (57, 80): 315, (57, 155): 315, (58, 10): 315, (58, 224): 315, (59, 104): 315, (59, 129): 315, (60, 67): 105, (60, 165): 105, (62, 12): 315, (62, 218): 315, (64, 83): 63, (64, 145): 63, (65, 258): 105, (65, 262): 105, (67, 30): 63, (67, 195): 63, (69, 247): 315, (69, 269): 315, (70, 53): 21, (70, 169): 21, (71, 88): 315, (71, 133): 315, (72, 74): 35, (72, 146): 35, (74, 23): 5, (74, 195): 5, (75, 56): 63, (75, 161): 63, (78, 100): 5, (78, 114): 5, (79, 85): 105, (79, 128): 105, (83, 37): 35, (83, 172): 35, (84, 52): 7, (84, 156): 7, (85, 90): 315, (85, 117): 315, (86, 249): 45, (86, 250): 45, (88, 212): 315, (88, 285): 315, (89, 227): 105, (89, 269): 105, (90, 98): 105, (90, 104): 105, (91, 94): 315, (91, 107): 315, (93, 213): 315, (93, 279): 315, (94, 66): 35, (94, 132): 35, (95, 67): 315, (95, 130): 315, (96, 236): 21, (96, 253): 21, (98, 35): 45, (98, 159): 45, (99, 207): 315, (99, 279): 315, (100, 27): 21, (100, 165): 21, (102, 204): 35, (102, 279): 35, (104, 220): 21, (104, 261): 21, (105, 202): 315, (105, 278): 315, (107, 79): 45, (107, 106): 45, (108, 189): 315, (108, 288): 315, (116, 49): 315, (116, 127): 315, (119, 21): 45, (119, 152): 45, (122, 21): 315, (122, 149): 315, (123, 70): 15, (123, 99): 15, (124, 205): 315, (124, 256): 315, (125, 209): 45, (125, 251): 45, (128, 200): 7, (128, 257): 7, (130, 70): 35, (130, 92): 35, (133, 57): 7, (133, 102): 7, (134, 165): 105, (134, 286): 105, (136, 180): 315, (136, 269): 315, (137, 42): 63, (137, 113): 63, (138, 217): 315, (138, 230): 315, (139, 67): 315, (139, 86): 315, (141, 17): 315, (141, 134): 315, (142, 205): 315, (142, 238): 315, (143, 47): 45, (143, 102): 45, (145, 43): 315, (145, 104): 315, (148, 178): 63, (148, 259): 63, (152, 9): 315, (152, 131): 315, (153, 195): 315, (153, 237): 315, (155, 173): 315, (155, 257): 315, (156, 212): 315, (156, 217): 315, (159, 6): 105, (159, 127): 105, (160, 50): 105, (160, 82): 105, (161, 203): 315, (161, 221): 315, (163, 42): 315, (163, 87): 315, (166, 50): 15, (166, 76): 15, (168, 51): 315, (168, 73): 315, (169, 138): 105, (169, 278): 105, (171, 188): 315, (171, 226): 315, (174, 17): 63, (174, 101): 63, (175, 45): 105, (175, 72): 105, (176, 153): 315, (176, 256): 315, (177, 30): 315, (177, 85): 315, (178, 121): 35, (178, 286): 35, (179, 188): 315, (179, 218): 315, (180, 23): 63, (180, 89): 63, (186, 169): 315, (186, 230): 315, (187, 37): 315, (187, 68): 315, (188, 5): 35, (188, 99): 35, (189, 46): 45, (189, 57): 45, (190, 1): 315, (190, 101): 315, (193, 172): 63, (193, 220): 63, (194, 6): 315, (194, 92): 315, (195, 189): 45, (195, 201): 45, (196, 12): 45, (196, 84): 45, (197, 175): 21, (197, 213): 21, (198, 178): 315, (198, 209): 315, (200, 150): 315, (200, 235): 315, (203, 146): 315, (203, 236): 315, (204, 185): 315, (204, 196): 315, (205, 29): 315, (205, 58): 315, (207, 25): 3, (207, 60): 3, (208, 151): 315, (208, 226): 315, (209, 32): 105, (209, 51): 105, (210, 31): 315, (210, 51): 315, (211, 122): 315, (211, 252): 315, (217, 143): 9, (217, 225): 9, (219, 158): 105, (219, 208): 105, (223, 101): 15, (223, 261): 15, (224, 28): 315, (224, 40): 315, (226, 115): 105, (226, 244): 105, (231, 2): 315, (231, 59): 315, (232, 27): 9, (232, 33): 9, (234, 6): 63, (234, 52): 63, (235, 78): 63, (235, 272): 63, (237, 160): 315, (237, 188): 315, (241, 166): 315, (241, 178): 315, (243, 65): 63, (243, 277): 63, (244, 118): 35, (244, 223): 35, (248, 105): 35, (248, 232): 35, (250, 148): 105, (250, 187): 105, (255, 10): 63, (255, 27): 63, (256, 14): 63, (256, 22): 63, (260, 64): 35, (260, 261): 35, (261, 50): 35, (261, 274): 35, (263, 92): 315, (263, 230): 315, (264, 112): 105, (264, 209): 105, (265, 57): 315, (265, 263): 315, (267, 7): 21, (267, 18): 21, (269, 52): 63, (269, 264): 63, (272, 3): 105, (272, 17): 105, (274, 8): 105, (274, 10): 105, (275, 24): 15, (275, 286): 15, (276, 99): 105, (276, 210): 105, (282, 13): 315, (282, 290): 315, (284, 112): 315, (284, 189): 315, (287, 42): 105, (287, 256): 105, (288, 61): 315, (288, 236): 315, (290, 75): 9, (290, 220): 9, (292, 19): 315, (292, 274): 315}
 
307, 297, False, 9, 33
{'infinity': 1, (1, 1): 9, (1, 304): 9, (4, 45): 99, (4, 257): 99, (8, 95): 11, (8, 203): 11, (9, 15): 99, (9, 282): 99, (12, 98): 9, (12, 196): 9, (14, 52): 33, (14, 240): 33, (15, 112): 33, (15, 179): 33, (16, 67): 99, (16, 223): 99, (17, 118): 33, (17, 171): 33, (18, 20): 33, (18, 268): 33, (20, 114): 99, (20, 172): 99, (21, 61): 99, (21, 224): 99, (24, 67): 99, (24, 215): 99, (25, 10): 33, (25, 271): 33, (26, 27): 99, (26, 253): 99, (35, 87): 99, (35, 184): 99, (40, 132): 33, (40, 134): 33, (41, 70): 33, (41, 195): 33, (49, 278): 99, (49, 286): 99, (50, 117): 99, (50, 139): 99, (51, 273): 33, (51, 289): 33, (53, 87): 9, (53, 166): 9, (54, 268): 99, (54, 291): 99, (56, 255): 99, (56, 302): 99, (62, 59): 99, (62, 185): 99, (63, 107): 99, (63, 136): 99, (67, 37): 3, (67, 202): 3, (69, 70): 99, (69, 167): 99, (70, 8): 99, (70, 228): 99, (73, 251): 99, (73, 289): 99, (74, 252): 99, (74, 287): 99, (77, 27): 99, (77, 202): 99, (78, 64): 99, (78, 164): 99, (79, 261): 11, (79, 273): 11, (80, 82): 99, (80, 144): 99, (81, 240): 9, (81, 292): 9, (83, 64): 99, (83, 159): 99, (87, 14): 99, (87, 205): 99, (89, 59): 99, (89, 158): 99, (95, 215): 33, (95, 303): 33, (97, 102): 33, (97, 107): 33, (98, 25): 99, (98, 183): 99, (104, 17): 3, (104, 185): 3, (105, 244): 33, (105, 264): 33, (106, 44): 99, (106, 156): 99, (108, 225): 99, (108, 280): 99, (111, 223): 99, (111, 279): 99, (112, 234): 99, (112, 267): 99, (114, 69): 99, (114, 123): 99, (116, 47): 99, (116, 143): 99, (117, 210): 33, (117, 286): 33, (122, 16): 9, (122, 168): 9, (124, 206): 99, (124, 283): 99, (125, 52): 33, (125, 129): 33, (127, 41): 99, (127, 138): 99, (129, 22): 99, (129, 155): 99, (132, 4): 99, (132, 170): 99, (134, 72): 33, (134, 100): 33, (135, 63): 99, (135, 108): 99, (136, 192): 33, (136, 285): 33, (139, 186): 9, (139, 288): 9, (140, 38): 99, (140, 128): 99, (142, 185): 99, (142, 286): 99, (143, 74): 99, (143, 89): 99, (144, 187): 33, (144, 282): 33, (147, 64): 99, (147, 95): 99, (148, 51): 99, (148, 107): 99, (151, 169): 33, (151, 293): 33, (153, 58): 99, (153, 95): 99, (154, 28): 99, (154, 124): 99, (155, 176): 99, (155, 282): 99, (157, 59): 3, (157, 90): 3, (163, 34): 33, (163, 109): 33, (164, 202): 99, (164, 247): 99, (167, 6): 99, (167, 133): 99, (168, 150): 99, (168, 295): 99, (169, 52): 11, (169, 85): 11, (170, 177): 99, (170, 266): 99, (171, 216): 99, (171, 226): 99, (173, 193): 99, (173, 247): 99, (174, 56): 99, (174, 76): 99, (175, 5): 99, (175, 126): 99, (176, 204): 33, (176, 233): 33, (178, 162): 33, (178, 273): 33, (181, 209): 33, (181, 223): 33, (184, 140): 99, (184, 289): 99, (185, 206): 33, (185, 222): 33, (188, 176): 33, (188, 249): 33, (189, 209): 9, (189, 215): 9, (197, 173): 99, (197, 243): 99, (198, 38): 99, (198, 70): 99, (202, 48): 99, (202, 56): 99, (205, 27): 33, (205, 74): 33, (206, 123): 99, (206, 284): 99, (207, 137): 99, (207, 269): 99, (210, 47): 33, (210, 49): 33, (212, 187): 9, (212, 214): 9, (213, 160): 99, (213, 240): 99, (215, 182): 33, (215, 216): 33, (216, 109): 99, (216, 288): 99, (217, 161): 99, (217, 235): 99, (218, 121): 99, (218, 274): 99, (220, 87): 33, (220, 306): 33, (221, 34): 99, (221, 51): 99, (223, 151): 33, (223, 239): 33, (229, 168): 99, (229, 216): 99, (231, 34): 99, (231, 41): 99, (234, 174): 99, (234, 205): 99, (236, 109): 99, (236, 268): 99, (239, 11): 9, (239, 56): 9, (240, 79): 99, (240, 294): 99, (245, 159): 99, (245, 209): 99, (246, 9): 99, (246, 51): 99, (249, 97): 99, (249, 267): 99, (250, 19): 99, (250, 37): 99, (251, 154): 99, (251, 208): 99, (252, 99): 33, (252, 262): 33, (253, 102): 99, (253, 258): 99, (254, 92): 33, (254, 267): 33, (255, 83): 33, (255, 275): 33, (256, 104): 99, (256, 253): 99, (257, 8): 99, (257, 41): 99, (259, 167): 99, (259, 187): 99, (260, 65): 33, (260, 288): 33, (262, 54): 33, (262, 297): 33, (263, 12): 99, (263, 31): 99, (264, 168): 33, (264, 181): 33, (265, 102): 99, (265, 246): 99, (267, 74): 99, (267, 272): 99, (268, 67): 33, (268, 278): 33, (269, 94): 33, (269, 250): 33, (272, 165): 99, (272, 176): 99, (277, 38): 99, (277, 298): 99, (278, 88): 33, (278, 247): 33, (279, 139): 11, (279, 195): 11, (282, 0): 33, (282, 24): 33, (284, 53): 99, (284, 276): 99, (286, 139): 99, (286, 188): 99, (287, 159): 3, (287, 167): 3, (288, 8): 33, (288, 10): 33, (289, 47): 99, (289, 277): 99, (294, 114): 99, (294, 205): 99, (295, 123): 33, (295, 195): 33, (298, 37): 99, (298, 278): 99, (299, 18): 99, (299, 296): 99, (301, 114): 99, (301, 198): 99, (302, 10): 11, (302, 301): 11, (306, 101): 99, (306, 206): 99}
 
311, 279, True, 3, 93
{'infinity': 1, (1, 37): 279, (1, 272): 279, (2, 127): 279, (2, 181): 279, (3, 78): 93, (3, 229): 93, (5, 52): 93, (5, 253): 93, (7, 121): 279, (7, 182): 279, (8, 84): 279, (8, 218): 279, (10, 36): 93, (10, 264): 93, (12, 119): 279, (12, 179): 279, (14, 38): 279, (14, 258): 279, (15, 299): 279, (15, 307): 279, (18, 299): 31, (18, 304): 31, (19, 62): 279, (19, 229): 279, (20, 128): 279, (20, 162): 279, (22, 41): 31, (22, 247): 31, (26, 70): 279, (26, 214): 279, (27, 19): 279, (27, 264): 279, (28, 4): 279, (28, 278): 279, (29, 123): 279, (29, 158): 279, (30, 114): 93, (30, 166): 93, (32, 107): 279, (32, 171): 279, (33, 28): 279, (33, 249): 279, (34, 11): 31, (34, 265): 31, (35, 33): 279, (35, 242): 279, (39, 96): 279, (39, 175): 279, (40, 28): 279, (40, 242): 279, (41, 70): 93, (41, 199): 93, (42, 79): 279, (42, 189): 279, (44, 6): 93, (44, 260): 93, (47, 35): 93, (47, 228): 93, (49, 88): 279, (49, 173): 279, (54, 12): 279, (54, 244): 279, (57, 99): 279, (57, 154): 279, (59, 58): 279, (59, 193): 279, (60, 20): 279, (60, 230): 279, (65, 21): 93, (65, 224): 93, (69, 40): 279, (69, 201): 279, (70, 67): 279, (70, 173): 279, (71, 259): 279, (71, 291): 279, (73, 58): 279, (73, 179): 279, (74, 106): 93, (74, 130): 93, (77, 9): 279, (77, 224): 279, (80, 246): 279, (80, 295): 279, (86, 92): 279, (86, 132): 279, (87, 41): 279, (87, 182): 279, (88, 248): 279, (88, 285): 279, (93, 220): 279, (93, 308): 279, (96, 39): 279, (96, 175): 279, (97, 241): 93, (97, 283): 93, (98, 218): 279, (98, 305): 279, (100, 78): 93, (100, 132): 93, (102, 100): 279, (102, 108): 279, (103, 228): 279, (103, 290): 279, (105, 43): 31, (105, 162): 31, (107, 248): 279, (107, 266): 279, (109, 84): 279, (109, 117): 279, (110, 57): 279, (110, 143): 279, (116, 205): 31, (116, 300): 31, (117, 248): 31, (117, 256): 31, (118, 233): 93, (118, 270): 93, (124, 225): 93, (124, 272): 93, (126, 52): 279, (126, 132): 279, (127, 191): 279, (127, 303): 279, (129, 188): 9, (129, 304): 9, (132, 62): 279, (132, 116): 279, (134, 80): 279, (134, 96): 279, (136, 76): 279, (136, 98): 279, (138, 212): 279, (138, 271): 279, (139, 75): 93, (139, 96): 93, (140, 172): 93, (140, 309): 93, (141, 45): 279, (141, 124): 279, (142, 178): 279, (142, 301): 279, (147, 219): 279, (147, 255): 279, (149, 46): 93, (149, 115): 93, (155, 66): 279, (155, 89): 279, (156, 204): 93, (156, 261): 93, (161, 62): 93, (161, 87): 93, (162, 228): 279, (162, 231): 279, (165, 152): 279, (165, 304): 279, (166, 216): 279, (166, 239): 279, (170, 224): 279, (170, 227): 279, (171, 207): 279, (171, 243): 279, (172, 151): 279, (172, 298): 279, (173, 222): 93, (173, 226): 93, (175, 63): 279, (175, 72): 279, (177, 175): 93, (177, 269): 93, (178, 42): 93, (178, 90): 93, (180, 58): 279, (180, 72): 279, (181, 52): 279, (181, 77): 279, (182, 176): 31, (182, 263): 31, (187, 162): 279, (187, 272): 279, (189, 144): 31, (189, 288): 31, (193, 173): 279, (193, 255): 279, (194, 145): 279, (194, 282): 279, (195, 31): 31, (195, 84): 31, (200, 200): 279, (200, 221): 279, (201, 136): 279, (201, 284): 279, (203, 41): 279, (203, 66): 279, (205, 195): 93, (205, 221): 93, (206, 197): 279, (206, 218): 279, (207, 134): 93, (207, 280): 93, (208, 151): 279, (208, 262): 279, (209, 23): 31, (209, 78): 31, (210, 184): 9, (210, 227): 9, (211, 118): 279, (211, 292): 279, (212, 157): 279, (212, 252): 279, (213, 47): 31, (213, 50): 31, (217, 94): 279, (217, 310): 279, (218, 182): 279, (218, 221): 279, (224, 187): 279, (224, 210): 279, (227, 179): 279, (227, 215): 279, (229, 105): 279, (229, 287): 279, (232, 2): 279, (232, 76): 279, (234, 86): 279, (234, 301): 279, (236, 139): 279, (236, 246): 279, (237, 142): 279, (237, 242): 279, (239, 28): 279, (239, 43): 279, (242, 85): 279, (242, 294): 279, (243, 151): 31, (243, 227): 31, (245, 70): 279, (245, 306): 279, (247, 73): 31, (247, 301): 31, (250, 137): 279, (250, 234): 279, (252, 14): 279, (252, 44): 279, (253, 155): 3, (253, 213): 3, (255, 76): 31, (255, 290): 31, (263, 17): 93, (263, 30): 93, (265, 66): 279, (265, 290): 279, (268, 72): 279, (268, 281): 279, (272, 112): 93, (272, 237): 93, (275, 82): 9, (275, 264): 9, (279, 43): 279, (279, 299): 279, (283, 83): 279, (283, 255): 279, (287, 148): 93, (287, 186): 93, (288, 125): 93, (288, 208): 93, (290, 102): 279, (290, 229): 279, (292, 8): 93, (292, 10): 93, (293, 159): 31, (293, 169): 31, (301, 122): 279, (301, 198): 279, (303, 95): 93, (303, 223): 93, (307, 68): 93, (307, 246): 93}
 
313, 309, True, 3, 103
{'infinity': 1, (0, 37): 309, (0, 275): 309, (4, 35): 103, (4, 273): 103, (5, 121): 309, (5, 186): 309, (7, 59): 309, (7, 246): 309, (11, 59): 309, (11, 242): 309, (12, 25): 309, (12, 275): 309, (14, 40): 309, (14, 258): 309, (15, 30): 309, (15, 267): 309, (16, 144): 309, (16, 152): 309, (19, 105): 309, (19, 188): 309, (20, 144): 309, (20, 148): 309, (27, 69): 103, (27, 216): 103, (28, 19): 309, (28, 265): 309, (29, 19): 309, (29, 264): 309, (30, 287): 103, (30, 308): 103, (33, 114): 103, (33, 165): 103, (34, 46): 309, (34, 232): 309, (37, 101): 309, (37, 174): 309, (38, 4): 103, (38, 270): 103, (41, 70): 103, (41, 201): 103, (42, 82): 309, (42, 188): 309, (44, 283): 309, (44, 298): 309, (46, 31): 309, (46, 235): 309, (48, 85): 103, (48, 179): 103, (49, 283): 309, (49, 293): 309, (51, 54): 103, (51, 207): 103, (54, 265): 103, (54, 306): 103, (55, 55): 309, (55, 202): 309, (59, 81): 309, (59, 172): 309, (61, 95): 103, (61, 156): 103, (62, 64): 309, (62, 186): 309, (68, 87): 103, (68, 157): 103, (72, 66): 309, (72, 174): 309, (73, 10): 309, (73, 229): 309, (74, 85): 309, (74, 153): 309, (75, 81): 309, (75, 156): 309, (77, 248): 103, (77, 300): 103, (79, 41): 103, (79, 192): 103, (80, 250): 309, (80, 295): 309, (83, 53): 103, (83, 176): 103, (84, 69): 103, (84, 159): 103, (85, 26): 309, (85, 201): 309, (86, 1): 309, (86, 225): 309, (87, 20): 103, (87, 205): 103, (88, 103): 309, (88, 121): 309, (89, 230): 309, (89, 306): 309, (92, 29): 103, (92, 191): 103, (94, 262): 309, (94, 269): 309, (95, 4): 309, (95, 213): 309, (97, 40): 309, (97, 175): 309, (101, 258): 103, (101, 266): 103, (102, 246): 309, (102, 277): 309, (106, 98): 103, (106, 108): 103, (107, 62): 309, (107, 143): 309, (108, 22): 309, (108, 182): 309, (109, 213): 309, (109, 303): 309, (110, 213): 309, (110, 302): 309, (112, 41): 309, (112, 159): 309, (114, 216): 309, (114, 295): 309, (115, 64): 103, (115, 133): 103, (116, 67): 309, (116, 129): 309, (117, 30): 103, (117, 165): 103, (118, 35): 309, (118, 159): 309, (119, 251): 103, (119, 255): 103, (120, 210): 103, (120, 295): 103, (122, 18): 103, (122, 172): 103, (123, 41): 309, (123, 148): 309, (128, 187): 309, (128, 310): 309, (130, 232): 309, (130, 263): 309, (133, 7): 309, (133, 172): 309, (134, 239): 309, (134, 252): 309, (136, 58): 309, (136, 118): 309, (137, 64): 309, (137, 111): 309, (142, 50): 309, (142, 120): 309, (144, 72): 309, (144, 96): 309, (146, 80): 103, (146, 86): 103, (148, 14): 309, (148, 150): 309, (150, 232): 103, (150, 243): 103, (151, 73): 309, (151, 88): 309, (158, 12): 103, (158, 142): 103, (160, 217): 103, (160, 248): 103, (161, 184): 309, (161, 280): 309, (164, 165): 103, (164, 296): 103, (165, 5): 309, (165, 142): 309, (166, 171): 103, (166, 288): 103, (168, 212): 309, (168, 245): 309, (171, 148): 309, (171, 306): 309, (173, 216): 309, (173, 236): 309, (177, 149): 103, (177, 299): 103, (178, 156): 309, (178, 291): 309, (180, 51): 103, (180, 81): 103, (181, 4): 309, (181, 127): 309, (182, 30): 309, (182, 100): 309, (186, 171): 309, (186, 268): 309, (187, 128): 103, (187, 310): 103, (188, 201): 309, (188, 236): 309, (192, 35): 309, (192, 85): 309, (196, 170): 103, (196, 259): 103, (197, 50): 309, (197, 65): 309, (199, 168): 309, (199, 258): 309, (201, 43): 103, (201, 68): 103, (203, 40): 103, (203, 69): 103, (204, 161): 309, (204, 260): 309, (205, 174): 309, (205, 246): 309, (208, 128): 309, (208, 289): 309, (213, 184): 103, (213, 228): 103, (217, 24): 309, (217, 71): 309, (221, 121): 103, (221, 283): 103, (223, 136): 309, (223, 266): 309, (225, 194): 309, (225, 206): 309, (226, 29): 103, (226, 57): 103, (227, 23): 309, (227, 62): 309, (232, 128): 309, (232, 265): 309, (233, 116): 309, (233, 276): 309, (234, 33): 309, (234, 45): 309, (237, 189): 309, (237, 199): 309, (243, 119): 309, (243, 263): 309, (246, 27): 309, (246, 39): 309, (247, 186): 309, (247, 192): 309, (248, 177): 103, (248, 200): 103, (250, 166): 309, (250, 209): 309, (253, 184): 309, (253, 188): 309, (254, 108): 309, (254, 263): 309, (255, 91): 309, (255, 279): 309, (257, 19): 103, (257, 36): 103, (258, 60): 309, (258, 307): 309, (260, 10): 309, (260, 42): 309, (265, 169): 103, (265, 191): 103, (266, 123): 103, (266, 236): 103, (267, 108): 309, (267, 250): 309, (268, 52): 309, (268, 305): 309, (269, 158): 309, (269, 198): 309, (270, 164): 103, (270, 191): 103, (271, 130): 309, (271, 224): 309, (275, 171): 309, (275, 179): 309, (278, 144): 309, (278, 203): 309, (279, 74): 309, (279, 272): 309, (280, 95): 103, (280, 250): 103, (283, 140): 309, (283, 202): 309, (286, 95): 103, (286, 244): 103, (288, 50): 103, (288, 287): 103, (289, 134): 309, (289, 202): 309, (293, 62): 3, (293, 270): 3, (294, 8): 103, (294, 10): 103, (296, 59): 309, (296, 270): 309, (301, 132): 309, (301, 192): 309, (302, 48): 103, (302, 275): 103, (303, 56): 309, (303, 266): 309, (304, 142): 309, (304, 179): 309, (306, 34): 103, (306, 285): 103, (308, 90): 309, (308, 227): 309, (309, 29): 103, (309, 287): 103, (310, 84): 309, (310, 231): 309, (312, 3): 309, (312, 310): 309}
 
317, 324, False, 6, 54
{'infinity': 1, (4, 97): 81, (4, 215): 81, (7, 51): 162, (7, 258): 162, (12, 30): 54, (12, 274): 54, (13, 55): 162, (13, 248): 162, (15, 133): 162, (15, 168): 162, (16, 40): 162, (16, 260): 162, (18, 14): 81, (18, 284): 81, (21, 74): 81, (21, 221): 81, (22, 110): 162, (22, 184): 162, (23, 145): 54, (23, 148): 54, (24, 84): 162, (24, 208): 162, (25, 93): 162, (25, 198): 162, (26, 62): 162, (26, 228): 162, (31, 44): 162, (31, 241): 162, (33, 99): 162, (33, 184): 162, (35, 51): 162, (35, 230): 162, (36, 109): 162, (36, 171): 162, (37, 57): 81, (37, 222): 81, (39, 31): 81, (39, 246): 81, (41, 70): 27, (41, 205): 27, (42, 28): 81, (42, 246): 81, (43, 40): 81, (43, 233): 81, (44, 10): 54, (44, 262): 54, (46, 21): 162, (46, 249): 162, (49, 42): 18, (49, 225): 18, (51, 43): 54, (51, 222): 54, (53, 88): 54, (53, 175): 54, (54, 115): 162, (54, 147): 162, (55, 116): 81, (55, 145): 81, (56, 92): 162, (56, 168): 162, (59, 15): 27, (59, 242): 27, (60, 93): 81, (60, 163): 81, (61, 261): 81, (61, 311): 81, (63, 278): 81, (63, 292): 81, (64, 78): 162, (64, 174): 162, (65, 3): 27, (65, 248): 27, (67, 84): 54, (67, 165): 54, (68, 274): 162, (68, 291): 162, (69, 119): 162, (69, 128): 162, (72, 71): 81, (72, 173): 81, (74, 100): 54, (74, 142): 54, (75, 242): 162, (75, 316): 162, (76, 53): 54, (76, 187): 54, (81, 116): 27, (81, 119): 27, (83, 255): 81, (83, 295): 81, (85, 243): 162, (85, 305): 162, (89, 247): 162, (89, 297): 162, (90, 255): 162, (90, 288): 162, (91, 60): 81, (91, 165): 81, (93, 108): 162, (93, 115): 162, (95, 262): 162, (95, 276): 162, (96, 62): 162, (96, 158): 162, (100, 257): 18, (100, 276): 18, (102, 217): 81, (102, 314): 81, (103, 59): 162, (103, 154): 162, (106, 28): 162, (106, 182): 162, (110, 83): 54, (110, 123): 54, (111, 221): 162, (111, 301): 162, (112, 14): 162, (112, 190): 162, (113, 63): 162, (113, 140): 162, (116, 2): 27, (116, 198): 27, (118, 72): 54, (118, 126): 54, (121, 232): 162, (121, 280): 162, (122, 89): 54, (122, 105): 54, (123, 234): 162, (123, 276): 162, (125, 21): 162, (125, 170): 162, (127, 48): 81, (127, 141): 81, (129, 44): 54, (129, 143): 54, (130, 233): 162, (130, 270): 162, (131, 65): 54, (131, 120): 54, (134, 241): 54, (134, 258): 54, (135, 30): 27, (135, 151): 27, (142, 87): 2, (145, 233): 54, (145, 255): 54, (146, 183): 27, (146, 304): 27, (147, 21): 162, (147, 148): 162, (148, 20): 162, (148, 148): 162, (149, 219): 162, (149, 265): 162, (150, 0): 162, (150, 166): 162, (152, 209): 162, (152, 272): 162, (153, 239): 81, (153, 241): 81, (156, 188): 162, (156, 289): 162, (158, 44): 162, (158, 114): 162, (159, 223): 162, (159, 251): 162, (160, 165): 162, (160, 308): 162, (166, 39): 54, (166, 111): 54, (168, 29): 162, (168, 119): 162, (170, 28): 162, (170, 118): 162, (171, 30): 18, (171, 115): 18, (177, 198): 162, (177, 258): 162, (179, 192): 162, (179, 262): 162, (180, 146): 162, (180, 307): 162, (182, 18): 81, (182, 116): 81, (184, 207): 162, (184, 242): 162, (185, 149): 27, (185, 299): 27, (186, 221): 6, (186, 226): 6, (187, 150): 162, (187, 296): 162, (188, 14): 18, (188, 114): 18, (193, 19): 162, (193, 104): 162, (195, 52): 81, (195, 69): 81, (196, 58): 9, (196, 62): 9, (198, 200): 54, (198, 235): 54, (200, 37): 81, (200, 79): 81, (202, 137): 162, (202, 294): 162, (204, 36): 162, (204, 76): 162, (209, 210): 162, (209, 214): 162, (211, 150): 162, (211, 272): 162, (212, 197): 9, (212, 224): 9, (215, 29): 54, (215, 72): 54, (217, 199): 162, (217, 217): 162, (220, 104): 162, (220, 309): 162, (221, 123): 162, (221, 289): 162, (222, 104): 162, (222, 307): 162, (226, 154): 162, (226, 253): 162, (227, 5): 162, (227, 84): 162, (230, 181): 162, (230, 222): 162, (233, 93): 162, (233, 307): 162, (234, 98): 81, (234, 301): 81, (237, 150): 9, (237, 246): 9, (238, 121): 81, (238, 274): 81, (239, 190): 54, (239, 204): 54, (240, 145): 162, (240, 248): 162, (241, 89): 3, (241, 303): 3, (244, 23): 6, (244, 49): 6, (245, 100): 54, (245, 288): 54, (246, 171): 81, (246, 216): 81, (247, 168): 54, (247, 218): 54, (249, 33): 162, (249, 34): 162, (252, 29): 81, (252, 35): 81, (256, 82): 162, (256, 295): 162, (257, 173): 162, (257, 203): 162, (258, 86): 18, (258, 289): 18, (259, 17): 162, (259, 40): 162, (262, 16): 54, (262, 38): 54, (263, 184): 162, (263, 186): 162, (264, 174): 162, (264, 195): 162, (265, 56): 162, (265, 312): 162, (268, 92): 162, (268, 273): 162, (269, 96): 162, (269, 268): 162, (272, 89): 54, (272, 272): 54, (276, 51): 18, (276, 306): 18, (277, 178): 2, (279, 67): 162, (279, 287): 162, (281, 70): 54, (281, 282): 54, (284, 159): 81, (284, 190): 81, (285, 157): 162, (285, 191): 162, (286, 66): 81, (286, 281): 81, (289, 114): 162, (289, 230): 162, (290, 42): 18, (290, 301): 18, (293, 10): 6, (293, 13): 6, (295, 169): 2, (296, 42): 18, (296, 295): 18, (298, 8): 54, (298, 10): 54, (300, 45): 162, (300, 288): 162, (302, 72): 27, (302, 259): 27, (304, 123): 162, (304, 206): 162, (306, 154): 162, (306, 173): 162, (307, 152): 18, (307, 174): 18, (308, 153): 162, (308, 172): 162, (309, 160): 162, (309, 164): 162, (311, 92): 81, (311, 230): 81, (313, 70): 54, (313, 250): 54, (316, 100): 54, (316, 217): 54}
 
331, 327, True, 3, 109
{'infinity': 1, (0, 107): 327, (0, 223): 327, (6, 30): 327, (6, 294): 327, (7, 84): 109, (7, 239): 109, (8, 145): 327, (8, 177): 327, (10, 3): 327, (10, 317): 327, (11, 75): 327, (11, 244): 327, (15, 3): 327, (15, 312): 327, (16, 93): 327, (16, 221): 327, (17, 43): 327, (17, 270): 327, (24, 19): 327, (24, 287): 327, (25, 5): 327, (25, 300): 327, (29, 77): 327, (29, 224): 327, (32, 102): 327, (32, 196): 327, (37, 70): 327, (37, 223): 327, (41, 70): 109, (41, 219): 109, (42, 304): 327, (42, 315): 327, (46, 73): 109, (46, 211): 109, (48, 36): 109, (48, 246): 109, (49, 29): 327, (49, 252): 327, (50, 46): 327, (50, 234): 327, (53, 13): 109, (53, 264): 109, (54, 126): 327, (54, 150): 327, (55, 290): 327, (55, 316): 327, (56, 96): 327, (56, 178): 327, (58, 71): 109, (58, 201): 109, (59, 112): 109, (59, 159): 109, (62, 38): 327, (62, 230): 327, (63, 288): 327, (63, 310): 327, (65, 127): 109, (65, 138): 109, (67, 295): 109, (67, 299): 109, (68, 100): 327, (68, 162): 327, (69, 121): 109, (69, 140): 109, (70, 105): 109, (70, 155): 109, (71, 55): 327, (71, 204): 327, (72, 40): 109, (72, 218): 109, (74, 276): 327, (74, 311): 327, (75, 36): 327, (75, 219): 327, (81, 45): 327, (81, 204): 327, (82, 83): 327, (82, 165): 327, (84, 110): 109, (84, 136): 109, (85, 279): 327, (85, 297): 327, (86, 24): 327, (86, 220): 327, (90, 39): 327, (90, 201): 327, (93, 59): 327, (93, 178): 327, (95, 44): 109, (95, 191): 109, (96, 82): 327, (96, 152): 327, (97, 69): 109, (97, 164): 109, (99, 63): 327, (99, 168): 327, (101, 83): 109, (101, 146): 109, (102, 255): 109, (102, 304): 109, (103, 59): 109, (103, 168): 109, (105, 101): 327, (105, 124): 327, (109, 47): 327, (109, 174): 327, (110, 97): 327, (110, 123): 327, (111, 234): 109, (111, 316): 109, (116, 216): 109, (116, 329): 109, (117, 84): 327, (117, 129): 327, (120, 230): 327, (120, 311): 327, (122, 21): 327, (122, 187): 327, (124, 237): 327, (124, 300): 327, (125, 29): 327, (125, 176): 327, (127, 81): 327, (127, 122): 327, (130, 32): 327, (130, 168): 327, (134, 62): 109, (134, 134): 109, (136, 59): 327, (136, 135): 327, (137, 22): 327, (137, 171): 327, (138, 212): 109, (138, 311): 109, (139, 77): 327, (139, 114): 327, (140, 6): 327, (140, 184): 327, (141, 28): 327, (141, 161): 327, (142, 254): 327, (142, 265): 327, (148, 10): 109, (148, 172): 109, (149, 83): 327, (149, 98): 327, (150, 230): 327, (150, 281): 327, (151, 35): 327, (151, 144): 327, (154, 58): 109, (154, 118): 109, (158, 29): 327, (158, 143): 327, (159, 243): 109, (159, 259): 109, (161, 177): 327, (161, 323): 327, (163, 177): 109, (163, 321): 109, (164, 77): 109, (164, 89): 109, (166, 179): 327, (166, 316): 327, (167, 226): 327, (167, 268): 327, (171, 234): 327, (171, 256): 327, (172, 197): 327, (172, 292): 327, (173, 166): 109, (173, 322): 109, (179, 175): 327, (179, 307): 327, (180, 204): 327, (180, 277): 327, (181, 233): 109, (181, 247): 109, (183, 178): 109, (183, 300): 109, (184, 201): 327, (184, 276): 327, (185, 195): 327, (185, 281): 327, (186, 228): 327, (186, 247): 327, (188, 169): 327, (188, 304): 327, (193, 42): 109, (193, 95): 109, (198, 179): 327, (198, 284): 327, (203, 10): 109, (203, 117): 109, (204, 203): 327, (204, 254): 327, (207, 42): 327, (207, 81): 327, (208, 38): 327, (208, 84): 327, (209, 36): 327, (209, 85): 327, (210, 143): 327, (210, 308): 327, (213, 118): 327, (213, 330): 327, (214, 56): 327, (214, 60): 327, (215, 16): 109, (215, 99): 109, (216, 219): 327, (216, 226): 327, (218, 181): 327, (218, 262): 327, (220, 132): 109, (220, 309): 109, (222, 4): 109, (222, 104): 109, (226, 192): 109, (226, 243): 109, (231, 49): 109, (231, 50): 109, (232, 9): 327, (232, 89): 327, (233, 169): 327, (233, 259): 327, (236, 164): 327, (236, 261): 327, (239, 101): 109, (239, 321): 109, (240, 94): 109, (240, 327): 109, (242, 169): 327, (242, 250): 327, (248, 124): 109, (248, 289): 109, (253, 173): 327, (253, 235): 327, (254, 6): 327, (254, 70): 327, (255, 134): 327, (255, 272): 327, (257, 122): 327, (257, 282): 327, (259, 170): 327, (259, 232): 327, (260, 161): 109, (260, 240): 109, (261, 79): 109, (261, 321): 109, (262, 161): 327, (262, 238): 327, (263, 25): 327, (263, 42): 327, (264, 123): 327, (264, 274): 327, (267, 89): 327, (267, 305): 327, (268, 87): 327, (268, 306): 327, (269, 6): 327, (269, 55): 327, (271, 131): 327, (271, 259): 327, (273, 110): 109, (273, 278): 109, (274, 134): 327, (274, 253): 327, (277, 88): 327, (277, 296): 327, (278, 140): 109, (278, 243): 109, (279, 122): 327, (279, 260): 327, (280, 155): 327, (280, 226): 327, (281, 180): 109, (281, 200): 109, (282, 61): 109, (282, 318): 109, (283, 76): 109, (283, 302): 109, (289, 123): 327, (289, 249): 327, (293, 120): 327, (293, 248): 327, (295, 143): 327, (295, 223): 327, (296, 118): 327, (296, 247): 327, (299, 179): 327, (299, 183): 327, (306, 110): 109, (306, 245): 109, (307, 3): 109, (307, 20): 109, (310, 124): 327, (310, 227): 327, (311, 57): 3, (311, 293): 3, (312, 8): 109, (312, 10): 109, (313, 155): 327, (313, 193): 327, (316, 140): 109, (316, 205): 109, (317, 90): 109, (317, 254): 109, (319, 101): 327, (319, 241): 327, (323, 55): 327, (323, 283): 327, (324, 23): 327, (324, 314): 327, (325, 12): 327, (325, 324): 327, (326, 113): 327, (326, 222): 327, (327, 125): 109, (327, 209): 109, (328, 52): 327, (328, 281): 327, (329, 81): 109, (329, 251): 109, (330, 164): 327, (330, 167): 327}
 
337, 345, True, 3, 115
{'infinity': 1, (1, 153): 345, (1, 182): 345, (3, 23): 345, (3, 310): 345, (5, 141): 345, (5, 190): 345, (9, 56): 345, (9, 271): 345, (11, 134): 345, (11, 191): 345, (12, 122): 23, (12, 202): 23, (15, 40): 345, (15, 281): 345, (17, 134): 115, (17, 185): 115, (19, 95): 69, (19, 222): 69, (26, 85): 345, (26, 225): 345, (27, 21): 69, (27, 288): 69, (32, 26): 115, (32, 278): 115, (33, 42): 345, (33, 261): 345, (35, 72): 345, (35, 229): 345, (36, 302): 115, (36, 335): 115, (40, 140): 115, (40, 156): 115, (41, 70): 115, (41, 225): 115, (44, 139): 345, (44, 153): 345, (45, 42): 23, (45, 249): 23, (48, 30): 115, (48, 258): 115, (49, 49): 115, (49, 238): 115, (56, 44): 23, (56, 236): 23, (59, 16): 345, (59, 261): 345, (60, 58): 115, (60, 218): 115, (62, 88): 69, (62, 186): 69, (63, 291): 115, (63, 319): 115, (65, 92): 115, (65, 179): 115, (67, 287): 345, (67, 319): 345, (68, 31): 345, (68, 237): 345, (71, 46): 69, (71, 219): 69, (73, 53): 345, (73, 210): 345, (85, 24): 69, (85, 227): 69, (88, 11): 115, (88, 237): 115, (91, 73): 5, (91, 172): 5, (95, 256): 345, (95, 322): 345, (98, 49): 345, (98, 189): 345, (101, 284): 115, (101, 288): 115, (103, 98): 115, (103, 135): 115, (104, 47): 23, (104, 185): 23, (105, 236): 69, (105, 332): 69, (109, 269): 115, (109, 295): 115, (110, 269): 345, (110, 294): 345, (111, 73): 345, (111, 152): 345, (112, 271): 345, (112, 290): 345, (113, 273): 345, (113, 287): 345, (114, 16): 115, (114, 206): 115, (118, 277): 345, (118, 278): 345, (119, 269): 345, (119, 285): 345, (120, 223): 115, (120, 330): 115, (121, 55): 69, (121, 160): 69, (125, 33): 345, (125, 178): 345, (126, 18): 115, (126, 192): 115, (128, 7): 345, (128, 201): 345, (131, 87): 345, (131, 118): 345, (135, 59): 345, (135, 142): 345, (136, 73): 345, (136, 127): 345, (137, 3): 115, (137, 196): 115, (138, 34): 345, (138, 164): 345, (140, 30): 345, (140, 166): 345, (141, 94): 15, (141, 101): 15, (142, 80): 345, (142, 114): 345, (143, 10): 15, (143, 183): 15, (145, 226): 115, (145, 302): 115, (146, 247): 5, (146, 280): 5, (147, 197): 69, (147, 329): 69, (148, 32): 345, (148, 156): 345, (149, 84): 345, (149, 103): 345, (150, 30): 345, (150, 156): 345, (151, 56): 15, (151, 129): 15, (152, 19): 345, (152, 165): 345, (153, 211): 115, (153, 309): 115, (157, 214): 115, (157, 302): 115, (158, 228): 69, (158, 287): 69, (161, 78): 345, (161, 97): 345, (162, 1): 345, (162, 173): 345, (163, 27): 345, (163, 146): 345, (164, 68): 345, (164, 104): 345, (165, 16): 69, (165, 155): 69, (169, 50): 69, (169, 117): 69, (172, 45): 115, (172, 119): 115, (173, 43): 345, (173, 120): 345, (174, 245): 345, (174, 254): 345, (177, 236): 69, (177, 260): 69, (178, 56): 115, (178, 102): 115, (182, 237): 345, (182, 254): 345, (184, 50): 345, (184, 102): 345, (188, 207): 345, (188, 278): 345, (189, 36): 345, (189, 111): 345, (191, 49): 345, (191, 96): 345, (193, 155): 69, (193, 325): 69, (196, 66): 345, (196, 74): 345, (198, 9): 69, (198, 129): 69, (201, 183): 115, (201, 289): 115, (203, 19): 69, (203, 114): 69, (205, 38): 345, (205, 93): 345, (207, 184): 345, (207, 282): 345, (208, 146): 345, (208, 319): 345, (209, 144): 69, (209, 320): 69, (210, 175): 345, (210, 288): 345, (212, 28): 345, (212, 96): 345, (213, 196): 345, (213, 264): 345, (214, 10): 345, (214, 112): 345, (217, 185): 115, (217, 271): 115, (220, 15): 115, (220, 101): 115, (222, 136): 345, (222, 315): 345, (225, 117): 345, (225, 331): 345, (229, 162): 115, (229, 282): 115, (230, 201): 115, (230, 242): 115, (233, 173): 345, (233, 267): 345, (237, 1): 115, (237, 98): 115, (239, 152): 345, (239, 282): 345, (240, 200): 23, (240, 233): 23, (241, 120): 345, (241, 312): 345, (242, 178): 345, (242, 253): 345, (244, 135): 69, (244, 294): 69, (246, 166): 115, (246, 261): 115, (247, 119): 23, (247, 307): 23, (250, 150): 345, (250, 273): 345, (251, 199): 345, (251, 223): 345, (252, 6): 345, (252, 78): 345, (256, 119): 115, (256, 298): 115, (257, 205): 115, (257, 211): 115, (260, 34): 345, (260, 42): 345, (261, 120): 23, (261, 292): 23, (262, 78): 345, (262, 333): 345, (263, 197): 69, (263, 213): 69, (264, 13): 345, (264, 59): 345, (265, 197): 23, (265, 211): 23, (271, 177): 345, (271, 225): 345, (272, 96): 115, (272, 305): 115, (273, 116): 345, (273, 284): 345, (274, 189): 115, (274, 210): 115, (276, 1): 345, (276, 59): 345, (277, 25): 69, (277, 34): 69, (280, 173): 23, (280, 220): 23, (281, 117): 345, (281, 275): 345, (282, 157): 69, (282, 234): 69, (284, 133): 115, (284, 256): 115, (286, 51): 23, (286, 336): 23, (288, 169): 345, (288, 216): 345, (289, 166): 345, (289, 218): 345, (293, 153): 23, (293, 227): 23, (294, 58): 115, (294, 321): 115, (296, 121): 345, (296, 256): 345, (297, 149): 69, (297, 227): 69, (298, 89): 345, (298, 286): 345, (301, 88): 345, (301, 284): 345, (302, 65): 115, (302, 306): 115, (303, 181): 15, (303, 189): 15, (304, 146): 345, (304, 223): 345, (308, 178): 115, (308, 187): 115, (310, 134): 345, (310, 229): 345, (312, 88): 115, (312, 273): 115, (313, 102): 69, (313, 258): 69, (314, 101): 345, (314, 258): 345, (317, 155): 3, (317, 201): 3, (318, 8): 115, (318, 10): 115, (319, 100): 345, (319, 254): 345, (320, 19): 115, (320, 334): 115, (321, 58): 115, (321, 294): 115, (322, 50): 115, (322, 301): 115, (323, 39): 345, (323, 311): 345, (325, 152): 345, (325, 196): 345, (326, 129): 345, (326, 218): 345, (327, 81): 345, (327, 265): 345, (328, 135): 345, (328, 210): 345, (330, 114): 345, (330, 229): 345, (331, 159): 345, (331, 183): 345, (332, 62): 345, (332, 279): 345, (334, 35): 345, (334, 304): 345, (335, 98): 115, (335, 240): 115, (336, 86): 345, (336, 251): 345}
 
347, 342, True, 18, 19
{'infinity': 1, (0, 167): 342, (0, 179): 342, (1, 23): 171, (1, 322): 171, (3, 41): 9, (3, 302): 9, (6, 43): 171, (6, 297): 171, (7, 56): 18, (7, 283): 18, (9, 120): 57, (9, 217): 57, (11, 4): 19, (11, 331): 19, (12, 104): 171, (12, 230): 171, (14, 75): 171, (14, 257): 171, (15, 57): 171, (15, 274): 171, (18, 13): 57, (18, 315): 57, (20, 109): 171, (20, 217): 171, (22, 68): 171, (22, 256): 171, (24, 36): 342, (24, 286): 342, (26, 5): 57, (26, 315): 57, (29, 124): 171, (29, 193): 171, (30, 2): 342, (30, 314): 342, (31, 107): 57, (31, 208): 57, (32, 111): 342, (32, 203): 342, (33, 59): 114, (33, 254): 114, (34, 128): 171, (34, 184): 171, (35, 111): 342, (35, 200): 342, (38, 93): 9, (38, 215): 9, (40, 17): 171, (40, 289): 171, (41, 70): 19, (41, 235): 19, (42, 314): 171, (42, 337): 171, (45, 11): 342, (45, 290): 342, (46, 13): 18, (46, 287): 18, (47, 9): 342, (47, 290): 342, (48, 98): 342, (48, 200): 342, (50, 98): 171, (50, 198): 171, (51, 119): 57, (51, 176): 57, (54, 104): 57, (54, 188): 57, (55, 14): 171, (55, 277): 171, (56, 110): 114, (56, 180): 114, (58, 127): 171, (58, 161): 171, (59, 31): 171, (59, 256): 171, (62, 46): 38, (62, 238): 38, (64, 113): 57, (64, 169): 57, (67, 76): 57, (67, 203): 57, (68, 136): 114, (68, 142): 114, (69, 48): 342, (69, 229): 342, (71, 109): 342, (71, 166): 342, (77, 16): 342, (77, 253): 342, (78, 87): 171, (78, 181): 171, (80, 1): 342, (80, 265): 342, (84, 101): 19, (84, 161): 19, (86, 76): 114, (86, 184): 114, (87, 103): 57, (87, 156): 57, (89, 14): 342, (89, 243): 342, (93, 273): 342, (93, 327): 342, (94, 42): 9, (94, 210): 9, (100, 261): 38, (100, 332): 38, (101, 17): 57, (101, 228): 57, (102, 120): 114, (102, 124): 114, (103, 77): 114, (103, 166): 114, (105, 5): 342, (105, 236): 342, (106, 255): 19, (106, 332): 19, (107, 44): 171, (107, 195): 171, (110, 108): 342, (110, 128): 342, (111, 87): 57, (111, 148): 57, (119, 34): 342, (119, 193): 342, (120, 19): 114, (120, 207): 114, (121, 96): 114, (121, 129): 114, (122, 233): 342, (122, 338): 342, (123, 67): 171, (123, 156): 171, (124, 21): 38, (124, 201): 38, (128, 274): 171, (128, 291): 171, (129, 63): 342, (129, 154): 342, (130, 269): 38, (130, 294): 38, (134, 7): 342, (134, 205): 342, (138, 52): 171, (138, 156): 171, (139, 75): 342, (139, 132): 342, (140, 93): 342, (140, 113): 342, (142, 219): 38, (142, 332): 38, (143, 249): 3, (143, 301): 3, (144, 89): 342, (144, 113): 342, (147, 39): 342, (147, 160): 342, (148, 223): 342, (148, 322): 342, (152, 55): 171, (152, 139): 171, (155, 215): 18, (155, 323): 18, (159, 87): 171, (159, 100): 171, (161, 91): 171, (161, 94): 171, (162, 234): 114, (162, 297): 114, (163, 237): 171, (163, 293): 171, (164, 30): 57, (164, 152): 57, (170, 83): 342, (170, 93): 342, (172, 187): 57, (172, 334): 57, (174, 6): 171, (174, 166): 171, (176, 8): 342, (176, 162): 342, (180, 216): 342, (180, 297): 342, (191, 8): 342, (191, 147): 342, (192, 194): 19, (192, 307): 19, (195, 75): 114, (195, 76): 114, (199, 172): 342, (199, 322): 342, (200, 193): 342, (200, 300): 342, (204, 14): 6, (204, 128): 6, (205, 214): 171, (205, 274): 171, (206, 161): 171, (206, 326): 171, (207, 17): 171, (207, 122): 171, (211, 40): 171, (211, 95): 171, (213, 150): 342, (213, 330): 342, (214, 162): 19, (214, 317): 19, (217, 5): 342, (217, 124): 342, (219, 144): 342, (219, 330): 342, (221, 165): 171, (221, 307): 171, (223, 134): 57, (223, 336): 57, (226, 21): 114, (226, 99): 114, (227, 182): 57, (227, 284): 57, (228, 184): 342, (228, 281): 342, (229, 232): 2, (231, 163): 38, (231, 299): 38, (233, 190): 171, (233, 270): 171, (234, 115): 342, (234, 344): 342, (235, 122): 114, (235, 336): 114, (237, 120): 114, (237, 336): 114, (241, 129): 171, (241, 323): 171, (243, 25): 171, (243, 78): 171, (246, 220): 342, (246, 227): 342, (247, 177): 342, (247, 269): 342, (248, 147): 342, (248, 298): 342, (249, 203): 342, (249, 241): 342, (250, 98): 114, (250, 345): 114, (253, 122): 342, (253, 318): 342, (255, 204): 342, (255, 234): 342, (256, 147): 57, (256, 290): 57, (257, 109): 342, (257, 327): 342, (261, 199): 114, (261, 233): 114, (263, 100): 19, (263, 330): 19, (264, 210): 171, (264, 219): 171, (265, 200): 171, (265, 228): 171, (267, 170): 171, (267, 256): 171, (268, 149): 171, (268, 276): 171, (271, 121): 171, (271, 301): 171, (272, 148): 171, (272, 273): 171, (273, 100): 171, (273, 320): 171, (274, 153): 38, (274, 266): 38, (276, 103): 114, (276, 314): 114, (278, 181): 171, (278, 234): 171, (279, 86): 342, (279, 328): 342, (281, 111): 171, (281, 301): 171, (282, 104): 171, (282, 307): 171, (284, 13): 342, (284, 49): 342, (285, 145): 171, (285, 263): 171, (286, 96): 342, (286, 311): 342, (288, 96): 171, (288, 309): 171, (289, 185): 342, (289, 219): 342, (291, 131): 114, (291, 271): 114, (298, 136): 342, (298, 259): 342, (299, 71): 114, (299, 323): 114, (304, 74): 19, (304, 315): 19, (305, 162): 342, (305, 226): 342, (308, 69): 342, (308, 316): 342, (312, 148): 171, (312, 233): 171, (313, 158): 342, (313, 222): 342, (317, 180): 38, (317, 196): 38, (318, 106): 171, (318, 269): 171, (319, 157): 171, (319, 217): 171, (322, 180): 57, (322, 191): 57, (324, 81): 171, (324, 288): 171, (328, 8): 19, (328, 10): 19, (329, 136): 171, (329, 228): 171, (330, 90): 342, (330, 273): 342, (332, 103): 38, (332, 258): 38, (333, 129): 342, (333, 231): 342, (337, 146): 171, (337, 210): 171, (338, 47): 171, (338, 308): 171, (339, 173): 171, (339, 181): 171, (340, 73): 342, (340, 280): 342, (342, 168): 171, (342, 183): 171, (345, 21): 57, (345, 327): 57}
 
349, 336, True, 3, 112
{'infinity': 1, (3, 147): 168, (3, 198): 168, (6, 77): 336, (6, 265): 336, (7, 87): 168, (7, 254): 168, (8, 139): 56, (8, 201): 56, (9, 7): 112, (9, 332): 112, (12, 29): 112, (12, 307): 112, (14, 337): 336, (14, 346): 336, (15, 149): 168, (15, 184): 168, (16, 14): 336, (16, 318): 336, (19, 139): 24, (19, 190): 24, (20, 101): 112, (20, 227): 112, (23, 161): 16, (23, 164): 16, (25, 52): 28, (25, 271): 28, (26, 21): 336, (26, 301): 336, (29, 38): 56, (29, 281): 56, (31, 131): 336, (31, 186): 336, (38, 35): 336, (38, 275): 336, (39, 147): 21, (39, 162): 21, (40, 63): 84, (40, 245): 84, (41, 70): 56, (41, 237): 56, (42, 135): 16, (42, 171): 16, (43, 316): 56, (43, 338): 56, (44, 152): 2, (50, 108): 336, (50, 190): 336, (52, 96): 112, (52, 200): 112, (54, 33): 336, (54, 261): 336, (56, 16): 168, (56, 276): 168, (57, 60): 336, (57, 231): 336, (58, 74): 42, (58, 216): 42, (59, 103): 56, (59, 186): 56, (61, 5): 14, (61, 282): 14, (64, 63): 168, (64, 221): 168, (66, 290): 42, (66, 341): 42, (67, 110): 14, (67, 171): 14, (70, 281): 56, (70, 346): 56, (71, 125): 28, (71, 152): 28, (72, 125): 336, (72, 151): 336, (75, 67): 168, (75, 206): 168, (76, 291): 336, (76, 330): 336, (78, 283): 336, (78, 336): 336, (79, 110): 336, (79, 159): 336, (82, 304): 48, (82, 311): 48, (83, 305): 16, (83, 309): 16, (84, 272): 112, (84, 341): 112, (85, 25): 84, (85, 238): 84, (87, 16): 112, (87, 245): 112, (89, 293): 24, (89, 315): 24, (91, 20): 336, (91, 237): 336, (96, 257): 336, (96, 344): 336, (97, 0): 336, (97, 251): 336, (98, 299): 336, (98, 300): 336, (99, 254): 112, (99, 344): 112, (101, 275): 7, (101, 321): 7, (106, 60): 336, (106, 182): 336, (107, 88): 336, (107, 153): 336, (110, 271): 168, (110, 316): 168, (113, 8): 84, (113, 227): 84, (114, 99): 168, (114, 135): 168, (116, 282): 336, (116, 299): 336, (117, 103): 168, (117, 128): 168, (118, 243): 112, (118, 336): 112, (119, 24): 56, (119, 205): 56, (122, 273): 56, (122, 302): 56, (123, 53): 112, (123, 172): 112, (124, 108): 56, (124, 116): 56, (126, 43): 112, (126, 179): 112, (129, 270): 168, (129, 298): 168, (130, 45): 168, (130, 173): 168, (131, 3): 168, (131, 214): 168, (133, 246): 336, (133, 318): 336, (136, 262): 168, (136, 299): 168, (138, 26): 168, (138, 184): 168, (139, 22): 56, (139, 187): 56, (143, 101): 336, (143, 104): 336, (146, 244): 112, (146, 307): 112, (148, 87): 84, (148, 113): 84, (149, 208): 336, (149, 340): 336, (153, 50): 42, (153, 145): 42, (154, 207): 168, (154, 336): 168, (155, 198): 168, (155, 344): 168, (157, 62): 48, (157, 129): 48, (160, 32): 168, (160, 156): 168, (162, 240): 7, (162, 295): 7, (164, 204): 112, (164, 329): 112, (166, 192): 24, (166, 339): 24, (173, 242): 336, (173, 282): 336, (174, 71): 84, (174, 103): 84, (175, 82): 112, (175, 91): 112, (176, 64): 336, (176, 108): 336, (180, 57): 48, (180, 111): 48, (182, 71): 48, (182, 95): 48, (183, 256): 84, (183, 258): 84, (187, 60): 6, (187, 101): 6, (188, 212): 21, (188, 297): 21, (192, 198): 14, (192, 307): 14, (193, 12): 336, (193, 143): 336, (194, 19): 336, (194, 135): 336, (195, 66): 168, (195, 87): 168, (197, 184): 42, (197, 316): 42, (200, 156): 336, (200, 341): 336, (201, 178): 28, (201, 318): 28, (204, 34): 336, (204, 110): 336, (207, 16): 48, (207, 125): 48, (208, 28): 28, (208, 112): 28, (211, 211): 336, (211, 275): 336, (212, 143): 168, (212, 342): 168, (214, 30): 336, (214, 104): 336, (215, 211): 24, (215, 271): 24, (217, 227): 336, (217, 253): 336, (218, 237): 336, (218, 242): 336, (220, 163): 336, (220, 314): 336, (222, 28): 84, (222, 98): 84, (223, 229): 336, (223, 245): 336, (226, 129): 336, (226, 342): 336, (228, 229): 112, (228, 240): 112, (234, 24): 112, (234, 90): 112, (235, 152): 28, (235, 310): 28, (238, 4): 84, (238, 106): 84, (240, 207): 168, (240, 250): 168, (241, 171): 112, (241, 285): 112, (242, 45): 8, (242, 61): 8, (243, 191): 336, (243, 263): 336, (244, 199): 48, (244, 254): 48, (245, 124): 21, (245, 328): 21, (246, 39): 168, (246, 63): 168, (247, 142): 336, (247, 308): 336, (248, 220): 168, (248, 229): 168, (251, 165): 4, (251, 281): 4, (254, 219): 12, (254, 224): 12, (256, 8): 336, (256, 84): 336, (260, 186): 48, (260, 251): 48, (261, 94): 112, (261, 342): 112, (263, 177): 12, (263, 257): 12, (266, 85): 336, (266, 346): 336, (269, 28): 42, (269, 51): 42, (271, 37): 84, (271, 40): 84, (273, 211): 336, (273, 213): 336, (278, 136): 168, (278, 283): 168, (281, 190): 336, (281, 226): 336, (283, 9): 21, (283, 56): 21, (284, 170): 7, (284, 243): 7, (286, 119): 48, (286, 292): 48, (294, 143): 336, (294, 260): 336, (295, 83): 336, (295, 319): 336, (296, 133): 112, (296, 268): 112, (297, 157): 16, (297, 243): 16, (299, 134): 21, (299, 264): 21, (305, 185): 84, (305, 207): 84, (308, 147): 8, (308, 242): 8, (309, 148): 112, (309, 240): 112, (311, 41): 336, (311, 345): 336, (314, 189): 336, (314, 194): 336, (316, 129): 84, (316, 252): 84, (318, 48): 56, (318, 331): 56, (321, 180): 336, (321, 196): 336, (323, 139): 84, (323, 235): 84, (325, 59): 168, (325, 313): 168, (326, 49): 21, (326, 322): 21, (327, 45): 42, (327, 325): 42, (329, 65): 3, (329, 303): 3, (330, 8): 112, (330, 10): 112, (337, 93): 56, (337, 267): 56, (339, 156): 112, (339, 202): 112, (340, 100): 112, (340, 257): 112, (341, 120): 336, (341, 236): 336, (342, 104): 28, (342, 251): 28, (343, 71): 112, (343, 283): 112, (346, 24): 112, (346, 327): 112}
 
353, 342, True, 6, 57
{'infinity': 1, (1, 135): 171, (1, 216): 171, (3, 111): 171, (3, 238): 171, (8, 159): 171, (8, 185): 171, (12, 6): 342, (12, 334): 342, (14, 90): 6, (14, 248): 6, (15, 75): 9, (15, 262): 9, (16, 162): 171, (16, 174): 171, (19, 102): 171, (19, 231): 171, (21, 51): 19, (21, 280): 19, (23, 85): 342, (23, 244): 342, (24, 41): 171, (24, 287): 171, (26, 117): 171, (26, 209): 171, (28, 92): 342, (28, 232): 342, (30, 64): 114, (30, 258): 114, (31, 45): 171, (31, 276): 171, (32, 8): 114, (32, 312): 114, (35, 26): 57, (35, 291): 57, (36, 61): 171, (36, 255): 171, (39, 17): 38, (39, 296): 38, (41, 70): 57, (41, 241): 57, (42, 97): 171, (42, 213): 171, (47, 27): 342, (47, 278): 342, (48, 66): 342, (48, 238): 342, (50, 146): 114, (50, 156): 114, (51, 78): 114, (51, 223): 114, (53, 29): 342, (53, 270): 342, (54, 300): 19, (54, 351): 19, (56, 311): 171, (56, 338): 171, (57, 134): 342, (57, 161): 342, (60, 4): 342, (60, 288): 342, (61, 19): 342, (61, 272): 342, (63, 127): 57, (63, 162): 57, (72, 28): 114, (72, 252): 114, (75, 307): 342, (75, 323): 342, (76, 112): 18, (76, 164): 18, (78, 96): 19, (78, 178): 19, (79, 129): 19, (79, 144): 19, (81, 4): 38, (81, 267): 38, (82, 287): 38, (82, 336): 38, (83, 61): 171, (83, 208): 171, (85, 268): 38, (85, 352): 38, (86, 111): 342, (86, 155): 342, (93, 129): 342, (93, 130): 342, (94, 75): 114, (94, 183): 114, (100, 89): 171, (100, 163): 171, (102, 105): 171, (102, 145): 171, (103, 21): 342, (103, 228): 342, (105, 64): 171, (105, 183): 171, (106, 83): 342, (106, 163): 342, (108, 260): 9, (108, 337): 9, (110, 248): 171, (110, 347): 171, (111, 291): 171, (111, 303): 171, (115, 92): 57, (115, 145): 57, (116, 13): 342, (116, 223): 342, (117, 105): 38, (117, 130): 38, (118, 102): 342, (118, 132): 342, (120, 34): 57, (120, 198): 57, (121, 21): 342, (121, 210): 342, (123, 260): 18, (123, 322): 18, (124, 275): 171, (124, 306): 171, (125, 81): 171, (125, 146): 171, (127, 226): 57, (127, 352): 57, (128, 27): 171, (128, 197): 171, (129, 11): 19, (129, 212): 19, (130, 21): 171, (130, 201): 171, (131, 12): 171, (131, 209): 171, (133, 244): 342, (133, 328): 342, (135, 105): 342, (135, 112): 342, (137, 70): 171, (137, 145): 171, (140, 77): 57, (140, 135): 57, (141, 230): 171, (141, 334): 171, (142, 211): 114, (142, 352): 114, (143, 97): 57, (143, 112): 57, (144, 78): 171, (144, 130): 171, (147, 227): 342, (147, 331): 342, (148, 41): 114, (148, 163): 114, (149, 32): 114, (149, 171): 114, (151, 65): 114, (151, 136): 114, (154, 47): 114, (154, 151): 114, (155, 14): 342, (155, 183): 342, (158, 214): 342, (158, 333): 342, (159, 78): 342, (159, 115): 342, (160, 219): 171, (160, 326): 171, (164, 49): 342, (164, 139): 342, (165, 59): 57, (165, 128): 57, (166, 265): 57, (166, 274): 57, (169, 86): 171, (169, 97): 171, (170, 240): 114, (170, 295): 114, (173, 0): 342, (173, 179): 342, (174, 218): 171, (174, 313): 171, (176, 70): 171, (176, 106): 171, (179, 27): 342, (179, 146): 342, (182, 41): 18, (182, 129): 18, (183, 38): 171, (183, 131): 171, (187, 223): 171, (187, 295): 171, (188, 207): 342, (188, 310): 342, (197, 209): 171, (197, 299): 171, (198, 244): 19, (198, 263): 19, (201, 170): 342, (201, 334): 342, (205, 65): 9, (205, 82): 9, (207, 221): 342, (207, 277): 342, (208, 206): 171, (208, 291): 171, (211, 49): 342, (211, 92): 342, (213, 4): 171, (213, 135): 171, (217, 33): 342, (217, 102): 342, (219, 64): 342, (219, 69): 342, (220, 235): 3, (220, 250): 3, (222, 39): 114, (222, 91): 114, (224, 22): 171, (224, 106): 171, (225, 196): 342, (225, 284): 342, (228, 137): 171, (228, 340): 171, (230, 227): 342, (230, 248): 342, (231, 221): 57, (231, 253): 57, (234, 212): 342, (234, 259): 342, (235, 56): 171, (235, 61): 171, (240, 40): 114, (240, 72): 114, (242, 186): 342, (242, 277): 342, (243, 116): 38, (243, 346): 38, (244, 210): 342, (244, 251): 342, (245, 32): 342, (245, 75): 342, (248, 170): 342, (248, 287): 342, (251, 218): 342, (251, 236): 342, (256, 12): 342, (256, 84): 342, (258, 170): 19, (258, 277): 19, (259, 124): 114, (259, 322): 114, (260, 101): 19, (260, 344): 19, (262, 201): 171, (262, 242): 171, (263, 160): 342, (263, 282): 342, (264, 140): 171, (264, 301): 171, (265, 111): 342, (265, 329): 342, (266, 141): 171, (266, 298): 171, (269, 215): 342, (269, 221): 342, (271, 187): 171, (271, 247): 171, (275, 162): 171, (275, 268): 171, (276, 125): 342, (276, 304): 342, (278, 121): 171, (278, 306): 171, (279, 180): 57, (279, 246): 57, (282, 205): 342, (282, 218): 342, (284, 155): 342, (284, 266): 342, (289, 11): 38, (289, 52): 38, (294, 93): 57, (294, 318): 57, (296, 28): 2, (303, 164): 342, (303, 238): 342, (304, 5): 57, (304, 43): 57, (305, 94): 19, (305, 306): 19, (307, 106): 171, (307, 292): 171, (312, 55): 171, (312, 338): 171, (313, 7): 171, (313, 32): 171, (315, 189): 171, (315, 201): 171, (318, 46): 171, (318, 341): 171, (320, 12): 342, (320, 20): 342, (321, 167): 171, (321, 217): 171, (324, 30): 38, (324, 351): 38, (325, 58): 171, (325, 322): 171, (328, 164): 57, (328, 213): 57, (329, 25): 38, (329, 351): 38, (330, 148): 171, (330, 227): 171, (332, 49): 171, (332, 324): 171, (334, 8): 57, (334, 10): 57, (337, 155): 171, (337, 213): 171, (339, 28): 57, (339, 338): 57, (341, 3): 114, (341, 8): 114, (342, 153): 57, (342, 210): 57, (344, 149): 342, (344, 212): 342, (346, 90): 171, (346, 269): 171, (347, 90): 342, (347, 268): 342, (348, 108): 114, (348, 249): 114, (349, 154): 114, (349, 202): 114, (350, 60): 342, (350, 295): 342, (351, 65): 342, (351, 289): 342, (352, 36): 342, (352, 317): 342}
 
359, 369, True, 9, 41
{'infinity': 1, (0, 60): 369, (0, 298): 369, (2, 2): 369, (2, 354): 369, (6, 57): 369, (6, 295): 369, (9, 172): 369, (9, 177): 369, (11, 161): 369, (11, 186): 369, (14, 1): 369, (14, 343): 369, (17, 109): 369, (17, 232): 369, (19, 58): 123, (19, 281): 123, (20, 74): 369, (20, 264): 369, (21, 10): 123, (21, 327): 123, (23, 38): 41, (23, 297): 41, (25, 21): 369, (25, 312): 369, (26, 61): 369, (26, 271): 369, (27, 103): 369, (27, 228): 369, (29, 109): 123, (29, 220): 123, (30, 41): 41, (30, 287): 41, (31, 155): 369, (31, 172): 369, (33, 87): 369, (33, 238): 369, (37, 9): 369, (37, 312): 369, (38, 48): 41, (38, 272): 41, (39, 104): 369, (39, 215): 369, (41, 70): 41, (41, 247): 41, (43, 38): 369, (43, 277): 369, (50, 151): 369, (50, 157): 369, (51, 130): 123, (51, 177): 123, (53, 119): 369, (53, 186): 369, (55, 80): 123, (55, 223): 123, (62, 297): 41, (62, 358): 41, (65, 95): 123, (65, 198): 123, (66, 5): 123, (66, 287): 123, (68, 295): 41, (68, 354): 41, (69, 34): 369, (69, 255): 369, (71, 311): 369, (71, 335): 369, (75, 320): 369, (75, 322): 369, (82, 0): 41, (82, 276): 41, (84, 26): 369, (84, 248): 369, (85, 63): 369, (85, 210): 369, (86, 283): 369, (86, 348): 369, (90, 311): 369, (90, 316): 369, (93, 30): 369, (93, 235): 369, (94, 103): 369, (94, 161): 369, (95, 272): 369, (95, 350): 369, (101, 61): 123, (101, 196): 123, (103, 79): 123, (103, 176): 123, (104, 70): 123, (104, 184): 123, (105, 254): 369, (105, 358): 369, (109, 11): 369, (109, 238): 369, (111, 77): 123, (111, 170): 123, (116, 58): 123, (116, 184): 123, (117, 11): 369, (117, 230): 369, (119, 93): 369, (119, 146): 369, (120, 280): 369, (120, 317): 369, (125, 292): 123, (125, 300): 123, (126, 17): 369, (126, 215): 369, (131, 46): 123, (131, 181): 123, (134, 11): 369, (134, 213): 369, (135, 242): 369, (135, 340): 369, (136, 95): 369, (136, 127): 369, (137, 260): 369, (137, 320): 369, (140, 34): 123, (140, 184): 123, (141, 39): 369, (141, 178): 369, (146, 87): 123, (146, 125): 123, (147, 98): 123, (147, 113): 123, (148, 249): 123, (148, 320): 123, (149, 12): 369, (149, 197): 369, (150, 60): 41, (150, 148): 41, (151, 34): 369, (151, 173): 369, (154, 49): 41, (154, 155): 41, (156, 208): 369, (156, 353): 369, (157, 9): 369, (157, 192): 369, (158, 42): 123, (158, 158): 123, (159, 95): 369, (159, 104): 369, (161, 3): 41, (161, 194): 41, (162, 92): 369, (162, 104): 369, (164, 265): 369, (164, 288): 369, (166, 9): 369, (166, 183): 369, (167, 259): 123, (167, 291): 123, (171, 91): 123, (171, 96): 123, (173, 266): 41, (173, 278): 41, (174, 16): 369, (174, 168): 369, (175, 28): 369, (175, 155): 369, (177, 256): 369, (177, 284): 369, (178, 269): 369, (178, 270): 369, (179, 214): 369, (179, 324): 369, (180, 13): 369, (180, 165): 369, (181, 87): 369, (181, 90): 369, (185, 6): 369, (185, 167): 369, (187, 27): 369, (187, 144): 369, (188, 7): 369, (188, 163): 369, (190, 237): 123, (190, 290): 123, (191, 78): 369, (191, 89): 369, (192, 40): 3, (192, 126): 3, (193, 166): 369, (193, 358): 369, (194, 40): 41, (194, 124): 41, (195, 215): 369, (195, 307): 369, (197, 253): 123, (197, 267): 123, (199, 207): 41, (199, 311): 41, (202, 202): 369, (202, 313): 369, (206, 68): 369, (206, 84): 369, (207, 7): 369, (207, 144): 369, (208, 27): 123, (208, 123): 123, (210, 60): 369, (210, 88): 369, (211, 217): 369, (211, 289): 369, (212, 14): 123, (212, 132): 123, (214, 71): 369, (214, 73): 369, (215, 70): 123, (215, 73): 123, (217, 29): 369, (217, 112): 369, (218, 238): 369, (218, 261): 369, (225, 58): 123, (225, 75): 123, (226, 42): 369, (226, 90): 369, (227, 218): 369, (227, 272): 369, (229, 179): 123, (229, 309): 123, (230, 44): 123, (230, 84): 123, (232, 212): 369, (232, 273): 369, (233, 61): 369, (233, 64): 369, (234, 216): 369, (234, 267): 369, (235, 15): 369, (235, 108): 369, (238, 137): 369, (238, 342): 369, (239, 16): 41, (239, 103): 41, (240, 193): 41, (240, 284): 41, (242, 44): 369, (242, 72): 369, (243, 143): 369, (243, 331): 369, (244, 18): 369, (244, 96): 369, (246, 182): 123, (246, 289): 123, (247, 44): 369, (247, 67): 369, (248, 183): 369, (248, 286): 369, (249, 128): 41, (249, 340): 41, (255, 161): 41, (255, 301): 41, (256, 120): 369, (256, 341): 369, (257, 160): 369, (257, 300): 369, (258, 130): 123, (258, 329): 123, (259, 192): 369, (259, 266): 369, (261, 147): 123, (261, 309): 123, (262, 166): 369, (262, 289): 369, (264, 166): 123, (264, 287): 123, (267, 22): 369, (267, 69): 369, (275, 145): 41, (275, 297): 41, (276, 102): 369, (276, 339): 369, (281, 156): 369, (281, 280): 369, (283, 84): 369, (283, 350): 369, (285, 191): 9, (285, 241): 9, (286, 136): 369, (286, 295): 369, (287, 164): 369, (287, 266): 369, (288, 162): 369, (288, 267): 369, (289, 19): 369, (289, 50): 369, (290, 73): 369, (290, 354): 369, (294, 26): 369, (294, 38): 369, (295, 105): 369, (295, 317): 369, (296, 186): 369, (296, 235): 369, (298, 107): 369, (298, 312): 369, (300, 177): 369, (300, 240): 369, (302, 131): 369, (302, 284): 369, (303, 192): 9, (303, 222): 9, (304, 96): 369, (304, 317): 369, (305, 183): 369, (305, 229): 369, (306, 16): 369, (306, 36): 369, (308, 81): 41, (308, 328): 41, (309, 4): 369, (309, 45): 369, (310, 159): 123, (310, 248): 123, (311, 0): 369, (311, 47): 369, (312, 90): 369, (312, 315): 369, (314, 109): 369, (314, 294): 369, (315, 99): 369, (315, 303): 369, (316, 149): 369, (316, 252): 369, (318, 119): 123, (318, 280): 123, (320, 172): 369, (320, 225): 369, (324, 7): 369, (324, 27): 369, (325, 144): 9, (325, 248): 9, (326, 0): 369, (326, 32): 369, (327, 80): 369, (327, 310): 369, (330, 152): 369, (330, 235): 369, (333, 40): 123, (333, 344): 123, (335, 42): 369, (335, 340): 369, (337, 80): 369, (337, 300): 369, (338, 121): 123, (338, 258): 123, (340, 8): 41, (340, 10): 41, (341, 26): 123, (341, 350): 123, (344, 52): 123, (344, 321): 123, (347, 106): 369, (347, 264): 369, (348, 119): 369, (348, 250): 369, (350, 122): 369, (350, 245): 369, (352, 101): 369, (352, 264): 369, (356, 62): 369, (356, 299): 369, (358, 10): 123, (358, 349): 123}
 
367, 378, False, 18, 21
{'infinity': 1, (0, 154): 42, (0, 212): 42, (1, 157): 21, (1, 208): 21, (3, 113): 9, (3, 250): 9, (4, 111): 63, (4, 251): 63, (6, 32): 6, (6, 328): 6, (8, 167): 126, (8, 191): 126, (11, 101): 63, (11, 254): 63, (12, 164): 42, (12, 190): 42, (14, 30): 126, (14, 322): 126, (15, 96): 21, (15, 255): 21, (18, 88): 63, (18, 260): 63, (21, 43): 18, (21, 302): 18, (23, 116): 63, (23, 227): 63, (24, 142): 126, (24, 200): 126, (31, 15): 9, (31, 320): 9, (33, 75): 126, (33, 258): 126, (34, 155): 42, (34, 177): 42, (36, 50): 126, (36, 280): 126, (40, 68): 126, (40, 258): 126, (41, 70): 21, (41, 255): 21, (42, 137): 14, (42, 187): 14, (43, 342): 126, (43, 348): 126, (44, 105): 9, (44, 217): 9, (46, 60): 3, (46, 260): 3, (47, 131): 42, (47, 188): 42, (48, 17): 63, (48, 301): 63, (49, 0): 42, (49, 317): 42, (50, 27): 63, (50, 289): 63, (53, 54): 126, (53, 259): 126, (54, 320): 63, (54, 359): 63, (56, 337): 63, (56, 340): 63, (59, 5): 21, (59, 302): 21, (62, 61): 126, (62, 243): 126, (63, 78): 63, (63, 225): 63, (69, 123): 21, (69, 174): 21, (70, 118): 42, (70, 178): 42, (72, 330): 42, (72, 331): 42, (77, 117): 42, (77, 172): 42, (78, 62): 126, (78, 226): 126, (84, 55): 126, (84, 227): 126, (85, 125): 126, (85, 156): 126, (86, 91): 21, (86, 189): 21, (87, 102): 126, (87, 177): 126, (90, 94): 63, (90, 182): 63, (91, 73): 3, (91, 202): 3, (92, 284): 63, (92, 357): 63, (93, 312): 126, (93, 328): 126, (94, 77): 63, (94, 195): 63, (96, 126): 7, (96, 144): 7, (102, 59): 18, (102, 205): 18, (104, 80): 126, (104, 182): 126, (106, 50): 126, (106, 210): 126, (108, 30): 6, (108, 228): 6, (109, 68): 126, (109, 189): 126, (110, 81): 21, (110, 175): 21, (112, 289): 9, (112, 332): 9, (113, 63): 9, (113, 190): 9, (114, 276): 63, (114, 343): 63, (115, 18): 63, (115, 233): 63, (116, 69): 18, (116, 181): 18, (118, 54): 18, (118, 194): 18, (121, 274): 42, (121, 338): 42, (122, 15): 21, (122, 229): 21, (124, 295): 63, (124, 314): 63, (129, 20): 21, (129, 217): 21, (130, 56): 126, (130, 180): 126, (131, 283): 21, (131, 319): 21, (133, 94): 126, (133, 139): 126, (134, 116): 2, (138, 49): 63, (138, 179): 63, (141, 0): 63, (141, 225): 63, (143, 35): 63, (143, 188): 63, (144, 13): 126, (144, 209): 126, (145, 94): 6, (145, 127): 6, (149, 21): 63, (149, 196): 63, (151, 275): 126, (151, 307): 126, (153, 60): 42, (153, 153): 42, (154, 36): 126, (154, 176): 126, (155, 47): 126, (155, 164): 126, (157, 72): 21, (157, 137): 21, (162, 223): 63, (162, 348): 63, (163, 222): 126, (163, 348): 126, (164, 225): 63, (164, 344): 63, (165, 207): 63, (165, 361): 63, (169, 60): 42, (169, 137): 42, (171, 43): 21, (171, 152): 21, (172, 214): 42, (172, 347): 42, (173, 4): 126, (173, 189): 126, (174, 10): 18, (174, 182): 18, (175, 58): 63, (175, 133): 63, (176, 43): 126, (176, 147): 126, (178, 0): 126, (178, 188): 126, (179, 241): 126, (179, 313): 126, (182, 266): 126, (182, 285): 126, (183, 199): 21, (183, 351): 21, (185, 249): 21, (185, 299): 21, (191, 76): 7, (191, 99): 7, (193, 185): 21, (193, 355): 21, (195, 217): 63, (195, 321): 63, (196, 1): 7, (196, 169): 7, (197, 54): 63, (197, 115): 63, (199, 262): 126, (199, 272): 126, (201, 1): 63, (201, 164): 63, (202, 29): 126, (202, 135): 126, (204, 252): 42, (204, 277): 42, (206, 238): 21, (206, 289): 21, (208, 248): 63, (208, 277): 63, (211, 39): 126, (211, 116): 126, (213, 10): 126, (213, 143): 126, (215, 15): 63, (215, 136): 63, (218, 7): 126, (218, 141): 126, (219, 68): 63, (219, 79): 63, (220, 235): 42, (220, 278): 42, (224, 221): 126, (224, 288): 126, (225, 158): 21, (225, 350): 21, (226, 50): 21, (226, 90): 21, (227, 12): 14, (227, 127): 14, (231, 153): 18, (231, 349): 18, (234, 143): 63, (234, 356): 63, (235, 169): 63, (235, 329): 63, (237, 133): 126, (237, 363): 126, (240, 246): 63, (240, 247): 63, (241, 204): 63, (241, 288): 63, (243, 190): 126, (243, 300): 126, (244, 138): 63, (244, 351): 63, (246, 30): 63, (246, 90): 63, (247, 177): 63, (247, 309): 63, (249, 160): 42, (249, 324): 42, (251, 136): 3, (251, 346): 3, (252, 28): 9, (252, 86): 9, (256, 161): 63, (256, 316): 63, (258, 171): 63, (258, 304): 63, (261, 227): 42, (261, 245): 42, (262, 229): 63, (262, 242): 63, (263, 13): 63, (263, 90): 63, (268, 147): 63, (268, 318): 63, (269, 136): 63, (269, 328): 63, (270, 175): 42, (270, 288): 42, (272, 99): 14, (272, 362): 14, (273, 211): 42, (273, 249): 42, (277, 207): 6, (277, 249): 6, (279, 215): 63, (279, 239): 63, (281, 176): 126, (281, 276): 126, (283, 130): 21, (283, 320): 21, (286, 31): 42, (286, 49): 42, (288, 143): 126, (288, 302): 126, (289, 18): 126, (289, 59): 126, (291, 147): 126, (291, 295): 126, (292, 159): 42, (292, 282): 42, (293, 207): 126, (293, 233): 126, (295, 180): 21, (295, 258): 21, (300, 176): 63, (300, 257): 63, (302, 112): 42, (302, 319): 42, (303, 97): 9, (303, 333): 9, (304, 169): 63, (304, 260): 63, (305, 64): 42, (305, 364): 42, (308, 74): 63, (308, 351): 63, (310, 180): 126, (310, 243): 126, (311, 6): 126, (311, 49): 126, (312, 166): 21, (312, 255): 21, (316, 107): 9, (316, 310): 9, (318, 117): 63, (318, 298): 63, (319, 84): 126, (319, 330): 126, (320, 118): 126, (320, 295): 126, (321, 121): 21, (321, 291): 21, (323, 133): 126, (323, 277): 126, (324, 165): 63, (324, 244): 63, (327, 173): 18, (327, 233): 18, (328, 13): 126, (328, 25): 126, (331, 17): 18, (331, 18): 18, (334, 40): 63, (334, 359): 63, (335, 106): 42, (335, 292): 42, (337, 5): 126, (337, 24): 126, (338, 1): 63, (338, 27): 63, (339, 5): 18, (339, 22): 18, (340, 117): 126, (340, 276): 126, (341, 2): 9, (341, 23): 9, (344, 59): 63, (344, 330): 63, (345, 118): 63, (345, 270): 63, (347, 27): 3, (347, 359): 3, (348, 8): 21, (348, 10): 21, (350, 122): 126, (350, 261): 126, (351, 153): 63, (351, 229): 63, (355, 175): 42, (355, 203): 42, (356, 17): 126, (356, 360): 126, (357, 95): 126, (357, 281): 126, (360, 37): 63, (360, 336): 63, (363, 127): 21, (363, 243): 21, (364, 3): 126, (364, 366): 126}
 
373, 390, True, 6, 65
{'infinity': 1, (1, 73): 390, (1, 298): 390, (5, 36): 39, (5, 331): 39, (6, 144): 390, (6, 222): 390, (7, 33): 130, (7, 332): 130, (8, 144): 130, (8, 220): 130, (11, 67): 130, (11, 294): 130, (12, 23): 390, (12, 337): 390, (14, 26): 390, (14, 332): 390, (15, 29): 130, (15, 328): 130, (16, 41): 195, (16, 315): 195, (18, 75): 78, (18, 279): 78, (24, 110): 130, (24, 238): 130, (25, 152): 390, (25, 195): 390, (26, 96): 130, (26, 250): 130, (27, 76): 195, (27, 269): 195, (30, 28): 195, (30, 314): 195, (34, 113): 390, (34, 225): 390, (36, 66): 390, (36, 270): 390, (38, 101): 195, (38, 233): 195, (39, 128): 195, (39, 205): 195, (40, 64): 195, (40, 268): 195, (41, 70): 65, (41, 261): 65, (43, 119): 195, (43, 210): 195, (44, 58): 390, (44, 270): 390, (46, 95): 195, (46, 231): 195, (48, 33): 130, (48, 291): 130, (50, 39): 390, (50, 283): 390, (52, 331): 65, (52, 362): 65, (53, 85): 130, (53, 234): 130, (56, 319): 195, (56, 370): 195, (58, 319): 15, (58, 368): 15, (59, 128): 195, (59, 185): 195, (60, 4): 78, (60, 308): 78, (62, 10): 30, (62, 300): 30, (63, 315): 130, (63, 367): 130, (64, 338): 65, (64, 343): 65, (66, 143): 26, (66, 163): 26, (68, 152): 2, (72, 113): 65, (72, 187): 65, (73, 110): 130, (73, 189): 130, (75, 38): 195, (75, 259): 195, (79, 106): 390, (79, 187): 390, (80, 36): 65, (80, 256): 65, (81, 30): 195, (81, 261): 195, (83, 292): 390, (83, 370): 390, (85, 76): 39, (85, 211): 39, (86, 48): 390, (86, 238): 390, (87, 18): 390, (87, 267): 390, (88, 64): 390, (88, 220): 390, (90, 121): 195, (90, 161): 195, (91, 89): 390, (91, 192): 390, (93, 12): 195, (93, 267): 195, (96, 287): 195, (96, 362): 195, (97, 81): 65, (97, 194): 65, (100, 20): 78, (100, 252): 78, (103, 131): 78, (103, 138): 78, (105, 124): 195, (105, 143): 195, (107, 98): 195, (107, 167): 195, (108, 19): 65, (108, 245): 65, (109, 98): 65, (109, 165): 65, (112, 53): 390, (112, 207): 390, (113, 14): 26, (113, 245): 26, (115, 258): 390, (115, 372): 390, (116, 265): 195, (116, 364): 195, (117, 274): 195, (117, 354): 195, (123, 67): 5, (123, 182): 5, (126, 4): 30, (126, 242): 30, (127, 46): 5, (127, 199): 5, (128, 109): 26, (128, 135): 26, (132, 111): 65, (132, 129): 65, (134, 305): 195, (134, 306): 195, (136, 243): 65, (136, 366): 65, (138, 48): 13, (138, 186): 13, (139, 114): 15, (139, 119): 15, (142, 278): 390, (142, 325): 390, (144, 39): 130, (144, 189): 130, (145, 17): 390, (145, 210): 390, (149, 248): 65, (149, 348): 65, (150, 48): 390, (150, 174): 390, (153, 245): 10, (153, 347): 10, (155, 222): 39, (155, 368): 39, (156, 75): 195, (156, 141): 195, (157, 26): 65, (157, 189): 65, (158, 98): 39, (158, 116): 39, (161, 216): 195, (161, 368): 195, (164, 90): 390, (164, 118): 390, (166, 8): 130, (166, 198): 130, (168, 49): 195, (168, 155): 195, (172, 43): 30, (172, 157): 30, (174, 73): 39, (174, 125): 39, (175, 263): 195, (175, 307): 195, (177, 275): 195, (177, 293): 195, (180, 39): 39, (180, 153): 39, (184, 13): 65, (184, 175): 65, (186, 210): 130, (186, 349): 130, (188, 4): 195, (188, 180): 195, (190, 213): 195, (190, 342): 195, (192, 61): 195, (192, 119): 195, (193, 42): 390, (193, 137): 390, (194, 267): 390, (194, 284): 390, (196, 54): 390, (196, 122): 390, (199, 73): 130, (199, 100): 130, (200, 75): 130, (200, 97): 130, (201, 5): 390, (201, 166): 390, (202, 25): 65, (202, 145): 65, (203, 26): 390, (203, 143): 390, (208, 15): 130, (208, 149): 130, (210, 223): 390, (210, 312): 390, (213, 222): 130, (213, 310): 130, (214, 227): 390, (214, 304): 390, (215, 170): 195, (215, 360): 195, (217, 206): 390, (217, 322): 390, (221, 49): 195, (221, 102): 195, (222, 181): 65, (222, 342): 65, (223, 187): 390, (223, 335): 390, (224, 224): 13, (224, 297): 13, (226, 157): 195, (226, 362): 195, (227, 8): 10, (227, 137): 10, (230, 45): 390, (230, 97): 390, (231, 181): 65, (231, 333): 65, (232, 155): 195, (232, 358): 195, (235, 140): 130, (235, 370): 130, (236, 169): 78, (236, 340): 78, (238, 149): 39, (238, 358): 39, (240, 65): 130, (240, 67): 130, (243, 177): 195, (243, 325): 195, (246, 62): 26, (246, 64): 26, (248, 177): 78, (248, 320): 78, (252, 232): 195, (252, 261): 195, (254, 120): 130, (254, 371): 130, (255, 237): 390, (255, 253): 390, (256, 177): 130, (256, 312): 130, (258, 212): 130, (258, 275): 130, (260, 166): 65, (260, 319): 65, (262, 34): 195, (262, 76): 195, (264, 238): 195, (264, 243): 195, (266, 203): 195, (266, 276): 195, (268, 113): 390, (268, 364): 390, (272, 44): 39, (272, 56): 39, (273, 165): 390, (273, 307): 390, (276, 128): 65, (276, 341): 65, (277, 110): 65, (277, 358): 65, (278, 220): 195, (278, 247): 195, (279, 109): 390, (279, 357): 390, (280, 2): 390, (280, 90): 390, (281, 152): 195, (281, 312): 195, (283, 151): 39, (283, 311): 39, (284, 168): 78, (284, 293): 78, (286, 166): 390, (286, 293): 390, (288, 7): 195, (288, 77): 195, (289, 36): 15, (289, 47): 15, (294, 181): 13, (294, 270): 13, (295, 135): 6, (295, 315): 6, (296, 167): 130, (296, 282): 130, (297, 18): 65, (297, 57): 65, (299, 139): 26, (299, 307): 26, (300, 188): 390, (300, 257): 390, (301, 149): 390, (301, 295): 390, (303, 90): 65, (303, 352): 65, (307, 161): 13, (307, 277): 13, (308, 27): 390, (308, 37): 390, (310, 84): 78, (310, 351): 78, (312, 158): 30, (312, 275): 30, (313, 204): 26, (313, 228): 26, (315, 131): 390, (315, 299): 390, (316, 86): 390, (316, 343): 390, (317, 97): 195, (317, 331): 195, (318, 88): 195, (318, 339): 195, (319, 20): 13, (319, 33): 13, (324, 135): 39, (324, 286): 39, (325, 82): 65, (325, 338): 65, (327, 137): 39, (327, 281): 39, (328, 20): 78, (328, 24): 78, (329, 131): 195, (329, 285): 195, (331, 10): 390, (331, 31): 390, (335, 68): 15, (335, 342): 15, (336, 160): 390, (336, 249): 390, (337, 87): 78, (337, 321): 78, (339, 105): 390, (339, 301): 390, (340, 109): 195, (340, 296): 195, (341, 58): 195, (341, 346): 195, (344, 167): 78, (344, 234): 78, (347, 155): 39, (347, 243): 39, (349, 157): 390, (349, 239): 390, (350, 161): 195, (350, 234): 195, (353, 60): 3, (353, 332): 3, (354, 8): 65, (354, 10): 65, (357, 79): 195, (357, 309): 195, (358, 49): 13, (358, 338): 13, (360, 144): 195, (360, 241): 195, (362, 58): 130, (362, 325): 130, (363, 18): 78, (363, 364): 78, (365, 165): 390, (365, 215): 390, (366, 52): 65, (366, 327): 65, (367, 35): 390, (367, 343): 390}
 
379, 381, True, 3, 127
{'infinity': 1, (0, 123): 381, (0, 255): 381, (1, 10): 127, (1, 367): 127, (3, 135): 381, (3, 240): 381, (5, 86): 127, (5, 287): 127, (7, 145): 381, (7, 226): 381, (8, 174): 381, (8, 196): 381, (11, 39): 127, (11, 328): 127, (14, 0): 381, (14, 364): 381, (18, 165): 381, (18, 195): 381, (19, 10): 127, (19, 349): 127, (20, 85): 381, (20, 273): 381, (21, 89): 381, (21, 268): 381, (27, 139): 381, (27, 212): 381, (28, 2): 127, (28, 348): 127, (30, 67): 381, (30, 281): 381, (31, 6): 381, (31, 341): 381, (32, 81): 381, (32, 265): 381, (33, 138): 127, (33, 207): 127, (34, 93): 127, (34, 251): 127, (35, 131): 381, (35, 212): 381, (36, 53): 381, (36, 289): 381, (37, 145): 381, (37, 196): 381, (38, 114): 127, (38, 226): 127, (40, 101): 127, (40, 237): 127, (41, 70): 127, (41, 267): 127, (42, 91): 127, (42, 245): 127, (43, 156): 381, (43, 179): 381, (44, 343): 381, (44, 370): 381, (45, 336): 381, (45, 376): 381, (48, 120): 381, (48, 210): 381, (49, 25): 381, (49, 304): 381, (52, 129): 127, (52, 197): 127, (54, 350): 381, (54, 353): 381, (55, 106): 381, (55, 217): 381, (60, 23): 127, (60, 295): 127, (61, 152): 381, (61, 165): 381, (64, 124): 381, (64, 190): 381, (65, 316): 127, (65, 376): 127, (67, 139): 381, (67, 172): 381, (72, 90): 381, (72, 216): 381, (73, 47): 381, (73, 258): 381, (75, 5): 127, (75, 298): 127, (77, 307): 381, (77, 373): 381, (78, 109): 381, (78, 191): 381, (81, 83): 381, (81, 214): 381, (86, 89): 127, (86, 203): 127, (87, 142): 381, (87, 149): 381, (90, 4): 381, (90, 284): 381, (91, 294): 381, (91, 372): 381, (92, 5): 127, (92, 281): 127, (93, 291): 127, (93, 373): 127, (94, 12): 127, (94, 272): 127, (95, 128): 381, (95, 155): 381, (98, 131): 381, (98, 149): 381, (99, 24): 381, (99, 255): 381, (102, 88): 381, (102, 188): 381, (104, 11): 381, (104, 263): 381, (105, 29): 127, (105, 244): 127, (108, 54): 381, (108, 216): 381, (110, 80): 381, (110, 188): 381, (114, 91): 381, (114, 173): 381, (115, 275): 127, (115, 367): 127, (117, 8): 381, (117, 253): 381, (119, 0): 381, (119, 259): 381, (121, 72): 127, (121, 185): 127, (123, 4): 127, (123, 251): 127, (124, 54): 381, (124, 200): 381, (125, 72): 381, (125, 181): 381, (128, 77): 381, (128, 173): 381, (132, 264): 381, (132, 361): 381, (134, 72): 381, (134, 172): 381, (138, 67): 127, (138, 173): 127, (140, 21): 381, (140, 217): 381, (142, 1): 127, (142, 235): 127, (144, 84): 127, (144, 150): 127, (146, 292): 127, (146, 319): 127, (147, 254): 381, (147, 356): 381, (148, 54): 127, (148, 176): 127, (149, 267): 381, (149, 341): 381, (155, 96): 381, (155, 127): 381, (156, 231): 127, (156, 370): 127, (158, 103): 381, (158, 117): 381, (159, 240): 381, (159, 358): 381, (160, 279): 381, (160, 318): 381, (162, 42): 381, (162, 174): 381, (165, 26): 381, (165, 187): 381, (166, 59): 381, (166, 153): 381, (167, 4): 381, (167, 207): 381, (168, 22): 381, (168, 188): 381, (170, 39): 381, (170, 169): 381, (172, 261): 381, (172, 324): 381, (175, 33): 127, (175, 170): 127, (176, 16): 127, (176, 186): 127, (179, 27): 381, (179, 172): 381, (180, 207): 381, (180, 370): 381, (182, 36): 127, (182, 160): 127, (183, 82): 381, (183, 113): 381, (185, 217): 381, (185, 355): 381, (188, 270): 381, (188, 299): 381, (189, 222): 381, (189, 346): 381, (190, 267): 381, (190, 300): 381, (192, 28): 381, (192, 158): 381, (194, 260): 381, (194, 303): 381, (195, 34): 127, (195, 149): 127, (196, 18): 381, (196, 164): 381, (199, 39): 381, (199, 140): 381, (200, 216): 381, (200, 341): 381, (202, 228): 381, (202, 327): 381, (204, 62): 381, (204, 112): 381, (210, 174): 381, (210, 373): 381, (212, 67): 381, (212, 99): 381, (213, 5): 127, (213, 160): 127, (215, 202): 381, (215, 340): 381, (218, 240): 381, (218, 299): 381, (220, 241): 381, (220, 296): 381, (221, 248): 381, (221, 288): 381, (222, 177): 381, (222, 358): 381, (223, 251): 127, (223, 283): 127, (224, 63): 381, (224, 91): 381, (226, 31): 381, (226, 121): 381, (227, 55): 381, (227, 96): 381, (229, 248): 381, (229, 280): 381, (234, 230): 381, (234, 293): 381, (237, 175): 381, (237, 345): 381, (241, 21): 381, (241, 116): 381, (242, 193): 127, (242, 322): 127, (243, 27): 127, (243, 108): 127, (244, 189): 127, (244, 324): 127, (247, 0): 127, (247, 131): 127, (248, 213): 127, (248, 296): 127, (249, 56): 381, (249, 73): 381, (251, 168): 381, (251, 338): 381, (258, 218): 381, (258, 281): 381, (261, 122): 127, (261, 374): 127, (264, 126): 127, (264, 367): 127, (266, 239): 127, (266, 252): 127, (267, 151): 127, (267, 339): 127, (270, 111): 381, (270, 376): 381, (273, 16): 381, (273, 89): 381, (275, 127): 127, (275, 355): 127, (276, 40): 381, (276, 62): 381, (277, 231): 381, (277, 249): 381, (279, 37): 381, (279, 62): 381, (280, 187): 127, (280, 290): 127, (281, 221): 381, (281, 255): 381, (282, 8): 381, (282, 88): 381, (284, 204): 381, (284, 269): 381, (286, 139): 381, (286, 332): 381, (287, 159): 381, (287, 311): 381, (289, 225): 381, (289, 243): 381, (291, 170): 381, (291, 296): 381, (292, 181): 127, (292, 284): 127, (293, 170): 381, (293, 294): 381, (299, 103): 381, (299, 355): 381, (300, 211): 127, (300, 246): 127, (301, 165): 127, (301, 291): 127, (302, 103): 127, (302, 352): 127, (305, 137): 127, (305, 315): 127, (308, 92): 381, (308, 357): 381, (309, 200): 127, (309, 248): 127, (310, 16): 381, (310, 52): 381, (311, 208): 381, (311, 238): 381, (314, 187): 381, (314, 256): 381, (317, 65): 381, (317, 375): 381, (318, 212): 127, (318, 227): 127, (326, 200): 381, (326, 231): 381, (329, 127): 381, (329, 301): 381, (332, 205): 381, (332, 220): 381, (333, 209): 127, (333, 215): 127, (335, 196): 381, (335, 226): 381, (336, 145): 381, (336, 276): 381, (337, 14): 381, (337, 27): 381, (342, 181): 381, (342, 234): 381, (343, 90): 381, (343, 324): 381, (344, 90): 127, (344, 323): 127, (351, 102): 127, (351, 304): 127, (353, 105): 381, (353, 299): 381, (354, 101): 127, (354, 302): 127, (356, 130): 381, (356, 271): 381, (359, 94): 3, (359, 304): 3, (360, 8): 127, (360, 10): 127, (364, 160): 127, (364, 233): 127, (365, 101): 127, (365, 291): 127, (366, 58): 127, (366, 333): 127, (372, 143): 381, (372, 242): 381, (374, 182): 381, (374, 201): 381, (375, 88): 127, (375, 294): 127, (376, 71): 127, (376, 310): 127, (377, 96): 381, (377, 284): 381, (378, 21): 381, (378, 358): 381}
 
383, 369, True, 3, 123
{'infinity': 1, (0, 15): 369, (0, 367): 369, (6, 51): 369, (6, 325): 369, (7, 4): 369, (7, 371): 369, (9, 147): 369, (9, 226): 369, (10, 156): 369, (10, 216): 369, (12, 173): 369, (12, 197): 369, (15, 127): 369, (15, 240): 369, (16, 96): 369, (16, 270): 369, (17, 66): 369, (17, 299): 369, (18, 116): 369, (18, 248): 369, (21, 91): 369, (21, 270): 369, (23, 39): 369, (23, 320): 369, (24, 156): 123, (24, 202): 123, (25, 20): 369, (25, 337): 369, (27, 125): 369, (27, 230): 369, (29, 163): 369, (29, 190): 369, (30, 118): 369, (30, 234): 369, (31, 115): 9, (31, 236): 9, (37, 108): 123, (37, 237): 123, (38, 66): 369, (38, 278): 369, (40, 73): 123, (40, 269): 123, (41, 70): 123, (41, 271): 123, (43, 151): 369, (43, 188): 369, (44, 148): 41, (44, 190): 41, (47, 6): 369, (47, 329): 369, (54, 162): 369, (54, 166): 369, (56, 30): 369, (56, 296): 369, (59, 15): 123, (59, 308): 123, (60, 17): 369, (60, 305): 369, (61, 38): 369, (61, 283): 369, (63, 328): 3, (63, 374): 3, (64, 91): 369, (64, 227): 369, (65, 328): 123, (65, 372): 123, (72, 331): 123, (72, 362): 123, (73, 54): 123, (73, 255): 123, (74, 17): 41, (74, 291): 41, (75, 325): 123, (75, 365): 123, (76, 136): 41, (76, 170): 41, (77, 323): 369, (77, 365): 369, (78, 343): 369, (78, 344): 369, (87, 9): 9, (87, 286): 9, (89, 298): 369, (89, 378): 369, (91, 47): 41, (91, 244): 41, (93, 304): 123, (93, 368): 123, (94, 0): 369, (94, 288): 369, (103, 115): 369, (103, 164): 369, (106, 33): 369, (106, 243): 369, (108, 299): 369, (108, 358): 369, (109, 47): 369, (109, 226): 369, (110, 134): 369, (110, 138): 369, (111, 42): 369, (111, 229): 369, (112, 123): 369, (112, 147): 369, (115, 292): 369, (115, 358): 369, (116, 29): 369, (116, 237): 369, (119, 6): 369, (119, 257): 369, (123, 305): 369, (123, 337): 369, (124, 127): 123, (124, 131): 123, (125, 269): 369, (125, 371): 369, (128, 281): 369, (128, 356): 369, (129, 264): 369, (129, 372): 369, (131, 29): 369, (131, 222): 369, (134, 268): 123, (134, 363): 123, (135, 43): 41, (135, 204): 41, (137, 29): 369, (137, 216): 369, (140, 70): 369, (140, 172): 369, (141, 245): 123, (141, 379): 123, (142, 2): 369, (142, 238): 369, (143, 8): 369, (143, 231): 369, (146, 308): 123, (146, 311): 123, (148, 84): 123, (148, 150): 123, (151, 241): 369, (151, 373): 369, (154, 293): 369, (154, 318): 369, (155, 56): 41, (155, 171): 41, (156, 48): 369, (156, 178): 369, (157, 74): 369, (157, 151): 369, (158, 10): 369, (158, 214): 369, (159, 78): 369, (159, 145): 369, (161, 246): 123, (161, 358): 123, (162, 101): 369, (162, 119): 369, (163, 252): 123, (163, 350): 123, (164, 97): 41, (164, 121): 41, (167, 278): 369, (167, 320): 369, (168, 53): 369, (168, 161): 369, (172, 50): 41, (172, 160): 41, (174, 13): 41, (174, 195): 41, (179, 278): 123, (179, 308): 123, (181, 58): 123, (181, 143): 123, (184, 47): 369, (184, 151): 369, (185, 247): 369, (185, 333): 369, (190, 203): 369, (190, 372): 369, (191, 277): 369, (191, 297): 369, (194, 251): 123, (194, 320): 123, (199, 191): 369, (199, 375): 369, (201, 259): 123, (201, 305): 123, (203, 70): 369, (203, 109): 369, (204, 247): 41, (204, 314): 41, (206, 212): 369, (206, 347): 369, (208, 224): 369, (208, 333): 369, (210, 220): 369, (210, 335): 369, (212, 58): 123, (212, 112): 123, (213, 251): 369, (213, 301): 369, (216, 259): 369, (216, 290): 369, (217, 209): 41, (217, 339): 41, (218, 6): 123, (218, 158): 123, (219, 269): 369, (219, 277): 369, (223, 185): 369, (223, 357): 369, (224, 175): 123, (224, 366): 123, (226, 198): 369, (226, 341): 369, (231, 237): 369, (231, 297): 369, (232, 168): 369, (232, 365): 369, (234, 182): 369, (234, 349): 369, (235, 12): 123, (235, 135): 123, (236, 192): 123, (236, 337): 123, (237, 216): 369, (237, 312): 369, (238, 261): 369, (238, 266): 369, (239, 146): 123, (239, 380): 123, (240, 241): 369, (240, 284): 369, (245, 10): 369, (245, 127): 369, (250, 17): 369, (250, 115): 369, (252, 142): 41, (252, 371): 41, (256, 181): 41, (256, 328): 41, (258, 13): 369, (258, 111): 369, (259, 207): 369, (259, 299): 369, (260, 8): 369, (260, 114): 369, (263, 147): 369, (263, 355): 369, (264, 206): 123, (264, 295): 123, (266, 226): 41, (266, 273): 41, (269, 121): 369, (269, 375): 369, (271, 55): 369, (271, 56): 369, (273, 128): 369, (273, 364): 369, (276, 224): 123, (276, 265): 123, (283, 224): 369, (283, 258): 369, (285, 195): 369, (285, 285): 369, (286, 131): 123, (286, 348): 123, (289, 14): 369, (289, 79): 369, (291, 98): 41, (291, 376): 41, (292, 149): 41, (292, 324): 41, (294, 0): 369, (294, 88): 369, (298, 107): 369, (298, 360): 369, (299, 91): 41, (299, 375): 41, (303, 137): 369, (303, 325): 369, (306, 172): 369, (306, 287): 369, (308, 195): 369, (308, 262): 369, (309, 32): 123, (309, 41): 123, (310, 123): 369, (310, 332): 369, (311, 190): 369, (311, 264): 369, (312, 18): 369, (312, 52): 369, (314, 222): 369, (314, 229): 369, (317, 19): 123, (317, 46): 123, (320, 217): 369, (320, 228): 369, (321, 172): 123, (321, 272): 123, (322, 221): 41, (322, 222): 41, (324, 82): 369, (324, 359): 369, (325, 15): 369, (325, 42): 369, (327, 174): 369, (327, 264): 369, (329, 66): 369, (329, 370): 369, (331, 9): 369, (331, 42): 369, (332, 95): 369, (332, 338): 369, (333, 64): 369, (333, 368): 369, (334, 121): 369, (334, 310): 369, (335, 13): 369, (335, 34): 369, (337, 59): 369, (337, 369): 369, (339, 104): 369, (339, 322): 369, (341, 56): 369, (341, 368): 369, (342, 194): 123, (342, 229): 123, (345, 123): 41, (345, 297): 41, (347, 148): 123, (347, 270): 123, (348, 110): 369, (348, 307): 369, (349, 9): 369, (349, 24): 369, (350, 156): 369, (350, 259): 369, (351, 93): 41, (351, 321): 41, (353, 67): 369, (353, 345): 369, (355, 200): 9, (355, 210): 9, (357, 131): 123, (357, 277): 123, (360, 154): 369, (360, 251): 369, (362, 73): 369, (362, 330): 369, (364, 8): 123, (364, 10): 123, (365, 73): 369, (365, 327): 369, (370, 139): 369, (370, 256): 369, (372, 117): 369, (372, 276): 369, (374, 58): 123, (374, 333): 123, (376, 148): 123, (376, 241): 123, (378, 140): 369, (378, 247): 369, (379, 0): 123, (379, 3): 123}
 
389, 369, True, 3, 123
{'infinity': 1, (0, 21): 369, (0, 367): 369, (3, 94): 369, (3, 291): 369, (4, 81): 41, (4, 303): 41, (6, 119): 369, (6, 263): 369, (7, 16): 369, (7, 365): 369, (12, 100): 41, (12, 276): 41, (13, 155): 369, (13, 220): 369, (15, 43): 369, (15, 330): 369, (18, 99): 369, (18, 271): 369, (19, 175): 369, (19, 194): 369, (22, 132): 123, (22, 234): 123, (25, 26): 369, (25, 337): 369, (26, 6): 369, (26, 356): 369, (32, 92): 369, (32, 264): 369, (33, 359): 369, (33, 385): 369, (34, 112): 369, (34, 242): 369, (35, 130): 369, (35, 223): 369, (36, 44): 369, (36, 308): 369, (37, 53): 369, (37, 298): 369, (38, 156): 123, (38, 194): 123, (40, 22): 369, (40, 326): 369, (41, 70): 123, (41, 277): 123, (42, 162): 123, (42, 184): 123, (44, 68): 369, (44, 276): 369, (45, 121): 369, (45, 222): 369, (46, 56): 369, (46, 286): 369, (47, 163): 123, (47, 178): 123, (48, 84): 369, (48, 256): 369, (49, 154): 369, (49, 185): 369, (51, 50): 123, (51, 287): 123, (53, 48): 369, (53, 287): 369, (55, 44): 369, (55, 289): 369, (60, 344): 41, (60, 373): 41, (61, 20): 369, (61, 307): 369, (62, 126): 123, (62, 200): 123, (63, 72): 369, (63, 253): 369, (65, 85): 41, (65, 238): 41, (66, 97): 369, (66, 225): 369, (67, 95): 369, (67, 226): 369, (69, 27): 369, (69, 292): 369, (70, 351): 3, (70, 356): 3, (73, 149): 369, (73, 166): 369, (75, 330): 369, (75, 372): 369, (78, 74): 369, (78, 236): 369, (80, 41): 369, (80, 267): 369, (81, 82): 41, (81, 225): 41, (89, 111): 123, (89, 188): 123, (90, 26): 369, (90, 272): 369, (91, 95): 123, (91, 202): 123, (92, 47): 369, (92, 249): 369, (93, 13): 369, (93, 282): 369, (97, 117): 369, (97, 174): 369, (103, 128): 369, (103, 157): 369, (109, 91): 369, (109, 188): 369, (110, 37): 41, (110, 241): 41, (111, 12): 123, (111, 265): 123, (113, 103): 369, (113, 172): 369, (115, 40): 123, (115, 233): 123, (117, 272): 123, (117, 388): 123, (119, 100): 369, (119, 169): 369, (122, 118): 369, (122, 148): 369, (124, 41): 41, (124, 223): 41, (126, 99): 369, (126, 163): 369, (127, 74): 369, (127, 187): 369, (129, 43): 369, (129, 216): 369, (131, 72): 369, (131, 185): 369, (132, 45): 369, (132, 211): 369, (134, 316): 123, (134, 327): 123, (135, 33): 369, (135, 220): 369, (136, 60): 123, (136, 192): 123, (137, 123): 9, (137, 128): 9, (139, 32): 41, (139, 217): 41, (140, 27): 369, (140, 221): 369, (141, 11): 369, (141, 236): 369, (145, 249): 369, (145, 383): 369, (150, 110): 369, (150, 128): 369, (151, 7): 369, (151, 230): 369, (153, 249): 123, (153, 375): 123, (158, 18): 369, (158, 212): 369, (160, 69): 369, (160, 159): 369, (167, 46): 369, (167, 175): 369, (168, 259): 369, (168, 350): 369, (171, 236): 369, (171, 370): 369, (173, 102): 369, (173, 113): 369, (179, 278): 123, (179, 320): 123, (180, 293): 369, (180, 304): 369, (181, 27): 369, (181, 180): 369, (182, 248): 369, (182, 347): 369, (183, 272): 369, (183, 322): 369, (185, 74): 123, (185, 129): 123, (186, 41): 369, (186, 161): 369, (189, 2): 41, (189, 197): 41, (190, 262): 123, (190, 325): 123, (191, 54): 123, (191, 143): 123, (192, 8): 369, (192, 188): 369, (193, 25): 369, (193, 170): 369, (194, 255): 369, (194, 328): 369, (196, 72): 123, (196, 120): 123, (203, 79): 369, (203, 106): 369, (204, 9): 41, (204, 175): 41, (206, 252): 123, (206, 319): 123, (208, 30): 369, (208, 150): 369, (209, 244): 369, (209, 324): 369, (210, 185): 369, (210, 382): 369, (216, 250): 123, (216, 311): 123, (217, 8): 369, (217, 163): 369, (219, 261): 369, (219, 297): 369, (220, 171): 123, (220, 386): 123, (221, 244): 369, (221, 312): 369, (229, 23): 369, (229, 136): 369, (230, 250): 369, (230, 297): 369, (231, 223): 369, (231, 323): 369, (232, 61): 369, (232, 95): 369, (233, 251): 369, (233, 293): 369, (234, 228): 41, (234, 315): 41, (235, 176): 123, (235, 366): 123, (236, 164): 123, (236, 377): 123, (237, 75): 369, (237, 76): 369, (238, 177): 41, (238, 362): 41, (239, 181): 123, (239, 357): 123, (241, 150): 369, (241, 386): 369, (242, 220): 41, (242, 315): 41, (243, 225): 369, (243, 309): 369, (246, 43): 123, (246, 99): 123, (255, 32): 123, (255, 101): 123, (256, 17): 123, (256, 115): 123, (258, 177): 369, (258, 342): 369, (259, 29): 369, (259, 100): 369, (260, 165): 369, (260, 352): 369, (266, 251): 41, (266, 260): 41, (271, 15): 369, (271, 102): 369, (274, 153): 369, (274, 350): 369, (275, 26): 41, (275, 87): 41, (279, 116): 369, (279, 382): 369, (280, 246): 9, (280, 251): 9, (281, 221): 41, (281, 275): 41, (282, 179): 369, (282, 316): 369, (283, 177): 369, (283, 317): 369, (284, 129): 369, (284, 364): 369, (286, 204): 369, (286, 287): 369, (288, 33): 369, (288, 67): 369, (290, 105): 369, (290, 382): 369, (291, 118): 369, (291, 368): 369, (292, 38): 369, (292, 58): 369, (294, 127): 369, (294, 356): 369, (297, 212): 369, (297, 268): 369, (299, 44): 369, (299, 45): 369, (300, 147): 123, (300, 330): 123, (303, 159): 41, (303, 315): 41, (305, 232): 41, (305, 240): 41, (306, 83): 123, (306, 388): 123, (307, 213): 369, (307, 257): 369, (310, 129): 369, (310, 338): 369, (311, 86): 123, (311, 380): 123, (316, 159): 369, (316, 302): 369, (318, 73): 369, (318, 386): 369, (322, 124): 123, (322, 331): 123, (323, 80): 123, (323, 374): 123, (324, 212): 369, (324, 241): 369, (327, 183): 369, (327, 267): 369, (328, 135): 369, (328, 314): 369, (330, 150): 41, (330, 297): 41, (333, 194): 369, (333, 250): 369, (334, 167): 369, (334, 276): 369, (335, 102): 369, (335, 340): 369, (337, 90): 369, (337, 350): 369, (339, 97): 369, (339, 341): 369, (340, 218): 123, (340, 219): 123, (344, 144): 369, (344, 289): 369, (345, 191): 369, (345, 241): 369, (348, 45): 369, (348, 384): 369, (349, 184): 369, (349, 244): 369, (356, 33): 123, (356, 388): 123, (358, 198): 369, (358, 221): 369, (363, 98): 369, (363, 316): 369, (366, 118): 41, (366, 293): 41, (370, 8): 123, (370, 10): 123, (371, 52): 369, (371, 354): 369, (372, 138): 369, (372, 267): 369, (374, 97): 123, (374, 306): 123, (380, 108): 123, (380, 289): 123, (382, 137): 9, (382, 258): 9, (385, 32): 123, (385, 360): 123, (388, 184): 369, (388, 205): 369}
 
397, 390, True, 6, 65
{'infinity': 1, (1, 28): 130, (1, 367): 130, (2, 40): 390, (2, 354): 390, (8, 72): 65, (8, 316): 65, (10, 133): 390, (10, 253): 390, (11, 86): 30, (11, 299): 30, (12, 151): 26, (12, 233): 26, (13, 186): 390, (13, 197): 390, (14, 170): 390, (14, 212): 390, (17, 111): 390, (17, 268): 390, (18, 79): 130, (18, 299): 130, (21, 48): 130, (21, 327): 130, (24, 78): 195, (24, 294): 195, (26, 113): 78, (26, 257): 78, (27, 89): 390, (27, 280): 390, (28, 23): 195, (28, 345): 195, (29, 180): 39, (29, 187): 39, (30, 174): 15, (30, 192): 15, (31, 149): 130, (31, 216): 130, (32, 5): 195, (32, 359): 195, (33, 127): 390, (33, 236): 390, (36, 84): 39, (36, 276): 39, (41, 70): 65, (41, 285): 65, (42, 27): 15, (42, 327): 15, (45, 115): 195, (45, 236): 195, (47, 370): 195, (47, 376): 195, (50, 73): 390, (50, 273): 390, (51, 354): 130, (51, 388): 130, (54, 151): 130, (54, 191): 130, (56, 46): 195, (56, 294): 195, (59, 119): 130, (59, 218): 130, (61, 19): 195, (61, 316): 195, (63, 22): 65, (63, 311): 65, (66, 101): 390, (66, 229): 390, (67, 135): 130, (67, 194): 130, (68, 111): 65, (68, 217): 65, (69, 60): 195, (69, 267): 195, (71, 123): 65, (71, 202): 65, (72, 162): 2, (75, 43): 65, (75, 278): 65, (77, 100): 130, (77, 219): 130, (78, 80): 6, (78, 238): 6, (79, 320): 130, (79, 394): 130, (81, 85): 195, (81, 230): 195, (84, 123): 39, (84, 189): 39, (85, 64): 78, (85, 247): 78, (87, 129): 390, (87, 180): 390, (90, 130): 30, (90, 176): 30, (92, 130): 130, (92, 174): 130, (98, 84): 65, (98, 214): 65, (102, 19): 195, (102, 275): 195, (103, 43): 65, (103, 250): 65, (104, 313): 78, (104, 376): 78, (107, 313): 195, (107, 373): 195, (110, 132): 26, (110, 154): 26, (113, 48): 390, (113, 235): 390, (114, 73): 39, (114, 209): 39, (115, 306): 195, (115, 372): 195, (116, 22): 195, (116, 258): 195, (119, 282): 195, (119, 392): 195, (121, 135): 65, (121, 140): 65, (124, 281): 390, (124, 388): 390, (125, 78): 130, (125, 193): 130, (129, 68): 65, (129, 199): 65, (131, 100): 78, (131, 165): 78, (133, 8): 390, (133, 255): 390, (134, 287): 390, (134, 372): 390, (135, 21): 390, (135, 240): 390, (136, 305): 195, (136, 352): 195, (137, 89): 195, (137, 170): 195, (138, 29): 26, (138, 229): 26, (139, 71): 195, (139, 186): 195, (140, 81): 390, (140, 175): 390, (142, 300): 78, (142, 351): 78, (143, 125): 390, (143, 128): 390, (144, 321): 390, (144, 328): 390, (145, 37): 65, (145, 214): 65, (147, 15): 195, (147, 234): 195, (149, 272): 10, (149, 372): 10, (153, 285): 195, (153, 355): 195, (154, 276): 39, (154, 363): 39, (155, 27): 65, (155, 214): 65, (157, 266): 13, (157, 370): 13, (158, 246): 390, (158, 389): 390, (160, 9): 390, (160, 227): 390, (163, 38): 65, (163, 195): 65, (164, 61): 195, (164, 171): 195, (165, 86): 39, (165, 145): 39, (168, 95): 390, (168, 133): 390, (174, 102): 195, (174, 120): 195, (175, 74): 130, (175, 147): 130, (181, 286): 390, (181, 326): 390, (182, 11): 195, (182, 203): 195, (183, 47): 39, (183, 166): 39, (187, 293): 390, (187, 313): 390, (190, 100): 15, (190, 106): 15, (194, 229): 195, (194, 370): 195, (199, 93): 195, (199, 104): 195, (201, 27): 195, (201, 168): 195, (204, 285): 195, (204, 304): 195, (207, 237): 78, (207, 349): 78, (208, 276): 13, (208, 309): 13, (209, 75): 39, (209, 112): 39, (210, 51): 130, (210, 135): 130, (214, 36): 195, (214, 146): 195, (215, 200): 130, (215, 378): 130, (216, 50): 195, (216, 130): 195, (218, 249): 390, (218, 326): 390, (219, 22): 195, (219, 155): 195, (220, 43): 65, (220, 133): 65, (222, 86): 390, (222, 88): 390, (223, 182): 195, (223, 388): 195, (226, 271): 195, (226, 296): 195, (227, 252): 130, (227, 314): 130, (229, 177): 78, (229, 387): 78, (233, 24): 390, (233, 139): 390, (234, 73): 130, (234, 89): 130, (235, 19): 65, (235, 142): 65, (237, 20): 390, (237, 139): 390, (238, 13): 390, (238, 145): 390, (239, 20): 65, (239, 137): 65, (240, 34): 13, (240, 122): 13, (241, 188): 195, (241, 364): 195, (243, 30): 195, (243, 123): 195, (246, 186): 26, (246, 361): 26, (247, 170): 130, (247, 376): 130, (249, 69): 30, (249, 78): 30, (251, 3): 195, (251, 142): 195, (253, 172): 390, (253, 368): 390, (254, 265): 390, (254, 274): 390, (256, 66): 390, (256, 74): 390, (257, 171): 26, (257, 365): 26, (260, 65): 195, (260, 71): 195, (262, 47): 39, (262, 87): 39, (264, 48): 195, (264, 84): 195, (265, 36): 390, (265, 95): 390, (266, 195): 26, (266, 332): 26, (268, 237): 195, (268, 288): 195, (273, 224): 195, (273, 296): 195, (275, 223): 390, (275, 295): 390, (276, 174): 390, (276, 343): 390, (278, 160): 5, (278, 355): 5, (279, 161): 65, (279, 353): 65, (282, 180): 390, (282, 331): 390, (283, 125): 390, (283, 385): 390, (284, 8): 78, (284, 104): 78, (285, 50): 130, (285, 61): 130, (287, 203): 390, (287, 303): 390, (292, 6): 390, (292, 98): 390, (293, 241): 65, (293, 259): 65, (294, 50): 78, (294, 52): 78, (296, 201): 195, (296, 296): 195, (298, 16): 195, (298, 82): 195, (302, 207): 5, (302, 284): 5, (305, 164): 390, (305, 324): 390, (306, 143): 15, (306, 344): 15, (309, 142): 195, (309, 342): 195, (312, 104): 30, (312, 377): 30, (313, 111): 390, (313, 369): 390, (316, 36): 10, (316, 44): 10, (317, 118): 390, (317, 358): 390, (318, 181): 65, (318, 294): 65, (319, 20): 390, (319, 57): 390, (320, 236): 130, (320, 237): 130, (322, 33): 195, (322, 41): 195, (324, 231): 390, (324, 238): 390, (325, 139): 39, (325, 329): 39, (326, 203): 390, (326, 264): 390, (327, 189): 13, (327, 277): 13, (329, 148): 195, (329, 316): 195, (330, 162): 130, (330, 301): 130, (332, 151): 65, (332, 310): 65, (334, 141): 130, (334, 318): 130, (335, 131): 78, (335, 327): 78, (339, 134): 390, (339, 320): 390, (345, 94): 195, (345, 354): 195, (346, 61): 78, (346, 386): 78, (350, 47): 13, (350, 396): 13, (351, 58): 195, (351, 384): 195, (352, 107): 78, (352, 334): 78, (361, 4): 195, (361, 31): 195, (362, 95): 65, (362, 336): 65, (364, 74): 195, (364, 355): 195, (366, 195): 130, (366, 232): 130, (369, 125): 195, (369, 299): 195, (370, 83): 13, (370, 340): 13, (371, 32): 390, (371, 390): 390, (374, 171): 390, (374, 248): 390, (375, 126): 390, (375, 292): 390, (377, 96): 3, (377, 320): 3, (378, 8): 65, (378, 10): 65, (384, 189): 39, (384, 220): 39, (391, 7): 65, (391, 395): 65, (392, 145): 130, (392, 256): 130, (393, 162): 65, (393, 238): 65, (396, 71): 39, (396, 326): 39}
 
