"540.b2"	540	1	[]	0	[0, 0, 0, 1512, 33588]	[[-11, 125]]

p prime of good reduction, N = #E(F_p), isCyclic, index of E(Q) in E(F_p), order of image of E(Q) 

7, 9, False, 3, 3
{'infinity': 1, (0, 3): 3, (0, 4): 3, (3, 1): 3, (3, 6): 3, (5, 1): 3, (5, 6): 3, (6, 1): 3, (6, 6): 3}
 
11, 18, True, 3, 6
{'infinity': 1, (0, 4): 6, (0, 7): 6, (1, 0): 2, (2, 1): 9, (2, 10): 9, (3, 5): 18, (3, 6): 18, (4, 1): 3, (4, 10): 3, (5, 1): 9, (5, 10): 9, (6, 3): 9, (6, 8): 9, (7, 3): 18, (7, 8): 18, (9, 3): 18, (9, 8): 18}
 
13, 15, True, 3, 5
{'infinity': 1, (0, 3): 15, (0, 10): 15, (1, 1): 15, (1, 12): 15, (2, 5): 5, (2, 8): 5, (3, 3): 3, (3, 10): 3, (7, 4): 15, (7, 9): 15, (10, 3): 5, (10, 10): 5, (12, 2): 15, (12, 11): 15}
 
17, 18, True, 6, 3
{'infinity': 1, (0, 8): 18, (0, 9): 18, (1, 8): 9, (1, 9): 9, (2, 6): 9, (2, 11): 9, (6, 6): 3, (6, 11): 3, (7, 3): 18, (7, 14): 18, (9, 6): 9, (9, 11): 9, (10, 0): 2, (13, 2): 18, (13, 15): 18, (16, 8): 6, (16, 9): 6}
 
19, 21, True, 3, 7
{'infinity': 1, (2, 8): 3, (2, 11): 3, (4, 3): 21, (4, 16): 21, (5, 9): 21, (5, 10): 21, (7, 6): 7, (7, 13): 7, (8, 8): 7, (8, 11): 7, (9, 8): 21, (9, 11): 21, (10, 2): 7, (10, 17): 7, (11, 2): 21, (11, 17): 21, (14, 5): 21, (14, 14): 21, (17, 2): 21, (17, 17): 21}
 
23, 30, True, 3, 10
{'infinity': 1, (0, 10): 15, (0, 13): 15, (1, 7): 30, (1, 16): 30, (2, 2): 30, (2, 21): 30, (4, 5): 15, (4, 18): 15, (6, 2): 30, (6, 21): 30, (8, 9): 6, (8, 14): 6, (9, 4): 3, (9, 19): 3, (11, 10): 30, (11, 13): 30, (12, 10): 10, (12, 13): 10, (14, 0): 2, (15, 2): 5, (15, 21): 5, (16, 11): 15, (16, 12): 15, (17, 9): 15, (17, 14): 15, (21, 9): 10, (21, 14): 10, (22, 6): 5, (22, 17): 5}
 
29, 36, True, 3, 12
{'infinity': 1, (0, 8): 9, (0, 21): 9, (2, 14): 18, (2, 15): 18, (3, 4): 18, (3, 25): 18, (4, 12): 36, (4, 17): 36, (5, 8): 36, (5, 21): 36, (7, 0): 2, (8, 12): 3, (8, 17): 3, (12, 10): 18, (12, 19): 18, (13, 14): 6, (13, 15): 6, (14, 14): 9, (14, 15): 9, (17, 12): 36, (17, 17): 36, (18, 9): 12, (18, 20): 12, (20, 13): 9, (20, 16): 9, (21, 10): 36, (21, 19): 36, (24, 8): 36, (24, 21): 36, (25, 10): 36, (25, 19): 36, (26, 5): 12, (26, 24): 12, (28, 1): 4, (28, 28): 4}
 
31, 24, False, 6, 4
{'infinity': 1, (1, 3): 6, (1, 28): 6, (2, 3): 12, (2, 28): 12, (4, 12): 12, (4, 19): 12, (12, 4): 12, (12, 27): 12, (16, 0): 2, (17, 2): 12, (17, 29): 12, (19, 13): 6, (19, 18): 6, (20, 1): 4, (20, 30): 4, (22, 0): 2, (24, 0): 2, (26, 7): 3, (26, 24): 3, (27, 14): 6, (27, 17): 6, (28, 3): 4, (28, 28): 4}
 
37, 45, False, 3, 15
{'infinity': 1, (1, 5): 3, (1, 32): 3, (2, 8): 15, (2, 29): 15, (3, 2): 5, (3, 35): 5, (4, 6): 15, (4, 31): 15, (6, 17): 15, (6, 20): 15, (7, 2): 15, (7, 35): 15, (9, 11): 15, (9, 26): 15, (11, 11): 15, (11, 26): 15, (15, 6): 5, (15, 31): 5, (16, 7): 15, (16, 30): 15, (17, 11): 15, (17, 26): 15, (18, 6): 15, (18, 31): 15, (20, 14): 15, (20, 23): 15, (21, 3): 3, (21, 34): 3, (25, 10): 3, (25, 27): 3, (26, 14): 15, (26, 23): 15, (27, 2): 3, (27, 35): 3, (28, 14): 15, (28, 23): 15, (29, 1): 15, (29, 36): 15, (31, 18): 15, (31, 19): 15, (32, 15): 15, (32, 22): 15, (36, 12): 15, (36, 25): 15}
 
41, 36, True, 9, 4
{'infinity': 1, (0, 3): 36, (0, 38): 36, (1, 13): 36, (1, 28): 36, (3, 12): 36, (3, 29): 36, (6, 20): 9, (6, 21): 9, (9, 18): 18, (9, 23): 18, (10, 4): 12, (10, 37): 12, (12, 18): 12, (12, 23): 12, (13, 3): 36, (13, 38): 36, (14, 10): 36, (14, 31): 36, (17, 9): 3, (17, 32): 3, (19, 7): 9, (19, 34): 9, (20, 18): 36, (20, 23): 36, (22, 16): 6, (22, 25): 6, (27, 0): 2, (28, 3): 9, (28, 38): 9, (30, 2): 4, (30, 39): 4, (31, 17): 18, (31, 24): 18, (36, 14): 18, (36, 27): 18}
 
43, 48, False, 6, 8
{'infinity': 1, (1, 20): 24, (1, 23): 24, (3, 15): 4, (3, 28): 4, (4, 21): 6, (4, 22): 6, (5, 6): 24, (5, 37): 24, (7, 15): 3, (7, 28): 3, (8, 10): 6, (8, 33): 6, (9, 18): 6, (9, 25): 6, (10, 0): 2, (12, 21): 24, (12, 22): 24, (13, 10): 24, (13, 33): 24, (14, 3): 12, (14, 40): 12, (17, 7): 4, (17, 36): 4, (19, 17): 8, (19, 26): 8, (22, 10): 8, (22, 33): 8, (23, 11): 24, (23, 32): 24, (25, 14): 8, (25, 29): 8, (26, 2): 24, (26, 41): 24, (27, 21): 24, (27, 22): 24, (29, 1): 12, (29, 42): 12, (32, 4): 8, (32, 39): 8, (33, 15): 12, (33, 28): 12, (36, 0): 2, (38, 19): 24, (38, 24): 24, (40, 0): 2, (42, 13): 12, (42, 30): 12}
 
47, 60, True, 12, 5
{'infinity': 1, (2, 17): 30, (2, 30): 30, (3, 9): 20, (3, 38): 20, (4, 19): 30, (4, 28): 30, (5, 17): 10, (5, 30): 10, (6, 23): 60, (6, 24): 60, (7, 10): 60, (7, 37): 60, (8, 18): 20, (8, 29): 20, (9, 19): 20, (9, 28): 20, (12, 16): 60, (12, 31): 60, (13, 13): 60, (13, 34): 60, (15, 0): 2, (16, 20): 30, (16, 27): 30, (17, 12): 15, (17, 35): 15, (18, 15): 3, (18, 32): 3, (20, 23): 4, (20, 24): 4, (21, 23): 15, (21, 24): 15, (25, 4): 12, (25, 43): 12, (26, 1): 60, (26, 46): 60, (27, 1): 30, (27, 46): 30, (31, 6): 10, (31, 41): 10, (34, 19): 60, (34, 28): 60, (36, 16): 5, (36, 31): 5, (38, 13): 60, (38, 34): 60, (39, 21): 6, (39, 26): 6, (40, 17): 15, (40, 30): 15, (41, 1): 12, (41, 46): 12, (42, 10): 15, (42, 37): 15, (43, 13): 5, (43, 34): 5, (45, 10): 20, (45, 37): 20, (46, 16): 60, (46, 31): 60}
 
53, 48, True, 3, 16
{'infinity': 1, (1, 11): 12, (1, 42): 12, (3, 16): 48, (3, 37): 48, (6, 23): 48, (6, 30): 48, (9, 15): 12, (9, 38): 12, (10, 10): 16, (10, 43): 16, (12, 6): 8, (12, 47): 8, (16, 5): 16, (16, 48): 16, (18, 11): 48, (18, 42): 48, (19, 13): 48, (19, 40): 48, (20, 15): 8, (20, 38): 8, (23, 17): 48, (23, 36): 48, (24, 15): 24, (24, 38): 24, (25, 26): 48, (25, 27): 48, (28, 12): 24, (28, 41): 24, (30, 1): 3, (30, 52): 3, (31, 8): 24, (31, 45): 24, (34, 11): 48, (34, 42): 48, (35, 13): 16, (35, 40): 16, (37, 0): 2, (38, 22): 4, (38, 31): 4, (41, 25): 24, (41, 28): 24, (42, 19): 16, (42, 34): 16, (51, 9): 48, (51, 44): 48, (52, 13): 6, (52, 40): 6}
 
59, 60, True, 12, 5
{'infinity': 1, (0, 28): 12, (0, 31): 12, (7, 18): 30, (7, 41): 30, (9, 28): 60, (9, 31): 60, (15, 17): 10, (15, 42): 10, (18, 5): 12, (18, 54): 12, (19, 26): 20, (19, 33): 20, (20, 5): 4, (20, 54): 4, (21, 5): 6, (21, 54): 6, (26, 18): 60, (26, 41): 60, (27, 7): 15, (27, 52): 15, (33, 8): 60, (33, 51): 60, (34, 20): 5, (34, 39): 5, (37, 1): 10, (37, 58): 10, (38, 3): 60, (38, 56): 60, (39, 3): 30, (39, 56): 30, (40, 19): 60, (40, 40): 60, (41, 3): 20, (41, 56): 20, (42, 27): 60, (42, 32): 60, (43, 7): 15, (43, 52): 15, (45, 0): 2, (46, 17): 3, (46, 42): 3, (47, 21): 60, (47, 38): 60, (48, 7): 5, (48, 52): 5, (49, 2): 15, (49, 57): 15, (50, 28): 15, (50, 31): 15, (51, 25): 20, (51, 34): 20, (52, 8): 30, (52, 51): 30, (53, 13): 60, (53, 46): 60, (55, 10): 20, (55, 49): 20, (57, 17): 30, (57, 42): 30}
 
61, 51, True, 3, 17
{'infinity': 1, (2, 9): 17, (2, 52): 17, (7, 30): 51, (7, 31): 51, (8, 18): 51, (8, 43): 51, (15, 30): 17, (15, 31): 17, (16, 12): 51, (16, 49): 51, (19, 1): 51, (19, 60): 51, (25, 24): 3, (25, 37): 3, (26, 14): 51, (26, 47): 51, (29, 4): 51, (29, 57): 51, (30, 28): 51, (30, 33): 51, (32, 11): 17, (32, 50): 17, (36, 7): 51, (36, 54): 51, (38, 2): 51, (38, 59): 51, (39, 30): 51, (39, 31): 51, (41, 17): 17, (41, 44): 17, (42, 21): 51, (42, 40): 51, (43, 28): 17, (43, 33): 17, (49, 28): 51, (49, 33): 51, (50, 3): 17, (50, 58): 17, (51, 12): 17, (51, 49): 17, (52, 6): 51, (52, 55): 51, (53, 22): 17, (53, 39): 17, (55, 12): 51, (55, 49): 51, (56, 10): 51, (56, 51): 51, (59, 19): 51, (59, 42): 51}
 
67, 75, True, 3, 25
{'infinity': 1, (0, 17): 25, (0, 50): 25, (1, 23): 75, (1, 44): 75, (4, 6): 75, (4, 61): 75, (5, 1): 75, (5, 66): 75, (8, 10): 75, (8, 57): 75, (14, 9): 25, (14, 58): 25, (16, 13): 75, (16, 54): 75, (17, 32): 75, (17, 35): 75, (20, 2): 75, (20, 65): 75, (23, 8): 75, (23, 59): 75, (24, 33): 75, (24, 34): 75, (25, 28): 25, (25, 39): 25, (26, 19): 5, (26, 48): 5, (28, 18): 25, (28, 49): 25, (30, 17): 25, (30, 50): 25, (31, 6): 3, (31, 61): 3, (32, 6): 75, (32, 61): 75, (34, 22): 75, (34, 45): 75, (35, 26): 15, (35, 41): 15, (36, 26): 75, (36, 41): 75, (37, 17): 25, (37, 50): 25, (40, 22): 5, (40, 45): 5, (41, 4): 75, (41, 63): 75, (42, 14): 75, (42, 53): 75, (43, 5): 15, (43, 62): 15, (49, 2): 25, (49, 65): 25, (50, 31): 75, (50, 36): 75, (52, 30): 15, (52, 37): 15, (54, 12): 75, (54, 55): 75, (56, 9): 25, (56, 58): 25, (58, 25): 75, (58, 42): 75, (59, 3): 75, (59, 64): 75, (60, 22): 75, (60, 45): 75, (63, 26): 25, (63, 41): 25, (64, 9): 25, (64, 58): 25, (65, 2): 15, (65, 65): 15, (66, 7): 75, (66, 60): 75}
 
71, 66, True, 3, 22
{'infinity': 1, (0, 17): 66, (0, 54): 66, (1, 13): 66, (1, 58): 66, (3, 33): 66, (3, 38): 66, (9, 0): 2, (10, 24): 11, (10, 47): 11, (11, 17): 33, (11, 54): 33, (15, 28): 11, (15, 43): 11, (18, 31): 33, (18, 40): 33, (25, 31): 11, (25, 40): 11, (27, 34): 33, (27, 37): 33, (28, 31): 33, (28, 40): 33, (30, 4): 66, (30, 67): 66, (32, 2): 66, (32, 69): 66, (34, 11): 33, (34, 60): 33, (36, 29): 33, (36, 42): 33, (39, 19): 33, (39, 52): 33, (43, 16): 22, (43, 55): 22, (46, 16): 11, (46, 55): 11, (47, 27): 33, (47, 44): 33, (48, 8): 66, (48, 63): 66, (50, 32): 6, (50, 39): 6, (52, 29): 33, (52, 42): 33, (53, 16): 22, (53, 55): 22, (54, 29): 33, (54, 42): 33, (57, 34): 3, (57, 37): 3, (58, 34): 11, (58, 37): 11, (60, 17): 22, (60, 54): 22, (61, 12): 22, (61, 59): 22, (62, 9): 66, (62, 62): 66, (64, 15): 66, (64, 56): 66, (65, 35): 66, (65, 36): 66, (68, 25): 22, (68, 46): 22, (70, 14): 66, (70, 57): 66}
 
73, 63, True, 3, 21
{'infinity': 1, (0, 9): 63, (0, 64): 63, (1, 34): 21, (1, 39): 21, (4, 34): 63, (4, 39): 63, (6, 5): 63, (6, 68): 63, (9, 16): 9, (9, 57): 9, (12, 30): 63, (12, 43): 63, (14, 7): 63, (14, 66): 63, (15, 32): 7, (15, 41): 7, (17, 29): 63, (17, 44): 63, (20, 19): 63, (20, 54): 63, (23, 31): 9, (23, 42): 9, (25, 17): 63, (25, 56): 63, (27, 12): 63, (27, 61): 63, (30, 5): 63, (30, 68): 63, (32, 35): 63, (32, 38): 63, (34, 28): 63, (34, 45): 63, (35, 10): 7, (35, 63): 7, (36, 8): 9, (36, 65): 9, (37, 5): 3, (37, 68): 3, (39, 20): 21, (39, 53): 21, (40, 13): 63, (40, 60): 63, (41, 18): 7, (41, 55): 7, (43, 8): 63, (43, 65): 63, (46, 23): 21, (46, 50): 21, (48, 26): 63, (48, 47): 63, (50, 2): 63, (50, 71): 63, (60, 36): 21, (60, 37): 21, (61, 24): 63, (61, 49): 63, (62, 21): 21, (62, 52): 21, (67, 8): 21, (67, 65): 21, (68, 34): 63, (68, 39): 63}
 
79, 81, True, 9, 9
{'infinity': 1, (0, 31): 27, (0, 48): 27, (1, 5): 27, (1, 74): 27, (3, 28): 81, (3, 51): 81, (4, 11): 81, (4, 68): 81, (7, 14): 81, (7, 65): 81, (9, 29): 81, (9, 50): 81, (13, 33): 81, (13, 46): 81, (14, 15): 81, (14, 64): 81, (16, 16): 27, (16, 63): 27, (19, 34): 9, (19, 45): 9, (21, 5): 81, (21, 74): 81, (22, 1): 27, (22, 78): 27, (26, 10): 81, (26, 69): 81, (29, 28): 81, (29, 51): 81, (30, 3): 81, (30, 76): 81, (31, 21): 27, (31, 58): 27, (32, 36): 81, (32, 43): 81, (33, 17): 27, (33, 62): 27, (41, 24): 81, (41, 55): 81, (43, 19): 3, (43, 60): 3, (44, 19): 81, (44, 60): 81, (45, 25): 27, (45, 54): 27, (47, 28): 81, (47, 51): 81, (50, 36): 81, (50, 43): 81, (51, 30): 81, (51, 49): 81, (52, 39): 81, (52, 40): 81, (53, 20): 81, (53, 59): 81, (57, 5): 81, (57, 74): 81, (58, 1): 81, (58, 78): 81, (59, 3): 81, (59, 76): 81, (60, 23): 27, (60, 56): 27, (65, 14): 81, (65, 65): 81, (67, 7): 9, (67, 72): 9, (68, 33): 9, (68, 46): 9, (69, 3): 81, (69, 76): 81, (71, 19): 81, (71, 60): 81, (72, 15): 81, (72, 64): 81, (76, 36): 27, (76, 43): 27, (77, 33): 81, (77, 46): 81, (78, 1): 81, (78, 78): 81}
 
83, 90, True, 3, 30
{'infinity': 1, (1, 18): 9, (1, 65): 9, (2, 10): 45, (2, 73): 45, (4, 21): 45, (4, 62): 45, (6, 31): 45, (6, 52): 45, (7, 39): 30, (7, 44): 30, (8, 31): 9, (8, 52): 9, (14, 8): 90, (14, 75): 90, (15, 7): 5, (15, 76): 5, (16, 37): 15, (16, 46): 15, (18, 30): 18, (18, 53): 18, (19, 6): 45, (19, 77): 45, (20, 38): 90, (20, 45): 90, (22, 12): 6, (22, 71): 6, (23, 41): 45, (23, 42): 45, (24, 6): 45, (24, 77): 45, (25, 19): 90, (25, 64): 90, (30, 17): 90, (30, 66): 90, (31, 39): 10, (31, 44): 10, (34, 7): 5, (34, 76): 5, (35, 22): 90, (35, 61): 90, (37, 9): 30, (37, 74): 30, (39, 20): 15, (39, 63): 15, (40, 6): 3, (40, 77): 3, (41, 24): 10, (41, 59): 10, (44, 25): 45, (44, 58): 45, (45, 39): 15, (45, 44): 15, (46, 23): 90, (46, 60): 90, (49, 35): 90, (49, 48): 90, (51, 24): 18, (51, 59): 18, (55, 33): 18, (55, 50): 18, (57, 40): 90, (57, 43): 90, (58, 0): 2, (61, 36): 45, (61, 47): 45, (68, 35): 45, (68, 48): 45, (69, 31): 45, (69, 52): 45, (71, 41): 90, (71, 42): 90, (72, 41): 30, (72, 42): 30, (73, 11): 90, (73, 72): 90, (74, 24): 45, (74, 59): 45, (75, 8): 9, (75, 75): 9, (77, 8): 30, (77, 75): 30, (78, 16): 90, (78, 67): 90, (79, 13): 15, (79, 70): 15, (81, 26): 45, (81, 57): 45, (82, 28): 90, (82, 55): 90}
 
89, 78, True, 6, 13
{'infinity': 1, (6, 44): 26, (6, 45): 26, (8, 19): 78, (8, 70): 78, (11, 38): 78, (11, 51): 78, (16, 33): 26, (16, 56): 26, (17, 6): 39, (17, 83): 39, (18, 8): 39, (18, 81): 39, (19, 17): 26, (19, 72): 26, (20, 19): 39, (20, 70): 39, (24, 29): 78, (24, 60): 78, (27, 17): 3, (27, 72): 3, (29, 3): 26, (29, 86): 26, (31, 43): 39, (31, 46): 39, (33, 28): 13, (33, 61): 13, (37, 30): 26, (37, 59): 26, (38, 32): 78, (38, 57): 78, (40, 2): 78, (40, 87): 78, (43, 17): 78, (43, 72): 78, (44, 25): 78, (44, 64): 78, (45, 35): 13, (45, 54): 13, (51, 5): 39, (51, 84): 39, (54, 2): 78, (54, 87): 78, (56, 40): 13, (56, 49): 13, (58, 1): 39, (58, 88): 39, (59, 11): 39, (59, 78): 39, (61, 19): 78, (61, 70): 78, (63, 14): 39, (63, 75): 39, (64, 30): 78, (64, 59): 78, (66, 23): 39, (66, 66): 39, (67, 0): 2, (72, 37): 13, (72, 52): 13, (73, 7): 6, (73, 82): 6, (74, 18): 78, (74, 71): 78, (75, 8): 13, (75, 81): 13, (77, 30): 39, (77, 59): 39, (78, 36): 13, (78, 53): 13, (82, 12): 78, (82, 77): 78, (84, 2): 39, (84, 87): 39, (85, 8): 39, (85, 81): 39, (86, 10): 26, (86, 79): 26}
 
97, 111, True, 3, 37
{'infinity': 1, (4, 30): 37, (4, 67): 37, (5, 40): 111, (5, 57): 111, (6, 14): 37, (6, 83): 37, (7, 34): 111, (7, 63): 111, (8, 11): 111, (8, 86): 111, (10, 23): 37, (10, 74): 37, (11, 23): 111, (11, 74): 111, (13, 32): 111, (13, 65): 111, (15, 45): 37, (15, 52): 37, (17, 31): 37, (17, 66): 37, (18, 26): 111, (18, 71): 111, (20, 40): 111, (20, 57): 111, (21, 28): 111, (21, 69): 111, (22, 26): 37, (22, 71): 37, (24, 38): 111, (24, 59): 111, (25, 2): 37, (25, 95): 37, (26, 13): 111, (26, 84): 111, (28, 10): 111, (28, 87): 111, (29, 13): 37, (29, 84): 37, (30, 11): 111, (30, 86): 111, (32, 38): 111, (32, 59): 111, (34, 25): 111, (34, 72): 111, (39, 19): 111, (39, 78): 111, (41, 38): 111, (41, 59): 111, (42, 13): 111, (42, 84): 111, (47, 33): 111, (47, 64): 111, (49, 24): 111, (49, 73): 111, (51, 47): 37, (51, 50): 37, (53, 33): 111, (53, 64): 111, (54, 18): 37, (54, 79): 37, (57, 26): 111, (57, 71): 111, (58, 46): 111, (58, 51): 111, (59, 11): 37, (59, 86): 37, (60, 41): 111, (60, 56): 111, (61, 20): 3, (61, 77): 3, (63, 3): 111, (63, 94): 111, (69, 7): 111, (69, 90): 111, (70, 12): 111, (70, 85): 111, (72, 40): 111, (72, 57): 111, (74, 15): 111, (74, 82): 111, (76, 23): 111, (76, 74): 111, (77, 2): 111, (77, 95): 111, (80, 35): 37, (80, 62): 37, (81, 16): 37, (81, 81): 37, (82, 8): 37, (82, 89): 37, (83, 48): 111, (83, 49): 111, (84, 17): 111, (84, 80): 111, (86, 28): 37, (86, 69): 37, (87, 28): 111, (87, 69): 111, (91, 27): 111, (91, 70): 111, (92, 2): 111, (92, 95): 111, (93, 5): 37, (93, 92): 37, (94, 33): 37, (94, 64): 37, (95, 1): 37, (95, 96): 37, (96, 29): 111, (96, 68): 111}
 
101, 102, True, 6, 17
{'infinity': 1, (0, 37): 51, (0, 64): 51, (1, 16): 102, (1, 85): 102, (2, 19): 51, (2, 82): 51, (5, 41): 51, (5, 60): 51, (6, 31): 102, (6, 70): 102, (10, 4): 34, (10, 97): 34, (12, 43): 102, (12, 58): 102, (14, 43): 34, (14, 58): 34, (16, 8): 34, (16, 93): 34, (17, 26): 51, (17, 75): 51, (18, 28): 51, (18, 73): 51, (20, 44): 34, (20, 57): 34, (22, 29): 34, (22, 72): 34, (25, 31): 34, (25, 70): 34, (26, 9): 102, (26, 92): 102, (27, 8): 102, (27, 93): 102, (29, 44): 51, (29, 57): 51, (30, 10): 51, (30, 91): 51, (32, 2): 17, (32, 99): 17, (34, 26): 51, (34, 75): 51, (36, 12): 34, (36, 89): 34, (45, 34): 17, (45, 67): 17, (46, 30): 102, (46, 71): 102, (49, 14): 17, (49, 87): 17, (50, 26): 17, (50, 75): 17, (52, 44): 102, (52, 57): 102, (53, 1): 17, (53, 100): 17, (54, 0): 2, (55, 11): 51, (55, 90): 51, (58, 8): 51, (58, 93): 51, (64, 32): 102, (64, 69): 102, (66, 3): 102, (66, 98): 102, (70, 31): 51, (70, 70): 51, (72, 14): 102, (72, 87): 102, (73, 2): 3, (73, 99): 3, (75, 43): 51, (75, 58): 51, (78, 49): 51, (78, 52): 51, (79, 33): 17, (79, 68): 17, (80, 7): 102, (80, 94): 102, (81, 14): 102, (81, 87): 102, (82, 18): 102, (82, 83): 102, (87, 9): 17, (87, 92): 17, (88, 25): 102, (88, 76): 102, (89, 9): 6, (89, 92): 6, (90, 24): 17, (90, 77): 17, (91, 46): 51, (91, 55): 51, (94, 21): 102, (94, 80): 102, (96, 42): 34, (96, 59): 34, (97, 2): 51, (97, 99): 51, (99, 16): 51, (99, 85): 51, (100, 19): 102, (100, 82): 102}
 
103, 117, True, 3, 39
{'infinity': 1, (1, 9): 39, (1, 94): 39, (2, 40): 117, (2, 63): 117, (3, 12): 9, (3, 91): 9, (6, 50): 117, (6, 53): 117, (7, 15): 117, (7, 88): 117, (8, 19): 117, (8, 84): 117, (9, 37): 39, (9, 66): 39, (14, 51): 117, (14, 52): 117, (16, 30): 117, (16, 73): 117, (17, 6): 117, (17, 97): 117, (18, 43): 117, (18, 60): 117, (21, 21): 117, (21, 82): 117, (24, 8): 117, (24, 95): 117, (25, 9): 117, (25, 94): 117, (27, 46): 117, (27, 57): 117, (28, 51): 39, (28, 52): 39, (29, 24): 117, (29, 79): 117, (30, 8): 117, (30, 95): 117, (31, 12): 117, (31, 91): 117, (34, 44): 13, (34, 59): 13, (35, 18): 39, (35, 85): 39, (36, 40): 13, (36, 63): 13, (37, 38): 13, (37, 65): 13, (38, 45): 117, (38, 58): 117, (40, 13): 117, (40, 90): 117, (42, 32): 117, (42, 71): 117, (46, 48): 13, (46, 55): 13, (49, 8): 13, (49, 95): 13, (52, 26): 9, (52, 77): 9, (54, 33): 117, (54, 70): 117, (55, 39): 117, (55, 64): 117, (56, 29): 117, (56, 74): 117, (58, 17): 39, (58, 86): 39, (59, 29): 117, (59, 74): 117, (61, 51): 117, (61, 52): 117, (65, 40): 9, (65, 63): 9, (66, 11): 117, (66, 92): 117, (67, 45): 3, (67, 58): 3, (69, 12): 117, (69, 91): 117, (70, 39): 117, (70, 64): 117, (72, 44): 39, (72, 59): 39, (73, 33): 117, (73, 70): 117, (75, 32): 39, (75, 71): 39, (77, 9): 117, (77, 94): 117, (79, 33): 117, (79, 70): 117, (81, 39): 13, (81, 64): 13, (84, 24): 117, (84, 79): 117, (85, 5): 39, (85, 98): 39, (88, 23): 117, (88, 80): 117, (89, 32): 117, (89, 71): 117, (91, 29): 39, (91, 74): 39, (92, 22): 39, (92, 81): 39, (93, 24): 117, (93, 79): 117, (94, 14): 39, (94, 89): 39, (96, 1): 117, (96, 102): 117, (98, 16): 117, (98, 87): 117, (100, 44): 39, (100, 59): 39, (101, 45): 117, (101, 58): 117}
 
107, 90, True, 15, 6
{'infinity': 1, (4, 18): 30, (4, 89): 30, (6, 41): 45, (6, 66): 45, (7, 18): 15, (7, 89): 15, (8, 20): 10, (8, 87): 10, (14, 24): 5, (14, 83): 5, (15, 30): 15, (15, 77): 15, (16, 43): 90, (16, 64): 90, (19, 38): 45, (19, 69): 45, (26, 32): 10, (26, 75): 10, (27, 16): 15, (27, 91): 15, (31, 24): 90, (31, 83): 90, (32, 6): 90, (32, 101): 90, (33, 3): 9, (33, 104): 9, (38, 17): 30, (38, 90): 30, (39, 16): 45, (39, 91): 45, (40, 52): 90, (40, 55): 90, (41, 16): 45, (41, 91): 45, (42, 27): 90, (42, 80): 90, (44, 46): 45, (44, 61): 45, (47, 50): 5, (47, 57): 5, (48, 9): 45, (48, 98): 45, (49, 25): 90, (49, 82): 90, (51, 51): 30, (51, 56): 30, (52, 34): 90, (52, 73): 90, (53, 39): 18, (53, 68): 18, (54, 8): 18, (54, 99): 18, (55, 1): 90, (55, 106): 90, (60, 35): 45, (60, 72): 45, (62, 24): 90, (62, 83): 90, (63, 2): 45, (63, 105): 45, (65, 0): 2, (69, 36): 9, (69, 71): 9, (73, 11): 90, (73, 96): 90, (77, 47): 9, (77, 60): 9, (78, 33): 15, (78, 74): 15, (79, 3): 45, (79, 104): 45, (83, 32): 30, (83, 75): 30, (87, 22): 90, (87, 85): 90, (88, 26): 45, (88, 81): 45, (91, 48): 90, (91, 59): 90, (96, 18): 6, (96, 89): 6, (97, 53): 18, (97, 54): 18, (101, 15): 45, (101, 92): 45, (102, 3): 45, (102, 104): 45, (105, 32): 3, (105, 75): 3}
 
109, 120, False, 12, 10
{'infinity': 1, (0, 4): 30, (0, 105): 30, (1, 49): 30, (1, 60): 30, (2, 43): 60, (2, 66): 60, (3, 1): 60, (3, 108): 60, (5, 17): 20, (5, 92): 20, (7, 32): 6, (7, 77): 6, (8, 31): 6, (8, 78): 6, (9, 40): 30, (9, 69): 30, (10, 2): 5, (10, 107): 5, (15, 42): 10, (15, 67): 10, (16, 20): 60, (16, 89): 60, (17, 2): 60, (17, 107): 60, (20, 18): 30, (20, 91): 30, (21, 46): 60, (21, 63): 60, (22, 1): 20, (22, 108): 20, (23, 31): 30, (23, 78): 30, (24, 36): 20, (24, 73): 20, (25, 24): 60, (25, 85): 60, (27, 30): 4, (27, 79): 4, (30, 0): 2, (33, 34): 60, (33, 75): 60, (35, 0): 2, (36, 37): 30, (36, 72): 30, (38, 40): 30, (38, 69): 30, (39, 16): 10, (39, 93): 10, (41, 42): 60, (41, 67): 60, (43, 21): 4, (43, 88): 4, (44, 0): 2, (46, 5): 60, (46, 104): 60, (48, 8): 60, (48, 101): 60, (49, 26): 20, (49, 83): 20, (51, 45): 5, (51, 64): 5, (52, 7): 12, (52, 102): 12, (53, 42): 12, (53, 67): 12, (56, 11): 30, (56, 98): 30, (58, 29): 12, (58, 80): 12, (62, 40): 10, (62, 69): 10, (63, 15): 30, (63, 94): 30, (64, 10): 15, (64, 99): 15, (66, 38): 15, (66, 71): 15, (68, 11): 20, (68, 98): 20, (72, 28): 20, (72, 81): 20, (73, 25): 3, (73, 84): 3, (76, 27): 60, (76, 82): 60, (78, 31): 15, (78, 78): 15, (81, 16): 10, (81, 93): 10, (82, 2): 60, (82, 107): 60, (83, 35): 30, (83, 74): 30, (84, 1): 30, (84, 108): 30, (87, 24): 12, (87, 85): 12, (89, 12): 60, (89, 97): 60, (91, 39): 20, (91, 70): 20, (92, 30): 60, (92, 79): 60, (94, 11): 60, (94, 98): 60, (95, 53): 6, (95, 56): 6, (98, 16): 10, (98, 93): 10, (99, 30): 30, (99, 79): 30, (103, 50): 20, (103, 59): 20, (106, 24): 10, (106, 85): 10, (107, 6): 60, (107, 103): 60, (108, 47): 15, (108, 62): 15}
 
113, 96, True, 3, 32
{'infinity': 1, (2, 11): 48, (2, 102): 48, (5, 49): 96, (5, 64): 96, (6, 7): 24, (6, 106): 24, (7, 28): 96, (7, 85): 96, (9, 37): 16, (9, 76): 16, (12, 24): 48, (12, 89): 48, (22, 35): 32, (22, 78): 32, (28, 40): 96, (28, 73): 96, (34, 0): 2, (35, 26): 6, (35, 87): 6, (42, 18): 3, (42, 95): 3, (45, 38): 4, (45, 75): 4, (46, 50): 32, (46, 63): 32, (48, 19): 12, (48, 94): 12, (50, 39): 16, (50, 74): 16, (51, 47): 96, (51, 66): 96, (53, 21): 32, (53, 92): 32, (54, 12): 96, (54, 101): 96, (57, 54): 96, (57, 59): 96, (58, 30): 96, (58, 83): 96, (61, 44): 96, (61, 69): 96, (62, 52): 48, (62, 61): 48, (63, 51): 96, (63, 62): 96, (64, 27): 24, (64, 86): 24, (65, 22): 48, (65, 91): 48, (66, 8): 24, (66, 105): 24, (70, 12): 48, (70, 101): 48, (71, 42): 32, (71, 71): 32, (72, 9): 96, (72, 104): 96, (74, 27): 32, (74, 86): 32, (76, 21): 96, (76, 92): 96, (78, 13): 48, (78, 100): 48, (81, 3): 96, (81, 110): 96, (82, 54): 32, (82, 59): 32, (83, 10): 12, (83, 103): 12, (85, 6): 48, (85, 107): 48, (86, 38): 8, (86, 75): 8, (87, 54): 24, (87, 59): 24, (88, 27): 96, (88, 86): 96, (89, 55): 96, (89, 58): 96, (91, 33): 16, (91, 80): 16, (95, 38): 8, (95, 75): 8, (97, 21): 48, (97, 92): 48, (102, 12): 32, (102, 101): 32, (104, 43): 96, (104, 70): 96, (106, 20): 16, (106, 93): 16, (108, 34): 96, (108, 79): 96, (110, 53): 32, (110, 60): 32}
 
127, 144, False, 6, 24
{'infinity': 1, (0, 21): 18, (0, 106): 18, (1, 7): 72, (1, 120): 72, (2, 60): 8, (2, 67): 8, (4, 40): 18, (4, 87): 18, (12, 45): 18, (12, 82): 18, (13, 14): 72, (13, 113): 72, (17, 18): 72, (17, 109): 72, (18, 56): 8, (18, 71): 8, (19, 50): 72, (19, 77): 72, (20, 33): 72, (20, 94): 72, (21, 59): 8, (21, 68): 8, (22, 41): 6, (22, 86): 6, (23, 34): 9, (23, 93): 9, (25, 48): 72, (25, 79): 72, (26, 59): 9, (26, 68): 9, (27, 49): 24, (27, 78): 24, (29, 15): 72, (29, 112): 72, (30, 41): 36, (30, 86): 36, (31, 53): 12, (31, 74): 12, (33, 26): 36, (33, 101): 36, (34, 27): 6, (34, 100): 6, (37, 55): 24, (37, 72): 24, (38, 45): 36, (38, 82): 36, (41, 6): 36, (41, 121): 36, (45, 27): 24, (45, 100): 24, (46, 18): 18, (46, 109): 18, (47, 24): 72, (47, 103): 72, (48, 27): 24, (48, 100): 24, (50, 0): 2, (51, 20): 24, (51, 107): 24, (54, 44): 72, (54, 83): 72, (57, 61): 72, (57, 66): 72, (61, 54): 36, (61, 73): 36, (63, 47): 72, (63, 80): 72, (64, 18): 72, (64, 109): 72, (68, 42): 72, (68, 85): 72, (69, 9): 18, (69, 118): 18, (70, 35): 8, (70, 92): 8, (71, 54): 72, (71, 73): 72, (75, 41): 36, (75, 86): 36, (77, 45): 12, (77, 82): 12, (79, 36): 36, (79, 91): 36, (80, 59): 72, (80, 68): 72, (81, 47): 72, (81, 80): 72, (82, 36): 36, (82, 91): 36, (83, 42): 18, (83, 85): 18, (85, 3): 72, (85, 124): 72, (86, 46): 9, (86, 81): 9, (89, 0): 2, (90, 4): 6, (90, 123): 6, (91, 8): 3, (91, 119): 3, (93, 36): 18, (93, 91): 18, (94, 29): 72, (94, 98): 72, (95, 51): 72, (95, 76): 72, (98, 28): 36, (98, 99): 36, (99, 62): 72, (99, 65): 72, (101, 24): 72, (101, 103): 72, (103, 42): 72, (103, 85): 72, (104, 19): 4, (104, 108): 4, (106, 24): 18, (106, 103): 18, (107, 38): 36, (107, 89): 36, (109, 63): 24, (109, 64): 24, (110, 47): 12, (110, 80): 12, (115, 0): 2, (116, 2): 24, (116, 125): 24, (117, 14): 72, (117, 113): 72, (118, 57): 72, (118, 70): 72, (119, 5): 18, (119, 122): 18, (122, 54): 24, (122, 73): 24, (123, 60): 4, (123, 67): 4, (124, 14): 12, (124, 113): 12, (125, 40): 36, (125, 87): 36, (126, 43): 36, (126, 84): 36}
 
131, 144, True, 6, 24
{'infinity': 1, (0, 24): 144, (0, 107): 144, (4, 20): 144, (4, 111): 144, (6, 63): 144, (6, 68): 144, (8, 52): 36, (8, 79): 36, (10, 37): 16, (10, 94): 16, (12, 55): 144, (12, 76): 144, (13, 40): 144, (13, 91): 144, (15, 13): 3, (15, 118): 3, (16, 31): 144, (16, 100): 144, (17, 43): 144, (17, 88): 144, (19, 20): 48, (19, 111): 48, (21, 18): 144, (21, 113): 144, (29, 13): 48, (29, 118): 48, (30, 10): 144, (30, 121): 144, (31, 39): 144, (31, 92): 144, (33, 39): 72, (33, 92): 72, (34, 51): 36, (34, 80): 36, (37, 43): 16, (37, 88): 16, (38, 47): 144, (38, 84): 144, (39, 35): 9, (39, 96): 9, (42, 15): 8, (42, 116): 8, (45, 24): 48, (45, 107): 48, (46, 35): 9, (46, 96): 9, (49, 23): 144, (49, 108): 144, (50, 22): 16, (50, 109): 16, (51, 52): 72, (51, 79): 72, (52, 11): 144, (52, 120): 144, (53, 48): 48, (53, 83): 48, (54, 58): 144, (54, 73): 144, (56, 49): 144, (56, 82): 144, (59, 46): 72, (59, 85): 72, (60, 25): 144, (60, 106): 144, (62, 63): 144, (62, 68): 144, (63, 63): 12, (63, 68): 12, (65, 0): 2, (67, 39): 48, (67, 92): 48, (68, 14): 72, (68, 117): 72, (69, 14): 8, (69, 117): 8, (71, 38): 144, (71, 93): 144, (72, 52): 72, (72, 79): 72, (74, 32): 24, (74, 99): 24, (75, 42): 48, (75, 89): 48, (77, 43): 72, (77, 88): 72, (78, 17): 72, (78, 114): 72, (79, 30): 144, (79, 101): 144, (80, 46): 24, (80, 85): 24, (81, 12): 9, (81, 119): 9, (82, 19): 48, (82, 112): 48, (85, 53): 36, (85, 78): 36, (86, 24): 36, (86, 107): 36, (87, 13): 16, (87, 118): 16, (92, 53): 18, (92, 78): 18, (94, 58): 144, (94, 73): 144, (97, 56): 144, (97, 75): 144, (101, 2): 72, (101, 129): 72, (106, 59): 36, (106, 72): 36, (107, 47): 144, (107, 84): 144, (108, 20): 72, (108, 111): 72, (109, 5): 72, (109, 126): 72, (111, 8): 12, (111, 123): 12, (113, 4): 24, (113, 127): 24, (114, 58): 6, (114, 73): 6, (115, 45): 144, (115, 86): 144, (117, 47): 72, (117, 84): 72, (120, 6): 24, (120, 125): 24, (121, 62): 144, (121, 69): 144, (122, 16): 48, (122, 115): 48, (123, 46): 36, (123, 85): 36, (124, 28): 72, (124, 103): 72, (125, 14): 18, (125, 117): 18, (128, 27): 4, (128, 104): 4, (129, 65): 18, (129, 66): 18}
 
137, 120, True, 15, 8
{'infinity': 1, (3, 32): 120, (3, 105): 120, (4, 45): 12, (4, 92): 12, (5, 6): 24, (5, 131): 24, (9, 48): 120, (9, 89): 120, (11, 54): 15, (11, 83): 15, (12, 21): 120, (12, 116): 120, (13, 40): 24, (13, 97): 24, (21, 22): 60, (21, 115): 60, (23, 48): 20, (23, 89): 20, (24, 33): 15, (24, 104): 15, (25, 44): 120, (25, 93): 120, (26, 59): 3, (26, 78): 3, (29, 50): 120, (29, 87): 120, (31, 68): 40, (31, 69): 40, (37, 50): 40, (37, 87): 40, (38, 55): 30, (38, 82): 30, (40, 45): 40, (40, 92): 40, (41, 52): 60, (41, 85): 60, (43, 55): 5, (43, 82): 5, (44, 58): 4, (44, 79): 4, (47, 57): 120, (47, 80): 120, (48, 61): 40, (48, 76): 40, (51, 54): 60, (51, 83): 60, (53, 66): 10, (53, 71): 10, (55, 9): 40, (55, 128): 40, (56, 55): 30, (56, 82): 30, (58, 36): 60, (58, 101): 60, (59, 34): 20, (59, 103): 20, (60, 0): 2, (62, 12): 60, (62, 125): 60, (65, 39): 120, (65, 98): 120, (69, 25): 60, (69, 112): 60, (71, 50): 60, (71, 87): 60, (72, 13): 120, (72, 124): 120, (75, 54): 12, (75, 83): 12, (78, 64): 20, (78, 73): 20, (79, 42): 20, (79, 95): 20, (84, 38): 120, (84, 99): 120, (85, 26): 15, (85, 111): 15, (86, 12): 120, (86, 125): 120, (87, 26): 24, (87, 111): 24, (91, 1): 40, (91, 136): 40, (93, 45): 120, (93, 92): 120, (97, 58): 60, (97, 79): 60, (102, 26): 40, (102, 111): 40, (105, 48): 24, (105, 89): 24, (107, 37): 120, (107, 100): 120, (112, 24): 120, (112, 113): 120, (115, 15): 120, (115, 122): 120, (118, 59): 120, (118, 78): 120, (119, 35): 5, (119, 102): 5, (122, 51): 8, (122, 86): 8, (125, 4): 6, (125, 133): 6, (126, 12): 8, (126, 125): 8, (127, 53): 120, (127, 84): 120, (129, 29): 30, (129, 108): 30, (130, 59): 40, (130, 78): 40, (133, 58): 15, (133, 79): 15, (134, 23): 10, (134, 114): 10, (136, 47): 30, (136, 90): 30}
 
139, 135, False, 3, 45
{'infinity': 1, (0, 28): 45, (0, 111): 45, (2, 52): 5, (2, 87): 5, (3, 64): 45, (3, 75): 45, (5, 44): 15, (5, 95): 15, (6, 8): 45, (6, 131): 45, (7, 69): 45, (7, 70): 45, (11, 11): 15, (11, 128): 15, (18, 65): 45, (18, 74): 45, (22, 63): 45, (22, 76): 45, (27, 39): 45, (27, 100): 45, (28, 24): 9, (28, 115): 9, (29, 63): 15, (29, 76): 15, (30, 13): 45, (30, 126): 45, (31, 21): 15, (31, 118): 15, (32, 64): 15, (32, 75): 15, (33, 24): 9, (33, 115): 9, (34, 27): 45, (34, 112): 45, (35, 35): 15, (35, 104): 15, (36, 47): 15, (36, 92): 15, (40, 5): 45, (40, 134): 45, (41, 8): 15, (41, 131): 15, (42, 40): 45, (42, 99): 45, (43, 57): 45, (43, 82): 45, (44, 41): 15, (44, 98): 15, (45, 51): 15, (45, 88): 15, (46, 49): 45, (46, 90): 45, (48, 65): 45, (48, 74): 45, (49, 59): 15, (49, 80): 15, (50, 23): 45, (50, 116): 45, (52, 37): 45, (52, 102): 45, (53, 13): 45, (53, 126): 45, (54, 11): 9, (54, 128): 9, (56, 13): 15, (56, 126): 15, (60, 6): 45, (60, 133): 45, (63, 33): 15, (63, 106): 15, (65, 14): 9, (65, 125): 9, (67, 53): 45, (67, 86): 45, (69, 48): 45, (69, 91): 45, (73, 65): 3, (73, 74): 3, (74, 11): 45, (74, 128): 45, (78, 24): 9, (78, 115): 9, (81, 29): 45, (81, 110): 45, (83, 3): 45, (83, 136): 45, (85, 14): 45, (85, 125): 45, (86, 3): 45, (86, 136): 45, (88, 63): 9, (88, 76): 9, (89, 30): 9, (89, 109): 9, (92, 8): 9, (92, 131): 9, (93, 1): 45, (93, 138): 45, (94, 45): 15, (94, 94): 15, (97, 61): 45, (97, 78): 45, (100, 62): 45, (100, 77): 45, (103, 38): 3, (103, 101): 3, (104, 64): 45, (104, 75): 45, (105, 12): 45, (105, 127): 45, (107, 35): 45, (107, 104): 45, (109, 3): 3, (109, 136): 3, (112, 66): 45, (112, 73): 45, (113, 57): 45, (113, 82): 45, (118, 9): 5, (118, 130): 5, (120, 15): 15, (120, 124): 15, (122, 57): 9, (122, 82): 9, (128, 14): 45, (128, 125): 45, (130, 25): 15, (130, 114): 15, (132, 2): 3, (132, 137): 3, (134, 7): 45, (134, 132): 45, (136, 35): 45, (136, 104): 45}
 
149, 138, True, 6, 23
{'infinity': 1, (0, 19): 23, (0, 130): 23, (1, 58): 69, (1, 91): 69, (3, 56): 138, (3, 93): 138, (5, 0): 2, (6, 34): 69, (6, 115): 69, (7, 34): 138, (7, 115): 138, (8, 30): 138, (8, 119): 138, (9, 29): 69, (9, 120): 69, (12, 72): 69, (12, 77): 69, (18, 35): 138, (18, 114): 138, (19, 28): 138, (19, 121): 138, (22, 13): 23, (22, 136): 23, (26, 35): 138, (26, 114): 138, (27, 15): 69, (27, 134): 69, (28, 70): 6, (28, 79): 6, (30, 3): 69, (30, 146): 69, (31, 17): 69, (31, 132): 69, (36, 24): 69, (36, 125): 69, (37, 42): 46, (37, 107): 46, (38, 55): 69, (38, 94): 69, (41, 68): 23, (41, 81): 23, (45, 29): 46, (45, 120): 46, (47, 60): 69, (47, 89): 69, (48, 40): 46, (48, 109): 46, (49, 22): 46, (49, 127): 46, (52, 50): 69, (52, 99): 69, (53, 19): 138, (53, 130): 138, (54, 46): 23, (54, 103): 23, (58, 48): 23, (58, 101): 23, (61, 72): 138, (61, 77): 138, (63, 27): 138, (63, 122): 138, (66, 10): 69, (66, 139): 69, (71, 44): 138, (71, 105): 138, (74, 61): 3, (74, 88): 3, (75, 32): 46, (75, 117): 46, (76, 72): 46, (76, 77): 46, (78, 53): 23, (78, 96): 23, (83, 18): 46, (83, 131): 46, (86, 69): 23, (86, 80): 23, (87, 74): 69, (87, 75): 69, (90, 7): 69, (90, 142): 69, (94, 38): 138, (94, 111): 138, (95, 29): 138, (95, 120): 138, (96, 19): 138, (96, 130): 138, (99, 49): 138, (99, 100): 138, (101, 4): 69, (101, 145): 69, (102, 20): 138, (102, 129): 138, (104, 46): 138, (104, 103): 138, (105, 35): 23, (105, 114): 23, (108, 11): 23, (108, 138): 23, (110, 23): 138, (110, 126): 138, (111, 9): 138, (111, 140): 138, (112, 1): 69, (112, 148): 69, (116, 59): 138, (116, 90): 138, (117, 50): 69, (117, 99): 69, (120, 51): 46, (120, 98): 46, (121, 21): 69, (121, 128): 69, (124, 24): 69, (124, 125): 69, (128, 5): 69, (128, 144): 69, (129, 50): 69, (129, 99): 69, (132, 17): 23, (132, 132): 23, (133, 54): 138, (133, 95): 138, (135, 17): 69, (135, 132): 69, (136, 34): 46, (136, 115): 46, (138, 24): 23, (138, 125): 23, (139, 66): 46, (139, 83): 46, (140, 46): 138, (140, 103): 138, (141, 57): 138, (141, 92): 138, (146, 62): 46, (146, 87): 46}
 
151, 141, True, 3, 47
{'infinity': 1, (1, 62): 141, (1, 89): 141, (2, 57): 141, (2, 94): 141, (3, 34): 141, (3, 117): 141, (4, 17): 141, (4, 134): 141, (5, 72): 141, (5, 79): 141, (7, 11): 141, (7, 140): 141, (9, 71): 47, (9, 80): 47, (10, 28): 47, (10, 123): 47, (18, 14): 47, (18, 137): 47, (19, 35): 141, (19, 116): 141, (20, 42): 141, (20, 109): 141, (22, 43): 47, (22, 108): 47, (25, 43): 141, (25, 108): 141, (27, 18): 141, (27, 133): 141, (30, 61): 141, (30, 90): 141, (31, 25): 141, (31, 126): 141, (35, 60): 141, (35, 91): 141, (38, 72): 141, (38, 79): 141, (41, 45): 47, (41, 106): 47, (42, 61): 47, (42, 90): 47, (46, 34): 47, (46, 117): 47, (47, 47): 141, (47, 104): 141, (50, 17): 141, (50, 134): 141, (51, 40): 47, (51, 111): 47, (54, 30): 141, (54, 121): 141, (60, 16): 47, (60, 135): 47, (63, 33): 141, (63, 118): 141, (65, 1): 141, (65, 150): 141, (66, 48): 47, (66, 103): 47, (67, 41): 47, (67, 110): 47, (69, 52): 141, (69, 99): 141, (71, 20): 141, (71, 131): 141, (76, 29): 141, (76, 122): 141, (79, 61): 141, (79, 90): 141, (80, 51): 141, (80, 100): 141, (83, 22): 141, (83, 129): 141, (87, 9): 47, (87, 142): 47, (88, 10): 141, (88, 141): 141, (89, 63): 141, (89, 88): 141, (92, 69): 47, (92, 82): 47, (93, 9): 47, (93, 142): 47, (94, 6): 141, (94, 145): 141, (97, 17): 47, (97, 134): 47, (99, 29): 141, (99, 122): 141, (100, 58): 141, (100, 93): 141, (101, 30): 141, (101, 121): 141, (102, 34): 141, (102, 117): 141, (104, 43): 141, (104, 108): 141, (106, 31): 47, (106, 120): 47, (108, 72): 47, (108, 79): 47, (111, 37): 141, (111, 114): 141, (115, 65): 3, (115, 86): 3, (116, 55): 47, (116, 96): 47, (117, 16): 141, (117, 135): 141, (118, 1): 47, (118, 150): 47, (119, 1): 141, (119, 150): 141, (122, 9): 47, (122, 142): 47, (124, 67): 141, (124, 84): 141, (125, 16): 141, (125, 135): 141, (126, 47): 141, (126, 104): 141, (127, 29): 141, (127, 122): 141, (128, 50): 141, (128, 101): 141, (129, 47): 141, (129, 104): 141, (130, 27): 47, (130, 124): 47, (131, 28): 47, (131, 123): 47, (140, 26): 47, (140, 125): 47, (141, 42): 141, (141, 109): 141, (142, 15): 141, (142, 136): 141, (144, 39): 141, (144, 112): 141, (147, 30): 141, (147, 121): 141}
 
157, 156, False, 12, 13
{'infinity': 1, (0, 33): 39, (0, 124): 39, (1, 54): 78, (1, 103): 78, (2, 14): 78, (2, 143): 78, (3, 0): 2, (9, 36): 78, (9, 121): 78, (15, 53): 13, (15, 104): 13, (18, 15): 78, (18, 142): 78, (22, 16): 13, (22, 141): 13, (23, 33): 78, (23, 124): 78, (24, 31): 78, (24, 126): 78, (25, 52): 78, (25, 105): 78, (26, 63): 26, (26, 94): 26, (27, 44): 26, (27, 113): 26, (29, 51): 78, (29, 106): 78, (30, 75): 78, (30, 82): 78, (31, 42): 78, (31, 115): 78, (32, 75): 78, (32, 82): 78, (33, 27): 39, (33, 130): 39, (34, 37): 39, (34, 120): 39, (36, 21): 6, (36, 136): 6, (37, 45): 26, (37, 112): 26, (39, 29): 13, (39, 128): 13, (40, 35): 26, (40, 122): 26, (41, 43): 26, (41, 114): 26, (44, 36): 78, (44, 121): 78, (46, 12): 78, (46, 145): 78, (49, 40): 78, (49, 117): 78, (50, 27): 39, (50, 130): 39, (51, 1): 39, (51, 156): 39, (54, 73): 39, (54, 84): 39, (55, 44): 39, (55, 113): 39, (57, 68): 78, (57, 89): 78, (60, 51): 39, (60, 106): 39, (64, 0): 2, (68, 51): 78, (68, 106): 78, (70, 76): 78, (70, 81): 78, (74, 27): 39, (74, 130): 39, (75, 44): 78, (75, 113): 78, (78, 66): 39, (78, 91): 39, (83, 6): 6, (83, 151): 6, (84, 64): 26, (84, 93): 26, (85, 5): 26, (85, 152): 26, (86, 46): 78, (86, 111): 78, (87, 22): 6, (87, 135): 6, (89, 26): 13, (89, 131): 13, (90, 0): 2, (92, 66): 26, (92, 91): 26, (95, 75): 26, (95, 82): 26, (96, 30): 78, (96, 127): 78, (97, 26): 78, (97, 131): 78, (103, 60): 39, (103, 97): 39, (104, 36): 13, (104, 121): 13, (107, 6): 78, (107, 151): 78, (110, 1): 78, (110, 156): 78, (114, 8): 26, (114, 149): 26, (117, 47): 26, (117, 110): 26, (118, 9): 78, (118, 148): 78, (120, 56): 39, (120, 101): 39, (121, 18): 3, (121, 139): 3, (122, 43): 26, (122, 114): 26, (124, 6): 78, (124, 151): 78, (126, 10): 26, (126, 147): 26, (128, 26): 78, (128, 131): 78, (131, 67): 78, (131, 90): 78, (133, 78): 78, (133, 79): 78, (134, 33): 78, (134, 124): 78, (136, 41): 26, (136, 116): 26, (137, 23): 78, (137, 134): 78, (138, 55): 26, (138, 102): 26, (140, 50): 26, (140, 107): 26, (142, 25): 78, (142, 132): 78, (143, 16): 78, (143, 141): 78, (144, 66): 78, (144, 91): 78, (145, 34): 26, (145, 123): 26, (146, 32): 13, (146, 125): 13, (149, 16): 78, (149, 141): 78, (151, 43): 26, (151, 114): 26, (153, 1): 78, (153, 156): 78, (156, 19): 78, (156, 138): 78}
 
163, 153, False, 3, 51
{'infinity': 1, (0, 70): 51, (0, 93): 51, (1, 43): 51, (1, 120): 51, (3, 3): 51, (3, 160): 51, (4, 55): 51, (4, 108): 51, (5, 69): 51, (5, 94): 51, (7, 4): 51, (7, 159): 51, (10, 51): 51, (10, 112): 51, (11, 80): 51, (11, 83): 51, (13, 64): 51, (13, 99): 51, (17, 31): 3, (17, 132): 3, (18, 28): 51, (18, 135): 51, (23, 3): 51, (23, 160): 51, (24, 9): 51, (24, 154): 51, (25, 42): 51, (25, 121): 51, (29, 73): 51, (29, 90): 51, (30, 18): 51, (30, 145): 51, (32, 71): 17, (32, 92): 17, (36, 53): 51, (36, 110): 51, (40, 11): 51, (40, 152): 51, (41, 69): 51, (41, 94): 51, (43, 21): 51, (43, 142): 51, (44, 28): 51, (44, 135): 51, (45, 24): 51, (45, 139): 51, (47, 18): 51, (47, 145): 51, (51, 36): 51, (51, 127): 51, (54, 1): 51, (54, 162): 51, (55, 36): 51, (55, 127): 51, (56, 65): 17, (56, 98): 17, (57, 36): 17, (57, 127): 17, (59, 43): 3, (59, 120): 3, (61, 45): 51, (61, 118): 51, (62, 41): 51, (62, 122): 51, (65, 42): 51, (65, 121): 51, (66, 70): 51, (66, 93): 51, (67, 49): 51, (67, 114): 51, (70, 33): 51, (70, 130): 51, (71, 76): 51, (71, 87): 51, (72, 72): 51, (72, 91): 51, (73, 42): 51, (73, 121): 51, (75, 51): 51, (75, 112): 51, (76, 26): 17, (76, 137): 17, (77, 48): 51, (77, 115): 51, (78, 51): 51, (78, 112): 51, (80, 81): 51, (80, 82): 51, (82, 78): 51, (82, 85): 51, (84, 27): 51, (84, 136): 51, (86, 18): 51, (86, 145): 51, (89, 74): 17, (89, 89): 17, (90, 7): 51, (90, 156): 51, (96, 8): 51, (96, 155): 51, (97, 70): 51, (97, 93): 51, (98, 7): 17, (98, 156): 17, (99, 26): 51, (99, 137): 51, (100, 58): 51, (100, 105): 51, (101, 28): 51, (101, 135): 51, (103, 43): 51, (103, 120): 51, (107, 14): 51, (107, 149): 51, (115, 39): 51, (115, 124): 51, (116, 48): 51, (116, 115): 51, (117, 69): 51, (117, 94): 51, (118, 52): 51, (118, 111): 51, (119, 41): 51, (119, 122): 51, (123, 15): 3, (123, 148): 3, (124, 77): 51, (124, 86): 51, (125, 57): 51, (125, 106): 51, (126, 34): 17, (126, 129): 17, (127, 54): 3, (127, 109): 3, (133, 48): 51, (133, 115): 51, (137, 3): 51, (137, 160): 51, (138, 7): 51, (138, 156): 51, (145, 41): 17, (145, 122): 17, (147, 35): 51, (147, 128): 51, (148, 19): 51, (148, 144): 51, (151, 26): 51, (151, 137): 51, (152, 38): 51, (152, 125): 51, (156, 2): 51, (156, 161): 51}
 
167, 180, True, 6, 30
{'infinity': 1, (0, 45): 45, (0, 122): 45, (1, 71): 45, (1, 96): 45, (2, 61): 180, (2, 106): 180, (3, 24): 180, (3, 143): 180, (4, 11): 180, (4, 156): 180, (5, 58): 90, (5, 109): 90, (6, 25): 60, (6, 142): 60, (7, 60): 45, (7, 107): 45, (11, 68): 60, (11, 99): 60, (15, 58): 30, (15, 109): 30, (17, 54): 90, (17, 113): 90, (18, 62): 36, (18, 105): 36, (20, 39): 36, (20, 128): 36, (22, 43): 4, (22, 124): 4, (24, 37): 20, (24, 130): 20, (25, 29): 12, (25, 138): 12, (28, 66): 3, (28, 101): 3, (29, 17): 20, (29, 150): 20, (31, 71): 36, (31, 96): 36, (32, 41): 90, (32, 126): 90, (33, 4): 180, (33, 163): 180, (37, 78): 60, (37, 89): 60, (39, 78): 90, (39, 89): 90, (41, 29): 36, (41, 138): 36, (43, 16): 180, (43, 151): 180, (44, 40): 90, (44, 127): 90, (46, 57): 180, (46, 110): 180, (48, 18): 10, (48, 149): 10, (49, 83): 6, (49, 84): 6, (50, 80): 30, (50, 87): 30, (51, 52): 5, (51, 115): 5, (53, 54): 180, (53, 113): 180, (55, 15): 180, (55, 152): 180, (58, 76): 90, (58, 91): 90, (61, 40): 180, (61, 127): 180, (62, 40): 12, (62, 127): 12, (64, 65): 180, (64, 102): 180, (66, 6): 45, (66, 161): 45, (70, 74): 180, (70, 93): 180, (71, 32): 180, (71, 135): 180, (72, 2): 90, (72, 165): 90, (73, 77): 90, (73, 90): 90, (75, 27): 18, (75, 140): 18, (76, 53): 180, (76, 114): 180, (77, 1): 5, (77, 166): 5, (82, 5): 20, (82, 162): 20, (84, 56): 15, (84, 111): 15, (89, 7): 180, (89, 160): 180, (91, 78): 180, (91, 89): 180, (93, 38): 180, (93, 129): 180, (95, 47): 15, (95, 120): 15, (97, 54): 60, (97, 113): 60, (98, 81): 45, (98, 86): 45, (101, 29): 9, (101, 138): 9, (102, 19): 180, (102, 148): 180, (105, 46): 90, (105, 121): 90, (106, 46): 36, (106, 121): 36, (108, 32): 45, (108, 135): 45, (110, 55): 180, (110, 112): 180, (114, 74): 60, (114, 93): 60, (118, 0): 2, (120, 22): 15, (120, 145): 15, (121, 48): 45, (121, 119): 45, (122, 72): 30, (122, 95): 30, (123, 46): 20, (123, 121): 20, (126, 6): 18, (126, 161): 18, (128, 53): 180, (128, 114): 180, (129, 77): 18, (129, 90): 18, (130, 53): 10, (130, 114): 10, (132, 77): 15, (132, 90): 15, (133, 18): 36, (133, 149): 36, (135, 71): 180, (135, 96): 180, (136, 41): 9, (136, 126): 9, (138, 33): 60, (138, 134): 60, (139, 23): 45, (139, 144): 45, (142, 6): 90, (142, 161): 90, (143, 3): 45, (143, 164): 45, (147, 58): 45, (147, 109): 45, (150, 74): 45, (150, 93): 45, (152, 39): 60, (152, 128): 60, (153, 18): 180, (153, 149): 180, (155, 32): 60, (155, 135): 60, (156, 42): 30, (156, 125): 30, (157, 10): 180, (157, 157): 180, (160, 28): 9, (160, 139): 9, (161, 69): 180, (161, 98): 180, (162, 39): 45, (162, 128): 45, (163, 64): 180, (163, 103): 180, (165, 50): 90, (165, 117): 90, (166, 41): 90, (166, 126): 90}
 
173, 186, True, 6, 31
{'infinity': 1, (2, 64): 93, (2, 109): 93, (4, 16): 186, (4, 157): 186, (7, 20): 186, (7, 153): 186, (9, 2): 62, (9, 171): 62, (10, 24): 31, (10, 149): 31, (13, 9): 93, (13, 164): 93, (14, 8): 186, (14, 165): 186, (17, 56): 186, (17, 117): 186, (18, 66): 186, (18, 107): 186, (19, 54): 93, (19, 119): 93, (20, 44): 62, (20, 129): 62, (21, 62): 186, (21, 111): 186, (22, 13): 62, (22, 160): 62, (25, 72): 186, (25, 101): 186, (32, 53): 186, (32, 120): 186, (33, 33): 186, (33, 140): 186, (35, 49): 31, (35, 124): 31, (37, 48): 62, (37, 125): 62, (38, 58): 93, (38, 115): 93, (40, 43): 186, (40, 130): 186, (41, 18): 31, (41, 155): 31, (42, 16): 31, (42, 157): 31, (45, 66): 62, (45, 107): 62, (46, 83): 93, (46, 90): 93, (47, 23): 186, (47, 150): 186, (48, 81): 186, (48, 92): 186, (50, 43): 186, (50, 130): 186, (51, 74): 186, (51, 99): 186, (52, 76): 93, (52, 97): 93, (53, 81): 186, (53, 92): 186, (54, 15): 62, (54, 158): 62, (55, 21): 93, (55, 152): 93, (56, 45): 186, (56, 128): 186, (57, 73): 186, (57, 100): 186, (58, 49): 62, (58, 124): 62, (59, 72): 93, (59, 101): 93, (61, 20): 186, (61, 153): 186, (63, 59): 93, (63, 114): 93, (64, 84): 93, (64, 89): 93, (65, 17): 3, (65, 156): 3, (66, 60): 186, (66, 113): 186, (67, 53): 31, (67, 120): 31, (71, 28): 62, (71, 145): 62, (72, 81): 31, (72, 92): 31, (74, 53): 186, (74, 120): 186, (80, 49): 62, (80, 124): 62, (81, 80): 31, (81, 93): 31, (82, 32): 93, (82, 141): 93, (83, 43): 93, (83, 130): 93, (89, 72): 186, (89, 101): 186, (90, 25): 31, (90, 148): 31, (93, 65): 186, (93, 108): 186, (94, 85): 31, (94, 88): 31, (97, 55): 93, (97, 118): 93, (98, 79): 93, (98, 94): 93, (100, 55): 186, (100, 118): 186, (102, 47): 6, (102, 126): 6, (103, 11): 93, (103, 162): 93, (104, 30): 93, (104, 143): 93, (105, 20): 93, (105, 153): 93, (107, 36): 62, (107, 137): 62, (108, 52): 62, (108, 121): 62, (109, 75): 93, (109, 98): 93, (110, 66): 93, (110, 107): 93, (113, 30): 93, (113, 143): 93, (115, 65): 93, (115, 108): 93, (118, 86): 93, (118, 87): 93, (119, 0): 2, (121, 37): 186, (121, 136): 186, (123, 25): 93, (123, 148): 93, (127, 16): 186, (127, 157): 186, (128, 59): 93, (128, 114): 93, (129, 30): 31, (129, 143): 31, (131, 83): 186, (131, 90): 186, (133, 25): 93, (133, 148): 93, (135, 54): 93, (135, 119): 93, (138, 65): 62, (138, 108): 62, (139, 73): 186, (139, 100): 186, (140, 1): 31, (140, 172): 31, (144, 41): 31, (144, 132): 31, (147, 48): 62, (147, 125): 62, (149, 55): 186, (149, 118): 186, (150, 73): 31, (150, 100): 31, (151, 70): 62, (151, 103): 62, (152, 35): 93, (152, 138): 93, (154, 58): 93, (154, 115): 93, (155, 59): 31, (155, 114): 31, (160, 12): 93, (160, 161): 93, (161, 7): 62, (161, 166): 62, (162, 48): 31, (162, 125): 31, (165, 77): 186, (165, 96): 186, (168, 68): 93, (168, 105): 93, (169, 83): 186, (169, 90): 186}
 
179, 186, True, 3, 62
{'infinity': 1, (1, 14): 31, (1, 165): 31, (4, 61): 93, (4, 118): 93, (6, 51): 93, (6, 128): 93, (8, 67): 31, (8, 112): 31, (10, 29): 62, (10, 150): 62, (15, 6): 31, (15, 173): 31, (16, 11): 186, (16, 168): 186, (18, 76): 31, (18, 103): 31, (19, 9): 186, (19, 170): 186, (20, 7): 31, (20, 172): 31, (22, 72): 62, (22, 107): 62, (24, 69): 62, (24, 110): 62, (25, 52): 186, (25, 127): 186, (26, 9): 186, (26, 170): 186, (28, 58): 186, (28, 121): 186, (29, 42): 186, (29, 137): 186, (32, 1): 186, (32, 178): 186, (34, 49): 93, (34, 130): 93, (35, 18): 93, (35, 161): 93, (36, 28): 186, (36, 151): 186, (38, 63): 186, (38, 116): 186, (39, 21): 93, (39, 158): 93, (41, 0): 2, (42, 45): 93, (42, 134): 93, (45, 68): 31, (45, 111): 31, (50, 45): 93, (50, 134): 93, (54, 21): 31, (54, 158): 31, (55, 53): 31, (55, 126): 31, (59, 28): 186, (59, 151): 186, (60, 71): 93, (60, 108): 93, (61, 23): 93, (61, 156): 93, (62, 58): 62, (62, 121): 62, (66, 88): 93, (66, 91): 93, (72, 1): 31, (72, 178): 31, (75, 1): 186, (75, 178): 186, (76, 78): 62, (76, 101): 62, (77, 56): 93, (77, 123): 93, (79, 8): 186, (79, 171): 186, (81, 61): 186, (81, 118): 186, (82, 10): 186, (82, 169): 186, (83, 67): 93, (83, 112): 93, (84, 28): 31, (84, 151): 31, (85, 39): 62, (85, 140): 62, (86, 21): 93, (86, 158): 93, (87, 45): 93, (87, 134): 93, (88, 67): 93, (88, 112): 93, (89, 58): 3, (89, 121): 3, (90, 25): 93, (90, 154): 93, (93, 46): 93, (93, 133): 93, (94, 61): 186, (94, 118): 186, (98, 39): 93, (98, 140): 93, (101, 81): 93, (101, 98): 93, (110, 10): 62, (110, 169): 62, (111, 37): 93, (111, 142): 93, (112, 34): 186, (112, 145): 186, (113, 2): 186, (113, 177): 186, (114, 70): 62, (114, 109): 62, (117, 25): 93, (117, 154): 93, (118, 43): 31, (118, 136): 31, (119, 77): 62, (119, 102): 62, (123, 56): 31, (123, 123): 31, (124, 74): 93, (124, 105): 93, (125, 46): 186, (125, 133): 186, (126, 36): 31, (126, 143): 31, (127, 64): 186, (127, 115): 186, (130, 83): 93, (130, 96): 93, (131, 8): 62, (131, 171): 62, (134, 9): 93, (134, 170): 93, (135, 4): 186, (135, 175): 186, (136, 89): 31, (136, 90): 31, (138, 87): 62, (138, 92): 62, (140, 46): 62, (140, 133): 62, (141, 60): 93, (141, 119): 93, (144, 62): 6, (144, 117): 6, (145, 48): 186, (145, 131): 186, (148, 8): 93, (148, 171): 93, (150, 16): 186, (150, 163): 186, (151, 25): 93, (151, 154): 93, (152, 17): 186, (152, 162): 186, (153, 68): 186, (153, 111): 186, (156, 41): 186, (156, 138): 186, (158, 56): 93, (158, 123): 93, (160, 68): 186, (160, 111): 186, (161, 19): 62, (161, 160): 62, (162, 69): 93, (162, 110): 93, (164, 33): 62, (164, 146): 62, (166, 10): 93, (166, 169): 93, (168, 54): 62, (168, 125): 62, (172, 69): 186, (172, 110): 186, (173, 80): 186, (173, 99): 186, (175, 39): 186, (175, 140): 186, (176, 57): 31, (176, 122): 31, (177, 22): 186, (177, 157): 186}
 
181, 189, False, 3, 63
{'infinity': 1, (1, 63): 21, (1, 118): 21, (5, 27): 9, (5, 154): 9, (7, 52): 63, (7, 129): 63, (10, 64): 63, (10, 117): 63, (11, 50): 63, (11, 131): 63, (12, 80): 21, (12, 101): 21, (13, 69): 63, (13, 112): 63, (15, 53): 21, (15, 128): 21, (19, 24): 9, (19, 157): 9, (20, 40): 21, (20, 141): 21, (21, 36): 21, (21, 145): 21, (23, 23): 63, (23, 158): 63, (25, 26): 63, (25, 155): 63, (27, 86): 63, (27, 95): 63, (28, 90): 63, (28, 91): 63, (32, 23): 9, (32, 158): 9, (33, 88): 63, (33, 93): 63, (36, 66): 63, (36, 115): 63, (39, 4): 63, (39, 177): 63, (40, 69): 63, (40, 112): 63, (42, 42): 9, (42, 139): 9, (44, 77): 63, (44, 104): 63, (45, 13): 63, (45, 168): 63, (47, 12): 21, (47, 169): 21, (48, 68): 21, (48, 113): 21, (49, 60): 3, (49, 121): 3, (51, 79): 21, (51, 102): 21, (52, 12): 63, (52, 169): 63, (54, 64): 21, (54, 117): 21, (55, 43): 21, (55, 138): 21, (57, 60): 63, (57, 121): 63, (65, 87): 21, (65, 94): 21, (67, 13): 3, (67, 168): 3, (69, 13): 63, (69, 168): 63, (71, 14): 9, (71, 167): 9, (73, 29): 63, (73, 152): 63, (75, 60): 63, (75, 121): 63, (77, 75): 9, (77, 106): 9, (78, 84): 63, (78, 97): 63, (80, 58): 21, (80, 123): 21, (82, 12): 63, (82, 169): 63, (90, 33): 63, (90, 148): 63, (92, 15): 63, (92, 166): 63, (93, 16): 63, (93, 165): 63, (94, 11): 63, (94, 170): 63, (96, 61): 63, (96, 120): 63, (99, 65): 63, (99, 116): 63, (100, 18): 63, (100, 163): 63, (101, 10): 3, (101, 171): 3, (104, 83): 9, (104, 98): 9, (105, 16): 63, (105, 165): 63, (106, 81): 63, (106, 100): 63, (107, 17): 63, (107, 164): 63, (111, 18): 9, (111, 163): 9, (112, 47): 63, (112, 134): 63, (113, 28): 63, (113, 153): 63, (114, 47): 21, (114, 134): 21, (117, 64): 63, (117, 117): 63, (118, 87): 21, (118, 94): 21, (119, 85): 63, (119, 96): 63, (121, 84): 21, (121, 97): 21, (122, 33): 63, (122, 148): 63, (124, 81): 21, (124, 100): 21, (126, 23): 21, (126, 158): 21, (128, 69): 63, (128, 112): 63, (129, 65): 63, (129, 116): 63, (130, 32): 21, (130, 149): 21, (132, 81): 63, (132, 100): 63, (134, 65): 63, (134, 116): 63, (136, 47): 63, (136, 134): 63, (142, 3): 9, (142, 178): 9, (143, 30): 63, (143, 151): 63, (145, 70): 3, (145, 111): 3, (148, 8): 21, (148, 173): 21, (149, 43): 63, (149, 138): 63, (150, 33): 63, (150, 148): 63, (151, 18): 7, (151, 163): 7, (153, 34): 63, (153, 147): 63, (155, 7): 63, (155, 174): 63, (156, 39): 7, (156, 142): 7, (158, 43): 63, (158, 138): 63, (160, 38): 21, (160, 143): 21, (163, 84): 63, (163, 97): 63, (164, 16): 63, (164, 165): 63, (170, 56): 63, (170, 125): 63, (172, 80): 21, (172, 101): 21, (173, 76): 63, (173, 105): 63, (174, 6): 7, (174, 175): 7, (175, 74): 63, (175, 107): 63, (176, 54): 63, (176, 127): 63, (177, 67): 63, (177, 114): 63, (178, 80): 21, (178, 101): 21, (179, 87): 21, (179, 94): 21, (180, 20): 21, (180, 161): 21}
 
191, 180, True, 12, 15
{'infinity': 1, (0, 78): 36, (0, 113): 36, (4, 78): 180, (4, 113): 180, (5, 50): 180, (5, 141): 180, (6, 61): 30, (6, 130): 30, (7, 48): 180, (7, 143): 180, (10, 95): 5, (10, 96): 5, (11, 73): 15, (11, 118): 15, (13, 54): 60, (13, 137): 60, (14, 3): 45, (14, 188): 45, (15, 54): 10, (15, 137): 10, (20, 48): 60, (20, 143): 60, (23, 87): 60, (23, 104): 60, (25, 47): 18, (25, 144): 18, (26, 18): 36, (26, 173): 36, (30, 33): 90, (30, 158): 90, (33, 76): 180, (33, 115): 180, (34, 36): 5, (34, 155): 5, (39, 52): 30, (39, 139): 30, (41, 94): 45, (41, 97): 45, (44, 52): 90, (44, 139): 90, (45, 15): 60, (45, 176): 60, (46, 58): 20, (46, 133): 20, (48, 60): 180, (48, 131): 180, (49, 30): 36, (49, 161): 36, (51, 50): 9, (51, 141): 9, (56, 51): 4, (56, 140): 4, (57, 79): 180, (57, 112): 180, (58, 10): 6, (58, 181): 6, (61, 62): 90, (61, 129): 90, (62, 75): 180, (62, 116): 180, (63, 86): 36, (63, 105): 36, (65, 42): 45, (65, 149): 45, (66, 26): 180, (66, 165): 180, (69, 24): 20, (69, 167): 20, (70, 41): 180, (70, 150): 180, (71, 36): 180, (71, 155): 180, (72, 0): 2, (75, 16): 45, (75, 175): 45, (77, 87): 45, (77, 104): 45, (78, 13): 18, (78, 178): 18, (80, 63): 15, (80, 128): 15, (81, 61): 3, (81, 130): 3, (85, 3): 90, (85, 188): 90, (86, 36): 36, (86, 155): 36, (87, 59): 45, (87, 132): 45, (89, 8): 90, (89, 183): 90, (90, 83): 90, (90, 108): 90, (91, 87): 180, (91, 104): 180, (92, 3): 90, (92, 188): 90, (93, 91): 180, (93, 100): 180, (95, 23): 9, (95, 168): 9, (97, 65): 18, (97, 126): 18, (98, 81): 45, (98, 110): 45, (100, 46): 12, (100, 145): 12, (103, 21): 60, (103, 170): 60, (104, 61): 30, (104, 130): 30, (108, 52): 45, (108, 139): 45, (110, 59): 180, (110, 132): 180, (111, 69): 10, (111, 122): 10, (114, 46): 20, (114, 145): 20, (119, 53): 36, (119, 138): 36, (123, 21): 45, (123, 170): 45, (125, 37): 180, (125, 154): 180, (126, 89): 15, (126, 102): 15, (129, 7): 180, (129, 184): 180, (132, 17): 45, (132, 174): 45, (134, 31): 180, (134, 160): 180, (135, 50): 180, (135, 141): 180, (139, 77): 45, (139, 114): 45, (140, 51): 90, (140, 140): 90, (145, 20): 180, (145, 171): 180, (148, 6): 180, (148, 185): 180, (150, 64): 90, (150, 127): 90, (151, 62): 9, (151, 129): 9, (154, 12): 180, (154, 179): 180, (156, 21): 180, (156, 170): 180, (161, 1): 180, (161, 190): 180, (163, 54): 12, (163, 137): 12, (164, 48): 90, (164, 143): 90, (165, 57): 20, (165, 134): 20, (166, 72): 180, (166, 119): 180, (168, 46): 30, (168, 145): 30, (170, 62): 90, (170, 129): 90, (172, 22): 45, (172, 169): 45, (173, 85): 60, (173, 106): 60, (180, 66): 15, (180, 125): 15, (185, 59): 60, (185, 132): 60, (186, 51): 180, (186, 140): 180, (187, 78): 90, (187, 113): 90, (188, 39): 60, (188, 152): 60}
 
193, 213, True, 3, 71
{'infinity': 1, (0, 44): 213, (0, 149): 213, (1, 19): 213, (1, 174): 213, (2, 23): 71, (2, 170): 71, (3, 55): 213, (3, 138): 213, (8, 29): 213, (8, 164): 213, (10, 53): 71, (10, 140): 71, (12, 81): 71, (12, 112): 71, (13, 67): 213, (13, 126): 213, (14, 76): 71, (14, 117): 71, (15, 44): 71, (15, 149): 71, (17, 69): 213, (17, 124): 213, (19, 9): 213, (19, 184): 213, (20, 15): 213, (20, 178): 213, (22, 53): 71, (22, 140): 71, (23, 67): 213, (23, 126): 213, (24, 18): 213, (24, 175): 213, (28, 5): 71, (28, 188): 71, (30, 50): 71, (30, 143): 71, (31, 56): 71, (31, 137): 71, (32, 22): 213, (32, 171): 213, (33, 95): 213, (33, 98): 213, (34, 89): 213, (34, 104): 213, (37, 35): 71, (37, 158): 71, (38, 89): 213, (38, 104): 213, (39, 62): 71, (39, 131): 71, (40, 1): 71, (40, 192): 71, (41, 79): 213, (41, 114): 213, (43, 92): 213, (43, 101): 213, (45, 77): 71, (45, 116): 71, (53, 11): 213, (53, 182): 213, (54, 50): 213, (54, 143): 213, (55, 68): 213, (55, 125): 213, (56, 55): 213, (56, 138): 213, (57, 5): 213, (57, 188): 213, (58, 29): 71, (58, 164): 71, (59, 70): 213, (59, 123): 213, (60, 7): 213, (60, 186): 213, (61, 24): 213, (61, 169): 213, (62, 73): 213, (62, 120): 213, (63, 15): 213, (63, 178): 213, (64, 18): 213, (64, 175): 213, (67, 61): 71, (67, 132): 71, (68, 48): 213, (68, 145): 213, (69, 41): 213, (69, 152): 213, (70, 11): 213, (70, 182): 213, (71, 77): 71, (71, 116): 71, (72, 2): 213, (72, 191): 213, (73, 84): 213, (73, 109): 213, (75, 51): 213, (75, 142): 213, (76, 62): 213, (76, 131): 213, (77, 77): 71, (77, 116): 71, (78, 62): 213, (78, 131): 213, (84, 54): 213, (84, 139): 213, (89, 46): 71, (89, 147): 71, (92, 58): 71, (92, 135): 71, (94, 34): 213, (94, 159): 213, (96, 25): 213, (96, 168): 213, (99, 20): 213, (99, 173): 213, (103, 96): 213, (103, 97): 213, (105, 18): 71, (105, 175): 71, (106, 78): 213, (106, 115): 213, (107, 30): 213, (107, 163): 213, (108, 5): 213, (108, 188): 213, (109, 50): 213, (109, 143): 213, (110, 15): 71, (110, 178): 71, (112, 39): 213, (112, 154): 213, (113, 47): 213, (113, 146): 213, (114, 78): 71, (114, 115): 71, (115, 75): 213, (115, 118): 213, (117, 75): 213, (117, 118): 213, (119, 83): 213, (119, 110): 213, (120, 26): 71, (120, 167): 71, (121, 89): 213, (121, 104): 213, (123, 85): 71, (123, 108): 71, (125, 88): 71, (125, 105): 71, (126, 94): 213, (126, 99): 213, (127, 29): 213, (127, 164): 213, (128, 39): 213, (128, 154): 213, (134, 55): 213, (134, 138): 213, (137, 70): 213, (137, 123): 213, (139, 54): 213, (139, 139): 213, (140, 85): 71, (140, 108): 71, (143, 60): 213, (143, 133): 213, (146, 39): 213, (146, 154): 213, (147, 16): 213, (147, 177): 213, (149, 68): 213, (149, 125): 213, (151, 71): 213, (151, 122): 213, (154, 75): 213, (154, 118): 213, (155, 2): 213, (155, 191): 213, (156, 36): 213, (156, 157): 213, (157, 67): 3, (157, 126): 3, (159, 2): 71, (159, 191): 71, (161, 53): 71, (161, 140): 71, (162, 93): 213, (162, 100): 213, (163, 54): 71, (163, 139): 71, (166, 78): 213, (166, 115): 213, (168, 87): 71, (168, 106): 71, (171, 22): 213, (171, 171): 213, (174, 33): 71, (174, 160): 71, (178, 44): 213, (178, 149): 213, (182, 68): 71, (182, 125): 71, (183, 22): 71, (183, 171): 71, (184, 12): 213, (184, 181): 213, (187, 91): 71, (187, 102): 71, (190, 70): 71, (190, 123): 71, (191, 86): 213, (191, 107): 213}
 
197, 222, True, 6, 37
{'infinity': 1, (2, 61): 111, (2, 136): 111, (5, 10): 74, (5, 187): 74, (6, 18): 37, (6, 179): 37, (7, 92): 6, (7, 105): 6, (9, 60): 222, (9, 137): 222, (10, 8): 37, (10, 189): 37, (11, 79): 37, (11, 118): 37, (14, 31): 111, (14, 166): 111, (19, 15): 111, (19, 182): 111, (21, 23): 222, (21, 174): 222, (23, 67): 222, (23, 130): 222, (24, 70): 37, (24, 127): 37, (25, 50): 111, (25, 147): 111, (26, 29): 222, (26, 168): 222, (28, 19): 111, (28, 178): 111, (29, 31): 37, (29, 166): 37, (33, 32): 222, (33, 165): 222, (34, 92): 111, (34, 105): 111, (38, 50): 111, (38, 147): 111, (41, 20): 74, (41, 177): 74, (43, 90): 37, (43, 107): 37, (46, 18): 111, (46, 179): 111, (47, 7): 111, (47, 190): 111, (49, 96): 111, (49, 101): 111, (53, 0): 2, (55, 25): 222, (55, 172): 222, (57, 3): 111, (57, 194): 111, (61, 34): 74, (61, 163): 74, (62, 15): 37, (62, 182): 37, (63, 81): 37, (63, 116): 37, (64, 43): 222, (64, 154): 222, (67, 65): 74, (67, 132): 74, (68, 10): 111, (68, 187): 111, (70, 70): 222, (70, 127): 222, (71, 21): 222, (71, 176): 222, (73, 80): 222, (73, 117): 222, (74, 26): 222, (74, 171): 222, (76, 66): 111, (76, 131): 111, (78, 73): 111, (78, 124): 111, (79, 30): 111, (79, 167): 111, (80, 57): 222, (80, 140): 222, (81, 94): 111, (81, 103): 111, (82, 79): 111, (82, 118): 111, (83, 1): 74, (83, 196): 74, (84, 13): 74, (84, 184): 74, (85, 29): 222, (85, 168): 222, (86, 29): 111, (86, 168): 111, (87, 61): 111, (87, 136): 111, (91, 69): 222, (91, 128): 222, (93, 72): 111, (93, 125): 111, (94, 40): 37, (94, 157): 37, (95, 64): 37, (95, 133): 37, (96, 55): 111, (96, 142): 111, (102, 51): 111, (102, 146): 111, (103, 70): 222, (103, 127): 222, (104, 79): 111, (104, 118): 111, (106, 44): 111, (106, 153): 111, (108, 61): 111, (108, 136): 111, (111, 52): 74, (111, 145): 74, (112, 52): 111, (112, 145): 111, (115, 72): 111, (115, 125): 111, (116, 15): 111, (116, 182): 111, (121, 78): 74, (121, 119): 74, (124, 10): 222, (124, 187): 222, (127, 40): 74, (127, 157): 74, (128, 55): 222, (128, 142): 222, (129, 80): 111, (129, 117): 111, (131, 30): 222, (131, 167): 222, (132, 36): 222, (132, 161): 222, (134, 50): 37, (134, 147): 37, (135, 94): 222, (135, 103): 222, (136, 5): 37, (136, 192): 37, (137, 86): 222, (137, 111): 222, (138, 82): 37, (138, 115): 37, (139, 24): 222, (139, 173): 222, (140, 37): 74, (140, 160): 74, (141, 21): 3, (141, 176): 3, (143, 12): 111, (143, 185): 111, (144, 14): 222, (144, 183): 222, (145, 18): 111, (145, 179): 111, (148, 47): 222, (148, 150): 222, (152, 75): 222, (152, 122): 222, (153, 43): 37, (153, 154): 37, (154, 31): 111, (154, 166): 111, (156, 92): 74, (156, 105): 74, (159, 81): 222, (159, 116): 222, (163, 20): 74, (163, 177): 74, (164, 74): 222, (164, 123): 222, (167, 49): 111, (167, 148): 111, (168, 90): 74, (168, 107): 74, (170, 55): 222, (170, 142): 222, (171, 52): 222, (171, 145): 222, (172, 81): 222, (172, 116): 222, (173, 40): 74, (173, 157): 74, (174, 89): 37, (174, 108): 37, (176, 88): 222, (176, 109): 222, (177, 43): 222, (177, 154): 222, (178, 94): 74, (178, 103): 74, (179, 46): 74, (179, 151): 74, (180, 4): 111, (180, 193): 111, (181, 93): 222, (181, 104): 222, (182, 21): 74, (182, 176): 74, (183, 90): 74, (183, 107): 74, (184, 30): 222, (184, 167): 222, (186, 72): 37, (186, 125): 37, (187, 59): 37, (187, 138): 37, (188, 39): 111, (188, 158): 111, (190, 20): 37, (190, 177): 37, (192, 80): 222, (192, 117): 222, (193, 68): 222, (193, 129): 222, (196, 84): 111, (196, 113): 111}
 
199, 195, True, 3, 65
{'infinity': 1, (2, 2): 195, (2, 197): 195, (5, 94): 195, (5, 105): 195, (6, 84): 195, (6, 115): 195, (8, 25): 195, (8, 174): 195, (9, 31): 195, (9, 168): 195, (10, 82): 65, (10, 117): 65, (11, 72): 195, (11, 127): 195, (12, 39): 195, (12, 160): 195, (14, 63): 195, (14, 136): 195, (19, 91): 195, (19, 108): 195, (20, 63): 195, (20, 136): 195, (21, 37): 5, (21, 162): 5, (22, 41): 65, (22, 158): 65, (25, 99): 13, (25, 100): 13, (26, 54): 39, (26, 145): 39, (30, 94): 195, (30, 105): 195, (31, 76): 195, (31, 123): 195, (32, 64): 195, (32, 135): 195, (34, 70): 15, (34, 129): 15, (35, 86): 195, (35, 113): 195, (37, 41): 65, (37, 158): 65, (38, 7): 195, (38, 192): 195, (40, 96): 39, (40, 103): 39, (42, 55): 195, (42, 144): 195, (44, 35): 65, (44, 164): 65, (45, 11): 65, (45, 188): 65, (47, 91): 5, (47, 108): 5, (48, 29): 15, (48, 170): 15, (49, 16): 195, (49, 183): 195, (52, 17): 65, (52, 182): 65, (54, 95): 65, (54, 104): 65, (55, 44): 195, (55, 155): 195, (60, 60): 195, (60, 139): 195, (64, 79): 65, (64, 120): 65, (70, 98): 13, (70, 101): 13, (71, 82): 65, (71, 117): 65, (72, 84): 39, (72, 115): 39, (75, 11): 39, (75, 188): 39, (76, 25): 195, (76, 174): 195, (79, 11): 195, (79, 188): 195, (81, 73): 13, (81, 126): 13, (82, 36): 195, (82, 163): 195, (86, 33): 195, (86, 166): 195, (88, 66): 195, (88, 133): 195, (89, 50): 65, (89, 149): 65, (92, 89): 195, (92, 110): 195, (95, 20): 195, (95, 179): 195, (96, 47): 195, (96, 152): 195, (101, 78): 195, (101, 121): 195, (104, 67): 39, (104, 132): 39, (106, 45): 39, (106, 154): 39, (108, 48): 195, (108, 151): 195, (110, 1): 39, (110, 198): 39, (112, 61): 39, (112, 138): 39, (115, 25): 65, (115, 174): 65, (116, 13): 195, (116, 186): 195, (118, 82): 65, (118, 117): 65, (119, 4): 195, (119, 195): 195, (121, 84): 65, (121, 115): 65, (125, 65): 195, (125, 134): 195, (128, 73): 65, (128, 126): 65, (129, 85): 195, (129, 114): 195, (130, 12): 195, (130, 187): 195, (133, 91): 195, (133, 108): 195, (134, 66): 65, (134, 133): 65, (137, 4): 65, (137, 195): 65, (138, 61): 65, (138, 138): 65, (140, 41): 13, (140, 158): 13, (142, 4): 39, (142, 195): 39, (143, 89): 65, (143, 110): 65, (145, 21): 195, (145, 178): 195, (147, 53): 65, (147, 146): 65, (148, 61): 195, (148, 138): 195, (150, 97): 195, (150, 102): 195, (159, 38): 195, (159, 161): 195, (161, 8): 195, (161, 191): 195, (163, 89): 3, (163, 110): 3, (164, 94): 195, (164, 105): 195, (165, 63): 13, (165, 136): 13, (166, 93): 195, (166, 106): 195, (167, 14): 15, (167, 185): 15, (169, 86): 65, (169, 113): 65, (171, 44): 195, (171, 155): 195, (172, 44): 65, (172, 155): 65, (173, 88): 195, (173, 111): 195, (174, 62): 195, (174, 137): 195, (176, 66): 15, (176, 133): 15, (179, 70): 39, (179, 129): 39, (183, 46): 39, (183, 153): 39, (185, 70): 65, (185, 129): 65, (186, 81): 195, (186, 118): 195, (187, 69): 195, (187, 130): 195, (188, 74): 65, (188, 125): 65, (189, 73): 65, (189, 126): 65, (194, 86): 39, (194, 113): 39, (195, 51): 13, (195, 148): 13, (198, 6): 195, (198, 193): 195}
 
211, 195, True, 3, 65
{'infinity': 1, (2, 31): 13, (2, 180): 13, (3, 63): 39, (3, 148): 39, (6, 26): 195, (6, 185): 195, (10, 40): 65, (10, 171): 65, (16, 105): 195, (16, 106): 195, (18, 63): 195, (18, 148): 195, (19, 38): 195, (19, 173): 195, (24, 12): 195, (24, 199): 195, (25, 9): 15, (25, 202): 15, (28, 82): 39, (28, 129): 39, (29, 40): 195, (29, 171): 195, (31, 98): 195, (31, 113): 195, (34, 77): 195, (34, 134): 195, (36, 67): 195, (36, 144): 195, (37, 9): 5, (37, 202): 5, (42, 103): 195, (42, 108): 195, (48, 103): 39, (48, 108): 39, (49, 71): 195, (49, 140): 195, (50, 20): 195, (50, 191): 195, (53, 31): 195, (53, 180): 195, (55, 52): 195, (55, 159): 195, (57, 80): 65, (57, 131): 65, (58, 23): 195, (58, 188): 195, (59, 80): 39, (59, 131): 39, (60, 78): 195, (60, 133): 195, (61, 3): 65, (61, 208): 65, (62, 29): 5, (62, 182): 5, (65, 23): 195, (65, 188): 195, (67, 28): 13, (67, 183): 13, (70, 90): 195, (70, 121): 195, (71, 70): 195, (71, 141): 195, (72, 4): 65, (72, 207): 65, (74, 74): 195, (74, 137): 195, (76, 91): 195, (76, 120): 195, (79, 41): 65, (79, 170): 65, (83, 38): 65, (83, 173): 65, (84, 36): 195, (84, 175): 195, (88, 23): 195, (88, 188): 195, (90, 21): 65, (90, 190): 65, (93, 24): 195, (93, 187): 195, (95, 80): 15, (95, 131): 15, (96, 6): 195, (96, 205): 195, (98, 15): 195, (98, 196): 195, (106, 100): 39, (106, 111): 39, (109, 38): 39, (109, 173): 39, (110, 37): 195, (110, 174): 195, (111, 104): 195, (111, 107): 195, (113, 8): 195, (113, 203): 195, (117, 44): 195, (117, 167): 195, (121, 103): 195, (121, 108): 195, (122, 55): 13, (122, 156): 13, (123, 56): 195, (123, 155): 195, (126, 89): 195, (126, 122): 195, (131, 76): 65, (131, 135): 65, (136, 55): 65, (136, 156): 65, (138, 100): 195, (138, 111): 195, (139, 22): 65, (139, 189): 65, (146, 56): 195, (146, 155): 195, (148, 96): 65, (148, 115): 65, (149, 9): 15, (149, 202): 15, (150, 51): 195, (150, 160): 195, (151, 18): 65, (151, 193): 65, (153, 56): 65, (153, 155): 65, (155, 97): 195, (155, 114): 195, (156, 31): 195, (156, 180): 195, (157, 74): 65, (157, 137): 65, (158, 52): 65, (158, 159): 65, (159, 6): 39, (159, 205): 39, (161, 10): 39, (161, 201): 39, (162, 34): 195, (162, 177): 195, (163, 21): 13, (163, 190): 13, (164, 55): 65, (164, 156): 65, (165, 91): 195, (165, 120): 195, (166, 50): 13, (166, 161): 13, (167, 6): 195, (167, 205): 195, (168, 85): 195, (168, 126): 195, (169, 21): 65, (169, 190): 65, (171, 7): 65, (171, 204): 65, (172, 40): 195, (172, 171): 195, (174, 29): 65, (174, 182): 65, (175, 81): 3, (175, 130): 3, (178, 100): 195, (178, 111): 195, (179, 79): 65, (179, 132): 65, (180, 32): 39, (180, 179): 39, (181, 91): 39, (181, 120): 39, (185, 11): 65, (185, 200): 65, (186, 29): 13, (186, 182): 13, (190, 63): 65, (190, 148): 65, (191, 74): 195, (191, 137): 195, (195, 5): 195, (195, 206): 195, (196, 88): 65, (196, 123): 65, (199, 1): 39, (199, 210): 39, (200, 86): 65, (200, 125): 65, (204, 57): 15, (204, 154): 15, (206, 43): 195, (206, 168): 195, (207, 62): 195, (207, 149): 195, (209, 52): 39, (209, 159): 39}
 
223, 240, False, 6, 40
{'infinity': 1, (0, 19): 20, (0, 204): 20, (3, 45): 120, (3, 178): 120, (5, 45): 120, (5, 178): 120, (6, 27): 24, (6, 196): 24, (7, 19): 24, (7, 204): 24, (9, 42): 120, (9, 181): 120, (10, 47): 10, (10, 176): 10, (11, 22): 120, (11, 201): 120, (16, 95): 8, (16, 128): 8, (21, 66): 120, (21, 157): 120, (22, 66): 40, (22, 157): 40, (23, 52): 10, (23, 171): 10, (25, 97): 60, (25, 126): 60, (27, 99): 15, (27, 124): 15, (28, 47): 120, (28, 176): 120, (31, 85): 30, (31, 138): 30, (33, 89): 40, (33, 134): 40, (34, 85): 40, (34, 138): 40, (35, 97): 120, (35, 126): 120, (38, 48): 40, (38, 175): 40, (42, 94): 40, (42, 129): 40, (44, 87): 20, (44, 136): 20, (45, 9): 5, (45, 214): 5, (48, 0): 2, (50, 22): 10, (50, 201): 10, (51, 110): 6, (51, 113): 6, (53, 24): 40, (53, 199): 40, (55, 59): 120, (55, 164): 120, (57, 74): 120, (57, 149): 120, (61, 98): 30, (61, 125): 30, (63, 56): 120, (63, 167): 120, (67, 59): 40, (67, 164): 40, (68, 61): 60, (68, 162): 60, (69, 32): 120, (69, 191): 120, (71, 0): 2, (72, 74): 30, (72, 149): 30, (75, 92): 60, (75, 131): 60, (76, 81): 40, (76, 142): 40, (78, 28): 15, (78, 195): 15, (80, 1): 30, (80, 222): 30, (83, 10): 8, (83, 213): 8, (88, 50): 60, (88, 173): 60, (90, 76): 30, (90, 147): 30, (92, 109): 120, (92, 114): 120, (93, 86): 120, (93, 137): 120, (94, 74): 40, (94, 149): 40, (95, 38): 120, (95, 185): 120, (96, 99): 4, (96, 124): 4, (97, 15): 120, (97, 208): 120, (100, 99): 60, (100, 124): 60, (101, 59): 60, (101, 164): 60, (102, 79): 30, (102, 144): 30, (104, 0): 2, (107, 103): 6, (107, 120): 6, (108, 39): 10, (108, 184): 10, (109, 70): 12, (109, 153): 12, (112, 91): 4, (112, 132): 4, (116, 51): 120, (116, 172): 120, (117, 26): 24, (117, 197): 24, (119, 62): 120, (119, 161): 120, (120, 67): 5, (120, 156): 5, (121, 111): 20, (121, 112): 20, (123, 8): 120, (123, 215): 120, (127, 8): 60, (127, 215): 60, (129, 44): 15, (129, 179): 15, (130, 4): 120, (130, 219): 120, (132, 23): 40, (132, 200): 40, (134, 14): 20, (134, 209): 20, (137, 72): 60, (137, 151): 60, (138, 23): 120, (138, 200): 120, (139, 50): 10, (139, 173): 10, (141, 91): 24, (141, 132): 24, (144, 3): 30, (144, 220): 30, (146, 108): 120, (146, 115): 120, (148, 78): 120, (148, 145): 120, (151, 44): 40, (151, 179): 40, (152, 62): 30, (152, 161): 30, (153, 33): 30, (153, 190): 30, (154, 12): 60, (154, 211): 60, (157, 76): 60, (157, 147): 60, (158, 85): 24, (158, 138): 24, (159, 16): 120, (159, 207): 120, (160, 40): 60, (160, 183): 60, (162, 22): 120, (162, 201): 120, (163, 97): 24, (163, 126): 24, (165, 81): 10, (165, 142): 10, (166, 44): 24, (166, 179): 24, (169, 64): 30, (169, 159): 30, (170, 102): 40, (170, 121): 40, (171, 28): 60, (171, 195): 60, (172, 21): 20, (172, 202): 20, (173, 98): 120, (173, 125): 120, (174, 36): 8, (174, 187): 8, (175, 62): 8, (175, 161): 8, (176, 23): 15, (176, 200): 15, (179, 17): 40, (179, 206): 40, (180, 66): 6, (180, 157): 6, (182, 55): 120, (182, 168): 120, (184, 34): 120, (184, 189): 120, (185, 47): 120, (185, 176): 120, (186, 71): 12, (186, 152): 12, (187, 31): 3, (187, 192): 3, (193, 91): 24, (193, 132): 24, (194, 94): 120, (194, 129): 120, (195, 48): 30, (195, 175): 30, (196, 8): 120, (196, 215): 120, (197, 28): 20, (197, 195): 20, (199, 76): 60, (199, 147): 60, (200, 5): 40, (200, 218): 40, (203, 37): 20, (203, 186): 20, (204, 30): 30, (204, 193): 30, (205, 81): 40, (205, 142): 40, (206, 90): 12, (206, 133): 12, (207, 49): 20, (207, 174): 20, (210, 94): 60, (210, 129): 60, (212, 98): 40, (212, 125): 40, (213, 48): 120, (213, 175): 120, (214, 96): 60, (214, 127): 60, (215, 45): 60, (215, 178): 60, (216, 19): 120, (216, 204): 120, (219, 50): 12, (219, 173): 12}
 
227, 234, True, 9, 26
{'infinity': 1, (0, 30): 234, (0, 197): 234, (2, 46): 234, (2, 181): 234, (5, 58): 234, (5, 169): 234, (7, 93): 234, (7, 134): 234, (9, 74): 39, (9, 153): 39, (10, 26): 39, (10, 201): 39, (13, 31): 234, (13, 196): 234, (14, 110): 78, (14, 117): 78, (15, 13): 39, (15, 214): 39, (16, 86): 13, (16, 141): 13, (19, 103): 78, (19, 124): 78, (23, 20): 234, (23, 207): 234, (29, 105): 234, (29, 122): 234, (30, 47): 117, (30, 180): 117, (33, 84): 234, (33, 143): 234, (34, 49): 117, (34, 178): 117, (36, 92): 234, (36, 135): 234, (38, 78): 9, (38, 149): 9, (39, 100): 117, (39, 127): 117, (40, 59): 78, (40, 168): 78, (45, 22): 39, (45, 205): 39, (47, 61): 78, (47, 166): 78, (49, 82): 234, (49, 145): 234, (51, 37): 234, (51, 190): 234, (52, 13): 117, (52, 214): 117, (53, 102): 18, (53, 125): 18, (54, 46): 13, (54, 181): 13, (57, 51): 234, (57, 176): 234, (58, 56): 117, (58, 171): 117, (59, 29): 117, (59, 198): 117, (61, 66): 117, (61, 161): 117, (62, 72): 117, (62, 155): 117, (63, 74): 117, (63, 153): 117, (69, 103): 234, (69, 124): 234, (70, 31): 39, (70, 196): 39, (71, 86): 117, (71, 141): 117, (73, 62): 78, (73, 165): 78, (74, 15): 39, (74, 212): 39, (75, 1): 6, (75, 226): 6, (76, 0): 2, (77, 1): 3, (77, 226): 3, (78, 64): 234, (78, 163): 234, (79, 43): 117, (79, 184): 117, (80, 59): 39, (80, 168): 39, (82, 84): 18, (82, 143): 18, (85, 44): 117, (85, 183): 117, (86, 78): 117, (86, 149): 117, (87, 83): 39, (87, 144): 39, (88, 80): 117, (88, 147): 117, (92, 93): 117, (92, 134): 117, (94, 3): 234, (94, 224): 234, (97, 104): 9, (97, 123): 9, (98, 21): 78, (98, 206): 78, (99, 85): 13, (99, 142): 13, (100, 23): 234, (100, 204): 234, (101, 73): 117, (101, 154): 117, (103, 78): 13, (103, 149): 13, (105, 2): 117, (105, 225): 117, (106, 67): 117, (106, 160): 117, (107, 59): 26, (107, 168): 26, (109, 30): 117, (109, 197): 117, (111, 77): 234, (111, 150): 234, (112, 84): 117, (112, 143): 117, (114, 45): 78, (114, 182): 78, (115, 54): 234, (115, 173): 234, (118, 30): 26, (118, 197): 26, (119, 71): 117, (119, 156): 117, (122, 52): 78, (122, 175): 78, (123, 89): 39, (123, 138): 39, (124, 16): 117, (124, 211): 117, (126, 28): 26, (126, 199): 26, (127, 96): 234, (127, 131): 234, (128, 93): 234, (128, 134): 234, (130, 8): 18, (130, 219): 18, (131, 50): 234, (131, 177): 234, (132, 71): 234, (132, 156): 234, (135, 85): 13, (135, 142): 13, (137, 3): 78, (137, 224): 78, (139, 103): 117, (139, 124): 117, (140, 86): 117, (140, 141): 117, (141, 16): 117, (141, 211): 117, (143, 18): 78, (143, 209): 78, (144, 31): 234, (144, 196): 234, (145, 54): 117, (145, 173): 117, (150, 94): 39, (150, 133): 39, (152, 94): 39, (152, 133): 39, (153, 101): 117, (153, 126): 117, (155, 74): 9, (155, 153): 9, (156, 83): 234, (156, 144): 234, (158, 80): 39, (158, 147): 39, (160, 13): 117, (160, 214): 117, (162, 27): 78, (162, 200): 78, (165, 34): 117, (165, 193): 117, (167, 67): 234, (167, 160): 234, (169, 88): 26, (169, 139): 26, (171, 46): 234, (171, 181): 234, (178, 98): 117, (178, 129): 117, (180, 24): 117, (180, 203): 117, (181, 67): 234, (181, 160): 234, (182, 33): 234, (182, 194): 234, (185, 102): 117, (185, 125): 117, (189, 16): 117, (189, 211): 117, (190, 53): 78, (190, 174): 78, (194, 54): 234, (194, 173): 234, (198, 38): 117, (198, 189): 117, (199, 95): 234, (199, 132): 234, (201, 9): 234, (201, 218): 234, (202, 65): 234, (202, 162): 234, (203, 71): 234, (203, 156): 234, (208, 80): 117, (208, 147): 117, (211, 83): 234, (211, 144): 234, (216, 102): 26, (216, 125): 26, (220, 85): 13, (220, 142): 13, (221, 40): 234, (221, 187): 234, (222, 5): 234, (222, 222): 234, (223, 3): 117, (223, 224): 117, (224, 14): 26, (224, 213): 26}
 
229, 240, False, 12, 20
{'infinity': 1, (0, 29): 6, (0, 200): 6, (1, 8): 30, (1, 221): 30, (2, 74): 60, (2, 155): 60, (4, 82): 120, (4, 147): 120, (5, 104): 60, (5, 125): 60, (6, 104): 30, (6, 125): 30, (8, 25): 120, (8, 204): 120, (9, 8): 10, (9, 221): 10, (10, 106): 40, (10, 123): 40, (11, 22): 120, (11, 207): 120, (12, 65): 120, (12, 164): 120, (15, 65): 5, (15, 164): 5, (16, 59): 60, (16, 170): 60, (17, 90): 40, (17, 139): 40, (18, 40): 120, (18, 189): 120, (19, 43): 120, (19, 186): 120, (20, 36): 60, (20, 193): 60, (21, 93): 10, (21, 136): 10, (29, 81): 120, (29, 148): 120, (32, 34): 120, (32, 195): 120, (37, 91): 8, (37, 138): 8, (38, 57): 120, (38, 172): 120, (39, 55): 15, (39, 174): 15, (40, 79): 15, (40, 150): 15, (43, 112): 120, (43, 117): 120, (47, 90): 120, (47, 139): 120, (49, 26): 4, (49, 203): 4, (51, 100): 24, (51, 129): 24, (52, 2): 8, (52, 227): 8, (53, 25): 5, (53, 204): 5, (58, 39): 120, (58, 190): 120, (60, 48): 24, (60, 181): 24, (62, 93): 120, (62, 136): 120, (63, 101): 20, (63, 128): 20, (66, 64): 30, (66, 165): 30, (67, 28): 40, (67, 201): 40, (69, 69): 120, (69, 160): 120, (70, 29): 4, (70, 200): 4, (74, 111): 60, (74, 118): 60, (75, 16): 60, (75, 213): 60, (76, 70): 120, (76, 159): 120, (77, 100): 60, (77, 129): 60, (80, 58): 20, (80, 171): 20, (81, 57): 120, (81, 172): 120, (82, 52): 24, (82, 177): 24, (83, 19): 60, (83, 210): 60, (87, 36): 120, (87, 193): 120, (88, 75): 120, (88, 154): 120, (91, 7): 20, (91, 222): 20, (93, 68): 30, (93, 161): 30, (95, 50): 120, (95, 179): 120, (96, 0): 2, (98, 13): 60, (98, 216): 60, (100, 20): 120, (100, 209): 120, (101, 100): 40, (101, 129): 40, (104, 18): 60, (104, 211): 60, (110, 57): 60, (110, 172): 60, (111, 114): 120, (111, 115): 120, (112, 76): 12, (112, 153): 12, (113, 12): 10, (113, 217): 10, (114, 107): 10, (114, 122): 10, (115, 35): 120, (115, 194): 120, (119, 6): 30, (119, 223): 30, (120, 110): 40, (120, 119): 40, (122, 36): 40, (122, 193): 40, (124, 53): 24, (124, 176): 24, (125, 30): 6, (125, 199): 6, (127, 5): 120, (127, 224): 120, (132, 20): 30, (132, 209): 30, (135, 66): 24, (135, 163): 24, (143, 23): 40, (143, 206): 40, (146, 93): 120, (146, 136): 120, (148, 6): 60, (148, 223): 60, (153, 80): 40, (153, 149): 40, (156, 50): 24, (156, 179): 24, (159, 29): 12, (159, 200): 12, (161, 12): 120, (161, 217): 120, (164, 53): 120, (164, 176): 120, (165, 90): 30, (165, 139): 30, (166, 99): 40, (166, 130): 40, (167, 19): 40, (167, 210): 40, (168, 25): 120, (168, 204): 120, (170, 53): 20, (170, 176): 20, (171, 42): 20, (171, 187): 20, (174, 0): 2, (175, 24): 30, (175, 205): 30, (177, 103): 30, (177, 126): 30, (179, 58): 15, (179, 171): 15, (181, 84): 120, (181, 145): 120, (184, 12): 120, (184, 217): 120, (186, 78): 60, (186, 151): 60, (188, 0): 2, (191, 6): 60, (191, 223): 60, (192, 27): 8, (192, 202): 8, (193, 46): 3, (193, 183): 3, (194, 9): 10, (194, 220): 10, (195, 85): 40, (195, 144): 40, (196, 14): 40, (196, 215): 40, (197, 86): 40, (197, 143): 40, (199, 58): 12, (199, 171): 12, (200, 56): 15, (200, 173): 15, (201, 98): 12, (201, 131): 12, (202, 65): 24, (202, 164): 24, (203, 79): 40, (203, 150): 40, (205, 45): 24, (205, 184): 24, (207, 50): 60, (207, 179): 60, (208, 19): 120, (208, 210): 120, (210, 73): 20, (210, 156): 20, (211, 51): 10, (211, 178): 10, (213, 105): 120, (213, 124): 120, (215, 79): 120, (215, 150): 120, (216, 96): 60, (216, 133): 60, (218, 104): 20, (218, 125): 20, (219, 8): 30, (219, 221): 30, (220, 106): 20, (220, 123): 20, (223, 22): 30, (223, 207): 30, (224, 22): 40, (224, 207): 40, (225, 15): 6, (225, 214): 6, (226, 20): 40, (226, 209): 40, (227, 102): 30, (227, 127): 30, (228, 106): 8, (228, 123): 8}
 
233, 258, True, 6, 43
{'infinity': 1, (0, 6): 129, (0, 227): 129, (5, 107): 43, (5, 126): 43, (6, 2): 129, (6, 231): 129, (8, 67): 86, (8, 166): 86, (11, 72): 129, (11, 161): 129, (13, 57): 258, (13, 176): 258, (14, 101): 258, (14, 132): 258, (16, 36): 258, (16, 197): 258, (18, 109): 86, (18, 124): 86, (19, 48): 258, (19, 185): 258, (20, 8): 43, (20, 225): 43, (22, 12): 86, (22, 221): 86, (25, 77): 129, (25, 156): 129, (26, 44): 129, (26, 189): 129, (27, 14): 258, (27, 219): 258, (28, 4): 258, (28, 229): 258, (29, 2): 129, (29, 231): 129, (32, 77): 129, (32, 156): 129, (36, 85): 129, (36, 148): 129, (37, 102): 43, (37, 131): 43, (38, 72): 129, (38, 161): 129, (45, 67): 43, (45, 166): 43, (47, 86): 258, (47, 147): 258, (48, 84): 129, (48, 149): 129, (49, 108): 86, (49, 125): 86, (50, 16): 43, (50, 217): 43, (52, 99): 258, (52, 134): 258, (55, 93): 129, (55, 140): 129, (56, 23): 258, (56, 210): 258, (57, 30): 86, (57, 203): 86, (58, 94): 86, (58, 139): 86, (60, 19): 258, (60, 214): 258, (63, 75): 129, (63, 158): 129, (64, 19): 86, (64, 214): 86, (65, 52): 129, (65, 181): 129, (67, 90): 86, (67, 143): 86, (68, 100): 258, (68, 133): 258, (71, 109): 258, (71, 124): 258, (72, 49): 129, (72, 184): 129, (73, 24): 258, (73, 209): 258, (74, 11): 129, (74, 222): 129, (75, 24): 129, (75, 209): 129, (77, 38): 258, (77, 195): 258, (83, 79): 129, (83, 154): 129, (85, 24): 258, (85, 209): 258, (88, 55): 258, (88, 178): 258, (89, 105): 86, (89, 128): 86, (90, 57): 129, (90, 176): 129, (91, 48): 43, (91, 185): 43, (96, 8): 258, (96, 225): 258, (98, 96): 129, (98, 137): 129, (99, 15): 258, (99, 218): 258, (103, 28): 129, (103, 205): 129, (104, 101): 258, (104, 132): 258, (105, 37): 129, (105, 196): 129, (106, 33): 43, (106, 200): 43, (108, 87): 86, (108, 146): 86, (109, 19): 129, (109, 214): 129, (110, 104): 258, (110, 129): 258, (111, 31): 258, (111, 202): 258, (113, 65): 86, (113, 168): 86, (115, 101): 129, (115, 132): 129, (116, 63): 43, (116, 170): 43, (117, 8): 258, (117, 225): 258, (118, 39): 43, (118, 194): 43, (123, 48): 258, (123, 185): 258, (124, 115): 86, (124, 118): 86, (126, 5): 129, (126, 228): 129, (127, 71): 258, (127, 162): 258, (128, 69): 258, (128, 164): 258, (129, 39): 258, (129, 194): 258, (130, 57): 86, (130, 176): 86, (132, 68): 86, (132, 165): 86, (133, 97): 129, (133, 136): 129, (137, 63): 6, (137, 170): 6, (141, 65): 129, (141, 168): 129, (142, 104): 86, (142, 129): 86, (143, 28): 43, (143, 205): 43, (144, 109): 129, (144, 124): 129, (145, 92): 43, (145, 141): 43, (146, 32): 258, (146, 201): 258, (147, 106): 129, (147, 127): 129, (148, 112): 258, (148, 121): 258, (156, 78): 129, (156, 155): 129, (158, 112): 43, (158, 121): 43, (159, 76): 258, (159, 157): 258, (160, 112): 258, (160, 121): 258, (161, 1): 43, (161, 232): 43, (162, 105): 86, (162, 128): 86, (163, 113): 258, (163, 120): 258, (164, 87): 258, (164, 146): 258, (165, 18): 258, (165, 215): 258, (169, 115): 129, (169, 118): 129, (172, 75): 258, (172, 158): 258, (173, 115): 258, (173, 118): 258, (176, 77): 43, (176, 156): 43, (177, 3): 43, (177, 230): 43, (179, 94): 129, (179, 139): 129, (180, 67): 86, (180, 166): 86, (183, 7): 86, (183, 226): 86, (184, 72): 43, (184, 161): 43, (186, 83): 258, (186, 150): 258, (189, 70): 129, (189, 163): 129, (194, 87): 129, (194, 146): 129, (195, 108): 86, (195, 125): 86, (198, 2): 129, (198, 231): 129, (201, 30): 258, (201, 203): 258, (202, 27): 258, (202, 206): 258, (205, 17): 129, (205, 216): 129, (206, 80): 43, (206, 153): 43, (207, 0): 2, (208, 30): 129, (208, 203): 129, (209, 46): 43, (209, 187): 43, (210, 25): 86, (210, 208): 86, (211, 45): 129, (211, 188): 129, (212, 65): 258, (212, 168): 258, (213, 63): 258, (213, 170): 258, (214, 104): 129, (214, 129): 129, (215, 105): 43, (215, 128): 43, (216, 116): 129, (216, 117): 129, (219, 39): 258, (219, 194): 258, (220, 28): 129, (220, 205): 129, (221, 40): 129, (221, 193): 129, (222, 108): 43, (222, 125): 43, (223, 61): 3, (223, 172): 3, (226, 35): 129, (226, 198): 129, (229, 94): 258, (229, 139): 258, (230, 42): 43, (230, 191): 43, (231, 75): 86, (231, 158): 86}
 
239, 270, True, 15, 18
{'infinity': 1, (0, 75): 135, (0, 164): 135, (3, 110): 270, (3, 129): 270, (5, 72): 27, (5, 167): 27, (7, 104): 27, (7, 135): 27, (9, 84): 27, (9, 155): 27, (11, 40): 135, (11, 199): 135, (12, 101): 54, (12, 138): 54, (13, 94): 30, (13, 145): 30, (15, 111): 45, (15, 128): 45, (17, 48): 270, (17, 191): 270, (20, 75): 45, (20, 164): 45, (21, 64): 90, (21, 175): 90, (22, 8): 90, (22, 231): 90, (24, 17): 135, (24, 222): 135, (25, 16): 135, (25, 223): 135, (26, 96): 45, (26, 143): 45, (28, 84): 18, (28, 155): 18, (29, 49): 135, (29, 190): 135, (30, 73): 45, (30, 166): 45, (31, 116): 270, (31, 123): 270, (32, 62): 90, (32, 177): 90, (33, 87): 135, (33, 152): 135, (34, 62): 270, (34, 177): 270, (39, 50): 135, (39, 189): 135, (44, 52): 270, (44, 187): 270, (47, 28): 45, (47, 211): 45, (49, 67): 270, (49, 172): 270, (51, 7): 270, (51, 232): 270, (52, 83): 30, (52, 156): 30, (54, 1): 270, (54, 238): 270, (55, 25): 135, (55, 214): 135, (56, 63): 135, (56, 176): 135, (57, 1): 270, (57, 238): 270, (60, 51): 135, (60, 188): 135, (64, 118): 54, (64, 121): 54, (65, 77): 135, (65, 162): 135, (67, 83): 90, (67, 156): 90, (69, 61): 270, (69, 178): 270, (71, 47): 3, (71, 192): 3, (73, 49): 27, (73, 190): 27, (74, 98): 135, (74, 141): 135, (77, 21): 27, (77, 218): 27, (78, 59): 270, (78, 180): 270, (79, 47): 270, (79, 192): 270, (80, 107): 30, (80, 132): 30, (82, 117): 54, (82, 122): 54, (83, 3): 15, (83, 236): 15, (84, 51): 9, (84, 188): 9, (85, 34): 45, (85, 205): 45, (88, 12): 135, (88, 227): 135, (89, 47): 270, (89, 192): 270, (91, 119): 135, (91, 120): 135, (92, 87): 270, (92, 152): 270, (94, 50): 90, (94, 189): 90, (95, 51): 135, (95, 188): 135, (96, 72): 27, (96, 167): 27, (98, 96): 270, (98, 143): 270, (99, 20): 135, (99, 219): 135, (101, 42): 270, (101, 197): 270, (102, 22): 135, (102, 217): 135, (103, 85): 45, (103, 154): 45, (104, 31): 90, (104, 208): 90, (105, 36): 270, (105, 203): 270, (106, 50): 270, (106, 189): 270, (109, 48): 15, (109, 191): 15, (110, 45): 135, (110, 194): 135, (111, 4): 27, (111, 235): 27, (113, 48): 270, (113, 191): 270, (114, 87): 90, (114, 152): 90, (115, 96): 54, (115, 143): 54, (116, 9): 270, (116, 230): 270, (118, 55): 90, (118, 184): 90, (120, 83): 45, (120, 156): 45, (121, 92): 270, (121, 147): 270, (122, 38): 15, (122, 201): 15, (124, 19): 270, (124, 220): 270, (125, 88): 5, (125, 151): 5, (128, 1): 135, (128, 238): 135, (132, 74): 45, (132, 165): 45, (134, 91): 270, (134, 148): 270, (135, 27): 135, (135, 212): 135, (136, 100): 135, (136, 139): 135, (137, 49): 15, (137, 190): 15, (138, 72): 9, (138, 167): 9, (141, 19): 135, (141, 220): 135, (143, 42): 270, (143, 197): 270, (144, 93): 135, (144, 146): 135, (146, 20): 270, (146, 219): 270, (147, 88): 270, (147, 151): 270, (148, 14): 270, (148, 225): 270, (150, 26): 90, (150, 213): 90, (155, 93): 5, (155, 146): 5, (156, 41): 270, (156, 198): 270, (159, 76): 30, (159, 163): 30, (160, 26): 18, (160, 213): 18, (161, 11): 135, (161, 228): 135, (162, 66): 135, (162, 173): 135, (163, 106): 54, (163, 133): 54, (164, 90): 270, (164, 149): 270, (166, 22): 54, (166, 217): 54, (168, 26): 45, (168, 213): 45, (170, 70): 270, (170, 169): 270, (171, 37): 135, (171, 202): 135, (173, 62): 135, (173, 177): 135, (176, 53): 135, (176, 186): 135, (177, 79): 135, (177, 160): 135, (179, 93): 27, (179, 146): 27, (182, 4): 90, (182, 235): 90, (184, 78): 10, (184, 161): 10, (185, 4): 270, (185, 235): 270, (189, 7): 10, (189, 232): 10, (191, 89): 135, (191, 150): 135, (193, 118): 135, (193, 121): 135, (196, 34): 90, (196, 205): 90, (197, 34): 6, (197, 205): 6, (198, 67): 54, (198, 172): 54, (202, 84): 54, (202, 155): 54, (206, 88): 54, (206, 151): 54, (210, 22): 270, (210, 217): 270, (212, 97): 270, (212, 142): 270, (213, 19): 270, (213, 220): 270, (214, 0): 2, (216, 56): 27, (216, 183): 27, (217, 108): 135, (217, 131): 135, (219, 75): 135, (219, 164): 135, (221, 118): 90, (221, 121): 90, (224, 29): 135, (224, 210): 135, (225, 112): 45, (225, 127): 45, (226, 44): 135, (226, 195): 135, (227, 103): 270, (227, 136): 270, (228, 114): 18, (228, 125): 18, (231, 67): 45, (231, 172): 45, (233, 20): 270, (233, 219): 270, (234, 42): 9, (234, 197): 9, (238, 7): 135, (238, 232): 135}
 
241, 225, False, 3, 75
{'infinity': 1, (2, 62): 75, (2, 179): 75, (15, 57): 25, (15, 184): 25, (16, 105): 75, (16, 136): 75, (18, 19): 75, (18, 222): 75, (19, 44): 75, (19, 197): 75, (20, 97): 75, (20, 144): 75, (25, 112): 75, (25, 129): 75, (28, 111): 15, (28, 130): 15, (29, 72): 75, (29, 169): 75, (32, 54): 75, (32, 187): 75, (37, 37): 75, (37, 204): 75, (39, 68): 75, (39, 173): 75, (43, 112): 75, (43, 129): 75, (44, 104): 75, (44, 137): 75, (45, 26): 75, (45, 215): 75, (46, 98): 75, (46, 143): 75, (47, 97): 75, (47, 144): 75, (48, 45): 15, (48, 196): 15, (49, 58): 75, (49, 183): 75, (50, 30): 75, (50, 211): 75, (51, 69): 25, (51, 172): 25, (56, 45): 25, (56, 196): 25, (57, 10): 15, (57, 231): 15, (59, 74): 75, (59, 167): 75, (60, 4): 75, (60, 237): 75, (66, 50): 75, (66, 191): 75, (68, 86): 5, (68, 155): 5, (69, 50): 75, (69, 191): 75, (70, 118): 75, (70, 123): 75, (72, 116): 75, (72, 125): 75, (74, 16): 75, (74, 225): 75, (76, 20): 75, (76, 221): 75, (80, 119): 75, (80, 122): 75, (81, 13): 75, (81, 228): 75, (82, 20): 15, (82, 221): 15, (83, 20): 75, (83, 221): 75, (89, 114): 75, (89, 127): 75, (94, 33): 75, (94, 208): 75, (95, 58): 15, (95, 183): 15, (97, 58): 75, (97, 183): 75, (100, 88): 15, (100, 153): 15, (102, 53): 75, (102, 188): 75, (104, 9): 75, (104, 232): 75, (106, 50): 15, (106, 191): 15, (108, 76): 75, (108, 165): 75, (111, 83): 75, (111, 158): 75, (113, 61): 15, (113, 180): 15, (114, 66): 25, (114, 175): 25, (118, 78): 75, (118, 163): 75, (119, 42): 75, (119, 199): 75, (123, 100): 25, (123, 141): 25, (127, 94): 25, (127, 147): 25, (128, 109): 75, (128, 132): 75, (129, 92): 75, (129, 149): 75, (134, 82): 75, (134, 159): 75, (137, 45): 75, (137, 196): 75, (138, 27): 75, (138, 214): 75, (139, 35): 75, (139, 206): 75, (140, 77): 75, (140, 164): 75, (142, 92): 15, (142, 149): 15, (143, 102): 75, (143, 139): 75, (144, 46): 75, (144, 195): 75, (145, 41): 75, (145, 200): 75, (146, 46): 25, (146, 195): 25, (147, 52): 75, (147, 189): 75, (148, 42): 75, (148, 199): 75, (149, 5): 75, (149, 236): 75, (150, 12): 75, (150, 229): 75, (152, 14): 75, (152, 227): 75, (153, 83): 75, (153, 158): 75, (154, 47): 75, (154, 194): 75, (157, 56): 75, (157, 185): 75, (160, 3): 3, (160, 238): 3, (161, 85): 75, (161, 156): 75, (166, 39): 3, (166, 202): 3, (168, 17): 15, (168, 224): 15, (171, 49): 75, (171, 192): 75, (173, 112): 75, (173, 129): 75, (174, 97): 25, (174, 144): 25, (180, 116): 5, (180, 125): 5, (181, 43): 75, (181, 198): 75, (182, 2): 75, (182, 239): 75, (185, 9): 75, (185, 232): 75, (187, 7): 15, (187, 234): 15, (190, 113): 75, (190, 128): 75, (191, 1): 25, (191, 240): 25, (192, 46): 3, (192, 195): 3, (193, 9): 25, (193, 232): 25, (195, 93): 75, (195, 148): 75, (196, 15): 75, (196, 226): 75, (198, 86): 75, (198, 155): 75, (199, 95): 75, (199, 146): 75, (202, 55): 75, (202, 186): 75, (203, 84): 75, (203, 157): 75, (205, 71): 3, (205, 170): 3, (206, 104): 75, (206, 137): 75, (209, 40): 15, (209, 201): 15, (210, 8): 75, (210, 233): 75, (211, 92): 75, (211, 149): 75, (215, 42): 15, (215, 199): 15, (216, 86): 75, (216, 155): 75, (218, 83): 15, (218, 158): 15, (223, 96): 75, (223, 145): 75, (224, 101): 75, (224, 140): 75, (225, 38): 15, (225, 203): 15, (227, 6): 75, (227, 235): 75, (230, 116): 75, (230, 125): 75, (231, 57): 75, (231, 184): 75, (232, 104): 15, (232, 137): 15, (235, 21): 75, (235, 220): 75, (236, 57): 75, (236, 184): 75, (237, 22): 75, (237, 219): 75}
 
251, 258, True, 3, 86
{'infinity': 1, (0, 74): 43, (0, 177): 43, (2, 15): 129, (2, 236): 129, (7, 29): 43, (7, 222): 43, (8, 99): 258, (8, 152): 258, (13, 35): 43, (13, 216): 43, (14, 71): 43, (14, 180): 43, (15, 77): 43, (15, 174): 43, (18, 11): 86, (18, 240): 86, (22, 106): 86, (22, 145): 86, (23, 100): 129, (23, 151): 129, (24, 86): 129, (24, 165): 129, (27, 35): 129, (27, 216): 129, (28, 57): 43, (28, 194): 43, (33, 14): 129, (33, 237): 129, (35, 108): 86, (35, 143): 86, (36, 89): 258, (36, 162): 258, (38, 33): 43, (38, 218): 43, (39, 32): 129, (39, 219): 129, (40, 38): 258, (40, 213): 258, (42, 91): 86, (42, 160): 86, (43, 34): 129, (43, 217): 129, (50, 16): 86, (50, 235): 86, (52, 125): 86, (52, 126): 86, (54, 37): 258, (54, 214): 258, (57, 0): 2, (59, 108): 258, (59, 143): 258, (62, 63): 129, (62, 188): 129, (65, 56): 258, (65, 195): 258, (69, 103): 129, (69, 148): 129, (71, 37): 86, (71, 214): 86, (73, 46): 129, (73, 205): 129, (79, 1): 129, (79, 250): 129, (81, 99): 258, (81, 152): 258, (84, 7): 129, (84, 244): 129, (86, 50): 258, (86, 201): 258, (89, 30): 258, (89, 221): 258, (90, 29): 86, (90, 222): 86, (91, 103): 258, (91, 148): 258, (94, 36): 258, (94, 215): 258, (95, 105): 129, (95, 146): 129, (96, 95): 43, (96, 156): 43, (98, 22): 43, (98, 229): 43, (100, 90): 258, (100, 161): 258, (101, 2): 258, (101, 249): 258, (103, 52): 258, (103, 199): 258, (104, 65): 86, (104, 186): 86, (112, 74): 258, (112, 177): 258, (113, 84): 258, (113, 167): 258, (114, 23): 86, (114, 228): 86, (115, 31): 129, (115, 220): 129, (116, 122): 258, (116, 129): 258, (121, 92): 129, (121, 159): 129, (125, 48): 129, (125, 203): 129, (126, 37): 129, (126, 214): 129, (128, 4): 86, (128, 247): 86, (129, 83): 258, (129, 168): 258, (131, 97): 43, (131, 154): 43, (132, 53): 129, (132, 198): 129, (133, 55): 6, (133, 196): 6, (134, 104): 258, (134, 147): 258, (135, 109): 258, (135, 142): 258, (138, 70): 129, (138, 181): 129, (139, 74): 258, (139, 177): 258, (141, 10): 43, (141, 241): 43, (144, 116): 86, (144, 135): 86, (146, 8): 129, (146, 243): 129, (147, 47): 258, (147, 204): 258, (149, 93): 3, (149, 158): 3, (150, 54): 129, (150, 197): 129, (151, 51): 129, (151, 200): 129, (152, 96): 258, (152, 155): 258, (154, 29): 86, (154, 222): 86, (157, 108): 129, (157, 143): 129, (159, 123): 258, (159, 128): 258, (160, 43): 129, (160, 208): 129, (162, 99): 43, (162, 152): 43, (165, 13): 43, (165, 238): 43, (167, 19): 129, (167, 232): 129, (170, 30): 43, (170, 221): 43, (171, 4): 129, (171, 247): 129, (175, 104): 129, (175, 147): 129, (177, 116): 258, (177, 135): 258, (178, 94): 129, (178, 157): 129, (179, 55): 129, (179, 196): 129, (180, 48): 129, (180, 203): 129, (181, 116): 129, (181, 135): 129, (182, 43): 129, (182, 208): 129, (183, 118): 258, (183, 133): 258, (184, 95): 258, (184, 156): 258, (186, 81): 86, (186, 170): 86, (188, 23): 43, (188, 228): 43, (190, 55): 258, (190, 196): 258, (191, 61): 86, (191, 190): 86, (192, 36): 129, (192, 215): 129, (193, 104): 86, (193, 147): 86, (195, 63): 258, (195, 188): 258, (196, 72): 258, (196, 179): 258, (197, 48): 43, (197, 203): 43, (200, 23): 86, (200, 228): 86, (201, 107): 129, (201, 144): 129, (202, 105): 258, (202, 146): 258, (203, 4): 258, (203, 247): 258, (205, 105): 258, (205, 146): 258, (206, 26): 129, (206, 225): 129, (208, 42): 258, (208, 209): 258, (209, 101): 129, (209, 150): 129, (210, 125): 43, (210, 126): 43, (211, 35): 129, (211, 216): 129, (213, 24): 129, (213, 227): 129, (216, 36): 86, (216, 215): 86, (218, 88): 129, (218, 163): 129, (222, 95): 258, (222, 156): 258, (223, 115): 258, (223, 136): 258, (224, 38): 86, (224, 213): 86, (226, 69): 43, (226, 182): 43, (229, 59): 258, (229, 192): 258, (230, 119): 43, (230, 132): 43, (231, 86): 129, (231, 165): 129, (232, 3): 43, (232, 248): 43, (233, 17): 86, (233, 234): 86, (236, 76): 129, (236, 175): 129, (238, 38): 129, (238, 213): 129, (240, 125): 86, (240, 126): 86, (241, 20): 258, (241, 231): 258, (242, 41): 258, (242, 210): 258, (243, 30): 258, (243, 221): 258, (245, 63): 258, (245, 188): 258, (247, 86): 43, (247, 165): 43, (250, 82): 258, (250, 169): 258}
 
257, 258, True, 6, 43
{'infinity': 1, (0, 101): 86, (0, 156): 86, (4, 76): 43, (4, 181): 43, (5, 47): 258, (5, 210): 258, (8, 128): 86, (8, 129): 86, (9, 61): 258, (9, 196): 258, (12, 2): 86, (12, 255): 86, (14, 73): 43, (14, 184): 43, (16, 14): 258, (16, 243): 258, (18, 79): 129, (18, 178): 129, (19, 82): 86, (19, 175): 86, (22, 20): 86, (22, 237): 86, (30, 8): 129, (30, 249): 129, (31, 68): 86, (31, 189): 86, (32, 115): 129, (32, 142): 129, (33, 78): 258, (33, 179): 258, (34, 13): 129, (34, 244): 129, (36, 120): 86, (36, 137): 86, (37, 67): 86, (37, 190): 86, (38, 35): 129, (38, 222): 129, (40, 28): 43, (40, 229): 43, (41, 110): 129, (41, 147): 129, (42, 77): 43, (42, 180): 43, (46, 4): 258, (46, 253): 258, (49, 128): 258, (49, 129): 258, (50, 33): 129, (50, 224): 129, (52, 73): 129, (52, 184): 129, (54, 58): 258, (54, 199): 258, (58, 85): 129, (58, 172): 129, (61, 35): 258, (61, 222): 258, (63, 79): 86, (63, 178): 86, (64, 33): 258, (64, 224): 258, (65, 113): 258, (65, 144): 258, (68, 40): 129, (68, 217): 129, (69, 22): 258, (69, 235): 258, (72, 71): 43, (72, 186): 43, (75, 76): 258, (75, 181): 258, (76, 105): 43, (76, 152): 43, (77, 5): 129, (77, 252): 129, (79, 100): 129, (79, 157): 129, (81, 119): 129, (81, 138): 129, (82, 52): 258, (82, 205): 258, (87, 83): 43, (87, 174): 43, (88, 4): 258, (88, 253): 258, (90, 14): 258, (90, 243): 258, (92, 123): 86, (92, 134): 86, (93, 26): 129, (93, 231): 129, (95, 101): 258, (95, 156): 258, (98, 61): 43, (98, 196): 43, (99, 38): 258, (99, 219): 258, (100, 77): 129, (100, 180): 129, (102, 0): 2, (103, 69): 129, (103, 188): 129, (104, 84): 129, (104, 173): 129, (109, 68): 86, (109, 189): 86, (112, 117): 86, (112, 140): 86, (113, 75): 43, (113, 182): 43, (115, 77): 129, (115, 180): 129, (117, 68): 43, (117, 189): 43, (122, 60): 86, (122, 197): 86, (123, 4): 129, (123, 253): 129, (125, 112): 129, (125, 145): 129, (126, 107): 258, (126, 150): 258, (127, 109): 129, (127, 148): 129, (128, 15): 129, (128, 242): 129, (131, 27): 129, (131, 230): 129, (137, 48): 43, (137, 209): 43, (138, 59): 129, (138, 198): 129, (139, 54): 86, (139, 203): 86, (142, 9): 86, (142, 248): 86, (143, 33): 258, (143, 224): 258, (144, 34): 43, (144, 223): 43, (145, 51): 86, (145, 206): 86, (147, 59): 258, (147, 198): 258, (150, 61): 258, (150, 196): 258, (151, 14): 129, (151, 243): 129, (153, 53): 258, (153, 204): 258, (154, 96): 129, (154, 161): 129, (155, 108): 258, (155, 149): 258, (156, 81): 258, (156, 176): 258, (157, 9): 86, (157, 248): 86, (158, 35): 258, (158, 222): 258, (160, 127): 43, (160, 130): 43, (161, 54): 129, (161, 203): 129, (162, 101): 129, (162, 156): 129, (163, 89): 129, (163, 168): 129, (165, 90): 258, (165, 167): 258, (166, 88): 43, (166, 169): 43, (171, 83): 258, (171, 174): 258, (174, 81): 129, (174, 176): 129, (175, 42): 129, (175, 215): 129, (176, 79): 258, (176, 178): 258, (178, 76): 258, (178, 181): 258, (182, 100): 86, (182, 157): 86, (184, 81): 258, (184, 176): 258, (185, 55): 258, (185, 202): 258, (187, 46): 258, (187, 211): 258, (188, 30): 258, (188, 227): 258, (190, 109): 129, (190, 148): 129, (191, 73): 129, (191, 184): 129, (194, 119): 129, (194, 138): 129, (196, 38): 86, (196, 219): 86, (197, 109): 43, (197, 148): 43, (198, 65): 258, (198, 192): 258, (199, 29): 6, (199, 228): 6, (200, 128): 129, (200, 129): 129, (201, 105): 43, (201, 152): 43, (202, 31): 129, (202, 226): 129, (214, 54): 258, (214, 203): 258, (215, 9): 43, (215, 248): 43, (218, 25): 129, (218, 232): 129, (219, 38): 129, (219, 219): 129, (220, 39): 129, (220, 218): 129, (222, 66): 43, (222, 191): 43, (223, 50): 129, (223, 207): 129, (227, 99): 258, (227, 158): 258, (228, 118): 258, (228, 139): 258, (229, 59): 258, (229, 198): 258, (234, 3): 258, (234, 254): 258, (235, 124): 129, (235, 133): 129, (237, 105): 43, (237, 152): 43, (238, 91): 3, (238, 166): 3, (239, 119): 43, (239, 138): 43, (240, 12): 258, (240, 245): 258, (245, 98): 129, (245, 159): 129, (246, 125): 43, (246, 132): 43, (247, 121): 86, (247, 136): 86, (253, 100): 258, (253, 157): 258, (254, 64): 86, (254, 193): 86, (256, 83): 258, (256, 174): 258}
 
263, 252, True, 42, 6
{'infinity': 1, (0, 72): 21, (0, 191): 21, (1, 124): 252, (1, 139): 252, (3, 4): 12, (3, 259): 12, (7, 130): 36, (7, 133): 36, (10, 1): 84, (10, 262): 84, (11, 23): 252, (11, 240): 252, (14, 70): 84, (14, 193): 84, (15, 87): 21, (15, 176): 21, (17, 104): 252, (17, 159): 252, (19, 100): 14, (19, 163): 14, (21, 31): 252, (21, 232): 252, (22, 21): 84, (22, 242): 84, (24, 131): 7, (24, 132): 7, (25, 111): 4, (25, 152): 4, (26, 2): 252, (26, 261): 252, (27, 97): 14, (27, 166): 14, (29, 71): 63, (29, 192): 63, (30, 119): 252, (30, 144): 252, (31, 37): 126, (31, 226): 126, (32, 129): 84, (32, 134): 84, (37, 100): 84, (37, 163): 84, (39, 85): 63, (39, 178): 63, (44, 66): 126, (44, 197): 126, (46, 99): 252, (46, 164): 252, (47, 53): 42, (47, 210): 42, (48, 71): 21, (48, 192): 21, (56, 47): 252, (56, 216): 252, (57, 66): 9, (57, 197): 9, (60, 81): 63, (60, 182): 63, (64, 34): 42, (64, 229): 42, (68, 37): 84, (68, 226): 84, (70, 127): 126, (70, 136): 126, (71, 27): 84, (71, 236): 84, (73, 77): 36, (73, 186): 36, (78, 98): 63, (78, 165): 63, (79, 102): 252, (79, 161): 252, (84, 130): 252, (84, 133): 252, (86, 122): 84, (86, 141): 84, (88, 97): 28, (88, 166): 28, (91, 116): 63, (91, 147): 63, (92, 114): 84, (92, 149): 84, (94, 59): 63, (94, 204): 63, (102, 104): 252, (102, 159): 252, (106, 60): 252, (106, 203): 252, (108, 75): 252, (108, 188): 252, (109, 30): 63, (109, 233): 63, (110, 118): 252, (110, 145): 252, (111, 16): 252, (111, 247): 252, (113, 31): 126, (113, 232): 126, (114, 108): 21, (114, 155): 21, (116, 82): 42, (116, 181): 42, (117, 78): 252, (117, 185): 252, (119, 128): 252, (119, 135): 252, (122, 11): 84, (122, 252): 84, (126, 40): 9, (126, 223): 9, (128, 113): 252, (128, 150): 252, (129, 31): 28, (129, 232): 28, (130, 45): 36, (130, 218): 36, (131, 72): 252, (131, 191): 252, (132, 72): 252, (132, 191): 252, (133, 106): 63, (133, 157): 63, (137, 103): 252, (137, 160): 252, (139, 9): 63, (139, 254): 63, (141, 76): 252, (141, 187): 252, (142, 69): 28, (142, 194): 28, (144, 104): 3, (144, 159): 3, (147, 15): 63, (147, 248): 63, (148, 97): 28, (148, 166): 28, (151, 93): 36, (151, 170): 36, (154, 0): 2, (155, 3): 9, (155, 260): 9, (158, 88): 126, (158, 175): 126, (159, 48): 252, (159, 215): 252, (161, 128): 84, (161, 135): 84, (162, 66): 126, (162, 197): 126, (163, 123): 63, (163, 140): 63, (164, 37): 252, (164, 226): 252, (167, 101): 63, (167, 162): 63, (168, 26): 252, (168, 237): 252, (169, 7): 252, (169, 256): 252, (170, 35): 7, (170, 228): 7, (171, 110): 7, (171, 153): 7, (172, 130): 63, (172, 133): 63, (176, 79): 21, (176, 184): 21, (177, 84): 126, (177, 179): 126, (179, 116): 126, (179, 147): 126, (180, 88): 63, (180, 175): 63, (182, 108): 252, (182, 155): 252, (186, 71): 63, (186, 192): 63, (188, 88): 126, (188, 175): 126, (189, 50): 18, (189, 213): 18, (193, 5): 126, (193, 258): 126, (194, 118): 252, (194, 145): 252, (197, 78): 42, (197, 185): 42, (198, 74): 126, (198, 189): 126, (200, 27): 126, (200, 236): 126, (202, 16): 14, (202, 247): 14, (205, 34): 126, (205, 229): 126, (207, 100): 84, (207, 163): 84, (211, 49): 12, (211, 214): 12, (212, 78): 36, (212, 185): 36, (213, 16): 252, (213, 247): 252, (218, 20): 63, (218, 243): 63, (220, 83): 63, (220, 180): 63, (221, 12): 252, (221, 251): 252, (222, 118): 126, (222, 145): 126, (226, 47): 18, (226, 216): 18, (228, 85): 126, (228, 178): 126, (229, 90): 42, (229, 173): 42, (230, 108): 252, (230, 155): 252, (231, 61): 252, (231, 202): 252, (238, 64): 252, (238, 199): 252, (241, 14): 252, (241, 249): 252, (244, 47): 28, (244, 216): 28, (246, 128): 126, (246, 135): 126, (248, 13): 252, (248, 250): 252, (249, 58): 21, (249, 205): 21, (252, 125): 6, (252, 138): 6, (254, 29): 126, (254, 234): 126, (255, 27): 36, (255, 236): 36, (256, 116): 42, (256, 147): 42, (257, 34): 63, (257, 229): 63, (258, 38): 126, (258, 225): 126, (259, 85): 18, (259, 178): 18, (260, 44): 28, (260, 219): 28, (261, 92): 252, (261, 171): 252}
 
269, 294, True, 6, 49
{'infinity': 1, (0, 129): 147, (0, 140): 147, (1, 20): 294, (1, 249): 294, (2, 6): 147, (2, 263): 147, (3, 130): 147, (3, 139): 147, (6, 81): 147, (6, 188): 147, (9, 124): 147, (9, 145): 147, (10, 88): 49, (10, 181): 49, (11, 21): 49, (11, 248): 49, (14, 63): 294, (14, 206): 294, (16, 116): 294, (16, 153): 294, (20, 126): 98, (20, 143): 98, (23, 10): 147, (23, 259): 147, (24, 93): 49, (24, 176): 49, (25, 113): 294, (25, 156): 294, (26, 19): 147, (26, 250): 147, (27, 131): 147, (27, 138): 147, (29, 120): 294, (29, 149): 294, (30, 85): 98, (30, 184): 98, (35, 97): 294, (35, 172): 294, (36, 39): 7, (36, 230): 7, (37, 6): 98, (37, 263): 98, (38, 103): 49, (38, 166): 49, (41, 45): 49, (41, 224): 49, (42, 74): 147, (42, 195): 147, (44, 94): 98, (44, 175): 98, (45, 35): 98, (45, 234): 98, (47, 0): 2, (48, 91): 147, (48, 178): 147, (49, 21): 98, (49, 248): 98, (53, 47): 147, (53, 222): 147, (54, 63): 42, (54, 206): 42, (57, 69): 294, (57, 200): 294, (58, 66): 147, (58, 203): 147, (59, 110): 98, (59, 159): 98, (60, 125): 147, (60, 144): 147, (61, 45): 49, (61, 224): 49, (62, 122): 98, (62, 147): 98, (65, 29): 294, (65, 240): 294, (67, 12): 49, (67, 257): 49, (69, 101): 98, (69, 168): 98, (71, 92): 147, (71, 177): 147, (73, 19): 294, (73, 250): 294, (74, 47): 42, (74, 222): 42, (76, 49): 294, (76, 220): 294, (80, 43): 294, (80, 226): 294, (82, 92): 294, (82, 177): 294, (84, 10): 147, (84, 259): 147, (86, 132): 98, (86, 137): 98, (87, 54): 294, (87, 215): 294, (88, 94): 147, (88, 175): 147, (89, 36): 42, (89, 233): 42, (90, 132): 147, (90, 137): 147, (92, 14): 147, (92, 255): 147, (93, 132): 294, (93, 137): 294, (96, 53): 147, (96, 216): 147, (98, 42): 147, (98, 227): 147, (99, 60): 49, (99, 209): 49, (102, 44): 49, (102, 225): 49, (104, 57): 7, (104, 212): 7, (105, 20): 147, (105, 249): 147, (106, 8): 6, (106, 261): 6, (112, 100): 3, (112, 169): 3, (116, 92): 294, (116, 177): 294, (117, 11): 21, (117, 258): 21, (119, 72): 14, (119, 197): 14, (120, 93): 49, (120, 176): 49, (121, 27): 42, (121, 242): 42, (122, 23): 98, (122, 246): 98, (125, 93): 49, (125, 176): 49, (126, 121): 147, (126, 148): 147, (127, 26): 21, (127, 243): 21, (129, 18): 98, (129, 251): 98, (133, 50): 294, (133, 219): 294, (134, 102): 49, (134, 167): 49, (135, 33): 14, (135, 236): 14, (137, 94): 294, (137, 175): 294, (141, 50): 98, (141, 219): 98, (142, 47): 294, (142, 222): 294, (143, 34): 49, (143, 235): 49, (144, 31): 147, (144, 238): 147, (145, 4): 294, (145, 265): 294, (147, 133): 49, (147, 136): 49, (148, 2): 98, (148, 267): 98, (149, 31): 294, (149, 238): 294, (153, 96): 294, (153, 173): 294, (154, 56): 294, (154, 213): 294, (157, 95): 98, (157, 174): 98, (159, 78): 294, (159, 191): 294, (160, 127): 294, (160, 142): 294, (162, 10): 49, (162, 259): 49, (163, 20): 14, (163, 249): 14, (164, 8): 49, (164, 261): 49, (167, 45): 7, (167, 224): 7, (170, 19): 98, (170, 250): 98, (171, 109): 294, (171, 160): 294, (172, 32): 147, (172, 237): 147, (174, 78): 147, (174, 191): 147, (175, 61): 294, (175, 208): 294, (176, 16): 98, (176, 253): 98, (177, 82): 294, (177, 187): 294, (179, 16): 42, (179, 253): 42, (180, 128): 147, (180, 141): 147, (183, 16): 147, (183, 253): 147, (187, 96): 294, (187, 173): 294, (188, 127): 98, (188, 142): 98, (190, 127): 147, (190, 142): 147, (192, 75): 294, (192, 194): 294, (193, 22): 294, (193, 247): 294, (195, 26): 147, (195, 243): 147, (196, 60): 147, (196, 209): 147, (198, 96): 147, (198, 173): 147, (199, 114): 21, (199, 155): 21, (200, 111): 294, (200, 158): 294, (201, 63): 147, (201, 206): 147, (202, 68): 98, (202, 201): 98, (205, 78): 294, (205, 191): 294, (206, 104): 294, (206, 165): 294, (208, 44): 294, (208, 225): 294, (209, 21): 98, (209, 248): 98, (211, 120): 147, (211, 149): 147, (213, 41): 49, (213, 228): 49, (216, 26): 49, (216, 243): 49, (217, 43): 49, (217, 226): 49, (218, 17): 294, (218, 252): 294, (219, 87): 147, (219, 182): 147, (220, 125): 147, (220, 144): 147, (221, 59): 294, (221, 210): 294, (227, 38): 147, (227, 231): 147, (228, 44): 294, (228, 225): 294, (229, 90): 21, (229, 179): 21, (230, 6): 294, (230, 263): 294, (235, 119): 49, (235, 150): 49, (237, 7): 147, (237, 262): 147, (239, 46): 98, (239, 223): 98, (240, 66): 294, (240, 203): 294, (241, 43): 42, (241, 226): 42, (243, 60): 147, (243, 209): 147, (245, 31): 294, (245, 238): 294, (249, 65): 21, (249, 204): 21, (253, 98): 294, (253, 171): 294, (254, 1): 147, (254, 268): 147, (258, 125): 49, (258, 144): 49, (260, 48): 21, (260, 221): 21, (262, 123): 147, (262, 146): 147, (264, 50): 147, (264, 219): 147, (265, 24): 147, (265, 245): 147, (268, 8): 294, (268, 261): 294}
 
271, 297, True, 3, 99
{'infinity': 1, (2, 72): 297, (2, 199): 297, (3, 32): 297, (3, 239): 297, (4, 26): 297, (4, 245): 297, (5, 9): 297, (5, 262): 297, (8, 111): 99, (8, 160): 99, (9, 59): 297, (9, 212): 297, (11, 50): 297, (11, 221): 297, (16, 131): 297, (16, 140): 297, (18, 90): 11, (18, 181): 11, (19, 134): 297, (19, 137): 297, (22, 52): 9, (22, 219): 9, (23, 55): 9, (23, 216): 9, (25, 70): 33, (25, 201): 33, (26, 49): 33, (26, 222): 33, (28, 99): 297, (28, 172): 297, (29, 124): 297, (29, 147): 297, (30, 23): 99, (30, 248): 99, (31, 15): 297, (31, 256): 297, (37, 112): 33, (37, 159): 33, (41, 2): 99, (41, 269): 99, (42, 85): 297, (42, 186): 297, (43, 8): 297, (43, 263): 297, (45, 34): 99, (45, 237): 99, (49, 128): 297, (49, 143): 297, (50, 55): 27, (50, 216): 27, (52, 93): 33, (52, 178): 33, (53, 96): 297, (53, 175): 297, (54, 133): 99, (54, 138): 99, (56, 58): 297, (56, 213): 297, (57, 19): 99, (57, 252): 99, (58, 117): 297, (58, 154): 297, (59, 52): 297, (59, 219): 297, (62, 9): 297, (62, 262): 297, (67, 126): 99, (67, 145): 99, (68, 71): 297, (68, 200): 297, (69, 24): 99, (69, 247): 99, (71, 32): 297, (71, 239): 297, (72, 23): 297, (72, 248): 297, (73, 97): 297, (73, 174): 297, (74, 29): 11, (74, 242): 11, (75, 24): 297, (75, 247): 297, (76, 46): 99, (76, 225): 99, (79, 108): 297, (79, 163): 297, (81, 40): 297, (81, 231): 297, (82, 2): 27, (82, 269): 27, (85, 38): 99, (85, 233): 99, (90, 113): 297, (90, 158): 297, (91, 53): 297, (91, 218): 297, (92, 21): 297, (92, 250): 297, (94, 60): 297, (94, 211): 297, (95, 14): 297, (95, 257): 297, (96, 34): 297, (96, 237): 297, (100, 104): 297, (100, 167): 297, (101, 95): 297, (101, 176): 297, (102, 87): 297, (102, 184): 297, (105, 78): 99, (105, 193): 99, (108, 28): 27, (108, 243): 27, (112, 68): 297, (112, 203): 297, (115, 110): 27, (115, 161): 27, (118, 47): 99, (118, 224): 99, (119, 7): 33, (119, 264): 33, (120, 59): 11, (120, 212): 11, (121, 99): 297, (121, 172): 297, (122, 99): 33, (122, 172): 33, (124, 86): 297, (124, 185): 297, (125, 106): 297, (125, 165): 297, (127, 24): 297, (127, 247): 297, (128, 73): 297, (128, 198): 297, (129, 84): 99, (129, 187): 99, (130, 34): 297, (130, 237): 297, (132, 118): 99, (132, 153): 99, (134, 62): 297, (134, 209): 297, (135, 121): 297, (135, 150): 297, (138, 56): 27, (138, 215): 27, (139, 48): 297, (139, 223): 297, (140, 42): 297, (140, 229): 297, (141, 80): 297, (141, 191): 297, (142, 59): 297, (142, 212): 297, (144, 75): 33, (144, 196): 33, (146, 83): 99, (146, 188): 99, (147, 65): 297, (147, 206): 297, (148, 2): 297, (148, 269): 297, (151, 84): 297, (151, 187): 297, (153, 61): 297, (153, 210): 297, (154, 103): 99, (154, 168): 99, (156, 92): 297, (156, 179): 297, (157, 16): 297, (157, 255): 297, (158, 6): 33, (158, 265): 33, (160, 121): 297, (160, 150): 297, (163, 57): 99, (163, 214): 99, (167, 100): 33, (167, 171): 33, (168, 17): 297, (168, 254): 297, (169, 23): 297, (169, 248): 297, (172, 103): 297, (172, 168): 297, (173, 6): 297, (173, 265): 297, (175, 80): 297, (175, 191): 297, (177, 51): 297, (177, 220): 297, (178, 114): 27, (178, 157): 27, (179, 119): 297, (179, 152): 297, (180, 127): 27, (180, 144): 27, (182, 33): 297, (182, 238): 297, (183, 95): 27, (183, 176): 27, (190, 52): 297, (190, 219): 297, (191, 132): 297, (191, 139): 297, (192, 109): 297, (192, 162): 297, (195, 66): 297, (195, 205): 297, (196, 75): 297, (196, 196): 297, (197, 32): 99, (197, 239): 99, (198, 55): 27, (198, 216): 27, (199, 87): 297, (199, 184): 297, (200, 29): 99, (200, 242): 99, (202, 75): 297, (202, 196): 297, (204, 9): 99, (204, 262): 99, (208, 54): 297, (208, 217): 297, (209, 126): 99, (209, 145): 99, (210, 3): 11, (210, 268): 11, (211, 6): 297, (211, 265): 297, (212, 40): 297, (212, 231): 297, (213, 10): 297, (213, 261): 297, (216, 103): 297, (216, 168): 297, (221, 97): 297, (221, 174): 297, (224, 71): 297, (224, 200): 297, (225, 113): 297, (225, 158): 297, (226, 80): 99, (226, 191): 99, (227, 113): 297, (227, 158): 297, (228, 63): 99, (228, 208): 99, (231, 94): 297, (231, 177): 297, (232, 128): 297, (232, 143): 297, (233, 11): 99, (233, 260): 99, (235, 122): 3, (235, 149): 3, (237, 81): 297, (237, 190): 297, (240, 37): 99, (240, 234): 99, (241, 87): 99, (241, 184): 99, (242, 44): 297, (242, 227): 297, (246, 115): 297, (246, 156): 297, (247, 121): 297, (247, 150): 297, (248, 97): 297, (248, 174): 297, (249, 40): 33, (249, 231): 33, (250, 71): 297, (250, 200): 297, (252, 13): 11, (252, 258): 11, (255, 91): 297, (255, 180): 297, (258, 95): 99, (258, 176): 99, (259, 39): 297, (259, 232): 297, (260, 125): 99, (260, 146): 99, (261, 128): 9, (261, 143): 9, (262, 84): 297, (262, 187): 297, (266, 126): 99, (266, 145): 99, (268, 29): 99, (268, 242): 99}
 
277, 276, False, 6, 46
{'infinity': 1, (0, 25): 46, (0, 252): 46, (3, 57): 46, (3, 220): 46, (4, 56): 23, (4, 221): 23, (5, 0): 2, (6, 64): 46, (6, 213): 46, (8, 136): 138, (8, 141): 138, (9, 2): 23, (9, 275): 23, (11, 80): 138, (11, 197): 138, (12, 60): 46, (12, 217): 46, (13, 128): 138, (13, 149): 138, (14, 95): 69, (14, 182): 69, (15, 48): 23, (15, 229): 23, (17, 64): 138, (17, 213): 138, (18, 106): 69, (18, 171): 69, (19, 57): 138, (19, 220): 138, (20, 75): 46, (20, 202): 46, (21, 48): 69, (21, 229): 69, (23, 66): 138, (23, 211): 138, (27, 68): 23, (27, 209): 23, (32, 93): 138, (32, 184): 138, (33, 119): 69, (33, 158): 69, (37, 85): 46, (37, 192): 46, (38, 136): 138, (38, 141): 138, (39, 112): 23, (39, 165): 23, (43, 0): 2, (44, 131): 23, (44, 146): 23, (45, 133): 46, (45, 144): 46, (47, 123): 138, (47, 154): 138, (50, 20): 138, (50, 257): 138, (52, 14): 23, (52, 263): 23, (55, 80): 138, (55, 197): 138, (56, 16): 138, (56, 261): 138, (57, 88): 138, (57, 189): 138, (58, 93): 46, (58, 184): 46, (59, 22): 138, (59, 255): 138, (64, 97): 69, (64, 180): 69, (66, 125): 138, (66, 152): 138, (67, 52): 46, (67, 225): 46, (68, 59): 69, (68, 218): 69, (70, 123): 138, (70, 154): 138, (72, 122): 69, (72, 155): 69, (76, 76): 138, (76, 201): 138, (77, 68): 46, (77, 209): 46, (80, 45): 46, (80, 232): 46, (81, 131): 138, (81, 146): 138, (85, 112): 138, (85, 165): 138, (86, 114): 138, (86, 163): 138, (89, 129): 138, (89, 148): 138, (94, 76): 138, (94, 201): 138, (97, 116): 138, (97, 161): 138, (99, 79): 138, (99, 198): 138, (100, 38): 6, (100, 239): 6, (102, 113): 138, (102, 164): 138, (107, 76): 23, (107, 201): 23, (108, 31): 46, (108, 246): 46, (110, 115): 46, (110, 162): 46, (111, 20): 138, (111, 257): 138, (113, 24): 23, (113, 253): 23, (114, 4): 46, (114, 273): 46, (116, 20): 138, (116, 257): 138, (117, 91): 69, (117, 186): 69, (119, 35): 138, (119, 242): 138, (123, 95): 46, (123, 182): 46, (124, 127): 138, (124, 150): 138, (125, 102): 46, (125, 175): 46, (127, 42): 69, (127, 235): 69, (130, 118): 138, (130, 159): 138, (131, 18): 138, (131, 259): 138, (132, 23): 138, (132, 254): 138, (133, 124): 138, (133, 153): 138, (134, 44): 138, (134, 233): 138, (136, 36): 46, (136, 241): 46, (137, 33): 138, (137, 244): 138, (139, 10): 46, (139, 267): 46, (140, 95): 138, (140, 182): 138, (142, 53): 138, (142, 224): 138, (144, 1): 138, (144, 276): 138, (148, 107): 46, (148, 170): 46, (150, 58): 6, (150, 219): 6, (152, 131): 138, (152, 146): 138, (153, 112): 138, (153, 165): 138, (154, 33): 46, (154, 244): 46, (156, 65): 138, (156, 212): 138, (158, 5): 138, (158, 272): 138, (159, 27): 23, (159, 250): 23, (160, 123): 69, (160, 154): 69, (161, 41): 46, (161, 236): 46, (164, 61): 46, (164, 216): 46, (165, 78): 69, (165, 199): 69, (166, 41): 69, (166, 236): 69, (167, 74): 138, (167, 203): 138, (169, 17): 138, (169, 260): 138, (172, 78): 138, (172, 199): 138, (173, 68): 46, (173, 209): 46, (174, 18): 69, (174, 259): 69, (177, 103): 46, (177, 174): 46, (179, 12): 138, (179, 265): 138, (181, 30): 46, (181, 247): 46, (184, 105): 138, (184, 172): 138, (187, 93): 138, (187, 184): 138, (188, 11): 138, (188, 266): 138, (190, 100): 69, (190, 177): 69, (191, 89): 138, (191, 188): 138, (192, 127): 46, (192, 150): 46, (194, 44): 46, (194, 233): 46, (196, 102): 6, (196, 175): 6, (199, 45): 69, (199, 232): 69, (202, 121): 46, (202, 156): 46, (207, 91): 23, (207, 186): 23, (208, 49): 69, (208, 228): 69, (210, 138): 138, (210, 139): 138, (211, 80): 138, (211, 197): 138, (214, 43): 138, (214, 234): 138, (215, 26): 138, (215, 251): 138, (217, 78): 138, (217, 199): 138, (220, 92): 69, (220, 185): 69, (222, 125): 138, (222, 152): 138, (223, 29): 138, (223, 248): 138, (226, 44): 138, (226, 233): 138, (227, 41): 138, (227, 236): 138, (229, 0): 2, (230, 91): 69, (230, 186): 69, (231, 136): 46, (231, 141): 46, (233, 102): 69, (233, 175): 69, (237, 83): 138, (237, 194): 138, (238, 127): 138, (238, 150): 138, (241, 48): 3, (241, 229): 3, (243, 40): 138, (243, 237): 138, (244, 51): 46, (244, 226): 46, (249, 18): 46, (249, 259): 46, (254, 64): 69, (254, 213): 69, (255, 57): 138, (255, 220): 138, (257, 67): 69, (257, 210): 69, (260, 66): 138, (260, 211): 138, (263, 33): 69, (263, 244): 69, (266, 125): 46, (266, 152): 46, (271, 66): 46, (271, 211): 46, (275, 45): 138, (275, 232): 138, (276, 135): 138, (276, 142): 138}
 
281, 282, True, 6, 47
{'infinity': 1, (0, 46): 282, (0, 235): 282, (2, 86): 47, (2, 195): 47, (4, 109): 47, (4, 172): 47, (5, 99): 282, (5, 182): 282, (8, 127): 47, (8, 154): 47, (9, 118): 141, (9, 163): 141, (10, 50): 47, (10, 231): 47, (11, 68): 94, (11, 213): 94, (12, 114): 141, (12, 167): 141, (16, 48): 94, (16, 233): 94, (17, 74): 282, (17, 207): 282, (18, 38): 47, (18, 243): 47, (19, 7): 141, (19, 274): 141, (21, 97): 141, (21, 184): 141, (22, 15): 94, (22, 266): 94, (23, 100): 282, (23, 181): 282, (27, 135): 94, (27, 146): 94, (33, 106): 94, (33, 175): 94, (34, 81): 94, (34, 200): 94, (35, 70): 282, (35, 211): 282, (37, 99): 94, (37, 182): 94, (41, 39): 141, (41, 242): 141, (43, 111): 282, (43, 170): 282, (44, 11): 282, (44, 270): 282, (46, 70): 141, (46, 211): 141, (51, 75): 141, (51, 206): 141, (52, 117): 141, (52, 164): 141, (55, 76): 282, (55, 205): 282, (56, 136): 47, (56, 145): 47, (57, 19): 94, (57, 262): 94, (58, 73): 47, (58, 208): 47, (59, 23): 141, (59, 258): 141, (60, 110): 282, (60, 171): 282, (62, 109): 282, (62, 172): 282, (64, 96): 141, (64, 185): 141, (65, 27): 47, (65, 254): 47, (66, 93): 47, (66, 188): 47, (68, 127): 141, (68, 154): 141, (69, 33): 282, (69, 248): 282, (70, 90): 282, (70, 191): 282, (75, 20): 282, (75, 261): 282, (78, 17): 141, (78, 264): 141, (79, 48): 282, (79, 233): 282, (80, 4): 141, (80, 277): 141, (81, 52): 141, (81, 229): 141, (83, 73): 141, (83, 208): 141, (85, 119): 141, (85, 162): 141, (86, 136): 282, (86, 145): 282, (88, 45): 94, (88, 236): 94, (89, 45): 141, (89, 236): 141, (91, 82): 282, (91, 199): 282, (92, 40): 282, (92, 241): 282, (93, 20): 47, (93, 261): 47, (94, 38): 282, (94, 243): 282, (95, 47): 141, (95, 234): 141, (96, 36): 47, (96, 245): 47, (97, 39): 47, (97, 242): 47, (98, 19): 141, (98, 262): 141, (99, 114): 94, (99, 167): 94, (102, 16): 47, (102, 265): 47, (104, 45): 282, (104, 236): 282, (105, 7): 141, (105, 274): 141, (107, 135): 141, (107, 146): 141, (109, 62): 141, (109, 219): 141, (110, 131): 141, (110, 150): 141, (111, 60): 282, (111, 221): 282, (113, 20): 282, (113, 261): 282, (116, 104): 94, (116, 177): 94, (117, 138): 282, (117, 143): 282, (118, 118): 94, (118, 163): 94, (124, 116): 282, (124, 165): 282, (125, 140): 94, (125, 141): 94, (126, 19): 282, (126, 262): 282, (127, 108): 94, (127, 173): 94, (128, 94): 282, (128, 187): 282, (129, 34): 94, (129, 247): 94, (134, 30): 94, (134, 251): 94, (135, 124): 141, (135, 157): 141, (136, 95): 141, (136, 186): 141, (137, 31): 6, (137, 250): 6, (139, 136): 282, (139, 145): 282, (140, 73): 141, (140, 208): 141, (143, 39): 141, (143, 242): 141, (144, 112): 282, (144, 169): 282, (145, 69): 282, (145, 212): 282, (147, 135): 282, (147, 146): 282, (148, 12): 94, (148, 269): 94, (154, 118): 282, (154, 163): 282, (155, 80): 141, (155, 201): 141, (157, 7): 47, (157, 274): 47, (159, 41): 141, (159, 240): 141, (160, 122): 94, (160, 159): 94, (162, 79): 141, (162, 202): 141, (163, 108): 47, (163, 173): 47, (164, 9): 141, (164, 272): 141, (165, 21): 141, (165, 260): 141, (167, 22): 282, (167, 259): 282, (169, 38): 282, (169, 243): 282, (170, 114): 282, (170, 167): 282, (173, 94): 282, (173, 187): 282, (174, 30): 282, (174, 251): 282, (176, 116): 47, (176, 165): 47, (178, 13): 141, (178, 268): 141, (182, 60): 141, (182, 221): 141, (183, 80): 282, (183, 201): 282, (185, 72): 47, (185, 209): 47, (186, 48): 141, (186, 233): 141, (194, 67): 282, (194, 214): 282, (197, 42): 94, (197, 239): 94, (199, 130): 282, (199, 151): 282, (200, 70): 94, (200, 211): 94, (201, 1): 141, (201, 280): 141, (202, 47): 282, (202, 234): 282, (203, 3): 47, (203, 278): 47, (205, 127): 141, (205, 154): 141, (210, 28): 282, (210, 253): 282, (211, 105): 141, (211, 176): 141, (215, 109): 282, (215, 172): 282, (218, 40): 282, (218, 241): 282, (219, 93): 47, (219, 188): 47, (221, 0): 2, (222, 98): 141, (222, 183): 141, (224, 80): 282, (224, 201): 282, (231, 78): 47, (231, 203): 47, (235, 52): 3, (235, 229): 3, (239, 99): 141, (239, 182): 141, (242, 43): 282, (242, 238): 282, (246, 52): 47, (246, 229): 47, (247, 85): 94, (247, 196): 94, (252, 40): 141, (252, 241): 141, (254, 30): 141, (254, 251): 141, (256, 26): 141, (256, 255): 141, (260, 64): 141, (260, 217): 141, (261, 94): 141, (261, 187): 141, (262, 116): 282, (262, 165): 282, (265, 47): 282, (265, 234): 282, (269, 60): 94, (269, 221): 94, (270, 125): 47, (270, 156): 47, (272, 108): 94, (272, 173): 94, (274, 32): 141, (274, 249): 141, (277, 93): 47, (277, 188): 47}
 
283, 312, False, 6, 52
{'infinity': 1, (1, 3): 156, (1, 280): 156, (2, 135): 52, (2, 148): 52, (5, 44): 6, (5, 239): 6, (6, 133): 13, (6, 150): 13, (12, 16): 78, (12, 267): 78, (13, 16): 39, (13, 267): 39, (14, 30): 52, (14, 253): 52, (23, 93): 156, (23, 190): 156, (24, 82): 39, (24, 201): 39, (26, 106): 13, (26, 177): 13, (29, 47): 39, (29, 236): 39, (30, 39): 26, (30, 244): 26, (31, 36): 156, (31, 247): 156, (33, 109): 26, (33, 174): 26, (34, 94): 39, (34, 189): 39, (35, 81): 156, (35, 202): 156, (36, 58): 156, (36, 225): 156, (37, 10): 26, (37, 273): 26, (41, 19): 52, (41, 264): 52, (42, 75): 156, (42, 208): 156, (44, 28): 78, (44, 255): 78, (46, 31): 156, (46, 252): 156, (48, 114): 13, (48, 169): 13, (49, 118): 156, (49, 165): 156, (52, 136): 156, (52, 147): 156, (57, 80): 52, (57, 203): 52, (62, 34): 52, (62, 249): 52, (63, 37): 52, (63, 246): 52, (64, 53): 39, (64, 230): 39, (65, 117): 26, (65, 166): 26, (69, 18): 156, (69, 265): 156, (70, 14): 78, (70, 269): 78, (72, 91): 78, (72, 192): 78, (73, 112): 26, (73, 171): 26, (74, 98): 156, (74, 185): 156, (76, 58): 39, (76, 225): 39, (79, 77): 52, (79, 206): 52, (80, 138): 78, (80, 145): 78, (81, 124): 156, (81, 159): 156, (82, 5): 52, (82, 278): 52, (83, 62): 26, (83, 221): 26, (84, 37): 78, (84, 246): 78, (86, 22): 156, (86, 261): 156, (87, 117): 39, (87, 166): 39, (88, 75): 12, (88, 208): 12, (89, 97): 156, (89, 186): 156, (90, 133): 156, (90, 150): 156, (93, 71): 156, (93, 212): 156, (94, 73): 39, (94, 210): 39, (95, 44): 156, (95, 239): 156, (97, 53): 78, (97, 230): 78, (100, 85): 52, (100, 198): 52, (102, 78): 26, (102, 205): 26, (103, 108): 156, (103, 175): 156, (105, 94): 26, (105, 189): 26, (106, 52): 78, (106, 231): 78, (107, 86): 78, (107, 197): 78, (108, 109): 156, (108, 174): 156, (109, 113): 78, (109, 170): 78, (110, 132): 52, (110, 151): 52, (111, 74): 52, (111, 209): 52, (112, 49): 156, (112, 234): 156, (113, 127): 78, (113, 156): 78, (115, 104): 78, (115, 179): 78, (119, 126): 78, (119, 157): 78, (120, 69): 13, (120, 214): 13, (122, 53): 26, (122, 230): 26, (124, 39): 156, (124, 244): 156, (125, 3): 78, (125, 280): 78, (126, 68): 26, (126, 215): 26, (127, 72): 156, (127, 211): 156, (128, 89): 156, (128, 194): 156, (129, 39): 156, (129, 244): 156, (131, 117): 78, (131, 166): 78, (132, 63): 26, (132, 220): 26, (133, 46): 78, (133, 237): 78, (135, 67): 78, (135, 216): 78, (136, 37): 156, (136, 246): 156, (138, 123): 39, (138, 160): 39, (139, 61): 156, (139, 222): 156, (141, 26): 52, (141, 257): 52, (142, 109): 12, (142, 174): 12, (144, 94): 78, (144, 189): 78, (147, 43): 78, (147, 240): 78, (148, 12): 156, (148, 271): 156, (149, 90): 26, (149, 193): 26, (150, 128): 78, (150, 155): 78, (152, 0): 2, (153, 75): 13, (153, 208): 13, (156, 79): 78, (156, 204): 78, (157, 3): 52, (157, 280): 52, (158, 68): 78, (158, 215): 78, (160, 63): 4, (160, 220): 4, (163, 116): 39, (163, 167): 39, (164, 139): 52, (164, 144): 52, (165, 64): 78, (165, 219): 78, (166, 7): 156, (166, 276): 156, (167, 66): 26, (167, 217): 26, (169, 64): 156, (169, 219): 156, (171, 58): 52, (171, 225): 52, (172, 17): 12, (172, 266): 12, (173, 129): 156, (173, 154): 156, (174, 141): 156, (174, 142): 156, (175, 26): 78, (175, 257): 78, (178, 61): 156, (178, 222): 156, (180, 45): 78, (180, 238): 78, (182, 11): 52, (182, 272): 52, (183, 44): 156, (183, 239): 156, (184, 86): 12, (184, 197): 12, (185, 35): 156, (185, 248): 156, (187, 133): 156, (187, 150): 156, (188, 85): 78, (188, 198): 78, (190, 21): 6, (190, 262): 6, (196, 0): 2, (198, 78): 156, (198, 205): 156, (199, 43): 52, (199, 240): 52, (202, 119): 156, (202, 164): 156, (205, 5): 52, (205, 278): 52, (206, 38): 39, (206, 245): 39, (207, 49): 156, (207, 234): 156, (210, 101): 156, (210, 182): 156, (214, 8): 78, (214, 275): 78, (218, 0): 2, (220, 43): 156, (220, 240): 156, (221, 9): 156, (221, 274): 156, (223, 23): 78, (223, 260): 78, (225, 88): 26, (225, 195): 26, (226, 110): 26, (226, 173): 26, (227, 41): 52, (227, 242): 52, (228, 98): 156, (228, 185): 156, (231, 2): 156, (231, 281): 156, (232, 64): 4, (232, 219): 4, (235, 134): 78, (235, 149): 78, (236, 22): 52, (236, 261): 52, (240, 1): 156, (240, 282): 156, (244, 22): 78, (244, 261): 78, (247, 49): 3, (247, 234): 3, (249, 61): 78, (249, 222): 78, (250, 26): 156, (250, 257): 156, (251, 65): 78, (251, 218): 78, (254, 96): 52, (254, 187): 52, (258, 16): 26, (258, 267): 26, (262, 102): 78, (262, 181): 78, (263, 93): 6, (263, 190): 6, (264, 98): 26, (264, 185): 26, (265, 92): 26, (265, 191): 26, (266, 78): 156, (266, 205): 156, (268, 32): 78, (268, 251): 78, (269, 51): 78, (269, 232): 78, (272, 125): 52, (272, 158): 52, (274, 63): 52, (274, 220): 52, (275, 86): 156, (275, 197): 156, (278, 85): 156, (278, 198): 156, (279, 5): 13, (279, 278): 13, (280, 93): 52, (280, 190): 52, (281, 29): 78, (281, 254): 78, (282, 68): 39, (282, 215): 39}
 
293, 324, True, 27, 12
{'infinity': 1, (0, 123): 324, (0, 170): 324, (1, 122): 162, (1, 171): 162, (3, 103): 108, (3, 190): 108, (4, 32): 27, (4, 261): 27, (5, 48): 6, (5, 245): 6, (7, 38): 324, (7, 255): 324, (10, 22): 27, (10, 271): 27, (11, 139): 81, (11, 154): 81, (13, 8): 324, (13, 285): 324, (16, 35): 162, (16, 258): 162, (17, 100): 324, (17, 193): 324, (20, 120): 324, (20, 173): 324, (22, 21): 108, (22, 272): 108, (26, 143): 108, (26, 150): 108, (28, 127): 108, (28, 166): 108, (31, 134): 324, (31, 159): 324, (33, 113): 108, (33, 180): 108, (34, 19): 324, (34, 274): 324, (35, 113): 162, (35, 180): 162, (36, 90): 324, (36, 203): 324, (40, 58): 162, (40, 235): 162, (42, 19): 324, (42, 274): 324, (43, 92): 324, (43, 201): 324, (44, 36): 324, (44, 257): 324, (46, 8): 27, (46, 285): 27, (47, 93): 81, (47, 200): 81, (48, 68): 324, (48, 225): 324, (50, 9): 108, (50, 284): 108, (51, 109): 54, (51, 184): 54, (52, 66): 108, (52, 227): 108, (53, 69): 36, (53, 224): 36, (54, 33): 162, (54, 260): 162, (59, 111): 9, (59, 182): 9, (60, 40): 324, (60, 253): 324, (62, 17): 81, (62, 276): 81, (65, 106): 324, (65, 187): 324, (67, 51): 27, (67, 242): 27, (68, 74): 324, (68, 219): 324, (69, 140): 324, (69, 153): 324, (70, 83): 162, (70, 210): 162, (73, 127): 108, (73, 166): 108, (74, 118): 81, (74, 175): 81, (75, 83): 81, (75, 210): 81, (77, 62): 324, (77, 231): 324, (78, 98): 324, (78, 195): 324, (79, 89): 324, (79, 204): 324, (81, 65): 81, (81, 228): 81, (89, 82): 108, (89, 211): 108, (90, 136): 324, (90, 157): 324, (91, 120): 108, (91, 173): 108, (92, 3): 18, (92, 290): 18, (93, 122): 324, (93, 171): 324, (97, 62): 324, (97, 231): 324, (100, 90): 81, (100, 203): 81, (101, 46): 324, (101, 247): 324, (102, 66): 324, (102, 227): 324, (106, 47): 324, (106, 246): 324, (107, 87): 162, (107, 206): 162, (109, 2): 324, (109, 291): 324, (110, 139): 162, (110, 154): 162, (111, 6): 81, (111, 287): 81, (112, 13): 81, (112, 280): 81, (113, 55): 81, (113, 238): 81, (115, 68): 4, (115, 225): 4, (116, 50): 81, (116, 243): 81, (117, 85): 81, (117, 208): 81, (118, 35): 108, (118, 258): 108, (119, 62): 9, (119, 231): 9, (120, 32): 81, (120, 261): 81, (121, 125): 324, (121, 168): 324, (127, 107): 324, (127, 186): 324, (129, 45): 324, (129, 248): 324, (130, 68): 81, (130, 225): 81, (134, 57): 162, (134, 236): 162, (138, 79): 81, (138, 214): 81, (139, 66): 162, (139, 227): 162, (140, 31): 162, (140, 262): 162, (143, 95): 27, (143, 198): 27, (144, 23): 324, (144, 270): 324, (145, 145): 324, (145, 148): 324, (146, 130): 81, (146, 163): 81, (148, 83): 54, (148, 210): 54, (150, 132): 27, (150, 161): 27, (155, 121): 36, (155, 172): 36, (157, 90): 108, (157, 203): 108, (158, 129): 162, (158, 164): 162, (159, 35): 324, (159, 258): 324, (163, 27): 36, (163, 266): 36, (165, 53): 324, (165, 240): 324, (166, 49): 108, (166, 244): 108, (167, 135): 81, (167, 158): 81, (168, 105): 3, (168, 188): 3, (169, 32): 81, (169, 261): 81, (172, 139): 162, (172, 154): 162, (175, 57): 108, (175, 236): 108, (177, 41): 108, (177, 252): 108, (178, 27): 324, (178, 266): 324, (180, 34): 324, (180, 259): 324, (181, 72): 54, (181, 221): 54, (182, 120): 162, (182, 173): 162, (183, 125): 81, (183, 168): 81, (185, 54): 162, (185, 239): 162, (188, 141): 324, (188, 152): 324, (190, 14): 81, (190, 279): 81, (192, 127): 9, (192, 166): 9, (197, 85): 27, (197, 208): 27, (198, 135): 162, (198, 158): 162, (199, 122): 108, (199, 171): 108, (202, 6): 36, (202, 287): 36, (204, 67): 324, (204, 226): 324, (205, 28): 324, (205, 265): 324, (206, 52): 54, (206, 241): 54, (207, 0): 2, (209, 31): 324, (209, 262): 324, (211, 130): 162, (211, 163): 162, (214, 77): 324, (214, 216): 324, (215, 12): 324, (215, 281): 324, (217, 19): 81, (217, 274): 81, (218, 145): 324, (218, 148): 324, (220, 46): 324, (220, 247): 324, (221, 135): 162, (221, 158): 162, (223, 145): 54, (223, 148): 54, (225, 113): 324, (225, 180): 324, (226, 81): 324, (226, 212): 324, (227, 87): 324, (227, 206): 324, (229, 130): 18, (229, 163): 18, (230, 136): 12, (230, 157): 12, (231, 134): 162, (231, 159): 162, (233, 108): 162, (233, 185): 162, (234, 8): 324, (234, 285): 324, (235, 65): 324, (235, 228): 324, (237, 31): 108, (237, 262): 108, (238, 64): 54, (238, 229): 54, (240, 42): 27, (240, 251): 27, (242, 117): 162, (242, 176): 162, (244, 86): 18, (244, 207): 18, (245, 27): 162, (245, 266): 162, (246, 146): 162, (246, 147): 162, (247, 111): 54, (247, 182): 54, (252, 87): 108, (252, 206): 108, (254, 116): 324, (254, 177): 324, (255, 91): 324, (255, 202): 324, (258, 74): 324, (258, 219): 324, (260, 74): 81, (260, 219): 81, (262, 17): 81, (262, 276): 81, (263, 37): 81, (263, 256): 81, (265, 46): 162, (265, 247): 162, (266, 136): 81, (266, 157): 81, (267, 124): 81, (267, 169): 81, (268, 110): 162, (268, 183): 162, (270, 65): 36, (270, 228): 36, (271, 78): 162, (271, 215): 162, (272, 85): 81, (272, 208): 81, (273, 6): 324, (273, 287): 324, (275, 80): 54, (275, 213): 54, (277, 57): 324, (277, 236): 324, (280, 111): 54, (280, 182): 54, (281, 112): 36, (281, 181): 36, (282, 125): 12, (282, 168): 12, (284, 56): 162, (284, 237): 162, (286, 10): 324, (286, 283): 324, (291, 60): 27, (291, 233): 27}
 
307, 324, False, 36, 9
{'infinity': 1, (1, 32): 54, (1, 275): 54, (2, 98): 54, (2, 209): 54, (3, 151): 54, (3, 156): 54, (4, 149): 18, (4, 158): 18, (5, 83): 54, (5, 224): 54, (7, 0): 2, (8, 41): 9, (8, 266): 9, (12, 137): 18, (12, 170): 18, (13, 117): 9, (13, 190): 9, (16, 13): 9, (16, 294): 9, (17, 137): 54, (17, 170): 54, (18, 18): 27, (18, 289): 27, (19, 10): 18, (19, 297): 18, (21, 0): 2, (23, 149): 54, (23, 158): 54, (24, 14): 54, (24, 293): 54, (27, 54): 54, (27, 253): 54, (28, 76): 18, (28, 231): 18, (32, 42): 3, (32, 265): 3, (33, 108): 54, (33, 199): 54, (34, 72): 18, (34, 235): 18, (41, 16): 18, (41, 291): 18, (42, 117): 54, (42, 190): 54, (44, 57): 54, (44, 250): 54, (45, 112): 54, (45, 195): 54, (49, 58): 27, (49, 249): 27, (55, 88): 54, (55, 219): 54, (56, 153): 54, (56, 154): 54, (57, 81): 54, (57, 226): 54, (59, 91): 54, (59, 216): 54, (61, 66): 27, (61, 241): 27, (63, 93): 6, (63, 214): 6, (65, 5): 9, (65, 302): 9, (66, 30): 54, (66, 277): 54, (68, 62): 18, (68, 245): 18, (75, 91): 3, (75, 216): 3, (78, 32): 54, (78, 275): 54, (82, 153): 54, (82, 154): 54, (84, 42): 27, (84, 265): 27, (86, 52): 9, (86, 255): 9, (88, 113): 54, (88, 194): 54, (89, 18): 18, (89, 289): 18, (90, 152): 27, (90, 155): 27, (92, 58): 6, (92, 249): 6, (96, 86): 54, (96, 221): 54, (98, 74): 54, (98, 233): 54, (99, 100): 54, (99, 207): 54, (102, 12): 54, (102, 295): 54, (103, 68): 6, (103, 239): 6, (105, 44): 54, (105, 263): 54, (107, 141): 27, (107, 166): 27, (109, 22): 18, (109, 285): 18, (112, 79): 54, (112, 228): 54, (113, 30): 18, (113, 277): 18, (115, 94): 18, (115, 213): 18, (117, 67): 27, (117, 240): 27, (119, 143): 18, (119, 164): 18, (120, 5): 27, (120, 302): 27, (121, 131): 9, (121, 176): 9, (122, 5): 27, (122, 302): 27, (123, 97): 54, (123, 210): 54, (124, 133): 18, (124, 174): 18, (125, 2): 27, (125, 305): 27, (127, 53): 6, (127, 254): 6, (128, 30): 27, (128, 277): 27, (129, 56): 18, (129, 251): 18, (130, 96): 18, (130, 211): 18, (131, 135): 18, (131, 172): 18, (132, 151): 54, (132, 156): 54, (133, 132): 54, (133, 175): 54, (135, 144): 54, (135, 163): 54, (136, 72): 27, (136, 235): 27, (137, 72): 54, (137, 235): 54, (140, 3): 27, (140, 304): 27, (142, 83): 27, (142, 224): 27, (147, 27): 54, (147, 280): 54, (148, 82): 27, (148, 225): 27, (149, 75): 6, (149, 232): 6, (150, 87): 54, (150, 220): 54, (152, 111): 54, (152, 196): 54, (155, 142): 9, (155, 165): 9, (156, 125): 27, (156, 182): 27, (157, 7): 54, (157, 300): 54, (159, 105): 18, (159, 202): 18, (160, 83): 54, (160, 224): 54, (162, 125): 27, (162, 182): 27, (165, 27): 54, (165, 280): 54, (166, 58): 54, (166, 249): 54, (168, 24): 54, (168, 283): 54, (169, 153): 54, (169, 154): 54, (170, 63): 54, (170, 244): 54, (171, 63): 27, (171, 244): 27, (172, 151): 18, (172, 156): 18, (173, 91): 54, (173, 216): 54, (175, 144): 54, (175, 163): 54, (178, 106): 54, (178, 201): 54, (182, 89): 6, (182, 218): 6, (183, 47): 54, (183, 260): 54, (185, 15): 54, (185, 292): 54, (187, 15): 54, (187, 292): 54, (188, 129): 27, (188, 178): 27, (191, 42): 27, (191, 265): 27, (192, 138): 54, (192, 169): 54, (195, 145): 6, (195, 162): 6, (196, 131): 54, (196, 176): 54, (197, 50): 27, (197, 257): 27, (199, 26): 54, (199, 281): 54, (200, 18): 54, (200, 289): 54, (201, 78): 54, (201, 229): 54, (202, 69): 54, (202, 238): 54, (207, 92): 54, (207, 215): 54, (211, 23): 54, (211, 284): 54, (216, 45): 18, (216, 262): 18, (217, 103): 54, (217, 204): 54, (218, 141): 18, (218, 166): 18, (219, 36): 54, (219, 271): 54, (222, 128): 9, (222, 179): 9, (224, 119): 54, (224, 188): 54, (226, 95): 54, (226, 212): 54, (227, 97): 6, (227, 210): 6, (228, 32): 18, (228, 275): 18, (231, 40): 54, (231, 267): 54, (233, 1): 6, (233, 306): 6, (236, 46): 3, (236, 261): 3, (237, 147): 54, (237, 160): 54, (239, 107): 18, (239, 200): 18, (242, 15): 6, (242, 292): 6, (243, 77): 54, (243, 230): 54, (245, 29): 54, (245, 278): 54, (249, 8): 18, (249, 299): 18, (252, 117): 54, (252, 190): 54, (254, 21): 6, (254, 286): 6, (262, 39): 54, (262, 268): 54, (263, 104): 54, (263, 203): 54, (264, 97): 54, (264, 210): 54, (265, 88): 54, (265, 219): 54, (267, 139): 27, (267, 168): 27, (271, 31): 3, (271, 276): 3, (272, 81): 18, (272, 226): 18, (273, 63): 18, (273, 244): 18, (274, 49): 54, (274, 258): 54, (276, 121): 27, (276, 186): 27, (278, 137): 54, (278, 170): 54, (279, 0): 2, (280, 149): 27, (280, 158): 27, (282, 90): 6, (282, 217): 6, (283, 19): 27, (283, 288): 27, (284, 54): 18, (284, 253): 18, (285, 81): 27, (285, 226): 27, (286, 76): 54, (286, 231): 54, (287, 80): 54, (287, 227): 54, (288, 134): 54, (288, 173): 54, (289, 141): 54, (289, 166): 54, (291, 9): 54, (291, 298): 54, (292, 127): 18, (292, 180): 18, (294, 88): 27, (294, 219): 27, (296, 125): 9, (296, 182): 9, (297, 131): 54, (297, 176): 54, (299, 59): 54, (299, 248): 54, (300, 76): 54, (300, 231): 54, (302, 27): 54, (302, 280): 54, (303, 54): 54, (303, 253): 54, (304, 144): 54, (304, 163): 54}
 
311, 312, True, 6, 52
{'infinity': 1, (0, 0): 2, (3, 42): 39, (3, 269): 39, (7, 73): 39, (7, 238): 39, (8, 146): 39, (8, 165): 39, (13, 116): 156, (13, 195): 156, (15, 104): 52, (15, 207): 52, (17, 57): 104, (17, 254): 104, (27, 22): 13, (27, 289): 13, (29, 94): 312, (29, 217): 312, (30, 72): 156, (30, 239): 156, (31, 108): 312, (31, 203): 312, (32, 35): 12, (32, 276): 12, (35, 140): 156, (35, 171): 156, (36, 18): 3, (36, 293): 3, (37, 70): 104, (37, 241): 104, (39, 27): 156, (39, 284): 156, (40, 154): 156, (40, 157): 156, (42, 21): 6, (42, 290): 6, (43, 29): 312, (43, 282): 312, (46, 111): 104, (46, 200): 104, (47, 87): 26, (47, 224): 26, (48, 61): 156, (48, 250): 156, (50, 117): 78, (50, 194): 78, (52, 141): 39, (52, 170): 39, (53, 54): 78, (53, 257): 78, (55, 51): 24, (55, 260): 24, (56, 35): 26, (56, 276): 26, (58, 137): 312, (58, 174): 312, (59, 44): 312, (59, 267): 312, (61, 48): 312, (61, 263): 312, (62, 70): 312, (62, 241): 312, (64, 113): 52, (64, 198): 52, (65, 4): 78, (65, 307): 78, (68, 96): 312, (68, 215): 312, (70, 92): 52, (70, 219): 52, (71, 140): 104, (71, 171): 104, (79, 94): 39, (79, 217): 39, (80, 125): 39, (80, 186): 39, (83, 79): 39, (83, 232): 39, (85, 141): 312, (85, 170): 312, (87, 27): 104, (87, 284): 104, (90, 74): 78, (90, 237): 78, (100, 74): 156, (100, 237): 156, (101, 88): 24, (101, 223): 24, (103, 137): 312, (103, 174): 312, (107, 155): 13, (107, 156): 13, (109, 25): 13, (109, 286): 13, (110, 119): 312, (110, 192): 312, (111, 131): 312, (111, 180): 312, (114, 90): 104, (114, 221): 104, (117, 29): 52, (117, 282): 52, (119, 77): 312, (119, 234): 312, (121, 74): 156, (121, 237): 156, (125, 127): 12, (125, 184): 12, (127, 98): 4, (127, 213): 4, (128, 22): 26, (128, 289): 26, (129, 23): 312, (129, 288): 312, (130, 112): 156, (130, 199): 156, (132, 40): 312, (132, 271): 312, (133, 62): 104, (133, 249): 104, (135, 129): 39, (135, 182): 39, (141, 121): 52, (141, 190): 52, (142, 5): 312, (142, 306): 312, (143, 16): 312, (143, 295): 312, (145, 145): 312, (145, 166): 312, (146, 128): 52, (146, 183): 52, (147, 60): 156, (147, 251): 156, (149, 39): 312, (149, 272): 312, (150, 137): 52, (150, 174): 52, (151, 29): 312, (151, 282): 312, (153, 64): 312, (153, 247): 312, (154, 10): 104, (154, 301): 104, (156, 22): 26, (156, 289): 26, (159, 3): 156, (159, 308): 156, (163, 52): 52, (163, 259): 52, (167, 144): 312, (167, 167): 312, (171, 8): 312, (171, 303): 312, (172, 114): 104, (172, 197): 104, (173, 84): 39, (173, 227): 39, (174, 141): 104, (174, 170): 104, (175, 28): 156, (175, 283): 156, (177, 122): 24, (177, 189): 24, (180, 115): 13, (180, 196): 13, (185, 27): 312, (185, 284): 312, (187, 28): 156, (187, 283): 156, (188, 45): 156, (188, 266): 156, (189, 106): 78, (189, 205): 78, (191, 10): 104, (191, 301): 104, (193, 97): 78, (193, 214): 78, (195, 5): 26, (195, 306): 26, (196, 91): 52, (196, 220): 52, (198, 56): 312, (198, 255): 312, (199, 53): 312, (199, 258): 312, (203, 94): 104, (203, 217): 104, (205, 140): 312, (205, 171): 312, (206, 155): 312, (206, 156): 312, (207, 102): 312, (207, 209): 312, (209, 122): 156, (209, 189): 156, (212, 70): 156, (212, 241): 156, (213, 71): 312, (213, 240): 312, (214, 118): 39, (214, 193): 39, (215, 12): 312, (215, 299): 312, (216, 120): 78, (216, 191): 78, (217, 69): 104, (217, 242): 104, (218, 33): 52, (218, 278): 52, (219, 88): 39, (219, 223): 39, (220, 115): 312, (220, 196): 312, (222, 115): 312, (222, 196): 312, (223, 35): 156, (223, 276): 156, (225, 52): 13, (225, 259): 13, (227, 107): 104, (227, 204): 104, (229, 105): 39, (229, 206): 39, (230, 149): 312, (230, 162): 312, (233, 30): 104, (233, 281): 104, (234, 52): 52, (234, 259): 52, (235, 25): 156, (235, 286): 156, (236, 122): 104, (236, 189): 104, (237, 9): 156, (237, 302): 156, (238, 138): 312, (238, 173): 312, (239, 101): 104, (239, 210): 104, (242, 125): 156, (242, 186): 156, (244, 131): 312, (244, 180): 312, (245, 23): 156, (245, 288): 156, (248, 23): 8, (248, 288): 8, (251, 63): 104, (251, 248): 104, (254, 41): 78, (254, 270): 78, (257, 83): 104, (257, 228): 104, (260, 28): 78, (260, 283): 78, (262, 147): 312, (262, 164): 312, (266, 92): 312, (266, 219): 312, (267, 131): 26, (267, 180): 26, (270, 113): 156, (270, 198): 156, (273, 58): 78, (273, 253): 78, (277, 10): 13, (277, 301): 13, (278, 25): 156, (278, 286): 156, (283, 20): 104, (283, 291): 104, (285, 5): 312, (285, 306): 312, (286, 92): 312, (286, 219): 312, (287, 68): 8, (287, 243): 8, (288, 113): 78, (288, 198): 78, (289, 46): 78, (289, 265): 78, (290, 139): 104, (290, 172): 104, (291, 18): 312, (291, 293): 312, (292, 76): 156, (292, 235): 156, (293, 134): 104, (293, 177): 104, (295, 18): 312, (295, 293): 312, (297, 103): 104, (297, 208): 104, (299, 47): 312, (299, 264): 312, (300, 125): 52, (300, 186): 52, (301, 36): 312, (301, 275): 312, (302, 88): 312, (302, 223): 312, (305, 73): 312, (305, 238): 312, (306, 152): 104, (306, 159): 104, (307, 150): 312, (307, 161): 312, (309, 155): 24, (309, 156): 24, (310, 73): 312, (310, 238): 312}
 
313, 297, False, 3, 99
{'infinity': 1, (0, 51): 99, (0, 262): 99, (2, 25): 99, (2, 288): 99, (3, 61): 33, (3, 252): 33, (8, 101): 99, (8, 212): 99, (9, 6): 9, (9, 307): 9, (15, 122): 33, (15, 191): 33, (16, 29): 33, (16, 284): 33, (18, 103): 99, (18, 210): 99, (19, 120): 3, (19, 193): 3, (20, 82): 33, (20, 231): 33, (21, 67): 99, (21, 246): 99, (25, 25): 33, (25, 288): 33, (26, 97): 33, (26, 216): 33, (29, 10): 11, (29, 303): 11, (31, 102): 99, (31, 211): 99, (34, 124): 99, (34, 189): 99, (35, 111): 99, (35, 202): 99, (37, 30): 99, (37, 283): 99, (38, 44): 99, (38, 269): 99, (39, 105): 99, (39, 208): 99, (40, 83): 99, (40, 230): 99, (41, 72): 99, (41, 241): 99, (44, 2): 33, (44, 311): 33, (46, 65): 33, (46, 248): 33, (49, 61): 99, (49, 252): 99, (50, 8): 99, (50, 305): 99, (51, 33): 99, (51, 280): 99, (53, 148): 99, (53, 165): 99, (55, 22): 99, (55, 291): 99, (57, 27): 99, (57, 286): 99, (59, 82): 33, (59, 231): 33, (61, 26): 99, (61, 287): 99, (62, 119): 99, (62, 194): 99, (63, 133): 99, (63, 180): 99, (64, 130): 99, (64, 183): 99, (68, 41): 33, (68, 272): 33, (71, 68): 9, (71, 245): 9, (73, 152): 33, (73, 161): 33, (75, 76): 33, (75, 237): 33, (76, 125): 33, (76, 188): 33, (77, 138): 33, (77, 175): 33, (78, 119): 33, (78, 194): 33, (80, 22): 9, (80, 291): 9, (83, 4): 99, (83, 309): 99, (86, 30): 99, (86, 283): 99, (87, 142): 99, (87, 171): 99, (88, 42): 99, (88, 271): 99, (92, 122): 11, (92, 191): 11, (96, 29): 3, (96, 284): 3, (97, 68): 33, (97, 245): 33, (98, 15): 33, (98, 298): 33, (99, 84): 99, (99, 229): 99, (100, 108): 99, (100, 205): 99, (102, 33): 99, (102, 280): 99, (103, 83): 99, (103, 230): 99, (104, 133): 99, (104, 180): 99, (105, 2): 33, (105, 311): 33, (110, 5): 33, (110, 308): 33, (111, 77): 99, (111, 236): 99, (113, 31): 11, (113, 282): 11, (114, 37): 33, (114, 276): 33, (116, 104): 99, (116, 209): 99, (118, 93): 33, (118, 220): 33, (120, 155): 33, (120, 158): 33, (121, 46): 33, (121, 267): 33, (122, 85): 33, (122, 228): 33, (125, 26): 33, (125, 287): 33, (127, 26): 9, (127, 287): 9, (129, 106): 99, (129, 207): 99, (139, 73): 33, (139, 240): 33, (145, 68): 99, (145, 245): 99, (146, 133): 99, (146, 180): 99, (150, 110): 99, (150, 203): 99, (153, 36): 33, (153, 277): 33, (156, 56): 33, (156, 257): 33, (160, 33): 33, (160, 280): 33, (162, 18): 99, (162, 295): 99, (163, 81): 99, (163, 232): 99, (164, 2): 33, (164, 311): 33, (167, 71): 33, (167, 242): 33, (168, 151): 11, (168, 162): 11, (170, 83): 99, (170, 230): 99, (171, 45): 99, (171, 268): 99, (173, 119): 99, (173, 194): 99, (175, 62): 99, (175, 251): 99, (178, 22): 99, (178, 291): 99, (181, 114): 99, (181, 199): 99, (182, 136): 99, (182, 177): 99, (183, 19): 33, (183, 294): 33, (184, 126): 99, (184, 187): 99, (185, 16): 99, (185, 297): 99, (186, 12): 33, (186, 301): 33, (187, 132): 99, (187, 181): 99, (188, 12): 99, (188, 301): 99, (190, 30): 9, (190, 283): 9, (192, 39): 99, (192, 274): 99, (195, 50): 33, (195, 263): 33, (198, 155): 33, (198, 158): 33, (201, 29): 33, (201, 284): 33, (203, 13): 99, (203, 300): 99, (205, 109): 99, (205, 204): 99, (206, 122): 33, (206, 191): 33, (209, 71): 99, (209, 242): 99, (211, 36): 99, (211, 277): 99, (214, 112): 99, (214, 201): 99, (216, 151): 99, (216, 162): 99, (220, 135): 99, (220, 178): 99, (224, 85): 9, (224, 228): 9, (231, 42): 99, (231, 271): 99, (234, 82): 3, (234, 231): 3, (236, 121): 99, (236, 192): 99, (238, 129): 99, (238, 184): 99, (242, 151): 99, (242, 162): 99, (243, 54): 99, (243, 259): 99, (244, 96): 99, (244, 217): 99, (245, 144): 33, (245, 169): 33, (246, 156): 9, (246, 157): 9, (248, 125): 99, (248, 188): 99, (249, 14): 99, (249, 299): 99, (250, 71): 99, (250, 242): 99, (252, 12): 99, (252, 301): 99, (253, 37): 99, (253, 276): 99, (255, 154): 99, (255, 159): 99, (257, 15): 99, (257, 298): 99, (259, 37): 99, (259, 276): 99, (260, 52): 99, (260, 261): 99, (261, 61): 99, (261, 252): 99, (262, 36): 9, (262, 277): 9, (267, 59): 33, (267, 254): 33, (268, 113): 99, (268, 200): 99, (271, 15): 99, (271, 298): 99, (272, 47): 99, (272, 266): 99, (277, 128): 3, (277, 185): 3, (279, 74): 99, (279, 239): 99, (280, 85): 99, (280, 228): 99, (281, 147): 9, (281, 166): 9, (282, 57): 99, (282, 256): 99, (285, 66): 99, (285, 247): 99, (286, 25): 99, (286, 288): 99, (290, 143): 33, (290, 170): 33, (292, 20): 99, (292, 293): 99, (294, 38): 99, (294, 275): 99, (299, 35): 99, (299, 278): 99, (302, 125): 99, (302, 188): 99, (304, 28): 99, (304, 285): 99, (305, 3): 99, (305, 310): 99, (307, 42): 99, (307, 271): 99, (308, 155): 11, (308, 158): 11}
 
317, 330, True, 6, 55
{'infinity': 1, (2, 63): 165, (2, 254): 165, (5, 54): 165, (5, 263): 165, (6, 9): 165, (6, 308): 165, (7, 120): 22, (7, 197): 22, (9, 117): 10, (9, 200): 10, (10, 16): 22, (10, 301): 22, (12, 134): 330, (12, 183): 330, (13, 56): 330, (13, 261): 330, (14, 45): 165, (14, 272): 165, (16, 78): 15, (16, 239): 15, (18, 137): 55, (18, 180): 55, (20, 68): 110, (20, 249): 110, (22, 109): 110, (22, 208): 110, (26, 144): 165, (26, 173): 165, (27, 140): 165, (27, 177): 165, (28, 157): 330, (28, 160): 330, (30, 76): 330, (30, 241): 330, (31, 108): 33, (31, 209): 33, (34, 6): 330, (34, 311): 330, (36, 153): 55, (36, 164): 55, (38, 41): 55, (38, 276): 55, (42, 0): 2, (43, 35): 33, (43, 282): 33, (44, 55): 330, (44, 262): 330, (51, 23): 165, (51, 294): 165, (55, 26): 110, (55, 291): 110, (57, 149): 33, (57, 168): 33, (60, 22): 110, (60, 295): 110, (64, 110): 330, (64, 207): 330, (65, 130): 33, (65, 187): 33, (66, 128): 55, (66, 189): 55, (72, 154): 110, (72, 163): 110, (73, 65): 165, (73, 252): 165, (75, 63): 22, (75, 254): 22, (77, 21): 330, (77, 296): 330, (78, 1): 15, (78, 316): 15, (80, 46): 165, (80, 271): 165, (83, 68): 66, (83, 249): 66, (85, 128): 165, (85, 189): 165, (88, 106): 330, (88, 211): 330, (92, 54): 330, (92, 263): 330, (94, 116): 110, (94, 201): 110, (95, 83): 33, (95, 234): 33, (96, 154): 33, (96, 163): 33, (98, 116): 330, (98, 201): 330, (102, 62): 165, (102, 255): 165, (103, 145): 55, (103, 172): 55, (104, 28): 330, (104, 289): 330, (109, 104): 165, (109, 213): 165, (111, 79): 110, (111, 238): 110, (112, 6): 165, (112, 311): 165, (115, 121): 55, (115, 196): 55, (116, 51): 330, (116, 266): 330, (120, 120): 330, (120, 197): 330, (121, 58): 165, (121, 259): 165, (122, 36): 22, (122, 281): 22, (123, 94): 165, (123, 223): 165, (124, 89): 5, (124, 228): 5, (125, 116): 33, (125, 201): 33, (126, 74): 330, (126, 243): 330, (129, 19): 165, (129, 298): 165, (130, 14): 330, (130, 303): 330, (132, 150): 165, (132, 167): 165, (134, 86): 165, (134, 231): 165, (135, 41): 330, (135, 276): 330, (136, 140): 165, (136, 177): 165, (140, 111): 330, (140, 206): 330, (141, 12): 15, (141, 305): 15, (142, 15): 55, (142, 302): 55, (143, 29): 55, (143, 288): 55, (144, 41): 330, (144, 276): 330, (146, 39): 165, (146, 278): 165, (147, 97): 55, (147, 220): 55, (148, 136): 6, (148, 181): 6, (149, 154): 330, (149, 163): 330, (152, 82): 165, (152, 235): 165, (153, 96): 330, (153, 221): 330, (154, 140): 55, (154, 177): 55, (156, 44): 330, (156, 273): 330, (159, 141): 330, (159, 176): 330, (163, 126): 165, (163, 191): 165, (164, 30): 330, (164, 287): 330, (165, 92): 55, (165, 225): 55, (166, 128): 3, (166, 189): 3, (167, 73): 110, (167, 244): 110, (168, 148): 66, (168, 169): 66, (169, 42): 110, (169, 275): 110, (170, 32): 330, (170, 285): 330, (171, 6): 330, (171, 311): 330, (173, 142): 165, (173, 175): 165, (174, 84): 330, (174, 233): 330, (175, 8): 66, (175, 309): 66, (176, 70): 110, (176, 247): 110, (178, 59): 165, (178, 258): 165, (180, 59): 165, (180, 258): 165, (181, 126): 330, (181, 191): 330, (182, 142): 110, (182, 175): 110, (186, 72): 11, (186, 245): 11, (189, 73): 66, (189, 244): 66, (190, 120): 165, (190, 197): 165, (193, 118): 10, (193, 199): 10, (196, 27): 110, (196, 290): 110, (200, 135): 66, (200, 182): 66, (202, 123): 165, (202, 194): 165, (205, 39): 330, (205, 278): 330, (208, 85): 66, (208, 232): 66, (209, 25): 55, (209, 292): 55, (210, 44): 165, (210, 273): 165, (214, 68): 165, (214, 249): 165, (218, 94): 165, (218, 223): 165, (220, 54): 22, (220, 263): 22, (221, 148): 15, (221, 169): 15, (222, 101): 66, (222, 216): 66, (224, 47): 55, (224, 270): 55, (226, 141): 30, (226, 176): 30, (227, 114): 30, (227, 203): 30, (228, 49): 11, (228, 268): 11, (229, 103): 330, (229, 214): 330, (231, 74): 30, (231, 243): 30, (233, 112): 110, (233, 205): 110, (234, 145): 110, (234, 172): 110, (235, 143): 55, (235, 174): 55, (236, 19): 165, (236, 298): 165, (238, 102): 11, (238, 215): 11, (240, 63): 330, (240, 254): 330, (241, 46): 330, (241, 271): 330, (242, 21): 66, (242, 296): 66, (243, 79): 110, (243, 238): 110, (245, 148): 110, (245, 169): 110, (246, 57): 55, (246, 260): 55, (249, 141): 165, (249, 176): 165, (253, 66): 110, (253, 251): 110, (254, 119): 165, (254, 198): 165, (259, 24): 165, (259, 293): 165, (260, 87): 33, (260, 230): 33, (262, 105): 330, (262, 212): 330, (266, 146): 330, (266, 171): 330, (268, 44): 30, (268, 273): 30, (269, 19): 11, (269, 298): 11, (270, 20): 33, (270, 297): 33, (271, 129): 330, (271, 188): 330, (274, 40): 165, (274, 277): 165, (275, 17): 330, (275, 300): 330, (276, 59): 5, (276, 258): 5, (277, 74): 11, (277, 243): 11, (278, 73): 165, (278, 244): 165, (279, 142): 330, (279, 175): 330, (280, 79): 55, (280, 238): 55, (283, 39): 330, (283, 278): 330, (284, 80): 330, (284, 237): 330, (286, 107): 165, (286, 210): 165, (288, 81): 66, (288, 236): 66, (289, 7): 165, (289, 310): 165, (290, 126): 66, (290, 191): 66, (293, 94): 33, (293, 223): 33, (297, 145): 110, (297, 172): 110, (299, 77): 55, (299, 240): 55, (301, 115): 165, (301, 202): 165, (304, 69): 330, (304, 248): 330, (305, 48): 55, (305, 269): 55, (306, 125): 55, (306, 192): 55, (309, 117): 110, (309, 200): 110, (313, 46): 110, (313, 271): 110, (315, 21): 165, (315, 296): 165, (316, 117): 55, (316, 200): 55}
 
331, 351, True, 9, 39
{'infinity': 1, (0, 56): 351, (0, 275): 351, (6, 138): 39, (6, 193): 39, (7, 53): 351, (7, 278): 351, (10, 148): 117, (10, 183): 117, (12, 13): 351, (12, 318): 351, (18, 84): 351, (18, 247): 351, (20, 1): 351, (20, 330): 351, (21, 78): 39, (21, 253): 39, (22, 55): 13, (22, 276): 13, (25, 136): 351, (25, 195): 351, (26, 160): 351, (26, 171): 351, (27, 129): 351, (27, 202): 351, (32, 144): 27, (32, 187): 27, (35, 151): 351, (35, 180): 351, (36, 60): 351, (36, 271): 351, (37, 145): 117, (37, 186): 117, (38, 40): 351, (38, 291): 351, (42, 66): 351, (42, 265): 351, (43, 73): 351, (43, 258): 351, (44, 101): 117, (44, 230): 117, (45, 80): 117, (45, 251): 117, (47, 40): 117, (47, 291): 117, (49, 24): 27, (49, 307): 27, (50, 59): 351, (50, 272): 351, (53, 117): 351, (53, 214): 351, (54, 87): 351, (54, 244): 351, (55, 117): 351, (55, 214): 351, (56, 96): 117, (56, 235): 117, (57, 86): 351, (57, 245): 351, (58, 136): 351, (58, 195): 351, (64, 152): 351, (64, 179): 351, (65, 5): 39, (65, 326): 39, (68, 26): 351, (68, 305): 351, (69, 55): 117, (69, 276): 117, (70, 53): 351, (70, 278): 351, (73, 140): 117, (73, 191): 117, (77, 22): 117, (77, 309): 117, (78, 157): 351, (78, 174): 351, (79, 25): 351, (79, 306): 351, (80, 24): 351, (80, 307): 351, (81, 26): 351, (81, 305): 351, (82, 83): 117, (82, 248): 117, (88, 147): 351, (88, 184): 351, (91, 54): 117, (91, 277): 117, (93, 159): 351, (93, 172): 351, (96, 142): 117, (96, 189): 117, (97, 25): 351, (97, 306): 351, (100, 158): 351, (100, 173): 351, (102, 56): 351, (102, 275): 351, (103, 95): 39, (103, 236): 39, (105, 157): 117, (105, 174): 117, (106, 36): 13, (106, 295): 13, (107, 147): 351, (107, 184): 351, (108, 14): 27, (108, 317): 27, (109, 51): 39, (109, 280): 39, (110, 73): 351, (110, 258): 351, (111, 80): 117, (111, 251): 117, (112, 155): 117, (112, 176): 117, (116, 130): 351, (116, 201): 351, (120, 148): 351, (120, 183): 351, (123, 33): 351, (123, 298): 351, (126, 90): 351, (126, 241): 351, (127, 5): 351, (127, 326): 351, (129, 20): 351, (129, 311): 351, (130, 16): 351, (130, 315): 351, (131, 94): 351, (131, 237): 351, (132, 63): 9, (132, 268): 9, (133, 15): 351, (133, 316): 351, (134, 143): 39, (134, 188): 39, (135, 105): 351, (135, 226): 351, (136, 147): 13, (136, 184): 13, (138, 154): 117, (138, 177): 117, (139, 5): 351, (139, 326): 351, (141, 120): 39, (141, 211): 39, (142, 74): 351, (142, 257): 351, (144, 38): 351, (144, 293): 351, (148, 157): 351, (148, 174): 351, (151, 31): 351, (151, 300): 351, (152, 128): 117, (152, 203): 117, (153, 44): 351, (153, 287): 351, (155, 25): 39, (155, 306): 39, (156, 62): 13, (156, 269): 13, (159, 85): 351, (159, 246): 351, (161, 91): 39, (161, 240): 39, (166, 69): 351, (166, 262): 351, (167, 100): 27, (167, 231): 27, (168, 118): 351, (168, 213): 351, (169, 122): 351, (169, 209): 351, (170, 89): 117, (170, 242): 117, (171, 150): 351, (171, 181): 351, (173, 69): 117, (173, 262): 117, (174, 119): 351, (174, 212): 351, (175, 80): 117, (175, 251): 117, (176, 135): 351, (176, 196): 351, (177, 150): 117, (177, 181): 117, (178, 73): 351, (178, 258): 351, (179, 76): 351, (179, 255): 351, (181, 31): 117, (181, 300): 117, (182, 26): 27, (182, 305): 27, (187, 43): 351, (187, 288): 351, (192, 17): 351, (192, 314): 351, (194, 111): 351, (194, 220): 351, (196, 132): 27, (196, 199): 27, (197, 52): 9, (197, 279): 9, (198, 163): 13, (198, 168): 13, (200, 49): 351, (200, 282): 351, (201, 148): 351, (201, 183): 351, (202, 24): 117, (202, 307): 117, (203, 122): 351, (203, 209): 351, (204, 17): 351, (204, 314): 351, (211, 16): 117, (211, 315): 117, (213, 99): 351, (213, 232): 351, (214, 161): 117, (214, 170): 117, (216, 28): 117, (216, 303): 117, (219, 11): 117, (219, 320): 117, (220, 62): 351, (220, 269): 351, (221, 44): 351, (221, 287): 351, (222, 19): 351, (222, 312): 351, (223, 117): 351, (223, 214): 351, (229, 56): 351, (229, 275): 351, (232, 85): 351, (232, 246): 351, (233, 21): 39, (233, 310): 39, (234, 135): 117, (234, 196): 117, (238, 92): 351, (238, 239): 351, (240, 55): 9, (240, 276): 9, (242, 6): 351, (242, 325): 351, (246, 40): 351, (246, 291): 351, (247, 45): 351, (247, 286): 351, (248, 136): 351, (248, 195): 351, (249, 37): 117, (249, 294): 117, (251, 20): 351, (251, 311): 351, (252, 135): 351, (252, 196): 351, (254, 53): 117, (254, 278): 117, (256, 42): 27, (256, 289): 27, (257, 27): 351, (257, 304): 351, (260, 131): 351, (260, 200): 351, (261, 22): 351, (261, 309): 351, (262, 54): 351, (262, 277): 351, (265, 158): 351, (265, 173): 351, (266, 17): 351, (266, 314): 351, (267, 7): 117, (267, 324): 117, (268, 114): 351, (268, 217): 351, (271, 85): 351, (271, 246): 351, (276, 14): 117, (276, 317): 117, (278, 14): 351, (278, 317): 351, (281, 102): 351, (281, 229): 351, (282, 20): 117, (282, 311): 117, (286, 62): 351, (286, 269): 351, (287, 93): 351, (287, 238): 351, (288, 44): 351, (288, 287): 351, (290, 122): 351, (290, 209): 351, (295, 149): 3, (295, 182): 3, (296, 141): 351, (296, 190): 351, (297, 158): 117, (297, 173): 117, (298, 66): 351, (298, 265): 351, (299, 10): 351, (299, 321): 351, (303, 165): 351, (303, 166): 351, (304, 47): 351, (304, 284): 351, (307, 41): 39, (307, 290): 39, (308, 116): 117, (308, 215): 117, (309, 54): 351, (309, 277): 351, (311, 106): 27, (311, 225): 27, (312, 48): 351, (312, 283): 351, (314, 150): 351, (314, 181): 351, (315, 2): 351, (315, 329): 351, (317, 121): 351, (317, 210): 351, (318, 124): 351, (318, 207): 351, (320, 125): 39, (320, 206): 39, (321, 16): 351, (321, 315): 351, (322, 66): 351, (322, 265): 351, (323, 69): 27, (323, 262): 27, (324, 22): 351, (324, 309): 351, (326, 164): 13, (326, 167): 13, (329, 82): 117, (329, 249): 117, (330, 31): 351, (330, 300): 351}
 
337, 315, False, 3, 105
{'infinity': 1, (0, 15): 105, (0, 322): 105, (2, 93): 105, (2, 244): 105, (8, 135): 15, (8, 202): 15, (10, 13): 105, (10, 324): 105, (12, 35): 105, (12, 302): 105, (13, 39): 105, (13, 298): 105, (15, 58): 35, (15, 279): 35, (17, 79): 21, (17, 258): 21, (20, 76): 21, (20, 261): 21, (23, 160): 105, (23, 177): 105, (27, 156): 21, (27, 181): 21, (31, 64): 105, (31, 273): 105, (33, 125): 105, (33, 212): 105, (35, 66): 105, (35, 271): 105, (37, 88): 35, (37, 249): 35, (39, 15): 105, (39, 322): 105, (42, 82): 15, (42, 255): 15, (43, 79): 15, (43, 258): 15, (44, 31): 105, (44, 306): 105, (46, 136): 105, (46, 201): 105, (47, 117): 105, (47, 220): 105, (49, 117): 105, (49, 220): 105, (50, 97): 105, (50, 240): 105, (51, 126): 105, (51, 211): 105, (53, 33): 105, (53, 304): 105, (55, 69): 105, (55, 268): 105, (56, 90): 105, (56, 247): 105, (58, 127): 15, (58, 210): 15, (59, 73): 105, (59, 264): 105, (63, 56): 105, (63, 281): 105, (66, 113): 21, (66, 224): 21, (67, 44): 105, (67, 293): 105, (70, 65): 105, (70, 272): 105, (71, 101): 15, (71, 236): 15, (74, 49): 105, (74, 288): 105, (75, 119): 105, (75, 218): 105, (76, 146): 105, (76, 191): 105, (77, 48): 105, (77, 289): 105, (81, 37): 105, (81, 300): 105, (82, 143): 15, (82, 194): 15, (83, 167): 105, (83, 170): 105, (86, 66): 105, (86, 271): 105, (87, 119): 21, (87, 218): 21, (88, 93): 105, (88, 244): 105, (89, 162): 105, (89, 175): 105, (90, 30): 21, (90, 307): 21, (94, 78): 105, (94, 259): 105, (95, 32): 35, (95, 305): 35, (96, 105): 21, (96, 232): 21, (98, 156): 105, (98, 181): 105, (99, 19): 105, (99, 318): 105, (100, 75): 105, (100, 262): 105, (102, 155): 105, (102, 182): 105, (103, 56): 105, (103, 281): 105, (104, 64): 21, (104, 273): 21, (105, 25): 21, (105, 312): 21, (108, 115): 35, (108, 222): 35, (111, 84): 21, (111, 253): 21, (113, 146): 5, (113, 191): 5, (114, 50): 35, (114, 287): 35, (116, 17): 105, (116, 320): 105, (117, 122): 21, (117, 215): 21, (118, 152): 21, (118, 185): 21, (125, 147): 105, (125, 190): 105, (127, 16): 21, (127, 321): 21, (128, 18): 105, (128, 319): 105, (129, 83): 105, (129, 254): 105, (130, 94): 105, (130, 243): 105, (133, 138): 105, (133, 199): 105, (134, 54): 15, (134, 283): 15, (140, 33): 15, (140, 304): 15, (143, 34): 105, (143, 303): 105, (144, 33): 105, (144, 304): 105, (148, 146): 105, (148, 191): 105, (150, 13): 105, (150, 324): 105, (154, 8): 105, (154, 329): 105, (158, 40): 3, (158, 297): 3, (159, 162): 105, (159, 175): 105, (160, 142): 15, (160, 195): 15, (161, 57): 105, (161, 280): 105, (163, 102): 15, (163, 235): 15, (164, 139): 35, (164, 198): 35, (169, 165): 105, (169, 172): 105, (171, 56): 105, (171, 281): 105, (173, 1): 35, (173, 336): 35, (174, 153): 105, (174, 184): 105, (175, 119): 105, (175, 218): 105, (176, 137): 105, (176, 200): 105, (177, 13): 21, (177, 324): 21, (178, 87): 21, (178, 250): 21, (182, 27): 105, (182, 310): 105, (183, 7): 105, (183, 330): 105, (187, 142): 35, (187, 195): 35, (188, 38): 105, (188, 299): 105, (189, 99): 15, (189, 238): 15, (194, 110): 105, (194, 227): 105, (195, 140): 105, (195, 197): 105, (199, 158): 105, (199, 179): 105, (201, 112): 105, (201, 225): 105, (202, 64): 105, (202, 273): 105, (203, 60): 105, (203, 277): 105, (206, 52): 35, (206, 285): 35, (207, 92): 105, (207, 245): 105, (208, 123): 15, (208, 214): 15, (209, 154): 21, (209, 183): 21, (212, 156): 15, (212, 181): 15, (215, 52): 105, (215, 285): 105, (216, 66): 35, (216, 271): 35, (217, 100): 21, (217, 237): 21, (218, 38): 105, (218, 299): 105, (219, 63): 105, (219, 274): 105, (222, 68): 105, (222, 269): 105, (223, 161): 7, (223, 176): 7, (224, 99): 3, (224, 238): 3, (227, 14): 35, (227, 323): 35, (232, 103): 15, (232, 234): 15, (236, 115): 21, (236, 222): 21, (239, 147): 105, (239, 190): 105, (240, 42): 105, (240, 295): 105, (241, 117): 21, (241, 220): 21, (242, 10): 105, (242, 327): 105, (243, 134): 21, (243, 203): 21, (244, 77): 7, (244, 260): 7, (245, 74): 105, (245, 263): 105, (247, 93): 15, (247, 244): 15, (248, 87): 21, (248, 250): 21, (249, 30): 105, (249, 307): 105, (252, 107): 105, (252, 230): 105, (253, 52): 105, (253, 285): 105, (260, 98): 105, (260, 239): 105, (261, 99): 5, (261, 238): 5, (268, 38): 105, (268, 299): 105, (271, 121): 105, (271, 216): 105, (272, 49): 105, (272, 288): 105, (275, 155): 105, (275, 182): 105, (277, 79): 105, (277, 258): 105, (285, 69): 105, (285, 268): 105, (288, 105): 105, (288, 232): 105, (289, 157): 105, (289, 180): 105, (290, 105): 105, (290, 232): 105, (295, 72): 21, (295, 265): 21, (297, 155): 105, (297, 182): 105, (298, 15): 7, (298, 322): 7, (301, 132): 3, (301, 205): 3, (305, 127): 21, (305, 210): 21, (310, 147): 35, (310, 190): 35, (311, 127): 105, (311, 210): 105, (315, 125): 105, (315, 212): 105, (326, 125): 105, (326, 212): 105, (327, 142): 21, (327, 195): 21, (328, 49): 3, (328, 288): 3, (329, 109): 15, (329, 228): 15, (330, 115): 105, (330, 222): 105, (331, 6): 105, (331, 331): 105, (333, 144): 105, (333, 193): 105, (334, 69): 105, (334, 268): 105, (335, 30): 105, (335, 307): 105}
 
347, 342, True, 9, 38
{'infinity': 1, (2, 78): 171, (2, 269): 171, (3, 37): 171, (3, 310): 171, (5, 158): 114, (5, 189): 114, (7, 170): 114, (7, 177): 114, (9, 115): 342, (9, 232): 342, (10, 173): 3, (10, 174): 3, (13, 105): 114, (13, 242): 114, (15, 138): 19, (15, 209): 19, (16, 88): 9, (16, 259): 9, (17, 125): 57, (17, 222): 57, (18, 157): 171, (18, 190): 171, (22, 90): 57, (22, 257): 57, (23, 62): 38, (23, 285): 38, (24, 75): 57, (24, 272): 57, (25, 144): 171, (25, 203): 171, (26, 16): 171, (26, 331): 171, (29, 80): 171, (29, 267): 171, (30, 68): 342, (30, 279): 342, (33, 20): 114, (33, 327): 114, (34, 132): 171, (34, 215): 171, (36, 97): 171, (36, 250): 171, (38, 111): 38, (38, 236): 38, (39, 139): 57, (39, 208): 57, (40, 71): 171, (40, 276): 171, (42, 86): 342, (42, 261): 342, (43, 10): 171, (43, 337): 171, (45, 140): 114, (45, 207): 114, (47, 52): 171, (47, 295): 171, (50, 122): 342, (50, 225): 342, (53, 160): 19, (53, 187): 19, (58, 64): 342, (58, 283): 342, (61, 55): 342, (61, 292): 342, (62, 160): 171, (62, 187): 171, (64, 148): 342, (64, 199): 342, (65, 117): 114, (65, 230): 114, (68, 109): 171, (68, 238): 171, (71, 40): 171, (71, 307): 171, (74, 59): 171, (74, 288): 171, (75, 60): 19, (75, 287): 19, (81, 21): 342, (81, 326): 342, (83, 172): 38, (83, 175): 38, (84, 122): 342, (84, 225): 342, (85, 102): 342, (85, 245): 342, (88, 33): 57, (88, 314): 57, (89, 75): 171, (89, 272): 171, (90, 85): 342, (90, 262): 342, (94, 0): 2, (95, 14): 57, (95, 333): 57, (96, 105): 342, (96, 242): 342, (97, 48): 57, (97, 299): 57, (98, 8): 57, (98, 339): 57, (99, 29): 342, (99, 318): 342, (100, 60): 342, (100, 287): 342, (102, 127): 18, (102, 220): 18, (105, 166): 19, (105, 181): 19, (107, 12): 19, (107, 335): 19, (109, 100): 342, (109, 247): 342, (113, 106): 342, (113, 241): 342, (114, 115): 38, (114, 232): 38, (116, 111): 342, (116, 236): 342, (117, 50): 342, (117, 297): 342, (118, 93): 342, (118, 254): 342, (121, 101): 171, (121, 246): 171, (122, 39): 114, (122, 308): 114, (124, 161): 57, (124, 186): 57, (126, 30): 38, (126, 317): 38, (129, 88): 171, (129, 259): 171, (131, 172): 342, (131, 175): 342, (132, 97): 171, (132, 250): 171, (133, 172): 171, (133, 175): 171, (135, 131): 342, (135, 216): 342, (138, 64): 171, (138, 283): 171, (139, 1): 38, (139, 346): 38, (142, 137): 171, (142, 210): 171, (144, 22): 342, (144, 325): 342, (145, 147): 342, (145, 200): 342, (146, 24): 171, (146, 323): 171, (149, 157): 114, (149, 190): 114, (151, 64): 342, (151, 283): 342, (154, 42): 342, (154, 305): 342, (155, 87): 171, (155, 260): 171, (157, 43): 6, (157, 304): 6, (158, 112): 57, (158, 235): 57, (159, 130): 114, (159, 217): 114, (163, 152): 342, (163, 195): 342, (165, 57): 19, (165, 290): 19, (166, 23): 342, (166, 324): 342, (170, 4): 342, (170, 343): 342, (172, 60): 342, (172, 287): 342, (174, 123): 342, (174, 224): 342, (175, 128): 171, (175, 219): 171, (179, 97): 57, (179, 250): 57, (180, 157): 342, (180, 190): 342, (184, 95): 171, (184, 252): 171, (192, 116): 342, (192, 231): 342, (193, 111): 171, (193, 236): 171, (194, 103): 171, (194, 244): 171, (195, 107): 342, (195, 240): 342, (199, 163): 171, (199, 184): 171, (201, 143): 171, (201, 204): 171, (202, 88): 57, (202, 259): 57, (207, 79): 171, (207, 268): 171, (210, 123): 171, (210, 224): 171, (213, 122): 171, (213, 225): 171, (214, 84): 171, (214, 263): 171, (216, 84): 342, (216, 263): 342, (218, 147): 9, (218, 200): 9, (222, 23): 342, (222, 324): 342, (224, 115): 171, (224, 232): 171, (226, 121): 171, (226, 226): 171, (227, 77): 171, (227, 270): 171, (231, 42): 171, (231, 305): 171, (232, 160): 171, (232, 187): 171, (234, 75): 171, (234, 272): 171, (237, 126): 171, (237, 221): 171, (238, 105): 171, (238, 242): 171, (239, 81): 114, (239, 266): 114, (240, 65): 38, (240, 282): 38, (241, 30): 171, (241, 317): 171, (243, 26): 57, (243, 321): 57, (244, 49): 342, (244, 298): 342, (245, 142): 342, (245, 205): 342, (247, 128): 114, (247, 219): 114, (250, 32): 171, (250, 315): 171, (251, 100): 171, (251, 247): 171, (252, 3): 57, (252, 344): 57, (253, 145): 171, (253, 202): 171, (254, 35): 19, (254, 312): 19, (257, 31): 342, (257, 316): 342, (258, 106): 342, (258, 241): 342, (259, 114): 342, (259, 233): 342, (260, 1): 342, (260, 346): 342, (264, 84): 18, (264, 263): 18, (267, 130): 57, (267, 217): 57, (268, 130): 114, (268, 217): 114, (269, 168): 342, (269, 179): 342, (272, 128): 342, (272, 219): 342, (273, 96): 342, (273, 251): 342, (275, 29): 57, (275, 318): 57, (276, 149): 171, (276, 198): 171, (277, 169): 171, (277, 178): 171, (280, 27): 342, (280, 320): 342, (282, 7): 114, (282, 340): 114, (288, 150): 57, (288, 197): 57, (295, 1): 171, (295, 346): 171, (298, 109): 38, (298, 238): 38, (299, 18): 171, (299, 329): 171, (300, 113): 9, (300, 234): 9, (304, 136): 342, (304, 211): 342, (306, 23): 171, (306, 324): 171, (309, 42): 342, (309, 305): 342, (310, 123): 114, (310, 224): 114, (313, 82): 19, (313, 265): 19, (314, 63): 342, (314, 284): 342, (316, 91): 171, (316, 256): 171, (319, 71): 19, (319, 276): 19, (320, 29): 342, (320, 318): 342, (321, 83): 342, (321, 264): 342, (322, 17): 18, (322, 330): 18, (323, 106): 171, (323, 241): 171, (327, 30): 342, (327, 317): 342, (328, 109): 342, (328, 238): 342, (331, 147): 114, (331, 200): 114, (332, 151): 342, (332, 196): 342, (334, 100): 114, (334, 247): 114, (335, 71): 171, (335, 276): 171, (336, 125): 38, (336, 222): 38, (339, 153): 342, (339, 194): 342, (341, 125): 114, (341, 222): 114, (342, 15): 114, (342, 332): 114, (344, 76): 57, (344, 271): 57}
 
349, 351, False, 3, 117
{'infinity': 1, (1, 119): 39, (1, 230): 39, (2, 18): 39, (2, 331): 39, (3, 60): 9, (3, 289): 9, (4, 31): 39, (4, 318): 39, (5, 120): 39, (5, 229): 39, (6, 72): 117, (6, 277): 117, (7, 76): 117, (7, 273): 117, (14, 173): 117, (14, 176): 117, (15, 118): 13, (15, 231): 13, (18, 32): 39, (18, 317): 39, (19, 90): 13, (19, 259): 13, (20, 102): 117, (20, 247): 117, (21, 173): 117, (21, 176): 117, (22, 46): 13, (22, 303): 13, (23, 52): 117, (23, 297): 117, (24, 17): 39, (24, 332): 39, (26, 145): 117, (26, 204): 117, (27, 149): 117, (27, 200): 117, (29, 148): 117, (29, 201): 117, (30, 119): 39, (30, 230): 39, (32, 172): 117, (32, 177): 117, (34, 140): 117, (34, 209): 117, (39, 131): 39, (39, 218): 39, (40, 147): 117, (40, 202): 117, (41, 123): 117, (41, 226): 117, (43, 11): 117, (43, 338): 117, (44, 128): 117, (44, 221): 117, (47, 123): 117, (47, 226): 117, (48, 146): 39, (48, 203): 39, (50, 3): 117, (50, 346): 117, (52, 12): 39, (52, 337): 39, (53, 159): 117, (53, 190): 117, (58, 30): 117, (58, 319): 117, (59, 47): 117, (59, 302): 117, (62, 64): 117, (62, 285): 117, (63, 122): 117, (63, 227): 117, (64, 69): 117, (64, 280): 117, (65, 64): 117, (65, 285): 117, (70, 60): 39, (70, 289): 39, (71, 63): 117, (71, 286): 117, (72, 24): 39, (72, 325): 39, (74, 26): 117, (74, 323): 117, (76, 34): 117, (76, 315): 117, (77, 121): 3, (77, 228): 3, (79, 84): 39, (79, 265): 39, (80, 49): 39, (80, 300): 39, (81, 147): 117, (81, 202): 117, (82, 11): 117, (82, 338): 117, (84, 51): 117, (84, 298): 117, (85, 50): 117, (85, 299): 117, (87, 56): 117, (87, 293): 117, (89, 25): 117, (89, 324): 117, (96, 90): 39, (96, 259): 39, (97, 105): 117, (97, 244): 117, (98, 58): 117, (98, 291): 117, (99, 63): 39, (99, 286): 39, (100, 170): 117, (100, 179): 117, (102, 72): 39, (102, 277): 39, (105, 75): 117, (105, 274): 117, (107, 166): 39, (107, 183): 39, (108, 157): 117, (108, 192): 117, (110, 116): 39, (110, 233): 39, (112, 53): 117, (112, 296): 117, (114, 145): 13, (114, 204): 13, (115, 161): 117, (115, 188): 117, (119, 47): 9, (119, 302): 9, (120, 144): 117, (120, 205): 117, (123, 33): 117, (123, 316): 117, (124, 14): 9, (124, 335): 9, (128, 41): 39, (128, 308): 39, (129, 27): 117, (129, 322): 117, (130, 30): 117, (130, 319): 117, (131, 111): 117, (131, 238): 117, (135, 118): 117, (135, 231): 117, (136, 42): 117, (136, 307): 117, (137, 76): 39, (137, 273): 39, (140, 114): 117, (140, 235): 117, (142, 85): 39, (142, 264): 39, (143, 113): 117, (143, 236): 117, (145, 174): 117, (145, 175): 117, (146, 46): 117, (146, 303): 117, (149, 163): 117, (149, 186): 117, (150, 40): 117, (150, 309): 117, (152, 68): 117, (152, 281): 117, (156, 153): 117, (156, 196): 117, (157, 112): 39, (157, 237): 39, (158, 35): 39, (158, 314): 39, (160, 102): 39, (160, 247): 39, (161, 30): 39, (161, 319): 39, (169, 102): 9, (169, 247): 9, (171, 47): 117, (171, 302): 117, (172, 126): 117, (172, 223): 117, (175, 93): 117, (175, 256): 117, (177, 104): 117, (177, 245): 117, (179, 63): 117, (179, 286): 117, (180, 110): 117, (180, 239): 117, (181, 46): 9, (181, 303): 9, (182, 138): 39, (182, 211): 39, (183, 152): 117, (183, 197): 117, (185, 37): 117, (185, 312): 117, (186, 4): 39, (186, 345): 39, (189, 110): 39, (189, 239): 39, (190, 87): 117, (190, 262): 117, (193, 96): 117, (193, 253): 117, (194, 143): 117, (194, 206): 117, (196, 77): 117, (196, 272): 117, (197, 9): 13, (197, 340): 13, (198, 67): 117, (198, 282): 117, (199, 118): 9, (199, 231): 9, (200, 160): 117, (200, 189): 117, (201, 28): 39, (201, 321): 39, (204, 156): 117, (204, 193): 117, (205, 76): 117, (205, 273): 117, (206, 115): 39, (206, 234): 39, (207, 137): 117, (207, 212): 117, (208, 117): 117, (208, 232): 117, (209, 145): 117, (209, 204): 117, (214, 40): 117, (214, 309): 117, (215, 108): 117, (215, 241): 117, (216, 154): 117, (216, 195): 117, (217, 152): 117, (217, 197): 117, (222, 64): 39, (222, 285): 39, (224, 11): 117, (224, 338): 117, (226, 139): 39, (226, 210): 39, (227, 87): 13, (227, 262): 13, (228, 147): 39, (228, 202): 39, (229, 164): 117, (229, 185): 117, (231, 86): 117, (231, 263): 117, (234, 90): 39, (234, 259): 39, (235, 114): 39, (235, 235): 39, (237, 78): 39, (237, 271): 39, (239, 132): 39, (239, 217): 39, (241, 72): 117, (241, 277): 117, (243, 54): 39, (243, 295): 39, (245, 138): 117, (245, 211): 117, (247, 157): 117, (247, 192): 117, (248, 98): 117, (248, 251): 117, (253, 161): 39, (253, 188): 39, (254, 1): 39, (254, 348): 39, (260, 74): 39, (260, 275): 39, (261, 123): 117, (261, 226): 117, (263, 20): 117, (263, 329): 117, (264, 94): 117, (264, 255): 117, (269, 48): 39, (269, 301): 39, (270, 21): 117, (270, 328): 117, (271, 138): 117, (271, 211): 117, (272, 158): 117, (272, 191): 117, (276, 60): 117, (276, 289): 117, (281, 87): 117, (281, 262): 117, (285, 155): 117, (285, 194): 117, (288, 105): 117, (288, 244): 117, (289, 22): 117, (289, 327): 117, (295, 65): 117, (295, 284): 117, (296, 109): 117, (296, 240): 117, (298, 152): 39, (298, 197): 39, (310, 57): 9, (310, 292): 9, (312, 107): 3, (312, 242): 3, (313, 105): 3, (313, 244): 3, (314, 173): 39, (314, 176): 39, (317, 36): 117, (317, 313): 117, (318, 119): 39, (318, 230): 39, (321, 19): 117, (321, 330): 117, (323, 114): 117, (323, 235): 117, (324, 140): 117, (324, 209): 117, (325, 100): 117, (325, 249): 117, (326, 16): 39, (326, 333): 39, (329, 110): 117, (329, 239): 117, (330, 161): 117, (330, 188): 117, (331, 44): 9, (331, 305): 9, (334, 40): 9, (334, 309): 9, (338, 125): 117, (338, 224): 117, (340, 140): 117, (340, 209): 117, (343, 157): 39, (343, 192): 39, (344, 135): 117, (344, 214): 117, (345, 91): 3, (345, 258): 3}
 
353, 318, True, 6, 53
{'infinity': 1, (2, 150): 106, (2, 203): 106, (4, 115): 318, (4, 238): 318, (8, 134): 318, (8, 219): 318, (9, 99): 53, (9, 254): 53, (10, 114): 106, (10, 239): 106, (12, 118): 106, (12, 235): 106, (14, 62): 159, (14, 291): 159, (17, 56): 318, (17, 297): 318, (18, 25): 53, (18, 328): 53, (20, 13): 53, (20, 340): 53, (23, 20): 318, (23, 333): 318, (24, 133): 318, (24, 220): 318, (27, 124): 318, (27, 229): 318, (32, 108): 318, (32, 245): 318, (34, 165): 159, (34, 188): 159, (35, 140): 318, (35, 213): 318, (37, 165): 106, (37, 188): 106, (38, 132): 159, (38, 221): 159, (40, 173): 318, (40, 180): 318, (42, 143): 53, (42, 210): 53, (44, 143): 159, (44, 210): 159, (45, 108): 106, (45, 245): 106, (49, 153): 318, (49, 200): 318, (52, 57): 318, (52, 296): 318, (54, 160): 53, (54, 193): 53, (55, 82): 53, (55, 271): 53, (60, 4): 159, (60, 349): 159, (63, 162): 53, (63, 191): 53, (64, 101): 53, (64, 252): 53, (66, 10): 159, (66, 343): 159, (73, 59): 106, (73, 294): 106, (76, 43): 318, (76, 310): 318, (77, 47): 318, (77, 306): 318, (78, 81): 318, (78, 272): 318, (80, 43): 159, (80, 310): 159, (82, 100): 159, (82, 253): 159, (84, 46): 159, (84, 307): 159, (86, 22): 159, (86, 331): 159, (87, 63): 159, (87, 290): 159, (89, 87): 159, (89, 266): 159, (90, 49): 318, (90, 304): 318, (91, 127): 106, (91, 226): 106, (96, 79): 159, (96, 274): 159, (99, 18): 53, (99, 335): 53, (100, 66): 318, (100, 287): 318, (111, 111): 159, (111, 242): 159, (117, 87): 106, (117, 266): 106, (118, 155): 318, (118, 198): 318, (120, 100): 159, (120, 253): 159, (122, 175): 106, (122, 178): 106, (124, 13): 159, (124, 340): 159, (126, 24): 318, (126, 329): 318, (133, 160): 106, (133, 193): 106, (136, 131): 106, (136, 222): 106, (138, 98): 159, (138, 255): 159, (139, 74): 318, (139, 279): 318, (140, 8): 159, (140, 345): 159, (141, 9): 318, (141, 344): 318, (143, 40): 318, (143, 313): 318, (145, 124): 318, (145, 229): 318, (147, 87): 318, (147, 266): 318, (149, 141): 318, (149, 212): 318, (150, 30): 318, (150, 323): 318, (151, 100): 159, (151, 253): 159, (153, 64): 159, (153, 289): 159, (154, 20): 159, (154, 333): 159, (155, 71): 318, (155, 282): 318, (156, 166): 106, (156, 187): 106, (159, 146): 159, (159, 207): 159, (160, 130): 159, (160, 223): 159, (161, 33): 106, (161, 320): 106, (162, 94): 318, (162, 259): 318, (165, 91): 159, (165, 262): 159, (166, 160): 106, (166, 193): 106, (172, 144): 318, (172, 209): 318, (174, 19): 318, (174, 334): 318, (175, 38): 159, (175, 315): 159, (176, 20): 106, (176, 333): 106, (179, 110): 159, (179, 243): 159, (181, 124): 159, (181, 229): 159, (185, 113): 318, (185, 240): 318, (187, 117): 159, (187, 236): 159, (189, 68): 318, (189, 285): 318, (190, 55): 159, (190, 298): 159, (192, 147): 318, (192, 206): 318, (194, 26): 318, (194, 327): 318, (197, 43): 106, (197, 310): 106, (203, 176): 318, (203, 177): 318, (206, 123): 106, (206, 230): 106, (207, 61): 53, (207, 292): 53, (208, 144): 159, (208, 209): 159, (209, 13): 159, (209, 340): 159, (210, 174): 53, (210, 179): 53, (212, 5): 159, (212, 348): 159, (213, 116): 53, (213, 237): 53, (216, 103): 53, (216, 250): 53, (217, 72): 159, (217, 281): 159, (218, 167): 318, (218, 186): 318, (219, 94): 159, (219, 259): 159, (220, 117): 318, (220, 236): 318, (221, 163): 159, (221, 190): 159, (223, 48): 106, (223, 305): 106, (225, 138): 318, (225, 215): 318, (228, 172): 53, (228, 181): 53, (234, 159): 159, (234, 194): 159, (236, 123): 3, (236, 230): 3, (237, 69): 318, (237, 284): 318, (242, 136): 159, (242, 217): 159, (243, 152): 159, (243, 201): 159, (247, 7): 159, (247, 346): 159, (251, 0): 2, (254, 29): 106, (254, 324): 106, (255, 142): 159, (255, 211): 159, (258, 128): 6, (258, 225): 6, (259, 151): 159, (259, 202): 159, (260, 113): 159, (260, 240): 159, (261, 113): 106, (261, 240): 106, (263, 23): 318, (263, 330): 318, (264, 123): 318, (264, 230): 318, (267, 143): 159, (267, 210): 159, (268, 66): 159, (268, 287): 159, (273, 166): 53, (273, 187): 53, (274, 155): 159, (274, 198): 159, (276, 108): 159, (276, 245): 159, (277, 166): 106, (277, 187): 106, (279, 63): 318, (279, 290): 318, (280, 89): 159, (280, 264): 159, (282, 165): 318, (282, 188): 318, (288, 41): 106, (288, 312): 106, (290, 168): 159, (290, 185): 159, (295, 46): 159, (295, 307): 159, (299, 117): 106, (299, 236): 106, (301, 73): 159, (301, 280): 159, (303, 37): 318, (303, 316): 318, (305, 54): 318, (305, 299): 318, (306, 158): 318, (306, 195): 318, (308, 47): 318, (308, 306): 318, (309, 22): 159, (309, 331): 159, (310, 45): 106, (310, 308): 106, (311, 22): 53, (311, 331): 53, (313, 83): 318, (313, 270): 318, (314, 155): 318, (314, 198): 318, (315, 156): 53, (315, 197): 53, (320, 42): 318, (320, 311): 318, (321, 47): 53, (321, 306): 53, (322, 126): 318, (322, 227): 318, (323, 122): 53, (323, 231): 53, (325, 94): 106, (325, 259): 106, (326, 144): 318, (326, 209): 318, (327, 46): 53, (327, 307): 53, (335, 58): 53, (335, 295): 53, (338, 66): 106, (338, 287): 106, (340, 63): 318, (340, 290): 318, (342, 125): 53, (342, 228): 53, (343, 44): 53, (343, 309): 53, (344, 112): 53, (344, 241): 53, (345, 107): 53, (345, 246): 53, (349, 171): 159, (349, 182): 159, (351, 145): 53, (351, 208): 53}
 
359, 342, True, 3, 114
{'infinity': 1, (2, 19): 9, (2, 340): 9, (11, 140): 171, (11, 219): 171, (12, 42): 342, (12, 317): 342, (14, 142): 171, (14, 217): 171, (15, 7): 57, (15, 352): 57, (16, 152): 57, (16, 207): 57, (17, 73): 57, (17, 286): 57, (19, 49): 171, (19, 310): 171, (21, 131): 171, (21, 228): 171, (23, 111): 342, (23, 248): 342, (25, 146): 171, (25, 213): 171, (26, 38): 342, (26, 321): 342, (27, 162): 342, (27, 197): 342, (32, 36): 342, (32, 323): 342, (33, 70): 342, (33, 289): 342, (36, 123): 57, (36, 236): 57, (38, 171): 171, (38, 188): 171, (39, 57): 171, (39, 302): 171, (40, 99): 18, (40, 260): 18, (41, 34): 342, (41, 325): 342, (42, 53): 57, (42, 306): 57, (43, 117): 171, (43, 242): 171, (47, 105): 342, (47, 254): 342, (50, 174): 171, (50, 185): 171, (54, 36): 342, (54, 323): 342, (56, 140): 38, (56, 219): 38, (59, 7): 38, (59, 352): 38, (62, 103): 171, (62, 256): 171, (63, 172): 342, (63, 187): 342, (66, 152): 171, (66, 207): 171, (67, 125): 114, (67, 234): 114, (71, 169): 171, (71, 190): 171, (72, 108): 171, (72, 251): 171, (73, 15): 114, (73, 344): 114, (75, 92): 38, (75, 267): 38, (81, 4): 171, (81, 355): 171, (83, 32): 6, (83, 327): 6, (85, 97): 171, (85, 262): 171, (88, 72): 342, (88, 287): 342, (89, 162): 114, (89, 197): 114, (90, 74): 171, (90, 285): 171, (92, 87): 342, (92, 272): 342, (94, 89): 114, (94, 270): 114, (95, 18): 171, (95, 341): 171, (98, 2): 19, (98, 357): 19, (99, 99): 342, (99, 260): 342, (100, 51): 342, (100, 308): 342, (104, 18): 114, (104, 341): 114, (105, 58): 57, (105, 301): 57, (108, 58): 171, (108, 301): 171, (110, 173): 114, (110, 186): 114, (114, 169): 57, (114, 190): 57, (116, 134): 171, (116, 225): 171, (119, 156): 171, (119, 203): 171, (120, 174): 19, (120, 185): 19, (122, 122): 38, (122, 237): 38, (124, 25): 114, (124, 334): 114, (125, 116): 342, (125, 243): 342, (128, 175): 3, (128, 184): 3, (129, 67): 342, (129, 292): 342, (131, 79): 342, (131, 280): 342, (132, 6): 19, (132, 353): 19, (133, 38): 342, (133, 321): 342, (134, 142): 171, (134, 217): 171, (135, 103): 57, (135, 256): 57, (136, 147): 114, (136, 212): 114, (138, 160): 342, (138, 199): 342, (139, 139): 171, (139, 220): 171, (141, 53): 342, (141, 306): 342, (142, 129): 342, (142, 230): 342, (143, 178): 9, (143, 181): 9, (146, 58): 171, (146, 301): 171, (149, 119): 342, (149, 240): 342, (151, 164): 171, (151, 195): 171, (155, 176): 171, (155, 183): 171, (160, 18): 342, (160, 341): 342, (162, 103): 171, (162, 256): 171, (164, 27): 38, (164, 332): 38, (166, 23): 171, (166, 336): 171, (167, 22): 38, (167, 337): 38, (168, 148): 57, (168, 211): 57, (170, 118): 171, (170, 241): 171, (172, 155): 57, (172, 204): 57, (174, 169): 171, (174, 190): 171, (175, 21): 171, (175, 338): 171, (176, 53): 342, (176, 306): 342, (181, 69): 342, (181, 290): 342, (182, 166): 114, (182, 193): 114, (184, 107): 171, (184, 252): 171, (185, 90): 342, (185, 269): 342, (189, 174): 171, (189, 185): 171, (195, 76): 171, (195, 283): 171, (197, 113): 114, (197, 246): 114, (200, 38): 171, (200, 321): 171, (202, 31): 342, (202, 328): 342, (204, 165): 114, (204, 194): 114, (205, 136): 19, (205, 223): 19, (208, 114): 114, (208, 245): 114, (210, 150): 171, (210, 209): 171, (211, 142): 19, (211, 217): 19, (215, 88): 19, (215, 271): 19, (217, 135): 171, (217, 224): 171, (220, 99): 57, (220, 260): 57, (222, 148): 342, (222, 211): 342, (223, 127): 171, (223, 232): 171, (224, 113): 57, (224, 246): 57, (228, 56): 342, (228, 303): 342, (229, 69): 114, (229, 290): 114, (231, 37): 342, (231, 322): 342, (234, 128): 171, (234, 231): 171, (235, 141): 18, (235, 218): 18, (236, 138): 57, (236, 221): 57, (237, 157): 342, (237, 202): 342, (239, 118): 342, (239, 241): 342, (242, 23): 171, (242, 336): 171, (243, 162): 171, (243, 197): 171, (245, 90): 171, (245, 269): 171, (246, 55): 9, (246, 304): 9, (247, 12): 342, (247, 347): 342, (248, 67): 342, (248, 292): 342, (249, 98): 342, (249, 261): 342, (252, 52): 171, (252, 307): 171, (256, 78): 342, (256, 281): 342, (260, 139): 342, (260, 220): 342, (262, 144): 171, (262, 215): 171, (265, 63): 342, (265, 296): 342, (270, 134): 171, (270, 225): 171, (273, 36): 171, (273, 323): 171, (276, 177): 171, (276, 182): 171, (277, 152): 171, (277, 207): 171, (278, 130): 342, (278, 229): 342, (279, 72): 114, (279, 287): 114, (283, 59): 342, (283, 300): 342, (285, 7): 114, (285, 352): 114, (288, 90): 342, (288, 269): 342, (289, 160): 342, (289, 199): 342, (291, 160): 57, (291, 199): 57, (292, 140): 342, (292, 219): 342, (294, 80): 171, (294, 279): 171, (295, 17): 342, (295, 342): 342, (296, 16): 342, (296, 343): 342, (297, 113): 38, (297, 246): 38, (303, 125): 19, (303, 234): 19, (306, 45): 342, (306, 314): 342, (308, 69): 171, (308, 290): 171, (309, 118): 342, (309, 241): 342, (310, 23): 19, (310, 336): 19, (311, 29): 342, (311, 330): 342, (312, 64): 342, (312, 295): 342, (314, 161): 38, (314, 198): 38, (315, 50): 57, (315, 309): 57, (319, 139): 342, (319, 220): 342, (320, 5): 114, (320, 354): 114, (321, 75): 114, (321, 284): 114, (325, 68): 342, (325, 291): 342, (326, 13): 18, (326, 346): 18, (328, 148): 342, (328, 211): 342, (329, 0): 2, (332, 134): 19, (332, 225): 19, (339, 71): 57, (339, 288): 57, (341, 67): 57, (341, 292): 57, (342, 81): 342, (342, 278): 342, (346, 49): 171, (346, 310): 171, (347, 153): 57, (347, 206): 57, (348, 125): 114, (348, 234): 114, (351, 72): 171, (351, 287): 171, (352, 54): 171, (352, 305): 171, (353, 49): 171, (353, 310): 171, (354, 47): 171, (354, 312): 171, (355, 132): 38, (355, 227): 38, (357, 20): 342, (357, 339): 342}
 
367, 345, True, 3, 115
{'infinity': 1, (0, 73): 345, (0, 294): 345, (1, 128): 345, (1, 239): 345, (2, 108): 345, (2, 259): 345, (3, 152): 345, (3, 215): 345, (4, 8): 115, (4, 359): 115, (5, 13): 69, (5, 354): 69, (9, 119): 345, (9, 248): 345, (14, 171): 345, (14, 196): 345, (16, 68): 345, (16, 299): 345, (17, 54): 345, (17, 313): 345, (18, 24): 69, (18, 343): 69, (21, 10): 23, (21, 357): 23, (22, 141): 115, (22, 226): 115, (29, 30): 115, (29, 337): 115, (30, 85): 115, (30, 282): 115, (31, 114): 115, (31, 253): 115, (32, 128): 69, (32, 239): 69, (33, 136): 345, (33, 231): 345, (35, 49): 115, (35, 318): 115, (38, 95): 115, (38, 272): 115, (40, 25): 115, (40, 342): 115, (41, 67): 345, (41, 300): 345, (44, 168): 345, (44, 199): 345, (46, 182): 115, (46, 185): 115, (48, 106): 115, (48, 261): 115, (51, 146): 115, (51, 221): 115, (52, 18): 345, (52, 349): 345, (53, 14): 345, (53, 353): 345, (55, 30): 345, (55, 337): 345, (57, 33): 345, (57, 334): 345, (61, 156): 115, (61, 211): 115, (62, 102): 69, (62, 265): 69, (65, 172): 345, (65, 195): 345, (67, 90): 115, (67, 277): 115, (70, 45): 345, (70, 322): 345, (71, 181): 115, (71, 186): 115, (74, 56): 345, (74, 311): 345, (75, 115): 345, (75, 252): 345, (81, 117): 345, (81, 250): 345, (83, 62): 345, (83, 305): 345, (85, 94): 115, (85, 273): 115, (86, 152): 345, (86, 215): 345, (87, 120): 115, (87, 247): 115, (88, 142): 345, (88, 225): 345, (89, 51): 345, (89, 316): 345, (90, 85): 23, (90, 282): 23, (95, 146): 23, (95, 221): 23, (96, 160): 69, (96, 207): 69, (99, 182): 69, (99, 185): 69, (100, 179): 115, (100, 188): 115, (103, 75): 345, (103, 292): 345, (108, 134): 345, (108, 233): 345, (109, 48): 345, (109, 319): 345, (110, 114): 345, (110, 253): 345, (111, 129): 345, (111, 238): 345, (112, 20): 115, (112, 347): 115, (116, 173): 345, (116, 194): 345, (117, 106): 345, (117, 261): 345, (119, 144): 345, (119, 223): 345, (121, 98): 115, (121, 269): 115, (125, 109): 15, (125, 258): 15, (126, 55): 345, (126, 312): 345, (127, 141): 345, (127, 226): 345, (129, 44): 69, (129, 323): 69, (131, 63): 115, (131, 304): 115, (132, 145): 345, (132, 222): 345, (133, 74): 345, (133, 293): 345, (138, 3): 115, (138, 364): 115, (139, 127): 345, (139, 240): 345, (140, 39): 23, (140, 328): 23, (141, 161): 345, (141, 206): 345, (143, 36): 115, (143, 331): 115, (145, 153): 15, (145, 214): 15, (147, 73): 69, (147, 294): 69, (148, 59): 345, (148, 308): 345, (149, 66): 115, (149, 301): 115, (152, 25): 69, (152, 342): 69, (157, 2): 345, (157, 365): 345, (158, 103): 345, (158, 264): 345, (161, 64): 69, (161, 303): 69, (163, 155): 115, (163, 212): 115, (170, 169): 115, (170, 198): 115, (171, 125): 69, (171, 242): 69, (175, 25): 345, (175, 342): 345, (177, 52): 345, (177, 315): 345, (184, 99): 115, (184, 268): 115, (185, 166): 69, (185, 201): 69, (192, 35): 345, (192, 332): 345, (202, 106): 345, (202, 261): 345, (204, 78): 345, (204, 289): 345, (206, 147): 345, (206, 220): 345, (207, 125): 345, (207, 242): 345, (208, 53): 23, (208, 314): 23, (209, 7): 115, (209, 360): 115, (211, 40): 345, (211, 327): 345, (212, 61): 15, (212, 306): 15, (214, 96): 345, (214, 271): 345, (215, 35): 345, (215, 332): 345, (217, 70): 345, (217, 297): 345, (218, 141): 345, (218, 226): 345, (219, 122): 115, (219, 245): 115, (220, 73): 345, (220, 294): 345, (221, 146): 115, (221, 221): 115, (222, 182): 345, (222, 185): 345, (224, 162): 345, (224, 205): 345, (225, 154): 69, (225, 213): 69, (226, 114): 345, (226, 253): 345, (227, 124): 69, (227, 243): 69, (230, 148): 345, (230, 219): 345, (231, 96): 115, (231, 271): 115, (236, 84): 115, (236, 283): 115, (238, 46): 345, (238, 321): 345, (240, 66): 345, (240, 301): 345, (243, 149): 15, (243, 218): 15, (244, 29): 23, (244, 338): 23, (247, 85): 115, (247, 282): 115, (249, 175): 115, (249, 192): 115, (252, 135): 345, (252, 232): 345, (253, 127): 345, (253, 240): 345, (254, 109): 69, (254, 258): 69, (256, 16): 23, (256, 351): 23, (257, 161): 345, (257, 206): 345, (267, 71): 115, (267, 296): 115, (268, 153): 345, (268, 214): 345, (270, 4): 345, (270, 363): 345, (271, 164): 23, (271, 203): 23, (276, 180): 69, (276, 187): 69, (278, 152): 5, (278, 215): 5, (279, 6): 345, (279, 361): 345, (281, 51): 345, (281, 316): 345, (283, 30): 345, (283, 337): 345, (284, 93): 345, (284, 274): 345, (288, 31): 345, (288, 336): 345, (289, 96): 345, (289, 271): 345, (290, 11): 345, (290, 356): 345, (291, 145): 69, (291, 222): 69, (292, 79): 345, (292, 288): 345, (293, 174): 345, (293, 193): 345, (298, 151): 115, (298, 216): 115, (300, 110): 69, (300, 257): 69, (306, 37): 115, (306, 330): 115, (307, 83): 115, (307, 284): 115, (309, 134): 69, (309, 233): 69, (311, 145): 345, (311, 222): 345, (317, 134): 345, (317, 233): 345, (318, 94): 345, (318, 273): 345, (321, 153): 115, (321, 214): 115, (323, 28): 23, (323, 339): 23, (325, 172): 345, (325, 195): 345, (326, 60): 345, (326, 307): 345, (327, 35): 345, (327, 332): 345, (331, 94): 3, (331, 273): 3, (333, 102): 115, (333, 265): 115, (334, 128): 345, (334, 239): 345, (335, 136): 345, (335, 231): 345, (336, 161): 69, (336, 206): 69, (339, 102): 345, (339, 265): 345, (341, 65): 345, (341, 302): 345, (342, 127): 115, (342, 240): 115, (344, 172): 69, (344, 195): 69, (345, 66): 69, (345, 301): 69, (349, 104): 115, (349, 263): 115, (351, 23): 23, (351, 344): 23, (353, 177): 115, (353, 190): 115, (355, 109): 345, (355, 258): 345, (356, 125): 115, (356, 242): 115, (359, 58): 345, (359, 309): 345, (360, 170): 5, (360, 197): 5, (362, 41): 345, (362, 326): 345, (364, 51): 23, (364, 316): 23, (365, 126): 345, (365, 241): 345, (366, 136): 115, (366, 231): 115}
 
373, 381, True, 3, 127
{'infinity': 1, (1, 175): 127, (1, 198): 127, (2, 48): 381, (2, 325): 381, (5, 60): 381, (5, 313): 381, (9, 76): 127, (9, 297): 127, (12, 11): 381, (12, 362): 381, (15, 179): 127, (15, 194): 127, (17, 7): 127, (17, 366): 127, (19, 115): 381, (19, 258): 381, (21, 1): 381, (21, 372): 381, (22, 17): 127, (22, 356): 127, (23, 179): 381, (23, 194): 381, (24, 68): 381, (24, 305): 381, (26, 126): 381, (26, 247): 381, (29, 165): 381, (29, 208): 381, (30, 4): 381, (30, 369): 381, (32, 129): 127, (32, 244): 127, (34, 156): 381, (34, 217): 381, (35, 38): 127, (35, 335): 127, (37, 181): 127, (37, 192): 127, (38, 95): 127, (38, 278): 127, (39, 8): 127, (39, 365): 127, (40, 17): 381, (40, 356): 381, (42, 158): 381, (42, 215): 381, (44, 183): 381, (44, 190): 381, (45, 69): 127, (45, 304): 127, (46, 83): 381, (46, 290): 381, (53, 3): 381, (53, 370): 381, (54, 34): 381, (54, 339): 381, (55, 4): 381, (55, 369): 381, (56, 38): 381, (56, 335): 381, (62, 150): 381, (62, 223): 381, (67, 61): 127, (67, 312): 127, (68, 25): 381, (68, 348): 381, (69, 83): 127, (69, 290): 127, (73, 122): 381, (73, 251): 381, (74, 56): 381, (74, 317): 381, (75, 28): 381, (75, 345): 381, (76, 1): 127, (76, 372): 127, (79, 175): 381, (79, 198): 381, (80, 177): 127, (80, 196): 127, (83, 110): 381, (83, 263): 381, (84, 169): 381, (84, 204): 381, (86, 122): 127, (86, 251): 127, (87, 70): 381, (87, 303): 381, (88, 167): 127, (88, 206): 127, (89, 54): 381, (89, 319): 381, (90, 22): 127, (90, 351): 127, (91, 97): 381, (91, 276): 381, (98, 120): 127, (98, 253): 127, (99, 107): 381, (99, 266): 381, (105, 163): 381, (105, 210): 381, (106, 182): 127, (106, 191): 127, (107, 157): 127, (107, 216): 127, (108, 157): 381, (108, 216): 381, (110, 78): 381, (110, 295): 381, (111, 169): 381, (111, 204): 381, (114, 151): 127, (114, 222): 127, (116, 61): 127, (116, 312): 127, (117, 44): 381, (117, 329): 381, (118, 73): 381, (118, 300): 381, (120, 44): 381, (120, 329): 381, (123, 126): 381, (123, 247): 381, (124, 40): 381, (124, 333): 381, (125, 2): 381, (125, 371): 381, (130, 34): 381, (130, 339): 381, (136, 44): 127, (136, 329): 127, (137, 28): 381, (137, 345): 381, (138, 9): 381, (138, 364): 381, (140, 106): 381, (140, 267): 381, (143, 30): 127, (143, 343): 127, (145, 75): 381, (145, 298): 381, (147, 39): 381, (147, 334): 381, (150, 101): 381, (150, 272): 381, (151, 31): 381, (151, 342): 381, (152, 113): 381, (152, 260): 381, (154, 72): 127, (154, 301): 127, (157, 71): 381, (157, 302): 381, (158, 157): 381, (158, 216): 381, (160, 135): 127, (160, 238): 127, (161, 28): 381, (161, 345): 381, (162, 147): 381, (162, 226): 381, (163, 85): 381, (163, 288): 381, (164, 45): 381, (164, 328): 381, (170, 32): 381, (170, 341): 381, (172, 124): 127, (172, 249): 127, (173, 15): 381, (173, 358): 381, (174, 184): 381, (174, 189): 381, (175, 42): 381, (175, 331): 381, (176, 41): 381, (176, 332): 381, (178, 169): 127, (178, 204): 127, (179, 125): 381, (179, 248): 381, (181, 21): 381, (181, 352): 381, (182, 93): 127, (182, 280): 127, (184, 104): 381, (184, 269): 381, (189, 34): 127, (189, 339): 127, (190, 61): 127, (190, 312): 127, (193, 131): 381, (193, 242): 381, (195, 14): 381, (195, 359): 381, (196, 64): 381, (196, 309): 381, (197, 81): 127, (197, 292): 127, (198, 145): 381, (198, 228): 381, (199, 118): 127, (199, 255): 127, (200, 161): 381, (200, 212): 381, (204, 170): 381, (204, 203): 381, (205, 125): 381, (205, 248): 381, (209, 168): 381, (209, 205): 381, (213, 89): 381, (213, 284): 381, (214, 122): 381, (214, 251): 381, (216, 154): 381, (216, 219): 381, (218, 80): 381, (218, 293): 381, (220, 88): 381, (220, 285): 381, (221, 180): 381, (221, 193): 381, (222, 149): 381, (222, 224): 381, (223, 98): 127, (223, 275): 127, (224, 126): 381, (224, 247): 381, (225, 64): 381, (225, 309): 381, (226, 58): 127, (226, 315): 127, (227, 92): 381, (227, 281): 381, (229, 131): 381, (229, 242): 381, (231, 142): 381, (231, 231): 381, (233, 51): 127, (233, 322): 127, (234, 24): 127, (234, 349): 127, (238, 112): 381, (238, 261): 381, (239, 21): 127, (239, 352): 127, (243, 104): 381, (243, 269): 381, (244, 147): 381, (244, 226): 381, (252, 5): 381, (252, 368): 381, (255, 100): 127, (255, 273): 127, (258, 83): 381, (258, 290): 381, (259, 19): 381, (259, 354): 381, (260, 160): 381, (260, 213): 381, (261, 170): 127, (261, 203): 127, (262, 14): 127, (262, 359): 127, (264, 99): 381, (264, 274): 381, (267, 87): 381, (267, 286): 381, (269, 186): 381, (269, 187): 381, (276, 1): 381, (276, 372): 381, (277, 27): 127, (277, 346): 127, (279, 127): 381, (279, 246): 381, (281, 170): 381, (281, 203): 381, (282, 38): 381, (282, 335): 381, (283, 139): 381, (283, 234): 381, (285, 65): 127, (285, 308): 127, (288, 4): 127, (288, 369): 127, (289, 14): 381, (289, 359): 381, (291, 13): 381, (291, 360): 381, (293, 175): 381, (293, 198): 381, (294, 177): 127, (294, 196): 127, (299, 94): 127, (299, 279): 127, (302, 107): 381, (302, 266): 381, (303, 148): 127, (303, 225): 127, (309, 54): 127, (309, 319): 127, (311, 17): 381, (311, 356): 381, (312, 52): 381, (312, 321): 381, (314, 108): 127, (314, 265): 127, (317, 97): 381, (317, 276): 381, (319, 104): 127, (319, 269): 127, (320, 20): 127, (320, 353): 127, (322, 74): 381, (322, 299): 381, (324, 131): 381, (324, 242): 381, (325, 64): 381, (325, 309): 381, (326, 21): 381, (326, 352): 381, (328, 59): 381, (328, 314): 381, (329, 172): 127, (329, 201): 127, (330, 136): 381, (330, 237): 381, (331, 174): 381, (331, 199): 381, (332, 116): 381, (332, 257): 381, (333, 150): 381, (333, 223): 381, (334, 128): 381, (334, 245): 381, (335, 179): 381, (335, 194): 381, (337, 67): 3, (337, 306): 3, (338, 97): 127, (338, 276): 127, (339, 109): 381, (339, 264): 381, (340, 147): 127, (340, 226): 127, (344, 164): 381, (344, 209): 381, (345, 107): 381, (345, 266): 381, (346, 181): 381, (346, 192): 381, (348, 54): 381, (348, 319): 381, (349, 117): 381, (349, 256): 381, (350, 95): 127, (350, 278): 127, (351, 150): 127, (351, 223): 127, (354, 63): 127, (354, 310): 127, (356, 119): 381, (356, 254): 381, (358, 95): 127, (358, 278): 127, (359, 152): 127, (359, 221): 127, (362, 125): 127, (362, 248): 127, (363, 181): 381, (363, 192): 381, (367, 146): 127, (367, 227): 127, (371, 33): 381, (371, 340): 381, (372, 177): 127, (372, 196): 127}
 
379, 369, False, 3, 123
{'infinity': 1, (3, 177): 123, (3, 202): 123, (5, 89): 123, (5, 290): 123, (6, 7): 123, (6, 372): 123, (8, 126): 41, (8, 253): 41, (9, 102): 123, (9, 277): 123, (12, 20): 123, (12, 359): 123, (13, 186): 123, (13, 193): 123, (14, 140): 123, (14, 239): 123, (18, 93): 123, (18, 286): 123, (19, 24): 123, (19, 355): 123, (20, 24): 123, (20, 355): 123, (24, 67): 123, (24, 312): 123, (25, 167): 123, (25, 212): 123, (27, 122): 123, (27, 257): 123, (28, 138): 123, (28, 241): 123, (30, 160): 123, (30, 219): 123, (31, 89): 123, (31, 290): 123, (33, 6): 123, (33, 373): 123, (34, 173): 41, (34, 206): 41, (35, 12): 123, (35, 367): 123, (38, 1): 123, (38, 378): 123, (40, 5): 123, (40, 374): 123, (42, 177): 123, (42, 202): 123, (44, 123): 123, (44, 256): 123, (45, 46): 41, (45, 333): 41, (46, 152): 123, (46, 227): 123, (47, 5): 123, (47, 374): 123, (48, 101): 41, (48, 278): 41, (51, 135): 123, (51, 244): 123, (53, 43): 41, (53, 336): 41, (56, 182): 123, (56, 197): 123, (58, 61): 123, (58, 318): 123, (61, 33): 123, (61, 346): 123, (62, 136): 123, (62, 243): 123, (63, 144): 3, (63, 235): 3, (65, 179): 123, (65, 200): 123, (68, 179): 123, (68, 200): 123, (69, 133): 41, (69, 246): 41, (71, 128): 123, (71, 251): 123, (73, 186): 123, (73, 193): 123, (76, 28): 123, (76, 351): 123, (78, 101): 123, (78, 278): 123, (80, 32): 123, (80, 347): 123, (83, 36): 123, (83, 343): 123, (84, 178): 123, (84, 201): 123, (85, 44): 123, (85, 335): 123, (93, 143): 123, (93, 236): 123, (97, 166): 123, (97, 213): 123, (100, 105): 123, (100, 274): 123, (104, 116): 123, (104, 263): 123, (109, 41): 3, (109, 338): 3, (110, 49): 123, (110, 330): 123, (112, 30): 123, (112, 349): 123, (113, 160): 123, (113, 219): 123, (115, 122): 123, (115, 257): 123, (117, 131): 123, (117, 248): 123, (121, 25): 123, (121, 354): 123, (123, 10): 123, (123, 369): 123, (126, 184): 123, (126, 195): 123, (128, 42): 123, (128, 337): 123, (129, 109): 41, (129, 270): 41, (131, 43): 123, (131, 336): 123, (133, 159): 123, (133, 220): 123, (135, 19): 123, (135, 360): 123, (136, 56): 123, (136, 323): 123, (138, 161): 123, (138, 218): 123, (139, 40): 123, (139, 339): 123, (140, 189): 123, (140, 190): 123, (142, 132): 41, (142, 247): 41, (146, 137): 123, (146, 242): 123, (147, 182): 123, (147, 197): 123, (149, 65): 123, (149, 314): 123, (150, 78): 123, (150, 301): 123, (151, 92): 123, (151, 287): 123, (152, 1): 123, (152, 378): 123, (153, 48): 123, (153, 331): 123, (154, 149): 123, (154, 230): 123, (155, 86): 123, (155, 293): 123, (157, 153): 123, (157, 226): 123, (161, 29): 123, (161, 350): 123, (163, 16): 123, (163, 363): 123, (164, 187): 41, (164, 192): 41, (166, 170): 41, (166, 209): 41, (170, 126): 41, (170, 253): 41, (173, 11): 123, (173, 368): 123, (174, 167): 41, (174, 212): 41, (176, 182): 123, (176, 197): 123, (180, 167): 123, (180, 212): 123, (181, 79): 123, (181, 300): 123, (182, 9): 123, (182, 370): 123, (183, 75): 123, (183, 304): 123, (184, 150): 123, (184, 229): 123, (185, 175): 41, (185, 204): 41, (189, 1): 123, (189, 378): 123, (190, 146): 123, (190, 233): 123, (192, 17): 123, (192, 362): 123, (194, 181): 123, (194, 198): 123, (195, 43): 123, (195, 336): 123, (200, 113): 123, (200, 266): 123, (201, 126): 41, (201, 253): 41, (206, 110): 123, (206, 269): 123, (210, 17): 123, (210, 362): 123, (211, 66): 123, (211, 313): 123, (213, 103): 41, (213, 276): 41, (215, 139): 123, (215, 240): 123, (216, 124): 41, (216, 255): 41, (219, 27): 123, (219, 352): 123, (221, 52): 123, (221, 327): 123, (223, 98): 123, (223, 281): 123, (224, 176): 123, (224, 203): 123, (227, 146): 123, (227, 233): 123, (230, 112): 123, (230, 267): 123, (231, 77): 123, (231, 302): 123, (235, 127): 123, (235, 252): 123, (236, 160): 123, (236, 219): 123, (237, 122): 123, (237, 257): 123, (239, 120): 123, (239, 259): 123, (240, 3): 123, (240, 376): 123, (243, 87): 3, (243, 292): 3, (246, 179): 123, (246, 200): 123, (247, 60): 123, (247, 319): 123, (248, 150): 123, (248, 229): 123, (249, 151): 123, (249, 228): 123, (251, 130): 123, (251, 249): 123, (253, 101): 123, (253, 278): 123, (254, 149): 123, (254, 230): 123, (256, 55): 123, (256, 324): 123, (258, 50): 123, (258, 329): 123, (259, 137): 123, (259, 242): 123, (261, 113): 123, (261, 266): 123, (262, 164): 123, (262, 215): 123, (264, 132): 123, (264, 247): 123, (265, 118): 123, (265, 261): 123, (270, 38): 123, (270, 341): 123, (272, 74): 123, (272, 305): 123, (273, 29): 123, (273, 350): 123, (274, 81): 123, (274, 298): 123, (275, 82): 123, (275, 297): 123, (277, 72): 123, (277, 307): 123, (281, 71): 123, (281, 308): 123, (282, 104): 123, (282, 275): 123, (283, 76): 123, (283, 303): 123, (286, 114): 123, (286, 265): 123, (289, 105): 123, (289, 274): 123, (291, 63): 123, (291, 316): 123, (292, 5): 123, (292, 374): 123, (293, 186): 123, (293, 193): 123, (295, 106): 123, (295, 273): 123, (296, 97): 123, (296, 282): 123, (297, 113): 41, (297, 266): 41, (300, 69): 123, (300, 310): 123, (301, 184): 123, (301, 195): 123, (302, 51): 123, (302, 328): 123, (303, 83): 123, (303, 296): 123, (305, 156): 123, (305, 223): 123, (308, 147): 123, (308, 232): 123, (309, 109): 123, (309, 270): 123, (310, 57): 123, (310, 322): 123, (311, 159): 123, (311, 220): 123, (314, 159): 123, (314, 220): 123, (318, 90): 123, (318, 289): 123, (319, 49): 123, (319, 330): 123, (320, 109): 123, (320, 270): 123, (324, 29): 41, (324, 350): 41, (326, 150): 123, (326, 229): 123, (329, 49): 123, (329, 330): 123, (331, 184): 123, (331, 195): 123, (334, 177): 123, (334, 202): 123, (337, 46): 123, (337, 333): 123, (340, 24): 123, (340, 355): 123, (341, 146): 123, (341, 233): 123, (342, 119): 123, (342, 260): 123, (343, 89): 3, (343, 290): 3, (345, 22): 123, (345, 357): 123, (350, 149): 123, (350, 230): 123, (352, 132): 123, (352, 247): 123, (353, 137): 41, (353, 242): 41, (356, 17): 123, (356, 362): 123, (364, 58): 123, (364, 321): 123, (368, 125): 123, (368, 254): 123, (369, 105): 123, (369, 274): 123, (370, 148): 123, (370, 231): 123, (376, 46): 123, (376, 333): 123, (378, 121): 41, (378, 258): 41}
 
383, 408, True, 6, 68
{'infinity': 1, (1, 142): 204, (1, 241): 204, (2, 54): 408, (2, 329): 408, (4, 146): 204, (4, 237): 204, (5, 87): 408, (5, 296): 408, (6, 166): 408, (6, 217): 408, (7, 121): 102, (7, 262): 102, (9, 81): 68, (9, 302): 68, (10, 105): 68, (10, 278): 68, (11, 120): 408, (11, 263): 408, (12, 93): 408, (12, 290): 408, (13, 17): 68, (13, 366): 68, (14, 81): 408, (14, 302): 408, (15, 178): 17, (15, 205): 17, (16, 82): 102, (16, 301): 102, (19, 54): 102, (19, 329): 102, (20, 156): 17, (20, 227): 17, (22, 30): 136, (22, 353): 136, (23, 22): 408, (23, 361): 408, (24, 181): 102, (24, 202): 102, (25, 56): 408, (25, 327): 408, (27, 161): 408, (27, 222): 408, (29, 122): 408, (29, 261): 408, (31, 122): 136, (31, 261): 136, (32, 93): 204, (32, 290): 204, (36, 101): 408, (36, 282): 408, (37, 34): 68, (37, 349): 68, (39, 156): 51, (39, 227): 51, (40, 80): 408, (40, 303): 408, (43, 4): 408, (43, 379): 408, (48, 19): 408, (48, 364): 408, (49, 11): 408, (49, 372): 408, (50, 170): 408, (50, 213): 408, (51, 23): 204, (51, 360): 204, (54, 2): 204, (54, 381): 204, (55, 164): 408, (55, 219): 408, (58, 92): 204, (58, 291): 204, (60, 151): 408, (60, 232): 408, (61, 21): 204, (61, 362): 204, (62, 178): 136, (62, 205): 136, (65, 113): 204, (65, 270): 204, (66, 107): 408, (66, 276): 408, (67, 77): 136, (67, 306): 136, (71, 57): 408, (71, 326): 408, (73, 180): 408, (73, 203): 408, (75, 188): 136, (75, 195): 136, (77, 16): 408, (77, 367): 408, (80, 53): 408, (80, 330): 408, (81, 4): 408, (81, 379): 408, (82, 34): 136, (82, 349): 136, (84, 160): 408, (84, 223): 408, (87, 57): 51, (87, 326): 51, (89, 103): 408, (89, 280): 408, (90, 143): 408, (90, 240): 408, (91, 132): 136, (91, 251): 136, (92, 109): 408, (92, 274): 408, (96, 103): 136, (96, 280): 136, (97, 99): 136, (97, 284): 136, (98, 0): 2, (100, 13): 204, (100, 370): 204, (101, 24): 68, (101, 359): 68, (102, 90): 51, (102, 293): 51, (103, 143): 408, (103, 240): 408, (106, 85): 204, (106, 298): 204, (107, 146): 17, (107, 237): 17, (109, 188): 136, (109, 195): 136, (110, 90): 34, (110, 293): 34, (113, 21): 136, (113, 362): 136, (114, 137): 17, (114, 246): 17, (119, 12): 68, (119, 371): 68, (120, 158): 408, (120, 225): 408, (121, 85): 204, (121, 298): 204, (126, 65): 204, (126, 318): 204, (127, 152): 204, (127, 231): 204, (128, 42): 136, (128, 341): 136, (129, 107): 68, (129, 276): 68, (132, 19): 204, (132, 364): 204, (138, 74): 136, (138, 309): 136, (140, 176): 204, (140, 207): 204, (141, 129): 51, (141, 254): 51, (144, 77): 68, (144, 306): 68, (146, 17): 102, (146, 366): 102, (148, 40): 34, (148, 343): 34, (151, 104): 408, (151, 279): 408, (152, 39): 34, (152, 344): 34, (153, 165): 102, (153, 218): 102, (154, 110): 204, (154, 273): 204, (156, 85): 102, (156, 298): 102, (157, 179): 24, (157, 204): 24, (161, 135): 102, (161, 248): 102, (166, 185): 17, (166, 198): 17, (167, 108): 17, (167, 275): 17, (168, 102): 408, (168, 281): 408, (171, 90): 102, (171, 293): 102, (172, 77): 136, (172, 306): 136, (174, 172): 34, (174, 211): 34, (176, 141): 136, (176, 242): 136, (179, 130): 204, (179, 253): 204, (180, 126): 408, (180, 257): 408, (181, 120): 136, (181, 263): 136, (184, 127): 102, (184, 256): 102, (185, 64): 51, (185, 319): 51, (186, 140): 408, (186, 243): 408, (188, 107): 408, (188, 276): 408, (189, 71): 8, (189, 312): 8, (190, 143): 204, (190, 240): 204, (191, 120): 204, (191, 263): 204, (192, 125): 408, (192, 258): 408, (193, 1): 136, (193, 382): 136, (195, 123): 136, (195, 260): 136, (197, 88): 136, (197, 295): 136, (198, 103): 12, (198, 280): 12, (199, 188): 68, (199, 195): 68, (202, 125): 408, (202, 258): 408, (203, 19): 24, (203, 364): 24, (204, 49): 408, (204, 334): 408, (205, 51): 136, (205, 332): 136, (206, 46): 34, (206, 337): 34, (207, 182): 136, (207, 201): 136, (209, 21): 408, (209, 362): 408, (211, 73): 204, (211, 310): 204, (213, 55): 408, (213, 328): 408, (218, 50): 408, (218, 333): 408, (223, 72): 408, (223, 311): 408, (224, 17): 204, (224, 366): 204, (225, 57): 8, (225, 326): 8, (227, 115): 204, (227, 268): 204, (230, 86): 408, (230, 297): 408, (231, 84): 51, (231, 299): 51, (234, 72): 17, (234, 311): 17, (239, 73): 408, (239, 310): 408, (241, 102): 68, (241, 281): 68, (244, 145): 204, (244, 238): 204, (248, 51): 68, (248, 332): 68, (249, 183): 136, (249, 200): 136, (250, 83): 204, (250, 300): 204, (251, 126): 51, (251, 257): 51, (254, 123): 408, (254, 260): 408, (256, 94): 136, (256, 289): 136, (257, 63): 408, (257, 320): 408, (258, 89): 408, (258, 294): 408, (259, 4): 6, (259, 379): 6, (262, 115): 408, (262, 268): 408, (264, 34): 136, (264, 349): 136, (266, 174): 102, (266, 209): 102, (269, 41): 34, (269, 342): 34, (270, 172): 51, (270, 211): 51, (272, 146): 204, (272, 237): 204, (274, 127): 408, (274, 256): 408, (277, 115): 136, (277, 268): 136, (279, 124): 408, (279, 259): 408, (280, 1): 408, (280, 382): 408, (284, 129): 204, (284, 254): 204, (287, 64): 204, (287, 319): 204, (288, 76): 136, (288, 307): 136, (291, 66): 34, (291, 317): 34, (293, 1): 102, (293, 382): 102, (294, 64): 12, (294, 319): 12, (301, 12): 204, (301, 371): 204, (303, 52): 3, (303, 331): 3, (306, 178): 136, (306, 205): 136, (308, 127): 408, (308, 256): 408, (309, 72): 408, (309, 311): 408, (310, 177): 136, (310, 206): 136, (313, 51): 136, (313, 332): 136, (314, 37): 204, (314, 346): 204, (316, 73): 408, (316, 310): 408, (317, 123): 51, (317, 260): 51, (318, 44): 68, (318, 339): 68, (319, 99): 408, (319, 284): 408, (321, 16): 34, (321, 367): 34, (322, 172): 102, (322, 211): 102, (323, 122): 204, (323, 261): 204, (324, 156): 51, (324, 227): 51, (325, 79): 68, (325, 304): 68, (326, 144): 102, (326, 239): 102, (327, 6): 17, (327, 377): 17, (328, 111): 408, (328, 272): 408, (329, 36): 408, (329, 347): 408, (330, 112): 51, (330, 271): 51, (335, 126): 408, (335, 257): 408, (336, 68): 51, (336, 315): 51, (339, 93): 408, (339, 290): 408, (341, 129): 4, (341, 254): 4, (346, 12): 102, (346, 371): 102, (350, 99): 51, (350, 284): 51, (352, 151): 408, (352, 232): 408, (353, 47): 408, (353, 336): 408, (354, 151): 51, (354, 232): 51, (355, 33): 24, (355, 350): 24, (356, 61): 51, (356, 322): 51, (357, 102): 408, (357, 281): 408, (360, 81): 408, (360, 302): 408, (361, 20): 204, (361, 363): 204, (362, 54): 136, (362, 329): 136, (368, 16): 24, (368, 367): 24, (369, 22): 136, (369, 361): 136, (372, 125): 68, (372, 258): 68, (374, 22): 204, (374, 361): 204, (375, 128): 68, (375, 255): 68, (376, 8): 102, (376, 375): 102, (377, 139): 51, (377, 244): 51, (378, 25): 408, (378, 358): 408, (380, 58): 136, (380, 325): 136, (382, 150): 68, (382, 233): 68}
 
389, 390, True, 6, 65
{'infinity': 1, (1, 93): 390, (1, 296): 390, (2, 84): 390, (2, 305): 390, (6, 53): 30, (6, 336): 30, (7, 13): 5, (7, 376): 5, (8, 193): 39, (8, 196): 39, (9, 95): 390, (9, 294): 390, (16, 5): 65, (16, 384): 65, (17, 172): 195, (17, 217): 195, (18, 163): 15, (18, 226): 15, (19, 189): 130, (19, 200): 130, (20, 58): 195, (20, 331): 195, (21, 55): 65, (21, 334): 65, (24, 125): 130, (24, 264): 130, (29, 155): 390, (29, 234): 390, (30, 23): 130, (30, 366): 130, (31, 169): 30, (31, 220): 30, (34, 177): 39, (34, 212): 39, (38, 110): 195, (38, 279): 195, (41, 62): 390, (41, 327): 390, (42, 172): 15, (42, 217): 15, (46, 89): 65, (46, 300): 65, (49, 77): 195, (49, 312): 195, (52, 48): 390, (52, 341): 390, (54, 20): 130, (54, 369): 130, (55, 90): 195, (55, 299): 195, (56, 162): 195, (56, 227): 195, (57, 34): 195, (57, 355): 195, (59, 121): 390, (59, 268): 390, (60, 189): 390, (60, 200): 390, (62, 0): 2, (63, 86): 65, (63, 303): 65, (64, 115): 6, (64, 274): 6, (67, 186): 65, (67, 203): 65, (70, 158): 390, (70, 231): 390, (71, 152): 13, (71, 237): 13, (72, 100): 390, (72, 289): 390, (76, 53): 390, (76, 336): 390, (77, 77): 130, (77, 312): 130, (78, 178): 195, (78, 211): 195, (79, 65): 65, (79, 324): 65, (84, 14): 390, (84, 375): 390, (85, 87): 26, (85, 302): 26, (87, 30): 195, (87, 359): 195, (88, 112): 390, (88, 277): 390, (89, 177): 130, (89, 212): 130, (90, 95): 39, (90, 294): 39, (92, 100): 65, (92, 289): 65, (95, 58): 390, (95, 331): 390, (98, 55): 195, (98, 334): 195, (100, 175): 78, (100, 214): 78, (102, 76): 390, (102, 313): 390, (103, 155): 195, (103, 234): 195, (104, 122): 195, (104, 267): 195, (105, 179): 390, (105, 210): 390, (106, 6): 13, (106, 383): 13, (107, 80): 5, (107, 309): 5, (108, 127): 39, (108, 262): 39, (109, 84): 390, (109, 305): 390, (110, 54): 30, (110, 335): 30, (111, 147): 39, (111, 242): 39, (113, 160): 390, (113, 229): 390, (115, 4): 390, (115, 385): 390, (116, 160): 195, (116, 229): 195, (117, 179): 65, (117, 210): 65, (121, 33): 195, (121, 356): 195, (122, 42): 130, (122, 347): 130, (123, 182): 78, (123, 207): 78, (125, 6): 195, (125, 383): 195, (127, 102): 39, (127, 287): 39, (128, 1): 39, (128, 388): 39, (129, 93): 195, (129, 296): 195, (132, 19): 130, (132, 370): 130, (137, 2): 78, (137, 387): 78, (139, 124): 195, (139, 265): 195, (144, 141): 130, (144, 248): 130, (150, 31): 26, (150, 358): 26, (152, 186): 130, (152, 203): 130, (153, 153): 195, (153, 236): 195, (154, 129): 390, (154, 260): 390, (155, 193): 195, (155, 196): 195, (158, 6): 195, (158, 383): 195, (160, 160): 390, (160, 229): 390, (161, 89): 65, (161, 300): 65, (164, 185): 195, (164, 204): 195, (165, 156): 390, (165, 233): 390, (167, 179): 390, (167, 210): 390, (170, 186): 130, (170, 203): 130, (171, 28): 390, (171, 361): 390, (174, 164): 195, (174, 225): 195, (176, 82): 195, (176, 307): 195, (177, 169): 78, (177, 220): 78, (178, 91): 390, (178, 298): 390, (180, 103): 78, (180, 286): 78, (181, 169): 65, (181, 220): 65, (182, 89): 65, (182, 300): 65, (185, 183): 130, (185, 206): 130, (186, 57): 130, (186, 332): 130, (190, 22): 390, (190, 367): 390, (192, 38): 390, (192, 351): 390, (196, 148): 390, (196, 241): 390, (197, 44): 26, (197, 345): 26, (199, 130): 195, (199, 259): 195, (201, 117): 78, (201, 272): 78, (202, 45): 65, (202, 344): 65, (206, 15): 65, (206, 374): 65, (207, 72): 390, (207, 317): 390, (213, 119): 390, (213, 270): 390, (214, 113): 390, (214, 276): 390, (215, 136): 65, (215, 253): 65, (217, 138): 26, (217, 251): 26, (218, 111): 390, (218, 278): 390, (219, 43): 195, (219, 346): 195, (221, 56): 39, (221, 333): 39, (222, 41): 390, (222, 348): 390, (225, 100): 78, (225, 289): 78, (226, 193): 65, (226, 196): 65, (227, 180): 390, (227, 209): 390, (228, 72): 65, (228, 317): 65, (231, 70): 15, (231, 319): 15, (232, 132): 390, (232, 257): 390, (233, 61): 195, (233, 328): 195, (235, 39): 65, (235, 350): 65, (237, 43): 39, (237, 346): 39, (239, 181): 130, (239, 208): 130, (240, 133): 13, (240, 256): 13, (249, 99): 195, (249, 290): 195, (250, 29): 78, (250, 360): 78, (251, 108): 130, (251, 281): 130, (252, 47): 130, (252, 342): 130, (254, 17): 390, (254, 372): 390, (257, 155): 390, (257, 234): 390, (259, 93): 130, (259, 296): 130, (261, 51): 78, (261, 338): 78, (263, 77): 78, (263, 312): 78, (264, 70): 195, (264, 319): 195, (265, 3): 390, (265, 386): 390, (266, 177): 390, (266, 212): 390, (269, 92): 130, (269, 297): 130, (270, 55): 195, (270, 334): 195, (271, 71): 13, (271, 318): 13, (272, 41): 195, (272, 348): 195, (274, 58): 78, (274, 331): 78, (278, 84): 65, (278, 305): 65, (280, 147): 195, (280, 242): 195, (283, 70): 65, (283, 319): 65, (284, 41): 390, (284, 348): 390, (285, 50): 39, (285, 339): 39, (286, 19): 390, (286, 370): 390, (287, 150): 195, (287, 239): 195, (290, 95): 130, (290, 294): 130, (292, 40): 65, (292, 349): 65, (294, 4): 195, (294, 385): 195, (295, 33): 78, (295, 356): 78, (296, 141): 30, (296, 248): 30, (297, 185): 26, (297, 204): 26, (300, 182): 10, (300, 207): 10, (303, 154): 130, (303, 235): 130, (307, 53): 195, (307, 336): 195, (309, 66): 195, (309, 323): 195, (310, 189): 195, (310, 200): 195, (311, 69): 39, (311, 320): 39, (317, 185): 390, (317, 204): 390, (321, 175): 390, (321, 214): 390, (322, 43): 195, (322, 346): 195, (323, 102): 390, (323, 287): 390, (325, 96): 390, (325, 293): 390, (327, 98): 10, (327, 291): 10, (328, 102): 390, (328, 287): 390, (329, 65): 65, (329, 324): 65, (330, 172): 195, (330, 217): 195, (331, 36): 195, (331, 353): 195, (333, 101): 130, (333, 288): 130, (334, 81): 13, (334, 308): 13, (337, 192): 195, (337, 197): 195, (338, 141): 195, (338, 248): 195, (343, 72): 390, (343, 317): 390, (347, 121): 130, (347, 268): 130, (355, 182): 195, (355, 207): 195, (356, 167): 195, (356, 222): 195, (357, 175): 15, (357, 214): 15, (360, 19): 3, (360, 370): 3, (362, 33): 130, (362, 356): 130, (366, 139): 195, (366, 250): 195, (367, 75): 390, (367, 314): 390, (369, 4): 130, (369, 385): 130, (370, 65): 65, (370, 324): 65, (372, 121): 195, (372, 268): 195, (374, 157): 195, (374, 232): 195, (375, 27): 39, (375, 362): 39, (376, 125): 26, (376, 264): 26, (378, 125): 65, (378, 264): 65, (382, 60): 195, (382, 329): 195, (385, 32): 195, (385, 357): 195, (386, 151): 13, (386, 238): 13, (387, 147): 65, (387, 242): 65}
 
397, 384, False, 12, 32
{'infinity': 1, (4, 0): 2, (6, 0): 2, (8, 12): 64, (8, 385): 64, (10, 185): 64, (10, 212): 64, (14, 27): 64, (14, 370): 64, (15, 41): 8, (15, 356): 8, (16, 91): 96, (16, 306): 96, (19, 104): 24, (19, 293): 24, (20, 109): 96, (20, 288): 96, (21, 34): 16, (21, 363): 16, (22, 96): 64, (22, 301): 64, (24, 39): 12, (24, 358): 12, (26, 56): 96, (26, 341): 96, (33, 178): 48, (33, 219): 48, (36, 41): 192, (36, 356): 192, (37, 21): 4, (37, 376): 4, (39, 133): 24, (39, 264): 24, (42, 57): 192, (42, 340): 192, (43, 65): 192, (43, 332): 192, (44, 198): 192, (44, 199): 192, (46, 189): 48, (46, 208): 48, (49, 130): 192, (49, 267): 192, (50, 116): 192, (50, 281): 192, (51, 28): 192, (51, 369): 192, (52, 193): 192, (52, 204): 192, (57, 148): 32, (57, 249): 32, (59, 38): 48, (59, 359): 48, (60, 85): 192, (60, 312): 192, (61, 139): 64, (61, 258): 64, (62, 72): 192, (62, 325): 192, (65, 34): 96, (65, 363): 96, (66, 175): 48, (66, 222): 48, (70, 57): 192, (70, 340): 192, (71, 51): 96, (71, 346): 96, (72, 69): 32, (72, 328): 32, (73, 181): 6, (73, 216): 6, (82, 33): 12, (82, 364): 12, (84, 117): 192, (84, 280): 192, (86, 50): 192, (86, 347): 192, (87, 68): 96, (87, 329): 96, (88, 115): 192, (88, 282): 192, (89, 67): 48, (89, 330): 48, (90, 68): 12, (90, 329): 12, (92, 73): 96, (92, 324): 96, (93, 132): 192, (93, 265): 192, (96, 195): 12, (96, 202): 12, (97, 145): 32, (97, 252): 32, (99, 124): 192, (99, 273): 192, (100, 83): 32, (100, 314): 32, (104, 162): 192, (104, 235): 192, (105, 182): 192, (105, 215): 192, (106, 83): 48, (106, 314): 48, (108, 20): 24, (108, 377): 24, (110, 98): 96, (110, 299): 96, (111, 128): 96, (111, 269): 96, (112, 176): 32, (112, 221): 32, (113, 58): 64, (113, 339): 64, (114, 86): 16, (114, 311): 16, (115, 143): 192, (115, 254): 192, (119, 133): 96, (119, 264): 96, (120, 137): 192, (120, 260): 192, (121, 52): 16, (121, 345): 16, (122, 148): 32, (122, 249): 32, (123, 108): 64, (123, 289): 64, (126, 96): 8, (126, 301): 8, (130, 103): 96, (130, 294): 96, (134, 139): 96, (134, 258): 96, (136, 124): 192, (136, 273): 192, (140, 65): 64, (140, 332): 64, (142, 95): 64, (142, 302): 64, (143, 126): 64, (143, 271): 64, (145, 1): 64, (145, 396): 64, (147, 195): 192, (147, 202): 192, (151, 29): 64, (151, 368): 64, (152, 140): 192, (152, 257): 192, (154, 195): 192, (154, 202): 192, (155, 138): 64, (155, 259): 64, (159, 106): 96, (159, 291): 96, (160, 183): 64, (160, 214): 64, (161, 193): 96, (161, 204): 96, (162, 124): 24, (162, 273): 24, (163, 187): 32, (163, 210): 32, (164, 56): 64, (164, 341): 64, (167, 184): 64, (167, 213): 64, (168, 45): 96, (168, 352): 96, (171, 91): 192, (171, 306): 192, (172, 109): 192, (172, 288): 192, (174, 44): 192, (174, 353): 192, (176, 54): 192, (176, 343): 192, (179, 111): 192, (179, 286): 192, (181, 46): 48, (181, 351): 48, (182, 118): 96, (182, 279): 96, (183, 15): 64, (183, 382): 64, (184, 193): 64, (184, 204): 64, (186, 26): 8, (186, 371): 8, (191, 83): 96, (191, 314): 96, (196, 75): 96, (196, 322): 96, (198, 78): 192, (198, 319): 192, (200, 24): 192, (200, 373): 192, (201, 4): 64, (201, 393): 64, (202, 139): 192, (202, 258): 192, (205, 109): 192, (205, 288): 192, (206, 192): 192, (206, 205): 192, (207, 56): 192, (207, 341): 192, (210, 91): 192, (210, 306): 192, (211, 88): 32, (211, 309): 32, (212, 70): 192, (212, 327): 192, (214, 65): 24, (214, 332): 24, (216, 121): 48, (216, 276): 48, (218, 148): 8, (218, 249): 8, (219, 197): 16, (219, 200): 16, (220, 68): 96, (220, 329): 96, (222, 31): 192, (222, 366): 192, (223, 23): 64, (223, 374): 64, (228, 164): 64, (228, 233): 64, (229, 123): 192, (229, 274): 192, (231, 131): 192, (231, 266): 192, (235, 110): 192, (235, 287): 192, (238, 135): 64, (238, 262): 64, (239, 133): 32, (239, 264): 32, (241, 179): 192, (241, 218): 192, (245, 107): 48, (245, 290): 48, (246, 6): 32, (246, 391): 32, (249, 96): 64, (249, 301): 64, (251, 31): 6, (251, 366): 6, (252, 102): 64, (252, 295): 64, (253, 194): 192, (253, 203): 192, (254, 22): 192, (254, 375): 192, (257, 15): 192, (257, 382): 192, (258, 147): 48, (258, 250): 48, (261, 110): 32, (261, 287): 32, (262, 40): 64, (262, 357): 64, (264, 188): 64, (264, 209): 64, (268, 3): 48, (268, 394): 48, (270, 174): 192, (270, 223): 192, (275, 111): 192, (275, 286): 192, (277, 190): 96, (277, 207): 96, (279, 25): 16, (279, 372): 16, (281, 187): 24, (281, 210): 24, (282, 97): 16, (282, 300): 16, (283, 32): 96, (283, 365): 96, (284, 114): 64, (284, 283): 64, (285, 57): 48, (285, 340): 48, (288, 151): 96, (288, 246): 96, (291, 192): 192, (291, 205): 192, (292, 84): 192, (292, 313): 192, (295, 5): 24, (295, 392): 24, (296, 103): 48, (296, 294): 48, (297, 192): 32, (297, 205): 32, (298, 110): 192, (298, 287): 192, (300, 167): 96, (300, 230): 96, (303, 37): 64, (303, 360): 64, (304, 92): 96, (304, 305): 96, (305, 93): 96, (305, 304): 96, (311, 34): 96, (311, 363): 96, (313, 17): 192, (313, 380): 192, (318, 18): 32, (318, 379): 32, (319, 98): 192, (319, 299): 192, (320, 173): 96, (320, 224): 96, (321, 31): 64, (321, 366): 64, (322, 11): 96, (322, 386): 96, (324, 99): 192, (324, 298): 192, (326, 43): 64, (326, 354): 64, (327, 176): 192, (327, 221): 192, (331, 60): 96, (331, 337): 96, (332, 50): 192, (332, 347): 192, (337, 2): 192, (337, 395): 192, (340, 111): 4, (340, 286): 4, (343, 67): 16, (343, 330): 16, (346, 41): 192, (346, 356): 192, (350, 187): 96, (350, 210): 96, (351, 144): 32, (351, 253): 32, (354, 15): 48, (354, 382): 48, (355, 176): 192, (355, 221): 192, (361, 28): 3, (361, 369): 3, (362, 67): 6, (362, 330): 6, (363, 21): 64, (363, 376): 64, (365, 98): 192, (365, 299): 192, (368, 103): 96, (368, 294): 96, (369, 119): 192, (369, 278): 192, (376, 50): 16, (376, 347): 16, (378, 153): 32, (378, 244): 32, (380, 160): 192, (380, 237): 192, (382, 28): 192, (382, 369): 192, (383, 61): 96, (383, 336): 96, (385, 76): 192, (385, 321): 192, (386, 125): 32, (386, 272): 32, (387, 0): 2, (388, 122): 24, (388, 275): 24, (391, 185): 48, (391, 212): 48, (393, 185): 192, (393, 212): 192, (394, 21): 64, (394, 376): 64, (396, 74): 48, (396, 323): 48}
 
