"564.b1"	564	1	[]	0	[0, 1, 0, -517, -4681]	[[-14, 3]]

p prime of good reduction, N = #E(F_p), isCyclic, index of E(Q) in E(F_p), order of image of E(Q) 

5, 9, True, 3, 3
{'infinity': 1, (0, 2): 9, (0, 3): 9, (1, 2): 3, (1, 3): 3, (3, 2): 9, (3, 3): 9, (4, 1): 9, (4, 4): 9}
 
7, 9, True, 3, 3
{'infinity': 1, (0, 3): 3, (0, 4): 3, (2, 3): 9, (2, 4): 9, (4, 3): 9, (4, 4): 9, (6, 1): 9, (6, 6): 9}
 
11, 15, True, 3, 5
{'infinity': 1, (0, 4): 15, (0, 7): 15, (5, 1): 3, (5, 10): 3, (6, 2): 15, (6, 9): 15, (7, 1): 15, (7, 10): 15, (8, 3): 5, (8, 8): 5, (9, 1): 5, (9, 10): 5, (10, 4): 15, (10, 7): 15}
 
13, 18, False, 3, 6
{'infinity': 1, (0, 5): 3, (0, 8): 3, (1, 2): 3, (1, 11): 3, (2, 2): 6, (2, 11): 6, (4, 0): 2, (6, 3): 6, (6, 10): 6, (7, 3): 3, (7, 10): 3, (8, 1): 3, (8, 12): 3, (9, 2): 6, (9, 11): 6, (12, 3): 6, (12, 10): 6}
 
17, 18, True, 3, 6
{'infinity': 1, (2, 3): 9, (2, 14): 9, (3, 3): 6, (3, 14): 6, (6, 0): 2, (8, 2): 3, (8, 15): 3, (10, 2): 9, (10, 15): 9, (11, 3): 18, (11, 14): 18, (13, 5): 18, (13, 12): 18, (15, 2): 9, (15, 15): 9, (16, 1): 18, (16, 16): 18}
 
19, 18, False, 6, 3
{'infinity': 1, (2, 4): 3, (2, 15): 3, (3, 6): 6, (3, 13): 6, (4, 0): 2, (5, 3): 3, (5, 16): 3, (8, 9): 3, (8, 10): 3, (9, 8): 3, (9, 11): 3, (16, 5): 6, (16, 14): 6, (17, 4): 6, (17, 15): 6, (18, 4): 6, (18, 15): 6}
 
23, 33, True, 3, 11
{'infinity': 1, (1, 5): 33, (1, 18): 33, (2, 1): 33, (2, 22): 33, (4, 1): 33, (4, 22): 33, (6, 6): 11, (6, 17): 11, (7, 2): 33, (7, 21): 33, (8, 4): 11, (8, 19): 11, (9, 3): 11, (9, 20): 11, (10, 9): 11, (10, 14): 11, (11, 10): 33, (11, 13): 33, (12, 7): 33, (12, 16): 33, (13, 7): 33, (13, 16): 33, (16, 1): 11, (16, 22): 11, (17, 9): 33, (17, 14): 33, (18, 9): 3, (18, 14): 3, (20, 7): 33, (20, 16): 33, (21, 11): 33, (21, 12): 33}
 
29, 33, True, 3, 11
{'infinity': 1, (1, 13): 33, (1, 16): 33, (4, 1): 11, (4, 28): 11, (6, 3): 33, (6, 26): 33, (7, 3): 33, (7, 26): 33, (8, 13): 33, (8, 16): 33, (10, 6): 33, (10, 23): 33, (11, 4): 33, (11, 25): 33, (12, 8): 33, (12, 21): 33, (15, 3): 11, (15, 26): 11, (18, 12): 11, (18, 17): 11, (19, 13): 33, (19, 16): 33, (20, 7): 11, (20, 22): 11, (21, 14): 33, (21, 15): 33, (22, 6): 3, (22, 23): 3, (25, 6): 33, (25, 23): 33, (26, 10): 11, (26, 19): 11}
 
31, 36, True, 9, 4
{'infinity': 1, (0, 0): 2, (2, 1): 18, (2, 30): 18, (3, 2): 36, (3, 29): 36, (5, 13): 9, (5, 18): 9, (6, 8): 36, (6, 23): 36, (7, 11): 18, (7, 20): 18, (8, 6): 18, (8, 25): 18, (9, 1): 9, (9, 30): 9, (12, 15): 36, (12, 16): 36, (13, 4): 36, (13, 27): 36, (17, 3): 4, (17, 28): 4, (19, 1): 6, (19, 30): 6, (24, 15): 36, (24, 16): 36, (25, 15): 3, (25, 16): 3, (26, 6): 12, (26, 25): 12, (27, 6): 36, (27, 25): 36, (28, 13): 9, (28, 18): 9, (29, 10): 12, (29, 21): 12}
 
37, 33, True, 3, 11
{'infinity': 1, (1, 13): 33, (1, 24): 33, (4, 18): 33, (4, 19): 33, (5, 5): 11, (5, 32): 11, (7, 11): 33, (7, 26): 33, (8, 11): 33, (8, 26): 33, (11, 1): 33, (11, 36): 33, (14, 7): 33, (14, 30): 33, (15, 9): 11, (15, 28): 11, (21, 11): 33, (21, 26): 33, (23, 3): 11, (23, 34): 11, (24, 7): 11, (24, 30): 11, (27, 12): 33, (27, 25): 33, (28, 8): 11, (28, 29): 11, (33, 15): 3, (33, 22): 3, (34, 16): 33, (34, 21): 33, (35, 7): 33, (35, 30): 33}
 
41, 48, False, 12, 4
{'infinity': 1, (2, 18): 12, (2, 23): 12, (3, 6): 24, (3, 35): 24, (5, 10): 24, (5, 31): 24, (7, 13): 24, (7, 28): 24, (8, 0): 2, (9, 2): 4, (9, 39): 4, (10, 8): 3, (10, 33): 3, (13, 5): 6, (13, 36): 6, (14, 0): 2, (15, 15): 8, (15, 26): 8, (16, 3): 12, (16, 38): 12, (18, 0): 2, (20, 12): 6, (20, 29): 6, (27, 3): 4, (27, 38): 4, (29, 12): 24, (29, 29): 24, (30, 1): 24, (30, 40): 24, (31, 9): 8, (31, 32): 8, (32, 12): 8, (32, 29): 8, (33, 14): 24, (33, 27): 24, (35, 2): 24, (35, 39): 24, (36, 10): 12, (36, 31): 12, (37, 2): 24, (37, 39): 24, (38, 3): 6, (38, 38): 6, (39, 11): 12, (39, 30): 12, (40, 10): 8, (40, 31): 8}
 
43, 36, True, 3, 12
{'infinity': 1, (0, 7): 18, (0, 36): 18, (2, 4): 36, (2, 39): 36, (7, 2): 9, (7, 41): 9, (8, 12): 9, (8, 31): 9, (10, 8): 36, (10, 35): 36, (12, 19): 36, (12, 24): 36, (17, 17): 36, (17, 26): 36, (18, 9): 18, (18, 34): 18, (20, 1): 36, (20, 42): 36, (26, 0): 2, (27, 3): 6, (27, 40): 6, (28, 15): 36, (28, 28): 36, (29, 3): 12, (29, 40): 12, (31, 5): 12, (31, 38): 12, (32, 21): 18, (32, 22): 18, (37, 2): 9, (37, 41): 9, (38, 13): 4, (38, 30): 4, (41, 2): 3, (41, 41): 3}
 
53, 48, True, 3, 16
{'infinity': 1, (0, 6): 12, (0, 47): 12, (4, 3): 3, (4, 50): 3, (7, 25): 24, (7, 28): 24, (9, 3): 48, (9, 50): 48, (10, 10): 12, (10, 43): 12, (15, 11): 48, (15, 42): 48, (16, 12): 6, (16, 41): 6, (17, 0): 2, (18, 15): 8, (18, 38): 8, (20, 2): 16, (20, 51): 16, (21, 10): 24, (21, 43): 24, (22, 18): 48, (22, 35): 48, (23, 24): 24, (23, 29): 24, (28, 9): 24, (28, 44): 24, (29, 16): 48, (29, 37): 48, (30, 17): 8, (30, 36): 8, (32, 18): 4, (32, 35): 4, (37, 4): 48, (37, 49): 48, (39, 3): 16, (39, 50): 16, (43, 15): 16, (43, 38): 16, (44, 15): 16, (44, 38): 16, (47, 19): 48, (47, 34): 48, (49, 25): 48, (49, 28): 48, (51, 18): 48, (51, 35): 48}
 
59, 54, True, 3, 18
{'infinity': 1, (2, 16): 9, (2, 43): 9, (4, 23): 54, (4, 36): 54, (6, 27): 54, (6, 32): 54, (7, 23): 54, (7, 36): 54, (8, 14): 27, (8, 45): 27, (14, 15): 27, (14, 44): 27, (17, 13): 54, (17, 46): 54, (18, 4): 27, (18, 55): 27, (20, 20): 54, (20, 39): 54, (21, 8): 9, (21, 51): 9, (24, 5): 27, (24, 54): 27, (25, 1): 54, (25, 58): 54, (32, 0): 2, (33, 11): 3, (33, 48): 3, (34, 18): 54, (34, 41): 54, (35, 5): 27, (35, 54): 27, (40, 1): 54, (40, 58): 54, (42, 29): 18, (42, 30): 18, (43, 20): 54, (43, 39): 54, (45, 3): 18, (45, 56): 18, (46, 22): 18, (46, 37): 18, (47, 23): 27, (47, 36): 27, (52, 1): 9, (52, 58): 9, (54, 20): 27, (54, 39): 27, (55, 17): 6, (55, 42): 6, (57, 19): 27, (57, 40): 27, (58, 5): 27, (58, 54): 27}
 
61, 60, False, 6, 10
{'infinity': 1, (0, 4): 15, (0, 57): 15, (4, 23): 3, (4, 38): 3, (7, 12): 15, (7, 49): 15, (9, 4): 30, (9, 57): 30, (12, 25): 10, (12, 36): 10, (14, 7): 30, (14, 54): 30, (15, 3): 15, (15, 58): 15, (16, 0): 2, (19, 6): 30, (19, 55): 30, (21, 9): 10, (21, 52): 10, (24, 19): 30, (24, 42): 30, (25, 13): 30, (25, 48): 30, (27, 8): 30, (27, 53): 30, (28, 23): 6, (28, 38): 6, (29, 26): 15, (29, 35): 15, (32, 1): 30, (32, 60): 30, (33, 20): 10, (33, 41): 10, (36, 25): 5, (36, 36): 5, (38, 5): 30, (38, 56): 30, (42, 13): 10, (42, 48): 10, (45, 19): 30, (45, 42): 30, (46, 30): 6, (46, 31): 6, (47, 3): 10, (47, 58): 10, (48, 16): 10, (48, 45): 10, (49, 0): 2, (51, 4): 30, (51, 57): 30, (52, 19): 5, (52, 42): 5, (54, 13): 30, (54, 48): 30, (56, 0): 2, (59, 3): 30, (59, 58): 30, (60, 17): 6, (60, 44): 6}
 
67, 60, True, 3, 20
{'infinity': 1, (0, 3): 30, (0, 64): 30, (2, 27): 20, (2, 40): 20, (3, 13): 5, (3, 54): 5, (6, 24): 3, (6, 43): 3, (7, 20): 60, (7, 47): 60, (8, 0): 2, (10, 19): 60, (10, 48): 60, (11, 14): 60, (11, 53): 60, (13, 3): 12, (13, 64): 12, (17, 24): 30, (17, 43): 30, (19, 32): 20, (19, 35): 20, (21, 23): 60, (21, 44): 60, (22, 13): 30, (22, 54): 30, (23, 12): 15, (23, 55): 15, (26, 14): 20, (26, 53): 20, (29, 14): 15, (29, 53): 15, (30, 2): 10, (30, 65): 10, (39, 33): 60, (39, 34): 60, (40, 21): 12, (40, 46): 12, (41, 13): 30, (41, 54): 30, (43, 24): 10, (43, 43): 10, (46, 6): 60, (46, 61): 60, (49, 16): 60, (49, 51): 60, (51, 32): 60, (51, 35): 60, (53, 3): 20, (53, 64): 20, (55, 26): 15, (55, 41): 15, (56, 8): 4, (56, 59): 4, (62, 22): 6, (62, 45): 6, (63, 32): 15, (63, 35): 15, (64, 1): 5, (64, 66): 5}
 
71, 78, True, 6, 13
{'infinity': 1, (0, 17): 78, (0, 54): 78, (1, 22): 39, (1, 49): 39, (2, 30): 78, (2, 41): 78, (4, 17): 39, (4, 54): 39, (11, 32): 39, (11, 39): 39, (12, 2): 78, (12, 69): 78, (14, 31): 78, (14, 40): 78, (18, 11): 39, (18, 60): 39, (19, 10): 39, (19, 61): 39, (21, 25): 39, (21, 46): 39, (23, 10): 6, (23, 61): 6, (24, 3): 26, (24, 68): 26, (25, 8): 3, (25, 63): 3, (26, 22): 26, (26, 49): 26, (28, 10): 26, (28, 61): 26, (29, 35): 78, (29, 36): 78, (32, 0): 2, (33, 27): 13, (33, 44): 13, (34, 5): 13, (34, 66): 13, (35, 33): 39, (35, 38): 39, (37, 5): 39, (37, 66): 39, (43, 22): 78, (43, 49): 78, (46, 29): 78, (46, 42): 78, (48, 20): 39, (48, 51): 39, (49, 24): 78, (49, 47): 78, (50, 14): 39, (50, 57): 39, (52, 8): 13, (52, 63): 13, (53, 18): 78, (53, 53): 78, (57, 3): 13, (57, 68): 13, (58, 15): 26, (58, 56): 26, (59, 9): 13, (59, 62): 13, (60, 3): 26, (60, 68): 26, (61, 21): 13, (61, 50): 13, (63, 1): 78, (63, 70): 78, (64, 8): 39, (64, 63): 39, (65, 4): 78, (65, 67): 78, (66, 17): 26, (66, 54): 26, (67, 26): 78, (67, 45): 78, (70, 5): 39, (70, 66): 39}
 
73, 78, True, 3, 26
{'infinity': 1, (0, 8): 78, (0, 65): 78, (2, 8): 39, (2, 65): 39, (3, 3): 78, (3, 70): 78, (5, 29): 39, (5, 44): 39, (6, 34): 39, (6, 39): 39, (7, 7): 26, (7, 66): 26, (8, 9): 3, (8, 64): 3, (10, 3): 39, (10, 70): 39, (13, 4): 39, (13, 69): 39, (14, 0): 2, (15, 17): 13, (15, 56): 13, (17, 28): 13, (17, 45): 13, (19, 4): 78, (19, 69): 78, (21, 2): 78, (21, 71): 78, (22, 25): 39, (22, 48): 39, (24, 31): 78, (24, 42): 78, (28, 32): 78, (28, 41): 78, (29, 9): 78, (29, 64): 78, (33, 10): 39, (33, 63): 39, (34, 30): 6, (34, 43): 6, (35, 9): 78, (35, 64): 78, (40, 4): 26, (40, 69): 26, (41, 11): 13, (41, 62): 13, (42, 6): 26, (42, 67): 26, (44, 14): 78, (44, 59): 78, (47, 16): 26, (47, 57): 26, (49, 10): 39, (49, 63): 39, (50, 5): 39, (50, 68): 39, (52, 35): 13, (52, 38): 13, (58, 17): 78, (58, 56): 78, (59, 3): 26, (59, 70): 26, (60, 31): 13, (60, 42): 13, (61, 31): 78, (61, 42): 78, (63, 10): 39, (63, 63): 39, (64, 28): 13, (64, 45): 13, (68, 33): 39, (68, 40): 39, (70, 8): 26, (70, 65): 26, (71, 27): 39, (71, 46): 39, (72, 17): 78, (72, 56): 78}
 
79, 81, False, 3, 27
{'infinity': 1, (1, 27): 27, (1, 52): 27, (2, 8): 27, (2, 71): 27, (3, 19): 9, (3, 60): 9, (4, 21): 27, (4, 58): 27, (5, 28): 9, (5, 51): 9, (9, 18): 27, (9, 61): 27, (10, 27): 3, (10, 52): 3, (11, 13): 27, (11, 66): 27, (12, 25): 27, (12, 54): 27, (13, 7): 3, (13, 72): 3, (16, 22): 27, (16, 57): 27, (21, 22): 27, (21, 57): 27, (24, 32): 27, (24, 47): 27, (26, 34): 9, (26, 45): 9, (29, 37): 27, (29, 42): 27, (30, 21): 27, (30, 58): 27, (31, 13): 9, (31, 66): 9, (34, 30): 9, (34, 49): 9, (35, 28): 9, (35, 51): 9, (36, 13): 27, (36, 66): 27, (37, 3): 27, (37, 76): 27, (38, 28): 3, (38, 51): 3, (39, 29): 27, (39, 50): 27, (41, 22): 9, (41, 57): 9, (43, 31): 3, (43, 48): 3, (44, 21): 27, (44, 58): 27, (49, 23): 27, (49, 56): 27, (50, 6): 27, (50, 73): 27, (54, 14): 27, (54, 65): 27, (55, 3): 9, (55, 76): 9, (57, 20): 27, (57, 59): 27, (58, 11): 27, (58, 68): 27, (61, 12): 27, (61, 67): 27, (63, 15): 27, (63, 64): 27, (65, 3): 27, (65, 76): 27, (67, 27): 27, (67, 52): 27, (74, 4): 27, (74, 75): 27, (75, 5): 27, (75, 74): 27, (77, 33): 27, (77, 46): 27, (78, 24): 9, (78, 55): 9}
 
83, 78, True, 3, 26
{'infinity': 1, (1, 38): 3, (1, 45): 3, (3, 19): 78, (3, 64): 78, (8, 15): 26, (8, 68): 26, (9, 5): 39, (9, 78): 39, (11, 31): 39, (11, 52): 39, (13, 29): 39, (13, 54): 39, (14, 20): 39, (14, 63): 39, (16, 23): 78, (16, 60): 78, (23, 5): 78, (23, 78): 78, (27, 19): 78, (27, 64): 78, (28, 33): 39, (28, 50): 39, (29, 24): 78, (29, 59): 78, (31, 1): 26, (31, 82): 26, (33, 26): 39, (33, 57): 39, (37, 18): 26, (37, 65): 26, (41, 30): 78, (41, 53): 78, (45, 7): 13, (45, 76): 13, (47, 32): 39, (47, 51): 39, (49, 8): 39, (49, 75): 39, (50, 5): 78, (50, 78): 78, (52, 19): 13, (52, 64): 13, (53, 1): 13, (53, 82): 13, (54, 25): 13, (54, 58): 13, (55, 9): 78, (55, 74): 78, (57, 24): 26, (57, 59): 26, (59, 17): 39, (59, 66): 39, (62, 26): 39, (62, 57): 39, (63, 36): 78, (63, 47): 78, (65, 14): 39, (65, 69): 39, (66, 27): 78, (66, 56): 78, (67, 0): 2, (68, 16): 13, (68, 67): 13, (69, 3): 26, (69, 80): 26, (70, 26): 13, (70, 57): 13, (73, 2): 78, (73, 81): 78, (75, 13): 6, (75, 70): 6, (79, 24): 39, (79, 59): 39, (81, 1): 26, (81, 82): 26, (82, 22): 78, (82, 61): 78}
 
89, 96, True, 12, 8
{'infinity': 1, (0, 6): 48, (0, 83): 48, (1, 12): 32, (1, 77): 32, (3, 37): 24, (3, 52): 24, (5, 2): 32, (5, 87): 32, (6, 37): 32, (6, 52): 32, (8, 6): 96, (8, 83): 96, (9, 38): 32, (9, 51): 32, (11, 42): 32, (11, 47): 32, (13, 24): 32, (13, 65): 32, (14, 30): 12, (14, 59): 12, (15, 8): 96, (15, 81): 96, (16, 11): 96, (16, 78): 96, (17, 3): 16, (17, 86): 16, (18, 1): 6, (18, 88): 6, (23, 29): 48, (23, 60): 48, (25, 35): 12, (25, 54): 12, (26, 29): 32, (26, 60): 32, (27, 9): 24, (27, 80): 24, (30, 12): 96, (30, 77): 96, (32, 14): 96, (32, 75): 96, (34, 32): 96, (34, 57): 96, (35, 26): 24, (35, 63): 24, (37, 34): 96, (37, 55): 96, (39, 29): 96, (39, 60): 96, (40, 10): 96, (40, 79): 96, (47, 44): 3, (47, 45): 3, (49, 18): 48, (49, 71): 48, (55, 5): 96, (55, 84): 96, (56, 7): 8, (56, 82): 8, (57, 12): 48, (57, 77): 48, (58, 7): 48, (58, 82): 48, (60, 5): 96, (60, 84): 96, (62, 5): 48, (62, 84): 48, (63, 7): 48, (63, 82): 48, (64, 39): 96, (64, 50): 96, (66, 17): 4, (66, 72): 4, (67, 0): 2, (69, 27): 48, (69, 62): 48, (70, 35): 96, (70, 54): 96, (72, 14): 16, (72, 75): 16, (73, 14): 96, (73, 75): 96, (75, 3): 8, (75, 86): 8, (79, 37): 96, (79, 52): 96, (80, 6): 32, (80, 83): 32, (82, 35): 96, (82, 54): 96, (83, 33): 16, (83, 56): 16, (85, 3): 16, (85, 86): 16, (87, 40): 24, (87, 49): 24}
 
97, 117, False, 3, 39
{'infinity': 1, (0, 13): 39, (0, 84): 39, (3, 20): 13, (3, 77): 13, (4, 11): 39, (4, 86): 39, (5, 16): 39, (5, 81): 39, (6, 36): 39, (6, 61): 39, (8, 2): 39, (8, 95): 39, (9, 20): 13, (9, 77): 13, (11, 28): 39, (11, 69): 39, (12, 28): 39, (12, 69): 39, (15, 31): 39, (15, 66): 39, (16, 41): 3, (16, 56): 3, (19, 31): 39, (19, 66): 39, (20, 13): 39, (20, 84): 39, (21, 9): 39, (21, 88): 39, (22, 11): 39, (22, 86): 39, (23, 2): 39, (23, 95): 39, (24, 30): 39, (24, 67): 39, (25, 14): 39, (25, 83): 39, (26, 41): 3, (26, 56): 3, (29, 30): 39, (29, 67): 39, (31, 21): 39, (31, 76): 39, (32, 32): 3, (32, 65): 3, (34, 16): 39, (34, 81): 39, (35, 9): 39, (35, 88): 39, (39, 3): 39, (39, 94): 39, (40, 9): 39, (40, 88): 39, (43, 30): 39, (43, 67): 39, (44, 6): 39, (44, 91): 39, (50, 39): 39, (50, 58): 39, (52, 10): 13, (52, 87): 13, (53, 10): 13, (53, 87): 13, (54, 41): 3, (54, 56): 3, (55, 22): 39, (55, 75): 39, (57, 16): 39, (57, 81): 39, (58, 48): 39, (58, 49): 39, (61, 22): 39, (61, 75): 39, (62, 31): 39, (62, 66): 39, (63, 39): 39, (63, 58): 39, (64, 6): 39, (64, 91): 39, (65, 2): 39, (65, 95): 39, (66, 48): 39, (66, 49): 39, (68, 21): 39, (68, 76): 39, (69, 48): 39, (69, 49): 39, (70, 11): 39, (70, 86): 39, (71, 3): 39, (71, 94): 39, (73, 28): 39, (73, 69): 39, (76, 13): 39, (76, 84): 39, (77, 22): 39, (77, 75): 39, (78, 14): 39, (78, 83): 39, (80, 39): 39, (80, 58): 39, (83, 3): 39, (83, 94): 39, (84, 20): 13, (84, 77): 13, (85, 6): 39, (85, 91): 39, (88, 10): 13, (88, 87): 13, (90, 14): 39, (90, 83): 39, (92, 36): 39, (92, 61): 39, (94, 21): 39, (94, 76): 39, (95, 36): 39, (95, 61): 39}
 
101, 102, True, 6, 17
{'infinity': 1, (1, 37): 51, (1, 64): 51, (2, 16): 34, (2, 85): 34, (7, 24): 17, (7, 77): 17, (10, 6): 102, (10, 95): 102, (12, 28): 102, (12, 73): 102, (13, 16): 51, (13, 85): 51, (15, 31): 102, (15, 70): 102, (16, 40): 34, (16, 61): 34, (17, 32): 102, (17, 69): 102, (18, 42): 102, (18, 59): 102, (20, 34): 51, (20, 67): 51, (21, 27): 51, (21, 74): 51, (25, 19): 17, (25, 82): 17, (29, 1): 102, (29, 100): 102, (30, 29): 51, (30, 72): 51, (31, 34): 17, (31, 67): 17, (32, 12): 34, (32, 89): 34, (33, 29): 102, (33, 72): 102, (34, 18): 102, (34, 83): 102, (35, 35): 17, (35, 66): 17, (37, 29): 34, (37, 72): 34, (41, 48): 102, (41, 53): 102, (42, 13): 34, (42, 88): 34, (43, 45): 51, (43, 56): 51, (44, 0): 2, (46, 17): 6, (46, 84): 6, (49, 34): 51, (49, 67): 51, (50, 3): 51, (50, 98): 51, (53, 11): 17, (53, 90): 17, (54, 4): 34, (54, 97): 34, (57, 41): 3, (57, 60): 3, (58, 47): 51, (58, 54): 51, (60, 33): 51, (60, 68): 51, (64, 3): 51, (64, 98): 51, (67, 10): 51, (67, 91): 51, (69, 4): 51, (69, 97): 51, (71, 9): 102, (71, 92): 102, (72, 46): 102, (72, 55): 102, (74, 11): 17, (74, 90): 17, (78, 4): 102, (78, 97): 102, (79, 8): 102, (79, 93): 102, (81, 33): 51, (81, 68): 51, (82, 19): 102, (82, 82): 102, (85, 16): 102, (85, 85): 102, (86, 5): 34, (86, 96): 34, (87, 3): 17, (87, 98): 17, (92, 43): 34, (92, 58): 34, (93, 44): 51, (93, 57): 51, (94, 19): 102, (94, 82): 102, (98, 36): 17, (98, 65): 17, (100, 49): 51, (100, 52): 51}
 
103, 87, True, 3, 29
{'infinity': 1, (4, 51): 87, (4, 52): 87, (6, 20): 87, (6, 83): 87, (7, 34): 87, (7, 69): 87, (9, 5): 87, (9, 98): 87, (10, 2): 29, (10, 101): 29, (13, 50): 29, (13, 53): 29, (18, 10): 3, (18, 93): 3, (19, 21): 87, (19, 82): 87, (23, 48): 87, (23, 55): 87, (24, 35): 29, (24, 68): 29, (26, 51): 29, (26, 52): 29, (29, 32): 87, (29, 71): 87, (32, 1): 87, (32, 102): 87, (37, 14): 87, (37, 89): 87, (38, 33): 87, (38, 70): 87, (39, 7): 87, (39, 96): 87, (42, 29): 29, (42, 74): 29, (43, 36): 87, (43, 67): 87, (47, 27): 29, (47, 76): 29, (48, 22): 87, (48, 81): 87, (49, 23): 29, (49, 80): 29, (50, 47): 87, (50, 56): 87, (54, 24): 87, (54, 79): 87, (55, 18): 29, (55, 85): 29, (59, 11): 29, (59, 92): 29, (62, 40): 87, (62, 63): 87, (63, 19): 87, (63, 84): 87, (64, 29): 87, (64, 74): 87, (65, 33): 29, (65, 70): 29, (66, 9): 87, (66, 94): 87, (72, 51): 87, (72, 52): 87, (73, 30): 87, (73, 73): 87, (75, 36): 87, (75, 67): 87, (79, 12): 29, (79, 91): 29, (80, 1): 87, (80, 102): 87, (82, 31): 87, (82, 72): 87, (83, 4): 29, (83, 99): 29, (87, 36): 87, (87, 67): 87, (89, 3): 29, (89, 100): 29, (92, 38): 87, (92, 65): 87, (93, 1): 29, (93, 102): 29, (99, 29): 87, (99, 74): 87, (102, 33): 87, (102, 70): 87}
 
107, 123, True, 3, 41
{'infinity': 1, (0, 53): 123, (0, 54): 123, (1, 49): 123, (1, 58): 123, (2, 17): 123, (2, 90): 123, (3, 44): 123, (3, 63): 123, (5, 38): 41, (5, 69): 41, (7, 44): 123, (7, 63): 123, (8, 31): 123, (8, 76): 123, (9, 6): 41, (9, 101): 41, (10, 39): 41, (10, 68): 41, (14, 3): 41, (14, 104): 41, (18, 27): 123, (18, 80): 123, (19, 45): 123, (19, 62): 123, (20, 21): 41, (20, 86): 41, (21, 7): 123, (21, 100): 123, (23, 46): 123, (23, 61): 123, (25, 28): 123, (25, 79): 123, (28, 35): 123, (28, 72): 123, (29, 45): 123, (29, 62): 123, (32, 35): 41, (32, 72): 41, (33, 25): 123, (33, 82): 123, (34, 15): 123, (34, 92): 123, (36, 7): 123, (36, 100): 123, (39, 30): 123, (39, 77): 123, (41, 31): 123, (41, 76): 123, (42, 39): 41, (42, 68): 41, (44, 29): 41, (44, 78): 41, (45, 24): 41, (45, 83): 41, (46, 35): 123, (46, 72): 123, (47, 36): 123, (47, 71): 123, (49, 7): 41, (49, 100): 41, (50, 53): 123, (50, 54): 123, (52, 50): 41, (52, 57): 41, (53, 37): 123, (53, 70): 123, (54, 39): 41, (54, 68): 41, (56, 53): 41, (56, 54): 41, (57, 31): 41, (57, 76): 41, (58, 45): 123, (58, 62): 123, (63, 14): 123, (63, 93): 123, (66, 23): 3, (66, 84): 3, (67, 12): 123, (67, 95): 123, (68, 22): 123, (68, 85): 123, (69, 48): 123, (69, 59): 123, (71, 52): 123, (71, 55): 123, (72, 36): 123, (72, 71): 123, (73, 1): 123, (73, 106): 123, (76, 8): 123, (76, 99): 123, (77, 43): 123, (77, 64): 123, (79, 41): 41, (79, 66): 41, (80, 32): 123, (80, 75): 123, (81, 10): 41, (81, 97): 41, (82, 29): 123, (82, 78): 123, (87, 29): 123, (87, 78): 123, (88, 28): 41, (88, 79): 41, (90, 33): 123, (90, 74): 123, (93, 3): 41, (93, 104): 41, (94, 36): 41, (94, 71): 41, (96, 44): 123, (96, 63): 123, (100, 28): 123, (100, 79): 123, (103, 11): 123, (103, 96): 123, (104, 13): 123, (104, 94): 123, (106, 3): 41, (106, 104): 41}
 
109, 114, True, 3, 38
{'infinity': 1, (1, 6): 114, (1, 103): 114, (2, 40): 19, (2, 69): 19, (4, 31): 38, (4, 78): 38, (5, 29): 57, (5, 80): 57, (7, 7): 38, (7, 102): 38, (8, 32): 57, (8, 77): 57, (9, 14): 114, (9, 95): 114, (10, 29): 114, (10, 80): 114, (11, 26): 114, (11, 83): 114, (12, 19): 114, (12, 90): 114, (15, 50): 57, (15, 59): 57, (17, 4): 57, (17, 105): 57, (20, 30): 3, (20, 79): 3, (23, 22): 57, (23, 87): 57, (24, 6): 57, (24, 103): 57, (25, 37): 57, (25, 72): 57, (26, 42): 19, (26, 67): 19, (27, 30): 38, (27, 79): 38, (29, 18): 57, (29, 91): 57, (31, 4): 19, (31, 105): 19, (36, 5): 57, (36, 104): 57, (39, 35): 19, (39, 74): 19, (41, 19): 114, (41, 90): 114, (42, 25): 19, (42, 84): 19, (45, 26): 114, (45, 83): 114, (51, 0): 2, (52, 26): 19, (52, 83): 19, (53, 24): 38, (53, 85): 38, (55, 19): 57, (55, 90): 57, (60, 4): 57, (60, 105): 57, (61, 30): 114, (61, 79): 114, (62, 9): 114, (62, 100): 114, (64, 15): 114, (64, 94): 114, (65, 1): 38, (65, 108): 38, (66, 13): 57, (66, 96): 57, (67, 9): 57, (67, 100): 57, (74, 39): 38, (74, 70): 38, (77, 34): 57, (77, 75): 57, (82, 5): 57, (82, 104): 57, (83, 6): 114, (83, 103): 114, (85, 16): 57, (85, 93): 57, (88, 9): 114, (88, 100): 114, (89, 28): 57, (89, 81): 57, (90, 37): 38, (90, 72): 38, (92, 47): 114, (92, 62): 114, (93, 29): 114, (93, 80): 114, (95, 3): 38, (95, 106): 38, (96, 11): 19, (96, 98): 19, (97, 22): 57, (97, 87): 57, (99, 5): 19, (99, 104): 19, (100, 14): 19, (100, 95): 19, (101, 36): 6, (101, 73): 6, (102, 37): 114, (102, 72): 114, (103, 51): 114, (103, 58): 114, (104, 23): 114, (104, 86): 114, (105, 8): 38, (105, 101): 38, (108, 14): 114, (108, 95): 114}
 
113, 120, False, 30, 4
{'infinity': 1, (1, 51): 60, (1, 62): 60, (2, 25): 12, (2, 88): 12, (4, 26): 60, (4, 87): 60, (7, 51): 3, (7, 62): 3, (8, 11): 12, (8, 102): 12, (9, 8): 15, (9, 105): 15, (10, 17): 6, (10, 96): 6, (11, 24): 15, (11, 89): 15, (13, 2): 60, (13, 111): 60, (14, 20): 6, (14, 93): 6, (15, 54): 60, (15, 59): 60, (16, 10): 30, (16, 103): 30, (19, 20): 60, (19, 93): 60, (22, 7): 60, (22, 106): 60, (25, 0): 2, (26, 4): 10, (26, 109): 10, (27, 23): 30, (27, 90): 30, (30, 5): 60, (30, 108): 60, (31, 10): 20, (31, 103): 20, (34, 11): 15, (34, 102): 15, (36, 5): 30, (36, 108): 30, (39, 47): 10, (39, 66): 10, (40, 24): 30, (40, 89): 30, (43, 54): 5, (43, 59): 5, (46, 5): 60, (46, 108): 60, (47, 41): 30, (47, 72): 30, (49, 38): 60, (49, 75): 60, (50, 44): 30, (50, 69): 30, (51, 40): 30, (51, 73): 30, (53, 29): 10, (53, 84): 10, (54, 54): 60, (54, 59): 60, (58, 33): 60, (58, 80): 60, (61, 24): 10, (61, 89): 10, (63, 16): 60, (63, 97): 60, (64, 18): 4, (64, 95): 4, (65, 10): 60, (65, 103): 60, (68, 30): 60, (68, 83): 60, (70, 11): 20, (70, 102): 20, (72, 37): 20, (72, 76): 20, (76, 9): 15, (76, 104): 15, (77, 18): 10, (77, 95): 10, (78, 50): 5, (78, 63): 5, (79, 20): 20, (79, 93): 20, (81, 32): 30, (81, 81): 30, (82, 12): 30, (82, 101): 30, (83, 53): 60, (83, 60): 60, (84, 18): 20, (84, 95): 20, (89, 4): 30, (89, 109): 30, (91, 22): 20, (91, 91): 20, (94, 0): 2, (96, 7): 60, (96, 106): 60, (99, 3): 4, (99, 110): 4, (101, 39): 12, (101, 74): 12, (102, 19): 30, (102, 94): 30, (103, 43): 12, (103, 70): 12, (104, 51): 20, (104, 62): 20, (106, 0): 2, (107, 7): 10, (107, 106): 10, (108, 8): 30, (108, 105): 30, (109, 27): 20, (109, 86): 20, (110, 4): 6, (110, 109): 6}
 
127, 108, True, 6, 18
{'infinity': 1, (0, 48): 108, (0, 79): 108, (1, 30): 108, (1, 97): 108, (4, 58): 54, (4, 69): 54, (12, 2): 27, (12, 125): 27, (14, 61): 54, (14, 66): 54, (16, 17): 54, (16, 110): 54, (19, 35): 36, (19, 92): 36, (22, 41): 108, (22, 86): 108, (23, 51): 9, (23, 76): 9, (25, 26): 27, (25, 101): 27, (26, 16): 3, (26, 111): 3, (27, 11): 108, (27, 116): 108, (31, 30): 18, (31, 97): 18, (32, 11): 54, (32, 116): 54, (33, 60): 36, (33, 67): 36, (35, 49): 108, (35, 78): 108, (36, 23): 108, (36, 104): 108, (37, 48): 36, (37, 79): 36, (40, 19): 108, (40, 108): 108, (43, 56): 27, (43, 71): 27, (44, 1): 54, (44, 126): 54, (48, 50): 27, (48, 77): 27, (49, 45): 108, (49, 82): 108, (50, 24): 108, (50, 103): 108, (51, 8): 27, (51, 119): 27, (54, 20): 108, (54, 107): 108, (55, 34): 12, (55, 93): 12, (61, 38): 27, (61, 89): 27, (65, 36): 6, (65, 91): 6, (67, 11): 4, (67, 116): 4, (68, 33): 27, (68, 94): 27, (70, 18): 12, (70, 109): 12, (71, 0): 2, (72, 55): 9, (72, 72): 9, (76, 27): 108, (76, 100): 108, (77, 53): 108, (77, 74): 108, (78, 20): 36, (78, 107): 36, (81, 9): 108, (81, 118): 108, (85, 9): 108, (85, 118): 108, (86, 40): 54, (86, 87): 54, (87, 9): 18, (87, 118): 18, (89, 48): 27, (89, 79): 27, (93, 28): 27, (93, 99): 27, (94, 30): 108, (94, 97): 108, (96, 13): 9, (96, 114): 9, (98, 37): 108, (98, 90): 108, (100, 22): 36, (100, 105): 36, (104, 12): 36, (104, 115): 36, (108, 26): 54, (108, 101): 54, (113, 3): 18, (113, 124): 18, (116, 47): 108, (116, 80): 108, (120, 26): 54, (120, 101): 54, (121, 20): 54, (121, 107): 54, (125, 63): 108, (125, 64): 108}
 
131, 114, True, 6, 19
{'infinity': 1, (0, 64): 57, (0, 67): 57, (1, 31): 57, (1, 100): 57, (2, 42): 3, (2, 89): 3, (4, 55): 114, (4, 76): 114, (5, 58): 114, (5, 73): 114, (8, 55): 114, (8, 76): 114, (11, 56): 114, (11, 75): 114, (13, 38): 57, (13, 93): 57, (14, 45): 38, (14, 86): 38, (16, 62): 114, (16, 69): 114, (19, 24): 57, (19, 107): 57, (20, 45): 38, (20, 86): 38, (21, 37): 114, (21, 94): 114, (22, 29): 57, (22, 102): 57, (24, 18): 114, (24, 113): 114, (26, 28): 38, (26, 103): 38, (34, 56): 38, (34, 75): 38, (35, 44): 114, (35, 87): 114, (38, 5): 57, (38, 126): 57, (39, 44): 57, (39, 87): 57, (41, 61): 38, (41, 70): 38, (49, 63): 114, (49, 68): 114, (51, 37): 57, (51, 94): 57, (52, 2): 19, (52, 129): 19, (53, 1): 38, (53, 130): 38, (55, 31): 57, (55, 100): 57, (56, 44): 38, (56, 87): 38, (57, 57): 6, (57, 74): 6, (58, 37): 38, (58, 94): 38, (59, 25): 19, (59, 106): 19, (61, 39): 19, (61, 92): 19, (64, 20): 114, (64, 111): 114, (65, 21): 114, (65, 110): 114, (68, 53): 114, (68, 78): 114, (69, 0): 2, (73, 53): 57, (73, 78): 57, (74, 31): 57, (74, 100): 57, (81, 60): 57, (81, 71): 57, (82, 36): 19, (82, 95): 19, (85, 56): 57, (85, 75): 57, (88, 26): 114, (88, 105): 114, (95, 50): 38, (95, 81): 38, (96, 45): 19, (96, 86): 19, (98, 8): 114, (98, 123): 114, (105, 30): 57, (105, 101): 57, (107, 51): 57, (107, 80): 57, (110, 32): 19, (110, 99): 19, (113, 54): 57, (113, 77): 57, (115, 12): 19, (115, 119): 19, (116, 29): 114, (116, 102): 114, (117, 3): 19, (117, 128): 19, (118, 55): 19, (118, 76): 19, (120, 53): 114, (120, 78): 114, (121, 47): 57, (121, 84): 57, (123, 29): 114, (123, 102): 114, (125, 59): 114, (125, 72): 114, (130, 40): 57, (130, 91): 57}
 
137, 132, False, 12, 11
{'infinity': 1, (4, 27): 11, (4, 110): 11, (5, 62): 33, (5, 75): 33, (6, 2): 33, (6, 135): 33, (7, 60): 22, (7, 77): 22, (9, 45): 66, (9, 92): 66, (10, 47): 6, (10, 90): 6, (11, 20): 66, (11, 117): 66, (14, 36): 66, (14, 101): 66, (15, 53): 22, (15, 84): 22, (16, 21): 66, (16, 116): 66, (18, 65): 66, (18, 72): 66, (22, 3): 22, (22, 134): 22, (25, 39): 66, (25, 98): 66, (26, 35): 11, (26, 102): 11, (27, 26): 11, (27, 111): 11, (28, 47): 33, (28, 90): 33, (29, 58): 66, (29, 79): 66, (30, 41): 22, (30, 96): 22, (32, 10): 66, (32, 127): 66, (33, 25): 66, (33, 112): 66, (36, 37): 66, (36, 100): 66, (38, 43): 22, (38, 94): 22, (40, 57): 3, (40, 80): 3, (42, 0): 2, (45, 35): 22, (45, 102): 22, (48, 68): 22, (48, 69): 22, (56, 6): 22, (56, 131): 22, (57, 21): 66, (57, 116): 66, (61, 9): 66, (61, 128): 66, (62, 38): 66, (62, 99): 66, (63, 21): 66, (63, 116): 66, (65, 35): 22, (65, 102): 22, (67, 17): 33, (67, 120): 33, (71, 5): 66, (71, 132): 66, (77, 56): 66, (77, 81): 66, (80, 42): 22, (80, 95): 22, (81, 5): 66, (81, 132): 66, (82, 12): 66, (82, 125): 66, (83, 49): 66, (83, 88): 66, (85, 8): 66, (85, 129): 66, (87, 7): 66, (87, 130): 66, (92, 54): 66, (92, 83): 66, (96, 68): 66, (96, 69): 66, (98, 47): 22, (98, 90): 22, (99, 50): 66, (99, 87): 66, (100, 28): 66, (100, 109): 66, (101, 9): 66, (101, 128): 66, (102, 64): 33, (102, 73): 33, (104, 0): 2, (105, 11): 11, (105, 126): 11, (107, 22): 66, (107, 115): 66, (109, 51): 22, (109, 86): 22, (111, 9): 33, (111, 128): 33, (114, 40): 66, (114, 97): 66, (118, 39): 33, (118, 98): 33, (119, 58): 33, (119, 79): 33, (120, 13): 33, (120, 124): 33, (121, 5): 22, (121, 132): 22, (122, 46): 6, (122, 91): 6, (123, 3): 11, (123, 134): 11, (125, 58): 6, (125, 79): 6, (127, 0): 2, (128, 3): 22, (128, 134): 22, (129, 68): 33, (129, 69): 33, (130, 39): 22, (130, 98): 22, (131, 61): 66, (131, 76): 66, (132, 63): 66, (132, 74): 66}
 
139, 138, True, 6, 23
{'infinity': 1, (0, 36): 138, (0, 103): 138, (1, 15): 69, (1, 124): 69, (5, 23): 23, (5, 116): 23, (8, 51): 138, (8, 88): 138, (10, 59): 138, (10, 80): 138, (19, 19): 69, (19, 120): 69, (20, 32): 138, (20, 107): 138, (22, 9): 46, (22, 130): 46, (23, 4): 138, (23, 135): 138, (24, 62): 138, (24, 77): 138, (25, 27): 138, (25, 112): 138, (26, 44): 46, (26, 95): 46, (30, 8): 3, (30, 131): 3, (31, 6): 23, (31, 133): 23, (32, 14): 138, (32, 125): 138, (34, 39): 138, (34, 100): 138, (35, 14): 138, (35, 125): 138, (42, 23): 46, (42, 116): 46, (45, 41): 46, (45, 98): 46, (46, 51): 69, (46, 88): 69, (47, 18): 138, (47, 121): 138, (50, 15): 69, (50, 124): 69, (53, 8): 46, (53, 131): 46, (55, 8): 138, (55, 131): 138, (58, 22): 138, (58, 117): 138, (59, 64): 46, (59, 75): 46, (63, 52): 69, (63, 87): 69, (66, 25): 69, (66, 114): 69, (67, 5): 69, (67, 134): 69, (68, 61): 23, (68, 78): 23, (70, 16): 69, (70, 123): 69, (71, 14): 23, (71, 125): 23, (74, 55): 69, (74, 84): 69, (76, 43): 6, (76, 96): 6, (80, 68): 138, (80, 71): 138, (81, 45): 69, (81, 94): 69, (84, 51): 138, (84, 88): 138, (85, 34): 46, (85, 105): 46, (87, 15): 23, (87, 124): 23, (89, 0): 2, (90, 52): 23, (90, 87): 23, (91, 23): 46, (91, 116): 46, (94, 42): 69, (94, 97): 69, (96, 45): 69, (96, 94): 69, (97, 46): 138, (97, 93): 138, (98, 17): 69, (98, 122): 69, (99, 5): 138, (99, 134): 138, (100, 45): 23, (100, 94): 23, (103, 47): 46, (103, 92): 46, (104, 26): 138, (104, 113): 138, (105, 66): 69, (105, 73): 69, (108, 13): 46, (108, 126): 46, (111, 5): 138, (111, 134): 138, (112, 38): 138, (112, 101): 138, (114, 65): 23, (114, 74): 23, (116, 24): 46, (116, 115): 46, (117, 2): 69, (117, 137): 69, (118, 54): 69, (118, 85): 69, (119, 12): 69, (119, 127): 69, (120, 27): 23, (120, 112): 23, (123, 53): 69, (123, 86): 69, (124, 52): 69, (124, 87): 69, (125, 3): 23, (125, 136): 23, (127, 56): 69, (127, 83): 69, (129, 59): 138, (129, 80): 138, (132, 27): 138, (132, 112): 138, (134, 58): 69, (134, 81): 69, (136, 7): 69, (136, 132): 69, (138, 59): 23, (138, 80): 23}
 
149, 162, True, 6, 27
{'infinity': 1, (1, 67): 162, (1, 82): 162, (4, 6): 162, (4, 143): 162, (5, 6): 162, (5, 143): 162, (6, 51): 27, (6, 98): 27, (8, 38): 27, (8, 111): 27, (9, 72): 54, (9, 77): 54, (11, 60): 162, (11, 89): 162, (12, 15): 162, (12, 134): 162, (13, 65): 18, (13, 84): 18, (14, 40): 81, (14, 109): 81, (15, 36): 81, (15, 113): 81, (17, 15): 162, (17, 134): 162, (19, 49): 162, (19, 100): 162, (21, 71): 162, (21, 78): 162, (22, 21): 9, (22, 128): 9, (24, 69): 81, (24, 80): 81, (26, 24): 54, (26, 125): 54, (27, 27): 162, (27, 122): 162, (30, 40): 81, (30, 109): 81, (31, 43): 54, (31, 106): 54, (33, 58): 18, (33, 91): 18, (35, 49): 162, (35, 100): 162, (38, 38): 162, (38, 111): 162, (40, 3): 162, (40, 146): 162, (41, 60): 81, (41, 89): 81, (47, 67): 81, (47, 82): 81, (50, 62): 162, (50, 87): 162, (51, 65): 162, (51, 84): 162, (54, 45): 54, (54, 104): 54, (56, 69): 27, (56, 80): 27, (60, 35): 54, (60, 114): 54, (61, 28): 81, (61, 121): 81, (63, 72): 81, (63, 77): 81, (64, 59): 27, (64, 90): 27, (66, 14): 162, (66, 135): 162, (67, 50): 6, (67, 99): 6, (68, 69): 81, (68, 80): 81, (71, 52): 81, (71, 97): 81, (72, 54): 162, (72, 95): 162, (74, 25): 81, (74, 124): 81, (76, 72): 162, (76, 77): 162, (78, 20): 54, (78, 129): 54, (80, 25): 81, (80, 124): 81, (81, 41): 81, (81, 108): 81, (82, 29): 81, (82, 120): 81, (84, 65): 81, (84, 84): 81, (87, 44): 162, (87, 105): 162, (88, 53): 81, (88, 96): 81, (90, 41): 81, (90, 108): 81, (92, 28): 18, (92, 121): 18, (93, 33): 81, (93, 116): 81, (94, 49): 81, (94, 100): 81, (95, 16): 54, (95, 133): 54, (96, 60): 162, (96, 89): 162, (100, 67): 162, (100, 82): 162, (102, 38): 162, (102, 111): 162, (103, 13): 27, (103, 136): 27, (104, 40): 81, (104, 109): 81, (105, 9): 81, (105, 140): 81, (106, 45): 81, (106, 104): 81, (108, 54): 162, (108, 95): 162, (110, 0): 2, (112, 46): 54, (112, 103): 54, (116, 39): 81, (116, 110): 81, (117, 54): 81, (117, 95): 81, (119, 15): 81, (119, 134): 81, (120, 5): 162, (120, 144): 162, (121, 10): 162, (121, 139): 162, (122, 3): 162, (122, 146): 162, (126, 41): 27, (126, 108): 27, (129, 61): 9, (129, 88): 9, (132, 26): 9, (132, 123): 9, (133, 7): 54, (133, 142): 54, (134, 64): 81, (134, 85): 81, (135, 3): 27, (135, 146): 27, (137, 45): 162, (137, 104): 162, (139, 6): 3, (139, 143): 3, (140, 48): 27, (140, 101): 27, (143, 25): 27, (143, 124): 27, (144, 28): 162, (144, 121): 162, (146, 32): 81, (146, 117): 81}
 
151, 150, True, 6, 25
{'infinity': 1, (0, 0): 2, (6, 64): 50, (6, 87): 50, (7, 47): 6, (7, 104): 6, (8, 8): 75, (8, 143): 75, (11, 12): 25, (11, 139): 25, (12, 54): 50, (12, 97): 50, (14, 9): 30, (14, 142): 30, (17, 43): 15, (17, 108): 15, (18, 25): 75, (18, 126): 75, (23, 72): 150, (23, 79): 150, (24, 28): 150, (24, 123): 150, (30, 59): 150, (30, 92): 150, (31, 57): 5, (31, 94): 5, (32, 51): 75, (32, 100): 75, (34, 9): 3, (34, 142): 3, (38, 66): 75, (38, 85): 75, (39, 71): 15, (39, 80): 15, (42, 69): 5, (42, 82): 5, (43, 50): 75, (43, 101): 75, (45, 24): 25, (45, 127): 25, (46, 64): 150, (46, 87): 150, (47, 58): 25, (47, 93): 25, (48, 54): 50, (48, 97): 50, (49, 74): 25, (49, 77): 25, (56, 59): 10, (56, 92): 10, (57, 11): 150, (57, 140): 150, (58, 27): 75, (58, 124): 75, (64, 59): 75, (64, 92): 75, (65, 25): 50, (65, 126): 50, (66, 44): 50, (66, 107): 50, (67, 25): 150, (67, 126): 150, (68, 41): 25, (68, 110): 25, (69, 60): 75, (69, 91): 75, (71, 38): 10, (71, 113): 10, (72, 34): 75, (72, 117): 75, (73, 68): 150, (73, 83): 150, (74, 23): 75, (74, 128): 75, (76, 5): 75, (76, 146): 75, (77, 2): 150, (77, 149): 150, (78, 30): 25, (78, 121): 25, (79, 1): 50, (79, 150): 50, (80, 22): 75, (80, 129): 75, (81, 40): 75, (81, 111): 75, (83, 35): 150, (83, 116): 150, (86, 44): 75, (86, 107): 75, (90, 54): 25, (90, 97): 25, (93, 67): 150, (93, 84): 150, (97, 19): 75, (97, 132): 75, (98, 64): 75, (98, 87): 75, (99, 56): 25, (99, 95): 25, (102, 9): 30, (102, 142): 30, (103, 22): 15, (103, 129): 15, (104, 65): 50, (104, 86): 50, (105, 49): 75, (105, 102): 75, (106, 1): 150, (106, 150): 150, (113, 58): 150, (113, 93): 150, (114, 14): 30, (114, 137): 30, (116, 1): 15, (116, 150): 15, (118, 22): 25, (118, 129): 25, (120, 33): 150, (120, 118): 150, (123, 42): 75, (123, 109): 75, (124, 21): 75, (124, 130): 75, (126, 48): 150, (126, 103): 150, (129, 46): 50, (129, 105): 50, (130, 15): 30, (130, 136): 30, (131, 18): 150, (131, 133): 150, (134, 36): 50, (134, 115): 50, (137, 3): 25, (137, 148): 25, (139, 40): 75, (139, 111): 75, (140, 20): 50, (140, 131): 50, (141, 58): 150, (141, 93): 150, (143, 8): 150, (143, 143): 150, (146, 62): 150, (146, 89): 150, (149, 44): 150, (149, 107): 150, (150, 8): 150, (150, 143): 150}
 
157, 177, True, 3, 59
{'infinity': 1, (2, 48): 177, (2, 109): 177, (4, 32): 177, (4, 125): 177, (5, 48): 177, (5, 109): 177, (7, 16): 177, (7, 141): 177, (9, 41): 59, (9, 116): 59, (11, 70): 177, (11, 87): 177, (12, 67): 177, (12, 90): 177, (14, 21): 177, (14, 136): 177, (15, 37): 59, (15, 120): 59, (18, 31): 177, (18, 126): 177, (20, 75): 177, (20, 82): 177, (21, 75): 177, (21, 82): 177, (22, 27): 59, (22, 130): 59, (23, 7): 177, (23, 150): 177, (25, 34): 177, (25, 123): 177, (30, 4): 177, (30, 153): 177, (31, 56): 59, (31, 101): 59, (34, 60): 177, (34, 97): 177, (36, 18): 3, (36, 139): 3, (37, 57): 177, (37, 100): 177, (38, 78): 177, (38, 79): 177, (40, 19): 177, (40, 138): 177, (43, 43): 177, (43, 114): 177, (44, 38): 177, (44, 119): 177, (45, 7): 177, (45, 150): 177, (46, 5): 177, (46, 152): 177, (47, 43): 177, (47, 114): 177, (49, 46): 59, (49, 111): 59, (50, 10): 177, (50, 147): 177, (51, 37): 177, (51, 120): 177, (52, 77): 59, (52, 80): 59, (53, 21): 177, (53, 136): 177, (54, 53): 177, (54, 104): 177, (56, 69): 59, (56, 88): 59, (57, 78): 59, (57, 79): 59, (58, 23): 177, (58, 134): 177, (60, 44): 177, (60, 113): 177, (61, 78): 177, (61, 79): 177, (62, 9): 177, (62, 148): 177, (64, 6): 59, (64, 151): 59, (65, 36): 59, (65, 121): 59, (66, 43): 59, (66, 114): 59, (69, 41): 177, (69, 116): 177, (72, 62): 177, (72, 95): 177, (74, 58): 59, (74, 99): 59, (76, 30): 177, (76, 127): 177, (78, 41): 177, (78, 116): 177, (83, 61): 177, (83, 96): 177, (84, 61): 177, (84, 96): 177, (85, 50): 59, (85, 107): 59, (86, 8): 59, (86, 149): 59, (87, 40): 59, (87, 117): 59, (88, 7): 177, (88, 150): 177, (89, 21): 59, (89, 136): 59, (90, 37): 177, (90, 120): 177, (91, 22): 59, (91, 135): 59, (92, 33): 59, (92, 124): 59, (94, 55): 59, (94, 102): 59, (96, 72): 177, (96, 85): 177, (97, 45): 177, (97, 112): 177, (100, 1): 177, (100, 156): 177, (101, 28): 177, (101, 129): 177, (108, 46): 177, (108, 111): 177, (109, 9): 177, (109, 148): 177, (110, 30): 177, (110, 127): 177, (115, 75): 59, (115, 82): 59, (116, 12): 59, (116, 145): 59, (117, 68): 177, (117, 89): 177, (124, 53): 59, (124, 104): 59, (125, 23): 59, (125, 134): 59, (126, 10): 59, (126, 147): 59, (127, 30): 177, (127, 127): 177, (128, 57): 177, (128, 100): 177, (130, 23): 177, (130, 134): 177, (131, 5): 59, (131, 152): 59, (135, 53): 177, (135, 104): 177, (136, 5): 177, (136, 152): 177, (137, 10): 177, (137, 147): 177, (138, 34): 177, (138, 123): 177, (142, 9): 59, (142, 148): 59, (143, 3): 59, (143, 154): 59, (144, 13): 59, (144, 144): 59, (146, 61): 177, (146, 96): 177, (148, 57): 59, (148, 100): 59, (149, 48): 177, (149, 109): 177, (150, 34): 177, (150, 123): 177, (155, 66): 177, (155, 91): 177, (156, 46): 177, (156, 111): 177}
 
163, 162, True, 6, 27
{'infinity': 1, (0, 32): 81, (0, 131): 81, (3, 18): 162, (3, 145): 162, (4, 60): 162, (4, 103): 162, (5, 43): 81, (5, 120): 81, (9, 21): 81, (9, 142): 81, (10, 41): 54, (10, 122): 54, (11, 7): 162, (11, 156): 162, (12, 21): 162, (12, 142): 162, (16, 53): 81, (16, 110): 81, (18, 51): 27, (18, 112): 27, (19, 41): 162, (19, 122): 162, (20, 15): 81, (20, 148): 81, (23, 6): 9, (23, 157): 9, (25, 33): 162, (25, 130): 162, (28, 51): 18, (28, 112): 18, (29, 60): 18, (29, 103): 18, (32, 4): 162, (32, 159): 162, (35, 42): 162, (35, 121): 162, (36, 32): 81, (36, 131): 81, (38, 81): 3, (38, 82): 3, (39, 25): 27, (39, 138): 27, (41, 15): 81, (41, 148): 81, (44, 14): 54, (44, 149): 54, (45, 2): 81, (45, 161): 81, (46, 35): 162, (46, 128): 162, (49, 68): 81, (49, 95): 81, (51, 79): 81, (51, 84): 81, (54, 57): 162, (54, 106): 162, (55, 4): 81, (55, 159): 81, (56, 7): 27, (56, 156): 27, (59, 9): 162, (59, 154): 162, (60, 19): 81, (60, 144): 81, (61, 5): 81, (61, 158): 81, (62, 63): 162, (62, 100): 162, (68, 0): 2, (70, 10): 162, (70, 153): 162, (72, 62): 81, (72, 101): 81, (74, 14): 27, (74, 149): 27, (75, 4): 162, (75, 159): 162, (77, 23): 81, (77, 140): 81, (78, 16): 81, (78, 147): 81, (89, 47): 9, (89, 116): 9, (91, 52): 6, (91, 111): 6, (94, 36): 81, (94, 127): 81, (95, 7): 162, (95, 156): 162, (96, 29): 162, (96, 134): 162, (98, 47): 162, (98, 116): 162, (99, 29): 162, (99, 134): 162, (100, 45): 162, (100, 118): 162, (101, 15): 27, (101, 148): 27, (103, 30): 81, (103, 133): 81, (105, 44): 18, (105, 119): 18, (107, 11): 81, (107, 152): 81, (108, 62): 27, (108, 101): 27, (110, 80): 162, (110, 83): 162, (113, 50): 162, (113, 113): 162, (116, 51): 54, (116, 112): 54, (120, 56): 162, (120, 107): 162, (122, 28): 81, (122, 135): 81, (123, 39): 81, (123, 124): 81, (124, 8): 27, (124, 155): 27, (126, 32): 9, (126, 131): 9, (128, 17): 81, (128, 146): 81, (129, 60): 81, (129, 103): 81, (130, 29): 27, (130, 134): 27, (133, 41): 81, (133, 122): 81, (136, 58): 54, (136, 105): 54, (138, 47): 162, (138, 116): 162, (139, 64): 81, (139, 99): 81, (140, 25): 162, (140, 138): 162, (141, 21): 54, (141, 142): 54, (143, 34): 54, (143, 129): 54, (144, 33): 54, (144, 130): 54, (145, 62): 81, (145, 101): 81, (146, 25): 162, (146, 138): 162, (147, 27): 54, (147, 136): 54, (148, 24): 54, (148, 139): 54, (149, 3): 27, (149, 160): 27, (156, 33): 81, (156, 130): 81, (157, 69): 162, (157, 94): 162, (162, 20): 162, (162, 143): 162}
 
167, 183, True, 3, 61
{'infinity': 1, (0, 50): 183, (0, 117): 183, (3, 22): 183, (3, 145): 183, (4, 41): 183, (4, 126): 183, (5, 30): 183, (5, 137): 183, (7, 38): 61, (7, 129): 61, (10, 10): 183, (10, 157): 183, (18, 39): 183, (18, 128): 183, (19, 8): 61, (19, 159): 61, (21, 3): 61, (21, 164): 61, (22, 33): 61, (22, 134): 61, (23, 74): 183, (23, 93): 183, (24, 22): 61, (24, 145): 61, (25, 67): 61, (25, 100): 61, (28, 78): 183, (28, 89): 183, (30, 19): 61, (30, 148): 61, (31, 58): 61, (31, 109): 61, (32, 83): 183, (32, 84): 183, (33, 33): 183, (33, 134): 183, (35, 68): 183, (35, 99): 183, (42, 5): 61, (42, 162): 61, (43, 13): 183, (43, 154): 183, (44, 78): 61, (44, 89): 61, (46, 66): 61, (46, 101): 61, (47, 30): 183, (47, 137): 183, (48, 20): 61, (48, 147): 61, (52, 58): 61, (52, 109): 61, (53, 52): 183, (53, 115): 183, (55, 43): 61, (55, 124): 61, (60, 52): 183, (60, 115): 183, (61, 51): 183, (61, 116): 183, (62, 19): 183, (62, 148): 183, (65, 77): 183, (65, 90): 183, (66, 82): 183, (66, 85): 183, (68, 50): 183, (68, 117): 183, (71, 16): 3, (71, 151): 3, (72, 32): 183, (72, 135): 183, (74, 19): 183, (74, 148): 183, (78, 60): 183, (78, 107): 183, (81, 56): 183, (81, 111): 183, (83, 58): 61, (83, 109): 61, (84, 65): 61, (84, 102): 61, (85, 9): 183, (85, 158): 183, (88, 40): 183, (88, 127): 183, (92, 21): 183, (92, 146): 183, (94, 78): 183, (94, 89): 183, (96, 56): 183, (96, 111): 183, (97, 45): 183, (97, 122): 183, (98, 50): 61, (98, 117): 61, (99, 15): 61, (99, 152): 61, (100, 7): 61, (100, 160): 61, (101, 59): 183, (101, 108): 183, (102, 29): 183, (102, 138): 183, (104, 9): 183, (104, 158): 183, (107, 12): 183, (107, 155): 183, (109, 35): 183, (109, 132): 183, (111, 33): 183, (111, 134): 183, (112, 4): 61, (112, 163): 61, (114, 30): 183, (114, 137): 183, (116, 55): 183, (116, 112): 183, (117, 47): 61, (117, 120): 61, (118, 60): 61, (118, 107): 61, (120, 1): 183, (120, 166): 183, (121, 37): 183, (121, 130): 183, (123, 28): 61, (123, 139): 61, (124, 43): 61, (124, 124): 61, (126, 82): 183, (126, 85): 183, (127, 5): 183, (127, 162): 183, (129, 75): 183, (129, 92): 183, (132, 34): 183, (132, 133): 183, (133, 48): 183, (133, 119): 183, (134, 54): 61, (134, 113): 61, (137, 60): 183, (137, 107): 183, (138, 25): 61, (138, 142): 61, (139, 22): 183, (139, 145): 183, (141, 82): 183, (141, 85): 183, (143, 18): 183, (143, 149): 183, (144, 9): 61, (144, 158): 61, (145, 6): 183, (145, 161): 183, (146, 23): 183, (146, 144): 183, (147, 49): 183, (147, 118): 183, (148, 67): 183, (148, 100): 183, (150, 73): 183, (150, 94): 183, (151, 69): 183, (151, 98): 183, (153, 3): 61, (153, 164): 61, (154, 43): 61, (154, 124): 61, (156, 56): 183, (156, 111): 183, (159, 3): 61, (159, 164): 61, (160, 67): 183, (160, 100): 183, (163, 41): 183, (163, 126): 183, (164, 5): 183, (164, 162): 183, (166, 41): 183, (166, 126): 183}
 
173, 168, True, 3, 56
{'infinity': 1, (0, 63): 84, (0, 110): 84, (1, 72): 56, (1, 101): 56, (2, 51): 56, (2, 122): 56, (4, 50): 3, (4, 123): 3, (5, 82): 28, (5, 91): 28, (6, 9): 21, (6, 164): 21, (9, 68): 42, (9, 105): 42, (13, 47): 42, (13, 126): 42, (15, 81): 168, (15, 92): 168, (16, 7): 56, (16, 166): 56, (17, 6): 42, (17, 167): 42, (20, 68): 7, (20, 105): 7, (28, 43): 168, (28, 130): 168, (31, 23): 28, (31, 150): 28, (33, 38): 24, (33, 135): 24, (34, 6): 168, (34, 167): 168, (37, 79): 7, (37, 94): 7, (38, 26): 84, (38, 147): 84, (41, 69): 168, (41, 104): 168, (42, 49): 56, (42, 124): 56, (43, 45): 24, (43, 128): 24, (44, 51): 14, (44, 122): 14, (47, 76): 28, (47, 97): 28, (48, 79): 56, (48, 94): 56, (50, 75): 84, (50, 98): 84, (55, 47): 56, (55, 126): 56, (57, 29): 168, (57, 144): 168, (58, 18): 168, (58, 155): 168, (59, 26): 14, (59, 147): 14, (60, 0): 2, (67, 66): 168, (67, 107): 168, (71, 86): 168, (71, 87): 168, (74, 84): 4, (74, 89): 4, (75, 26): 84, (75, 147): 84, (77, 2): 168, (77, 171): 168, (78, 19): 168, (78, 154): 168, (79, 82): 24, (79, 91): 24, (81, 41): 12, (81, 132): 12, (82, 54): 42, (82, 119): 42, (86, 20): 56, (86, 153): 56, (87, 79): 56, (87, 94): 56, (88, 82): 168, (88, 91): 168, (90, 64): 56, (90, 109): 56, (91, 85): 7, (91, 88): 7, (94, 78): 84, (94, 95): 84, (95, 14): 28, (95, 159): 28, (98, 1): 84, (98, 172): 84, (100, 40): 21, (100, 133): 21, (103, 22): 84, (103, 151): 84, (104, 47): 24, (104, 126): 24, (107, 28): 14, (107, 145): 14, (110, 22): 168, (110, 151): 168, (112, 41): 28, (112, 132): 28, (114, 62): 84, (114, 111): 84, (117, 15): 28, (117, 158): 28, (118, 19): 8, (118, 154): 8, (119, 13): 168, (119, 160): 168, (120, 1): 42, (120, 172): 42, (121, 6): 168, (121, 167): 168, (123, 77): 168, (123, 96): 168, (124, 30): 21, (124, 143): 21, (125, 58): 168, (125, 115): 168, (126, 51): 56, (126, 122): 56, (127, 1): 12, (127, 172): 12, (129, 46): 8, (129, 127): 8, (130, 31): 168, (130, 142): 168, (132, 22): 168, (132, 151): 168, (133, 84): 21, (133, 89): 21, (135, 17): 168, (135, 156): 168, (137, 24): 84, (137, 149): 84, (138, 84): 84, (138, 89): 84, (140, 56): 168, (140, 117): 168, (141, 35): 84, (141, 138): 84, (143, 68): 6, (143, 105): 6, (144, 36): 21, (144, 137): 21, (148, 67): 42, (148, 106): 42, (149, 19): 84, (149, 154): 84, (152, 41): 21, (152, 132): 21, (153, 57): 168, (153, 116): 168, (159, 3): 56, (159, 170): 56, (162, 83): 168, (162, 90): 168, (164, 4): 56, (164, 169): 56, (167, 12): 168, (167, 161): 168, (170, 73): 168, (170, 100): 168}
 
179, 159, True, 3, 53
{'infinity': 1, (2, 5): 53, (2, 174): 53, (7, 46): 53, (7, 133): 53, (8, 72): 159, (8, 107): 159, (9, 28): 159, (9, 151): 159, (10, 60): 53, (10, 119): 53, (12, 37): 159, (12, 142): 159, (13, 56): 159, (13, 123): 159, (17, 18): 159, (17, 161): 159, (18, 89): 159, (18, 90): 159, (22, 39): 53, (22, 140): 53, (25, 75): 53, (25, 104): 53, (26, 32): 53, (26, 147): 53, (27, 55): 159, (27, 124): 159, (30, 38): 159, (30, 141): 159, (31, 60): 53, (31, 119): 53, (39, 14): 159, (39, 165): 159, (41, 42): 159, (41, 137): 159, (45, 76): 53, (45, 103): 53, (47, 34): 159, (47, 145): 159, (52, 87): 53, (52, 92): 53, (55, 85): 159, (55, 94): 159, (56, 32): 53, (56, 147): 53, (57, 50): 53, (57, 129): 53, (59, 15): 159, (59, 164): 159, (60, 31): 159, (60, 148): 159, (62, 53): 159, (62, 126): 159, (64, 70): 159, (64, 109): 159, (67, 81): 53, (67, 98): 53, (68, 64): 159, (68, 115): 159, (71, 59): 159, (71, 120): 159, (74, 51): 159, (74, 128): 159, (75, 39): 159, (75, 140): 159, (76, 78): 159, (76, 101): 159, (81, 39): 159, (81, 140): 159, (82, 35): 159, (82, 144): 159, (86, 71): 159, (86, 108): 159, (88, 3): 159, (88, 176): 159, (89, 84): 159, (89, 95): 159, (91, 63): 53, (91, 116): 53, (93, 63): 53, (93, 116): 53, (96, 32): 53, (96, 147): 53, (99, 43): 159, (99, 136): 159, (104, 3): 159, (104, 176): 159, (109, 6): 159, (109, 173): 159, (110, 25): 159, (110, 154): 159, (112, 6): 159, (112, 173): 159, (115, 4): 159, (115, 175): 159, (116, 27): 53, (116, 152): 53, (117, 23): 159, (117, 156): 159, (118, 73): 159, (118, 106): 159, (120, 66): 53, (120, 113): 53, (121, 57): 159, (121, 122): 159, (123, 19): 159, (123, 160): 159, (125, 84): 159, (125, 95): 159, (128, 17): 159, (128, 162): 159, (130, 51): 159, (130, 128): 159, (133, 80): 159, (133, 99): 159, (136, 6): 53, (136, 173): 53, (137, 60): 53, (137, 119): 53, (139, 26): 159, (139, 153): 159, (140, 69): 159, (140, 110): 159, (141, 77): 159, (141, 102): 159, (143, 84): 53, (143, 95): 53, (144, 15): 53, (144, 164): 53, (151, 21): 159, (151, 158): 159, (152, 13): 159, (152, 166): 159, (153, 51): 159, (153, 128): 159, (154, 15): 159, (154, 164): 159, (156, 88): 159, (156, 91): 159, (160, 75): 159, (160, 104): 159, (161, 38): 3, (161, 141): 3, (165, 3): 53, (165, 176): 53, (166, 38): 53, (166, 141): 53, (169, 22): 159, (169, 157): 159, (171, 9): 53, (171, 170): 53, (172, 75): 159, (172, 104): 159, (173, 63): 53, (173, 116): 53, (176, 49): 159, (176, 130): 159, (177, 65): 53, (177, 114): 53}
 
181, 180, True, 3, 60
{'infinity': 1, (0, 5): 60, (0, 176): 60, (3, 35): 45, (3, 146): 45, (7, 31): 15, (7, 150): 15, (12, 47): 180, (12, 134): 180, (13, 75): 30, (13, 106): 30, (15, 24): 180, (15, 157): 180, (16, 79): 180, (16, 102): 180, (18, 26): 36, (18, 155): 36, (19, 77): 180, (19, 104): 180, (21, 77): 45, (21, 104): 45, (22, 67): 180, (22, 114): 180, (23, 58): 180, (23, 123): 180, (26, 55): 12, (26, 126): 12, (27, 18): 6, (27, 163): 6, (29, 44): 45, (29, 137): 45, (33, 73): 36, (33, 108): 36, (34, 61): 180, (34, 120): 180, (35, 50): 9, (35, 131): 9, (36, 62): 36, (36, 119): 36, (38, 26): 45, (38, 155): 45, (42, 15): 60, (42, 166): 60, (43, 12): 180, (43, 169): 180, (44, 88): 3, (44, 93): 3, (45, 15): 45, (45, 166): 45, (46, 47): 90, (46, 134): 90, (48, 35): 4, (48, 146): 4, (49, 21): 180, (49, 160): 180, (51, 55): 180, (51, 126): 180, (52, 34): 10, (52, 147): 10, (53, 12): 36, (53, 169): 36, (54, 30): 36, (54, 151): 36, (55, 57): 60, (55, 124): 60, (56, 89): 20, (56, 92): 20, (57, 73): 180, (57, 108): 180, (58, 2): 180, (58, 179): 180, (60, 33): 60, (60, 148): 60, (64, 7): 45, (64, 174): 45, (65, 14): 5, (65, 167): 5, (66, 83): 18, (66, 98): 18, (67, 62): 15, (67, 119): 15, (68, 29): 60, (68, 152): 60, (71, 17): 90, (71, 164): 90, (72, 49): 12, (72, 132): 12, (73, 28): 30, (73, 153): 30, (75, 18): 180, (75, 163): 180, (76, 81): 90, (76, 100): 90, (77, 62): 180, (77, 119): 180, (78, 18): 180, (78, 163): 180, (79, 52): 30, (79, 129): 30, (81, 36): 15, (81, 145): 15, (84, 12): 30, (84, 169): 30, (90, 73): 10, (90, 108): 10, (93, 15): 180, (93, 166): 180, (96, 60): 180, (96, 121): 180, (97, 9): 45, (97, 172): 45, (98, 59): 90, (98, 122): 90, (100, 78): 45, (100, 103): 45, (103, 55): 90, (103, 126): 90, (104, 10): 90, (104, 171): 90, (105, 71): 180, (105, 110): 180, (106, 72): 180, (106, 109): 180, (112, 37): 90, (112, 144): 90, (114, 72): 20, (114, 109): 20, (117, 49): 5, (117, 132): 5, (122, 47): 180, (122, 134): 180, (124, 26): 60, (124, 155): 60, (126, 90): 90, (126, 91): 90, (128, 53): 180, (128, 128): 180, (129, 35): 180, (129, 146): 180, (130, 69): 9, (130, 112): 9, (131, 36): 90, (131, 145): 90, (132, 51): 90, (132, 130): 90, (134, 84): 18, (134, 97): 18, (135, 25): 9, (135, 156): 9, (138, 76): 180, (138, 105): 180, (140, 77): 20, (140, 104): 20, (141, 72): 45, (141, 109): 45, (142, 20): 45, (142, 161): 45, (145, 80): 18, (145, 101): 18, (146, 0): 2, (149, 36): 90, (149, 145): 90, (150, 39): 15, (150, 142): 15, (151, 64): 45, (151, 117): 45, (156, 22): 180, (156, 159): 180, (164, 82): 36, (164, 99): 36, (167, 3): 60, (167, 178): 60, (168, 66): 20, (168, 115): 20, (171, 48): 45, (171, 133): 45, (172, 49): 60, (172, 132): 60, (180, 19): 90, (180, 162): 90}
 
191, 192, True, 3, 64
{'infinity': 1, (2, 72): 192, (2, 119): 192, (3, 38): 192, (3, 153): 192, (4, 4): 32, (4, 187): 32, (6, 49): 192, (6, 142): 192, (8, 78): 192, (8, 113): 192, (17, 30): 192, (17, 161): 192, (18, 0): 2, (20, 8): 32, (20, 183): 32, (21, 64): 96, (21, 127): 96, (22, 59): 96, (22, 132): 96, (23, 53): 96, (23, 138): 96, (25, 73): 64, (25, 118): 64, (26, 79): 16, (26, 112): 16, (29, 50): 192, (29, 141): 192, (30, 32): 96, (30, 159): 96, (33, 2): 12, (33, 189): 12, (36, 28): 32, (36, 163): 32, (37, 53): 192, (37, 138): 192, (38, 61): 12, (38, 130): 12, (40, 79): 192, (40, 112): 192, (41, 52): 32, (41, 139): 32, (43, 3): 96, (43, 188): 96, (46, 74): 64, (46, 117): 64, (47, 35): 192, (47, 156): 192, (49, 71): 192, (49, 120): 192, (51, 49): 192, (51, 142): 192, (52, 48): 8, (52, 143): 8, (54, 57): 96, (54, 134): 96, (56, 36): 64, (56, 155): 64, (61, 76): 48, (61, 115): 48, (63, 19): 96, (63, 172): 96, (67, 92): 4, (67, 99): 4, (70, 61): 48, (70, 130): 48, (73, 22): 192, (73, 169): 192, (74, 75): 192, (74, 116): 192, (75, 33): 64, (75, 158): 64, (77, 8): 24, (77, 183): 24, (78, 63): 96, (78, 128): 96, (80, 4): 192, (80, 187): 192, (81, 1): 64, (81, 190): 64, (82, 61): 48, (82, 130): 48, (83, 88): 8, (83, 103): 8, (84, 59): 192, (84, 132): 192, (86, 47): 24, (86, 144): 24, (88, 12): 192, (88, 179): 192, (90, 77): 96, (90, 114): 96, (91, 69): 64, (91, 122): 64, (92, 43): 192, (92, 148): 192, (93, 8): 96, (93, 183): 96, (95, 89): 6, (95, 102): 6, (96, 24): 96, (96, 167): 96, (100, 23): 192, (100, 168): 192, (106, 4): 192, (106, 187): 192, (110, 43): 96, (110, 148): 96, (118, 95): 96, (118, 96): 96, (120, 6): 96, (120, 185): 96, (123, 10): 64, (123, 181): 64, (124, 79): 192, (124, 112): 192, (128, 70): 64, (128, 121): 64, (130, 53): 64, (130, 138): 64, (132, 44): 64, (132, 147): 64, (133, 49): 32, (133, 142): 32, (136, 5): 3, (136, 186): 3, (137, 80): 192, (137, 111): 192, (139, 42): 32, (139, 149): 32, (141, 89): 64, (141, 102): 64, (144, 33): 64, (144, 158): 64, (145, 89): 192, (145, 102): 192, (146, 66): 24, (146, 125): 24, (151, 48): 16, (151, 143): 16, (152, 75): 96, (152, 116): 96, (154, 58): 48, (154, 133): 48, (155, 75): 192, (155, 116): 192, (156, 37): 48, (156, 154): 48, (161, 3): 192, (161, 188): 192, (162, 33): 32, (162, 158): 32, (164, 16): 64, (164, 175): 64, (166, 87): 192, (166, 104): 192, (167, 20): 96, (167, 171): 96, (168, 27): 32, (168, 164): 32, (169, 85): 192, (169, 106): 192, (170, 52): 64, (170, 139): 64, (171, 55): 48, (171, 136): 48, (172, 73): 24, (172, 118): 24, (173, 40): 192, (173, 151): 192, (175, 18): 64, (175, 173): 64, (176, 45): 48, (176, 146): 48, (177, 3): 64, (177, 188): 64, (178, 48): 16, (178, 143): 16, (179, 43): 192, (179, 148): 192, (181, 60): 48, (181, 131): 48, (183, 41): 192, (183, 150): 192, (184, 73): 192, (184, 118): 192, (186, 67): 192, (186, 124): 192, (187, 83): 16, (187, 108): 16, (189, 13): 192, (189, 178): 192}
 
193, 168, True, 3, 56
{'infinity': 1, (0, 12): 168, (0, 181): 168, (4, 47): 84, (4, 146): 84, (5, 5): 8, (5, 188): 8, (6, 31): 84, (6, 162): 84, (9, 57): 6, (9, 136): 6, (14, 51): 168, (14, 142): 168, (15, 87): 168, (15, 106): 168, (16, 85): 84, (16, 108): 84, (17, 80): 168, (17, 113): 168, (19, 67): 168, (19, 126): 168, (20, 83): 21, (20, 110): 21, (21, 95): 84, (21, 98): 84, (22, 45): 56, (22, 148): 56, (23, 62): 168, (23, 131): 168, (26, 69): 56, (26, 124): 56, (31, 89): 7, (31, 104): 7, (34, 32): 84, (34, 161): 84, (38, 12): 28, (38, 181): 28, (39, 22): 56, (39, 171): 56, (40, 45): 84, (40, 148): 84, (42, 7): 56, (42, 186): 56, (43, 37): 28, (43, 156): 28, (44, 61): 21, (44, 132): 21, (48, 71): 3, (48, 122): 3, (49, 22): 12, (49, 171): 12, (50, 58): 42, (50, 135): 42, (51, 62): 28, (51, 131): 28, (52, 0): 2, (53, 41): 14, (53, 152): 14, (57, 49): 168, (57, 144): 168, (58, 96): 21, (58, 97): 21, (59, 13): 12, (59, 180): 12, (62, 49): 168, (62, 144): 168, (63, 5): 168, (63, 188): 168, (65, 47): 56, (65, 146): 56, (72, 30): 56, (72, 163): 56, (73, 49): 28, (73, 144): 28, (74, 17): 168, (74, 176): 168, (78, 75): 168, (78, 118): 168, (85, 38): 168, (85, 155): 168, (86, 86): 168, (86, 107): 168, (88, 4): 42, (88, 189): 42, (100, 44): 14, (100, 149): 14, (102, 91): 84, (102, 102): 84, (104, 22): 168, (104, 171): 168, (106, 4): 21, (106, 189): 21, (107, 93): 84, (107, 100): 84, (108, 39): 84, (108, 154): 84, (112, 42): 56, (112, 151): 56, (113, 29): 56, (113, 164): 56, (118, 62): 168, (118, 131): 168, (119, 23): 42, (119, 170): 42, (123, 47): 168, (123, 146): 168, (124, 5): 84, (124, 188): 84, (125, 18): 168, (125, 175): 168, (126, 88): 168, (126, 105): 168, (127, 17): 42, (127, 176): 42, (130, 45): 168, (130, 148): 168, (133, 50): 84, (133, 143): 84, (136, 77): 7, (136, 116): 7, (140, 65): 168, (140, 128): 168, (143, 90): 168, (143, 103): 168, (145, 56): 42, (145, 137): 42, (150, 84): 28, (150, 109): 28, (151, 10): 8, (151, 183): 8, (153, 43): 14, (153, 150): 14, (154, 12): 24, (154, 181): 24, (155, 41): 168, (155, 152): 168, (156, 26): 56, (156, 167): 56, (159, 15): 21, (159, 178): 21, (161, 34): 84, (161, 159): 84, (163, 13): 24, (163, 180): 24, (164, 9): 21, (164, 184): 21, (165, 20): 56, (165, 173): 56, (168, 81): 168, (168, 112): 168, (171, 14): 24, (171, 179): 24, (176, 16): 7, (176, 177): 7, (177, 41): 24, (177, 152): 24, (179, 3): 56, (179, 190): 56, (180, 28): 4, (180, 165): 4, (183, 19): 28, (183, 174): 28, (184, 17): 56, (184, 176): 56, (185, 92): 168, (185, 101): 168, (191, 4): 42, (191, 189): 42}
 
197, 216, True, 9, 24
{'infinity': 1, (0, 21): 72, (0, 176): 72, (2, 73): 108, (2, 124): 108, (4, 63): 9, (4, 134): 9, (5, 31): 108, (5, 166): 108, (7, 13): 108, (7, 184): 108, (8, 69): 36, (8, 128): 36, (9, 12): 24, (9, 185): 24, (10, 36): 54, (10, 161): 54, (11, 46): 54, (11, 151): 54, (12, 7): 216, (12, 190): 216, (13, 82): 216, (13, 115): 216, (14, 87): 72, (14, 110): 72, (15, 63): 54, (15, 134): 54, (17, 20): 216, (17, 177): 216, (18, 7): 108, (18, 190): 108, (23, 8): 216, (23, 189): 216, (25, 90): 108, (25, 107): 108, (27, 14): 72, (27, 183): 72, (28, 69): 9, (28, 128): 9, (29, 51): 108, (29, 146): 108, (30, 82): 216, (30, 115): 216, (32, 64): 216, (32, 133): 216, (36, 25): 8, (36, 172): 8, (37, 89): 27, (37, 108): 27, (39, 39): 216, (39, 158): 216, (40, 53): 108, (40, 144): 108, (42, 73): 72, (42, 124): 72, (44, 0): 2, (47, 5): 216, (47, 192): 216, (49, 91): 24, (49, 106): 24, (51, 42): 12, (51, 155): 12, (53, 5): 36, (53, 192): 36, (55, 74): 216, (55, 123): 216, (56, 18): 24, (56, 179): 24, (57, 89): 216, (57, 108): 216, (62, 44): 72, (62, 153): 72, (63, 8): 27, (63, 189): 27, (64, 98): 216, (64, 99): 216, (66, 62): 108, (66, 135): 108, (68, 55): 6, (68, 142): 6, (69, 78): 108, (69, 119): 108, (71, 81): 216, (71, 116): 216, (72, 53): 108, (72, 144): 108, (76, 9): 216, (76, 188): 216, (77, 23): 27, (77, 174): 27, (78, 72): 27, (78, 125): 27, (79, 38): 72, (79, 159): 72, (80, 97): 27, (80, 100): 27, (82, 14): 216, (82, 183): 216, (83, 13): 36, (83, 184): 36, (84, 53): 18, (84, 144): 18, (86, 74): 108, (86, 123): 108, (87, 14): 108, (87, 183): 108, (88, 94): 216, (88, 103): 216, (90, 59): 216, (90, 138): 216, (91, 50): 36, (91, 147): 36, (92, 57): 72, (92, 140): 72, (96, 5): 216, (96, 192): 216, (99, 75): 54, (99, 122): 54, (102, 89): 72, (102, 108): 72, (106, 13): 27, (106, 184): 27, (108, 57): 36, (108, 140): 36, (110, 8): 72, (110, 189): 72, (113, 94): 72, (113, 103): 72, (116, 65): 216, (116, 132): 216, (117, 50): 216, (117, 147): 216, (118, 10): 216, (118, 187): 216, (122, 40): 216, (122, 157): 216, (127, 27): 108, (127, 170): 108, (130, 15): 216, (130, 182): 216, (131, 49): 216, (131, 148): 216, (133, 88): 216, (133, 109): 216, (134, 65): 54, (134, 132): 54, (135, 85): 8, (135, 112): 8, (137, 33): 12, (137, 164): 12, (138, 47): 216, (138, 150): 216, (139, 66): 216, (139, 131): 216, (141, 59): 18, (141, 138): 18, (143, 65): 216, (143, 132): 216, (144, 34): 9, (144, 163): 9, (145, 23): 3, (145, 174): 3, (148, 84): 54, (148, 113): 54, (152, 73): 216, (152, 124): 216, (153, 82): 54, (153, 115): 54, (154, 78): 216, (154, 119): 216, (158, 32): 108, (158, 165): 108, (160, 69): 4, (160, 128): 4, (162, 59): 216, (162, 138): 216, (164, 37): 216, (164, 160): 216, (165, 4): 27, (165, 193): 27, (166, 7): 216, (166, 190): 216, (168, 95): 72, (168, 102): 72, (169, 29): 216, (169, 168): 216, (170, 78): 216, (170, 119): 216, (171, 23): 27, (171, 174): 27, (176, 36): 27, (176, 161): 27, (177, 63): 54, (177, 134): 54, (178, 90): 54, (178, 107): 54, (182, 11): 36, (182, 186): 36, (183, 3): 24, (183, 194): 24, (185, 50): 216, (185, 147): 216, (186, 92): 108, (186, 105): 108, (188, 30): 18, (188, 167): 18, (190, 90): 108, (190, 107): 108, (192, 94): 108, (192, 103): 108, (193, 57): 72, (193, 140): 72, (194, 2): 108, (194, 195): 108, (195, 17): 216, (195, 180): 216}
 
199, 216, False, 9, 24
{'infinity': 1, (1, 66): 72, (1, 133): 72, (3, 42): 72, (3, 157): 72, (6, 35): 72, (6, 164): 72, (7, 98): 36, (7, 101): 36, (8, 52): 9, (8, 147): 9, (9, 86): 12, (9, 113): 12, (10, 76): 9, (10, 123): 9, (14, 37): 18, (14, 162): 18, (16, 73): 36, (16, 126): 36, (17, 17): 18, (17, 182): 18, (19, 26): 9, (19, 173): 9, (20, 44): 72, (20, 155): 72, (22, 98): 72, (22, 101): 72, (23, 30): 4, (23, 169): 4, (27, 58): 24, (27, 141): 24, (28, 14): 72, (28, 185): 72, (31, 33): 24, (31, 166): 24, (33, 89): 18, (33, 110): 18, (34, 93): 24, (34, 106): 24, (35, 35): 24, (35, 164): 24, (36, 88): 72, (36, 111): 72, (43, 52): 72, (43, 147): 72, (45, 23): 72, (45, 176): 72, (46, 44): 24, (46, 155): 24, (48, 60): 36, (48, 139): 36, (50, 97): 3, (50, 102): 3, (53, 76): 18, (53, 123): 18, (54, 53): 36, (54, 146): 36, (58, 80): 12, (58, 119): 12, (60, 53): 72, (60, 146): 72, (61, 85): 72, (61, 114): 72, (63, 75): 72, (63, 124): 72, (65, 42): 9, (65, 157): 9, (69, 28): 24, (69, 171): 24, (72, 60): 72, (72, 139): 72, (73, 93): 12, (73, 106): 12, (74, 3): 72, (74, 196): 72, (77, 79): 6, (77, 120): 6, (78, 60): 72, (78, 139): 72, (79, 6): 24, (79, 193): 24, (80, 27): 36, (80, 172): 36, (82, 69): 72, (82, 130): 72, (84, 53): 24, (84, 146): 24, (85, 20): 72, (85, 179): 72, (88, 99): 24, (88, 100): 24, (89, 83): 18, (89, 116): 18, (91, 93): 24, (91, 106): 24, (92, 0): 2, (93, 8): 3, (93, 191): 3, (94, 84): 36, (94, 115): 36, (96, 43): 9, (96, 156): 9, (97, 72): 9, (97, 127): 9, (99, 94): 9, (99, 105): 9, (103, 16): 8, (103, 183): 8, (106, 67): 12, (106, 132): 12, (107, 2): 24, (107, 197): 24, (110, 63): 12, (110, 136): 12, (111, 92): 72, (111, 107): 72, (113, 34): 72, (113, 165): 72, (114, 67): 72, (114, 132): 72, (117, 11): 36, (117, 188): 36, (118, 57): 12, (118, 142): 12, (119, 91): 72, (119, 108): 72, (121, 20): 36, (121, 179): 36, (122, 6): 72, (122, 193): 72, (123, 40): 9, (123, 159): 9, (124, 83): 36, (124, 116): 36, (125, 63): 3, (125, 136): 3, (126, 72): 72, (126, 127): 72, (130, 42): 24, (130, 157): 24, (131, 62): 72, (131, 137): 72, (132, 44): 9, (132, 155): 9, (133, 15): 72, (133, 184): 72, (135, 76): 6, (135, 123): 6, (136, 48): 72, (136, 151): 72, (138, 3): 18, (138, 196): 18, (139, 2): 36, (139, 197): 36, (143, 65): 36, (143, 134): 36, (144, 36): 18, (144, 163): 18, (145, 32): 12, (145, 167): 12, (146, 80): 72, (146, 119): 72, (147, 52): 72, (147, 147): 72, (148, 84): 18, (148, 115): 18, (150, 39): 36, (150, 160): 36, (151, 2): 72, (151, 197): 72, (153, 59): 36, (153, 140): 36, (155, 84): 36, (155, 115): 36, (157, 35): 36, (157, 164): 36, (159, 31): 24, (159, 168): 24, (162, 63): 12, (162, 136): 12, (163, 49): 8, (163, 150): 8, (168, 25): 72, (168, 174): 72, (169, 98): 24, (169, 101): 24, (171, 13): 36, (171, 186): 36, (173, 47): 6, (173, 152): 6, (174, 72): 72, (174, 127): 72, (175, 38): 72, (175, 161): 72, (177, 67): 72, (177, 132): 72, (179, 7): 72, (179, 192): 72, (181, 50): 18, (181, 149): 18, (182, 9): 6, (182, 190): 6, (184, 83): 36, (184, 116): 36, (185, 3): 24, (185, 196): 24, (191, 20): 72, (191, 179): 72, (193, 80): 72, (193, 119): 72, (195, 18): 3, (195, 181): 3, (196, 6): 36, (196, 193): 36, (197, 54): 24, (197, 145): 24}
 
211, 216, False, 36, 6
{'infinity': 1, (0, 52): 72, (0, 159): 72, (1, 76): 72, (1, 135): 72, (3, 61): 12, (3, 150): 12, (4, 100): 18, (4, 111): 18, (5, 67): 72, (5, 144): 72, (6, 102): 24, (6, 109): 24, (8, 58): 36, (8, 153): 36, (13, 44): 24, (13, 167): 24, (17, 52): 8, (17, 159): 8, (19, 34): 72, (19, 177): 72, (24, 73): 24, (24, 138): 24, (25, 11): 72, (25, 200): 72, (27, 57): 72, (27, 154): 72, (28, 25): 24, (28, 186): 24, (29, 80): 12, (29, 131): 12, (30, 18): 12, (30, 193): 12, (34, 104): 24, (34, 107): 24, (35, 60): 24, (35, 151): 24, (36, 82): 36, (36, 129): 36, (39, 45): 18, (39, 166): 18, (41, 25): 72, (41, 186): 72, (42, 100): 6, (42, 111): 6, (43, 46): 9, (43, 165): 9, (44, 20): 36, (44, 191): 36, (45, 65): 9, (45, 146): 9, (46, 84): 72, (46, 127): 72, (47, 44): 72, (47, 167): 72, (48, 73): 36, (48, 138): 36, (49, 19): 3, (49, 192): 3, (50, 72): 72, (50, 139): 72, (53, 38): 12, (53, 173): 12, (54, 45): 3, (54, 166): 3, (55, 20): 72, (55, 191): 72, (57, 85): 72, (57, 126): 72, (58, 101): 24, (58, 110): 24, (62, 61): 72, (62, 150): 72, (64, 13): 36, (64, 198): 36, (65, 92): 72, (65, 119): 72, (68, 53): 36, (68, 158): 36, (70, 92): 72, (70, 119): 72, (71, 0): 2, (72, 68): 6, (72, 143): 6, (74, 58): 24, (74, 153): 24, (75, 92): 36, (75, 119): 36, (78, 97): 72, (78, 114): 72, (81, 5): 72, (81, 206): 72, (83, 29): 24, (83, 182): 24, (85, 80): 36, (85, 131): 36, (87, 9): 18, (87, 202): 18, (89, 17): 24, (89, 194): 24, (90, 75): 9, (90, 136): 9, (91, 98): 4, (91, 113): 4, (93, 86): 72, (93, 125): 72, (95, 26): 18, (95, 185): 18, (96, 80): 9, (96, 131): 9, (98, 78): 72, (98, 133): 72, (99, 30): 72, (99, 181): 72, (104, 42): 72, (104, 169): 72, (106, 41): 72, (106, 170): 72, (111, 20): 72, (111, 191): 72, (112, 30): 72, (112, 181): 72, (117, 45): 18, (117, 166): 18, (123, 64): 12, (123, 147): 12, (124, 93): 9, (124, 118): 9, (127, 86): 36, (127, 125): 36, (128, 58): 72, (128, 153): 72, (130, 88): 18, (130, 123): 18, (134, 48): 24, (134, 163): 24, (135, 74): 9, (135, 137): 9, (136, 78): 36, (136, 133): 36, (137, 97): 36, (137, 114): 36, (138, 73): 72, (138, 138): 72, (139, 32): 72, (139, 179): 72, (140, 64): 36, (140, 147): 36, (141, 25): 36, (141, 186): 36, (145, 61): 72, (145, 150): 72, (146, 69): 24, (146, 142): 24, (150, 44): 36, (150, 167): 36, (152, 98): 12, (152, 113): 12, (153, 6): 18, (153, 205): 18, (158, 64): 9, (158, 147): 9, (162, 96): 72, (162, 115): 72, (163, 16): 72, (163, 195): 72, (164, 100): 9, (164, 111): 9, (165, 91): 72, (165, 120): 72, (166, 13): 12, (166, 198): 12, (171, 21): 36, (171, 190): 36, (172, 99): 12, (172, 112): 12, (173, 19): 8, (173, 192): 8, (177, 51): 72, (177, 160): 72, (178, 98): 3, (178, 113): 3, (183, 77): 72, (183, 134): 72, (184, 36): 6, (184, 175): 6, (187, 78): 24, (187, 133): 24, (190, 47): 36, (190, 164): 36, (191, 13): 9, (191, 198): 9, (192, 11): 18, (192, 200): 18, (193, 52): 36, (193, 159): 36, (194, 31): 18, (194, 180): 18, (195, 54): 72, (195, 157): 72, (197, 3): 6, (197, 208): 6, (199, 19): 24, (199, 192): 24, (201, 86): 72, (201, 125): 72, (203, 22): 72, (203, 189): 72, (204, 11): 24, (204, 200): 24, (206, 97): 24, (206, 114): 24, (207, 90): 36, (207, 121): 36, (210, 30): 3, (210, 181): 3}
 
223, 240, True, 6, 40
{'infinity': 1, (0, 15): 120, (0, 208): 120, (1, 80): 15, (1, 143): 15, (7, 41): 240, (7, 182): 240, (10, 13): 24, (10, 210): 24, (11, 2): 8, (11, 221): 8, (12, 24): 240, (12, 199): 240, (14, 68): 240, (14, 155): 240, (18, 33): 48, (18, 190): 48, (20, 31): 80, (20, 192): 80, (23, 19): 80, (23, 204): 80, (24, 87): 240, (24, 136): 240, (27, 65): 60, (27, 158): 60, (30, 57): 120, (30, 166): 120, (31, 3): 80, (31, 220): 80, (33, 41): 16, (33, 182): 16, (34, 19): 15, (34, 204): 15, (35, 94): 20, (35, 129): 20, (38, 10): 30, (38, 213): 30, (41, 74): 60, (41, 149): 60, (43, 60): 80, (43, 163): 80, (48, 79): 40, (48, 144): 40, (51, 78): 240, (51, 145): 240, (53, 107): 60, (53, 116): 60, (54, 15): 20, (54, 208): 20, (55, 37): 12, (55, 186): 12, (56, 13): 16, (56, 210): 16, (57, 83): 240, (57, 140): 240, (58, 57): 3, (58, 166): 3, (61, 52): 120, (61, 171): 120, (63, 30): 80, (63, 193): 80, (64, 66): 48, (64, 157): 48, (67, 89): 240, (67, 134): 240, (70, 36): 120, (70, 187): 120, (73, 91): 40, (73, 132): 40, (74, 82): 240, (74, 141): 240, (75, 22): 16, (75, 201): 16, (78, 35): 20, (78, 188): 20, (81, 93): 120, (81, 130): 120, (82, 74): 60, (82, 149): 60, (83, 11): 80, (83, 212): 80, (84, 29): 120, (84, 194): 120, (85, 27): 80, (85, 196): 80, (86, 56): 240, (86, 167): 240, (88, 12): 120, (88, 211): 120, (89, 46): 80, (89, 177): 80, (90, 68): 240, (90, 155): 240, (93, 86): 30, (93, 137): 30, (94, 17): 240, (94, 206): 240, (99, 74): 6, (99, 149): 6, (103, 42): 120, (103, 181): 120, (105, 6): 30, (105, 217): 30, (111, 20): 40, (111, 203): 40, (112, 88): 240, (112, 135): 240, (113, 44): 80, (113, 179): 80, (114, 61): 240, (114, 162): 240, (115, 49): 40, (115, 174): 40, (116, 99): 120, (116, 124): 120, (118, 68): 5, (118, 155): 5, (122, 88): 240, (122, 135): 240, (123, 106): 240, (123, 117): 240, (124, 9): 60, (124, 214): 60, (125, 61): 60, (125, 162): 60, (127, 38): 240, (127, 185): 240, (130, 81): 16, (130, 142): 16, (134, 57): 40, (134, 166): 40, (137, 8): 240, (137, 215): 240, (140, 110): 240, (140, 113): 240, (141, 49): 30, (141, 174): 30, (142, 54): 80, (142, 169): 80, (144, 50): 24, (144, 173): 24, (146, 14): 48, (146, 209): 48, (147, 71): 24, (147, 152): 24, (148, 17): 240, (148, 206): 240, (149, 21): 120, (149, 202): 120, (151, 81): 15, (151, 142): 15, (152, 62): 240, (152, 161): 240, (153, 82): 40, (153, 141): 40, (154, 97): 240, (154, 126): 240, (155, 106): 120, (155, 117): 120, (156, 13): 48, (156, 210): 48, (158, 16): 48, (158, 207): 48, (159, 7): 240, (159, 216): 240, (161, 111): 240, (161, 112): 240, (163, 12): 240, (163, 211): 240, (164, 81): 240, (164, 142): 240, (165, 19): 48, (165, 204): 48, (167, 106): 240, (167, 117): 240, (168, 15): 120, (168, 208): 120, (169, 6): 10, (169, 217): 10, (171, 6): 15, (171, 217): 15, (172, 56): 8, (172, 167): 8, (174, 25): 4, (174, 198): 4, (176, 108): 80, (176, 115): 80, (178, 93): 240, (178, 130): 240, (182, 41): 60, (182, 182): 60, (185, 89): 120, (185, 134): 120, (186, 93): 48, (186, 130): 48, (187, 56): 240, (187, 167): 240, (189, 49): 24, (189, 174): 24, (190, 72): 10, (190, 151): 10, (192, 53): 40, (192, 170): 40, (193, 89): 240, (193, 134): 240, (194, 12): 80, (194, 211): 80, (195, 0): 2, (196, 59): 5, (196, 164): 5, (197, 104): 120, (197, 119): 120, (200, 60): 80, (200, 163): 80, (202, 60): 20, (202, 163): 20, (203, 17): 12, (203, 206): 12, (205, 3): 80, (205, 220): 80, (206, 61): 240, (206, 162): 240, (207, 33): 80, (207, 190): 80, (209, 3): 40, (209, 220): 40, (211, 88): 60, (211, 135): 60, (212, 58): 120, (212, 165): 120, (217, 5): 80, (217, 218): 80, (218, 82): 48, (218, 141): 48, (219, 98): 240, (219, 125): 240, (220, 33): 120, (220, 190): 120, (222, 96): 240, (222, 127): 240}
 
227, 249, True, 3, 83
{'infinity': 1, (1, 5): 249, (1, 222): 249, (3, 29): 249, (3, 198): 249, (4, 82): 249, (4, 145): 249, (9, 97): 83, (9, 130): 83, (10, 97): 249, (10, 130): 249, (13, 80): 249, (13, 147): 249, (14, 76): 249, (14, 151): 249, (16, 5): 249, (16, 222): 249, (17, 49): 83, (17, 178): 83, (19, 52): 83, (19, 175): 83, (20, 102): 249, (20, 125): 249, (22, 57): 83, (22, 170): 83, (23, 94): 249, (23, 133): 249, (26, 105): 83, (26, 122): 83, (29, 73): 83, (29, 154): 83, (32, 38): 249, (32, 189): 249, (33, 23): 83, (33, 204): 83, (35, 101): 83, (35, 126): 83, (37, 8): 249, (37, 219): 249, (38, 45): 249, (38, 182): 249, (47, 107): 249, (47, 120): 249, (48, 35): 83, (48, 192): 83, (49, 12): 249, (49, 215): 249, (50, 99): 83, (50, 128): 83, (51, 40): 249, (51, 187): 249, (52, 111): 83, (52, 116): 83, (54, 52): 83, (54, 175): 83, (55, 68): 249, (55, 159): 249, (57, 39): 249, (57, 188): 249, (59, 34): 83, (59, 193): 83, (60, 16): 249, (60, 211): 249, (61, 95): 249, (61, 132): 249, (64, 91): 249, (64, 136): 249, (65, 25): 249, (65, 202): 249, (66, 25): 249, (66, 202): 249, (68, 3): 249, (68, 224): 249, (71, 86): 249, (71, 141): 249, (72, 106): 249, (72, 121): 249, (73, 55): 83, (73, 172): 83, (74, 34): 249, (74, 193): 249, (77, 92): 83, (77, 135): 83, (78, 4): 249, (78, 223): 249, (79, 94): 249, (79, 133): 249, (82, 99): 249, (82, 128): 249, (83, 49): 83, (83, 178): 83, (85, 50): 249, (85, 177): 249, (86, 93): 249, (86, 134): 249, (88, 48): 83, (88, 179): 83, (90, 24): 83, (90, 203): 83, (92, 73): 249, (92, 154): 249, (93, 34): 249, (93, 193): 249, (94, 99): 249, (94, 128): 249, (95, 25): 83, (95, 202): 83, (97, 79): 249, (97, 148): 249, (98, 36): 249, (98, 191): 249, (100, 30): 249, (100, 197): 249, (102, 85): 249, (102, 142): 249, (103, 110): 249, (103, 117): 249, (104, 32): 83, (104, 195): 83, (105, 73): 249, (105, 154): 249, (109, 10): 249, (109, 217): 249, (110, 19): 249, (110, 208): 249, (115, 65): 249, (115, 162): 249, (117, 67): 83, (117, 160): 83, (119, 87): 83, (119, 140): 83, (120, 54): 83, (120, 173): 83, (121, 44): 249, (121, 183): 249, (124, 94): 249, (124, 133): 249, (126, 49): 83, (126, 178): 83, (128, 70): 83, (128, 157): 83, (137, 70): 249, (137, 157): 249, (138, 108): 249, (138, 119): 249, (139, 72): 83, (139, 155): 83, (140, 69): 249, (140, 158): 249, (141, 58): 249, (141, 169): 249, (143, 13): 83, (143, 214): 83, (146, 65): 249, (146, 162): 249, (148, 58): 249, (148, 169): 249, (150, 36): 83, (150, 191): 83, (151, 93): 249, (151, 134): 249, (152, 79): 249, (152, 148): 249, (153, 52): 83, (153, 175): 83, (154, 108): 83, (154, 119): 83, (155, 62): 249, (155, 165): 249, (156, 19): 249, (156, 208): 249, (158, 55): 249, (158, 172): 249, (159, 51): 249, (159, 176): 249, (160, 78): 83, (160, 149): 83, (161, 108): 249, (161, 119): 249, (164, 58): 83, (164, 169): 83, (167, 83): 249, (167, 144): 249, (168, 59): 83, (168, 168): 83, (169, 42): 249, (169, 185): 249, (170, 90): 249, (170, 137): 249, (172, 3): 249, (172, 224): 249, (173, 24): 249, (173, 203): 249, (175, 110): 249, (175, 117): 249, (178, 111): 249, (178, 116): 249, (182, 9): 249, (182, 218): 249, (183, 60): 249, (183, 167): 249, (184, 71): 83, (184, 156): 83, (185, 18): 249, (185, 209): 249, (187, 19): 249, (187, 208): 249, (188, 70): 249, (188, 157): 249, (190, 24): 249, (190, 203): 249, (192, 65): 83, (192, 162): 83, (193, 20): 83, (193, 207): 83, (196, 26): 249, (196, 201): 249, (200, 53): 83, (200, 174): 83, (201, 43): 249, (201, 184): 249, (204, 79): 249, (204, 148): 249, (205, 36): 249, (205, 191): 249, (207, 97): 249, (207, 130): 249, (209, 5): 83, (209, 222): 83, (211, 81): 249, (211, 146): 249, (213, 3): 83, (213, 224): 83, (214, 100): 83, (214, 127): 83, (215, 47): 249, (215, 180): 249, (216, 93): 249, (216, 134): 249, (217, 66): 249, (217, 161): 249, (221, 113): 83, (221, 114): 83, (222, 55): 249, (222, 172): 249, (223, 111): 249, (223, 116): 249, (224, 22): 3, (224, 205): 3}
 
229, 258, True, 6, 43
{'infinity': 1, (1, 23): 43, (1, 206): 43, (5, 21): 258, (5, 208): 258, (6, 22): 129, (6, 207): 129, (8, 71): 129, (8, 158): 129, (9, 112): 43, (9, 117): 43, (10, 62): 258, (10, 167): 258, (11, 106): 129, (11, 123): 129, (12, 39): 258, (12, 190): 258, (14, 69): 258, (14, 160): 258, (15, 18): 258, (15, 211): 258, (18, 111): 6, (18, 118): 6, (19, 68): 258, (19, 161): 258, (20, 97): 43, (20, 132): 43, (21, 24): 43, (21, 205): 43, (23, 43): 129, (23, 186): 129, (26, 75): 43, (26, 154): 43, (27, 13): 258, (27, 216): 258, (28, 12): 258, (28, 217): 258, (29, 17): 43, (29, 212): 43, (35, 16): 258, (35, 213): 258, (37, 31): 129, (37, 198): 129, (38, 58): 86, (38, 171): 86, (39, 57): 258, (39, 172): 258, (43, 20): 258, (43, 209): 258, (44, 36): 129, (44, 193): 129, (45, 54): 86, (45, 175): 86, (46, 107): 258, (46, 122): 258, (47, 32): 129, (47, 197): 129, (48, 57): 258, (48, 172): 258, (51, 3): 129, (51, 226): 129, (52, 37): 43, (52, 192): 43, (54, 107): 258, (54, 122): 258, (59, 95): 258, (59, 134): 258, (60, 87): 3, (60, 142): 3, (63, 78): 86, (63, 151): 86, (64, 58): 129, (64, 171): 129, (66, 2): 258, (66, 227): 258, (68, 86): 258, (68, 143): 258, (69, 5): 86, (69, 224): 86, (70, 13): 129, (70, 216): 129, (71, 55): 86, (71, 174): 86, (72, 85): 43, (72, 144): 43, (73, 62): 129, (73, 167): 129, (75, 34): 43, (75, 195): 43, (78, 23): 86, (78, 206): 86, (80, 42): 129, (80, 187): 129, (82, 24): 86, (82, 205): 86, (83, 105): 86, (83, 124): 86, (85, 37): 43, (85, 192): 43, (87, 33): 129, (87, 196): 129, (88, 75): 258, (88, 154): 258, (91, 37): 43, (91, 192): 43, (92, 59): 86, (92, 170): 86, (93, 45): 129, (93, 184): 129, (94, 30): 129, (94, 199): 129, (96, 101): 258, (96, 128): 258, (101, 7): 86, (101, 222): 86, (102, 52): 43, (102, 177): 43, (103, 83): 258, (103, 146): 258, (104, 106): 129, (104, 123): 129, (111, 26): 43, (111, 203): 43, (113, 106): 43, (113, 123): 43, (114, 75): 258, (114, 154): 258, (122, 89): 129, (122, 140): 129, (125, 24): 86, (125, 205): 86, (126, 58): 258, (126, 171): 258, (128, 107): 129, (128, 122): 129, (130, 114): 129, (130, 115): 129, (131, 13): 258, (131, 216): 258, (133, 48): 258, (133, 181): 258, (134, 65): 258, (134, 164): 258, (135, 51): 129, (135, 178): 129, (136, 84): 129, (136, 145): 129, (137, 110): 258, (137, 119): 258, (141, 57): 43, (141, 172): 43, (144, 46): 129, (144, 183): 129, (145, 62): 86, (145, 167): 86, (147, 103): 258, (147, 126): 258, (149, 23): 86, (149, 206): 86, (150, 6): 43, (150, 223): 43, (152, 56): 129, (152, 173): 129, (153, 10): 258, (153, 219): 258, (154, 31): 129, (154, 198): 129, (155, 0): 2, (157, 45): 258, (157, 184): 258, (158, 108): 129, (158, 121): 129, (160, 89): 129, (160, 140): 129, (162, 34): 86, (162, 195): 86, (163, 105): 258, (163, 124): 258, (165, 59): 258, (165, 170): 258, (166, 7): 129, (166, 222): 129, (167, 94): 129, (167, 135): 129, (168, 41): 258, (168, 188): 258, (170, 5): 43, (170, 224): 43, (172, 25): 43, (172, 204): 43, (173, 99): 86, (173, 130): 86, (174, 95): 129, (174, 134): 129, (175, 89): 129, (175, 140): 129, (176, 82): 258, (176, 147): 258, (177, 33): 258, (177, 196): 258, (180, 50): 129, (180, 179): 129, (181, 87): 129, (181, 142): 129, (182, 98): 129, (182, 131): 129, (183, 67): 86, (183, 162): 86, (184, 4): 258, (184, 225): 258, (190, 7): 258, (190, 222): 258, (191, 3): 129, (191, 226): 129, (193, 33): 258, (193, 196): 258, (195, 54): 258, (195, 175): 258, (196, 64): 258, (196, 165): 258, (197, 27): 129, (197, 202): 129, (198, 81): 129, (198, 148): 129, (200, 59): 129, (200, 170): 129, (202, 20): 258, (202, 209): 258, (205, 77): 86, (205, 152): 86, (207, 45): 86, (207, 184): 86, (208, 44): 129, (208, 185): 129, (211, 105): 129, (211, 124): 129, (212, 20): 43, (212, 209): 43, (213, 74): 129, (213, 155): 129, (214, 100): 258, (214, 129): 258, (215, 3): 43, (215, 226): 43, (216, 87): 43, (216, 142): 43, (217, 54): 129, (217, 175): 129, (218, 5): 86, (218, 224): 86, (220, 34): 86, (220, 195): 86, (224, 95): 258, (224, 134): 258, (226, 79): 129, (226, 150): 129, (228, 88): 86, (228, 141): 86}
 
233, 237, True, 3, 79
{'infinity': 1, (5, 56): 237, (5, 177): 237, (7, 108): 79, (7, 125): 79, (11, 95): 79, (11, 138): 79, (12, 105): 237, (12, 128): 237, (13, 98): 79, (13, 135): 79, (15, 22): 237, (15, 211): 237, (17, 54): 237, (17, 179): 237, (18, 18): 79, (18, 215): 79, (22, 73): 237, (22, 160): 237, (23, 28): 237, (23, 205): 237, (24, 56): 237, (24, 177): 237, (26, 96): 79, (26, 137): 79, (27, 52): 79, (27, 181): 79, (29, 68): 79, (29, 165): 79, (31, 5): 79, (31, 228): 79, (32, 43): 79, (32, 190): 79, (35, 11): 237, (35, 222): 237, (37, 46): 237, (37, 187): 237, (45, 68): 237, (45, 165): 237, (46, 33): 79, (46, 200): 79, (47, 66): 237, (47, 167): 237, (48, 43): 79, (48, 190): 79, (49, 104): 237, (49, 129): 237, (57, 38): 79, (57, 195): 79, (59, 18): 237, (59, 215): 237, (60, 67): 237, (60, 166): 237, (61, 66): 79, (61, 167): 79, (63, 105): 237, (63, 128): 237, (64, 36): 237, (64, 197): 237, (68, 28): 79, (68, 205): 79, (75, 35): 237, (75, 198): 237, (76, 46): 237, (76, 187): 237, (77, 73): 237, (77, 160): 237, (78, 102): 237, (78, 131): 237, (79, 60): 237, (79, 173): 237, (86, 25): 237, (86, 208): 237, (90, 50): 237, (90, 183): 237, (91, 86): 79, (91, 147): 79, (92, 5): 237, (92, 228): 237, (94, 89): 79, (94, 144): 79, (95, 42): 237, (95, 191): 237, (97, 78): 237, (97, 155): 237, (98, 27): 237, (98, 206): 237, (100, 79): 237, (100, 154): 237, (102, 114): 79, (102, 119): 79, (104, 44): 237, (104, 189): 237, (109, 5): 237, (109, 228): 237, (110, 7): 237, (110, 226): 237, (111, 6): 79, (111, 227): 79, (112, 15): 237, (112, 218): 237, (115, 82): 237, (115, 151): 237, (116, 32): 3, (116, 201): 3, (118, 47): 237, (118, 186): 237, (119, 46): 79, (119, 187): 79, (121, 39): 237, (121, 194): 237, (123, 24): 237, (123, 209): 237, (124, 66): 237, (124, 167): 237, (125, 93): 237, (125, 140): 237, (128, 30): 237, (128, 203): 237, (131, 9): 237, (131, 224): 237, (133, 73): 237, (133, 160): 237, (134, 23): 237, (134, 210): 237, (135, 27): 237, (135, 206): 237, (136, 24): 79, (136, 209): 79, (137, 92): 237, (137, 141): 237, (138, 20): 237, (138, 213): 237, (140, 7): 237, (140, 226): 237, (141, 28): 237, (141, 205): 237, (142, 81): 79, (142, 152): 79, (143, 12): 79, (143, 221): 79, (145, 71): 79, (145, 162): 79, (149, 79): 237, (149, 154): 237, (152, 43): 79, (152, 190): 79, (154, 59): 237, (154, 174): 237, (155, 18): 237, (155, 215): 237, (156, 14): 237, (156, 219): 237, (157, 105): 79, (157, 128): 79, (158, 68): 237, (158, 165): 237, (159, 60): 237, (159, 173): 237, (160, 81): 79, (160, 152): 79, (161, 89): 79, (161, 144): 79, (163, 81): 79, (163, 152): 79, (167, 51): 237, (167, 182): 237, (170, 42): 237, (170, 191): 237, (171, 78): 79, (171, 155): 79, (172, 99): 237, (172, 134): 237, (174, 44): 79, (174, 189): 79, (175, 102): 237, (175, 131): 237, (178, 37): 237, (178, 196): 237, (179, 69): 237, (179, 164): 237, (180, 29): 237, (180, 204): 237, (181, 10): 79, (181, 223): 79, (182, 100): 237, (182, 133): 237, (184, 85): 79, (184, 148): 79, (187, 44): 237, (187, 189): 237, (195, 94): 237, (195, 139): 237, (197, 78): 237, (197, 155): 237, (200, 42): 237, (200, 191): 237, (201, 33): 237, (201, 200): 237, (202, 34): 79, (202, 199): 79, (203, 56): 237, (203, 177): 237, (206, 24): 237, (206, 209): 237, (207, 4): 237, (207, 229): 237, (208, 1): 79, (208, 232): 79, (209, 49): 237, (209, 184): 237, (210, 89): 79, (210, 144): 79, (212, 102): 79, (212, 131): 79, (215, 7): 79, (215, 226): 79, (216, 79): 237, (216, 154): 237, (217, 110): 237, (217, 123): 237, (218, 33): 237, (218, 200): 237, (219, 3): 79, (219, 230): 79, (222, 31): 237, (222, 202): 237, (223, 88): 237, (223, 145): 237, (224, 16): 79, (224, 217): 79, (227, 60): 237, (227, 173): 237, (229, 64): 237, (229, 169): 237, (232, 27): 237, (232, 206): 237}
 
239, 240, True, 24, 10
{'infinity': 1, (0, 92): 80, (0, 147): 80, (1, 118): 240, (1, 121): 240, (2, 64): 240, (2, 175): 240, (3, 58): 240, (3, 181): 240, (5, 66): 120, (5, 173): 120, (7, 74): 80, (7, 165): 80, (8, 29): 120, (8, 210): 120, (9, 115): 120, (9, 124): 120, (11, 40): 240, (11, 199): 240, (16, 106): 15, (16, 133): 15, (19, 84): 48, (19, 155): 48, (20, 73): 48, (20, 166): 48, (22, 88): 240, (22, 151): 240, (23, 67): 8, (23, 172): 8, (27, 92): 240, (27, 147): 240, (30, 104): 40, (30, 135): 40, (31, 22): 80, (31, 217): 80, (37, 38): 40, (37, 201): 40, (38, 21): 120, (38, 218): 120, (40, 39): 80, (40, 200): 80, (41, 105): 240, (41, 134): 240, (44, 53): 40, (44, 186): 40, (45, 14): 240, (45, 225): 240, (46, 22): 80, (46, 217): 80, (50, 37): 240, (50, 202): 240, (51, 0): 2, (52, 96): 40, (52, 143): 40, (54, 91): 40, (54, 148): 40, (55, 66): 5, (55, 173): 5, (59, 65): 60, (59, 174): 60, (60, 81): 30, (60, 158): 30, (62, 61): 60, (62, 178): 60, (64, 86): 80, (64, 153): 80, (66, 67): 120, (66, 172): 120, (68, 28): 60, (68, 211): 60, (70, 48): 80, (70, 191): 80, (71, 78): 120, (71, 161): 120, (72, 60): 240, (72, 179): 240, (73, 112): 15, (73, 127): 15, (77, 34): 240, (77, 205): 240, (79, 96): 240, (79, 143): 240, (81, 119): 3, (81, 120): 3, (85, 115): 5, (85, 124): 5, (86, 91): 240, (86, 148): 240, (87, 105): 20, (87, 134): 20, (88, 108): 48, (88, 131): 48, (89, 40): 48, (89, 199): 48, (90, 26): 80, (90, 213): 80, (91, 85): 20, (91, 154): 20, (95, 2): 15, (95, 237): 15, (96, 82): 24, (96, 157): 24, (97, 87): 240, (97, 152): 240, (98, 91): 240, (98, 148): 240, (100, 3): 120, (100, 236): 120, (102, 70): 60, (102, 169): 60, (103, 58): 80, (103, 181): 80, (104, 47): 240, (104, 192): 240, (106, 50): 60, (106, 189): 60, (107, 96): 240, (107, 143): 240, (108, 18): 16, (108, 221): 16, (110, 105): 240, (110, 134): 240, (113, 110): 120, (113, 129): 120, (119, 56): 120, (119, 183): 120, (120, 17): 240, (120, 222): 240, (122, 45): 6, (122, 194): 6, (124, 31): 80, (124, 208): 80, (130, 42): 48, (130, 197): 48, (132, 58): 30, (132, 181): 30, (136, 102): 60, (136, 137): 60, (137, 103): 240, (137, 136): 240, (138, 40): 60, (138, 199): 60, (139, 45): 12, (139, 194): 12, (144, 115): 24, (144, 124): 24, (146, 8): 240, (146, 231): 240, (149, 67): 60, (149, 172): 60, (150, 10): 20, (150, 229): 20, (151, 26): 24, (151, 213): 24, (152, 3): 120, (152, 236): 120, (153, 16): 120, (153, 223): 120, (155, 109): 16, (155, 130): 16, (156, 97): 240, (156, 142): 240, (161, 22): 40, (161, 217): 40, (162, 63): 80, (162, 176): 80, (164, 31): 20, (164, 208): 20, (165, 107): 240, (165, 132): 240, (168, 33): 16, (168, 206): 16, (171, 47): 120, (171, 192): 120, (172, 13): 40, (172, 226): 40, (174, 48): 240, (174, 191): 240, (177, 113): 240, (177, 126): 240, (178, 66): 24, (178, 173): 24, (179, 70): 40, (179, 169): 40, (180, 28): 80, (180, 211): 80, (188, 57): 240, (188, 182): 240, (189, 31): 16, (189, 208): 16, (190, 54): 240, (190, 185): 240, (192, 69): 80, (192, 170): 80, (193, 19): 120, (193, 220): 120, (195, 117): 30, (195, 122): 30, (196, 70): 120, (196, 169): 120, (197, 55): 240, (197, 184): 240, (198, 30): 10, (198, 209): 10, (199, 46): 48, (199, 193): 48, (200, 86): 240, (200, 153): 240, (201, 4): 120, (201, 235): 120, (202, 47): 48, (202, 192): 48, (205, 68): 80, (205, 171): 80, (208, 21): 15, (208, 218): 15, (209, 5): 80, (209, 234): 80, (211, 92): 12, (211, 147): 12, (213, 86): 30, (213, 153): 30, (216, 45): 4, (216, 194): 4, (222, 100): 240, (222, 139): 240, (224, 101): 240, (224, 138): 240, (225, 3): 10, (225, 236): 10, (226, 27): 80, (226, 212): 80, (229, 28): 48, (229, 211): 48, (231, 21): 8, (231, 218): 8, (233, 48): 120, (233, 191): 120, (236, 26): 240, (236, 213): 240}
 
241, 267, True, 3, 89
{'infinity': 1, (1, 61): 267, (1, 180): 267, (2, 9): 89, (2, 232): 89, (4, 101): 89, (4, 140): 89, (6, 120): 89, (6, 121): 89, (7, 68): 267, (7, 173): 267, (8, 26): 267, (8, 215): 267, (10, 86): 267, (10, 155): 267, (11, 1): 267, (11, 240): 267, (12, 77): 267, (12, 164): 267, (13, 107): 267, (13, 134): 267, (15, 9): 89, (15, 232): 89, (16, 39): 267, (16, 202): 267, (18, 107): 267, (18, 134): 267, (19, 118): 89, (19, 123): 89, (23, 71): 89, (23, 170): 89, (25, 50): 267, (25, 191): 267, (28, 98): 267, (28, 143): 267, (30, 31): 267, (30, 210): 267, (35, 57): 267, (35, 184): 267, (36, 42): 267, (36, 199): 267, (37, 16): 267, (37, 225): 267, (38, 30): 89, (38, 211): 89, (39, 91): 267, (39, 150): 267, (40, 76): 89, (40, 165): 89, (44, 37): 267, (44, 204): 267, (45, 80): 267, (45, 161): 267, (46, 48): 267, (46, 193): 267, (49, 25): 267, (49, 216): 267, (50, 91): 267, (50, 150): 267, (52, 37): 89, (52, 204): 89, (55, 100): 267, (55, 141): 267, (60, 4): 267, (60, 237): 267, (61, 31): 89, (61, 210): 89, (64, 56): 3, (64, 185): 3, (66, 64): 267, (66, 177): 267, (68, 83): 89, (68, 158): 89, (70, 85): 267, (70, 156): 267, (72, 36): 89, (72, 205): 89, (73, 8): 267, (73, 233): 267, (74, 85): 89, (74, 156): 89, (76, 113): 267, (76, 128): 267, (79, 26): 89, (79, 215): 89, (80, 64): 89, (80, 177): 89, (81, 68): 267, (81, 173): 267, (82, 45): 267, (82, 196): 267, (83, 99): 267, (83, 142): 267, (84, 22): 89, (84, 219): 89, (85, 95): 89, (85, 146): 89, (86, 56): 267, (86, 185): 267, (89, 13): 89, (89, 228): 89, (90, 56): 89, (90, 185): 89, (92, 87): 267, (92, 154): 267, (94, 64): 267, (94, 177): 267, (95, 117): 267, (95, 124): 267, (96, 85): 267, (96, 156): 267, (97, 80): 267, (97, 161): 267, (98, 80): 89, (98, 161): 89, (99, 1): 267, (99, 240): 267, (100, 114): 89, (100, 127): 89, (101, 18): 267, (101, 223): 267, (103, 118): 267, (103, 123): 267, (105, 19): 267, (105, 222): 267, (106, 46): 267, (106, 195): 267, (108, 39): 267, (108, 202): 267, (109, 90): 267, (109, 151): 267, (111, 108): 267, (111, 133): 267, (112, 60): 267, (112, 181): 267, (116, 39): 89, (116, 202): 89, (117, 35): 89, (117, 206): 89, (118, 118): 267, (118, 123): 267, (119, 10): 89, (119, 231): 89, (120, 27): 267, (120, 214): 267, (124, 43): 89, (124, 198): 89, (125, 72): 267, (125, 169): 267, (126, 63): 89, (126, 178): 89, (130, 1): 267, (130, 240): 267, (131, 60): 267, (131, 181): 267, (133, 40): 89, (133, 201): 89, (136, 6): 267, (136, 235): 267, (137, 66): 267, (137, 175): 267, (139, 110): 267, (139, 131): 267, (143, 109): 267, (143, 132): 267, (144, 37): 267, (144, 204): 267, (145, 53): 267, (145, 188): 267, (146, 32): 267, (146, 209): 267, (148, 24): 89, (148, 217): 89, (149, 31): 267, (149, 210): 267, (151, 91): 267, (151, 150): 267, (152, 68): 89, (152, 173): 89, (153, 26): 267, (153, 215): 267, (154, 96): 267, (154, 145): 267, (155, 33): 267, (155, 208): 267, (156, 94): 267, (156, 147): 267, (157, 13): 89, (157, 228): 89, (158, 53): 89, (158, 188): 89, (159, 55): 89, (159, 186): 89, (160, 10): 267, (160, 231): 267, (164, 44): 267, (164, 197): 267, (165, 5): 267, (165, 236): 267, (168, 73): 89, (168, 168): 89, (169, 34): 267, (169, 207): 267, (172, 78): 267, (172, 163): 267, (176, 27): 267, (176, 214): 267, (177, 88): 267, (177, 153): 267, (178, 53): 267, (178, 188): 267, (181, 49): 89, (181, 192): 89, (184, 82): 89, (184, 159): 89, (185, 27): 89, (185, 214): 89, (193, 52): 267, (193, 189): 267, (196, 45): 267, (196, 196): 267, (202, 10): 267, (202, 231): 267, (203, 45): 267, (203, 196): 267, (207, 81): 267, (207, 160): 267, (209, 107): 89, (209, 134): 89, (214, 98): 89, (214, 143): 89, (216, 76): 267, (216, 165): 267, (218, 67): 267, (218, 174): 267, (219, 12): 267, (219, 229): 267, (222, 50): 267, (222, 191): 267, (223, 9): 89, (223, 232): 89, (225, 76): 267, (225, 165): 267, (227, 3): 89, (227, 238): 89, (228, 112): 89, (228, 129): 89, (229, 105): 267, (229, 136): 267, (232, 23): 89, (232, 218): 89, (233, 104): 267, (233, 137): 267, (234, 50): 267, (234, 191): 267, (235, 13): 89, (235, 228): 89, (236, 93): 267, (236, 148): 267, (237, 58): 89, (237, 183): 89, (238, 60): 267, (238, 181): 267, (239, 98): 267, (239, 143): 267, (240, 74): 267, (240, 167): 267}
 
251, 264, True, 3, 88
{'infinity': 1, (0, 29): 264, (0, 222): 264, (1, 122): 264, (1, 129): 264, (3, 62): 33, (3, 189): 33, (4, 46): 264, (4, 205): 264, (7, 56): 132, (7, 195): 132, (12, 104): 88, (12, 147): 88, (13, 0): 2, (17, 39): 4, (17, 212): 4, (18, 47): 66, (18, 204): 66, (20, 77): 132, (20, 174): 132, (23, 89): 264, (23, 162): 264, (27, 39): 88, (27, 212): 88, (28, 124): 132, (28, 127): 132, (30, 44): 66, (30, 207): 66, (31, 2): 88, (31, 249): 88, (32, 45): 264, (32, 206): 264, (35, 95): 44, (35, 156): 44, (37, 10): 24, (37, 241): 24, (38, 83): 66, (38, 168): 66, (39, 75): 264, (39, 176): 264, (40, 62): 44, (40, 189): 44, (44, 63): 12, (44, 188): 12, (45, 114): 88, (45, 137): 88, (46, 61): 264, (46, 190): 264, (48, 103): 11, (48, 148): 11, (50, 121): 88, (50, 130): 88, (51, 87): 44, (51, 164): 44, (52, 110): 22, (52, 141): 22, (54, 111): 12, (54, 140): 12, (56, 36): 88, (56, 215): 88, (62, 118): 22, (62, 133): 22, (65, 68): 132, (65, 183): 132, (66, 36): 264, (66, 215): 264, (67, 25): 264, (67, 226): 264, (73, 111): 33, (73, 140): 33, (78, 12): 22, (78, 239): 22, (81, 57): 132, (81, 194): 132, (82, 105): 132, (82, 146): 132, (83, 113): 264, (83, 138): 264, (84, 63): 88, (84, 188): 88, (86, 106): 66, (86, 145): 66, (87, 61): 132, (87, 190): 132, (89, 73): 264, (89, 178): 264, (91, 48): 88, (91, 203): 88, (94, 3): 132, (94, 248): 132, (95, 86): 264, (95, 165): 264, (103, 95): 264, (103, 156): 264, (104, 21): 33, (104, 230): 33, (105, 55): 44, (105, 196): 44, (106, 79): 22, (106, 172): 22, (108, 81): 264, (108, 170): 264, (110, 52): 264, (110, 199): 264, (112, 95): 264, (112, 156): 264, (113, 4): 44, (113, 247): 44, (114, 35): 132, (114, 216): 132, (115, 46): 264, (115, 205): 264, (117, 61): 8, (117, 190): 8, (118, 96): 132, (118, 155): 132, (119, 19): 66, (119, 232): 66, (120, 76): 264, (120, 175): 264, (122, 63): 264, (122, 188): 264, (123, 111): 132, (123, 140): 132, (126, 41): 132, (126, 210): 132, (128, 36): 66, (128, 215): 66, (129, 97): 8, (129, 154): 8, (131, 46): 33, (131, 205): 33, (132, 5): 6, (132, 246): 6, (137, 40): 33, (137, 211): 33, (139, 41): 88, (139, 210): 88, (140, 60): 264, (140, 191): 264, (141, 60): 24, (141, 191): 24, (142, 92): 264, (142, 159): 264, (145, 43): 264, (145, 208): 264, (146, 80): 88, (146, 171): 88, (149, 112): 88, (149, 139): 88, (154, 97): 264, (154, 154): 264, (155, 50): 11, (155, 201): 11, (158, 21): 264, (158, 230): 264, (161, 54): 264, (161, 197): 264, (162, 30): 66, (162, 221): 66, (165, 59): 3, (165, 192): 3, (167, 84): 11, (167, 167): 11, (168, 92): 66, (168, 159): 66, (169, 66): 44, (169, 185): 44, (170, 3): 24, (170, 248): 24, (171, 82): 264, (171, 169): 264, (173, 34): 88, (173, 217): 88, (174, 96): 44, (174, 155): 44, (176, 86): 88, (176, 165): 88, (177, 17): 33, (177, 234): 33, (179, 98): 264, (179, 153): 264, (181, 70): 24, (181, 181): 24, (182, 101): 132, (182, 150): 132, (186, 57): 132, (186, 194): 132, (191, 92): 264, (191, 159): 264, (193, 35): 132, (193, 216): 132, (194, 35): 11, (194, 216): 11, (196, 100): 264, (196, 151): 264, (198, 12): 264, (198, 239): 264, (200, 90): 264, (200, 161): 264, (201, 18): 264, (201, 233): 264, (202, 28): 132, (202, 223): 132, (204, 9): 264, (204, 242): 264, (206, 39): 88, (206, 212): 88, (207, 62): 132, (207, 189): 132, (209, 96): 66, (209, 155): 66, (212, 75): 264, (212, 176): 264, (215, 85): 264, (215, 166): 264, (217, 10): 33, (217, 241): 33, (218, 97): 132, (218, 154): 132, (220, 60): 132, (220, 191): 132, (222, 103): 33, (222, 148): 33, (223, 115): 88, (223, 136): 88, (224, 102): 44, (224, 149): 44, (225, 12): 264, (225, 239): 264, (226, 71): 264, (226, 180): 264, (227, 1): 11, (227, 250): 11, (230, 86): 66, (230, 165): 66, (231, 103): 33, (231, 148): 33, (233, 11): 88, (233, 240): 88, (234, 57): 33, (234, 194): 33, (236, 41): 264, (236, 210): 264, (237, 3): 88, (237, 248): 88, (238, 99): 44, (238, 152): 44, (239, 21): 88, (239, 230): 88, (241, 51): 88, (241, 200): 88, (245, 91): 132, (245, 160): 132, (246, 125): 44, (246, 126): 44, (247, 10): 264, (247, 241): 264, (248, 93): 88, (248, 158): 88, (249, 37): 264, (249, 214): 264, (250, 75): 22, (250, 176): 22}
 
257, 243, True, 3, 81
{'infinity': 1, (2, 112): 243, (2, 145): 243, (4, 28): 81, (4, 229): 81, (7, 109): 243, (7, 148): 243, (8, 92): 81, (8, 165): 81, (10, 66): 243, (10, 191): 243, (11, 74): 243, (11, 183): 243, (12, 53): 243, (12, 204): 243, (14, 4): 243, (14, 253): 243, (15, 38): 243, (15, 219): 243, (16, 44): 243, (16, 213): 243, (17, 124): 243, (17, 133): 243, (18, 81): 243, (18, 176): 243, (19, 13): 243, (19, 244): 243, (20, 33): 243, (20, 224): 243, (23, 39): 243, (23, 218): 243, (26, 30): 27, (26, 227): 27, (29, 38): 243, (29, 219): 243, (30, 16): 243, (30, 241): 243, (31, 110): 9, (31, 147): 9, (32, 105): 81, (32, 152): 81, (33, 11): 81, (33, 246): 81, (34, 89): 243, (34, 168): 243, (36, 66): 243, (36, 191): 243, (37, 126): 243, (37, 131): 243, (38, 11): 243, (38, 246): 243, (39, 4): 27, (39, 253): 27, (42, 65): 81, (42, 192): 81, (44, 18): 243, (44, 239): 243, (46, 91): 243, (46, 166): 243, (53, 108): 243, (53, 149): 243, (54, 56): 243, (54, 201): 243, (57, 116): 243, (57, 141): 243, (58, 10): 243, (58, 247): 243, (60, 12): 243, (60, 245): 243, (63, 65): 243, (63, 192): 243, (64, 68): 81, (64, 189): 81, (68, 84): 81, (68, 173): 81, (69, 128): 243, (69, 129): 243, (71, 91): 243, (71, 166): 243, (72, 63): 243, (72, 194): 243, (76, 87): 81, (76, 170): 81, (81, 46): 243, (81, 211): 243, (83, 76): 27, (83, 181): 27, (84, 30): 243, (84, 227): 243, (85, 34): 243, (85, 223): 243, (88, 44): 243, (88, 213): 243, (90, 124): 243, (90, 133): 243, (92, 12): 243, (92, 245): 243, (94, 122): 243, (94, 135): 243, (95, 22): 243, (95, 235): 243, (97, 52): 243, (97, 205): 243, (98, 33): 81, (98, 224): 81, (99, 8): 81, (99, 249): 81, (103, 106): 81, (103, 151): 81, (104, 12): 243, (104, 245): 243, (105, 27): 243, (105, 230): 243, (109, 35): 243, (109, 222): 243, (112, 92): 243, (112, 165): 243, (116, 9): 27, (116, 248): 27, (117, 57): 243, (117, 200): 243, (124, 64): 27, (124, 193): 27, (126, 93): 81, (126, 164): 81, (131, 67): 81, (131, 190): 81, (135, 114): 243, (135, 143): 243, (136, 92): 243, (136, 165): 243, (137, 102): 243, (137, 155): 243, (138, 33): 243, (138, 224): 243, (139, 91): 81, (139, 166): 81, (140, 115): 81, (140, 142): 81, (144, 19): 243, (144, 238): 243, (146, 30): 243, (146, 227): 243, (147, 82): 243, (147, 175): 243, (148, 117): 243, (148, 140): 243, (149, 124): 243, (149, 133): 243, (150, 45): 243, (150, 212): 243, (151, 65): 243, (151, 192): 243, (152, 44): 81, (152, 213): 81, (158, 47): 81, (158, 210): 81, (160, 29): 243, (160, 228): 243, (165, 45): 243, (165, 212): 243, (166, 75): 243, (166, 182): 243, (167, 86): 81, (167, 171): 81, (170, 32): 81, (170, 225): 81, (171, 57): 81, (171, 200): 81, (177, 19): 243, (177, 238): 243, (179, 42): 243, (179, 215): 243, (181, 77): 243, (181, 180): 243, (185, 11): 243, (185, 246): 243, (189, 119): 243, (189, 138): 243, (190, 128): 81, (190, 129): 81, (192, 19): 243, (192, 238): 243, (193, 84): 81, (193, 173): 81, (195, 51): 9, (195, 206): 9, (198, 45): 27, (198, 212): 27, (200, 34): 243, (200, 223): 243, (203, 4): 243, (203, 253): 243, (207, 21): 243, (207, 236): 243, (209, 68): 243, (209, 189): 243, (210, 66): 243, (210, 191): 243, (212, 38): 27, (212, 219): 27, (214, 95): 81, (214, 162): 81, (215, 96): 243, (215, 161): 243, (216, 26): 243, (216, 231): 243, (217, 87): 27, (217, 170): 27, (218, 54): 81, (218, 203): 81, (220, 87): 81, (220, 170): 81, (222, 88): 243, (222, 169): 243, (225, 57): 243, (225, 200): 243, (226, 121): 9, (226, 136): 9, (228, 34): 243, (228, 223): 243, (233, 90): 243, (233, 167): 243, (234, 55): 243, (234, 202): 243, (240, 68): 243, (240, 189): 243, (241, 120): 243, (241, 137): 243, (243, 3): 81, (243, 254): 81, (245, 14): 3, (245, 243): 3, (248, 98): 81, (248, 159): 81, (249, 99): 243, (249, 158): 243, (252, 84): 27, (252, 173): 27, (254, 128): 243, (254, 129): 243, (256, 125): 243, (256, 132): 243}
 
263, 258, True, 3, 86
{'infinity': 1, (1, 8): 86, (1, 255): 86, (2, 95): 129, (2, 168): 129, (4, 13): 86, (4, 250): 86, (5, 118): 86, (5, 145): 86, (6, 126): 86, (6, 137): 86, (11, 17): 129, (11, 246): 129, (12, 79): 129, (12, 184): 129, (13, 13): 86, (13, 250): 86, (16, 128): 258, (16, 135): 258, (17, 66): 258, (17, 197): 258, (22, 52): 258, (22, 211): 258, (23, 73): 86, (23, 190): 86, (24, 97): 258, (24, 166): 258, (25, 119): 129, (25, 144): 129, (26, 38): 43, (26, 225): 43, (29, 104): 258, (29, 159): 258, (31, 24): 86, (31, 239): 86, (32, 39): 258, (32, 224): 258, (34, 37): 86, (34, 226): 86, (36, 48): 258, (36, 215): 258, (38, 70): 258, (38, 193): 258, (40, 0): 2, (42, 117): 43, (42, 146): 43, (43, 23): 43, (43, 240): 43, (44, 76): 43, (44, 187): 43, (45, 56): 86, (45, 207): 86, (46, 105): 129, (46, 158): 129, (47, 16): 86, (47, 247): 86, (52, 32): 43, (52, 231): 43, (55, 24): 258, (55, 239): 258, (56, 39): 43, (56, 224): 43, (58, 111): 43, (58, 152): 43, (59, 126): 258, (59, 137): 258, (60, 59): 86, (60, 204): 86, (62, 49): 129, (62, 214): 129, (63, 29): 43, (63, 234): 43, (64, 72): 129, (64, 191): 129, (66, 116): 129, (66, 147): 129, (67, 61): 129, (67, 202): 129, (68, 121): 258, (68, 142): 258, (70, 125): 258, (70, 138): 258, (71, 21): 43, (71, 242): 43, (72, 26): 129, (72, 237): 129, (75, 8): 129, (75, 255): 129, (79, 9): 129, (79, 254): 129, (80, 96): 258, (80, 167): 258, (82, 43): 258, (82, 220): 258, (84, 107): 3, (84, 156): 3, (85, 35): 258, (85, 228): 258, (86, 79): 43, (86, 184): 43, (87, 27): 258, (87, 236): 258, (89, 15): 129, (89, 248): 129, (90, 118): 129, (90, 145): 129, (91, 63): 43, (91, 200): 43, (94, 49): 129, (94, 214): 129, (96, 77): 258, (96, 186): 258, (99, 37): 86, (99, 226): 86, (100, 36): 258, (100, 227): 258, (102, 73): 129, (102, 190): 129, (103, 105): 86, (103, 158): 86, (106, 49): 129, (106, 214): 129, (107, 57): 258, (107, 206): 258, (113, 105): 258, (113, 158): 258, (119, 82): 258, (119, 181): 258, (122, 80): 258, (122, 183): 258, (128, 22): 129, (128, 241): 129, (129, 37): 43, (129, 226): 43, (130, 20): 258, (130, 243): 258, (132, 5): 129, (132, 258): 129, (133, 47): 129, (133, 216): 129, (134, 14): 258, (134, 249): 258, (136, 31): 43, (136, 232): 43, (137, 73): 258, (137, 190): 258, (138, 1): 129, (138, 262): 129, (143, 50): 129, (143, 213): 129, (144, 123): 129, (144, 140): 129, (146, 124): 86, (146, 139): 86, (151, 78): 43, (151, 185): 43, (152, 78): 86, (152, 185): 86, (154, 68): 258, (154, 195): 258, (161, 130): 129, (161, 133): 129, (163, 20): 258, (163, 243): 258, (164, 79): 129, (164, 184): 129, (165, 60): 258, (165, 203): 258, (167, 118): 258, (167, 145): 258, (168, 115): 43, (168, 148): 43, (171, 88): 86, (171, 175): 86, (172, 115): 129, (172, 148): 129, (174, 39): 258, (174, 224): 258, (175, 91): 258, (175, 172): 258, (176, 24): 129, (176, 239): 129, (178, 60): 129, (178, 203): 129, (180, 11): 129, (180, 252): 129, (181, 50): 6, (181, 213): 6, (182, 60): 258, (182, 203): 258, (183, 43): 129, (183, 220): 129, (185, 115): 129, (185, 148): 129, (186, 8): 258, (186, 255): 258, (192, 4): 258, (192, 259): 258, (196, 41): 129, (196, 222): 129, (197, 126): 129, (197, 137): 129, (198, 22): 86, (198, 241): 86, (199, 22): 258, (199, 241): 258, (200, 75): 258, (200, 188): 258, (201, 50): 258, (201, 213): 258, (203, 77): 86, (203, 186): 86, (205, 6): 258, (205, 257): 258, (213, 72): 129, (213, 191): 129, (217, 64): 258, (217, 199): 258, (219, 116): 129, (219, 147): 129, (222, 78): 86, (222, 185): 86, (223, 26): 129, (223, 237): 129, (224, 69): 129, (224, 194): 129, (225, 120): 258, (225, 143): 258, (226, 77): 129, (226, 186): 129, (230, 26): 129, (230, 237): 129, (232, 20): 43, (232, 243): 43, (239, 110): 86, (239, 153): 86, (240, 116): 129, (240, 147): 129, (242, 81): 258, (242, 182): 258, (244, 119): 129, (244, 144): 129, (245, 13): 43, (245, 250): 43, (248, 72): 129, (248, 191): 129, (249, 3): 86, (249, 260): 86, (250, 46): 43, (250, 217): 43, (256, 119): 43, (256, 144): 43, (260, 43): 258, (260, 220): 258, (261, 89): 43, (261, 174): 43, (262, 71): 43, (262, 192): 43}
 
269, 258, True, 6, 43
{'infinity': 1, (2, 22): 258, (2, 247): 258, (3, 23): 258, (3, 246): 258, (4, 104): 129, (4, 165): 129, (6, 1): 129, (6, 268): 129, (9, 114): 86, (9, 155): 86, (10, 113): 129, (10, 156): 129, (12, 86): 43, (12, 183): 43, (15, 93): 86, (15, 176): 86, (18, 117): 129, (18, 152): 129, (19, 101): 43, (19, 168): 43, (22, 69): 43, (22, 200): 43, (24, 1): 6, (24, 268): 6, (25, 127): 258, (25, 142): 258, (29, 39): 258, (29, 230): 258, (30, 56): 258, (30, 213): 258, (33, 36): 258, (33, 233): 258, (35, 72): 258, (35, 197): 258, (36, 51): 258, (36, 218): 258, (41, 96): 43, (41, 173): 43, (47, 103): 258, (47, 166): 258, (48, 3): 129, (48, 266): 129, (49, 65): 258, (49, 204): 258, (54, 116): 258, (54, 153): 258, (55, 112): 258, (55, 157): 258, (60, 21): 258, (60, 248): 258, (62, 65): 258, (62, 204): 258, (65, 62): 86, (65, 207): 86, (66, 98): 258, (66, 171): 258, (69, 128): 258, (69, 141): 258, (70, 10): 129, (70, 259): 129, (74, 24): 258, (74, 245): 258, (77, 22): 258, (77, 247): 258, (78, 103): 86, (78, 166): 86, (79, 130): 129, (79, 139): 129, (80, 110): 129, (80, 159): 129, (83, 62): 43, (83, 207): 43, (85, 125): 129, (85, 144): 129, (87, 86): 258, (87, 183): 258, (88, 83): 129, (88, 186): 129, (90, 132): 129, (90, 137): 129, (91, 46): 86, (91, 223): 86, (92, 82): 129, (92, 187): 129, (95, 61): 86, (95, 208): 86, (97, 105): 86, (97, 164): 86, (98, 32): 86, (98, 237): 86, (100, 52): 129, (100, 217): 129, (102, 41): 258, (102, 228): 258, (103, 96): 129, (103, 173): 129, (106, 47): 258, (106, 222): 258, (111, 44): 86, (111, 225): 86, (112, 63): 43, (112, 206): 43, (113, 36): 129, (113, 233): 129, (115, 95): 86, (115, 174): 86, (117, 31): 43, (117, 238): 43, (120, 62): 86, (120, 207): 86, (121, 79): 129, (121, 190): 129, (122, 36): 258, (122, 233): 258, (123, 115): 43, (123, 154): 43, (124, 96): 129, (124, 173): 129, (126, 131): 129, (126, 138): 129, (129, 88): 86, (129, 181): 86, (130, 85): 258, (130, 184): 258, (131, 15): 129, (131, 254): 129, (134, 99): 258, (134, 170): 258, (136, 90): 129, (136, 179): 129, (137, 0): 2, (138, 16): 43, (138, 253): 43, (140, 6): 86, (140, 263): 86, (142, 15): 129, (142, 254): 129, (143, 103): 129, (143, 166): 129, (144, 8): 258, (144, 261): 258, (147, 77): 258, (147, 192): 258, (153, 97): 129, (153, 172): 129, (157, 65): 129, (157, 204): 129, (160, 116): 129, (160, 153): 129, (164, 40): 258, (164, 229): 258, (167, 9): 129, (167, 260): 129, (169, 86): 258, (169, 183): 258, (170, 55): 258, (170, 214): 258, (171, 131): 129, (171, 138): 129, (172, 109): 258, (172, 160): 258, (173, 60): 129, (173, 209): 129, (174, 92): 129, (174, 177): 129, (175, 99): 129, (175, 170): 129, (181, 115): 129, (181, 154): 129, (182, 97): 129, (182, 172): 129, (183, 85): 258, (183, 184): 258, (185, 75): 86, (185, 194): 86, (186, 29): 3, (186, 240): 3, (188, 33): 43, (188, 236): 43, (189, 22): 43, (189, 247): 43, (190, 132): 129, (190, 137): 129, (194, 30): 129, (194, 239): 129, (195, 106): 129, (195, 163): 129, (196, 95): 86, (196, 174): 86, (197, 27): 258, (197, 242): 258, (198, 72): 129, (198, 197): 129, (200, 67): 258, (200, 202): 258, (202, 97): 129, (202, 172): 129, (208, 43): 258, (208, 226): 258, (209, 25): 86, (209, 244): 86, (210, 53): 43, (210, 216): 43, (218, 124): 129, (218, 145): 129, (220, 19): 258, (220, 250): 258, (221, 50): 129, (221, 219): 129, (222, 7): 258, (222, 262): 258, (224, 85): 43, (224, 184): 43, (226, 95): 43, (226, 174): 43, (228, 99): 258, (228, 170): 258, (229, 58): 43, (229, 211): 43, (231, 2): 258, (231, 267): 258, (233, 115): 129, (233, 154): 129, (234, 3): 129, (234, 266): 129, (237, 5): 43, (237, 264): 43, (238, 1): 86, (238, 268): 86, (239, 84): 86, (239, 185): 86, (240, 131): 43, (240, 138): 43, (249, 91): 86, (249, 178): 86, (250, 127): 258, (250, 142): 258, (253, 17): 86, (253, 252): 86, (255, 3): 43, (255, 266): 43, (257, 132): 43, (257, 137): 43, (258, 123): 129, (258, 146): 129, (259, 76): 258, (259, 193): 258, (260, 20): 86, (260, 249): 86, (262, 127): 43, (262, 142): 43, (264, 15): 43, (264, 254): 43, (266, 34): 258, (266, 235): 258, (267, 121): 258, (267, 148): 258}
 
271, 273, True, 3, 91
{'infinity': 1, (1, 123): 7, (1, 148): 7, (2, 114): 273, (2, 157): 273, (3, 120): 273, (3, 151): 273, (4, 102): 273, (4, 169): 273, (6, 81): 21, (6, 190): 21, (8, 65): 91, (8, 206): 91, (9, 31): 273, (9, 240): 273, (13, 125): 273, (13, 146): 273, (18, 29): 91, (18, 242): 91, (20, 69): 273, (20, 202): 273, (21, 111): 273, (21, 160): 273, (26, 20): 91, (26, 251): 91, (28, 74): 91, (28, 197): 91, (29, 48): 91, (29, 223): 91, (30, 11): 273, (30, 260): 273, (31, 68): 91, (31, 203): 91, (34, 55): 273, (34, 216): 273, (37, 29): 91, (37, 242): 91, (38, 108): 39, (38, 163): 39, (39, 123): 13, (39, 148): 13, (41, 3): 13, (41, 268): 13, (43, 100): 39, (43, 171): 39, (45, 94): 13, (45, 177): 13, (46, 23): 273, (46, 248): 273, (47, 131): 273, (47, 140): 273, (49, 8): 273, (49, 263): 273, (51, 127): 91, (51, 144): 91, (54, 127): 273, (54, 144): 273, (55, 28): 7, (55, 243): 7, (56, 26): 91, (56, 245): 91, (58, 106): 273, (58, 165): 273, (61, 116): 39, (61, 155): 39, (64, 17): 273, (64, 254): 273, (65, 27): 273, (65, 244): 273, (66, 54): 273, (66, 217): 273, (67, 9): 273, (67, 262): 273, (68, 38): 273, (68, 233): 273, (71, 126): 273, (71, 145): 273, (73, 39): 91, (73, 232): 91, (74, 37): 3, (74, 234): 3, (75, 120): 273, (75, 151): 273, (76, 90): 91, (76, 181): 91, (77, 19): 273, (77, 252): 273, (81, 11): 273, (81, 260): 273, (83, 97): 273, (83, 174): 273, (84, 39): 273, (84, 232): 273, (87, 126): 91, (87, 145): 91, (90, 114): 273, (90, 157): 273, (93, 38): 273, (93, 233): 273, (94, 90): 13, (94, 181): 13, (96, 9): 7, (96, 262): 7, (99, 111): 273, (99, 160): 273, (100, 90): 91, (100, 181): 91, (106, 49): 39, (106, 222): 39, (107, 9): 273, (107, 262): 273, (108, 64): 273, (108, 207): 273, (109, 38): 273, (109, 233): 273, (111, 108): 273, (111, 163): 273, (112, 126): 273, (112, 145): 273, (113, 39): 273, (113, 232): 273, (114, 47): 91, (114, 224): 91, (116, 59): 91, (116, 212): 91, (118, 109): 273, (118, 162): 273, (119, 134): 273, (119, 137): 273, (121, 108): 273, (121, 163): 273, (122, 78): 273, (122, 193): 273, (123, 69): 91, (123, 202): 91, (125, 33): 273, (125, 238): 273, (127, 69): 273, (127, 202): 273, (130, 5): 273, (130, 266): 273, (132, 99): 91, (132, 172): 91, (135, 25): 273, (135, 246): 273, (136, 110): 91, (136, 161): 91, (138, 58): 273, (138, 213): 273, (139, 77): 91, (139, 194): 91, (143, 46): 39, (143, 225): 39, (145, 50): 273, (145, 221): 273, (147, 117): 39, (147, 154): 39, (150, 111): 91, (150, 160): 91, (155, 93): 273, (155, 178): 273, (159, 11): 91, (159, 260): 91, (162, 46): 91, (162, 225): 91, (163, 83): 91, (163, 188): 91, (164, 110): 273, (164, 161): 273, (165, 127): 273, (165, 144): 273, (167, 119): 39, (167, 152): 39, (169, 82): 21, (169, 189): 21, (170, 41): 273, (170, 230): 273, (171, 53): 273, (171, 218): 273, (172, 30): 273, (172, 241): 273, (173, 5): 273, (173, 266): 273, (176, 35): 273, (176, 236): 273, (178, 114): 273, (178, 157): 273, (180, 62): 91, (180, 209): 91, (184, 61): 273, (184, 210): 273, (185, 2): 21, (185, 269): 21, (187, 93): 273, (187, 178): 273, (188, 88): 273, (188, 183): 273, (189, 129): 273, (189, 142): 273, (191, 73): 39, (191, 198): 39, (192, 120): 91, (192, 151): 91, (194, 77): 273, (194, 194): 273, (196, 15): 39, (196, 256): 39, (199, 93): 273, (199, 178): 273, (200, 66): 91, (200, 205): 91, (202, 97): 273, (202, 174): 273, (203, 135): 21, (203, 136): 21, (204, 60): 39, (204, 211): 39, (205, 109): 39, (205, 162): 39, (206, 16): 273, (206, 255): 273, (207, 80): 273, (207, 191): 273, (208, 77): 273, (208, 194): 273, (212, 133): 21, (212, 138): 21, (215, 29): 91, (215, 242): 91, (217, 128): 273, (217, 143): 273, (218, 109): 91, (218, 162): 91, (219, 4): 91, (219, 267): 91, (220, 6): 273, (220, 265): 273, (225, 113): 273, (225, 158): 273, (230, 123): 91, (230, 148): 91, (231, 32): 91, (231, 239): 91, (235, 121): 91, (235, 150): 91, (236, 46): 21, (236, 225): 21, (237, 43): 91, (237, 228): 91, (238, 5): 39, (238, 266): 39, (241, 110): 273, (241, 161): 273, (243, 3): 91, (243, 268): 91, (244, 132): 273, (244, 139): 273, (247, 21): 13, (247, 250): 13, (248, 85): 273, (248, 186): 273, (255, 70): 273, (255, 201): 273, (256, 97): 91, (256, 174): 91, (257, 3): 91, (257, 268): 91, (260, 107): 273, (260, 164): 273, (265, 42): 273, (265, 229): 273, (267, 7): 13, (267, 264): 13}
 
277, 300, False, 12, 25
{'infinity': 1, (0, 100): 75, (0, 177): 75, (1, 90): 150, (1, 187): 150, (3, 27): 75, (3, 250): 75, (4, 16): 6, (4, 261): 6, (5, 45): 150, (5, 232): 150, (6, 15): 150, (6, 262): 150, (8, 30): 50, (8, 247): 50, (9, 127): 10, (9, 150): 10, (10, 125): 150, (10, 152): 150, (11, 15): 150, (11, 262): 150, (15, 100): 150, (15, 177): 150, (18, 57): 30, (18, 220): 30, (20, 113): 50, (20, 164): 50, (21, 33): 25, (21, 244): 25, (22, 127): 150, (22, 150): 150, (24, 9): 150, (24, 268): 150, (25, 80): 75, (25, 197): 75, (28, 55): 10, (28, 222): 10, (29, 4): 150, (29, 273): 150, (30, 28): 150, (30, 249): 150, (32, 42): 150, (32, 235): 150, (33, 7): 25, (33, 270): 25, (34, 14): 150, (34, 263): 150, (40, 118): 50, (40, 159): 50, (44, 39): 150, (44, 238): 150, (48, 24): 15, (48, 253): 15, (50, 41): 150, (50, 236): 150, (51, 69): 150, (51, 208): 150, (52, 117): 5, (52, 160): 5, (54, 19): 75, (54, 258): 75, (55, 0): 2, (56, 91): 50, (56, 186): 50, (57, 130): 150, (57, 147): 150, (58, 42): 75, (58, 235): 75, (59, 44): 75, (59, 233): 75, (60, 91): 10, (60, 186): 10, (61, 108): 150, (61, 169): 150, (67, 17): 25, (67, 260): 25, (68, 130): 150, (68, 147): 150, (70, 125): 150, (70, 152): 150, (72, 94): 150, (72, 183): 150, (75, 26): 30, (75, 251): 30, (76, 121): 3, (76, 156): 3, (77, 16): 150, (77, 261): 150, (78, 49): 75, (78, 228): 75, (79, 108): 150, (79, 169): 150, (80, 118): 150, (80, 159): 150, (82, 101): 150, (82, 176): 150, (83, 96): 30, (83, 181): 30, (84, 12): 75, (84, 265): 75, (85, 89): 75, (85, 188): 75, (86, 12): 6, (86, 265): 6, (87, 126): 50, (87, 151): 50, (88, 0): 2, (93, 106): 150, (93, 171): 150, (96, 69): 150, (96, 208): 150, (98, 49): 150, (98, 228): 150, (99, 21): 150, (99, 256): 150, (100, 49): 150, (100, 228): 150, (101, 114): 150, (101, 163): 150, (102, 10): 50, (102, 267): 50, (104, 55): 75, (104, 222): 75, (105, 24): 50, (105, 253): 50, (106, 12): 150, (106, 265): 150, (108, 107): 30, (108, 170): 30, (109, 22): 50, (109, 255): 50, (110, 79): 25, (110, 198): 25, (113, 75): 150, (113, 202): 150, (115, 57): 50, (115, 220): 50, (116, 7): 50, (116, 270): 50, (117, 58): 15, (117, 219): 15, (119, 66): 150, (119, 211): 150, (120, 99): 150, (120, 178): 150, (123, 24): 150, (123, 253): 150, (124, 9): 25, (124, 268): 25, (125, 71): 50, (125, 206): 50, (127, 7): 50, (127, 270): 50, (128, 9): 30, (128, 268): 30, (129, 69): 15, (129, 208): 15, (131, 77): 50, (131, 200): 50, (132, 74): 30, (132, 203): 30, (133, 0): 2, (135, 128): 150, (135, 149): 150, (136, 108): 25, (136, 169): 25, (138, 23): 6, (138, 254): 6, (139, 135): 150, (139, 142): 150, (140, 32): 75, (140, 245): 75, (141, 46): 50, (141, 231): 50, (143, 57): 75, (143, 220): 75, (144, 55): 150, (144, 222): 150, (145, 73): 75, (145, 204): 75, (149, 67): 50, (149, 210): 50, (150, 111): 150, (150, 166): 150, (151, 130): 150, (151, 147): 150, (155, 6): 25, (155, 271): 25, (156, 118): 30, (156, 159): 30, (159, 85): 50, (159, 192): 50, (160, 91): 50, (160, 186): 50, (163, 25): 25, (163, 252): 25, (164, 5): 150, (164, 272): 150, (167, 29): 75, (167, 248): 75, (168, 73): 30, (168, 204): 30, (172, 66): 75, (172, 211): 75, (179, 62): 50, (179, 215): 50, (181, 92): 50, (181, 185): 50, (182, 40): 10, (182, 237): 10, (186, 42): 50, (186, 235): 50, (188, 135): 25, (188, 142): 25, (191, 85): 150, (191, 192): 150, (192, 136): 150, (192, 141): 150, (194, 98): 50, (194, 179): 50, (195, 16): 50, (195, 261): 50, (196, 125): 75, (196, 152): 75, (197, 58): 150, (197, 219): 150, (203, 85): 150, (203, 192): 150, (205, 122): 150, (205, 155): 150, (207, 34): 150, (207, 243): 150, (209, 116): 75, (209, 161): 75, (214, 48): 150, (214, 229): 150, (215, 75): 50, (215, 202): 50, (217, 103): 50, (217, 174): 50, (219, 119): 5, (219, 158): 5, (222, 17): 50, (222, 260): 50, (223, 131): 150, (223, 146): 150, (224, 86): 15, (224, 191): 15, (225, 75): 30, (225, 202): 30, (226, 135): 150, (226, 142): 150, (229, 137): 30, (229, 140): 30, (230, 120): 150, (230, 157): 150, (233, 70): 150, (233, 207): 150, (234, 1): 150, (234, 276): 150, (239, 58): 150, (239, 219): 150, (240, 73): 50, (240, 204): 50, (245, 127): 75, (245, 150): 75, (247, 83): 30, (247, 194): 30, (249, 37): 75, (249, 240): 75, (250, 41): 50, (250, 236): 50, (251, 123): 150, (251, 154): 150, (252, 13): 150, (252, 264): 150, (253, 41): 75, (253, 236): 75, (254, 2): 150, (254, 275): 150, (255, 31): 50, (255, 246): 50, (258, 80): 150, (258, 197): 150, (259, 15): 50, (259, 262): 50, (261, 100): 150, (261, 177): 150, (262, 66): 30, (262, 211): 30, (263, 3): 25, (263, 274): 25, (264, 17): 10, (264, 260): 10, (268, 102): 50, (268, 175): 50, (270, 80): 10, (270, 197): 10, (276, 97): 150, (276, 180): 150}
 
281, 297, True, 9, 33
{'infinity': 1, (1, 108): 9, (1, 173): 9, (3, 133): 297, (3, 148): 297, (6, 48): 297, (6, 233): 297, (7, 135): 297, (7, 146): 297, (10, 135): 99, (10, 146): 99, (15, 76): 297, (15, 205): 297, (17, 64): 297, (17, 217): 297, (20, 70): 297, (20, 211): 297, (23, 45): 27, (23, 236): 27, (24, 11): 297, (24, 270): 297, (25, 7): 297, (25, 274): 297, (27, 128): 297, (27, 153): 297, (29, 138): 297, (29, 143): 297, (31, 107): 99, (31, 174): 99, (32, 22): 297, (32, 259): 297, (34, 138): 33, (34, 143): 33, (35, 116): 11, (35, 165): 11, (36, 103): 3, (36, 178): 3, (37, 127): 297, (37, 154): 297, (38, 123): 297, (38, 158): 297, (39, 77): 297, (39, 204): 297, (40, 48): 297, (40, 233): 297, (41, 56): 297, (41, 225): 297, (42, 1): 99, (42, 280): 99, (43, 140): 27, (43, 141): 27, (44, 20): 297, (44, 261): 297, (47, 45): 297, (47, 236): 297, (48, 137): 11, (48, 144): 11, (49, 39): 297, (49, 242): 297, (55, 53): 297, (55, 228): 297, (56, 70): 99, (56, 211): 99, (58, 133): 99, (58, 148): 99, (59, 115): 297, (59, 166): 297, (60, 94): 99, (60, 187): 99, (61, 34): 99, (61, 247): 99, (64, 115): 297, (64, 166): 297, (65, 77): 297, (65, 204): 297, (66, 46): 297, (66, 235): 297, (67, 54): 297, (67, 227): 297, (69, 26): 27, (69, 255): 27, (71, 10): 99, (71, 271): 99, (72, 125): 99, (72, 156): 99, (73, 127): 99, (73, 154): 99, (74, 139): 297, (74, 142): 297, (77, 94): 297, (77, 187): 297, (78, 109): 99, (78, 172): 99, (79, 28): 297, (79, 253): 297, (80, 29): 99, (80, 252): 99, (81, 16): 297, (81, 265): 297, (88, 56): 99, (88, 225): 99, (89, 21): 297, (89, 260): 297, (90, 116): 99, (90, 165): 99, (97, 128): 33, (97, 153): 33, (98, 78): 99, (98, 203): 99, (102, 61): 297, (102, 220): 297, (104, 57): 297, (104, 224): 297, (106, 137): 99, (106, 144): 99, (109, 22): 27, (109, 259): 27, (113, 107): 297, (113, 174): 297, (114, 120): 297, (114, 161): 297, (115, 89): 297, (115, 192): 297, (116, 27): 99, (116, 254): 99, (117, 97): 297, (117, 184): 297, (118, 99): 27, (118, 182): 27, (119, 15): 33, (119, 266): 33, (122, 71): 297, (122, 210): 297, (124, 4): 297, (124, 277): 297, (125, 100): 297, (125, 181): 297, (126, 137): 99, (126, 144): 99, (127, 14): 297, (127, 267): 297, (128, 86): 297, (128, 195): 297, (131, 117): 297, (131, 164): 297, (133, 73): 33, (133, 208): 33, (134, 81): 297, (134, 200): 297, (135, 13): 297, (135, 268): 297, (136, 107): 297, (136, 174): 297, (137, 96): 297, (137, 185): 297, (139, 22): 99, (139, 259): 99, (143, 94): 297, (143, 187): 297, (146, 96): 297, (146, 185): 297, (150, 84): 297, (150, 197): 297, (151, 56): 297, (151, 225): 297, (152, 113): 297, (152, 168): 297, (153, 67): 297, (153, 214): 297, (155, 116): 99, (155, 165): 99, (156, 128): 297, (156, 153): 297, (157, 115): 9, (157, 166): 9, (159, 62): 99, (159, 219): 99, (160, 43): 297, (160, 238): 297, (165, 47): 33, (165, 234): 33, (166, 52): 297, (166, 229): 297, (167, 87): 297, (167, 194): 297, (168, 136): 297, (168, 145): 297, (169, 101): 99, (169, 180): 99, (170, 127): 297, (170, 154): 297, (173, 27): 99, (173, 254): 99, (175, 47): 297, (175, 234): 297, (176, 77): 297, (176, 204): 297, (177, 121): 297, (177, 160): 297, (179, 104): 33, (179, 177): 33, (183, 59): 297, (183, 222): 297, (186, 5): 27, (186, 276): 27, (190, 104): 11, (190, 177): 11, (191, 72): 99, (191, 209): 99, (192, 104): 33, (192, 177): 33, (193, 112): 297, (193, 169): 297, (196, 69): 297, (196, 212): 297, (199, 67): 297, (199, 214): 297, (200, 91): 11, (200, 190): 11, (201, 61): 27, (201, 220): 27, (204, 70): 297, (204, 211): 297, (206, 2): 27, (206, 279): 27, (207, 134): 297, (207, 147): 297, (209, 67): 297, (209, 214): 297, (210, 45): 99, (210, 236): 99, (211, 82): 297, (211, 199): 297, (214, 51): 297, (214, 230): 297, (217, 138): 297, (217, 143): 297, (218, 46): 297, (218, 235): 297, (219, 133): 27, (219, 148): 27, (221, 47): 297, (221, 234): 297, (222, 119): 297, (222, 162): 297, (232, 35): 297, (232, 246): 297, (233, 9): 297, (233, 272): 297, (234, 48): 297, (234, 233): 297, (235, 34): 297, (235, 247): 297, (239, 105): 297, (239, 176): 297, (240, 74): 297, (240, 207): 297, (241, 37): 99, (241, 244): 99, (243, 92): 297, (243, 189): 297, (244, 17): 99, (244, 264): 99, (245, 18): 11, (245, 263): 11, (246, 83): 99, (246, 198): 99, (247, 38): 9, (247, 243): 9, (249, 114): 297, (249, 167): 297, (250, 93): 99, (250, 188): 99, (252, 50): 297, (252, 231): 297, (255, 65): 297, (255, 216): 297, (258, 61): 297, (258, 220): 297, (262, 7): 33, (262, 274): 33, (263, 135): 297, (263, 146): 297, (265, 34): 297, (265, 247): 297, (267, 3): 33, (267, 278): 33, (272, 27): 99, (272, 254): 99, (274, 7): 297, (274, 274): 297, (277, 46): 297, (277, 235): 297, (278, 96): 33, (278, 185): 33, (279, 132): 297, (279, 149): 297}
 
283, 303, True, 3, 101
{'infinity': 1, (0, 123): 303, (0, 160): 303, (1, 131): 101, (1, 152): 101, (2, 33): 101, (2, 250): 101, (6, 26): 303, (6, 257): 303, (7, 4): 101, (7, 279): 101, (14, 139): 303, (14, 144): 303, (18, 35): 101, (18, 248): 101, (19, 91): 303, (19, 192): 303, (23, 54): 101, (23, 229): 101, (24, 78): 303, (24, 205): 303, (25, 25): 303, (25, 258): 303, (26, 107): 101, (26, 176): 101, (27, 91): 303, (27, 192): 303, (29, 99): 303, (29, 184): 303, (34, 70): 101, (34, 213): 101, (35, 74): 101, (35, 209): 101, (36, 86): 101, (36, 197): 101, (37, 55): 303, (37, 228): 303, (38, 24): 303, (38, 259): 303, (41, 24): 303, (41, 259): 303, (42, 82): 101, (42, 201): 101, (44, 114): 101, (44, 169): 101, (49, 61): 303, (49, 222): 303, (51, 125): 303, (51, 158): 303, (55, 132): 101, (55, 151): 101, (57, 118): 303, (57, 165): 303, (58, 73): 101, (58, 210): 101, (61, 94): 101, (61, 189): 101, (62, 53): 303, (62, 230): 303, (63, 77): 101, (63, 206): 101, (64, 72): 303, (64, 211): 303, (67, 55): 303, (67, 228): 303, (68, 131): 303, (68, 152): 303, (69, 119): 101, (69, 164): 101, (70, 92): 101, (70, 191): 101, (72, 48): 101, (72, 235): 101, (73, 116): 101, (73, 167): 101, (74, 12): 303, (74, 271): 303, (75, 101): 101, (75, 182): 101, (76, 30): 303, (76, 253): 303, (77, 84): 303, (77, 199): 303, (78, 112): 3, (78, 171): 3, (83, 90): 101, (83, 193): 101, (85, 82): 303, (85, 201): 303, (86, 3): 303, (86, 280): 303, (87, 86): 303, (87, 197): 303, (88, 5): 303, (88, 278): 303, (91, 139): 101, (91, 144): 101, (93, 39): 303, (93, 244): 303, (94, 120): 303, (94, 163): 303, (95, 66): 303, (95, 217): 303, (96, 114): 303, (96, 169): 303, (101, 99): 101, (101, 184): 101, (102, 121): 303, (102, 162): 303, (105, 18): 303, (105, 265): 303, (106, 79): 101, (106, 204): 101, (107, 108): 101, (107, 175): 101, (108, 40): 303, (108, 243): 303, (109, 26): 303, (109, 257): 303, (111, 50): 303, (111, 233): 303, (113, 60): 303, (113, 223): 303, (114, 140): 303, (114, 143): 303, (115, 104): 303, (115, 179): 303, (117, 78): 303, (117, 205): 303, (120, 6): 303, (120, 277): 303, (123, 130): 303, (123, 153): 303, (124, 134): 101, (124, 149): 101, (126, 44): 303, (126, 239): 303, (130, 98): 303, (130, 185): 303, (131, 96): 303, (131, 187): 303, (137, 52): 101, (137, 231): 101, (138, 113): 303, (138, 170): 303, (139, 32): 101, (139, 251): 101, (141, 78): 303, (141, 205): 303, (142, 114): 303, (142, 169): 303, (143, 88): 303, (143, 195): 303, (147, 115): 101, (147, 168): 101, (148, 36): 101, (148, 247): 101, (150, 115): 303, (150, 168): 303, (152, 99): 303, (152, 184): 303, (155, 82): 303, (155, 201): 303, (157, 19): 303, (157, 264): 303, (159, 86): 303, (159, 197): 303, (160, 113): 303, (160, 170): 303, (161, 133): 303, (161, 150): 303, (163, 21): 303, (163, 262): 303, (167, 26): 303, (167, 257): 303, (169, 133): 101, (169, 150): 101, (171, 109): 303, (171, 174): 303, (173, 89): 101, (173, 194): 101, (176, 80): 303, (176, 203): 303, (177, 139): 303, (177, 144): 303, (178, 55): 101, (178, 228): 101, (179, 58): 101, (179, 225): 101, (180, 58): 303, (180, 225): 303, (181, 22): 101, (181, 261): 101, (184, 124): 303, (184, 159): 303, (187, 6): 303, (187, 277): 303, (189, 57): 303, (189, 226): 303, (191, 95): 303, (191, 188): 303, (194, 109): 303, (194, 174): 303, (195, 21): 303, (195, 262): 303, (196, 19): 303, (196, 264): 303, (197, 45): 303, (197, 238): 303, (198, 104): 101, (198, 179): 101, (199, 103): 101, (199, 180): 101, (200, 109): 303, (200, 174): 303, (202, 121): 303, (202, 162): 303, (203, 24): 101, (203, 259): 101, (206, 58): 303, (206, 225): 303, (207, 21): 303, (207, 262): 303, (210, 3): 303, (210, 280): 303, (211, 20): 303, (211, 263): 303, (212, 19): 101, (212, 264): 101, (213, 131): 303, (213, 152): 303, (215, 105): 303, (215, 178): 303, (217, 111): 101, (217, 172): 101, (219, 116): 303, (219, 167): 303, (222, 127): 303, (222, 156): 303, (224, 69): 303, (224, 214): 303, (225, 67): 303, (225, 216): 303, (227, 138): 101, (227, 145): 101, (229, 1): 101, (229, 282): 101, (230, 48): 303, (230, 235): 303, (232, 5): 303, (232, 278): 303, (233, 41): 101, (233, 242): 101, (235, 133): 303, (235, 150): 303, (236, 91): 303, (236, 192): 303, (242, 102): 101, (242, 181): 101, (243, 119): 303, (243, 164): 303, (244, 64): 303, (244, 219): 303, (245, 5): 303, (245, 278): 303, (246, 16): 101, (246, 267): 101, (248, 8): 303, (248, 275): 303, (252, 104): 303, (252, 179): 303, (253, 119): 303, (253, 164): 303, (255, 71): 303, (255, 212): 303, (258, 6): 101, (258, 277): 101, (260, 10): 303, (260, 273): 303, (261, 121): 101, (261, 162): 101, (263, 48): 303, (263, 235): 303, (264, 25): 303, (264, 258): 303, (267, 113): 303, (267, 170): 303, (268, 115): 303, (268, 168): 303, (269, 3): 101, (269, 280): 101, (273, 116): 303, (273, 167): 303, (276, 25): 101, (276, 258): 101, (279, 13): 101, (279, 270): 101, (280, 75): 303, (280, 208): 303, (281, 126): 303, (281, 157): 303, (282, 9): 303, (282, 274): 303}
 
293, 321, True, 3, 107
{'infinity': 1, (3, 141): 321, (3, 152): 321, (5, 76): 321, (5, 217): 321, (6, 110): 321, (6, 183): 321, (8, 16): 321, (8, 277): 321, (10, 25): 107, (10, 268): 107, (11, 131): 107, (11, 162): 107, (14, 114): 321, (14, 179): 321, (15, 80): 321, (15, 213): 321, (16, 90): 321, (16, 203): 321, (17, 68): 321, (17, 225): 321, (21, 84): 321, (21, 209): 321, (22, 75): 107, (22, 218): 107, (23, 144): 321, (23, 149): 321, (25, 133): 321, (25, 160): 321, (27, 127): 321, (27, 166): 321, (30, 43): 321, (30, 250): 321, (31, 31): 107, (31, 262): 107, (34, 62): 321, (34, 231): 321, (35, 98): 321, (35, 195): 321, (37, 60): 321, (37, 233): 321, (39, 141): 321, (39, 152): 321, (42, 129): 107, (42, 164): 107, (43, 101): 321, (43, 192): 321, (44, 70): 321, (44, 223): 321, (45, 47): 321, (45, 246): 321, (46, 134): 321, (46, 159): 321, (50, 54): 321, (50, 239): 321, (51, 90): 321, (51, 203): 321, (53, 71): 107, (53, 222): 107, (54, 97): 107, (54, 196): 107, (55, 25): 321, (55, 268): 321, (56, 60): 107, (56, 233): 107, (58, 107): 321, (58, 186): 321, (59, 146): 107, (59, 147): 107, (61, 15): 3, (61, 278): 3, (63, 108): 321, (63, 185): 321, (64, 78): 321, (64, 215): 321, (68, 24): 107, (68, 269): 107, (69, 76): 107, (69, 217): 107, (70, 59): 321, (70, 234): 321, (71, 27): 321, (71, 266): 321, (73, 18): 321, (73, 275): 321, (74, 94): 321, (74, 199): 321, (80, 120): 107, (80, 173): 107, (81, 134): 321, (81, 159): 321, (82, 5): 321, (82, 288): 321, (84, 15): 107, (84, 278): 107, (85, 74): 321, (85, 219): 321, (87, 129): 321, (87, 164): 321, (88, 42): 321, (88, 251): 321, (89, 4): 107, (89, 289): 107, (90, 128): 107, (90, 165): 107, (93, 74): 321, (93, 219): 321, (94, 107): 321, (94, 186): 321, (95, 81): 321, (95, 212): 321, (100, 37): 321, (100, 256): 321, (102, 36): 321, (102, 257): 321, (106, 77): 107, (106, 216): 107, (107, 119): 321, (107, 174): 321, (109, 115): 321, (109, 178): 321, (110, 92): 107, (110, 201): 107, (112, 73): 321, (112, 220): 321, (113, 98): 321, (113, 195): 321, (114, 74): 321, (114, 219): 321, (115, 139): 321, (115, 154): 321, (118, 54): 107, (118, 239): 107, (121, 144): 321, (121, 149): 321, (122, 17): 321, (122, 276): 321, (124, 54): 321, (124, 239): 321, (127, 127): 321, (127, 166): 321, (129, 68): 321, (129, 225): 321, (132, 110): 321, (132, 183): 321, (133, 49): 321, (133, 244): 321, (135, 135): 321, (135, 158): 321, (138, 127): 107, (138, 166): 107, (139, 123): 107, (139, 170): 107, (140, 107): 321, (140, 186): 321, (143, 117): 321, (143, 176): 321, (144, 98): 321, (144, 195): 321, (145, 143): 107, (145, 150): 107, (146, 68): 107, (146, 225): 107, (147, 15): 321, (147, 278): 321, (148, 144): 321, (148, 149): 321, (149, 112): 321, (149, 181): 321, (150, 45): 107, (150, 248): 107, (151, 57): 321, (151, 236): 321, (152, 20): 321, (152, 273): 321, (154, 110): 321, (154, 183): 321, (156, 29): 321, (156, 264): 321, (157, 82): 107, (157, 211): 107, (158, 69): 107, (158, 224): 107, (159, 143): 107, (159, 150): 107, (163, 129): 321, (163, 164): 321, (165, 134): 321, (165, 159): 321, (169, 111): 107, (169, 182): 107, (171, 85): 321, (171, 208): 321, (173, 79): 321, (173, 214): 321, (177, 10): 107, (177, 283): 107, (180, 88): 321, (180, 205): 321, (186, 66): 107, (186, 227): 107, (187, 102): 321, (187, 191): 321, (188, 17): 321, (188, 276): 321, (189, 67): 107, (189, 226): 107, (190, 50): 321, (190, 243): 321, (192, 14): 107, (192, 279): 107, (193, 123): 107, (193, 170): 107, (199, 60): 321, (199, 233): 321, (201, 44): 107, (201, 249): 107, (202, 139): 321, (202, 154): 321, (203, 65): 321, (203, 228): 321, (205, 92): 321, (205, 201): 321, (206, 128): 321, (206, 165): 321, (208, 28): 107, (208, 265): 107, (212, 109): 321, (212, 184): 321, (213, 53): 107, (213, 240): 107, (217, 105): 107, (217, 188): 107, (218, 76): 321, (218, 217): 321, (221, 51): 321, (221, 242): 321, (222, 121): 107, (222, 172): 107, (224, 87): 321, (224, 206): 321, (225, 90): 321, (225, 203): 321, (226, 30): 321, (226, 263): 321, (227, 25): 321, (227, 268): 321, (229, 86): 107, (229, 207): 107, (230, 119): 321, (230, 174): 321, (231, 115): 321, (231, 178): 321, (232, 130): 321, (232, 163): 321, (233, 64): 107, (233, 229): 107, (234, 137): 321, (234, 156): 321, (237, 7): 107, (237, 286): 107, (242, 94): 107, (242, 199): 107, (244, 120): 321, (244, 173): 321, (245, 115): 321, (245, 178): 321, (247, 103): 107, (247, 190): 107, (248, 119): 107, (248, 174): 107, (249, 47): 321, (249, 246): 321, (250, 141): 107, (250, 152): 107, (252, 59): 321, (252, 234): 321, (253, 123): 107, (253, 170): 107, (254, 13): 321, (254, 280): 321, (256, 18): 321, (256, 275): 321, (259, 142): 321, (259, 151): 321, (261, 120): 321, (261, 173): 321, (262, 125): 321, (262, 168): 321, (263, 59): 107, (263, 234): 107, (265, 126): 321, (265, 167): 321, (267, 46): 107, (267, 247): 107, (268, 139): 321, (268, 154): 321, (269, 94): 321, (269, 199): 321, (270, 92): 321, (270, 201): 321, (274, 133): 321, (274, 160): 321, (275, 17): 107, (275, 276): 107, (279, 3): 107, (279, 290): 107, (281, 143): 107, (281, 150): 107, (284, 72): 107, (284, 221): 107, (286, 133): 107, (286, 160): 107, (287, 138): 321, (287, 155): 321, (288, 21): 107, (288, 272): 107, (289, 128): 321, (289, 165): 321, (291, 47): 321, (291, 246): 321}
 
307, 315, False, 9, 35
{'infinity': 1, (3, 78): 105, (3, 229): 105, (5, 49): 105, (5, 258): 105, (6, 12): 35, (6, 295): 35, (11, 58): 21, (11, 249): 21, (16, 84): 105, (16, 223): 105, (20, 146): 7, (20, 161): 7, (21, 35): 21, (21, 272): 21, (23, 27): 105, (23, 280): 105, (25, 57): 105, (25, 250): 105, (26, 71): 105, (26, 236): 105, (32, 139): 21, (32, 168): 21, (35, 37): 7, (35, 270): 7, (36, 75): 105, (36, 232): 105, (37, 125): 3, (37, 182): 3, (39, 153): 105, (39, 154): 105, (41, 142): 21, (41, 165): 21, (43, 64): 21, (43, 243): 21, (44, 146): 35, (44, 161): 35, (47, 84): 105, (47, 223): 105, (50, 112): 105, (50, 195): 105, (53, 117): 105, (53, 190): 105, (54, 88): 15, (54, 219): 15, (56, 109): 7, (56, 198): 7, (60, 96): 15, (60, 211): 15, (61, 54): 105, (61, 253): 105, (62, 19): 105, (62, 288): 105, (64, 129): 105, (64, 178): 105, (65, 45): 21, (65, 262): 21, (66, 9): 3, (66, 298): 3, (67, 101): 21, (67, 206): 21, (68, 69): 105, (68, 238): 105, (71, 83): 21, (71, 224): 21, (73, 114): 105, (73, 193): 105, (75, 58): 15, (75, 249): 15, (76, 12): 105, (76, 295): 105, (77, 51): 105, (77, 256): 105, (79, 138): 105, (79, 169): 105, (82, 13): 105, (82, 294): 105, (85, 13): 105, (85, 294): 105, (86, 112): 3, (86, 195): 3, (89, 35): 105, (89, 272): 105, (92, 16): 105, (92, 291): 105, (93, 135): 35, (93, 172): 35, (97, 99): 35, (97, 208): 35, (100, 153): 105, (100, 154): 105, (102, 100): 35, (102, 207): 35, (103, 88): 105, (103, 219): 105, (104, 125): 105, (104, 182): 105, (106, 27): 15, (106, 280): 15, (107, 36): 105, (107, 271): 105, (109, 101): 15, (109, 206): 15, (111, 94): 105, (111, 213): 105, (112, 77): 105, (112, 230): 105, (117, 150): 105, (117, 157): 105, (119, 45): 105, (119, 262): 105, (121, 104): 35, (121, 203): 35, (122, 45): 105, (122, 262): 105, (126, 7): 15, (126, 300): 15, (129, 66): 105, (129, 241): 105, (130, 101): 105, (130, 206): 105, (131, 76): 105, (131, 231): 105, (134, 4): 15, (134, 303): 15, (135, 43): 21, (135, 264): 21, (136, 14): 105, (136, 293): 105, (139, 13): 105, (139, 294): 105, (140, 17): 105, (140, 290): 105, (143, 97): 105, (143, 210): 105, (144, 119): 105, (144, 188): 105, (149, 88): 105, (149, 219): 105, (151, 103): 105, (151, 204): 105, (152, 53): 105, (152, 254): 105, (156, 134): 15, (156, 173): 15, (158, 105): 105, (158, 202): 105, (159, 132): 105, (159, 175): 105, (160, 126): 15, (160, 181): 15, (162, 130): 21, (162, 177): 21, (165, 125): 105, (165, 182): 105, (167, 153): 21, (167, 154): 21, (170, 112): 105, (170, 195): 105, (172, 40): 105, (172, 267): 105, (174, 25): 105, (174, 282): 105, (175, 130): 35, (175, 177): 35, (176, 134): 21, (176, 173): 21, (177, 27): 21, (177, 280): 21, (178, 60): 105, (178, 247): 105, (180, 120): 105, (180, 187): 105, (184, 126): 105, (184, 181): 105, (186, 87): 105, (186, 220): 105, (187, 115): 15, (187, 192): 15, (189, 63): 105, (189, 244): 105, (190, 11): 105, (190, 296): 105, (192, 48): 105, (192, 259): 105, (193, 66): 5, (193, 241): 5, (195, 105): 21, (195, 202): 21, (196, 35): 105, (196, 272): 105, (197, 120): 35, (197, 187): 35, (199, 10): 21, (199, 297): 21, (201, 79): 105, (201, 228): 105, (202, 23): 105, (202, 284): 105, (204, 11): 105, (204, 296): 105, (208, 76): 21, (208, 231): 21, (210, 24): 105, (210, 283): 105, (213, 148): 105, (213, 159): 105, (214, 145): 105, (214, 162): 105, (218, 6): 105, (218, 301): 105, (219, 11): 3, (219, 296): 3, (220, 58): 105, (220, 249): 105, (222, 43): 105, (222, 264): 105, (224, 12): 15, (224, 295): 15, (225, 141): 21, (225, 166): 21, (227, 92): 105, (227, 215): 105, (228, 31): 5, (228, 276): 5, (234, 102): 105, (234, 205): 105, (236, 120): 105, (236, 187): 105, (237, 114): 105, (237, 193): 105, (238, 95): 35, (238, 212): 35, (239, 61): 105, (239, 246): 105, (240, 62): 15, (240, 245): 15, (241, 133): 105, (241, 174): 105, (242, 146): 35, (242, 161): 35, (243, 84): 21, (243, 223): 21, (244, 150): 105, (244, 157): 105, (245, 81): 105, (245, 226): 105, (246, 136): 105, (246, 171): 105, (250, 86): 105, (250, 221): 105, (252, 150): 105, (252, 157): 105, (254, 56): 105, (254, 251): 105, (256, 43): 15, (256, 264): 15, (257, 30): 35, (257, 277): 35, (260, 105): 105, (260, 202): 105, (261, 18): 105, (261, 289): 105, (262, 44): 15, (262, 263): 15, (264, 8): 105, (264, 299): 105, (265, 131): 21, (265, 176): 21, (269, 126): 105, (269, 181): 105, (274, 76): 105, (274, 231): 105, (276, 130): 105, (276, 177): 105, (277, 152): 105, (277, 155): 105, (278, 72): 105, (278, 235): 105, (279, 39): 21, (279, 268): 21, (280, 122): 105, (280, 185): 105, (281, 134): 105, (281, 173): 105, (282, 108): 105, (282, 199): 105, (284, 22): 21, (284, 285): 21, (286, 147): 21, (286, 160): 21, (288, 57): 105, (288, 250): 105, (291, 66): 105, (291, 241): 105, (293, 3): 35, (293, 304): 35, (295, 89): 105, (295, 218): 105, (296, 32): 105, (296, 275): 105, (299, 34): 105, (299, 273): 105, (300, 57): 21, (300, 250): 21, (301, 151): 15, (301, 156): 15, (302, 80): 105, (302, 227): 105, (303, 114): 105, (303, 193): 105, (304, 42): 15, (304, 265): 15, (306, 21): 21, (306, 286): 21}
 
311, 315, True, 3, 105
{'infinity': 1, (1, 32): 21, (1, 279): 21, (3, 121): 105, (3, 190): 105, (4, 22): 315, (4, 289): 315, (7, 76): 315, (7, 235): 315, (8, 33): 315, (8, 278): 315, (10, 127): 315, (10, 184): 315, (12, 95): 9, (12, 216): 9, (13, 43): 315, (13, 268): 315, (14, 106): 5, (14, 205): 5, (16, 27): 35, (16, 284): 35, (19, 80): 105, (19, 231): 105, (21, 138): 45, (21, 173): 45, (22, 64): 315, (22, 247): 315, (28, 129): 105, (28, 182): 105, (30, 114): 315, (30, 197): 315, (32, 48): 315, (32, 263): 315, (33, 40): 63, (33, 271): 63, (34, 115): 105, (34, 196): 105, (36, 152): 15, (36, 159): 15, (38, 122): 35, (38, 189): 35, (40, 149): 63, (40, 162): 63, (42, 132): 105, (42, 179): 105, (46, 9): 315, (46, 302): 315, (47, 70): 105, (47, 241): 105, (49, 108): 105, (49, 203): 105, (52, 151): 35, (52, 160): 35, (53, 80): 315, (53, 231): 315, (56, 82): 35, (56, 229): 35, (57, 6): 63, (57, 305): 63, (58, 34): 105, (58, 277): 105, (60, 151): 315, (60, 160): 315, (61, 137): 21, (61, 174): 21, (64, 96): 315, (64, 215): 315, (67, 75): 315, (67, 236): 315, (68, 93): 7, (68, 218): 7, (69, 24): 315, (69, 287): 315, (70, 85): 315, (70, 226): 315, (72, 5): 315, (72, 306): 315, (74, 45): 315, (74, 266): 315, (75, 68): 315, (75, 243): 315, (78, 134): 315, (78, 177): 315, (79, 140): 315, (79, 171): 315, (81, 8): 45, (81, 303): 45, (85, 22): 315, (85, 289): 315, (87, 53): 105, (87, 258): 105, (88, 114): 35, (88, 197): 35, (90, 148): 63, (90, 163): 63, (92, 90): 315, (92, 221): 315, (93, 99): 105, (93, 212): 105, (96, 46): 315, (96, 265): 315, (98, 154): 315, (98, 157): 315, (102, 56): 105, (102, 255): 105, (105, 6): 21, (105, 305): 21, (109, 53): 315, (109, 258): 315, (110, 134): 315, (110, 177): 315, (114, 53): 315, (114, 258): 315, (115, 76): 7, (115, 235): 7, (116, 87): 315, (116, 224): 315, (117, 150): 45, (117, 161): 45, (118, 82): 315, (118, 229): 315, (121, 92): 63, (121, 219): 63, (122, 134): 63, (122, 177): 63, (123, 111): 315, (123, 200): 315, (124, 133): 105, (124, 178): 105, (127, 106): 315, (127, 205): 315, (131, 43): 35, (131, 268): 35, (135, 120): 45, (135, 191): 45, (136, 82): 315, (136, 229): 315, (138, 36): 3, (138, 275): 3, (139, 67): 21, (139, 244): 21, (140, 11): 63, (140, 300): 63, (141, 4): 15, (141, 307): 15, (142, 124): 315, (142, 187): 315, (143, 60): 9, (143, 251): 9, (145, 19): 63, (145, 292): 63, (148, 6): 63, (148, 305): 63, (150, 3): 105, (150, 308): 105, (152, 13): 315, (152, 298): 315, (154, 107): 63, (154, 204): 63, (155, 41): 315, (155, 270): 315, (160, 23): 315, (160, 288): 315, (161, 78): 105, (161, 233): 105, (163, 38): 315, (163, 273): 315, (164, 88): 9, (164, 223): 9, (166, 43): 45, (166, 268): 45, (167, 118): 35, (167, 193): 35, (169, 106): 315, (169, 205): 315, (174, 3): 7, (174, 308): 7, (178, 26): 315, (178, 285): 315, (179, 2): 315, (179, 309): 315, (181, 31): 45, (181, 280): 45, (183, 19): 315, (183, 292): 315, (187, 88): 105, (187, 223): 105, (188, 76): 45, (188, 235): 45, (189, 133): 35, (189, 178): 35, (190, 142): 315, (190, 169): 315, (192, 114): 315, (192, 197): 315, (197, 124): 105, (197, 187): 105, (198, 151): 315, (198, 160): 315, (199, 117): 45, (199, 194): 45, (200, 78): 45, (200, 233): 45, (202, 153): 315, (202, 158): 315, (203, 89): 315, (203, 222): 315, (206, 128): 63, (206, 183): 63, (207, 84): 21, (207, 227): 21, (208, 52): 35, (208, 259): 35, (209, 49): 63, (209, 262): 63, (211, 110): 63, (211, 201): 63, (213, 37): 315, (213, 274): 315, (214, 107): 315, (214, 204): 315, (215, 62): 315, (215, 249): 315, (218, 1): 315, (218, 310): 315, (221, 22): 45, (221, 289): 45, (224, 146): 105, (224, 165): 105, (226, 46): 315, (226, 265): 315, (228, 119): 15, (228, 192): 15, (231, 92): 315, (231, 219): 315, (232, 25): 315, (232, 286): 315, (233, 20): 105, (233, 291): 105, (234, 77): 105, (234, 234): 105, (235, 51): 45, (235, 260): 45, (236, 109): 63, (236, 202): 63, (237, 135): 315, (237, 176): 315, (238, 80): 315, (238, 231): 315, (239, 100): 315, (239, 211): 315, (240, 150): 315, (240, 161): 315, (243, 16): 63, (243, 295): 63, (247, 145): 315, (247, 166): 315, (248, 148): 315, (248, 163): 315, (249, 126): 315, (249, 185): 315, (253, 107): 45, (253, 204): 45, (254, 144): 315, (254, 167): 315, (257, 104): 315, (257, 207): 315, (260, 78): 315, (260, 233): 315, (264, 150): 35, (264, 161): 35, (266, 9): 63, (266, 302): 63, (268, 55): 315, (268, 256): 315, (269, 92): 315, (269, 219): 315, (270, 88): 315, (270, 223): 315, (271, 101): 315, (271, 210): 315, (276, 71): 63, (276, 240): 63, (278, 70): 63, (278, 241): 63, (280, 86): 105, (280, 225): 105, (282, 124): 315, (282, 187): 315, (283, 148): 5, (283, 163): 5, (288, 63): 105, (288, 248): 105, (293, 19): 35, (293, 292): 35, (294, 130): 315, (294, 181): 315, (296, 70): 315, (296, 241): 315, (297, 3): 105, (297, 308): 105, (298, 50): 35, (298, 261): 35, (299, 46): 315, (299, 265): 315, (300, 27): 21, (300, 284): 21, (305, 27): 15, (305, 284): 15, (306, 35): 315, (306, 276): 315, (308, 133): 105, (308, 178): 105, (309, 9): 105, (309, 302): 105}
 
313, 288, True, 18, 16
{'infinity': 1, (3, 8): 72, (3, 305): 72, (4, 34): 144, (4, 279): 144, (5, 108): 9, (5, 205): 9, (6, 79): 18, (6, 234): 18, (7, 117): 144, (7, 196): 144, (8, 49): 32, (8, 264): 32, (10, 92): 96, (10, 221): 96, (11, 133): 36, (11, 180): 36, (12, 8): 288, (12, 305): 288, (14, 99): 288, (14, 214): 288, (15, 154): 288, (15, 159): 288, (16, 114): 96, (16, 199): 96, (18, 148): 144, (18, 165): 144, (19, 139): 288, (19, 174): 288, (20, 151): 288, (20, 162): 288, (22, 32): 144, (22, 281): 144, (24, 21): 288, (24, 292): 288, (25, 132): 288, (25, 181): 288, (29, 156): 144, (29, 157): 144, (30, 86): 4, (30, 227): 4, (39, 1): 288, (39, 312): 288, (41, 61): 48, (41, 252): 48, (42, 83): 16, (42, 230): 16, (43, 77): 32, (43, 236): 32, (45, 10): 48, (45, 303): 48, (47, 145): 144, (47, 168): 144, (49, 70): 288, (49, 243): 288, (51, 125): 72, (51, 188): 72, (52, 56): 12, (52, 257): 12, (53, 59): 144, (53, 254): 144, (56, 52): 8, (56, 261): 8, (59, 30): 144, (59, 283): 144, (64, 79): 16, (64, 234): 16, (69, 95): 288, (69, 218): 288, (70, 17): 288, (70, 296): 288, (71, 48): 16, (71, 265): 16, (72, 129): 288, (72, 184): 288, (76, 96): 288, (76, 217): 288, (77, 37): 32, (77, 276): 32, (85, 153): 288, (85, 160): 288, (86, 156): 48, (86, 157): 48, (87, 134): 6, (87, 179): 6, (88, 110): 3, (88, 203): 3, (93, 103): 288, (93, 210): 288, (94, 93): 288, (94, 220): 288, (96, 122): 12, (96, 191): 12, (97, 68): 288, (97, 245): 288, (98, 39): 72, (98, 274): 72, (101, 28): 288, (101, 285): 288, (103, 100): 144, (103, 213): 144, (104, 93): 48, (104, 220): 48, (105, 54): 72, (105, 259): 72, (106, 56): 36, (106, 257): 36, (107, 46): 72, (107, 267): 72, (113, 64): 288, (113, 249): 288, (114, 93): 288, (114, 220): 288, (115, 41): 144, (115, 272): 144, (116, 10): 9, (116, 303): 9, (117, 65): 32, (117, 248): 32, (121, 106): 288, (121, 207): 288, (122, 133): 48, (122, 180): 48, (127, 7): 36, (127, 306): 36, (130, 33): 288, (130, 280): 288, (134, 51): 288, (134, 262): 288, (135, 43): 96, (135, 270): 96, (138, 67): 288, (138, 246): 288, (143, 23): 288, (143, 290): 288, (145, 139): 144, (145, 174): 144, (146, 66): 72, (146, 247): 72, (148, 139): 288, (148, 174): 288, (150, 35): 288, (150, 278): 288, (151, 10): 144, (151, 303): 144, (152, 14): 288, (152, 299): 288, (154, 56): 18, (154, 257): 18, (157, 128): 288, (157, 185): 288, (158, 12): 288, (158, 301): 288, (160, 152): 96, (160, 161): 96, (161, 136): 32, (161, 177): 32, (172, 82): 288, (172, 231): 288, (174, 6): 8, (174, 307): 8, (176, 6): 36, (176, 307): 36, (178, 42): 48, (178, 271): 48, (179, 133): 144, (179, 180): 144, (186, 130): 288, (186, 183): 288, (191, 63): 144, (191, 250): 144, (193, 74): 288, (193, 239): 288, (196, 97): 288, (196, 216): 288, (197, 156): 72, (197, 157): 72, (198, 105): 288, (198, 208): 288, (199, 65): 72, (199, 248): 72, (201, 127): 36, (201, 186): 36, (203, 0): 2, (205, 97): 24, (205, 216): 24, (206, 118): 144, (206, 195): 144, (210, 149): 288, (210, 164): 288, (213, 62): 288, (213, 251): 288, (214, 150): 18, (214, 163): 18, (216, 78): 144, (216, 235): 144, (218, 107): 288, (218, 206): 288, (219, 66): 36, (219, 247): 36, (220, 12): 288, (220, 301): 288, (221, 135): 144, (221, 178): 144, (224, 97): 288, (224, 216): 288, (225, 35): 72, (225, 278): 72, (226, 64): 288, (226, 249): 288, (237, 122): 32, (237, 191): 32, (239, 124): 144, (239, 189): 144, (242, 79): 144, (242, 234): 144, (245, 72): 288, (245, 241): 288, (247, 12): 24, (247, 301): 24, (250, 35): 288, (250, 278): 288, (253, 104): 144, (253, 209): 144, (254, 91): 288, (254, 222): 288, (258, 120): 32, (258, 193): 32, (260, 66): 72, (260, 247): 72, (262, 153): 96, (262, 160): 96, (263, 9): 32, (263, 304): 32, (264, 121): 96, (264, 192): 96, (265, 48): 96, (265, 265): 96, (270, 81): 96, (270, 232): 96, (272, 77): 96, (272, 236): 96, (275, 6): 72, (275, 307): 72, (278, 153): 144, (278, 160): 144, (281, 82): 144, (281, 231): 144, (282, 36): 144, (282, 277): 144, (283, 69): 96, (283, 244): 96, (285, 55): 288, (285, 258): 288, (286, 64): 144, (286, 249): 144, (287, 25): 288, (287, 288): 288, (289, 48): 96, (289, 265): 96, (292, 122): 96, (292, 191): 96, (294, 132): 96, (294, 181): 96, (297, 8): 96, (297, 305): 96, (298, 155): 96, (298, 158): 96, (299, 3): 16, (299, 310): 16, (300, 147): 24, (300, 166): 24, (303, 29): 48, (303, 284): 48, (304, 24): 96, (304, 289): 96, (305, 131): 288, (305, 182): 288, (306, 132): 9, (306, 181): 9, (307, 57): 24, (307, 256): 24, (309, 65): 288, (309, 248): 288, (310, 77): 48, (310, 236): 48, (311, 123): 72, (311, 190): 72}
 
317, 291, True, 3, 97
{'infinity': 1, (1, 142): 291, (1, 175): 291, (3, 12): 291, (3, 305): 291, (5, 90): 291, (5, 227): 291, (6, 146): 291, (6, 171): 291, (8, 1): 291, (8, 316): 291, (11, 94): 291, (11, 223): 291, (13, 129): 97, (13, 188): 97, (14, 46): 291, (14, 271): 291, (15, 62): 291, (15, 255): 291, (16, 111): 291, (16, 206): 291, (17, 99): 291, (17, 218): 291, (18, 98): 291, (18, 219): 291, (19, 18): 97, (19, 299): 97, (20, 6): 291, (20, 311): 291, (22, 95): 291, (22, 222): 291, (28, 125): 291, (28, 192): 291, (29, 22): 291, (29, 295): 291, (30, 37): 291, (30, 280): 291, (31, 128): 97, (31, 189): 97, (32, 134): 291, (32, 183): 291, (35, 48): 291, (35, 269): 291, (36, 155): 97, (36, 162): 97, (37, 114): 291, (37, 203): 291, (38, 17): 291, (38, 300): 291, (39, 90): 291, (39, 227): 291, (44, 27): 291, (44, 290): 291, (48, 36): 291, (48, 281): 291, (51, 115): 97, (51, 202): 97, (53, 27): 97, (53, 290): 97, (55, 99): 97, (55, 218): 97, (56, 155): 97, (56, 162): 97, (57, 123): 97, (57, 194): 97, (59, 94): 291, (59, 223): 291, (60, 91): 97, (60, 226): 97, (63, 39): 291, (63, 278): 291, (65, 87): 291, (65, 230): 291, (66, 20): 291, (66, 297): 291, (67, 71): 97, (67, 246): 97, (68, 24): 97, (68, 293): 97, (70, 100): 291, (70, 217): 291, (73, 110): 97, (73, 207): 97, (75, 129): 291, (75, 188): 291, (81, 98): 291, (81, 219): 291, (85, 92): 291, (85, 225): 291, (86, 85): 291, (86, 232): 291, (90, 79): 291, (90, 238): 291, (91, 19): 97, (91, 298): 97, (92, 37): 97, (92, 280): 97, (96, 77): 291, (96, 240): 291, (97, 73): 291, (97, 244): 291, (99, 112): 97, (99, 205): 97, (100, 20): 291, (100, 297): 291, (104, 51): 291, (104, 266): 291, (106, 139): 291, (106, 178): 291, (107, 86): 97, (107, 231): 97, (108, 75): 291, (108, 242): 291, (109, 137): 291, (109, 180): 291, (110, 66): 97, (110, 251): 97, (116, 70): 291, (116, 247): 291, (126, 7): 97, (126, 310): 97, (129, 32): 97, (129, 285): 97, (130, 62): 291, (130, 255): 291, (135, 89): 291, (135, 228): 291, (136, 47): 291, (136, 270): 291, (137, 52): 3, (137, 265): 3, (139, 95): 97, (139, 222): 97, (140, 50): 97, (140, 267): 97, (144, 41): 291, (144, 276): 291, (145, 80): 97, (145, 237): 97, (148, 88): 97, (148, 229): 97, (150, 20): 291, (150, 297): 291, (155, 95): 291, (155, 222): 291, (157, 133): 97, (157, 184): 97, (158, 118): 97, (158, 199): 97, (160, 101): 97, (160, 216): 97, (162, 49): 97, (162, 268): 97, (164, 84): 291, (164, 233): 291, (165, 157): 291, (165, 160): 291, (167, 67): 291, (167, 250): 291, (171, 62): 97, (171, 255): 97, (172, 151): 291, (172, 166): 291, (175, 150): 291, (175, 167): 291, (179, 151): 291, (179, 166): 291, (180, 72): 97, (180, 245): 97, (181, 78): 97, (181, 239): 97, (183, 121): 291, (183, 196): 291, (186, 57): 291, (186, 260): 291, (187, 132): 291, (187, 185): 291, (194, 37): 291, (194, 280): 291, (202, 108): 291, (202, 209): 291, (204, 126): 291, (204, 191): 291, (206, 30): 291, (206, 287): 291, (209, 130): 291, (209, 187): 291, (212, 106): 291, (212, 211): 291, (217, 98): 291, (217, 219): 291, (218, 83): 291, (218, 234): 291, (219, 27): 291, (219, 290): 291, (220, 69): 291, (220, 248): 291, (222, 89): 291, (222, 228): 291, (223, 74): 291, (223, 243): 291, (224, 155): 97, (224, 162): 97, (226, 49): 97, (226, 268): 97, (227, 152): 291, (227, 165): 291, (228, 129): 291, (228, 188): 291, (229, 88): 291, (229, 229): 291, (230, 77): 97, (230, 240): 97, (234, 68): 291, (234, 249): 291, (236, 42): 97, (236, 275): 97, (238, 33): 291, (238, 284): 291, (243, 50): 291, (243, 267): 291, (244, 99): 291, (244, 218): 291, (245, 49): 97, (245, 268): 97, (246, 94): 97, (246, 223): 97, (248, 109): 291, (248, 208): 291, (250, 50): 291, (250, 267): 291, (251, 79): 97, (251, 238): 97, (254, 15): 291, (254, 302): 291, (255, 29): 291, (255, 288): 291, (256, 88): 291, (256, 229): 291, (258, 38): 291, (258, 279): 291, (263, 156): 291, (263, 161): 291, (265, 2): 97, (265, 315): 97, (271, 87): 97, (271, 230): 97, (272, 90): 97, (272, 227): 97, (273, 11): 97, (273, 306): 97, (276, 89): 97, (276, 228): 97, (280, 44): 291, (280, 273): 291, (282, 151): 291, (282, 166): 291, (284, 91): 291, (284, 226): 291, (285, 93): 291, (285, 224): 291, (286, 153): 291, (286, 164): 291, (289, 91): 291, (289, 226): 291, (291, 145): 291, (291, 172): 291, (292, 79): 291, (292, 238): 291, (294, 31): 291, (294, 286): 291, (295, 4): 291, (295, 313): 291, (297, 87): 291, (297, 230): 291, (303, 3): 97, (303, 314): 97, (305, 16): 97, (305, 301): 97, (306, 60): 97, (306, 257): 97, (307, 77): 291, (307, 240): 291, (308, 111): 97, (308, 206): 97, (309, 111): 291, (309, 206): 291, (312, 96): 97, (312, 221): 97, (316, 35): 291, (316, 282): 291}
 
331, 360, False, 12, 30
{'infinity': 1, (0, 51): 30, (0, 280): 30, (1, 10): 12, (1, 321): 12, (6, 134): 30, (6, 197): 30, (7, 6): 10, (7, 325): 10, (9, 134): 30, (9, 197): 30, (10, 67): 60, (10, 264): 60, (11, 141): 60, (11, 190): 60, (13, 35): 60, (13, 296): 60, (14, 17): 15, (14, 314): 15, (16, 98): 3, (16, 233): 3, (18, 160): 15, (18, 171): 15, (19, 75): 30, (19, 256): 30, (21, 28): 30, (21, 303): 30, (23, 33): 60, (23, 298): 60, (24, 60): 20, (24, 271): 20, (25, 31): 30, (25, 300): 30, (28, 83): 12, (28, 248): 12, (30, 33): 12, (30, 298): 12, (31, 86): 12, (31, 245): 12, (32, 122): 60, (32, 209): 60, (33, 148): 60, (33, 183): 60, (36, 128): 60, (36, 203): 60, (37, 121): 15, (37, 210): 15, (41, 45): 60, (41, 286): 60, (44, 80): 12, (44, 251): 12, (45, 63): 60, (45, 268): 60, (46, 157): 15, (46, 174): 15, (48, 48): 15, (48, 283): 15, (49, 2): 12, (49, 329): 12, (51, 57): 60, (51, 274): 60, (53, 160): 30, (53, 171): 30, (56, 97): 5, (56, 234): 5, (57, 55): 30, (57, 276): 30, (59, 35): 60, (59, 296): 60, (60, 43): 4, (60, 288): 4, (63, 60): 60, (63, 271): 60, (64, 9): 6, (64, 322): 6, (65, 143): 60, (65, 188): 60, (66, 128): 20, (66, 203): 20, (67, 158): 60, (67, 173): 60, (68, 67): 30, (68, 264): 30, (71, 34): 60, (71, 297): 60, (73, 140): 60, (73, 191): 60, (74, 135): 60, (74, 196): 60, (75, 49): 60, (75, 282): 60, (76, 83): 30, (76, 248): 30, (78, 73): 60, (78, 258): 60, (80, 118): 60, (80, 213): 60, (82, 51): 10, (82, 280): 10, (85, 147): 60, (85, 184): 60, (89, 14): 30, (89, 317): 30, (92, 114): 15, (92, 217): 15, (93, 54): 6, (93, 277): 6, (94, 4): 3, (94, 327): 3, (96, 47): 60, (96, 284): 60, (98, 147): 12, (98, 184): 12, (99, 49): 6, (99, 282): 6, (101, 62): 12, (101, 269): 12, (104, 56): 30, (104, 275): 30, (105, 145): 60, (105, 186): 60, (106, 56): 5, (106, 275): 5, (107, 117): 30, (107, 214): 30, (109, 150): 60, (109, 181): 60, (111, 156): 60, (111, 175): 60, (112, 82): 15, (112, 249): 15, (115, 18): 20, (115, 313): 20, (119, 151): 30, (119, 180): 30, (120, 56): 6, (120, 275): 6, (121, 9): 60, (121, 322): 60, (122, 140): 3, (122, 191): 3, (126, 76): 30, (126, 255): 30, (129, 6): 60, (129, 325): 60, (132, 87): 60, (132, 244): 60, (134, 1): 20, (134, 330): 20, (135, 140): 20, (135, 191): 20, (136, 136): 6, (136, 195): 6, (137, 98): 12, (137, 233): 12, (138, 132): 12, (138, 199): 12, (139, 16): 10, (139, 315): 10, (140, 102): 60, (140, 229): 60, (142, 146): 30, (142, 185): 30, (145, 9): 60, (145, 322): 60, (147, 147): 10, (147, 184): 10, (148, 152): 20, (148, 179): 20, (150, 142): 60, (150, 189): 60, (151, 110): 30, (151, 221): 30, (153, 41): 12, (153, 290): 12, (154, 0): 2, (155, 30): 15, (155, 301): 15, (156, 49): 60, (156, 282): 60, (158, 96): 30, (158, 235): 30, (160, 77): 30, (160, 254): 30, (164, 149): 60, (164, 182): 60, (165, 65): 12, (165, 266): 12, (166, 124): 60, (166, 207): 60, (168, 109): 30, (168, 222): 30, (170, 29): 30, (170, 302): 30, (171, 53): 30, (171, 278): 30, (176, 58): 30, (176, 273): 30, (177, 98): 12, (177, 233): 12, (179, 78): 30, (179, 253): 30, (180, 89): 30, (180, 242): 30, (182, 79): 60, (182, 252): 60, (183, 95): 60, (183, 236): 60, (184, 0): 2, (185, 5): 30, (185, 326): 30, (186, 13): 60, (186, 318): 60, (190, 20): 15, (190, 311): 15, (194, 6): 12, (194, 325): 12, (195, 39): 60, (195, 292): 60, (197, 20): 6, (197, 311): 6, (198, 139): 12, (198, 192): 12, (199, 93): 30, (199, 238): 30, (201, 120): 60, (201, 211): 60, (205, 8): 60, (205, 323): 60, (208, 127): 3, (208, 204): 3, (209, 12): 60, (209, 319): 60, (211, 165): 60, (211, 166): 60, (212, 88): 10, (212, 243): 10, (214, 165): 60, (214, 166): 60, (216, 144): 60, (216, 187): 60, (218, 127): 6, (218, 204): 6, (220, 132): 60, (220, 199): 60, (221, 41): 30, (221, 290): 30, (226, 83): 60, (226, 248): 60, (227, 39): 60, (227, 292): 60, (228, 128): 30, (228, 203): 30, (229, 29): 60, (229, 302): 60, (230, 24): 10, (230, 307): 10, (233, 22): 15, (233, 309): 15, (234, 90): 30, (234, 241): 30, (235, 127): 6, (235, 204): 6, (236, 165): 30, (236, 166): 30, (237, 130): 30, (237, 201): 30, (239, 39): 30, (239, 292): 30, (240, 38): 60, (240, 293): 60, (241, 53): 30, (241, 278): 30, (243, 60): 30, (243, 271): 30, (248, 51): 15, (248, 280): 15, (249, 53): 30, (249, 278): 30, (252, 67): 60, (252, 264): 60, (253, 159): 20, (253, 172): 20, (255, 70): 4, (255, 261): 4, (256, 76): 30, (256, 255): 30, (258, 35): 6, (258, 296): 6, (259, 160): 30, (259, 171): 30, (262, 29): 60, (262, 302): 60, (263, 32): 15, (263, 299): 15, (264, 158): 15, (264, 173): 15, (268, 81): 30, (268, 250): 30, (269, 162): 60, (269, 169): 60, (272, 4): 6, (272, 327): 6, (274, 20): 30, (274, 311): 30, (275, 108): 15, (275, 223): 15, (277, 33): 30, (277, 298): 30, (279, 76): 30, (279, 255): 30, (282, 100): 60, (282, 231): 60, (283, 104): 60, (283, 227): 60, (286, 48): 30, (286, 283): 30, (287, 41): 60, (287, 290): 60, (291, 57): 60, (291, 274): 60, (295, 4): 6, (295, 327): 6, (296, 94): 60, (296, 237): 60, (302, 2): 20, (302, 329): 20, (303, 132): 30, (303, 199): 30, (306, 107): 60, (306, 224): 60, (310, 2): 15, (310, 329): 15, (311, 37): 30, (311, 294): 30, (312, 31): 60, (312, 300): 60, (313, 21): 60, (313, 310): 60, (314, 133): 12, (314, 198): 12, (315, 134): 15, (315, 197): 15, (317, 3): 30, (317, 328): 30, (319, 57): 30, (319, 274): 30, (320, 69): 60, (320, 262): 60, (323, 0): 2, (324, 31): 60, (324, 300): 60, (326, 11): 6, (326, 320): 6, (327, 48): 30, (327, 283): 30, (329, 68): 60, (329, 263): 60, (330, 158): 60, (330, 173): 60}
 
337, 339, True, 3, 113
{'infinity': 1, (0, 126): 339, (0, 211): 339, (1, 14): 339, (1, 323): 339, (2, 158): 339, (2, 179): 339, (5, 136): 113, (5, 201): 113, (6, 54): 339, (6, 283): 339, (12, 109): 339, (12, 228): 339, (13, 20): 339, (13, 317): 339, (15, 95): 339, (15, 242): 339, (21, 60): 113, (21, 277): 113, (23, 98): 339, (23, 239): 339, (24, 119): 339, (24, 218): 339, (25, 55): 113, (25, 282): 113, (26, 72): 113, (26, 265): 113, (28, 117): 339, (28, 220): 339, (29, 43): 339, (29, 294): 339, (30, 162): 339, (30, 175): 339, (32, 155): 339, (32, 182): 339, (34, 45): 113, (34, 292): 113, (37, 105): 113, (37, 232): 113, (38, 131): 339, (38, 206): 339, (39, 73): 339, (39, 264): 339, (42, 167): 113, (42, 170): 113, (43, 47): 339, (43, 290): 339, (44, 49): 339, (44, 288): 339, (47, 57): 113, (47, 280): 113, (52, 77): 113, (52, 260): 113, (56, 117): 113, (56, 220): 113, (57, 163): 113, (57, 174): 113, (58, 135): 113, (58, 202): 113, (59, 11): 339, (59, 326): 339, (60, 137): 339, (60, 200): 339, (65, 163): 339, (65, 174): 339, (67, 92): 113, (67, 245): 113, (69, 20): 113, (69, 317): 113, (73, 38): 339, (73, 299): 339, (74, 46): 339, (74, 291): 339, (76, 109): 339, (76, 228): 339, (78, 15): 113, (78, 322): 113, (80, 151): 339, (80, 186): 339, (81, 155): 339, (81, 182): 339, (83, 161): 339, (83, 176): 339, (84, 86): 339, (84, 251): 339, (87, 92): 339, (87, 245): 339, (89, 107): 113, (89, 230): 113, (90, 46): 339, (90, 291): 339, (93, 161): 339, (93, 176): 339, (96, 138): 3, (96, 199): 3, (99, 70): 113, (99, 267): 113, (100, 120): 339, (100, 217): 339, (102, 43): 113, (102, 294): 113, (104, 144): 113, (104, 193): 113, (106, 26): 113, (106, 311): 113, (107, 5): 339, (107, 332): 339, (108, 78): 339, (108, 259): 339, (109, 18): 339, (109, 319): 339, (111, 35): 339, (111, 302): 339, (112, 22): 339, (112, 315): 339, (119, 61): 339, (119, 276): 339, (120, 106): 113, (120, 231): 113, (123, 122): 339, (123, 215): 339, (124, 157): 339, (124, 180): 339, (125, 139): 113, (125, 198): 113, (130, 126): 339, (130, 211): 339, (132, 76): 339, (132, 261): 339, (133, 143): 113, (133, 194): 113, (134, 77): 339, (134, 260): 339, (137, 167): 113, (137, 170): 113, (140, 66): 339, (140, 271): 339, (142, 13): 113, (142, 324): 113, (143, 14): 113, (143, 323): 113, (144, 156): 339, (144, 181): 339, (148, 128): 113, (148, 209): 113, (150, 77): 339, (150, 260): 339, (156, 59): 339, (156, 278): 339, (157, 167): 113, (157, 170): 113, (160, 161): 339, (160, 176): 339, (163, 166): 339, (163, 171): 339, (165, 39): 339, (165, 298): 339, (168, 146): 339, (168, 191): 339, (169, 81): 113, (169, 256): 113, (171, 160): 339, (171, 177): 339, (172, 46): 113, (172, 291): 113, (175, 132): 113, (175, 205): 113, (177, 33): 113, (177, 304): 113, (178, 112): 339, (178, 225): 339, (179, 145): 339, (179, 192): 339, (180, 40): 339, (180, 297): 339, (181, 118): 113, (181, 219): 113, (182, 92): 339, (182, 245): 339, (183, 140): 339, (183, 197): 339, (184, 81): 339, (184, 256): 339, (191, 79): 339, (191, 258): 339, (192, 14): 339, (192, 323): 339, (194, 148): 339, (194, 189): 339, (196, 146): 339, (196, 191): 339, (198, 133): 339, (198, 204): 339, (200, 31): 339, (200, 306): 339, (201, 154): 339, (201, 183): 339, (202, 103): 339, (202, 234): 339, (203, 8): 339, (203, 329): 339, (204, 79): 113, (204, 258): 113, (205, 43): 339, (205, 294): 339, (206, 126): 113, (206, 211): 113, (207, 62): 339, (207, 275): 339, (212, 128): 339, (212, 209): 339, (213, 59): 339, (213, 278): 339, (214, 163): 339, (214, 174): 339, (215, 122): 339, (215, 215): 339, (216, 28): 113, (216, 309): 113, (218, 94): 113, (218, 243): 113, (219, 41): 339, (219, 296): 339, (223, 155): 339, (223, 182): 339, (227, 156): 339, (227, 181): 339, (228, 166): 339, (228, 171): 339, (229, 145): 339, (229, 192): 339, (233, 149): 339, (233, 188): 339, (236, 78): 113, (236, 259): 113, (237, 48): 113, (237, 289): 113, (238, 36): 113, (238, 301): 113, (240, 108): 113, (240, 229): 113, (245, 51): 339, (245, 286): 339, (247, 2): 339, (247, 335): 339, (248, 109): 339, (248, 228): 339, (249, 97): 113, (249, 240): 113, (250, 52): 113, (250, 285): 113, (252, 117): 339, (252, 220): 339, (253, 130): 113, (253, 207): 113, (254, 20): 339, (254, 317): 339, (259, 151): 113, (259, 186): 113, (261, 115): 339, (261, 222): 339, (262, 26): 339, (262, 311): 339, (263, 85): 339, (263, 252): 339, (264, 111): 339, (264, 226): 339, (265, 145): 339, (265, 192): 339, (267, 42): 339, (267, 295): 339, (270, 44): 339, (270, 293): 339, (273, 91): 339, (273, 246): 339, (274, 152): 113, (274, 185): 113, (275, 12): 339, (275, 325): 339, (277, 113): 339, (277, 224): 339, (278, 79): 339, (278, 258): 339, (282, 166): 113, (282, 171): 113, (284, 58): 339, (284, 279): 339, (285, 100): 113, (285, 237): 113, (286, 121): 113, (286, 216): 113, (289, 50): 339, (289, 287): 339, (291, 69): 339, (291, 268): 339, (302, 156): 113, (302, 181): 113, (303, 19): 113, (303, 318): 113, (304, 59): 339, (304, 278): 339, (305, 26): 339, (305, 311): 339, (309, 146): 339, (309, 191): 339, (312, 82): 339, (312, 255): 339, (313, 128): 339, (313, 209): 339, (314, 127): 339, (314, 210): 339, (316, 64): 339, (316, 273): 339, (317, 9): 113, (317, 328): 113, (318, 55): 339, (318, 282): 339, (319, 129): 339, (319, 208): 339, (320, 81): 339, (320, 256): 339, (323, 3): 113, (323, 334): 113, (324, 90): 113, (324, 247): 113, (327, 95): 339, (327, 242): 339, (328, 141): 113, (328, 196): 113, (329, 78): 339, (329, 259): 339, (330, 55): 339, (330, 282): 339, (331, 95): 113, (331, 242): 113, (334, 151): 339, (334, 186): 339, (335, 122): 339, (335, 215): 339}
 
347, 330, True, 3, 110
{'infinity': 1, (0, 164): 55, (0, 183): 55, (1, 3): 110, (1, 344): 110, (2, 14): 165, (2, 333): 165, (4, 74): 110, (4, 273): 110, (7, 75): 330, (7, 272): 330, (8, 173): 33, (8, 174): 33, (10, 74): 3, (10, 273): 3, (12, 3): 55, (12, 344): 55, (14, 148): 330, (14, 199): 330, (16, 132): 10, (16, 215): 10, (19, 95): 330, (19, 252): 330, (20, 49): 330, (20, 298): 330, (22, 87): 22, (22, 260): 22, (24, 173): 165, (24, 174): 165, (26, 167): 55, (26, 180): 55, (28, 86): 165, (28, 261): 165, (29, 2): 165, (29, 345): 165, (30, 128): 165, (30, 219): 165, (31, 37): 22, (31, 310): 22, (32, 128): 33, (32, 219): 33, (33, 4): 33, (33, 343): 33, (34, 114): 165, (34, 233): 165, (35, 114): 55, (35, 233): 55, (37, 136): 33, (37, 211): 33, (39, 36): 33, (39, 311): 33, (42, 71): 11, (42, 276): 11, (45, 81): 15, (45, 266): 15, (46, 44): 10, (46, 303): 10, (48, 90): 165, (48, 257): 165, (50, 117): 330, (50, 230): 330, (52, 56): 11, (52, 291): 11, (53, 139): 330, (53, 208): 330, (54, 99): 66, (54, 248): 66, (56, 75): 22, (56, 272): 22, (57, 76): 110, (57, 271): 110, (58, 5): 165, (58, 342): 165, (59, 111): 330, (59, 236): 330, (62, 56): 110, (62, 291): 110, (63, 139): 11, (63, 208): 11, (65, 171): 110, (65, 176): 110, (67, 60): 330, (67, 287): 330, (69, 33): 30, (69, 314): 30, (70, 119): 165, (70, 228): 165, (72, 100): 33, (72, 247): 33, (76, 102): 110, (76, 245): 110, (77, 35): 330, (77, 312): 330, (78, 12): 66, (78, 335): 66, (84, 105): 5, (84, 242): 5, (87, 54): 66, (87, 293): 66, (88, 40): 55, (88, 307): 55, (89, 154): 33, (89, 193): 33, (95, 113): 66, (95, 234): 66, (96, 151): 330, (96, 196): 330, (97, 170): 330, (97, 177): 330, (101, 30): 165, (101, 317): 165, (102, 144): 330, (102, 203): 330, (104, 166): 55, (104, 181): 55, (105, 67): 30, (105, 280): 30, (108, 111): 165, (108, 236): 165, (111, 67): 330, (111, 280): 330, (112, 103): 165, (112, 244): 165, (113, 20): 11, (113, 327): 11, (116, 55): 165, (116, 292): 165, (117, 109): 330, (117, 238): 330, (120, 4): 55, (120, 343): 55, (123, 44): 55, (123, 303): 55, (127, 122): 110, (127, 225): 110, (130, 67): 55, (130, 280): 55, (132, 50): 55, (132, 297): 55, (135, 124): 165, (135, 223): 165, (136, 168): 55, (136, 179): 55, (137, 69): 165, (137, 278): 165, (146, 6): 55, (146, 341): 55, (147, 2): 66, (147, 345): 66, (149, 13): 330, (149, 334): 330, (150, 137): 330, (150, 210): 330, (152, 142): 110, (152, 205): 110, (155, 63): 165, (155, 284): 165, (158, 72): 165, (158, 275): 165, (159, 96): 165, (159, 251): 165, (160, 18): 165, (160, 329): 165, (164, 43): 330, (164, 304): 330, (165, 16): 330, (165, 331): 330, (167, 112): 55, (167, 235): 55, (170, 2): 110, (170, 345): 110, (171, 17): 33, (171, 330): 33, (173, 106): 66, (173, 241): 66, (174, 7): 330, (174, 340): 330, (176, 61): 165, (176, 286): 165, (177, 44): 110, (177, 303): 110, (179, 111): 330, (179, 236): 330, (180, 108): 15, (180, 239): 15, (184, 22): 15, (184, 325): 15, (190, 59): 330, (190, 288): 330, (193, 4): 165, (193, 343): 165, (194, 106): 330, (194, 241): 330, (197, 108): 330, (197, 239): 330, (199, 25): 30, (199, 322): 30, (201, 160): 55, (201, 187): 55, (207, 25): 165, (207, 322): 165, (208, 126): 330, (208, 221): 330, (211, 10): 15, (211, 337): 15, (212, 126): 55, (212, 221): 55, (216, 51): 110, (216, 296): 110, (219, 31): 110, (219, 316): 110, (220, 137): 330, (220, 210): 330, (222, 65): 330, (222, 282): 330, (223, 133): 165, (223, 214): 165, (224, 48): 165, (224, 299): 165, (229, 140): 66, (229, 207): 66, (230, 139): 330, (230, 208): 330, (232, 56): 110, (232, 291): 110, (233, 9): 330, (233, 338): 330, (234, 94): 5, (234, 253): 5, (235, 134): 165, (235, 213): 165, (236, 46): 6, (236, 301): 6, (238, 62): 330, (238, 285): 330, (241, 120): 22, (241, 227): 22, (243, 26): 55, (243, 321): 55, (251, 146): 330, (251, 201): 330, (252, 109): 110, (252, 238): 110, (253, 166): 110, (253, 181): 110, (258, 43): 165, (258, 304): 165, (261, 158): 330, (261, 189): 330, (262, 38): 55, (262, 309): 55, (265, 6): 30, (265, 341): 30, (268, 168): 165, (268, 179): 165, (271, 43): 110, (271, 304): 110, (273, 126): 330, (273, 221): 330, (276, 82): 165, (276, 265): 165, (277, 114): 165, (277, 233): 165, (282, 6): 330, (282, 341): 330, (283, 75): 165, (283, 272): 165, (284, 128): 165, (284, 219): 165, (285, 33): 330, (285, 314): 330, (286, 107): 165, (286, 240): 165, (287, 25): 110, (287, 322): 110, (289, 168): 165, (289, 179): 165, (290, 27): 66, (290, 320): 66, (293, 152): 330, (293, 195): 330, (294, 35): 66, (294, 312): 66, (295, 163): 55, (295, 184): 55, (297, 149): 330, (297, 198): 330, (299, 129): 165, (299, 218): 165, (300, 161): 110, (300, 186): 110, (304, 116): 330, (304, 231): 330, (305, 24): 33, (305, 323): 33, (306, 85): 330, (306, 262): 330, (314, 173): 55, (314, 174): 55, (316, 108): 330, (316, 239): 330, (318, 159): 165, (318, 188): 165, (320, 97): 165, (320, 250): 165, (322, 35): 165, (322, 312): 165, (323, 137): 165, (323, 210): 165, (324, 109): 33, (324, 238): 33, (326, 106): 165, (326, 241): 165, (329, 131): 165, (329, 216): 165, (332, 74): 330, (332, 273): 330, (333, 3): 110, (333, 344): 110, (334, 157): 22, (334, 190): 22, (336, 166): 110, (336, 181): 110, (339, 33): 55, (339, 314): 55, (341, 143): 11, (341, 204): 11, (343, 34): 66, (343, 313): 66, (346, 0): 2}
 
349, 366, True, 6, 61
{'infinity': 1, (0, 113): 366, (0, 236): 366, (3, 28): 366, (3, 321): 366, (6, 108): 183, (6, 241): 183, (8, 22): 366, (8, 327): 366, (9, 119): 366, (9, 230): 366, (10, 132): 366, (10, 217): 366, (11, 51): 366, (11, 298): 366, (14, 161): 183, (14, 188): 183, (15, 129): 122, (15, 220): 122, (16, 54): 183, (16, 295): 183, (17, 57): 183, (17, 292): 183, (18, 14): 183, (18, 335): 183, (19, 163): 366, (19, 186): 366, (22, 115): 366, (22, 234): 366, (23, 115): 183, (23, 234): 183, (27, 146): 183, (27, 203): 183, (30, 27): 366, (30, 322): 366, (31, 137): 61, (31, 212): 61, (32, 165): 366, (32, 184): 366, (37, 169): 122, (37, 180): 122, (39, 7): 183, (39, 342): 183, (40, 43): 61, (40, 306): 61, (43, 0): 2, (44, 19): 61, (44, 330): 61, (46, 96): 61, (46, 253): 61, (47, 137): 183, (47, 212): 183, (48, 141): 61, (48, 208): 61, (51, 30): 366, (51, 319): 366, (52, 86): 61, (52, 263): 61, (59, 58): 183, (59, 291): 183, (61, 120): 366, (61, 229): 366, (62, 15): 183, (62, 334): 183, (64, 15): 366, (64, 334): 366, (68, 42): 61, (68, 307): 61, (70, 83): 183, (70, 266): 183, (71, 22): 366, (71, 327): 366, (72, 120): 183, (72, 229): 183, (74, 173): 61, (74, 176): 61, (75, 12): 366, (75, 337): 366, (77, 157): 122, (77, 192): 122, (78, 135): 122, (78, 214): 122, (79, 140): 183, (79, 209): 183, (82, 9): 122, (82, 340): 122, (83, 156): 366, (83, 193): 366, (84, 61): 183, (84, 288): 183, (85, 109): 183, (85, 240): 183, (87, 117): 366, (87, 232): 366, (88, 124): 61, (88, 225): 61, (89, 29): 122, (89, 320): 122, (90, 43): 366, (90, 306): 366, (91, 83): 61, (91, 266): 61, (92, 174): 183, (92, 175): 183, (93, 123): 122, (93, 226): 122, (98, 173): 122, (98, 176): 122, (100, 78): 3, (100, 271): 3, (101, 123): 366, (101, 226): 366, (102, 165): 366, (102, 184): 366, (106, 29): 366, (106, 320): 366, (108, 35): 366, (108, 314): 366, (111, 131): 61, (111, 218): 61, (112, 162): 183, (112, 187): 183, (116, 171): 61, (116, 178): 61, (117, 58): 366, (117, 291): 366, (118, 35): 183, (118, 314): 183, (119, 144): 183, (119, 205): 183, (120, 63): 183, (120, 286): 183, (121, 103): 61, (121, 246): 61, (122, 35): 122, (122, 314): 122, (126, 140): 183, (126, 209): 183, (127, 97): 366, (127, 252): 366, (130, 14): 183, (130, 335): 183, (131, 135): 183, (131, 214): 183, (132, 38): 122, (132, 311): 122, (133, 47): 122, (133, 302): 122, (136, 91): 183, (136, 258): 183, (137, 86): 183, (137, 263): 183, (139, 135): 366, (139, 214): 366, (142, 161): 366, (142, 188): 366, (143, 140): 183, (143, 209): 183, (145, 11): 6, (145, 338): 6, (149, 155): 183, (149, 194): 183, (150, 80): 366, (150, 269): 366, (151, 108): 183, (151, 241): 183, (152, 65): 183, (152, 284): 183, (153, 29): 183, (153, 320): 183, (154, 123): 183, (154, 226): 183, (155, 112): 366, (155, 237): 366, (159, 86): 183, (159, 263): 183, (160, 57): 366, (160, 292): 366, (161, 8): 61, (161, 341): 61, (163, 73): 122, (163, 276): 122, (164, 23): 61, (164, 326): 61, (165, 113): 183, (165, 236): 183, (168, 132): 183, (168, 217): 183, (169, 150): 183, (169, 199): 183, (170, 132): 366, (170, 217): 366, (171, 57): 366, (171, 292): 366, (172, 58): 366, (172, 291): 366, (176, 173): 122, (176, 176): 122, (177, 5): 366, (177, 344): 366, (181, 104): 122, (181, 245): 122, (183, 113): 366, (183, 236): 366, (185, 25): 61, (185, 324): 61, (186, 50): 183, (186, 299): 183, (187, 83): 183, (187, 266): 183, (190, 95): 183, (190, 254): 183, (191, 108): 183, (191, 241): 183, (192, 161): 122, (192, 188): 122, (194, 167): 183, (194, 182): 183, (195, 16): 122, (195, 333): 122, (197, 150): 122, (197, 199): 122, (199, 142): 122, (199, 207): 122, (200, 14): 183, (200, 335): 183, (201, 25): 183, (201, 324): 183, (202, 66): 366, (202, 283): 366, (203, 24): 122, (203, 325): 122, (204, 60): 366, (204, 289): 366, (206, 152): 366, (206, 197): 366, (214, 165): 61, (214, 184): 61, (215, 120): 122, (215, 229): 122, (216, 127): 366, (216, 222): 366, (218, 43): 366, (218, 306): 366, (221, 75): 183, (221, 274): 183, (222, 15): 366, (222, 334): 366, (224, 8): 183, (224, 341): 183, (225, 101): 366, (225, 248): 366, (227, 97): 366, (227, 252): 366, (230, 167): 366, (230, 182): 366, (235, 105): 183, (235, 244): 183, (236, 106): 122, (236, 243): 122, (237, 67): 183, (237, 282): 183, (240, 144): 366, (240, 205): 366, (242, 52): 122, (242, 297): 122, (249, 53): 61, (249, 296): 61, (253, 20): 183, (253, 329): 183, (254, 23): 366, (254, 326): 366, (257, 18): 61, (257, 331): 61, (263, 55): 122, (263, 294): 122, (266, 37): 183, (266, 312): 183, (269, 22): 183, (269, 327): 183, (270, 137): 183, (270, 212): 183, (273, 167): 122, (273, 182): 122, (274, 136): 183, (274, 213): 183, (275, 81): 366, (275, 268): 366, (279, 23): 366, (279, 326): 366, (282, 147): 61, (282, 202): 61, (285, 1): 122, (285, 348): 122, (288, 114): 183, (288, 235): 183, (290, 13): 122, (290, 336): 122, (292, 89): 61, (292, 260): 61, (293, 151): 366, (293, 198): 366, (294, 2): 366, (294, 347): 366, (295, 174): 122, (295, 175): 122, (296, 138): 366, (296, 211): 366, (299, 100): 183, (299, 249): 183, (300, 121): 61, (300, 228): 61, (301, 12): 61, (301, 337): 61, (302, 42): 366, (302, 307): 366, (303, 115): 122, (303, 234): 122, (306, 125): 183, (306, 224): 183, (309, 4): 61, (309, 345): 61, (310, 174): 366, (310, 175): 366, (311, 25): 183, (311, 324): 183, (312, 8): 183, (312, 341): 183, (313, 128): 366, (313, 221): 366, (315, 122): 183, (315, 227): 183, (317, 19): 61, (317, 330): 61, (319, 145): 183, (319, 204): 183, (320, 153): 366, (320, 196): 366, (321, 12): 366, (321, 337): 366, (324, 69): 61, (324, 280): 61, (326, 34): 183, (326, 315): 183, (327, 42): 366, (327, 307): 366, (328, 130): 61, (328, 219): 61, (329, 159): 366, (329, 190): 366, (331, 150): 366, (331, 199): 366, (333, 10): 122, (333, 339): 122, (334, 93): 366, (334, 256): 366, (335, 3): 61, (335, 346): 61, (336, 19): 61, (336, 330): 61, (338, 144): 366, (338, 205): 366, (340, 46): 122, (340, 303): 122, (343, 97): 61, (343, 252): 61}
 
353, 330, True, 66, 5
{'infinity': 1, (0, 150): 66, (0, 203): 66, (1, 71): 165, (1, 282): 165, (4, 96): 330, (4, 257): 330, (8, 97): 330, (8, 256): 330, (11, 144): 66, (11, 209): 66, (12, 85): 165, (12, 268): 165, (15, 65): 55, (15, 288): 55, (18, 114): 33, (18, 239): 33, (20, 63): 165, (20, 290): 165, (21, 85): 165, (21, 268): 165, (22, 103): 330, (22, 250): 330, (24, 29): 165, (24, 324): 165, (28, 7): 330, (28, 346): 330, (29, 150): 3, (29, 203): 3, (34, 145): 55, (34, 208): 55, (35, 12): 330, (35, 341): 330, (43, 105): 165, (43, 248): 165, (44, 73): 11, (44, 280): 11, (46, 6): 66, (46, 347): 66, (47, 110): 330, (47, 243): 330, (48, 47): 33, (48, 306): 33, (49, 155): 330, (49, 198): 330, (56, 6): 110, (56, 347): 110, (58, 82): 55, (58, 271): 55, (59, 0): 2, (61, 90): 55, (61, 263): 55, (62, 126): 330, (62, 227): 330, (63, 166): 165, (63, 187): 165, (65, 44): 110, (65, 309): 110, (68, 84): 11, (68, 269): 11, (70, 25): 165, (70, 328): 165, (71, 90): 330, (71, 263): 330, (73, 86): 330, (73, 267): 330, (74, 114): 165, (74, 239): 165, (81, 164): 33, (81, 189): 33, (82, 104): 15, (82, 249): 15, (83, 69): 110, (83, 284): 110, (84, 176): 55, (84, 177): 55, (88, 39): 165, (88, 314): 165, (89, 169): 55, (89, 184): 55, (92, 62): 330, (92, 291): 330, (95, 46): 11, (95, 307): 11, (99, 105): 330, (99, 248): 330, (100, 35): 165, (100, 318): 165, (101, 128): 33, (101, 225): 33, (103, 44): 165, (103, 309): 165, (110, 152): 10, (110, 201): 10, (111, 29): 330, (111, 324): 330, (112, 98): 30, (112, 255): 30, (113, 156): 330, (113, 197): 330, (115, 57): 330, (115, 296): 330, (116, 174): 22, (116, 179): 22, (117, 39): 165, (117, 314): 165, (121, 81): 330, (121, 272): 330, (123, 94): 165, (123, 259): 165, (124, 62): 15, (124, 291): 15, (125, 59): 10, (125, 294): 10, (129, 28): 11, (129, 325): 11, (131, 19): 165, (131, 334): 165, (132, 125): 165, (132, 228): 165, (135, 30): 165, (135, 323): 165, (136, 62): 110, (136, 291): 110, (139, 70): 110, (139, 283): 110, (140, 151): 11, (140, 202): 11, (144, 91): 110, (144, 262): 110, (145, 163): 33, (145, 190): 33, (147, 39): 5, (147, 314): 5, (149, 51): 330, (149, 302): 330, (153, 50): 15, (153, 303): 15, (154, 139): 330, (154, 214): 330, (158, 144): 33, (158, 209): 33, (159, 79): 165, (159, 274): 165, (166, 3): 22, (166, 350): 22, (170, 121): 165, (170, 232): 165, (173, 111): 330, (173, 242): 330, (174, 21): 330, (174, 332): 330, (175, 124): 33, (175, 229): 33, (177, 20): 330, (177, 333): 330, (178, 107): 330, (178, 246): 330, (179, 99): 165, (179, 254): 165, (182, 119): 110, (182, 234): 110, (183, 144): 22, (183, 209): 22, (184, 44): 66, (184, 309): 66, (185, 132): 330, (185, 221): 330, (186, 146): 165, (186, 207): 165, (188, 168): 330, (188, 185): 330, (189, 40): 55, (189, 313): 55, (190, 100): 165, (190, 253): 165, (191, 132): 330, (191, 221): 330, (196, 15): 110, (196, 338): 110, (200, 3): 110, (200, 350): 110, (201, 11): 110, (201, 342): 110, (202, 50): 110, (202, 303): 110, (203, 54): 165, (203, 299): 165, (205, 1): 165, (205, 352): 165, (210, 105): 330, (210, 248): 330, (211, 112): 55, (211, 241): 55, (212, 161): 55, (212, 192): 55, (213, 75): 110, (213, 278): 110, (214, 27): 33, (214, 326): 33, (217, 29): 330, (217, 324): 330, (220, 90): 330, (220, 263): 330, (221, 75): 165, (221, 278): 165, (222, 72): 330, (222, 281): 330, (223, 147): 15, (223, 206): 15, (224, 61): 33, (224, 292): 33, (225, 79): 165, (225, 274): 165, (227, 115): 55, (227, 238): 55, (230, 122): 165, (230, 231): 165, (233, 68): 330, (233, 285): 330, (234, 141): 330, (234, 212): 330, (235, 140): 165, (235, 213): 165, (237, 138): 66, (237, 215): 66, (238, 57): 330, (238, 296): 330, (240, 56): 165, (240, 297): 165, (241, 11): 55, (241, 342): 55, (242, 111): 110, (242, 242): 110, (245, 51): 165, (245, 302): 165, (248, 76): 55, (248, 277): 55, (250, 6): 165, (250, 347): 165, (251, 162): 330, (251, 191): 330, (252, 59): 110, (252, 294): 110, (258, 159): 30, (258, 194): 30, (259, 74): 55, (259, 279): 55, (260, 114): 165, (260, 239): 165, (263, 11): 22, (263, 342): 22, (265, 4): 66, (265, 349): 66, (270, 19): 110, (270, 334): 110, (271, 75): 30, (271, 278): 30, (272, 91): 165, (272, 262): 165, (280, 158): 110, (280, 195): 110, (281, 83): 165, (281, 270): 165, (283, 35): 110, (283, 318): 110, (289, 91): 6, (289, 262): 6, (290, 111): 165, (290, 242): 165, (291, 10): 33, (291, 343): 33, (292, 131): 55, (292, 222): 55, (293, 26): 110, (293, 327): 110, (301, 78): 55, (301, 275): 55, (304, 19): 330, (304, 334): 330, (305, 34): 330, (305, 319): 330, (306, 67): 66, (306, 286): 66, (308, 43): 330, (308, 310): 330, (310, 31): 330, (310, 322): 330, (311, 51): 110, (311, 302): 110, (314, 165): 165, (314, 188): 165, (316, 153): 66, (316, 200): 66, (318, 2): 55, (318, 351): 55, (319, 85): 165, (319, 268): 165, (321, 79): 55, (321, 274): 55, (322, 35): 66, (322, 318): 66, (323, 150): 66, (323, 203): 66, (328, 59): 55, (328, 294): 55, (329, 132): 165, (329, 221): 165, (333, 93): 30, (333, 260): 30, (335, 23): 110, (335, 330): 110, (338, 173): 22, (338, 180): 22, (339, 3): 5, (339, 350): 5, (341, 157): 330, (341, 196): 330, (343, 171): 330, (343, 182): 330, (344, 33): 55, (344, 320): 55, (348, 117): 165, (348, 236): 165, (350, 50): 330, (350, 303): 330, (351, 109): 55, (351, 244): 55, (352, 57): 165, (352, 296): 165}
 
359, 339, True, 3, 113
{'infinity': 1, (0, 143): 339, (0, 216): 339, (2, 20): 339, (2, 339): 339, (3, 25): 339, (3, 334): 339, (5, 8): 339, (5, 351): 339, (6, 38): 113, (6, 321): 113, (8, 4): 113, (8, 355): 113, (9, 178): 339, (9, 181): 339, (12, 46): 339, (12, 313): 339, (13, 124): 339, (13, 235): 339, (16, 71): 339, (16, 288): 339, (19, 105): 339, (19, 254): 339, (20, 169): 339, (20, 190): 339, (23, 161): 339, (23, 198): 339, (25, 126): 339, (25, 233): 339, (30, 23): 339, (30, 336): 339, (32, 19): 339, (32, 340): 339, (36, 49): 339, (36, 310): 339, (39, 177): 113, (39, 182): 113, (43, 84): 339, (43, 275): 339, (45, 15): 339, (45, 344): 339, (46, 25): 339, (46, 334): 339, (48, 160): 113, (48, 199): 113, (51, 69): 339, (51, 290): 339, (52, 133): 113, (52, 226): 113, (57, 121): 339, (57, 238): 339, (60, 74): 339, (60, 285): 339, (64, 64): 339, (64, 295): 339, (65, 109): 339, (65, 250): 339, (67, 166): 113, (67, 193): 113, (68, 65): 339, (68, 294): 339, (69, 155): 113, (69, 204): 113, (72, 12): 339, (72, 347): 339, (75, 144): 113, (75, 215): 113, (76, 146): 339, (76, 213): 339, (77, 177): 113, (77, 182): 113, (78, 171): 339, (78, 188): 339, (82, 119): 339, (82, 240): 339, (83, 29): 339, (83, 330): 339, (86, 40): 113, (86, 319): 113, (87, 3): 339, (87, 356): 339, (89, 169): 339, (89, 190): 339, (91, 154): 113, (91, 205): 113, (92, 109): 339, (92, 250): 339, (93, 96): 339, (93, 263): 339, (95, 136): 339, (95, 223): 339, (96, 80): 339, (96, 279): 339, (99, 23): 339, (99, 336): 339, (100, 111): 113, (100, 248): 113, (101, 73): 339, (101, 286): 339, (102, 154): 339, (102, 205): 339, (105, 71): 339, (105, 288): 339, (106, 114): 113, (106, 245): 113, (107, 7): 113, (107, 352): 113, (109, 172): 339, (109, 187): 339, (113, 163): 339, (113, 196): 339, (114, 32): 113, (114, 327): 113, (118, 67): 339, (118, 292): 339, (119, 5): 339, (119, 354): 339, (121, 114): 339, (121, 245): 339, (128, 42): 339, (128, 317): 339, (131, 114): 339, (131, 245): 339, (133, 19): 339, (133, 340): 339, (137, 108): 339, (137, 251): 339, (142, 61): 339, (142, 298): 339, (143, 64): 339, (143, 295): 339, (147, 105): 113, (147, 254): 113, (149, 113): 339, (149, 246): 339, (151, 64): 113, (151, 295): 113, (153, 173): 113, (153, 186): 113, (154, 41): 339, (154, 318): 339, (155, 92): 339, (155, 267): 339, (156, 91): 339, (156, 268): 339, (158, 18): 113, (158, 341): 113, (159, 137): 339, (159, 222): 339, (161, 4): 339, (161, 355): 339, (165, 154): 339, (165, 205): 339, (170, 68): 339, (170, 291): 339, (172, 168): 339, (172, 191): 339, (177, 157): 339, (177, 202): 339, (179, 175): 339, (179, 184): 339, (181, 112): 113, (181, 247): 113, (185, 16): 113, (185, 343): 113, (188, 30): 339, (188, 329): 339, (189, 4): 339, (189, 355): 339, (192, 105): 339, (192, 254): 339, (193, 19): 113, (193, 340): 113, (194, 52): 113, (194, 307): 113, (195, 175): 339, (195, 184): 339, (198, 176): 113, (198, 183): 113, (200, 116): 3, (200, 243): 3, (201, 109): 339, (201, 250): 339, (204, 83): 339, (204, 276): 339, (208, 158): 113, (208, 201): 113, (209, 158): 113, (209, 201): 113, (211, 57): 339, (211, 302): 339, (212, 140): 113, (212, 219): 113, (217, 107): 339, (217, 252): 339, (218, 102): 113, (218, 257): 113, (220, 54): 339, (220, 305): 339, (221, 97): 339, (221, 262): 339, (224, 82): 113, (224, 277): 113, (225, 16): 339, (225, 343): 339, (229, 23): 113, (229, 336): 113, (231, 176): 339, (231, 183): 339, (232, 102): 339, (232, 257): 339, (237, 71): 339, (237, 288): 339, (239, 77): 339, (239, 282): 339, (242, 177): 113, (242, 182): 113, (243, 140): 339, (243, 219): 339, (245, 13): 113, (245, 346): 113, (246, 57): 113, (246, 302): 113, (248, 92): 339, (248, 267): 339, (249, 169): 113, (249, 190): 113, (250, 110): 339, (250, 249): 339, (252, 113): 113, (252, 246): 113, (254, 99): 339, (254, 260): 339, (255, 132): 113, (255, 227): 113, (260, 57): 339, (260, 302): 339, (261, 95): 113, (261, 264): 113, (262, 140): 339, (262, 219): 339, (267, 102): 339, (267, 257): 339, (271, 2): 339, (271, 357): 339, (272, 89): 339, (272, 270): 339, (273, 75): 113, (273, 284): 113, (274, 149): 113, (274, 210): 113, (279, 37): 113, (279, 322): 113, (281, 61): 339, (281, 298): 339, (282, 167): 339, (282, 192): 339, (285, 3): 339, (285, 356): 339, (286, 111): 339, (286, 248): 339, (287, 12): 339, (287, 347): 339, (288, 176): 339, (288, 183): 339, (290, 125): 113, (290, 234): 113, (291, 42): 339, (291, 317): 339, (294, 61): 339, (294, 298): 339, (297, 76): 339, (297, 283): 339, (298, 42): 113, (298, 317): 113, (300, 158): 113, (300, 201): 113, (301, 58): 339, (301, 301): 339, (304, 47): 113, (304, 312): 113, (306, 35): 339, (306, 324): 339, (307, 16): 339, (307, 343): 339, (308, 43): 113, (308, 316): 113, (309, 25): 339, (309, 334): 339, (310, 170): 339, (310, 189): 339, (314, 92): 113, (314, 267): 113, (316, 113): 339, (316, 246): 339, (318, 62): 339, (318, 297): 339, (320, 104): 339, (320, 255): 339, (322, 50): 339, (322, 309): 339, (324, 22): 339, (324, 337): 339, (326, 101): 113, (326, 258): 113, (328, 106): 339, (328, 253): 339, (330, 117): 113, (330, 242): 113, (331, 111): 339, (331, 248): 339, (332, 138): 113, (332, 221): 113, (340, 126): 339, (340, 233): 339, (342, 90): 113, (342, 269): 113, (343, 175): 113, (343, 184): 113, (344, 156): 339, (344, 203): 339, (345, 3): 113, (345, 356): 113, (346, 33): 113, (346, 326): 113, (347, 124): 113, (347, 235): 113, (349, 100): 339, (349, 259): 339, (352, 126): 339, (352, 233): 339, (353, 6): 339, (353, 353): 339, (354, 26): 113, (354, 333): 113, (357, 124): 339, (357, 235): 339, (358, 12): 113, (358, 347): 113}
 
367, 390, True, 3, 130
{'infinity': 1, (1, 26): 195, (1, 341): 195, (2, 13): 13, (2, 354): 13, (5, 172): 78, (5, 195): 78, (7, 30): 65, (7, 337): 65, (8, 56): 195, (8, 311): 195, (10, 77): 195, (10, 290): 195, (11, 99): 390, (11, 268): 390, (12, 23): 130, (12, 344): 130, (14, 14): 390, (14, 353): 390, (16, 91): 10, (16, 276): 10, (17, 104): 130, (17, 263): 130, (19, 86): 78, (19, 281): 78, (21, 6): 390, (21, 361): 390, (22, 119): 390, (22, 248): 390, (23, 80): 390, (23, 287): 390, (25, 179): 390, (25, 188): 390, (26, 70): 130, (26, 297): 130, (29, 61): 390, (29, 306): 390, (30, 79): 13, (30, 288): 13, (31, 52): 130, (31, 315): 130, (32, 55): 390, (32, 312): 390, (33, 139): 195, (33, 228): 195, (38, 157): 195, (38, 210): 195, (39, 146): 195, (39, 221): 195, (40, 128): 39, (40, 239): 39, (42, 131): 130, (42, 236): 130, (43, 102): 39, (43, 265): 39, (44, 139): 195, (44, 228): 195, (49, 11): 195, (49, 356): 195, (50, 9): 390, (50, 358): 390, (51, 38): 195, (51, 329): 195, (53, 124): 78, (53, 243): 78, (59, 67): 195, (59, 300): 195, (60, 51): 390, (60, 316): 390, (63, 97): 130, (63, 270): 130, (67, 172): 39, (67, 195): 39, (68, 63): 65, (68, 304): 65, (69, 28): 130, (69, 339): 130, (70, 95): 390, (70, 272): 390, (71, 107): 390, (71, 260): 390, (72, 33): 65, (72, 334): 65, (73, 74): 195, (73, 293): 195, (75, 23): 195, (75, 344): 195, (76, 105): 390, (76, 262): 390, (78, 0): 2, (79, 12): 65, (79, 355): 65, (80, 146): 195, (80, 221): 195, (81, 166): 390, (81, 201): 390, (84, 28): 78, (84, 339): 78, (85, 122): 195, (85, 245): 195, (88, 183): 26, (88, 184): 26, (89, 102): 390, (89, 265): 390, (90, 103): 390, (90, 264): 390, (91, 142): 65, (91, 225): 65, (92, 104): 39, (92, 263): 39, (93, 162): 39, (93, 205): 39, (95, 112): 390, (95, 255): 390, (97, 166): 78, (97, 201): 78, (103, 65): 195, (103, 302): 195, (106, 50): 3, (106, 317): 3, (108, 129): 65, (108, 238): 65, (112, 32): 78, (112, 335): 78, (113, 30): 130, (113, 337): 130, (114, 33): 39, (114, 334): 39, (115, 70): 5, (115, 297): 5, (116, 154): 390, (116, 213): 390, (117, 113): 390, (117, 254): 390, (118, 18): 390, (118, 349): 390, (119, 103): 65, (119, 264): 65, (120, 18): 130, (120, 349): 130, (124, 154): 195, (124, 213): 195, (126, 154): 130, (126, 213): 130, (128, 18): 195, (128, 349): 195, (129, 86): 65, (129, 281): 65, (134, 56): 195, (134, 311): 195, (135, 170): 65, (135, 197): 65, (136, 64): 390, (136, 303): 390, (139, 26): 195, (139, 341): 195, (141, 167): 13, (141, 200): 13, (142, 3): 195, (142, 364): 195, (144, 51): 195, (144, 316): 195, (145, 34): 195, (145, 333): 195, (148, 135): 390, (148, 232): 390, (155, 77): 390, (155, 290): 390, (157, 103): 78, (157, 264): 78, (158, 7): 26, (158, 360): 26, (159, 127): 15, (159, 240): 15, (160, 52): 15, (160, 315): 15, (162, 51): 130, (162, 316): 130, (165, 96): 195, (165, 271): 195, (167, 106): 5, (167, 261): 5, (168, 155): 78, (168, 212): 78, (169, 92): 65, (169, 275): 65, (171, 89): 130, (171, 278): 130, (173, 150): 195, (173, 217): 195, (175, 52): 78, (175, 315): 78, (177, 121): 78, (177, 246): 78, (180, 33): 195, (180, 334): 195, (182, 37): 65, (182, 330): 65, (183, 125): 39, (183, 242): 39, (185, 10): 39, (185, 357): 39, (187, 20): 26, (187, 347): 26, (188, 166): 195, (188, 201): 195, (190, 75): 65, (190, 292): 65, (193, 24): 130, (193, 343): 130, (194, 180): 390, (194, 187): 390, (195, 8): 13, (195, 359): 13, (196, 126): 195, (196, 241): 195, (201, 77): 390, (201, 290): 390, (213, 28): 195, (213, 339): 195, (215, 177): 39, (215, 190): 39, (217, 171): 130, (217, 196): 130, (218, 86): 390, (218, 281): 390, (219, 133): 78, (219, 234): 78, (223, 140): 65, (223, 227): 65, (224, 56): 65, (224, 311): 65, (225, 70): 130, (225, 297): 130, (226, 26): 65, (226, 341): 65, (228, 118): 26, (228, 249): 26, (229, 41): 65, (229, 326): 65, (230, 110): 390, (230, 257): 390, (231, 72): 390, (231, 295): 390, (232, 92): 6, (232, 275): 6, (234, 102): 130, (234, 265): 130, (235, 37): 390, (235, 330): 390, (238, 3): 30, (238, 364): 30, (239, 121): 195, (239, 246): 195, (240, 171): 195, (240, 196): 195, (242, 4): 13, (242, 363): 13, (244, 126): 65, (244, 241): 65, (246, 30): 130, (246, 337): 130, (247, 146): 39, (247, 221): 39, (248, 160): 39, (248, 207): 39, (251, 133): 195, (251, 234): 195, (254, 87): 390, (254, 280): 390, (257, 104): 390, (257, 263): 390, (260, 165): 65, (260, 202): 65, (263, 133): 390, (263, 234): 390, (264, 113): 390, (264, 254): 390, (267, 24): 390, (267, 343): 390, (271, 66): 390, (271, 301): 390, (272, 149): 130, (272, 218): 130, (273, 24): 195, (273, 343): 195, (275, 39): 390, (275, 328): 390, (276, 171): 390, (276, 196): 390, (278, 150): 65, (278, 217): 65, (279, 23): 390, (279, 344): 390, (280, 137): 195, (280, 230): 195, (282, 150): 15, (282, 217): 15, (283, 42): 390, (283, 325): 390, (286, 64): 195, (286, 303): 195, (287, 164): 195, (287, 203): 195, (289, 139): 13, (289, 228): 13, (291, 134): 195, (291, 233): 195, (292, 25): 195, (292, 342): 195, (293, 126): 195, (293, 241): 195, (294, 172): 26, (294, 195): 26, (296, 46): 30, (296, 321): 30, (298, 117): 65, (298, 250): 65, (300, 129): 130, (300, 238): 130, (303, 44): 65, (303, 323): 65, (305, 116): 195, (305, 251): 195, (307, 158): 195, (307, 209): 195, (309, 132): 39, (309, 235): 39, (310, 108): 390, (310, 259): 390, (311, 64): 26, (311, 303): 26, (312, 161): 195, (312, 206): 195, (315, 76): 195, (315, 291): 195, (316, 37): 390, (316, 330): 390, (317, 121): 30, (317, 246): 30, (320, 78): 15, (320, 289): 15, (321, 95): 390, (321, 272): 390, (323, 163): 130, (323, 204): 130, (325, 129): 130, (325, 238): 130, (326, 17): 195, (326, 350): 195, (327, 93): 390, (327, 274): 390, (328, 16): 390, (328, 351): 390, (329, 107): 195, (329, 260): 195, (332, 92): 390, (332, 275): 390, (333, 107): 130, (333, 260): 130, (336, 40): 195, (336, 327): 195, (338, 38): 130, (338, 329): 130, (339, 2): 390, (339, 365): 390, (341, 169): 78, (341, 198): 78, (342, 95): 195, (342, 272): 195, (344, 38): 390, (344, 329): 390, (345, 49): 10, (345, 318): 10, (346, 101): 195, (346, 266): 195, (348, 179): 65, (348, 188): 65, (351, 82): 30, (351, 285): 30, (352, 113): 65, (352, 254): 65, (353, 3): 130, (353, 364): 130, (357, 147): 195, (357, 220): 195, (360, 179): 390, (360, 188): 390, (366, 53): 65, (366, 314): 65}
 
373, 378, False, 18, 21
{'infinity': 1, (2, 57): 42, (2, 316): 42, (5, 47): 126, (5, 326): 126, (6, 100): 126, (6, 273): 126, (7, 139): 42, (7, 234): 42, (9, 146): 126, (9, 227): 126, (11, 6): 14, (11, 367): 14, (13, 17): 126, (13, 356): 126, (14, 158): 63, (14, 215): 63, (15, 78): 63, (15, 295): 63, (16, 152): 63, (16, 221): 63, (20, 52): 18, (20, 321): 18, (27, 186): 63, (27, 187): 63, (29, 77): 21, (29, 296): 21, (30, 168): 9, (30, 205): 9, (31, 158): 3, (31, 215): 3, (32, 92): 63, (32, 281): 63, (33, 61): 126, (33, 312): 126, (35, 174): 3, (35, 199): 3, (36, 55): 126, (36, 318): 126, (38, 88): 9, (38, 285): 9, (41, 122): 126, (41, 251): 126, (42, 144): 42, (42, 229): 42, (45, 100): 63, (45, 273): 63, (46, 137): 126, (46, 236): 126, (48, 81): 63, (48, 292): 63, (51, 145): 9, (51, 228): 9, (52, 81): 21, (52, 292): 21, (54, 31): 63, (54, 342): 63, (56, 142): 6, (56, 231): 6, (57, 60): 63, (57, 313): 63, (60, 82): 6, (60, 291): 6, (62, 167): 42, (62, 206): 42, (63, 70): 63, (63, 303): 63, (65, 178): 21, (65, 195): 21, (67, 27): 63, (67, 346): 63, (68, 31): 21, (68, 342): 21, (69, 22): 42, (69, 351): 42, (71, 28): 126, (71, 345): 126, (72, 9): 63, (72, 364): 63, (74, 27): 63, (74, 346): 63, (76, 36): 126, (76, 337): 126, (81, 24): 126, (81, 349): 126, (82, 58): 126, (82, 315): 126, (83, 54): 63, (83, 319): 63, (84, 43): 126, (84, 330): 126, (85, 13): 42, (85, 360): 42, (86, 150): 63, (86, 223): 63, (88, 127): 42, (88, 246): 42, (89, 11): 63, (89, 362): 63, (91, 54): 42, (91, 319): 42, (93, 93): 126, (93, 280): 126, (95, 126): 42, (95, 247): 42, (96, 4): 126, (96, 369): 126, (97, 20): 63, (97, 353): 63, (98, 168): 7, (98, 205): 7, (101, 131): 21, (101, 242): 21, (102, 82): 63, (102, 291): 63, (103, 92): 126, (103, 281): 126, (104, 58): 126, (104, 315): 126, (105, 3): 126, (105, 370): 126, (106, 148): 126, (106, 225): 126, (108, 108): 3, (108, 265): 3, (111, 91): 63, (111, 282): 63, (114, 52): 126, (114, 321): 126, (115, 47): 126, (115, 326): 126, (118, 70): 6, (118, 303): 6, (119, 65): 126, (119, 308): 126, (120, 49): 42, (120, 324): 42, (122, 170): 21, (122, 203): 21, (124, 171): 18, (124, 202): 18, (126, 130): 21, (126, 243): 21, (127, 62): 42, (127, 311): 42, (130, 60): 126, (130, 313): 126, (137, 136): 21, (137, 237): 21, (138, 0): 2, (143, 69): 126, (143, 304): 126, (144, 167): 126, (144, 206): 126, (145, 6): 63, (145, 367): 63, (146, 88): 18, (146, 285): 18, (148, 174): 63, (148, 199): 63, (149, 178): 126, (149, 195): 126, (151, 90): 21, (151, 283): 21, (152, 32): 126, (152, 341): 126, (153, 97): 42, (153, 276): 42, (154, 8): 21, (154, 365): 21, (158, 178): 18, (158, 195): 18, (160, 140): 63, (160, 233): 63, (164, 181): 126, (164, 192): 126, (166, 167): 63, (166, 206): 63, (167, 156): 63, (167, 217): 63, (168, 155): 63, (168, 218): 63, (169, 35): 63, (169, 338): 63, (172, 172): 126, (172, 201): 126, (175, 87): 9, (175, 286): 9, (176, 169): 9, (176, 204): 9, (177, 16): 63, (177, 357): 63, (185, 60): 126, (185, 313): 126, (186, 58): 21, (186, 315): 21, (188, 88): 18, (188, 285): 18, (189, 174): 63, (189, 199): 63, (191, 70): 126, (191, 303): 126, (192, 42): 18, (192, 331): 18, (198, 54): 126, (198, 319): 126, (202, 83): 21, (202, 290): 21, (204, 153): 9, (204, 220): 9, (206, 95): 21, (206, 278): 21, (209, 35): 9, (209, 338): 9, (210, 82): 126, (210, 291): 126, (212, 66): 42, (212, 307): 42, (214, 177): 42, (214, 196): 42, (215, 26): 42, (215, 347): 42, (216, 6): 126, (216, 367): 126, (217, 135): 42, (217, 238): 42, (219, 102): 63, (219, 271): 63, (222, 103): 21, (222, 270): 21, (223, 133): 126, (223, 240): 126, (224, 104): 21, (224, 269): 21, (230, 183): 126, (230, 190): 126, (231, 27): 63, (231, 346): 63, (234, 135): 18, (234, 238): 18, (237, 92): 126, (237, 281): 126, (238, 52): 63, (238, 321): 63, (239, 63): 63, (239, 310): 63, (241, 165): 9, (241, 208): 9, (244, 168): 63, (244, 205): 63, (246, 39): 21, (246, 334): 21, (250, 31): 63, (250, 342): 63, (252, 47): 63, (252, 326): 63, (253, 25): 63, (253, 348): 63, (255, 133): 63, (255, 240): 63, (258, 125): 63, (258, 248): 63, (261, 185): 21, (261, 188): 21, (262, 69): 63, (262, 304): 63, (263, 177): 126, (263, 196): 126, (264, 115): 126, (264, 258): 126, (265, 8): 126, (265, 365): 126, (267, 133): 14, (267, 240): 14, (268, 177): 63, (268, 196): 63, (269, 166): 126, (269, 207): 126, (272, 81): 63, (272, 292): 63, (273, 179): 14, (273, 194): 14, (275, 42): 63, (275, 331): 63, (278, 42): 42, (278, 331): 42, (281, 3): 126, (281, 370): 126, (282, 76): 9, (282, 297): 9, (285, 21): 63, (285, 352): 63, (287, 89): 18, (287, 284): 18, (288, 93): 126, (288, 280): 126, (289, 159): 42, (289, 214): 42, (294, 135): 63, (294, 238): 63, (296, 106): 63, (296, 267): 63, (297, 68): 126, (297, 305): 126, (298, 13): 7, (298, 360): 7, (299, 130): 126, (299, 243): 126, (301, 170): 21, (301, 203): 21, (302, 86): 63, (302, 287): 63, (304, 7): 126, (304, 366): 126, (307, 114): 21, (307, 259): 21, (310, 176): 18, (310, 197): 18, (313, 48): 7, (313, 325): 7, (316, 37): 42, (316, 336): 42, (318, 98): 6, (318, 275): 6, (320, 130): 126, (320, 243): 126, (321, 100): 42, (321, 273): 42, (322, 170): 3, (322, 203): 3, (326, 8): 126, (326, 365): 126, (327, 158): 63, (327, 215): 63, (329, 121): 126, (329, 252): 126, (330, 109): 21, (330, 264): 21, (331, 184): 126, (331, 189): 126, (332, 2): 63, (332, 371): 63, (336, 120): 63, (336, 253): 63, (338, 141): 126, (338, 232): 126, (340, 69): 42, (340, 304): 42, (341, 117): 63, (341, 256): 63, (343, 142): 42, (343, 231): 42, (344, 71): 126, (344, 302): 126, (346, 142): 21, (346, 231): 21, (350, 151): 126, (350, 222): 126, (351, 107): 63, (351, 266): 63, (355, 160): 63, (355, 213): 63, (357, 59): 63, (357, 314): 63, (359, 3): 21, (359, 370): 21, (360, 111): 42, (360, 262): 42, (362, 13): 42, (362, 360): 42, (363, 72): 63, (363, 301): 63, (364, 93): 21, (364, 280): 21, (367, 35): 21, (367, 338): 21, (370, 123): 126, (370, 250): 126}
 
379, 399, True, 3, 133
{'infinity': 1, (0, 25): 133, (0, 354): 133, (1, 114): 399, (1, 265): 399, (2, 19): 7, (2, 360): 7, (6, 7): 133, (6, 372): 133, (7, 52): 133, (7, 327): 133, (8, 188): 399, (8, 191): 399, (9, 111): 399, (9, 268): 399, (11, 145): 399, (11, 234): 399, (12, 29): 133, (12, 350): 133, (17, 59): 133, (17, 320): 133, (22, 2): 399, (22, 377): 399, (26, 98): 133, (26, 281): 133, (27, 16): 133, (27, 363): 133, (30, 98): 399, (30, 281): 399, (34, 3): 133, (34, 376): 133, (35, 10): 133, (35, 369): 133, (36, 85): 399, (36, 294): 399, (42, 66): 133, (42, 313): 133, (45, 4): 399, (45, 375): 399, (47, 185): 399, (47, 194): 399, (48, 34): 399, (48, 345): 399, (49, 69): 21, (49, 310): 21, (50, 18): 399, (50, 361): 399, (53, 149): 399, (53, 230): 399, (54, 171): 19, (54, 208): 19, (56, 89): 19, (56, 290): 19, (57, 163): 19, (57, 216): 19, (58, 9): 133, (58, 370): 133, (59, 138): 133, (59, 241): 133, (60, 40): 399, (60, 339): 399, (62, 34): 7, (62, 345): 7, (64, 97): 399, (64, 282): 399, (66, 16): 133, (66, 363): 133, (70, 163): 399, (70, 216): 399, (77, 47): 399, (77, 332): 399, (79, 162): 399, (79, 217): 399, (80, 184): 399, (80, 195): 399, (82, 184): 133, (82, 195): 133, (83, 22): 21, (83, 357): 21, (86, 112): 57, (86, 267): 57, (88, 117): 399, (88, 262): 399, (89, 29): 399, (89, 350): 399, (91, 72): 133, (91, 307): 133, (92, 28): 399, (92, 351): 399, (94, 189): 399, (94, 190): 399, (97, 10): 19, (97, 369): 19, (98, 177): 133, (98, 202): 133, (99, 84): 133, (99, 295): 133, (102, 55): 133, (102, 324): 133, (105, 110): 399, (105, 269): 399, (106, 40): 133, (106, 339): 133, (107, 68): 399, (107, 311): 399, (108, 43): 399, (108, 336): 399, (109, 122): 399, (109, 257): 399, (110, 23): 3, (110, 356): 3, (111, 187): 399, (111, 192): 399, (112, 89): 399, (112, 290): 399, (113, 81): 19, (113, 298): 19, (114, 14): 399, (114, 365): 399, (116, 30): 133, (116, 349): 133, (117, 172): 133, (117, 207): 133, (118, 178): 133, (118, 201): 133, (119, 39): 399, (119, 340): 399, (120, 96): 399, (120, 283): 399, (122, 42): 133, (122, 337): 133, (124, 118): 57, (124, 261): 57, (128, 42): 133, (128, 337): 133, (129, 133): 399, (129, 246): 399, (130, 118): 57, (130, 261): 57, (131, 158): 133, (131, 221): 133, (133, 12): 399, (133, 367): 399, (134, 148): 133, (134, 231): 133, (135, 49): 133, (135, 330): 133, (137, 99): 57, (137, 280): 57, (138, 58): 399, (138, 321): 399, (140, 66): 399, (140, 313): 399, (144, 86): 133, (144, 293): 133, (147, 79): 399, (147, 300): 399, (148, 6): 399, (148, 373): 399, (150, 53): 399, (150, 326): 399, (152, 138): 57, (152, 241): 57, (153, 108): 399, (153, 271): 399, (154, 176): 57, (154, 203): 57, (155, 7): 399, (155, 372): 399, (157, 11): 133, (157, 368): 133, (158, 62): 399, (158, 317): 399, (159, 63): 399, (159, 316): 399, (161, 140): 399, (161, 239): 399, (164, 56): 399, (164, 323): 399, (167, 138): 399, (167, 241): 399, (168, 91): 399, (168, 288): 399, (170, 85): 133, (170, 294): 133, (171, 166): 399, (171, 213): 399, (172, 85): 57, (172, 294): 57, (173, 65): 57, (173, 314): 57, (176, 70): 399, (176, 309): 399, (179, 165): 133, (179, 214): 133, (182, 114): 399, (182, 265): 399, (189, 141): 399, (189, 238): 399, (190, 45): 399, (190, 334): 399, (191, 146): 399, (191, 233): 399, (195, 114): 399, (195, 265): 399, (196, 66): 399, (196, 313): 399, (197, 175): 399, (197, 204): 399, (198, 76): 21, (198, 303): 21, (200, 160): 399, (200, 219): 399, (201, 74): 399, (201, 305): 399, (202, 104): 399, (202, 275): 399, (204, 45): 399, (204, 334): 399, (205, 105): 133, (205, 274): 133, (206, 135): 399, (206, 244): 399, (209, 82): 399, (209, 297): 399, (210, 89): 399, (210, 290): 399, (212, 40): 399, (212, 339): 399, (215, 143): 133, (215, 236): 133, (216, 184): 399, (216, 195): 399, (217, 7): 399, (217, 372): 399, (219, 5): 399, (219, 374): 399, (222, 78): 133, (222, 301): 133, (226, 78): 133, (226, 301): 133, (227, 87): 133, (227, 292): 133, (228, 180): 399, (228, 199): 399, (232, 51): 19, (232, 328): 19, (233, 37): 399, (233, 342): 399, (234, 20): 57, (234, 359): 57, (235, 107): 133, (235, 272): 133, (236, 135): 399, (236, 244): 399, (237, 166): 133, (237, 213): 133, (241, 123): 133, (241, 256): 133, (243, 174): 7, (243, 205): 7, (246, 10): 133, (246, 369): 133, (247, 8): 57, (247, 371): 57, (249, 82): 399, (249, 297): 399, (250, 181): 399, (250, 198): 399, (251, 163): 399, (251, 216): 399, (253, 12): 399, (253, 367): 399, (259, 87): 399, (259, 292): 399, (260, 39): 133, (260, 340): 133, (261, 83): 399, (261, 296): 399, (265, 183): 399, (265, 196): 399, (267, 15): 133, (267, 364): 133, (268, 34): 399, (268, 345): 399, (271, 87): 399, (271, 292): 399, (272, 86): 21, (272, 293): 21, (276, 152): 399, (276, 227): 399, (277, 29): 399, (277, 350): 399, (278, 158): 19, (278, 221): 19, (279, 27): 57, (279, 352): 57, (281, 96): 399, (281, 283): 399, (284, 91): 133, (284, 288): 133, (285, 16): 133, (285, 363): 133, (287, 115): 57, (287, 264): 57, (288, 11): 399, (288, 368): 399, (290, 43): 399, (290, 336): 399, (293, 128): 399, (293, 251): 399, (294, 131): 399, (294, 248): 399, (296, 30): 399, (296, 349): 399, (297, 102): 399, (297, 277): 399, (299, 82): 133, (299, 297): 133, (303, 94): 399, (303, 285): 399, (304, 133): 57, (304, 246): 57, (305, 91): 399, (305, 288): 399, (306, 99): 57, (306, 280): 57, (308, 13): 57, (308, 366): 57, (309, 78): 133, (309, 301): 133, (310, 127): 399, (310, 252): 399, (311, 132): 399, (311, 247): 399, (312, 11): 57, (312, 368): 57, (314, 99): 19, (314, 280): 19, (315, 135): 57, (315, 244): 57, (318, 26): 399, (318, 353): 399, (320, 36): 399, (320, 343): 399, (322, 98): 399, (322, 281): 399, (324, 133): 133, (324, 246): 133, (328, 48): 399, (328, 331): 399, (338, 21): 57, (338, 358): 57, (339, 124): 399, (339, 255): 399, (340, 109): 399, (340, 270): 399, (341, 86): 399, (341, 293): 399, (344, 60): 133, (344, 319): 133, (345, 30): 399, (345, 349): 399, (348, 158): 133, (348, 221): 133, (349, 166): 21, (349, 213): 21, (351, 103): 399, (351, 276): 399, (352, 168): 399, (352, 211): 399, (355, 88): 399, (355, 291): 399, (356, 96): 133, (356, 283): 133, (357, 75): 19, (357, 304): 19, (358, 3): 133, (358, 376): 133, (359, 43): 399, (359, 336): 399, (363, 45): 133, (363, 334): 133, (365, 3): 133, (365, 376): 133, (369, 101): 399, (369, 278): 399, (371, 12): 133, (371, 367): 133, (373, 169): 399, (373, 210): 399, (375, 139): 399, (375, 240): 399, (376, 54): 21, (376, 325): 21, (377, 150): 399, (377, 229): 399, (378, 39): 399, (378, 340): 399}
 
383, 378, True, 9, 42
{'infinity': 1, (0, 128): 7, (0, 255): 7, (2, 100): 189, (2, 283): 189, (4, 15): 126, (4, 368): 126, (5, 147): 27, (5, 236): 27, (6, 106): 189, (6, 277): 189, (8, 57): 378, (8, 326): 378, (10, 21): 63, (10, 362): 63, (11, 67): 378, (11, 316): 378, (14, 82): 14, (14, 301): 14, (21, 87): 126, (21, 296): 126, (22, 124): 54, (22, 259): 54, (26, 106): 126, (26, 277): 126, (30, 7): 378, (30, 376): 378, (31, 164): 63, (31, 219): 63, (34, 162): 189, (34, 221): 189, (36, 36): 63, (36, 347): 63, (38, 162): 189, (38, 221): 189, (40, 96): 126, (40, 287): 126, (42, 81): 18, (42, 302): 18, (43, 21): 378, (43, 362): 378, (46, 30): 378, (46, 353): 378, (47, 158): 189, (47, 225): 189, (48, 112): 189, (48, 271): 189, (49, 76): 189, (49, 307): 189, (51, 68): 126, (51, 315): 126, (52, 47): 9, (52, 336): 9, (53, 188): 378, (53, 195): 378, (54, 25): 126, (54, 358): 126, (58, 103): 189, (58, 280): 189, (61, 51): 54, (61, 332): 54, (62, 41): 378, (62, 342): 378, (64, 115): 27, (64, 268): 27, (67, 113): 189, (67, 270): 189, (68, 65): 189, (68, 318): 189, (69, 70): 63, (69, 313): 63, (71, 110): 378, (71, 273): 378, (73, 122): 126, (73, 261): 126, (74, 9): 378, (74, 374): 378, (75, 178): 54, (75, 205): 54, (76, 147): 189, (76, 236): 189, (77, 86): 378, (77, 297): 378, (79, 117): 9, (79, 266): 9, (81, 173): 378, (81, 210): 378, (85, 63): 378, (85, 320): 378, (86, 67): 189, (86, 316): 189, (87, 69): 189, (87, 314): 189, (88, 31): 189, (88, 352): 189, (89, 39): 21, (89, 344): 21, (91, 100): 63, (91, 283): 63, (92, 167): 63, (92, 216): 63, (93, 39): 378, (93, 344): 378, (94, 15): 42, (94, 368): 42, (95, 89): 21, (95, 294): 21, (96, 49): 378, (96, 334): 378, (98, 83): 189, (98, 300): 189, (99, 90): 126, (99, 293): 126, (104, 54): 378, (104, 329): 378, (105, 171): 63, (105, 212): 63, (108, 14): 126, (108, 369): 126, (110, 76): 378, (110, 307): 378, (112, 95): 378, (112, 288): 378, (119, 2): 63, (119, 381): 63, (120, 144): 378, (120, 239): 378, (122, 68): 378, (122, 315): 378, (125, 36): 54, (125, 347): 54, (126, 52): 189, (126, 331): 189, (127, 61): 378, (127, 322): 378, (131, 13): 189, (131, 370): 189, (132, 121): 42, (132, 262): 42, (137, 97): 189, (137, 286): 189, (142, 168): 63, (142, 215): 63, (143, 173): 378, (143, 210): 378, (144, 160): 378, (144, 223): 378, (145, 177): 378, (145, 206): 378, (148, 184): 126, (148, 199): 126, (149, 82): 63, (149, 301): 63, (150, 44): 378, (150, 339): 378, (151, 141): 189, (151, 242): 189, (152, 116): 189, (152, 267): 189, (155, 56): 189, (155, 327): 189, (158, 173): 189, (158, 210): 189, (161, 84): 27, (161, 299): 27, (164, 129): 189, (164, 254): 189, (168, 114): 21, (168, 269): 21, (171, 161): 378, (171, 222): 378, (174, 93): 126, (174, 290): 126, (175, 179): 378, (175, 204): 378, (176, 77): 189, (176, 306): 189, (177, 5): 18, (177, 378): 18, (179, 135): 378, (179, 248): 378, (182, 119): 378, (182, 264): 378, (185, 94): 7, (185, 289): 7, (187, 136): 189, (187, 247): 189, (188, 74): 378, (188, 309): 378, (190, 140): 378, (190, 243): 378, (193, 107): 27, (193, 276): 27, (199, 50): 63, (199, 333): 63, (200, 39): 378, (200, 344): 378, (203, 29): 54, (203, 354): 54, (204, 45): 378, (204, 338): 378, (206, 59): 189, (206, 324): 189, (209, 68): 189, (209, 315): 189, (210, 42): 14, (210, 341): 14, (212, 169): 126, (212, 214): 126, (213, 62): 27, (213, 321): 27, (214, 33): 126, (214, 350): 126, (215, 159): 378, (215, 224): 378, (219, 82): 126, (219, 301): 126, (221, 36): 378, (221, 347): 378, (223, 76): 378, (223, 307): 378, (224, 111): 27, (224, 272): 27, (227, 135): 126, (227, 248): 126, (231, 94): 189, (231, 289): 189, (234, 114): 378, (234, 269): 378, (235, 156): 63, (235, 227): 63, (240, 29): 378, (240, 354): 378, (242, 27): 378, (242, 356): 378, (244, 125): 54, (244, 258): 54, (246, 0): 2, (247, 134): 63, (247, 249): 63, (249, 45): 189, (249, 338): 189, (250, 160): 21, (250, 223): 21, (251, 11): 42, (251, 372): 42, (252, 155): 189, (252, 228): 189, (253, 6): 27, (253, 377): 27, (255, 150): 27, (255, 233): 27, (256, 5): 378, (256, 378): 378, (257, 60): 126, (257, 323): 126, (258, 26): 63, (258, 357): 63, (259, 40): 378, (259, 343): 378, (264, 132): 189, (264, 251): 189, (267, 174): 189, (267, 209): 189, (268, 99): 6, (268, 284): 6, (269, 53): 189, (269, 330): 189, (270, 74): 189, (270, 309): 189, (274, 179): 189, (274, 204): 189, (279, 84): 126, (279, 299): 126, (280, 13): 63, (280, 370): 63, (282, 16): 189, (282, 367): 189, (283, 141): 378, (283, 242): 378, (284, 15): 63, (284, 368): 63, (285, 67): 14, (285, 316): 14, (286, 152): 18, (286, 231): 18, (288, 1): 189, (288, 382): 189, (289, 100): 189, (289, 283): 189, (293, 109): 54, (293, 274): 54, (294, 166): 21, (294, 217): 21, (295, 182): 189, (295, 201): 189, (297, 170): 63, (297, 213): 63, (298, 154): 54, (298, 229): 54, (299, 52): 378, (299, 331): 378, (301, 147): 189, (301, 236): 189, (302, 32): 27, (302, 351): 27, (305, 73): 378, (305, 310): 378, (307, 74): 42, (307, 309): 42, (310, 162): 21, (310, 221): 21, (311, 149): 189, (311, 234): 189, (312, 45): 126, (312, 338): 126, (313, 123): 189, (313, 260): 189, (316, 179): 378, (316, 204): 378, (321, 104): 7, (321, 279): 7, (322, 29): 189, (322, 354): 189, (325, 84): 378, (325, 299): 378, (327, 65): 189, (327, 318): 189, (329, 21): 54, (329, 362): 54, (330, 19): 189, (330, 364): 189, (331, 141): 378, (331, 242): 378, (332, 5): 189, (332, 378): 189, (337, 190): 42, (337, 193): 42, (338, 78): 189, (338, 305): 189, (340, 52): 378, (340, 331): 378, (345, 37): 378, (345, 346): 378, (346, 20): 63, (346, 363): 63, (349, 94): 189, (349, 289): 189, (350, 106): 378, (350, 277): 378, (352, 30): 378, (352, 353): 378, (353, 7): 378, (353, 376): 378, (354, 13): 189, (354, 370): 189, (358, 185): 189, (358, 198): 189, (359, 135): 189, (359, 248): 189, (360, 183): 189, (360, 200): 189, (363, 114): 378, (363, 269): 378, (365, 64): 189, (365, 319): 189, (367, 30): 3, (367, 353): 3, (369, 3): 42, (369, 380): 42, (370, 65): 9, (370, 318): 9, (371, 160): 378, (371, 223): 378, (378, 189): 378, (378, 194): 378, (382, 7): 189, (382, 376): 189}
 
389, 384, False, 12, 32
{'infinity': 1, (0, 154): 96, (0, 235): 96, (3, 149): 96, (3, 240): 96, (5, 100): 12, (5, 289): 12, (6, 78): 24, (6, 311): 24, (10, 14): 16, (10, 375): 16, (12, 174): 48, (12, 215): 48, (15, 82): 96, (15, 307): 96, (17, 102): 3, (17, 287): 3, (21, 115): 16, (21, 274): 16, (26, 36): 32, (26, 353): 32, (27, 168): 96, (27, 221): 96, (28, 95): 8, (28, 294): 8, (32, 144): 96, (32, 245): 96, (33, 180): 96, (33, 209): 96, (38, 93): 48, (38, 296): 48, (39, 42): 24, (39, 347): 24, (41, 34): 96, (41, 355): 96, (42, 84): 16, (42, 305): 16, (43, 71): 48, (43, 318): 48, (47, 74): 96, (47, 315): 96, (48, 152): 96, (48, 237): 96, (53, 162): 96, (53, 227): 96, (57, 121): 24, (57, 268): 24, (61, 71): 96, (61, 318): 96, (62, 131): 48, (62, 258): 48, (63, 93): 24, (63, 296): 24, (67, 176): 96, (67, 213): 96, (69, 115): 96, (69, 274): 96, (72, 141): 16, (72, 248): 16, (73, 98): 96, (73, 291): 96, (80, 180): 48, (80, 209): 48, (81, 57): 96, (81, 332): 96, (82, 139): 96, (82, 250): 96, (83, 60): 24, (83, 329): 24, (84, 7): 48, (84, 382): 48, (87, 25): 4, (87, 364): 4, (92, 53): 96, (92, 336): 96, (94, 19): 96, (94, 370): 96, (95, 138): 96, (95, 251): 96, (97, 46): 32, (97, 343): 32, (99, 19): 32, (99, 370): 32, (100, 127): 48, (100, 262): 48, (102, 117): 48, (102, 272): 48, (105, 16): 32, (105, 373): 32, (106, 83): 96, (106, 306): 96, (109, 192): 16, (109, 197): 16, (110, 31): 96, (110, 358): 96, (112, 0): 2, (114, 75): 48, (114, 314): 48, (115, 189): 96, (115, 200): 96, (119, 77): 24, (119, 312): 24, (120, 16): 32, (120, 373): 32, (123, 110): 48, (123, 279): 48, (126, 111): 48, (126, 278): 48, (129, 129): 32, (129, 260): 32, (130, 178): 48, (130, 211): 48, (132, 166): 96, (132, 223): 96, (139, 190): 24, (139, 199): 24, (142, 94): 96, (142, 295): 96, (145, 140): 24, (145, 249): 24, (146, 149): 32, (146, 240): 32, (147, 28): 96, (147, 361): 96, (150, 109): 96, (150, 280): 96, (151, 139): 48, (151, 250): 48, (153, 173): 6, (153, 216): 6, (154, 40): 16, (154, 349): 16, (155, 139): 32, (155, 250): 32, (157, 185): 12, (157, 204): 12, (159, 1): 24, (159, 388): 24, (160, 96): 32, (160, 293): 32, (162, 14): 96, (162, 375): 96, (163, 16): 8, (163, 373): 8, (164, 36): 16, (164, 353): 16, (165, 67): 32, (165, 322): 32, (168, 124): 12, (168, 265): 12, (169, 20): 96, (169, 369): 96, (170, 164): 32, (170, 225): 32, (171, 62): 32, (171, 327): 32, (173, 144): 24, (173, 245): 24, (177, 23): 96, (177, 366): 96, (178, 48): 96, (178, 341): 96, (181, 153): 96, (181, 236): 96, (182, 142): 48, (182, 247): 48, (183, 144): 96, (183, 245): 96, (185, 102): 96, (185, 287): 96, (186, 102): 96, (186, 287): 96, (189, 172): 16, (189, 217): 16, (190, 78): 4, (190, 311): 4, (191, 8): 48, (191, 381): 48, (192, 78): 24, (192, 311): 24, (195, 19): 48, (195, 370): 48, (196, 89): 96, (196, 300): 96, (197, 113): 32, (197, 276): 32, (198, 36): 32, (198, 353): 32, (200, 177): 96, (200, 212): 96, (204, 182): 96, (204, 207): 96, (209, 66): 96, (209, 323): 96, (210, 107): 12, (210, 282): 12, (211, 39): 12, (211, 350): 12, (212, 58): 16, (212, 331): 16, (215, 85): 8, (215, 304): 8, (216, 14): 96, (216, 375): 96, (222, 73): 32, (222, 316): 32, (223, 11): 96, (223, 378): 96, (224, 179): 32, (224, 210): 32, (225, 106): 96, (225, 283): 96, (227, 23): 96, (227, 366): 96, (229, 65): 96, (229, 324): 96, (230, 39): 12, (230, 350): 12, (233, 13): 8, (233, 376): 8, (235, 43): 12, (235, 346): 12, (237, 116): 48, (237, 273): 48, (239, 149): 48, (239, 240): 48, (240, 105): 96, (240, 284): 96, (242, 120): 32, (242, 269): 32, (248, 112): 32, (248, 277): 32, (249, 13): 32, (249, 376): 32, (251, 89): 16, (251, 300): 16, (252, 21): 48, (252, 368): 48, (253, 146): 48, (253, 243): 48, (254, 179): 48, (254, 210): 48, (255, 65): 24, (255, 324): 24, (256, 170): 48, (256, 219): 48, (257, 47): 96, (257, 342): 96, (258, 184): 16, (258, 205): 16, (260, 38): 96, (260, 351): 96, (262, 80): 32, (262, 309): 32, (263, 106): 48, (263, 283): 48, (265, 59): 48, (265, 330): 48, (269, 11): 16, (269, 378): 16, (273, 164): 16, (273, 225): 16, (275, 180): 32, (275, 209): 32, (276, 175): 32, (276, 214): 32, (277, 50): 4, (277, 339): 4, (278, 119): 24, (278, 270): 24, (279, 111): 32, (279, 278): 32, (284, 71): 96, (284, 318): 96, (285, 11): 96, (285, 378): 96, (286, 5): 48, (286, 384): 48, (287, 93): 16, (287, 296): 16, (288, 142): 8, (288, 247): 8, (289, 106): 32, (289, 283): 32, (291, 140): 8, (291, 249): 8, (293, 65): 32, (293, 324): 32, (295, 13): 32, (295, 376): 32, (298, 115): 96, (298, 274): 96, (299, 179): 96, (299, 210): 96, (302, 77): 48, (302, 312): 48, (303, 49): 96, (303, 340): 96, (304, 191): 48, (304, 198): 48, (307, 142): 48, (307, 247): 48, (308, 30): 6, (308, 359): 6, (309, 136): 96, (309, 253): 96, (312, 173): 12, (312, 216): 12, (315, 51): 24, (315, 338): 24, (318, 9): 96, (318, 380): 96, (319, 76): 4, (319, 313): 4, (324, 69): 32, (324, 320): 32, (326, 110): 48, (326, 279): 48, (328, 110): 12, (328, 279): 12, (329, 167): 32, (329, 222): 32, (330, 89): 96, (330, 300): 96, (331, 7): 8, (331, 382): 8, (332, 0): 2, (333, 0): 2, (334, 164): 32, (334, 225): 32, (335, 46): 32, (335, 343): 32, (336, 39): 4, (336, 350): 4, (337, 143): 8, (337, 246): 8, (340, 90): 96, (340, 299): 96, (341, 140): 12, (341, 249): 12, (343, 41): 12, (343, 348): 12, (345, 46): 4, (345, 343): 4, (346, 24): 96, (346, 365): 96, (350, 181): 96, (350, 208): 96, (353, 45): 96, (353, 344): 96, (356, 77): 16, (356, 312): 16, (357, 123): 48, (357, 266): 48, (359, 17): 96, (359, 372): 96, (362, 7): 48, (362, 382): 48, (363, 74): 96, (363, 315): 96, (364, 32): 96, (364, 357): 96, (367, 74): 24, (367, 315): 24, (368, 63): 6, (368, 326): 6, (369, 2): 96, (369, 387): 96, (372, 111): 96, (372, 278): 96, (373, 23): 16, (373, 366): 16, (374, 104): 48, (374, 285): 48, (375, 3): 32, (375, 386): 32, (380, 122): 32, (380, 267): 32, (385, 134): 96, (385, 255): 96, (386, 88): 24, (386, 301): 24, (387, 151): 12, (387, 238): 12}
 
397, 384, False, 6, 64
{'infinity': 1, (0, 185): 64, (0, 212): 64, (1, 34): 192, (1, 363): 192, (5, 53): 192, (5, 344): 192, (6, 40): 32, (6, 357): 32, (12, 50): 192, (12, 347): 192, (15, 33): 192, (15, 364): 192, (17, 148): 192, (17, 249): 192, (21, 156): 192, (21, 241): 192, (24, 131): 96, (24, 266): 96, (26, 78): 64, (26, 319): 64, (31, 156): 64, (31, 241): 64, (32, 171): 24, (32, 226): 24, (37, 5): 192, (37, 392): 192, (38, 165): 64, (38, 232): 64, (39, 119): 64, (39, 278): 64, (40, 125): 48, (40, 272): 48, (41, 171): 96, (41, 226): 96, (42, 165): 16, (42, 232): 16, (44, 183): 192, (44, 214): 192, (47, 35): 96, (47, 362): 96, (48, 118): 192, (48, 279): 192, (49, 142): 32, (49, 255): 32, (51, 110): 192, (51, 287): 192, (52, 110): 8, (52, 287): 8, (53, 128): 32, (53, 269): 32, (57, 16): 192, (57, 381): 192, (62, 58): 32, (62, 339): 32, (64, 14): 96, (64, 383): 96, (66, 90): 16, (66, 307): 16, (70, 61): 24, (70, 336): 24, (72, 150): 192, (72, 247): 192, (76, 172): 192, (76, 225): 192, (77, 193): 96, (77, 204): 96, (78, 106): 96, (78, 291): 96, (81, 116): 192, (81, 281): 192, (82, 152): 192, (82, 245): 192, (83, 33): 192, (83, 364): 192, (84, 76): 192, (84, 321): 192, (85, 86): 96, (85, 311): 96, (86, 0): 2, (87, 150): 64, (87, 247): 64, (88, 119): 4, (88, 278): 4, (89, 0): 2, (90, 159): 4, (90, 238): 4, (93, 66): 48, (93, 331): 48, (94, 9): 64, (94, 388): 64, (96, 145): 64, (96, 252): 64, (100, 5): 32, (100, 392): 32, (105, 148): 48, (105, 249): 48, (108, 3): 6, (108, 394): 6, (109, 131): 64, (109, 266): 64, (110, 187): 64, (110, 210): 64, (115, 159): 96, (115, 238): 96, (116, 59): 3, (116, 338): 3, (118, 41): 16, (118, 356): 16, (119, 65): 48, (119, 332): 48, (122, 164): 96, (122, 233): 96, (125, 14): 96, (125, 383): 96, (129, 166): 24, (129, 231): 24, (132, 130): 8, (132, 267): 8, (135, 17): 192, (135, 380): 192, (137, 111): 32, (137, 286): 32, (139, 16): 192, (139, 381): 192, (140, 45): 192, (140, 352): 192, (148, 140): 192, (148, 257): 192, (150, 48): 192, (150, 349): 192, (151, 31): 192, (151, 366): 192, (152, 78): 64, (152, 319): 64, (155, 34): 192, (155, 363): 192, (157, 62): 192, (157, 335): 192, (158, 127): 16, (158, 270): 16, (159, 153): 192, (159, 244): 192, (161, 121): 192, (161, 276): 192, (164, 53): 32, (164, 344): 32, (165, 157): 16, (165, 240): 16, (169, 137): 64, (169, 260): 64, (170, 77): 48, (170, 320): 48, (179, 143): 32, (179, 254): 32, (180, 136): 32, (180, 261): 32, (182, 169): 32, (182, 228): 32, (183, 104): 192, (183, 293): 192, (184, 64): 192, (184, 333): 192, (186, 27): 12, (186, 370): 12, (187, 115): 64, (187, 282): 64, (188, 55): 96, (188, 342): 96, (189, 84): 96, (189, 313): 96, (191, 159): 96, (191, 238): 96, (194, 196): 96, (194, 201): 96, (196, 18): 96, (196, 379): 96, (198, 114): 192, (198, 283): 192, (199, 57): 32, (199, 340): 32, (200, 16): 32, (200, 381): 32, (204, 129): 64, (204, 268): 64, (205, 139): 32, (205, 258): 32, (206, 181): 192, (206, 216): 192, (207, 14): 8, (207, 383): 8, (210, 120): 96, (210, 277): 96, (216, 87): 96, (216, 310): 96, (218, 78): 32, (218, 319): 32, (221, 0): 2, (223, 160): 64, (223, 237): 64, (224, 195): 192, (224, 202): 192, (227, 53): 192, (227, 344): 192, (228, 176): 64, (228, 221): 64, (229, 13): 12, (229, 384): 12, (230, 161): 96, (230, 236): 96, (232, 160): 192, (232, 237): 192, (233, 107): 16, (233, 290): 16, (234, 79): 64, (234, 318): 64, (235, 186): 192, (235, 211): 192, (236, 7): 32, (236, 390): 32, (237, 150): 48, (237, 247): 48, (240, 34): 96, (240, 363): 96, (243, 107): 48, (243, 290): 48, (244, 18): 192, (244, 379): 192, (247, 153): 64, (247, 244): 64, (248, 48): 64, (248, 349): 64, (250, 197): 192, (250, 200): 192, (251, 56): 192, (251, 341): 192, (253, 112): 192, (253, 285): 192, (257, 72): 96, (257, 325): 96, (258, 123): 48, (258, 274): 48, (259, 5): 192, (259, 392): 192, (260, 82): 96, (260, 315): 96, (263, 131): 192, (263, 266): 192, (265, 127): 12, (265, 270): 12, (267, 60): 16, (267, 337): 16, (269, 119): 64, (269, 278): 64, (270, 130): 192, (270, 267): 192, (274, 148): 64, (274, 249): 64, (276, 161): 192, (276, 236): 192, (277, 123): 24, (277, 274): 24, (279, 46): 12, (279, 351): 12, (280, 196): 48, (280, 201): 48, (282, 12): 192, (282, 385): 192, (284, 188): 24, (284, 209): 24, (286, 158): 192, (286, 239): 192, (287, 161): 64, (287, 236): 64, (292, 93): 192, (292, 304): 192, (293, 110): 192, (293, 287): 192, (297, 95): 64, (297, 302): 64, (298, 33): 6, (298, 364): 6, (299, 174): 192, (299, 223): 192, (300, 11): 192, (300, 386): 192, (302, 3): 192, (302, 394): 192, (303, 17): 192, (303, 380): 192, (305, 135): 192, (305, 262): 192, (306, 166): 192, (306, 231): 192, (314, 108): 48, (314, 289): 48, (316, 165): 64, (316, 232): 64, (317, 107): 24, (317, 290): 24, (319, 196): 96, (319, 201): 96, (321, 63): 192, (321, 334): 192, (323, 171): 96, (323, 226): 96, (325, 91): 64, (325, 306): 64, (327, 124): 192, (327, 273): 192, (328, 32): 64, (328, 365): 64, (331, 145): 64, (331, 252): 64, (332, 164): 32, (332, 233): 32, (336, 184): 192, (336, 213): 192, (337, 23): 192, (337, 374): 192, (338, 160): 24, (338, 237): 24, (339, 164): 6, (339, 233): 6, (340, 175): 64, (340, 222): 64, (342, 61): 96, (342, 336): 96, (344, 156): 96, (344, 241): 96, (348, 103): 192, (348, 294): 192, (349, 89): 96, (349, 308): 96, (351, 36): 64, (351, 361): 64, (353, 18): 192, (353, 379): 192, (355, 17): 96, (355, 380): 96, (356, 144): 192, (356, 253): 192, (357, 80): 24, (357, 317): 24, (358, 166): 192, (358, 231): 192, (360, 10): 96, (360, 387): 96, (362, 44): 48, (362, 353): 48, (365, 149): 96, (365, 248): 96, (366, 145): 8, (366, 252): 8, (369, 83): 192, (369, 314): 192, (370, 127): 48, (370, 270): 48, (373, 168): 192, (373, 229): 192, (375, 94): 48, (375, 303): 48, (377, 21): 64, (377, 376): 64, (380, 97): 48, (380, 300): 48, (381, 61): 96, (381, 336): 96, (382, 178): 96, (382, 219): 96, (383, 3): 64, (383, 394): 64, (384, 40): 16, (384, 357): 16, (387, 153): 48, (387, 244): 48, (388, 50): 64, (388, 347): 64, (391, 130): 192, (391, 267): 192, (393, 50): 48, (393, 347): 48, (395, 48): 96, (395, 349): 96}
 
