"574.g1"	574	1	[]	0	[1, -1, 1, -9611313, -11466507927]	[[-402671/15, 3021062/15]]

p prime of good reduction, N = #E(F_p), isCyclic, index of E(Q) in E(F_p), order of image of E(Q) 

3, 7, True, 7, 1
{'infinity': 1, (0, 0): 7, (0, 2): 7, (1, 0): 7, (1, 1): 7, (2, 1): 7, (2, 2): 7}
 
5, 7, True, 7, 1
{'infinity': 1, (1, 0): 7, (1, 3): 7, (3, 2): 7, (3, 4): 7, (4, 2): 7, (4, 3): 7}
 
11, 14, True, 7, 2
{'infinity': 1, (1, 2): 14, (1, 7): 14, (2, 1): 7, (2, 7): 7, (3, 3): 7, (3, 4): 7, (6, 5): 14, (6, 10): 14, (8, 5): 7, (8, 8): 7, (9, 5): 14, (9, 7): 14, (10, 0): 2}
 
13, 14, True, 7, 2
{'infinity': 1, (1, 12): 2, (3, 10): 14, (3, 12): 14, (5, 1): 7, (5, 6): 7, (8, 0): 14, (8, 4): 14, (10, 3): 7, (10, 12): 7, (11, 6): 7, (11, 8): 7, (12, 2): 14, (12, 11): 14}
 
17, 21, True, 7, 3
{'infinity': 1, (0, 3): 21, (0, 13): 21, (2, 1): 3, (2, 13): 3, (3, 2): 21, (3, 11): 21, (4, 4): 7, (4, 8): 7, (7, 1): 7, (7, 8): 7, (9, 1): 21, (9, 6): 21, (11, 0): 21, (11, 5): 21, (12, 9): 7, (12, 12): 7, (15, 4): 21, (15, 14): 21, (16, 4): 21, (16, 13): 21}
 
19, 28, False, 14, 2
{'infinity': 1, (0, 8): 14, (0, 10): 14, (1, 8): 7, (1, 9): 7, (2, 6): 14, (2, 10): 14, (3, 0): 14, (3, 15): 14, (4, 0): 14, (4, 14): 14, (7, 14): 14, (7, 16): 14, (8, 4): 14, (8, 6): 14, (9, 14): 2, (10, 2): 14, (10, 6): 14, (11, 13): 2, (13, 0): 14, (13, 5): 14, (14, 2): 2, (15, 1): 7, (15, 2): 7, (17, 3): 14, (17, 17): 14, (18, 9): 7, (18, 10): 7}
 
23, 28, True, 7, 4
{'infinity': 1, (0, 1): 28, (0, 21): 28, (2, 21): 4, (2, 22): 4, (3, 7): 28, (3, 12): 28, (4, 9): 2, (7, 6): 7, (7, 9): 7, (9, 3): 28, (9, 10): 28, (10, 5): 7, (10, 7): 7, (11, 4): 28, (11, 7): 28, (13, 0): 14, (13, 9): 14, (14, 11): 28, (14, 20): 28, (17, 10): 7, (17, 18): 7, (20, 6): 14, (20, 19): 14, (21, 10): 28, (21, 14): 28, (22, 2): 14, (22, 21): 14}
 
29, 35, True, 7, 5
{'infinity': 1, (0, 7): 35, (0, 21): 35, (4, 4): 35, (4, 20): 35, (5, 11): 5, (5, 12): 5, (6, 2): 35, (6, 20): 35, (8, 8): 7, (8, 12): 7, (9, 0): 35, (9, 19): 35, (11, 4): 35, (11, 13): 35, (15, 4): 35, (15, 9): 35, (16, 14): 35, (16, 27): 35, (17, 12): 35, (17, 28): 35, (18, 16): 5, (18, 23): 5, (19, 16): 35, (19, 22): 35, (20, 17): 35, (20, 20): 35, (22, 16): 7, (22, 19): 7, (24, 15): 35, (24, 18): 35, (27, 5): 7, (27, 25): 7, (28, 10): 35, (28, 19): 35}
 
31, 35, True, 7, 5
{'infinity': 1, (2, 29): 35, (2, 30): 35, (3, 4): 35, (3, 23): 35, (5, 12): 35, (5, 13): 35, (7, 26): 35, (7, 28): 35, (8, 10): 35, (8, 12): 35, (9, 25): 35, (9, 27): 35, (10, 0): 35, (10, 20): 35, (11, 20): 35, (11, 30): 35, (13, 4): 7, (13, 13): 7, (14, 3): 5, (14, 13): 5, (16, 4): 35, (16, 10): 35, (17, 6): 7, (17, 7): 7, (19, 12): 35, (19, 30): 35, (24, 15): 5, (24, 22): 5, (26, 9): 7, (26, 26): 7, (28, 14): 35, (28, 19): 35, (30, 5): 35, (30, 26): 35}
 
37, 28, True, 7, 4
{'infinity': 1, (0, 16): 4, (0, 20): 4, (3, 12): 14, (3, 21): 14, (4, 6): 28, (4, 26): 28, (6, 15): 2, (8, 13): 28, (8, 15): 28, (10, 28): 14, (10, 35): 14, (13, 25): 14, (13, 35): 14, (15, 23): 7, (15, 35): 7, (19, 3): 28, (19, 14): 28, (23, 5): 28, (23, 8): 28, (24, 15): 28, (24, 34): 28, (25, 3): 28, (25, 8): 28, (27, 1): 7, (27, 8): 7, (31, 2): 7, (31, 3): 7}
 
43, 49, True, 7, 7
{'infinity': 1, (0, 18): 49, (0, 24): 49, (2, 2): 7, (2, 38): 7, (4, 13): 49, (4, 25): 49, (5, 13): 49, (5, 24): 49, (6, 3): 49, (6, 33): 49, (7, 7): 49, (7, 28): 49, (8, 11): 49, (8, 23): 49, (11, 10): 7, (11, 21): 7, (12, 8): 49, (12, 22): 49, (15, 33): 49, (15, 37): 49, (17, 7): 49, (17, 18): 49, (20, 7): 49, (20, 15): 49, (21, 26): 7, (21, 38): 7, (23, 29): 49, (23, 33): 49, (26, 17): 49, (26, 42): 49, (27, 18): 49, (27, 40): 49, (30, 20): 49, (30, 35): 49, (31, 5): 49, (31, 6): 49, (35, 13): 49, (35, 37): 49, (36, 22): 49, (36, 27): 49, (37, 11): 49, (37, 37): 49, (38, 0): 49, (38, 4): 49, (39, 22): 49, (39, 24): 49, (42, 11): 49, (42, 32): 49}
 
47, 42, True, 14, 3
{'infinity': 1, (2, 11): 21, (2, 33): 21, (5, 13): 42, (5, 28): 42, (6, 4): 21, (6, 36): 21, (7, 15): 42, (7, 24): 42, (9, 3): 7, (9, 34): 7, (10, 6): 21, (10, 30): 21, (11, 14): 42, (11, 21): 42, (13, 10): 7, (13, 23): 7, (14, 3): 14, (14, 29): 14, (15, 14): 42, (15, 17): 42, (16, 36): 14, (16, 41): 14, (21, 35): 3, (21, 37): 3, (22, 10): 7, (22, 14): 7, (24, 25): 42, (24, 44): 42, (25, 3): 14, (25, 18): 14, (26, 31): 42, (26, 36): 42, (32, 7): 2, (33, 20): 21, (33, 40): 21, (37, 19): 6, (37, 37): 6, (38, 9): 21, (38, 46): 21, (41, 0): 21, (41, 5): 21}
 
53, 63, True, 7, 9
{'infinity': 1, (1, 20): 63, (1, 31): 63, (5, 12): 21, (5, 35): 21, (7, 19): 63, (7, 26): 63, (8, 9): 3, (8, 35): 3, (11, 3): 63, (11, 38): 63, (12, 13): 63, (12, 27): 63, (14, 40): 9, (14, 51): 9, (15, 12): 63, (15, 25): 63, (18, 3): 63, (18, 31): 63, (19, 1): 63, (19, 32): 63, (23, 11): 63, (23, 18): 63, (24, 33): 7, (24, 48): 7, (25, 3): 7, (25, 24): 7, (27, 29): 7, (27, 49): 7, (30, 23): 9, (30, 52): 9, (31, 22): 21, (31, 52): 21, (32, 36): 63, (32, 37): 63, (34, 6): 63, (34, 12): 63, (35, 31): 9, (35, 39): 9, (36, 32): 63, (36, 37): 63, (37, 4): 63, (37, 11): 63, (38, 33): 63, (38, 34): 63, (39, 29): 21, (39, 37): 21, (41, 29): 21, (41, 35): 21, (42, 17): 63, (42, 46): 63, (45, 27): 63, (45, 33): 63, (46, 7): 63, (46, 52): 63, (47, 11): 21, (47, 47): 21, (48, 14): 21, (48, 43): 21, (50, 27): 63, (50, 28): 63, (52, 21): 63, (52, 32): 63}
 
59, 70, True, 14, 5
{'infinity': 1, (0, 25): 10, (0, 33): 10, (1, 4): 5, (1, 53): 5, (2, 25): 70, (2, 31): 70, (5, 12): 5, (5, 41): 5, (6, 13): 70, (6, 39): 70, (7, 55): 2, (8, 11): 35, (8, 39): 35, (11, 48): 35, (11, 58): 35, (13, 21): 70, (13, 24): 70, (14, 9): 35, (14, 35): 35, (15, 8): 70, (15, 35): 70, (16, 6): 35, (16, 36): 35, (19, 19): 35, (19, 20): 35, (22, 45): 7, (22, 50): 7, (24, 2): 35, (24, 32): 35, (25, 0): 14, (25, 33): 14, (27, 5): 35, (27, 26): 35, (29, 14): 7, (29, 15): 7, (31, 35): 70, (31, 51): 70, (33, 37): 35, (33, 47): 35, (34, 40): 35, (34, 43): 35, (35, 33): 35, (35, 49): 35, (38, 2): 70, (38, 18): 70, (40, 3): 70, (40, 15): 70, (45, 26): 10, (45, 46): 10, (46, 32): 14, (46, 39): 14, (47, 26): 70, (47, 44): 70, (49, 32): 70, (49, 36): 70, (50, 15): 70, (50, 52): 70, (51, 8): 70, (51, 58): 70, (53, 8): 35, (53, 56): 35, (54, 27): 70, (54, 36): 70, (56, 30): 35, (56, 31): 35, (57, 2): 14, (57, 58): 14, (58, 25): 7, (58, 34): 7}
 
61, 49, True, 7, 7
{'infinity': 1, (2, 21): 49, (2, 37): 49, (3, 6): 49, (3, 51): 49, (6, 25): 49, (6, 29): 49, (7, 13): 49, (7, 40): 49, (9, 18): 49, (9, 33): 49, (11, 2): 49, (11, 47): 49, (18, 15): 49, (18, 27): 49, (20, 4): 7, (20, 36): 7, (23, 11): 7, (23, 26): 7, (26, 46): 49, (26, 49): 49, (28, 0): 49, (28, 32): 49, (29, 1): 49, (29, 30): 49, (32, 34): 49, (32, 55): 49, (34, 39): 49, (34, 48): 49, (37, 38): 49, (37, 46): 49, (38, 41): 49, (38, 42): 49, (45, 0): 49, (45, 15): 49, (50, 0): 49, (50, 10): 49, (52, 17): 49, (52, 52): 49, (53, 2): 7, (53, 5): 7, (55, 22): 49, (55, 44): 49, (56, 14): 49, (56, 51): 49, (59, 2): 49, (59, 60): 49, (60, 15): 49, (60, 46): 49}
 
67, 70, True, 7, 10
{'infinity': 1, (0, 10): 14, (0, 56): 14, (1, 21): 35, (1, 44): 35, (4, 11): 70, (4, 51): 70, (7, 0): 70, (7, 59): 70, (12, 7): 70, (12, 47): 70, (13, 59): 5, (13, 61): 5, (14, 54): 7, (14, 65): 7, (16, 10): 35, (16, 40): 35, (19, 13): 7, (19, 34): 7, (20, 6): 70, (20, 40): 70, (21, 56): 2, (23, 49): 70, (23, 61): 70, (25, 9): 35, (25, 32): 35, (26, 44): 14, (26, 63): 14, (31, 15): 35, (31, 20): 35, (32, 40): 14, (32, 61): 14, (35, 2): 35, (35, 29): 35, (36, 45): 35, (36, 52): 35, (37, 5): 35, (37, 24): 35, (38, 43): 35, (38, 52): 35, (39, 28): 10, (39, 66): 10, (41, 44): 70, (41, 48): 70, (43, 3): 35, (43, 20): 35, (47, 30): 7, (47, 56): 7, (48, 26): 70, (48, 59): 70, (49, 2): 70, (49, 15): 70, (50, 25): 5, (50, 58): 5, (51, 2): 70, (51, 13): 70, (52, 4): 70, (52, 10): 70, (53, 1): 10, (53, 12): 10, (54, 16): 35, (54, 63): 35, (55, 15): 70, (55, 63): 70, (60, 11): 35, (60, 62): 35, (61, 20): 35, (61, 52): 35, (65, 13): 70, (65, 55): 70}
 
71, 63, True, 21, 3
{'infinity': 1, (0, 19): 21, (0, 51): 21, (1, 13): 63, (1, 56): 63, (3, 27): 63, (3, 40): 63, (6, 2): 7, (6, 62): 7, (8, 26): 63, (8, 36): 63, (9, 8): 9, (9, 53): 9, (14, 3): 21, (14, 53): 21, (15, 23): 63, (15, 32): 63, (16, 26): 9, (16, 28): 9, (20, 6): 21, (20, 44): 21, (21, 7): 7, (21, 42): 7, (26, 45): 63, (26, 70): 63, (30, 52): 63, (30, 59): 63, (33, 18): 3, (33, 19): 3, (35, 15): 21, (35, 20): 21, (37, 37): 9, (37, 67): 9, (38, 39): 21, (38, 64): 21, (39, 12): 7, (39, 19): 7, (40, 0): 63, (40, 30): 63, (43, 41): 63, (43, 57): 63, (48, 26): 63, (48, 67): 63, (49, 39): 63, (49, 53): 63, (51, 4): 63, (51, 15): 63, (53, 22): 63, (53, 66): 63, (54, 42): 63, (54, 45): 63, (56, 39): 63, (56, 46): 63, (57, 15): 63, (57, 69): 63, (58, 16): 21, (58, 67): 21, (61, 17): 63, (61, 63): 63, (63, 33): 63, (63, 45): 63, (68, 31): 63, (68, 42): 63}
 
73, 70, True, 7, 10
{'infinity': 1, (3, 33): 5, (3, 36): 5, (5, 27): 14, (5, 40): 14, (7, 14): 35, (7, 51): 35, (10, 27): 70, (10, 35): 70, (11, 6): 5, (11, 55): 5, (12, 21): 70, (12, 39): 70, (20, 18): 35, (20, 34): 35, (21, 20): 7, (21, 31): 7, (22, 14): 35, (22, 36): 35, (23, 6): 70, (23, 43): 70, (26, 53): 10, (26, 66): 10, (27, 1): 70, (27, 44): 70, (32, 8): 35, (32, 32): 35, (34, 48): 7, (34, 63): 7, (35, 13): 70, (35, 24): 70, (36, 49): 10, (36, 60): 10, (38, 42): 7, (38, 65): 7, (39, 50): 35, (39, 56): 35, (40, 6): 70, (40, 26): 70, (42, 38): 70, (42, 65): 70, (43, 30): 70, (43, 72): 70, (45, 13): 35, (45, 14): 35, (46, 47): 70, (46, 52): 70, (49, 36): 35, (49, 60): 35, (52, 3): 70, (52, 17): 70, (57, 44): 2, (58, 29): 35, (58, 58): 35, (59, 27): 35, (59, 59): 35, (61, 12): 35, (61, 72): 35, (62, 23): 14, (62, 60): 14, (63, 38): 35, (63, 44): 35, (67, 13): 70, (67, 65): 70, (68, 0): 14, (68, 4): 14, (69, 5): 35, (69, 71): 35, (72, 28): 70, (72, 45): 70}
 
79, 91, True, 7, 13
{'infinity': 1, (0, 15): 91, (0, 63): 91, (6, 15): 91, (6, 57): 91, (7, 30): 91, (7, 41): 91, (8, 12): 91, (8, 58): 91, (9, 10): 91, (9, 59): 91, (10, 3): 91, (10, 65): 91, (21, 16): 91, (21, 41): 91, (23, 59): 91, (23, 75): 91, (24, 63): 91, (24, 70): 91, (26, 5): 13, (26, 47): 13, (27, 60): 13, (27, 70): 13, (28, 4): 91, (28, 46): 91, (29, 58): 91, (29, 70): 91, (30, 23): 91, (30, 25): 91, (31, 21): 91, (31, 26): 91, (32, 9): 91, (32, 37): 91, (36, 53): 91, (36, 68): 91, (39, 54): 91, (39, 64): 91, (42, 1): 91, (42, 35): 91, (43, 56): 91, (43, 58): 91, (44, 14): 13, (44, 20): 13, (47, 38): 91, (47, 72): 91, (48, 50): 7, (48, 59): 7, (49, 40): 91, (49, 68): 91, (50, 31): 91, (50, 76): 91, (51, 50): 13, (51, 56): 13, (52, 41): 91, (52, 64): 91, (53, 4): 91, (53, 21): 91, (54, 37): 91, (54, 66): 91, (55, 35): 91, (55, 67): 91, (56, 38): 91, (56, 63): 91, (58, 24): 91, (58, 75): 91, (60, 47): 91, (60, 50): 91, (61, 25): 91, (61, 71): 91, (62, 35): 13, (62, 60): 13, (65, 36): 91, (65, 56): 91, (66, 5): 91, (66, 7): 91, (67, 5): 91, (67, 6): 91, (68, 25): 7, (68, 64): 7, (70, 27): 13, (70, 60): 13, (73, 37): 91, (73, 47): 91, (74, 15): 91, (74, 68): 91, (75, 21): 7, (75, 61): 7, (76, 32): 91, (76, 49): 91, (78, 4): 91, (78, 75): 91}
 
83, 98, True, 7, 14
{'infinity': 1, (0, 9): 98, (0, 73): 98, (1, 25): 98, (1, 56): 98, (3, 35): 49, (3, 44): 49, (6, 14): 14, (6, 62): 14, (8, 23): 98, (8, 51): 98, (13, 5): 49, (13, 64): 49, (15, 17): 49, (15, 50): 49, (17, 67): 7, (17, 81): 7, (19, 27): 49, (19, 36): 49, (20, 27): 98, (20, 35): 98, (21, 9): 98, (21, 52): 98, (22, 2): 49, (22, 58): 49, (23, 14): 49, (23, 45): 49, (25, 68): 98, (25, 72): 98, (26, 66): 98, (26, 73): 98, (27, 66): 98, (27, 72): 98, (28, 68): 98, (28, 69): 98, (29, 3): 49, (29, 50): 49, (30, 55): 98, (30, 80): 98, (31, 66): 49, (31, 68): 49, (32, 61): 7, (32, 72): 7, (33, 65): 98, (33, 67): 98, (34, 64): 98, (34, 67): 98, (35, 48): 49, (35, 82): 49, (37, 64): 2, (38, 11): 49, (38, 33): 49, (39, 6): 98, (39, 37): 98, (40, 50): 49, (40, 75): 49, (41, 16): 49, (41, 25): 49, (42, 15): 98, (42, 25): 98, (45, 10): 98, (45, 27): 98, (46, 12): 49, (46, 24): 49, (50, 33): 14, (50, 82): 14, (53, 13): 49, (53, 16): 49, (55, 13): 98, (55, 14): 98, (58, 34): 7, (58, 73): 7, (59, 10): 98, (59, 13): 98, (61, 35): 98, (61, 69): 98, (63, 9): 49, (63, 10): 49, (66, 22): 49, (66, 77): 49, (68, 38): 49, (68, 59): 49, (72, 19): 98, (72, 74): 98, (73, 16): 49, (73, 76): 49, (74, 20): 49, (74, 71): 49, (76, 32): 14, (76, 57): 14, (77, 28): 49, (77, 60): 49, (78, 18): 49, (78, 69): 49, (79, 33): 98, (79, 53): 98, (82, 1): 98, (82, 82): 98}
 
89, 91, True, 7, 13
{'infinity': 1, (1, 0): 13, (1, 87): 13, (5, 0): 91, (5, 83): 91, (6, 9): 91, (6, 73): 91, (7, 27): 91, (7, 54): 91, (8, 38): 91, (8, 42): 91, (11, 21): 91, (11, 56): 91, (14, 26): 91, (14, 48): 91, (15, 77): 91, (15, 85): 91, (16, 16): 91, (16, 56): 91, (18, 19): 91, (18, 51): 91, (20, 32): 13, (20, 36): 13, (23, 2): 91, (23, 63): 91, (24, 19): 91, (24, 45): 91, (29, 2): 13, (29, 57): 13, (30, 65): 91, (30, 82): 91, (31, 21): 7, (31, 36): 7, (32, 71): 91, (32, 74): 91, (33, 11): 91, (33, 44): 91, (34, 20): 91, (34, 34): 91, (38, 2): 91, (38, 48): 91, (39, 13): 91, (39, 36): 91, (40, 6): 91, (40, 42): 91, (41, 17): 91, (41, 30): 91, (42, 4): 13, (42, 42): 13, (43, 53): 91, (43, 81): 91, (46, 7): 13, (46, 35): 13, (47, 60): 91, (47, 70): 91, (48, 19): 91, (48, 21): 91, (52, 49): 91, (52, 76): 91, (53, 4): 7, (53, 31): 7, (56, 10): 91, (56, 22): 91, (58, 49): 91, (58, 70): 91, (63, 56): 91, (63, 58): 91, (66, 40): 91, (66, 71): 91, (69, 49): 91, (69, 59): 91, (70, 3): 7, (70, 15): 7, (74, 33): 91, (74, 70): 91, (75, 45): 13, (75, 57): 13, (76, 50): 91, (76, 51): 91, (80, 45): 91, (80, 52): 91, (81, 25): 91, (81, 71): 91, (82, 26): 91, (82, 69): 91, (83, 26): 91, (83, 68): 91, (84, 0): 91, (84, 4): 91, (85, 41): 91, (85, 51): 91}
 
97, 91, True, 7, 13
{'infinity': 1, (2, 35): 91, (2, 59): 91, (7, 32): 91, (7, 57): 91, (8, 42): 7, (8, 46): 7, (13, 84): 91, (13, 96): 91, (16, 16): 13, (16, 64): 13, (17, 80): 91, (17, 96): 91, (18, 5): 13, (18, 73): 13, (19, 37): 91, (19, 40): 91, (22, 16): 91, (22, 58): 91, (24, 78): 91, (24, 91): 91, (30, 15): 91, (30, 51): 91, (32, 9): 91, (32, 55): 91, (35, 74): 91, (35, 84): 91, (36, 17): 91, (36, 43): 91, (37, 5): 91, (37, 54): 91, (38, 60): 91, (38, 95): 91, (42, 75): 91, (42, 76): 91, (43, 5): 91, (43, 48): 91, (46, 59): 91, (46, 88): 91, (47, 11): 91, (47, 38): 91, (50, 59): 91, (50, 84): 91, (51, 70): 91, (51, 72): 91, (54, 19): 91, (54, 23): 91, (56, 48): 13, (56, 89): 13, (57, 11): 13, (57, 28): 13, (58, 53): 91, (58, 82): 91, (60, 16): 91, (60, 20): 91, (65, 3): 7, (65, 28): 7, (66, 12): 91, (66, 18): 91, (68, 29): 91, (68, 96): 91, (69, 38): 91, (69, 86): 91, (71, 4): 7, (71, 21): 7, (72, 44): 91, (72, 77): 91, (73, 28): 91, (73, 92): 91, (74, 43): 13, (74, 76): 13, (79, 38): 91, (79, 76): 91, (80, 22): 13, (80, 91): 13, (81, 7): 91, (81, 8): 91, (82, 24): 91, (82, 87): 91, (84, 2): 91, (84, 10): 91, (85, 43): 91, (85, 65): 91, (90, 13): 91, (90, 90): 91, (91, 11): 91, (91, 91): 91, (94, 47): 91, (94, 52): 91, (96, 48): 91, (96, 49): 91}
 
101, 112, True, 28, 4
{'infinity': 1, (0, 12): 14, (0, 88): 14, (1, 1): 56, (1, 98): 56, (2, 20): 112, (2, 78): 112, (3, 25): 28, (3, 72): 28, (4, 97): 56, (4, 100): 56, (5, 42): 8, (5, 53): 8, (7, 96): 28, (7, 98): 28, (8, 94): 56, (8, 99): 56, (9, 14): 56, (9, 77): 56, (10, 39): 16, (10, 51): 16, (11, 21): 112, (11, 68): 112, (12, 17): 16, (12, 71): 16, (14, 90): 28, (14, 97): 28, (15, 33): 28, (15, 52): 28, (16, 20): 112, (16, 64): 112, (19, 88): 112, (19, 94): 112, (22, 9): 112, (22, 69): 112, (23, 83): 112, (23, 95): 112, (25, 4): 112, (25, 71): 112, (26, 35): 112, (26, 39): 112, (27, 82): 56, (27, 92): 56, (29, 76): 7, (29, 96): 7, (30, 76): 112, (30, 95): 112, (32, 82): 112, (32, 87): 112, (33, 17): 14, (33, 50): 14, (38, 24): 56, (38, 38): 56, (42, 0): 7, (42, 58): 7, (43, 76): 112, (43, 82): 112, (45, 56): 112, (45, 100): 112, (47, 11): 112, (47, 42): 112, (49, 57): 4, (49, 95): 4, (50, 8): 112, (50, 42): 112, (52, 7): 56, (52, 41): 56, (53, 48): 112, (53, 100): 112, (54, 19): 28, (54, 27): 28, (56, 7): 112, (56, 37): 112, (57, 17): 112, (57, 26): 112, (65, 65): 7, (65, 71): 7, (66, 39): 28, (66, 96): 28, (69, 47): 56, (69, 85): 56, (75, 32): 112, (75, 94): 112, (76, 58): 14, (76, 67): 14, (82, 50): 112, (82, 69): 112, (83, 30): 112, (83, 88): 112, (84, 20): 56, (84, 97): 56, (85, 58): 2, (87, 4): 112, (87, 9): 112, (88, 50): 16, (88, 63): 16, (89, 33): 8, (89, 79): 8, (91, 4): 56, (91, 5): 56, (93, 18): 112, (93, 90): 112, (94, 9): 56, (94, 98): 56, (95, 7): 112, (95, 99): 112, (96, 15): 16, (96, 90): 16, (99, 33): 56, (99, 69): 56, (100, 2): 112, (100, 99): 112}
 
103, 91, True, 7, 13
{'infinity': 1, (0, 18): 91, (0, 84): 91, (1, 27): 91, (1, 74): 91, (4, 15): 91, (4, 83): 91, (5, 6): 91, (5, 91): 91, (6, 6): 13, (6, 90): 13, (8, 95): 91, (8, 102): 91, (12, 15): 91, (12, 75): 91, (13, 11): 91, (13, 78): 91, (14, 0): 91, (14, 88): 91, (17, 0): 7, (17, 85): 7, (21, 90): 91, (21, 94): 91, (23, 3): 91, (23, 76): 91, (26, 8): 13, (26, 68): 13, (28, 36): 91, (28, 38): 91, (29, 22): 91, (29, 51): 91, (34, 18): 13, (34, 50): 13, (39, 11): 91, (39, 52): 91, (40, 1): 91, (40, 61): 91, (43, 78): 91, (43, 84): 91, (45, 69): 91, (45, 91): 91, (46, 22): 91, (46, 34): 91, (48, 78): 91, (48, 79): 91, (50, 5): 91, (50, 47): 91, (52, 11): 13, (52, 39): 13, (54, 60): 91, (54, 91): 91, (56, 14): 91, (56, 32): 91, (61, 60): 91, (61, 84): 91, (64, 48): 91, (64, 93): 91, (70, 14): 7, (70, 18): 7, (73, 0): 91, (73, 29): 91, (76, 28): 13, (76, 101): 13, (77, 38): 91, (77, 90): 91, (79, 26): 13, (79, 100): 13, (81, 7): 91, (81, 14): 91, (82, 25): 91, (82, 98): 91, (84, 54): 91, (84, 67): 91, (88, 15): 91, (88, 102): 91, (90, 4): 91, (90, 8): 91, (91, 3): 91, (91, 8): 91, (92, 53): 91, (92, 60): 91, (93, 3): 91, (93, 6): 91, (94, 31): 91, (94, 80): 91, (100, 24): 91, (100, 81): 91, (101, 17): 91, (101, 87): 91, (102, 38): 7, (102, 65): 7}
 
107, 105, True, 7, 15
{'infinity': 1, (2, 16): 105, (2, 88): 105, (5, 6): 105, (5, 95): 105, (7, 41): 15, (7, 58): 15, (11, 47): 105, (11, 48): 105, (12, 30): 105, (12, 64): 105, (13, 44): 5, (13, 49): 5, (14, 35): 35, (14, 57): 35, (16, 92): 7, (16, 105): 7, (17, 26): 105, (17, 63): 105, (22, 9): 105, (22, 75): 105, (23, 88): 5, (23, 102): 5, (26, 7): 105, (26, 73): 105, (29, 1): 105, (29, 76): 105, (30, 81): 35, (30, 102): 35, (31, 85): 105, (31, 97): 105, (33, 16): 35, (33, 57): 35, (35, 32): 105, (35, 39): 105, (36, 20): 35, (36, 50): 35, (37, 76): 105, (37, 100): 105, (38, 30): 21, (38, 38): 21, (39, 12): 21, (39, 55): 21, (41, 21): 35, (41, 44): 35, (42, 76): 21, (42, 95): 21, (46, 68): 35, (46, 99): 35, (48, 79): 35, (48, 86): 35, (49, 80): 35, (49, 84): 35, (50, 5): 105, (50, 51): 105, (54, 8): 35, (54, 44): 35, (55, 56): 35, (55, 102): 35, (58, 18): 105, (58, 30): 105, (61, 57): 35, (61, 95): 35, (62, 15): 3, (62, 29): 3, (64, 53): 105, (64, 96): 105, (65, 8): 15, (65, 33): 15, (66, 51): 35, (66, 96): 35, (67, 15): 105, (67, 24): 105, (70, 56): 105, (70, 87): 105, (72, 55): 21, (72, 86): 21, (73, 16): 105, (73, 17): 105, (79, 5): 21, (79, 22): 21, (83, 42): 21, (83, 88): 21, (85, 32): 105, (85, 96): 105, (86, 5): 105, (86, 15): 105, (90, 56): 105, (90, 67): 105, (95, 32): 15, (95, 86): 15, (96, 2): 105, (96, 8): 105, (99, 51): 105, (99, 63): 105, (101, 48): 7, (101, 64): 7, (102, 47): 105, (102, 64): 105, (103, 48): 15, (103, 62): 15, (104, 54): 7, (104, 55): 7, (105, 4): 105, (105, 104): 105}
 
109, 112, False, 14, 8
{'infinity': 1, (0, 42): 28, (0, 66): 28, (1, 31): 56, (1, 76): 56, (2, 52): 28, (2, 54): 28, (4, 49): 56, (4, 55): 56, (5, 14): 56, (5, 89): 56, (8, 46): 56, (8, 54): 56, (12, 46): 8, (12, 50): 8, (13, 28): 56, (13, 67): 56, (21, 89): 56, (21, 107): 56, (22, 34): 56, (22, 52): 56, (23, 10): 56, (23, 75): 56, (24, 6): 56, (24, 78): 56, (25, 92): 14, (25, 100): 14, (26, 88): 56, (26, 103): 56, (28, 21): 28, (28, 59): 28, (29, 1): 7, (29, 78): 7, (35, 86): 4, (35, 96): 4, (36, 36): 2, (37, 16): 28, (37, 55): 28, (38, 35): 2, (40, 15): 56, (40, 53): 56, (41, 70): 14, (41, 106): 14, (43, 23): 28, (43, 42): 28, (50, 72): 56, (50, 95): 56, (52, 60): 56, (52, 105): 56, (53, 7): 56, (53, 48): 56, (57, 78): 56, (57, 82): 56, (58, 56): 28, (58, 103): 28, (61, 71): 8, (61, 85): 8, (63, 77): 2, (64, 62): 14, (64, 91): 14, (67, 42): 7, (67, 108): 7, (68, 18): 28, (68, 22): 28, (69, 55): 8, (69, 93): 8, (71, 17): 56, (71, 20): 56, (72, 3): 14, (72, 33): 14, (73, 15): 56, (73, 20): 56, (75, 13): 14, (75, 20): 14, (76, 40): 56, (76, 101): 56, (78, 43): 14, (78, 96): 14, (82, 65): 56, (82, 70): 56, (84, 44): 7, (84, 89): 7, (86, 52): 56, (86, 79): 56, (87, 30): 56, (87, 100): 56, (88, 4): 28, (88, 16): 28, (89, 9): 28, (89, 10): 28, (90, 46): 28, (90, 81): 28, (91, 6): 4, (91, 11): 4, (92, 21): 14, (92, 104): 14, (94, 16): 14, (94, 107): 14, (96, 51): 56, (96, 70): 56, (99, 21): 28, (99, 97): 28, (100, 54): 56, (100, 63): 56, (104, 6): 56, (104, 107): 56, (106, 15): 28, (106, 96): 28, (107, 10): 8, (107, 100): 8, (108, 25): 14, (108, 84): 14}
 
113, 105, True, 21, 5
{'infinity': 1, (0, 44): 105, (0, 68): 105, (3, 35): 105, (3, 74): 105, (4, 32): 105, (4, 76): 105, (6, 108): 105, (6, 111): 105, (7, 15): 105, (7, 90): 105, (11, 106): 7, (11, 108): 7, (16, 99): 105, (16, 110): 105, (19, 96): 105, (19, 110): 105, (20, 6): 105, (20, 86): 105, (21, 95): 35, (21, 109): 35, (23, 23): 105, (23, 66): 105, (24, 41): 21, (24, 47): 21, (25, 97): 105, (25, 103): 105, (29, 41): 5, (29, 42): 5, (31, 95): 105, (31, 99): 105, (36, 25): 15, (36, 51): 15, (37, 36): 35, (37, 39): 35, (38, 24): 105, (38, 50): 105, (39, 26): 15, (39, 47): 15, (43, 34): 35, (43, 35): 35, (46, 78): 35, (46, 101): 35, (47, 0): 105, (47, 65): 105, (49, 2): 105, (49, 61): 105, (50, 17): 105, (50, 45): 105, (51, 14): 35, (51, 47): 35, (52, 68): 5, (52, 105): 5, (56, 12): 15, (56, 44): 15, (58, 10): 21, (58, 44): 21, (60, 63): 21, (60, 102): 21, (61, 10): 105, (61, 41): 105, (62, 68): 105, (62, 95): 105, (64, 70): 15, (64, 91): 15, (67, 59): 105, (67, 99): 105, (68, 9): 105, (68, 35): 105, (69, 12): 7, (69, 31): 7, (70, 77): 35, (70, 78): 35, (71, 4): 21, (71, 37): 21, (74, 63): 105, (74, 88): 105, (75, 65): 3, (75, 85): 3, (79, 36): 35, (79, 110): 35, (83, 7): 105, (83, 22): 105, (84, 58): 35, (84, 83): 35, (85, 40): 21, (85, 100): 21, (87, 46): 105, (87, 92): 105, (93, 63): 35, (93, 69): 35, (97, 20): 105, (97, 108): 105, (99, 5): 21, (99, 8): 21, (102, 12): 105, (102, 111): 105, (103, 13): 35, (103, 109): 35, (105, 55): 35, (105, 65): 35, (108, 10): 35, (108, 107): 35, (111, 36): 7, (111, 78): 7}
 
127, 126, False, 42, 3
{'infinity': 1, (1, 6): 42, (1, 119): 42, (3, 50): 42, (3, 73): 42, (4, 38): 21, (4, 84): 21, (8, 10): 21, (8, 108): 21, (9, 4): 42, (9, 113): 42, (10, 52): 14, (10, 64): 14, (11, 36): 21, (11, 79): 21, (12, 49): 21, (12, 65): 21, (13, 21): 7, (13, 92): 7, (14, 11): 42, (14, 101): 42, (17, 51): 42, (17, 58): 42, (18, 54): 2, (20, 15): 21, (20, 91): 21, (22, 31): 7, (22, 73): 7, (23, 40): 42, (23, 63): 42, (24, 1): 42, (24, 101): 42, (26, 43): 21, (26, 57): 21, (27, 103): 21, (27, 123): 21, (28, 38): 14, (28, 60): 14, (31, 103): 21, (31, 119): 21, (32, 42): 42, (32, 52): 42, (33, 25): 21, (33, 68): 21, (38, 43): 42, (38, 45): 42, (39, 36): 21, (39, 51): 21, (41, 13): 6, (41, 72): 6, (42, 17): 42, (42, 67): 42, (46, 87): 42, (46, 120): 42, (48, 98): 21, (48, 107): 21, (52, 79): 21, (52, 122): 21, (53, 92): 21, (53, 108): 21, (56, 93): 21, (56, 104): 21, (61, 3): 6, (61, 62): 6, (62, 92): 21, (62, 99): 21, (63, 94): 42, (63, 96): 42, (64, 19): 42, (64, 43): 42, (65, 79): 21, (65, 109): 21, (67, 78): 21, (67, 108): 21, (69, 85): 42, (69, 99): 42, (70, 80): 21, (70, 103): 21, (72, 3): 42, (72, 51): 42, (75, 18): 42, (75, 33): 42, (77, 74): 14, (77, 102): 14, (78, 12): 3, (78, 36): 3, (81, 74): 42, (81, 98): 42, (86, 52): 3, (86, 115): 3, (90, 62): 21, (90, 101): 21, (91, 66): 21, (91, 96): 21, (92, 47): 21, (92, 114): 21, (93, 39): 42, (93, 121): 42, (94, 78): 21, (94, 81): 21, (96, 38): 42, (96, 119): 42, (97, 74): 3, (97, 82): 3, (100, 42): 21, (100, 111): 21, (101, 56): 6, (101, 96): 6, (103, 73): 42, (103, 77): 42, (104, 62): 42, (104, 87): 42, (105, 61): 21, (105, 87): 21, (109, 1): 42, (109, 16): 42, (121, 32): 3, (121, 100): 3, (122, 1): 7, (122, 3): 7, (123, 42): 6, (123, 88): 6, (124, 30): 42, (124, 99): 42, (126, 29): 42, (126, 98): 42}
 
131, 140, True, 7, 20
{'infinity': 1, (1, 61): 35, (1, 68): 35, (2, 23): 28, (2, 105): 28, (7, 32): 70, (7, 91): 70, (10, 42): 20, (10, 78): 20, (11, 35): 70, (11, 84): 70, (13, 52): 140, (13, 65): 140, (18, 34): 20, (18, 78): 20, (19, 115): 28, (19, 127): 28, (20, 15): 140, (20, 95): 140, (22, 19): 140, (22, 89): 140, (23, 40): 70, (23, 67): 70, (24, 35): 70, (24, 71): 70, (25, 23): 140, (25, 82): 140, (27, 44): 140, (27, 59): 140, (29, 6): 35, (29, 95): 35, (34, 106): 7, (34, 121): 7, (35, 99): 35, (35, 127): 35, (36, 108): 28, (36, 117): 28, (37, 18): 70, (37, 75): 70, (38, 104): 140, (38, 119): 140, (40, 15): 35, (40, 75): 35, (41, 99): 70, (41, 121): 70, (42, 106): 10, (42, 113): 10, (44, 1): 14, (44, 85): 14, (45, 31): 35, (45, 54): 35, (48, 37): 35, (48, 45): 35, (52, 14): 140, (52, 64): 140, (55, 0): 14, (55, 75): 14, (56, 99): 70, (56, 106): 70, (57, 83): 70, (57, 121): 70, (58, 100): 5, (58, 103): 5, (59, 90): 7, (59, 112): 7, (60, 10): 35, (60, 60): 35, (61, 20): 70, (61, 49): 70, (64, 5): 28, (64, 61): 28, (65, 80): 28, (65, 116): 28, (67, 2): 140, (67, 61): 140, (70, 62): 7, (70, 129): 7, (72, 15): 140, (72, 43): 140, (77, 73): 70, (77, 111): 70, (78, 56): 140, (78, 127): 140, (80, 74): 35, (80, 107): 35, (81, 80): 140, (81, 100): 140, (82, 0): 140, (82, 48): 140, (83, 83): 140, (83, 95): 140, (84, 76): 4, (84, 101): 4, (86, 63): 20, (86, 112): 20, (91, 2): 140, (91, 37): 140, (93, 57): 140, (93, 111): 140, (94, 64): 140, (94, 103): 140, (96, 36): 5, (96, 129): 5, (97, 35): 35, (97, 129): 35, (100, 31): 20, (100, 130): 20, (104, 78): 10, (104, 79): 10, (105, 2): 35, (105, 23): 35, (111, 47): 28, (111, 103): 28, (112, 39): 140, (112, 110): 140, (113, 67): 35, (113, 81): 35, (115, 44): 140, (115, 102): 140, (116, 27): 140, (116, 118): 140, (117, 64): 70, (117, 80): 70, (118, 31): 140, (118, 112): 140, (121, 44): 14, (121, 96): 14, (122, 17): 140, (122, 122): 140, (123, 55): 140, (123, 83): 140, (124, 37): 140, (124, 100): 140, (126, 0): 140, (126, 4): 140, (127, 67): 2, (128, 7): 35, (128, 126): 35, (130, 11): 70, (130, 120): 70}
 
137, 126, True, 7, 18
{'infinity': 1, (1, 53): 18, (1, 82): 18, (2, 14): 126, (2, 120): 126, (4, 9): 42, (4, 123): 42, (5, 63): 126, (5, 68): 126, (7, 43): 6, (7, 86): 6, (8, 28): 21, (8, 100): 21, (9, 14): 63, (9, 113): 63, (11, 34): 63, (11, 91): 63, (12, 43): 126, (12, 81): 126, (14, 42): 126, (14, 80): 126, (15, 59): 63, (15, 62): 63, (23, 56): 42, (23, 57): 42, (29, 8): 63, (29, 99): 63, (30, 8): 63, (30, 98): 63, (31, 37): 63, (31, 68): 63, (33, 5): 63, (33, 98): 63, (38, 21): 21, (38, 77): 21, (39, 26): 7, (39, 71): 7, (40, 30): 63, (40, 66): 63, (41, 28): 126, (41, 67): 126, (42, 110): 14, (42, 121): 14, (44, 102): 126, (44, 127): 126, (46, 13): 3, (46, 77): 3, (47, 113): 2, (49, 27): 21, (49, 60): 21, (51, 5): 63, (51, 80): 63, (52, 99): 18, (52, 122): 18, (53, 105): 42, (53, 115): 42, (54, 5): 21, (54, 77): 21, (55, 100): 9, (55, 118): 9, (57, 99): 126, (57, 117): 126, (59, 85): 14, (59, 129): 14, (60, 29): 126, (60, 47): 126, (61, 36): 63, (61, 39): 63, (62, 76): 21, (62, 135): 21, (63, 90): 9, (63, 120): 9, (64, 22): 9, (64, 50): 9, (67, 75): 42, (67, 131): 42, (68, 69): 126, (68, 136): 126, (73, 80): 42, (73, 120): 42, (75, 98): 63, (75, 100): 63, (78, 17): 126, (78, 41): 126, (79, 8): 63, (79, 49): 63, (80, 6): 126, (80, 50): 126, (82, 78): 126, (82, 113): 126, (85, 52): 63, (85, 136): 63, (86, 1): 63, (86, 49): 63, (89, 19): 126, (89, 28): 126, (91, 12): 21, (91, 33): 21, (93, 73): 126, (93, 107): 126, (96, 87): 7, (96, 90): 7, (100, 76): 126, (100, 97): 126, (102, 68): 14, (102, 103): 14, (107, 58): 63, (107, 108): 63, (110, 49): 7, (110, 114): 7, (113, 76): 126, (113, 84): 126, (116, 67): 63, (116, 90): 63, (118, 67): 18, (118, 88): 18, (119, 43): 63, (119, 111): 63, (122, 15): 126, (122, 136): 126, (125, 23): 63, (125, 125): 63, (127, 14): 126, (127, 132): 126, (131, 50): 42, (131, 92): 42}
 
139, 126, True, 14, 9
{'infinity': 1, (0, 5): 42, (0, 133): 42, (5, 31): 63, (5, 102): 63, (6, 64): 126, (6, 68): 126, (20, 1): 126, (20, 117): 126, (23, 21): 63, (23, 94): 63, (24, 42): 126, (24, 72): 126, (25, 31): 63, (25, 82): 63, (26, 33): 9, (26, 79): 9, (27, 53): 63, (27, 58): 63, (30, 28): 21, (30, 80): 21, (34, 116): 63, (34, 127): 63, (36, 117): 63, (36, 124): 63, (37, 15): 6, (37, 86): 6, (39, 28): 126, (39, 71): 126, (40, 10): 42, (40, 88): 42, (42, 16): 63, (42, 80): 63, (43, 18): 18, (43, 77): 18, (44, 47): 2, (45, 96): 21, (45, 136): 21, (48, 94): 7, (48, 135): 7, (51, 103): 63, (51, 123): 63, (53, 109): 63, (53, 115): 63, (61, 23): 126, (61, 54): 126, (62, 35): 42, (62, 41): 42, (63, 2): 126, (63, 73): 126, (66, 11): 126, (66, 61): 126, (67, 89): 126, (67, 121): 126, (68, 80): 63, (68, 129): 63, (69, 94): 9, (69, 114): 9, (70, 100): 18, (70, 107): 18, (71, 28): 126, (71, 39): 126, (74, 25): 7, (74, 39): 7, (77, 62): 42, (77, 138): 42, (78, 73): 63, (78, 126): 63, (81, 91): 63, (81, 105): 63, (83, 6): 126, (83, 49): 126, (84, 76): 14, (84, 117): 14, (89, 87): 9, (89, 101): 9, (90, 62): 21, (90, 125): 21, (93, 61): 63, (93, 123): 63, (95, 11): 7, (95, 32): 7, (98, 81): 63, (98, 98): 63, (104, 52): 126, (104, 121): 126, (107, 77): 63, (107, 93): 63, (108, 48): 21, (108, 121): 21, (110, 31): 3, (110, 136): 3, (111, 71): 21, (111, 95): 21, (112, 62): 14, (112, 103): 14, (113, 49): 63, (113, 115): 63, (114, 67): 126, (114, 96): 126, (116, 58): 18, (116, 103): 18, (117, 75): 126, (117, 85): 126, (118, 9): 126, (118, 11): 126, (120, 61): 126, (120, 96): 126, (122, 56): 63, (122, 99): 63, (124, 17): 21, (124, 136): 21, (128, 57): 42, (128, 92): 42, (129, 71): 126, (129, 77): 126, (134, 39): 126, (134, 104): 126, (135, 19): 63, (135, 123): 63, (136, 58): 126, (136, 83): 126, (137, 8): 14, (137, 132): 14, (138, 66): 42, (138, 73): 42}
 
149, 147, True, 7, 21
{'infinity': 1, (1, 14): 21, (1, 133): 21, (2, 31): 49, (2, 115): 49, (3, 38): 147, (3, 107): 147, (4, 50): 49, (4, 94): 49, (5, 40): 147, (5, 103): 147, (6, 43): 147, (6, 99): 147, (8, 24): 147, (8, 116): 147, (11, 49): 147, (11, 88): 147, (12, 16): 147, (12, 120): 147, (13, 5): 49, (13, 130): 49, (14, 5): 21, (14, 129): 21, (15, 12): 49, (15, 121): 49, (17, 41): 21, (17, 90): 21, (19, 44): 147, (19, 85): 147, (20, 57): 147, (20, 71): 147, (23, 14): 21, (23, 111): 21, (24, 46): 49, (24, 78): 49, (25, 52): 147, (25, 71): 147, (26, 125): 7, (26, 146): 7, (27, 46): 21, (27, 75): 21, (28, 17): 147, (28, 103): 147, (30, 121): 49, (30, 146): 49, (33, 116): 147, (33, 148): 147, (35, 20): 49, (35, 93): 49, (36, 55): 147, (36, 57): 147, (37, 9): 147, (37, 102): 147, (39, 54): 147, (39, 55): 147, (42, 23): 147, (42, 83): 147, (43, 28): 49, (43, 77): 49, (44, 12): 147, (44, 92): 147, (45, 105): 147, (45, 147): 147, (51, 4): 147, (51, 93): 147, (52, 13): 147, (52, 83): 147, (55, 113): 147, (55, 129): 147, (56, 9): 147, (56, 83): 147, (57, 9): 147, (57, 82): 147, (61, 97): 147, (61, 139): 147, (62, 115): 147, (62, 120): 147, (64, 93): 147, (64, 140): 147, (71, 98): 21, (71, 128): 21, (74, 15): 49, (74, 59): 49, (75, 18): 49, (75, 55): 49, (76, 101): 49, (76, 120): 49, (81, 87): 49, (81, 129): 49, (82, 15): 147, (82, 51): 147, (86, 96): 147, (86, 115): 147, (89, 100): 147, (89, 108): 147, (91, 12): 147, (91, 45): 147, (94, 57): 49, (94, 146): 49, (95, 63): 147, (95, 139): 147, (98, 61): 49, (98, 138): 49, (99, 3): 147, (99, 46): 147, (103, 11): 147, (103, 34): 147, (104, 80): 49, (104, 113): 49, (105, 71): 49, (105, 121): 49, (109, 72): 49, (109, 116): 49, (115, 76): 7, (115, 106): 7, (116, 10): 147, (116, 22): 147, (117, 77): 49, (117, 103): 49, (122, 32): 49, (122, 143): 49, (123, 5): 147, (123, 20): 147, (126, 8): 7, (126, 14): 7, (127, 35): 147, (127, 135): 147, (130, 25): 147, (130, 142): 147, (132, 74): 49, (132, 91): 49, (134, 68): 147, (134, 95): 147, (137, 33): 147, (137, 127): 147, (139, 77): 49, (139, 81): 49, (140, 44): 147, (140, 113): 147, (141, 20): 147, (141, 136): 147, (143, 15): 147, (143, 139): 147, (144, 30): 3, (144, 123): 3, (147, 66): 147, (147, 84): 147}
 
151, 133, True, 7, 19
{'infinity': 1, (0, 65): 7, (0, 85): 7, (6, 10): 133, (6, 134): 133, (7, 48): 133, (7, 95): 133, (8, 7): 133, (8, 135): 133, (10, 68): 19, (10, 72): 19, (12, 43): 133, (12, 95): 133, (13, 34): 133, (13, 103): 133, (15, 15): 19, (15, 120): 19, (16, 53): 133, (16, 81): 133, (19, 30): 133, (19, 101): 133, (20, 24): 133, (20, 106): 133, (21, 1): 133, (21, 128): 133, (28, 15): 133, (28, 107): 133, (31, 13): 133, (31, 106): 133, (32, 41): 133, (32, 77): 133, (34, 126): 133, (34, 141): 133, (35, 35): 133, (35, 80): 133, (37, 24): 133, (37, 89): 133, (39, 47): 133, (39, 64): 133, (43, 114): 7, (43, 144): 7, (44, 26): 133, (44, 80): 133, (46, 4): 133, (46, 100): 133, (48, 21): 133, (48, 81): 133, (50, 125): 133, (50, 126): 133, (52, 119): 133, (52, 130): 133, (53, 4): 133, (53, 93): 133, (56, 107): 133, (56, 138): 133, (63, 28): 133, (63, 59): 133, (67, 10): 133, (67, 73): 133, (68, 107): 133, (68, 126): 133, (69, 2): 133, (69, 79): 133, (70, 97): 19, (70, 134): 19, (71, 109): 133, (71, 121): 133, (73, 80): 133, (73, 148): 133, (76, 91): 133, (76, 134): 133, (79, 10): 19, (79, 61): 19, (81, 0): 133, (81, 69): 133, (84, 78): 19, (84, 139): 19, (85, 104): 133, (85, 112): 133, (87, 82): 133, (87, 132): 133, (88, 81): 7, (88, 132): 7, (89, 76): 19, (89, 136): 19, (90, 11): 133, (90, 49): 133, (92, 14): 133, (92, 44): 133, (93, 98): 133, (93, 110): 133, (95, 24): 133, (95, 31): 133, (98, 76): 133, (98, 127): 133, (99, 55): 133, (99, 147): 133, (101, 94): 19, (101, 106): 19, (103, 73): 19, (103, 125): 19, (104, 93): 133, (104, 104): 133, (107, 20): 133, (107, 23): 133, (109, 15): 133, (109, 26): 133, (111, 74): 133, (111, 116): 133, (114, 83): 19, (114, 104): 19, (116, 76): 133, (116, 109): 133, (119, 90): 133, (119, 92): 133, (128, 41): 133, (128, 132): 133, (130, 25): 133, (130, 146): 133, (132, 70): 133, (132, 99): 133, (133, 73): 133, (133, 95): 133, (137, 46): 133, (137, 118): 133, (138, 52): 133, (138, 111): 133, (143, 41): 133, (143, 117): 133, (146, 62): 133, (146, 93): 133, (150, 26): 133, (150, 125): 133}
 
157, 154, True, 14, 11
{'infinity': 1, (6, 68): 154, (6, 82): 154, (12, 41): 154, (12, 103): 154, (13, 32): 154, (13, 111): 154, (17, 61): 154, (17, 78): 154, (19, 142): 154, (19, 152): 154, (21, 45): 77, (21, 90): 77, (22, 32): 77, (22, 102): 77, (25, 45): 154, (25, 86): 154, (26, 44): 77, (26, 86): 77, (27, 34): 11, (27, 95): 11, (28, 46): 154, (28, 82): 154, (31, 50): 77, (31, 75): 77, (37, 4): 154, (37, 115): 154, (38, 37): 7, (38, 81): 7, (42, 123): 11, (42, 148): 11, (46, 22): 154, (46, 88): 154, (48, 31): 77, (48, 77): 77, (50, 49): 154, (50, 57): 154, (53, 104): 77, (53, 156): 77, (54, 12): 14, (54, 90): 14, (57, 121): 154, (57, 135): 154, (59, 18): 77, (59, 79): 77, (61, 41): 77, (61, 54): 77, (64, 95): 77, (64, 154): 77, (66, 103): 77, (66, 144): 77, (67, 95): 77, (67, 151): 77, (72, 13): 154, (72, 71): 154, (73, 85): 154, (73, 155): 154, (75, 16): 7, (75, 65): 7, (76, 96): 22, (76, 141): 22, (77, 107): 77, (77, 129): 77, (78, 39): 2, (79, 21): 11, (79, 56): 11, (80, 103): 154, (80, 130): 154, (81, 92): 77, (81, 140): 77, (83, 90): 154, (83, 140): 154, (85, 30): 154, (85, 41): 154, (88, 2): 77, (88, 66): 77, (92, 96): 77, (92, 125): 77, (95, 71): 77, (95, 147): 77, (97, 62): 77, (97, 154): 77, (99, 87): 154, (99, 127): 154, (100, 84): 154, (100, 129): 154, (102, 62): 154, (102, 149): 154, (103, 11): 11, (103, 42): 11, (106, 83): 22, (106, 124): 22, (107, 86): 154, (107, 120): 154, (111, 53): 77, (111, 149): 77, (112, 45): 154, (112, 156): 154, (114, 92): 77, (114, 107): 77, (115, 93): 77, (115, 105): 77, (116, 62): 154, (116, 135): 154, (118, 16): 77, (118, 22): 77, (120, 92): 77, (120, 101): 77, (122, 16): 77, (122, 18): 77, (123, 1): 154, (123, 32): 154, (124, 82): 7, (124, 107): 7, (127, 69): 77, (127, 117): 77, (128, 77): 154, (128, 108): 154, (130, 52): 77, (130, 131): 77, (132, 72): 22, (132, 109): 22, (134, 4): 77, (134, 18): 77, (137, 37): 154, (137, 139): 154, (138, 46): 22, (138, 129): 22, (139, 77): 14, (139, 97): 14, (140, 37): 154, (140, 136): 154, (141, 74): 14, (141, 98): 14, (142, 36): 11, (142, 135): 11, (144, 4): 154, (144, 8): 154, (145, 40): 77, (145, 128): 77, (146, 29): 77, (146, 138): 77, (147, 70): 154, (147, 96): 154, (148, 71): 154, (148, 94): 154, (149, 46): 77, (149, 118): 77, (150, 7): 22, (150, 156): 22, (151, 22): 154, (151, 140): 154, (154, 5): 77, (154, 154): 77}
 
163, 168, False, 14, 12
{'infinity': 1, (1, 8): 84, (1, 153): 84, (4, 68): 84, (4, 90): 84, (6, 10): 42, (6, 146): 42, (7, 45): 84, (7, 110): 84, (10, 56): 84, (10, 96): 84, (14, 42): 28, (14, 106): 28, (16, 13): 84, (16, 133): 84, (17, 43): 14, (17, 102): 14, (18, 3): 28, (18, 141): 28, (19, 36): 84, (19, 107): 84, (21, 37): 42, (21, 104): 42, (22, 18): 28, (22, 122): 28, (23, 31): 6, (23, 108): 6, (24, 145): 12, (24, 156): 12, (29, 8): 12, (29, 125): 12, (30, 18): 84, (30, 114): 84, (33, 13): 21, (33, 116): 21, (35, 5): 42, (35, 122): 42, (37, 41): 7, (37, 84): 7, (39, 30): 84, (39, 93): 84, (40, 36): 84, (40, 86): 84, (43, 59): 84, (43, 60): 84, (44, 17): 28, (44, 101): 28, (46, 19): 14, (46, 97): 14, (47, 19): 7, (47, 96): 7, (51, 115): 28, (51, 159): 28, (52, 35): 42, (52, 75): 42, (53, 16): 42, (53, 93): 42, (56, 25): 4, (56, 81): 4, (58, 47): 21, (58, 57): 21, (59, 110): 28, (59, 156): 28, (60, 51): 2, (61, 112): 28, (61, 152): 28, (64, 34): 4, (64, 64): 4, (65, 130): 2, (67, 37): 84, (67, 58): 84, (69, 95): 21, (69, 161): 21, (70, 106): 12, (70, 149): 12, (71, 19): 14, (71, 72): 14, (72, 93): 84, (72, 160): 84, (75, 0): 7, (75, 87): 7, (76, 37): 28, (76, 49): 28, (80, 106): 42, (80, 139): 42, (81, 88): 21, (81, 156): 21, (83, 12): 84, (83, 67): 84, (84, 91): 28, (84, 150): 28, (86, 21): 3, (86, 55): 3, (87, 80): 42, (87, 158): 42, (88, 99): 28, (88, 138): 28, (90, 77): 42, (90, 158): 42, (96, 11): 84, (96, 55): 84, (98, 110): 42, (98, 117): 42, (102, 105): 84, (102, 118): 84, (104, 100): 42, (104, 121): 42, (105, 21): 42, (105, 36): 42, (107, 96): 84, (107, 122): 84, (108, 15): 42, (108, 39): 42, (111, 12): 21, (111, 39): 21, (112, 18): 6, (112, 32): 6, (115, 13): 28, (115, 34): 28, (116, 47): 14, (116, 162): 14, (123, 75): 6, (123, 127): 6, (126, 48): 42, (126, 151): 42, (127, 69): 42, (127, 129): 42, (129, 95): 42, (129, 101): 42, (132, 4): 12, (132, 26): 12, (133, 12): 84, (133, 17): 84, (134, 8): 14, (134, 20): 14, (136, 5): 14, (136, 21): 14, (137, 73): 84, (137, 115): 84, (138, 59): 84, (138, 128): 84, (139, 71): 42, (139, 115): 42, (145, 55): 28, (145, 125): 28, (146, 59): 14, (146, 120): 14, (147, 6): 84, (147, 9): 84, (148, 34): 14, (148, 143): 14, (150, 17): 21, (150, 158): 21, (151, 43): 84, (151, 131): 84, (152, 75): 14, (152, 98): 14, (153, 47): 42, (153, 125): 42, (154, 70): 84, (154, 101): 84, (156, 1): 42, (156, 5): 42, (157, 83): 84, (157, 85): 84, (159, 43): 84, (159, 123): 84, (161, 82): 2}
 
167, 168, True, 14, 12
{'infinity': 1, (4, 2): 14, (4, 160): 14, (7, 31): 4, (7, 128): 4, (8, 43): 56, (8, 115): 56, (13, 54): 24, (13, 99): 24, (18, 43): 14, (18, 105): 14, (22, 24): 84, (22, 120): 84, (23, 34): 168, (23, 109): 168, (24, 59): 42, (24, 83): 42, (26, 0): 7, (26, 140): 7, (28, 36): 24, (28, 102): 24, (30, 0): 56, (30, 136): 56, (31, 23): 84, (31, 112): 84, (32, 35): 24, (32, 99): 24, (33, 31): 56, (33, 102): 56, (35, 34): 84, (35, 97): 84, (37, 21): 42, (37, 108): 42, (39, 63): 168, (39, 64): 168, (43, 54): 21, (43, 69): 21, (44, 15): 168, (44, 107): 168, (48, 125): 56, (48, 160): 56, (50, 40): 42, (50, 76): 42, (51, 35): 7, (51, 80): 7, (53, 23): 168, (53, 90): 168, (54, 26): 84, (54, 86): 84, (56, 115): 28, (56, 162): 28, (57, 20): 12, (57, 89): 12, (59, 16): 21, (59, 91): 21, (60, 47): 168, (60, 59): 168, (62, 113): 168, (62, 158): 168, (66, 130): 56, (66, 137): 56, (67, 128): 168, (67, 138): 168, (69, 116): 84, (69, 148): 84, (70, 29): 28, (70, 67): 28, (71, 12): 168, (71, 83): 168, (73, 10): 8, (73, 83): 8, (74, 42): 21, (74, 50): 21, (75, 17): 168, (75, 74): 168, (77, 103): 14, (77, 153): 14, (81, 8): 7, (81, 77): 7, (82, 18): 42, (82, 66): 42, (84, 23): 56, (84, 59): 56, (85, 35): 168, (85, 46): 168, (87, 22): 6, (87, 57): 6, (90, 94): 12, (90, 149): 12, (94, 111): 168, (94, 128): 168, (103, 30): 24, (103, 33): 24, (104, 114): 8, (104, 115): 8, (107, 102): 84, (107, 124): 84, (109, 25): 84, (109, 32): 84, (110, 22): 56, (110, 34): 56, (112, 0): 56, (112, 54): 56, (113, 82): 168, (113, 138): 168, (114, 77): 21, (114, 142): 21, (115, 14): 42, (115, 37): 42, (116, 57): 56, (116, 160): 56, (117, 8): 28, (117, 41): 28, (118, 104): 168, (118, 111): 168, (122, 58): 168, (122, 153): 168, (123, 99): 3, (123, 111): 3, (124, 61): 168, (124, 148): 168, (126, 91): 28, (126, 116): 28, (128, 7): 56, (128, 31): 56, (130, 40): 84, (130, 163): 84, (131, 80): 168, (131, 122): 168, (132, 57): 168, (132, 144): 168, (133, 69): 56, (133, 131): 56, (134, 53): 21, (134, 146): 21, (136, 44): 168, (136, 153): 168, (137, 8): 28, (137, 21): 28, (138, 6): 168, (138, 22): 168, (140, 77): 21, (140, 116): 21, (141, 84): 168, (141, 108): 168, (142, 43): 56, (142, 148): 56, (145, 62): 84, (145, 126): 84, (150, 91): 84, (150, 92): 84, (153, 80): 168, (153, 100): 168, (155, 40): 84, (155, 138): 84, (157, 68): 168, (157, 108): 168, (158, 70): 168, (158, 105): 168, (159, 69): 168, (159, 105): 168, (160, 3): 2, (161, 21): 84, (161, 151): 84, (163, 49): 42, (163, 121): 42, (166, 38): 28, (166, 129): 28}
 
173, 175, True, 7, 25
{'infinity': 1, (2, 74): 25, (2, 96): 25, (3, 46): 175, (3, 123): 175, (4, 56): 175, (4, 112): 175, (7, 0): 175, (7, 165): 175, (8, 31): 175, (8, 133): 175, (11, 19): 25, (11, 142): 25, (17, 68): 175, (17, 87): 175, (19, 37): 35, (19, 116): 35, (21, 71): 175, (21, 80): 175, (22, 7): 175, (22, 143): 175, (24, 34): 35, (24, 114): 35, (25, 0): 175, (25, 147): 175, (28, 22): 175, (28, 122): 175, (29, 68): 175, (29, 75): 175, (30, 28): 175, (30, 114): 175, (31, 3): 175, (31, 138): 175, (32, 67): 175, (32, 73): 175, (34, 152): 175, (34, 159): 175, (36, 145): 175, (36, 164): 175, (38, 33): 25, (38, 101): 25, (40, 42): 175, (40, 90): 175, (42, 29): 175, (42, 101): 175, (43, 138): 35, (43, 164): 35, (44, 6): 175, (44, 122): 175, (46, 54): 175, (46, 72): 175, (47, 145): 25, (47, 153): 25, (50, 49): 175, (50, 73): 175, (52, 128): 175, (52, 165): 175, (54, 132): 175, (54, 159): 175, (55, 137): 25, (55, 153): 25, (60, 7): 175, (60, 105): 175, (62, 113): 175, (62, 170): 175, (64, 44): 175, (64, 64): 175, (66, 22): 175, (66, 84): 175, (67, 8): 175, (67, 97): 175, (68, 126): 175, (68, 151): 175, (72, 120): 5, (72, 153): 5, (74, 99): 25, (74, 172): 25, (76, 108): 175, (76, 161): 175, (78, 111): 175, (78, 156): 175, (79, 36): 175, (79, 57): 175, (80, 22): 175, (80, 70): 175, (86, 100): 35, (86, 159): 35, (87, 109): 175, (87, 149): 175, (91, 109): 175, (91, 145): 175, (92, 7): 175, (92, 73): 175, (94, 101): 175, (94, 150): 175, (95, 86): 175, (95, 164): 175, (97, 100): 35, (97, 148): 35, (100, 107): 25, (100, 138): 25, (101, 16): 175, (101, 55): 175, (102, 121): 35, (102, 122): 35, (104, 18): 175, (104, 50): 175, (109, 1): 175, (109, 62): 175, (110, 17): 7, (110, 45): 7, (111, 2): 175, (111, 59): 175, (113, 60): 175, (113, 172): 175, (115, 65): 175, (115, 165): 175, (118, 86): 35, (118, 141): 35, (119, 99): 35, (119, 127): 35, (120, 111): 175, (120, 114): 175, (128, 68): 175, (128, 149): 175, (132, 64): 175, (132, 149): 175, (134, 86): 175, (134, 125): 175, (142, 0): 175, (142, 30): 175, (143, 33): 175, (143, 169): 175, (146, 67): 175, (146, 132): 175, (147, 66): 25, (147, 132): 25, (148, 82): 175, (148, 115): 175, (149, 85): 175, (149, 111): 175, (151, 64): 7, (151, 130): 7, (154, 92): 175, (154, 99): 175, (155, 28): 175, (155, 162): 175, (156, 71): 5, (156, 118): 5, (158, 24): 35, (158, 163): 35, (160, 13): 35, (160, 172): 35, (161, 78): 35, (161, 106): 35, (162, 28): 175, (162, 155): 175, (163, 87): 175, (163, 95): 175, (164, 81): 7, (164, 100): 7, (165, 38): 25, (165, 142): 25, (166, 33): 175, (166, 146): 175, (167, 87): 175, (167, 91): 175, (168, 58): 35, (168, 119): 35, (169, 67): 175, (169, 109): 175, (170, 71): 175, (170, 104): 175, (171, 32): 25, (171, 142): 25}
 
179, 196, True, 14, 14
{'infinity': 1, (1, 18): 98, (1, 159): 98, (2, 70): 98, (2, 106): 98, (3, 69): 196, (3, 106): 196, (4, 35): 98, (4, 139): 98, (5, 8): 98, (5, 165): 98, (8, 23): 196, (8, 147): 196, (9, 59): 196, (9, 110): 196, (10, 51): 98, (10, 117): 98, (11, 54): 196, (11, 113): 196, (12, 83): 2, (14, 57): 196, (14, 107): 196, (15, 63): 98, (15, 100): 98, (17, 47): 49, (17, 114): 49, (18, 73): 196, (18, 87): 196, (19, 67): 196, (19, 92): 196, (21, 25): 49, (21, 132): 49, (23, 162): 196, (23, 172): 196, (24, 27): 49, (24, 127): 49, (25, 162): 14, (25, 170): 14, (27, 157): 49, (27, 173): 49, (30, 160): 196, (30, 167): 196, (33, 63): 28, (33, 82): 28, (34, 69): 49, (34, 75): 49, (38, 6): 196, (38, 134): 196, (40, 54): 196, (40, 84): 196, (41, 147): 98, (41, 169): 98, (42, 140): 196, (42, 175): 196, (44, 155): 28, (44, 158): 28, (46, 50): 196, (46, 82): 196, (49, 135): 28, (49, 173): 28, (51, 151): 49, (51, 155): 49, (52, 45): 196, (52, 81): 196, (53, 41): 28, (53, 84): 28, (54, 139): 98, (54, 164): 98, (57, 11): 98, (57, 110): 98, (59, 43): 14, (59, 76): 14, (60, 129): 7, (60, 168): 7, (62, 135): 196, (62, 160): 196, (63, 34): 98, (63, 81): 98, (64, 0): 98, (64, 114): 98, (65, 32): 196, (65, 81): 196, (69, 135): 49, (69, 153): 49, (70, 128): 196, (70, 159): 196, (72, 137): 49, (72, 148): 49, (73, 26): 98, (73, 79): 98, (74, 131): 196, (74, 152): 196, (75, 13): 196, (75, 90): 196, (76, 45): 98, (76, 57): 98, (78, 103): 7, (78, 176): 7, (81, 120): 196, (81, 156): 196, (82, 24): 49, (82, 72): 49, (83, 37): 28, (83, 58): 28, (84, 108): 196, (84, 165): 196, (85, 117): 196, (85, 155): 196, (87, 7): 98, (87, 84): 98, (88, 109): 49, (88, 160): 49, (89, 123): 49, (89, 145): 49, (90, 31): 196, (90, 57): 196, (91, 101): 28, (91, 165): 28, (99, 114): 14, (99, 144): 14, (101, 82): 49, (101, 174): 49, (104, 80): 196, (104, 173): 196, (109, 89): 196, (109, 159): 196, (110, 71): 196, (110, 176): 196, (113, 19): 49, (113, 46): 49, (114, 110): 196, (114, 133): 196, (115, 119): 196, (115, 123): 196, (117, 12): 196, (117, 49): 196, (118, 96): 98, (118, 143): 98, (119, 96): 98, (119, 142): 98, (122, 96): 49, (122, 139): 49, (125, 76): 196, (125, 156): 196, (127, 85): 196, (127, 145): 196, (129, 54): 98, (129, 174): 98, (131, 79): 196, (131, 147): 196, (132, 63): 196, (132, 162): 196, (133, 46): 49, (133, 178): 49, (136, 13): 49, (136, 29): 49, (137, 11): 49, (137, 30): 49, (138, 0): 98, (138, 40): 98, (139, 41): 196, (139, 177): 196, (143, 69): 196, (143, 145): 196, (144, 97): 196, (144, 116): 196, (148, 13): 4, (148, 17): 4, (151, 95): 49, (151, 111): 49, (152, 64): 196, (152, 141): 196, (153, 48): 98, (153, 156): 98, (155, 79): 196, (155, 123): 196, (156, 86): 49, (156, 115): 49, (157, 0): 49, (157, 21): 49, (165, 2): 98, (165, 11): 98, (167, 41): 98, (167, 149): 98, (168, 53): 7, (168, 136): 7, (171, 10): 196, (171, 176): 196, (173, 38): 49, (173, 146): 49, (174, 62): 196, (174, 121): 196, (175, 76): 196, (175, 106): 196, (177, 9): 196, (177, 171): 196}
 
181, 196, True, 7, 28
{'infinity': 1, (1, 68): 196, (1, 111): 196, (3, 64): 49, (3, 113): 49, (4, 1): 196, (4, 175): 196, (7, 53): 196, (7, 120): 196, (10, 68): 49, (10, 102): 49, (11, 10): 28, (11, 159): 28, (12, 80): 196, (12, 88): 196, (14, 78): 196, (14, 88): 196, (18, 51): 98, (18, 111): 98, (20, 39): 196, (20, 121): 196, (21, 25): 196, (21, 134): 196, (25, 73): 196, (25, 82): 196, (26, 76): 196, (26, 78): 196, (28, 42): 196, (28, 110): 196, (29, 31): 196, (29, 120): 196, (30, 66): 49, (30, 84): 49, (31, 30): 28, (31, 119): 28, (32, 49): 49, (32, 99): 49, (33, 18): 98, (33, 129): 98, (34, 62): 28, (34, 84): 28, (35, 27): 98, (35, 118): 98, (36, 152): 196, (36, 173): 196, (37, 24): 98, (37, 119): 98, (38, 53): 14, (38, 89): 14, (42, 56): 98, (42, 82): 98, (43, 142): 196, (43, 176): 196, (47, 66): 196, (47, 67): 196, (48, 38): 7, (48, 94): 7, (49, 137): 49, (49, 175): 49, (52, 14): 49, (52, 114): 49, (53, 149): 49, (53, 159): 49, (54, 8): 49, (54, 118): 49, (58, 25): 98, (58, 97): 98, (60, 122): 49, (60, 179): 49, (61, 48): 98, (61, 71): 98, (62, 121): 196, (62, 178): 196, (65, 125): 196, (65, 171): 196, (66, 123): 196, (66, 172): 196, (67, 26): 4, (67, 87): 4, (70, 20): 49, (70, 90): 49, (71, 36): 196, (71, 73): 196, (72, 134): 49, (72, 155): 49, (75, 47): 196, (75, 58): 196, (77, 124): 98, (77, 160): 98, (79, 0): 196, (79, 101): 196, (81, 112): 98, (81, 168): 98, (82, 105): 49, (82, 174): 49, (84, 10): 98, (84, 86): 98, (86, 21): 49, (86, 73): 49, (87, 10): 196, (87, 83): 196, (88, 132): 49, (88, 141): 49, (89, 134): 196, (89, 138): 196, (92, 3): 49, (92, 85): 49, (93, 118): 98, (93, 150): 98, (97, 132): 2, (98, 13): 98, (98, 69): 98, (99, 92): 196, (99, 170): 196, (100, 121): 49, (100, 140): 49, (103, 25): 196, (103, 52): 196, (104, 11): 196, (104, 65): 196, (105, 9): 196, (105, 66): 196, (111, 19): 98, (111, 50): 98, (112, 16): 49, (112, 52): 49, (114, 119): 196, (114, 128): 196, (115, 82): 196, (115, 164): 196, (116, 65): 28, (116, 180): 28, (117, 108): 7, (117, 136): 7, (118, 84): 196, (118, 159): 196, (119, 20): 196, (119, 41): 196, (122, 93): 49, (122, 146): 49, (123, 103): 196, (123, 135): 196, (124, 63): 98, (124, 174): 98, (129, 57): 196, (129, 175): 196, (130, 69): 49, (130, 162): 49, (132, 107): 196, (132, 122): 196, (133, 87): 98, (133, 141): 98, (135, 69): 98, (135, 157): 98, (137, 53): 196, (137, 171): 196, (142, 78): 14, (142, 141): 14, (143, 65): 98, (143, 153): 98, (145, 100): 14, (145, 116): 14, (146, 95): 98, (146, 120): 98, (147, 60): 196, (147, 154): 196, (148, 52): 196, (148, 161): 196, (151, 37): 28, (151, 173): 28, (156, 88): 49, (156, 117): 49, (157, 30): 98, (157, 174): 98, (158, 77): 196, (158, 126): 196, (160, 5): 196, (160, 15): 196, (161, 29): 7, (161, 171): 7, (163, 87): 196, (163, 111): 196, (167, 51): 49, (167, 143): 49, (171, 68): 196, (171, 122): 196, (174, 20): 28, (174, 167): 28, (175, 30): 196, (175, 156): 196, (176, 12): 98, (176, 173): 98, (178, 51): 98, (178, 132): 98, (180, 72): 196, (180, 109): 196}
 
191, 203, True, 7, 29
{'infinity': 1, (0, 87): 203, (0, 103): 203, (1, 45): 203, (1, 144): 203, (3, 35): 203, (3, 152): 203, (5, 42): 7, (5, 143): 7, (7, 7): 203, (7, 176): 203, (8, 58): 203, (8, 124): 203, (9, 12): 203, (9, 169): 203, (12, 3): 203, (12, 175): 203, (15, 4): 203, (15, 171): 203, (17, 17): 29, (17, 156): 29, (21, 68): 203, (21, 101): 203, (22, 27): 29, (22, 141): 29, (24, 177): 203, (24, 180): 203, (25, 63): 203, (25, 102): 203, (27, 34): 203, (27, 129): 203, (30, 11): 203, (30, 149): 203, (31, 61): 203, (31, 98): 203, (33, 16): 29, (33, 141): 29, (34, 57): 203, (34, 99): 203, (36, 35): 203, (36, 119): 203, (37, 32): 203, (37, 121): 203, (38, 6): 203, (38, 146): 203, (39, 20): 203, (39, 131): 203, (40, 48): 203, (40, 102): 203, (41, 169): 203, (41, 171): 203, (43, 157): 203, (43, 181): 203, (44, 33): 203, (44, 113): 203, (47, 27): 203, (47, 116): 203, (48, 2): 203, (48, 140): 203, (49, 17): 203, (49, 124): 203, (55, 32): 203, (55, 103): 203, (59, 12): 203, (59, 119): 203, (60, 14): 203, (60, 116): 203, (61, 9): 203, (61, 120): 203, (62, 152): 203, (62, 167): 203, (66, 131): 203, (66, 184): 203, (68, 48): 203, (68, 74): 203, (70, 151): 203, (70, 160): 203, (71, 22): 203, (71, 97): 203, (75, 138): 203, (75, 168): 203, (76, 25): 203, (76, 89): 203, (77, 143): 29, (77, 161): 29, (79, 52): 203, (79, 59): 203, (80, 137): 203, (80, 164): 203, (82, 23): 203, (82, 85): 203, (83, 118): 29, (83, 180): 29, (84, 48): 203, (84, 58): 203, (85, 116): 203, (85, 180): 203, (86, 40): 203, (86, 64): 203, (87, 131): 7, (87, 163): 7, (91, 49): 203, (91, 50): 203, (94, 128): 203, (94, 159): 203, (97, 119): 203, (97, 165): 203, (98, 8): 203, (98, 84): 203, (100, 32): 203, (100, 58): 203, (101, 10): 203, (101, 79): 203, (103, 106): 203, (103, 172): 203, (106, 125): 203, (106, 150): 203, (107, 8): 203, (107, 75): 203, (110, 128): 203, (110, 143): 203, (111, 26): 203, (111, 53): 203, (116, 10): 203, (116, 64): 203, (123, 27): 203, (123, 40): 203, (124, 12): 203, (124, 54): 203, (125, 106): 203, (125, 150): 203, (126, 17): 203, (126, 47): 203, (127, 102): 203, (127, 152): 203, (128, 91): 203, (128, 162): 203, (130, 79): 203, (130, 172): 203, (131, 62): 203, (131, 188): 203, (133, 90): 203, (133, 158): 203, (134, 13): 203, (134, 43): 203, (135, 122): 203, (135, 124): 203, (136, 74): 203, (136, 171): 203, (137, 103): 29, (137, 141): 29, (138, 83): 203, (138, 160): 203, (142, 70): 203, (142, 169): 203, (144, 105): 203, (144, 132): 203, (146, 93): 29, (146, 142): 29, (147, 67): 203, (147, 167): 203, (150, 59): 203, (150, 172): 203, (152, 79): 29, (152, 150): 29, (153, 2): 203, (153, 35): 203, (154, 59): 203, (154, 168): 203, (155, 106): 203, (155, 120): 203, (157, 14): 203, (157, 19): 203, (159, 110): 29, (159, 112): 29, (161, 31): 203, (161, 189): 203, (163, 6): 203, (163, 21): 203, (166, 10): 203, (166, 14): 203, (167, 94): 7, (167, 120): 7, (170, 41): 203, (170, 170): 203, (173, 30): 29, (173, 178): 29, (174, 40): 29, (174, 167): 29, (175, 46): 203, (175, 160): 203, (177, 81): 29, (177, 123): 29, (178, 4): 203, (178, 8): 203, (179, 74): 29, (179, 128): 29, (181, 64): 203, (181, 136): 203, (182, 2): 203, (182, 6): 203, (190, 4): 29, (190, 187): 29}
 
193, 182, True, 14, 13
{'infinity': 1, (0, 53): 182, (0, 139): 182, (1, 20): 14, (1, 171): 14, (4, 64): 91, (4, 124): 91, (6, 32): 182, (6, 154): 182, (8, 19): 182, (8, 165): 182, (9, 69): 182, (9, 114): 182, (10, 0): 91, (10, 182): 91, (16, 60): 91, (16, 116): 91, (17, 10): 91, (17, 165): 91, (19, 33): 182, (19, 140): 182, (25, 70): 91, (25, 97): 91, (27, 50): 182, (27, 115): 182, (28, 172): 182, (28, 185): 182, (30, 38): 91, (30, 124): 91, (31, 6): 13, (31, 155): 13, (32, 15): 182, (32, 145): 182, (33, 78): 7, (33, 81): 7, (38, 55): 26, (38, 99): 26, (39, 30): 182, (39, 123): 182, (41, 13): 26, (41, 138): 26, (42, 42): 182, (42, 108): 182, (43, 15): 91, (43, 134): 91, (44, 0): 182, (44, 148): 182, (47, 152): 7, (47, 186): 7, (52, 64): 13, (52, 76): 13, (53, 150): 182, (53, 182): 182, (56, 27): 91, (56, 109): 91, (58, 55): 91, (58, 79): 91, (60, 20): 182, (60, 112): 182, (61, 6): 91, (61, 125): 91, (62, 138): 182, (62, 185): 182, (64, 16): 182, (64, 112): 182, (67, 37): 7, (67, 88): 7, (70, 10): 91, (70, 112): 91, (71, 29): 91, (71, 92): 91, (72, 59): 91, (72, 61): 91, (75, 54): 13, (75, 63): 13, (78, 128): 91, (78, 179): 91, (79, 153): 2, (84, 110): 182, (84, 191): 182, (85, 129): 91, (85, 171): 91, (88, 36): 91, (88, 68): 91, (90, 105): 182, (90, 190): 182, (91, 138): 91, (91, 156): 91, (93, 12): 91, (93, 87): 91, (95, 139): 13, (95, 151): 13, (97, 22): 91, (97, 73): 91, (98, 39): 14, (98, 55): 14, (99, 139): 182, (99, 147): 182, (101, 126): 26, (101, 158): 26, (102, 6): 91, (102, 84): 91, (104, 96): 13, (104, 185): 13, (106, 132): 91, (106, 147): 91, (107, 10): 91, (107, 75): 91, (108, 106): 182, (108, 171): 182, (109, 118): 14, (109, 158): 14, (111, 90): 91, (111, 184): 91, (112, 84): 182, (112, 189): 182, (119, 15): 182, (119, 58): 182, (124, 110): 182, (124, 151): 182, (126, 93): 182, (126, 166): 182, (128, 18): 91, (128, 46): 91, (129, 5): 91, (129, 58): 91, (131, 72): 182, (131, 182): 182, (133, 20): 91, (133, 39): 91, (136, 121): 182, (136, 128): 182, (138, 64): 91, (138, 183): 91, (139, 58): 182, (139, 188): 182, (140, 0): 182, (140, 52): 182, (141, 54): 91, (141, 190): 91, (142, 65): 91, (142, 178): 91, (146, 104): 91, (146, 135): 91, (149, 95): 182, (149, 141): 182, (155, 57): 182, (155, 173): 182, (156, 39): 26, (156, 190): 26, (157, 76): 182, (157, 152): 182, (160, 101): 91, (160, 124): 91, (164, 11): 91, (164, 17): 91, (168, 66): 182, (168, 151): 182, (169, 51): 182, (169, 165): 182, (170, 43): 182, (170, 172): 182, (171, 54): 91, (171, 160): 91, (172, 83): 91, (172, 130): 91, (173, 84): 26, (173, 128): 26, (177, 50): 91, (177, 158): 91, (178, 76): 182, (178, 131): 182, (179, 96): 13, (179, 110): 13, (181, 91): 26, (181, 113): 26, (182, 56): 182, (182, 147): 182, (183, 50): 182, (183, 152): 182, (189, 24): 91, (189, 172): 91}
 
197, 210, True, 42, 5
{'infinity': 1, (2, 96): 210, (2, 98): 210, (4, 79): 105, (4, 113): 105, (6, 52): 21, (6, 138): 21, (8, 93): 70, (8, 95): 70, (9, 88): 210, (9, 99): 210, (10, 63): 42, (10, 123): 42, (11, 14): 210, (11, 171): 210, (12, 16): 105, (12, 168): 105, (13, 10): 35, (13, 173): 35, (15, 14): 210, (15, 167): 210, (20, 30): 35, (20, 146): 35, (21, 180): 5, (21, 192): 5, (22, 0): 105, (22, 174): 105, (26, 4): 105, (26, 166): 105, (28, 46): 210, (28, 122): 210, (31, 25): 105, (31, 140): 105, (33, 0): 105, (33, 163): 105, (36, 165): 105, (36, 192): 105, (39, 171): 21, (39, 183): 21, (40, 77): 105, (40, 79): 105, (42, 172): 210, (42, 179): 210, (43, 162): 210, (43, 188): 210, (45, 20): 210, (45, 131): 210, (48, 22): 105, (48, 126): 105, (54, 57): 210, (54, 85): 210, (55, 57): 70, (55, 84): 70, (57, 1): 21, (57, 138): 21, (60, 36): 105, (60, 100): 105, (62, 48): 105, (62, 86): 105, (67, 152): 105, (67, 174): 105, (69, 144): 10, (69, 180): 10, (70, 154): 30, (70, 169): 30, (71, 37): 210, (71, 88): 210, (72, 23): 70, (72, 101): 70, (73, 21): 35, (73, 102): 35, (74, 124): 210, (74, 195): 210, (75, 54): 210, (75, 67): 210, (78, 27): 105, (78, 91): 105, (79, 41): 70, (79, 76): 70, (80, 146): 21, (80, 167): 21, (83, 153): 210, (83, 157): 210, (84, 32): 210, (84, 80): 210, (85, 123): 15, (85, 185): 15, (89, 50): 105, (89, 57): 105, (93, 136): 105, (93, 164): 105, (98, 146): 15, (98, 149): 15, (100, 34): 70, (100, 62): 70, (101, 42): 35, (101, 53): 35, (103, 123): 70, (103, 167): 70, (105, 111): 70, (105, 177): 70, (108, 105): 10, (108, 180): 10, (109, 110): 21, (109, 174): 21, (110, 119): 210, (110, 164): 210, (112, 2): 210, (112, 82): 210, (116, 135): 210, (116, 142): 210, (117, 9): 6, (117, 70): 6, (118, 88): 15, (118, 187): 15, (122, 2): 210, (122, 72): 210, (123, 76): 210, (123, 194): 210, (125, 13): 42, (125, 58): 42, (126, 71): 210, (126, 196): 210, (127, 5): 42, (127, 64): 42, (128, 124): 14, (128, 141): 14, (129, 110): 105, (129, 154): 105, (130, 68): 35, (130, 195): 35, (131, 105): 105, (131, 157): 105, (132, 27): 7, (132, 37): 7, (135, 120): 7, (135, 138): 7, (137, 24): 210, (137, 35): 210, (138, 111): 14, (138, 144): 14, (141, 60): 105, (141, 192): 105, (142, 108): 30, (142, 143): 30, (143, 0): 35, (143, 53): 35, (144, 1): 42, (144, 51): 42, (146, 100): 210, (146, 147): 210, (148, 74): 70, (148, 171): 70, (150, 67): 70, (150, 176): 70, (151, 53): 5, (151, 189): 5, (152, 111): 35, (152, 130): 35, (154, 79): 35, (154, 160): 35, (155, 90): 7, (155, 148): 7, (156, 105): 42, (156, 132): 42, (157, 110): 105, (157, 126): 105, (158, 12): 105, (158, 26): 105, (161, 2): 15, (161, 33): 15, (163, 112): 210, (163, 118): 210, (165, 77): 35, (165, 151): 35, (167, 89): 70, (167, 137): 70, (169, 65): 3, (169, 159): 3, (170, 67): 105, (170, 156): 105, (172, 10): 35, (172, 14): 35, (176, 78): 30, (176, 139): 30, (180, 38): 14, (180, 175): 14, (181, 55): 70, (181, 157): 70, (184, 59): 35, (184, 150): 35, (185, 27): 105, (185, 181): 105, (187, 97): 105, (187, 109): 105, (188, 61): 35, (188, 144): 35, (189, 100): 42, (189, 104): 42, (190, 77): 21, (190, 126): 21, (191, 7): 210, (191, 195): 210, (192, 37): 30, (192, 164): 30, (193, 76): 105, (193, 124): 105, (194, 1): 2, (196, 43): 70, (196, 154): 70}
 
199, 224, True, 28, 8
{'infinity': 1, (0, 5): 56, (0, 193): 56, (1, 46): 56, (1, 151): 56, (2, 90): 112, (2, 106): 112, (4, 80): 224, (4, 114): 224, (6, 9): 224, (6, 183): 224, (7, 4): 16, (7, 187): 16, (8, 191): 224, (8, 198): 224, (9, 82): 112, (9, 107): 112, (10, 64): 224, (10, 124): 224, (11, 83): 32, (11, 104): 32, (15, 25): 224, (15, 158): 224, (16, 46): 28, (16, 136): 28, (19, 28): 224, (19, 151): 224, (20, 49): 224, (20, 129): 224, (22, 19): 32, (22, 157): 32, (24, 65): 224, (24, 109): 224, (26, 175): 56, (26, 196): 56, (27, 52): 8, (27, 119): 8, (28, 182): 28, (28, 187): 28, (29, 5): 7, (29, 164): 7, (32, 9): 224, (32, 157): 224, (33, 7): 224, (33, 158): 224, (34, 26): 32, (34, 138): 32, (35, 7): 112, (35, 156): 112, (36, 30): 32, (36, 132): 32, (37, 29): 112, (37, 132): 112, (39, 21): 112, (39, 138): 112, (43, 19): 28, (43, 136): 28, (46, 71): 224, (46, 81): 224, (47, 27): 224, (47, 124): 224, (48, 6): 112, (48, 144): 112, (51, 166): 28, (51, 180): 28, (52, 33): 28, (52, 113): 28, (53, 148): 112, (53, 196): 112, (55, 30): 224, (55, 113): 224, (57, 45): 32, (57, 96): 32, (58, 65): 112, (58, 75): 112, (61, 43): 56, (61, 94): 56, (64, 43): 224, (64, 91): 224, (67, 17): 14, (67, 114): 14, (68, 24): 16, (68, 106): 16, (74, 142): 224, (74, 181): 224, (75, 43): 224, (75, 80): 224, (76, 153): 112, (76, 168): 112, (77, 123): 56, (77, 197): 56, (78, 20): 224, (78, 100): 224, (79, 156): 224, (79, 162): 224, (80, 128): 224, (80, 189): 224, (84, 139): 224, (84, 174): 224, (85, 16): 224, (85, 97): 224, (86, 155): 224, (86, 156): 224, (89, 35): 224, (89, 74): 224, (92, 107): 7, (92, 198): 7, (93, 113): 224, (93, 191): 224, (96, 15): 224, (96, 87): 224, (98, 11): 4, (98, 89): 4, (99, 107): 112, (99, 191): 112, (100, 99): 224, (100, 198): 224, (102, 12): 112, (102, 84): 112, (107, 41): 224, (107, 50): 224, (109, 30): 56, (109, 59): 56, (112, 8): 56, (112, 78): 56, (113, 32): 224, (113, 53): 224, (114, 137): 56, (114, 146): 56, (115, 110): 112, (115, 172): 112, (116, 116): 224, (116, 165): 224, (118, 15): 224, (118, 65): 224, (120, 18): 224, (120, 60): 224, (121, 80): 112, (121, 196): 112, (127, 132): 224, (127, 138): 224, (128, 130): 224, (128, 139): 224, (129, 114): 224, (129, 154): 224, (130, 106): 28, (130, 161): 28, (131, 123): 224, (131, 143): 224, (132, 7): 32, (132, 59): 32, (134, 78): 32, (134, 185): 32, (135, 19): 224, (135, 44): 224, (136, 31): 2, (137, 63): 112, (137, 197): 112, (139, 8): 224, (139, 51): 224, (140, 89): 112, (140, 168): 112, (141, 120): 7, (141, 136): 7, (143, 124): 112, (143, 130): 112, (145, 112): 112, (145, 140): 112, (146, 94): 112, (146, 157): 112, (148, 8): 224, (148, 42): 224, (151, 87): 224, (151, 159): 224, (152, 87): 56, (152, 158): 56, (153, 78): 224, (153, 166): 224, (158, 59): 224, (158, 180): 224, (161, 89): 112, (161, 147): 112, (162, 9): 112, (162, 27): 112, (165, 45): 112, (165, 187): 112, (166, 71): 224, (166, 160): 224, (168, 108): 16, (168, 121): 16, (169, 3): 14, (169, 26): 14, (171, 5): 56, (171, 22): 56, (173, 54): 32, (173, 170): 32, (176, 76): 112, (176, 145): 112, (177, 45): 224, (177, 175): 224, (180, 66): 224, (180, 151): 224, (183, 46): 8, (183, 168): 8, (185, 15): 16, (185, 197): 16, (186, 86): 14, (186, 125): 14, (187, 71): 112, (187, 139): 112, (188, 57): 56, (188, 152): 56, (190, 27): 224, (190, 180): 224, (191, 83): 224, (191, 123): 224, (192, 94): 112, (192, 111): 112, (195, 36): 224, (195, 166): 224, (196, 26): 224, (196, 175): 224, (197, 83): 56, (197, 117): 56}
 
211, 224, True, 14, 16
{'infinity': 1, (1, 21): 32, (1, 188): 32, (5, 51): 32, (5, 154): 32, (6, 40): 4, (6, 164): 4, (7, 99): 224, (7, 104): 224, (9, 18): 8, (9, 183): 8, (10, 76): 224, (10, 124): 224, (11, 18): 224, (11, 181): 224, (12, 81): 112, (12, 117): 112, (13, 37): 112, (13, 160): 112, (14, 2): 112, (14, 194): 112, (16, 88): 112, (16, 106): 112, (17, 57): 224, (17, 136): 224, (20, 38): 112, (20, 152): 112, (22, 61): 112, (22, 127): 112, (24, 36): 224, (24, 150): 224, (25, 17): 224, (25, 168): 224, (26, 37): 7, (26, 147): 7, (28, 65): 224, (28, 117): 224, (32, 28): 56, (32, 150): 56, (33, 180): 112, (33, 208): 112, (37, 69): 224, (37, 104): 224, (42, 184): 224, (42, 195): 224, (43, 81): 224, (43, 86): 224, (46, 183): 32, (46, 192): 32, (47, 6): 112, (47, 157): 112, (50, 172): 28, (50, 199): 28, (52, 166): 56, (52, 203): 56, (54, 176): 32, (54, 191): 32, (55, 54): 224, (55, 101): 224, (56, 10): 56, (56, 144): 56, (58, 0): 224, (58, 152): 224, (60, 72): 32, (60, 78): 32, (61, 2): 112, (61, 147): 112, (62, 51): 224, (62, 97): 224, (67, 32): 28, (67, 111): 28, (68, 145): 224, (68, 208): 224, (70, 164): 224, (70, 187): 224, (75, 28): 224, (75, 107): 224, (76, 34): 7, (76, 100): 7, (77, 41): 224, (77, 92): 224, (80, 151): 224, (80, 190): 224, (82, 157): 16, (82, 182): 16, (83, 157): 56, (83, 181): 56, (86, 155): 112, (86, 180): 112, (87, 137): 224, (87, 197): 224, (88, 38): 224, (88, 84): 224, (90, 59): 224, (90, 61): 224, (92, 40): 16, (92, 78): 16, (93, 148): 56, (93, 180): 56, (94, 26): 224, (94, 90): 224, (95, 27): 56, (95, 88): 56, (96, 132): 28, (96, 193): 28, (100, 49): 32, (100, 61): 32, (101, 21): 112, (101, 88): 112, (102, 134): 8, (102, 185): 8, (103, 122): 224, (103, 196): 224, (104, 38): 224, (104, 68): 224, (105, 28): 224, (105, 77): 224, (109, 48): 28, (109, 53): 28, (110, 21): 224, (110, 79): 224, (111, 102): 224, (111, 208): 224, (113, 1): 224, (113, 96): 224, (114, 40): 16, (114, 56): 16, (115, 96): 224, (115, 210): 224, (116, 120): 56, (116, 185): 56, (118, 122): 32, (118, 181): 32, (121, 121): 7, (121, 179): 7, (122, 42): 112, (122, 46): 112, (124, 43): 2, (125, 147): 112, (125, 149): 112, (130, 142): 112, (130, 149): 112, (131, 80): 224, (131, 210): 224, (134, 135): 224, (134, 152): 224, (136, 121): 224, (136, 164): 224, (137, 2): 28, (137, 71): 28, (138, 12): 112, (138, 60): 112, (139, 112): 224, (139, 170): 224, (141, 84): 224, (141, 196): 224, (142, 123): 224, (142, 156): 224, (144, 131): 112, (144, 146): 112, (145, 14): 112, (145, 51): 112, (146, 70): 224, (146, 205): 224, (152, 3): 224, (152, 55): 224, (154, 67): 112, (154, 200): 112, (155, 132): 224, (155, 134): 224, (156, 115): 224, (156, 150): 224, (157, 81): 32, (157, 183): 32, (159, 97): 224, (159, 165): 224, (160, 85): 112, (160, 176): 112, (162, 15): 224, (162, 33): 224, (166, 121): 224, (166, 134): 224, (167, 113): 112, (167, 141): 112, (168, 104): 14, (168, 149): 14, (170, 6): 56, (170, 34): 56, (172, 117): 224, (172, 132): 224, (173, 0): 112, (173, 37): 112, (175, 73): 56, (175, 173): 56, (177, 34): 56, (177, 210): 56, (179, 46): 56, (179, 196): 56, (180, 74): 14, (180, 167): 14, (184, 118): 224, (184, 119): 224, (190, 36): 16, (190, 195): 16, (191, 35): 224, (191, 195): 224, (192, 0): 224, (192, 18): 224, (193, 24): 112, (193, 204): 112, (194, 84): 112, (194, 143): 112, (195, 96): 14, (195, 130): 14, (202, 97): 56, (202, 122): 56, (205, 31): 28, (205, 185): 28, (206, 6): 112, (206, 209): 112, (209, 36): 224, (209, 176): 224, (210, 95): 224, (210, 116): 224}
 
223, 203, True, 7, 29
{'infinity': 1, (0, 14): 203, (0, 208): 203, (5, 34): 203, (5, 183): 203, (12, 12): 203, (12, 198): 203, (16, 78): 203, (16, 128): 203, (18, 30): 203, (18, 174): 203, (19, 71): 203, (19, 132): 203, (21, 25): 203, (21, 176): 203, (22, 55): 203, (22, 145): 203, (24, 23): 203, (24, 175): 203, (26, 207): 203, (26, 212): 203, (31, 39): 203, (31, 152): 203, (32, 22): 203, (32, 168): 203, (33, 7): 203, (33, 182): 203, (35, 34): 203, (35, 153): 203, (36, 63): 203, (36, 123): 203, (38, 65): 203, (38, 119): 203, (39, 191): 203, (39, 215): 203, (40, 36): 203, (40, 146): 203, (42, 53): 203, (42, 127): 203, (47, 181): 203, (47, 217): 203, (48, 43): 29, (48, 131): 29, (50, 175): 203, (50, 220): 203, (51, 8): 29, (51, 163): 29, (53, 64): 203, (53, 105): 203, (54, 46): 203, (54, 122): 203, (57, 49): 203, (57, 116): 203, (58, 25): 203, (58, 139): 203, (59, 12): 29, (59, 151): 29, (60, 33): 203, (60, 129): 203, (63, 37): 203, (63, 122): 203, (64, 70): 203, (64, 88): 203, (65, 158): 203, (65, 222): 203, (66, 22): 203, (66, 134): 203, (67, 164): 203, (67, 214): 203, (70, 29): 203, (70, 123): 203, (73, 48): 203, (73, 101): 203, (76, 58): 29, (76, 88): 29, (80, 55): 203, (80, 87): 203, (84, 50): 203, (84, 88): 203, (85, 155): 203, (85, 205): 203, (86, 19): 203, (86, 117): 203, (87, 138): 203, (87, 220): 203, (88, 7): 203, (88, 127): 203, (89, 14): 203, (89, 119): 203, (93, 47): 203, (93, 82): 203, (94, 1): 203, (94, 127): 203, (97, 6): 203, (97, 119): 203, (100, 171): 203, (100, 174): 203, (103, 7): 29, (103, 112): 29, (104, 52): 203, (104, 66): 203, (106, 165): 203, (106, 174): 203, (107, 122): 203, (107, 216): 203, (108, 157): 29, (108, 180): 29, (110, 143): 29, (110, 192): 29, (115, 0): 29, (115, 107): 29, (118, 123): 203, (118, 204): 203, (121, 125): 203, (121, 199): 203, (122, 45): 7, (122, 55): 7, (125, 140): 29, (125, 180): 29, (126, 22): 203, (126, 74): 203, (127, 18): 203, (127, 77): 203, (128, 13): 203, (128, 81): 203, (129, 17): 203, (129, 76): 203, (130, 104): 203, (130, 211): 203, (131, 142): 203, (131, 172): 203, (132, 144): 203, (132, 169): 203, (135, 14): 203, (135, 73): 203, (139, 38): 203, (139, 45): 203, (145, 25): 29, (145, 52): 29, (146, 96): 203, (146, 203): 203, (150, 120): 7, (150, 175): 7, (151, 117): 203, (151, 177): 203, (152, 114): 203, (152, 179): 203, (153, 12): 203, (153, 57): 203, (154, 85): 203, (154, 206): 203, (159, 15): 203, (159, 48): 203, (161, 141): 203, (161, 143): 203, (167, 112): 203, (167, 166): 203, (169, 121): 203, (169, 155): 203, (174, 21): 203, (174, 27): 203, (176, 126): 203, (176, 143): 203, (177, 112): 203, (177, 156): 203, (184, 4): 7, (184, 34): 7, (186, 45): 203, (186, 214): 203, (188, 106): 203, (188, 151): 203, (190, 37): 203, (190, 218): 203, (193, 97): 203, (193, 155): 203, (194, 37): 29, (194, 214): 29, (195, 64): 29, (195, 186): 29, (198, 52): 203, (198, 195): 203, (199, 64): 203, (199, 182): 203, (200, 94): 203, (200, 151): 203, (204, 39): 29, (204, 202): 29, (206, 91): 203, (206, 148): 203, (208, 90): 203, (208, 147): 203, (210, 117): 203, (210, 118): 203, (212, 39): 203, (212, 194): 203, (214, 51): 29, (214, 180): 29, (215, 48): 203, (215, 182): 203, (217, 9): 203, (217, 219): 203, (219, 59): 203, (219, 167): 203}
 
227, 203, True, 7, 29
{'infinity': 1, (2, 57): 203, (2, 167): 203, (5, 39): 203, (5, 182): 203, (6, 32): 29, (6, 188): 29, (7, 59): 203, (7, 160): 203, (8, 55): 203, (8, 163): 203, (9, 47): 203, (9, 170): 203, (10, 72): 203, (10, 144): 203, (13, 18): 203, (13, 195): 203, (15, 11): 29, (15, 200): 29, (16, 82): 203, (16, 128): 203, (18, 34): 203, (18, 174): 203, (21, 99): 203, (21, 106): 203, (22, 1): 203, (22, 203): 203, (23, 92): 203, (23, 111): 203, (24, 50): 203, (24, 152): 203, (25, 22): 203, (25, 179): 203, (27, 6): 203, (27, 193): 203, (31, 50): 203, (31, 145): 203, (32, 77): 203, (32, 117): 203, (35, 64): 203, (35, 127): 203, (36, 59): 203, (36, 131): 203, (40, 26): 203, (40, 160): 203, (47, 36): 203, (47, 143): 203, (48, 52): 203, (48, 126): 203, (49, 5): 203, (49, 172): 203, (54, 71): 203, (54, 101): 203, (55, 72): 203, (55, 99): 203, (57, 35): 7, (57, 134): 7, (62, 19): 203, (62, 145): 203, (63, 181): 203, (63, 209): 203, (65, 41): 203, (65, 120): 203, (69, 26): 29, (69, 131): 29, (70, 185): 203, (70, 198): 203, (72, 163): 203, (72, 218): 203, (73, 66): 29, (73, 87): 29, (74, 19): 203, (74, 133): 203, (75, 71): 203, (75, 80): 203, (77, 15): 29, (77, 134): 29, (82, 17): 29, (82, 127): 29, (84, 65): 29, (84, 77): 29, (85, 162): 203, (85, 206): 203, (86, 16): 7, (86, 124): 7, (87, 11): 203, (87, 128): 203, (88, 165): 203, (88, 200): 203, (91, 171): 203, (91, 191): 203, (92, 19): 203, (92, 115): 203, (94, 134): 203, (94, 225): 203, (95, 14): 203, (95, 117): 203, (97, 44): 203, (97, 85): 203, (98, 159): 7, (98, 196): 7, (99, 56): 203, (99, 71): 203, (100, 146): 29, (100, 207): 29, (101, 8): 203, (101, 117): 203, (102, 125): 29, (102, 226): 29, (105, 46): 203, (105, 75): 203, (108, 151): 203, (108, 194): 203, (111, 127): 203, (111, 215): 203, (112, 37): 203, (112, 77): 203, (113, 40): 203, (113, 73): 203, (116, 161): 203, (116, 176): 203, (119, 26): 203, (119, 81): 203, (121, 138): 29, (121, 194): 29, (123, 131): 203, (123, 199): 203, (125, 128): 203, (125, 200): 203, (126, 11): 203, (126, 89): 203, (135, 145): 203, (135, 173): 203, (136, 37): 203, (136, 53): 203, (140, 136): 203, (140, 177): 203, (142, 147): 203, (142, 164): 203, (143, 149): 203, (143, 161): 203, (148, 142): 203, (148, 163): 203, (149, 114): 203, (149, 190): 203, (151, 89): 203, (151, 213): 203, (152, 99): 203, (152, 202): 203, (153, 74): 203, (153, 226): 203, (154, 115): 203, (154, 184): 203, (156, 133): 203, (156, 164): 203, (157, 132): 29, (157, 164): 29, (158, 15): 203, (158, 53): 203, (161, 12): 203, (161, 53): 203, (163, 72): 203, (163, 218): 203, (168, 70): 203, (168, 215): 203, (171, 135): 203, (171, 147): 203, (173, 3): 203, (173, 50): 203, (174, 63): 203, (174, 216): 203, (176, 62): 203, (176, 215): 203, (177, 14): 203, (177, 35): 203, (178, 89): 203, (178, 186): 203, (181, 112): 203, (181, 160): 203, (183, 14): 203, (183, 29): 203, (185, 59): 203, (185, 209): 203, (196, 96): 29, (196, 161): 29, (200, 27): 203, (200, 226): 203, (207, 37): 203, (207, 209): 203, (208, 90): 29, (208, 155): 29, (209, 115): 203, (209, 129): 203, (211, 76): 203, (211, 166): 203, (220, 15): 203, (220, 218): 203, (221, 35): 29, (221, 197): 29, (225, 95): 203, (225, 133): 203, (226, 33): 203, (226, 194): 203}
 
229, 210, True, 42, 5
{'infinity': 1, (0, 60): 15, (0, 168): 15, (1, 56): 14, (1, 171): 14, (2, 22): 105, (2, 204): 105, (6, 223): 105, (6, 228): 105, (9, 20): 70, (9, 199): 70, (10, 220): 42, (10, 227): 42, (12, 12): 210, (12, 204): 210, (14, 57): 35, (14, 157): 35, (21, 85): 105, (21, 122): 105, (22, 81): 210, (22, 125): 210, (23, 75): 210, (23, 130): 210, (24, 5): 21, (24, 199): 21, (25, 83): 14, (25, 120): 14, (26, 16): 30, (26, 186): 30, (31, 60): 70, (31, 137): 70, (33, 17): 105, (33, 178): 105, (34, 48): 70, (34, 146): 70, (35, 20): 35, (35, 173): 35, (41, 72): 105, (41, 115): 105, (42, 22): 210, (42, 164): 210, (44, 69): 210, (44, 115): 210, (45, 188): 70, (45, 224): 70, (46, 23): 70, (46, 159): 70, (47, 76): 21, (47, 105): 21, (50, 4): 105, (50, 174): 105, (51, 57): 15, (51, 120): 15, (59, 181): 70, (59, 217): 70, (60, 33): 70, (60, 135): 70, (64, 48): 35, (64, 116): 35, (66, 58): 210, (66, 104): 210, (67, 178): 210, (67, 212): 210, (69, 63): 210, (69, 96): 210, (72, 70): 105, (72, 86): 105, (73, 176): 210, (73, 208): 210, (74, 159): 7, (74, 224): 7, (75, 188): 5, (75, 194): 5, (78, 54): 30, (78, 96): 30, (81, 6): 105, (81, 141): 105, (82, 156): 210, (82, 219): 210, (83, 49): 21, (83, 96): 21, (85, 151): 70, (85, 221): 70, (90, 5): 105, (90, 133): 105, (93, 180): 70, (93, 184): 70, (94, 3): 210, (94, 131): 210, (98, 8): 210, (98, 122): 210, (101, 171): 210, (101, 185): 210, (103, 12): 210, (103, 113): 210, (105, 50): 105, (105, 73): 105, (107, 155): 105, (107, 195): 105, (109, 165): 42, (109, 183): 42, (110, 159): 70, (110, 188): 70, (111, 122): 70, (111, 224): 70, (112, 123): 7, (112, 222): 7, (115, 12): 3, (115, 101): 3, (116, 5): 35, (116, 107): 35, (120, 123): 35, (120, 214): 35, (124, 24): 210, (124, 80): 210, (126, 140): 210, (126, 191): 210, (128, 158): 105, (128, 171): 105, (130, 149): 210, (130, 178): 210, (131, 24): 21, (131, 73): 21, (132, 48): 2, (135, 119): 105, (135, 203): 105, (136, 132): 15, (136, 189): 15, (137, 11): 35, (137, 80): 35, (141, 119): 21, (141, 197): 21, (145, 115): 210, (145, 197): 210, (147, 114): 105, (147, 196): 105, (149, 94): 105, (149, 214): 105, (151, 95): 35, (151, 211): 35, (154, 120): 210, (154, 183): 210, (157, 25): 105, (157, 46): 105, (160, 79): 42, (160, 218): 42, (165, 6): 105, (165, 57): 105, (169, 133): 105, (169, 155): 105, (170, 143): 30, (170, 144): 30, (172, 134): 210, (172, 151): 210, (173, 87): 10, (173, 197): 10, (175, 74): 105, (175, 208): 105, (177, 117): 35, (177, 163): 35, (183, 119): 35, (183, 155): 35, (186, 20): 70, (186, 22): 70, (188, 77): 105, (188, 192): 105, (190, 53): 21, (190, 214): 21, (191, 104): 42, (191, 162): 42, (194, 89): 5, (194, 174): 5, (195, 36): 30, (195, 226): 30, (196, 78): 35, (196, 183): 35, (197, 61): 210, (197, 199): 210, (198, 80): 6, (198, 179): 6, (199, 60): 210, (199, 198): 210, (200, 124): 7, (200, 133): 7, (202, 104): 105, (202, 151): 105, (204, 0): 210, (204, 24): 210, (206, 76): 42, (206, 175): 42, (207, 98): 105, (207, 152): 105, (211, 38): 14, (211, 208): 14, (213, 6): 35, (213, 9): 35, (215, 68): 105, (215, 174): 105, (216, 37): 210, (216, 204): 210, (217, 112): 105, (217, 128): 105, (223, 73): 15, (223, 161): 15, (224, 43): 10, (224, 190): 10, (225, 27): 42, (225, 205): 42, (227, 107): 35, (227, 123): 35}
 
233, 224, True, 7, 32
{'infinity': 1, (2, 85): 112, (2, 145): 112, (4, 75): 56, (4, 153): 56, (5, 83): 224, (5, 144): 224, (6, 49): 224, (6, 177): 224, (7, 95): 28, (7, 130): 28, (8, 6): 32, (8, 218): 32, (9, 41): 112, (9, 182): 112, (11, 227): 2, (12, 32): 14, (12, 188): 14, (15, 20): 16, (15, 197): 16, (16, 94): 32, (16, 122): 32, (17, 97): 224, (17, 118): 224, (20, 214): 112, (20, 231): 112, (22, 93): 224, (22, 117): 224, (25, 48): 112, (25, 159): 112, (27, 40): 16, (27, 165): 16, (31, 6): 224, (31, 195): 224, (32, 35): 224, (32, 165): 224, (34, 205): 56, (34, 226): 56, (35, 26): 32, (35, 171): 32, (36, 22): 112, (36, 174): 112, (37, 26): 56, (37, 169): 56, (38, 94): 224, (38, 100): 224, (39, 62): 28, (39, 131): 28, (41, 210): 112, (41, 214): 112, (44, 35): 7, (44, 153): 7, (45, 42): 224, (45, 145): 224, (47, 50): 28, (47, 135): 28, (48, 42): 56, (48, 142): 56, (51, 186): 224, (51, 228): 224, (53, 65): 224, (53, 114): 224, (54, 194): 224, (54, 217): 224, (58, 184): 224, (58, 223): 224, (60, 181): 7, (60, 224): 7, (62, 68): 7, (62, 102): 7, (64, 79): 224, (64, 89): 224, (65, 183): 224, (65, 217): 224, (66, 174): 8, (66, 225): 8, (67, 29): 8, (67, 136): 8, (70, 191): 224, (70, 204): 224, (74, 187): 56, (74, 204): 56, (77, 159): 56, (77, 229): 56, (79, 161): 224, (79, 225): 224, (80, 162): 224, (80, 223): 224, (82, 44): 16, (82, 106): 16, (83, 184): 112, (83, 198): 112, (87, 49): 16, (87, 96): 16, (88, 60): 224, (88, 84): 224, (89, 151): 224, (89, 225): 224, (90, 171): 32, (90, 204): 32, (93, 184): 224, (93, 188): 224, (94, 13): 224, (94, 125): 224, (96, 146): 112, (96, 223): 112, (100, 59): 112, (100, 73): 112, (102, 61): 112, (102, 69): 112, (106, 132): 224, (106, 227): 224, (109, 171): 4, (109, 185): 4, (112, 15): 112, (112, 105): 112, (115, 133): 112, (115, 217): 112, (117, 121): 224, (117, 227): 224, (119, 23): 224, (119, 90): 224, (121, 128): 28, (121, 216): 28, (122, 9): 224, (122, 101): 224, (126, 154): 224, (126, 185): 224, (129, 148): 224, (129, 188): 224, (132, 159): 112, (132, 174): 112, (136, 4): 224, (136, 92): 224, (141, 42): 224, (141, 49): 224, (143, 116): 112, (143, 206): 112, (145, 11): 224, (145, 76): 224, (147, 5): 224, (147, 80): 224, (150, 107): 224, (150, 208): 224, (154, 14): 224, (154, 64): 224, (157, 148): 224, (157, 160): 224, (158, 35): 224, (158, 39): 224, (161, 106): 32, (161, 198): 32, (162, 26): 224, (162, 44): 224, (164, 8): 224, (164, 60): 224, (165, 133): 224, (165, 167): 224, (172, 98): 112, (172, 195): 112, (173, 78): 28, (173, 214): 28, (175, 125): 224, (175, 165): 224, (180, 94): 112, (180, 191): 112, (181, 136): 112, (181, 148): 112, (182, 13): 14, (182, 37): 14, (184, 102): 112, (184, 179): 112, (186, 126): 56, (186, 153): 56, (187, 133): 224, (187, 145): 224, (191, 13): 224, (191, 28): 224, (194, 71): 56, (194, 200): 56, (195, 6): 56, (195, 31): 56, (196, 134): 224, (196, 135): 224, (198, 125): 112, (198, 142): 112, (201, 62): 224, (201, 202): 224, (202, 124): 224, (202, 139): 224, (207, 43): 14, (207, 215): 14, (210, 48): 224, (210, 207): 224, (213, 33): 56, (213, 219): 56, (214, 40): 112, (214, 211): 112, (215, 60): 56, (215, 190): 56, (217, 57): 32, (217, 191): 32, (219, 110): 112, (219, 136): 112, (220, 81): 224, (220, 164): 224, (221, 102): 112, (221, 142): 112, (223, 44): 224, (223, 198): 224, (224, 106): 32, (224, 135): 32, (225, 27): 112, (225, 213): 112, (226, 40): 28, (226, 199): 28, (227, 62): 32, (227, 176): 32, (229, 87): 56, (229, 149): 56, (231, 77): 112, (231, 157): 112, (232, 48): 224, (232, 185): 224}
 
239, 252, False, 14, 18
{'infinity': 1, (1, 71): 42, (1, 166): 42, (3, 40): 7, (3, 195): 7, (4, 113): 126, (4, 121): 126, (5, 65): 126, (5, 168): 126, (8, 114): 126, (8, 116): 126, (9, 69): 14, (9, 160): 14, (11, 68): 21, (11, 159): 21, (16, 28): 126, (16, 194): 126, (20, 40): 42, (20, 178): 42, (21, 45): 9, (21, 172): 9, (26, 91): 126, (26, 121): 126, (28, 76): 126, (28, 134): 126, (30, 53): 126, (30, 155): 126, (31, 20): 18, (31, 187): 18, (35, 93): 126, (35, 110): 126, (37, 100): 14, (37, 101): 14, (39, 28): 18, (39, 171): 18, (40, 201): 21, (40, 236): 21, (41, 48): 3, (41, 149): 3, (46, 73): 126, (46, 119): 126, (48, 55): 126, (48, 135): 126, (49, 69): 42, (49, 120): 42, (50, 0): 14, (50, 188): 14, (52, 46): 126, (52, 140): 126, (53, 32): 42, (53, 153): 42, (54, 201): 126, (54, 222): 126, (55, 198): 7, (55, 224): 7, (57, 39): 126, (57, 142): 126, (58, 52): 63, (58, 128): 63, (62, 27): 126, (62, 149): 126, (64, 46): 14, (64, 128): 14, (65, 74): 126, (65, 99): 126, (67, 15): 14, (67, 156): 14, (68, 182): 126, (68, 227): 126, (69, 55): 126, (69, 114): 126, (70, 36): 126, (70, 132): 126, (71, 12): 126, (71, 155): 126, (76, 49): 9, (76, 113): 9, (78, 0): 63, (78, 160): 63, (79, 32): 42, (79, 127): 42, (81, 53): 42, (81, 104): 42, (82, 181): 6, (82, 214): 6, (86, 42): 126, (86, 110): 126, (87, 187): 126, (87, 203): 126, (88, 189): 42, (88, 200): 42, (89, 48): 18, (89, 101): 18, (90, 37): 126, (90, 111): 126, (91, 162): 126, (91, 224): 126, (92, 2): 42, (92, 144): 42, (94, 159): 126, (94, 224): 126, (95, 18): 18, (95, 125): 18, (97, 190): 2, (98, 62): 42, (98, 78): 42, (100, 141): 21, (100, 236): 21, (102, 173): 126, (102, 202): 126, (103, 177): 18, (103, 197): 18, (105, 65): 63, (105, 68): 63, (108, 32): 14, (108, 98): 14, (110, 48): 18, (110, 80): 18, (112, 0): 126, (112, 126): 126, (113, 168): 63, (113, 196): 63, (114, 23): 63, (114, 101): 63, (117, 26): 63, (117, 95): 63, (118, 128): 126, (118, 231): 126, (119, 9): 42, (119, 110): 42, (121, 14): 18, (121, 103): 18, (122, 168): 42, (122, 187): 42, (123, 55): 42, (123, 60): 42, (124, 46): 63, (124, 68): 63, (129, 53): 63, (129, 56): 63, (130, 43): 42, (130, 65): 42, (131, 154): 63, (131, 192): 63, (132, 126): 6, (132, 219): 6, (133, 23): 63, (133, 82): 63, (135, 159): 126, (135, 183): 126, (137, 149): 126, (137, 191): 126, (138, 4): 126, (138, 96): 126, (139, 155): 42, (139, 183): 42, (141, 131): 14, (141, 205): 14, (144, 154): 126, (144, 179): 126, (146, 130): 126, (146, 201): 126, (148, 125): 6, (148, 204): 6, (149, 151): 126, (149, 177): 126, (152, 43): 2, (153, 160): 126, (153, 164): 126, (154, 139): 126, (154, 184): 126, (157, 22): 63, (157, 59): 63, (159, 137): 126, (159, 181): 126, (160, 113): 42, (160, 204): 42, (162, 85): 42, (162, 230): 42, (163, 114): 63, (163, 200): 63, (165, 145): 126, (165, 167): 126, (167, 141): 126, (167, 169): 126, (170, 34): 2, (171, 102): 14, (171, 204): 14, (172, 144): 9, (172, 161): 9, (173, 111): 42, (173, 193): 42, (175, 14): 126, (175, 49): 126, (182, 69): 21, (182, 226): 21, (183, 14): 126, (183, 41): 126, (185, 25): 21, (185, 28): 21, (188, 62): 63, (188, 227): 63, (193, 62): 126, (193, 222): 126, (194, 17): 126, (194, 27): 126, (197, 43): 21, (197, 237): 21, (198, 136): 126, (198, 143): 126, (204, 119): 126, (204, 154): 126, (205, 89): 126, (205, 183): 126, (206, 73): 63, (206, 198): 63, (210, 121): 63, (210, 146): 63, (212, 124): 126, (212, 141): 126, (215, 118): 126, (215, 144): 126, (216, 111): 126, (216, 150): 126, (217, 40): 42, (217, 220): 42, (218, 61): 63, (218, 198): 63, (219, 29): 63, (219, 229): 63, (222, 38): 18, (222, 217): 18, (223, 27): 14, (223, 227): 14, (224, 106): 63, (224, 147): 63, (227, 73): 126, (227, 177): 126, (228, 49): 126, (228, 200): 126, (229, 119): 126, (229, 129): 126, (232, 23): 7, (232, 222): 7, (234, 10): 126, (234, 233): 126, (235, 116): 126, (235, 126): 126, (236, 116): 18, (236, 125): 18, (238, 58): 126, (238, 181): 126}
 
241, 252, True, 7, 36
{'infinity': 1, (2, 1): 42, (2, 237): 42, (3, 109): 252, (3, 128): 252, (4, 21): 252, (4, 215): 252, (5, 52): 252, (5, 183): 252, (6, 80): 21, (6, 154): 21, (9, 22): 21, (9, 209): 21, (10, 0): 12, (10, 230): 12, (11, 57): 84, (11, 172): 84, (12, 93): 126, (12, 135): 126, (13, 106): 252, (13, 121): 252, (16, 17): 252, (16, 207): 252, (17, 94): 84, (17, 129): 84, (18, 39): 252, (18, 183): 252, (20, 35): 18, (20, 185): 18, (23, 71): 63, (23, 146): 63, (24, 54): 252, (24, 162): 252, (28, 64): 63, (28, 148): 63, (30, 64): 126, (30, 146): 126, (32, 79): 252, (32, 129): 252, (34, 53): 252, (34, 153): 252, (43, 55): 28, (43, 142): 28, (44, 55): 126, (44, 141): 126, (45, 47): 9, (45, 148): 9, (47, 9): 36, (47, 184): 36, (49, 66): 252, (49, 125): 252, (50, 20): 84, (50, 170): 84, (55, 199): 126, (55, 227): 126, (56, 80): 63, (56, 104): 63, (59, 6): 252, (59, 175): 252, (61, 201): 126, (61, 219): 126, (63, 191): 252, (63, 227): 252, (65, 44): 84, (65, 131): 84, (68, 62): 126, (68, 110): 126, (69, 186): 126, (69, 226): 126, (73, 199): 63, (73, 209): 63, (74, 46): 84, (74, 120): 84, (75, 178): 252, (75, 228): 252, (76, 171): 18, (76, 234): 18, (78, 69): 252, (78, 93): 252, (79, 196): 252, (79, 206): 252, (83, 71): 126, (83, 86): 126, (84, 175): 252, (84, 222): 252, (86, 17): 252, (86, 137): 252, (88, 26): 252, (88, 126): 252, (91, 35): 9, (91, 114): 9, (92, 54): 63, (92, 94): 63, (93, 57): 42, (93, 90): 42, (96, 172): 252, (96, 213): 252, (97, 5): 252, (97, 138): 252, (99, 175): 126, (99, 207): 126, (100, 7): 84, (100, 133): 84, (103, 34): 84, (103, 103): 84, (105, 67): 252, (105, 68): 252, (107, 24): 63, (107, 109): 63, (114, 168): 126, (114, 199): 126, (115, 150): 252, (115, 216): 252, (118, 127): 36, (118, 236): 36, (124, 130): 84, (124, 227): 84, (126, 54): 252, (126, 60): 252, (127, 147): 28, (127, 207): 28, (129, 27): 7, (129, 84): 7, (131, 35): 6, (131, 74): 6, (132, 109): 252, (132, 240): 252, (133, 13): 252, (133, 94): 252, (135, 172): 63, (135, 174): 63, (136, 33): 42, (136, 71): 42, (138, 45): 28, (138, 57): 28, (140, 17): 21, (140, 83): 21, (141, 150): 18, (141, 190): 18, (142, 23): 63, (142, 75): 63, (143, 13): 252, (143, 84): 252, (144, 158): 126, (144, 179): 126, (146, 161): 84, (146, 174): 84, (150, 40): 84, (150, 50): 84, (151, 11): 36, (151, 78): 36, (152, 93): 28, (152, 236): 28, (153, 130): 7, (153, 198): 7, (154, 28): 36, (154, 58): 36, (155, 30): 252, (155, 55): 252, (158, 19): 252, (158, 63): 252, (159, 117): 14, (159, 205): 14, (160, 112): 63, (160, 209): 63, (164, 99): 63, (164, 218): 63, (165, 103): 63, (165, 213): 63, (166, 29): 252, (166, 45): 252, (168, 24): 84, (168, 48): 84, (169, 148): 21, (169, 164): 21, (173, 137): 21, (173, 171): 21, (174, 139): 9, (174, 168): 9, (179, 16): 126, (179, 45): 126, (180, 80): 63, (180, 221): 63, (181, 96): 63, (181, 204): 63, (184, 64): 126, (184, 233): 126, (185, 120): 126, (185, 176): 126, (187, 7): 42, (187, 46): 42, (189, 146): 2, (190, 131): 126, (190, 160): 126, (191, 82): 3, (191, 208): 3, (193, 129): 126, (193, 159): 126, (194, 100): 21, (194, 187): 21, (195, 118): 42, (195, 168): 42, (196, 7): 28, (196, 37): 28, (198, 140): 63, (198, 143): 63, (200, 104): 36, (200, 177): 36, (201, 110): 63, (201, 170): 63, (202, 105): 252, (202, 174): 252, (203, 92): 28, (203, 186): 28, (206, 130): 84, (206, 145): 84, (207, 13): 14, (207, 20): 14, (208, 8): 252, (208, 24): 252, (209, 91): 126, (209, 181): 126, (211, 84): 36, (211, 186): 36, (213, 32): 63, (213, 236): 63, (214, 110): 42, (214, 157): 42, (215, 103): 252, (215, 163): 252, (218, 49): 63, (218, 214): 63, (219, 79): 14, (219, 183): 14, (222, 46): 4, (222, 213): 4, (224, 120): 252, (224, 137): 252, (225, 27): 7, (225, 229): 7, (226, 20): 12, (226, 235): 12, (227, 104): 252, (227, 150): 252, (228, 122): 252, (228, 131): 252, (232, 79): 252, (232, 170): 252, (234, 76): 126, (234, 171): 126, (238, 87): 63, (238, 156): 63}
 
251, 252, True, 84, 3
{'infinity': 1, (2, 104): 252, (2, 144): 252, (3, 7): 252, (3, 240): 252, (4, 69): 63, (4, 177): 63, (6, 122): 2, (10, 86): 18, (10, 154): 18, (13, 6): 14, (13, 231): 14, (15, 240): 42, (15, 246): 42, (20, 101): 84, (20, 129): 84, (21, 18): 63, (21, 211): 63, (25, 18): 28, (25, 207): 28, (26, 58): 126, (26, 166): 126, (27, 56): 63, (27, 167): 63, (28, 62): 63, (28, 160): 63, (29, 37): 126, (29, 184): 126, (31, 36): 42, (31, 183): 42, (32, 2): 252, (32, 216): 252, (33, 27): 7, (33, 190): 7, (35, 67): 252, (35, 148): 252, (37, 29): 126, (37, 184): 126, (39, 91): 252, (39, 120): 252, (42, 214): 126, (42, 245): 126, (46, 0): 84, (46, 204): 84, (48, 218): 252, (48, 235): 252, (50, 47): 28, (50, 153): 28, (54, 48): 42, (54, 148): 42, (56, 4): 252, (56, 190): 252, (57, 28): 9, (57, 165): 9, (61, 194): 12, (61, 246): 12, (68, 20): 252, (68, 162): 252, (71, 13): 7, (71, 166): 7, (72, 14): 63, (72, 164): 63, (73, 71): 21, (73, 106): 21, (75, 83): 126, (75, 92): 126, (76, 39): 252, (76, 135): 252, (77, 179): 252, (77, 245): 252, (78, 21): 36, (78, 151): 36, (84, 47): 36, (84, 119): 36, (88, 62): 84, (88, 100): 84, (89, 8): 14, (89, 153): 14, (90, 31): 9, (90, 129): 9, (91, 175): 63, (91, 235): 63, (92, 202): 63, (92, 207): 63, (94, 57): 126, (94, 99): 126, (96, 171): 28, (96, 234): 28, (100, 37): 63, (100, 113): 63, (102, 152): 252, (102, 247): 252, (103, 7): 84, (103, 140): 84, (104, 36): 252, (104, 110): 252, (105, 182): 252, (105, 214): 252, (111, 53): 63, (111, 86): 63, (112, 23): 18, (112, 115): 18, (113, 153): 28, (113, 235): 28, (115, 42): 84, (115, 93): 84, (116, 173): 18, (116, 212): 18, (117, 36): 252, (117, 97): 252, (118, 47): 63, (118, 85): 63, (120, 185): 126, (120, 196): 126, (121, 131): 21, (121, 249): 21, (122, 26): 252, (122, 102): 252, (123, 37): 126, (123, 90): 126, (124, 177): 63, (124, 200): 63, (129, 134): 63, (129, 238): 63, (130, 176): 42, (130, 195): 42, (131, 33): 126, (131, 86): 126, (132, 143): 252, (132, 226): 252, (133, 123): 252, (133, 245): 252, (135, 159): 252, (135, 207): 252, (136, 52): 252, (136, 62): 252, (138, 125): 252, (138, 238): 252, (139, 149): 36, (139, 213): 36, (141, 43): 6, (141, 66): 6, (142, 129): 252, (142, 230): 252, (144, 10): 252, (144, 96): 252, (146, 7): 126, (146, 97): 126, (149, 137): 252, (149, 215): 252, (150, 158): 9, (150, 193): 9, (151, 125): 28, (151, 225): 28, (153, 46): 14, (153, 51): 14, (155, 166): 126, (155, 180): 126, (159, 117): 126, (159, 225): 126, (162, 127): 126, (162, 212): 126, (163, 148): 252, (163, 190): 252, (164, 136): 84, (164, 201): 84, (165, 156): 252, (165, 180): 252, (167, 161): 42, (167, 173): 42, (170, 134): 42, (170, 197): 42, (172, 130): 252, (172, 199): 252, (174, 132): 12, (174, 195): 12, (175, 26): 126, (175, 49): 126, (176, 79): 84, (176, 246): 84, (179, 90): 63, (179, 232): 63, (183, 138): 252, (183, 180): 252, (186, 131): 3, (186, 184): 3, (189, 109): 252, (189, 203): 252, (191, 146): 252, (191, 164): 252, (193, 83): 252, (193, 225): 252, (194, 135): 4, (194, 172): 4, (195, 25): 126, (195, 30): 126, (196, 131): 21, (196, 174): 21, (197, 12): 84, (197, 41): 84, (199, 107): 84, (199, 195): 84, (201, 90): 126, (201, 210): 126, (202, 4): 7, (202, 44): 7, (204, 134): 126, (204, 163): 126, (206, 18): 252, (206, 26): 252, (208, 65): 84, (208, 228): 84, (214, 125): 126, (214, 162): 126, (215, 38): 63, (215, 248): 63, (216, 76): 28, (216, 209): 28, (217, 34): 63, (217, 250): 63, (218, 54): 36, (218, 229): 36, (220, 108): 63, (220, 173): 63, (221, 118): 36, (221, 162): 36, (225, 64): 21, (225, 212): 21, (226, 87): 252, (226, 188): 252, (233, 133): 63, (233, 135): 63, (234, 27): 36, (234, 240): 36, (235, 83): 84, (235, 183): 84, (236, 27): 252, (236, 238): 252, (237, 81): 84, (237, 183): 84, (238, 24): 21, (238, 239): 21, (239, 73): 63, (239, 189): 63, (240, 97): 252, (240, 164): 252, (241, 40): 252, (241, 220): 252, (245, 1): 252, (245, 4): 252, (246, 11): 21, (246, 244): 21}
 
257, 273, True, 21, 13
{'infinity': 1, (0, 118): 39, (0, 138): 39, (2, 71): 273, (2, 183): 273, (4, 8): 91, (4, 244): 91, (8, 26): 91, (8, 222): 91, (10, 61): 91, (10, 185): 91, (12, 38): 273, (12, 206): 273, (14, 93): 39, (14, 149): 39, (15, 106): 273, (15, 135): 273, (16, 67): 39, (16, 173): 39, (18, 16): 273, (18, 222): 273, (19, 238): 273, (19, 256): 273, (21, 80): 273, (21, 155): 273, (22, 111): 91, (22, 123): 91, (23, 58): 7, (23, 175): 7, (25, 241): 273, (25, 247): 273, (26, 98): 273, (26, 132): 273, (27, 234): 273, (27, 252): 273, (28, 88): 21, (28, 140): 21, (30, 63): 91, (30, 163): 91, (31, 4): 273, (31, 221): 273, (34, 48): 273, (34, 174): 273, (35, 61): 273, (35, 160): 273, (38, 74): 7, (38, 144): 7, (39, 48): 273, (39, 169): 273, (42, 100): 273, (42, 114): 273, (44, 93): 273, (44, 119): 273, (47, 13): 273, (47, 196): 273, (48, 101): 273, (48, 107): 273, (49, 91): 273, (49, 116): 273, (51, 85): 273, (51, 120): 273, (52, 94): 273, (52, 110): 273, (53, 90): 7, (53, 113): 7, (57, 213): 273, (57, 243): 273, (60, 16): 273, (60, 180): 273, (61, 82): 39, (61, 113): 39, (62, 80): 91, (62, 114): 91, (66, 51): 273, (66, 139): 273, (67, 88): 273, (67, 101): 273, (69, 207): 39, (69, 237): 39, (70, 63): 273, (70, 123): 273, (72, 10): 273, (72, 174): 273, (74, 22): 91, (74, 160): 91, (76, 216): 273, (76, 221): 273, (78, 84): 91, (78, 94): 91, (79, 66): 273, (79, 111): 273, (81, 215): 91, (81, 217): 91, (83, 82): 273, (83, 91): 273, (85, 51): 13, (85, 120): 13, (86, 43): 273, (86, 127): 273, (88, 200): 273, (88, 225): 273, (91, 182): 91, (91, 240): 91, (92, 177): 273, (92, 244): 273, (95, 162): 39, (95, 256): 39, (98, 181): 91, (98, 234): 91, (103, 70): 273, (103, 83): 273, (104, 75): 39, (104, 77): 39, (105, 202): 273, (105, 206): 273, (107, 51): 273, (107, 98): 273, (109, 73): 39, (109, 74): 39, (111, 71): 273, (111, 74): 273, (112, 27): 21, (112, 117): 21, (114, 60): 91, (114, 82): 91, (116, 183): 91, (116, 214): 91, (119, 50): 273, (119, 87): 273, (120, 18): 273, (120, 118): 273, (122, 14): 273, (122, 120): 273, (123, 151): 91, (123, 239): 91, (124, 36): 273, (124, 96): 273, (125, 33): 91, (125, 98): 91, (126, 39): 273, (126, 91): 273, (127, 166): 13, (127, 220): 13, (128, 34): 273, (128, 94): 273, (132, 153): 273, (132, 228): 273, (133, 146): 273, (133, 234): 273, (134, 124): 273, (134, 255): 273, (137, 187): 273, (137, 189): 273, (138, 0): 91, (138, 118): 91, (140, 183): 273, (140, 190): 273, (141, 166): 91, (141, 206): 91, (142, 176): 91, (142, 195): 91, (143, 12): 273, (143, 101): 273, (144, 113): 273, (144, 256): 273, (145, 40): 273, (145, 71): 273, (147, 158): 273, (147, 208): 273, (149, 160): 273, (149, 204): 273, (150, 33): 39, (150, 73): 39, (151, 141): 273, (151, 221): 273, (152, 174): 91, (152, 187): 91, (154, 114): 273, (154, 245): 273, (157, 111): 21, (157, 245): 21, (158, 35): 39, (158, 63): 39, (159, 153): 91, (159, 201): 91, (162, 107): 273, (162, 244): 273, (163, 5): 273, (163, 88): 273, (164, 3): 273, (164, 89): 273, (165, 156): 273, (165, 192): 273, (166, 123): 273, (166, 224): 273, (167, 0): 91, (167, 89): 91, (168, 18): 91, (168, 70): 91, (169, 6): 91, (169, 81): 91, (172, 92): 21, (172, 249): 21, (174, 17): 91, (174, 65): 91, (175, 1): 273, (175, 80): 273, (178, 127): 273, (178, 208): 273, (179, 95): 3, (179, 239): 3, (180, 16): 13, (180, 60): 13, (184, 89): 273, (184, 240): 273, (185, 23): 91, (185, 48): 91, (188, 105): 91, (188, 220): 91, (190, 115): 91, (190, 208): 91, (191, 72): 13, (191, 250): 13, (192, 7): 13, (192, 57): 13, (196, 15): 273, (196, 45): 273, (200, 93): 91, (200, 220): 91, (204, 64): 273, (204, 245): 273, (207, 19): 91, (207, 30): 91, (210, 0): 13, (210, 46): 13, (212, 147): 91, (212, 154): 91, (213, 61): 273, (213, 239): 273, (221, 60): 91, (221, 232): 91, (224, 136): 273, (224, 153): 273, (226, 100): 273, (226, 187): 273, (227, 11): 273, (227, 18): 273, (232, 59): 273, (232, 222): 273, (234, 28): 273, (234, 251): 273, (236, 112): 91, (236, 165): 91, (240, 33): 21, (240, 240): 21, (244, 70): 39, (244, 199): 39, (245, 32): 91, (245, 236): 91, (246, 29): 91, (246, 238): 91, (247, 100): 91, (247, 166): 91, (249, 129): 21, (249, 135): 21, (250, 25): 273, (250, 238): 273, (251, 127): 91, (251, 135): 91, (252, 49): 273, (252, 212): 273, (256, 73): 39, (256, 184): 39}
 
263, 280, False, 56, 5
{'infinity': 1, (1, 69): 70, (1, 192): 70, (4, 49): 70, (4, 209): 70, (5, 22): 70, (5, 235): 70, (7, 5): 70, (7, 250): 70, (8, 119): 140, (8, 135): 140, (9, 10): 70, (9, 243): 70, (10, 55): 140, (10, 197): 140, (12, 97): 140, (12, 153): 140, (16, 13): 70, (16, 233): 70, (17, 6): 140, (17, 239): 140, (20, 82): 14, (20, 160): 14, (21, 117): 7, (21, 124): 7, (22, 81): 10, (22, 159): 10, (23, 87): 28, (23, 152): 28, (26, 13): 140, (26, 223): 140, (27, 48): 140, (27, 187): 140, (28, 87): 140, (28, 147): 140, (29, 29): 28, (29, 204): 28, (31, 63): 70, (31, 168): 70, (32, 78): 14, (32, 152): 14, (35, 49): 140, (35, 178): 140, (38, 30): 10, (38, 194): 10, (39, 43): 70, (39, 180): 70, (40, 111): 2, (41, 74): 20, (41, 147): 20, (42, 106): 5, (42, 114): 5, (43, 108): 20, (43, 111): 20, (45, 46): 70, (45, 171): 70, (47, 19): 140, (47, 196): 140, (52, 221): 140, (52, 252): 140, (53, 6): 14, (53, 203): 14, (54, 30): 140, (54, 178): 140, (58, 99): 70, (58, 105): 70, (59, 34): 70, (59, 169): 70, (61, 203): 28, (61, 261): 28, (62, 227): 7, (62, 236): 7, (63, 94): 70, (63, 105): 70, (64, 19): 140, (64, 179): 140, (65, 97): 35, (65, 100): 35, (67, 225): 140, (67, 233): 140, (71, 50): 140, (71, 141): 140, (72, 221): 35, (72, 232): 35, (73, 212): 70, (73, 240): 70, (74, 209): 70, (74, 242): 70, (75, 72): 35, (75, 115): 35, (77, 24): 28, (77, 161): 28, (82, 27): 140, (82, 153): 140, (83, 216): 140, (83, 226): 140, (84, 180): 28, (84, 261): 28, (86, 211): 28, (86, 228): 28, (88, 12): 140, (88, 162): 140, (89, 214): 140, (89, 222): 140, (90, 216): 140, (90, 219): 140, (91, 216): 70, (91, 218): 70, (94, 204): 35, (94, 227): 35, (97, 82): 140, (97, 83): 140, (99, 64): 70, (99, 99): 70, (106, 31): 35, (106, 125): 35, (107, 56): 14, (107, 99): 14, (108, 190): 35, (108, 227): 35, (111, 44): 140, (111, 107): 140, (113, 189): 14, (113, 223): 14, (115, 66): 35, (115, 81): 35, (119, 145): 14, (119, 261): 14, (120, 174): 10, (120, 231): 10, (121, 28): 70, (121, 113): 70, (123, 62): 35, (123, 77): 35, (125, 177): 20, (125, 223): 20, (127, 54): 70, (127, 81): 70, (130, 146): 140, (130, 249): 140, (131, 137): 140, (131, 257): 140, (132, 188): 35, (132, 205): 35, (138, 138): 140, (138, 249): 140, (140, 164): 140, (140, 221): 140, (141, 180): 140, (141, 204): 140, (143, 14): 35, (143, 105): 35, (144, 166): 140, (144, 215): 140, (145, 33): 28, (145, 84): 28, (147, 33): 140, (147, 82): 140, (148, 28): 10, (148, 86): 10, (150, 172): 28, (150, 203): 28, (153, 19): 70, (153, 90): 70, (154, 183): 70, (154, 188): 70, (156, 14): 70, (156, 92): 70, (158, 2): 140, (158, 102): 140, (159, 182): 20, (159, 184): 20, (161, 107): 28, (161, 257): 28, (164, 146): 140, (164, 215): 140, (166, 157): 70, (166, 202): 70, (167, 31): 4, (167, 64): 4, (168, 2): 14, (168, 92): 14, (170, 153): 14, (170, 202): 14, (172, 30): 140, (172, 60): 140, (173, 98): 70, (173, 254): 70, (175, 172): 70, (175, 178): 70, (178, 164): 70, (178, 183): 70, (181, 111): 20, (181, 233): 20, (184, 134): 140, (184, 207): 140, (185, 129): 20, (185, 211): 20, (186, 130): 70, (186, 209): 70, (187, 97): 140, (187, 241): 140, (188, 37): 2, (191, 132): 70, (191, 202): 70, (194, 6): 140, (194, 62): 140, (195, 147): 70, (195, 183): 70, (199, 131): 140, (199, 195): 140, (200, 85): 20, (200, 240): 20, (201, 2): 140, (201, 59): 140, (202, 151): 140, (202, 172): 140, (203, 92): 70, (203, 230): 70, (209, 152): 4, (209, 164): 4, (210, 62): 140, (210, 253): 140, (211, 156): 28, (211, 158): 28, (212, 100): 10, (212, 213): 10, (213, 87): 70, (213, 225): 70, (215, 93): 28, (215, 217): 28, (216, 12): 140, (216, 34): 140, (219, 91): 35, (219, 215): 35, (220, 136): 140, (220, 169): 140, (222, 13): 140, (222, 27): 140, (223, 12): 5, (223, 27): 5, (225, 49): 140, (225, 251): 140, (228, 14): 70, (228, 20): 70, (230, 0): 140, (230, 32): 140, (231, 70): 140, (231, 224): 140, (233, 146): 2, (235, 33): 70, (235, 257): 70, (236, 108): 70, (236, 181): 70, (241, 96): 14, (241, 188): 14, (243, 1): 20, (243, 18): 20, (247, 53): 140, (247, 225): 140, (248, 108): 28, (248, 169): 28, (250, 100): 70, (250, 175): 70, (251, 36): 70, (251, 238): 70, (252, 34): 140, (252, 239): 140, (254, 31): 140, (254, 240): 140, (255, 107): 10, (255, 163): 10, (256, 58): 35, (256, 211): 35, (258, 28): 7, (258, 239): 7, (259, 17): 70, (259, 249): 70, (261, 64): 140, (261, 200): 140}
 
269, 280, False, 14, 20
{'infinity': 1, (0, 50): 140, (0, 218): 140, (2, 31): 70, (2, 235): 70, (3, 42): 70, (3, 223): 70, (6, 61): 140, (6, 201): 140, (9, 112): 140, (9, 147): 140, (10, 97): 28, (10, 161): 28, (11, 47): 70, (11, 210): 70, (12, 92): 140, (12, 164): 140, (16, 11): 10, (16, 241): 10, (17, 22): 14, (17, 229): 14, (19, 256): 28, (19, 262): 28, (21, 98): 70, (21, 149): 70, (22, 14): 140, (22, 232): 140, (23, 81): 35, (23, 164): 35, (25, 96): 140, (25, 147): 140, (26, 244): 140, (26, 267): 140, (27, 67): 70, (27, 174): 70, (29, 254): 2, (30, 61): 140, (30, 177): 140, (31, 84): 140, (31, 153): 140, (33, 247): 140, (33, 257): 140, (36, 53): 28, (36, 179): 28, (37, 24): 140, (37, 207): 140, (38, 1): 140, (38, 229): 140, (39, 244): 70, (39, 254): 70, (40, 106): 140, (40, 122): 140, (41, 85): 14, (41, 142): 14, (42, 86): 35, (42, 140): 35, (44, 240): 70, (44, 253): 70, (45, 81): 35, (45, 142): 35, (48, 42): 20, (48, 178): 20, (49, 53): 35, (49, 166): 35, (50, 221): 35, (50, 266): 35, (52, 82): 28, (52, 134): 28, (55, 6): 70, (55, 207): 70, (58, 74): 140, (58, 136): 140, (61, 28): 140, (61, 179): 140, (64, 101): 140, (64, 103): 140, (65, 25): 140, (65, 178): 140, (66, 85): 14, (66, 117): 14, (71, 204): 140, (71, 262): 140, (72, 33): 70, (72, 163): 70, (74, 29): 5, (74, 165): 5, (75, 49): 70, (75, 144): 70, (77, 3): 140, (77, 188): 140, (78, 78): 70, (78, 112): 70, (79, 90): 28, (79, 99): 28, (80, 33): 140, (80, 155): 140, (82, 28): 140, (82, 158): 140, (83, 36): 140, (83, 149): 140, (84, 49): 28, (84, 135): 28, (86, 65): 140, (86, 117): 140, (87, 15): 140, (87, 166): 140, (88, 201): 70, (88, 248): 70, (90, 190): 70, (90, 257): 70, (92, 55): 140, (92, 121): 140, (94, 195): 35, (94, 248): 35, (97, 184): 70, (97, 256): 70, (100, 40): 70, (100, 128): 70, (107, 32): 140, (107, 129): 140, (108, 9): 28, (108, 151): 28, (109, 62): 14, (109, 97): 14, (111, 49): 140, (111, 108): 140, (112, 175): 70, (112, 250): 70, (115, 211): 2, (118, 33): 140, (118, 117): 140, (119, 186): 28, (119, 232): 28, (122, 173): 28, (122, 242): 28, (123, 52): 14, (123, 93): 14, (124, 5): 140, (124, 139): 140, (125, 181): 28, (125, 231): 28, (126, 194): 70, (126, 217): 70, (127, 28): 70, (127, 113): 70, (128, 68): 70, (128, 72): 70, (129, 176): 70, (129, 232): 70, (134, 166): 20, (134, 237): 20, (137, 162): 70, (137, 238): 70, (141, 54): 70, (141, 73): 70, (142, 21): 10, (142, 105): 10, (145, 193): 140, (145, 199): 140, (147, 133): 140, (147, 257): 140, (149, 173): 70, (149, 215): 70, (151, 20): 28, (151, 97): 28, (153, 45): 140, (153, 70): 140, (154, 127): 20, (154, 256): 20, (156, 187): 7, (156, 194): 7, (157, 178): 14, (157, 202): 14, (158, 127): 4, (158, 252): 4, (163, 20): 14, (163, 85): 14, (164, 137): 140, (164, 236): 140, (165, 120): 140, (165, 252): 140, (166, 149): 20, (166, 222): 20, (172, 150): 70, (172, 215): 70, (173, 179): 35, (173, 185): 35, (176, 160): 140, (176, 201): 140, (177, 110): 7, (177, 250): 7, (178, 152): 140, (178, 207): 140, (179, 169): 35, (179, 189): 35, (180, 95): 5, (180, 262): 5, (183, 112): 20, (183, 242): 20, (184, 142): 70, (184, 211): 70, (185, 30): 140, (185, 53): 140, (187, 2): 10, (187, 79): 10, (189, 115): 70, (189, 233): 70, (192, 19): 70, (192, 57): 70, (193, 172): 2, (196, 121): 140, (196, 220): 140, (197, 76): 14, (197, 264): 14, (199, 143): 70, (199, 195): 70, (201, 93): 140, (201, 243): 140, (202, 81): 35, (202, 254): 35, (205, 88): 20, (205, 244): 20, (208, 102): 140, (208, 227): 140, (212, 116): 20, (212, 209): 20, (213, 111): 10, (213, 213): 10, (214, 158): 35, (214, 165): 35, (215, 93): 20, (215, 229): 20, (216, 69): 70, (216, 252): 70, (218, 104): 7, (218, 215): 7, (219, 7): 140, (219, 42): 140, (223, 118): 70, (223, 196): 70, (225, 20): 28, (225, 23): 28, (227, 127): 10, (227, 183): 10, (228, 56): 4, (228, 253): 4, (229, 145): 70, (229, 163): 70, (234, 61): 70, (234, 242): 70, (235, 138): 140, (235, 164): 140, (236, 147): 35, (236, 154): 35, (238, 136): 70, (238, 163): 70, (240, 86): 70, (240, 211): 70, (242, 71): 14, (242, 224): 14, (243, 136): 140, (243, 158): 140, (246, 96): 10, (246, 195): 10, (250, 37): 70, (250, 250): 70, (251, 121): 35, (251, 165): 35, (257, 86): 70, (257, 194): 70, (261, 35): 140, (261, 241): 140, (262, 34): 140, (262, 241): 140, (265, 131): 140, (265, 141): 140, (267, 17): 140, (267, 253): 140, (268, 96): 140, (268, 173): 140}
 
271, 252, False, 14, 18
{'infinity': 1, (3, 56): 18, (3, 211): 18, (4, 28): 126, (4, 238): 126, (8, 49): 42, (8, 213): 42, (11, 0): 126, (11, 259): 126, (13, 264): 2, (16, 113): 6, (16, 141): 6, (17, 0): 6, (17, 253): 6, (21, 1): 63, (21, 248): 63, (22, 19): 126, (22, 229): 126, (24, 100): 126, (24, 146): 126, (25, 51): 126, (25, 194): 126, (26, 253): 18, (26, 262): 18, (27, 80): 21, (27, 163): 21, (28, 69): 14, (28, 173): 14, (29, 96): 14, (29, 145): 14, (33, 254): 2, (34, 16): 126, (34, 220): 126, (35, 61): 63, (35, 174): 63, (37, 101): 42, (37, 132): 42, (38, 6): 63, (38, 226): 63, (41, 65): 7, (41, 164): 7, (47, 244): 63, (47, 250): 63, (48, 11): 126, (48, 211): 126, (49, 106): 7, (49, 115): 7, (50, 72): 63, (50, 148): 63, (52, 54): 42, (52, 164): 42, (53, 57): 21, (53, 160): 21, (55, 54): 126, (55, 161): 126, (56, 32): 42, (56, 182): 42, (73, 55): 126, (73, 142): 126, (74, 62): 63, (74, 134): 63, (75, 73): 126, (75, 122): 126, (76, 2): 126, (76, 192): 126, (78, 84): 126, (78, 108): 126, (80, 32): 14, (80, 158): 14, (81, 24): 18, (81, 165): 18, (82, 51): 63, (82, 137): 63, (83, 11): 63, (83, 176): 63, (86, 26): 126, (86, 158): 126, (88, 43): 126, (88, 139): 126, (89, 216): 126, (89, 236): 126, (91, 190): 126, (91, 260): 126, (97, 182): 126, (97, 262): 126, (99, 187): 126, (99, 255): 126, (100, 196): 63, (100, 245): 63, (104, 14): 42, (104, 152): 42, (105, 206): 14, (105, 230): 14, (106, 6): 126, (106, 158): 126, (111, 56): 9, (111, 103): 9, (112, 1): 63, (112, 157): 63, (114, 175): 126, (114, 252): 126, (116, 9): 7, (116, 145): 7, (118, 201): 42, (118, 222): 42, (119, 182): 126, (119, 240): 126, (121, 68): 14, (121, 81): 14, (122, 49): 126, (122, 99): 126, (127, 145): 14, (127, 269): 14, (128, 6): 126, (128, 136): 126, (129, 66): 126, (129, 75): 126, (132, 166): 63, (132, 243): 63, (133, 147): 42, (133, 261): 42, (136, 32): 42, (136, 102): 42, (138, 13): 126, (138, 119): 126, (139, 1): 9, (139, 130): 9, (141, 11): 126, (141, 118): 126, (142, 49): 126, (142, 79): 126, (146, 20): 126, (146, 104): 126, (149, 130): 126, (149, 262): 126, (151, 42): 126, (151, 77): 126, (152, 27): 63, (152, 91): 63, (153, 7): 42, (153, 110): 42, (158, 56): 2, (160, 23): 126, (160, 87): 126, (163, 157): 42, (163, 221): 42, (164, 167): 126, (164, 210): 126, (165, 51): 126, (165, 54): 126, (167, 149): 63, (167, 225): 63, (169, 14): 9, (169, 87): 9, (178, 151): 126, (178, 212): 126, (179, 164): 42, (179, 198): 42, (181, 91): 42, (181, 269): 42, (182, 7): 18, (182, 81): 18, (184, 129): 126, (184, 228): 126, (189, 162): 63, (189, 190): 63, (193, 83): 63, (193, 265): 63, (194, 110): 14, (194, 237): 14, (196, 110): 6, (196, 235): 6, (208, 7): 63, (208, 55): 63, (210, 91): 126, (210, 240): 126, (211, 18): 63, (211, 41): 63, (212, 133): 126, (212, 196): 126, (213, 26): 21, (213, 31): 21, (214, 87): 14, (214, 240): 14, (215, 2): 126, (215, 53): 126, (221, 109): 42, (221, 211): 42, (222, 134): 126, (222, 185): 126, (224, 22): 126, (224, 24): 126, (227, 131): 126, (227, 183): 126, (229, 59): 18, (229, 253): 18, (231, 114): 18, (231, 196): 18, (235, 37): 42, (235, 269): 42, (238, 8): 21, (238, 24): 21, (240, 81): 126, (240, 220): 126, (242, 58): 126, (242, 241): 126, (243, 138): 126, (243, 160): 126, (244, 0): 126, (244, 26): 126, (246, 39): 21, (246, 256): 21, (247, 134): 18, (247, 160): 18, (248, 46): 126, (248, 247): 126, (250, 96): 126, (250, 195): 126, (251, 64): 126, (251, 226): 126, (252, 2): 126, (252, 16): 126, (253, 94): 126, (253, 194): 126, (254, 61): 126, (254, 226): 126, (255, 130): 126, (255, 156): 126, (257, 16): 3, (257, 268): 3, (258, 44): 21, (258, 239): 21, (260, 111): 42, (260, 170): 42, (261, 112): 63, (261, 168): 63, (262, 55): 14, (262, 224): 14, (263, 88): 42, (263, 190): 42, (264, 96): 18, (264, 181): 18, (265, 82): 18, (265, 194): 18, (266, 67): 42, (266, 208): 42, (268, 116): 126, (268, 157): 126, (269, 52): 42, (269, 220): 42, (270, 14): 126, (270, 257): 126}
 
277, 252, True, 7, 36
{'infinity': 1, (0, 56): 252, (0, 220): 252, (6, 25): 252, (6, 245): 252, (8, 20): 252, (8, 248): 252, (9, 45): 63, (9, 222): 63, (10, 267): 36, (10, 276): 36, (11, 101): 28, (11, 164): 28, (16, 111): 252, (16, 149): 252, (20, 89): 252, (20, 167): 252, (21, 8): 36, (21, 247): 36, (28, 60): 7, (28, 188): 7, (29, 90): 126, (29, 157): 126, (32, 73): 126, (32, 171): 126, (33, 2): 21, (33, 241): 21, (34, 249): 252, (34, 270): 252, (35, 75): 252, (35, 166): 252, (39, 76): 126, (39, 161): 126, (40, 17): 84, (40, 219): 84, (41, 94): 252, (41, 141): 252, (42, 100): 84, (42, 134): 84, (43, 0): 126, (43, 233): 126, (44, 54): 28, (44, 178): 28, (48, 109): 84, (48, 119): 84, (49, 18): 252, (49, 209): 252, (52, 36): 252, (52, 188): 252, (55, 95): 14, (55, 126): 14, (57, 40): 6, (57, 179): 6, (58, 17): 42, (58, 201): 42, (59, 13): 63, (59, 204): 63, (60, 49): 9, (60, 167): 9, (61, 34): 63, (61, 181): 63, (64, 97): 63, (64, 115): 63, (69, 209): 63, (69, 275): 63, (71, 66): 7, (71, 139): 7, (73, 11): 28, (73, 192): 28, (74, 204): 126, (74, 275): 126, (76, 216): 126, (76, 261): 126, (77, 75): 36, (77, 124): 36, (78, 216): 21, (78, 259): 21, (79, 40): 126, (79, 157): 126, (80, 38): 84, (80, 158): 84, (83, 77): 9, (83, 116): 9, (85, 60): 252, (85, 131): 252, (89, 76): 84, (89, 111): 84, (90, 33): 21, (90, 153): 21, (91, 49): 252, (91, 136): 252, (92, 65): 252, (92, 119): 252, (93, 212): 63, (93, 248): 63, (95, 87): 252, (95, 94): 252, (96, 74): 63, (96, 106): 63, (101, 72): 28, (101, 103): 28, (106, 43): 63, (106, 127): 63, (107, 222): 252, (107, 224): 252, (109, 67): 126, (109, 100): 126, (110, 0): 252, (110, 166): 252, (113, 193): 252, (113, 247): 252, (114, 206): 252, (114, 233): 252, (115, 70): 7, (115, 91): 7, (118, 37): 18, (118, 121): 18, (121, 199): 252, (121, 233): 252, (123, 173): 126, (123, 257): 126, (124, 213): 126, (124, 216): 126, (125, 0): 84, (125, 151): 84, (126, 175): 42, (126, 252): 42, (127, 49): 252, (127, 100): 252, (133, 166): 21, (133, 254): 21, (135, 143): 42, (135, 275): 42, (138, 19): 126, (138, 119): 126, (140, 150): 252, (140, 263): 252, (141, 170): 126, (141, 242): 126, (142, 40): 63, (142, 94): 63, (144, 162): 42, (144, 247): 42, (145, 204): 2, (150, 50): 252, (150, 76): 252, (152, 170): 14, (152, 231): 14, (153, 146): 252, (153, 254): 252, (155, 184): 126, (155, 214): 126, (160, 184): 252, (160, 209): 252, (162, 169): 4, (162, 222): 4, (164, 152): 63, (164, 237): 63, (165, 51): 252, (165, 60): 252, (166, 35): 126, (166, 75): 126, (170, 157): 63, (170, 226): 63, (172, 186): 42, (172, 195): 42, (173, 111): 18, (173, 269): 18, (174, 162): 126, (174, 217): 126, (175, 121): 42, (175, 257): 42, (177, 128): 12, (177, 248): 12, (178, 43): 252, (178, 55): 252, (180, 17): 12, (180, 79): 12, (182, 146): 84, (182, 225): 84, (184, 29): 63, (184, 63): 63, (185, 99): 9, (185, 269): 9, (187, 113): 84, (187, 253): 84, (188, 147): 36, (188, 218): 36, (190, 133): 252, (190, 230): 252, (191, 27): 28, (191, 58): 28, (193, 15): 63, (193, 68): 63, (196, 117): 84, (196, 240): 84, (197, 87): 18, (197, 269): 18, (198, 167): 252, (198, 188): 252, (200, 88): 14, (200, 265): 14, (201, 108): 252, (201, 244): 252, (203, 86): 252, (203, 264): 252, (207, 91): 21, (207, 255): 21, (210, 144): 36, (210, 199): 36, (213, 22): 84, (213, 41): 84, (219, 127): 126, (219, 207): 126, (220, 146): 63, (220, 187): 63, (224, 130): 126, (224, 199): 126, (230, 127): 126, (230, 196): 126, (233, 91): 3, (233, 229): 3, (235, 13): 63, (235, 28): 63, (237, 154): 63, (237, 162): 63, (239, 114): 252, (239, 200): 252, (240, 129): 28, (240, 184): 28, (243, 102): 84, (243, 208): 84, (248, 82): 252, (248, 223): 252, (250, 140): 252, (250, 163): 252, (257, 39): 63, (257, 257): 63, (261, 2): 21, (261, 13): 21, (262, 121): 63, (262, 170): 63, (263, 87): 252, (263, 203): 252, (264, 112): 84, (264, 177): 84, (269, 30): 252, (269, 254): 252, (270, 78): 36, (270, 205): 36, (271, 43): 252, (271, 239): 252}
 
281, 280, True, 14, 20
{'infinity': 1, (0, 16): 56, (0, 264): 56, (5, 115): 28, (5, 160): 28, (8, 122): 56, (8, 150): 56, (9, 112): 140, (9, 159): 140, (10, 104): 20, (10, 166): 20, (12, 67): 40, (12, 201): 40, (15, 21): 56, (15, 244): 56, (17, 45): 56, (17, 218): 56, (20, 59): 280, (20, 201): 280, (22, 0): 140, (22, 258): 140, (23, 84): 56, (23, 173): 56, (24, 93): 35, (24, 163): 35, (25, 69): 70, (25, 186): 70, (27, 260): 56, (27, 274): 56, (33, 84): 140, (33, 163): 140, (34, 73): 40, (34, 173): 40, (35, 67): 35, (35, 178): 35, (37, 257): 280, (37, 267): 280, (38, 81): 14, (38, 161): 14, (39, 105): 280, (39, 136): 280, (41, 249): 8, (41, 271): 8, (42, 60): 70, (42, 178): 70, (44, 244): 280, (44, 273): 280, (45, 17): 140, (45, 218): 140, (48, 39): 70, (48, 193): 70, (49, 95): 20, (49, 136): 20, (52, 112): 70, (52, 116): 70, (54, 30): 40, (54, 196): 40, (55, 245): 280, (55, 261): 280, (57, 33): 280, (57, 190): 280, (60, 224): 140, (60, 277): 140, (62, 71): 14, (62, 147): 14, (63, 234): 280, (63, 264): 280, (64, 7): 70, (64, 209): 70, (66, 91): 280, (66, 123): 280, (67, 76): 20, (67, 137): 20, (71, 27): 280, (71, 182): 280, (72, 70): 280, (72, 138): 280, (74, 24): 280, (74, 182): 280, (75, 208): 280, (75, 278): 280, (76, 227): 280, (76, 258): 280, (77, 83): 28, (77, 120): 28, (78, 10): 280, (78, 192): 280, (80, 33): 7, (80, 167): 7, (87, 59): 28, (87, 134): 28, (89, 6): 70, (89, 185): 70, (90, 90): 280, (90, 100): 280, (92, 196): 40, (92, 273): 40, (94, 189): 28, (94, 278): 28, (96, 28): 70, (96, 156): 70, (97, 89): 280, (97, 94): 280, (99, 208): 140, (99, 254): 140, (100, 213): 56, (100, 248): 56, (103, 12): 56, (103, 165): 56, (105, 13): 140, (105, 162): 140, (106, 175): 280, (106, 280): 280, (108, 208): 8, (108, 245): 8, (110, 42): 280, (110, 128): 280, (111, 56): 280, (111, 113): 280, (113, 170): 40, (113, 278): 40, (115, 49): 140, (115, 116): 140, (117, 206): 280, (117, 238): 280, (119, 197): 70, (119, 245): 70, (125, 217): 14, (125, 219): 14, (126, 35): 35, (126, 119): 35, (130, 5): 280, (130, 145): 280, (132, 150): 280, (132, 279): 280, (136, 196): 5, (136, 229): 5, (137, 182): 140, (137, 242): 140, (141, 47): 140, (141, 92): 140, (142, 150): 35, (142, 269): 35, (144, 19): 280, (144, 117): 280, (145, 33): 280, (145, 102): 280, (146, 142): 35, (146, 273): 35, (148, 137): 10, (148, 276): 10, (149, 169): 140, (149, 243): 140, (152, 4): 35, (152, 124): 35, (153, 140): 280, (153, 268): 280, (154, 184): 280, (154, 223): 280, (155, 164): 140, (155, 242): 140, (167, 38): 56, (167, 75): 56, (168, 183): 280, (168, 210): 280, (169, 180): 4, (169, 212): 4, (172, 36): 7, (172, 72): 7, (173, 149): 70, (173, 239): 70, (174, 125): 10, (174, 262): 10, (175, 46): 280, (175, 59): 280, (179, 15): 280, (179, 86): 280, (180, 46): 35, (180, 54): 35, (184, 119): 280, (184, 258): 280, (190, 164): 280, (190, 207): 280, (191, 101): 140, (191, 269): 140, (192, 171): 56, (192, 198): 56, (193, 12): 280, (193, 75): 280, (194, 136): 280, (194, 231): 280, (198, 31): 140, (198, 51): 140, (202, 143): 40, (202, 216): 40, (203, 2): 35, (203, 75): 35, (204, 124): 140, (204, 233): 140, (205, 178): 2, (206, 155): 35, (206, 200): 35, (207, 124): 20, (207, 230): 20, (208, 26): 280, (208, 46): 280, (209, 98): 35, (209, 254): 35, (216, 156): 280, (216, 189): 280, (218, 164): 280, (218, 179): 280, (219, 78): 140, (219, 264): 140, (220, 123): 280, (220, 218): 280, (221, 112): 28, (221, 228): 28, (222, 83): 140, (222, 256): 140, (223, 94): 70, (223, 244): 70, (225, 163): 140, (225, 173): 140, (226, 84): 280, (226, 251): 280, (227, 157): 40, (227, 177): 40, (228, 130): 56, (228, 203): 56, (230, 62): 28, (230, 269): 28, (231, 109): 280, (231, 221): 280, (232, 57): 280, (232, 272): 280, (235, 67): 56, (235, 259): 56, (237, 6): 140, (237, 37): 140, (243, 94): 280, (243, 224): 280, (245, 17): 7, (245, 18): 7, (248, 152): 70, (248, 161): 70, (249, 41): 280, (249, 271): 280, (250, 110): 140, (250, 201): 140, (251, 154): 280, (251, 156): 280, (252, 121): 40, (252, 188): 40, (253, 119): 280, (253, 189): 280, (254, 50): 35, (254, 257): 35, (255, 52): 140, (255, 254): 140, (257, 151): 280, (257, 153): 280, (260, 77): 280, (260, 224): 280, (264, 83): 70, (264, 214): 70, (266, 114): 280, (266, 181): 280, (267, 1): 140, (267, 12): 140, (269, 106): 140, (269, 186): 140, (271, 48): 5, (271, 242): 5, (272, 32): 280, (272, 257): 280, (273, 17): 140, (273, 271): 140, (277, 123): 35, (277, 161): 35}
 
283, 266, True, 7, 38
{'infinity': 1, (0, 110): 266, (0, 172): 266, (4, 8): 133, (4, 270): 133, (6, 98): 133, (6, 178): 133, (7, 58): 266, (7, 217): 266, (8, 92): 133, (8, 182): 133, (9, 61): 266, (9, 212): 266, (10, 66): 266, (10, 206): 266, (12, 76): 133, (12, 194): 133, (15, 69): 266, (15, 198): 266, (17, 78): 266, (17, 187): 266, (20, 115): 133, (20, 147): 133, (22, 262): 14, (22, 281): 14, (23, 112): 266, (23, 147): 266, (31, 46): 133, (31, 205): 133, (32, 48): 133, (32, 202): 133, (34, 116): 133, (34, 132): 133, (36, 35): 266, (36, 211): 266, (38, 79): 266, (38, 165): 266, (39, 1): 133, (39, 242): 133, (40, 105): 266, (40, 137): 266, (41, 101): 266, (41, 140): 266, (43, 12): 133, (43, 227): 133, (44, 54): 266, (44, 184): 266, (45, 95): 266, (45, 142): 266, (46, 4): 133, (46, 232): 133, (48, 102): 19, (48, 132): 19, (49, 64): 133, (49, 169): 133, (50, 246): 266, (50, 269): 266, (51, 257): 2, (53, 43): 266, (53, 186): 266, (54, 88): 266, (54, 140): 266, (55, 10): 133, (55, 217): 133, (56, 67): 266, (56, 159): 266, (57, 14): 133, (57, 211): 133, (58, 250): 19, (58, 257): 19, (61, 251): 133, (61, 253): 133, (64, 62): 133, (64, 156): 133, (65, 23): 266, (65, 194): 266, (67, 105): 133, (67, 110): 133, (71, 11): 266, (71, 200): 266, (73, 66): 266, (73, 143): 266, (75, 30): 133, (75, 177): 133, (77, 46): 266, (77, 159): 266, (78, 55): 266, (78, 149): 266, (80, 32): 19, (80, 170): 19, (83, 8): 38, (83, 191): 38, (84, 27): 266, (84, 171): 266, (86, 12): 266, (86, 184): 266, (87, 227): 133, (87, 251): 133, (88, 3): 266, (88, 191): 266, (92, 223): 133, (92, 250): 133, (93, 43): 7, (93, 146): 7, (95, 30): 133, (95, 157): 133, (96, 38): 266, (96, 148): 266, (97, 27): 38, (97, 158): 38, (103, 27): 133, (103, 152): 133, (105, 76): 133, (105, 101): 133, (106, 185): 266, (106, 274): 266, (109, 58): 266, (109, 115): 266, (113, 191): 133, (113, 261): 133, (114, 30): 19, (114, 138): 19, (115, 174): 19, (115, 276): 19, (118, 39): 266, (118, 125): 266, (126, 48): 266, (126, 108): 266, (128, 42): 133, (128, 112): 133, (133, 37): 266, (133, 112): 266, (134, 181): 133, (134, 250): 133, (136, 178): 133, (136, 251): 133, (138, 43): 266, (138, 101): 266, (139, 56): 38, (139, 87): 38, (142, 178): 133, (142, 245): 133, (150, 136): 133, (150, 279): 133, (151, 159): 133, (151, 255): 133, (153, 190): 38, (153, 222): 38, (154, 184): 133, (154, 227): 133, (155, 12): 266, (155, 115): 266, (156, 15): 19, (156, 111): 19, (159, 190): 38, (159, 216): 38, (165, 24): 266, (165, 93): 266, (166, 135): 14, (166, 264): 14, (167, 39): 133, (167, 76): 133, (168, 56): 133, (168, 58): 133, (172, 160): 133, (172, 233): 133, (175, 133): 38, (175, 257): 38, (176, 46): 266, (176, 60): 266, (177, 0): 38, (177, 105): 38, (178, 131): 133, (178, 256): 133, (181, 151): 133, (181, 233): 133, (183, 122): 266, (183, 260): 266, (188, 152): 7, (188, 225): 7, (189, 140): 133, (189, 236): 133, (191, 163): 266, (191, 211): 266, (197, 8): 266, (197, 77): 266, (201, 15): 133, (201, 66): 133, (202, 132): 133, (202, 231): 133, (203, 80): 133, (203, 282): 133, (204, 148): 14, (204, 213): 14, (206, 138): 133, (206, 221): 133, (207, 164): 266, (207, 194): 266, (210, 15): 133, (210, 57): 133, (214, 118): 133, (214, 233): 133, (215, 96): 133, (215, 254): 133, (216, 25): 133, (216, 41): 133, (217, 110): 266, (217, 238): 266, (219, 154): 133, (219, 192): 133, (222, 126): 38, (222, 217): 38, (223, 65): 266, (223, 277): 266, (226, 139): 7, (226, 200): 7, (227, 155): 133, (227, 183): 133, (228, 72): 266, (228, 265): 266, (230, 21): 133, (230, 31): 133, (232, 158): 133, (232, 175): 133, (233, 97): 266, (233, 235): 266, (234, 51): 266, (234, 280): 266, (237, 124): 266, (237, 204): 266, (238, 158): 266, (238, 169): 266, (241, 147): 266, (241, 177): 266, (246, 10): 133, (246, 26): 133, (247, 138): 133, (247, 180): 133, (248, 107): 266, (248, 210): 266, (251, 137): 266, (251, 177): 266, (252, 95): 133, (252, 218): 133, (253, 116): 266, (253, 196): 266, (255, 120): 19, (255, 190): 19, (260, 56): 266, (260, 249): 266, (266, 6): 133, (266, 10): 133, (267, 148): 133, (267, 150): 133, (268, 68): 266, (268, 229): 266, (270, 95): 266, (270, 200): 266, (276, 137): 19, (276, 152): 19, (278, 73): 19, (278, 214): 19, (280, 116): 38, (280, 169): 38, (282, 39): 266, (282, 244): 266}
 
293, 280, True, 7, 40
{'infinity': 1, (1, 62): 140, (1, 229): 140, (2, 70): 280, (2, 220): 280, (4, 44): 280, (4, 244): 280, (5, 96): 280, (5, 191): 280, (9, 40): 280, (9, 243): 280, (10, 105): 140, (10, 177): 140, (11, 117): 280, (11, 164): 280, (14, 102): 280, (14, 176): 280, (15, 84): 70, (15, 193): 70, (21, 30): 56, (21, 241): 56, (22, 273): 280, (22, 290): 280, (23, 123): 14, (23, 146): 14, (24, 1): 28, (24, 267): 28, (26, 61): 280, (26, 205): 280, (28, 126): 70, (28, 138): 70, (29, 73): 280, (29, 190): 280, (31, 103): 28, (31, 158): 28, (32, 106): 280, (32, 154): 280, (33, 129): 35, (33, 130): 35, (35, 123): 70, (35, 134): 70, (37, 76): 280, (37, 179): 280, (38, 37): 280, (38, 217): 280, (41, 119): 40, (41, 132): 40, (42, 71): 35, (42, 179): 35, (43, 251): 56, (43, 291): 56, (50, 17): 280, (50, 225): 280, (53, 91): 5, (53, 148): 5, (54, 80): 56, (54, 158): 56, (55, 12): 280, (55, 225): 280, (62, 23): 280, (62, 207): 280, (63, 29): 280, (63, 200): 280, (64, 4): 35, (64, 224): 35, (65, 28): 280, (65, 199): 280, (66, 75): 4, (66, 151): 4, (67, 258): 40, (67, 260): 40, (68, 78): 140, (68, 146): 140, (70, 28): 280, (70, 194): 280, (72, 253): 7, (72, 260): 7, (74, 27): 140, (74, 191): 140, (75, 12): 280, (75, 205): 280, (76, 228): 40, (76, 281): 40, (77, 73): 140, (77, 142): 140, (78, 216): 70, (78, 291): 70, (80, 39): 14, (80, 173): 14, (92, 52): 280, (92, 148): 280, (93, 221): 40, (93, 271): 40, (94, 4): 40, (94, 194): 40, (96, 33): 56, (96, 163): 56, (98, 38): 280, (98, 156): 280, (99, 91): 20, (99, 102): 20, (100, 202): 35, (100, 283): 35, (102, 78): 280, (102, 112): 280, (105, 80): 280, (105, 107): 280, (106, 5): 280, (106, 181): 280, (109, 75): 35, (109, 108): 35, (110, 209): 140, (110, 266): 140, (111, 41): 35, (111, 140): 35, (118, 227): 8, (118, 240): 8, (119, 75): 140, (119, 98): 140, (122, 214): 28, (122, 249): 28, (123, 177): 56, (123, 285): 56, (124, 78): 8, (124, 90): 8, (125, 62): 140, (125, 105): 140, (126, 30): 280, (126, 136): 280, (130, 194): 70, (130, 261): 70, (131, 162): 140, (131, 292): 140, (133, 204): 35, (133, 248): 35, (134, 74): 280, (134, 84): 280, (135, 77): 140, (135, 80): 140, (136, 4): 280, (136, 152): 280, (138, 66): 40, (138, 88): 40, (140, 11): 280, (140, 141): 280, (142, 59): 20, (142, 91): 20, (143, 172): 7, (143, 270): 7, (145, 63): 280, (145, 84): 280, (146, 171): 140, (146, 268): 140, (147, 30): 70, (147, 115): 70, (149, 148): 280, (149, 288): 280, (151, 184): 20, (151, 250): 20, (153, 60): 140, (153, 79): 140, (155, 170): 280, (155, 260): 280, (156, 187): 56, (156, 242): 56, (159, 28): 35, (159, 105): 35, (161, 177): 280, (161, 247): 280, (163, 35): 56, (163, 94): 56, (164, 12): 28, (164, 116): 28, (168, 62): 2, (169, 144): 28, (169, 272): 28, (170, 165): 56, (170, 250): 56, (173, 121): 280, (173, 291): 280, (179, 127): 280, (179, 279): 280, (180, 175): 56, (180, 230): 56, (181, 9): 280, (181, 102): 280, (182, 155): 140, (182, 248): 140, (184, 155): 70, (184, 246): 70, (187, 133): 280, (187, 265): 280, (188, 31): 56, (188, 73): 56, (189, 171): 140, (189, 225): 140, (191, 35): 280, (191, 66): 280, (193, 187): 70, (193, 205): 70, (195, 46): 280, (195, 51): 280, (197, 186): 280, (197, 202): 280, (199, 125): 140, (199, 261): 140, (202, 99): 280, (202, 284): 280, (203, 146): 140, (203, 236): 140, (204, 162): 28, (204, 219): 28, (205, 167): 140, (205, 213): 140, (206, 111): 140, (206, 268): 140, (208, 182): 5, (208, 195): 5, (209, 158): 56, (209, 218): 56, (211, 38): 70, (211, 43): 70, (215, 179): 280, (215, 191): 280, (221, 155): 140, (221, 209): 140, (223, 135): 10, (223, 227): 10, (225, 22): 140, (225, 45): 140, (230, 110): 280, (230, 245): 280, (232, 118): 14, (232, 235): 14, (233, 24): 140, (233, 35): 140, (235, 82): 70, (235, 268): 70, (236, 123): 35, (236, 226): 35, (237, 163): 70, (237, 185): 70, (238, 160): 280, (238, 187): 280, (239, 112): 7, (239, 234): 7, (243, 153): 280, (243, 189): 280, (246, 112): 40, (246, 227): 40, (247, 3): 280, (247, 42): 280, (250, 48): 70, (250, 287): 70, (252, 162): 35, (252, 171): 35, (254, 163): 280, (254, 168): 280, (255, 97): 35, (255, 233): 35, (256, 120): 35, (256, 209): 35, (258, 66): 140, (258, 261): 140, (259, 114): 140, (259, 212): 140, (266, 69): 280, (266, 250): 280, (272, 65): 20, (272, 248): 20, (278, 38): 56, (278, 269): 56, (285, 139): 280, (285, 161): 280, (289, 104): 10, (289, 192): 10, (290, 93): 40, (290, 202): 40, (292, 15): 140, (292, 278): 140}
 
307, 336, True, 14, 24
{'infinity': 1, (3, 139): 112, (3, 164): 112, (4, 31): 56, (4, 271): 56, (8, 78): 112, (8, 220): 112, (10, 79): 336, (10, 217): 336, (11, 109): 8, (11, 186): 8, (12, 74): 336, (12, 220): 336, (13, 121): 112, (13, 172): 112, (14, 27): 42, (14, 265): 42, (15, 79): 56, (15, 212): 56, (19, 130): 112, (19, 157): 112, (20, 74): 336, (20, 212): 336, (23, 113): 112, (23, 170): 112, (24, 105): 84, (24, 177): 84, (27, 54): 84, (27, 225): 84, (29, 23): 42, (29, 254): 42, (31, 97): 28, (31, 178): 28, (33, 55): 168, (33, 218): 168, (34, 121): 112, (34, 151): 112, (35, 11): 56, (35, 260): 56, (36, 36): 48, (36, 234): 48, (38, 29): 56, (38, 239): 56, (41, 67): 84, (41, 198): 84, (42, 7): 168, (42, 257): 168, (44, 2): 336, (44, 260): 336, (46, 269): 14, (46, 298): 14, (49, 60): 168, (49, 197): 168, (50, 5): 168, (50, 251): 168, (51, 28): 112, (51, 227): 112, (52, 119): 336, (52, 135): 336, (55, 117): 7, (55, 134): 7, (56, 52): 336, (56, 198): 336, (57, 20): 56, (57, 229): 56, (58, 78): 336, (58, 170): 336, (59, 83): 336, (59, 164): 336, (60, 106): 336, (60, 140): 336, (61, 27): 168, (61, 218): 168, (64, 113): 112, (64, 129): 112, (65, 53): 112, (65, 188): 112, (66, 91): 336, (66, 149): 336, (67, 59): 336, (67, 180): 336, (69, 16): 28, (69, 221): 28, (76, 48): 168, (76, 182): 168, (78, 55): 168, (78, 173): 168, (80, 2): 336, (80, 224): 336, (81, 102): 168, (81, 123): 168, (83, 34): 21, (83, 189): 21, (84, 54): 21, (84, 168): 21, (85, 91): 336, (85, 130): 336, (86, 97): 112, (86, 123): 112, (88, 73): 42, (88, 145): 42, (91, 56): 336, (91, 159): 336, (93, 259): 12, (93, 261): 12, (94, 10): 112, (94, 202): 112, (95, 80): 168, (95, 131): 168, (99, 216): 84, (99, 298): 84, (104, 243): 21, (104, 266): 21, (109, 60): 7, (109, 137): 7, (110, 230): 14, (110, 273): 14, (111, 59): 56, (111, 136): 56, (115, 241): 84, (115, 257): 84, (116, 225): 112, (116, 272): 112, (118, 69): 21, (118, 119): 21, (119, 211): 84, (119, 283): 84, (120, 194): 336, (120, 299): 336, (122, 186): 336, (122, 305): 336, (123, 66): 336, (123, 117): 336, (124, 36): 42, (124, 146): 42, (125, 89): 48, (125, 92): 48, (126, 196): 336, (126, 291): 336, (127, 67): 56, (127, 112): 56, (128, 70): 16, (128, 108): 16, (130, 59): 336, (130, 117): 336, (133, 15): 48, (133, 158): 48, (135, 233): 336, (135, 245): 336, (138, 49): 112, (138, 119): 112, (139, 193): 16, (139, 281): 16, (140, 67): 168, (140, 99): 168, (141, 42): 336, (141, 123): 336, (145, 41): 336, (145, 120): 336, (148, 36): 336, (148, 122): 336, (149, 200): 336, (149, 264): 336, (150, 60): 168, (150, 96): 168, (151, 205): 168, (151, 257): 168, (153, 175): 168, (153, 285): 168, (154, 171): 336, (154, 288): 336, (156, 171): 336, (156, 286): 336, (157, 58): 3, (157, 91): 3, (158, 152): 112, (158, 303): 112, (159, 222): 336, (159, 232): 336, (161, 205): 168, (161, 247): 168, (163, 152): 12, (163, 298): 12, (164, 187): 336, (164, 262): 336, (165, 223): 336, (165, 225): 336, (166, 195): 336, (166, 252): 336, (170, 50): 112, (170, 86): 112, (173, 203): 336, (173, 237): 336, (175, 186): 336, (175, 252): 336, (176, 191): 84, (176, 246): 84, (177, 142): 336, (177, 294): 336, (179, 41): 84, (179, 86): 84, (181, 158): 336, (181, 274): 336, (184, 2): 84, (184, 120): 84, (185, 147): 24, (185, 281): 24, (188, 3): 84, (188, 115): 84, (190, 144): 168, (190, 279): 168, (191, 18): 112, (191, 97): 112, (192, 146): 168, (192, 275): 168, (196, 203): 48, (196, 214): 48, (197, 54): 84, (197, 55): 84, (198, 0): 112, (198, 108): 112, (201, 137): 168, (201, 275): 168, (202, 166): 42, (202, 245): 42, (203, 4): 28, (203, 99): 28, (204, 130): 168, (204, 279): 168, (207, 30): 48, (207, 69): 48, (208, 40): 168, (208, 58): 168, (209, 1): 48, (209, 96): 48, (211, 198): 112, (211, 204): 112, (213, 32): 168, (213, 61): 168, (214, 181): 84, (214, 218): 84, (215, 148): 4, (215, 250): 4, (218, 26): 336, (218, 62): 336, (221, 113): 28, (221, 279): 28, (222, 116): 6, (222, 275): 6, (226, 110): 336, (226, 277): 336, (227, 170): 24, (227, 216): 24, (229, 124): 336, (229, 260): 336, (231, 93): 336, (231, 289): 336, (232, 168): 168, (232, 213): 168, (233, 27): 56, (233, 46): 56, (235, 189): 2, (237, 136): 16, (237, 240): 16, (238, 80): 336, (238, 295): 336, (240, 95): 112, (240, 278): 112, (242, 78): 21, (242, 293): 21, (243, 65): 336, (243, 305): 336, (246, 164): 168, (246, 203): 168, (247, 138): 336, (247, 228): 336, (250, 58): 56, (250, 305): 56, (254, 77): 7, (254, 282): 7, (256, 96): 112, (256, 261): 112, (261, 121): 56, (261, 231): 56, (266, 86): 336, (266, 261): 336, (267, 136): 112, (267, 210): 112, (269, 165): 336, (269, 179): 336, (272, 99): 24, (272, 242): 24, (273, 128): 336, (273, 212): 336, (274, 87): 56, (274, 252): 56, (276, 74): 168, (276, 263): 168, (277, 101): 28, (277, 235): 28, (278, 90): 112, (278, 245): 112, (279, 28): 24, (279, 306): 24, (280, 12): 112, (280, 14): 112, (282, 80): 16, (282, 251): 16, (283, 79): 336, (283, 251): 336, (285, 28): 336, (285, 300): 336, (286, 120): 48, (286, 207): 48, (288, 105): 21, (288, 220): 21, (289, 108): 56, (289, 216): 56, (290, 69): 112, (290, 254): 112, (291, 41): 48, (291, 281): 48, (294, 152): 336, (294, 167): 336, (296, 63): 336, (296, 254): 336, (297, 127): 42, (297, 189): 42, (299, 146): 8, (299, 168): 8, (301, 154): 14, (301, 158): 14, (303, 105): 28, (303, 205): 28, (305, 137): 168, (305, 171): 168}
 
311, 294, True, 42, 7
{'infinity': 1, (1, 3): 98, (1, 306): 98, (3, 51): 294, (3, 256): 294, (5, 41): 98, (5, 264): 98, (8, 151): 2, (11, 76): 147, (11, 223): 147, (13, 1): 147, (13, 296): 147, (14, 74): 147, (14, 222): 147, (16, 92): 21, (16, 202): 21, (17, 138): 49, (17, 155): 49, (19, 137): 294, (19, 154): 294, (21, 6): 147, (21, 283): 147, (24, 55): 49, (24, 231): 49, (25, 73): 294, (25, 212): 294, (30, 2): 294, (30, 278): 294, (31, 137): 98, (31, 142): 98, (34, 136): 147, (34, 140): 147, (36, 52): 49, (36, 222): 49, (37, 286): 42, (37, 298): 42, (38, 65): 49, (38, 207): 49, (42, 21): 98, (42, 247): 98, (45, 89): 294, (45, 176): 294, (48, 33): 147, (48, 229): 147, (54, 60): 294, (54, 196): 294, (56, 45): 49, (56, 209): 49, (57, 108): 7, (57, 145): 7, (58, 270): 147, (58, 293): 147, (61, 63): 49, (61, 186): 49, (62, 55): 49, (62, 193): 49, (65, 11): 98, (65, 234): 98, (66, 121): 294, (66, 123): 294, (69, 97): 294, (69, 144): 294, (73, 89): 49, (73, 148): 49, (74, 19): 42, (74, 217): 42, (76, 255): 294, (76, 290): 294, (78, 15): 147, (78, 217): 147, (82, 39): 98, (82, 189): 98, (84, 107): 294, (84, 119): 294, (86, 38): 147, (86, 186): 147, (87, 16): 147, (87, 207): 147, (88, 77): 147, (88, 145): 147, (89, 262): 147, (89, 270): 147, (91, 8): 147, (91, 211): 147, (92, 68): 147, (92, 150): 147, (93, 235): 14, (93, 293): 14, (94, 76): 98, (94, 140): 98, (98, 247): 147, (98, 276): 147, (99, 105): 147, (99, 106): 147, (101, 22): 294, (101, 187): 294, (104, 16): 147, (104, 190): 147, (108, 52): 147, (108, 150): 147, (109, 6): 98, (109, 195): 98, (111, 60): 98, (111, 139): 98, (112, 48): 147, (112, 150): 147, (113, 248): 49, (113, 260): 49, (114, 85): 49, (114, 111): 49, (116, 64): 147, (116, 130): 147, (121, 16): 21, (121, 173): 21, (124, 202): 98, (124, 295): 98, (128, 229): 147, (128, 264): 147, (132, 66): 14, (132, 112): 14, (134, 14): 3, (134, 162): 3, (135, 201): 147, (135, 285): 147, (136, 229): 7, (136, 256): 7, (138, 232): 147, (138, 251): 147, (144, 79): 294, (144, 87): 294, (146, 191): 294, (146, 284): 294, (147, 60): 147, (147, 103): 147, (148, 216): 147, (148, 257): 147, (149, 178): 7, (149, 294): 7, (150, 43): 98, (150, 117): 98, (151, 181): 294, (151, 289): 294, (157, 57): 294, (157, 96): 294, (160, 217): 294, (160, 244): 294, (161, 167): 294, (161, 293): 294, (162, 226): 294, (162, 233): 294, (164, 29): 49, (164, 117): 49, (165, 186): 21, (165, 270): 21, (167, 145): 147, (167, 309): 147, (168, 52): 147, (168, 90): 147, (170, 159): 147, (170, 292): 147, (172, 202): 294, (172, 247): 294, (173, 192): 294, (173, 256): 294, (174, 214): 147, (174, 233): 147, (177, 47): 147, (177, 86): 147, (179, 178): 294, (179, 264): 294, (182, 6): 294, (182, 122): 294, (184, 140): 294, (184, 297): 294, (187, 207): 21, (187, 227): 21, (188, 158): 49, (188, 275): 49, (189, 147): 294, (189, 285): 294, (190, 168): 147, (190, 263): 147, (191, 31): 294, (191, 88): 294, (193, 141): 294, (193, 287): 294, (194, 27): 294, (194, 89): 294, (198, 203): 294, (198, 220): 294, (205, 195): 49, (205, 221): 49, (206, 143): 98, (206, 272): 98, (207, 27): 42, (207, 76): 42, (209, 13): 49, (209, 88): 49, (211, 30): 98, (211, 69): 98, (214, 106): 294, (214, 301): 294, (220, 113): 147, (220, 288): 147, (221, 105): 42, (221, 295): 42, (222, 27): 147, (222, 61): 147, (223, 88): 42, (223, 310): 42, (224, 90): 49, (224, 307): 49, (225, 157): 98, (225, 239): 98, (226, 29): 49, (226, 55): 49, (228, 0): 294, (228, 82): 294, (229, 160): 6, (229, 232): 6, (231, 90): 147, (231, 300): 147, (232, 14): 21, (232, 64): 21, (233, 29): 49, (233, 48): 49, (236, 120): 98, (236, 265): 98, (238, 103): 294, (238, 280): 294, (240, 112): 98, (240, 269): 98, (241, 77): 294, (241, 303): 294, (245, 146): 49, (245, 230): 49, (248, 71): 147, (248, 302): 147, (249, 17): 294, (249, 44): 294, (251, 112): 49, (251, 258): 49, (252, 115): 98, (252, 254): 98, (255, 148): 294, (255, 218): 294, (256, 133): 98, (256, 232): 98, (257, 14): 21, (257, 39): 21, (262, 137): 147, (262, 222): 147, (264, 53): 147, (264, 304): 147, (266, 78): 294, (266, 277): 294, (268, 107): 147, (268, 246): 147, (271, 107): 294, (271, 243): 294, (273, 129): 147, (273, 219): 147, (275, 64): 147, (275, 282): 147, (277, 91): 294, (277, 253): 294, (278, 48): 147, (278, 295): 147, (279, 10): 14, (279, 21): 14, (284, 39): 294, (284, 298): 294, (286, 1): 147, (286, 23): 147, (287, 101): 294, (287, 233): 294, (290, 116): 49, (290, 215): 49, (294, 77): 294, (294, 250): 294, (295, 148): 294, (295, 178): 294, (299, 37): 294, (299, 285): 294, (301, 114): 42, (301, 206): 42, (302, 21): 49, (302, 298): 49, (303, 105): 98, (303, 213): 98, (309, 117): 98, (309, 195): 98, (310, 106): 98, (310, 205): 98}
 
313, 336, False, 84, 4
{'infinity': 1, (0, 97): 14, (0, 215): 14, (2, 155): 2, (3, 92): 7, (3, 217): 7, (4, 152): 42, (4, 156): 42, (5, 131): 84, (5, 176): 84, (6, 54): 28, (6, 252): 28, (9, 56): 4, (9, 247): 4, (11, 101): 42, (11, 200): 42, (13, 129): 84, (13, 170): 84, (14, 58): 4, (14, 240): 4, (16, 74): 28, (16, 222): 28, (18, 59): 21, (18, 235): 21, (19, 297): 28, (19, 309): 28, (21, 1): 42, (21, 290): 42, (22, 100): 28, (22, 190): 28, (24, 135): 84, (24, 153): 84, (25, 99): 84, (25, 188): 84, (27, 56): 84, (27, 229): 84, (28, 66): 84, (28, 218): 84, (30, 12): 84, (30, 270): 84, (32, 114): 28, (32, 166): 28, (33, 34): 84, (33, 245): 84, (35, 293): 84, (35, 297): 84, (37, 38): 84, (37, 237): 84, (38, 89): 28, (38, 185): 28, (40, 134): 28, (40, 138): 28, (41, 105): 42, (41, 166): 42, (43, 290): 28, (43, 292): 28, (44, 96): 84, (44, 172): 84, (45, 49): 84, (45, 218): 84, (47, 98): 12, (47, 167): 12, (48, 39): 84, (48, 225): 84, (50, 84): 84, (50, 178): 84, (54, 101): 7, (54, 157): 7, (55, 75): 84, (55, 182): 84, (56, 33): 42, (56, 223): 42, (57, 38): 28, (57, 217): 28, (58, 49): 12, (58, 205): 12, (59, 6): 42, (59, 247): 42, (60, 81): 14, (60, 171): 14, (61, 65): 84, (61, 186): 84, (62, 40): 84, (62, 210): 84, (66, 255): 21, (66, 304): 21, (67, 32): 84, (67, 213): 84, (69, 33): 28, (69, 210): 28, (72, 18): 84, (72, 222): 84, (73, 39): 14, (73, 200): 14, (74, 47): 42, (74, 191): 42, (76, 105): 84, (76, 131): 84, (77, 41): 14, (77, 194): 14, (81, 107): 28, (81, 124): 28, (83, 67): 28, (83, 162): 28, (85, 19): 42, (85, 208): 42, (86, 253): 84, (86, 286): 84, (87, 102): 84, (87, 123): 84, (88, 54): 84, (88, 170): 84, (92, 43): 4, (92, 177): 4, (94, 103): 12, (94, 115): 12, (95, 30): 84, (95, 187): 84, (96, 220): 84, (96, 309): 84, (97, 260): 84, (97, 268): 84, (98, 50): 7, (98, 164): 7, (99, 35): 28, (99, 178): 28, (101, 233): 42, (101, 291): 42, (102, 91): 21, (102, 119): 21, (104, 74): 28, (104, 134): 28, (105, 52): 28, (105, 155): 28, (106, 98): 84, (106, 108): 84, (109, 6): 42, (109, 197): 42, (112, 209): 4, (112, 304): 4, (113, 213): 84, (113, 299): 84, (114, 240): 84, (114, 271): 84, (119, 227): 6, (119, 279): 6, (120, 60): 84, (120, 132): 84, (121, 5): 42, (121, 186): 42, (124, 25): 84, (124, 163): 84, (125, 202): 84, (125, 298): 84, (132, 186): 28, (132, 307): 28, (134, 213): 14, (134, 278): 14, (135, 241): 12, (135, 249): 12, (136, 185): 84, (136, 304): 84, (137, 76): 28, (137, 99): 28, (140, 185): 84, (140, 300): 84, (141, 2): 42, (141, 169): 42, (146, 6): 14, (146, 160): 14, (148, 175): 84, (148, 302): 84, (152, 61): 84, (152, 99): 84, (155, 36): 84, (155, 121): 84, (158, 13): 84, (158, 141): 84, (160, 72): 14, (160, 80): 14, (161, 53): 28, (161, 98): 28, (162, 183): 84, (162, 280): 84, (165, 178): 42, (165, 282): 42, (170, 8): 28, (170, 134): 28, (173, 226): 2, (174, 28): 28, (174, 110): 28, (177, 140): 28, (177, 308): 28, (183, 210): 12, (183, 232): 12, (186, 199): 84, (186, 240): 84, (187, 61): 28, (187, 64): 28, (188, 2): 12, (188, 122): 12, (189, 33): 12, (189, 90): 12, (190, 150): 84, (190, 285): 84, (193, 39): 12, (193, 80): 12, (194, 44): 28, (194, 74): 28, (196, 151): 84, (196, 278): 84, (197, 10): 28, (197, 105): 28, (198, 161): 14, (198, 266): 14, (199, 117): 21, (199, 309): 21, (204, 120): 28, (204, 301): 28, (207, 155): 28, (207, 263): 28, (208, 150): 3, (208, 267): 3, (210, 201): 28, (210, 214): 28, (211, 49): 42, (211, 52): 42, (213, 170): 28, (213, 242): 28, (214, 26): 28, (214, 72): 28, (217, 204): 2, (220, 38): 84, (220, 54): 84, (222, 37): 84, (222, 53): 84, (226, 177): 84, (226, 222): 84, (229, 150): 84, (229, 246): 84, (230, 195): 42, (230, 200): 42, (231, 112): 84, (231, 282): 84, (232, 30): 84, (232, 50): 84, (233, 131): 28, (233, 261): 28, (234, 91): 84, (234, 300): 84, (235, 149): 12, (235, 241): 12, (239, 115): 42, (239, 271): 42, (240, 192): 84, (240, 193): 84, (241, 166): 84, (241, 218): 84, (242, 133): 28, (242, 250): 28, (243, 124): 14, (243, 258): 14, (244, 15): 6, (244, 53): 6, (246, 132): 84, (246, 247): 84, (248, 86): 84, (248, 291): 84, (249, 101): 42, (249, 275): 42, (250, 85): 84, (250, 290): 84, (253, 72): 28, (253, 300): 28, (254, 154): 4, (254, 217): 4, (255, 87): 84, (255, 283): 84, (257, 127): 12, (257, 241): 12, (260, 68): 84, (260, 297): 84, (261, 132): 6, (261, 232): 6, (263, 173): 84, (263, 189): 84, (270, 111): 84, (270, 244): 84, (271, 65): 21, (271, 289): 21, (272, 157): 84, (272, 196): 84, (273, 104): 84, (273, 248): 84, (274, 80): 84, (274, 271): 84, (275, 94): 84, (275, 256): 84, (278, 56): 84, (278, 291): 84, (279, 167): 84, (279, 179): 84, (282, 71): 28, (282, 272): 28, (288, 61): 21, (288, 276): 21, (289, 63): 42, (289, 273): 42, (291, 91): 84, (291, 243): 84, (294, 115): 28, (294, 216): 28, (295, 65): 84, (295, 265): 84, (297, 50): 12, (297, 278): 12, (298, 2): 28, (298, 12): 28, (299, 1): 84, (299, 12): 84, (300, 30): 84, (300, 295): 84, (301, 157): 84, (301, 167): 84, (303, 124): 4, (303, 198): 4, (306, 55): 84, (306, 264): 84, (307, 1): 12, (307, 4): 12, (309, 139): 84, (309, 177): 84, (310, 46): 28, (310, 269): 28, (311, 52): 84, (311, 262): 84}
 
317, 336, False, 84, 4
{'infinity': 1, (0, 146): 84, (0, 170): 84, (1, 43): 84, (1, 272): 84, (2, 83): 84, (2, 231): 84, (5, 1): 42, (5, 310): 42, (8, 23): 84, (8, 285): 84, (12, 131): 84, (12, 173): 84, (16, 99): 12, (16, 201): 12, (17, 51): 84, (17, 248): 84, (18, 4): 84, (18, 294): 84, (20, 303): 84, (20, 310): 84, (24, 74): 84, (24, 218): 84, (25, 99): 4, (25, 192): 4, (26, 302): 28, (26, 305): 28, (29, 292): 28, (29, 312): 28, (30, 101): 12, (30, 185): 12, (31, 71): 28, (31, 214): 28, (34, 130): 28, (34, 152): 28, (35, 113): 84, (35, 168): 84, (36, 100): 21, (36, 180): 21, (37, 112): 84, (37, 167): 84, (39, 79): 28, (39, 198): 28, (43, 11): 84, (43, 262): 84, (44, 11): 21, (44, 261): 21, (45, 5): 21, (45, 266): 21, (46, 134): 84, (46, 136): 84, (48, 33): 12, (48, 235): 12, (49, 10): 3, (49, 257): 3, (50, 108): 28, (50, 158): 28, (51, 37): 28, (51, 228): 28, (52, 80): 42, (52, 184): 42, (53, 42): 84, (53, 221): 84, (56, 40): 14, (56, 220): 14, (58, 92): 28, (58, 166): 28, (59, 96): 84, (59, 161): 84, (60, 58): 7, (60, 198): 7, (62, 23): 84, (62, 231): 84, (63, 74): 84, (63, 179): 84, (64, 56): 12, (64, 196): 12, (67, 39): 28, (67, 210): 28, (70, 272): 84, (70, 291): 84, (71, 260): 84, (71, 302): 84, (72, 54): 84, (72, 190): 84, (74, 9): 28, (74, 233): 28, (76, 101): 84, (76, 139): 84, (77, 115): 84, (77, 124): 84, (81, 244): 84, (81, 308): 84, (83, 262): 84, (83, 288): 84, (84, 42): 28, (84, 190): 28, (86, 84): 28, (86, 146): 28, (88, 1): 84, (88, 227): 84, (92, 59): 84, (92, 165): 84, (93, 266): 4, (93, 274): 4, (94, 240): 84, (94, 299): 84, (97, 41): 84, (97, 178): 84, (98, 246): 12, (98, 289): 12, (101, 21): 84, (101, 194): 84, (103, 52): 28, (103, 161): 28, (104, 39): 84, (104, 173): 84, (106, 76): 12, (106, 134): 12, (109, 37): 84, (109, 170): 84, (110, 87): 84, (110, 119): 84, (111, 79): 84, (111, 126): 84, (113, 237): 84, (113, 283): 84, (114, 47): 14, (114, 155): 14, (115, 248): 28, (115, 270): 28, (119, 239): 28, (119, 275): 28, (125, 62): 84, (125, 129): 84, (128, 202): 14, (128, 303): 14, (129, 208): 28, (129, 296): 28, (130, 33): 84, (130, 153): 84, (132, 26): 84, (132, 158): 84, (135, 212): 21, (135, 286): 21, (136, 22): 42, (136, 158): 42, (137, 49): 12, (137, 130): 12, (139, 82): 12, (139, 95): 12, (140, 33): 14, (140, 143): 14, (141, 65): 84, (141, 110): 84, (142, 77): 84, (142, 97): 84, (143, 31): 84, (143, 142): 84, (144, 188): 14, (144, 301): 14, (146, 222): 84, (146, 265): 84, (147, 39): 42, (147, 130): 42, (152, 203): 14, (152, 278): 14, (153, 60): 28, (153, 103): 28, (155, 28): 28, (155, 133): 28, (156, 161): 84, (156, 316): 84, (158, 37): 42, (158, 121): 42, (162, 190): 84, (162, 281): 84, (166, 16): 28, (166, 134): 28, (167, 225): 28, (167, 241): 28, (168, 69): 84, (168, 79): 84, (170, 160): 84, (170, 303): 84, (172, 50): 84, (172, 94): 84, (173, 183): 42, (173, 277): 42, (174, 172): 28, (174, 287): 28, (175, 13): 42, (175, 128): 42, (176, 159): 84, (176, 298): 84, (179, 16): 84, (179, 121): 84, (180, 187): 84, (180, 266): 84, (181, 42): 84, (181, 93): 84, (184, 151): 84, (184, 298): 84, (185, 22): 12, (185, 109): 12, (186, 199): 42, (186, 248): 42, (189, 154): 84, (189, 290): 84, (190, 142): 28, (190, 301): 28, (191, 31): 6, (191, 94): 6, (192, 179): 42, (192, 262): 42, (196, 147): 84, (196, 290): 84, (201, 216): 2, (202, 173): 42, (202, 258): 42, (204, 19): 84, (204, 93): 84, (205, 2): 84, (205, 109): 84, (207, 49): 7, (207, 60): 7, (209, 170): 28, (209, 254): 28, (211, 175): 42, (211, 247): 42, (212, 3): 28, (212, 101): 28, (214, 15): 84, (214, 87): 84, (215, 202): 4, (215, 216): 4, (217, 208): 2, (218, 25): 12, (218, 73): 12, (219, 198): 4, (219, 216): 4, (221, 110): 12, (221, 302): 12, (225, 1): 84, (225, 90): 84, (226, 35): 42, (226, 55): 42, (228, 169): 28, (228, 236): 28, (230, 186): 84, (230, 217): 84, (231, 11): 84, (231, 74): 84, (232, 146): 42, (232, 255): 42, (236, 14): 84, (236, 66): 84, (243, 75): 14, (243, 315): 14, (244, 126): 84, (244, 263): 84, (245, 109): 42, (245, 279): 42, (247, 114): 84, (247, 272): 84, (248, 23): 28, (248, 45): 28, (250, 93): 4, (250, 290): 4, (251, 145): 84, (251, 237): 84, (254, 148): 7, (254, 231): 7, (259, 68): 21, (259, 306): 21, (260, 78): 42, (260, 295): 42, (264, 174): 84, (264, 195): 84, (267, 139): 84, (267, 227): 84, (268, 141): 42, (268, 224): 42, (271, 125): 42, (271, 237): 42, (272, 94): 28, (272, 267): 28, (273, 110): 84, (273, 250): 84, (275, 60): 28, (275, 298): 28, (276, 122): 84, (276, 235): 84, (277, 99): 12, (277, 257): 12, (280, 126): 14, (280, 227): 14, (285, 89): 84, (285, 259): 84, (288, 8): 28, (288, 20): 28, (289, 136): 28, (289, 208): 28, (290, 10): 6, (290, 16): 6, (291, 49): 84, (291, 293): 84, (292, 139): 28, (292, 202): 28, (293, 30): 28, (293, 310): 28, (294, 113): 84, (294, 226): 84, (296, 10): 2, (298, 121): 28, (298, 214): 28, (299, 163): 84, (299, 171): 84, (300, 136): 6, (300, 197): 6, (301, 31): 28, (301, 301): 28, (302, 142): 42, (302, 189): 42, (303, 88): 84, (303, 242): 84, (306, 113): 14, (306, 214): 14, (309, 67): 4, (309, 257): 4, (311, 87): 21, (311, 235): 21, (314, 22): 28, (314, 297): 28, (316, 98): 28, (316, 219): 28}
 
331, 364, True, 7, 52
{'infinity': 1, (0, 79): 91, (0, 251): 91, (1, 111): 364, (1, 218): 364, (2, 38): 364, (2, 290): 364, (3, 65): 14, (3, 262): 14, (5, 94): 26, (5, 231): 26, (6, 35): 364, (6, 289): 364, (8, 103): 182, (8, 219): 182, (9, 16): 364, (9, 305): 364, (10, 94): 364, (10, 226): 364, (14, 0): 91, (14, 316): 91, (15, 75): 13, (15, 240): 13, (17, 133): 7, (17, 180): 7, (19, 98): 364, (19, 213): 364, (20, 1): 91, (20, 309): 91, (21, 131): 91, (21, 178): 91, (22, 13): 364, (22, 295): 364, (34, 124): 28, (34, 172): 28, (36, 39): 52, (36, 255): 52, (37, 16): 182, (37, 277): 182, (38, 104): 364, (38, 188): 364, (41, 25): 364, (41, 264): 364, (42, 57): 91, (42, 231): 91, (43, 1): 91, (43, 286): 91, (45, 8): 91, (45, 277): 91, (47, 100): 91, (47, 183): 91, (48, 117): 91, (48, 165): 91, (49, 21): 52, (49, 260): 52, (51, 61): 364, (51, 218): 364, (54, 122): 364, (54, 154): 364, (55, 303): 2, (56, 107): 182, (56, 167): 182, (58, 13): 364, (58, 259): 364, (59, 299): 182, (59, 303): 182, (61, 49): 91, (61, 220): 91, (63, 109): 364, (63, 158): 364, (64, 69): 182, (64, 197): 182, (65, 127): 364, (65, 138): 364, (67, 48): 28, (67, 215): 28, (68, 14): 364, (68, 248): 364, (74, 266): 91, (74, 321): 91, (77, 65): 14, (77, 188): 14, (78, 69): 364, (78, 183): 364, (82, 268): 364, (82, 311): 364, (84, 45): 364, (84, 201): 364, (85, 52): 13, (85, 193): 13, (87, 14): 28, (87, 229): 28, (88, 21): 91, (88, 221): 91, (90, 97): 364, (90, 143): 364, (92, 85): 364, (92, 153): 364, (93, 101): 364, (93, 136): 364, (96, 48): 364, (96, 186): 364, (102, 230): 364, (102, 329): 364, (103, 74): 364, (103, 153): 364, (107, 44): 364, (107, 179): 364, (109, 235): 91, (109, 317): 91, (110, 5): 364, (110, 215): 364, (111, 272): 182, (111, 278): 182, (112, 60): 52, (112, 158): 52, (114, 98): 364, (114, 118): 364, (115, 8): 364, (115, 207): 364, (116, 84): 364, (116, 130): 364, (118, 268): 364, (118, 275): 364, (124, 37): 91, (124, 169): 91, (127, 87): 364, (127, 116): 364, (132, 261): 182, (132, 268): 182, (135, 202): 91, (135, 324): 91, (137, 40): 182, (137, 153): 182, (138, 81): 26, (138, 111): 26, (139, 239): 182, (139, 283): 182, (141, 241): 364, (141, 279): 364, (144, 219): 14, (144, 298): 14, (145, 252): 364, (145, 264): 364, (146, 251): 182, (146, 264): 182, (149, 250): 182, (149, 262): 182, (151, 64): 182, (151, 115): 182, (153, 88): 364, (153, 89): 364, (154, 30): 52, (154, 146): 52, (155, 215): 182, (155, 291): 182, (156, 0): 364, (156, 174): 364, (157, 15): 91, (157, 158): 91, (159, 205): 182, (159, 297): 182, (162, 0): 364, (162, 168): 364, (164, 224): 182, (164, 273): 182, (165, 10): 26, (165, 155): 26, (167, 223): 52, (167, 271): 52, (169, 48): 26, (169, 113): 26, (171, 73): 364, (171, 86): 364, (172, 8): 364, (172, 150): 364, (173, 7): 182, (173, 150): 182, (177, 14): 91, (177, 139): 91, (178, 155): 26, (178, 328): 26, (179, 163): 182, (179, 319): 182, (180, 219): 91, (180, 262): 91, (182, 164): 182, (182, 315): 182, (183, 26): 364, (183, 121): 364, (184, 17): 364, (184, 129): 364, (186, 224): 182, (186, 251): 182, (188, 32): 364, (188, 110): 364, (190, 69): 364, (190, 71): 364, (192, 17): 364, (192, 121): 364, (193, 26): 364, (193, 111): 364, (194, 176): 182, (194, 291): 182, (195, 21): 364, (195, 114): 364, (196, 184): 182, (196, 281): 182, (197, 214): 52, (197, 250): 52, (199, 33): 182, (199, 98): 182, (200, 149): 52, (200, 312): 52, (201, 148): 91, (201, 312): 91, (202, 140): 364, (202, 319): 364, (204, 163): 91, (204, 294): 91, (205, 211): 7, (205, 245): 7, (207, 183): 364, (207, 271): 364, (209, 169): 364, (209, 283): 364, (211, 36): 13, (211, 83): 13, (212, 192): 91, (212, 257): 91, (213, 214): 364, (213, 234): 364, (214, 203): 364, (214, 244): 364, (217, 188): 364, (217, 256): 364, (218, 140): 91, (218, 303): 91, (219, 114): 364, (219, 328): 364, (222, 217): 26, (222, 222): 26, (223, 206): 364, (223, 232): 364, (224, 20): 91, (224, 86): 91, (226, 190): 182, (226, 245): 182, (228, 44): 91, (228, 58): 91, (229, 191): 28, (229, 241): 28, (230, 179): 364, (230, 252): 364, (232, 184): 182, (232, 245): 182, (234, 202): 182, (234, 225): 182, (235, 184): 91, (235, 242): 91, (238, 147): 91, (238, 276): 91, (241, 141): 182, (241, 279): 182, (243, 140): 364, (243, 278): 364, (247, 186): 364, (247, 228): 364, (249, 114): 182, (249, 298): 182, (250, 134): 182, (250, 277): 182, (251, 5): 182, (251, 74): 182, (252, 13): 7, (252, 65): 7, (253, 194): 91, (253, 214): 91, (259, 181): 364, (259, 221): 364, (260, 193): 52, (260, 208): 52, (262, 87): 364, (262, 312): 364, (263, 27): 364, (263, 40): 364, (265, 76): 364, (265, 320): 364, (266, 67): 364, (266, 328): 364, (268, 86): 28, (268, 307): 28, (269, 1): 13, (269, 60): 13, (270, 93): 91, (270, 298): 91, (271, 161): 91, (271, 229): 91, (274, 87): 182, (274, 300): 182, (277, 157): 364, (277, 227): 364, (280, 163): 182, (280, 218): 182, (281, 101): 52, (281, 279): 52, (282, 60): 52, (282, 319): 52, (285, 145): 182, (285, 231): 182, (286, 16): 364, (286, 28): 364, (287, 17): 91, (287, 26): 91, (288, 121): 91, (288, 252): 91, (289, 101): 91, (289, 271): 91, (293, 127): 13, (293, 241): 13, (294, 165): 182, (294, 202): 182, (295, 70): 364, (295, 296): 364, (298, 59): 364, (298, 304): 364, (300, 11): 182, (300, 19): 182, (302, 5): 364, (302, 23): 364, (305, 127): 364, (305, 229): 364, (306, 170): 364, (306, 185): 364, (309, 74): 52, (309, 278): 52, (312, 91): 364, (312, 258): 364, (313, 124): 91, (313, 224): 91, (314, 56): 91, (314, 291): 91, (315, 63): 364, (315, 283): 364, (316, 124): 52, (316, 221): 52, (317, 94): 364, (317, 250): 364, (318, 150): 4, (318, 193): 4, (320, 155): 13, (320, 186): 13, (321, 165): 182, (321, 175): 182, (324, 24): 91, (324, 313): 91, (326, 156): 182, (326, 179): 182, (328, 44): 364, (328, 289): 364, (329, 43): 91, (329, 289): 91, (330, 162): 28, (330, 169): 28}
 
337, 357, True, 7, 51
{'infinity': 1, (3, 104): 357, (3, 229): 357, (5, 119): 119, (5, 212): 119, (6, 79): 357, (6, 251): 357, (7, 55): 119, (7, 274): 119, (8, 25): 119, (8, 303): 119, (9, 102): 357, (9, 225): 357, (10, 62): 119, (10, 264): 119, (11, 3): 357, (11, 322): 357, (15, 148): 357, (15, 173): 357, (18, 14): 357, (18, 304): 357, (19, 135): 21, (19, 182): 21, (20, 46): 357, (20, 270): 357, (22, 4): 357, (22, 310): 357, (23, 98): 357, (23, 215): 357, (24, 10): 119, (24, 302): 119, (28, 150): 119, (28, 158): 119, (29, 5): 357, (29, 302): 357, (31, 63): 119, (31, 242): 119, (32, 112): 51, (32, 192): 51, (33, 44): 357, (33, 259): 357, (34, 101): 119, (34, 201): 119, (41, 128): 357, (41, 167): 357, (42, 36): 119, (42, 258): 119, (43, 21): 357, (43, 272): 357, (44, 46): 357, (44, 246): 357, (45, 53): 357, (45, 238): 357, (47, 64): 357, (47, 225): 357, (48, 289): 357, (48, 336): 357, (49, 105): 357, (49, 182): 357, (56, 290): 357, (56, 327): 357, (58, 282): 51, (58, 333): 51, (59, 67): 17, (59, 210): 17, (62, 96): 51, (62, 178): 51, (63, 47): 357, (63, 226): 357, (64, 121): 357, (64, 151): 357, (67, 107): 119, (67, 162): 119, (69, 120): 357, (69, 147): 357, (73, 68): 357, (73, 195): 357, (75, 31): 17, (75, 230): 17, (76, 111): 17, (76, 149): 17, (80, 266): 17, (80, 327): 17, (81, 121): 357, (81, 134): 357, (83, 273): 357, (83, 317): 357, (84, 111): 357, (84, 141): 357, (85, 70): 357, (85, 181): 357, (86, 272): 357, (86, 315): 357, (87, 85): 357, (87, 164): 357, (88, 64): 357, (88, 184): 357, (89, 288): 357, (89, 296): 357, (91, 44): 119, (91, 201): 119, (92, 259): 357, (92, 322): 357, (93, 247): 357, (93, 333): 357, (94, 87): 119, (94, 155): 119, (97, 47): 119, (97, 192): 119, (98, 114): 357, (98, 124): 357, (99, 11): 51, (99, 226): 51, (101, 115): 357, (101, 120): 357, (102, 3): 357, (102, 231): 357, (103, 255): 357, (103, 315): 357, (104, 110): 119, (104, 122): 119, (105, 60): 357, (105, 171): 357, (106, 83): 357, (106, 147): 357, (107, 260): 21, (107, 306): 21, (108, 101): 357, (108, 127): 357, (109, 251): 357, (109, 313): 357, (111, 93): 357, (111, 132): 357, (114, 98): 357, (114, 124): 357, (116, 71): 357, (116, 149): 357, (117, 247): 51, (117, 309): 51, (118, 275): 119, (118, 280): 119, (119, 74): 17, (119, 143): 17, (124, 56): 119, (124, 156): 119, (125, 73): 357, (125, 138): 357, (126, 86): 357, (126, 124): 357, (127, 84): 357, (127, 125): 357, (128, 247): 119, (128, 298): 119, (131, 55): 119, (131, 150): 119, (132, 241): 51, (132, 300): 51, (135, 8): 357, (135, 193): 357, (137, 95): 357, (137, 104): 357, (138, 67): 21, (138, 131): 21, (139, 24): 51, (139, 173): 51, (141, 67): 357, (141, 128): 357, (144, 6): 357, (144, 186): 357, (145, 208): 119, (145, 320): 119, (146, 41): 357, (146, 149): 357, (147, 30): 357, (147, 159): 357, (149, 209): 119, (149, 315): 119, (155, 239): 357, (155, 279): 357, (156, 52): 119, (156, 128): 119, (158, 207): 357, (158, 308): 357, (163, 26): 357, (163, 147): 357, (167, 243): 7, (167, 263): 7, (168, 48): 51, (168, 120): 51, (174, 23): 357, (174, 139): 357, (176, 226): 119, (176, 271): 119, (178, 47): 357, (178, 111): 357, (179, 7): 119, (179, 150): 119, (181, 206): 357, (181, 286): 357, (182, 197): 119, (182, 294): 119, (184, 173): 119, (184, 316): 119, (185, 217): 119, (185, 271): 119, (187, 153): 357, (187, 333): 357, (192, 232): 357, (192, 249): 357, (193, 22): 51, (193, 121): 51, (194, 26): 51, (194, 116): 51, (195, 153): 357, (195, 325): 357, (196, 39): 357, (196, 101): 357, (198, 34): 119, (198, 104): 119, (200, 55): 119, (200, 81): 119, (201, 37): 357, (201, 98): 357, (202, 144): 357, (202, 327): 357, (203, 64): 51, (203, 69): 51, (204, 144): 357, (204, 325): 357, (206, 13): 119, (206, 117): 119, (207, 189): 357, (207, 277): 357, (209, 192): 21, (209, 272): 21, (211, 22): 119, (211, 103): 119, (213, 201): 119, (213, 259): 119, (214, 44): 357, (214, 78): 357, (218, 129): 357, (218, 326): 357, (220, 39): 357, (220, 77): 357, (221, 140): 51, (221, 312): 51, (222, 203): 119, (222, 248): 119, (223, 199): 119, (223, 251): 119, (225, 3): 119, (225, 108): 119, (227, 206): 119, (227, 240): 119, (232, 165): 357, (232, 276): 357, (234, 33): 357, (234, 69): 357, (235, 116): 119, (235, 322): 119, (236, 193): 357, (236, 244): 357, (238, 29): 357, (238, 69): 357, (239, 24): 357, (239, 73): 357, (240, 172): 119, (240, 261): 119, (241, 12): 357, (241, 83): 357, (242, 123): 119, (242, 308): 119, (243, 138): 357, (243, 292): 357, (246, 116): 357, (246, 311): 357, (253, 164): 357, (253, 256): 357, (258, 84): 357, (258, 331): 357, (259, 38): 357, (259, 39): 357, (261, 115): 357, (261, 297): 357, (263, 28): 7, (263, 45): 7, (264, 86): 17, (264, 323): 17, (267, 200): 51, (267, 206): 51, (269, 144): 17, (269, 260): 17, (270, 182): 17, (270, 221): 17, (271, 22): 357, (271, 43): 357, (274, 16): 119, (274, 46): 119, (275, 90): 51, (275, 308): 51, (276, 72): 119, (276, 325): 119, (278, 114): 51, (278, 281): 51, (282, 166): 357, (282, 225): 357, (284, 82): 357, (284, 307): 357, (285, 86): 21, (285, 302): 21, (286, 68): 119, (286, 319): 119, (288, 183): 7, (288, 202): 7, (289, 168): 21, (289, 216): 21, (290, 84): 119, (290, 299): 119, (293, 153): 119, (293, 227): 119, (297, 15): 119, (297, 24): 119, (299, 114): 357, (299, 260): 357, (302, 106): 357, (302, 265): 357, (304, 176): 357, (304, 193): 357, (305, 180): 357, (305, 188): 357, (307, 138): 119, (307, 228): 119, (308, 145): 3, (308, 220): 3, (311, 73): 119, (311, 289): 119, (313, 115): 119, (313, 245): 119, (314, 88): 119, (314, 271): 119, (316, 68): 357, (316, 289): 357, (318, 26): 357, (318, 329): 357, (323, 49): 51, (323, 301): 51, (325, 1): 357, (325, 10): 357, (326, 0): 357, (326, 10): 357, (328, 83): 357, (328, 262): 357, (330, 59): 357, (330, 284): 357, (335, 164): 357, (335, 174): 357}
 
347, 336, True, 14, 24
{'infinity': 1, (0, 73): 112, (0, 273): 112, (6, 35): 168, (6, 305): 168, (7, 132): 8, (7, 207): 8, (8, 8): 84, (8, 330): 84, (10, 156): 56, (10, 180): 56, (12, 103): 336, (12, 231): 336, (15, 42): 112, (15, 289): 112, (19, 51): 168, (19, 276): 168, (20, 53): 336, (20, 273): 336, (23, 134): 168, (23, 189): 168, (24, 157): 336, (24, 165): 336, (25, 90): 336, (25, 231): 336, (26, 35): 24, (26, 285): 24, (27, 132): 56, (27, 187): 56, (28, 107): 336, (28, 211): 336, (32, 29): 28, (32, 285): 28, (34, 136): 84, (34, 176): 84, (35, 313): 56, (35, 345): 56, (36, 126): 336, (36, 184): 336, (39, 8): 112, (39, 299): 112, (40, 18): 112, (40, 288): 112, (51, 77): 28, (51, 218): 28, (53, 299): 112, (53, 341): 112, (56, 113): 7, (56, 177): 7, (58, 19): 28, (58, 269): 28, (60, 116): 48, (60, 170): 48, (63, 141): 84, (63, 142): 84, (64, 67): 336, (64, 215): 336, (68, 93): 112, (68, 185): 112, (69, 52): 56, (69, 225): 56, (70, 10): 112, (70, 266): 112, (71, 32): 336, (71, 243): 336, (75, 66): 21, (75, 205): 21, (77, 77): 336, (77, 192): 336, (78, 48): 336, (78, 220): 336, (79, 18): 168, (79, 249): 168, (80, 66): 112, (80, 200): 112, (85, 55): 84, (85, 206): 84, (86, 16): 84, (86, 244): 84, (87, 31): 336, (87, 228): 336, (90, 62): 112, (90, 194): 112, (91, 289): 84, (91, 313): 84, (92, 281): 336, (92, 320): 336, (93, 10): 168, (93, 243): 168, (94, 266): 14, (94, 333): 14, (99, 123): 168, (99, 124): 168, (100, 50): 168, (100, 196): 168, (103, 1): 112, (103, 242): 112, (104, 71): 336, (104, 171): 336, (107, 246): 336, (107, 340): 336, (109, 56): 24, (109, 181): 24, (110, 70): 336, (110, 166): 336, (111, 48): 21, (111, 187): 21, (112, 20): 336, (112, 214): 336, (115, 50): 336, (115, 181): 336, (116, 23): 112, (116, 207): 112, (119, 4): 21, (119, 223): 21, (121, 51): 14, (121, 174): 14, (124, 41): 336, (124, 181): 336, (125, 94): 21, (125, 127): 21, (130, 44): 48, (130, 172): 48, (131, 232): 42, (131, 330): 42, (133, 50): 336, (133, 163): 336, (135, 241): 42, (135, 317): 42, (137, 52): 84, (137, 157): 84, (140, 274): 168, (140, 279): 168, (141, 245): 336, (141, 307): 336, (142, 52): 168, (142, 152): 168, (143, 73): 84, (143, 130): 84, (144, 64): 336, (144, 138): 336, (145, 97): 112, (145, 104): 112, (148, 7): 16, (148, 191): 16, (150, 38): 4, (150, 158): 4, (159, 48): 16, (159, 139): 16, (160, 81): 168, (160, 105): 168, (166, 21): 336, (166, 159): 336, (170, 227): 336, (170, 296): 336, (177, 36): 168, (177, 133): 168, (178, 54): 168, (178, 114): 168, (180, 236): 56, (180, 277): 56, (181, 22): 336, (181, 143): 336, (183, 208): 336, (183, 302): 336, (184, 243): 112, (184, 266): 112, (185, 10): 336, (185, 151): 336, (186, 5): 48, (186, 155): 48, (187, 2): 16, (187, 157): 16, (189, 58): 28, (189, 99): 28, (193, 66): 336, (193, 87): 336, (194, 37): 112, (194, 115): 112, (196, 227): 112, (196, 270): 112, (197, 248): 2, (199, 151): 336, (199, 343): 336, (200, 37): 84, (200, 109): 84, (201, 155): 168, (201, 337): 168, (204, 183): 112, (204, 306): 112, (205, 68): 48, (205, 73): 48, (208, 51): 168, (208, 87): 168, (209, 154): 84, (209, 330): 84, (210, 187): 168, (210, 296): 168, (211, 40): 12, (211, 95): 12, (212, 188): 336, (212, 293): 336, (215, 27): 336, (215, 104): 336, (216, 222): 336, (216, 255): 336, (217, 7): 48, (217, 122): 48, (218, 33): 336, (218, 95): 336, (219, 234): 16, (219, 240): 16, (220, 49): 336, (220, 77): 336, (221, 182): 48, (221, 290): 48, (222, 158): 168, (222, 313): 168, (225, 207): 112, (225, 261): 112, (229, 18): 48, (229, 99): 48, (231, 169): 56, (231, 293): 56, (233, 197): 56, (233, 263): 56, (238, 33): 336, (238, 75): 336, (239, 33): 56, (239, 74): 56, (242, 162): 336, (242, 289): 336, (243, 127): 24, (243, 323): 24, (249, 191): 84, (249, 253): 84, (250, 133): 42, (250, 310): 42, (252, 148): 336, (252, 293): 336, (253, 2): 168, (253, 91): 168, (255, 2): 336, (255, 89): 336, (256, 138): 28, (256, 299): 28, (258, 24): 84, (258, 64): 84, (259, 96): 112, (259, 338): 112, (261, 1): 42, (261, 84): 42, (263, 39): 336, (263, 44): 336, (265, 163): 336, (265, 265): 336, (266, 95): 112, (266, 332): 112, (267, 23): 112, (267, 56): 112, (268, 133): 56, (268, 292): 56, (271, 88): 42, (271, 334): 42, (277, 99): 336, (277, 317): 336, (280, 131): 168, (280, 282): 168, (281, 199): 336, (281, 213): 336, (283, 93): 112, (283, 317): 112, (286, 178): 168, (286, 229): 168, (290, 118): 168, (290, 285): 168, (292, 107): 168, (292, 294): 168, (293, 64): 112, (293, 336): 112, (294, 87): 112, (294, 312): 112, (295, 138): 336, (295, 260): 336, (297, 163): 14, (297, 233): 14, (298, 191): 336, (298, 204): 336, (301, 8): 336, (301, 37): 336, (302, 0): 21, (302, 44): 21, (308, 155): 112, (308, 230): 112, (311, 151): 3, (311, 231): 3, (312, 11): 56, (312, 23): 56, (313, 177): 56, (313, 203): 56, (314, 132): 28, (314, 247): 28, (315, 82): 336, (315, 296): 336, (316, 35): 21, (316, 342): 21, (317, 167): 168, (317, 209): 168, (318, 61): 56, (318, 314): 56, (319, 56): 336, (319, 318): 336, (323, 158): 168, (323, 212): 168, (326, 177): 8, (326, 190): 8, (327, 127): 168, (327, 239): 168, (328, 92): 24, (328, 273): 24, (329, 137): 6, (329, 227): 6, (330, 7): 12, (330, 9): 12, (331, 1): 336, (331, 14): 336, (335, 104): 42, (335, 254): 42, (339, 153): 336, (339, 201): 336, (343, 86): 48, (343, 264): 48, (344, 93): 7, (344, 256): 7, (346, 110): 7, (346, 237): 7}
 
349, 336, False, 112, 3
{'infinity': 1, (3, 29): 56, (3, 316): 56, (7, 17): 56, (7, 324): 56, (9, 15): 56, (9, 324): 56, (10, 127): 28, (10, 211): 28, (13, 65): 84, (13, 270): 84, (15, 146): 168, (15, 187): 168, (18, 84): 56, (18, 246): 56, (22, 35): 28, (22, 291): 28, (25, 95): 56, (25, 228): 56, (26, 8): 168, (26, 314): 168, (27, 96): 14, (27, 225): 14, (30, 149): 168, (30, 169): 168, (34, 28): 84, (34, 286): 84, (35, 141): 168, (35, 172): 168, (37, 101): 56, (37, 210): 56, (38, 16): 28, (38, 294): 28, (40, 151): 84, (40, 157): 84, (42, 23): 168, (42, 283): 168, (45, 139): 168, (45, 164): 168, (50, 143): 168, (50, 155): 168, (51, 40): 56, (51, 257): 56, (52, 139): 42, (52, 157): 42, (53, 36): 24, (53, 259): 24, (56, 35): 7, (56, 257): 7, (59, 109): 168, (59, 180): 168, (61, 82): 14, (61, 205): 14, (62, 308): 56, (62, 327): 56, (63, 72): 168, (63, 213): 168, (66, 75): 42, (66, 207): 42, (67, 45): 28, (67, 236): 28, (69, 299): 14, (69, 329): 14, (70, 69): 42, (70, 209): 42, (72, 10): 168, (72, 266): 168, (73, 89): 84, (73, 186): 84, (74, 308): 56, (74, 315): 56, (76, 47): 7, (76, 225): 7, (77, 299): 8, (77, 321): 8, (78, 94): 168, (78, 176): 168, (81, 19): 84, (81, 248): 84, (84, 302): 56, (84, 311): 56, (86, 124): 56, (86, 138): 56, (89, 32): 56, (89, 227): 56, (93, 68): 168, (93, 187): 168, (97, 266): 42, (97, 334): 42, (98, 32): 14, (98, 218): 14, (99, 28): 42, (99, 221): 42, (102, 65): 24, (102, 181): 24, (103, 289): 84, (103, 305): 84, (105, 269): 4, (105, 323): 4, (106, 108): 42, (106, 134): 42, (107, 108): 168, (107, 133): 168, (108, 92): 28, (108, 148): 28, (109, 67): 168, (109, 172): 168, (111, 63): 42, (111, 174): 42, (112, 80): 168, (112, 156): 168, (113, 259): 6, (113, 325): 6, (116, 288): 42, (116, 293): 42, (118, 269): 14, (118, 310): 14, (120, 0): 8, (120, 228): 8, (121, 29): 14, (121, 198): 14, (122, 286): 84, (122, 289): 84, (123, 56): 84, (123, 169): 84, (124, 234): 12, (124, 339): 12, (125, 283): 21, (125, 289): 21, (126, 58): 168, (126, 164): 168, (127, 269): 28, (127, 301): 28, (132, 21): 168, (132, 195): 168, (135, 275): 84, (135, 287): 84, (136, 8): 168, (136, 204): 168, (137, 103): 168, (137, 108): 168, (139, 99): 168, (139, 110): 168, (140, 30): 84, (140, 178): 84, (143, 213): 21, (143, 341): 21, (144, 213): 24, (144, 340): 24, (149, 232): 14, (149, 316): 14, (153, 264): 56, (153, 280): 56, (154, 211): 14, (154, 332): 14, (157, 223): 168, (157, 317): 168, (159, 268): 168, (159, 270): 168, (161, 62): 168, (161, 125): 168, (163, 32): 56, (163, 153): 56, (165, 70): 42, (165, 113): 42, (175, 33): 42, (175, 140): 42, (176, 249): 84, (176, 272): 84, (177, 243): 84, (177, 277): 84, (178, 249): 168, (178, 270): 168, (179, 5): 84, (179, 164): 84, (181, 250): 168, (181, 266): 168, (182, 31): 42, (182, 135): 42, (183, 231): 168, (183, 283): 168, (184, 254): 24, (184, 259): 24, (186, 211): 28, (186, 300): 28, (188, 8): 12, (188, 152): 12, (190, 185): 12, (190, 322): 12, (191, 253): 2, (192, 38): 84, (192, 118): 84, (193, 44): 168, (193, 111): 168, (194, 217): 42, (194, 286): 42, (197, 169): 24, (197, 331): 24, (198, 183): 56, (198, 316): 56, (199, 12): 56, (199, 137): 56, (201, 217): 168, (201, 279): 168, (202, 219): 168, (202, 276): 168, (204, 194): 56, (204, 299): 56, (205, 228): 7, (205, 264): 7, (206, 172): 42, (206, 319): 42, (207, 34): 84, (207, 107): 84, (208, 167): 42, (208, 322): 42, (209, 25): 168, (209, 114): 168, (214, 175): 14, (214, 308): 14, (217, 28): 84, (217, 103): 84, (218, 4): 84, (218, 126): 84, (221, 44): 168, (221, 83): 168, (222, 144): 42, (222, 331): 42, (223, 232): 56, (223, 242): 56, (226, 29): 56, (226, 93): 56, (227, 43): 42, (227, 78): 42, (231, 0): 8, (231, 117): 8, (232, 46): 21, (232, 70): 21, (233, 201): 3, (233, 263): 3, (235, 48): 168, (235, 65): 168, (236, 128): 42, (236, 333): 42, (237, 119): 168, (237, 341): 168, (242, 187): 21, (242, 268): 21, (243, 197): 56, (243, 257): 56, (246, 204): 168, (246, 247): 168, (247, 225): 2, (248, 105): 42, (248, 344): 42, (250, 6): 56, (250, 92): 56, (252, 42): 168, (252, 54): 168, (253, 139): 168, (253, 305): 168, (254, 182): 168, (254, 261): 168, (258, 157): 84, (258, 282): 84, (261, 133): 84, (261, 303): 84, (265, 2): 56, (265, 81): 56, (267, 1): 84, (267, 80): 84, (272, 35): 28, (272, 41): 28, (275, 192): 168, (275, 230): 168, (277, 24): 4, (277, 47): 4, (278, 77): 28, (278, 342): 28, (280, 86): 168, (280, 331): 168, (281, 132): 56, (281, 284): 56, (284, 88): 6, (284, 325): 6, (285, 19): 12, (285, 44): 12, (286, 138): 28, (286, 273): 28, (289, 73): 168, (289, 335): 168, (296, 55): 24, (296, 346): 24, (298, 131): 24, (298, 268): 24, (301, 74): 84, (301, 322): 84, (302, 70): 6, (302, 325): 6, (304, 176): 168, (304, 217): 168, (307, 72): 84, (307, 318): 84, (309, 143): 84, (309, 245): 84, (317, 176): 21, (317, 204): 21, (319, 37): 168, (319, 341): 168, (320, 80): 168, (320, 297): 168, (324, 64): 168, (324, 309): 168, (327, 138): 56, (327, 232): 56, (329, 72): 168, (329, 296): 168, (331, 133): 24, (331, 233): 24, (333, 19): 21, (333, 345): 21, (334, 39): 28, (334, 324): 28, (339, 11): 84, (339, 347): 84, (340, 143): 168, (340, 214): 168, (341, 92): 8, (341, 264): 8, (343, 49): 168, (343, 305): 168, (345, 103): 168, (345, 249): 168, (346, 47): 28, (346, 304): 28, (348, 0): 2}
 
353, 378, True, 63, 6
{'infinity': 1, (1, 59): 3, (1, 292): 3, (5, 84): 378, (5, 263): 378, (9, 87): 378, (9, 256): 378, (10, 15): 189, (10, 327): 189, (11, 49): 126, (11, 292): 126, (12, 100): 27, (12, 240): 27, (13, 142): 189, (13, 197): 189, (15, 42): 54, (15, 295): 54, (17, 25): 189, (17, 310): 189, (23, 332): 189, (23, 350): 189, (24, 9): 189, (24, 319): 189, (25, 107): 63, (25, 220): 63, (28, 81): 18, (28, 243): 18, (31, 149): 63, (31, 172): 63, (32, 108): 378, (32, 212): 378, (33, 61): 189, (33, 258): 189, (34, 25): 189, (34, 293): 189, (36, 107): 378, (36, 209): 378, (39, 15): 378, (39, 298): 378, (42, 155): 2, (46, 50): 21, (46, 256): 21, (47, 41): 126, (47, 264): 126, (50, 121): 63, (50, 181): 63, (56, 55): 378, (56, 241): 378, (60, 87): 189, (60, 205): 189, (62, 50): 378, (62, 240): 378, (63, 46): 189, (63, 243): 189, (64, 109): 189, (64, 179): 189, (69, 115): 378, (69, 168): 378, (71, 305): 189, (71, 329): 189, (74, 108): 189, (74, 170): 189, (76, 102): 189, (76, 174): 189, (77, 297): 189, (77, 331): 189, (78, 112): 63, (78, 162): 63, (83, 122): 63, (83, 147): 63, (84, 34): 189, (84, 234): 189, (87, 118): 378, (87, 147): 378, (88, 22): 189, (88, 242): 189, (90, 111): 378, (90, 151): 378, (91, 269): 63, (91, 345): 63, (92, 92): 189, (92, 168): 189, (95, 35): 378, (95, 222): 378, (98, 52): 378, (98, 202): 378, (100, 74): 189, (100, 178): 189, (101, 121): 378, (101, 130): 378, (103, 123): 189, (103, 126): 189, (104, 275): 6, (104, 326): 6, (105, 74): 378, (105, 173): 378, (106, 118): 27, (106, 128): 27, (108, 272): 42, (108, 325): 42, (109, 111): 14, (109, 132): 14, (110, 260): 27, (110, 335): 27, (111, 272): 378, (111, 322): 378, (114, 56): 63, (114, 182): 63, (116, 24): 14, (116, 212): 14, (117, 100): 378, (117, 135): 378, (119, 239): 378, (119, 347): 378, (121, 31): 126, (121, 200): 126, (123, 49): 189, (123, 180): 189, (124, 71): 63, (124, 157): 63, (126, 252): 63, (126, 327): 63, (127, 79): 126, (127, 146): 126, (128, 229): 21, (128, 348): 21, (132, 276): 126, (132, 297): 126, (133, 22): 189, (133, 197): 189, (135, 272): 27, (135, 298): 27, (137, 10): 378, (137, 205): 378, (140, 8): 189, (140, 204): 189, (141, 62): 63, (141, 149): 63, (144, 41): 378, (144, 167): 378, (145, 263): 378, (145, 297): 378, (147, 60): 378, (147, 145): 378, (149, 74): 378, (149, 129): 378, (150, 12): 126, (150, 190): 126, (151, 18): 189, (151, 183): 189, (152, 28): 42, (152, 172): 42, (154, 78): 378, (154, 120): 378, (155, 86): 189, (155, 111): 189, (156, 261): 378, (156, 288): 378, (157, 205): 18, (157, 343): 18, (159, 9): 378, (159, 184): 378, (160, 39): 42, (160, 153): 42, (161, 73): 378, (161, 118): 378, (162, 231): 189, (162, 312): 189, (163, 41): 189, (163, 148): 189, (164, 13): 27, (164, 175): 27, (166, 262): 378, (166, 277): 378, (168, 185): 14, (168, 352): 14, (169, 29): 63, (169, 154): 63, (170, 68): 189, (170, 114): 189, (171, 9): 126, (171, 172): 126, (175, 6): 378, (175, 171): 378, (176, 17): 378, (176, 159): 378, (178, 40): 63, (178, 134): 63, (180, 227): 378, (180, 298): 378, (182, 21): 21, (182, 149): 21, (184, 21): 378, (184, 147): 378, (188, 75): 189, (188, 89): 189, (189, 176): 378, (189, 340): 378, (193, 168): 126, (193, 344): 126, (194, 203): 63, (194, 308): 63, (198, 206): 189, (198, 301): 189, (199, 1): 7, (199, 152): 7, (200, 36): 378, (200, 116): 378, (201, 65): 9, (201, 86): 9, (203, 28): 378, (203, 121): 378, (204, 238): 27, (204, 263): 27, (205, 148): 126, (205, 352): 126, (206, 212): 189, (206, 287): 189, (208, 197): 7, (208, 300): 7, (209, 153): 189, (209, 343): 189, (210, 53): 189, (210, 89): 189, (213, 54): 189, (213, 85): 189, (216, 152): 126, (216, 337): 126, (218, 160): 189, (218, 327): 189, (219, 38): 189, (219, 95): 189, (220, 49): 378, (220, 83): 378, (225, 27): 126, (225, 100): 126, (226, 10): 189, (226, 116): 189, (230, 166): 189, (230, 309): 189, (231, 44): 189, (231, 77): 189, (232, 165): 54, (232, 308): 54, (233, 207): 63, (233, 265): 63, (234, 143): 378, (234, 328): 378, (236, 43): 189, (236, 73): 189, (238, 210): 21, (238, 257): 21, (241, 40): 126, (241, 71): 126, (244, 184): 54, (244, 277): 54, (246, 50): 378, (246, 56): 378, (247, 133): 54, (247, 325): 54, (248, 108): 18, (248, 349): 18, (249, 206): 9, (249, 250): 9, (250, 132): 54, (250, 323): 54, (253, 201): 378, (253, 251): 378, (256, 164): 54, (256, 285): 54, (258, 171): 378, (258, 276): 378, (259, 185): 27, (259, 261): 27, (260, 206): 189, (260, 239): 189, (261, 3): 378, (261, 88): 378, (263, 199): 378, (263, 243): 378, (265, 17): 189, (265, 70): 189, (266, 17): 54, (266, 69): 54, (267, 123): 21, (267, 315): 21, (270, 94): 54, (270, 341): 54, (274, 171): 9, (274, 260): 9, (280, 185): 378, (280, 240): 378, (281, 116): 378, (281, 308): 378, (283, 189): 378, (283, 233): 378, (285, 87): 126, (285, 333): 126, (286, 97): 189, (286, 322): 189, (288, 24): 42, (288, 40): 42, (289, 126): 42, (289, 290): 42, (291, 188): 378, (291, 226): 378, (292, 152): 126, (292, 261): 126, (293, 107): 378, (293, 305): 378, (297, 131): 189, (297, 277): 189, (299, 150): 378, (299, 256): 378, (301, 122): 189, (301, 282): 189, (303, 24): 21, (303, 25): 21, (304, 184): 63, (304, 217): 63, (305, 15): 378, (305, 32): 378, (307, 162): 189, (307, 236): 189, (309, 89): 63, (309, 307): 63, (310, 73): 126, (310, 322): 126, (312, 112): 27, (312, 281): 27, (315, 126): 54, (315, 264): 54, (317, 112): 189, (317, 276): 189, (320, 161): 378, (320, 224): 378, (322, 162): 189, (322, 221): 189, (323, 122): 27, (323, 260): 27, (325, 4): 189, (325, 23): 189, (327, 125): 189, (327, 253): 189, (328, 138): 42, (328, 239): 42, (330, 101): 7, (330, 274): 7, (333, 81): 126, (333, 291): 126, (334, 19): 63, (334, 352): 63, (337, 123): 189, (337, 245): 189, (338, 153): 378, (338, 214): 378, (339, 148): 378, (339, 218): 378, (341, 21): 378, (341, 343): 378, (342, 71): 126, (342, 292): 126, (343, 57): 378, (343, 305): 378, (344, 10): 126, (344, 351): 126, (345, 96): 189, (345, 264): 189, (346, 81): 63, (346, 278): 63, (347, 56): 378, (347, 302): 378, (348, 132): 189, (348, 225): 189, (351, 86): 189, (351, 268): 189, (352, 28): 189, (352, 325): 189}
 
359, 336, True, 14, 24
{'infinity': 1, (1, 70): 42, (1, 287): 42, (4, 23): 112, (4, 331): 112, (5, 64): 84, (5, 289): 84, (8, 29): 168, (8, 321): 168, (9, 34): 336, (9, 315): 336, (11, 36): 336, (11, 311): 336, (13, 153): 168, (13, 192): 168, (14, 59): 336, (14, 285): 336, (15, 161): 24, (15, 182): 24, (18, 165): 336, (18, 175): 336, (20, 136): 168, (20, 202): 168, (21, 87): 112, (21, 250): 112, (24, 104): 12, (24, 230): 12, (25, 56): 336, (25, 277): 336, (32, 37): 28, (32, 289): 28, (33, 136): 168, (33, 189): 168, (34, 123): 14, (34, 201): 14, (36, 131): 336, (36, 191): 336, (38, 18): 84, (38, 302): 84, (39, 147): 48, (39, 172): 48, (42, 11): 336, (42, 305): 336, (43, 325): 4, (43, 349): 4, (44, 104): 336, (44, 210): 336, (50, 137): 336, (50, 171): 336, (53, 328): 16, (53, 336): 16, (54, 100): 336, (54, 204): 336, (55, 20): 168, (55, 283): 168, (57, 142): 168, (57, 159): 168, (59, 319): 48, (59, 339): 48, (60, 321): 48, (60, 336): 48, (61, 2): 336, (61, 295): 336, (67, 80): 112, (67, 211): 112, (68, 27): 21, (68, 263): 21, (69, 323): 336, (69, 325): 336, (71, 311): 56, (71, 335): 56, (75, 98): 42, (75, 185): 42, (81, 107): 21, (81, 170): 21, (84, 70): 56, (84, 204): 56, (85, 77): 168, (85, 196): 168, (87, 49): 112, (87, 222): 112, (90, 113): 168, (90, 155): 168, (93, 14): 42, (93, 251): 42, (97, 108): 112, (97, 153): 112, (100, 26): 336, (100, 232): 336, (101, 29): 336, (101, 228): 336, (103, 26): 168, (103, 229): 168, (104, 74): 56, (104, 180): 56, (106, 20): 84, (106, 232): 84, (107, 73): 336, (107, 178): 336, (108, 274): 84, (108, 335): 84, (109, 8): 48, (109, 241): 48, (112, 27): 336, (112, 219): 336, (113, 121): 336, (113, 124): 336, (114, 113): 84, (114, 131): 84, (115, 82): 84, (115, 161): 84, (116, 42): 168, (116, 200): 168, (118, 257): 14, (118, 342): 14, (120, 62): 336, (120, 176): 336, (121, 290): 168, (121, 306): 168, (122, 65): 336, (122, 171): 336, (123, 278): 48, (123, 316): 48, (127, 260): 168, (127, 330): 168, (131, 277): 28, (131, 309): 28, (132, 235): 21, (132, 350): 21, (134, 242): 24, (134, 341): 24, (137, 227): 16, (137, 353): 16, (139, 11): 336, (139, 208): 336, (143, 256): 168, (143, 318): 168, (145, 12): 168, (145, 201): 168, (146, 72): 336, (146, 140): 336, (147, 105): 21, (147, 106): 21, (150, 19): 336, (150, 189): 336, (151, 15): 336, (151, 192): 336, (152, 43): 168, (152, 163): 168, (153, 279): 168, (153, 285): 168, (154, 232): 112, (154, 331): 112, (156, 89): 56, (156, 113): 56, (157, 26): 112, (157, 175): 112, (158, 5): 336, (158, 195): 336, (159, 30): 24, (159, 169): 24, (170, 78): 56, (170, 110): 56, (171, 239): 42, (171, 307): 42, (177, 189): 112, (177, 351): 112, (178, 54): 336, (178, 126): 336, (179, 11): 84, (179, 168): 84, (180, 27): 112, (180, 151): 112, (181, 201): 168, (181, 335): 168, (183, 236): 21, (183, 298): 21, (185, 175): 168, (185, 357): 168, (188, 171): 8, (188, 358): 8, (189, 231): 16, (189, 297): 16, (193, 239): 112, (193, 285): 112, (196, 192): 336, (196, 329): 336, (197, 220): 168, (197, 300): 168, (199, 20): 56, (199, 139): 56, (202, 184): 28, (202, 331): 28, (203, 156): 28, (203, 358): 28, (204, 236): 336, (204, 277): 336, (210, 17): 112, (210, 131): 112, (212, 195): 168, (212, 310): 168, (214, 69): 112, (214, 75): 112, (216, 3): 168, (216, 139): 168, (222, 204): 336, (222, 291): 336, (227, 206): 336, (227, 284): 336, (230, 161): 56, (230, 326): 56, (231, 9): 112, (231, 118): 112, (234, 212): 16, (234, 271): 16, (235, 164): 112, (235, 318): 112, (239, 17): 56, (239, 102): 56, (240, 231): 112, (240, 246): 112, (243, 130): 336, (243, 344): 336, (247, 134): 6, (247, 336): 6, (248, 144): 336, (248, 325): 336, (249, 4): 7, (249, 105): 7, (250, 153): 336, (250, 314): 336, (251, 29): 112, (251, 78): 112, (253, 158): 168, (253, 306): 168, (255, 115): 168, (255, 347): 168, (257, 205): 112, (257, 255): 112, (260, 25): 336, (260, 73): 336, (262, 45): 336, (262, 51): 336, (265, 33): 28, (265, 60): 28, (268, 8): 48, (268, 82): 48, (269, 169): 112, (269, 279): 112, (270, 17): 112, (270, 71): 112, (272, 180): 8, (272, 265): 8, (273, 6): 336, (273, 79): 336, (275, 13): 24, (275, 70): 24, (276, 89): 48, (276, 352): 48, (278, 128): 336, (278, 311): 336, (279, 187): 28, (279, 251): 28, (285, 94): 56, (285, 338): 56, (286, 197): 21, (286, 234): 21, (287, 89): 336, (287, 341): 336, (288, 167): 336, (288, 262): 336, (290, 196): 56, (290, 231): 56, (291, 169): 336, (291, 257): 336, (292, 104): 112, (292, 321): 112, (293, 121): 336, (293, 303): 336, (296, 176): 336, (296, 245): 336, (297, 141): 336, (297, 279): 336, (298, 78): 112, (298, 341): 112, (299, 152): 84, (299, 266): 84, (303, 176): 56, (303, 238): 56, (304, 139): 84, (304, 274): 84, (305, 85): 112, (305, 327): 112, (307, 136): 7, (307, 274): 7, (310, 150): 336, (310, 257): 336, (312, 57): 336, (312, 348): 336, (313, 121): 168, (313, 283): 168, (321, 92): 42, (321, 304): 42, (323, 105): 3, (323, 289): 3, (328, 31): 56, (328, 358): 56, (329, 7): 42, (329, 22): 42, (330, 123): 336, (330, 264): 336, (332, 149): 336, (332, 236): 336, (334, 97): 112, (334, 286): 112, (336, 82): 336, (336, 299): 336, (341, 58): 336, (341, 318): 336, (342, 8): 2, (343, 180): 7, (343, 194): 7, (344, 177): 84, (344, 196): 84, (345, 66): 84, (345, 306): 84, (347, 119): 84, (347, 251): 84, (349, 173): 112, (349, 195): 112, (351, 83): 12, (351, 283): 12, (352, 73): 14, (352, 292): 14, (355, 123): 48, (355, 239): 48}
 
367, 385, True, 7, 55
{'infinity': 1, (0, 160): 385, (0, 206): 385, (1, 10): 385, (1, 355): 385, (2, 145): 77, (2, 219): 77, (3, 133): 385, (3, 230): 385, (4, 174): 385, (4, 188): 385, (5, 95): 385, (5, 266): 385, (6, 72): 385, (6, 288): 385, (8, 137): 385, (8, 221): 385, (9, 178): 385, (9, 179): 385, (10, 143): 385, (10, 213): 385, (11, 160): 55, (11, 195): 55, (13, 147): 385, (13, 206): 385, (15, 159): 385, (15, 192): 385, (17, 66): 385, (17, 283): 385, (20, 165): 385, (20, 181): 385, (22, 23): 35, (22, 321): 35, (27, 116): 385, (27, 223): 385, (30, 51): 385, (30, 285): 385, (32, 124): 385, (32, 210): 385, (34, 109): 385, (34, 223): 385, (35, 338): 385, (35, 360): 385, (39, 126): 385, (39, 201): 385, (40, 71): 385, (40, 255): 385, (43, 88): 385, (43, 235): 385, (45, 26): 385, (45, 295): 385, (47, 81): 385, (47, 238): 385, (50, 108): 385, (50, 208): 385, (52, 24): 77, (52, 290): 77, (53, 149): 385, (53, 164): 385, (54, 46): 385, (54, 266): 385, (56, 337): 385, (56, 340): 385, (59, 20): 385, (59, 287): 385, (60, 29): 55, (60, 277): 55, (62, 87): 35, (62, 217): 35, (63, 62): 385, (63, 241): 385, (64, 93): 11, (64, 209): 11, (67, 126): 77, (67, 173): 77, (68, 53): 77, (68, 245): 77, (69, 59): 385, (69, 238): 385, (70, 32): 385, (70, 264): 385, (71, 85): 77, (71, 210): 77, (73, 295): 385, (73, 365): 385, (74, 27): 385, (74, 265): 385, (77, 122): 55, (77, 167): 55, (79, 36): 385, (79, 251): 385, (82, 40): 385, (82, 244): 385, (84, 63): 11, (84, 219): 11, (86, 320): 385, (86, 327): 385, (92, 113): 55, (92, 161): 55, (93, 111): 55, (93, 162): 55, (95, 119): 35, (95, 152): 35, (96, 86): 11, (96, 184): 11, (102, 100): 55, (102, 164): 55, (103, 85): 385, (103, 178): 385, (107, 108): 385, (107, 151): 385, (109, 13): 385, (109, 244): 385, (112, 87): 5, (112, 167): 5, (114, 64): 385, (114, 188): 385, (115, 34): 55, (115, 217): 55, (118, 90): 77, (118, 158): 77, (120, 54): 385, (120, 192): 385, (121, 31): 35, (121, 214): 35, (124, 66): 385, (124, 176): 385, (125, 12): 385, (125, 229): 385, (128, 101): 385, (128, 137): 385, (129, 58): 11, (129, 179): 11, (130, 20): 385, (130, 216): 385, (131, 5): 77, (131, 230): 77, (132, 235): 385, (132, 366): 385, (134, 41): 385, (134, 191): 385, (135, 250): 385, (135, 348): 385, (136, 102): 385, (136, 128): 385, (137, 292): 55, (137, 304): 55, (138, 10): 385, (138, 218): 385, (141, 27): 385, (141, 198): 385, (143, 241): 55, (143, 349): 55, (144, 17): 385, (144, 205): 385, (146, 278): 385, (146, 309): 385, (149, 232): 55, (149, 352): 55, (150, 272): 55, (150, 311): 55, (152, 19): 385, (152, 195): 385, (153, 27): 385, (153, 186): 385, (155, 280): 385, (155, 298): 385, (157, 268): 385, (157, 308): 385, (158, 276): 77, (158, 299): 77, (160, 271): 35, (160, 302): 35, (162, 241): 385, (162, 330): 385, (166, 267): 385, (166, 300): 385, (167, 233): 35, (167, 333): 35, (171, 236): 385, (171, 326): 385, (176, 273): 35, (176, 284): 35, (177, 244): 385, (177, 312): 385, (179, 20): 55, (179, 167): 55, (180, 14): 77, (180, 172): 77, (183, 215): 385, (183, 335): 385, (184, 75): 5, (184, 107): 5, (185, 254): 55, (185, 294): 55, (186, 89): 385, (186, 91): 385, (187, 243): 77, (187, 303): 77, (191, 217): 385, (191, 325): 385, (193, 235): 385, (193, 305): 385, (194, 85): 35, (194, 87): 35, (196, 15): 385, (196, 155): 385, (197, 263): 55, (197, 273): 55, (198, 228): 385, (198, 307): 385, (200, 172): 77, (200, 361): 77, (205, 195): 385, (205, 333): 385, (211, 47): 77, (211, 108): 77, (212, 44): 77, (212, 110): 77, (213, 164): 385, (213, 356): 385, (215, 189): 35, (215, 329): 35, (222, 60): 77, (222, 84): 77, (227, 66): 77, (227, 73): 77, (229, 10): 385, (229, 127): 385, (230, 179): 385, (230, 324): 385, (232, 137): 385, (232, 364): 385, (233, 192): 385, (233, 308): 385, (234, 230): 385, (234, 269): 385, (238, 25): 55, (238, 103): 55, (239, 132): 385, (239, 362): 385, (240, 52): 385, (240, 74): 385, (241, 242): 55, (241, 250): 55, (243, 144): 385, (243, 346): 385, (248, 216): 77, (248, 269): 77, (249, 44): 385, (249, 73): 385, (250, 188): 77, (250, 295): 77, (252, 238): 385, (252, 243): 385, (253, 211): 385, (253, 269): 385, (254, 183): 385, (254, 296): 385, (256, 178): 77, (256, 299): 77, (258, 177): 77, (258, 298): 77, (259, 34): 385, (259, 73): 385, (261, 205): 385, (261, 267): 385, (262, 126): 385, (262, 345): 385, (263, 234): 77, (263, 236): 77, (264, 198): 385, (264, 271): 385, (265, 210): 385, (265, 258): 385, (266, 101): 77, (266, 366): 77, (273, 182): 385, (273, 278): 385, (274, 44): 385, (274, 48): 385, (275, 5): 385, (275, 86): 385, (277, 12): 11, (277, 77): 11, (282, 219): 77, (282, 232): 77, (286, 16): 385, (286, 64): 385, (287, 97): 385, (287, 349): 385, (288, 11): 77, (288, 67): 77, (290, 111): 55, (290, 332): 55, (292, 94): 385, (292, 347): 385, (296, 194): 35, (296, 243): 35, (301, 196): 385, (301, 236): 385, (304, 197): 385, (304, 232): 385, (305, 79): 385, (305, 349): 385, (307, 203): 77, (307, 223): 77, (308, 158): 385, (308, 267): 385, (309, 158): 385, (309, 266): 385, (311, 151): 385, (311, 271): 385, (316, 139): 385, (316, 278): 385, (317, 151): 35, (317, 265): 35, (318, 93): 77, (318, 322): 77, (319, 190): 385, (319, 224): 385, (321, 113): 77, (321, 299): 77, (322, 113): 385, (322, 298): 385, (323, 123): 55, (323, 287): 55, (325, 2): 77, (325, 39): 77, (326, 42): 77, (326, 365): 77, (328, 185): 385, (328, 220): 385, (329, 5): 385, (329, 32): 385, (330, 198): 385, (330, 205): 385, (333, 12): 385, (333, 21): 385, (335, 64): 385, (335, 334): 385, (336, 32): 385, (336, 365): 385, (337, 30): 385, (337, 366): 385, (339, 56): 385, (339, 338): 385, (341, 101): 385, (341, 291): 385, (344, 124): 385, (344, 265): 385, (345, 80): 55, (345, 308): 55, (346, 68): 385, (346, 319): 385, (348, 43): 385, (348, 342): 385, (349, 78): 7, (349, 306): 7, (351, 69): 77, (351, 313): 77, (352, 111): 55, (352, 270): 55, (353, 93): 7, (353, 287): 7, (354, 96): 385, (354, 283): 385, (355, 172): 77, (355, 206): 77, (357, 160): 385, (357, 216): 385, (359, 124): 35, (359, 250): 35, (361, 34): 7, (361, 338): 7, (362, 98): 385, (362, 273): 385, (363, 37): 385, (363, 333): 385, (364, 86): 385, (364, 283): 385, (365, 156): 385, (365, 212): 385, (366, 130): 385, (366, 237): 385}
 
373, 392, True, 7, 56
{'infinity': 1, (1, 86): 392, (1, 285): 392, (3, 78): 392, (3, 291): 392, (5, 88): 196, (5, 279): 196, (8, 31): 49, (8, 333): 49, (9, 54): 196, (9, 309): 196, (10, 133): 392, (10, 229): 392, (11, 60): 196, (11, 301): 196, (12, 71): 392, (12, 289): 392, (13, 83): 392, (13, 276): 392, (14, 144): 392, (14, 214): 392, (23, 171): 392, (23, 178): 392, (24, 101): 392, (24, 247): 392, (25, 33): 392, (25, 314): 392, (26, 130): 98, (26, 216): 98, (28, 137): 98, (28, 207): 98, (29, 147): 196, (29, 196): 196, (30, 103): 28, (30, 239): 28, (31, 14): 392, (31, 327): 392, (32, 37): 28, (32, 303): 28, (34, 8): 392, (34, 330): 392, (38, 68): 392, (38, 266): 392, (39, 97): 392, (39, 236): 392, (41, 126): 49, (41, 205): 49, (42, 148): 392, (42, 182): 392, (44, 329): 7, (44, 372): 7, (45, 148): 49, (45, 179): 49, (46, 105): 392, (46, 221): 392, (48, 339): 196, (48, 358): 196, (51, 346): 56, (51, 348): 56, (52, 125): 392, (52, 195): 392, (53, 45): 196, (53, 274): 196, (54, 24): 196, (54, 294): 196, (55, 65): 392, (55, 252): 392, (56, 81): 49, (56, 235): 49, (57, 344): 2, (61, 65): 98, (61, 246): 98, (63, 103): 392, (63, 206): 392, (67, 22): 98, (67, 283): 98, (69, 107): 49, (69, 196): 49, (73, 51): 49, (73, 248): 49, (74, 129): 196, (74, 169): 196, (76, 315): 392, (76, 354): 392, (77, 54): 392, (77, 241): 392, (79, 116): 196, (79, 177): 196, (81, 104): 392, (81, 187): 392, (83, 315): 392, (83, 347): 392, (85, 75): 98, (85, 212): 98, (88, 42): 196, (88, 242): 196, (89, 130): 392, (89, 153): 392, (90, 76): 392, (90, 206): 392, (91, 115): 56, (91, 166): 56, (95, 36): 196, (95, 241): 196, (96, 134): 98, (96, 142): 98, (100, 81): 56, (100, 191): 56, (105, 31): 196, (105, 236): 196, (106, 307): 14, (106, 332): 14, (108, 45): 28, (108, 219): 28, (109, 40): 196, (109, 223): 196, (110, 30): 392, (110, 232): 392, (111, 128): 392, (111, 133): 392, (114, 112): 56, (114, 146): 56, (117, 127): 392, (117, 128): 392, (120, 277): 28, (120, 348): 28, (122, 49): 392, (122, 201): 392, (124, 99): 392, (124, 149): 392, (126, 37): 392, (126, 209): 392, (127, 10): 28, (127, 235): 28, (128, 102): 196, (128, 142): 196, (129, 250): 8, (129, 366): 8, (131, 244): 56, (131, 370): 56, (132, 19): 196, (132, 221): 196, (133, 281): 392, (133, 331): 392, (135, 53): 392, (135, 184): 392, (139, 279): 392, (139, 327): 392, (143, 68): 196, (143, 161): 196, (144, 16): 49, (144, 212): 49, (145, 15): 98, (145, 212): 98, (146, 98): 98, (146, 128): 98, (147, 259): 196, (147, 339): 196, (150, 80): 196, (150, 142): 196, (153, 292): 392, (153, 300): 392, (156, 2): 392, (156, 214): 392, (157, 55): 14, (157, 160): 14, (158, 59): 196, (158, 155): 196, (159, 41): 56, (159, 172): 56, (162, 285): 392, (162, 298): 392, (163, 239): 196, (163, 343): 196, (168, 210): 196, (168, 367): 196, (169, 35): 196, (169, 168): 196, (173, 34): 98, (173, 165): 98, (177, 73): 49, (177, 122): 49, (179, 227): 49, (179, 339): 49, (181, 239): 49, (181, 325): 49, (183, 211): 392, (183, 351): 392, (185, 23): 392, (185, 164): 392, (186, 249): 392, (186, 310): 392, (187, 85): 4, (187, 100): 4, (191, 235): 196, (191, 319): 196, (192, 85): 392, (192, 95): 392, (193, 68): 56, (193, 111): 56, (195, 215): 28, (195, 335): 28, (196, 221): 392, (196, 328): 392, (202, 241): 392, (202, 302): 392, (203, 194): 56, (203, 348): 56, (204, 214): 196, (204, 327): 196, (207, 170): 392, (207, 368): 392, (208, 5): 392, (208, 159): 392, (210, 56): 196, (210, 106): 196, (211, 249): 98, (211, 285): 98, (213, 45): 98, (213, 114): 98, (214, 188): 392, (214, 343): 392, (215, 215): 196, (215, 315): 196, (216, 37): 392, (216, 119): 392, (218, 73): 392, (218, 81): 392, (220, 157): 49, (220, 368): 49, (221, 206): 98, (221, 318): 98, (222, 174): 98, (222, 349): 98, (224, 237): 392, (224, 284): 392, (225, 159): 392, (225, 361): 392, (226, 227): 7, (226, 292): 7, (230, 236): 56, (230, 279): 56, (239, 13): 392, (239, 120): 392, (241, 143): 196, (241, 361): 196, (244, 245): 392, (244, 256): 392, (245, 172): 392, (245, 328): 392, (248, 13): 392, (248, 111): 392, (249, 160): 14, (249, 336): 14, (250, 197): 392, (250, 298): 392, (253, 133): 196, (253, 359): 196, (254, 156): 392, (254, 335): 392, (255, 11): 49, (255, 106): 49, (257, 56): 392, (257, 59): 392, (258, 49): 392, (258, 65): 392, (259, 130): 392, (259, 356): 392, (260, 13): 98, (260, 99): 98, (261, 31): 196, (261, 80): 196, (262, 170): 392, (262, 313): 392, (265, 220): 98, (265, 260): 98, (266, 217): 49, (266, 262): 49, (267, 155): 49, (267, 323): 49, (269, 110): 392, (269, 366): 392, (271, 140): 8, (271, 334): 8, (274, 161): 98, (274, 310): 98, (275, 226): 56, (275, 244): 56, (276, 196): 196, (276, 273): 196, (278, 170): 98, (278, 297): 98, (279, 186): 392, (279, 280): 392, (280, 36): 56, (280, 56): 56, (281, 103): 392, (281, 361): 392, (282, 106): 196, (282, 357): 196, (283, 146): 49, (283, 316): 49, (284, 18): 392, (284, 70): 392, (285, 93): 392, (285, 367): 392, (287, 148): 392, (287, 310): 392, (288, 30): 392, (288, 54): 392, (289, 150): 392, (289, 306): 392, (292, 98): 98, (292, 355): 98, (294, 84): 392, (294, 367): 392, (298, 112): 392, (298, 335): 392, (299, 175): 392, (299, 271): 392, (306, 111): 196, (306, 328): 196, (308, 74): 196, (308, 363): 196, (309, 98): 49, (309, 338): 49, (311, 200): 196, (311, 234): 196, (312, 64): 392, (312, 369): 392, (314, 159): 98, (314, 272): 98, (315, 118): 98, (315, 312): 98, (317, 145): 392, (317, 283): 392, (318, 4): 49, (318, 50): 49, (320, 57): 392, (320, 368): 392, (322, 155): 196, (322, 268): 196, (326, 154): 392, (326, 265): 392, (328, 135): 392, (328, 282): 392, (330, 161): 196, (330, 254): 196, (332, 59): 392, (332, 354): 392, (333, 125): 56, (333, 287): 56, (334, 46): 392, (334, 365): 392, (335, 112): 196, (335, 298): 196, (336, 80): 49, (336, 329): 49, (337, 193): 98, (337, 215): 98, (339, 52): 196, (339, 354): 196, (341, 160): 7, (341, 244): 7, (342, 176): 49, (342, 227): 49, (343, 172): 196, (343, 230): 196, (349, 30): 196, (349, 366): 196, (350, 146): 392, (350, 249): 392, (352, 73): 392, (352, 320): 392, (357, 131): 196, (357, 257): 196, (358, 94): 392, (358, 293): 392, (362, 125): 196, (362, 258): 196, (363, 99): 392, (363, 283): 392, (366, 0): 49, (366, 6): 49, (367, 49): 49, (367, 329): 49, (368, 85): 392, (368, 292): 392, (370, 32): 392, (370, 343): 392, (372, 36): 392, (372, 337): 392}
 
379, 343, True, 7, 49
{'infinity': 1, (7, 161): 343, (7, 210): 343, (11, 71): 343, (11, 296): 343, (12, 148): 343, (12, 218): 343, (15, 75): 343, (15, 288): 343, (19, 3): 7, (19, 356): 7, (20, 15): 343, (20, 343): 343, (24, 361): 343, (24, 372): 343, (26, 17): 343, (26, 335): 343, (27, 148): 343, (27, 203): 343, (30, 111): 343, (30, 237): 343, (31, 120): 343, (31, 227): 343, (32, 56): 49, (32, 290): 49, (34, 64): 49, (34, 280): 49, (35, 47): 343, (35, 296): 343, (36, 47): 343, (36, 295): 343, (37, 153): 343, (37, 188): 343, (42, 164): 343, (42, 172): 343, (47, 10): 343, (47, 321): 343, (52, 90): 343, (52, 236): 343, (57, 49): 343, (57, 272): 343, (58, 114): 343, (58, 206): 343, (63, 121): 343, (63, 194): 343, (66, 128): 343, (66, 184): 343, (68, 341): 343, (68, 348): 343, (69, 41): 343, (69, 268): 343, (72, 319): 343, (72, 366): 343, (84, 99): 49, (84, 195): 49, (87, 294): 343, (87, 376): 343, (88, 14): 343, (88, 276): 343, (89, 295): 343, (89, 373): 343, (91, 110): 49, (91, 177): 49, (92, 309): 343, (92, 356): 343, (94, 85): 343, (94, 199): 343, (95, 84): 49, (95, 199): 49, (96, 111): 343, (96, 171): 343, (98, 64): 343, (98, 216): 343, (105, 276): 343, (105, 376): 343, (106, 294): 343, (106, 357): 343, (107, 40): 343, (107, 231): 343, (110, 116): 343, (110, 152): 343, (115, 287): 343, (115, 355): 343, (116, 23): 7, (116, 239): 7, (117, 106): 343, (117, 155): 343, (118, 54): 343, (118, 206): 343, (119, 317): 343, (119, 321): 343, (120, 280): 343, (120, 357): 343, (121, 105): 343, (121, 152): 343, (123, 283): 49, (123, 351): 49, (124, 84): 343, (124, 170): 343, (126, 56): 343, (126, 196): 343, (131, 277): 343, (131, 349): 343, (132, 4): 343, (132, 242): 343, (133, 48): 343, (133, 197): 343, (135, 40): 49, (135, 203): 49, (138, 40): 343, (138, 200): 343, (139, 299): 343, (139, 319): 343, (144, 16): 343, (144, 218): 343, (149, 77): 343, (149, 152): 343, (152, 102): 343, (152, 124): 343, (153, 49): 343, (153, 176): 343, (154, 246): 343, (154, 357): 343, (157, 32): 343, (157, 189): 343, (158, 63): 343, (158, 157): 343, (160, 254): 343, (160, 343): 343, (161, 84): 343, (161, 133): 343, (163, 265): 343, (163, 329): 343, (164, 253): 49, (164, 340): 49, (165, 238): 343, (165, 354): 343, (166, 22): 343, (166, 190): 343, (168, 285): 343, (168, 304): 343, (169, 269): 343, (169, 319): 343, (170, 49): 343, (170, 159): 343, (174, 57): 49, (174, 147): 49, (177, 92): 343, (177, 109): 343, (178, 240): 343, (178, 339): 343, (179, 95): 343, (179, 104): 343, (180, 59): 343, (180, 139): 343, (184, 208): 343, (184, 365): 343, (185, 1): 343, (185, 192): 343, (187, 276): 343, (187, 294): 343, (188, 193): 343, (188, 376): 343, (191, 199): 343, (191, 367): 343, (193, 252): 49, (193, 312): 49, (194, 35): 343, (194, 149): 343, (200, 214): 343, (200, 343): 343, (202, 217): 343, (202, 338): 343, (204, 206): 343, (204, 347): 343, (205, 30): 343, (205, 143): 343, (210, 42): 49, (210, 126): 49, (211, 248): 343, (211, 298): 343, (213, 251): 343, (213, 293): 343, (214, 222): 343, (214, 321): 343, (218, 203): 343, (218, 336): 343, (221, 45): 343, (221, 112): 343, (222, 56): 343, (222, 100): 343, (224, 218): 343, (224, 315): 343, (226, 251): 343, (226, 280): 343, (228, 1): 343, (228, 149): 343, (230, 160): 49, (230, 367): 49, (231, 46): 343, (231, 101): 343, (232, 66): 343, (232, 80): 343, (234, 36): 343, (234, 108): 343, (237, 63): 343, (237, 78): 343, (241, 212): 343, (241, 304): 343, (242, 226): 343, (242, 289): 343, (244, 26): 7, (244, 108): 7, (247, 241): 343, (247, 269): 343, (248, 64): 343, (248, 66): 343, (250, 252): 343, (250, 255): 343, (251, 233): 343, (251, 273): 343, (253, 204): 343, (253, 300): 343, (254, 13): 343, (254, 111): 343, (255, 207): 343, (255, 295): 343, (261, 182): 343, (261, 314): 343, (262, 242): 343, (262, 253): 343, (263, 209): 49, (263, 285): 49, (265, 20): 343, (265, 93): 343, (266, 178): 343, (266, 313): 343, (269, 132): 343, (269, 356): 343, (272, 193): 343, (272, 292): 343, (273, 126): 343, (273, 358): 343, (276, 126): 343, (276, 355): 343, (279, 33): 343, (279, 66): 343, (281, 108): 343, (281, 368): 343, (282, 129): 343, (282, 346): 343, (283, 134): 343, (283, 340): 343, (284, 22): 343, (284, 72): 343, (286, 189): 343, (286, 282): 343, (290, 183): 343, (290, 284): 343, (294, 19): 343, (294, 65): 343, (297, 195): 343, (297, 265): 343, (298, 11): 49, (298, 69): 49, (299, 193): 49, (299, 265): 49, (300, 130): 343, (300, 327): 343, (303, 211): 343, (303, 243): 343, (307, 141): 343, (307, 309): 343, (309, 22): 343, (309, 47): 343, (312, 105): 343, (312, 340): 343, (315, 184): 49, (315, 258): 49, (316, 189): 343, (316, 252): 343, (319, 106): 343, (319, 332): 343, (320, 186): 343, (320, 251): 343, (323, 106): 49, (323, 328): 49, (326, 105): 343, (326, 326): 343, (327, 167): 343, (327, 263): 343, (328, 144): 343, (328, 285): 343, (330, 171): 343, (330, 256): 343, (333, 171): 343, (333, 253): 343, (334, 127): 49, (334, 296): 49, (336, 174): 343, (336, 247): 343, (337, 149): 343, (337, 271): 343, (338, 52): 343, (338, 367): 343, (339, 121): 343, (339, 297): 343, (341, 148): 343, (341, 268): 343, (343, 145): 343, (343, 269): 343, (346, 1): 49, (346, 31): 49, (349, 140): 343, (349, 268): 343, (350, 103): 343, (350, 304): 343, (352, 169): 343, (352, 236): 343, (355, 166): 49, (355, 236): 49, (356, 37): 49, (356, 364): 49, (357, 121): 343, (357, 279): 343, (360, 88): 343, (360, 309): 343, (364, 63): 343, (364, 330): 343, (365, 150): 343, (365, 242): 343, (368, 34): 343, (368, 355): 343, (372, 97): 343, (372, 288): 343, (375, 161): 343, (375, 221): 343, (376, 58): 343, (376, 323): 343, (377, 161): 343, (377, 219): 343, (378, 184): 343, (378, 195): 343}
 
383, 406, True, 7, 58
{'infinity': 1, (0, 1): 203, (0, 381): 203, (1, 28): 203, (1, 353): 203, (2, 48): 203, (2, 332): 203, (4, 99): 406, (4, 279): 406, (6, 110): 406, (6, 266): 406, (7, 77): 406, (7, 298): 406, (9, 103): 406, (9, 270): 406, (10, 91): 58, (10, 281): 58, (14, 109): 203, (14, 259): 203, (17, 173): 203, (17, 192): 203, (18, 372): 14, (18, 375): 14, (20, 57): 203, (20, 305): 203, (21, 63): 203, (21, 298): 203, (24, 153): 203, (24, 205): 203, (25, 73): 406, (25, 284): 406, (27, 62): 406, (27, 293): 406, (28, 71): 203, (28, 283): 203, (29, 35): 203, (29, 318): 203, (30, 160): 203, (30, 192): 203, (32, 90): 203, (32, 260): 203, (34, 0): 203, (34, 348): 203, (35, 22): 203, (35, 325): 203, (36, 143): 406, (36, 203): 406, (37, 74): 406, (37, 271): 406, (40, 46): 406, (40, 296): 406, (45, 34): 203, (45, 303): 203, (46, 343): 406, (46, 376): 406, (47, 122): 203, (47, 213): 203, (48, 74): 203, (48, 260): 203, (50, 137): 406, (50, 195): 406, (51, 47): 203, (51, 284): 203, (53, 164): 203, (53, 165): 203, (55, 79): 203, (55, 248): 203, (56, 335): 203, (56, 374): 203, (57, 120): 203, (57, 205): 203, (59, 150): 406, (59, 173): 406, (60, 10): 7, (60, 312): 7, (63, 348): 203, (63, 354): 203, (64, 336): 406, (64, 365): 406, (65, 35): 406, (65, 282): 406, (66, 36): 203, (66, 280): 203, (67, 124): 406, (67, 191): 406, (68, 137): 58, (68, 177): 58, (73, 55): 406, (73, 254): 406, (74, 57): 406, (74, 251): 406, (76, 96): 203, (76, 210): 203, (78, 28): 406, (78, 276): 406, (79, 315): 203, (79, 371): 203, (80, 62): 203, (80, 240): 203, (81, 337): 406, (81, 347): 406, (83, 131): 406, (83, 168): 406, (88, 321): 203, (88, 356): 203, (91, 49): 203, (91, 242): 203, (92, 309): 406, (92, 364): 406, (94, 78): 203, (94, 210): 203, (95, 59): 406, (95, 228): 406, (96, 327): 203, (96, 342): 203, (98, 289): 406, (98, 378): 406, (99, 294): 406, (99, 372): 406, (106, 29): 203, (106, 247): 203, (111, 99): 406, (111, 172): 406, (112, 8): 29, (112, 262): 29, (113, 93): 406, (113, 176): 406, (114, 276): 203, (114, 375): 203, (116, 47): 203, (116, 219): 203, (118, 11): 406, (118, 253): 406, (119, 4): 406, (119, 259): 406, (120, 293): 7, (120, 352): 7, (121, 117): 203, (121, 144): 203, (123, 90): 203, (123, 169): 203, (125, 266): 406, (125, 374): 406, (126, 14): 203, (126, 242): 203, (127, 3): 406, (127, 252): 406, (129, 280): 203, (129, 356): 203, (130, 30): 406, (130, 222): 406, (132, 115): 29, (132, 135): 29, (133, 281): 29, (133, 351): 29, (134, 63): 203, (134, 185): 203, (135, 272): 406, (135, 358): 406, (138, 15): 406, (138, 229): 406, (142, 0): 406, (142, 240): 406, (143, 249): 406, (143, 373): 406, (144, 110): 406, (144, 128): 406, (147, 12): 406, (147, 223): 406, (148, 102): 58, (148, 132): 58, (149, 86): 406, (149, 147): 406, (153, 282): 406, (153, 330): 406, (154, 87): 406, (154, 141): 406, (155, 296): 406, (155, 314): 406, (159, 270): 203, (159, 336): 203, (161, 268): 406, (161, 336): 406, (162, 240): 58, (162, 363): 58, (163, 107): 406, (163, 112): 406, (164, 279): 203, (164, 322): 203, (166, 282): 203, (166, 317): 203, (167, 242): 29, (167, 356): 29, (172, 247): 203, (172, 346): 203, (174, 285): 29, (174, 306): 29, (176, 92): 203, (176, 114): 203, (179, 64): 58, (179, 139): 58, (180, 39): 406, (180, 163): 406, (183, 21): 406, (183, 178): 406, (186, 239): 58, (186, 340): 58, (187, 1): 406, (187, 194): 406, (189, 280): 203, (189, 296): 203, (190, 220): 58, (190, 355): 58, (191, 24): 203, (191, 167): 203, (192, 276): 406, (192, 297): 406, (196, 225): 203, (196, 344): 203, (197, 1): 406, (197, 184): 406, (203, 188): 406, (203, 374): 406, (205, 269): 14, (205, 291): 14, (208, 0): 406, (208, 174): 406, (209, 218): 406, (209, 338): 406, (210, 217): 406, (210, 338): 406, (211, 277): 2, (213, 24): 203, (213, 145): 203, (214, 210): 203, (214, 341): 203, (216, 270): 406, (216, 279): 406, (217, 47): 203, (217, 118): 203, (218, 50): 203, (218, 114): 203, (229, 63): 203, (229, 90): 203, (230, 33): 203, (230, 119): 203, (233, 215): 406, (233, 317): 406, (234, 38): 203, (234, 110): 203, (236, 167): 203, (236, 362): 203, (237, 235): 58, (237, 293): 58, (238, 187): 203, (238, 340): 203, (239, 204): 203, (239, 322): 203, (241, 243): 58, (241, 281): 58, (242, 21): 203, (242, 119): 203, (243, 12): 203, (243, 127): 203, (244, 246): 406, (244, 275): 406, (247, 38): 203, (247, 97): 203, (248, 198): 406, (248, 319): 406, (250, 138): 406, (250, 377): 406, (251, 255): 406, (251, 259): 406, (252, 138): 406, (252, 375): 406, (253, 246): 29, (253, 266): 29, (255, 225): 406, (255, 285): 406, (261, 197): 203, (261, 307): 203, (263, 141): 406, (263, 361): 406, (265, 138): 29, (265, 362): 29, (266, 137): 203, (266, 362): 203, (267, 126): 29, (267, 372): 29, (269, 14): 7, (269, 99): 7, (270, 246): 406, (270, 249): 406, (276, 158): 29, (276, 331): 29, (277, 43): 406, (277, 62): 406, (278, 161): 203, (278, 326): 203, (281, 117): 406, (281, 367): 406, (283, 113): 203, (283, 369): 203, (284, 195): 203, (284, 286): 203, (286, 38): 29, (286, 58): 29, (287, 130): 203, (287, 348): 203, (289, 6): 406, (289, 87): 406, (290, 35): 406, (290, 57): 406, (292, 93): 203, (292, 380): 203, (295, 119): 29, (295, 351): 29, (299, 9): 14, (299, 74): 14, (302, 231): 406, (302, 232): 406, (303, 205): 203, (303, 257): 203, (304, 201): 203, (304, 260): 203, (305, 28): 406, (305, 49): 406, (306, 81): 406, (306, 378): 406, (308, 173): 406, (308, 284): 406, (310, 32): 406, (310, 40): 406, (314, 179): 203, (314, 272): 203, (315, 68): 406, (315, 382): 406, (316, 224): 58, (316, 225): 58, (317, 125): 406, (317, 323): 406, (318, 175): 406, (318, 272): 406, (321, 17): 29, (321, 44): 29, (322, 181): 406, (322, 262): 406, (324, 87): 203, (324, 354): 203, (327, 136): 203, (327, 302): 203, (329, 70): 406, (329, 366): 406, (333, 170): 406, (333, 262): 406, (337, 192): 29, (337, 236): 29, (338, 142): 406, (338, 285): 406, (339, 75): 29, (339, 351): 29, (340, 167): 203, (340, 258): 203, (342, 19): 406, (342, 21): 406, (343, 82): 406, (343, 340): 406, (344, 45): 203, (344, 376): 203, (345, 61): 203, (345, 359): 203, (348, 79): 203, (348, 338): 203, (350, 141): 203, (350, 274): 203, (354, 162): 203, (354, 249): 203, (356, 111): 58, (356, 298): 58, (357, 51): 203, (357, 357): 203, (362, 93): 406, (362, 310): 406, (363, 24): 203, (363, 378): 203, (364, 79): 203, (364, 322): 203, (365, 117): 406, (365, 283): 406, (367, 134): 406, (367, 264): 406, (368, 80): 58, (368, 317): 58, (371, 49): 58, (371, 345): 58, (372, 14): 203, (372, 379): 203, (373, 114): 203, (373, 278): 203, (374, 108): 406, (374, 283): 406, (377, 12): 58, (377, 376): 58, (380, 31): 203, (380, 354): 203}
 
389, 392, True, 7, 56
{'infinity': 1, (1, 6): 49, (1, 381): 49, (3, 96): 49, (3, 289): 49, (4, 137): 196, (4, 247): 196, (5, 166): 196, (5, 217): 196, (6, 113): 392, (6, 269): 392, (8, 2): 196, (8, 378): 196, (10, 21): 98, (10, 357): 98, (15, 51): 392, (15, 322): 392, (17, 171): 392, (17, 200): 392, (18, 69): 392, (18, 301): 392, (20, 120): 196, (20, 248): 196, (21, 55): 49, (21, 312): 49, (22, 132): 28, (22, 234): 28, (23, 375): 392, (23, 379): 392, (26, 146): 56, (26, 216): 56, (29, 74): 196, (29, 285): 196, (30, 25): 49, (30, 333): 49, (31, 48): 392, (31, 309): 392, (34, 170): 392, (34, 184): 392, (35, 29): 14, (35, 324): 14, (37, 69): 196, (37, 282): 196, (38, 24): 392, (38, 326): 392, (39, 99): 392, (39, 250): 392, (40, 354): 392, (40, 383): 392, (41, 159): 49, (41, 188): 49, (43, 74): 56, (43, 271): 56, (46, 47): 56, (46, 295): 56, (47, 40): 392, (47, 301): 392, (48, 127): 4, (48, 213): 4, (52, 43): 49, (52, 293): 49, (53, 148): 392, (53, 187): 392, (55, 76): 392, (55, 257): 392, (56, 109): 392, (56, 223): 392, (58, 56): 98, (58, 274): 98, (61, 115): 28, (61, 212): 28, (63, 350): 392, (63, 364): 392, (64, 54): 392, (64, 270): 392, (65, 39): 196, (65, 284): 196, (66, 36): 56, (66, 286): 56, (69, 107): 392, (69, 212): 392, (70, 46): 392, (70, 272): 392, (72, 22): 196, (72, 294): 196, (73, 341): 392, (73, 363): 392, (79, 14): 196, (79, 295): 196, (80, 327): 392, (80, 370): 392, (82, 133): 56, (82, 173): 56, (83, 58): 196, (83, 247): 196, (84, 123): 14, (84, 181): 14, (85, 71): 392, (85, 232): 392, (86, 24): 196, (86, 278): 196, (93, 316): 392, (93, 368): 392, (94, 43): 392, (94, 251): 392, (96, 14): 56, (96, 278): 56, (97, 323): 392, (97, 357): 392, (98, 94): 392, (98, 196): 392, (99, 71): 392, (99, 218): 392, (102, 47): 392, (102, 239): 392, (103, 137): 392, (103, 148): 392, (104, 287): 196, (104, 386): 196, (105, 324): 392, (105, 348): 392, (108, 323): 392, (108, 346): 392, (109, 99): 392, (109, 180): 392, (118, 37): 196, (118, 233): 196, (119, 124): 49, (119, 145): 49, (120, 51): 392, (120, 217): 392, (122, 5): 49, (122, 261): 49, (123, 0): 392, (123, 265): 392, (127, 322): 392, (127, 328): 392, (128, 42): 196, (128, 218): 196, (129, 57): 196, (129, 202): 196, (131, 64): 196, (131, 193): 196, (133, 100): 49, (133, 155): 49, (134, 95): 392, (134, 159): 392, (135, 300): 392, (135, 342): 392, (137, 252): 392, (137, 388): 392, (138, 296): 196, (138, 343): 196, (139, 4): 392, (139, 245): 392, (141, 118): 392, (141, 129): 392, (143, 50): 392, (143, 195): 392, (145, 302): 392, (145, 330): 392, (150, 46): 392, (150, 192): 392, (151, 68): 392, (151, 169): 392, (152, 92): 392, (152, 144): 392, (153, 310): 98, (153, 314): 98, (154, 33): 49, (154, 201): 49, (155, 6): 28, (155, 227): 28, (159, 280): 8, (159, 338): 8, (160, 308): 196, (160, 309): 196, (162, 255): 392, (162, 360): 392, (163, 7): 392, (163, 218): 392, (165, 44): 56, (165, 179): 56, (167, 91): 392, (167, 130): 392, (168, 35): 98, (168, 185): 98, (170, 46): 49, (170, 172): 49, (171, 281): 392, (171, 325): 392, (173, 285): 56, (173, 319): 56, (177, 77): 196, (177, 134): 196, (178, 21): 196, (178, 189): 196, (180, 80): 196, (180, 128): 196, (185, 269): 98, (185, 323): 98, (186, 34): 196, (186, 168): 196, (188, 285): 392, (188, 304): 392, (193, 210): 392, (193, 374): 392, (195, 62): 196, (195, 131): 196, (199, 269): 392, (199, 309): 392, (200, 85): 98, (200, 103): 98, (202, 21): 196, (202, 165): 196, (204, 215): 196, (204, 358): 196, (206, 71): 196, (206, 111): 196, (208, 278): 392, (208, 291): 392, (209, 194): 392, (209, 374): 392, (215, 14): 392, (215, 159): 392, (217, 263): 98, (217, 297): 98, (219, 209): 98, (219, 349): 98, (220, 12): 98, (220, 156): 98, (222, 52): 392, (222, 114): 392, (227, 230): 392, (227, 320): 392, (230, 73): 196, (230, 85): 196, (234, 6): 196, (234, 148): 196, (236, 203): 392, (236, 338): 392, (239, 9): 196, (239, 140): 196, (242, 47): 98, (242, 99): 98, (243, 67): 14, (243, 78): 14, (244, 43): 56, (244, 101): 56, (245, 70): 98, (245, 73): 98, (248, 207): 49, (248, 322): 49, (250, 203): 392, (250, 324): 392, (251, 35): 7, (251, 102): 7, (255, 51): 196, (255, 82): 196, (256, 208): 98, (256, 313): 98, (260, 212): 392, (260, 305): 392, (263, 207): 392, (263, 307): 392, (264, 168): 392, (264, 345): 392, (265, 217): 392, (265, 295): 392, (266, 24): 56, (266, 98): 56, (267, 41): 49, (267, 80): 49, (268, 207): 392, (268, 302): 392, (269, 253): 28, (269, 255): 28, (271, 52): 392, (271, 65): 392, (272, 228): 49, (272, 277): 49, (279, 16): 8, (279, 93): 8, (280, 125): 196, (280, 372): 196, (281, 199): 196, (281, 297): 196, (283, 137): 392, (283, 357): 392, (286, 50): 98, (286, 52): 98, (288, 179): 98, (288, 310): 98, (290, 197): 49, (290, 290): 49, (291, 206): 98, (291, 280): 98, (292, 142): 98, (292, 343): 98, (293, 203): 196, (293, 281): 196, (295, 152): 392, (295, 330): 392, (297, 240): 2, (298, 95): 49, (298, 384): 49, (300, 129): 392, (300, 348): 392, (303, 227): 49, (303, 247): 49, (304, 11): 196, (304, 73): 196, (310, 192): 196, (310, 275): 196, (311, 231): 392, (311, 235): 392, (315, 181): 56, (315, 281): 56, (318, 74): 392, (318, 385): 392, (319, 192): 392, (319, 266): 392, (321, 227): 196, (321, 229): 196, (322, 121): 98, (322, 334): 98, (325, 151): 49, (325, 301): 49, (326, 179): 392, (326, 272): 392, (329, 168): 392, (329, 280): 392, (332, 80): 196, (332, 365): 196, (333, 104): 196, (333, 340): 196, (335, 69): 392, (335, 373): 392, (338, 129): 7, (338, 310): 7, (339, 108): 49, (339, 330): 49, (342, 119): 98, (342, 316): 98, (344, 117): 392, (344, 316): 392, (347, 95): 392, (347, 335): 392, (348, 174): 392, (348, 255): 392, (349, 85): 196, (349, 343): 196, (350, 50): 392, (350, 377): 392, (357, 109): 392, (357, 311): 392, (358, 1): 392, (358, 29): 392, (359, 10): 28, (359, 19): 28, (360, 35): 98, (360, 382): 98, (362, 84): 98, (362, 331): 98, (365, 188): 49, (365, 224): 49, (366, 109): 196, (366, 302): 196, (367, 154): 392, (367, 256): 392, (368, 160): 392, (368, 249): 392, (369, 79): 392, (369, 329): 392, (373, 188): 7, (373, 216): 7, (374, 55): 196, (374, 348): 196, (375, 176): 28, (375, 226): 28, (377, 26): 49, (377, 374): 49, (380, 181): 56, (380, 216): 56, (381, 177): 392, (381, 219): 392, (383, 122): 98, (383, 272): 98, (384, 55): 196, (384, 338): 196, (386, 29): 392, (386, 362): 392}
 
397, 378, False, 21, 18
{'infinity': 1, (1, 64): 126, (1, 331): 126, (2, 121): 126, (2, 273): 126, (8, 169): 63, (8, 219): 63, (9, 155): 21, (9, 232): 21, (10, 17): 21, (10, 369): 21, (11, 90): 126, (11, 295): 126, (12, 105): 126, (12, 279): 126, (14, 173): 63, (14, 209): 63, (18, 379): 18, (18, 396): 18, (26, 165): 6, (26, 205): 6, (34, 55): 126, (34, 307): 126, (35, 149): 42, (35, 212): 42, (37, 72): 21, (37, 287): 21, (40, 47): 126, (40, 309): 126, (45, 80): 126, (45, 271): 126, (46, 169): 63, (46, 181): 63, (49, 65): 126, (49, 282): 126, (50, 46): 6, (50, 300): 6, (56, 28): 126, (56, 312): 126, (59, 44): 126, (59, 293): 126, (63, 121): 6, (63, 212): 6, (64, 160): 21, (64, 172): 21, (65, 126): 126, (65, 205): 126, (66, 1): 126, (66, 329): 126, (68, 56): 3, (68, 272): 3, (69, 334): 126, (69, 390): 126, (70, 40): 42, (70, 286): 42, (71, 134): 63, (71, 191): 63, (73, 79): 63, (73, 244): 63, (76, 107): 126, (76, 213): 126, (82, 63): 126, (82, 251): 126, (83, 42): 9, (83, 271): 9, (84, 152): 21, (84, 160): 21, (85, 75): 126, (85, 236): 126, (88, 25): 63, (88, 283): 63, (89, 68): 21, (89, 239): 21, (90, 143): 42, (90, 163): 42, (91, 106): 63, (91, 199): 63, (94, 59): 21, (94, 243): 21, (97, 52): 63, (97, 247): 63, (98, 77): 126, (98, 221): 126, (100, 24): 126, (100, 272): 126, (102, 298): 42, (102, 393): 42, (105, 125): 63, (105, 166): 63, (108, 334): 63, (108, 351): 63, (109, 298): 63, (109, 386): 63, (110, 296): 3, (110, 387): 3, (115, 99): 21, (115, 182): 21, (116, 323): 63, (116, 354): 63, (120, 78): 18, (120, 198): 18, (121, 34): 126, (121, 241): 126, (122, 34): 21, (122, 240): 21, (124, 290): 63, (124, 379): 63, (125, 11): 63, (125, 260): 63, (126, 94): 126, (126, 176): 126, (127, 280): 126, (127, 386): 126, (128, 111): 63, (128, 157): 63, (131, 98): 126, (131, 167): 126, (133, 41): 63, (133, 222): 63, (134, 94): 63, (134, 168): 63, (136, 17): 63, (136, 243): 63, (138, 94): 126, (138, 164): 126, (139, 293): 21, (139, 361): 21, (141, 69): 42, (141, 186): 42, (144, 282): 42, (144, 367): 42, (145, 4): 18, (145, 247): 18, (146, 31): 21, (146, 219): 21, (148, 300): 63, (148, 345): 63, (152, 12): 42, (152, 232): 42, (155, 34): 18, (155, 207): 18, (156, 247): 126, (156, 390): 126, (158, 83): 9, (158, 155): 9, (161, 51): 14, (161, 184): 14, (162, 245): 42, (162, 386): 42, (164, 237): 42, (164, 392): 42, (166, 288): 9, (166, 339): 9, (167, 248): 63, (167, 378): 63, (168, 243): 63, (168, 382): 63, (169, 46): 126, (169, 181): 126, (172, 284): 63, (172, 337): 63, (173, 230): 63, (173, 390): 63, (179, 46): 63, (179, 171): 63, (181, 61): 63, (181, 154): 63, (183, 32): 18, (183, 181): 18, (185, 22): 9, (185, 189): 9, (187, 298): 126, (187, 308): 126, (188, 281): 9, (188, 324): 9, (190, 87): 21, (190, 119): 21, (197, 266): 126, (197, 330): 126, (199, 58): 63, (199, 139): 63, (200, 293): 126, (200, 300): 126, (201, 211): 63, (201, 381): 63, (205, 282): 63, (205, 306): 63, (207, 269): 42, (207, 317): 42, (208, 257): 42, (208, 328): 42, (211, 187): 9, (211, 395): 9, (213, 192): 126, (213, 388): 126, (214, 215): 63, (214, 364): 63, (215, 289): 2, (217, 33): 126, (217, 146): 126, (218, 19): 21, (218, 159): 21, (221, 238): 126, (221, 334): 126, (223, 255): 126, (223, 315): 126, (224, 228): 9, (224, 341): 9, (225, 39): 7, (225, 132): 7, (229, 200): 3, (229, 364): 3, (230, 272): 126, (230, 291): 126, (231, 10): 63, (231, 155): 63, (232, 208): 42, (232, 353): 42, (233, 211): 18, (233, 349): 18, (235, 192): 18, (235, 366): 18, (237, 232): 42, (237, 324): 42, (239, 15): 126, (239, 142): 126, (241, 8): 63, (241, 147): 63, (243, 158): 42, (243, 392): 42, (244, 219): 63, (244, 330): 63, (245, 195): 63, (245, 353): 63, (247, 73): 14, (247, 76): 14, (249, 54): 63, (249, 93): 63, (250, 160): 21, (250, 383): 21, (251, 200): 63, (251, 342): 63, (252, 17): 9, (252, 127): 9, (256, 158): 126, (256, 379): 126, (269, 168): 126, (269, 356): 126, (270, 252): 126, (270, 271): 126, (272, 175): 63, (272, 346): 63, (276, 229): 42, (276, 288): 42, (279, 4): 7, (279, 113): 7, (281, 206): 14, (281, 306): 14, (282, 139): 21, (282, 372): 21, (284, 144): 21, (284, 365): 21, (286, 189): 18, (286, 318): 18, (287, 201): 42, (287, 305): 42, (288, 185): 21, (288, 320): 21, (289, 130): 126, (289, 374): 126, (290, 108): 63, (290, 395): 63, (291, 124): 63, (291, 378): 63, (294, 104): 21, (294, 395): 21, (295, 50): 126, (295, 51): 126, (296, 158): 63, (296, 339): 63, (298, 2): 63, (298, 96): 63, (300, 212): 21, (300, 281): 21, (306, 188): 63, (306, 299): 63, (307, 205): 63, (307, 281): 63, (309, 178): 126, (309, 306): 126, (310, 99): 126, (310, 384): 126, (313, 166): 42, (313, 314): 42, (314, 139): 63, (314, 340): 63, (315, 200): 63, (315, 278): 63, (316, 23): 42, (316, 57): 42, (318, 122): 126, (318, 353): 126, (319, 216): 21, (319, 258): 21, (324, 189): 6, (324, 280): 6, (328, 74): 42, (328, 391): 42, (329, 167): 42, (329, 297): 42, (330, 136): 126, (330, 327): 126, (333, 121): 63, (333, 339): 63, (335, 167): 63, (335, 291): 63, (336, 221): 9, (336, 236): 9, (337, 78): 21, (337, 378): 21, (338, 78): 126, (338, 377): 126, (339, 6): 63, (339, 51): 63, (342, 141): 63, (342, 310): 63, (344, 169): 63, (344, 280): 63, (345, 77): 126, (345, 371): 126, (346, 20): 63, (346, 30): 63, (347, 192): 7, (347, 254): 7, (348, 196): 126, (348, 249): 126, (349, 161): 42, (349, 283): 42, (350, 86): 18, (350, 357): 18, (352, 77): 63, (352, 364): 63, (353, 152): 126, (353, 288): 126, (354, 109): 126, (354, 330): 126, (358, 152): 126, (358, 283): 126, (361, 211): 42, (361, 221): 42, (367, 115): 126, (367, 311): 126, (370, 99): 126, (370, 324): 126, (371, 4): 126, (371, 21): 126, (374, 183): 42, (374, 236): 42, (375, 131): 21, (375, 287): 21, (377, 166): 126, (377, 250): 126, (378, 102): 63, (378, 313): 63, (383, 123): 21, (383, 287): 21, (387, 197): 63, (387, 209): 63, (388, 13): 3, (388, 392): 3, (390, 84): 126, (390, 319): 126, (391, 0): 63, (391, 5): 63, (392, 168): 42, (392, 233): 42, (394, 190): 21, (394, 209): 21}
 
